tier,tier_reason,context_name,issns,outcome,source_id,matched_ids,homepage_url,country_code,total_record_count
B,size_age_title,Revista Conjuntura Econômica,0010-5945,mint,7407065799,,https://bibliotecadigital.fgv.br/ojs/index.php/rce,BR,17980
B,size_age_title,Salão do Conhecimento,2318-2385,link_issnless_namesake,4306529062,4306529062,https://www.publicacoeseventos.unijui.edu.br/index.php/salaoconhecimento,BR,15074
B,size_age_title,eProceedings of Engineering,2355-9365,link_issnless_namesake,4306509624,4306509624,https://openlibrarypublications.telkomuniversity.ac.id/index.php/engineering,ID,10493
B,size_age_title,Ascendens Asia Journal of Multidisciplinary Research Abstracts,2591-7064,mint,7407065800,,https://ojs.aaresearchindex.com/index.php/AAJMRA,SG,9986
B,size_age_title,AgroANALYSIS,0100-4298,link_issnless_namesake,4306500999,4306500999,https://bibliotecadigital.fgv.br/ojs/index.php/agroanalysis,BR,9260
B,size_age_title,Jurnal Online Mahasiswa (JOM) Bidang Ilmu Sosial dan Ilmu Politik,2355-6919,link_issnless_namesake,4306516969,4306516969,https://jom.unri.ac.id/index.php/JOMFSIP,ID,9144
B,national_list,Jurnal Ilmiah Wahana Pendidikan,2622-8327,link_issnless_namesake,4306516776,4306516776,https://jurnal.peneliti.net/index.php/JIWP,ID,9061
B,size_age_title,Jurnal Online Mahasiswa (JOM) Bidang Keguruan dan Ilmu Pendidikan,2355-6897,link_issnless_namesake,4306516970,4306516970,https://jom.unri.ac.id/index.php/JOMFKIP,ID,8759
B,size_age_title_other_script,Наука и Образование,2658-5642,link_issnless_namesake,4306539653,4306539653,https://opusmgau.ru/index.php/see,RU,8460
B,size_age_title,"Seminário de Iniciação Científica e Seminário Integrado de Ensino, Pesquisa e Extensão (SIEPE)",2237-6593,mint,7407065801,,https://periodicos.unoesc.edu.br/siepe,BR,8338
B,size_age_title,"Seminário de Ensino, Pesquisa e Extensão da UFFS",2317-7489,mint,7407065802,,https://portaleventos.uffs.edu.br/index.php/SEPE-UFFS,BR,8207
B,size_age_title,Francia,0937-7743;2569-5452,link_issnless_namesake,4306510878,4306510878,https://journals.ub.uni-heidelberg.de/index.php/fr,DE,8157
B,size_age_title,eProceedings of Management,2355-9357,link_issnless_namesake,4306509625,4306509625,https://openlibrarypublications.telkomuniversity.ac.id/index.php/management,ID,7337
B,size_age_title,Cadernos de Agroecologia [Volumes 1 (2006) a 12 (2017)],2236-7934,mint,7407065803,,https://aba-agroecologia.org.br/revista/cad,BR,7100
B,size_age_title,Bonner Jahrbücher,2509-6141,mint,7407065804,,https://journals.ub.uni-heidelberg.de/index.php/bjb,DE,7031
B,size_age_title,Miasto Przyszłości,2544-980X,mint,7407065805,,https://miastoprzyszlosci.com.pl/index.php/mp,PL,6925
B,size_age_title_other_script,Постулат,2414-4487,link_issnless_namesake,4306539982,4306539982,https://e-postulat.ru/index.php/Postulat,RU,6903
B,size_age_title,Ethiopian International Journal of Multidisciplinary Research,2349-5707;2349-5715,mint,7407065806,,https://eijmr.org/index.php/eijmr,IN,6247
B,size_age_title,Galaxy International Interdisciplinary Research Journal,2347-6915,link_issnless_namesake,4306511073,4306511073,https://internationaljournals.co.in/index.php/giirj,IN,6150
B,size_age_title,Boletín Jurídico del Observatorio de Libertad Religiosa de América Latina y El Caribe,2452-5561,link_issnless_namesake,4306504794,4306504794,https://ijanr.cl/index.php/bjur,CL,6040
B,size_age_title,JournalNX - A Multidisciplinary Peer Reviewed Journal,2581-4230,link_issnless_namesake,4306515270,4306515270,https://repo.journalnx.com/index.php/nx,IN,5315
B,size_age_title,International Multidisciplinary Journal for Research & Development,2394-6334,mint,7407065807,,https://ijmrd.in/index.php/imjrd,IN,5283
B,size_age_title,Anais do Congresso Brasileiro de Custos - ABC,2358-856X,link_issnless_namesake,4306501743,4306501743,https://anaiscbc.emnuvens.com.br/anais,BR,5271
B,size_age_title_other_script,Молодежный инновационный вестник,2415-7805,link_issnless_namesake,4306539627,4306539627,https://new.vestnik-surgery.com/index.php/2415-7805,RU,5239
B,size_age_title,Multidisciplinary Journal of Science and Technology,2582-4686,mint,7407065808,,https://mjstjournal.com/index.php/mjst,IN,5196
B,size_age_title,Educational Research in Universal Sciences,2181-3515,mint,7407065809,,https://erus.uz/index.php/er,UZ,4859
B,size_age_title,Südasien,0933-5196;2749-0254,mint,7407065810,,https://hasp.ub.uni-heidelberg.de/journals/sasien,DE,4820
B,size_age_title,Dansk Varemærketidende,0903-8809;1602-6683,mint,7407065811,,http://www.soundeffects.dk/index.php/registreringstidende-varemaerker,DK,4770
B,size_age_title,International journal of scientific researchers ( IJSR ) INDEXING,3030-332X,mint,7407065812,,https://worldlyjournals.com/index.php/IJSR,UZ,4716
B,size_age_title,Hechos y Derechos,2448-4725,link_issnless_namesake,4306511990,4306511990,https://ijpc245.juridicas.unam.mx/index.php/hechos-y-derechos,MX,4658
B,size_age_title,A Defesa Nacional,0011-7641,link_issnless_namesake,4306500694,4306500694,https://decex.nucleoead.net/ebrevistas22/ADN,,4577
B,size_age_title,Eesti Arst,0235-8026;2228-1665,held_name_issnless,,4306508915,https://ojs.utlib.ee/index.php/EA,EE,4566
B,size_age_title,Opción,1012-1587;2477-9385,held_name_issnless,,4306521519,https://produccioncientificaluz.org/index.php/opcion,VE,4167
B,size_age_title,Journal of Applied Science and Social Science,2229-3205;2229-3213,mint,7407065813,,https://www.internationaljournal.co.in/index.php/jasass,IN,4102
B,size_age_title,Anais do EVINCI - UniBrasil,2525-5126,link_issnless_namesake,4306501773,4306501773,https://portaldeperiodicos.unibrasil.com.br/index.php/anaisevinci,BR,4032
B,size_age_title,Tidsskrift for Landøkonomi,0040-7119;2596-4755,mint,7407065814,,https://tidsskrift.dk/tidsskriftlandoekonomi,DK,3964
B,size_age_title,Interpretation and researches,2181-4163,mint,7407065815,,https://interpretationandresearches.uz/index.php/iar,UZ,3885
B,size_age_title,Nachrichten aus Niedersachsens Urgeschichte,2568-0161,link_issnless_namesake,4306520428,4306520428,https://journals.ub.uni-heidelberg.de/index.php/nnu,DE,3873
B,size_age_title,südostasien – Zeitschrift für Politik • Kultur • Dialog,1434-7067;2625-5391,link_issnless_namesake,4306531274,4306531274,https://hasp.ub.uni-heidelberg.de/journals/soa,DE,3797
B,size_age_title,International Journal of Mathematical Archive,2229-5046,link_issnless_namesake,2765050259,2765050259,https://ijma.info/index.php/ijma,IN,3679
B,size_age_title,TA'LIM VA RIVOJLANISH TAHLILI ONLAYN ILMIY JURNALI,2181-2624,mint,7407065816,,https://scienceboxuz.uz/index.php/ajed,UZ,3650
B,size_age_title_other_script,Атомная энергия,0004-7163,mint,7407065817,,http://app.j-atomicenergy.ru/index.php/ae,RU,3646
B,size_age_title_other_script,مجلة ديالى للبحوث الانسانية,2957-3807;2957-5699,mint,7407065818,,https://djhr.uodiyala.edu.iq/index.php/DJHR2022,IQ,3591
B,size_age_title,Science and Education,2181-0842,mint_name_twin,7407065819,4210168526;5407049189;4210167823,https://openscience.uz/index.php/sciedu,UZ,3337
B,size_age_title,"Anais do Congresso de Ensino, Pesquisa e Extensão da UEG (CEPE) (ISSN 2447-8687)",2447-8687,link_issnless_namesake,4306501751,4306501751,https://www.anais.ueg.br/index.php/cepe,BR,3334
B,size_age_title,BARQARORLIK VA YETAKCHI TADQIQOTLAR ONLAYN ILMIY JURNALI,2181-2608,mint,7407065820,,https://scienceboxuz.uz/index.php/jars,UZ,3229
B,size_age_title,ABDIMA JURNAL PENGABDIAN MAHASISWA,2962-9357;2962-9942,mint,7407065821,,https://journal.ubpkarawang.ac.id/index.php/AJPM,ID,3220
B,size_age_title,E-JRM : Elektronik Jurnal Riset Manajemen,2302-6200,mint,7407065822,,https://jim.unisma.ac.id/index.php/jrm,ID,3165
B,size_age_title,Prosiding University Research Colloquium,2407-9189;2621-0584,mint,7407065823,,https://repository.urecol.org/index.php/proceeding,ID,3132
B,size_age_title,Talqin va tadqiqotlar,2181-3035,mint,7407065824,,https://talqinvatadqiqotlar.uz/index.php/tvt,UZ,3085
B,size_age_title,Educação e Matemática,0871-7222;2795-4730,link_issnless_namesake,4306508776,4306508776,https://em.apm.pt/index.php/em,PT,3001
B,size_age_title,"American Journal of Language, Literacy and Learning in STEM Education (2993-2769)",2993-2769,mint,7407065825,,https://grnjournal.us/index.php/STEM,US,2940
B,size_age_title_other_script,نشریه علمی رویکردهای پژوهشی نوین مدیریت و حسابداری,2588-4573,mint,7407065826,,https://majournal.ir/index.php/ma,IR,2781
B,size_age_title,Maliki Interdisciplinary Journal,3024-8140,mint,7407065827,,https://urj.uin-malang.ac.id/index.php/mij,ID,2739
B,size_age_title,Journal of MCU Nakhondhat,3027-8597,mint,7407065828,,https://so03.tci-thaijo.org/index.php/JMND,TH,2687
B,size_age_title,International Engineering Journal For Research & Development,2349-0721,link_issnless_namesake,4306513850,4306513850,https://iejrd.com/index.php/iejrd,IN,2683
B,size_age_title,EUROPEAN JOURNAL OF INNOVATION IN NONFORMAL EDUCATION,2795-8612,mint,7407065829,,https://inovatus.es/index.php/ejine,BE,2564
B,size_age_title,LEX CRIMEN,2301-8569,link_issnless_namesake,4306518599,4306518599,https://ejournal.unsrat.ac.id/index.php/lexcrimen,ID,2564
B,size_age_title,REVISTA PROGRAMA A UNIÃO FAZ A VIDA_____________________________________________________________________________________________________________,2527-130X,mint,7407065830,,https://revistaauniaofazavida.emnuvens.com.br/rufv,BR,2554
B,size_age_title,Jurnal Manajemen dan Bisnis,2337-5523,mint_name_twin,7407065831,4210238239;4210198129;4210182428;4390648366;4210193081;4387291072;5407053082;4210213156;4220651529;4394736018;4404676489,https://ejournal.fekon-unima.ac.id/index.php/JAK,ID,2547
B,size_age_title,Espacio Diseño,2448-8429,mint,7407065832,,https://espaciodisenoojs.xoc.uam.mx/index.php/espaciodiseno,MX,2536
B,size_age_title,Journal of Roi Kaensarn Academi,2697-5033,mint,7407065833,,https://so02.tci-thaijo.org/index.php/JRKSA,TH,2506
B,size_age_title,Jurnal Rekayasa dan Manajemen Sistem Industri,2355-2166,link_issnless_namesake,4306517092,4306517092,https://jrmsi.studentjournal.ub.ac.id/index.php/jrmsi,ID,2447
B,size_age_title,Revista Mexicana de Política Exterior,0185-6022;2594-2441,link_issnless_namesake,4306527752,4306527752,https://re.sre.gob.mx/rmpe/index.php/rmpe,MX,2417
B,size_age_title,Journal of Science-Innovative Research in Uzbekistan,2992-8869,mint,7407065834,,https://universalpublishings.com/index.php/jsiru,UZ,2384
B,size_age_title,Excellencia: International Multi-disciplinary Journal of Education (2994-9521),2994-9521,mint,7407065835,,https://multijournals.org/index.php/excellencia-imje,US,2334
B,size_age_title,Boletín del Archivo General de la Nación,3061-8800;3061-8819,held_name_issnless,,4306504694;4210218094,https://bagn.archivos.gob.mx/index.php/legajos,MX,2322
B,size_age_title,Congresso Internacional em Saúde,2317-9449,mint,7407065836,,https://www.publicacoeseventos.unijui.edu.br/index.php/conintsau,BR,2290
B,size_age_title,JORNADA DE INICIAÇÃO CIENTÍFICA E TECNOLÓGICA,2526-205X,mint,7407065837,,https://portaleventos.uffs.edu.br/index.php/JORNADA,BR,2281
B,size_age_title,UNISAN JURNAL,2964-013X;2964-1748,mint,7407065838,,https://journal.an-nur.ac.id/index.php/unisanjournal,ID,2265
B,size_age_title,Intertem@s ISSN 1677-1281 DIREITO,1677-1281,mint,7407065839,,http://intertemas.toledoprudente.edu.br/index.php/Direito,BR,2223
B,size_age_title,LEX PRIVATUM,2337-4942,mint,7407065840,,https://ejournal.unsrat.ac.id/index.php/lexprivatum,ID,2185
B,size_age_title,"American Scientific Research Journal for Engineering, Technology, and Sciences",2313-4402;2313-4410,mint,7407065841,,https://asrjetsjournal.org/index.php/American_Scientific_Journal,US,2118
B,national_list,Journal of The Royal Thai Army Nurses,2985-1041,mint,7407065842,,https://he01.tci-thaijo.org/index.php/JRTAN,TH,2117
B,size_age_title_other_script,Журнал гуманитарных и естественных наук,2181-4007,mint,7407065843,,https://journals.tnmu.uz/index.php/gtfj,UZ,2062
B,size_age_title,Novi Muallim,1512-6560;2566-3208,link_issnless_namesake,4306521081,4306521081,https://ilmijja.ba/ojs/index.php/casopis1,BA,2048
B,size_age_title,Educere,1316-4910,mint_name_twin,7407065844,4210222393,http://erevistas.saber.ula.ve/index.php/educere,VE,2042
B,national_list,Journal of MCU Peace Studies,2287-0962;2985-1556,mint,7407065845,,https://so03.tci-thaijo.org/index.php/journal-peace,TH,2039
B,size_age_title,Hojas Universitarias,0120-1301,mint,7407065846,,https://revistas.ucentral.edu.co/index.php/hojasUniv,CO,2019
B,size_age_title,jcyxlt,2705-1307,mint,7407065847,,https://newcn.acad-pub.com/index.php/jcyxlt,SG,1975
B,size_age_title,Lucrări Științifice Management Agricol,1453-1410;2069-2307,mint,7407065848,,https://www.lsma.ro/index.php/lsma,RO,1973
B,national_list,Journal of MCU Social Science Review,2985-1319;2985-1335,mint,7407065849,,https://so03.tci-thaijo.org/index.php/jssr,TH,1965
B,size_age_title,Prosiding Seminar Nasional Hasil Pelaksanaan Program Pengenalan Lapangan Persekolahan,2964-1888,mint,7407065850,,http://seminar.uad.ac.id/index.php/semhasmengajar,ID,1962
B,national_list,SUTHIPARITHAT JOURNAL,2730-2709;2730-2717,mint,7407065851,,https://so05.tci-thaijo.org/index.php/DPUSuthiparithatJournal,TH,1954
B,size_age_title,European Journal of Interdisciplinary Research and Development,2720-5746,mint,7407065852,,https://ejird.journalspark.org/index.php/ejird,PL,1952
B,size_age_title,17º Congresso de Cadastro Multifinalitário e Gestão Territorial,2966-4578,mint,7407065853,,https://ojs.sites.ufsc.br/index.php/cobrac,BR,1945
B,size_age_title,Avances en Energías Renovables y Medio Ambiente - AVERMA,2314-1433;2796-8111,mint,7407065854,,https://portalderevistas.unsa.edu.ar/index.php/averma,AR,1908
B,size_age_title,Jahresschrift für mitteldeutsche Vorgeschichte,0075-2932;2626-4234,link_issnless_namesake,4306514803,4306514803,https://journals.ub.uni-heidelberg.de/index.php/jsmv,DE,1888
B,size_age_title,Vorträge und Forschungen,0452-490X;2363-8664,link_issnless_namesake,4306534562,4306534562,https://journals.ub.uni-heidelberg.de/index.php/vuf,DE,1888
B,size_age_title,Migration-Muuttoliike,2814-6190,mint,7407065855,,https://journal.fi/siirtolaisuus-migration,FI,1887
B,size_age_title,African Scientific Journal,2658-9311,mint,7407065856,,https://africanscientificjournal.com/index.php/AfricanScientificJournal,MA,1861
B,size_age_title,Anais do Encontro Internacional e Nacional de Política Social,2175-098X,link_issnless_namesake,4306501770,4306501770,https://periodicos.ufes.br/einps,BR,1823
B,size_age_title_other_script,Хімічні проблеми сьогодення,2708-0536;2708-0544,link_issnless_namesake,4306540565,4306540565,,UA,1807
B,size_age_title,Revue Française d'Economie et de Gestion,2728-0128,mint,7407065857,,https://revuefreg.fr/index.php/home,FR,1794
B,national_list,Region 4-5 Medical Journal,0125-7323;2697-4819,mint,7407065858,,https://he02.tci-thaijo.org/index.php/reg45,TH,1785
B,size_age_title,Mostra Interativa da Produção Estudantil em Educação Científica e Tecnológica,2594-4150,link_issnless_namesake,4306520268,4306520268,https://www.publicacoeseventos.unijui.edu.br/index.php/moeducitec,BR,1775
B,size_age_title,“Qurilish va ta'lim” ilmiy jurnali,2181-3779,mint,7407065859,,https://qurilishtalim.uz/index.php/1,UZ,1770
B,size_age_title,Research Journal of Trauma and Disability Studies,2720-6866,mint,7407065860,,https://journals.academiczones.net/index.php/rjtds,,1744
B,size_age_title,Anales de la Educación Común,2451-5329,mint,7407065861,,https://cendie.abc.gob.ar/revistas/index.php/revistaanales,AR,1732
B,size_age_title,Anuário Pesquisa e Extensão Unoesc São Miguel do Oeste,2525-6556,link_issnless_namesake,4306502537,4306502537,https://periodicos.unoesc.edu.br/apeusmo,BR,1725
B,size_age_title,Harf-o-Sukhan,2709-4022;2709-4030,mint,7407065862,,https://harf-o-sukhan.com/index.php/Harf-o-sukhan,PK,1718
B,size_age_title,Theologische Revue,2699-5433,held_name_issnless,,4306532607,https://www.uni-muenster.de/Ejournals/index.php/thrv,DE,1712
B,size_age_title,Aula Urbana,0123-4242;2745-200X,mint,7407065863,,https://revistas.idep.edu.co/index.php/mau,CO,1711
B,size_age_title,Web of Teachers: Inderscience Research,2938-379X,mint,7407065864,,https://webofjournals.com/index.php/1,ES,1692
B,size_age_title,Revue Internationale des Sciences de Gestion,2665-7473,link_issnless_namesake,4306528406,4306528406,https://www.revue-isg.com/index.php/home,MA,1691
B,size_age_title,"Medellín. Biblia, Teología y Pastoral para América Latina y El Caribe",0121-4977,link_issnless_namesake,4306519452,4306519452,http://revistas.celam.org/index.php/medellin,,1663
B,size_age_title,"Encontro de Extensão, Docência e Iniciação Científica (EEDIC)",2446-6042,link_issnless_namesake,4306509282,4306509282,https://publicacoes.unicatolicaquixada.edu.br/index.php/eedic,BR,1652
B,size_age_title,American Journal of Interdisciplinary Research and Development,2771-8948,mint,7407065865,,https://ajird.journalspark.org/index.php/ajird,US,1629
B,size_age_title,"JOURNAL OF EDUCATION, ETHICS AND VALUE",2181-4392,mint,7407065866,,https://jeev.innovascience.uz/index.php/jeev,UZ,1620
B,size_age_title,Social Innovations Journal,2692-2053,link_issnless_namesake,4306530275,4306530275,https://journals.publicknowledgeproject.org/default/index.php/sij,US,1616
B,size_age_title,Revista Española de Física,0213-862X,link_issnless_namesake,4306527296,4306527296,https://revistadefisica.acentoweb.com/index.php/ref,ES,1594
B,size_age_title,Revista Marítima Brasileira,0034-9860,link_issnless_namesake,4306527676,4306527676,https://portaldeperiodicos.marinha.mil.br/index.php/revistamaritima,BR,1585
B,national_list,Journal of Environmental Education Medical and Health,3027-866X;3027-8678,mint,7407065867,,https://so06.tci-thaijo.org/index.php/hej,TH,1570
B,size_age_title,International Journal of Mathematics And its Applications,2347-1557,mint,7407065868,,https://ijmaa.in/index.php/ijmaa,IN,1564
B,size_age_title,Revista Thêma et Scientia,2237-793X;2237-843X,link_issnless_namesake,4306527990,4306527990,https://themaetscientia.fag.edu.br/index.php/RTES,BR,1555
B,size_age_title,Simpósio de Práticas Pedagógicas do UGB,2317-5974,mint,7407065869,,https://revista.ugb.edu.br/simposio,BR,1548
B,size_age_title_other_script,Электрические станции,0201-4564,link_issnless_namesake,4306540643,4306540643,http://elst.energy-journals.ru/index.php/elst,RU,1547
B,size_age_title,"Web of Medicine: Journal of Medicine, Practice and Nursing",2938-3765,mint,7407065870,,https://webofjournals.com/index.php/5,ES,1546
B,size_age_title,American Journal of Pediatric Medicine and Health Sciences (2993-2149),2993-2149,mint,7407065871,,https://grnjournal.us/index.php/AJPMHS,US,1516
B,size_age_title,Reflections: Narratives of Professional Helping,1080-0220,mint,7407065872,,https://reflectionsnarrativesofprofessionalhelping.org/index.php/Reflections,US,1516
B,size_age_title,IJTIMOIY FANLARDA INNOVATSIYA ONLAYN ILMIY JURNALI,2181-2594,mint,7407065873,,https://scienceboxuz.uz/index.php/jis,UZ,1511
B,size_age_title_other_script,Промышленная энергетика,0033-1155,link_issnless_namesake,4306540062,4306540062,http://www.promen.energy-journals.ru/index.php/PROMEN,RU,1496
B,size_age_title,"Proceeding Biology Education Conference: Biology, Science, Enviromental, and Learning",2528-5742,mint_name_twin_not_journal,7407065874,4306523272,https://jurnal.uns.ac.id/prosbi,ID,1490
B,size_age_title,Zeszyty Formacji Katechetów,1642-090X;2658-0268,link_issnless_namesake,4306535702,4306535702,https://zfk.diecezja.radom.pl/index.php/zfk,PL,1490
B,size_age_title,"Science Shine"" International scientific journal",3030-377X,mint,7407065875,,https://science-shine.uz/index.php/ilmnuri,UZ,1488
B,size_age_title,Diario de Campo,2007-6851,link_issnless_namesake,4306507961,4306507961,https://revistas.inah.gob.mx/index.php/diariodecampo,MX,1485
B,size_age_title,Anais Colóquio Estadual de Pesquisa Multidisciplinar (ISSN-2527-2500),2527-2500,mint,7407065876,,https://publicacoes.unifimes.edu.br/index.php/coloquio,BR,1482
B,size_age_title,Revista Terra & Cultura: Cadernos de Ensino e Pesquisa,0104-8112;2596-2809,link_issnless_namesake,4306527989,4306527989,http://periodicos.unifil.br/index.php/Revistateste,BR,1479
B,size_age_title,Amministrativ@mente - Rivista di ateneo dell’Università degli Studi di Roma “Foro Italico”,2036-7821,link_issnless_namesake,4306501645,4306501645,https://www.amministrativamente.com/index.php/formez,IT,1479
B,size_age_title,Jornada de Iniciação Científica e Extensão,2447-7435,mint_name_twin,7407065877,4306515148,https://periodicos.ifsertao-pe.edu.br/ojs2/index.php/jince,BR,1468
B,size_age_title,Revista Cubana de Alimentación y Nutrición,1561-2929,link_issnless_namesake,4306526417,4306526417,https://revalnutricion.sld.cu/index.php/rcan,CU,1468
B,size_age_title,"Fórum de Integração Ensino, Pesquisa, Extensão e Inovação Tecnológica do IFRR - e-ISSN 2447-1208",2447-1208,link_issnless_namesake,4306510793,4306510793,https://periodicos.ifrr.edu.br/index.php/anais_forint,BR,1458
B,size_age_title,Fundberichte aus Baden-Württemberg,0071-9897;2365-2853,link_issnless_namesake,4306511001,4306511001,https://journals.ub.uni-heidelberg.de/index.php/fbbw,DE,1455
B,size_age_title,Antropología. Revista interdisciplinaria del INAH,2683-3069,link_issnless_namesake,4306502416,4306502416,https://revistas.inah.gob.mx/index.php/antropologia,MX,1455
B,size_age_title,ANAIS DO SEMEX,2177-904X,link_issnless_namesake,4306501798,4306501798,https://anaisonline.uems.br/index.php/semex,BR,1452
B,size_age_title,World Bulletin of Public Health,2749-3644,mint,7407065878,,https://scholarexpress.net/index.php/wbph,DE,1449
B,national_list,Nursing Journal CMU,2821-9120;2821-9139,mint,7407065879,,https://he02.tci-thaijo.org/index.php/cmunursing,TH,1419
B,size_age_title,Journal of Education-Health and Environmental Management,3088-358X,mint,7407065880,,https://he03.tci-thaijo.org/index.php/ech,,1417
B,size_age_title,Jurnal Administrasi Publik,2503-3867;2549-7456,mint_name_twin,7407065881,7407053766;4210205005;4387291900;4210235699,https://administrasipublik.studentjournal.ub.ac.id/index.php/jap,ID,1406
B,size_age_title,Journal of Higher Education Outreach and Engagement,2164-8212,enrich,142940729,,http://tme.journals.libs.uga.edu/index.php/jheoe,US,1392
B,size_age_title,International Journal of Integrative and Modern Medicine,2995-5319,mint,7407065882,,https://medicaljournals.eu/index.php/IJIMM,US,1389
B,size_age_title,Journal of Intellectual Property and Human Rights,2720-6882,mint,7407065883,,https://journals.academiczones.net/index.php/jiphr,,1379
B,size_age_title,Revue Internationale de la Recherche Scientifique (Revue-IRS),2958-8413,mint,7407065884,,https://www.revue-irs.com/index.php/home,,1377
B,size_age_title,FKW // Zeitschrift für Geschlechterforschung und visuelle Kultur,0935-6967;2197-6910,link_issnless_namesake,4306510581,4306510581,https://www.fkw-journal.de/index.php/fkw,DE,1367
B,size_age_title,Espacio Abierto,1315-0006;2477-9601,held_name_issnless,,4306509761;4306509760,https://produccioncientificaluz.org/index.php/espacio,VE,1358
B,size_age_title,Triwikrama: Jurnal Ilmu Sosial,2988-1986,mint,7407065885,,https://jurnalcib.com/index.php/triwikrama,,1353
B,national_list,Journal of Buddhist Anthropology,2985-086X,mint,7407065886,,https://so04.tci-thaijo.org/index.php/JSBA,TH,1346
B,national_list,Rajabhat Maha Sarakham University Journal,3027-8635,mint,7407065887,,https://so05.tci-thaijo.org/index.php/rmuj,TH,1340
B,size_age_title_other_script,教学方法创新与实践· 科研学术探究,2811-0080,mint,7407065888,,https://ojs.s-p.sg/index.php/iptm,SG,1334
B,size_age_title,Análisis de la Realidad Nacional,2227-9113;2308-0779,mint,7407065889,,https://revistasguatemala.usac.edu.gt/index.php/IPNUSAC,GT,1325
B,size_age_title_other_script,الإحياء,1112-4350;2588-2406,link_issnless_namesake,4306536364,4306536364,https://journals.univ-batna.dz/index.php/elihyaa,DZ,1319
B,size_age_title,World Bulletin of Social Sciences,2749-361X,mint,7407065890,,https://scholarexpress.net/index.php/wbss,DE,1315
B,size_age_title_other_script,Научный вестник Крыма,2499-9911,link_issnless_namesake,4306539772,4306539772,https://nvk-journal.ru/index.php/NVK,RU,1314
B,size_age_title,Seminário Internacional sobre Desenvolvimento Regional,2447-4622,mint,7407065891,,https://online.unisc.br/acadnet/anais/index.php/sidr,BR,1313
B,national_list,Journal of Social Science and Cultural,2697-6269;2730-1362,mint,7407065892,,https://so06.tci-thaijo.org/index.php/JSC,TH,1313
B,size_age_title,World Economics and Finance Bulletin,2749-3628,mint,7407065893,,https://scholarexpress.net/index.php/wefb,DE,1300
B,size_age_title,Boletín de Información Clínica,0188-4883,mint,7407065894,,https://biclin.mx/index.php/informacion_clinica,MX,1296
B,national_list,Thai Science and Technology Journal,3027-6365,mint,7407065895,,https://li01.tci-thaijo.org/index.php/tstj,TH,1291
B,size_age_title,Anais do UNIC - Congresso Regional de Práticas Investigativas,2965-842X,mint,7407065896,,https://periodicos.unifev.edu.br/index.php/unic,BR,1288
B,size_age_title,Anais do Simpósio Brasileiro de Sistemas de Informação (SBSI),3086-4836,link_issnless_namesake,4306501814,4306501814,https://sol.sbc.org.br/index.php/sbsi,BR,1285
B,size_age_title,European Journal of Humanities and Educational Advancements,2660-5589,mint,7407065897,,https://scholarzest.com/index.php/ejhea,ES,1282
B,national_list,Journal of Agricultural Research and Communications,3057-1022,mint,7407065898,,https://li01.tci-thaijo.org/index.php/joacmu,TH,1253
B,size_age_title,"Spectrum Journal of Innovation, Reforms and Development",2751-1731,mint,7407065899,,https://sjird.journalspark.org/index.php/sjird,DE,1251
B,size_age_title,Archäologie in Westfalen-Lippe,2191-1207;2366-3472,link_issnless_namesake,4306502741,4306502741,https://journals.ub.uni-heidelberg.de/index.php/aiw,DE,1251
B,size_age_title,European Scholar Journal,2660-5562,mint,7407065900,,https://scholarzest.com/index.php/esj,ES,1250
B,national_list,Rajapark Journal,3057-1324,mint,7407065901,,https://so05.tci-thaijo.org/index.php/RJPJ,TH,1249
B,size_age_title,EKUIVALEN - Pendidikan Matematika,2337-4411,link_issnless_namesake,4306509052,4306509052,http://ejournal.umpwr.ac.id/index.php/ekuivalen,ID,1235
B,size_age_title,"Anais da Mostra de Extensão, Inovação e Pesquisa",2359-2249,link_issnless_namesake,4306501701,4306501701,http://revistas.poli.br/index.php/anais,BR,1234
B,size_age_title,Ecclesia,2612-5153,link_issnless_namesake,4306508558,4306508558,https://riviste.upra.org/index.php/ecclesia,IT,1232
B,size_age_title,Archäologie im Rheinland,0935-9141;2699-500X,mint,7407065902,,https://journals.ub.uni-heidelberg.de/index.php/air,DE,1231
B,size_age_title,INTERNATIONAL JOURNAL OF RECENTLY SCIENTIFIC RESEARCHER'S THEORY,2992-8885,mint,7407065903,,https://uzresearchers.com/index.php/ijrs,UZ,1230
B,size_age_title_other_script,Международный журнал информационных технологий и энергоэффективности,2500-1752,mint,7407065904,,http://openaccessscience.ru/index.php/ijcse,RU,1224
B,size_age_title,Prosiding Seminar Nasional Pendidikan Profesi Guru,3032-4939,mint,7407065905,,https://conference.upgris.ac.id/index.php/psnppg,ID,1218
B,national_list,Journal of Nursing and Therapeutic Care,2985-1432,mint,7407065906,,https://he01.tci-thaijo.org/index.php/jnat-ned,TH,1212
B,national_list,"Journal of Education Studies, Chulalongkorn University",3057-1642,mint,7407065907,,https://so02.tci-thaijo.org/index.php/EDUCU,,1212
B,size_age_title,Revue Internationale du chercheur,2726-5889,mint,7407065908,,https://revuechercheur.com/index.php/home,FR,1209
B,national_list,An Online Journal of Education,1905-4491,mint,7407065909,,https://so01.tci-thaijo.org/index.php/OJED,TH,1209
B,size_age_title,"Hombre, Ciencia y Tecnologí­a",1028-0871,mint,7407065910,,http://hct.cigetgtmo.co.cu/revistahct/index.php/htc,CU,1208
B,size_age_title,Jurnal Berkala Ilmiah Efisiensi,0853-6708,link_issnless_namesake,4306516604,4306516604,https://ejournal.unsrat.ac.id/index.php/jbie,ID,1208
B,size_age_title,Anais do Seminário de Iniciação Científica e Tecnológica do IFG,2318-1974,mint,7407065911,,https://periodicos.ifg.edu.br/index.php/sicti,BR,1205
B,size_age_title,OKTAL : Jurnal Ilmu Komputer dan Sains,2828-2442,mint,7407065912,,https://journal.mediapublikasi.id/index.php/oktal,ID,1196
B,size_age_title,Journal of Innovation and Learning Sciences,3088-201X,mint,7407065913,,https://so02.tci-thaijo.org/index.php/EDGKKUJ,TH,1191
B,size_age_title,Vidyapith (વિદ્યાપીઠ),0976-5794,mint,7407065914,,https://journal.gujaratvidyapith.org/index.php/vp,,1187
B,size_age_title,Mitteilungen der Deutschen Gesellschaft für Archäologie des Mittelalters und der Neuzeit,1619-1439;1619-1471,link_issnless_namesake,4306520049,4306520049,https://journals.ub.uni-heidelberg.de/index.php/mitt-dgamn,DE,1182
B,size_age_title_other_script,"ПЕДАГОГИЧЕСКАЯ АКМЕОЛОГИЯ"" международный научно-методический журнал",2181-3787;2181-3795,mint,7407065915,,http://paresearchjournal.uz/index.php/journal,UZ,1179
B,national_list,Journal of Thai Traditional and Alternative Medicine,1685-991X,mint,7407065916,,https://he01.tci-thaijo.org/index.php/JTTAM,TH,1178
B,size_age_title,"Anais do Congresso de Iniciação Científica, Desenvolvimento Tecnológico e Inovação da Universidade Federal de Campina Grande",2177-112X,mint,7407065917,,https://revistas.editora.ufcg.edu.br/index.php/cicufcg,BR,1176
B,national_list,Dhammathas Academic Journal,1513-5845;2697-6676,mint,7407065918,,https://so06.tci-thaijo.org/index.php/dhammathas,TH,1176
B,size_age_title,Proceeding of International Conference Sustainable Competitive Advantage,3026-5479,mint,7407065919,,http://jp.feb.unsoed.ac.id/index.php/sca-1,ID,1170
B,size_age_title,Kertha Wicara : Journal Ilmu Hukum,2303-0550,mint,7407065920,,https://ojs.unud.ac.id/index.php/kerthawicara,ID,1164
B,size_age_title,American Journal of Pedagogical and Educational Research,2832-9791,mint,7407065921,,https://americanjournal.org/index.php/ajper,US,1162
B,size_age_title,Mitteilungen der Gesellschaft für Didaktik der Mathematik,0722-7817;2512-9155,link_issnless_namesake,4306520053,4306520053,https://ojs.didaktik-der-mathematik.de/index.php/mgdm,DE,1158
B,national_list,Journal of Graduate School Sakon Nakhon Rajabhat University,2697-3855;2774-0420,mint,7407065922,,https://so02.tci-thaijo.org/index.php/SNGSJ,TH,1157
B,size_age_title,Caderno Impacto em Extensão,2965-3002,mint,7407065923,,https://revistas.editora.ufcg.edu.br/index.php/cite,BR,1154
B,national_list,Journal of Mani Chettha Ram Wat Chommani,2774-0455;2774-0978,mint,7407065924,,https://so07.tci-thaijo.org/index.php/JMCR,TH,1154
B,size_age_title,Proceedings of Sinn und Bedeutung,2629-6055,link_issnless_namesake,4306523482,4306523482,https://ojs.ub.uni-konstanz.de/sub/index.php/sub,DE,1139
B,size_age_title,Jurnal Penelitian Pendidikan Khusus,2622-5077,link_issnless_namesake,4306517042,4306517042,http://ejournal.unp.ac.id/index.php/jupekhu,ID,1138
B,size_age_title,Pakistan Journal of Social Sciences,2074-2061;2708-4175,mint_name_twin,7407065925,4210189587,https://pjss.bzu.edu.pk/index.php/pjss,PK,1135
B,size_age_title,Scottish Historical and Archaeological Internet Reports,2979-1170,mint,7407065926,,https://journals.socantscot.org/index.php/shair,GB,1129
B,size_age_title,BIBLIOPOLIS,1811-900X;2587-3113,mint,7407065927,,https://bibliopolis.hasdeu.md/index.php/bibliopolis,MD,1126
B,size_age_title,Journal of Innovation in Education and Social Research,2992-894X,mint,7407065928,,https://journals.proindex.uz/index.php/jiesr,UZ,1126
B,size_age_title,International Journal of Life Sciences,2320-7817;2320-964X,mint_name_twin,7407065929,46568286;4394736633,https://ijlsci.in/ls/index.php/home,IN,1117
B,size_age_title,American Journal of Public Diplomacy and International Studies (2993-2157),2993-2157,mint,7407065930,,https://grnjournal.us/index.php/AJPDIS,US,1116
B,size_age_title,JURNAL PEMIKIRAN DAN PENGEMBANGAN PEMBELAJARAN,2684-8384;2684-9860,mint,7407065931,,https://www.ejournal-jp3.com/index.php/Pendidikan,ID,1111
B,size_age_title,Northridge Review,1092-969X;3067-5642,mint,7407065932,,https://journals.calstate.edu/nr,US,1107
B,size_age_title,"International Journal of Accounting, Finance and Business",0128-1844,mint,7407065933,,https://academicinspired.com/index.php/ijafb,MY,1106
B,size_age_title,Tạp chí Khoa học thể thao,1859-4662,mint,7407065934,,https://vjol.info.vn/index.php/tckhthethao,VN,1102
B,size_age_title,Jurnal Gembira: Pengabdian Kepada Masyarakat,2985-3346,mint,7407065935,,https://gembirapkm.my.id/index.php/jurnal,ID,1094
B,size_age_title,Revista InveCom / ISSN en línea: 2739-0063,2739-0063,mint,7407065936,,https://revistainvecom.org/index.php/invecom,VE,1094
B,size_age_title,"HUMANIS (Humanities, Management and Science Proceedings)",2746-2250;2746-4482,mint,7407065937,,https://openjournal.unpam.ac.id/index.php/SNH,ID,1092
B,size_age_title,JRIIN :Jurnal Riset Informatika dan Inovasi,3025-0919,mint,7407065938,,https://jurnalmahasiswa.com/index.php/jriin,ID,1089
B,size_age_title,International Bulletin of Engineering and Technology,2770-9124,mint,7407065939,,https://internationalbulletins.com/intjour/index.php/ibet,US,1080
B,size_age_title,AMMA : Jurnal Pengabdian Masyarakat,2828-6634,mint,7407065940,,https://journal.mediapublikasi.id/index.php/amma,ID,1073
B,national_list,Thai Agricultural Research Journal,3027-7264;3027-7272,mint,7407065941,,https://li01.tci-thaijo.org/index.php/thaiagriculturalresearch,TH,1071
B,size_age_title,TRAMAS. Subjetividad y procesos sociales,3061-8924;3122-4245,mint_name_twin,7407065942,4306533136,https://tramas.xoc.uam.mx/index.php/tramas,MX,1069
B,national_list,MEDICAL JOURNAL OF SISAKET SURIN BURIRAM HOSPITALS,0857-2895;2730-2687,mint,7407065943,,https://he02.tci-thaijo.org/index.php/MJSSBH,TH,1069
B,national_list,Journal of Nursing Science and Health,2822-1133,mint,7407065944,,https://he01.tci-thaijo.org/index.php/nah,TH,1060
B,size_age_title,Revista do IBRAC,1517-1957,mint,7407065945,,https://revista.ibrac.org.br/index.php/revista,BR,1059
B,size_age_title,Pakistan Journal of Radiology,1607-2006;2313-7886,mint,7407065946,,http://www.pakjr.com/ojs/index.php/PJR,PK,1058
B,size_age_title,"Periodica Journal of Modern Philosophy, Social Sciences and Humanities",2720-4030,mint,7407065947,,https://periodica.org/index.php/journal,PL,1056
B,size_age_title,Asian Horizons,0973-9068,link_issnless_namesake,4306503291,4306503291,https://dvkjournals.in/index.php/ah,IN,1055
B,size_age_title,Al Qalam,2071-8683;2707-0077,mint_name_twin,7407065948,4210181623;4210185021,https://alqalamjournalpu.com/index.php/Al-Qalam,,1049
B,size_age_title,"Studi Urbinati, A - Scienze giuridiche, politiche ed economiche",1825-1676;2464-9325,link_issnless_namesake,4306531229,4306531229,https://journals.uniurb.it/index.php/studi-A,IT,1044
B,national_list,"Isan Journal of Pharmaceutical Sciences, IJPS (Isan J Pharm Sci)",1905-0852,mint,7407065949,,https://he01.tci-thaijo.org/index.php/IJPS,TH,1043
B,size_age_title,Alquimia,1405-7786,link_issnless_namesake,4306501462,4306501462,https://revistas.inah.gob.mx/index.php/alquimia,MX,1039
B,size_age_title,"Revue du contrôle, de la comptabilité et de l’audit",2550-469X,link_issnless_namesake,4306528311,4306528311,https://www.revuecca.com/index.php/home,MA,1034
B,national_list,Journal of Educational Review Faculty of Education in MCU,2392-5507;2673-0030,mint,7407065950,,https://so02.tci-thaijo.org/index.php/EDMCU,TH,1033
B,size_age_title,KULT_online,1868-2855,link_issnless_namesake,4306517871,4306517871,https://journals.ub.uni-giessen.de/kult-online,DE,1031
B,size_age_title,"JOURNAL OF ECONOMY, TOURISM AND SERVICE",2181-435X,mint,7407065951,,https://jets.innovascience.uz/index.php/jets,UZ,1029
B,national_list,Engineering Journal of Research and Development,2730-1761;2730-2733,link_issnless_namesake,4306509467,4306509467,https://ph02.tci-thaijo.org/index.php/eit-researchjournal,TH,1028
B,national_list,The Journal of Prapokklao Hospital Clinical Medical Education Center,0857-0914;2651-169X,mint,7407065952,,https://he02.tci-thaijo.org/index.php/ppkjournal,TH,1024
B,size_age_title,Anais da Jornada Científica dos Campos Gerais,2675-116X,link_issnless_namesake,4306501696,4306501696,https://www.iessa.edu.br/revista/index.php/jornada,BR,1021
B,national_list,Journal of Graduate MCU KhonKaen Campus,2539-6757;2822-0285,mint,7407065953,,https://so02.tci-thaijo.org/index.php/jg-mcukk,TH,1019
B,size_age_title,Prosiding Seminar Nasional Hasil Pengabdian Kepada Masyarakat Universitas Ahmad Dahlan,2686-2964;2686-2972,link_issnless_namesake,4306524643,4306524643,http://seminar.uad.ac.id/index.php/senimas,ID,1017
B,size_age_title,International Bulletin of Medical Sciences and Clinical Research,2750-3399,mint,7407065954,,https://researchcitations.com/index.php/ibmscr,DE,1014
B,size_age_title_other_script,文化艺术创新·国际学术论坛,2811-0064,mint,7407065955,,https://ojs.s-p.sg/index.php/cai,SG,1012
B,size_age_title,PhyDid B - Didaktik der Physik - Beiträge zur DPG-Frühjahrstagung,2191-379X,link_issnless_namesake,4306522485,4306522485,https://ojs.dpg-physik.de/index.php/phydid-b,DE,1011
B,size_age_title,jytt,2705-1323;2737-4149,mint,7407065956,,https://newcn.acad-pub.com/index.php/jytt,SG,1009
B,size_age_title,Revista Turismo Estudos e Práticas - RTEP/GEPLAT/UERN,2316-1493,mint,7407065957,,https://geplat.com/rtep/index.php/tourism,BR,1007
B,size_age_title,Gaceta de Museos,1870-5650,link_issnless_namesake,4306511030,4306511030,https://revistas.inah.gob.mx/index.php/gacetamuseos,MX,1006
B,size_age_title,Cadernos BAD,0007-9421;1645-2895,held_name_issnless,,4306505391,https://publicacoes.bad.pt/revistas/index.php/cadernos,PT,1005
B,national_list,Journal of Educational Measurement Mahasarakham University,2985-0614,mint,7407065958,,https://so02.tci-thaijo.org/index.php/jemmsu,TH,1004
B,size_age_title,Eurasian Research Bulletin,2795-7675,mint,7407065959,,https://geniusjournals.org/index.php/erb,BE,1003
B,size_age_title,Seminar Nasional Hasil Riset dan Pengabdian,2776-5105,mint,7407065960,,https://snhrp.unipasby.ac.id/prosiding/index.php/snhrp,ID,1000
B,size_age_title,Prosiding SNITP (Seminar Nasional Inovasi Teknologi Penerbangan),2548-8112;2622-8890,link_issnless_namesake,4306524708,4306524708,https://ejournal.poltekbangsby.ac.id/index.php/SNITP,ID,1000
B,national_list,KKU Science Journal,0125-2364;3027-6667,mint,7407065961,,https://ph01.tci-thaijo.org/index.php/KKUSciJ,TH,1000
B,national_list,Eau Heritage Journal Social Science and Humanities (Online),2286-6183;2822-1427,mint,7407065962,,https://so01.tci-thaijo.org/index.php/EAUHJSocSci,TH,999
B,size_age_title,Revista Fasecolda,0120-1972;2619-3221,link_issnless_namesake,4306527366,4306527366,https://revista.fasecolda.com/index.php/revfasecolda,CO,994
B,size_age_title,Western European Journal of Linguistics and Education,2942-190X,mint,7407065963,,https://westerneuropeanstudies.com/index.php/2,DE,990
B,national_list,Journal of Social Science for Local Development Rajabhat Maha Sarakham University,3057-0123,mint,7407065964,,https://so02.tci-thaijo.org/index.php/soc-rmu,TH,989
B,size_age_title,Wszechświat,0043-9592,link_issnless_namesake,4306534990,4306534990,https://nowywszechswiat.ptpk.org/index.php/wszechswiat,PL,984
B,size_age_title,Prosiding Seminar Nasional Manajemen,2830-5353;2830-7747,mint,7407065965,,https://openjournal.unpam.ac.id/index.php/PSM,ID,979
B,size_age_title,Acta Albertina Ratisbonensia,0515-2712,mint,7407065966,,https://albertina.uni-regensburg.de/index.php/albertina,DE,976
B,size_age_title,Journal of Adolescent and Youth Psychological Studies (JAYPS),2981-2526,mint,7407065967,,https://journals.kmanpub.com/index.php/jayps,IR,973
B,national_list,Journal for Developing the Social and Community,3056-9672,mint,7407065968,,https://so03.tci-thaijo.org/index.php/rdirmu,,973
B,size_age_title,Revista Panorâmica online,2238-9210,link_issnless_namesake,4306527811,4306527811,https://periodicoscientificos.ufmt.br/revistapanoramica/index.php/revistapanoramica,BR,971
B,size_age_title,Global Missiology English,2831-4751,link_issnless_namesake,2764737045,2764737045,http://ojs.globalmissiology.org/index.php/english,US,971
B,size_age_title,Anuário Pesquisa e Extensão Unoesc Videira,2525-4677,link_issnless_namesake,4306502538,4306502538,https://periodicos.unoesc.edu.br/apeuv,BR,969
B,national_list,The Golden Teak : Humanity and Social Science Journal,2985-2196,mint,7407065969,,https://so05.tci-thaijo.org/index.php/tgt,TH,968
B,national_list,Silpakorn Educational Research Journal,2672-9199,mint,7407065970,,https://so05.tci-thaijo.org/index.php/suedureasearchjournal,TH,966
B,size_age_title,Arqueología,0187-6074,mint_name_twin,7407065971,2738748174,https://revistas.inah.gob.mx/index.php/arqueologia,MX,963
B,national_list,Thai Journal of Pharmacy Practice,3027-6136,mint,7407065972,,https://he01.tci-thaijo.org/index.php/TJPP,TH,961
B,size_age_title_other_script,教育研究与创新,3060-9070;3060-9089,mint,7407065973,,https://journals.nassg.org/index.php/eri-cn,,958
B,size_age_title,Web of Synergy: International Interdisciplinary Research Journal,2835-3013,mint,7407065974,,https://journal.univerpublishing.org/index.php/synergy,US,956
B,size_age_title,MCU UBONRATCHATHANI JOURNAL OF BUDDHIST STUDIES (JOBU),2774-0463,mint,7407065975,,https://so12.tci-thaijo.org/index.php/JOBU2025,TH,955
B,national_list,Journal of Buddhist Education and Research (JBER),2586-9434,mint,7407065976,,https://so06.tci-thaijo.org/index.php/jber,TH,953
B,national_list,Journal of Multidisciplinary in Humanities and Social Sciences,2697-6471,mint,7407065977,,https://so04.tci-thaijo.org/index.php/jmhs1_s,TH,953
B,size_age_title,ÀÁF Ámbitos de Psicopedagogía y Orientación,2339-7454,mint,7407065978,,https://ambitsaaf.cat/ambits,ES,943
B,size_age_title,Jurnal Poster Pirata Syandana,2715-6397,mint,7407065979,,https://ejournal2.undip.ac.id/index.php/jpps,ID,940
B,size_age_title_other_script,"Журнал ""У"". Экономика. Управление. Финансы.",2500-2309,link_issnless_namesake,4306539163,4306539163,https://portal-u.ru/index.php/journal,RU,940
B,size_age_title,The Journal of Research and Academics,2985-0053,mint,7407065980,,https://so06.tci-thaijo.org/index.php/jra,TH,939
B,national_list,Disease Control Journal,1685-6481;2651-1649,mint,7407065981,,https://he01.tci-thaijo.org/index.php/DCJ,TH,938
B,size_age_title,Revista ACB,1414-0594,mint,7407065982,,https://revistaacb.emnuvens.com.br/racb,BR,931
B,national_list,Scholar: Human Sciences,1906-6406;2586-9388,link_issnless_namesake,4306529179,4306529179,https://assumptionjournal.au.edu/index.php/Scholar,TH,924
B,size_age_title,Sinapse Múltipla,2316-4514,link_issnless_namesake,4306530026,4306530026,http://periodicos.pucminas.br/index.php/sinapsemultipla,BR,917
B,size_age_title,"JOURNAL OF SCIENCE, RESEARCH AND TEACHING",2181-4406,mint,7407065983,,https://jsrt.innovascience.uz/index.php/jsrt,UZ,916
B,size_age_title,Semestrale di studi e ricerche di geografia,1125-5218;2784-9643,link_issnless_namesake,4306529527,4306529527,https://rosa.uniroma1.it/rosa03/semestrale_di_geografia,IT,913
B,size_age_title,BORDES,2524-9290,link_issnless_namesake,4306504877,4306504877,https://publicaciones.unpaz.edu.ar/OJS/index.php/bordes,AR,909
B,size_age_title,Jurnal Ilmiah Kesehatan Mandira Cendikia,2964-2434,mint,7407065984,,https://journal.mandiracendikia.com/index.php/JIK-MC,ID,908
B,size_age_title,World Bulletin of Management and Law,2749-3601,mint,7407065985,,https://scholarexpress.net/index.php/wbml,DE,906
B,size_age_title,Multidisciplinary and Multidimensional Journal,2775-5118,mint,7407065986,,https://multidiciplinaryjournal.com/index.php/mm,ID,903
B,size_age_title,sdjyqy,2705-1331;2737-4319,mint,7407065987,,https://newcn.acad-pub.com/index.php/sdjyqy,SG,903
B,size_age_title,Congresso Interdisciplinar - ISSN: 2595-7732,2595-7732,link_issnless_namesake,4306506903,4306506903,https://anais.unievangelica.edu.br/index.php/cifaeg,BR,900
B,size_age_title,nachbarsprache niederländisch,0936-5761,mint,7407065988,,https://www.uni-muenster.de/Ejournals/index.php/nn,DE,899
B,size_age_title,Investigación Operacional,2224-5405,held_name_issnless,,4306514305;4306514304,https://revistas.uh.cu/invoperacional,CU,898
B,national_list,Thai Journal of Forestry,2822-115X,mint,7407065989,,https://li01.tci-thaijo.org/index.php/tjf,TH,896
B,national_list,"Journal of Health and Nursing Research (Journal of Boromarajonani College of Nursing, Bangkok)",2697-5041;2730-1893,mint,7407065990,,https://he01.tci-thaijo.org/index.php/bcnbangkok,TH,892
B,size_age_title,Encuentro Educacional,1315-4079;2731-2429,link_issnless_namesake,4306509304,4306509304,https://produccioncientificaluz.org/index.php/encuentro,VE,892
B,national_list,Journal of Social Innovation and Lifelong Learning,3027-8414,mint,7407065991,,https://so01.tci-thaijo.org/index.php/FEU,TH,890
B,size_age_title,The Journal of Pacific Institute of Management Science (Humanities and Social Science),2697-4487,mint,7407065992,,https://so05.tci-thaijo.org/index.php/pacific,TH,890
B,national_list,Journal of Basic and Applied Pharmacology,2774-0854,mint,7407065993,,https://li01.tci-thaijo.org/index.php/JBAP,TH,890
B,size_age_title,Applied Family Therapy Journal (AFTJ),3041-8798,mint,7407065994,,https://journals.kmanpub.com/index.php/aftj,IR,889
B,national_list,"International Journal of Education, Information Technology, and Others",2623-2324;2654-2528,link_issnless_namesake,4306513948,4306513948,https://jurnal.peneliti.net/index.php/IJEIT,ID,888
B,size_age_title,Tạp chí Khoa học xã hội Thành phố Hồ Chí Minh,1859-0136;3030-4067,mint,7407065995,,https://tapchikhxhhcm.org.vn/index.php/tapchikhxh,VN,886
B,size_age_title,Revista Iberoamericana de Producción Académica y Gestión Educativa,2007-8412,link_issnless_namesake,4306527490,4306527490,https://pag.org.mx/index.php/PAG,MX,885
B,size_age_title,BOSHQARUV VA ETIKA QOIDALARI ONLAYN ILMIY JURNALI,2181-2616,mint,7407065996,,https://scienceboxuz.uz/index.php/sjeg,UZ,884
B,size_age_title,Eurasian Scientific Herald,2795-7365,mint,7407065997,,https://geniusjournals.org/index.php/esh,BE,876
B,size_age_title,Alternatives Managériales Economiques,2665-7511,link_issnless_namesake,4306501479,4306501479,https://revues.imist.ma/index.php/AME,MA,876
B,national_list,Princess of Naradhiwas University Journal,1906-5981;2651-1274,mint,7407065998,,https://li01.tci-thaijo.org/index.php/pnujr,TH,872
B,size_age_title,"American Journal of Business Management, Economics and Banking",2832-8078,mint,7407065999,,https://americanjournal.org/index.php/ajbmeb,US,872
B,size_age_title,American Journal of Research in Humanities and Social Sciences,2832-8019,mint,7407066000,,https://americanjournal.org/index.php/ajrhss,US,872
B,size_age_title,Eurasian Journal of Learning and Academic Teaching,2795-739X,mint,7407066001,,https://geniusjournals.org/index.php/ejlat,BE,871
B,size_age_title,Revista Processus Multidisciplinar,2675-6595,link_issnless_namesake,4306527880,4306527880,https://periodicos.processus.com.br/index.php/multi,BR,870
B,size_age_title,Redel. Revista Granmense de Desarrollo Local,2664-3065,mint,7407066002,,https://revistas.udg.co.cu/index.php/redel,CU,870
B,size_age_title,PROSIDING SEMINAR NASIONAL LINGKUNGAN LAHAN BASAH,2623-1611;2623-1980,link_issnless_namesake,4306524650,4306524650,https://snllb.ulm.ac.id/prosiding/index.php/snllb-lit,ID,869
B,size_age_title,Revista Linguasagem,1983-6988,link_issnless_namesake,4306527663,4306527663,https://linguasagem.ufscar.br/index.php/linguasagem,BR,866
B,size_age_title,Nigerian Journal of Business Education (NIGJBED),2408-4816;2756-5912,link_issnless_namesake,4306520860,4306520860,https://nigjbed.com.ng/index.php/nigjbed,NG,866
B,size_age_title,"INTERNATIONAL JOURNAL OF MANAGEMENT, SOCIAL SCIENCES, PEACE AND CONFLICT STUDIES",2682-6127;2682-6135,link_issnless_namesake,4306513998,4306513998,https://ijmsspcs.com/index.php/IJMSSPCS,NG,865
B,national_list,Journal of the Association of Researchers,3056-9141,mint,7407066003,,https://so04.tci-thaijo.org/index.php/jar,TH,863
B,size_age_title,Geostorie. Bollettino e Notiziario del Centro Italiano per gli Studi Storico-Geografici,1593-4578;2723-9950,link_issnless_namesake,4306511374,4306511374,https://www.cisge.it/ojs/index.php/geostorie,IT,859
B,national_list,Mahachula Academic Journal,3088-2001;3088-2044,mint,7407066004,,https://so04.tci-thaijo.org/index.php/JMA,TH,859
B,size_age_title,Anais do Workshop sobre Educação em Computação (WEI),2595-6175,mint,7407066005,,https://sol.sbc.org.br/index.php/wei,BR,858
B,size_age_title,"PROCEEDING OF INTERNATIONAL CONFERENCE ON EDUCATION, SOCIETY AND HUMANITY",2986-5832;2986-6979,mint,7407066006,,https://ejournal.unuja.ac.id/index.php/icesh,ID,858
B,size_age_title_other_script,Παιδαγωγική Επιθεώρηση,1106-2177,link_issnless_namesake,4306538176,4306538176,https://ojs.lib.uom.gr/index.php/paidagogiki,GR,854
B,size_age_title,"Prosiding Seminar Nasional PSSH (Pendidikan, Saintek, Sosial dan Hukum)",2830-361X,mint,7407066007,,https://jurnal.semnaspssh.com/index.php/pssh,ID,853
B,size_age_title,Alpha Omega,1126-8557,mint,7407066008,,https://riviste.upra.org/index.php/ao,IT,852
B,size_age_title,European Journal of Research Development and Sustainability,2660-5570,mint,7407066009,,https://scholarzest.com/index.php/ejrds,ES,852
B,size_age_title,Anais do Simpósio Brasileiro de Computação Aplicada à Saúde (SBCAS),2763-8952,mint,7407066010,,https://sol.sbc.org.br/index.php/sbcas,BR,849
B,size_age_title,Ilm-fan va ta'lim,2181-4325,mint,7407066011,,https://ilmfanvatalim.uz/index.php/ift,UZ,848
B,size_age_title,Kohesi: Jurnal Sains dan Teknologi,3025-1311,mint,7407066012,,https://jurnalcib.com/index.php/kohesi,,847
B,size_age_title,Anais de Resumos Expandidos do Seminário Internacional de Pesquisas em Midiatização e Processos Sociais,2675-4169,link_issnless_namesake,4306501715,4306501715,https://midiaticom.org/anais/index.php/seminario-midiatizacao-resumos,BR,843
B,national_list,Academic Journal of Thailand National Sports University,2985-2889,mint,7407066013,,https://he02.tci-thaijo.org/index.php/TNSUJournal,TH,842
B,size_age_title,Journal of Student-Scientists' Research,2689-7679,mint,7407066014,,https://journals.gmu.edu/index.php/jssr,US,838
B,size_age_title,"SAPIENTIA GLOBAL JOURNAL OF ARTS, HUMANITIES AND DEVELOPMENT STUDIES",2695-2319;2695-2327,link_issnless_namesake,4306529123,4306529123,https://sgojahds.com/index.php/SGOJAHDS,NG,836
B,size_age_title,Archäologische Nachrichten aus Baden,0178-045X;2569-1635,link_issnless_namesake,4306502746,4306502746,https://journals.ub.uni-heidelberg.de/index.php/anb,DE,835
B,size_age_title,The APLA Bulletin,0001-2203,mint,7407066015,,https://ojs.acadiau.ca/index.php/aplabulletin,CA,834
B,size_age_title,ÁGORA: Arquivologia em debate,0103-3557;2763-9045,link_issnless_namesake,4306500927,4306500927,https://agora.emnuvens.com.br/ra,BR,831
B,size_age_title,Revista Reforma Siglo XXI,2007-2058,mint,7407066016,,https://reforma.uanl.mx/index.php/revista,MX,828
B,size_age_title,PEDAMAS (PENGABDIAN KEPADA MASYARAKAT),2986-7819,mint,7407066017,,https://pekatpkm.my.id/index.php/JP,ID,826
B,national_list,Journal of The Department of Medical Services,2697-6404,mint,7407066018,,https://he02.tci-thaijo.org/index.php/JDMS,TH,826
B,size_age_title,Anais do Seminário Internacional em Direitos Humanos e Sociedade,2675-2808,link_issnless_namesake,4306501806,4306501806,http://periodicos.unesc.net/AnaisDirH,BR,820
B,national_list,Journal of Humanities and Social Sciences Nakhon Phanom University,3057-1162,mint,7407066019,,https://so03.tci-thaijo.org/index.php/npuj,TH,819
B,size_age_title_other_script,财经与管理·国际学术论坛,2811-0382,mint,7407066020,,https://ojs.s-p.sg/index.php/fm,SG,812
B,size_age_title_other_script,Универсальная индексная библиотека Евразийского журнала технологий и инноваций,2181-4511,mint,7407066021,,https://lib.uniconflix.com/index.php/uilejti,UZ,809
B,size_age_title,Apuntes Filosóficos,1316-7553,link_issnless_namesake,4306502679,4306502679,https://saber.ucv.ve/ojs/index.php/rev_af,VE,808
B,size_age_title,Eurasian Medical Research Periodical,2795-7624,mint,7407066022,,https://geniusjournals.org/index.php/emrp,BE,806
B,size_age_title,PROSIDING SENANTIAS: Seminar Nasional Hasil Penelitian dan Pengabdian kepada Masyarakat,2774-4833;2775-8095,link_issnless_namesake,4306524691,4306524691,https://openjournal.unpam.ac.id/index.php/Senan,ID,805
B,size_age_title,International Journal of Social Sciences Management and Entrepreneurship (IJSSME),2411-7323,mint,7407066023,,https://www.sagepublishers.com/index.php/ijssme,KE,804
B,national_list,JOURNAL OF EDUCATION KHON KAEN UNIVERSITY,2673-0847,mint,7407066024,,https://so02.tci-thaijo.org/index.php/EDKKUJ,TH,803
B,size_age_title,Prosiding Seminar Nasional Politeknik Negeri Lhokseumawe,2598-3954,link_issnless_namesake,4306524666,4306524666,https://e-jurnal.pnl.ac.id/semnaspnl,ID,801
B,size_age_title,American Journal of Science on Integration and Human Development (2993-2750),2993-2750,mint,7407066025,,https://grnjournal.us/index.php/AJSIHD,US,798
B,national_list,Journal of Medicine and Health Sciences,2651-2084,mint,7407066026,,https://he01.tci-thaijo.org/index.php/jmhs,,797
B,size_age_title,Seminar Nasional dan Gelar Karya Produk Hasil Pembelajaran,3031-9412,mint,7407066027,,https://prosiding.ikippgribojonegoro.ac.id/index.php/SNGK,ID,793
B,size_age_title,Učitel matematiky,1210-9037,link_issnless_namesake,4306533630,4306533630,https://ojs.cuni.cz/ucitel,CZ,791
B,size_age_title,Involta Scientific Journal,2181-2632,mint,7407066028,,https://involta.uz/index.php/iv,UZ,790
B,size_age_title,"African Journal of Educational Management, Teaching and Entrepreneurship Studies",2736-0261;2736-027X,mint,7407066029,,https://ajemates.org/index.php/ajemates,NG,789
B,national_list,KKU Journal for Public Health Research,3088-2974,mint,7407066030,,https://he01.tci-thaijo.org/index.php/kkujphr,TH,789
B,size_age_title,genesis Literature & Art Magazine,2642-2824;2642-2832,mint,7407066031,,https://journals.iupui.edu/index.php/genesis,US,786
B,size_age_title,Salud Problema,2007-5790,link_issnless_namesake,4306529076,4306529076,https://saludproblemaojs.xoc.uam.mx/index.php/saludproblema,MX,784
B,size_age_title,Web of Humanities: Journal of Social Science and Humanitarian Research,2938-3803,mint,7407066032,,https://webofjournals.com/index.php/9,ES,782
B,size_age_title,Caderno Prudentino de Geografia,1413-4551;2176-5774,link_issnless_namesake,4306505388,4306505388,https://revista.fct.unesp.br/index.php/cpg,BR,781
B,size_age_title,Matematika–Fyzika–Informatika,1805-7705,link_issnless_namesake,4306519284,4306519284,https://www.mfi.upol.cz/index.php/mfi,CZ,775
B,size_age_title,International Journal of Scientific Trends,2980-4299;2980-4329,mint,7407066033,,https://scientifictrends.org/index.php/ijst,PH,775
B,size_age_title,Prosiding: Ekonomi dan Bisnis,2809-381X,mint,7407066034,,https://jurnal.ubd.ac.id/index.php/pros,ID,773
B,size_age_title,Simpósio de Pós-Graduação do Sul do Brasil - SIMPÓS-SUL,2764-958X,mint,7407066035,,https://portaleventos.uffs.edu.br/index.php/simpos-sul,BR,771
B,size_age_title,CHUN – Chinesischunterricht,0933-8381;2751-9740,mint,7407066036,,https://hasp.ub.uni-heidelberg.de/journals/chun,DE,769
B,size_age_title_other_script,Το Βήμα των Κοινωνικών Επιστημών,1105-1167;3057-6172,mint,7407066037,,https://journals.lib.uth.gr./index.php/tovima,,768
B,size_age_title_other_script,Наукові записки молодих учених,2617-2666,mint,7407066038,,https://phm.cuspu.edu.ua/ojs/index.php/SNYS,UA,765
B,size_age_title,Acta Historica (Szeged),0324-6965;2676-9832,mint,7407066039,,https://ojs.bibl.u-szeged.hu/index.php/acthist,HU,761
B,size_age_title,soziales_kapital,2070-3481,link_issnless_namesake,4306530541,4306530541,https://sk.adelheit.at/sozialeskapital,AT,759
B,size_age_title,The Journal of Development Administration Research,2730-2075,mint,7407066040,,https://so01.tci-thaijo.org/index.php/JDAR,TH,758
B,size_age_title,Multidebates,2594-4568,link_issnless_namesake,4306520333,4306520333,http://revista.faculdadeitop.edu.br/index.php/revista,BR,756
B,size_age_title,Seminar Nasional Lahan Suboptimal,2963-6051;2986-2302,link_issnless_namesake,4306529594,4306529594,https://conference.unsri.ac.id/index.php/lahansuboptimal,ID,756
B,size_age_title,British Journal of Global Ecology and Sustainable Development,2754-9291,mint,7407066041,,https://journalzone.org/index.php/bjgesd,GB,756
B,size_age_title,Kronika Bydgoska,0454-5451;2956-5618,mint,7407066042,,https://czasopisma.ukw.edu.pl/index.php/kronika-bydgoska,PL,754
B,size_age_title,Revista Livre de Sustentabilidade e Empreendedorismo,2448-2889,link_issnless_namesake,4306527667,4306527667,http://www.relise.eco.br/index.php/relise,BR,753
B,size_age_title,Das archäologische Jahr in Bayern,0721-2399;3054-1425,mint,7407066043,,https://journals.ub.uni-heidelberg.de/index.php/blfdajb,DE,753
B,size_age_title,InTrasformazione: rivista di storia delle idee,2281-1532,link_issnless_namesake,4306514268,4306514268,https://www.intrasformazione.com/index.php/intrasformazione,IT,753
B,national_list,Arts of Management Journal,3057-1375,mint,7407066044,,https://so02.tci-thaijo.org/index.php/jam,TH,753
B,size_age_title,Journal of Teaching Writing,0735-1259;2374-2852,link_issnless_namesake,2764390133,2764390133,https://journals.iupui.edu/index.php/teachingwriting,US,753
B,size_age_title,International Journal of Intellectual Discourse,2636-4832,mint,7407066045,,https://ijidjournal.org/index.php/ijid,NG,752
B,national_list,Academic Journal of Mahamakut Buddhist University Roi Et Campus,2651-2009,mint,7407066046,,https://so01.tci-thaijo.org/index.php/AJMBU,TH,751
B,size_age_title,Enredadera: Revista de la Red de Bibliotecas y Archivos del CSIC,1696-8239,mint,7407066047,,https://enredadera.csic.es/index.php/enredadera,ES,747
B,size_age_title,Prosiding Seminar Nasional Penelitian dan Pengabdian Kepada Masyarakat LPPM Universitas 'Aisyiyah Yogyakarta,3021-811X,mint,7407066048,,https://proceeding.unisayogya.ac.id/index.php/prosemnaslppm,ID,746
B,national_list,Dusit Thani College Journal,1906-070X;2697-5742,mint,7407066049,,https://so01.tci-thaijo.org/index.php/journaldtc,TH,746
B,national_list,Thai Pharmaceutical and Health Science Journal - วารสารไทยเภสัชศาสตร์และวิทยาการสุขภาพ,1905-3460;2672-9687,mint,7407066050,,https://ejournals.swu.ac.th/index.php/pharm,TH,745
B,size_age_title,Revista Rios,1982-0577,mint,7407066051,,https://www.publicacoes.unirios.edu.br/index.php/revistarios,BR,743
B,size_age_title,Machadiana Eletrônica (ISSN 2594-5084),2594-5084,mint,7407066052,,https://periodicos.ufes.br/machadiana,BR,739
B,size_age_title,"Journal of Educational Administration, Silpakorn University",1906-8255;2697-4541,mint,7407066053,,https://so02.tci-thaijo.org/index.php/EdAd,TH,738
B,size_age_title,Web of Scientists and Scholars: Journal of Multidisciplinary Research,2938-3811,mint,7407066054,,https://webofjournals.com/index.php/12,ES,737
B,size_age_title,Omnia,1315-8856;2477-9474,mint,7407066055,,https://produccioncientificaluz.org/index.php/omnia,VE,737
B,national_list,The Southern College Network Journal of Nursing and Public Health,2985-1750,mint,7407066056,,https://he01.tci-thaijo.org/index.php/scnet,TH,735
B,national_list,Academic Psychiatry and Psychology Journal,2697-6242,mint,7407066057,,https://he01.tci-thaijo.org/index.php/APPJ,TH,735
B,size_age_title,Tạp chí Khoa học - Trường Đại học Thủ đô Hà Nội: Khoa học Xã hội và Giáo dục,2354-1512,mint,7407066058,,https://vjol-admin.dainv.online/otn,,735
B,size_age_title,SEMNASFIP,2721-6349,mint,7407066059,,https://jurnal.umj.ac.id/index.php/SEMNASFIP,ID,734
B,size_age_title,"Veredas, Revista del Pensamiento Sociológico",1665-1537,link_issnless_namesake,4306534119,4306534119,https://veredasojs.xoc.uam.mx/index.php/veredas,MX,734
B,national_list,Chophayom Journal,2730-1826;3057-0115,mint,7407066060,,https://so01.tci-thaijo.org/index.php/ejChophayom,TH,733
B,national_list,Thammasat Journal of Japanese Studies,2821-9619;2821-9627,mint,7407066061,,https://so02.tci-thaijo.org/index.php/japanese,TH,732
B,size_age_title_other_script,Педагогическое образование на Алтае,2413-449X,link_issnless_namesake,4306539931,4306539931,https://journals-altspu.ru/index.php/pedagogical-education,RU,730
B,size_age_title,RUSAMILAE JOURNAL,0858-2068,mint,7407066062,,https://so05.tci-thaijo.org/index.php/rusamelae,TH,730
B,size_age_title,Encontro Brasileiro de Bibliometria e Cientometria,2675-5939,mint,7407066063,,https://ebbc.inf.br/ojs/index.php/ebbc,BR,729
B,national_list,Journal of Nursing and Education,1906-1773;2821-9058,mint,7407066064,,https://he01.tci-thaijo.org/index.php/JNAE,TH,727
B,size_age_title,Revista Paranaense de Desenvolvimento - RPD,0556-6916;2236-5567,link_issnless_namesake,4306527815,4306527815,https://ipardes.emnuvens.com.br/revistaparanaense,BR,726
B,size_age_title,YA Hotline,0701-8894,link_issnless_namesake,4306535346,4306535346,https://ojs.library.dal.ca/YAHS,CA,726
B,national_list,Ph.D. in Social Sciences Journal,2985-0029;2985-0037,mint,7407066065,,https://so05.tci-thaijo.org/index.php/phdssj,TH,726
B,size_age_title,Revista Aves Argentinas,2591-5053,mint,7407066066,,https://revista.avesargentinas.org.ar/index.php/home,AR,725
B,size_age_title,Vision: A Journal for Church and Theology,1492-7799,link_issnless_namesake,4306534387,4306534387,https://press.palni.org/ojs/index.php/vision,CA,725
B,size_age_title,Pakistan Journal of Chest Medicine,2224-9710;2309-9844,link_issnless_namesake,2764833969,2764833969,https://www.pjcm.net/index.php/pjcm,PK,724
B,size_age_title,Crisol,0764-7611;2678-1190,held_name_issnless,,4306507148,https://crisol.parisnanterre.fr/index.php/crisol,FR,722
B,size_age_title_other_script,"Электронный научный журнал ""Молодая наука Сибири",2658-610X,mint,7407066067,,https://ojs.irgups.ru/index.php/mns,RU,722
B,national_list,Journal of Interdisciplinary Innovation Review,2773-9910;2774-0846,mint,7407066068,,https://so04.tci-thaijo.org/index.php/jidir,TH,721
B,size_age_title_other_script,Вестник Института экономических исследований,2519-2019;2519-2027,link_issnless_namesake,4306538469,4306538469,https://journals.econri.org/index.php/journal,,717
B,national_list,Archives of Allied Health Sciences,2730-2008,mint,7407066069,,https://he01.tci-thaijo.org/index.php/ams,TH,716
B,size_age_title,Journal of Science in Medicine and Life,2992-9202,mint,7407066070,,https://journals.proindex.uz/index.php/JSML,UZ,711
B,size_age_title,Seminário Interlinhas,2596-2302,mint,7407066071,,https://revistas.uneb.br/index.php/asipc,BR,710
B,national_list,Royal Thai Army Medical Journal,3057-1448,mint,7407066072,,https://he02.tci-thaijo.org/index.php/rtamedj,,710
B,size_age_title,Revista da AJURIS,1679-1363;2358-2480,link_issnless_namesake,4306526486,4306526486,https://revistadaajuris.ajuris.org.br/index.php/REVAJURIS,BR,709
B,size_age_title,Revista Interdisciplinar Científica Aplicada,1980-7031,link_issnless_namesake,4306527542,4306527542,https://portaldeperiodicos.animaeducacao.com.br/index.php/rica,BR,705
B,size_age_title,Møderne om Udforskningen af Dansk Sprog (MUDS),2445-7019,mint,7407066073,,https://tidsskrift.dk/muds,DK,704
B,size_age_title,Italian journal of engineering geology and environment,1825-6635;2035-5688,mint,7407066074,,https://rosa.uniroma1.it/rosa02/engineering_geology_environment,IT,704
B,national_list,Christian University Journal,1685-1412;2673-0324,mint,7407066075,,https://he01.tci-thaijo.org/index.php/CUTJ,TH,704
B,size_age_title,Anais dos Encontros Nacionais de Engenharia e Desenvolvimento Social - ISSN 2594-7060,2594-7060,link_issnless_namesake,4306501811,4306501811,https://anais.eneds.org.br/index.php/eneds,BR,703
B,size_age_title,Prosiding Seminar Hasil Penelitian dan Pengabdian Masyarakat,2654-9468,link_issnless_namesake,4306524623,4306524623,https://jurnal.polines.ac.id/index.php/Sentrikom,ID,703
B,national_list,Journal of Administration and Social Science Review,2730-3187;2985-1939,mint,7407066076,,https://so03.tci-thaijo.org/index.php/assr,TH,703
B,national_list,Mahasarakham Hospital Journal,1686-4417;3027-8112,mint,7407066077,,https://he02.tci-thaijo.org/index.php/MKHJ,TH,703
B,national_list,Journal of Humanities and Social Sciences Valaya Alongkorn,3027-7752;3027-7760,mint,7407066078,,https://so06.tci-thaijo.org/index.php/vrurdihsjournal,TH,703
B,size_age_title,Jurnal NESTOR Magister Hukum,0216-2091,link_issnless_namesake,4306516948,4306516948,https://jurnal.untan.ac.id/index.php/nestor,ID,702
B,size_age_title,Ceiba,0885-9906,mint_name_twin,7407066079,2764788669,https://revistas.upr.edu/index.php/ceiba,US,701
B,national_list,Damrong Journal of The Faculty of Archaeology Silpakorn University,3027-6004;3027-6012,mint,7407066080,,https://so01.tci-thaijo.org/index.php/damrong,TH,697
B,size_age_title,"Kultura: Jurnal Ilmu Hukum, Sosial, dan Humaniora",2985-5624,mint,7407066081,,https://jurnal.kolibi.org/index.php/kultura,ID,696
B,size_age_title,Studies in Humanities and Social Sciences (SH&SS),0972-1401,mint,7407066082,,http://journal.iias.ac.in/ojs/index.php/shss,IN,695
B,national_list,Nakkhabut Paritat Journal,3027-7779,mint,7407066083,,https://so04.tci-thaijo.org/index.php/nakboot,TH,689
B,size_age_title_other_script,ВЕСТНИК ЮРИСТА,2181-9416,mint,7407066084,,https://yuristjournal.uz/index.php/lawyer-herald,UZ,689
B,size_age_title,Canadian Review of Social Policy / Revue canadienne de politique sociale,0836-303X;1929-4093,link_issnless_namesake,4306505619,4306505619,https://crsp.journals.yorku.ca/index.php/crsp,CA,687
B,size_age_title,"Living World, Journal of the Trinidad and Tobago Field Naturalists' Club",1029-3299,link_issnless_namesake,2764876160,2764876160,https://ttfnc.org/livingworld/index.php/lwj,TT,686
B,size_age_title,Anais da Feira do Conhecimento Tecnológico e Científico,2318-2342,mint,7407066085,,https://publicacoes.ifc.edu.br/index.php/fetec,BR,685
B,size_age_title,"SAPIENTIA FOUNDATION JOURNAL OF EDUCATION, SCIENCES AND GENDER STUDIES",2734-2514;2734-2522,link_issnless_namesake,4306529122,4306529122,http://sfjesgs.com/index.php/SFJESGS,NG,685
B,size_age_title,Investigaciones Medicoquirúrgicas,1025-7292;1995-9427,link_issnless_namesake,4306514299,4306514299,https://revcimeq.sld.cu/index.php/imq,CU,684
B,size_age_title,Maharat Nakhon Ratchasima Hospital Journal,3088-1900,mint,7407066086,,https://he04.tci-thaijo.org/index.php/MNRHJ,TH,682
B,size_age_title,The Journal of Sirindhornparidhat,1513-6736;2697-438X,mint,7407066087,,https://so06.tci-thaijo.org/index.php/jsrc,TH,682
B,size_age_title,"Lugar Comum – Estudos de mídia, cultura e democracia",1415-8604,link_issnless_namesake,4306518929,4306518929,https://revistas.ufrj.br/index.php/lc,BR,680
B,size_age_title,Revista da Faculdade de Direito de São Bernardo do Campo,1516-0947;2358-1832,link_issnless_namesake,4306526500,4306526500,https://revistas.direitosbc.br/fdsbc,BR,680
B,size_age_title,The Peerian Journal,2788-0303,mint,7407066088,,https://peerianjournal.com/index.php/tpj,CZ,679
B,size_age_title,Anais do ENAPHEM - Encontro Nacional de Pesquisa em História da Educação Matemática,2596-3228,mint,7407066089,,https://seer.ufms.br/index.php/ENAPHEM,BR,678
B,size_age_title,Tạp chí Khoa học và Công nghệ Thủy lợi,1859-4255,mint,7407066090,,https://vjol-admin.dainv.online/vawr,,675
B,national_list,Journal of Educational Innovation and Research,3027-6446,mint,7407066091,,https://so03.tci-thaijo.org/index.php/jeir,TH,672
B,size_age_title,"European Journal of Science, Innovation and Technology",2786-4936,mint,7407066092,,https://ejsit-journal.com/index.php/ejsit,UA,672
B,size_age_title,O Manguezal — Revista de Filosofia,2674-7278,mint,7407066093,,https://periodicos.ufs.br/omanguezal,BR,669
B,size_age_title,Kairos – Slovenska revija za psihoterapijo,1854-9373,mint,7407066094,,https://kairos.skzp.org/index.php/revija,SI,669
B,national_list,JOURNAL OF THE POLICE NURSES AND HEALTH SCIENCE,3027-8791,mint,7407066095,,https://he01.tci-thaijo.org/index.php/policenurse,TH,667
B,national_list,Journal of Interdisciplinary Social Development,2822-1060,mint,7407066096,,https://so12.tci-thaijo.org/index.php/JISDIADP,TH,665
B,national_list,Life Sciences and Environment Journal,2730-3527;2773-9201,mint,7407066097,,https://ph01.tci-thaijo.org/index.php/psru,TH,665
B,size_age_title,Ciencia y Tecnología de Alimentos,0864-4497;1816-7721,link_issnless_namesake,4306506281,4306506281,https://revcitecal.iiia.edu.cu/revista/index.php/RCTA,CU,663
B,size_age_title,Bibelot: Notizie dalle biblioteche toscane,1723-3410;1723-3550,link_issnless_namesake,4306504231,4306504231,https://aibstudi.aib.it/index.php/bibelot,IT,663
B,size_age_title,Mostra de Inovação e Tecnologia São Lucas (2763-5953),2763-5953,mint,7407066098,,https://saolucas.emnuvens.com.br/mit,BR,661
B,size_age_title,Forum Ilmiah Indonusa,1693-4466,mint,7407066099,,https://ejurnal.esaunggul.ac.id/index.php/Formil,ID,657
B,size_age_title,Anais do Seminário Sul-Mato-Grossense de Pesquisa em Educação Matemática,2177-3122;2448-2943,link_issnless_namesake,4306501809,4306501809,https://seer.ufms.br/index.php/sesemat,BR,656
B,size_age_title,"Biosaia: Revista de los másteres de Biotecnología Sanitaria y Biotecnología Ambiental, Industrial y Alimentaria",2254-3821,link_issnless_namesake,4306504433,4306504433,https://upo.es/revistas/index.php/biosaia,ES,655
B,size_age_title,Tạp chí Tổ chức nhà nước,2588-137X,mint,7407066100,,https://vjol.info.vn/index.php/tctochucNN-Bonoivu,VN,650
B,size_age_title_other_script,Ребёнок и общество,2410-2644,mint,7407066101,,https://childandsociety.ru/ojs/index.php/cas,RU,648
B,size_age_title,Revista de la Asociación de Escribanos del Uruguay,0376-5024;2982-4222,link_issnless_namesake,4306526854,4306526854,https://revista.aeu.org.uy/index.php/raeu,UY,648
B,size_age_title,Revista da Sociedade Brasileira de Clínica Médica,1679-1010;2525-2933,mint,7407066102,,http://www.sbcm.org.br/ojs3/index.php/rsbcm,BR,645
B,size_age_title,Journals Mining Engineering : Bina Tambang,2302-3333,mint,7407066103,,http://ejournal.unp.ac.id/index.php/mining,ID,641
B,size_age_title,Pedagogical Cluster-Journal of Pedagogical Developments,2956-896X,mint,7407066104,,https://euroasianjournals.org/index.php/pc,PL,641
B,size_age_title,"JOURNAL OF ENGINEERING, MECHANICS AND MODERN ARCHITECTURE",2181-4384,mint,7407066105,,https://jemma.innovascience.uz/index.php/jemma,UZ,641
B,size_age_title,Publifarum,1824-7482,held_name_issnless,,4306525024,https://riviste.unige.it/index.php/publifarum,IT,637
B,national_list,Nursing Journal of The Ministry of Public Health,0857-3743;2673-0693,mint,7407066106,,https://he02.tci-thaijo.org/index.php/tnaph,TH,635
B,size_age_title,Arheoloogilised Välitööd Eestis,1406-3972,mint,7407066107,,https://ojs.utlib.ee/index.php/AVE,EE,634
B,size_age_title,Revista Venezolana de Estudios de la Mujer,1316-3701,link_issnless_namesake,4306528062,4306528062,https://saber.ucv.ve/ojs/index.php/rev_vem,VE,631
B,size_age_title,GESTÃO & EDUCAÇÃO,2675-2891,mint,7407066108,,http://revista.faconnect.com.br/index.php/GeE,BR,629
B,size_age_title,Prosiding Seminar Nasional Bimbingan dan Konseling Universitas Ahmad Dahlan,2808-9421,mint,7407066109,,http://seminar.uad.ac.id/index.php/PSNBK,ID,628
B,size_age_title_other_script,Вісник Київського авіаційного інституту. Серія: Педагогіка. Психологія,3041-1645,mint,7407066110,,http://jrnl.nau.edu.ua/index.php/VisnikPP,UA,626
B,size_age_title,MULTIPLE: Journal of Global and Multidisciplinary,2988-7828,mint,7407066111,,https://journal.institercom-edu.org/index.php/multiple,ID,625
B,size_age_title,"Akhlāq-i zīstī i.e., Bioethics Journal",2345-2803;2538-5720,mint,7407066112,,https://journals.sbmu.ac.ir/index.php/be,IR,625
B,national_list,The Journal of Institute of Trainer Monk Development,2985-0797,mint,7407066113,,https://so06.tci-thaijo.org/index.php/tmd,TH,625
B,size_age_title,International Journal of Agricultural and Natural Sciences,2651-3617,link_issnless_namesake,4306513888,4306513888,https://www.ijans.org/index.php/ijans,TR,625
B,size_age_title,Con-temporánea,2007-9605,link_issnless_namesake,4306506980,4306506980,https://revistas.inah.gob.mx/index.php/contemporanea,MX,624
B,size_age_title,Der Antike Sudan. Mitteilungen der Sudanarchäologischen Gesellschaft zu Berlin e. V.,0945-9502;2750-4875,mint,7407066114,,https://journals.ub.uni-heidelberg.de/index.php/mittsag,DE,623
B,size_age_title,Revista Sociedade Portuguesa de Oftalmologia,3051-6579,link_issnless_namesake,4306527953,4306527953,https://revistas.rcaap.pt/oftalmologia,PT,623
B,size_age_title,Diseño y Sociedad,0188-7025,link_issnless_namesake,4306508137,4306508137,https://disenoysociedadojs.xoc.uam.mx/index.php/disenoysociedad,MX,620
B,size_age_title,Forum de l'enseignant,1112-5101;2437-0576,mint,7407066115,,https://revue.ensc.dz/index.php/forumenseignant,DZ,619
B,size_age_title,Anais da Semana de Licenciatura,2179-6076,link_issnless_namesake,4306501706,4306501706,https://periodicos.ifg.edu.br/index.php/semlic,BR,619
B,size_age_title,BULLET : Jurnal Multidisiplin Ilmu,2829-2049,mint,7407066116,,https://journal.mediapublikasi.id/index.php/bullet,ID,619
B,size_age_title,Pakistan Oral & Dental Journal,1012-8700;1996-4439,mint,7407066117,,https://podj.com.pk/index.php/podj,PK,617
B,size_age_title,Tạp chí Giáo dục Nghệ thuật,1859-4964,mint,7407066118,,https://vjol.info.vn/index.php/tcgiaoducnghethuat,VN,617
B,national_list,Thai Dental Public Health Journal,3027-7469,mint,7407066119,,https://he02.tci-thaijo.org/index.php/ThDPHJo,TH,616
B,size_age_title,Revista Alere,2176-1841,link_issnless_namesake,4306526071,4306526071,https://periodicos.unemat.br/index.php/alere,BR,615
B,size_age_title,Ascendens Asia Journal of Multidisciplinary Research Conference Proceedings,2529-7902,mint_name_twin_not_journal,7407066120,4306503265,https://ojs.aaresearchindex.com/index.php/AAJMRCP,SG,614
B,size_age_title,Eurasian Journal of Humanities and Social Sciences,2795-7683,mint,7407066121,,https://geniusjournals.org/index.php/ejhss,BE,613
B,national_list,Humanities and Social Sciences Journal of Pibulsongkram Rajabhat University,2985-0479;2985-0487,mint,7407066122,,https://so01.tci-thaijo.org/index.php/GraduatePSRU,TH,613
B,national_list,SOCIAL SCIENCES RESEARCH AND ACADEMIC JOURNAL,3027-8279,mint,7407066123,,https://so05.tci-thaijo.org/index.php/JSSRA,TH,611
B,national_list,Sarasas Journal of Humanities and Social Science,3088-3334,mint,7407066124,,https://so04.tci-thaijo.org/index.php/svittj,,611
B,size_age_title,The Planet,2617-0817;2789-5912,mint_name_twin,7407066125,5407053049;4210171763,https://bdjournals.org/index.php/planet,BD,610
B,size_age_title,Red de Investigación en Salud en el Trabajo,2594-0988,link_issnless_namesake,4306525524,4306525524,https://rist.zaragoza.unam.mx/index.php/rist,MX,610
B,size_age_title,Revista Extensão,2596-2019,link_issnless_namesake,4306527350,4306527350,https://revista.unitins.br/index.php/extensao,BR,608
B,size_age_title,Teknik Desain Mekanika,2302-5182,mint,7407066126,,https://ojs.unud.ac.id/index.php/mekanika,ID,608
B,size_age_title,Órbita científica,1027-4472,link_issnless_namesake,4306521621,4306521621,http://revistas.ucpejv.edu.cu/index.php/rOrb,CU,606
B,size_age_title,Prosiding Seminar Nasional Teknologi Informasi dan Komunikasi (SENATIK),2685-5615;2715-5315,link_issnless_namesake,4306524676,4306524676,https://prosiding.unipma.ac.id/index.php/SENATIK,ID,606
B,national_list,RATANABUTH JOURNAL,2697-6641;2822-0080,mint,7407066127,,https://so07.tci-thaijo.org/index.php/rtnb,TH,605
B,national_list,National Defence Studies Institute Journal,1906-7836;2651-1525,mint,7407066128,,https://so04.tci-thaijo.org/index.php/ndsijournal,TH,604
B,size_age_title_other_script,Вестник Ассоциации Пульмонологов Центральной Азии,2181-4988,mint,7407066129,,https://journals.tnmu.uz/index.php/bapca,UZ,603
B,size_age_title,«Qazaq Journal of Young Scientist» халықаралық ғылыми журналы,2959-1279,mint,7407066130,,https://qazaqjournal.kz/index.php/qjys,KZ,602
B,national_list,MCU Haripunchai Review,2672-9792,mint,7407066131,,https://so04.tci-thaijo.org/index.php/JMHR,TH,602
B,size_age_title,Junior Science Communication,2637-0689,mint,7407066132,,https://journal.uitm.edu.my/ojs/index.php/JSC,MY,601
B,national_list,AU-GSB e-JOURNAL,1906-3296,link_issnless_namesake,4306503763,4306503763,https://assumptionjournal.au.edu/index.php/AU-GSB,TH,601
B,national_list,Nursing Science Journal of Thailand,0125-8885;2651-1959,mint,7407066133,,https://he02.tci-thaijo.org/index.php/ns,TH,601
B,size_age_title,Anais da Feira de Iniciação Científica e Extensão (FICE) Campus Camboriú,2447-9454,mint,7407066134,,https://publicacoes.ifc.edu.br/index.php/fice,BR,598
B,national_list,Journal of Social Science Panyapat,3027-6748,mint,7407066135,,https://so06.tci-thaijo.org/index.php/JSSP,TH,598
B,size_age_title,"Prosiding National Seminar on Accounting, Finance, and Economics (NSAFE)",2797-0760,link_issnless_namesake,4306524604,4306524604,https://conference.um.ac.id/index.php/nsafe,ID,597
B,national_list,Journal of Humanities and Social Sciences Thonburi University,2672-9202,mint,7407066136,,https://so03.tci-thaijo.org/index.php/trujournal,TH,597
B,national_list,REGIONAL HEALTH PROMOTION CENTER 9 JOURNAL,2673-088X;2697-3871,mint,7407066137,,https://he02.tci-thaijo.org/index.php/RHPC9Journal,TH,595
B,national_list,Journal of Yala Rajabhat University,2985-1424,mint,7407066138,,https://so04.tci-thaijo.org/index.php/yru_human,TH,595
B,national_list,Srinakharinwirot Research and Development Journal of Humanities and Social Sciences,3027-6039,mint,7407066139,,https://so04.tci-thaijo.org/index.php/swurd,TH,592
B,national_list,Journal of Kasetsart Educational Review,3027-7124,mint,7407066140,,https://so04.tci-thaijo.org/index.php/eduku,TH,592
B,size_age_title,Tạp chí Khoa học và Đào tạo Thể thao,2588-1345,mint,7407066141,,https://vjol.vista.gov.vn/tdtt,VN,592
B,size_age_title,Planejamento e Políticas Públicas,0103-4138;2359-389X,link_issnless_namesake,4306522586,4306522586,https://www.ipea.gov.br/ppp/index.php/PPP,BR,589
B,size_age_title,Ariadne,1105-1914;2653-9594,link_issnless_namesake,4306503036,4306503036,https://ejournals.lib.uoc.gr/Ariadne,GR,589
B,national_list,"Journal of Education, Silpakorn University",1686-3089;2672-9571,mint,7407066142,,https://so02.tci-thaijo.org/index.php/suedujournal,TH,589
B,national_list,"Research and Development Journal, Loei Rajabhat University",2774-1109,mint,7407066143,,https://so05.tci-thaijo.org/index.php/researchjournal-lru,TH,587
B,size_age_title,BOLETÍN DEL INSTITUTO OCEANOGRÁFICO DE VENEZUELA,0798-0639;2958-2555,link_issnless_namesake,4306504750,4306504750,https://iov-udo.com/revista/index.php/boletin57-1,VE,587
B,national_list,RMUTP Research Journal Sciences and Technology,3027-8260,mint,7407066144,,https://ph02.tci-thaijo.org/index.php/RMUTP,TH,586
B,size_age_title,Western European Journal of Modern Experiments and Scientific Methods,2942-1896,mint,7407066145,,https://westerneuropeanstudies.com/index.php/1,DE,585
B,national_list,Journal of Politics and Governance,2697-3790,mint_name_twin,7407066146,4210178538,https://so03.tci-thaijo.org/index.php/jopag,TH,585
B,size_age_title,International Journal of Natural and Engineering Sciences,2146-0086,link_issnless_namesake,4306514017,4306514017,https://www.ijnes.org/index.php/ijnes,TR,584
B,national_list,Journal of Dhamma for Life,2822-048X,mint,7407066147,,https://so08.tci-thaijo.org/index.php/dhammalife,TH,583
B,size_age_title,Episteme Transversalis,2236-2649,link_issnless_namesake,4306509607,4306509607,https://revista.ugb.edu.br/episteme,BR,582
B,size_age_title,Jurnal Ilmiah Sultan Agung,2963-2730,mint,7407066148,,https://jurnal.unissula.ac.id/index.php/JIMU,ID,581
B,national_list,NEU ACADEMIC AND RESEARCH JOURNAL,1906-7267;2697-3731,mint,7407066149,,https://so04.tci-thaijo.org/index.php/neuarj,TH,581
B,size_age_title,Lumen Veritatis - Revista tomista | Filosofia Teologia - Tomás de Aquino,1981-9390,link_issnless_namesake,4306518933,4306518933,https://lumenveritatis.org/ojs/index.php/lv,BR,580
B,size_age_title,BITARA International Journal of Civilizational Studies and Human Sciences (e-ISSN: 2600-9080),2600-9080,link_issnless_namesake,4306504468,4306504468,https://bitarajournal.com/index.php/bitarajournal,MY,580
B,size_age_title,"Tārīkh-i pizishkī i.e., Medical History",2251-8320;2476-3896,mint,7407066150,,https://journals.sbmu.ac.ir/index.php/mh,IR,579
B,size_age_title,Diritto Pubblico Europeo - Rassegna online,2421-0528,link_issnless_namesake,4306508116,4306508116,http://www.serena.unina.it/index.php/dperonline,IT,579
B,national_list,Journal of Roi Et Rajabhat University,2985-2110;2985-2129,mint,7407066151,,https://so03.tci-thaijo.org/index.php/reru,TH,577
B,size_age_title_other_script,Науковий вісник Національного музею історії України,2618-0235,link_issnless_namesake,4306539686,4306539686,https://visnyk.nmiu.org/index.php/nv,UA,577
B,size_age_title,"Journal of Innovation, Creativity and Art",2181-4287,mint,7407066152,,https://jica.innovascience.uz/index.php/jica,UZ,577
B,size_age_title,Revista Hypnos,1413-9138;2177-5346,mint,7407066153,,https://hypnos.org.br/index.php/hypnos,BR,575
B,size_age_title,Journal of the Pali Text Society,0958-8892;2978-4107,mint,7407066154,,https://hasp.ub.uni-heidelberg.de/journals/jpts,GB,575
B,national_list,Phranakhon Rajabhat Research Journal : Humanities and Social Sciences,2985-2781,mint,7407066155,,https://so05.tci-thaijo.org/index.php/PNRU_JHSS,TH,574
B,size_age_title,Revista de Derecho Administrativo,2074-0956,mint_name_twin,7407066156,5407047824,https://revistas.pucp.edu.pe/index.php/derechoadministrativo,PE,573
B,size_age_title,Revista de la Sociedad Venezolana de Microbiología,1317-973X,link_issnless_namesake,4306526928,4306526928,https://saber.ucv.ve/ojs/index.php/rev_vm,VE,573
B,size_age_title,Zamonaviy fan va ta'lim yangiliklari xalqaro ilmiy jurnal,3030-3044,mint,7407066157,,https://academics.uz/index.php/zfty,UZ,572
B,size_age_title,Anais Estendidos do Simpósio Brasileiro de Sistemas Multimídia e Web (WebMedia),2596-1683,mint,7407066158,,https://sol.sbc.org.br/index.php/webmedia_estendido,BR,570
B,size_age_title,Western European Journal of Historical Events and Social Science,2942-1926,mint,7407066159,,https://westerneuropeanstudies.com/index.php/4,DE,570
B,size_age_title,Proceeding of International Conference on Islamic and Interdisciplinary Studies,2963-5489,mint,7407066160,,https://jurnal.uindatokarama.ac.id/index.php/iciis,ID,570
B,size_age_title,Ethik und Gesellschaft,2365-6565,held_name_issnless,,4306509988,https://open-journals.uni-tuebingen.de/ojs/index.php/eug,DE,567
B,size_age_title,Recent Trends in Civil Engineering and Built Environment,2773-5184,link_issnless_namesake,4306525445,4306525445,https://publisher.uthm.edu.my/periodicals/index.php/rtcebe,MY,567
B,size_age_title,International Journal of Development and Public Policy,2792-3991,mint,7407066161,,https://oajournals.net/index.php/ijdpp,ES,567
B,size_age_title,The Insight,2663-9491;2789-6897,mint_name_twin,7407066162,4210190235;4210237336;4220650838;4393918208,https://bdjournals.org/index.php/insight,BD,566
B,size_age_title,Pedagogia em Ação,2175-7003,link_issnless_namesake,4306522150,4306522150,http://periodicos.pucminas.br/index.php/pedagogiacao,BR,566
B,size_age_title,LEGAL DIALOGICA,3110-8288,mint,7407066163,,https://jurnal.fh.umi.ac.id/index.php/legal,ID,566
B,national_list,Journal of Research in Nursing-Midwifery and Health Sciences,2985-0061,mint,7407066164,,https://he02.tci-thaijo.org/index.php/nur-psu,TH,566
B,national_list,Thai Journal of Anesthesiology,0857-1287;2697-5696,mint,7407066165,,https://he02.tci-thaijo.org/index.php/anesthai,TH,565
B,size_age_title,An Najah (Jurnal Pendidikan Islam dan Sosial Keagamaan),2964-9633;2964-965X,mint,7407066166,,https://journal.nabest.id/index.php/annajah,ID,563
B,national_list,Academic MCU Buriram Journal,2651-1150;2985-010X,mint,7407066167,,https://so06.tci-thaijo.org/index.php/ambj,TH,561
B,size_age_title,Iniciacom,1980-3494,held_name_issnless,,4306513375,https://revistas.intercom.org.br/index.php/iniciacom,BR,560
B,size_age_title,"Pakistan Journal of Society, Education and Language (PJSEL)",2521-8123;2523-1227,mint,7407066168,,https://pjsel.jehanf.com/index.php/journal,PK,560
B,national_list,Sarasatr: Journal of Architecture and Design,3027-8600,mint,7407066169,,https://so05.tci-thaijo.org/index.php/sarasatr,TH,560
B,size_age_title,Boletín Museo del Oro,0120-7296;2462-9790,link_issnless_namesake,4306504799,4306504799,https://publicaciones.banrepcultural.org/index.php/bmo,CO,559
B,size_age_title,Jurnal Medika Hutama,2715-8039;2715-9728,link_issnless_namesake,4306516932,4306516932,https://jurnalmedikahutama.com/index.php/JMH,ID,559
B,size_age_title,PEDAGOGIA OGGI,2611-6561,link_issnless_namesake,4306522153,4306522153,https://ojs.pensamultimedia.it/index.php/siped,IT,559
B,size_age_title,Jurnal Riset Mahasiswa Bimbingan Dan Konseling,2580-6831,link_issnless_namesake,4306517101,4306517101,http://journal.student.uny.ac.id/ojs/ojs/index.php/fipbk,ID,557
B,size_age_title,Journal of Research and Health Innovative Development,2774-0404,mint,7407066170,,https://he01.tci-thaijo.org/index.php/jrhi,TH,557
B,national_list,Journal of Applied Psychology and Buddhism for Society,3056-9834,mint,7407066171,,https://so03.tci-thaijo.org/index.php/human,TH,557
B,size_age_title,INTERNATIONAL CONFERENCE OF HUMANITIES AND SOCIAL SCIENCE (ICHSS),2827-8895,mint,7407066172,,https://programdoktorpbiuns.org/index.php/proceedings,,557
B,national_list,Academic Journal Phranakhon Rajabhat University,3027-7949,mint,7407066173,,https://so01.tci-thaijo.org/index.php/AJPU,TH,554
B,national_list,Research Community and Social Development Journal,3027-7515,mint,7407066174,,https://so04.tci-thaijo.org/index.php/NRRU,TH,554
B,size_age_title,Congresso Internacional de Políticas Públicas de Saúde - CIPPS,3086-500X,mint,7407066175,,https://portaleventos.uffs.edu.br/index.php/CIPPS,BR,552
B,national_list,Ratchaphruek Journal,3027-7663,mint,7407066176,,https://so05.tci-thaijo.org/index.php/Ratchaphruekjournal,TH,551
B,size_age_title,World of Medicine : Journal of Biomedical Sciences,2960-9356,mint,7407066177,,https://wom.semanticjournals.org/index.php/biomed,US,551
B,size_age_title,Solidaritas: Jurnal Ilmu-Ilmu Sosial,2615-6490,mint,7407066178,,https://ejurnal.unisri.ac.id/index.php/sldrts,ID,550
B,national_list,Journal of Social Science Development,2774-0412;2774-1168,mint,7407066179,,https://so07.tci-thaijo.org/index.php/JSSD,TH,550
B,size_age_title,Aula Virtual.,2665-0398,mint,7407066180,,https://aulavirtual.web.ve/revista/ojs/index.php/aulavirtual,VE,549
B,size_age_title,Mitteilungen der Fränkischen Geographischen Gesellschaft,0071-8173,link_issnless_namesake,4306520052,4306520052,https://fgg-erlangen.de/fgg/ojs/index.php/mfgg,DE,548
B,national_list,University of the Thai Chamber of Commerce Journal Humanities and Social Sciences,2651-1541;3027-7671,mint,7407066181,,https://so06.tci-thaijo.org/index.php/utccjournalhs,TH,548
B,size_age_title,Naturaleza y Tecnología,2007-672X,link_issnless_namesake,4306520584,4306520584,http://www.naturalezaytecnologia.com/index.php/nyt,MX,546
B,national_list,Journal of Engineering and Innovation,2774-1281,mint,7407066182,,https://ph02.tci-thaijo.org/index.php/eng_ubu,TH,546
B,size_age_title,SPOUDAI Journal of Economics and Business,1105-8919;2241-424X,link_issnless_namesake,2765028047,2765028047,https://spoudai.org/index.php/journal,GR,544
B,size_age_title,Zeitschrift für Inklusion,1862-5088,link_issnless_namesake,4306535600,4306535600,https://www.inklusion-online.net/index.php/inklusion-online,DE,543
B,size_age_title,Nemzetközi Vegyészkonferencia,1843-6293;2734-7109,mint,7407066183,,http://ojs.emt.ro/index.php/chem,RO,543
B,size_age_title,Benjamin Constant,1414-6339;1984-6061,link_issnless_namesake,4306504149,4306504149,https://revista.ibc.gov.br/index.php/BC,BR,541
B,size_age_title,Information Horizons: American Journal of Library and Information Science Innovation (2993-2777),2993-2777,mint,7407066184,,https://grnjournal.us/index.php/AJLISI,US,541
B,size_age_title,"HUMANITIS: Jurnal Homaniora, Sosial dan Bisnis",2988-6287,mint,7407066185,,https://humanisa.my.id/index.php/hms,ID,539
B,size_age_title,Cross-border,2615-3165;2776-2815,mint,7407066186,,https://journal.iaisambas.ac.id/index.php/Cross-Border,ID,537
B,size_age_title,Foro Jurídico,2414-1720,mint,7407066187,,https://revistas.pucp.edu.pe/index.php/forojuridico,PE,537
B,size_age_title,ldealistic Journal of Advanced Research in Progressive Spectrums (IJARPS) eISSN– 2583-6986,2583-6986,mint,7407066188,,https://journal.ijarps.org/index.php/IJARPS,IN,535
B,size_age_title,JURNAL ILMIAH MAHASISWA MERDEKA EMBA,2962-0708,mint,7407066189,,https://jom.umri.ac.id/index.php/emba,ID,534
B,size_age_title,DIGITAL TRANSFORMATION AND ARTIFICIAL INTELLIGENCE,3030-3346,mint,7407066190,,https://dtai.tsue.uz/index.php/dtai,UZ,533
B,national_list,Journal of Buddhist Innovation and Management,2774-0897;2774-0919,mint,7407066191,,https://so06.tci-thaijo.org/index.php/bim,TH,532
B,size_age_title,"Mufakat: Jurnal Ekonomi, Manajemen dan Akuntansi",2986-609X,mint,7407066192,,https://jurnal.anfa.co.id/index.php/mufakat,ID,531
B,national_list,The Journal of Faculty of Nursing Burapha University,0858-4338;2774-1214,mint,7407066193,,https://he02.tci-thaijo.org/index.php/Nubuu,TH,531
B,size_age_title,Gerentia,1690-3153;2244-8004,mint,7407066194,,https://investigacionuft.net.ve/revista/index.php/Gerentia,VE,530
B,size_age_title,"Pinisi Journal of Art, Humanity and Social Studies",2747-2671,mint,7407066195,,https://ojs.unm.ac.id/PJAHSS,ID,529
B,size_age_title,Proceeding Book Call for Papers Fakultas Kedokteran Universitas Muhammadiyah Surakarta,2721-2882,mint,7407066196,,https://proceedings.ums.ac.id/index.php/kedokteran,ID,527
B,size_age_title,Kreativitas Pada Pengabdian Masyarakat (Krepa),2988-3059,mint,7407066197,,https://jurnalcib.com/index.php/krepa,,527
B,size_age_title,Diseño en Síntesis,2007-9818,mint,7407066198,,https://disenoensintesisojs.xoc.uam.mx/index.php/disenoensintesis,MX,526
B,size_age_title,Warith Scientific Journal,2618-0278,mint,7407066199,,https://wsj.uowa.edu.iq/index.php/warith,IQ,525
B,size_age_title,Thai Journal of Nursing,3057-188X,link_issnless_namesake,4306531938,4306531938,https://he02.tci-thaijo.org/index.php/TJN,TH,524
B,size_age_title,Berlin Studies Transnational Journal of Science and Humanities,2749-0866,mint,7407066200,,https://berlinstudies.de/index.php/berlinstudies,DE,522
B,size_age_title,European Journal of Pedagogical Initiatives and Educational Practices,2938-3625,mint,7407066201,,https://europeanscience.org/index.php/4,ES,522
B,size_age_title,Episteme NS,0798-4324,mint,7407066202,,https://saber.ucv.ve/ojs/index.php/rev_ens,VE,522
B,size_age_title,POLISSEMA – Revista de Letras do ISCAP,1645-1937;2184-710X,link_issnless_namesake,4306522733,4306522733,https://parc.ipp.pt/index.php/Polissema,PT,521
B,size_age_title,Jurnal Ilmiah Pengabdian Pada Masyarakat,3026-1163,mint,7407066203,,https://jurnal.ittc.web.id/index.php/jipm,SI,521
B,national_list,"วารสารหน่วยวิจัยวิทยาศาสตร์ เทคโนโลยี และสิ่งแวดล้อมเพื่อการเรียนรู้ (Journal of Research Unit on Science, Technology and Environment for Learning)",3057-1154,mint,7407066204,,https://ejournals.swu.ac.th/index.php/JSTEL,TH,520
B,size_age_title,Revista Neuronum,2422-5193,link_issnless_namesake,4306527780,4306527780,https://eduneuro.com/revista/index.php/revistaneuronum,CO,519
B,size_age_title,KARYA: Jurnal Pengabdian Kepada Masyarakat,2798-1827;2798-2076,mint,7407066205,,https://jurnalfkip.samawa-university.ac.id/KARYA_JPM,ID,519
B,size_age_title,"International Journal of Studies in Business Management, Economics and Strategies",2949-883X;2949-8961,mint,7407066206,,https://scholarsdigest.org/index.php/bmes,NL,519
B,size_age_title,Zeitschrift für christlich-jüdische Begegnung im Kontext,2513-1389,link_issnless_namesake,4306535574,4306535574,https://imdialog.akademie-rs.de/ojs/index.php/cjbk,DE,517
B,national_list,NIDA Development Journal,0125-3689;2822-0536,mint,7407066207,,https://so04.tci-thaijo.org/index.php/NDJ,TH,515
B,size_age_title,Stenomusen,2597-0720;2597-0739,mint,7407066208,,https://tidsskrift.dk/stenomusen,DK,514
B,size_age_title,International Journal of Discoveries and Innovations in Applied Sciences,2792-3983,mint,7407066209,,https://oajournals.net/index.php/ijdias,ES,514
B,national_list,Royal Thai Navy Medical Journal,0125-6971;2985-1815,mint,7407066210,,https://he01.tci-thaijo.org/index.php/nmdjournal,TH,513
B,size_age_title,ANAIS DO SEMINÁRIO FORMAÇÃO DOCENTE: INTERSECÇÃO ENTRE UNIVERSIDADE E ESCOLA,2594-746X,mint,7407066211,,https://anaisonline.uems.br/index.php/seminarioformacaodocente,BR,512
B,size_age_title,Encontro Latino-americano e Europeu sobre Edificações e Comunidades Sustentáveis (euroELECS),3086-0369,mint,7407066212,,https://eventos.antac.org.br/index.php/euroelecs,BR,511
B,size_age_title,Prosiding Dedikasi: Pengabdian Mahasiswa Kepada Masyarakat,2798-9259,mint,7407066213,,https://openjournal.unpam.ac.id/index.php/PD,ID,511
B,size_age_title,Revista Avant,2526-9879;2966-3563,mint,7407066214,,https://ojs.sites.ufsc.br/index.php/avant,BR,510
B,size_age_title,Revista Eletrônica de Ciências Jurídicas,2236-1286,link_issnless_namesake,4306527224,4306527224,https://revista.fadipa.br/index.php/cjuridicas,BR,510
B,size_age_title,Ife Journal of Agriculture,0331-6351,link_issnless_namesake,4306512873,4306512873,https://ija.oauife.edu.ng/index.php/ija,NG,510
B,size_age_title,Working Paper Series,1615-4274;2628-1724,mint_name_twin,7407066215,4210201284;4210192657,http://journals.ub.uni-magdeburg.de/ubjournals/index.php/FEMM-WPS,DE,509
B,size_age_title,Jurnal Pendidikan Sosial Dan Konseling,2987-8381,mint,7407066216,,https://jurnal.ittc.web.id/index.php/jpdsk,ID,509
B,national_list,Journal of Mekong Societies,1686-6541;2697-6056,mint,7407066217,,https://so03.tci-thaijo.org/index.php/mekongjournal,TH,508
B,size_age_title,Boletín Semillas Ambientales,2463-0691,link_issnless_namesake,4306504804,4306504804,https://revistas.udistrital.edu.co/index.php/bsa,CO,505
B,national_list,"Governance Journal, Kalasin University",3027-8589,mint,7407066218,,https://so01.tci-thaijo.org/index.php/gjournal-ksu,TH,505
B,size_age_title,Universitas Científica,1692-0155;2462-8662,link_issnless_namesake,4306533864,4306533864,https://revistas.upb.edu.co/index.php/universitas,CO,504
B,size_age_title,International Journal of Social Science Archives (IJSSA),2707-8892;2957-9392,mint,7407066219,,https://ijssa.com/index.php/ijssa,PK,504
B,size_age_title,Jurnal Applied Science in Civil Engineering,2722-1032,mint,7407066220,,https://asce.ppj.unp.ac.id/index.php/ASCE,ID,503
B,size_age_title,International Journal of Computer (IJC),2307-4523,link_issnless_namesake,4306513923,4306513923,https://ijcjournal.org/index.php/InternationalJournalOfComputer,JO,503
B,size_age_title,Pedagogía Profesional,1684-5765,mint,7407066221,,http://revistas.ucpejv.edu.cu/index.php/rPProf,CU,502
B,size_age_title,European Journal of Agricultural and Rural Education,2660-5643,mint,7407066222,,https://scholarzest.com/index.php/ejare,ES,502
B,size_age_title,Anais do Simpósio Latino-Americano de Estudos de Desenvolvimento Regional,2764-295X,mint,7407066223,,https://www.publicacoeseventos.unijui.edu.br/index.php/slaedr,BR,501
B,size_age_title,"Revista de Educação, Ciências e Matemática",2238-2380,link_issnless_namesake,4306526681,4306526681,https://granrio.emnuvens.com.br/recm,BR,501
B,national_list,Thai Journal of Public Health,2697-584X;2697-5866,mint,7407066224,,https://he02.tci-thaijo.org/index.php/jph,TH,501
B,size_age_title,Anais do Seminário de Atualização de Práticas Docentes,2177-5613,mint,7407066225,,https://anais.unievangelica.edu.br/index.php/praticasdocentes,BR,500
B,size_age_title,"Prosiding Seminar Nasional Hukum, Bisnis, Sains dan Teknologi",2987-484X,mint,7407066226,,https://ojs.udb.ac.id/index.php/HUBISINTEK,ID,500
B,size_age_title,Conference on Safety Engineering and Its Application,2581-1770,mint,7407066227,,https://journal.ppns.ac.id/index.php/seminarK3PPNS,ID,499
B,national_list,Business Administration and Management Journal Review,3027-8945,mint,7407066228,,https://so01.tci-thaijo.org/index.php/bahcuojs,TH,499
B,size_age_title_other_script,Прикладні інформаційні технології,2708-5821,mint,7407066229,,,UA,499
B,size_age_title,REBELA - Revista Brasileira de Estudos Latino-Americanos,2237-339X,link_issnless_namesake,4306525435,4306525435,https://ojs.sites.ufsc.br/index.php/rebela,BR,498
B,size_age_title,Web of Discoveries: Journal of Analysis and Inventions,2938-3773,mint,7407066230,,https://webofjournals.com/index.php/3,ES,498
B,size_age_title,Prosiding Konferensi Nasional Social & Engineering Polmed (KONSEP),2808-4780,mint,7407066231,,https://ojs.polmed.ac.id/index.php/KONSEP2021,ID,497
B,size_age_title,Seminar Nasional Penelitian dan Pengabdian Kepada Masyarakat 2025,2809-2767,mint,7407066232,,https://prosiding.uhb.ac.id/index.php/SNPPKM,ID,497
B,size_age_title,Revista Rede de Cuidados em Saúde,1982-6451,link_issnless_namesake,4306527897,4306527897,https://granrio.emnuvens.com.br/rcs,BR,496
B,national_list,BCNNON Health Science Research Journal,2985-2501;3027-6659,mint,7407066233,,https://he01.tci-thaijo.org/index.php/JHR,TH,496
B,size_age_title,Journal of Social Issues and Health Sciences (JSIHS),2966-0742,mint,7407066234,,https://ojs.thesiseditora.com.br/index.php/jsihs,BR,495
B,size_age_title,Revista Expressão,2238-8710,link_issnless_namesake,4306527349,4306527349,https://portaldeperiodicos.unibrasil.com.br/index.php/revistaexpressao,BR,495
B,size_age_title,REVISTA SAÚDE & CIÊNCIA,2317-8469,mint,7407066235,,https://rsc.revistas.ufcg.edu.br/index.php/rsc,BR,495
B,size_age_title_other_script,Γεωγραφίες,1109-186X,mint,7407066236,,https://ejournals.epublishing.ekt.gr/index.php/geographies,GR,495
B,size_age_title,African Journal of Emerging Issues,2663-9335,link_issnless_namesake,4306500886,4306500886,https://ajoeijournals.org/sys/index.php/ajoei,KE,495
B,national_list,Journal of the Psychiatric Association of Thailand,0125-6785;2697-4126,link_issnless_namesake,4306516350,4306516350,https://he01.tci-thaijo.org/index.php/JPAT,TH,495
B,national_list,Interdisciplinary Research Review,2697-522X;2697-536X,mint,7407066237,,https://ph02.tci-thaijo.org/index.php/jtir,TH,495
B,size_age_title_other_script,วารสารวิชาการอุตสาหกรรมศึกษา,1905-9450,link_issnless_namesake,4306497040,4306497040,https://ejournals.swu.ac.th/index.php/jindedu,TH,495
B,size_age_title,Revista Científica Unilago,2318-244X,mint,7407066238,,https://revistas.unilago.edu.br/index.php/revista-cientifica,BR,494
B,size_age_title,Tekhne e Logos,2176-4808,link_issnless_namesake,4306531737,4306531737,http://revista.fatecbt.edu.br/index.php/tl,BR,494
B,size_age_title,Foro Cubano-Divulgación,2590-4833,link_issnless_namesake,4306510759,4306510759,https://revistas.usergioarboleda.edu.co/index.php/fc_divul,CO,494
B,size_age_title,Web of Technology: Multidimensional Research Journal,2938-3757,mint,7407066239,,https://webofjournals.com/index.php/4,ES,494
B,size_age_title,Ingegneria dell'Ambiente,2420-8256,link_issnless_namesake,4306513328,4306513328,https://www.ingegneriadellambiente.net/ojs/index.php/ida,IT,493
B,size_age_title,Confluenţe Bibliologice,1857-0232,mint,7407066240,,http://ojs.usarb.md/index.php/confbib,MD,493
B,national_list,Journal of Accountancy and Management,1906-7933;2730-3276,mint,7407066241,,https://so02.tci-thaijo.org/index.php/mbs,TH,492
B,national_list,Romphruek Journal of the Humanities and Social Sciences,3027-7647;3027-768X,mint,7407066242,,https://so05.tci-thaijo.org/index.php/romphruekj,TH,491
B,national_list,UMT-Poly Journal,3088-1269,mint,7407066243,,https://so06.tci-thaijo.org/index.php/umt-poly,TH,491
B,size_age_title,Eurasian Journal of Engineering and Technology,2795-7640,mint,7407066244,,https://geniusjournals.org/index.php/ejet,BE,490
B,national_list,Sripatum Chonburi Academic Journal,2985-1513,mint,7407066245,,https://so05.tci-thaijo.org/index.php/SPUCJ,TH,490
B,national_list,Journal of Information Science Research and Practice,3027-6586,mint,7407066246,,https://so03.tci-thaijo.org/index.php/jiskku,TH,490
B,size_age_title,Intersections of Faith and Culture: American Journal of Religious and Cultural Studies (2993-2599),2993-2599,mint,7407066247,,https://grnjournal.us/index.php/AJRCS,US,490
B,size_age_title,Anais do Simpósio Brasileiro de Banco de Dados (SBBD),2763-8979,mint,7407066248,,https://sol.sbc.org.br/index.php/sbbd,BR,489
B,size_age_title_other_script,科技创新与工程,3060-8988;3060-8996,mint,7407066249,,https://journals.nassg.org/index.php/tie-cn,,489
B,size_age_title_other_script,ОСНОВЫ МЕДИЦИНЫ,3060-494X,mint,7407066250,,https://journals.tnmu.uz/index.php/tas,UZ,488
B,size_age_title,Arquivos Brasileiros de Medicina Veterinária FAG,2595-5659,mint,7407066251,,https://themaetscientia.fag.edu.br/index.php/ABMVFAG,BR,487
B,size_age_title,Jurnal Psikososial dan Pendidikan,3089-9486,mint,7407066252,,https://publisherqu.com/index.php/psikosospen,ID,487
B,size_age_title,Global Scientific Review,2795-4951,mint,7407066253,,https://scienticreview.com/index.php/gsr,PT,487
B,size_age_title,P.A. Persona e Amministrazione,2610-9050,link_issnless_namesake,4306522011,4306522011,https://journals.uniurb.it/index.php/pea,IT,486
B,size_age_title,American Journal of Technology and Applied Sciences,2832-1766,mint,7407066254,,https://americanjournal.org/index.php/ajtas,US,486
B,national_list,Journal for Community Development and Life Quality,3057-1847,mint,7407066255,,https://so02.tci-thaijo.org/index.php/JCDLQ,,486
B,size_age_title,Global Accounting,2828-0822,mint,7407066256,,https://jurnal.ubd.ac.id/index.php/ga,ID,485
B,national_list,Journal of Nakhonratchasima college (Humanities and Social Sciences),1906-1056;2697-5092,mint,7407066257,,https://so03.tci-thaijo.org/index.php/hsjournalnmc,TH,485
B,national_list,JOURNAL OF SOUTHERN TECHNOLOGY,1906-0807;2985-0045,mint,7407066258,,https://so04.tci-thaijo.org/index.php/journal_sct,TH,485
B,size_age_title,Boletim do Tempo Presente,1981-3384,link_issnless_namesake,4306504601,4306504601,https://periodicos.ufs.br/tempopresente,BR,483
B,size_age_title_other_script,سلسلة العلوم الزراعية والتقانة الحيوية,1022-467X,mint,7407066259,,https://journal.homs-univ.edu.sy/index.php/Agri,SY,483
B,national_list,Chinese Language and Culture Journal,2821-9805,mint,7407066260,,https://so02.tci-thaijo.org/index.php/clcjn,TH,483
B,national_list,Srinakharinwirot University Journal of Sciences and Technology,2985-2641,mint,7407066261,,https://ph02.tci-thaijo.org/index.php/swujournal,,483
B,size_age_title,Improving University Science Teaching and Learning,1904-2000;1904-2019,mint,7407066262,,http://www.mscand.dk/index.php/IUSTL,DK,482
B,size_age_title,Revista Doutrina Militar Terrestre,2317-6350,mint,7407066263,,https://decex.nucleoead.net/ebrevistas22/DMT,,482
B,size_age_title,Revista de Ciências da Saúde - REVIVA,2965-0232,mint,7407066264,,https://revistas.uceff.edu.br/reviva,BR,481
B,size_age_title,Revista sobre Relaciones Industriales y Laborales,0798-197X;2244-8640,link_issnless_namesake,4306527949,4306527949,https://revistasenlinea.saber.ucab.edu.ve/index.php/rrii2,VE,481
B,size_age_title,Revista Pensamento Jurídico,2238-944X;2447-8571,link_issnless_namesake,4306527820,4306527820,https://ojs.unialfa.com.br/index.php/pensamentojuridico,BR,479
B,size_age_title,Revista Científica Investigación Andina,1994-8077;2521-2117,mint,7407066265,,https://revistas.uancv.edu.pe/index.php/RCIA,PE,479
B,size_age_title_other_script,Вестник Библиотечной Ассамблеи Евразии,2658-4921;2658-7351,mint,7407066266,,,RU,479
B,size_age_title,Journal of Association of Professional Development of Educational Administration of Thailand (JAPDEAT),3027-8813,mint,7407066267,,https://so04.tci-thaijo.org/index.php/JAPDEAT,TH,479
B,national_list,"Journal of Science and Technology, Ubon Ratchathani University",3057-1472,mint,7407066268,,https://li01.tci-thaijo.org/index.php/sci_ubu,TH,478
B,national_list,Research on Modern science and Utilizing Technological Innovation Journal (RMUTI Journal),3027-6756,mint,7407066269,,https://ph01.tci-thaijo.org/index.php/rmutijo,TH,478
B,size_age_title,"AL-NUR JOURNAL OF GRADUATE SCHOOL, FATONI UNIVERSITY",3057-1715,mint,7407066270,,https://so01.tci-thaijo.org/index.php/NUR_YIU,TH,478
B,national_list,Journal of Humanities and Social Sciences (HUSOKKU),3027-7876,mint,7407066271,,https://so01.tci-thaijo.org/index.php/HUSO,TH,478
B,size_age_title,Revista do Ministério Público Militar,0103-6769;2596-1608,mint,7407066272,,https://revista.mpm.mp.br/rmpm,BR,477
B,national_list,Journal of Educational Management and Research Innovation,3088-246X,mint,7407066273,,https://so02.tci-thaijo.org/index.php/jemri,TH,477
B,size_age_title,Impacto Científico,1856-5042;2542-3207,link_issnless_namesake,4306513061,4306513061,https://produccioncientifica.luz.edu.ve/index.php/impacto,VE,477
B,national_list,Journal of Preventive Medicine Association of Thailand,2985-2943;2985-2951,mint,7407066274,,https://he01.tci-thaijo.org/index.php/JPMAT,TH,476
B,size_age_title,Journal of Ethics and Diversity in International Communication,2792-4017,mint,7407066275,,https://oajournals.net/index.php/jedic,ES,475
B,size_age_title,Revista de Administración Pública,0034-7620;2641-0087,mint_name_twin,7407066276,4210189553,https://revistas.upr.edu/index.php/ap,US,475
B,size_age_title,Revista do Instituto de Ciências Humanas,1980-0428;2359-0017,link_issnless_namesake,4306527134,4306527134,http://periodicos.pucminas.br/index.php/revistaich,BR,474
B,size_age_title,Edu Technopedia: Journal of Educational Technology and Learning,3110-4428,mint,7407066277,,https://journal.student.uny.ac.id/index.php/fiptp,ID,474
B,size_age_title,CR. Conservación y Restauración,2395-9754,link_issnless_namesake,4363607298,4363607298,https://revistas.inah.gob.mx/index.php/cr,MX,474
B,size_age_title,Java Health Jounal,2338-5936;2622-9390,link_issnless_namesake,4306514913,4306514913,https://jhj.fik-unik.ac.id/index.php/JHJ,ID,473
B,national_list,"Journal of the Office of Disease Prevention and Control, 7 Khon Kaen",3088-1757,mint,7407066278,,https://he01.tci-thaijo.org/index.php/jdpc7kk,TH,473
B,size_age_title_other_script,工程研究前沿,3060-9054;3060-9062,mint,7407066279,,https://journals.nassg.org/index.php/foer-cn,,473
B,size_age_title,Current Science,2795-8639,mint_name_twin,7407066280,29607422,https://currentscience.info/index.php/cs,BE,470
B,size_age_title,Revista Cantareira,1677-7794,link_issnless_namesake,4306526241,4306526241,https://periodicos.uff.br/cantareira,BR,470
B,size_age_title,Revista Eletrônica do Instituto de Humanidades,1678-3182,link_issnless_namesake,4306527235,4306527235,https://granrio.emnuvens.com.br/reihm,BR,470
B,national_list,Journal of Management Science Nakhon Pathom Rajabhat University,2392-5817,mint,7407066281,,https://so03.tci-thaijo.org/index.php/JMSNPRU,TH,469
B,national_list,"Thai Journal of Health, Physical Education and Recreation",3027-8406,mint,7407066282,,https://so03.tci-thaijo.org/index.php/tahper,TH,468
B,national_list,KASEM BUNDIT JOURNAL,2672-9954;3027-6713,mint,7407066283,,https://so04.tci-thaijo.org/index.php/jkbu,TH,467
B,national_list,"Journal of Health Policy, Law and Administration",3088-330X,mint,7407066284,,https://so05.tci-thaijo.org/index.php/journal_law,,467
B,size_age_title,"Jurnal LPPM Bidang EkoSosBudKum (Ekonomi,Sosial,Budaya, dan Hukum)",2407-361X,mint,7407066285,,https://ejournal.unsrat.ac.id/index.php/lppmekososbudkum,ID,466
B,size_age_title,Revista Tributária e de Finanças Públicas,1518-2711,mint,7407066286,,https://rtrib.abdt.org.br/index.php/rtfp,BR,465
B,size_age_title,Anais do CIDIL,2525-3913,link_issnless_namesake,4306501734,4306501734,https://periodicos.rdl.org.br/anacidil,BR,465
B,size_age_title,International Journal for Research in Science Engineering & Technology,2394-739X,mint,7407066287,,https://ijrset.in/index.php/ijrset,IN,465
B,size_age_title_other_script,教育与传统文化,3060-9119;3060-9127,mint,7407066288,,https://journals.nassg.org/index.php/edtc-cn,,465
B,size_age_title,Anais do Simpósio Brasileiro de Engenharia de Sistemas Computacionais (SBESC),2237-5430,mint,7407066289,,https://sol.sbc.org.br/index.php/sbesc,BR,464
B,national_list,ARU Research Journal Humanities and Social Sciences,2985-0606,mint,7407066290,,https://so01.tci-thaijo.org/index.php/rdi-aru,TH,464
B,size_age_title_other_script,Медицинский журнал молодых ученых,2181-3485,mint,7407066291,,https://journals.tnmu.uz/index.php/yotj,UZ,464
B,size_age_title,Portuguese Journal of Cardiac Thoracic and Vascular Surgery,2184-9919,held_same_host_other_issns,,4363605977,https://pjctvs.com/index.php/journal,US,463
B,size_age_title,Diálogos Possíveis,1677-7603;2447-9047,link_issnless_namesake,4306507930,4306507930,https://revista.grupofaveni.com.br/index.php/dialogospossiveis,BR,462
B,size_age_title,EXTRAMUROS - Revista de Extensão da UNIVASF,2318-3640,link_issnless_namesake,4306510279,4306510279,https://periodicos.univasf.edu.br/index.php/extramuros,BR,462
B,national_list,ACADEMIC JOURNAL BANGKOKTHONBURI UNIVERSITY,2773-8930,mint,7407066292,,https://so01.tci-thaijo.org/index.php/bkkthon,TH,462
B,size_age_title,Scholar: National School of Leadership,2320-3013,mint,7407066293,,https://jconsortium.com/index.php/scholar,IN,461
B,national_list,Al-HIKMAH Journal,3057-1413,mint,7407066294,,https://so01.tci-thaijo.org/index.php/HIKMAH,TH,461
B,size_age_title,Anais do Congresso de Ginástica para Todos (ISSN 2674-9998),2674-9998,mint,7407066295,,https://www.anais.ueg.br/index.php/GPT,BR,460
B,size_age_title,Revista Cubana de Medicina Física y Rehabilitación,2078-7162,link_issnless_namesake,4306526461,4306526461,https://revrehabilitacion.sld.cu/index.php/reh,CU,460
B,size_age_title,Ruperto Carola,0035-998X;2702-0983,link_issnless_namesake,4306528899,4306528899,https://heiup.uni-heidelberg.de/journals/rupertocarola,DE,460
B,national_list,Journal of MCU Social Development,2539-5718;2651-1215,mint,7407066296,,https://so06.tci-thaijo.org/index.php/JMSD,TH,460
B,size_age_title,Kumpulan Hasil Riset Mahasiswa Akuntansi (KHARISMA),2716-2710,mint,7407066297,,https://e-journal.unmas.ac.id/index.php/kharisma,ID,459
B,size_age_title,Proceeding of International Conference on Education,2964-7479,mint_name_twin,7407066298,5407035425,https://ice.stkipkusumanegara.ac.id/index.php/proceeding-ice,ID,459
B,size_age_title,Mallorn: The Journal of the Tolkien Society,0308-6674,link_issnless_namesake,4306519135,4306519135,https://journals.tolkiensociety.org/mallorn,GB,459
B,size_age_title,International Conference on Humanity Education and Society (ICHES),2988-5027,mint,7407066299,,https://proceedingsiches.com/index.php/ojs,ID,457
B,size_age_title,Proceedings of the Sustainable Research and Innovation Conference,2079-6226,mint,7407066300,,https://sri.jkuat.ac.ke/jkuatsri/index.php/sri,KE,457
B,size_age_title,International Journal of Innovative Analyses and Emerging Technology,2792-4025,mint,7407066301,,https://oajournals.net/index.php/ijiaet,ES,457
B,size_age_title,Arquivos em Movimento,1808-0901;1809-9556,link_issnless_namesake,4306503111,4306503111,https://revistas.ufrj.br/index.php/am,BR,456
B,size_age_title,Jurnal Ilmiah Mahasiswa Pendidikan,2985-8194,link_issnless_namesake,4306516745,4306516745,https://jim.bbg.ac.id/index.php/pendidikan,ID,456
B,size_age_title,AMAMIHE Journal of Applied Philosophy,1597-0779,mint,7407066302,,https://acjol.org/index.php/ajap,NG,456
B,size_age_title,Fine Arts Journal: Srinakharinwirot University,3027-8864;3027-8872,mint,7407066303,,https://so01.tci-thaijo.org/index.php/jfofa,TH,456
B,national_list,The Periodical of Behavioral Science,3027-8805,mint,7407066304,,https://so06.tci-thaijo.org/index.php/BSRI,TH,456
B,size_age_title_other_script,Бюллетень инновационных технологий,2520-2839,link_issnless_namesake,4306538345,4306538345,https://bitjournal.ru/index.php/BIT,BY,455
B,size_age_title,SPASIAL,2442-3262;2723-5580,link_issnless_namesake,4306530589,4306530589,https://ejournal.unsrat.ac.id/index.php/spasial,ID,455
B,national_list,Journal of Mahayana voice,2985-2706;2985-2714,mint,7407066305,,https://so09.tci-thaijo.org/index.php/nsc,TH,455
B,size_age_title,Revista do Instituto Histórico e Geográfico de Sergipe,1981-7347;2446-4856,link_issnless_namesake,4306527137,4306527137,https://periodicos.ufs.br/rihgse,BR,454
B,size_age_title,Revista Cubana de Medicina del Deporte y la Cultura Física,1728-922X,link_issnless_namesake,4306526460,4306526460,https://revmedep.sld.cu/index.php/medep,CU,454
B,size_age_title,Jahreshefte der Gesellschaft für Naturkunde in Württemberg,0368-2307,mint,7407066306,,https://ojs-jh-gfn.ub.uni-stuttgart.de/index.php/jahreshefte,DE,454
B,size_age_title,Prosiding Seminar Nasional Ilmu Ilmu Sosial (SNIIS),2985-9522,mint,7407066307,,https://proceeding.unesa.ac.id/index.php/sniis,ID,454
B,size_age_title,GPH-International Journal of Social Science and Humanities Research,3050-9637,mint,7407066308,,https://gphjournal.org/index.php/ssh,NL,454
B,size_age_title_other_script,Актуальные проблемы педагогики и психологии. Научный рецензируемый электронный журнал (сетовое издание) 16+,2712-8784,mint,7407066309,,http://pedpsy.ru/index.php/ped,RU,454
B,national_list,Thai Journal of Dermatology,0125-8680;2651-2106,mint,7407066310,,https://he02.tci-thaijo.org/index.php/TJD,TH,454
B,national_list,Lanna Public Health Journal,1686-7076;2672-930X,mint,7407066311,,https://he02.tci-thaijo.org/index.php/LPHJ,TH,454
B,size_age_title,Central Asian Journal of Medicine,2181-1326,link_issnless_namesake,4306505845,4306505845,https://journals.tma.uz/index.php/cajm,UZ,454
B,size_age_title_other_script,经济与产业发展,3060-9178;3060-9186,mint,7407066312,,https://journals.nassg.org/index.php/ecin-cn,,454
B,size_age_title,Journal of MCU Palisueksabuddhaghosa Review,3057-1952,mint,7407066313,,https://so05.tci-thaijo.org/index.php/Palisueksabuddhaghosa,,454
B,national_list,"Journal of Phrapokklao Nursing College, Chanthaburi",2985-2463,mint,7407066314,,https://he01.tci-thaijo.org/index.php/pnc,TH,453
B,size_age_title,International Journal of Innovation Management and Organizational Behavior (IJIMOB),3041-8992,mint,7407066315,,https://journals.kmanpub.com/index.php/ijimob,IR,452
B,national_list,Journal of Fine and Applied Arts Khon Kaen University,2730-2245;3027-6292,mint,7407066316,,https://so02.tci-thaijo.org/index.php/fakku,TH,452
B,national_list,KKU Research Journal (Graduate Studies) Humanities and Social Sciences,2286-7910;2672-9644,mint,7407066317,,https://so04.tci-thaijo.org/index.php/gskkuhs,TH,451
B,size_age_title_other_script,Потомки Аль-Фаргани,2181-4252,mint,7407066318,,https://al-fargoniy.uz/index.php/journal,UZ,451
B,size_age_title,Tạp chí Khoa học- Trường Đại học Phú Yên,0866-7780,mint,7407066319,,https://vjol-admin.dainv.online/pyu,,451
B,size_age_title,Pakistan Perspective,1810-5858;2707-899X,link_issnless_namesake,4306521921,4306521921,https://journal.psc.edu.pk/index.php/pp,PK,450
B,national_list,"Education journal Faculty of Education, Nakhon Sawan Rajabhat University",2774-1370,mint,7407066320,,https://so02.tci-thaijo.org/index.php/edunsrujo,TH,450
B,size_age_title,THE JOURNAL OF PSYCHIATRIC NURSING AND MENTAL HEALTH,3027-8031,mint,7407066321,,https://he02.tci-thaijo.org/index.php/JPNMH,TH,450
B,size_age_title,Quórum Académico,1690-7582;2542-3223,link_issnless_namesake,4306525241,4306525241,https://produccioncientificaluz.org/index.php/quorum,VE,449
B,size_age_title,Revista de la Academia Colombiana de Jurisprudencia,0123-3017,link_issnless_namesake,4306526849,4306526849,https://revista.academiacolombianadejurisprudencia.com.co/index.php/revista_acj,CO,448
B,size_age_title,Revista Jurídica (FURB),1982-4858,link_issnless_namesake,4306527615,4306527615,https://ojsrevista.furb.br/ojs/index.php/juridica,BR,447
B,size_age_title,Anales de Salud Mental,1023-389X;3028-9467,mint,7407066322,,https://openjournal.insm.gob.pe/revistasm/asm,PE,447
B,size_age_title,Journal of Agriculture & Horticulture,2770-9132,mint,7407066323,,https://internationalbulletins.com/intjour/index.php/jah,US,447
B,size_age_title,Transactions on Additive Manufacturing Meets Medicine,2699-1977,link_issnless_namesake,4306533184,4306533184,https://www.journals.infinite-science.de/index.php/ammm,DE,446
B,size_age_title,JOURNAL OF EDUCATION AND SCIENTIFIC MEDICINE,2181-3175,mint,7407066324,,https://journals.tma.uz/index.php/jesm,UZ,446
B,size_age_title,Anais do Encontro Anual de Tecnologia da Informação,2236-8604,mint,7407066325,,http://anais.eati.info/eati,BR,445
B,size_age_title,Ação Odonto,2318-8308,link_issnless_namesake,4306500127,4306500127,https://periodicos.unoesc.edu.br/acaodonto,BR,445
B,national_list,JUPITER: Jurnal Penelitian Ilmu dan Teknologi Komputer,2085-2029;2622-609X,mint,7407066326,,https://jurnal.polsri.ac.id/index.php/jupiter,ID,444
B,size_age_title,Western European Journal of Medicine and Medical Science,2942-1918,mint,7407066327,,https://westerneuropeanstudies.com/index.php/3,DE,443
B,national_list,Journal of Social Academic,1906-2508;2697-5831,mint,7407066328,,https://so04.tci-thaijo.org/index.php/social_crru,TH,443
B,national_list,Academic Journal of Community Public Health,2408-2686;2730-308X,mint,7407066329,,https://he02.tci-thaijo.org/index.php/ajcph,TH,442
B,size_age_title,European Science Methodical Journal,2938-3641,mint,7407066330,,https://europeanscience.org/index.php/3,ES,441
B,national_list,๋Journal of Wisdom in Political Science and Multidisciplinary Sciences,2730-2970;2985-1351,mint,7407066331,,https://so01.tci-thaijo.org/index.php/WPSMS,TH,441
B,size_age_title,Scholastic: Journal of Natural and Medical Education,2835-303X,mint,7407066332,,https://journal.univerpublishing.org/index.php/scholastic,US,441
B,size_age_title,Prosiding Kajian Islam dan Integrasi Ilmu di Era Society (KIIIES) 5.0,2962-7257,mint,7407066333,,https://jurnal.uindatokarama.ac.id/index.php/kiiies50,ID,440
B,size_age_title,Spanish Journal of Environmental Mutagenesis and Genomics,2952-1742,mint,7407066334,,https://ojs.diffundit.com/index.php/sema,ES,440
B,size_age_title,Revista Contemplação,2179-8079,link_issnless_namesake,4306526390,4306526390,https://revista.fajopa.com/index.php/contemplacao,BR,439
B,size_age_title,DIKSHI (DISKUSI ILMIAH KOMUNITAS HUBUNGAN INTERNASIONAL),2828-1853,mint,7407066335,,https://ojs.unud.ac.id/index.php/hi,ID,439
B,national_list,Local Administration Journal,1906-103X;2730-1834,mint,7407066336,,https://so04.tci-thaijo.org/index.php/colakkujournals,TH,439
B,size_age_title_other_script,Известия Алтайского отделения Русского географического общества,2410-1192,link_issnless_namesake,4306539216,4306539216,http://rgo-journal.ru/index.php/babrgs,RU,438
B,size_age_title,InULA Notes: Indiana University Librarians Association,2334-1645,link_issnless_namesake,4306514275,4306514275,https://scholarworks.iu.edu/journals/index.php/inula,US,438
B,size_age_title,Informativo Técnico do Semiárido,2317-305X,link_issnless_namesake,4306513284,4306513284,https://www.gvaa.com.br/revista/index.php/INTESA,BR,437
B,size_age_title,Frónesis,1315-6268;2542-3193,mint,7407066337,,https://produccioncientifica.luz.edu.ve/index.php/fronesis,VE,437
B,size_age_title_other_script,"Сельскохозяйственный журнал ISSN (Print): 2687-1246, ISSN (Online): 2687-1254",2687-1246;2687-1254,mint,7407066338,,https://ojs.fnac.center/index.php/agricultural-journal,RU,436
B,national_list,King Prajadhipok’s Institute Journal,3057-1065;3057-1073,mint,7407066339,,https://so06.tci-thaijo.org/index.php/kpi_journal,TH,436
B,size_age_title,Science and Engineering National Seminar (SENS),2985-3532,mint,7407066340,,https://conference.upgris.ac.id/index.php/sens,ID,435
B,size_age_title,International Journal of Strategic Management and Economic Studies (IJSMES),2791-299X,mint,7407066341,,https://www.ijsmes.com/index.php/IJSMES,,435
B,size_age_title,Recorde: Revista de História do Esporte,1982-8985,link_issnless_namesake,4306525500,4306525500,https://revistas.ufrj.br/index.php/Recorde,BR,434
B,size_age_title,Jurnal Adijaya Multidisiplin,2964-7606,mint,7407066342,,https://e-journal.naureendigition.com/index.php/jam,ID,434
B,size_age_title,Eduscotech,2716-0645;2716-0653,mint,7407066343,,https://journal.udn.ac.id/index.php/eduscotech,ID,434
B,size_age_title,Revista Eletrônica da Estácio Recife,2525-3646,link_issnless_namesake,4306527216,4306527216,https://reer.emnuvens.com.br/reer,BR,433
B,size_age_title,Anais do Encontro de Iniciação Científica e Pesquisa das Faculdades Integradas de Jaú,3085-7414,mint,7407066344,,https://portal.fundacaojau.edu.br:4433/journal/index.php/enic,BR,433
B,national_list,Journal of Thai Justice System,2985-2595;2985-2609,mint,7407066345,,https://so04.tci-thaijo.org/index.php/JTJS,TH,433
B,size_age_title,Caderno Setorial ETENE,2966-3482,mint,7407066346,,https://www.bnb.gov.br/revista/cse,BR,432
B,size_age_title,Proceedings of International Conference on Islamic Civilization and Humanities,3025-1575,mint,7407066347,,https://proceedings.uinsa.ac.id/index.php/iconfahum,ID,432
B,national_list,INTERDISCIPLINARY SOCIAL SCIENCES AND COMMUNICATION JOURNAL,2985-248X,mint,7407066348,,https://so02.tci-thaijo.org/index.php/ISSC,TH,432
B,national_list,Valaya Alongkorn Review Journal,3056-9419;3056-9427,mint,7407066349,,https://so06.tci-thaijo.org/index.php/var,TH,432
B,size_age_title,Ingenio,2011-5822;2744-807X,mint_name_twin,7407066350,5407013645;4210199118,https://revistas.upb.edu.co/index.php/ingenio,CO,431
B,size_age_title,Shnakhat,2709-7633;2709-7641,mint,7407066351,,https://shnakhat.com/index.php/shnakhat,PK,431
B,size_age_title,Archivo Dominicano,0211-5255;2952-2196,mint,7407066352,,https://archivodominicano.dominicos.org/ojs,ES,431
B,size_age_title,Adiguna: Jurnal Pengabdian dan Pemberdayaan Masyarakat,2685-841X;2715-0542,mint,7407066353,,https://jurnal.stkippgribl.ac.id/index.php/adiguna,ID,430
B,national_list,BULLETIN OF THE DEPARTMENT OF MEDICAL SCIENCES,3057-1308,mint,7407066354,,https://he02.tci-thaijo.org/index.php/dmsc,TH,430
B,national_list,วารสารพุทธปรัชญาวิวัฒน์,2730-2644,mint,7407066355,,https://ojs.mbu.ac.th/index.php/jbpe,TH,430
B,size_age_title,Revista UNI-RN,2446-8134;2446-8142,link_issnless_namesake,4306528022,4306528022,https://revistas.unirn.edu.br/index.php/revistaunirn,BR,429
B,size_age_title,Revista do Clube Naval,0102-0382,mint,7407066356,,https://portaldeperiodicos.marinha.mil.br/index.php/clubenaval,BR,428
B,size_age_title,Rebento,2178-1206;2764-2062,link_issnless_namesake,4306525436,4306525436,https://www.periodicos.ia.unesp.br/index.php/rebento,BR,428
B,size_age_title,JURNAL SANGKAREANG MATARAM,2355-9292,link_issnless_namesake,4306517118,4306517118,https://sangkareang.org/index.php/SANGKAREANG,ID,428
B,national_list,Thai Food and Drug Journal,3057-1316,mint,7407066357,,https://he01.tci-thaijo.org/index.php/fdajournal,TH,428
B,size_age_title,Redoma,2954-484X;2992-6971,mint,7407066358,,https://revistas.uaz.edu.mx/index.php/redoma,MX,427
B,size_age_title,Estudos Arqueológicos de Oeiras,0872-6086,held_name_issnless,,4306509955,https://eao.oeiras.pt/index.php/DOC,PT,427
B,size_age_title,Pitchayatat Journal,3088-3407,mint,7407066359,,https://so02.tci-thaijo.org/index.php/Pitchayatat,,427
B,size_age_title,Kirkegårdskultur,0907-8541;2445-8090,link_issnless_namesake,4306517447,4306517447,https://tidsskrift.dk/kirkegaardskultur,DK,426
B,national_list,Academic Journal of Humanities and Social Sciences Burapha University,3027-8171,mint,7407066360,,https://so06.tci-thaijo.org/index.php/husojournal,TH,426
B,national_list,Journal of Research and Development Buriram Rajabhat University,3027-7566;3027-7574,mint,7407066361,,https://so03.tci-thaijo.org/index.php/RDIBRU,TH,426
B,size_age_title,Web of Agriculture: Journal of Agriculture and Biological Sciences,2938-3781,mint,7407066362,,https://webofjournals.com/index.php/8,ES,425
B,size_age_title,Interacción y Perspectiva,2244-808X,mint,7407066363,,https://produccioncientificaluz.org/index.php/interaccion,VE,425
B,size_age_title,VALUES,2721-6810,mint_name_twin,7407066364,4404662193,https://e-journal.unmas.ac.id/index.php/value,ID,424
B,national_list,วารสารสังคมศาสตร์ มหาวิทยาลัยศรีนครินทรวิโรฒ,3027-8694;3027-8708,mint,7407066365,,https://ejournals.swu.ac.th/index.php/JOS,TH,424
B,size_age_title,Salutem Scientia Spiritus,2463-1426,mint,7407066366,,http://revistas.javerianacali.edu.co/index.php/salutemscientiaspiritus,CO,423
B,national_list,"Institute of Culture and Arts, Journal Srinakharinwirot University",2985-1459;2985-1548,mint,7407066367,,https://so02.tci-thaijo.org/index.php/jica,TH,423
B,size_age_title,E Global Congress,2836-3612,mint,7407066368,,https://eglobalcongress.com/index.php/egc,US,423
B,size_age_title,Journal of Communication Arts Review,3027-8198,mint,7407066369,,https://so06.tci-thaijo.org/index.php/jca,TH,422
B,size_age_title,Anais do Women in Information Technology (WIT),2763-8626,mint,7407066370,,https://sol.sbc.org.br/index.php/wit,BR,421
B,size_age_title,Revista Renovare,2359-3326,mint,7407066371,,https://book.ugv.edu.br/index.php/renovare,BR,421
B,size_age_title,"International Journal of Arts, Languages and Business Studies",3027-0510,link_issnless_namesake,4363606185,4363606185,https://ijalbs.gojamss.net/index.php/IJALBS,NG,421
B,size_age_title,Prosiding Sesiomadika,2722-6379,link_issnless_namesake,4306524697,4306524697,https://journal.unsika.ac.id/index.php/sesiomadika,ID,418
B,size_age_title_other_script,วารสารวิชาการสำนักงานสาธารณสุขจังหวัดมหาสารคาม,2539-6196,mint,7407066372,,https://thaidj.org/index.php/AJMP,TH,418
B,size_age_title,Anais do Seminário Integrado de Software e Hardware (SEMISH),2595-6205,mint,7407066373,,https://sol.sbc.org.br/index.php/semish,BR,417
B,size_age_title,Berichte über Landwirtschaft - Zeitschrift für Agrarpolitik und Landwirtschaft,2196-5099,mint,7407066374,,https://buel.bmel.de/index.php/buel,DE,417
B,size_age_title,Bibliouniversitas@ABRM.md,1857-4920,mint,7407066375,,http://ojs.usarb.md/index.php/buniv,MD,417
B,size_age_title,UPMI Proceeding Series,2988-0157,mint,7407066376,,https://upmiproceeding.my.id/index.php/ups,ID,416
B,size_age_title,WESTERN UNIVERSITY RESEARCH JOURNAL OF HUMANITIES and SOCIAL SCIENCE,3057-1766;3057-1855,mint,7407066377,,https://so04.tci-thaijo.org/index.php/WTURJ,TH,416
B,size_age_title,Biyoloji Bilimleri Araştırma Dergisi,1308-0261,link_issnless_namesake,4306504506,4306504506,https://bibad.gen.tr/index.php/bibad,TR,416
B,national_list,Buddhachinaraj Medical Journal,3027-8074;3027-8953,mint,7407066378,,https://he01.tci-thaijo.org/index.php/BMJ,TH,415
B,size_age_title,Türk Bilimsel Derlemeler Dergisi,2146-0132,link_issnless_namesake,4306533447,4306533447,https://derleme.gen.tr/index.php/derleme,TR,415
B,size_age_title,Ars Historica,2178-244X,link_issnless_namesake,4306503132,4306503132,https://revistas.ufrj.br/index.php/ars,BR,414
B,size_age_title,Prosiding SENASTITAN: Seminar Nasional Teknologi Industri Berkelanjutan,2775-5630,mint,7407066379,,https://ejurnal.itats.ac.id/senastitan,ID,414
B,size_age_title,Seroja : Jurnal Pendidikan,2961-9408,mint,7407066380,,https://jurnal.anfa.co.id/index.php/seroja,ID,414
B,size_age_title,GPH-International Journal of Educational Research,3050-9599,mint,7407066381,,https://gphjournal.org/index.php/er,NL,414
B,national_list,ABAC ODI JOURNAL Vision. Action. Outcome,2351-0617;2408-2058,mint,7407066382,,https://assumptionjournal.au.edu/index.php/odijournal,TH,414
B,national_list,Journal of Communication Arts,0857-085X;2673-0146,mint,7407066383,,https://so02.tci-thaijo.org/index.php/jcomm,TH,414
B,size_age_title,CHIANG MAI UNIVERSITY JOURNAL OF ECONOMICS,0859-8479;2651-0979,mint,7407066384,,https://so01.tci-thaijo.org/index.php/CMJE,TH,414
B,size_age_title,Seminário de Ações Extensionistas da UniCatólica,2966-1900,mint,7407066385,,https://publicacoes.unicatolicaquixada.edu.br/index.php/sae,BR,413
B,size_age_title,Encontro Nacional de Educação (ENACED) e Seminário Internacional de Estudos e Pesquisa em Educação nas Ciências (SIEPEC),2965-002X,mint,7407066386,,https://www.publicacoeseventos.unijui.edu.br/index.php/enacedesiepec,BR,413
B,size_age_title,Homoeopathy for All,0973-9823,mint,7407066387,,https://acspublisher.com/journals/index.php/hfa,IN,413
B,national_list,Sripatum Review of Humanities and Social Sciences,2985-1718;2985-1726,mint,7407066388,,https://so05.tci-thaijo.org/index.php/spurhs,TH,413
B,size_age_title,International Journal of Cognitive Neuroscience and Psychology,2995-536X,mint,7407066389,,https://medicaljournals.eu/index.php/IJCNP,US,413
B,size_age_title,Anthropology Book Forum,2380-7725,link_issnless_namesake,4306502394,4306502394,https://washington.journals.publicknowledgeproject.org/index.php/abf,,413
B,size_age_title,PERI – Revista de Filosofia,2175-1811,mint,7407066390,,https://ojs.sites.ufsc.br/index.php/peri,BR,412
B,size_age_title,APPA : Jurnal Pengabdian Kepada Masyarakat,3025-0889,mint,7407066391,,https://jurnalmahasiswa.com/index.php/appa,ID,410
B,size_age_title,Revista Raites,2395-9088,mint,7407066392,,https://pistaseducativas.celaya.tecnm.mx/index.php/raites,MX,408
B,size_age_title,Journal of Commercial and Property Law,2736-0342,mint,7407066393,,https://journals.unizik.edu.ng/index.php/jcpl,NG,408
B,size_age_title,CENTRAL ASIAN JOURNAL OF ARTS AND DESIGN,2660-6844,mint,7407066394,,https://cajad.casjournal.org/index.php/CAJAD,,408
B,size_age_title,Journal of Ethiopian Law,0022-0914;2617-5851,link_issnless_namesake,4306515556,4306515556,https://ejol.aau.edu.et/index.php/JEL,ET,407
B,size_age_title,RELAdEI. Revista Latinoamericana de Educación Infantil,2255-0666,link_issnless_namesake,4306525683,4306525683,https://www.reladei.com/index.php/Reladei,ES,407
B,size_age_title,AUTOMATA,2721-1940,link_issnless_namesake,4306503850,4306503850,https://journal.uii.ac.id/AUTOMATA,ID,406
B,size_age_title,EuroStudium3W,1973-9443,mint,7407066395,,https://rosa.uniroma1.it/rosa01/eurostudium,IT,406
B,size_age_title,International Journal of Alternative and Contemporary Therapy,2995-5378,mint,7407066396,,https://medicaljournals.eu/index.php/IJACT,US,406
B,size_age_title,Revista de Iniciação Científica da ULBRA,2317-4323,link_issnless_namesake,4306526820,4306526820,http://www.periodicos.ulbra.br/index.php/ic,BR,405
B,size_age_title,JURNAL ILMIAH MAKSITEK,2548-429X;2655-4399,link_issnless_namesake,4306516752,4306516752,https://makarioz.sciencemakarioz.org/index.php/JIM,ID,405
B,size_age_title,Psychology of Woman Journal,3041-8615,mint_name_twin,7407066397,4210201679,https://journals.kmanpub.com/index.php/psywoman,IR,405
B,size_age_title,Encontro Baiano de Educação Matemática,2175-1668,mint,7407066398,,https://www.sbembrasil.org.br/eventos/index.php/ebem,BR,404
B,size_age_title,Seminário Temático Internacional,2357-9889,mint,7407066399,,https://anais.ghemat-brasil.com.br/index.php/STI,BR,404
B,national_list,Journal of MCU Buddhist Review,3027-7442;3027-7450,mint,7407066400,,https://so06.tci-thaijo.org/index.php/jmb,TH,404
B,size_age_title,Doctrina y Jurisprudencia de Derecho Civil,2301-0649;2730-5120,link_issnless_namesake,4306508239,4306508239,https://revistas.fcu.edu.uy/index.php/DJC,UY,404
B,size_age_title,Anais Estendidos do Simpósio Brasileiro de Sistemas de Informação (SBSI),3086-545X,mint,7407066401,,https://sol.sbc.org.br/index.php/sbsi_estendido,BR,403
B,size_age_title,Memorias Científicas y Tecnológicas,2954-4939,mint,7407066402,,https://erevistas.uacj.mx/ojs/index.php/memoriascyt,MX,403
B,size_age_title,Intent Research Scientific Journal,2980-4604;2980-4612,mint,7407066403,,https://intentresearch.org/index.php/irsj,PH,403
B,size_age_title,Journal of Research in Innovative Teaching and Inclusive Learning,3030-3036,mint,7407066404,,https://journals.proindex.uz/index.php/JRITIL,UZ,403
B,size_age_title,Humanidades em Perspectivas,2594-7621,link_issnless_namesake,4306512460,4306512460,https://www.cadernosuninter.com/index.php/humanidades,BR,402
B,size_age_title,JUPE (Jurnal Penjaskesrek),2621-5659,link_issnless_namesake,4306516512,4306516512,https://jurnal.fkip.unila.ac.id/index.php/JUPE,ID,402
B,size_age_title,Journal of Management Science Review,3027-8015,mint,7407066405,,https://so03.tci-thaijo.org/index.php/msaru,TH,402
B,national_list,Journal of Education Rajabhat Maha Sarakham University,3027-8767,mint,7407066406,,https://so06.tci-thaijo.org/index.php/edu-rmu,TH,402
B,size_age_title,Anais de Artigos do Seminário Internacional de Pesquisas em Midiatização e Processos Sociais,2675-4290,link_issnless_namesake,4306501712,4306501712,https://midiaticom.org/anais/index.php/seminario-midiatizacao-artigos,BR,401
B,size_age_title,OLAM: Ciência & Tecnologia,1982-7784,mint,7407066407,,https://www.periodicos.rc.biblioteca.unesp.br/index.php/olam,BR,401
B,size_age_title,PRATIBODH,2583-4495,mint,7407066408,,https://pratibodh.org/index.php/pratibodh,IN,401
B,size_age_title,GPH-International Journal of Business Management,3027-0375;3027-0537,mint,7407066409,,https://gphjournal.org/index.php/bm,NG,401
B,size_age_title,Technical Journal,1813-1786;2313-7770,mint_name_twin,7407066410,4306531650,https://tj.uettaxila.edu.pk/index.php/technical-journal,PK,401
B,national_list,Journal of Siam Communication Arts Review,3088-2982,mint,7407066411,,https://so05.tci-thaijo.org/index.php/commartsreviewsiamu,TH,399
B,national_list,Journal of Public Health Nursing,3057-014X;3057-0158,mint,7407066412,,https://he01.tci-thaijo.org/index.php/phn,,399
B,size_age_title,"TEKNOBIS : Jurnal Teknologi, Bisnis dan Pendidikan",3024-8256,mint,7407066413,,https://jurnalmahasiswa.com/index.php/teknobis,ID,398
B,national_list,Thai Journal of Cardio-Thoracic Nursing,0857-605X;2672-9474,mint,7407066414,,https://he02.tci-thaijo.org/index.php/journalthaicvtnurse,TH,398
B,size_age_title,Cuadernos de Coyuntura,2591-5568,mint_name_twin,7407066415,5407042161,https://revistas.unc.edu.ar/index.php/CuadernosConyuntura,AR,397
B,size_age_title,Anais Simpósio de Pesquisa e Seminário de Iniciação Científica,2594-5246,mint,7407066416,,https://sppaic.fae.edu/sppaic,BR,397
B,size_age_title,Al-Minhaj : Jurnal Pendidikan Islam,2622-965X,mint,7407066417,,https://journal.iaingorontalo.ac.id/index.php/alminhaj,ID,397
B,national_list,NU Journal of Nursing and Health Sciences,3027-6020;3057-0840,mint,7407066418,,https://he01.tci-thaijo.org/index.php/NurseNu,TH,397
B,national_list,Journal of Chandrakasemsarn,0858-0006;2651-1975,mint,7407066419,,https://li01.tci-thaijo.org/index.php/crujournal,TH,397
B,size_age_title,Udonthani Hospital Medical Journal,3088-3245;3088-3253,mint,7407066420,,https://he02.tci-thaijo.org/index.php/udhhosmj,,397
B,size_age_title,Ramkhamhaeng University Journal Humanities Edition,3088-3423,mint,7407066421,,https://so05.tci-thaijo.org/index.php/huru,,397
B,size_age_title,Revista do Ministério Público do Rio Grande do Sul,0101-6342,mint,7407066422,,https://www.revistadomprs.org.br/index.php/amprs,BR,396
B,size_age_title,Revista Jurídica da UniFil,1807-1627;2674-7251,link_issnless_namesake,4306527595,4306527595,http://periodicos.unifil.br/index.php/rev-juridica,BR,396
B,national_list,TEKNIKA,0854-3143;2622-3481,mint_name_twin,7407066423,4210212526;4210183044;4210216459,https://jurnal.polsri.ac.id/index.php/teknika,ID,396
B,size_age_title_other_script,مجلة دراسات في سيكولوجية الانحراف,2773-2568,mint,7407066424,,https://journals.univ-batna.dz/index.php/Jsdp,DZ,395
B,size_age_title,Fernão: Revista do Núcleo de Estudos e Pesquisas da Literatura do Espírito Santo (Neples),2674-6719,mint,7407066425,,https://periodicos.ufes.br/fernao,BR,395
B,size_age_title,The Archaeologist,1368-9169;2754-0448,mint,7407066426,,https://journals.ub.uni-heidelberg.de/index.php/cifatamag,DE,395
B,national_list,Journal Of Management Science Sakon Nakhon Rajabhat University,2774-0390,mint,7407066427,,https://so08.tci-thaijo.org/index.php/JMSSNRU,TH,395
B,size_age_title,Gaceta Laboral,1315-8597,mint,7407066428,,https://produccioncientificaluz.org/index.php/gaceta,VE,395
B,national_list,Thai Journal of Health Education,3027-6934,mint,7407066429,,https://he01.tci-thaijo.org/index.php/muhed,,395
B,size_age_title,"Proceeding National Conference Business, Management, and Accounting (NCBMA)",2962-4479,mint,7407066430,,https://ojs.uph.edu/index.php/NCBMA,ID,394
B,size_age_title,Revista de Informação Contábil,1982-3967,link_issnless_namesake,4306526811,4306526811,https://periodicos.ufpe.br/revistas/ricontabeis,BR,393
B,size_age_title,Buletin Ilmiah Ilmu Komputer dan Multimedia (BIIKMA),3024-8248,mint,7407066431,,https://jurnalmahasiswa.com/index.php/biikma,ID,393
B,size_age_title_other_script,مجلة البيان العلمية,2790-0614,mint,7407066432,,https://journal.su.edu.ly/index.php/bayan,LY,393
B,size_age_title,Journal of Marketing and Emerging Economics,2792-4009,mint,7407066433,,https://oajournals.net/index.php/jmee,ES,393
B,national_list,Journal of Bovorn Multi-Education and Human Social Sciences ( JOB_EHS ),2730-3233,mint,7407066434,,https://so03.tci-thaijo.org/index.php/JOB_EHS,TH,393
B,national_list,Journal of Yanasangvorn Research Institute Mahamakut Buddhist University,3027-6810,mint,7407066435,,https://so04.tci-thaijo.org/index.php/yri,TH,392
B,national_list,Journal of Nursing and Health Science Research,2822-0706,mint,7407066436,,https://he01.tci-thaijo.org/index.php/unc,,392
B,size_age_title,FIPA : Forum Ilmiah Pendidikan Akuntansi,2337-9723,link_issnless_namesake,4306510511,4306510511,https://prosiding.unipma.ac.id/index.php/FIPA,ID,391
B,national_list,Journal of Educational Technology and Communications Faculty of Education Mahasarakham University (JETC),2985-0827,mint,7407066437,,https://so02.tci-thaijo.org/index.php/etcedumsujournal,TH,391
B,size_age_title,Concept: The Journal of Contemporary Community Education Practice Theory,1359-1983;2042-6968,mint,7407066438,,https://concept.lib.ed.ac.uk/index.php/Concept,GB,391
B,size_age_title,Revista Cubana de Farmacia,1561-2988,enrich,2738969755,,https://revfarmacia.sld.cu/index.php/far,CU,390
B,size_age_title,The Libyan Journal of Agriculture,1010-3740;2708-6127,mint,7407066439,,https://uot.edu.ly/journals/index.php/ljagric,LY,390
B,size_age_title,Estação Científica,1809-046X,mint,7407066440,,https://estacio.periodicoscientificos.com.br/index.php/estacaocientifica,BR,389
B,size_age_title,Pró-Discente,1676-840X;2177-6628,link_issnless_namesake,4306524464,4306524464,https://periodicos.ufes.br/prodiscente,BR,389
B,size_age_title,Via Litterae (ISSN 2176-6800): Revista de Linguística e Teoria Literária,2176-6800,mint,7407066441,,https://www.revista.ueg.br/index.php/vialitterae,BR,389
B,size_age_title,UCE Ciencia. Revista de postgrado,2306-3556,link_issnless_namesake,4306533626,4306533626,https://uceciencia.edu.do/index.php/OJS,DO,389
B,national_list,Thammasat Law Journal,2985-2633,mint,7407066442,,https://so05.tci-thaijo.org/index.php/tulawjournal,TH,389
B,size_age_title,ECOS - Estudos Contemporâneos da Subjetividade,2237-941X,link_issnless_namesake,4306508722,4306508722,http://www.periodicoshumanas.uff.br/ecos,BR,388
B,national_list,Santapol College Academic Journal,3088-2281;3088-229X,mint,7407066443,,https://so05.tci-thaijo.org/index.php/scaj,TH,388
B,national_list,JOURNAL OF ENVIRONMENTAL AND SUSTAINABLE MANAGEMENT,3056-9486,mint,7407066444,,https://so02.tci-thaijo.org/index.php/JEM,TH,388
B,size_age_title,Dinamika Hukum,2086-759X;2776-4222,mint,7407066445,,https://ejurnal.unisri.ac.id/index.php/Dinamika_Hukum,ID,387
B,size_age_title,BERKALA FISIKA,1410-9662,link_issnless_namesake,4306504176,4306504176,http://ejournal.undip.ac.id/index.php/berkala_fisika,ID,387
B,size_age_title,Innovative technologies in construction Scientific Journal,2992-8893,mint,7407066446,,https://inntechcon.uz/index.php/current,UZ,387
B,size_age_title,Prosiding Seminar Nasional Teknik Sipil UMS,2459-9727;2580-8834,mint,7407066447,,https://proceedings.ums.ac.id/index.php/sipil,ID,386
B,size_age_title,Piccola Impresa / Small Business,0394-7947;2421-5724,link_issnless_namesake,4306522532,4306522532,http://rivistapiccolaimpresa.uniurb.it/index.php/piccola,IT,386
B,size_age_title_other_script,Інструментальне матеріалознавство,2708-731X;2708-7328,mint,7407066448,,http://altis-ism.org.ua/index.php/ALTIS,UA,386
B,size_age_title_other_script,"ΚΕΙΜΕΝΑ για την έρευνα, τη θεωρία, την κριτική και τη διδακτική της Παιδικής και Εφηβικής Λογοτεχνίας",1790-1782,mint,7407066449,,https://journals.lib.uth.gr./index.php/keimena,GR,384
B,size_age_title,Merdeka Indonesia Jurnal International,2797-9326,mint,7407066450,,https://merdekaindonesia.com/index.php/MerdekaIndonesiaJournalInternati,ID,384
B,national_list,Kuakarun Journal of Nursing,3057-1774;3057-1782,mint,7407066451,,https://he01.tci-thaijo.org/index.php/kcn,TH,384
B,size_age_title,Revista Amagis Jurídica,2175-3849;2674-8908,mint,7407066452,,https://revista.amagis.com.br/index.php/amagis-juridica,BR,383
B,size_age_title,JAMBIS : Jurnal Administrasi Bisnis,2775-2615,mint,7407066453,,https://ojs.stiami.ac.id/index.php/JUMABI,ID,383
B,size_age_title,Irtiqa Imini Pishgiri Masdumiyat (Safety Promotion and Injury Prevention),2345-2455;2383-1901,mint,7407066454,,https://journals.sbmu.ac.ir/index.php/spip,IR,383
B,size_age_title,Revista Magistro,2178-7956,mint,7407066455,,https://granrio.emnuvens.com.br/magistro,BR,382
B,size_age_title,BOLETIM DATALUTA,2177-4463,mint,7407066456,,https://periodicos.unb.br/index.php/BD,BR,382
B,size_age_title,"Journal of politics, administration and law",3088-2230,mint,7407066457,,https://so03.tci-thaijo.org/index.php/polscilaw_journal,TH,382
B,size_age_title,"Eurasian Journal of Physics,Chemistry and Mathematics",2795-7667,mint,7407066458,,https://geniusjournals.org/index.php/ejpcm,BE,380
B,size_age_title,Teoría y Crítica de la Psicología,2116-3480,link_issnless_namesake,4306531845,4306531845,https://www.teocripsi.com/ojs/index.php/TCP,FR,380
B,size_age_title,"Prosiding Seminar Nasional Teknik Elektro, Sistem Informasi, dan Teknik Informatika (SNESTIK)",2775-5126,mint,7407066459,,https://ejurnal.itats.ac.id/snestik,ID,379
B,size_age_title,Journal on Technical and Vocational Education,0128-0821;2289-9472,link_issnless_namesake,4306516424,4306516424,http://upikpolimas.edu.my/ojs/index.php/JTVE,MY,379
B,size_age_title,Revista de Ciencias Farmaceúticas y Biomedicina,2448-8380,mint,7407066460,,https://rcfb.uanl.mx/index.php/rcfb,MX,379
B,size_age_title,Tạp chí Khoa học Kiến trúc & Xây dựng,1859-350X,mint,7407066461,,https://vjol.info.vn/index.php/hau,VN,378
B,size_age_title,KIM kompakt,2509-2243;2509-2251,mint,7407066462,,https://ojs.ub.uni-konstanz.de/index.php/kimkompakt,DE,377
B,size_age_title,Chronica,1588-2039;2676-9840,mint,7407066463,,https://ojs.bibl.u-szeged.hu/index.php/chronica,HU,377
B,size_age_title,LOGIC : Jurnal Ilmu Komputer dan Pendidikan,2985-4172,mint,7407066464,,https://journal.mediapublikasi.id/index.php/logic,ID,377
B,size_age_title,International Journal of Social Sciences and Scientific Studies,2787-0146,mint,7407066465,,https://ijssass.com/index.php/ijssass,NG,377
B,national_list,Kasem Bundit Engineering Journal,3027-6519;3027-6527,mint,7407066466,,https://ph01.tci-thaijo.org/index.php/kbej,TH,377
B,size_age_title,"Revista Homem, Espaço e Tempo",1982-3800,link_issnless_namesake,4306527461,4306527461,http://rhet.uvanet.br/index.php/rhet,BR,376
B,size_age_title,Journal of Research in Education and Society (JRES),2141-6753;2795-3033,mint,7407066467,,https://www.icidr.org.ng/index.php/Jres,NG,376
B,size_age_title,Revista Historiar,2176-3267,link_issnless_namesake,4306527459,4306527459,http://historiar.uvanet.br/index.php/1,BR,375
B,size_age_title,Anuário Pesquisa e Extensão Unoesc Xanxerê,2526-3269,link_issnless_namesake,4306502539,4306502539,https://periodicos.unoesc.edu.br/apeux,BR,375
B,size_age_title,"JoTELL : Journal of Teaching English, Linguistics, and Literature",2827-7635,mint,7407066468,,https://ejurnal.unima.ac.id/index.php/jotell,ID,375
B,national_list,Modern Management Frontier Journal,3088-165X,mint,7407066469,,https://so04.tci-thaijo.org/index.php/stou-sms-pr,TH,375
B,size_age_title,The International Journal of Social Sciences World (TIJOSSW),2690-5167,mint,7407066470,,https://www.growingscholar.org/journal/index.php/TIJOSSW,US,375
B,size_age_title,Oikos,1808-0235,mint_name_twin,7407066471,4210191395;200794352,https://revistas.ufrj.br/index.php/oikos,BR,373
B,size_age_title,Jurnal Hikmatina,2655-8831,mint,7407066472,,https://jim.unisma.ac.id/index.php/jh,ID,373
B,national_list,Journal of Buddhist Psychology,2774-1095,mint,7407066473,,https://so03.tci-thaijo.org/index.php/jbp,TH,373
B,size_age_title_other_script,ЖУРНАЛ РЕПРОДУКТИВНОГО ЗДОРОВЬЯ И УРО-НЕФРОЛОГИЧЕСКИХ ИССЛЕДОВАНИЙ,2181-0990,mint,7407066474,,https://www.tadqiqot.uz/index.php/uro,UZ,373
B,size_age_title,PAIDEIA: PHILOSOPHICAL E-JOURNAL OF CHARLES UNIVERSITY,1214-8725,mint,7407066475,,https://ojs.cuni.cz/paideia,CZ,372
B,national_list,Ganesha Journal,1686-7467;2651-141X,mint,7407066476,,https://so01.tci-thaijo.org/index.php/pikanasan,TH,372
B,size_age_title,"Ciencia, Docencia y Tecnología Suplemento",2250-4559,link_issnless_namesake,4306506232,4306506232,https://pcient.uner.edu.ar/index.php/Scdyt,AR,370
B,size_age_title,Revista Athena,2237-9304,link_issnless_namesake,4306526139,4306526139,https://periodicos.unemat.br/index.php/athena,BR,370
B,size_age_title,Revista PGM - Procuradoria Geral do Município de Fortaleza,1806-5619;2595-0789,link_issnless_namesake,4306527836,4306527836,https://revista.pgm.fortaleza.ce.gov.br/revista1,BR,370
B,size_age_title,Jurnal Ilmiah Mahasiswa Hukum [JIMHUM],2808-6708,mint,7407066477,,https://jurnalmahasiswa.umsu.ac.id/index.php/jimhum,ID,370
B,size_age_title,Jurnal Ilmu Administrasi Publik,2775-5053,mint,7407066478,,https://ojs.stiami.ac.id/index.php/JUMAIP,ID,369
B,size_age_title,SEMNASTERA (Seminar Nasional Teknologi dan Riset Terapan),2715-4602,mint,7407066479,,https://semnastera.polteksmi.ac.id/index.php/semnastera,ID,369
B,national_list,"Journal of Education, Prince of Songkla University, Pattani Campus",3027-7825,mint,7407066480,,https://so02.tci-thaijo.org/index.php/edupsu,TH,369
B,national_list,Journal of Humanities & Social Sciences (JHUSOC),2673-0243;2774-1451,mint,7407066481,,https://so03.tci-thaijo.org/index.php/jhusoc,TH,369
B,national_list,MBA-KKU Journal,1906-3180;2985-0495,mint,7407066482,,https://so04.tci-thaijo.org/index.php/mbakkujournal,TH,369
B,size_age_title,SALUD publica: revista del Ministerio de Salud de la Provincia de Buenos Aires,3008-7074,mint,7407066483,,https://saludpublica.ms.gba.gov.ar/index.php/revista,AR,367
B,size_age_title,Sapientia,0036-4703;2683-7935,mint_name_twin,7407066484,4210201829,https://erevistas.uca.edu.ar/index.php/SAP,AR,367
B,size_age_title,"Eurasian Journal of History, Geography and Economics",2795-7659,mint,7407066485,,https://geniusjournals.org/index.php/ejhge,BE,367
B,size_age_title,La Homeopatía de México,1870-3666,link_issnless_namesake,4306518019,4306518019,https://homeopatiamex.similia.com.mx/index.php/Revista,MX,367
B,size_age_title,Revue Langues et Littératures,0851-0881;2605-7360,mint,7407066486,,https://revues.imist.ma/index.php/langues-litteratures,MA,367
B,size_age_title,Bordes: Revista de Estudios Culturales,2244-8667,link_issnless_namesake,4306504878,4306504878,http://erevistas.saber.ula.ve/index.php/bordes,VE,367
B,size_age_title,Fronteira: revista de iniciação científica em Relações Internacionais,1679-5377;2318-1680,link_issnless_namesake,4306510915,4306510915,http://periodicos.pucminas.br/index.php/fronteira,BR,366
B,national_list,Princess of Naradhiwas University Journal of Humanities and Social Sciences,2985-0258,mint,7407066487,,https://so05.tci-thaijo.org/index.php/pnuhuso,TH,366
B,size_age_title,Revista dos Seminários de Iniciação Cientifica,2675-746X,mint,7407066488,,https://revistas.atenas.edu.br/resic,BR,365
B,size_age_title,Texas Journal of Agriculture and Natural Resources,2165-1205,enrich,2764661483,,https://txjanr.agintexas.org/index.php/txjanr,US,365
B,size_age_title,Jurnal Pendidikan Guru Sekolah Dasar,3048-0140;3062-7559,mint_name_twin,7407066489,4390296880,https://ejournal.upi.edu/index.php/jpgsd,ID,364
B,national_list,Journal of Liberal Art of Rajamangala University of Technology Suvarnabhumi,2730-1982,mint,7407066490,,https://so03.tci-thaijo.org/index.php/art,TH,364
B,national_list,Lampang Rajabhat University Journal,2286-8658;2672-9598,mint,7407066491,,https://so04.tci-thaijo.org/index.php/JLPRU,TH,364
B,national_list,Thai Journal of Safety and Health,3056-9540,mint,7407066492,,https://he01.tci-thaijo.org/index.php/JSH,,364
B,national_list,Sisaket Rajabhat University Journal,1906-0327;3027-6063,mint,7407066493,,https://so05.tci-thaijo.org/index.php/sskrujournal,,364
B,size_age_title_other_script,ΑΡΧΕΙΑ ΚΛΙΝΙΚΗΣ ΝΕΥΡΟΛΟΓΙΑΣ,2732-9100;2732-9119,mint,7407066494,,https://www.jneurology.gr/ojs/index.php/aocn,GR,363
B,national_list,วารสารโรงพยาบาลชลบุรี,0125-6882;2673-0081,mint,7407066495,,https://thaidj.org/index.php/CHJ,TH,363
B,national_list,Journal of Fine and Applied Arts Chulalongkorn University,2985-0940,mint,7407066496,,https://so02.tci-thaijo.org/index.php/faa,TH,363
B,national_list,PAYAP UNIVERSITY JOURNAL,0857-4677;2651-1606,mint,7407066497,,https://so05.tci-thaijo.org/index.php/pyu,TH,362
B,size_age_title,"Revista Neuropsicología, Neuropsiquiatría y Neurociencias",0124-1265,mint,7407066498,,https://revistaneurociencias.com/index.php/RNNN,CO,361
B,size_age_title,Anais do Fórum de Inovação Docente em Ensino Superior,2675-6366,mint,7407066499,,https://periodicos.baraodemaua.br/index.php/forum-inovacao,BR,360
B,size_age_title,Journal of Tamil Culture and Literature,2583-0325,mint,7407066500,,https://forschung.in/journals/index.php/jtcl,IN,360
B,size_age_title,Business Management and Entrepreneurship Journal,2684-8740;2684-8759,mint,7407066501,,https://jurnal.unigal.ac.id/index.php/bmej,ID,360
B,size_age_title,Jurnal Smart Teknologi,2774-1702,mint,7407066502,,https://jurnal.unmuhjember.ac.id/index.php/JST,ID,360
B,national_list,Journal of Liberal Arts Prince of Songkla University,1906-7208;2651-1126,mint,7407066503,,https://so03.tci-thaijo.org/index.php/journal-la,TH,360
B,size_age_title,Revista Santa Catarina em História,1984-3968,link_issnless_namesake,4306527927,4306527927,https://ojs.sites.ufsc.br/index.php/sceh,BR,359
B,national_list,The journal of social communication innovation,3027-7698;3027-7728,mint,7407066504,,https://so06.tci-thaijo.org/index.php/jcosci,TH,357
B,national_list,Bulletin De L' Association Thaïlandaise Des Professeurs de Français,0857-0604;2697-3847,mint,7407066505,,https://so01.tci-thaijo.org/index.php/bulletinatpf,TH,357
B,size_age_title,Journal of Graduate Studies Review,3088-1110,mint,7407066506,,https://so02.tci-thaijo.org/index.php/JGSR,TH,356
B,national_list,Journal of Social Sciences and Humanities Kasetsart University,3056-946X;3056-9524,mint,7407066507,,https://so04.tci-thaijo.org/index.php/socku,TH,356
B,size_age_title,Anais do Brazilian Workshop on Social Network Analysis and Mining (BraSNAM),2595-6094,link_issnless_namesake,4306501731,4306501731,https://sol.sbc.org.br/index.php/brasnam,BR,355
B,national_list,Journal of Nursing and Health Research,2985-1343,mint,7407066508,,https://he01.tci-thaijo.org/index.php/bcnpy,TH,355
B,size_age_title,Tạp chí Sinh hoạt lý luận,0868-3247,mint,7407066509,,https://vjol.info.vn/index.php/tcSinhhoatlyluan,VN,355
B,size_age_title,"European Journal of Economics, Finance and Business Development",2938-3633,mint,7407066510,,https://europeanscience.org/index.php/2,ES,354
B,national_list,Mahidol R2R e-Journal,2392-5515,mint,7407066511,,https://he01.tci-thaijo.org/index.php/mur2r,TH,354
B,size_age_title,MetaLinguagens (Área Temática: Letras e Linguística - ISSN 2358-2790),2358-2790,mint,7407066512,,https://metalinguagens.spo.ifsp.edu.br/index.php/metalinguagens,BR,353
B,size_age_title_other_script,مجلة ابن خلدون للدراسات القانونية والاقتصادية والاجتماعية,2737-8489,mint,7407066513,,https://revues.imist.ma/index.php/ibnkhaldoun,MA,353
B,national_list,Pañña Panithan Journal,2672-9679;2697-5122,mint,7407066514,,https://so05.tci-thaijo.org/index.php/PPJ,TH,353
B,size_age_title,Pathumthani University Academic Journal,3057-1235,mint,7407066515,,https://so05.tci-thaijo.org/index.php/ptujournal,,353
B,size_age_title,Belgian Journal of Paediatrics,2466-8907;2566-1558,mint,7407066516,,https://www.belgjpaediatrics.com/index.php/bjp,BE,352
B,size_age_title,Mediterrán Tanulmányok,0238-8308;2786-0663,mint,7407066517,,https://ojs.bibl.u-szeged.hu/index.php/mediterran_tanulmanyok,HU,352
B,size_age_title,"International Conference on Health Science, Green Economics, Educational Review and Technology",2986-1985,mint,7407066518,,https://proceeding.unefaconference.org/index.php/IHERT,ID,352
B,national_list,JOURNAL OF MANAGEMENT SCIENCE UDON THANI RAJABHAT UNIVERSITY,3056-9125,mint,7407066519,,https://so08.tci-thaijo.org/index.php/MSJournal,,352
B,size_age_title,At-Tarbiyah: Jurnal Penelitian dan Pendidikan Agama Islam,3026-4162,mint,7407066520,,https://journal.staittd.ac.id/index.php/at,ID,351
B,size_age_title,INDOPEDIA (Jurnal Inovasi Pembelajaran dan Pendidikan),2985-7309,mint,7407066521,,https://indopediajurnal.my.id/index.php/jurnal,ID,351
B,size_age_title,Proceeding International Conference Restructuring and Transforming Law,2963-931X,mint,7407066522,,https://proceedings.ums.ac.id/index.php/icrtlaw,ID,351
B,national_list,Journal of Social Development and Management Strategy,2985-0509;2985-0517,mint,7407066523,,https://so04.tci-thaijo.org/index.php/jsd,TH,351
B,national_list,Thai Journal of East Asian Studies,2774-1125,mint,7407066524,,https://so02.tci-thaijo.org/index.php/easttu,,351
B,size_age_title,Jurnal Hukum Al-Hikmah: Media Komunikasi dan Informasi Hukum dan Masyarakat,2746-1408;2746-1912,mint,7407066525,,https://jurnal.uisu.ac.id/index.php/alhikmah,ID,350
B,national_list,Journal of Buddhistic Sociology,2697-5130;2697-5254,mint,7407066526,,https://so06.tci-thaijo.org/index.php/BSJ,TH,350
B,size_age_title,Footnotes,2816-3745;2816-3753,held_name_issnless,,4306510706;5407050974,https://journal.lib.uoguelph.ca/index.php/footnotes,CA,349
B,size_age_title,Smart Cities International Conference (SCIC) Proceedings,2501-1677,mint,7407066527,,https://scrd.eu/index.php/scic,RO,349
B,national_list,Journal of Technology Management Rajabhat Maha Sarakham University,2730-3756;2730-3764,mint,7407066528,,https://ph02.tci-thaijo.org/index.php/itm-journal,TH,349
B,national_list,"Humanity and Social Science Journal, Ubon Ratchathani University",3057-1480,mint,7407066529,,https://so02.tci-thaijo.org/index.php/human_ubu,TH,349
B,size_age_title,Caderno de Resumos da Semana Nacional de Ciência e Tecnologia,2965-8772,mint,7407066530,,https://periodicos.ifsc.edu.br/index.php/snctifsc,BR,348
B,size_age_title,Prawarun Agricultural Journal,3088-1196,mint,7407066531,,https://li01.tci-thaijo.org/index.php/pajrmu,TH,348
B,size_age_title,Nafas Journal,2322-4517;2423-8147,mint,7407066532,,https://journals.sbmu.ac.ir/index.php/nafas,IR,347
B,size_age_title,Almanaque Multidisciplinar de Pesquisa,2359-6651,link_issnless_namesake,4306501433,4306501433,https://granrio.emnuvens.com.br/amp,BR,346
B,size_age_title,The Byzantine Review,2699-4267,mint,7407066533,,https://www.uni-muenster.de/Ejournals/index.php/byzrev,DE,346
B,national_list,Mahachulagajasara Journal,2774-0501;2774-0714,mint,7407066534,,https://so06.tci-thaijo.org/index.php/gajasara,TH,346
B,size_age_title,"Jurnal ESIT (E-Bisnis, Sistem Informasi, Teknologi Informasi)",1979-1909;2747-1896,mint,7407066535,,https://openjournal.unpam.ac.id/index.php/ESIT,ID,345
B,national_list,Journal of Social Sciences and Humanities Research in Asia,2774-1044;2822-0986,mint,7407066536,,https://so05.tci-thaijo.org/index.php/psujssh,TH,345
B,size_age_title,Anais do Concurso de Teses e Dissertações da SBC (CTD-SBC),2763-8820,mint,7407066537,,https://sol.sbc.org.br/index.php/ctd,BR,344
B,size_age_title,Diversity Research: Journal of Analysis and Trends,2810-6393,mint,7407066538,,https://academiaone.org/index.php/2,CL,344
B,national_list,Journal of MCU Philosophy Review,3027-7388,mint,7407066539,,https://so06.tci-thaijo.org/index.php/jmpr,TH,344
B,national_list,School of Administrative Studies Academic Journal,3027-6128,mint,7407066540,,https://so05.tci-thaijo.org/index.php/SASAJ,TH,344
B,size_age_title,Tạp chí Khoa học xã hội miền Trung,1859-2635,mint,7407066541,,https://vjol.vista.gov.vn/isscr,VN,344
B,size_age_title,E-Civitas,1984-2716,link_issnless_namesake,4306508588,4306508588,https://portaldeperiodicos.animaeducacao.com.br/index.php/dcjpg,BR,343
B,size_age_title,LIBERTAS: Revista de Ciênciais Sociais Aplicadas,2236-5354;2317-5621,mint,7407066542,,https://periodicos.famig.edu.br/index.php/libertas,BR,343
B,size_age_title,"International Conference on Education, Science, Technology and Health (ICONESTH)",3026-0442,mint,7407066543,,https://eproceeding.bbg.ac.id/index.php/iconesth,ID,343
B,size_age_title,Malta Medical Journal,2521-0963,mint_name_twin,7407066544,4306519138,https://mmsjournals.org/index.php/mmj,MT,343
B,size_age_title,Phimoldhamma Research Institute Journal,2822-0366;2822-0374,mint,7407066545,,https://so06.tci-thaijo.org/index.php/prij,TH,343
B,size_age_title,Journal Odontológico Colegial,2011-4095;2539-3847,link_issnless_namesake,4306515271,4306515271,http://revistas.unicoc.edu.co/index.php/joc,CO,342
B,size_age_title,Neo Scientific Peer Reviewed Journal,2949-7752,mint,7407066546,,https://neojournals.com/index.php/nspj,NL,342
B,national_list,Chiang Mai University Journal of Humanities,2985-279X,mint,7407066547,,https://so03.tci-thaijo.org/index.php/JHUMANS,,342
B,national_list,Journal of Sports Science and Technology,1513-7201;2672-927X,mint,7407066548,,https://he01.tci-thaijo.org/index.php/JSST,TH,341
B,size_age_title,Congressos e Encontros Nacionais da Gestalt-Terapia Brasileira (ISSN: 2179-5673),2179-5673,mint,7407066549,,https://igt.psc.br/ojs2/index.php/cengtb,BR,340
B,size_age_title,Revista de História Comparada,1981-383X,link_issnless_namesake,4306526791,4306526791,https://revistas.ufrj.br/index.php/RevistaHistoriaComparada,BR,340
B,size_age_title,Revista del Hospital Psiquiátrico de La Habana,1813-6257,held_name_issnless,,4306526967,https://revhph.sld.cu/index.php/hph,CU,340
B,size_age_title,ITB Graduate School Conference,2963-718X,mint,7407066550,,https://gcs.itb.ac.id/proceeding-igsc/index.php/igsc,ID,340
B,size_age_title,International Seminar On Islamic Education & Peace,2829-047X;2829-6818,mint,7407066551,,https://ejournal.uniramalang.ac.id/index.php/isiep,ID,340
B,size_age_title,Israel Numismatic Research,1565-8449,mint,7407066552,,https://lockwoodonlinejournals.com/index.php/inr,IL,340
B,size_age_title_other_script,大数据与人工智能,2737-4718;2737-4726,mint,7407066553,,https://ojs.s-p.sg/index.php/bdai,SG,340
B,size_age_title,"Revista de la Facultad de Ciencias Exactas, Físicas y Naturales",0373-9686;2362-2539,link_issnless_namesake,4306526881,4306526881,https://revistas.unc.edu.ar/index.php/FCEFyN,AR,339
B,size_age_title,Revista Psicologia & Saberes,2316-1124,link_issnless_namesake,4306527888,4306527888,https://revistas.cesmac.edu.br/psicologia,BR,339
B,size_age_title_other_script,"Αειχώρος: Κείμενα Χωροταξίας, Πολεοδομίας και Ανάπτυξης",1109-5008;2944-9847,link_issnless_namesake,4306538158,4306538158,https://journals.lib.uth.gr./index.php/aeihoros,GR,339
B,size_age_title,Abdi Jurnal Publikasi,2963-3486,mint,7407066554,,https://jurnal.portalpublikasi.id/index.php/AJP,ID,339
B,size_age_title,Kashere Journal of Politics and International Relations,3027-1177,mint,7407066555,,https://journals.fukashere.edu.ng/index.php/kjpir,NG,339
B,size_age_title,Semana da Diversidade Humana (ISSN: 2675-1127),2675-1127,mint,7407066556,,https://saolucas.emnuvens.com.br/diversidadehumana,BR,338
B,size_age_title,Nuovo Giornale di Filosofia della Religione (NGFR),2532-1676,mint,7407066557,,https://journals.uniurb.it/index.php/NGFR,IT,338
B,size_age_title,Jurnal 'Ulwan,2600-7843,mint,7407066558,,https://ejournal.unimel.edu.my/index.php/JULWAN,MY,338
B,size_age_title,Journal of Culture and Art,2181-4562,mint,7407066559,,https://imfaktor.icare.uz/index.php/jocaa,UZ,338
B,size_age_title,Tracce urbane. Rivista italiana transdisciplinare di studi urbani,2532-6562,link_issnless_namesake,4363606539,4363606539,https://rosa.uniroma1.it/rosa03/tracce_urbane,IT,337
B,national_list,Journal of MCU Phetchaburi Review,2773-9295;2773-9635,mint,7407066560,,https://so03.tci-thaijo.org/index.php/JPR,TH,337
B,national_list,Suratthani Rajabhat Journal,2985-2978,mint,7407066561,,https://so05.tci-thaijo.org/index.php/srj,TH,337
B,national_list,Journal of Research and Curriculum Development,3057-174X,mint,7407066562,,https://so03.tci-thaijo.org/index.php/jrcd,TH,337
B,size_age_title,Revista CBTecLE,2526-4478,link_issnless_namesake,4306526259,4306526259,https://revista-cbtecle.cps.sp.gov.br/index.php/CBTecLE,BR,336
B,size_age_title,Boletim Historiar,2357-9145,link_issnless_namesake,4363606344,4363606344,https://periodicos.ufs.br/historiar,BR,336
B,size_age_title,Journal of Pharmacreations,2348-6295,mint,7407066563,,https://pharmacreations.com/index.php/jpc,IN,336
B,national_list,Graduate School Journal Chiang Rai Rajabhat University,3027-7884,mint,7407066564,,https://so01.tci-thaijo.org/index.php/crrugds_ejournal,TH,336
B,size_age_title,Journal of Digital Business and Social Sciences,2822-0641,mint,7407066565,,https://rsujournals.rsu.ac.th/index.php/jdbs,TH,336
B,size_age_title,"Simpósio Ciência, Ambiente e Formação - SCAF",2966-1293,mint,7407066566,,https://portaleventos.uffs.edu.br/index.php/SCAF,BR,335
B,size_age_title,Homo projector,2358-825X,mint,7407066567,,https://homoprojector2.iipc.org/index.php/homoprojector,BR,335
B,size_age_title,Zeitschrift für Parteienwissenschaften,2628-376X;2628-3778,mint,7407066568,,,DE,335
B,size_age_title,Revista Escuela de Historia,1667-4162;1669-9041,link_issnless_namesake,4306527262,4306527262,https://portalderevistas.unsa.edu.ar/index.php/reh,AR,334
B,national_list,Journal of Management Sciences Suratthani Rajabhat University,2730-1923,mint,7407066569,,https://so03.tci-thaijo.org/index.php/msj,TH,334
B,national_list,STOU Education Journal,3057-1294,mint,7407066570,,https://so05.tci-thaijo.org/index.php/edjour_stou,TH,334
B,size_age_title,Âncoras e Fuzis,2177-7608,mint,7407066571,,https://portaldeperiodicos.marinha.mil.br/index.php/ancorasefuzis,BR,333
B,size_age_title,Sobre Tudo,1519-7883,link_issnless_namesake,4306530260,4306530260,https://ojs.sites.ufsc.br/index.php/sobretudo,BR,333
B,size_age_title,Revista Electrónica Diálogos Educativos. REDE,0718-1310,mint,7407066572,,https://revistas.umce.cl/index.php/dialogoseducativos,CL,333
B,size_age_title,"PSDS Journal of Development Studies, Puey Ungphakorn School of Development Studies, Thammasat University",2774-0935,mint,7407066573,,https://so05.tci-thaijo.org/index.php/gvc-tu,,333
B,size_age_title,Intertemas ISSN 1516-8158,1516-8158,mint,7407066574,,http://intertemas.toledoprudente.edu.br/index.php/INTERTEMAS,BR,332
B,size_age_title,indiscipline - rivista di scienze sociali,2784-8272;2784-9910,mint,7407066575,,https://riviste.morlacchilibri.com/index.php/indiscipline,IT,332
B,size_age_title,TEKNOFILE : Jurnal Sistem Informasi,3026-4936,mint,7407066576,,https://jurnal.nawansa.com/index.php/teknofile,,332
B,size_age_title,Jurnal Magister Manajemen Nobel Indonesia,2776-9232,mint,7407066577,,https://e-jurnal.nobel.ac.id/index.php/JMMNI,ID,331
B,national_list,The Public Health Journal of Burapha University,2821-9856,mint,7407066578,,https://he02.tci-thaijo.org/index.php/phjbuu,TH,331
B,size_age_title,PRO SEJAHTERA (Prosiding Seminar Nasional Pengabdian kepada Masyarakat),2656-5021;2657-1579,mint,7407066579,,https://snllb.ulm.ac.id/prosiding/index.php/snllb-abdimas,ID,330
B,national_list,journal of Buddhist Studies Vanam Dongrak,2465-3683;2730-3098,mint,7407066580,,https://so06.tci-thaijo.org/index.php/Vanam_434,TH,330
B,size_age_title,Revista Argentina de Musicología,1666-1060;2618-3072,held_name_issnless,,4306526118,https://ojs.aamusicologia.ar/index.php/ram,AR,329
B,size_age_title,Revista Três Pontos,1808-169X;2525-4693,link_issnless_namesake,4306528002,4306528002,https://periodicos.ufmg.br/index.php/revistatrespontos,BR,329
B,size_age_title,"PLA Inside Out: An International Journal on Theory, Research and Practice in Prior Learning Assessment",2333-3588,link_issnless_namesake,4306522584,4306522584,https://www.plaio.org/index.php/home,US,329
B,size_age_title,Münchner Beiträge zur jüdischen Geschichte und Kultur,1864-385X,mint,7407066581,,https://mb-jgk.ub.uni-muenchen.de/index.php/mbjgk,DE,328
B,size_age_title,INTERNATIONAL JOURNAL OF MULTI SCIENCE,2722-2985,link_issnless_namesake,4306514016,4306514016,https://multisciencejournal.com/index.php/ijm,ID,328
B,national_list,Asian Journal of Applied Economics,2985-1610,mint,7407066582,,https://so01.tci-thaijo.org/index.php/AEJ,TH,328
B,size_age_title,Mulawarman International Conference on Tropical Public Health,3090-630X,mint,7407066583,,https://e-journals2.unmul.ac.id/index.php/mictoph,ID,327
B,national_list,Journal of Information Technology and Innovation,3056-9362,mint,7407066584,,https://so03.tci-thaijo.org/index.php/oarit,,327
B,size_age_title,Jurnal Akselerasi Merdeka Belajar dalam Pengabdian Orientasi Masyarakat (AMPOEN): Jurnal Pengabdian kepada Masyarakat,3025-6267;3025-8030,mint,7407066585,,https://jurnal.serambimekkah.ac.id/index.php/ampoen,ID,326
B,size_age_title,Journal of SDGs Research in Emerging Business,3086-142X,mint,7407066586,,https://sdgbusinessjournal.org/index.php/ojs,BR,325
B,national_list,Electronic Journal of Open and Distance Innovative Learning (e-JODIL),2985-1149,mint,7407066587,,https://so01.tci-thaijo.org/index.php/e-jodil,TH,325
B,national_list,Thai Journal of Toxicology,0857-264X;2697-6307,mint,7407066588,,https://li01.tci-thaijo.org/index.php/ThaiJToxicol,TH,325
B,size_age_title,Cuarenta naipes,2718-6571,mint,7407066589,,https://fh.mdp.edu.ar/revistas/index.php/cuarentanaipes,AR,324
B,size_age_title,"Prosiding Seminar Nasional Sains, Teknologi, Ekonomi, Pendidikan dan Keagamaan (SAINSTEKNOPAK)",3026-6645,mint,7407066590,,https://ejournal.unhasy.ac.id/index.php/SAINSTEKNOPAK,ID,324
B,size_age_title,Ulusal Eğitim Dergisi,2791-7037,mint,7407066591,,https://uleder.com/index.php/uleder,TR,324
B,size_age_title,Contemporary Legend,0963-8334,mint,7407066592,,https://scholarworks.iu.edu/journals/index.php/cl,GB,324
B,size_age_title,Revista Chilena de Medicina Familiar,0717-5965;0719-7950,link_issnless_namesake,4306526291,4306526291,https://revistachilenademedicinafamiliar.cl/index.php/sochimef,CL,323
B,national_list,SIKKHA Journal of Education,2408-1361;2985-2722,mint,7407066593,,https://so05.tci-thaijo.org/index.php/sikkha,TH,323
B,size_age_title,Revue d’Etudes en Management et Finance d’Organisation,2489-205X,link_issnless_namesake,4306528275,4306528275,https://revues.imist.ma/index.php/REMFO,MA,322
B,size_age_title,Nigerian Academy of Management Journal,2006-4667,mint,7407066594,,https://namj.tamn-ng.org/index.php/home,NG,322
B,national_list,Built Environment Inquiry,2651-1177;2651-1185,mint,7407066595,,https://so01.tci-thaijo.org/index.php/arch-kku,TH,322
B,size_age_title,INTERNATIONAL JOURNAL OF NURSING AND MEDICAL SCIENCE,2454-6674,mint,7407066596,,https://internationaljournal.org.in/journal/index.php/ijnms,IN,321
B,size_age_title_other_script,مجله آنستزیولوژی و مراقبتهای ویژه ایران,1027-2704,mint,7407066597,,https://journals.sbmu.ac.ir/isacc/index.php/iranesthesia,IR,321
B,size_age_title,Anuario Uruguayo Crítico de Derecho de Familia y Sucesiones,2301-1114;2730-5112,mint,7407066598,,https://revistas.fcu.edu.uy/index.php/familia,UY,321
B,size_age_title,International Journal of Management and Education in Human Development,2775-7765,mint,7407066599,,https://ijmehd.com/index.php/ijmehd,ID,320
B,size_age_title,"FRAME, Journal of Literary Studies",0924-7750,mint,7407066600,,https://platform.openjournals.nl/FRAME,NL,320
B,size_age_title,Revista Juris UniToledo,2526-6500,link_issnless_namesake,4306527619,4306527619,https://wyden.periodicoscientificos.com.br/index.php/jurisunitoledo,BR,319
B,size_age_title,Czech Journal of Multidisciplinary Innovations,2788-0389,mint,7407066601,,https://peerianjournal.com/index.php/czjmi,CZ,319
B,size_age_title,"Eurasian Journal of Research, Development and Innovation",2795-7616,mint,7407066602,,https://geniusjournals.org/index.php/ejrdi,BE,318
B,national_list,Journal of Graduate Research,2229-2756;2651-1401,mint,7407066603,,https://so02.tci-thaijo.org/index.php/banditvijai,TH,318
B,size_age_title,al-alama,2478-0197,mint,7407066604,,https://journals.univ-ouargla.dz/index.php/alama,DZ,317
B,size_age_title,New Male Studies,1839-7816,mint,7407066605,,https://newmalestudies.com/OJS/index.php/nms,AU,317
B,size_age_title,Prosiding Seminar Nasional Hasil-Hasil Penelitian,2986-3694,mint,7407066606,,https://ejurnal.politanikoe.ac.id/index.php/psnp,ID,317
B,size_age_title,BDC. Bollettino Del Centro Calza Bini,1121-2918;2284-4732,link_issnless_namesake,4306504081,4306504081,http://www.serena.unina.it/index.php/bdc,IT,317
B,size_age_title,Al Manhal Research Journal,2710-5024;2710-5032,mint,7407066607,,https://almanhal.org.pk/ojs3303/index.php/journal,PK,317
B,national_list,Journal of Advanced Development in Engineering and Science,2985-1637,mint,7407066608,,https://ph03.tci-thaijo.org/index.php/pitjournal,TH,316
B,size_age_title_other_script,Вісник Донецького національного університету Серія Б. Гуманітарні науки,1817-2253,link_issnless_namesake,4306538880,4306538880,,UA,316
B,size_age_title,Hereditas,2448-6841,mint_name_twin,7407066609,4210173499,https://revistas.inah.gob.mx/index.php/hereditas,MX,315
B,national_list,Journal of Faculty of Humanities and Social Sciences Thepsatri Rajabhat University,3088-1560,mint,7407066610,,https://so01.tci-thaijo.org/index.php/truhusocjo,TH,315
B,national_list,Journal of Industrial Technology Ubon Ratchathani Rajabhat University,2651-1282;2651-1290,mint,7407066611,,https://ph01.tci-thaijo.org/index.php/jitubru,TH,315
B,national_list,Journal of Buddhist Studies,1905-534X;2697-3995,mint,7407066612,,https://so02.tci-thaijo.org/index.php/JBS,TH,315
B,national_list,"KASALONGKHAM RESEARCH JOURNAL, Chiang Rai Rajabhat University",1906-3016;2697-5017,mint,7407066613,,https://so04.tci-thaijo.org/index.php/ksk,TH,315
B,size_age_title,Acta Botánica Venezuelica,2443-4264,link_issnless_namesake,4306500293,4306500293,https://saber.ucv.ve/ojs/index.php/rev_abv,VE,315
B,size_age_title,Anais do Encontro de Teoria da Computação (ETC),2595-6116,mint,7407066614,,https://sol.sbc.org.br/index.php/etc,BR,314
B,size_age_title,Dia-Logos: Revista Discente da Pós-Graduação em História,1414-9109;2179-121X,mint,7407066615,,https://www.e-publicacoes.uerj.br/index.php/dia-logos,BR,314
B,size_age_title,Quaderni Materialisti,1972-3792;2385-0167,mint,7407066616,,https://mimesisjournals-com.archicoop.it/index.php/quaderni-materialisti,IT,314
B,size_age_title,"JURNAL LENTERA : Kajian Keagamaan, Keilmuan dan Teknologi",1693-6922;2540-7767,mint,7407066617,,https://ejournal.staimnglawak.ac.id/index.php/lentera,ID,313
B,size_age_title,EMaBi: Ekonomi Dan Manajemen Bisnis,2827-7740,mint,7407066618,,https://jurnal.ubd.ac.id/index.php/emabi,ID,313
B,national_list,Journal of Intellect Education,2822-0218,mint,7407066619,,https://so06.tci-thaijo.org/index.php/IEJ,TH,313
B,size_age_title,Revista Argentina de Teoría Jurídica,1851-6831;1851-684X,mint,7407066620,,https://revistajuridica.utdt.edu/ojs/index.php/ratj,AR,312
B,size_age_title,Revista Jurídica da Escola Superior do Ministério Público de São Paulo,2238-4847;2316-6959,link_issnless_namesake,4306527592,4306527592,https://es.mpsp.mp.br/revista_esmp/index.php/RJESMPSP,BR,312
B,size_age_title,Prosiding Seminar Hukum Aktual Fakultas Hukum Universitas Islam Indonesia,3021-8586,mint,7407066621,,https://journal.uii.ac.id/psha,ID,312
B,size_age_title,Prosiding Pekan Ilmiah Pelajar (PILAR),2830-5310,mint,7407066622,,https://e-journal.unmas.ac.id/index.php/pilar,ID,312
B,size_age_title,"The Trends Hub, Revista de Tendências em Comunicação e Ciências Empresariais",2976-0291,mint,7407066623,,https://parc.ipp.pt/index.php/trendshub,PT,312
B,national_list,Journal of Research and Applications in Mechanical Engineering,2229-2152;2697-424X,mint,7407066624,,https://ph01.tci-thaijo.org/index.php/jrame,TH,312
B,national_list,Journal of Public Relations and Advertising,3027-7051,mint,7407066625,,https://so03.tci-thaijo.org/index.php/jprad,TH,312
B,size_age_title,Revue Internationale de la Recherche Scientifique et de l’Innovation (Revue-IRSI),2960-2823,mint,7407066626,,https://revue-irsi.com/index.php/home,,312
B,size_age_title,HKD Novosti,1333-9575,mint,7407066627,,https://izdanja.hkdrustvo.hr/casopisi/hkdn,HR,311
B,size_age_title,Prosiding Seminar Nasional Informatika,2988-2451,mint,7407066628,,https://conference.upgris.ac.id/index.php/infest,ID,311
B,national_list,Journal of Thai Association of Radiation Oncology,2730-177X,mint,7407066629,,https://he01.tci-thaijo.org/index.php/jtaro,TH,311
B,national_list,Thai Dental Nurse Journal,0857-880X;2697-665X,mint,7407066630,,https://he02.tci-thaijo.org/index.php/TDNJ,TH,311
B,size_age_title,eMissio,2445-9860,link_issnless_namesake,4306509257,4306509257,https://emissio.net/index.php/emissio,DK,310
B,size_age_title,Seminar Nasional Pendidikan Matematika (SNPM),2988-3458,mint,7407066631,,https://snpm.unipasby.ac.id/prosiding/index.php/snpm,ID,310
B,size_age_title,"Vetec Revista Académica de Investigación, Docencia y Extensión de las Ciencias Veterinarias",2683-9237,mint,7407066632,,https://cerac.unlpam.edu.ar/index.php/Vetec,AR,309
B,size_age_title,Anais do Workshop de Testes e Tolerância a Falhas (WTF),2595-2684,mint,7407066633,,https://sol.sbc.org.br/index.php/wtf,BR,309
B,size_age_title,Revista CONVICCIONES,2389-7589,link_issnless_namesake,4306526397,4306526397,https://www.fesc.edu.co/Revistas/OJS/index.php/convicciones,CO,309
B,size_age_title,Pakistan Horizon,0030-980X;2790-878X,mint,7407066634,,https://www.pakistan-horizon.piia.org.pk/index.php/pakistan-horizon,PK,309
B,size_age_title,Buddhamagga,3027-8465,mint,7407066635,,https://so01.tci-thaijo.org/index.php/bdm,TH,309
B,size_age_title,Zeitschrift für Theologie und Philosophie,2709-8427;2709-8435,mint,7407066636,,https://ztp.jesuiten.org/index.php/ZTP,AT,308
B,size_age_title,Revista Form@re - Parfor/UFPI,2318-986X,mint,7407066637,,https://periodicos.ufpi.br/index.php/formare,BR,308
B,size_age_title,"Captura Críptica: direito, política, atualidade",1984-6096;2177-3432,link_issnless_namesake,4306505666,4306505666,https://ojs.sites.ufsc.br/index.php/capturacriptica,BR,308
B,size_age_title,Anais da Academia Pernambucana de Ciência Agronômica,1980-0258;2448-2811,link_issnless_namesake,4306501687,4306501687,https://www.journals.ufrpe.br/index.php/apca,BR,308
B,size_age_title,International Journal of Advances in Social Science and Humanities,2347-7474,mint,7407066638,,https://ijassh.com/index.php/IJASSH,IN,308
B,size_age_title,Journal of Inclusive Methodology and Technology in Learning and Teaching,2785-5104,mint,7407066639,,https://www.inclusiveteaching.it/index.php/inclusiveteaching,IT,308
B,national_list,"Journal of Public Administration, Public Affairs, and Management",2985-0754;2985-0762,mint,7407066640,,https://so05.tci-thaijo.org/index.php/pajournal,TH,308
B,national_list,BU Academic Review,2651-0952,mint_name_twin,7407066641,2764382548,https://so01.tci-thaijo.org/index.php/buacademicreview,TH,308
B,size_age_title,Anais do Workshop em Desempenho de Sistemas Computacionais e de Comunicação (WPerformance),2595-6167,mint,7407066642,,https://sol.sbc.org.br/index.php/wperformance,BR,307
B,size_age_title,Chulachomklao Royal Military Academy Journal,3057-191X;3057-1944,mint,7407066643,,https://ph01.tci-thaijo.org/index.php/crma-journal,TH,307
B,size_age_title,Revista Electrónica REDINE,2244-7997,mint,7407066644,,https://revistas.uclave.org/index.php/redine,VE,307
B,size_age_title,Tạp chí Nghiên cứu khoa học – Đại học Sao Đỏ,1859-4190;2815-553X,mint,7407066645,,https://vjol.info.vn/index.php/saodo,VN,307
B,size_age_title,Prosiding Seminar SeNTIK,2581-2327,mint,7407066646,,https://ejournal.jak-stik.ac.id/index.php/sentik,ID,306
B,size_age_title,L'architettura delle città,2281-8731,mint,7407066647,,http://www.architetturadellecitta.it/index.php/adc,IT,306
B,size_age_title,Revista da Sociedade Portuguesa de Medicina Física e de Reabilitação,0872-9204,link_issnless_namesake,4306526528,4306526528,https://spmfrjournal.org/index.php/spmfr,PT,306
B,size_age_title,Anais do Encontro Regional de Ensino de Geografia,2764-4146,mint,7407066648,,https://ocs.ige.unicamp.br/ojs/ereg,BR,305
B,size_age_title,Progress Annals: Journal of Progressive Research,2810-6466,mint,7407066649,,https://academiaone.org/index.php/8,CL,305
B,size_age_title,Településföldrajzi Tanulmányok,2063-4315,mint,7407066650,,https://ojs.elte.hu/index.php/tft,HU,305
B,size_age_title,The Journal for Research and Practice in College Teaching,2836-1776,link_issnless_namesake,4306532295,4306532295,https://journals.uc.edu/index.php/jrpct,US,305
B,size_age_title,World of Science: Journal on Modern Research Methodologies,2835-3072,mint,7407066651,,https://journal.univerpublishing.org/index.php/woscience,US,305
B,size_age_title,"Nghiên cứu Con người (nay là Tạp chí Nghiên cứu Con người, Gia đình và Giới)",2815-5777,mint,7407066652,,https://vjol.info.vn/index.php/ihs,VN,305
B,size_age_title,International Journal of Pharmacology and Clinical Research (IJPCR),2521-2206,mint,7407066653,,https://ijpcr.net/index.php/ijpcr,ET,304
B,size_age_title,Istiqra` : Jurnal Pendidikan dan Pemikiran Islam,2338-9974;2548-7906,mint,7407066654,,https://jurnal.umpar.ac.id/index.php/istiqra,ID,304
B,size_age_title,Revista digital La Pasión del Saber,2244-7857,mint,7407066655,,https://lapasiondelsaber.ujap.edu.ve/index.php/lapasiondelsaber-ojs,VE,304
B,size_age_title,AL-IDA'AT Research Journal,2790-8836;2790-8844,mint,7407066656,,https://alasr.com.pk/ojs3308/index.php/alidaat,PK,303
B,size_age_title,Anais do Simpósio Brasileiro de Computação Ubíqua e Pervasiva (SBCUP),2595-6183,mint,7407066657,,https://sol.sbc.org.br/index.php/sbcup,BR,302
B,size_age_title,Selekta Manajemen: Jurnal Mahasiswa Bisnis & Manajemen,2829-7547,mint,7407066658,,https://journal.uii.ac.id/selma,ID,302
B,size_age_title,Chimica nella Scuola,0392-8942,mint,7407066659,,https://chimicanellascuola.it/index.php/cns,IT,302
B,size_age_title,Tạp chí Khoa học Sức khỏe,2815-6293,mint,7407066660,,https://vjol.vista.gov.vn/khoahocsuckhoe-HPMU,VN,302
B,national_list,Journal of Primary Care and Family Medicine (PCFM),3057-1928,mint,7407066661,,https://so03.tci-thaijo.org/index.php/PCFM,,302
B,size_age_title,Bulletin of Earth Sciences of Thailand,1906-280X;2821-9104,mint,7407066662,,https://ph01.tci-thaijo.org/index.php/bestjournal,TH,301
B,size_age_title,Global Journal Sports,3031-3961,mint,7407066663,,https://jurnal.sainsglobal.com/index.php/gjs,ID,300
B,size_age_title,Jurnal Medical Profession (Medpro),2655-7584;2656-761X,mint,7407066664,,https://jurnal.fk.untad.ac.id/index.php/medpro,ID,300
B,size_age_title,Casos de marketing público y no lucrativo,2530-3422,mint,7407066665,,https://casos-aimpn.org/index.php/casos,ES,300
B,size_age_title,widerstreit sachunterricht,1612-3034,mint,7407066666,,https://public.bibliothek.uni-halle.de/sachunterricht,DE,299
B,size_age_title,Proceeding Seminar Nasional Keperawatan,2477-1597;2685-4449,link_issnless_namesake,4306523348,4306523348,https://conference.unsri.ac.id/index.php/SNK,ID,298
B,national_list,Region 3 Medical and Public Health Journal - วารสารวิชาการแพทย์และสาธารณสุข เขตสุขภาพที่ 3,2774-0579;2821-9201,mint,7407066667,,https://thaidj.org/index.php/SMJ,TH,298
B,national_list,Srinakharinwirot University Dental Journal (E-ISSN 2774-0811),1905-0488;2774-0811,mint,7407066668,,https://ejournals.swu.ac.th/index.php/swudentj,TH,298
B,size_age_title,International Journal of Social and Economic Sciences,2667-4904,link_issnless_namesake,4306514060,4306514060,https://ijses.org/index.php/ijses,TR,298
B,size_age_title,Revista Campo do Saber,2447-5017,link_issnless_namesake,4306526239,4306526239,https://periodicos.iesp.edu.br/index.php/campodosaber,BR,297
B,size_age_title,Proceedings Conference on Marine Engineering and its Application,2655-3333,mint,7407066669,,https://journal.ppns.ac.id/index.php/cmea,ID,297
B,size_age_title,Graduate Law Journal,1906-2850;2673-0642,mint,7407066670,,https://so01.tci-thaijo.org/index.php/gradlawtujournal,TH,297
B,size_age_title,African Journal of Rural Development,2415-2838,mint,7407066671,,https://afjrdev.org/index.php/jos,,297
B,national_list,"Journal of Liberal Arts, Ubon Ratchathani University",3057-1499,mint,7407066672,,https://so03.tci-thaijo.org/index.php/jla_ubu,,297
B,size_age_title,Práticas e Cuidado: Revista de Saúde Coletiva,2675-7591,mint,7407066673,,https://revistas.uneb.br/index.php/saudecoletiva,BR,296
B,size_age_title,Open Academia: Journal of Scholarly Research,2810-6377,mint,7407066674,,https://academiaone.org/index.php/4,CL,296
B,size_age_title,Advances in Engineering and Innovation,2448-685X,mint,7407066675,,https://www.progreso.tecnm.mx/revistaAEI/index.php/aei,MX,296
B,size_age_title,Anais da Jornada Acadêmica das Engenharias,2764-6467,mint,7407066676,,https://periodicos.univale.br/index.php/jae,BR,295
B,size_age_title,Sebha University Conference Proceedings,3105-9554,mint,7407066677,,https://sebhau.edu.ly/journal/sucp,LY,295
B,size_age_title,Journal of Variety in Language and Literature,3088-1544,mint,7407066678,,https://so06.tci-thaijo.org/index.php/wiwitwannasan,TH,295
B,national_list,"Journal of International Studies, Prince of Songkla University",2730-4167,mint,7407066679,,https://so03.tci-thaijo.org/index.php/jis,TH,295
B,national_list,Journal of Letters,3088-1498,mint_name_twin,7407066680,5407010687,https://so03.tci-thaijo.org/index.php/jletters,TH,295
B,size_age_title,Revista de Economia da UEG (ISSN 1809-970X),1809-970X,link_issnless_namesake,4306526669,4306526669,https://www.revista.ueg.br/index.php/economia,BR,294
B,size_age_title,Jurnal Pendidikan Mosikolah,2988-6007,mint,7407066681,,https://pendidikan.e-jurnal.web.id/index.php/terbaru,ID,294
B,size_age_title,Glifos,2007-9451,mint,7407066682,,https://revistas.inah.gob.mx/index.php/glifos,MX,294
B,national_list,Journal of Administration Management and Sustainable Development,2985-2366,mint,7407066683,,https://so15.tci-thaijo.org/index.php/jamsd,TH,294
B,national_list,Thammasat University Hospital Journal Online,2985-1084,mint,7407066684,,https://he02.tci-thaijo.org/index.php/TUHJ,TH,294
B,size_age_title,Metrópolis | Revista de Estudios Universitarios Globales,2692-319X;2692-3203,mint,7407066685,,https://metropolis.metrouni.us/index.php/metropolis,US,294
B,size_age_title,Anais do Workshop de Boas Práticas Pedagógicas do Curso de Medicina,2595-8100,mint,7407066686,,https://periodicos.univag.com.br/index.php/workshopbp,BR,293
B,size_age_title,Revista de Administração da UEG (ISSN 2236-1197),2236-1197,link_issnless_namesake,4306526535,4306526535,https://www.revista.ueg.br/index.php/revista_administracao,BR,293
B,size_age_title,"Revista Salud, Historia y Sanidad",1909-2407,mint,7407066687,,https://agenf.org/ojs/index.php/shs,CO,293
B,size_age_title,Al Iman: Jurnal Keislaman dan Kemasyarakatan,2549-9157;2579-3543,mint,7407066688,,https://ejournal.kopertais4.or.id/madura/index.php/aliman,ID,293
B,size_age_title,VICEVERSA,1318-5764,mint,7407066689,,http://drustvo-psihologov.westeurope.cloudapp.azure.com/index.php/VV,SI,293
B,national_list,Journal of Interdisciplinary Research (ISSN: 2408-1906),2408-1906,mint,7407066690,,https://assumptionjournal.au.edu/index.php/eJIR,TH,293
B,national_list,Chiangrai Medical Journal,1906-649X;2697-3952,mint,7407066691,,https://he01.tci-thaijo.org/index.php/crmjournal,TH,293
B,size_age_title,"The Journal of Economics, Finance and Innovation",2181-3299,mint,7407066692,,https://sbtsuejournals.uz/index.php/EFI,UZ,293
B,size_age_title,Advances in Social Work and Welfare Education,1329-0584,mint,7407066693,,https://journal.anzswwer.org/index.php/advances,AU,292
B,size_age_title,África[s] - Revista do Programa de Pós-Graduação em Estudos Africanos e Representações da África,2318-1990;2446-7375,mint,7407066694,,https://revistas.uneb.br/index.php/africas,BR,292
B,size_age_title,Journal of Global Accounting,1597-8273,mint,7407066695,,https://journals.unizik.edu.ng/index.php/joga,NG,292
B,national_list,jsn Journal,2229-1997;2586-937X,mint,7407066696,,https://so04.tci-thaijo.org/index.php/jsn,TH,292
B,national_list,Singburi Hospital Journal,2773-8876;2773-9066,mint,7407066697,,https://he01.tci-thaijo.org/index.php/shj,TH,292
B,size_age_title,Revista FACISA ON-LINE,2238-8524,link_issnless_namesake,4306527355,4306527355,https://periodicos.unicathedral.edu.br/index.php/revistafacisa,BR,291
B,size_age_title,Zarządzanie Biblioteką,2081-1004,mint,7407066698,,https://czasopisma.bg.ug.edu.pl/index.php/ZB,PL,291
B,national_list,วารสารศาสตร์,0125-8192;2697-4916,mint,7407066699,,https://so06.tci-thaijo.org/index.php/jcmag,TH,291
B,size_age_title,Huachiew Chalermprakiet Law Journal,3056-9346,mint,7407066700,,https://so01.tci-thaijo.org/index.php/lawhcu,,291
B,size_age_title,Difusiones,2314-1662,link_issnless_namesake,4306508014,4306508014,https://ediciones.ucse.edu.ar/index.php/difusiones,AR,290
B,national_list,Asia Pacific Journal of Religions and Cultures,2586-9019,mint,7407066701,,https://so06.tci-thaijo.org/index.php/ajrc,TH,290
B,national_list,Naresuan University Law Journal,2985-2064;2985-2072,mint,7407066702,,https://so04.tci-thaijo.org/index.php/lawnujournal,TH,290
B,size_age_title_other_script,Актуальные проблемы спортивной науки,3030-3087,mint,7407066703,,https://sport-science.uz/index.php/journal,UZ,290
B,size_age_title,Journal of The Linguistic Association of Nigeria,0189-5680;2488-9709,link_issnless_namesake,2764627164,2764627164,https://www.jolan.com.ng/index.php/home,NG,289
B,size_age_title,"Anais do Simpósio Internacional de Ensino de Língua, Literatura e Interculturalidade (SIELLI) e Encontro de Letras",2965-4971,mint,7407066704,,https://www.anais.ueg.br/index.php/sielli,BR,288
B,size_age_title,Revista Territorium Terram,2317-5419,mint,7407066705,,http://www.seer.ufsj.edu.br/index.php/territorium_terram,BR,288
B,size_age_title,Prosiding Seminar Nasional Industri Kerajinan dan Batik,2715-7814,mint,7407066706,,https://proceeding.batik.go.id/index.php/SNBK,ID,288
B,size_age_title,AKURAT | Jurnal Ilmiah Akuntansi FE UNIBBA,2086-4159;2656-6648,mint,7407066707,,https://ejournal.unibba.ac.id/index.php/akurat,ID,288
B,size_age_title,Journal of Economics Bibliography,2149-2387,link_issnless_namesake,4306515511,4306515511,https://journals.econsciences.com/index.php/JEB,TR,288
B,size_age_title,Revista Corpus Hippocraticum,2526-7930,mint,7407066708,,https://revistas.unilago.edu.br/index.php/revista-medicina,BR,287
B,size_age_title,Anais do Simpósio Brasileiro de Educação em Computação (EDUCOMP),3086-0733,mint,7407066709,,https://sol.sbc.org.br/index.php/educomp,BR,287
B,size_age_title,ALTUS CIÊNCIA,2318-4817,mint,7407066710,,https://revista.unijk.edu.br/index.php/altusciencia,BR,287
B,national_list,Vocational Education Innovation and Research Journal,3027-6861;3027-687X,mint,7407066711,,https://so06.tci-thaijo.org/index.php/ve-irj,TH,287
B,national_list,PSRU Journal of Science and Technology,2465-5112;2672-9741,mint,7407066712,,https://ph01.tci-thaijo.org/index.php/Scipsru,TH,287
B,size_age_title,Jurnal Riset dan Pengabdian Interdisipliner,3064-6111,mint,7407066713,,https://ejurnal.ung.ac.id/index.php/jrpi,ID,286
B,size_age_title,ExpresionES UVM,2448-7309,mint,7407066714,,https://expresionesuvm.com/ojs-3.3.0-8/index.php/expresionesuvm,MX,286
B,national_list,Journal of Philosophical Vision,1513-6620;2773-9643,mint,7407066715,,https://so05.tci-thaijo.org/index.php/phiv,TH,286
B,size_age_title,Tạp chí Khoa học và công nghệ - Trường Đại học Thành Đông,2734-9500,mint,7407066716,,https://vjol-admin.dainv.online/thanhdong,,286
B,size_age_title,Anais do Encontro de Formação de Professoras/es de Línguas (ENFOPLE),2526-2750,mint,7407066717,,https://www.anais.ueg.br/index.php/enfople,BR,285
B,size_age_title,NomoK@non,2749-2826,link_issnless_namesake,4306520925,4306520925,https://nomokanon.de/nomokanon,DE,285
B,size_age_title_other_script,Вестник КазНПУ имени Абая. Серия: Специальная педагогика,2960-1673,mint,7407066718,,https://bulletin-special-pedagogy-kaznpu.kz/index.php/home,KZ,285
B,size_age_title,Matemática e Estatística em Foco,2318-0552,link_issnless_namesake,4306519276,4306519276,https://seer.ufu.br/index.php/matematicaeestatisticaemfoco,BR,284
B,size_age_title,NAU Journal of Technology and Vocational Education,2449-1764,mint,7407066719,,https://journals.unizik.edu.ng/index.php/naujtved,NG,284
B,size_age_title,CISS Insight Journal,2310-4260;2709-3719,mint,7407066720,,https://journal.ciss.org.pk/index.php/ciss-insight,PK,284
B,national_list,Journal of Academic for Public and Private Management,2774-1036,mint,7407066721,,https://so02.tci-thaijo.org/index.php/appm,TH,284
B,national_list,Rangsit Journal of Educational Studies,2408-1809;2773-9368,mint,7407066722,,https://rsujournals.rsu.ac.th/index.php/RJES,TH,284
B,national_list,Journal of Business Administration The Association of Private Higher Education Institutions of Thailand,2287-0717;2673-0529,mint,7407066723,,https://so02.tci-thaijo.org/index.php/apheitvu,TH,284
B,national_list,"Integrated Social Science Journal, Mahidol University",2350-983X;2651-2041,mint,7407066724,,https://so02.tci-thaijo.org/index.php/isshmu,TH,284
B,size_age_title,British Medical Journal,0959-8146,mint,7407066725,,https://ejournals.id/index.php/bmj,GB,284
B,size_age_title,Revista Brasileira de Estudos do Lazer,2358-1239,link_issnless_namesake,4306526183,4306526183,https://periodicos.ufmg.br/index.php/rbel,BR,283
B,size_age_title,Zeszyty Studenckie „Nasze Studia,1731-6707,mint,7407066726,,https://czasopisma.bg.ug.edu.pl/index.php/naszestudia,PL,283
B,size_age_title_other_script,วารสารศิลปศาสตร์ มหาวิทยาลัยรังสิต,3027-8902,mint,7407066727,,https://rsujournals.rsu.ac.th/index.php/jla,TH,283
B,size_age_title,Journal of Economics Library,2149-2379,link_issnless_namesake,4306515512,4306515512,https://journals.econsciences.com/index.php/JEL,TR,283
B,size_age_title,NDC E-JOURNAL,1683-8475;2709-9016,link_issnless_namesake,4306520651,4306520651,https://ndcjournal.ndc.gov.bd/ndcj/index.php/ndcj,BD,282
B,size_age_title,International Journal of Applied Behavioral Sciences,2383-4129;2423-5253,link_issnless_namesake,4306513898,4306513898,https://journals.sbmu.ac.ir/index.php/ijabs,IR,282
B,national_list,Journal of Applied Information Technology,2730-1958;2730-2113,mint,7407066728,,https://ph02.tci-thaijo.org/index.php/project-journal,TH,282
B,national_list,Journal of Science and Science Education (JSSE),2586-9256;2697-410X,mint,7407066729,,https://so04.tci-thaijo.org/index.php/JSSE,TH,282
B,national_list,Wittayasara: Integration Apply Engineering and Industrial Technology,3027-8376;3056-9559,mint,7407066730,,https://li01.tci-thaijo.org/index.php/Itech,TH,282
B,national_list,Naresuan University Engineering Journal,2651-1568,mint,7407066731,,https://ph01.tci-thaijo.org/index.php/nuej,TH,282
B,national_list,Thai Health Promotion Journal,2774-0285;2774-1249,mint,7407066732,,https://so14.tci-thaijo.org/index.php/thpjournal,,282
B,size_age_title,Islamic University Journal of Social Sciences,2709-2429;2709-2437,mint,7407066733,,https://journals.iuiu.ac.ug/index.php/iujss,UG,281
B,size_age_title,Sultra Law Review,2685-208X,mint,7407066734,,https://jurnal-unsultra.ac.id/index.php/sulrev,ID,280
B,national_list,Thammasat Journal,3027-6195,mint,7407066735,,https://so05.tci-thaijo.org/index.php/tujo,TH,280
B,size_age_title_other_script,化工技术与应用,3060-9283;3060-9291,mint,7407066736,,https://journals.nassg.org/index.php/cta-cn,,280
B,size_age_title,Anais da Mostra Científica do Programa de Interação Comunitária do Curso de Medicina,2674-9718,mint,7407066737,,https://periodicos.univag.com.br/index.php/picmed,BR,279
B,size_age_title,Nerspedia,2721-1444;2722-6573,mint,7407066738,,https://nerspedia.ulm.ac.id/index.php/nerspedia,ID,279
B,size_age_title,Revista de Medicina Clínica,2448-8690,link_issnless_namesake,4306527004,4306527004,https://medicinaclinica.org/index.php/rmc,MX,279
B,size_age_title,International Journal Of Applied Management And Economics,2509-0720,mint,7407066739,,https://ijame.com/index.php/IJAME,MA,279
B,size_age_title,Southeast Asian Journal of Science and Technology,2672-2984;2672-2992,mint,7407066740,,https://sajst.pti.edu.ph/online/index.php/sajst,PH,279
B,size_age_title_other_script,ПЕТЕРБУРГСКИЙ ПСИХОЛОГИЧЕСКИЙ ЖУРНАЛ,2225-7527,mint,7407066741,,http://ppj.spbpo.ru/index.php/psy,RU,279
B,national_list,Maejo Journal of Agricultural Production,3027-7183,mint,7407066742,,https://li01.tci-thaijo.org/index.php/japmju,TH,279
B,size_age_title,International Journal of Pediatrics and Genetics,2995-5483,mint,7407066743,,https://medicaljournals.eu/index.php/IJPG,US,279
B,size_age_title,Annali - Università degli Studi Suor Orsola Benincasa,2037-5867;2281-3241,mint,7407066744,,https://universitypress.unisob.na.it/ojs/index.php/annali,IT,278
B,national_list,วารสารสันตยาภิวัฒน์ วัดหนองนกกด,2985-0436,mint,7407066745,,https://so16.tci-thaijo.org/index.php/jswn,TH,278
B,size_age_title,Journal of Dhammasuksa Research,3027-8457,mint,7407066746,,https://so07.tci-thaijo.org/index.php/dsr,TH,278
B,national_list,Journal of Public Health and Health Sciences Research,2985-296X,mint,7407066747,,https://he01.tci-thaijo.org/index.php/JPHSR,TH,278
B,size_age_title,Atas de Ciências da Saúde (ISSN 2448-3753),2448-3753,link_issnless_namesake,4306503654,4306503654,https://revistaseletronicas.fmu.br/index.php/ACIS,BR,277
B,size_age_title,Asian journal of pharmaceutical and biological research,2231-2218,mint,7407066748,,https://ajpbr.org/index.php/ajpbr,IN,277
B,size_age_title,Prosiding Simposium Nasional Rekayasa Aplikasi Perancangan dan Industri,1412-9612;2686-4274,mint,7407066749,,https://proceedings.ums.ac.id/index.php/rapi,ID,277
B,national_list,Maharaj Nakhon Si Thammarat Medical Journal,3027-608X,mint,7407066750,,https://he01.tci-thaijo.org/index.php/MNSTMedJ,TH,277
B,national_list,Journal of Management Science Chiangrai Rajabhat University,1906-2397;2697-4223,mint,7407066751,,https://so03.tci-thaijo.org/index.php/jmscrru,TH,277
B,size_age_title,Jurnal Lex Suprema,2656-6141,mint,7407066752,,https://jurnal.law.uniba-bpn.ac.id/index.php/lexsuprema,ID,276
B,national_list,Panya,2697-4940,mint,7407066753,,https://so06.tci-thaijo.org/index.php/panya-thjo,TH,276
B,national_list,Journal of SaengKhomKham Buddhist Studies,2697-5998,mint,7407066754,,https://so02.tci-thaijo.org/index.php/jsbs,TH,276
B,national_list,"JOURNAL OF LANGUAGE, RELIGION AND CULTURE",2697-5637,mint,7407066755,,https://so03.tci-thaijo.org/index.php/gshskku,TH,276
B,size_age_title,British View,2041-3963,mint,7407066756,,https://britishview.co.uk/index.php/bv,GB,276
B,size_age_title,Anais do Seminário Comunicação e Territorialidades,2675-3049,link_issnless_namesake,4306501801,4306501801,https://periodicos.ufes.br/poscomufes,BR,275
B,size_age_title,Revista Historiador,2176-1116,mint,7407066757,,https://revistahistoriador.com.br/index.php/principal,BR,275
B,size_age_title,"Prosiding SENTIKUIN (Seminar Nasional Teknologi Industri, Lingkungan dan Infrastruktur)",2622-2744;2622-9730,link_issnless_namesake,4306524694,4306524694,https://pro.unitri.ac.id/index.php/sentikuin,ID,275
B,size_age_title,ICO EDUSHA,2775-930X,mint,7407066758,,https://prosiding.stainim.ac.id/index.php/prd,ID,275
B,size_age_title,Seroja Husada: Jurnal Kesehatan Masyarakat,3032-7407,mint,7407066759,,https://jurnal.kolibi.org/index.php/husada,ID,275
B,size_age_title,Ekonomi Bisnis Manajemen dan Akuntansi (EBMA),2746-2137;2746-5330,mint,7407066760,,https://jurnal.ulb.ac.id/index.php/ebma,ID,275
B,size_age_title,KOMMAS: Jurnal Pengabdian Kepada Masyarakat,2721-0235;2723-4517,mint,7407066761,,https://openjournal.unpam.ac.id/index.php/kommas,ID,274
B,size_age_title,Jurnal Ilmiah Mahasiswa Pendidikan Agama Islam [JIMPAI],2808-0149,mint,7407066762,,https://jurnalmahasiswa.umsu.ac.id/index.php/jimpai,ID,274
B,national_list,Journal of Business Administration and Languages (JBAL),2774-0609,mint,7407066763,,https://so06.tci-thaijo.org/index.php/TNIJournalBA,TH,274
B,size_age_title,Journal of Sociology and Christianity,2572-4088,link_issnless_namesake,4306516077,4306516077,https://sociologyandchristianity.org/index.php/jsc,US,274
B,size_age_title,XXIII Seminário Nacional de Bibliotecas Universitárias,2359-6058,mint,7407066764,,https://portal.febab.org.br/snbu2025,BR,273
B,size_age_title,Revista H-TEC Humanidades e Tecnologia,2595-3699,link_issnless_namesake,4306527466,4306527466,https://revista.fateccruzeiro.edu.br/index.php/htec,BR,273
B,size_age_title,Revista Cubana de Ciencias Biológicas,2307-695X,link_issnless_namesake,4306526426,4306526426,https://revistas.uh.cu/rccb,CU,273
B,size_age_title,Zeitschrift Bewusstseinswissenschaften. Transpersonale Psychologie und Psychotherapie,2193-6714,mint,7407066765,,https://zeitschrift-bewusstseinswissenschaften.de/index.php/ZfB,DE,273
B,size_age_title,Acta Orthopaedica Et Traumatologica Hellenica,2241-4347,link_issnless_namesake,4363605635,4363605635,https://eexot-journal.com/index.php/aoet,GR,273
B,size_age_title,JURNAL CITRA WIDYA EDUKASI,2086-0412;2686-6307,link_issnless_namesake,4306516623,4306516623,https://journal.poltekcwe.ac.id/index.php/jurnal_citrawidyaedukasi,ID,273
B,size_age_title,Trinity Student Medical Journal,1393-9572;1393-9815,link_issnless_namesake,4306533334,4306533334,https://esr.ie/index.php/tsmj,IE,273
B,size_age_title,European Journal of Emerging Technology and Discoveries,2938-3617,mint,7407066766,,https://europeanscience.org/index.php/1,ES,273
B,national_list,MUT Journal of Business Administration,0859-9750;2697-4347,mint,7407066767,,https://so04.tci-thaijo.org/index.php/journalmbsmut,TH,273
B,size_age_title,GULANI,1987-6157;2720-8303,mint,7407066768,,https://www.sjunijournals.ge/index.php/GA,US,273
B,size_age_title,REVISTA PAIDEIA DO COLÉGIO ESTADUAL DO PARANÁ,2595-265X,mint,7407066769,,https://www.seer-ojs.pr.gov.br/index.php/paideia-cep,BR,272
B,national_list,Journal of health and health management,3027-6454;3027-799X,mint,7407066770,,https://he01.tci-thaijo.org/index.php/slc,TH,272
B,national_list,SSRU Journal of Public Administration,3027-7833,mint,7407066771,,https://so04.tci-thaijo.org/index.php/SSRUJPD,TH,272
B,national_list,Political Science and Public Administration Journal,2985-2269,mint,7407066772,,https://so05.tci-thaijo.org/index.php/polscicmujournal,TH,272
B,national_list,"Journal of Social Sciences, Chiang Mai University",3088-1927,mint,7407066773,,https://so04.tci-thaijo.org/index.php/jss,TH,272
B,size_age_title,Journal of Business Administration and Social Sciences Ramkhamhaeng University,3088-1595,mint,7407066774,,https://so02.tci-thaijo.org/index.php/ibas,TH,272
B,size_age_title,International Journal of Library Science™,0975-7546,mint,7407066775,,http://www.ceserpublications.com/index.php/IJLS,IN,271
B,size_age_title,Revista Cubana de Otorrinolaringología y Cirugía de Cabeza y Cuello,2708-7115,link_issnless_namesake,4306526472,4306526472,https://revotorrino.sld.cu/index.php/otl,CU,270
B,size_age_title,Mitteilungen zur Kirchlichen Zeitgeschichte,1866-8771;2699-3074,mint,7407066776,,https://mkiz.ub.uni-muenchen.de/index.php/mkiz,DE,270
B,size_age_title,Relevan : Jurnal Pendidikan Matematika,2808-8670;2808-8832,mint,7407066777,,https://ejournal.yana.or.id/index.php/relevan,ID,270
B,national_list,Journal of Graduate Saket Review,2630-0648,mint,7407066778,,https://so03.tci-thaijo.org/index.php/saketreview,TH,270
B,national_list,Ramkhamhaeng Law Journal,2286-8518;2651-1827,mint,7407066779,,https://so05.tci-thaijo.org/index.php/lawjournal,TH,270
B,national_list,Journal of Engineering and Digital Technology (JEDT),2774-0617,mint,7407066780,,https://ph01.tci-thaijo.org/index.php/TNIJournal,TH,270
B,size_age_title,REVISTA DE POLÍTICAS SOCIALES,2347-1204;2347-1212,mint,7407066781,,http://www.publicacionesperiodicas.unm.edu.ar/ojs/index.php/rps,AR,269
B,size_age_title,Semana Acadêmica do Curso de Medicina da UFFS - Campus Chapecó (SAM),2763-5996,mint,7407066782,,https://portaleventos.uffs.edu.br/index.php/SAM,BR,269
B,size_age_title,Prosiding Seminar Nasional Pendidikan FPMIPA,3032-5935,mint,7407066783,,https://prosiding.ikippgribojonegoro.ac.id/index.php/FPMIPA,ID,269
B,size_age_title,Prosiding Pekan Ilmiah Mahasiswa (PIM),2774-3888;2798-0707,mint,7407066784,,https://openjournal.unpam.ac.id/index.php/PIM,ID,269
B,size_age_title,Sensos-e,2183-1432,mint,7407066785,,https://parc.ipp.pt/index.php/sensos,PT,269
B,size_age_title,JURIHUM : Jurnal Inovasi dan Humaniora,3025-7409,mint,7407066786,,https://jurnalmahasiswa.com/index.php/Jurihum,ID,268
B,size_age_title,Jordens Folk,0021-7484;2597-0674,link_issnless_namesake,4306515143,4306515143,https://tidsskrift.dk/jf,DK,267
B,size_age_title,ISCE : Journal of Innovative Studies on Character and Education,2523-613X,mint,7407066787,,https://iscjournal.com/index.php/isce,TL,267
B,size_age_title,"Journal of Economics, Finance and Management (JEFM)",2958-7360,mint,7407066788,,https://journal-efm.fr/index.php/JEFM,FR,267
B,size_age_title,Beiträge zur mediävistischen Erzählforschung,2568-9967,link_issnless_namesake,4306504129,4306504129,https://ojs.uni-oldenburg.de/ojs01/bme,DE,267
B,size_age_title,Italian Journal of Occupational and Environmental Hygiene,2038-4505;2464-8817,link_issnless_namesake,4306514596,4306514596,https://ijoehy.it/index.php/IJOEHY,IT,267
B,size_age_title,ASIAN Journal of International Peace & Security (AJIPS),2707-8809,mint,7407066789,,http://ajips.fairlips.org/index.php/ajips,PK,267
B,size_age_title,Pashto,0555-8158;2789-8342,mint,7407066790,,https://pashto.org.pk/index.php/path,PK,267
B,size_age_title,Kashmir Journal of Language Research,1028-6640;3007-4541,mint,7407066791,,https://kjlr.pk/index.php/kjlr,PK,267
B,national_list,Journal of Sinology (วารสารจีนวิทยา),2822-0781,mint,7407066792,,https://so16.tci-thaijo.org/index.php/JSINO,TH,267
B,national_list,Journal of Liberal Arts and Service Industry,2586-9612,mint,7407066793,,https://so01.tci-thaijo.org/index.php/JLASI,TH,267
B,size_age_title,"Teorías, Enfoques y Aplicaciones en las Ciencias Sociales",1856-9773;2610-7910,mint,7407066794,,https://revistas.uclave.org/index.php/teacs,VE,267
B,size_age_title,TẠP CHÍ PHÁP LUẬT VÀ THỰC TIỄN,2525-2666,mint,7407066795,,https://tapchi.hul.edu.vn/index.php/jl,VN,267
B,size_age_title,JUNCO | Journal of UNiversities and international development COoperation,2531-8772,link_issnless_namesake,4306516501,4306516501,https://www.ojs.unito.it/index.php/junco,IT,266
B,national_list,Mahidol Dental Journal,0125-5614;2773-8906,mint,7407066796,,https://he02.tci-thaijo.org/index.php/mdentjournal,TH,266
B,size_age_title,LESLLA Symposium Proceedings,2837-6684,mint,7407066797,,https://journals.publicknowledgeproject.org/michener-student/index.php/lesllasp,US,266
B,size_age_title,MULTIDISCIPLINARY JOURNAL: FUNDAMENTAL RESEARCH SCIENTIFIC JOURNAL,3060-513X,mint,7407066798,,https://universalpublishings.com/index.php/fundamental,UZ,266
B,size_age_title,"Revista Ensino, Educação & Ciências Exatas",2965-1026,mint,7407066799,,https://revista.grupofaveni.com.br/index.php/ensinoeducacaoeciencias,BR,265
B,size_age_title,Seminar Nasional Paedagoria,2807-8705,mint,7407066800,,https://journal.ummat.ac.id/index.php/fkip,ID,265
B,size_age_title,PROSIDING SEMINAR INFORMATIKA DAN SISTEM INFORMASI,2549-4805,link_issnless_namesake,4306524625,4306524625,https://openjournal.unpam.ac.id/index.php/SNISIS,ID,265
B,size_age_title,Jurnal STRATEGI - Jurnal Maranatha,2684-9984,link_issnless_namesake,4306517139,4306517139,https://strategi.itmaranatha.org/index.php/strategi,ID,265
B,size_age_title,CEVECE Inteligencia Epidemiológica,2007-5162,mint,7407066801,,https://ddsisem.edomex.gob.mx:24243/index.php/iecevece,MX,265
B,size_age_title,Journal of the Management Sciences,1118-6828,mint,7407066802,,https://journals.unizik.edu.ng/index.php/jfms,NG,265
B,size_age_title,CERN Yellow Reports: School Proceedings,2519-8041;2519-805X,link_issnless_namesake,4306505889,4306505889,https://e-publishing.cern.ch/index.php/CYRSP,CH,265
B,national_list,Journal of Agricultural Science and Management,2985-1904,mint,7407066803,,https://li02.tci-thaijo.org/index.php/JASM,TH,265
B,national_list,"Journal of Prachomklao College of Nursing, Phetchaburi Province",2985-0150,mint,7407066804,,https://he01.tci-thaijo.org/index.php/pck,TH,265
B,national_list,Research Journal Phranakhon Rajabhat : Science and Technology,3027-821X,mint,7407066805,,https://li01.tci-thaijo.org/index.php/PRRJ_Scitech,TH,265
B,size_age_title_other_script,现代工业与技术,3060-9240;3060-9259,mint,7407066806,,https://journals.nassg.org/index.php/mit-cn,,265
B,size_age_title,"Anais do Seminário Interdisciplinar em Ensino, Extensão e Pesquisa",2447-2328,mint,7407066807,,https://revistas.uneb.br/index.php/sieep,BR,264
B,size_age_title,Prosiding Seminar Nasional Ketekniksipilan Bidang Vokasional,2985-3192,mint,7407066808,,https://ojs2.pnb.ac.id/index.php/senasketekniksipilan,ID,264
B,size_age_title,Jurnal Ilmiah Mahasiswa Pendidikan [JIMEDU],2808-0866,mint,7407066809,,https://jurnalmahasiswa.umsu.ac.id/index.php/jimedu,ID,264
B,size_age_title,Open Herald: Periodical of Methodical Research,2810-6385,mint,7407066810,,https://academiaone.org/index.php/6,CL,263
B,size_age_title,Revista de Medicina Isla de la Juventud,1726-6696,link_issnless_namesake,4306527005,4306527005,https://remij.sld.cu/index.php/remij,CU,263
B,size_age_title,Academic Physiotherapy Conference Proceeding,2809-7475,mint,7407066811,,https://proceedings.ums.ac.id/index.php/apc,ID,263
B,size_age_title,Proceedings International Conference on Education Innovation and Social Science,2961-9602,mint,7407066812,,https://proceedings.ums.ac.id/index.php/iceiss,ID,263
B,size_age_title,Information Technology Applications,1338-6468;2453-7497,mint,7407066813,,https://www.itajournal.com/index.php/ita,SK,263
B,national_list,Journal of Education Academic Chiang Rai Rajabhat University,2465-5007,mint,7407066814,,https://so05.tci-thaijo.org/index.php/jeducrru,TH,263
B,size_age_title,Sociales Investiga,2525-1171,link_issnless_namesake,4306530271,4306530271,https://socialesinvestiga.unvm.edu.ar/ojs/index.php/socialesinvestiga,AR,262
B,size_age_title,Dramaturgia em foco,2594-7796,mint,7407066815,,https://periodicos.univasf.edu.br/index.php/dramaturgiaemfoco,BR,262
B,size_age_title,RETEC - Revista de Tecnologias,1806-0323,link_issnless_namesake,4306525941,4306525941,https://retec.fatecourinhos.edu.br/index.php/retec,BR,262
B,size_age_title,ACTA MSM - Periódico da EMSM,2317-9597,mint,7407066816,,https://revista.souzamarques.br/index.php/ACTA_MSM,BR,262
B,size_age_title,"Aktualitet - Litteratur, kultur og medier",2446-1296,mint,7407066817,,https://tidsskrift.dk/aktualitet,DK,262
B,size_age_title,Annales de l'UNIGOM,2411-6033;2412-8473,mint,7407066818,,https://www.pugoma.com/index.php/UNIGOM,FR,262
B,size_age_title,SWOT : Jurnal Ilmiah Ilmu Manajemen,2087-8877;2657-2087,link_issnless_namesake,4306531436,4306531436,https://publikasi.mercubuana.ac.id/index.php/swot,ID,262
B,size_age_title,Pakistan Research Journal of Social Sciences,2959-1996;2959-2003,mint,7407066819,,https://prjss.com/index.php/prjss,PK,262
B,size_age_title,Journal of Geophysics,2643-2986;2643-9271,mint_name_twin,7407066820,2765039777,https://journal.geophysicsjournal.com/JofG,US,262
B,size_age_title,O‘zbekistondagi ilmiy yangiliklar jurnali,3093-8651,mint,7407066821,,https://globalsciences.uz/index.php/ilmiyyangiliklar,UZ,262
B,size_age_title,Guayana Sustentable,1856-7916,mint,7407066822,,https://revistasenlinea.saber.ucab.edu.ve/index.php/guayanasustentable,VE,262
B,size_age_title,História e Economia,1808-5318;2596-0121,mint,7407066823,,https://www.historiaeeconomia.pt/he,BR,261
B,size_age_title,Journal of Ophthalmic and Optometric Sciences,2645-5366;2676-6248,mint,7407066824,,https://journals.sbmu.ac.ir/index.php/basir,IR,261
B,size_age_title,Scholar's Digest- Journal of Multidisciplinary Studies,2949-8856;2949-8880,mint,7407066825,,https://scholarsdigest.org/index.php/sdjms,NL,261
B,size_age_title,Engineering Transactions: A Research Publication of Mahanakorn University of Technology,3027-8473,mint,7407066826,,https://ph02.tci-thaijo.org/index.php/ET,TH,261
B,size_age_title,El banquete de los dioses,2346-9935,link_issnless_namesake,4363607355,4363607355,https://publicaciones.sociales.uba.ar/index.php/ebdld,AR,260
B,size_age_title,Revista Falas Breves,2358-1069,mint,7407066827,,https://falasbreves.ufpa.br/index.php/revista-falas-breves,BR,260
B,size_age_title,Tecnología Investigación y Academia,2344-8288,mint,7407066828,,https://revistas.udistrital.edu.co/index.php/tia,CO,260
B,size_age_title,Vinayasādhana,0976-0946,mint,7407066829,,https://dvkjournals.in/index.php/vs,IN,260
B,size_age_title,Iteks,1978-2497;2746-7570,link_issnless_namesake,4363604363,4363604363,https://ejournal.stt-wiworotomo.ac.id/index.php/iteks,ID,260
B,size_age_title,Phuket Rajabhat University Academic Journal,3056-9303,mint,7407066830,,https://so05.tci-thaijo.org/index.php/pkrujo,TH,260
B,national_list,Journal of Thai Hospitality and Tourism,1905-6303;2985-184X,mint,7407066831,,https://so04.tci-thaijo.org/index.php/tourismtaat,TH,260
B,size_age_title,Jurnal TEKTRO,2581-2890,mint,7407066832,,https://e-jurnal.pnl.ac.id/TEKTRO,ID,259
B,national_list,Journal of Thai Stroke Society,2673-0227;2697-4266,mint,7407066833,,https://he01.tci-thaijo.org/index.php/jtss,TH,259
B,size_age_title,Jurnal Ilmiah Manajemen & Kewirausahaan,2338-2716,mint,7407066834,,https://journalstih.amsir.ac.id/index.php/man,ID,258
B,size_age_title,Boletim da Sociedade Portuguesa de Matemática,0872-3672,link_issnless_namesake,4306504589,4306504589,https://revistas.rcaap.pt/boletimspm,PT,258
B,national_list,Journal of Humanities and Social Sciences Prince of Songkla University,3027-6225,mint,7407066835,,https://so03.tci-thaijo.org/index.php/eJHUSO,TH,258
B,size_age_title,RAIS Journal for Social Sciences,2574-0245;2574-1179,mint,7407066836,,https://journal.rais.education/index.php/raiss,US,258
B,national_list,"Journal of International Islamic Law, Human Right and Public Policy",3031-2280,mint,7407066837,,https://jishup.org/index.php/ojs,VN,258
B,size_age_title,Revista do Exército Brasileiro,0101-7284,mint,7407066838,,https://decex.nucleoead.net/ebrevistas22/REB,,258
B,size_age_title,Abatirá - Revista de Ciências Humanas e Linguagens,2675-6781,mint,7407066839,,https://revistas.uneb.br/index.php/abatira,BR,257
B,size_age_title,"Filosofia, ara! Revista per a pensar",2462-3865;3081-7692,mint,7407066840,,https://www.filoara.cat/revista/index.php/FA,ES,257
B,national_list,Journal of BSRU-Research and Development Institute,2774-1176,mint,7407066841,,https://so06.tci-thaijo.org/index.php/rdibsru,TH,257
B,size_age_title,Revista Faculdades do Saber,2448-3354,mint,7407066842,,https://rfs.emnuvens.com.br/rfs,BR,256
B,size_age_title,Jurnal Washiyah,2723-2735;2723-2743,mint,7407066843,,https://journal.uin-alauddin.ac.id/index.php/washiyah,ID,256
B,size_age_title,Jurnal Profesi Kependidikan,2252-7559,mint,7407066844,,https://ojs.unm.ac.id/JPK,ID,256
B,national_list,Executive Journal,2651-0960,mint,7407066845,,https://so01.tci-thaijo.org/index.php/executivejournal,TH,256
B,size_age_title,Revista Arbitrada Formación Gerencial,1690-074X,link_issnless_namesake,4306526108,4306526108,https://produccioncientificaluz.org/index.php/rafg,VE,256
B,size_age_title,REVISTA ADELANTE-AHEAD,2215-7999;2590-6321,link_issnless_namesake,4306526053,4306526053,https://ojs.unicolombo.edu.co/index.php/adelante-ahead,CO,255
B,size_age_title,International Journal of Economic Development Research and Investment (IJEDRI),2141-6729;2795-3009,mint,7407066846,,https://www.icidr.org.ng/index.php/Ijedri,NG,255
B,size_age_title,Boletín de la Real Sociedad Geográfica,0210-8577;2603-6010,held_name_issnless,,4306504706,https://www.boletinrsg.com/index.php/boletinrsg,ES,255
B,national_list,Chinese Journal of Social Science and Management,2586-8535,mint,7407066847,,https://so01.tci-thaijo.org/index.php/CJSSM,TH,255
B,size_age_title,Síntesis,1851-8060;2314-291X,mint_name_twin,7407066848,4210231711,https://revistas.unc.edu.ar/index.php/sintesis,AR,254
B,size_age_title,ACCEPT: Annual Conference on Community Engagement for Peaceful Transformation,2808-8514,mint,7407066849,,https://conference.uin-suka.ac.id/index.php/accept,ID,254
B,size_age_title,Ixaya. Revista Universitaria de Desarrollo Social. 29 de Agosto del 2025,2007-7661,mint,7407066850,,https://revistaixaya.cucsh.udg.mx/index.php/ixa,MX,254
B,national_list,Academic Journal of Political Science and Public Administration,2822-065X;2822-0676,mint,7407066851,,https://so08.tci-thaijo.org/index.php/AJPP,TH,254
B,size_age_title,Science and Technology Nakhon Sawan Rajabhat University Journal,3088-2907,mint,7407066852,,https://ph02.tci-thaijo.org/index.php/JSTNSRU,TH,254
B,size_age_title,PANIDHANA JOURNAL,2985-2919,mint,7407066853,,https://so05.tci-thaijo.org/index.php/panidhana,,254
B,size_age_title,Revista Electrónica KULONGESA – TES. ISSN 2707-353X,2707-353X,mint,7407066854,,https://kulongesa.ip-ulan.ao/index.php/kulongesa-tes,AO,253
B,size_age_title,Asian Journal of Multidisciplinary Studies,2651-6691;2651-6705,mint_name_twin,7407066855,2764620754,https://asianjournal.pti.edu.ph/index.php/ajms,PH,253
B,size_age_title,WritingThreeSixty,2708-6119,mint,7407066856,,https://epubs.ac.za/index.php/w360,ZA,253
B,national_list,Journal of Health Sciences and Wellness,3056-9028,mint,7407066857,,https://he01.tci-thaijo.org/index.php/HCUJOURNAL,TH,253
B,national_list,Journal of Cultural Approach,1513-4458;2985-1831,mint,7407066858,,https://so02.tci-thaijo.org/index.php/cultural_approach,TH,253
B,size_age_title,"LUMAT-B: International Journal on Math, Science and Technology Education",2489-2572,mint,7407066859,,https://journals.helsinki.fi/lumatb,FI,252
B,size_age_title,Jurnal Litigasi Amsir,2963-9360,mint,7407066860,,https://journalstih.amsir.ac.id/index.php/julia,ID,252
B,national_list,Saeng-Isan Academic Journal,3027-6152;3027-6160,mint,7407066861,,https://so01.tci-thaijo.org/index.php/jsi,TH,252
B,size_age_title,Prosiding Simposium Nasional Administrasi Publik (SIAP),3032-0933,mint,7407066862,,https://conference.untag-sby.ac.id/index.php/puis,VN,252
B,size_age_title,Anais do Workshop de Computação Aplicada à Gestão do Meio Ambiente e Recursos Naturais (WCAMA),2595-6124,mint,7407066863,,https://sol.sbc.org.br/index.php/wcama,BR,251
B,size_age_title,Proceeding of National Conference on Accounting & Finance,2715-0992,mint,7407066864,,https://journal.uii.ac.id/NCAF,ID,251
B,size_age_title,EDUCATIONAL JOURNAL : General and Specific Research,2808-5418,mint,7407066865,,https://adisampublisher.org/index.php/edu,ID,251
B,size_age_title,SOUTH EASTERN JOURNAL OF RESEARCH AND SUSTAINABLE DEVELOPMENT (SEJRSD),2705-2001,mint,7407066866,,https://sejrsd.org.ng/index.php/SEJRSD,NG,251
B,size_age_title,Journal of Environmental Management and Safety,2141-1824;2141-6206,mint,7407066867,,https://cepajournal.com/index.php/jems,NG,251
B,size_age_title,Revista de divulgación científica iBIO,2954-4890,mint,7407066868,,https://revistaibio.com/ojs33/index.php/main,MX,250
B,size_age_title,Revue Economie & Kapital,2489-1282,link_issnless_namesake,4306528325,4306528325,https://revues.imist.ma/index.php/REK,MA,250
B,size_age_title,Nakhonphanom Hospital Journal,0857-4308;3057-0581,mint,7407066869,,https://he01.tci-thaijo.org/index.php/nkpjournal_9,TH,250
B,size_age_title,Revista Brasileira de Aviação Civil & Ciências Aeronáuticas,2763-7697,mint,7407066870,,https://rbac.cia.emnuvens.com.br/revista,BR,249
B,size_age_title,Joven Educador,2221-3988,mint,7407066871,,http://revistas.ucpejv.edu.cu/index.php/rJEdu,CU,249
B,size_age_title,Proceeding International Conference on Education,3025-6828,mint,7407066872,,https://jurnalfaktarbiyah.iainkediri.ac.id/index.php/proceedings,ID,249
B,size_age_title,INSIGHT: Jurnal Penelitian Psikologi,3025-6305,mint,7407066873,,https://ojs.unimal.ac.id/ijpp,ID,249
B,size_age_title,Book series Studi AISV,2612-226X,mint,7407066874,,https://www.studi.aisv.it/index.php/home,IT,249
B,national_list,Journal of Management and Development Ubon Ratchathani Rajabhat University,2985-0460,mint,7407066875,,https://so06.tci-thaijo.org/index.php/JMDUBRU,TH,249
B,national_list,The Journal of International Buddhist Studies College,3027-6276,mint,7407066876,,https://so03.tci-thaijo.org/index.php/ibsc,TH,249
B,national_list,Thai Environmental Engineering Journal,1686-2961;2673-0359,mint,7407066877,,https://so05.tci-thaijo.org/index.php/teej,TH,249
B,size_age_title,Ratthaphirak Journal,3088-2621;3088-263X,mint,7407066878,,https://so05.tci-thaijo.org/index.php/ratthapirak,TH,249
B,size_age_title,Revista Discente Planície Científica,2675-1569,mint,7407066879,,https://periodicos.uff.br/planiciecientifica,BR,248
B,size_age_title,Journal of Information Systems and Management (JISMA),2829-6591,mint,7407066880,,https://jisma.org/index.php/jisma,ID,248
B,size_age_title,NIGERIAN JOURNAL OF DERMATOLOGY,2384-7395,mint,7407066881,,https://nigjdermatology.com/index.php/NJD,NG,248
B,national_list,Journal of Health Systems Research,2672-9415,held_name_issnless,,2764757910;5407044889,https://he04.tci-thaijo.org/index.php/j_hsr,TH,248
B,size_age_title,Educ@ción en Contexto,2477-9296,link_issnless_namesake,4306508869,4306508869,https://educacionencontexto.net/journal/index.php/una,VE,248
B,size_age_title,Prospectus (ISSN: 2674-8576),2674-8576,mint,7407066882,,https://prospectus.fatecitapira.edu.br/index.php/pst,BR,247
B,size_age_title,International Journal for Peace and Justice,3110-9403,mint,7407066883,,https://ojs.lib.umanitoba.ca/index.php/ijpj,CA,247
B,size_age_title,Legfin Multidisciplinary Research Journal,2394-9562,mint,7407066884,,https://www.legfin.in/index.php/leg,IN,247
B,size_age_title,Prosiding Management Business Innovation Conference (MBIC),3025-3292,mint,7407066885,,https://jurnal.untan.ac.id/index.php/MBIC,ID,247
B,size_age_title,Jurnal Keperawatan Flora,2089-4260;2828-3651,mint,7407066886,,https://jurnal.stikesflora-medan.ac.id/index.php/jkpf,ID,247
B,national_list,Law and Local Society Journal,2985-2552,mint,7407066887,,https://so04.tci-thaijo.org/index.php/llsj,TH,247
B,national_list,Journal of Faculty of Education Pibulsongkram Rajabhat University,3027-7701;3027-771X,mint,7407066888,,https://so02.tci-thaijo.org/index.php/edupsru,TH,247
B,size_age_title,JOURNAL OF THEORETICAL AND EMPIRICAL STUDIES IN EDUCATION,2360-7173,mint,7407066889,,https://journals.unizik.edu.ng/index.php/jtese,NG,246
B,size_age_title,Public Administration and Regional Studies,2065-1759;2065-569X,mint,7407066890,,https://www.gup.ugal.ro/ugaljournals/index.php/pars,RO,246
B,national_list,"e-Journal of Education Studies, Burapha University",2697-3863,mint,7407066891,,https://so01.tci-thaijo.org/index.php/ejes,TH,246
B,size_age_title,REGRAD - Revista Eletrônica de Graduação do UNIVEM - ISSN 1984-7866,1984-7866,link_issnless_namesake,4306525646,4306525646,https://revista.univem.edu.br/REGRAD,BR,245
B,size_age_title,Diffusion: Journal of Systems and Information Technology,2809-9028,mint,7407066892,,https://ejurnal.ung.ac.id/index.php/diffusion,ID,245
B,size_age_title,Prosiding Seminar Nasional Matematika dan Pendidikan Matematika,2807-324X,link_issnless_namesake,4306524656,4306524656,https://conference.upgris.ac.id/index.php/senatik,ID,245
B,size_age_title,Rivista micologica romana. Bollettino dell’Associazione Micologica Ecologica Romana,2704-6206,mint,7407066893,,https://www.ameronlus.it/ojs/index.php/rmr,IT,245
B,national_list,Journal of Humanities Naresuan University,2985-2544;3027-6101,mint,7407066894,,https://so03.tci-thaijo.org/index.php/jhnu,TH,245
B,national_list,Connexion: Journal of Humanities and Social Sciences,2821-9651,mint,7407066895,,https://so05.tci-thaijo.org/index.php/MFUconnexion,TH,245
B,size_age_title,Revista Saberes da Fapan,2318-4914,mint,7407066896,,https://estacio.periodicoscientificos.com.br/index.php/revistasaberesfapan,BR,244
B,size_age_title,Revista de Estudos e Investigações Antropológicas,2446-6972,link_issnless_namesake,4306526750,4306526750,https://periodicos.ufpe.br/revistas/reia,BR,244
B,size_age_title,Global Histories: A Student Journal,2366-780X,link_issnless_namesake,4306511545,4306511545,https://globalhistories.com/index.php/GHSJ,DE,244
B,national_list,RMUTL Journal of Business Administration and Liberal Arts,3027-6470;3027-6543,mint,7407066897,,https://so05.tci-thaijo.org/index.php/balajhss,TH,244
B,size_age_title,Mostra de Trabalhos do Curso de Nutrição do Univag,2594-6757,mint,7407066898,,https://periodicos.univag.com.br/index.php/mostranutri,BR,243
B,size_age_title,Journal of Undergraduate Studies at Trent (JUST),1913-0937;1913-0945,mint,7407066899,,https://ojs.trentu.ca/index.php/just,CA,243
B,size_age_title,Folia Dermatológica Cubana,2070-2957,link_issnless_namesake,4306510643,4306510643,https://revfdc.sld.cu/index.php/fdc,CU,243
B,size_age_title,Prosiding Seminar Nasional Pengabdian Masyarakat,3109-7839,mint_name_twin,7407066900,4390648525;4387997386;5407055847,https://jurnal.upnyk.ac.id/index.php/prosidingLPPM,ID,243
B,size_age_title,Bogor English Student And Teacher (BEST) Conference,2721-0219;2721-0227,mint,7407066901,,https://pkm.uika-bogor.ac.id/index.php/best,ID,243
B,national_list,CITRAKARA,2807-7296,mint,7407066902,,https://publikasi.dinus.ac.id/index.php/citrakara,ID,243
B,size_age_title,Reka Karsa: Jurnal Arsitektur,2338-6592,mint,7407066903,,https://ejurnal.itenas.ac.id/index.php/rekakarsa,ID,243
B,size_age_title,Jurnal Studi Sosial / Journal of Social Studies,2089-9335,mint_name_twin,7407066904,4210220504,https://jurnal.fkip.unila.ac.id/index.php/JSS,ID,243
B,national_list,Music and Performing Arts Journal,2774-0722,mint,7407066905,,https://so06.tci-thaijo.org/index.php/Mupabuujournal,TH,243
B,national_list,Journal of Health Science Boromarajonani College of Nursing Sunpasitthiprasong,3057-1421;3057-143X,mint,7407066906,,https://he01.tci-thaijo.org/index.php/bcnsp,TH,243
B,national_list,Songklanakarin Journal of Management Sciences,2730-3462,mint,7407066907,,https://so03.tci-thaijo.org/index.php/jms_psu,TH,243
B,national_list,Thai Journal of Public Health and Health Sciences,2651-1711;2672-9148,mint,7407066908,,https://he02.tci-thaijo.org/index.php/tjph,TH,242
B,national_list,Journal of Educational Measurement Educational and Psychological Test Bureau,3027-639X;3027-6683,mint,7407066909,,https://so06.tci-thaijo.org/index.php/JEMEPTB,TH,242
B,size_age_title,JOURNAL OF MATERIALS AND ELECTRONIC DEVICES,2587-0424,mint,7407066910,,https://dergi-fytronix.com/index.php/jmed,TR,242
B,size_age_title,The Journal of the International Society of Chinese Health Practices,2692-5702,mint,7407066911,,http://ischp.org/journal/index.php/jischp,US,242
B,size_age_title,PELUANG,1978-2403,mint,7407066912,,https://blanchedalmond-mosquito-491737.hostingersite.com/index.php/peluang,,242
B,national_list,ชัยภูมิเวชสาร = Chaiyaphum Medical Journal,2985-0649;2985-0657,mint,7407066913,,https://thaidj.org/index.php/CMJ,TH,241
B,size_age_title,Valeology: International Journal of Medical Anthropology and Bioethics (2995-4924),2995-4924,mint,7407066914,,https://multijournals.org/index.php/valeology,US,241
B,size_age_title,The Workshop,2372-5931,mint,7407066915,,https://scholarworks.iu.edu/journals/index.php/18cy,US,241
B,size_age_title,Journal of Applied and Fundamental Sciences,2395-5562,link_issnless_namesake,4306515320,4306515320,https://journals.dbuniversity.ac.in/ojs/index.php/JFAS,IN,240
B,size_age_title,International Journal for Educational Media and Technology,1882-2290,mint,7407066916,,https://ijemt.org/index.php/journal,JP,240
B,national_list,Journal of Scholar Community,2822-1052,mint,7407066917,,https://so12.tci-thaijo.org/index.php/watmahasawat_jsc,TH,240
B,national_list,Journal of Khon Kaen Provincial Health Office,2673-0979;2730-2490,mint,7407066918,,https://he02.tci-thaijo.org/index.php/jkkpho,TH,240
B,size_age_title,Fra Kvangård til Humlekule,0107-895X;2596-4992,mint,7407066919,,https://tidsskrift.dk/frakvangaardtilhumlekule,DK,239
B,size_age_title,"Háromká : Könyv, Könyvtár, Könyvtáros",3004-1252,mint,7407066920,,https://journals.bme.hu/haromka,HU,239
B,national_list,Renjana Pendidikan Dasar,2747-0725;2775-7838,mint,7407066921,,https://prospek.unram.ac.id/index.php/renjana,ID,239
B,size_age_title,Conversaciones con...,2395-9479;2594-0813,mint,7407066922,,https://revistas.inah.gob.mx/index.php/conversaciones,MX,239
B,size_age_title,PAKISTAN ISLAMICUS (An International Journal of Islamic & Social Sciences),2789-9365;2790-4911,mint,7407066923,,https://pakistanislamicus.com/index.php/home,PK,239
B,size_age_title,"Anais da Feira de Ensino, Pesquisa e Extensão do Instituto Federal Catarinense Campus Fraiburgo - e-ISSN 2594-5572",2594-5572,mint,7407066924,,https://publicacoes.ifc.edu.br/index.php/fepexfraiburgo,BR,238
B,size_age_title,Journal of the Medical Technologist Association of Thailand,2985-0924,mint,7407066925,,https://he01.tci-thaijo.org/index.php/jmt-amtt,TH,238
B,national_list,SOUTHEAST ASIAN JOURNAL OF ECONOMICS,2286-8984;2465-5120,mint,7407066926,,https://so05.tci-thaijo.org/index.php/saje,TH,238
B,national_list,Academic Journal Uttaradit Rajabhat University,2985-2986,mint,7407066927,,https://ph01.tci-thaijo.org/index.php/uruj,TH,238
B,size_age_title,Enfermagem Revista,0104-4419;2238-7218,link_issnless_namesake,4306509445,4306509445,http://periodicos.pucminas.br/index.php/enfermagemrevista,BR,237
B,size_age_title,Economic and Business Management International Journal,2715-3681,mint,7407066928,,https://mand-ycmm.org/index.php/eabmij,ID,237
B,size_age_title,INTERNATIONAL JOURNAL OF ISLAMIC STUDIES & CULTURE,2709-3891;2709-3905,mint,7407066929,,https://ijisc.com.pk/index.php/IJISC,PK,237
B,national_list,"Journal of Islamic Studies, Prince of Songkla University",2697-3979;2773-9848,mint,7407066930,,https://so03.tci-thaijo.org/index.php/JOIS,TH,237
B,national_list,Journal of Criminology and Forensic Science,2408-2430;2673-0588,mint,7407066931,,https://so02.tci-thaijo.org/index.php/forensic,TH,237
B,size_age_title,O Adjunto: Revista Pedagógica da Escola de Aperfeiçoamento de Sargentos das Armas,2318-1478,mint,7407066932,,https://decex.nucleoead.net/ebrevistas22/adj,,237
B,size_age_title,Anais do Brazilian e-Science Workshop (BreSci),2763-8774,mint,7407066933,,https://sol.sbc.org.br/index.php/bresci,BR,236
B,size_age_title,ADIBRATA Jurnal,2776-3943,mint,7407066934,,https://openjournal.unpam.ac.id/index.php/adt,ID,236
B,national_list,Thai Journal of Pediatrics,3027-8422,mint,7407066935,,https://he04.tci-thaijo.org/index.php/TJP,TH,236
B,size_age_title,Proceedings of the International Conference on Entrepreneurship (IConEnt),2988-2664,mint,7407066936,,https://ojs.uph.edu/index.php/IConEnt,ID,235
B,size_age_title,AL-DURAR,2708-8839;2708-8847,mint,7407066937,,https://tcais.net/index.php/aldurar,PK,235
B,size_age_title,"APEduC Revista - Investigação e Práticas em Educação em Ciências, Matemática e Tecnologia",2184-7436,mint,7407066938,,https://revistas.utad.pt/index.php/apeduc,PT,235
B,national_list,CMU Journal of Law and Social Sciences,2672-9245,mint,7407066939,,https://so01.tci-thaijo.org/index.php/CMUJLSS,TH,235
B,size_age_title,Revista Tecnocientífica URU,2343-6360,mint,7407066940,,https://revistas.fondoeditorial.uru.edu/index.php/tecnocientificauru,VE,235
B,size_age_title,Revista de Estudos Interdisciplinares do Vale do Araguaia - REIVA,2595-7090,mint,7407066941,,https://reiva.unifaj.edu.br/reiva,BR,234
B,size_age_title,Prosiding Seminar Regional Pengabdian Kepada Masyarakat Universitas Mahasaraswati Denpasar 2022,3025-1753,mint,7407066942,,https://e-journal.unmas.ac.id/index.php/semregunmas22,ID,234
B,size_age_title,Jurnal Pijar,2963-0606;2964-9749,mint,7407066943,,https://e-journal.naureendigition.com/index.php/pmb,ID,234
B,size_age_title,Al-Makrifat: jurnal kajian Islam,2503-0701;2615-1103,link_issnless_namesake,4306501427,4306501427,https://ejournal.kopertais4.or.id/tapalkuda/index.php/makrifat,ID,234
B,size_age_title,Studi di Glottodidattica,1970-1861,link_issnless_namesake,4306531142,4306531142,https://ojs.uniba.it/index.php/glottodidattica,IT,234
B,national_list,Humanities and Social Science Research Promotion Network Journal,3056-9907,mint,7407066944,,https://so06.tci-thaijo.org/index.php/hsrnj,TH,234
B,national_list,RMUTSB ACADEMIC JOURNAL (HUMANITIES AND SOCIAL SCIENCES),2651-1940,mint,7407066945,,https://so05.tci-thaijo.org/index.php/rmutsb-hs,TH,234
B,national_list,Journal of Excellence in English Language Education,2829-4394,mint,7407066946,,https://ojs.unm.ac.id/JoEELE,ID,233
B,size_age_title,TOPOFILIA,2594-0635,mint,7407066947,,https://topofilia.buap.mx/index.php/topofilia,MX,233
B,size_age_title,Ansu Journal of Language and Literary Studies,2465-7352,mint,7407066948,,https://ezenwaohaetorc.org/journals/index.php/AJLLS,NG,233
B,size_age_title,yxqy,2705-1366;2737-4300,mint,7407066949,,https://newcn.acad-pub.com/index.php/yxqy,SG,233
B,national_list,Journal of Chaiyaphum Review,3027-818X,mint,7407066950,,https://so02.tci-thaijo.org/index.php/jcr,TH,233
B,national_list,Journal of Political Science Mahamakut Buddhist University,2773-9139;2773-9147,mint,7407066951,,https://so02.tci-thaijo.org/index.php/jpsmbu,TH,233
B,size_age_title,Plural. Antropologías desde América Latina y del Caribe,2393-7483;2393-7491,mint,7407066952,,https://asociacionlatinoamericanadeantropologia.net/revistas/index.php/plural,UY,233
B,size_age_title,Revista Liceu On-Line,2179-5975,link_issnless_namesake,4306527660,4306527660,https://liceu.fecap.br/LICEU_ON-LINE,BR,232
B,size_age_title,Revista Laborativa,2316-6746,link_issnless_namesake,4306527627,4306527627,https://ojs.unesp.br/index.php/rlaborativa,BR,232
B,size_age_title,Administrativ Debat,0108-8483;2794-6142,mint,7407066953,,https://tidsskrift.dk/administrativ-debat,DK,232
B,size_age_title,Heidelberger Beiträge zum Finanz- und Steuerrecht,2366-0910,mint,7407066954,,https://journals.ub.uni-heidelberg.de/index.php/hfst,DE,232
B,size_age_title,Proceeding International Conference on Accounting and Finance,2985-8828,mint,7407066955,,https://journal.uii.ac.id/inCAF,ID,232
B,size_age_title,Prosiding PEPADU,2715-5811,link_issnless_namesake,4306524611,4306524611,https://proceeding.unram.ac.id/index.php/pepadu,ID,232
B,size_age_title,Praxis: Jurnal Pengabdian Kepada Masyarakat,2808-7186,mint_name_twin,7407066956,4387291366,https://pijarpemikiran.com/index.php/praxis,ID,232
B,size_age_title_other_script,Метаморфозис,2658-3976,mint,7407066957,,https://ojs.hse.ru/index.php/metamorphosis,RU,232
B,national_list,Journal of Nakornping Hospital,2697-4207;3088-2990,mint,7407066958,,https://he01.tci-thaijo.org/index.php/jnkp,TH,232
B,national_list,Academic Journal for the Humanities and Social Sciences Dhonburi Rajabhat University,2822-1249;2822-1257,mint,7407066959,,https://so02.tci-thaijo.org/index.php/human_dru,TH,232
B,national_list,Journal of Inclusive and Innovative Education,2985-0266,mint,7407066960,,https://so01.tci-thaijo.org/index.php/cmujedu,TH,232
B,national_list,Journal of Disease Prevention and Control : DPC. 2 Phitsanulok,3057-1502,mint,7407066961,,https://he01.tci-thaijo.org/index.php/dpcphs,,232
B,size_age_title,"Journal Education, Sociology and Law",3089-9508,mint,7407066962,,https://publisherqu.com/index.php/edusola,ID,231
B,size_age_title,Jurnal Inovasi Administrasi Negara Terapan,3025-9894,mint,7407066963,,https://journal.unesa.ac.id/index.php/innovant,ID,231
B,size_age_title,Jurnal AKMAMI (Akuntansi Manajemen Ekonomi),2723-665X,mint,7407066964,,https://jurnal.ceredindonesia.or.id/index.php/akmami,ID,231
B,size_age_title,Arabian Journal of Medicinal and Aromatic Plants,2458-5920,mint,7407066965,,https://revues.imist.ma/index.php/AJMAP,MA,231
B,size_age_title,Tạp chí Khoa học Đại học Hạ Long,2815-5521,mint,7407066966,,https://vjol-admin.dainv.online/halong,,231
B,size_age_title,Anãnsi: Revista de Filosofia,2675-8385,mint,7407066967,,https://revistas.uneb.br/index.php/anansi,BR,230
B,size_age_title,Revista Outras Fronteiras,2318-5503,link_issnless_namesake,4306527803,4306527803,https://periodicoscientificos.ufmt.br/outrasfronteiras/index.php/outrasfronteiras,BR,230
B,size_age_title,DWI-Jahrbuch – Diakoniewissenschaft in Forschung und Lehre,2199-1960,mint,7407066968,,https://journals.ub.uni-heidelberg.de/index.php/dwijb,DE,230
B,size_age_title,Naturalmente scienza,2784-8752,mint,7407066969,,https://journal.edizioniets.com/index.php/naturalmente-scienza,IT,230
B,size_age_title,International Journal of Social Sciences: Current and Future Research Trends,2790-4008,mint,7407066970,,https://ijsscfrtjournal.isrra.org/index.php/Social_Science_Journal,JO,230
B,national_list,Khon Kaen University Dental Journal,2730-1699,mint,7407066971,,https://he01.tci-thaijo.org/index.php/KDJ,TH,230
B,national_list,Journal of Health Sciences Scholarship,1906-1919;2697-6412,mint,7407066972,,https://he01.tci-thaijo.org/index.php/johss,TH,230
B,national_list,JOURNAL OF INFORMATION SCIENCE AND TECHNOLOGY,1906-9553;2651-1053,mint,7407066973,,https://ph02.tci-thaijo.org/index.php/JIST,TH,230
B,national_list,Research and Development Institute Journal of Chaiyaphum Rajabhat University,2822-0552,mint,7407066974,,https://so10.tci-thaijo.org/index.php/rdicpru,,230
B,size_age_title,Cadernos Acadêmicos,2175-2532,link_issnless_namesake,4306505389,4306505389,https://portaldeperiodicos.animaeducacao.com.br/index.php/CA,BR,229
B,size_age_title,Sõjateadlane. The Estonian Journal of Military Studies,2461-4378;2461-4386,mint,7407066975,,https://ojs.utlib.ee/index.php/st,EE,229
B,size_age_title,JOURNAL OF EMERGING TRENDS IN MANAGEMENT SCIENCES AND ENTREPRENEURSHIP,2384-762X,mint,7407066976,,http://jetmase.com/index.php/jetmase,NG,229
B,national_list,Suan Dusit Graduate School Academic Journal,3027-6624;3027-6675,mint,7407066977,,https://so19.tci-thaijo.org/index.php/SDUGSAJ,TH,229
B,national_list,"Journal of Boromarajonani College of Nursing, Surin",2985-2900,mint,7407066978,,https://he01.tci-thaijo.org/index.php/bcnsurin,TH,229
B,size_age_title,EL HORMIGUERO Psicoanálisis ◊ Infancia/s y Adolescencia/s,2545-8043,mint,7407066979,,https://revele.uncoma.edu.ar/index.php/psicohormiguero,AR,228
B,size_age_title,Temas de Biología y Geología del NOA,1853-6700,mint,7407066980,,https://portalderevistas.unsa.edu.ar/index.php/ibigeo,AR,228
B,size_age_title,JRPA - Journal of Regional Public Administration,2548-7736;2774-8944,mint,7407066981,,http://ejournal.unsap.ac.id/index.php/jrpa,ID,228
B,size_age_title,JTechLP: Journal of Technology in Language Pedagogy,2829-243X,mint,7407066982,,https://ojs.unm.ac.id/JTechLP,ID,228
B,size_age_title,Revue Linguistique et Référentiels Interculturels,2658-9206,mint,7407066983,,https://revues.imist.ma/index.php/LIRI,MA,228
B,national_list,Interprofessional Journal of Health Sciences,2672-9423;2672-9628,mint,7407066984,,https://li05.tci-thaijo.org/index.php/IJHS,TH,228
B,size_age_title,El lugar sin límites. Revista de Estudios y Políticas de Género,2683-9105,mint,7407066985,,https://revistas.untref.edu.ar/index.php/ellugar,AR,227
B,size_age_title,Anais do Encontro Nacional de Computação dos Institutos Federais (ENCompIF),2763-8766,mint,7407066986,,https://sol.sbc.org.br/index.php/encompif,BR,227
B,size_age_title,Revue des Études Amazighes,2509-0941,mint,7407066987,,https://revues.imist.ma/index.php/REA,MA,227
B,national_list,UTK RESEARCH JOURNAL,1906-0874;2651-2130,mint,7407066988,,https://ph02.tci-thaijo.org/index.php/rmutk,TH,227
B,size_age_title,Caleidoscópio,2447-6331,mint_name_twin,7407066989,4404663876,https://ojs.eniac.com.br/index.php/Anais,BR,226
B,size_age_title,EspressivAmente,2239-4044,link_issnless_namesake,4306509799,4306509799,https://www.espressivamente.org/index.php/eam,IT,226
B,size_age_title_other_script,مجلة مسالك التربية و التكوين,2550-5165;2737-8012,mint,7407066990,,https://revues.imist.ma/index.php/MASSALEK,MA,226
B,national_list,Journal of Social Work and Social Administration,3027-8880;3027-8899,mint,7407066991,,https://so04.tci-thaijo.org/index.php/swjournal,TH,226
B,size_age_title,Anais do Simpósio Brasileiro de Sistemas Colaborativos (SBSC),2326-2842,mint,7407066992,,https://sol.sbc.org.br/index.php/sbsc,US,226
B,size_age_title,Journal of the Wooden O,1539-5758,mint,7407066993,,https://omeka.li.suu.edu/ojs/index.php/woodeno,US,226
B,size_age_title,mathematica didactica,2750-3755,mint,7407066994,,https://journals.ub.uni-koeln.de/index.php/mathematica_didactica,DE,225
B,size_age_title,Forum. Supplement to Acta Philosophica,2498-9746,mint,7407066995,,https://forum-phil.pusc.it/index.php/forum,IT,225
B,size_age_title,Fane-Fane International Multi-Disciplinary Journal,2141-4483,mint,7407066996,,http://zarjes.com/index.php/FFI,NG,225
B,size_age_title,Aprender,0871-1267;2184-5255,mint,7407066997,,https://aprender.ipportalegre.pt/index.php/aprender,PT,225
B,national_list,Journal of Council of Community Public Health,2697-5653,mint,7407066998,,https://he01.tci-thaijo.org/index.php/JCCPH,TH,225
B,national_list,Vocational Education Central Region Journal,2985-2382;3056-9176,mint,7407066999,,https://so06.tci-thaijo.org/index.php/IVECJournal,TH,225
B,size_age_title,International Journal of Basic and Clinical Studies,2147-1428,mint,7407067000,,https://www.ijbcs.com/index.php/ijbcs,TR,225
B,size_age_title,Anais da Semana da Pedagogia,2526-4907,mint,7407067001,,https://periodicos.ufes.br/semap,BR,224
B,size_age_title,Kocenin Serial Konferensi,2746-7112,mint,7407067002,,https://publikasi.kocenin.com/index.php/pakar,ID,224
B,size_age_title,Prosiding Seminar Nasional Masyarakat Tangguh,2828-5360,mint,7407067003,,https://ocs.unism.ac.id/index.php/semnaspkm,ID,224
B,size_age_title,JUS Revista Jurídica Cuerpo Académico de Derecho Constitucional Facultad de Derecho Culiacán,3122-4539,mint,7407067004,,https://revistas.uas.edu.mx/index.php/JUS,MX,224
B,size_age_title,Moroccan Journal of Agricultural Sciences,2550-553X,mint,7407067005,,https://www.techagro.org/index.php/MJAS,MA,224
B,national_list,Srinakharinwirot University Engineering Journal,2774-0269,mint,7407067006,,https://ph02.tci-thaijo.org/index.php/sej,TH,224
B,size_age_title,International Journal of Anglo-Indian Studies,1327-1652,link_issnless_namesake,4306513896,4306513896,https://international-journal-of-anglo-indian-studies.org/index.php/IJAIS,US,224
B,size_age_title,Revista ECONO. Facultad de Ciencias Económicas. UNLP,2618-2467;2618-3889,mint,7407067007,,https://revistas.unlp.edu.ar/econo,AR,223
B,size_age_title,இனம்: பல்துறைப் பன்னாட்டு இணையத் தமிழாய்விதழ் (Inam: Multidisciplinary International E-Journal of Tamil Studies),2455-0531,mint,7407067008,,https://inamtamil.com/index.php/journal,IN,223
B,size_age_title,International Research Journal of Arabic and Islamic Studies,2789-4002;2789-4010,mint,7407067009,,https://irjais.com/index.php/irjais,PK,223
B,national_list,RMUTI Journal Humanities and Social Sciences,3027-6837,mint,7407067010,,https://so05.tci-thaijo.org/index.php/RMUTI_SS,TH,223
B,size_age_title,Centro de Estudos Estratégicos do Exército : Análise Estratégica,2525-457X,mint,7407067011,,https://decex.nucleoead.net/ebrevistas22/CEEExAE,,223
B,size_age_title,"Hic Rhodus. Crisis capitalista, polémica y controversias",2250-5482,mint,7407067012,,https://publicaciones.sociales.uba.ar/index.php/hicrhodus,AR,222
B,size_age_title,Ratio Juris. Revista Eletrônica da Graduação da Faculdade de Direito do Sul de Minas,2595-3257,mint,7407067013,,https://www.fdsm.edu.br/revistagraduacao/index.php/revistagraduacao,BR,222
B,size_age_title,O Cosmopolítico,2318-9711,mint,7407067014,,https://periodicos.uff.br/ocosmopolitico,BR,222
B,size_age_title,Konferensi Nasional Mahasiswa Sejarah Peradaban Islam,3064-5557,mint,7407067015,,https://proceedings.uinsa.ac.id/index.php/konmaspi,ID,222
B,size_age_title,Journal of Clinical Physiotherapy Research,2476-3888;2538-5151,link_issnless_namesake,4306515421,4306515421,https://journals.sbmu.ac.ir/index.php/physiotherapy,IR,222
B,size_age_title,Nemzetközi Építéstudományi Konferencia – ÉPKO,1843-2123;2734-4525,mint,7407067016,,http://ojs.emt.ro/index.php/EPKO,RO,222
B,size_age_title,Op. Cit. Revista del Centro de Investigaciones Históricas,1526-5323;2578-5443,mint,7407067017,,https://revistas.upr.edu/index.php/opcit,US,222
B,size_age_title,Dar a leer. Revista de Educación Literaria,2718-8752,mint,7407067018,,https://revele.uncoma.edu.ar/index.php/daraleer,AR,221
B,size_age_title,Ab-REVISTA DE ABOGACÍA,2545-8485,mint,7407067019,,https://publicaciones.unpaz.edu.ar/OJS/index.php/ab,AR,221
B,size_age_title,Revista Brasileira de Educação e Cultura | RBEC | ISSN 2237-3098,2237-3098,link_issnless_namesake,4306526179,4306526179,https://periodicos.cesg.edu.br/index.php/educacaoecultura,BR,221
B,size_age_title,"IJOSPOL - International Journal of Social, Policy and Law",2774-2245,mint,7407067020,,https://ijospl.org/index.php/ijospl,ID,221
B,national_list,Global Journal Basic Education,2828-6383,mint,7407067021,,https://jurnal.sainsglobal.com/index.php/gjp,ID,221
B,size_age_title_other_script,مجلة صرمان للعلوم والتقنية,2790-5713;2790-5721,mint,7407067022,,https://sjst.scst.edu.ly/index.php/sjst,LY,221
B,size_age_title,"Scientific Student Journal for Information, Technology and Science",2715-2766,mint,7407067023,,https://journal.ubpkarawang.ac.id/mahasiswa/index.php/ssj,ID,220
B,size_age_title,Infokes,2087-877X;2655-2213,mint,7407067024,,https://jurnal.ikbis.ac.id/index.php/infokes,ID,220
B,size_age_title,Ushuluddin International Conference (USICON),2746-3850,mint_name_twin_not_journal,7407067025,4306534002,https://conference.uin-suka.ac.id/index.php/USICON,ID,220
B,size_age_title,JOURNAL of NUCLEAR and Related TECHNOLOGIES,1823-0180,mint,7407067026,,https://jnrtmns.net/index.php/jnrt,MY,220
B,size_age_title,Proceedings of Research and Practice in Allied and Environmental Health,2975-9420,mint,7407067027,,https://parc.ipp.pt/index.php/PRPAEH,PT,220
B,size_age_title,Muban Chombueng Rajabhat University Research Journal (Humanities and Social Science),3088-3040,mint,7407067028,,https://so03.tci-thaijo.org/index.php/hssj,TH,220
B,national_list,Dhonburi Rajabhat University Journal,2985-1262,mint,7407067029,,https://so02.tci-thaijo.org/index.php/journaldru,TH,220
B,size_age_title,Instars: A Journal of Student Research,2374-7595,mint,7407067030,,https://journals.tdl.org/instars/index.php/instars,US,220
B,size_age_title,WAESOL Educator,2766-8223,mint,7407067031,,https://educator.waesol.org/index.php/WE,US,220
B,size_age_title,Seminário de Iniciação Científica do Univag,2594-6145,link_issnless_namesake,4306529558,4306529558,https://periodicos.univag.com.br/index.php/seminario,BR,219
B,size_age_title,Menara Journal of Health Science,2828-8416;2829-2197,mint,7407067032,,https://jurnal.iakmikudus.org/index.php/mjhs,ID,219
B,size_age_title,Min-Ad: Israel Studies in Musicology,0334-2026,mint,7407067033,,https://min-ad.org.il/min-ad,IL,219
B,size_age_title,CIEX JOURNAL,2395-9517,mint,7407067034,,https://journal.ciex.edu.mx/index.php/cJ,MX,219
B,size_age_title,Revista de Estudios de Antropología Sexual,1870-4255,link_issnless_namesake,4306526726,4306526726,https://revistas.inah.gob.mx/index.php/antropologiasexual,MX,219
B,national_list,Buabundit Journal of Educatioal Administration,3027-7892,mint,7407067035,,https://so06.tci-thaijo.org/index.php/BUAJEAD,TH,219
B,national_list,"Journal for Research and Innovation, Institute of Vocational Education Bangkok",3088-151X;3088-1528,mint,7407067036,,https://so06.tci-thaijo.org/index.php/ivebjournal,TH,219
B,size_age_title_other_script,ВОПРОСЫ ФИЛОЛОГИИ (МАГИСТРАТУРА),1994-4233;2181-1237,mint,7407067037,,https://journals.tnmu.uz/index.php/fm,UZ,219
B,size_age_title,Caderno 4 Campos (C4C),2595-184X,mint,7407067038,,https://periodicos.ufpa.br/index.php/caderno4campos,BR,218
B,size_age_title,Agriland : Jurnal Ilmu Pertanian,2089-5844;2599-1361,mint,7407067039,,https://jurnal.uisu.ac.id/index.php/agriland,ID,218
B,size_age_title,Al-Qirtas,2709-6068;2709-6076,mint,7407067040,,https://al-qirtas.com/index.php/Al-Qirtas,PK,218
B,national_list,Journal of the Office of Disease Prevention and Control 9 Nakhon Ratchasima,2985-1823,mint,7407067041,,https://he02.tci-thaijo.org/index.php/ODPC9,TH,218
B,national_list,Journal of Human Rights and Peace Studies,2697-3804,mint,7407067042,,https://so03.tci-thaijo.org/index.php/HRPS,TH,218
B,size_age_title,In Factis Pax: Journal of Peace Education and Social Justice,2578-6857,mint,7407067043,,https://openjournals.utoledo.edu/index.php/infactispax,US,218
B,size_age_title,JURNAL PEMANDHU,2775-0396,mint,7407067044,,https://www.ejournal.unis.ac.id/index.php/JM,ID,217
B,size_age_title,Prosiding Seminar Nasional Produk Terapan Unggulan Vokasi,2961-7790,mint,7407067045,,https://jurnal.polimdo.ac.id/index.php/semnas,ID,217
B,size_age_title,"SKYLANDSEA PROFESIONAL Jurnal Ekonomi, Bisnis dan Teknologi",2797-9709;2797-989X,mint,7407067046,,https://www.jurnal.yappsu.org/index.php/skylandsea,ID,217
B,size_age_title,International Journal of Social Policy and Society (IJSPS),2811-4140;2811-4574,mint,7407067047,,http://ijsps.ism.gov.my/index.php/IJSPS,MY,217
B,size_age_title,+Ciencia,2007-6614,held_name_issnless,,4210178576;4306506219,https://revistas.anahuac.mx/index.php/masciencia,MX,217
B,size_age_title,Revista Científica de Iniciación a la Investigación,2518-4024,mint,7407067048,,https://revistacientifica.uaa.edu.py/index.php/rcuaa,PY,217
B,national_list,Community Health Development Quarterly Khon Kaen University,3027-8082;3027-8104,mint,7407067049,,https://he05.tci-thaijo.org/index.php/CHDMD_KKU,TH,217
B,national_list,Lawarath Social E-Journal,2697-5211,mint,7407067050,,https://so04.tci-thaijo.org/index.php/lawarathjo,TH,217
B,national_list,Academic and Research Journal of Liberal Arts (Online),3056-9052,mint,7407067051,,https://so04.tci-thaijo.org/index.php/larhcu,TH,217
B,size_age_title,Tạp chí Nghiên cứu Triết học,2734-990X,mint,7407067052,,https://vjol.info.vn/index.php/thvn,VN,217
B,size_age_title,Jurnal Ilmiah Multidisiplin Keilmuan Mandira Cendikia,3032-1638,mint,7407067053,,https://journal.mandiracendikia.com/index.php/mdi,,217
B,size_age_title,REVISTA BRASILEIRA DE DIREITO SOCIAL,2595-7414,mint,7407067054,,https://rbds.ieprev.com.br/rbds,BR,216
B,size_age_title,Revista de Extensão da URCA,2764-1872,mint,7407067055,,https://urca.ojs.com.br/index.php/reu,BR,216
B,size_age_title,"Perbanas International Seminar on Economics, Business, Management, Accounting and IT",3047-0951,mint,7407067056,,https://journal.perbanas.id/index.php/Proficient,ID,216
B,size_age_title,ZAHRA: JOURNAL OF HEALTH AND MEDICAL RESEARCH,2808-5396,mint,7407067057,,https://adisampublisher.org/index.php/aisha,ID,216
B,size_age_title,Revista Eduscientia. Divulgación de la ciencia educativa,2594-1828,mint,7407067058,,https://eduscientia.com/index.php/journal,MX,216
B,size_age_title,Católica Law Review,2183-9336;2184-0334,mint,7407067059,,https://revistas.ucp.pt/index.php/catolicalawreview,PT,216
B,national_list,Ramkhamhaeng Journal of Public Administration,3057-1820,link_issnless_namesake,4306525328,4306525328,https://so16.tci-thaijo.org/index.php/RJPA,TH,216
B,size_age_title,Instrumentation,2095-7521,mint,7407067060,,https://editorial.instrumentationjournal.com/index.php/instr,,216
B,size_age_title,SOCIEDADES DE PAISAJES ÁRIDOS Y SEMIÁRIDOS.,1852-8783;1853-2772,link_issnless_namesake,4306530300,4306530300,https://www2.hum.unrc.edu.ar/ojs/index.php/spas,AR,215
B,size_age_title,REVISTA APMED,2965-1972;2965-4262,mint,7407067061,,https://apmed.org.br/revista/index.php/apmed,BR,215
B,size_age_title,Anais Estendidos do Simpósio Brasileiro de Computação Aplicada à Saúde (SBCAS),2763-8987,mint,7407067062,,https://sol.sbc.org.br/index.php/sbcas_estendido,BR,215
B,size_age_title,Revista de Estudos Jurídicos do UNI-RN,2447-0236;2447-3871,mint,7407067063,,https://revistas.unirn.edu.br/index.php/revistajuridica,BR,215
B,size_age_title,College Libraries,0972-1975,mint,7407067064,,https://collegelibraries.in/index.php/CL,IN,215
B,size_age_title,"Teknik Mesin ""TEKNOLOGI",0216-4582;2828-2213,link_issnless_namesake,4306531743,4306531743,https://ojs.unm.ac.id/teknologi,ID,215
B,size_age_title,KINETIKA,1693-9050;2623-1417,link_issnless_namesake,4306517436,4306517436,https://jurnal.polsri.ac.id/index.php/kimia,ID,215
B,size_age_title,Student's Social Science Journal,2545-4021,mint,7407067065,,https://js.ugd.edu.mk/index.php/sssj,MK,215
B,national_list,วารสารการบริหารการศึกษา มมร.วิทยาเขตร้อยเอ็ด,2730-4132,mint,7407067066,,https://ojs.mbu.ac.th/index.php/RJGE,TH,215
B,size_age_title,Anais do Encontro de Computação do Oeste Potiguar ECOP/UFERSA (ISSN 2526-7574),2526-7574,mint,7407067067,,https://periodicos.ufersa.edu.br/index.php/ecop,BR,214
B,size_age_title,Revista Eletrônica Argentina-Brasil de Tecnologias da Informação e da Comunicação,2446-7634,link_issnless_namesake,4306527211,4306527211,https://revistas.setrem.com.br/index.php/reabtic,BR,214
B,size_age_title,Hamburger Journal für Kulturanthropologie (HJK),2365-1016,link_issnless_namesake,4306511866,4306511866,https://journals.sub.uni-hamburg.de/hjk,DE,214
B,size_age_title,Iustitia,2248-9789,mint_name_twin,7407067068,4393913048;4387288050;4210206889,https://dvkjournals.in/index.php/iu,IN,214
B,size_age_title,Prosiding Seminar Nasional Teknik Industri Pancasakti Tegal (SNaTIPs),3031-7134,mint,7407067069,,https://semnas.upstegal.ac.id/index.php/SNaTIPs,ID,214
B,size_age_title,Jurnal Kualitas pendidikan,3031-2817,mint,7407067070,,https://ejournal.edutechjaya.com/index.php/jkp,ID,214
B,size_age_title,JURNAL MITRA MANAJEMEN,1978-9297;2721-7191,mint_name_twin,7407067071,4210220897,https://journal.universitassuryadarma.ac.id/index.php/jmm,ID,214
B,size_age_title,Diritto della sicurezza sul lavoro,2531-4289,mint,7407067072,,https://journals.uniurb.it/index.php/dsl,IT,214
B,size_age_title,OCHENDO: An African Journal of Innovative Studies,2814-077X,mint,7407067073,,https://acjol.org/index.php/ochendo,NG,214
B,size_age_title_other_script,Энергохозяйство за рубежом,0421-188X,mint,7407067074,,http://ehz.energy-journals.ru/index.php/EHZ,RU,214
B,size_age_title,ROMULA,1695-4076,link_issnless_namesake,4306528813,4306528813,https://upo.es/revistas/index.php/romula,ES,214
B,national_list,Patanasilpa Journal,2539-5807;2985-1785,mint,7407067075,,https://so05.tci-thaijo.org/index.php/Patanasilpa,TH,214
B,national_list,Southeast Bangkok Journal (Humanities and Social Sciences),2408-2279;2697-6595,mint,7407067076,,https://so05.tci-thaijo.org/index.php/SB_Journal,TH,214
B,size_age_title,Revista Intercambios. La letra del encuentro,2591-6580,mint,7407067077,,https://ojs.unq.edu.ar/index.php/intercambios,AR,213
B,size_age_title,Boletim de Conjuntura Econômica,1677-4450;2357-9811,mint,7407067078,,https://periodicos.uem.br/ojs/index.php/BConjEcon,BR,213
B,size_age_title,Paliativní medicína,2695-1495;2695-1509,mint,7407067079,,https://www.palmed.cz/pm,CZ,213
B,size_age_title,"LEGO-Praktikum. Entwickeln, programmieren, optimieren : Berichte der Studierenden zum Projektseminar Elektrotechnik/Informationstechnik",2629-6160,mint,7407067080,,https://journals.ub.ovgu.de/index.php/LEGO,DE,213
B,national_list,INSTITUTE FOR URBAN DISEASE CONTROL AND PREVENTION JOURNAL,2985-1858;2985-1866,mint,7407067081,,https://he01.tci-thaijo.org/index.php/iudcJ,TH,213
B,national_list,Thai Industrial Engineering Network Journal,2408-2635;2673-0006,mint,7407067082,,https://ph02.tci-thaijo.org/index.php/ienj,TH,213
B,size_age_title,Digest: A Journal of Foodways and Culture,2329-4787,mint,7407067083,,https://scholarworks.iu.edu/journals/index.php/digest,US,213
B,size_age_title,PSM Biological Research,2517-9586,link_issnless_namesake,4306524875,4306524875,https://psmjournals.org/index.php/biolres,,213
B,size_age_title,Jurnal Serambi Ekonomi dan Bisnis,2354-970X;3025-9096,mint,7407067084,,https://ojs.serambimekkah.ac.id/serambi-ekonomi-dan-bisnis,ID,212
B,size_age_title,Pengembangan Penelitian Pengabdian Jurnal Indonesia (P3JI),2987-744X,mint,7407067085,,https://jurnal.migascentral.com/index.php/p3ji,ID,212
B,size_age_title,ALFARISI: Jurnal Pendidikan MIPA,2615-7748;2615-7756,mint,7407067086,,http://journal.lppmunindra.ac.id/index.php/alfarisi,ID,212
B,national_list,Academic Journal of North Bangkok University,3088-1056;3088-1129,mint,7407067087,,https://so01.tci-thaijo.org/index.php/NBU,TH,212
B,national_list,Journal of Energy and Environment Technology of Graduate School Siam Technology College,2392-5701,mint,7407067088,,https://ph01.tci-thaijo.org/index.php/JEET,TH,212
B,size_age_title,DESTARTE,2237-2113,link_issnless_namesake,4363607132,4363607132,https://estacio.periodicoscientificos.com.br/index.php/destarte,BR,211
B,size_age_title,Revista Debate Econômico (REDE),2318-0536,mint,7407067089,,https://publicacoes.unifal-mg.edu.br/revistas/index.php/revistadebateeconomico,BR,211
B,size_age_title,Proceeding International Conference on Health Polytechnic Ministry of Health Surabaya,3030-878X,mint,7407067090,,https://icohpsp.poltekkes-surabaya.ac.id/index.php/icohps,ID,211
B,size_age_title,"EDUCAÇÃO, FORMAÇÃO & TECNOLOGIAS",1646-933X,mint,7407067091,,https://eft.educom.pt/index.php/eft,PT,211
B,size_age_title,New Trends in Psychology,2668-0696,mint,7407067092,,https://dj.univ-danubius.ro/index.php/NTP,RO,211
B,national_list,Phetchabun Rajabhat Journal,0859-8185;2821-9988,mint,7407067093,,https://so05.tci-thaijo.org/index.php/jpcru,TH,211
B,size_age_title,Jurnal Kependidikan,2302-111X;2685-9254,mint_name_twin,7407067094,4210191105,http://e-journallppmunsa.ac.id./index.php/kependidikan,,211
B,size_age_title,Revista Fluminense de Extensão Universitária,2237-3853,mint,7407067095,,http://editora.universidadedevassouras.edu.br/index.php/RFEU,BR,210
B,size_age_title,FGV RIC Revista de Iniciação Científica,2965-6273,mint,7407067096,,https://bibliotecadigital.fgv.br/ojs/index.php/ric,BR,210
B,size_age_title,JAM: JURNAL ABDI MASYARAKAT,2746-5241,mint,7407067097,,https://openjournal.wdh.ac.id/index.php/JAM,ID,210
B,size_age_title,Jurnal Riset Pendidikan Indonesia,2809-980X;2827-8771,mint,7407067098,,https://ojs.unsiq.ac.id/index.php/jrpi,ID,210
B,size_age_title,Postgraduate English: A Journal and Forum for Postgraduates in English,1756-9761,link_issnless_namesake,4306522888,4306522888,https://postgradenglishjournal.awh.durham.ac.uk/ojs/index.php/pgenglish,GB,210
B,size_age_title,Revista TechnoEng - ISSN 2178-3586,2178-3586,link_issnless_namesake,4306527962,4306527962,https://phantomstudio.com.br/index.php/RTE,BR,209
B,size_age_title,Educationist: Journal of Educational and Cultural Studies,2964-4798,mint,7407067099,,https://jurnal.litnuspublisher.com/index.php/jecs,ID,209
B,size_age_title,Acta Farmacêutica Portuguesa,2182-3340,link_issnless_namesake,4306500332,4306500332,https://actafarmaceuticaportuguesa.com/index.php/afp,PT,209
B,national_list,Nimitmai Review Journal,2730-3950,mint,7407067100,,https://so04.tci-thaijo.org/index.php/nmrj,TH,209
B,national_list,"Journal of Management Science, Ubon Ratchathani University",2286-6809;2651-1819,mint,7407067101,,https://so03.tci-thaijo.org/index.php/jms_ubu,TH,209
B,size_age_title,Educação Básica Revista,2447-5971,link_issnless_namesake,4306508771,4306508771,https://educacaobasicarevista.com.br/index.php/ebr,BR,208
B,size_age_title,Euro-Balkan Law and Economics Review,2612-6583,mint,7407067102,,https://ojs.cimedoc.uniba.it/index.php/law,IT,208
B,size_age_title,NIGERIAN JOURNAL OF ARTS AND HUMANITIES (NJAH),2814-3760;2955-0343,mint,7407067103,,https://nigerianjournalsonline.com/index.php/NJAH,NG,208
B,size_age_title,NLP Newsletter,2782-9022,mint,7407067104,,https://newsletter.nlp.gov.ph/index.php/nl06,PH,208
B,national_list,Educational Management and Innovation Journal,3057-1790,mint,7407067105,,https://so01.tci-thaijo.org/index.php/emi,TH,208
B,size_age_title,DNA Decipher Journal,2159-046X,link_issnless_namesake,4306508219,4306508219,https://dnadecipher.com/index.php/ddj,US,208
B,size_age_title,Perspectiva,2244-8764,mint_name_twin,7407067106,7407059623;2737309421,https://produccioncientificaluz.org/index.php/perspectiva,VE,208
B,size_age_title,Perspectivas e Diálogos: Revista de História Social e Práticas de Ensino,2595-6361,mint,7407067107,,https://revistas.uneb.br/index.php/nhipe,BR,207
B,size_age_title,Entre Textos,2665-3850;2711-0753,mint,7407067108,,https://revistas.unimagdalena.edu.co/index.php/entretextos,CO,207
B,size_age_title,PILAR,1978-5119;2776-3005,mint_name_twin,7407067109,5406968071,https://journal.unismuh.ac.id/index.php/pilar,ID,207
B,size_age_title,"Bulletin of Networking, Computing, Systems, and Software",2186-5140,link_issnless_namesake,4306505221,4306505221,http://www.bncss.org/index.php/bncss,JP,207
B,size_age_title,Narrativas Antropológicas,2683-300X,mint,7407067110,,https://revistas.inah.gob.mx/index.php/narrativasantropologicas,MX,207
B,national_list,Journal of Industrial Technology : Suan Sunandha Rajabhat University,2351-0811;2730-2938,link_issnless_namesake,4306532336,4306532336,https://ph01.tci-thaijo.org/index.php/fit-ssru,TH,207
B,size_age_title,Revista Linhas Jurídicas,2176-6460,link_issnless_namesake,4306527665,4306527665,https://periodicos.unifev.edu.br/linhasjuridicas,BR,206
B,size_age_title,MOSAICO,1678-6254;2675-6587,mint_name_twin,7407067111,2738951665;4210235953,https://www.olhodagua.ibilce.unesp.br/revistamosaico,BR,206
B,size_age_title,Quirón. Revista de Estudiantes de Historia,2422-0795,mint,7407067112,,http://revistafche.medellin.unal.edu.co/ojs/index.php/quiron,CO,206
B,size_age_title,RTe Journal,1614-0923,mint,7407067113,,https://rtejournal.de/rte,DE,206
B,size_age_title,International Journal of Studies in Natural and Medical Sciences,2949-8848;2949-8953,mint,7407067114,,https://scholarsdigest.org/index.php/ijsnms,NL,206
B,national_list,Journal of Medical and Public Health Region 4,3027-6047,mint,7407067115,,https://he01.tci-thaijo.org/index.php/JMPH4,TH,206
B,national_list,Journal of Innovation and Management,2697-6277;3027-7345,mint,7407067116,,https://so03.tci-thaijo.org/index.php/journalcim,TH,206
B,national_list,Lampang Medical Journal,2697-4797,mint,7407067117,,https://he01.tci-thaijo.org/index.php/LMJ,TH,206
B,size_age_title,Medical Humanities Journal of Boston College,3066-2915;3066-2923,mint,7407067118,,https://ejournals.bc.edu/index.php/mhj,US,206
B,size_age_title,Anuário Pesquisa e Extensão Unoesc Joaçaba,2525-4669,mint,7407067119,,https://periodicos.unoesc.edu.br/apeuj,BR,205
B,size_age_title,Revista Cubana de Economía Internacional,2408-9893,link_issnless_namesake,4306526434,4306526434,https://revistas.uh.cu/rcei,CU,205
B,size_age_title,Pharmakeftiki,1105-4999,mint,7407067120,,https://pharmakeftiki.hsmc.gr/index.php/pj,GR,205
B,size_age_title,Journal of Management,3026-3239,mint_name_twin,7407067121,2764634626;5406978264;4210212285;4210213561;4210238407;122767448,https://myjournal.or.id/index.php/JOM,ID,205
B,size_age_title,Rekaman : Riset Ekonomi Bidang Akuntansi dan Manajemen,2598-8107;2620-9500,mint,7407067122,,https://ojs.jurnalrekaman.com/index.php/rekaman,ID,205
B,size_age_title,Tutor,1971-7296;1971-8551,mint,7407067123,,https://www.ojs.unito.it/index.php/tutor,IT,205
B,size_age_title,JOURNAL DE LA SAGO (Gynécologie – Obstétrique et Santé de la Reproduction),2712-7230,mint,7407067124,,https://jsago.org/index.php/jsago,SN,205
B,national_list,Journal of Health Science and Community Public Health,2651-1193;2985-2560,mint,7407067125,,https://he01.tci-thaijo.org/index.php/jhscph,TH,205
B,national_list,Thai Society of Agricultural Engineering Journal,1685-408X;2651-222X,mint,7407067126,,https://li01.tci-thaijo.org/index.php/TSAEJ,TH,205
B,size_age_title,Tartu Ülikooli ajaloo küsimusi,0206-2798;2346-5611,link_issnless_namesake,4306531596,4306531596,https://ojs.utlib.ee/index.php/TYAK,EE,204
B,size_age_title,Prosiding Seminar Implementasi Teknologi Informasi dan Komunikasi,2809-9834,mint,7407067127,,https://ejurnal.itats.ac.id/semtik,ID,204
B,size_age_title,Jurnal Cendikia,0216-9436;2622-6782,link_issnless_namesake,4306516622,4306516622,https://jurnal.dcc.ac.id/index.php/JC,ID,204
B,size_age_title,JURNAL MANAJEMEN FE-UB,2338-6584;2746-3680,mint,7407067128,,https://ejournal.borobudur.ac.id/index.php/manajemen,ID,204
B,size_age_title,Jurnal Konsepsi,2301-4059;2798-5121,mint,7407067129,,https://p3i.my.id/index.php/konsepsi,ID,204
B,size_age_title,Revue Malienne de Science et de Technologie,1987-037X;1987-1031,link_issnless_namesake,4306528438,4306528438,https://revues.ml/index.php/rmst,ML,204
B,size_age_title,Almas Urdu Research Journal - الماس اردو تحقیقی مجلہ,1818-9296,link_issnless_namesake,4306501435,4306501435,http://almas.salu.edu.pk/index.php/ALMAS,PK,204
B,national_list,KKBS Journal of Business Administration and Accountancy,2539-6110;2651-2211,mint,7407067130,,https://so04.tci-thaijo.org/index.php/kkbsjournal,TH,204
B,national_list,วารสารวิจัยและพัฒนาการศึกษาพิเศษ,2408-2651,mint,7407067131,,https://ejournals.swu.ac.th/index.php/rise,TH,204
B,national_list,Journal of Man and Society,3027-6829,mint,7407067132,,https://so06.tci-thaijo.org/index.php/husocjournal,TH,204
B,size_age_title,Revista Norte Científico - e-ISSN 2236-2940,1980-5896;2236-2940,mint,7407067133,,https://periodicos.ifrr.edu.br/index.php/norte_cientifico,BR,203
B,size_age_title,International Journal of Engineering and Science Applications,2406-9833,mint,7407067134,,https://pasca.unhas.ac.id/ojs/index.php/ijesca,ID,203
B,size_age_title,OCTOPUS: JURNAL ILMU PERIKANAN,2302-0679;2746-4822,link_issnless_namesake,4306521339,4306521339,https://journal.unismuh.ac.id/index.php/octopus,ID,203
B,size_age_title,"Expedicionario, Revista de Estudios en Antropología",2683-3050,mint,7407067135,,https://revistas.inah.gob.mx/index.php/expedicionario,MX,203
B,size_age_title,Neo Science Peer Reviewed Journal,2949-7701,mint,7407067136,,https://neojournals.com/index.php/nsprj,NL,203
B,national_list,Sripatum Chonburi Interdisciplinary Journal (ISCJ),2985-1505,mint,7407067137,,https://so04.tci-thaijo.org/index.php/ISCJ,TH,203
B,national_list,International Thai Tourism Journal,3088-1420,mint,7407067138,,https://so02.tci-thaijo.org/index.php/jitt,TH,203
B,national_list,Humanities and Social Sciences Nakhonsawan Rajabhat University Academic Journal,2985-122X;2985-1270,mint,7407067139,,https://so05.tci-thaijo.org/index.php/hssnsru,TH,203
B,size_age_title,Anais do Workshop de Computação Urbana (CoUrb),2595-2706,mint,7407067140,,https://sol.sbc.org.br/index.php/courb,BR,202
B,size_age_title,Dissonância: Revista de Teoria Crítica,2594-5025,mint,7407067141,,https://ojs.ifch.unicamp.br/index.php/teoriacritica,BR,202
B,size_age_title,DINTEK,1979-3855;2598-8891,mint,7407067142,,https://jurnal.ummu.ac.id/index.php/dintek,ID,202
B,size_age_title,Cadernos de Atención Primaria,1134-3583;1989-6905,link_issnless_namesake,4306505402,4306505402,https://journal.agamfec.com/index.php/cadernos,ES,202
B,national_list,Journal of Information and Learning,2730-2202,mint,7407067143,,https://so04.tci-thaijo.org/index.php/jil,TH,202
B,national_list,JOURNAL OF HEALTH CONSUMER PROTECTION,3027-8554,mint,7407067144,,https://he02.tci-thaijo.org/index.php/JOHCP,TH,202
B,national_list,Udon Thani Rajabhat University Journal of Science and Technology,2287-0083,mint,7407067145,,https://ph01.tci-thaijo.org/index.php/scudru,TH,202
B,size_age_title,REVISTA DE ESTUDIOS BOLIVIANOS,2078-0362,mint,7407067146,,https://ojs.umsa.bo/ojs/index.php/estudiosbolivianos,BO,201
B,size_age_title,Jurnal Bahari Papadak,2723-6536,mint,7407067147,,https://ejurnal.undana.ac.id/index.php/JBP,ID,201
B,size_age_title,Journal of Educational Evaluation Studies (JEES),2715-8993,mint,7407067148,,https://jurnal.ustjogja.ac.id/index.php/JEES,ID,201
B,size_age_title,Women&Education,2975-0105,mint,7407067149,,https://ojs.pensamultimedia.it/index.php/women_education,IT,201
B,size_age_title,International Journal of Formal Sciences: Current and Future Research Trends,2790-7945,mint,7407067150,,https://ijfscfrtjournal.isrra.org/index.php/Formal_Sciences_Journal,JO,201
B,national_list,The Journal of Chulabhorn Royal Academy,3027-7418,mint,7407067151,,https://he02.tci-thaijo.org/index.php/jcra,TH,201
B,size_age_title,Journal of Education Mahasarakham University,3027-6268,mint,7407067152,,https://so09.tci-thaijo.org/index.php/JOEMSU,TH,201
B,size_age_title,KKU International Journal of Humanities and Social Sciences,3057-0573,mint,7407067153,,https://so04.tci-thaijo.org/index.php/KKUIJ,TH,201
B,size_age_title,Chronicles of Precision Medical Researchers,2757-6124,mint,7407067154,,https://chronpmr.com/index.php/cpmr,TR,201
B,size_age_title,Holistic Education Review,2833-2970,mint,7407067155,,https://journals3.publicknowledgeproject.org/index.php/her,US,201
B,size_age_title,Tạp chí Khoa học và Công nghệ- Đại học Công nghệ Đồng Nai,2815-6420,mint,7407067156,,https://vjol-admin.dainv.online/dntu,,201
B,size_age_title,Ic. Contornos del NO-REVISTA DE INDUSTRIAS CULTURALES,2591-4863,mint,7407067157,,https://publicaciones.unpaz.edu.ar/OJS/index.php/ic,AR,200
B,size_age_title,Interfaces do Conhecimento,2674-998X,mint,7407067158,,https://periodicos.unicathedral.edu.br/index.php/revistainterfaces,BR,200
B,size_age_title,"Revista Cactácea – Educação, Filosofia",2764-0647,mint,7407067159,,https://rgt.ifsp.edu.br/ojs/index.php/revistacactacea,BR,200
B,size_age_title,Perhe- ja pariterapialehti,2737-2979,mint,7407067160,,https://journal.fi/perhejapariterapialehti,FI,200
B,size_age_title,JURNAL ILMIAH SOSIOLOGI: SOROT,2827-914X,mint,7407067161,,https://ojs.unud.ac.id/index.php/sorot,ID,200
B,size_age_title,DIALEKTIKA Jurnal Pemikiran dan Penelitian Pendidikan Dasar,2089-3876;2797-5258,mint,7407067162,,https://journal.peradaban.ac.id/index.php/jdpgsd,ID,200
B,size_age_title,Online Thesis,2548-7361,mint,7407067163,,https://tesis.riset-iaid.net/index.php/tesis,ID,200
B,national_list,Journal of Health Research and Development Nakhon Ratchasima Provincial Public Health Office,2822-0927;2822-0943,mint,7407067164,,https://he02.tci-thaijo.org/index.php/journalkorat,TH,200
B,national_list,Journal of Kanchanaburi Rajabhat University,2286-7589;2985-2994,mint,7407067165,,https://so03.tci-thaijo.org/index.php/KRUjournal,TH,200
B,size_age_title,SSRU Graduate Studies Journal,3027-8937,mint,7407067166,,https://so05.tci-thaijo.org/index.php/ssrugraduate,TH,200
B,national_list,Journal of Buddhist Innovation Review,3057-1359,mint,7407067167,,https://so05.tci-thaijo.org/index.php/JBIR,TH,199
B,size_age_title,The Currere Exchange Journal,2643-833X;2643-8348,mint,7407067168,,https://cej.lib.miamioh.edu/index.php/CEJ,US,199
B,size_age_title,Agricultura Tropical,2517-9292,mint,7407067169,,https://agriculturatropical.edicionescervantes.com/index.php/inivit,,199
B,size_age_title,Aportes Botánicos de Salta,0327-506X,mint,7407067170,,https://revistas.natura.unsa.edu.ar/index.php/flora,AR,198
B,size_age_title,Desarrollo y Territorio,2591-4553,mint,7407067171,,https://desarrolloyterritorio.unvm.edu.ar/ojs/index.php/desarrolloyterritorio,AR,198
B,size_age_title,Breviario en Relaciones Internacionales,1668-916X,mint,7407067172,,https://revistas.unc.edu.ar/index.php/breviariorrii,AR,198
B,size_age_title,Encuentro Internacional de Integración de Posgrado - EIPOS,3086-495X,mint,7407067173,,https://portaleventos.uffs.edu.br/index.php/EIPOS,BR,198
B,size_age_title,Revista Científica de Educação,2526-4257,mint,7407067174,,https://seer.facmais.edu.br/rc/index.php/RCE,BR,198
B,size_age_title,Revista Ensayos Militares,0719-6334;0719-6989,mint,7407067175,,,CL,198
B,size_age_title,Contexto Odontológico,2007-3461,mint,7407067176,,https://revistas.uaz.edu.mx/index.php/contextoodontologico,MX,198
B,size_age_title,FUOYE JOURNAL OF ACCOUNTING AND MANAGEMENT,2805-3672;2814-1717,mint,7407067177,,https://fjam.fuoye.edu.ng/index.php/fjam,NG,198
B,size_age_title,Journal of Mahanakorn Veterinary Medicine,3056-9516,mint,7407067178,,https://li01.tci-thaijo.org/index.php/jmvm,TH,198
B,size_age_title,Anais da Escola Regional de Informática de Mato Grosso (ERI-MT),2447-5386,mint,7407067179,,https://sol.sbc.org.br/index.php/eri-mt,BR,197
B,size_age_title,Revista Multidisciplinar da Saúde,2176-4069,mint,7407067180,,https://revistas.anchieta.br/index.php/RevistaMultiSaude,BR,197
B,size_age_title,Revista Marxismo e Autogestão,2359-3733,mint,7407067181,,https://redelp.net/index.php/rma,BR,197
B,size_age_title,Majallah-e-Talim o Tahqiq,2618-1355;2618-1363,mint,7407067182,,https://ojs.cer.edu.pk/index.php/mtt,PK,197
B,size_age_title,"Journal of Electrical Engineering, Electronics, Control and Computer Science",2668-8476,link_issnless_namesake,4306515531,4306515531,https://jeeeccs.net/index.php/journal,RO,197
B,size_age_title,Sisaket Journal of Research and Health development,2822-0749,mint,7407067183,,https://he03.tci-thaijo.org/index.php/SJRH,TH,197
B,national_list,Academic Journal of MBU Lanna,3027-8961,mint,7407067184,,https://so01.tci-thaijo.org/index.php/mbulncjournal,TH,197
B,size_age_title,"Agroindustria, Sociedad y Ambiente",2343-6115,mint,7407067185,,https://revistas.uclave.org/index.php/asa,VE,197
B,national_list,Journal of Digital Communications,3027-8775;3027-8783,mint,7407067186,,https://so04.tci-thaijo.org/index.php/NBTC_Journal,,197
B,size_age_title,Prosiding ISBI Bandung,3089-2147,mint,7407067187,,https://jurnal.isbi.ac.id/index.php/Prosiding,ID,196
B,size_age_title,At-Tazakki: Jurnal Kajian Ilmu Pendidikan Islam dan Humaniora,2597-7369,mint,7407067188,,https://jurnal.uinsu.ac.id/index.php/attazakki,ID,196
B,size_age_title,Journal of Pure and Applied Agriculture,2617-8672;2617-8680,mint,7407067189,,https://ojs.aiou.edu.pk/index.php/jpaa,PK,196
B,national_list,"CRRU Law, Political Science and Social Science Journal",2985-1165;2985-1173,mint,7407067190,,https://so06.tci-thaijo.org/index.php/lawcrru,TH,196
B,size_age_title,AQUINO | Journal of Philosophy,2786-9792;2786-9806,mint,7407067191,,https://acjol.org/index.php/aquino,US,196
B,size_age_title,JOURNAL OF ANALYTICAL SYNERGY AND SCIENTIFIC HORIZON,3060-5261,mint,7407067192,,https://universalpublishings.com/index.php/jassh,UZ,196
B,size_age_title,Köztes-Európa,2064-437X;2676-8909,mint,7407067193,,https://ojs.bibl.u-szeged.hu/index.php/vikekke,HU,195
B,size_age_title,The Annals of “Dunarea de Jos” University of Galati. Legal Sciences. Fascicle XXVI,2601-9779;2668-4810,mint,7407067194,,https://www.gup.ugal.ro/ugaljournals/index.php/als,RO,195
B,national_list,Academic Journal of Phetchaburi Rajabhat University,2229-0435;2822-0579,mint,7407067195,,https://so03.tci-thaijo.org/index.php/ajpbru,TH,195
B,national_list,"Journal of Human and Society, Sisaket Rajabhat University",3027-7736;3027-7744,mint,7407067196,,https://so08.tci-thaijo.org/index.php/jhuso,TH,195
B,national_list,Burapha Journal of Medicine,2350-9996;2822-0242,mint,7407067197,,https://he01.tci-thaijo.org/index.php/BJmed,TH,195
B,national_list,Journal of Public and Private Management,3057-112X;3057-1146,mint,7407067198,,https://so03.tci-thaijo.org/index.php/ppmjournal,TH,195
B,size_age_title,Anartia,1315-642X;2665-0347,mint,7407067199,,https://produccioncientificaluz.org/index.php/anartia,VE,195
B,size_age_title,Cadernos de Pesquisa,2447-7141;2675-9918,mint_name_twin,7407067200,189127735;4210172135,https://ojs.escoladacidade.org/index.php/cadernos,BR,194
B,size_age_title,Gestão Contemporânea,2238-4170,link_issnless_namesake,4306511416,4306511416,https://estacio.periodicoscientificos.com.br/index.php/gestaocontemporanea,BR,194
B,size_age_title,Revista Cidade Nuvens,2675-6420,mint,7407067201,,https://urca.ojs.com.br/index.php/rcn,BR,194
B,size_age_title,CLE e-Prints,1519-9681,mint,7407067202,,https://www.cle.unicamp.br/eprints/index.php/CLE_e-Prints,BR,194
B,size_age_title,Ceniavances,0123-8353,mint,7407067203,,https://publicaciones.fedepalma.org/index.php/ceniavances,CO,194
B,size_age_title,Journal of Science and Sustainable Development,2304-2702;2414-4479,held_name_issnless,,4306516052;4210201638,https://aujssd.ethernet.edu.et/index.php/jssd,ET,194
B,size_age_title,Jurnal Riset Mahasiswa Ekonomi (RITMIK),2407-2680,mint,7407067204,,https://journal.stieken.ac.id/index.php/ritmik,ID,194
B,size_age_title,International Journal of Applied Sciences: Current and Future Research Trends,2790-3990,mint,7407067205,,https://ijascfrtjournal.isrra.org/index.php/Applied_Sciences_Journal,JO,194
B,national_list,วารสารการส่งเสริมสุขภาพและอนามัยสิ่งแวดล้อม,3056-9877;3056-9885,mint,7407067206,,https://thaidj.org/index.php/for4d,TH,194
B,size_age_title,Journal of Somdet Chaopraya Institute of Psychiatry,3027-8546,mint,7407067207,,https://he01.tci-thaijo.org/index.php/journalsomdetchaopraya,TH,194
B,national_list,"Journal of Food Technology, Siam University",1686-3070;2985-2528,mint,7407067208,,https://li01.tci-thaijo.org/index.php/JFTSU,TH,194
B,size_age_title,Revista Hórus,1679-9267,mint,7407067209,,https://estacio.periodicoscientificos.com.br/index.php/revistahorus,BR,193
B,size_age_title,"Jurnal Manajemen, Ekonomi, Hukum, Kewirausahaan, Kesehatan, Pendidikan dan Informatika (MANEKIN)",2985-4202,mint,7407067210,,https://journal.mediapublikasi.id/index.php/manekin,ID,193
B,size_age_title,"Journal of International Business, Innovation and Strategic Management",2617-1805,mint,7407067211,,https://www.jibism.org/core_files/index.php/JIBISM,KE,193
B,size_age_title,JOS JOURNAL OF RELIGION AND PHILOSOPHY,2795-2584;2795-2592,mint,7407067212,,https://acjol.org/index.php/jjrp,NG,193
B,size_age_title,Zaban-o-Adab,1991-7813;2073-3674,mint,7407067213,,http://zabanoadab.gcuf.edu.pk/index.php/1,PK,193
B,national_list,NKRAFA JOURNAL OF SCIENCE AND TECHNOLOGY,3057-0905;3057-0913,mint,7407067214,,https://ph02.tci-thaijo.org/index.php/nkrafa-sct,TH,193
B,national_list,"Journal of Mass Communication Technology, RMUTP",2985-2927,mint,7407067215,,https://so05.tci-thaijo.org/index.php/jmctrmutp,TH,193
B,national_list,YRU Journal of Science and Technology,2985-1416,mint,7407067216,,https://li01.tci-thaijo.org/index.php/yru_jst,TH,193
B,size_age_title,Oklahoma State Medical Proceedings,2475-8914,mint,7407067217,,https://okstatemedicalproceedings.com/index.php/OSMP,US,193
B,size_age_title,Scientia: Revista Científica Multidisciplinar,2525-4553,mint,7407067218,,https://revistas.uneb.br/index.php/scientia,BR,192
B,size_age_title,ESPAÇO PÚBLICO,2595-5535,mint,7407067219,,https://periodicos.ufpe.br/revistas/politicaspublicas,BR,192
B,size_age_title,Revista São Luis Orione,2446-5062,mint,7407067220,,https://seer.catolicaorione.edu.br/index.php/revistaorione,BR,192
B,size_age_title,"Anais de Constitucionalismo, Transnacionalidade e Sustentabilidade",2526-138X,mint,7407067221,,https://periodicos.univali.br/index.php/acts,BR,192
B,size_age_title,JOURNAL HEALTH OF EDUCATION,2809-2287,mint,7407067222,,https://journal.universitasaudi.ac.id/index.php/JHE,ID,192
B,national_list,Agriculture & Technology RMUTI Journal,3057-0174;3057-0182,mint,7407067223,,https://li01.tci-thaijo.org/index.php/atj,TH,192
B,national_list,"Journal of Architecture, Design and Construction",2673-0332;2673-0340,mint,7407067224,,https://so02.tci-thaijo.org/index.php/Jadc,TH,192
B,national_list,Journal of Bamrasnaradura Infectious Diseases Institute,2673-0375,mint,7407067225,,https://he01.tci-thaijo.org/index.php/bamrasjournal,TH,192
B,size_age_title,Attoriolong,1412-5870,mint,7407067226,,https://ojs.unm.ac.id/Attoriolong,ID,191
B,size_age_title,Jurnal Mahasiswa Aplikasi Teknologi Komputer dan Informasi (JMApTeKsi),2685-6565,mint,7407067227,,https://www.ejournal.pelitaindonesia.ac.id/ojs32/index.php/jmapteksi,ID,191
B,size_age_title,Pro Mark,2087-3077,mint,7407067228,,https://ejurnal.ulbi.ac.id/index.php/promark,ID,191
B,size_age_title,Ekomen,1693-9131;3089-3712,link_issnless_namesake,4306509022,4306509022,https://ojs.unsimar.ac.id/index.php/EkoMen,ID,191
B,national_list,Thai Journal of Hospital Pharmacy,2774-0102,mint,7407067229,,https://he02.tci-thaijo.org/index.php/TJHP,TH,191
B,national_list,Udon Thani Rajabhat University Journal of Humanities and Social Science,2286-7139,mint,7407067230,,https://so06.tci-thaijo.org/index.php/hsudru,TH,191
B,size_age_title,The Covenant Quarterly,0361-0934;2380-8829,mint,7407067231,,https://www.covquarterly.com/index.php/CQ,US,191
B,size_age_title,Asia Pacific Journal of Business Economics and Technology,2809-2279,mint,7407067232,,https://www.apjbet.com/index.php/apjbet,ID,190
B,size_age_title,Jurnal Penelitian Manajemen Terapan (PENATARAN),2549-9289,mint,7407067233,,https://journal.stieken.ac.id/index.php/penataran,ID,190
B,size_age_title,Jurnal Teknik Informatika,1979-8326,mint_name_twin,7407067234,4210196111;4210200454;4210236906,https://ejurnal.ulbi.ac.id/index.php/informatika,ID,190
B,size_age_title,"Retorika: Jurnal Komunikasi, Sosial dan Ilmu Politik",3032-7482,mint,7407067235,,https://jurnal.kolibi.org/index.php/retorika,ID,190
B,size_age_title,"Aufklarung: Jurnal Pendidikan, Sosial dan Humaniora",2776-3889;2808-067X,mint,7407067236,,https://pijarpemikiran.com/index.php/Aufklarung,ID,190
B,size_age_title,Punto educativo,3072-9645,mint,7407067237,,https://revistas.up.ac.pa/index.php/punto_educativo,PA,190
B,national_list,Hua Hin Medical Journal,2773-9813,mint,7407067238,,https://he01.tci-thaijo.org/index.php/hhsk,TH,190
B,size_age_title,American Journal of Translational Medicine,2474-7378;2474-7386,mint,7407067239,,https://journals3.publicknowledgeproject.org/index.php/ajtm,US,190
B,size_age_title,Nexo agropecuario,2346-9110;2346-917X,mint,7407067240,,https://revistas.unc.edu.ar/index.php/nexoagro,AR,189
B,size_age_title,Journal of Gender and Social Issues,1813-9892;3008-1734,mint,7407067241,,https://jgsistage.fjwu.edu.pk/index.php/jgsi,PK,189
B,size_age_title_other_script,Финансовые аспекты структурных преобразований экономики,2713-0975,mint,7407067242,,https://ojs.irgups.ru/index.php/economy,RU,189
B,national_list,PSRU Journal of Industrial Technology and Engineering,3057-0093;3057-0107,mint,7407067243,,https://ph02.tci-thaijo.org/index.php/psru-jite,TH,189
B,size_age_title,Burapha Journal of Political Economy,3088-2133,mint,7407067244,,https://so01.tci-thaijo.org/index.php/pegbuu,TH,189
B,size_age_title,Revista da Universidade Ibirapuera,2179-6998;2238-6335,link_issnless_namesake,4306526531,4306526531,https://www.ibirapuera.br/seer/index.php/rev,BR,188
B,size_age_title,Cadernos da Associação Brasileira de Ensino de Ciências Sociais,2594-3707,mint,7407067245,,https://cabecs.com.br/index.php/cabecs,BR,188
B,size_age_title,"Jurnal Ekonomi, Bisnis dan Sosial",2987-6672,mint,7407067246,,https://jurnal.uwp.ac.id/feb/index.php/jebs,ID,188
B,size_age_title,Asuhan Kesehatan : Jurnal Ilmiah Ilmu Kebidanan dan Keperawatan,2087-5231;2722-2721,link_issnless_namesake,4306503638,4306503638,https://ejournal.rajekwesi.ac.id/index.php/jurnal-penelitian-kesehatan,ID,188
B,national_list,Saengtham College Journal,3088-1226;3088-1250,mint,7407067247,,https://so01.tci-thaijo.org/index.php/scj,TH,188
B,national_list,Art Pritas Journal,2651-1991,mint,7407067248,,https://so01.tci-thaijo.org/index.php/APJ,TH,188
B,size_age_title,HUSO Journal of Humanities and Social Sciences,2586-9450;2697-4290,mint,7407067249,,https://so06.tci-thaijo.org/index.php/husojournalpnru,TH,188
B,size_age_title,Revista Geopolítica Transfronteiriça,2527-2349,mint,7407067250,,https://periodicos.uea.edu.br/index.php/revistageotransfronteirica,BR,187
B,size_age_title,Revista Eletrônica do Curso de Direito – PUC Minas Serro,2176-977X,link_issnless_namesake,4306527234,4306527234,http://periodicos.pucminas.br/index.php/DireitoSerro,BR,187
B,size_age_title,Revista Parlamento e Sociedade,2318-4248,mint,7407067251,,https://parlamentoesociedade.emnuvens.com.br/revista,BR,187
B,size_age_title,Seminar Nasional Manajemen dan Bisnis,3047-2393,mint,7407067252,,https://prosiding.senmabis.nusaputra.ac.id/index.php/prosiding,ID,187
B,size_age_title,SNPF (Seminar Nasional Pendidikan Fisika),2830-4535,mint,7407067253,,https://prosiding.unipma.ac.id/index.php/SNPF,ID,187
B,size_age_title_other_script,مجلة اعجاز لشمال المغرب الدولية للبحث والتأمل العلمي,2421-9843,mint,7407067254,,https://revues.imist.ma/index.php/ienmjap,MA,187
B,size_age_title,Journal of Haematology and Stem Cell Research,2790-2277;2790-2285,mint,7407067255,,https://jhscr.org/index.php/JHSCR,PK,187
B,size_age_title,The Sciencetech,2710-1533;2710-1541,mint,7407067256,,https://journals.qurtuba.edu.pk/ojs/index.php/tst,PK,187
B,national_list,Journal of Management Science Pibulsongkram Rajabhat University,2985-2285;2985-2293,mint,7407067257,,https://so03.tci-thaijo.org/index.php/jmspsru,TH,187
B,size_age_title,Anais da Semana da Ciência e Tecnologia (SECITEC) Campus Luzerna,2526-6608,mint,7407067258,,https://publicacoes.ifc.edu.br/index.php/secitec,BR,186
B,size_age_title,Revista de Iniciação Científica da Libertas,2238-782X,mint,7407067259,,https://revistaic.pesquisaextensaolibertas.com.br/index.php/riclibertas,BR,186
B,size_age_title,Cadernos,2595-2412,mint,7407067260,,https://www.tce.sp.gov.br/epcp/cadernos/index.php/CM,BR,186
B,size_age_title,Bungamputi,2337-7917,link_issnless_namesake,4306505288,4306505288,https://jurnalfkipuntad.com/index.php/bgp,ID,186
B,size_age_title,Forum Manajemen,2962-5483,held_name_issnless,,4306510812;4390296666,https://journal.prasetiyamulya.ac.id/journal/index.php/FM,ID,186
B,size_age_title,LAPAI INTERNATIONAL JOURNAL OF MANAGEMENT AND SOCIAL SCIENCES,2006-6473,mint,7407067261,,https://ojs.ibbujournals.com.ng/index.php/lijomass,NG,186
B,national_list,JOURNAL OF REGIONAL HEALH PROMOTION CENTRE 7 KHONKAEN,2985-0134;2985-0142,mint,7407067262,,https://he01.tci-thaijo.org/index.php/johpc7,TH,186
B,national_list,Journal of Multidisciplinary Academic Research and Development (JMARD),2651-1142;2672-9938,mint,7407067263,,https://he02.tci-thaijo.org/index.php/JMARD,TH,186
B,national_list,Journal of Disease and Health Risk DPC.3,1905-825X;2774-0730,mint,7407067264,,https://he01.tci-thaijo.org/index.php/JDPC3,TH,186
B,size_age_title,Revista Brasileira de Gestão e Engenharia | RBGE | ISSN 2237-1664,2237-1664,link_issnless_namesake,4306526197,4306526197,https://periodicos.cesg.edu.br/index.php/gestaoeengenharia,BR,185
B,size_age_title,Jurnal Seni Makalangan,2355-5033;2714-8920,mint,7407067265,,https://jurnal.isbi.ac.id/index.php/makalangan,ID,185
B,size_age_title,Jurnal Bakti Saraswati (JBS),2088-2149;2685-3302,mint,7407067266,,https://e-journal.unmas.ac.id/index.php/baktisaraswati,ID,185
B,size_age_title,Jurnal Optimal,1693-5888;3110-1135,mint,7407067267,,https://jurnal.stieieu.ac.id/index.php/opt,ID,185
B,size_age_title,International Journal of Natural Sciences: Current and Future Research Trends,2790-7929,mint,7407067268,,https://ijnscfrtjournal.isrra.org/index.php/Natural_Sciences_Journal,JO,185
B,size_age_title,University of Sindh Journal of Information and Communication Technology,2521-5582;2523-1235,link_issnless_namesake,4306533902,4306533902,https://sujo.usindh.edu.pk/index.php/USJICT,PK,185
B,size_age_title,Revista REDES,2938-2343,mint,7407067269,,https://redesdigital.com/index.php/redes,ES,185
B,size_age_title,ETH Learning and Teaching Journal,2624-7984;2624-7992,link_issnless_namesake,4306509998,4306509998,https://learningteaching.ethz.ch/index.php/lt-eth,CH,185
B,size_age_title,"SALUD, ARTE Y CUIDADOS. Revista Venezolana de Enfermeria & Ciencias de la Salud",1856-9528;2957-4463,mint,7407067270,,https://revistas.uclave.org/index.php/sac,VE,185
B,size_age_title,Revista Peruana de Antropología,2309-6276,mint,7407067271,,http://revistaperuanadeantropologia.com/index.php/rpa,,185
B,size_age_title,R.E.V.I.,1678-068X,mint,7407067272,,https://book.ugv.edu.br/index.php/REVI,BR,184
B,size_age_title,Revista Helius,2357-8297,link_issnless_namesake,4306527447,4306527447,http://helius.uvanet.br/index.php/helius,BR,184
B,size_age_title,Revista Tecnológica da Universidade Santa Úrsula,2596-1284,mint,7407067273,,http://revistas.icesp.br/index.php/TEC-USU,BR,184
B,size_age_title,Revista de Direito da Unigranrio/AFYA,1984-7920,mint,7407067274,,https://granrio.emnuvens.com.br/rdugr,BR,184
B,size_age_title,Jurnal Sport & Science 45,2623-1646;2986-4038,mint,7407067275,,,ID,184
B,size_age_title,JURNAL TUGAS AKHIR TEKNIK KIMIA,2776-4966,mint,7407067276,,https://jtam.ulm.ac.id/index.php/jtatk,ID,184
B,size_age_title,Jurnal Pendidikan Dasar,2746-1211,mint_name_twin,7407067277,4210186189;4210191964;5406992424,http://jurnal.umpwr.ac.id/index.php/jpd,ID,184
B,size_age_title,Jurnal Dialektika Program Studi Pendidikan Matematika,2089-4821;2797-7234,mint,7407067278,,https://journal.peradaban.ac.id/index.php/jdpmat,ID,184
B,size_age_title,Jurnal Ilmiah SP (Stindo Profesional),2443-0536;2775-3271,mint,7407067279,,https://jurnalilmiahstieprof.ac.id/index.php/sp,ID,184
B,size_age_title,Journal of Biomedical and Clinical Sciences (JBCS),2550-147X,link_issnless_namesake,4306515366,4306515366,http://apps.amdi.usm.my/journal/index.php/jbcs,MY,184
B,size_age_title,RHAZES,2605-6895,mint,7407067280,,https://revues.imist.ma/index.php/RHAZES,MA,184
B,size_age_title,IJO - International Journal of Educational Research (E.ISSN: 2805-413X) (P.ISSN: 2536-6696),2805-413X,mint,7407067281,,https://ijojournals.com/index.php/er,NG,184
B,national_list,Journal of Social Sciences Mahamakut Buddhist University,2587-0033;2730-244X,mint,7407067282,,https://so04.tci-thaijo.org/index.php/JSSMBU,TH,184
B,national_list,Journal of Health Research and Innovation,2822-034X,mint,7407067283,,https://he02.tci-thaijo.org/index.php/jhri,TH,184
B,size_age_title,Journal of the American Association for the Advancement of Curriculum Studies (JAAACS),2691-414X,link_issnless_namesake,4306516114,4306516114,https://ojs.library.ubc.ca/index.php/jaaacs,US,184
B,size_age_title,Cuestiones Jurídicas,1856-6073;2343-6352,link_issnless_namesake,4306507387,4306507387,https://revistas.fondoeditorial.uru.edu/index.php/cj,VE,184
B,size_age_title,Zeitschrift für freie psychoanalytische Forschung und Individualpsychologie,2313-4267,link_issnless_namesake,4306535590,4306535590,https://journals.sfu.ac.at/index.php/zfpfi,AT,183
B,size_age_title,Puçá: Revista de Comunicação e Cultura na Amazônia,2526-4729,mint,7407067284,,https://estacio.periodicoscientificos.com.br/index.php/puca,BR,183
B,size_age_title,JISIPOL | Jurnal Ilmu Sosial dan Ilmu Politik,2087-474X;3047-4272,mint,7407067285,,https://ejournal.unibba.ac.id/index.php/jisipol,ID,183
B,size_age_title,ELITE JOURNAL,2580-9946,mint,7407067286,,https://elitejournal.org/index.php/ELITE,ID,183
B,size_age_title,Relais,2336-0410;3085-4679,mint,7407067287,,http://journals.imist.ma/index.php/Relais,MA,183
B,size_age_title,Journal of Research in Humanities,1812-1128;2522-6851,mint,7407067288,,https://jrh.pu.edu.pk/index.php/Journal,PK,183
B,size_age_title,The Government - Annual Research Journal of Political Science,2227-7927;2790-1793,link_issnless_namesake,4306532203,4306532203,https://sujo.usindh.edu.pk/index.php/THE-GOVERNMENT,PK,183
B,national_list,PAAT Journal,2730-1796,mint,7407067289,,https://so10.tci-thaijo.org/index.php/paatj,TH,183
B,size_age_title,Económicas Habla,3008-8143,mint,7407067290,,https://portalderevistas.unsa.edu.ar/index.php/economicas,AR,182
B,size_age_title,Economic Development Journal of Canada,1203-2700,mint,7407067291,,https://ecdev.journals.yorku.ca/index.php/default,CA,182
B,size_age_title,HeLix - Dossiers zur romanischen Literaturwissenschaft,2191-642X,mint,7407067292,,https://journals.ub.uni-heidelberg.de/index.php/helix,DE,182
B,size_age_title,Dialektika Jurnal Pendidikan,2528-2328;2808-1773,mint,7407067293,,https://journal.peradaban.ac.id/index.php/dfkip,ID,182
B,size_age_title,Tripolitana Medical Journal,2077-5628,mint,7407067294,,https://uot.edu.ly/journals/index.php/tmj,LY,182
B,size_age_title,Ife Social Sciences Review,0331-3115;2635-375X,mint,7407067295,,https://issr.oauife.edu.ng/index.php/issr,NG,182
B,size_age_title,Nnamdi Azikiwe Journal of Political Science,1119-4537;2992-5924,mint,7407067296,,https://najops.org.ng/index.php/najops,NG,182
B,national_list,วารสารวิชาการกรมสนับสนุนบริการสุขภาพ,1905-0755;2822-1109,mint,7407067297,,https://thaidj.org/index.php/JDHSS,TH,182
B,national_list,Journal of Humanities and Social Sciences Phranakhon Si Ayutthaya Rajabhat University,2774-0277;2985-1246,mint,7407067298,,https://so03.tci-thaijo.org/index.php/husoarujournal,TH,182
B,size_age_title,Journal of Health Science and Alternative Medicine,2673-0294,mint,7407067299,,https://he01.tci-thaijo.org/index.php/jhealthscialternmed,TH,182
B,size_age_title,DêCiência em Foco,2526-5946,link_issnless_namesake,4306507619,4306507619,https://revistas.uninorteac.edu.br/index.php/DeCienciaemFoco0,BR,181
B,size_age_title,EDUCAÇÃO E CULTURA EM DEBATE,2447-9217,link_issnless_namesake,4306508774,4306508774,https://revistas.unifan.edu.br/index.php/RevistaISE,BR,181
B,size_age_title,Revista Chilena de Educación Científica,0717-9618;2810-6040,link_issnless_namesake,4306526287,4306526287,https://revistas.umce.cl/index.php/RChEC,CL,181
B,size_age_title,TEOL-information,0905-4200;2596-8165,mint,7407067300,,https://tidsskrift.dk/teolinformation,DK,181
B,size_age_title,International Journal of Research and Analysis in Science and Engineering,2582-8118,mint,7407067301,,https://www.iarj.in/index.php/ijrase,IN,181
B,size_age_title,BACHELARD STUDIES - ÉTUDES BACHELARDIENNES - STUDI BACHELARDIANI,2724-5470,mint,7407067302,,https://mimesisjournals.com/ojs/index.php/bachelardstudies,IT,181
B,size_age_title,Revue de Gestion et d’Économie,2351-8111,link_issnless_namesake,4306528176,4306528176,https://revues.imist.ma/index.php/jbe,MA,181
B,size_age_title,International Journal For Psychotherapy In Africa,2550-7249;2550-7257,mint,7407067303,,https://ezenwaohaetorc.org/journals/index.php/IJPA,NG,181
B,size_age_title,Poéticas,2530-0296,mint,7407067304,,https://www.poeticas.org/index.php/poeticas,ES,181
B,national_list,Journal of UBRU Educational Review,3027-7620,mint,7407067305,,https://so06.tci-thaijo.org/index.php/JER,TH,181
B,national_list,Lanna Journal of Health Promotion and Environmental Health,2228-9410;2822-0471,mint,7407067306,,https://he01.tci-thaijo.org/index.php/lannaHealth,TH,181
B,national_list,The Fine and Applied Arts Journal,2822-0439;2822-0447,mint,7407067307,,https://so05.tci-thaijo.org/index.php/fineartstujournal,TH,181
B,size_age_title,The Journal of Risk Management and Insurance,0859-3604;2773-9260,mint,7407067308,,https://jrmi.au.edu/index.php/jrmi,TH,181
B,national_list,Development Economic Review,3088-2303,mint,7407067309,,https://so06.tci-thaijo.org/index.php/NER,,181
B,size_age_title,Revista Ímpeto,1983-6171;3085-6574,mint,7407067310,,https://www.seer.ufal.br/index.php/revistaimpeto,BR,180
B,size_age_title,"Prosiding Seminar Nasional Sosial, Humaniora, dan Teknologi",2962-7966,mint,7407067311,,https://journals.lppm-sukma.id/index.php/senashtek,ID,180
B,size_age_title,Lunggi Journal,2986-7916,mint,7407067312,,https://journal.iaisambas.ac.id/index.php/lunggi,ID,180
B,size_age_title,"International Journal of Service Science, Management, Engineering, and Technology",2830-604X;2964-7118,mint_name_twin,7407067313,149715497,https://ejournalisse.com/index.php/isse,ID,180
B,size_age_title,Prosiding (SENIAS) Seminar Pengabdian Masyarakat,2829-8136,mint,7407067314,,https://prosidingonline.iik.ac.id/index.php/senias,ID,180
B,size_age_title,Researcher Bulletin of Medical Sciences,2676-7473,mint,7407067315,,https://journals.sbmu.ac.ir/index.php/rbms,IR,180
B,size_age_title,"Annali del Dipartimento di metodi e modelli per l'economia, il territorio e la finanza",2385-0825;2611-6634,mint,7407067316,,https://rosa.uniroma1.it/rosa02/annali_memotef,IT,180
B,size_age_title,International Journal of Studies in Advanced Education,2949-8864;2949-8945,mint,7407067317,,https://scholarsdigest.org/index.php/ijsae,NL,180
B,size_age_title,PROELIUM,1645-8826;2976-0860,mint,7407067318,,https://revistas.rcaap.pt/proelium,PT,180
B,national_list,Economics and Public Policy Journal,1906-8522;2630-0028,mint,7407067319,,https://so01.tci-thaijo.org/index.php/econswu,TH,180
B,size_age_title,Uniso Ciência,2595-7074,mint,7407067320,,https://periodicos.uniso.br/ciencia,BR,179
B,size_age_title,Revista Desempenho,1677-9797,link_issnless_namesake,4306527075,4306527075,https://periodicos.unb.br/index.php/rd,BR,179
B,size_age_title,Gazdálkodástudományi Közlemények,2061-2443;2676-864X,mint,7407067321,,https://ojs.lib.unideb.hu/gazdalkodaskozlemenyek,HU,179
B,size_age_title,"Pedalitra: Prosiding Pedagogi, Linguistik, dan Sastra",2963-2862,mint,7407067322,,https://ojs.mahadewa.ac.id/index.php/pedalitra,ID,179
B,size_age_title,Jurnal Bina Cipta Husada: Jurnal Kesehatan Dan Science,1858-4616,mint,7407067323,,https://jurnal.stikesbch.ac.id/index.php/jurnal,ID,179
B,size_age_title,Jurnal Ekonomak,2442-6857;2715-6680,mint,7407067324,,https://ejournal.stiepgri.ac.id/index.php/ekonomak,ID,179
B,size_age_title,Journal of Contemporary Social Science and Education Studies (JOCSSES) E-ISSN- 2785-8774,2785-8774,mint,7407067325,,https://jocss.com/index.php/multidiscipline,MY,179
B,size_age_title,Journal of Business Innovation,2600-836X,mint,7407067326,,https://ejournal.unimel.edu.my/index.php/JBI,MY,179
B,size_age_title,Philippine Journal of Urology,0117-8962,mint,7407067327,,https://pjuonline.com/index.php/pju,PH,179
B,national_list,Vajira Nursing Journal,3027-8058;3027-8066,mint,7407067328,,https://he02.tci-thaijo.org/index.php/vnj,TH,179
B,national_list,T-VET JOURNAL,2539-7176;2774-1052,mint,7407067329,,https://so01.tci-thaijo.org/index.php/TVETJournal_IVEN3,TH,179
B,national_list,Journal for Social Sciences Research,2985-2374;3027-7604,mint,7407067330,,https://so02.tci-thaijo.org/index.php/ssr,TH,179
B,size_age_title,Profit : Jurnal Penerapan Ilmu Manajemen dan Kewirausahaan,2503-4901,mint,7407067331,,https://jurnal.stie-sampit.ac.id/index.php/Ojs,ID,178
B,size_age_title,Ife Journal of Technology,1115-9782;2536-6807,mint,7407067332,,https://ijt.oauife.edu.ng/index.php/ijt,NG,178
B,national_list,Sripatum Review of Science and Technology,2985-1734;2985-1742,mint,7407067333,,https://ph02.tci-thaijo.org/index.php/spurst,TH,178
B,national_list,Medical Journal of Sakon Nakhon Hospital,3088-280X,mint,7407067334,,https://he05.tci-thaijo.org/index.php/JSakonNakHosp,,178
B,size_age_title,Novas Ideias,2526-3765;2526-3773,mint,7407067335,,https://revistas.unirn.edu.br/index.php/novasideias,BR,177
B,size_age_title,Revista Perspectivas Educacionales (REPED),0718-5030;2810-6962,mint,7407067336,,https://revistas.umce.cl/index.php/perspectivas,CL,177
B,size_age_title,InfoCiencia,3105-1154,held_name_issnless,,4306513220;2739176314;4210193626,http://www.infocienciass.cu/index.php/infociencia,CU,177
B,size_age_title,INFOTEX: Scientific Journal of Engineering,2964-5352,mint,7407067337,,https://ojs.stttexmaco.ac.id/index.php/infotex,ID,177
B,size_age_title,Al-Balad: Journal of Constitutional Law,2775-6467,mint,7407067338,,https://urj.uin-malang.ac.id/index.php/albalad,ID,177
B,size_age_title,Jurnal Ilmu Pendidikan Ahlussunnah,2615-5710;2620-8458,mint,7407067339,,https://ojs.stkip-ahlussunnah.ac.id/index.php/jipa,ID,177
B,size_age_title,Plurimondi,1129-4469;2420-921X,mint,7407067340,,https://plurimondi.poliba.it/index.php/Plurimondi,IT,177
B,size_age_title,Computational Linguistics in the Netherlands Journal,2211-4009,mint,7407067341,,https://www.clinjournal.org/clinj,NL,177
B,national_list,The Journal of Spatial Innovation Development,2730-1494,mint,7407067342,,https://ph01.tci-thaijo.org/index.php/jsid,TH,177
B,national_list,DRIRDI Research for Community Service Journal,2697-3944,mint,7407067343,,https://so02.tci-thaijo.org/index.php/DRURDI,TH,177
B,national_list,Journal of Nurses Association of Thailand Northern Office,2985-0347,mint,7407067344,,https://he01.tci-thaijo.org/index.php/jnorthnurse,TH,177
B,size_age_title,A Palo Seco – Escritos de Filosofia e Literatura,2176-3356,link_issnless_namesake,4306502570,4306502570,https://periodicos.ufs.br/apaloseco,BR,176
B,size_age_title,SÉCULO XXI: Revista de Relações Internacionais - ESPM,2179-0582;2236-871X,mint,7407067345,,https://sumario-periodicos.espm.br/xxi,BR,176
B,size_age_title,AAeO - Afrikanistik-Aegyptologie-Online,1860-7462,mint,7407067346,,https://journals.ub.uni-koeln.de/index.php/AAeo,DE,176
B,size_age_title,Prosiding Seminar Nasional Integrasi Pertanian dan Peternakan,2987-2197,mint,7407067347,,https://semnasfpp.uin-suska.ac.id/index.php/snipp,ID,176
B,size_age_title,SABILARRASYAD: Jurnal Pendidikan dan Ilmu Kependidikan,2548-2203,link_issnless_namesake,4306528955,4306528955,https://jurnal.dharmawangsa.ac.id/index.php/sabilarrasyad,ID,176
B,national_list,"Journal of Nursing, Siam University",3088-1137,mint,7407067348,,https://he01.tci-thaijo.org/index.php/nursingsiamjournal,TH,176
B,size_age_title,UMass Law Review,2167-8286;2167-8294,mint,7407067349,,https://ojs.lib.umassd.edu/umlr,US,176
B,national_list,The Journal of Accounting Review Chiang Rai Rajabhat University,2539-5629;2985-2803,mint,7407067350,,https://so02.tci-thaijo.org/index.php/JAR_CRRU,,176
B,national_list,The Journal of Integrated Business Innovation and Sustainability (JIBIS) (Online),3088-3628,mint,7407067351,,https://so02.tci-thaijo.org/index.php/fam,,176
B,size_age_title,Perspectivas,2684-0383,held_name_issnless,,4306522323;4210190409;4210196964;4387282870;4393915076;4387286669;4210203031,https://revistas.ucalp.edu.ar/index.php/Perspectivas,AR,175
B,size_age_title,Revista Areia,2595-2609,mint,7407067352,,https://ufal.emnuvens.com.br/rea,BR,175
B,size_age_title,Prosiding Konferensi Nasional Mahasiswa Bahasa dan Sastra Arab,3064-5565,mint,7407067353,,https://proceedings.uinsa.ac.id/index.php/knm-bsa,ID,175
B,size_age_title,"KESKAP: Jurnal Kesejahteraan Sosial, Komunikasi dan Administrasi Publik",2961-9998,mint,7407067354,,https://jurnal.umsu.ac.id/index.php/keskap,ID,175
B,size_age_title,Prosa: Jurnal Penelitian Pendidikan Guru Sekolah Dasar,3025-1486,mint,7407067355,,https://jurnal.umbuton.ac.id/ojsumbuton/index.php/Prosa,ID,175
B,size_age_title,Selangor Science & Technology Review (SeSTeR),2636-9931,mint,7407067356,,https://sester.journals.unisel.edu.my/index.php/sester,MY,175
B,size_age_title,Al-Safiir,2709-6041;2709-605X,mint,7407067357,,https://al-safiir.com/index.php/Al-Safiir,PK,175
B,national_list,THAITESOL Journal,2286-8909;2697-4614,mint,7407067358,,https://so05.tci-thaijo.org/index.php/thaitesoljournal,TH,175
B,size_age_title,Revista Eletrônica Direito e Conhecimento,2526-4745,mint,7407067359,,https://revistas.cesmac.edu.br/dec,BR,174
B,size_age_title,Alétheia - Estudos sobre Antiguidade e Medievo,1983-2087,mint,7407067360,,https://periodicos.unipampa.edu.br/index.php/Aletheia,BR,174
B,size_age_title,Janus Unbound: Journal of Critical Studies,2564-2154,mint,7407067361,,https://journals.library.mun.ca/index.php/JU,CA,174
B,size_age_title,Prosiding Seminar Nasional PGSD UST,2746-9573,mint,7407067362,,https://jurnal.ustjogja.ac.id/index.php/sn-pgsd,ID,174
B,size_age_title,Memoria di Shakespeare. A Journal of Shakespearean Studies,2283-8759,mint,7407067363,,https://rosa.uniroma1.it/rosa03/memoria_di_shakespeare,IT,174
B,size_age_title,Academic Journal of Clinicians,2959-9008;2959-9016,mint,7407067364,,https://clinician.site/index.php/ajcs,PK,174
B,size_age_title,The Dialogue,1819-6462;1819-6470,mint_name_twin,7407067365,2764460815;4210229702;4393916120;5406949921;4210212870,https://journals.qurtuba.edu.pk/ojs/index.php/thedialogue,PK,174
B,size_age_title,Discover Medicine,2521-2273;2521-5612,mint_name_twin,7407067366,5407042860,https://revistascientificas.una.py/index.php/DM,PY,174
B,national_list,SAU Journal of Social Sciences & Humanities,2465-549X;2774-1206,mint,7407067367,,https://so05.tci-thaijo.org/index.php/saujournalssh,TH,174
B,size_age_title,Revista Canudos,1413-9421;2675-956X,mint,7407067368,,https://revistas.uneb.br/index.php/canudos,BR,173
B,size_age_title,Seara Jurídica,1984-9311,mint,7407067369,,https://publicacoes.unijorge.com.br/searajuridica,BR,173
B,size_age_title,Perfiles de la Cultura Cubana,2075-6038,mint,7407067370,,http://perfiles.cult.cu/index.php/perfiles,CU,173
B,size_age_title,Garda: Jurnal Pengabdian Kepada Masyarakat,2746-8232,mint,7407067371,,https://openjournal.unpam.ac.id/index.php/grd,ID,173
B,size_age_title,Al-Fatih: Jurnal Studi Islam,2354-8576,mint,7407067372,,https://ejurnal.staimaarif.ac.id/index.php/alfatih,ID,173
B,size_age_title,AKU: An African Journal of Contemporary Research,2814-0753,mint,7407067373,,https://acjol.org/index.php/aku,NG,173
B,national_list,Bansomdej Music Journal,2985-0622,mint,7407067374,,https://so13.tci-thaijo.org/index.php/MusBSRU,TH,173
B,size_age_title,Prosiding Konferensi Nasional Mahasiswa Sastra Indonesia,3064-6081,mint,7407067375,,https://proceedings.uinsa.ac.id/index.php/konasindo,ID,172
B,size_age_title,Ilmiah Manajemen Bisnis,1978-6344,mint,7407067376,,https://ejournal.ukrida.ac.id/index.php/IMB,ID,172
B,size_age_title,Proceeding Seminar Nasional Sistem Informasi dan Teknologi Informasi,2620-911X;2621-0428,mint,7407067377,,https://jurnal.ftikomibn.ac.id/index.php/jtksi,ID,172
B,size_age_title,Ketenagalistrikan dan Energi Terbarukan,1978-2365;2528-1917,link_issnless_namesake,4306517386,4306517386,https://ketjurnal.p3tkebt.esdm.go.id/index.php/ket,ID,172
B,size_age_title,Jewel Journal of Scientific Research,2384-6267;2756-651X,mint,7407067378,,https://journals.fukashere.edu.ng/index.php/jjsr,NG,172
B,size_age_title,Pakistan Journal of Clinical Psychology,1019-438X;2788-4872,mint,7407067379,,https://pjcp.icpuok.edu.pk/index.php/pjcp,PK,172
B,size_age_title,Polish Journal of Applied Sciences,2450-4777;2451-1544,mint,7407067380,,https://pjas.ansl.edu.pl/index.php/pjas,PL,172
B,national_list,"The Journal of Boromarajonani College of Nursing, Suphanburi",1905-1859;2985-1882,mint,7407067381,,https://he02.tci-thaijo.org/index.php/SNC,TH,172
B,size_age_title,Polémicas Feministas,1853-4309;2591-3611,mint,7407067382,,https://revistas.unc.edu.ar/index.php/polemicasfeminista,AR,171
B,size_age_title,Memória e Informação,2594-7095,mint,7407067383,,https://memoriaeinformacao.casaruibarbosa.gov.br/index.php/fcrb,BR,171
B,size_age_title,k:ON - Kölner Online Journal für Lehrer*innenbildung,2701-1429,mint,7407067384,,https://journals.ub.uni-koeln.de/index.php/k_ON,DE,171
B,size_age_title,Library Waves,2455-2291,mint,7407067385,,http://librarywaves.com/index.php/lw,IN,171
B,size_age_title,"Journal of Sport Education, Coaching, and Health (JOCCA)",2797-3565;2797-4197,mint,7407067386,,https://jurnal.sainsglobal.com/index.php/jc,ID,171
B,size_age_title,Jurnal Ilmu Tarbiyah dan Keguruan,3026-0094,mint,7407067387,,https://ejournal.edutechjaya.com/index.php/jitk,ID,171
B,size_age_title,JUrnal pembeLAjaran dan pendidiK,2807-5536;2808-3687,mint,7407067388,,https://www.julak.online/index.php/Jurnal,ID,171
B,national_list,Journal of the Association of General Surgeons of Thailand under the Royal of Patronage of HM the King,1686-879X,mint,7407067389,,https://he02.tci-thaijo.org/index.php/agstjournal,TH,171
B,size_age_title,Revista Honoris Causa,2244-8217,mint,7407067390,,https://revista.uny.edu.ve/ojs/index.php/honoris-causa,VE,171
B,size_age_title,Anais da Escola Regional de Banco de Dados (ERBD),2595-413X,mint,7407067391,,https://sol.sbc.org.br/index.php/erbd,BR,170
B,size_age_title,"Anais do Symposium on Knowledge Discovery, Mining and Learning (KDMiLe)",2763-8944,mint,7407067392,,https://sol.sbc.org.br/index.php/kdmile,BR,170
B,size_age_title,Jurnal Sipil Sains Terapan,2620-6366,mint,7407067393,,http://e-jurnal.pnl.ac.id/index.php/JSST,ID,170
B,size_age_title,PANDAWA,2686-2816,mint,7407067394,,https://ejournal.stitpn.ac.id/index.php/pandawa,ID,170
B,size_age_title,Politeknik & Kolej Komuniti Journal of Social Sciences and Humanities,0128-2875,mint,7407067395,,https://app.mypolycc.edu.my/journal/index.php/PMJSSH,MY,170
B,size_age_title,UNIVERSCIENCIA,1665-6830,mint,7407067396,,https://revista.soyuo.mx/index.php/uc,MX,170
B,national_list,Journal of Asian Language Teaching and Learning,3027-7655,mint,7407067397,,https://so10.tci-thaijo.org/index.php/jote,TH,170
B,size_age_title,Practitioner Research in Higher Education,1755-1382,link_issnless_namesake,4306523036,4306523036,https://ojs.cumbria.ac.uk/index.php/prhe,GB,170
B,size_age_title,Anais - Seminário Nacional de História da Matemática,2236-4102,mint,7407067398,,https://snhm.com.br/anais,BR,169
B,size_age_title,Anais da Mostra Acadêmica do Curso de Fisioterapia,2763-504X,mint,7407067399,,https://anais.unievangelica.edu.br/index.php/fisio,BR,169
B,size_age_title,Biosaúde,1517-9664;2525-555X,link_issnless_namesake,4306504434,4306504434,http://www.uel.br/revistas/uel/index.php/biosaude,BR,169
B,size_age_title,Judicare,2237-8588,link_issnless_namesake,4363606121,4363606121,https://revista.fadaf.com.br/revistacientifica/index.php/judicare,BR,169
B,size_age_title,Seminar Nasional KUSUMA,3062-9365,mint,7407067400,,https://journalng.uwks.ac.id/kusuma,ID,169
B,size_age_title,Khidmat,3031-2795,mint_name_twin,7407067401,4404669911,https://ejournal.edutechjaya.com/index.php/khidmat,ID,169
B,size_age_title,Proceeding Mercu Buana Conference on Industrial Engineering,2988-4284,mint,7407067402,,https://publikasi.mercubuana.ac.id/index.php/mbcie,ID,169
B,size_age_title,Jurnal Inovisi (Teknik Industri),0216-9673,mint,7407067403,,https://ejurnal.esaunggul.ac.id/index.php/inovisi,ID,169
B,size_age_title,Int'l Journal of Education Research and Scientific Development,2992-5665;2992-5673,mint,7407067404,,https://ijresd.net/index.php/IJRESD,NG,169
B,national_list,Sahasat: Journal of Social Sciences and Humanities,3088-2869,mint,7407067405,,https://so02.tci-thaijo.org/index.php/sahasart,TH,169
B,size_age_title,Journal of Public Administration and Politics,3088-2249,mint,7407067406,,https://so03.tci-thaijo.org/index.php/papojournal,TH,169
B,size_age_title,"Anais do Seminário de Ensino, Pesquisa e Extensão da UEG Câmpus Sudoeste – Quirinópolis",2965-6281,mint,7407067407,,https://www.anais.ueg.br/index.php/sepe_sudoeste,BR,168
B,size_age_title,Cadernos de África Contemporânea,2595-5713,mint,7407067408,,https://revistas.uneb.br/index.php/cac,BR,168
B,size_age_title,NOVOS DIREITOS,2236-4943;2447-1631,mint,7407067409,,https://revistas.unifan.edu.br/index.php/RevistaICJ,BR,168
B,size_age_title,Cadernos de Estudos e Pesquisa na Educação Básica,2447-6943,link_issnless_namesake,4306505410,4306505410,https://periodicos.ufpe.br/revistas/index.php/cadernoscap,BR,168
B,size_age_title,Revista NECAT – Revista do Núcleo de Estudos de Economia Catarinense,2317-8523,link_issnless_namesake,4306527779,4306527779,http://ojs35.sites.ufsc.br/index.php/revistanecat,BR,168
B,size_age_title,Annual Review of Policy Design,2291-6989,mint,7407067410,,https://ojs.unbc.ca/index.php/design,CA,168
B,size_age_title,Cuadernos de Beauchef,2452-493X,mint,7407067411,,https://revistasdex.uchile.cl/index.php/cdb,CL,168
B,size_age_title,Jurnal Farmasi dan Bahan Alam : FARBAL,2338-0616,mint,7407067412,,https://journal-uim-makassar.ac.id/index.php/FARBAL,ID,168
B,size_age_title,AGRIMETA : Jurnal Pertanian Berbasis Keseimbangan Ekosistem,2088-2521;2721-2556,mint,7407067413,,https://e-journal.unmas.ac.id/index.php/agrimeta,ID,168
B,national_list,Industrial Technology Journal Surin Rajabhat University,3027-6314;3027-6322,mint,7407067414,,https://ph02.tci-thaijo.org/index.php/journalindus,TH,168
B,national_list,HRD Journal,3027-6918,mint_name_twin,7407067415,2764476510,https://so01.tci-thaijo.org/index.php/HRDJ,TH,168
B,national_list,Human Resource and Organization Development Journal,1906-7321;2985-0746,mint,7407067416,,https://so01.tci-thaijo.org/index.php/HRODJ,TH,168
B,size_age_title,Ethiopian e-Journal for Research and Innovation Foresight (Ee-JRIF),2042-6356,link_issnless_namesake,4306509989,4306509989,https://journals.bdu.edu.et/index.php/eejrif4,GB,168
B,size_age_title,PSM Microbiology,2518-3834,mint,7407067417,,https://psmjournals.org/index.php/microbiol,,168
B,size_age_title,Escritos de filosofía,0325-4933;2344-9586,link_issnless_namesake,4363607087,4363607087,https://plarci.org/index.php/escritos,AR,167
B,size_age_title,Anais da Semana de Letras Língua Portuguesa e Literaturas,3086-4097,mint,7407067418,,https://revistas.uneb.br/index.php/sllpl,BR,167
B,size_age_title,Grande Sinal Revista de Espiritualidade e Pastoral,1414-7319,mint,7407067419,,https://grandesinal.itf.edu.br/GS,BR,167
B,size_age_title,Revista Pensamiento Humanista,0122-9168;2981-5584,mint,7407067420,,https://revistas.upb.edu.co/index.php/pensamiento-humanista,CO,167
B,size_age_title,UBS Journal of Business and Economic Policy,0795-7149,mint,7407067421,,https://journals.unizik.edu.ng/index.php/ubsjbep,NG,167
B,national_list,"Nursing, Health, and Education Journal",2630-0214;2821-9899,mint,7407067422,,https://he02.tci-thaijo.org/index.php/NHEJ,TH,167
B,national_list,Thai Journal of Physical Therapy,0125-4634;3027-7086,mint,7407067423,,https://he02.tci-thaijo.org/index.php/tjpt,TH,167
B,national_list,JEDI : Journal of Environmental Design Innovation,3088-179X,mint,7407067424,,https://so02.tci-thaijo.org/index.php/jed,TH,167
B,size_age_title,Anais Estendidos do Simpósio Brasileiro de Educação em Computação (EDUCOMP),3086-0741,mint,7407067425,,https://sol.sbc.org.br/index.php/educomp_estendido,BR,166
B,size_age_title,RACE - Revista de Administração do Cesmac,1806-0714;2675-3766,link_issnless_namesake,4306525253,4306525253,https://revistas.cesmac.edu.br/administracao,BR,166
B,size_age_title,Revista Trópica - Ciências agrárias e biológicas,1982-4831,link_issnless_namesake,4306528008,4306528008,https://periodicoseletronicos.ufma.br/index.php/ccaatropica,BR,166
B,size_age_title,"Energía Mecánica, Innovación y Futuro",1390-7395,mint,7407067426,,https://journal.espe.edu.ec/ojs/index.php/EnergiaMecanica,EC,166
B,size_age_title,"Edu Journal of International Affairs and Research, ISSN: 2583-9993",2583-9993,mint,7407067427,,https://edupublications.com/index.php/ejiar,IN,166
B,size_age_title,The Journal of Social Sciences Studies and Research,2583-0457,mint,7407067428,,https://tjsssr.com/index.php/tjsssr,IN,166
B,size_age_title,PENSA,2686-2824,mint,7407067429,,https://ejournal.stitpn.ac.id/index.php/pensa,ID,166
B,size_age_title,Organisms. Journal of Biological Sciences,2532-5876,mint,7407067430,,https://rosa.uniroma1.it/rosa04/organisms,IT,166
B,size_age_title,Revista Mexicana de Enfermería Cardiologica,1405-0315,link_issnless_namesake,4306527724,4306527724,https://revistamexicanadeenfermeriacardiologica.com.mx/index.php/RevMexEnferCardiol,MX,166
B,size_age_title_other_script,مجلة الاستناد,2028-9979;3009-5247,mint,7407067431,,https://revues.imist.ma/index.php/Istinad,MA,166
B,size_age_title,Propriedades Intelectuais,2183-2919,mint,7407067432,,https://revistas.ucp.pt/index.php/propriedadesintelectuais,PT,166
B,national_list,Journal of Education Burapha University,2822-0730,mint,7407067433,,https://so02.tci-thaijo.org/index.php/edubuu,TH,166
B,national_list,Dhurakij Pundit Communication Arts Journal,3057-0719,mint,7407067434,,https://so01.tci-thaijo.org/index.php/dpuca,TH,166
B,size_age_title,Ts. Territorios-REVISTA DE TRABAJO SOCIAL,2591-3239,mint,7407067435,,https://publicaciones.unpaz.edu.ar/OJS/index.php/ts,AR,165
B,size_age_title,Revista Projetos Extensionistas,2764-2771,mint,7407067436,,https://periodicos.fapam.edu.br/index.php/RPE,BR,165
B,size_age_title,"The Mouth - Critical Studies on Language, Culture and Society",2513-101X,mint,7407067437,,https://journals.ub.uni-koeln.de/index.php/the_mouth,DE,165
B,size_age_title,JURNAL BEVINDING,3024-9805,mint,7407067438,,https://journal.uniba.ac.id/index.php/JB,ID,165
B,size_age_title,Sinteks : Jurnal Teknik,1907-2007;2579-7115,mint,7407067439,,https://jurnal.stt.web.id/index.php/Teknik,ID,165
B,size_age_title,Economia Marche - Journal of Applied Economics,1120-9593;3034-8234,mint,7407067440,,https://economiamarche.univpm.it/index.php/em,IT,165
B,size_age_title,Politeknik & Kolej Komuniti Journal of Engineering and Technology,0128-2883,mint,7407067441,,https://app.mypolycc.edu.my/journal/index.php/PMJET,MY,165
B,size_age_title,Zaria Journal of Educational Studies (ZAJES),2795-3890;2805-3877,mint,7407067442,,http://zarjes.com/index.php/ZAJES,NG,165
B,national_list,Social Science Journal of Prachachuen Research Network,3088-2087,mint,7407067443,,https://so03.tci-thaijo.org/index.php/prn,TH,165
B,size_age_title,Aisthesis: The Interdisciplinary Honors Journal,2471-7363,mint,7407067444,,https://pubs.lib.umn.edu/index.php/aisthesis,US,165
B,size_age_title,Fórum de Metodologias Ativas,2763-5333,mint,7407067445,,https://publicacoescgesg.cps.sp.gov.br/fma,BR,164
B,size_age_title,Revista Brasileira de Previdência,2317-0158,mint,7407067446,,http://revista.unicuritiba.edu.br/index.php/previdencia,BR,164
B,size_age_title,Journal of Applied Science and Environmental Studies,2605-7565,mint,7407067447,,https://revues.imist.ma/index.php/JASES,MA,164
B,size_age_title,Revista Portuguesa de Hipertensão e Risco Cardiovascular,1646-8287,mint,7407067448,,https://revistahipertensao.pt/index.php/rh,PT,164
B,size_age_title,"artciencia.com, Revista de Arte, Ciência e Comunicação",1646-3463,link_issnless_namesake,4306503153,4306503153,https://revistas.rcaap.pt/artciencia,PT,164
B,national_list,Journal of Research for Health Improvement and Quality of Life,2985-2331;2985-234X,mint,7407067449,,https://he02.tci-thaijo.org/index.php/RHQJ,TH,164
B,national_list,Journal of Humanities and Social Sciences Review,2673-0987;2821-9759,mint,7407067450,,https://so05.tci-thaijo.org/index.php/hspbruacthjournal,TH,164
B,size_age_title,Cyberpolitik Journal,2587-1218,mint,7407067451,,http://www.cyberpolitikjournal.org/index.php/main,TR,164
B,size_age_title_other_script,ЦЕНТРАЛЬНО АЗИАТСКИЙ ЭНДОКРИНОЛОГИЧЕСКИЙ ЖУРНАЛ,2181-3426,mint,7407067452,,https://www.tadqiqot.uz/index.php/cae,UZ,164
B,size_age_title_other_script,ЮРИСПРУДЕНЦИЯ,2181-0958,mint,7407067453,,https://www.tadqiqot.uz/index.php/jurisprudence,UZ,164
B,size_age_title,Boletín Médico de Postgrado,0798-0361;2791-3848,mint,7407067454,,https://revistas.uclave.org/index.php/bmp,VE,164
B,size_age_title,JurES,2179-0167,mint,7407067455,,https://estacio.periodicoscientificos.com.br/index.php/juresvitoria,BR,163
B,size_age_title,ALLIRI Journal of Anthropology,2684-9925,mint,7407067456,,https://ojs.unm.ac.id/JSB,ID,163
B,size_age_title,JURNAL PENDIDIKAN ROSALIA (JPR),2964-3589,mint,7407067457,,https://ojs.stkiprosaliametro.ac.id/index.php/JPR,ID,163
B,size_age_title,SCHOLASTICA: Jurnal Pendidikan dan Kebudayaan,2686-6234,mint,7407067458,,https://jurnal.stitnualhikmah.ac.id/index.php/scholastica,ID,163
B,size_age_title,NUSANTARA,2685-9815,mint,7407067459,,https://ejournal.stitpn.ac.id/index.php/nusantara,ID,163
B,size_age_title,Journal of English Education Students (JEES),2722-4910,mint,7407067460,,https://eskripsi.stkippgribl.ac.id/index.php/jees,ID,163
B,size_age_title,Quaderni dell'Archivio Storico - nuova serie online,1722-9669,mint,7407067461,,https://www.ilcartastorie.it/ojs/index.php/quaderniarchiviostorico,IT,163
B,size_age_title,GPH-International Journal of Agriculture and Research,3050-9602,mint,7407067462,,https://gphjournal.org/index.php/ar,NL,163
B,national_list,Burapha Arts Journal,3027-7108;3027-7116,mint,7407067463,,https://so01.tci-thaijo.org/index.php/buraphaJ,TH,163
B,size_age_title,Revista Mangaio Acadêmico,2525-2801,mint,7407067464,,https://estacio.periodicoscientificos.com.br/index.php/mangaio,BR,162
B,size_age_title,Lee La LEE,2745-0716,mint,7407067465,,https://revistas.upn.edu.co/index.php/LEE,CO,162
B,size_age_title,Jurnal Pengabdian Masyarakat Darmais (JPMD),2963-3559,mint,7407067466,,https://ejournal.stikesdarmais.ac.id/index.php/jpmd,ID,162
B,size_age_title,EKOBISMAN : JURNAL EKONOMI BISNIS MANAJEMEN,2528-4304;2597-9302,mint,7407067467,,https://journal.univpancasila.ac.id/index.php/ekobisman,ID,162
B,size_age_title,Borneo Engineering & Advanced Multidisciplinary International Journal,2948-4049;2948-4057,mint,7407067468,,https://beam.pmu.edu.my/index.php/beam,MY,162
B,size_age_title,Journal of the Graduate arts Club,2985-0533,mint,7407067469,,https://so13.tci-thaijo.org/index.php/jotgac,TH,162
B,national_list,Journal of Political Science Suan Sunandha Rajabhat University,3027-7973,mint,7407067470,,https://so04.tci-thaijo.org/index.php/polssru,TH,162
B,national_list,Siam University Journal of Business Administration,3057-0654,mint,7407067471,,https://so07.tci-thaijo.org/index.php/sujba,TH,162
B,size_age_title_other_script,Железнодорожный транспорт: актуальные вопросы и инновации,2181-953X,mint,7407067472,,https://transportjournals.com/index.php/InnoTrans,UZ,162
B,size_age_title,"Mérope. Revista del Centro de Estudios en Turismo, Recreación e Interpretación del Patrimonio",2683-9830,mint,7407067473,,https://revele.uncoma.edu.ar/index.php/merope,AR,161
B,size_age_title,Prosiding Seminar Kesehatan Nasional,3031-8572,mint,7407067474,,https://prosiding.ubr.ac.id/index.php/prosidingbaiturrahim,ID,161
B,size_age_title,JURNAL VISI EKONOMI AKUNTANSI DAN MANAJEMEN,2338-4220;2807-8284,mint,7407067475,,https://stieibmi.ac.id/ojs/ojsibmi/index.php/JIBMI,ID,161
B,size_age_title,JAMAIKA: Jurnal Abdi Masyarakat,2716-4780;2721-6144,mint,7407067476,,https://openjournal.unpam.ac.id/index.php/JAMAIKA,ID,161
B,size_age_title,The Discourse,2521-5337;2617-8591,mint_name_twin,7407067477,2764754579;4404676384;4210222493,https://www.discourse.org.pk/index.php/discourse,PK,161
B,size_age_title,Studia i Materiały Informatyki Stosowanej,1689-6300,mint,7407067478,,https://czasopisma.ukw.edu.pl/index.php/smis,PL,161
B,size_age_title,Revista Derechos Humanos y Educación,2695-3935,mint,7407067479,,https://revistaderechoshumanosyeducacion.es/index.php/DHED,ES,161
B,national_list,Educational Administration and Innovation Journal,2822-0056;3027-8384,mint,7407067480,,https://so12.tci-thaijo.org/index.php/EAI,TH,161
B,size_age_title,Abordajes. Revista de Ciencias Sociales y Humanas,2346-8998,mint,7407067481,,https://revistaelectronica.unlar.edu.ar/index.php/abordajes,AR,160
B,size_age_title,Revista do Ministério Público de Contas do Estado do Paraná,2359-0955,mint,7407067482,,https://revista.mpc.pr.gov.br/index.php/RMPCPR,BR,160
B,size_age_title,Revista Ciência (In) Cena,2317-0816,mint,7407067483,,https://estacio.periodicoscientificos.com.br/index.php/cienciaincenabahia,BR,160
B,size_age_title,GA2,2566-4999,mint,7407067484,,https://ojs.ub.rub.de/index.php/GA2,DE,160
B,size_age_title,Jurnal Akuntansi,2087-9261,held_name_issnless,,4306516579;4306516580;4387289655;5406977635;4387287088;4210197518;4210205021;4210218720;4210223229;4404674224;4210187457;4210216861;4210224051,https://ejournal.borobudur.ac.id/index.php/akuntansi,ID,160
B,size_age_title,ECHO,2704-8659,link_issnless_namesake,4306532143,4306532143,https://ojs.uniba.it/index.php/eco,IT,160
B,size_age_title,Journal of Continuing and Development Education,2714-3376,mint,7407067485,,https://journalcde.com/index.php/jcde,NG,160
B,size_age_title,African Journal Of Criminal Law And Jurisprudence,2550-746X,mint,7407067486,,https://journals.ezenwaohaetorc.org/index.php/AFJCLJ,NG,160
B,size_age_title,NASARAWA JOURNAL OF LIBRARY AND INFORMATION SCIENCE (NAJLIS),2955-1595,mint,7407067487,,https://najlisnsuk.ng/index.php/najis,NG,160
B,size_age_title,Tabularium Historiae,2543-8433,mint,7407067488,,https://czasopisma.ukw.edu.pl/index.php/th,PL,160
B,size_age_title,Estudios de Epistemología,1851-7129,mint,7407067489,,https://ojs.ct.unt.edu.ar/estudiosepistemologia,AR,159
B,size_age_title,Studentische Zeitschrift für Rechtswissenschaft Heidelberg – Wissenschaft Online,2629-7132,mint,7407067490,,https://journals.ub.uni-heidelberg.de/index.php/studzrwo,DE,159
B,size_age_title,Surplus : Jurnal Ilmu Manajemen Dan Kewirausahaan,2808-3466,mint,7407067491,,https://mahasiswa.jurnalprofit.org/index.php/profit,ID,159
B,size_age_title,Education Enthusiast : Jurnal Pendidikan dan Keguruan,2745-603X;2774-9916,mint,7407067492,,http://journal.unigha.ac.id/index.php/EE,ID,159
B,size_age_title,Jurnal Kebajikan: Pengabdian Kepada Masyarakat,2985-9557,mint,7407067493,,https://ojs.unm.ac.id/kebajikan,ID,159
B,size_age_title,JURNAL DIALEKTIKA PROGRAM STUDI PENDIDIKAN BAHASA INGGRIS,2089-4945;2797-9091,mint,7407067494,,https://journal.peradaban.ac.id/index.php/jdpbi,ID,159
B,size_age_title,Journal of Environmental Sustainability Advancement Research,2409-966X,mint,7407067495,,https://journals.chuka.ac.ke/index.php/jesar,KE,159
B,size_age_title,International Journal of Innovative Technology Integration in Education,2636-5626,mint,7407067496,,https://ijitie.aitie.org.ng/index.php/ijitie,NG,159
B,national_list,OHSWA Journal of Safety and Environment,3088-2427,mint,7407067497,,https://he03.tci-thaijo.org/index.php/OHSWA,TH,159
B,size_age_title,Ernstia,0252-8274,link_issnless_namesake,4306509688,4306509688,https://saber.ucv.ve/ojs/index.php/rev_erns,VE,159
B,national_list,Journal of Traditional Thai Medical Research,3027-6950,mint,7407067498,,https://he02.tci-thaijo.org/index.php/ttm,,159
B,size_age_title,ANTI,1668-8392;1852-4915,mint,7407067499,,https://www2.hum.unrc.edu.ar/ojs/index.php/Coord,AR,158
B,size_age_title,Revista Ângulo,0101-191X;1984-7947,mint,7407067500,,https://seer.unifatea.edu.br/index.php/angulo,BR,158
B,size_age_title,EsTuSalud,2790-3605,mint,7407067501,,https://revestusalud.sld.cu/index.php/estusalud,CU,158
B,size_age_title,International Journal of Health Systems and Implementation Research,2581-4427,mint,7407067502,,https://ijhsir.ahsas-pgichd.org/index.php/ijhsir,IN,158
B,size_age_title,Prosiding Seminar Nasional Pengabdian Masyarakat & CSR Fakultas Pertanian UNS,2829-3134;2829-419X,mint,7407067503,,https://proceeding.uns.ac.id/index.php/pengabdianfp,ID,158
B,size_age_title,Repetisi: Riset Pendidikan Bahasa dan Sastra Indonesia,2715-9612,mint,7407067504,,https://jom.untidar.ac.id/index.php/repetisi,ID,158
B,size_age_title,Jurnal Inosains (Desain Industri),1978-3485,mint,7407067505,,https://ejurnal.esaunggul.ac.id/index.php/inosains,ID,158
B,size_age_title,Majalah Ilmiah Inspiratif,2502-3403;2502-3411,mint,7407067506,,https://jurnal.unpand.ac.id/index.php/INSPI,ID,158
B,size_age_title,Psychology Hub,2723-973X;2724-2943,mint,7407067507,,https://rosa.uniroma1.it/rosa04/psychology_hub,IT,158
B,size_age_title,FULafia International Journal of Business and Allied Studies,1116-5251;1116-5294,mint,7407067508,,https://fijbas.org/index.php/FIJBAS,NG,158
B,national_list,Thai Journal of Operations Research : TJOR,2822-1265,mint,7407067509,,https://ph02.tci-thaijo.org/index.php/TJOR,TH,158
B,size_age_title,Hacer y Saber,2343-5623,mint,7407067510,,http://erevistas.saber.ula.ve/index.php/hacerysaber,VE,158
B,size_age_title,International Conference on Guidance and Counseling,3030-8984,mint,7407067511,,https://proceeding.unesa.ac.id/index.php/icgc,VN,158
B,size_age_title,Sebelas April Elementary Education,2963-4598,mint,7407067512,,http://ejournal.unsap.ac.id/index.php/saee,ID,157
B,size_age_title,"Conference on Business, Social Sciences and Technology (CoNeScINTech)",2808-5485,mint,7407067513,,https://journal.uib.ac.id/index.php/conescintech,ID,157
B,size_age_title,Smart Sport,1979-0465;2723-3081,mint,7407067514,,https://jurnal.uns.ac.id/smartsport,ID,157
B,size_age_title,Afeksi: Jurnal Psikologi,2961-8762,mint,7407067515,,https://jurnal.anfa.co.id/index.php/afeksi,ID,157
B,size_age_title,Dog behavior,2421-0684;2421-5678,mint,7407067516,,https://dogbehavior.it/dogbehavior,IT,157
B,size_age_title,Revista de la Facultad de Contaduría y Ciencias Administrativas,2448-6051,link_issnless_namesake,4306526888,4306526888,https://rfcca.umich.mx/index.php/rfcca,MX,157
B,size_age_title,"Agriculture, Food, and Natural Resources Journal",1597-7153;3043-5420,mint,7407067517,,https://journals.unizik.edu.ng/index.php/afnrj,NG,157
B,national_list,Burapha Journal of Business Management Burapha University,2730-230X,mint,7407067518,,https://so01.tci-thaijo.org/index.php/BJBM,TH,157
B,national_list,Journal of Communication and Integrated Media,2985-0665;2985-0673,mint,7407067519,,https://so03.tci-thaijo.org/index.php/masscomm,TH,157
B,national_list,NIDA Case Research Journal,2822-0978,mint,7407067520,,https://so04.tci-thaijo.org/index.php/NCRJ,TH,157
B,size_age_title,Revista Diálogos: Economia e Sociedade (ISSN: 2594-4320),2594-4320,mint,7407067521,,https://saolucas.emnuvens.com.br/dialogos,BR,156
B,size_age_title,Entheoria: Cadernos de Letras e Humanas,2446-6115,mint,7407067522,,https://www.journals.ufrpe.br/index.php/entheoria,BR,156
B,size_age_title,Carpe Diem: Revista Cultural e Científica do UNIFACEX,1518-5184;2237-8685,link_issnless_namesake,4363606758,4363606758,https://periodicos.unifacex.com.br/Revista,BR,156
B,size_age_title,REVUE CEDRES-ETUDES,1021-3236,mint,7407067523,,https://journal.uts.bf/index.php/cedres,BF,156
B,size_age_title,Cuaderno Javeriano de Comunicación,2322-8474;3028-7804,mint,7407067524,,http://revistas.javerianacali.edu.co/index.php/cuadernojaverianodecomunicacion,CO,156
B,size_age_title,Zagrebačka pravna revija,1848-6118,link_issnless_namesake,4306535474,4306535474,http://revija.pravo.unizg.hr/index.php/zpr,HR,156
B,size_age_title,Jurnal Implementasi,2747-0768,mint,7407067525,,https://jurnalilmiah.org/journal/index.php/ji,ID,156
B,size_age_title,Profesi : Journal of Educational and Teaching Sciences,2301-8836;2797-0701,mint,7407067526,,https://jurnal.pmpp.or.id/index.php/profesi,ID,156
B,size_age_title,"Jurnal Manajemen, Akuntansi dan Logistik (JUMATI)",3026-3581;3026-359X,mint,7407067527,,https://ciptakind-publisher.com/jumati/index.php/ojs,ID,156
B,size_age_title,Jurnal Pengabdian Vokasi,2621-8801,mint,7407067528,,https://ejournal2.undip.ac.id/index.php/jpv,ID,156
B,size_age_title,Multaqa Nasional Bahasa Arab,2655-3805,mint,7407067529,,https://munasbauai.com/index.php/mnba,ID,156
B,size_age_title,"Journal of Pedagogy, Andragogy and Heutagogy in Academic Practice",2708-261X,mint,7407067530,,https://uonjournals.uonbi.ac.ke/index.php/pedagogy,KE,156
B,size_age_title,RUMPUN JURNAL PERSURATAN MELAYU,2289-5000;2637-126X,mint,7407067531,,https://rumpunjurnal.com/jurnal/index.php/rumpun,MY,156
B,size_age_title,Journal of Tomography System and Sensor Application,2636-9133,mint,7407067532,,https://www.tssa.my/index.php/jtssa,MY,156
B,size_age_title,L’Archétype,2820-767X,mint,7407067533,,https://revues.imist.ma/index.php/archetype,MA,156
B,national_list,Journal of Interdisciplinary Buddhism,2822-1222,mint,7407067534,,https://so09.tci-thaijo.org/index.php/rabij,TH,156
B,national_list,Rattanakosin Journal of Science and Technology,2673-0553,mint,7407067535,,https://ph02.tci-thaijo.org/index.php/RJST,TH,156
B,size_age_title,Revista de Ciencias Farmacéuticas y Alimentarias,2411-927X,link_issnless_namesake,4306526593,4306526593,https://revistas.uh.cu/rcfa,CU,155
B,size_age_title,Jurnal Ilmu Sosiologi Dialektika Kontemporer,2303-2324,mint,7407067536,,https://ojs.unm.ac.id/elektikakontemporer,ID,155
B,size_age_title,"Jurnal Al-Amar: Ekonomi Syariah, Perbankan Syariah, Agama Islam, Manajemen dan Pendidikan",2716-4357,mint,7407067537,,https://ojs-steialamar.org/index.php/JAA,ID,155
B,size_age_title,Proceeding Maritime Business Management Conference,2985-3796,mint,7407067538,,https://journal.ppns.ac.id/index.php/MBMC,ID,155
B,size_age_title,Prosiding Seminar Nasional Pengabdian Kepada Masyarakat: Peduli Masyarakat,2808-327X;2808-3288,mint,7407067539,,https://jurnal.globalhealthsciencegroup.com/index.php/PSNPKM,ID,155
B,size_age_title,Al Hikmah: Jurnal Tarbiyah dan Ilmu Keguruan,2476-9037,mint,7407067540,,https://ejournal.badrussholeh.ac.id/index.php/Al-Hikmah,ID,155
B,size_age_title,Majalah Ilmiah Manajemen STIE Aprin Palembang,2089-2330;2987-2022,mint,7407067541,,https://ejournal.stie-aprin.ac.id/index.php/manajemen,ID,155
B,size_age_title,Revista SOMEPSO,2448-7317,mint,7407067542,,https://revistasomepso.org/index.php/revistasomepso,MX,155
B,size_age_title,Journal of Language and Linguistics,2408-7696;2659-0689,mint,7407067543,,https://jolledu.com.ng/index.php/joll,NG,155
B,size_age_title,Khairulummah,2790-3281;2790-329X,mint,7407067544,,https://khairulumma.com/index.php/about,PK,155
B,size_age_title,JOURNAL OF NISITWANG,1513-4423;3056-9184,mint,7407067545,,https://so06.tci-thaijo.org/index.php/jonw,TH,155
B,size_age_title,Journal of Student Research at Indiana University East,2642-0643,mint,7407067546,,https://scholarworks.iu.edu/journals/index.php/jsriue,US,155
B,size_age_title,Administrative Courts Journal,3088-1838,mint,7407067547,,https://so09.tci-thaijo.org/index.php/admcJ,,155
B,size_age_title,Revista da Escola Nacional da Inspeção do Trabalho,2594-8628;2594-8644,mint,7407067548,,https://revistaenit.trabalho.gov.br/index.php/RevistaEnit,BR,154
B,size_age_title,Bodhi Path,2347-8004,mint,7407067549,,https://bodhi-path.com/index.php/Journal,IN,154
B,size_age_title,INTERNATIONAL RESEARCH JOURNAL OF CHEMISTRY,2321-2845;2321-3299,mint,7407067550,,https://petsd.org/ojs/index.php/irjc,IN,154
B,size_age_title,Social Studies,2301-4695,mint_name_twin,7407067551,4393914571;95781920;4210193172,https://ojs.mahadewa.ac.id/index.php/socialstudies,ID,154
B,size_age_title,Borneo International Journal eISSN 2636-9826,2636-9826,mint,7407067552,,https://majmuah.com/journal/index.php/bij,MY,154
B,size_age_title,PRATICA - Revista Multimédia de Investigação em Inovação Pedagógica e Práticas de e-Learning,2184-1837,mint,7407067553,,https://parc.ipp.pt/index.php/elearning,PT,154
B,national_list,Thai Journal of Public Health and Health Education,2985-251X,mint,7407067554,,https://he02.tci-thaijo.org/index.php/tjphe,TH,154
B,national_list,"Journal of Medicine and Public Health, Ubon Ratchathani University",3027-673X,mint,7407067555,,https://he01.tci-thaijo.org/index.php/jmpubu,TH,154
B,national_list,Journal of Integrated Sciences,1685-2494;2821-9384,mint_name_twin,7407067556,7407062732,https://so06.tci-thaijo.org/index.php/citujournal,TH,154
B,size_age_title,Tạp chí điện tử Khoa học và Công nghệ QUI,2815-6145,mint,7407067557,,https://vjol.info.vn/index.php/jstqui,VN,154
B,national_list,ASEAN Journal of Education,2465-437X;2673-0766,mint,7407067558,,https://so01.tci-thaijo.org/index.php/AJE,,154
B,size_age_title,Anais da Semana de Educação e Formação Docente da Faed,3085-9786,mint,7407067559,,https://periodicos.ufms.br/index.php/SEFD,BR,153
B,size_age_title,Jamaxi,2594-5173,mint,7407067560,,https://revistas.ufac.br/index.php/jamaxi,BR,153
B,size_age_title,Memorias Seminario Científico Cenicafé,2954-579X,mint,7407067561,,https://publicaciones.cenicafe.org/index.php/memorias,CO,153
B,size_age_title,Jurnal Siklus: Penelitian Tindakan Kelas (PTK),3026-0086,mint,7407067562,,https://ejournal.edutechjaya.com/index.php/siklus,ID,153
B,size_age_title,Jurnal Al-Ibrah,2089-9343;2722-0087,mint,7407067563,,https://jurnal.umpar.ac.id/index.php/ibrah,ID,153
B,size_age_title,IDEAL INTERNATIONAL JOURNAL,2476-8421,mint,7407067564,,https://acjol.org/index.php/ideal,NG,153
B,size_age_title,Journal of Managerial Sciences,1992-4364;1998-4642,mint,7407067565,,https://journals.qurtuba.edu.pk/ojs/index.php/jms,PK,153
B,size_age_title,Islamabad Islamicus,2707-7225;2707-7233,mint,7407067566,,https://www.islamabadislamicus.com/index.php/journal,PK,153
B,national_list,Journal of Nursing and Public Health Research,2985-0916,mint,7407067567,,https://he02.tci-thaijo.org/index.php/jnphr,TH,153
B,national_list,The Office of Disease Prevention and Control 10th Journal,2730-194X;2774-0056,mint,7407067568,,https://he02.tci-thaijo.org/index.php/odpc10ubon,TH,153
B,national_list,Interdisciplinary Journal of Buriram Rajabhat University,3057-1871,mint,7407067569,,https://so02.tci-thaijo.org/index.php/journalfms-thaijo,,153
B,size_age_title,Marketing Management Studies,2798-4389;2798-4397,mint,7407067570,,https://jkmp.ppj.unp.ac.id/index.php/mms,ID,152
B,size_age_title,Tesserae iuris,2724-2013;3035-1146,mint,7407067571,,https://journals.uniurb.it/index.php/tesseraeiuris,IT,152
B,size_age_title,Revista Mexicana de Estudios de los Movimientos Sociales,2683-1740,mint,7407067572,,https://www.revistamovimientos.mx/ojs/index.php/movimientos,MX,152
B,size_age_title,IJBTSR International Journal of Business and Technology Studies and Research,2665-7716,mint,7407067573,,https://ijbtsr.org/index.php/IJBTSR,MA,152
B,size_age_title,Revue Marocaine de Santé Publique,2351-8472,mint,7407067574,,https://revues.imist.ma/index.php/RMSP,MA,152
B,size_age_title,International Research Journal of Social Sciences and Humanities,2959-1392;2959-2887,mint,7407067575,,https://irjssh.com/index.php/irjssh,PK,152
B,national_list,Mae Fah Luang University Law Journal,2774-020X;2774-0765,mint,7407067576,,https://so08.tci-thaijo.org/index.php/MFULJ,TH,152
B,national_list,(PMJCS) Phrae Medical Journal and Clinical Sciences,2985-2420,mint,7407067577,,https://thaidj.org/index.php/JPPH,TH,152
B,size_age_title,Journal of Supply Chain Management: Research and Practice,3027-8562,mint,7407067578,,https://jscm.au.edu/index.php/jscm,TH,152
B,size_age_title,"Uluslararası Turizm, Ekonomi ve İşletme Bilimleri Dergisi (IJTEBS) E-ISSN: 2602-4411",2602-4411,mint,7407067579,,https://www.ijtebs.org/index.php/ijtebs,TR,152
B,size_age_title,Sanpasitthiprasong Medical Journal,3088-3326,mint,7407067580,,https://he02.tci-thaijo.org/index.php/sanpasit_medjournal,,152
B,size_age_title,tecYt,2525-1031,mint,7407067581,,https://revistas.unc.edu.ar/index.php/tecyt,AR,151
B,size_age_title,DIVERSITÀ: Revista Multidisciplinar do Centro Universitário Cidade Verde,2764-5444,mint,7407067582,,https://revista.unifcv.edu.br/index.php/revistapos,BR,151
B,size_age_title,JURNAL TECTUM,2714-9781;2715-2677,mint,7407067583,,https://jurnal.una.ac.id/index.php/jt,ID,151
B,size_age_title,PAMPAEDIA - BOLLETTINO As.Pe.I,1721-1700;2785-7077,mint,7407067584,,https://ojs.pensamultimedia.it/index.php/aspei,IT,151
B,size_age_title,Researchers Journal of Science and Technology,2992-2569;2992-2577,mint_name_twin_not_journal,7407067585,7407060211,https://rejost.com.ng/index.php/home,NG,151
B,size_age_title,"Functional Analysis, Approximation and Computation",1821-410X;2406-1573,link_issnless_namesake,4306510989,4306510989,https://journal.pmf.ni.ac.rs/faac/index.php/faac,RS,151
B,size_age_title,Revista de la Sociedad Andaluza de Traumatología y Ortopedia,0212-0771;1578-9756,link_issnless_namesake,4306526915,4306526915,http://revista.portalsato.es/index.php/Revista_SATO,ES,151
B,national_list,Journal of Education and Innovative Learning,3027-6187,mint,7407067586,,https://so06.tci-thaijo.org/index.php/jeil,TH,151
B,national_list,วารสารสาธารณสุขมูลฐาน (ภาคตะวันออกเฉียงเหนือ),2774-017X;2774-0250,mint,7407067587,,https://thaidj.org/index.php/pjne,TH,151
B,size_age_title,International Journal of Maps in Mathematics,2636-7467,mint,7407067588,,https://www.simadp.com/journalMIM,TR,151
B,national_list,VOICES AND VISIONS: Journal of Humanities and Social Sciences,3088-3598,mint,7407067589,,https://so14.tci-thaijo.org/index.php/VandVJournal,,151
B,size_age_title,Acta Botánica Cubana,2519-7754,link_issnless_namesake,4306500286,4306500286,https://www.revistasgeotech.com/index.php/abc,CU,150
B,size_age_title,APF,2307-1990,mint,7407067590,,https://sodiaf.org.do/apf/index.php/apf,DO,150
B,size_age_title,AI dan SPK : Jurnal Artificial Intelligent dan Sistem Penunjang Keputusan,3025-0927,mint,7407067591,,https://jurnalmahasiswa.com/index.php/aidanspk,ID,150
B,size_age_title,ASEAN Journal of Educational Research and Technology,2828-4860;2828-4887,mint,7407067592,,https://ejournal.bumipublikasinusantara.id/index.php/ajert,ID,150
B,size_age_title,"International Journal of Global Affairs, Research and Development",2992-2488,mint,7407067593,,https://ijgard.com/index.php/ijgard,NG,150
B,size_age_title,Achievers Journal of Scientific Research,2505-0141;2805-3397,mint,7407067594,,https://achieverssciencejournal.org/ajosrojs/index.php/ajosr,NG,150
B,national_list,Academic Graduate Journal,3027-8643,mint,7407067595,,https://so18.tci-thaijo.org/index.php/A_GJ,TH,150
B,national_list,Journal of communication and innovation NIDA,2392-5566,mint,7407067596,,https://so02.tci-thaijo.org/index.php/jcin,TH,150
B,size_age_title,Caucasus Journal of Milton Studies,2720-8222,mint,7407067597,,https://cjojms.com/index.php/research,US,150
B,size_age_title,Informativo Antiaéreo: publicação científica,1982-6117,mint,7407067598,,https://decex.nucleoead.net/ebrevistas22/IA,,150
B,size_age_title,História em Curso,2178-1044,mint,7407067599,,http://periodicos.pucminas.br/index.php/historiaemcurso,BR,149
B,size_age_title,Prosiding Seminar STIAMI,2355-2883,mint,7407067600,,https://ojs.stiami.ac.id/index.php/PS,ID,149
B,size_age_title,Encontros da Licenciatura em Ciências e Tecnologias da Documentação e Informação,2795-5516,mint,7407067601,,https://parc.ipp.pt/index.php/ctdi,PT,149
B,size_age_title,SCIENTIA ANTIQUITATIS,2184-1160,mint,7407067602,,https://www.scientiaantiquitatis.uevora.pt/index.php/SA,PT,149
B,size_age_title,International Conference of Management and Industrial Engineering,2344-0937,mint,7407067603,,https://www.icmie.ro/index.php/icmie,RO,149
B,national_list,Journal of Sustainable Home Economics and Culture,3027-6071,mint,7407067604,,https://so09.tci-thaijo.org/index.php/hecrmutp,TH,149
B,national_list,Krabi Medical Journal,2539-6897;2985-1947,mint,7407067605,,https://he01.tci-thaijo.org/index.php/KBJ,,149
B,size_age_title,International Journal of Computer Science Engineering and Technology,2455-9091,mint,7407067606,,https://ijcset.co.in/index.php/ijcset,IN,148
B,size_age_title,Khagol,0972-7647,mint,7407067607,,http://publication.iucaa.in/index.php/khagol,IN,148
B,size_age_title,"SHAMBHASANA : Seminar Nasional Bahasa, Sastra, dan Pengajarannya",3026-7528,mint,7407067608,,https://prosiding.unipma.ac.id/index.php/Shambhasana,ID,148
B,size_age_title,"PROCEEDING OF INTERNATIONAL CONFERENCE FOR POSTGRADUATE STUDENTS IN TEACHING ARABIC LANGUAGE, LITERATURE AND LINGUISTICS",3032-3940,mint,7407067609,,https://prosiding.arab-um.com/index.php/ICON-POSTALL,ID,148
B,size_age_title,KOLEGIAL,2088-5644;2614-008X,mint,7407067610,,https://journals.stiedwisakti.ac.id/index.php/kolegial,ID,148
B,national_list,EDUCATION JOURNAL FACULTY OF EDUCATION KAMPHAENGPHET RAJABHAT UNIVERSITY,2465-5473,mint,7407067611,,https://so08.tci-thaijo.org/index.php/EJFE,TH,148
B,size_age_title,The UWI Quality Education Forum,0799-1487,mint,7407067612,,https://journals.sta.uwi.edu/ojs/index.php/qef,TT,148
B,size_age_title,REVISTA DE ADMINISTRAÇÃO DOM ALBERTO,2359-5272,mint,7407067613,,https://revista.domalberto.edu.br/revistadeadministracao,BR,147
B,size_age_title,Estudios de Transporte,2735-6299,mint,7407067614,,https://estudiosdetransporte.org/sochitran,CL,147
B,size_age_title,Tejidos Sociales,2539-262X,mint,7407067615,,https://revistas.unisimon.edu.co/index.php/tejsociales,CO,147
B,size_age_title,ABDIMAS : Jurnal Pengabdian Masyarakat,3026-4464,mint_name_twin,7407067616,5407056003;4210202100,https://jurnal.nawansa.com/index.php/abdimas,ID,147
B,size_age_title,Jurnal Solusi Masyarakat Dikara,2828-3481,mint,7407067617,,https://jsmd.dikara.org/index.php/jsmd,ID,147
B,size_age_title,E-Jurnal Pendidikan Mutiara,2460-6650;2808-9618,mint,7407067618,,https://www.ejurnal.stkipmutiarabanten.ac.id/index.php/jpm,ID,147
B,size_age_title,Tạp chí Lãnh đạo và Chính sách,2815-6498,mint,7407067619,,https://vjol.info.vn/index.php/Lanhdaovachinhsach,VN,147
B,size_age_title,Nativa – Revista de Ciências Sociais do Norte de Mato Grosso,2316-607X,link_issnless_namesake,4306520563,4306520563,https://revistanativa.com.br/index.php/nativa,BR,146
B,size_age_title,REVISTA DE DIREITO,2179-1503,mint_name_twin,7407067620,4210222586,https://revista.domalberto.edu.br/revistadedireitodomalberto,BR,146
B,size_age_title,"Renovat: Revista de Estudios Interdisciplinarios en Ciencias Sociales, Tecnología e Innovación",2390-0660;2619-2896,mint,7407067621,,https://revistas.sena.edu.co/index.php/rnt,CO,146
B,size_age_title,Directivo al Día,1813-3231,mint,7407067622,,https://directivoaldia.villaclara.cu/index.php/dad,CU,146
B,size_age_title,Prosiding Seminar Nasional Bahasa Ibu,3048-2003,mint,7407067623,,https://ojs.unud.ac.id/index.php/snbi,ID,146
B,size_age_title,Incomtech,2337-6805,mint,7407067624,,https://journal.istn.ac.id/index.php/incomtech,ID,146
B,size_age_title,JOURNAL OF SUSTAINABLE RESEARCH IN ENGINEERING,2409-1243,link_issnless_namesake,4363607622,4363607622,https://jsre.jkuat.ac.ke/index.php/jsre,KE,146
B,size_age_title,OHAZURUME - Unizik Journal of Culture and Civilization,2814-0796,mint,7407067625,,https://acjol.org/index.php/ohazurume,NG,146
B,size_age_title,Southeast Asian Journal of Multidisciplinary Studies,2815-1445,mint,7407067626,,https://research.cmc.edu.ph/index.php/journals,PH,146
B,national_list,ECT Education and Communication Technology Journal,3056-9435;3056-9443,mint,7407067627,,https://so01.tci-thaijo.org/index.php/ectstou,TH,146
B,national_list,Royal Thai Air Force Medical Gazette,2774-0536,mint,7407067628,,https://he02.tci-thaijo.org/index.php/rtafmg,TH,146
B,national_list,Thai cancer journal,3057-1537,mint,7407067629,,https://he01.tci-thaijo.org/index.php/TCJ,TH,146
B,national_list,Chandrakasem Rajabhat University Journal of Graduate School,2822-1176,mint,7407067630,,https://so01.tci-thaijo.org/index.php/journalgrdcru,TH,146
B,size_age_title,Global Health - an Online Journal for the Digital Age,1937-514X,mint,7407067631,,https://journals.findlay.edu/index.php/gh,US,146
B,size_age_title,Anuario de la Maestría en Derecho Internacional Privado y Comparado,2665-0118,mint,7407067632,,https://saber.ucv.ve/ojs/index.php/rev_adipc,VE,146
B,size_age_title,Anais da Feira Regional de Matemática - Rio do Sul,2965-8748,mint,7407067633,,https://publicacoes.ifc.edu.br/index.php/frmat,BR,145
B,size_age_title,Revista Estudos de Planejamento,2595-9018,mint,7407067634,,https://revistas.planejamento.rs.gov.br/index.php/estudos-planejamento,BR,145
B,size_age_title,"Academic Journal of Studies in Society, Sciences and Technologies – Geplat Papers",2675-4967,mint,7407067635,,https://geplat.com/papers/index.php/home,BR,145
B,size_age_title,JURNAL MUBTADIIN,2461-128X,mint,7407067636,,https://journal.an-nur.ac.id/index.php/mubtadiin,ID,145
B,size_age_title,Jurnal Sintaksis,2715-5536;2715-6176,mint,7407067637,,https://jurnal.stkipalmaksum.ac.id/index.php/Sintaksis,ID,145
B,size_age_title,Analisi e Diritto,1126-5779;2785-7220,mint,7407067638,,https://www.journal.edizioniets.eu/index.php/aed,IT,145
B,national_list,Journal of Spatial Development and Policy,2985-220X,mint,7407067639,,https://so16.tci-thaijo.org/index.php/JSDP,TH,145
B,national_list,UBRU International Journal,2774-0439,mint,7407067640,,https://so04.tci-thaijo.org/index.php/ubruij,TH,145
B,national_list,Journal of Education Bansomdejchaopraya Rajabhat University,3056-915X,mint,7407067641,,https://so17.tci-thaijo.org/index.php/EduBSRU,TH,145
B,national_list,Sueksitalai Journal,2730-3330;2822-1168,mint,7407067642,,https://so01.tci-thaijo.org/index.php/SJ,TH,145
B,national_list,Journal of Social Innovation and Mass Communication Technology,2822-0463,mint,7407067643,,https://so04.tci-thaijo.org/index.php/JRBGS,TH,145
B,size_age_title,Tout Moun Caribbean Journal of Cultural Studies,2518-4814,mint,7407067644,,https://journals.sta.uwi.edu/ojs/index.php/toutmoun,TT,145
B,size_age_title,Informativo Integrado,2763-8669,mint,7407067645,,http://revistas.uri.br/index.php/informativo,BR,144
B,size_age_title,RECENT RESEARCHES IN SOCIAL SCIENCES & HUMANITIES,2348-3318,mint,7407067646,,https://ijorr.in/ojs/index.php/rrssh,IN,144
B,size_age_title,Jurnal Kajian Eksekusi Madani Indonesia Hukum,3089-1396,mint,7407067647,,https://journal-uim-makassar.ac.id/index.php/kemilaw,ID,144
B,size_age_title,Journal of Comprehensive Science,2828-3775,mint,7407067648,,https://jurnal.wu-institute.com/index.php/jcs,ID,144
B,size_age_title,Me'yar معیار,2074-675X,mint,7407067649,,https://journals.iiu.edu.pk/index.php/meyar,PK,144
B,size_age_title,Academic Journal for Primary Care and Public Health Development,3057-1901,mint,7407067650,,https://he03.tci-thaijo.org/index.php/AJHSD,TH,144
B,national_list,Journal of Lawasri,2586-8705;2730-3748,mint,7407067651,,https://so04.tci-thaijo.org/index.php/lawasrijo,TH,144
B,national_list,Quality of Life and Law Journal,1686-9443;3056-9826,mint,7407067652,,https://so05.tci-thaijo.org/index.php/QLLJ,TH,144
B,size_age_title,Journal of Language Pedagogy and Innovative Applied Linguistics,2995-6854,mint,7407067653,,https://jainkwellpublishing.com/index.php/jlpial,US,144
B,size_age_title,Fórum de Pesquisas Discentes do Programa de Pós-Graduação em Gestão e Organização do Conhecimento (FORPED PPGGOC),2965-4068,mint,7407067654,,https://forped.eci.ufmg.br/revista/forped,BR,143
B,size_age_title,Revista Ceará Científico,2965-0178,mint,7407067655,,https://periodicos.seduc.ce.gov.br/cearacientifico,BR,143
B,size_age_title,Educação e (Trans)formação,2448-2145,mint,7407067656,,https://www.journals.ufrpe.br/index.php/educacaoetransformacao,BR,143
B,size_age_title,Atarraya Cultural,2665-6124,mint,7407067657,,https://revistas.unimagdalena.edu.co/index.php/atarrayacultural,CO,143
B,size_age_title,"Autobiografie. Ricerche, pratiche, esperienze",2724-217X,mint,7407067658,,https://mimesisjournals.com/ojs/index.php/autobiografie,IT,143
B,national_list,Journal of Applied Education,2985-2307,mint,7407067659,,https://so16.tci-thaijo.org/index.php/JAE,TH,143
B,size_age_title,Algerian Journal of Engineering and Technology,2716-9227;2716-9278,mint,7407067660,,https://jetjournal.org/index.php/ajet,DZ,142
B,size_age_title,"Supply Chain Insider | ISSN: 2617-7420 (Print), 2617-7420 (Online)",2617-7420,mint,7407067661,,https://supplychaininsider.org/ojs/index.php/home,BD,142
B,size_age_title,LIBERTAS DIREITO,2764-7595,mint,7407067662,,https://periodicos.famig.edu.br/index.php/direito,BR,142
B,size_age_title,Revista Agroforestería Neotropical,2248-7425;2248-7433,mint,7407067663,,https://revistas.ut.edu.co/index.php/agroforesteria,CO,142
B,size_age_title,Godišnjak Sveučilišta u Zadru,1845-9498,mint,7407067664,,https://morepress.unizd.hr/journals/index.php/godisnjak,HR,142
B,size_age_title,Den Gamle By: Danmarks Købstadmuseum (Årbog),0105-9254;2246-8633,mint,7407067665,,http://www.dengamlebyaarbog.dk/index.php/dgb,DK,142
B,size_age_title,Illari,1390-4485,mint,7407067666,,https://revistas.unae.edu.ec/index.php/illari,EC,142
B,size_age_title,Handbuch Europäische Sprachkritik Online,2567-8272;2568-4558,mint,7407067667,,https://heiup.uni-heidelberg.de/journals/index.php/heso,DE,142
B,size_age_title,Journal Management & Economics Review (JUMPER),2988-3784,mint,7407067668,,https://malaqbipublisher.com/index.php/JUMPER,ID,142
B,size_age_title,NineStars Education,2721-5512,mint,7407067669,,https://e-journal.faiuim.ac.id/index.php/ninestar-education,ID,142
B,size_age_title,Locus Penelitian dan Abdimas,2809-5871,mint,7407067670,,https://journal.tritunas.ac.id/index.php/LoA,ID,142
B,size_age_title,Seminar Nasional Kewarganegaraan,2715-467X,mint,7407067671,,http://seminar.uad.ac.id/index.php/snk,ID,142
B,size_age_title,Giornale Italiano di Ortopedia e Traumatologia,0390-0134;2531-3894,link_issnless_namesake,4306511497,4306511497,http://rivistepacini-ojs.archicoop.it/GIOT,IT,142
B,size_age_title,FUW-International Journal of Management and Social Sciences,2384-6224;2635-3539,mint,7407067672,,https://fuw-ijmss.com.ng/index.php/fijmss,NG,142
B,size_age_title,Lusiadas Scientific Journal,2184-7827;2975-8254,mint,7407067673,,https://lusiadasscientificjournal.pt/index.php/lsj,PT,142
B,size_age_title,Didactica Danubiensis,2821-4374;3008-2617,mint,7407067674,,https://dj.univ-danubius.ro/index.php/DD,RO,142
B,size_age_title,Cultura en Red,2362-2652,mint,7407067675,,https://www2.hum.unrc.edu.ar/ojs/index.php/CR,AR,141
B,size_age_title,Revista Psicologia em Foco,1981-3236;2318-9738,mint,7407067676,,https://revistas.fw.uri.br/index.php/psicologiaemfoco,BR,141
B,size_age_title,Anais do Workshop de Gerência e Operação de Redes e Serviços (WGRS),2595-2722,mint,7407067677,,https://sol.sbc.org.br/index.php/wgrs,BR,141
B,size_age_title,Luonnon Tutkija,2814-9645,mint,7407067678,,https://journal.fi/luonnontutkija,FI,141
B,size_age_title,Proceedings International Conference on Sustainable Innovation (ICoSI),2962-1429,mint,7407067679,,https://prosiding.umy.ac.id/icosi/index.php/picosi,ID,141
B,size_age_title,eProceeding of TIK,2797-9768;3031-1454,mint,7407067680,,http://e-jurnal.pnl.ac.id/index.php/eProTIK,ID,141
B,size_age_title,Jurnal Kesehatan dan Sains Terapan,2407-1609;2746-2501,mint,7407067681,,https://ojs.stikesmerangin.ac.id/index.php/jkst,ID,141
B,size_age_title,XY. Rassegna critica di studi sulla rappresentazione dell’architettura e sull’uso dell’immagine nella scienza e nell’arte,2499-8346,mint,7407067682,,https://teseo.unitn.it/xy-rivista,IT,141
B,size_age_title,"REVISTA INNOVA INGENIERÍA, PUBLICACIONES TÉCNICAS DE INVESTIGACIÓN",3122-4385,mint,7407067683,,https://innovaingenieria.uagro.mx/innova/index.php/innova,MX,141
B,size_age_title,Mirpur Journal of Medical Sciences,3007-3774;3007-3782,mint,7407067684,,https://mjms.org.pk/index.php/mjms,PK,141
B,size_age_title_other_script,Культура. Наука. Образование,2410-1451;3034-7262,mint,7407067685,,https://ojs.irgups.ru/index.php/kno,RU,141
B,national_list,Journal of Vocational Education in Agriculture,3027-6993;3027-7000,mint,7407067686,,https://li01.tci-thaijo.org/index.php/JVIA,TH,141
B,national_list,Journal of MCU Kanchana Review,3027-6802,mint,7407067687,,https://so05.tci-thaijo.org/index.php/Kanchana-editor,,141
B,national_list,Jornal of Social Sciences and Humanities Association of Private Higher Education Institutions of Thailand,3056-9753,mint,7407067688,,https://so06.tci-thaijo.org/index.php/apheit-ss,,141
B,size_age_title,"International Journal of Islamic Thoughts ISSN: 2306-7012 (Print), 2313-5700 (Online)",2306-7012;2313-5700,mint,7407067689,,https://ijits.net/ojs3/index.php/ijits,BD,140
B,size_age_title,Perspectiva Pictorum,2965-1085,mint,7407067690,,https://periodicos.ufmg.br/index.php/revistaperspectivapictorum,BR,140
B,size_age_title,"Anais do Workshop sobre Aspectos Sociais, Humanos e Econômicos de Software (WASHES)",2763-874X,mint,7407067691,,https://sol.sbc.org.br/index.php/washes,BR,140
B,size_age_title,Arquivos do Museu de História Natural e Jardim Botânico da UFMG,0102-4272;2525-6084,mint,7407067692,,https://periodicos.ufmg.br/index.php/mhnjb,BR,140
B,size_age_title,Debates Jurídicos y Sociales,0718-5685;2452-5693,mint,7407067693,,https://debatesjuridicosysociales.cl/ojs/index.php/djs,CL,140
B,size_age_title,Journal of Applied Language and Culture Studies,2605-7506,mint,7407067694,,https://revues.imist.ma/index.php/JALCS,MA,140
B,national_list,SSRU Academic Journal of Education,2774-0870,mint,7407067695,,https://so04.tci-thaijo.org/index.php/ssru-edu,TH,140
B,national_list,Udon Thani Rajabhat University Academic Journal,1905-7024;2730-1885,mint,7407067696,,https://so06.tci-thaijo.org/index.php/UDRUAJ,TH,140
B,national_list,"Journal of Anthropology, Sirindhorn Anthropology Centre (JASAC)",2630-001X;2773-9619,mint,7407067697,,https://so06.tci-thaijo.org/index.php/jasac,TH,140
B,size_age_title_other_script,วารสารปารมิตา,2774-003X,mint,7407067698,,https://www.awut.org/ojs/index.php/paramita,TH,140
B,national_list,Thai JPEN วารสารโภชนบำบัด,2697-4479,mint,7407067699,,https://he02.tci-thaijo.org/index.php/ThaiJPEN,,140
B,size_age_title,Revista de Estudiantes de Terapia Ocupacional,0719-8264,mint,7407067700,,https://reto.ubo.cl/index.php/reto,CL,139
B,size_age_title,ShodhVarta,2583-8938,mint,7407067701,,https://shodhvarta.in/index.php/SVJ,IN,139
B,size_age_title,Jurnal Ilmu Komputer,2746-7163,mint_name_twin,7407067702,4210172086;4210196665,https://jurnal.pranataindonesia.ac.id/index.php/jik,ID,139
B,size_age_title,AI and Tech in Behavioral and Social Sciences,3041-9433,mint,7407067703,,https://journals.kmanpub.com/index.php/aitechbesosci,IR,139
B,size_age_title,FuturoClassico FCl,2465-0951,mint,7407067704,,https://ojs.cimedoc.uniba.it/index.php/fc,IT,139
B,size_age_title,Jurnal Kesidang,2600-7851,mint,7407067705,,https://ejournal.unimel.edu.my/index.php/JK,MY,139
B,size_age_title,EL LORO HUASTECO,2007-8587,mint,7407067706,,https://ellorohuasteco.website/index.php/elh,MX,139
B,size_age_title,The Transactions of the Nigerian Association of Mathematical Physics,1118-4752,mint,7407067707,,https://nampjournals.org.ng/index.php/tnamp,NG,139
B,size_age_title,Artes y Humanidades UNICA,1317-102X;2542-3460,mint,7407067708,,https://revistas.unicaedu.com/index.php/ahu,VE,139
B,size_age_title,Duna: Revista Multidisciplinar de Inovação e Práticas de Ensino,3086-0911,mint,7407067709,,https://wyden.periodicoscientificos.com.br/index.php/jornadacientifica,BR,138
B,size_age_title,Horizontes Históricos,2596-0377,mint,7407067710,,https://periodicos.ufs.br/HORIZONTES,BR,138
B,size_age_title,Diálogos e Diversidade,2764-0795,mint,7407067711,,https://revistas.uneb.br/index.php/rdd,BR,138
B,size_age_title,Philosophiamundi,3031-7703,mint,7407067712,,https://philosophiamundi.id/index.php/philosophia,ID,138
B,size_age_title,Improve,1979-8342,mint,7407067713,,https://ejurnal.ulbi.ac.id/index.php/improve,ID,138
B,size_age_title,Jurnal Siliwangi: Seri Pendidikan,2476-9312;2614-5790,mint,7407067714,,https://jurnal.unsil.ac.id/index.php/JSSP,ID,138
B,size_age_title,Journal of Accounting Theory and Practice,2522-106X;2710-5210,mint,7407067715,,https://journal.num.edu.mn/accounting,MN,138
B,size_age_title,Revue Turjumān,1113-1292,mint,7407067716,,https://revues.imist.ma:443/index.php/Turjuman,MA,138
B,size_age_title,International Journal of Engineering and Applied Physics,2737-8071,mint,7407067717,,http://ijeap.org/index.php/ijeap,MA,138
B,size_age_title,COOU Journal of Educational Research,2682-5201,mint,7407067718,,https://www.cooujer.com/index.php/COOUJER,NG,138
B,national_list,Thailand Journal of Traditional Chinese Medicine,2822-0145;2822-0153,mint,7407067719,,https://he01.tci-thaijo.org/index.php/TJTCM,TH,138
B,national_list,SciTech Research Journal,3057-0077,mint,7407067720,,https://ph02.tci-thaijo.org/index.php/jstrmu,TH,138
B,national_list,Institute of Vocational Education Southern Region 3 Journal (KRIS Journal),3027-8988;3027-8996,mint,7407067721,,https://so08.tci-thaijo.org/index.php/KRIS,TH,138
B,size_age_title,"Ash-sharq: Bulletin of the Ancient Near East – Archaeological, Historical and Societal Studies",2513-8529;2514-1732,mint,7407067722,,https://archaeopresspublishing.com/ojs/index.php/ash-sharq,GB,138
B,size_age_title,Minnesota Undergraduate Research & Academic Journal,2578-9996,mint,7407067723,,https://pubs.lib.umn.edu/index.php/muraj,US,138
B,size_age_title,Revista Científica Sophia,2176-2511;2317-3270,mint,7407067724,,https://ojs.avantis.edu.br/index.php/sophia,BR,137
B,size_age_title,ANAIS DO SEMINÁRIO DE POLÍTICAS PÚBLICAS E INTERSECCIONALIDADES,2764-4758,mint,7407067725,,https://ceeinter.com.br/ojs3/index.php/anaisseminariodepoliticaspublica,BR,137
B,size_age_title,Anais Estendidos do Simpósio Brasileiro de Engenharia de Sistemas Computacionais (SBESC),2763-9002,mint,7407067726,,https://sol.sbc.org.br/index.php/sbesc_estendido,BR,137
B,size_age_title,Indonesian Journal of Multidisciplinary Scientific Studies,2988-7046,mint,7407067727,,https://ojs.staira.ac.id/index.php/IJOMSS,ID,137
B,size_age_title,Proceeding of International Conference on Social Sciences and Education,2775-8818,mint,7407067728,,https://proceeding.uns.ac.id/index.php/icsse,ID,137
B,size_age_title,Cakrawala Kesehatan : Kumpulan Jurnal Kesehatan,2087-4944;2655-1829,mint,7407067729,,https://e-jurnal.anugerahbintan.ac.id/index.php/ck,ID,137
B,size_age_title,Jurnal Planesa (Planologi),2087-2151,mint,7407067730,,https://ejurnal.esaunggul.ac.id/index.php/planesa,ID,137
B,size_age_title,Jurnal Ilmiah SMART,2549-5836,mint,7407067731,,https://ejournal.stmb-multismart.ac.id/index.php/JMBA,ID,137
B,size_age_title,Widyasrama,0852-7768,mint,7407067732,,https://ejournal.undwi.ac.id/index.php/widyasrama,ID,137
B,size_age_title,Covenant Journal of Entrepreneurship,2682-5376;2682-5384,mint,7407067733,,https://journals.covenantuniversity.edu.ng/index.php/cjoe,NG,137
B,size_age_title,Journal of Curriculum and Instruction,0794-4543,mint_name_twin,7407067734,39477948,https://www.jci-ilorin.org.ng/index.php/jci,NG,137
B,size_age_title,Inventum Biologicum: An International Journal of Biological Research,3008-6280,mint,7407067735,,https://journals.worldbiologica.com/ib,RO,137
B,national_list,CUAST Journal,1686-7777,mint,7407067736,,https://so19.tci-thaijo.org/index.php/CUASTJournal,TH,137
B,national_list,RPU Journal of Business Administration,2821-9872,mint,7407067737,,https://so03.tci-thaijo.org/index.php/RPUBAJOURNAL,TH,137
B,national_list,"Journal of Social Science, Law and Politics",2985-2099;2985-2102,mint,7407067738,,https://so02.tci-thaijo.org/index.php/Lawpol_Journal,TH,137
B,size_age_title,PhyDid A - Physik und Didaktik in Schule und Hochschule,1865-5521,link_issnless_namesake,4306522484,4306522484,http://phydid.physik.fu-berlin.de/index.php/phydid,DE,136
B,size_age_title,INFO BRMP Veteriner,3110-2069,mint,7407067739,,https://epublikasi.pertanian.go.id/berkala/index.php/infosiv,ID,136
B,size_age_title,Prosiding Seminar Nasional,2798-8805,held_name_issnless,,4306524630;4306524629,https://journal.perbanas.id/index.php/psn,ID,136
B,size_age_title,Jurnal Kreatif Online,1410-4741;2354-614X,link_issnless_namesake,4306516875,4306516875,https://jurnalfkipuntad.com/index.php/jko,ID,136
B,size_age_title,"Global Journal of Education, Humanities & Management Sciences",2705-2486;2705-2494,mint,7407067740,,http://gojehms.com/index.php/GOJEHMS,NG,136
B,size_age_title,Journal of Communication and Culture (JCC),2141-2758;2795-2983,mint,7407067741,,https://www.icidr.org.ng/index.php/Jcc,NG,136
B,national_list,Thai AIDS Journal,2985-0371,mint,7407067742,,https://he02.tci-thaijo.org/index.php/ThaiAIDSJournal,TH,136
B,size_age_title,Revista Educação Geográfica em Foco,2526-6276,mint,7407067743,,https://periodicos.puc-rio.br/revistaeducacaogeograficaemfoco,BR,135
B,size_age_title,Nova Hileia | Revista Eletrônica de Direito Ambiental da Amazônia. ISSN: 2525 – 4537,2525-4537,mint,7407067744,,https://periodicos.uea.edu.br/index.php/novahileia,BR,135
B,size_age_title,e-Revista Facitec,1981-3511,mint,7407067745,,https://estacio.periodicoscientificos.com.br/index.php/e-revistafacitec,BR,135
B,size_age_title,Documentos,0100-8986,mint_name_twin,7407067746,4393917670,https://publicacoes.epagri.sc.gov.br/DOC,BR,135
B,size_age_title,ACORDES,1390-941X;2737-6001,mint,7407067747,,https://publicaciones.ucuenca.edu.ec/ojs/index.php/acordes,EC,135
B,size_age_title,"JOURNAL OF MANAGEMENT, SCIENCES, OPERATION & STRATEGIES",2456-9305,mint,7407067748,,http://journal.swaranjalipublication.co.in/index.php/JMSOS,IN,135
B,size_age_title,Soetomo Administrasi Publik,2985-9948,mint,7407067749,,https://ejournal.unitomo.ac.id/index.php/sap,ID,135
B,size_age_title,Jurnal Keperawatan GSH,2088-2734;2964-156X,link_issnless_namesake,4306516855,4306516855,https://jurnal.akpergshwng.ac.id/index.php/kep,ID,135
B,size_age_title,El-Hikmah: Jurnal Ilmu Dakwah dan Komunikasi,1979-4967;2656-5749,mint,7407067750,,https://jurnal.alhikmah.ac.id/index.php/elhikmah,ID,135
B,size_age_title,Akselerator : Jurnal Sains Terapan dan Teknologi,2541-1268;2721-7779,mint,7407067751,,https://jurnal.ubd.ac.id/index.php/aksel,ID,135
B,size_age_title,Jurnal Pendidikan Matematika dan Matematika SOLUSI,2614-0357,link_issnless_namesake,4306517014,4306517014,https://jurnal.uns.ac.id/JMMS,ID,135
B,size_age_title,JMAN Jurnal Mahasiswa Ilmu Administrasi Negara,2615-8825,mint,7407067752,,https://jom.untidar.ac.id/index.php/jman,ID,135
B,size_age_title,The Libyan Journal of Science,0368-7481;2521-3822,mint,7407067753,,https://uot.edu.ly/journals/index.php/ljs,LY,135
B,size_age_title,Pakistan Journal of Economic Studies (PJES),2708-1478;2708-1486,mint,7407067754,,https://journals.iub.edu.pk/index.php/pjes,PK,135
B,size_age_title,Southeast Asian Interdisciplinary Research Journal,2244-2456,mint,7407067755,,http://link.brokenshire.edu.ph/bcjournal/index.php/sair,PH,135
B,size_age_title,Ramkhamhaeng International Journal of Science and Technology,2673-0278,mint,7407067756,,https://ph02.tci-thaijo.org/index.php/RIST,TH,135
B,national_list,Advanced Science Journal,2822-0897;2822-0900,mint_name_twin,7407067757,4210178327,https://li02.tci-thaijo.org/index.php/adscij,TH,135
B,national_list,International Journal of Science and Innovative Technology,2630-0532,mint,7407067758,,https://ph01.tci-thaijo.org/index.php/IJSIT,TH,135
B,size_age_title,Revista En Bomba,2575-2650,mint,7407067759,,https://revistaenbombaalap.org/index.php/bomba,US,135
B,size_age_title,Journal of Nutrition Association of Thailand (Online),3056-9192,mint,7407067760,,https://he01.tci-thaijo.org/index.php/JNAT,,135
B,size_age_title,Revista de Direito Contemporâneo UNIDEP,2764-7587,mint,7407067761,,https://periodicosunidep.emnuvens.com.br/rdc-u,BR,134
B,size_age_title,Revista Ingeniería De Obras Civiles,0719-0514,mint,7407067762,,https://rioc.ufro.cl/index.php/rioc,CL,134
B,size_age_title,Journal of Indian Association for Environmental Management (JIAEM),0970-8480;2582-4228,mint,7407067763,,https://or.niscpr.res.in/index.php/JIAEM,IN,134
B,size_age_title,Jurnal Pengabdian Farmasi Malahayati (JPFM),2655-0679;2655-2701,mint,7407067764,,https://ejurnalmalahayati.ac.id/index.php/pengabdianfarmasi,ID,134
B,size_age_title,OFFICINA* Journal,2384-9029;2532-1218,mint,7407067765,,https://www.officinajournal.it/officina/index.php/journal,IT,134
B,size_age_title,LETRAS JURÍDICAS,1870-2155,mint,7407067766,,https://revistaletrasjuridicas.com/index.php/lj,MX,134
B,size_age_title,Sēmēion Méditerranée,2657-2516,mint,7407067767,,https://revues.imist.ma/index.php/SEMEION_MED,MA,134
B,size_age_title,"Bányászati, Kohászati és Földtani Konferencia",1842-9440;2784-093X,mint,7407067768,,http://ojs.emt.ro/index.php/bkf,RO,134
B,size_age_title,JOURNAL OF ENGINEERING AND COMPUTER SCIENCES,1658-9629,mint_name_twin,7407067769,5406959295,https://jecs.qu.edu.sa/index.php/jec,SA,134
B,national_list,Journal of Industrial Business Administration,2697-3715;2697-3723,mint,7407067770,,https://so03.tci-thaijo.org/index.php/iba,TH,134
B,national_list,International Journal of Multidisciplinary in Management and Tourism,2730-3306,mint,7407067771,,https://so03.tci-thaijo.org/index.php/ijmmt,TH,134
B,national_list,ACADEMIC JOURNAL of ARCHITECTURE,0857-2100;2651-1665,mint,7407067772,,https://so01.tci-thaijo.org/index.php/AJA,TH,134
B,size_age_title,O Comunicante,2594-3952,mint,7407067773,,https://decex.nucleoead.net/ebrevistas22/OC,,134
B,size_age_title,Anais Hidrográficos,0373-9260,mint,7407067774,,https://portaldeperiodicos.marinha.mil.br/index.php/anaishidrograficos,BR,133
B,size_age_title,Educação Sem Distância - Revista Eletrônica da Faculdade Unyleya -ISNN digital 2675-9993,2675-9993,mint,7407067775,,https://educacaosemdistancia.unyleya.edu.br/esd,BR,133
B,size_age_title,Western Undergraduate Psychology Journal,2368-9501,link_issnless_namesake,4306534723,4306534723,https://ojs.lib.uwo.ca/index.php/wupj,CA,133
B,size_age_title,Jernbanehistorie,2245-9499;2446-323X,mint,7407067776,,https://tidsskrift.dk/jernbanehistorie,DK,133
B,size_age_title,Formal Approaches to South Asian Languages,2510-2818,mint,7407067777,,https://ojs.ub.uni-konstanz.de/jsal/index.php/fasal,DE,133
B,size_age_title,Forum Marsilius-Kolleg,2196-2839,mint,7407067778,,https://journals.ub.uni-heidelberg.de/index.php/forum-mk,DE,133
B,size_age_title,Pande Nami Jurnal (PNJ),3025-051X,mint,7407067779,,https://jurnal.migascentral.com/index.php/pnj,ID,133
B,size_age_title,Journal of Community Engagement and Empowerment,2714-5735,mint,7407067780,,https://ojs.iik.ac.id/index.php/JCEE,ID,133
B,size_age_title,Himpunan: Jurnal Ilmiah Mahasiswa Pendidikan Matematika,2797-5711;2798-2750,mint,7407067781,,http://jim.unindra.ac.id/index.php/himpunan,ID,133
B,size_age_title,"Proceeding of International Conference Technology, Economics, and Social Science",3124-6087,mint,7407067782,,https://journals.adaresearch.or.id/ictess,ID,133
B,national_list,Journal of Srisuvarnabhumi Review,2985-2838,mint,7407067783,,https://so14.tci-thaijo.org/index.php/JSBR,TH,133
B,national_list,Journal of Social Religion and Culture,2822-1117,mint,7407067784,,https://so12.tci-thaijo.org/index.php/src,TH,133
B,national_list,The Journal of the Thai Khadi Research Institute,2985-0576;2985-0584,mint,7407067785,,https://so06.tci-thaijo.org/index.php/thaikhadijournal,TH,133
B,size_age_title,Scientific Reports in Life Sciences,2718-1014,mint,7407067786,,https://www.scientific-reports.com/index.php/srls,TR,133
B,size_age_title,Revista Brasileira de Reabilitação e Atividade Física,2238-5428,mint,7407067787,,https://estacio.periodicoscientificos.com.br/index.php/rbraf,BR,132
B,size_age_title,Maiêutica - Estudos Contemporâneos em Gestão Organizacional,2525-8346,mint,7407067788,,https://publicacao.uniasselvi.com.br/index.php/GESTAO_EaD,BR,132
B,size_age_title,Video,1027-2135,mint,7407067789,,http://revistas.ucpejv.edu.cu/index.php/rVid,CU,132
B,size_age_title,Takaya,3108-9232,mint,7407067790,,https://jurnal.unissula.ac.id/index.php/takaya,ID,132
B,size_age_title,Jurnal Pendidikan Sains dan Teknologi Terapan | E-ISSN : 3031-7983,3031-7983,mint,7407067791,,https://jurnal.kopusindo.com/index.php/jpst,ID,132
B,size_age_title,Jurnal Mahasiswa Karakter Bangsa,2809-5057;2809-5154,mint,7407067792,,https://openjournal.unpam.ac.id/index.php/JMKB,ID,132
B,size_age_title,Jurnal Agriflora,2549-757X,mint,7407067793,,https://jurnal.abulyatama.ac.id/index.php/agriflora,ID,132
B,size_age_title,Benin Journal of Educational Studies,0189-2819,mint,7407067794,,https://beninjes.com/index.php/bjes,NG,132
B,size_age_title,AL-USWAH Research Journal,2790-8763;2790-8771,mint,7407067795,,https://idr.org.pk/ojs3308/index.php/aluswa,PK,132
B,national_list,Jayaphruekpirom Journal,2985-217X,mint,7407067796,,https://so16.tci-thaijo.org/index.php/JPPJ,TH,132
B,national_list,Huachiew Chalermprakiet Science and Technology Journal,2985-1653,mint,7407067797,,https://ph02.tci-thaijo.org/index.php/scihcu,TH,132
B,size_age_title,Journal of Prajna Ashram,2774-0986;2774-0994,mint,7407067798,,https://so09.tci-thaijo.org/index.php/jpar,TH,132
B,size_age_title,Advanced Journal of Professional Practice,2059-3198,mint,7407067799,,https://journals.kent.ac.uk/index.php/ajpp,GB,132
B,size_age_title,Web Revista Página de Debates: Questões de Linguística e Linguagem,1984-5227,mint,7407067800,,http://ojs.pantanaleditoraelivraria.com.br/index.php/linguisticalinguagem,BR,131
B,size_age_title,XIII MOSTRA CIENTÍFICA DE AÇÕES EXTENSIONISTAS E RESPONSABILIDADE SOCIAL,2596-2779,mint,7407067801,,https://anais.unievangelica.edu.br/index.php/extensao,BR,131
B,size_age_title,Revista Espirales,2346-3074,link_issnless_namesake,4306527324,4306527324,https://revistas.unicartagena.edu.co/index.php/espirales,CO,131
B,size_age_title,Revista Mundo Financiero,2773-7357,mint,7407067802,,https://mundofinanciero.indecsar.org/revista/index.php/munfin,EC,131
B,size_age_title,International Journal of Economics and Management Sciences,2823-9350,mint_name_twin,7407067803,4404676746;2764456003,https://ijemsjournal.com/index.php/home,FR,131
B,size_age_title,"Proceeding of International Conference on Biology Education, Natural Science, and Technology",3026-5428,mint,7407067804,,https://proceedings.ums.ac.id/index.php/incobest,ID,131
B,size_age_title,Jurnal Teknologi,1693-9522,mint_name_twin,7407067805,4210196378;4210186278;4210210056;4210230876;4210239273;4387286474;4404664074,https://ejurnal.undana.ac.id/index.php/jurnal_teknologi,ID,131
B,size_age_title,Jurnal Kesehatan Pertiwi,2477-4723;2716-4004,mint,7407067806,,https://journals.poltekesbph.ac.id/index.php/pertiwi,ID,131
B,size_age_title,"EDUCAFOCO - Educação, pesquisa e formação continuada - Revista eletrônica interdisciplinar e internacional do Programa de Pós-graduação, pesquisa e extensão do Centro Universitário Ítalo Brasileiro.",2763-7573,mint,7407067807,,https://educafoco.italo.br/index.php/educafoco,BR,130
B,size_age_title,RECIEC - Revista Científica de Engenharia Civil,2965-1212,mint,7407067808,,https://anais.unievangelica.edu.br/index.php/reciec,BR,130
B,size_age_title,Infometric@ - Serie Sociales y Humanas,2619-3272,mint,7407067809,,https://infometrica.org/index.php/ssh,CO,130
B,size_age_title,Jurnal Ilmiah Widya Pustaka Pendidikan,2337-4500,mint,7407067810,,https://jiwpp.unram.ac.id/index.php/widya,ID,130
B,size_age_title,Prosiding Bali Dwipantara Waskita: Seminar Nasional Republik Seni Nusantara,2808-795X;2808-7992,mint,7407067811,,https://eproceeding.isibali.ac.id/index.php/bdw,ID,130
B,size_age_title,Darussalam Indonesian Journal of Nursing and Midwifery,2828-1292;2828-1837,mint,7407067812,,https://jurnal.sdl.ac.id/index.php/dij,ID,130
B,size_age_title,Soetomo Magister Ilmu Administrasi,2986-0822,mint,7407067813,,https://ejournal.unitomo.ac.id/index.php/smia,ID,130
B,size_age_title,Dioniso. Rivista di studi sul teatro antico,1824-0240,mint,7407067814,,https://www.journal.edizioniets.eu/index.php/dioniso,IT,130
B,size_age_title,ShahidiHub International Journal of Theology & Religious Studies,2788-9661;2788-967X,mint,7407067815,,https://shahidihub.org/index.php/ijtrs,KE,130
B,size_age_title,"Journal of Integrated Studies In Economics, Law, Technical Sciences & Communication",2737-808X;2737-8276,mint,7407067816,,https://revues.imist.ma/index.php/JISELSC,MA,130
B,size_age_title,Frontiers in Science and Engineering,2028-7615,held_name_issnless,,4363607312;4387280314,https://revues.imist.ma/index.php/fsejournal,MA,130
B,size_age_title,TALA: An Online Journal of History,2651-7108,mint,7407067817,,https://talakasaysayan.org/index.php/talakasaysayan,PH,130
B,national_list,Defence Technology Academic Journal,2651-0669;2822-1206,mint,7407067818,,https://sc01.tci-thaijo.org/index.php/dtaj,TH,130
B,national_list,RMUTK Journal of Liberal Arts,3027-6241;3027-625X,mint,7407067819,,https://so02.tci-thaijo.org/index.php/larts-journal,TH,130
B,national_list,"FOYER: The Journal of Humanities, Social Sciences, and Education",3056-9389,mint,7407067820,,https://so02.tci-thaijo.org/index.php/lajournal,TH,130
B,size_age_title,ASEAN Journal of Religious and Cultural Research,2587-0017,mint,7407067821,,https://so02.tci-thaijo.org/index.php/ajrcr,TH,130
B,size_age_title,Mosaico: Estudos em Psicologia,1982-1913;1982-5471,mint,7407067822,,https://periodicos.ufmg.br/index.php/mosaico,BR,129
B,size_age_title,REVISTA PSIPRO,2763-8200,mint,7407067823,,https://www.revistapsipro.com/index.php/psipro,BR,129
B,size_age_title,Heterotopías,2619-1857;2665-1076,mint_name_twin,7407067824,7407057250,https://revistas.unimagdalena.edu.co/index.php/heterotopias,CO,129
B,size_age_title,JPS: Journal of Publicness Studies,3047-4019,mint,7407067825,,https://jurnal.fisip.untad.ac.id/index.php/jps,ID,129
B,size_age_title,"Proceedings of Femfest International Conference on Economics, Management, and Business",3026-3549,mint,7407067826,,https://ejournal.unida.gontor.ac.id/index.php/FICCOMSS,ID,129
B,size_age_title,Journal of Medical Record Student (JMeRS),3089-509X,mint,7407067827,,https://journal.piksi.ac.id/index.php/jmers,ID,129
B,size_age_title,Diponegoro Private Law Review,2598-2354,mint,7407067828,,https://ejournal2.undip.ac.id/index.php/dplr,ID,129
B,size_age_title,CYBER-TECHN,1907-9044;2614-882X,mint,7407067829,,https://jurnal.stt-pomosda.ac.id/index.php/cybertechn,ID,129
B,size_age_title,Annals of Clinical Sciences,2545-5419;3026-9814,mint,7407067830,,https://acsjournal.lasucom.edu.ng/index.php/acs,NG,129
B,size_age_title,SPISS,1891-490X;1893-2487,mint,7407067831,,https://boap.uib.no/index.php/spiss,NO,129
B,national_list,Journal of Science and Technology Buriram Rajabhat University (Online),2774-0757;2774-0838,mint,7407067832,,https://ph02.tci-thaijo.org/index.php/scibru,TH,129
B,size_age_title,Cadernos de Estudos Interdisciplinares,2359-6252,mint,7407067833,,https://publicacoes.unifal-mg.edu.br/revistas/index.php/cei,BR,128
B,size_age_title,Retos Turísticos,1681-9713;2224-7947,link_issnless_namesake,4306525955,4306525955,https://retosturisticos.umcc.cu/index.php/retosturisticos,CU,128
B,size_age_title,BATAKARANG,2747-0512;2747-0520,mint,7407067834,,https://jurnalbatakarang.ptbundana.org/index.php/batakarang,ID,128
B,size_age_title,E-Prosiding Seminar Nasional Manajemen dan Akuntansi STIE Semarang (SENMAS),2797-1759,mint,7407067835,,https://eprosiding.stiesemarang.ac.id/index.php/SNMAS,ID,128
B,size_age_title,Italian Journal of Pediatric Allergy and Immunology,3035-4757;3035-4765,mint,7407067836,,http://rivistepacini-ojs.archicoop.it/RIAP,IT,128
B,size_age_title,Al-Kashaf,2790-8798;2790-8801,mint,7407067837,,https://alkashaf.pk/index.php/Journal,PK,128
B,size_age_title,Journal of Thai Ombudsman,3027-7582;3027-7590,mint,7407067838,,https://so04.tci-thaijo.org/index.php/ombudsman,TH,128
B,size_age_title,The Journal of Risale-i Nur Studies,2636-8897;2791-9927,mint,7407067839,,https://thejrns.org/index.php/thejrns,TR,128
B,size_age_title,Revista Brasileira de Futebol,1983-7194,mint,7407067840,,https://periodicos.ufv.br/rbf,BR,127
B,size_age_title,Prosiding Seminar Nasional Lembaga Penelitian Dan Pendidikan (LPP) Mandala,2623-0291;2623-2774,mint,7407067841,,https://ejournal.mandalanursa.org/index.php/ProsEko,CY,127
B,size_age_title,"Management, Economics, Trade, and Accounting Journal (META-JOURNAL)",3031-0938,mint,7407067842,,https://abadiinstitute.org/index.php/META,ID,127
B,size_age_title,Ekosains,1979-7826,link_issnless_namesake,4306509046,4306509046,https://jurnal.uns.ac.id/ekosains,ID,127
B,size_age_title,Jurnal Ekonomi dan Bisnis Nias Selatan,2580-7994;2746-3745,mint,7407067843,,https://jurnal.uniraya.ac.id/index.php/JEB,ID,127
B,size_age_title,Jurnal Dewantara,2527-399X;2541-609X,link_issnless_namesake,4306516630,4306516630,https://ejournal.iqrometro.co.id/index.php/pendidikan,ID,127
B,size_age_title,Nigerian Journal Of Curriculum Studies,0189-9465,mint,7407067844,,https://ezenwaohaetorc.org/journals/index.php/NJCS,NG,127
B,size_age_title,Revista Memória Rural,2184-3880,mint,7407067845,,https://museudamemoriarural.pt/revistamemoriarural/index.php/revista,PT,127
B,size_age_title,Wisdom Journal of Humanities and Social Sciences,3056-9923,mint,7407067846,,https://so19.tci-thaijo.org/index.php/WJHS,TH,127
B,size_age_title_other_script,วารสารมหาจุฬาตานี ปริทรรศน์ มหาวิทยาลัยมหาจุฬาลงกรณราชวิทยาลัย,2697-3936;2697-4177,mint,7407067847,,https://so02.tci-thaijo.org/index.php/mcupnpbcr,TH,127
B,national_list,Journal of science and technology RMUTSB,2586-8101;2697-6447,mint,7407067848,,https://ph03.tci-thaijo.org/index.php/JSciTech,TH,127
B,size_age_title,Kadirli Uygulamalı Bilimler Fakültesi Dergisi,2791-9102,mint,7407067849,,https://kadirliubfd.com/index.php/kubfd,TR,127
B,size_age_title,CÉFIRO,2408-4638;2422-7692,mint,7407067850,,http://www.publicacionesperiodicas.unm.edu.ar/ojs/index.php/cefiro,AR,126
B,size_age_title,Cadernos Eletrônicos Direito Internacional sem Fronteiras,2675-2514,mint,7407067851,,https://www.cadernoseletronicosdisf.com.br/index.php/cedisf,BR,126
B,size_age_title,Progaleno,2707-9139,mint,7407067852,,https://revprogaleno.sld.cu/index.php/progaleno,CU,126
B,size_age_title,Journal of Community Service and Engagement,2807-5633,mint_name_twin,7407067853,5407054897,http://jocosae.org/index.php/jocosae,ID,126
B,size_age_title,La Revue Marocaine de la Pensée Contemporaine,2605-6488,mint,7407067854,,https://revues.imist.ma/index.php/RMPC,MA,126
B,size_age_title,International Journal of Information Science and Technology,2550-5114,mint,7407067855,,https://www.innove.org/ijist/index.php/ijist,MA,126
B,size_age_title,Journal of Basic Physical Research,2141-8403;2141-8411,mint,7407067856,,https://journals.unizik.edu.ng/index.php/jbpr,NG,126
B,size_age_title,Savant Journal of Social Sciences,3027-7531,mint,7407067857,,https://so16.tci-thaijo.org/index.php/SJ_SS,TH,126
B,national_list,INTERNATIONAL SCIENTIFIC JOURNAL OF ENGINEERING AND TECHNOLOGY (ISJET),2586-8527,mint,7407067858,,https://ph02.tci-thaijo.org/index.php/isjet,TH,126
B,national_list,Journal of Modern Management Science,2408-2619;2673-0367,mint,7407067859,,https://so03.tci-thaijo.org/index.php/JMMS,TH,126
B,size_age_title,Revista Estudios de Lenguas - RELEN,2618-4222,mint,7407067860,,https://portalderevistas.unsa.edu.ar/index.php/Relen,AR,125
B,size_age_title,Access: Critical explorations of equity in higher education,2653-245X,mint,7407067861,,https://novaojs.newcastle.edu.au/ceehe/index.php/iswp,AU,125
B,size_age_title,Revista Paata Eeseru em Turismo - e-ISSN 2966-2206,2966-2206,mint,7407067862,,https://periodicos.ifrr.edu.br/index.php/PET,BR,125
B,size_age_title,Revista de la Escuela de Estudios de Postgrado,2518-4725;2706-9508,mint,7407067863,,https://revistasguatemala.usac.edu.gt/index.php/reep,GT,125
B,size_age_title,ECOJURNAL - Jurnal Eco Unita,2337-6503,mint,7407067864,,https://ecojurnal.usxiitapanuli.ac.id/index.php/ej,ID,125
B,size_age_title,Buletin Ekonomi,1410-3842,mint,7407067865,,https://ejournal.uki.ac.id/index.php/beuki,ID,125
B,size_age_title,Personae. Scenari e prospettive pedagogiche,2974-9050,mint,7407067866,,https://ojs.cimedoc.uniba.it/index.php/personae,IT,125
B,size_age_title,FUOYE JOURNAL OF FINANCE AND CONTEMPORARY ISSUES,2805-3664;2814-1733,mint,7407067867,,http://fjfci.fuoye.edu.ng/index.php/fjfci,NG,125
B,size_age_title,Institute of Sufficiency Journal,3027-8023,mint,7407067868,,https://so16.tci-thaijo.org/index.php/IS-J,TH,125
B,national_list,Academic Journal of Management Technology,3027-8317,mint,7407067869,,https://so03.tci-thaijo.org/index.php/jomt,TH,125
B,national_list,Sukhothai Thammathirat Open University Journal,0857-6955;2697-374X,mint,7407067870,,https://so05.tci-thaijo.org/index.php/stouj,TH,125
B,national_list,Journal of Public Health and Innovation,2773-899X;2773-9112,mint,7407067871,,https://he01.tci-thaijo.org/index.php/J-PHIN,,125
B,size_age_title,Agriculture and Forestry Journal,2602-5795;2773-3122,mint,7407067872,,https://journals.univ-tlemcen.dz/AFJ/index.php/AFJ,DZ,124
B,size_age_title,NUEVA CRÍTICA PENAL,2525-0620,mint,7407067873,,https://revista.criticapenal.com.ar/index.php/nuevacriticapenal,AR,124
B,size_age_title,Anais do Congresso Regional de Emergências Médicas (CREMED-CO),2595-1181,mint,7407067874,,https://periodicos.univag.com.br/index.php/cremed,BR,124
B,size_age_title,Seminário de Pesquisa sobre Migração,2965-5773,mint,7407067875,,https://portaleventos.uffs.edu.br/index.php/spm,BR,124
B,size_age_title,AMBIENTES EM MOVIMENTO,2764-3034,mint,7407067876,,https://ojs.sites.ufsc.br/index.php/am,BR,124
B,size_age_title,Anais do Práxis Itinerante,2966-408X,mint,7407067877,,https://anais.uel.br/portal/index.php/praxis,BR,124
B,size_age_title,Berliner Blätter,1434-0542;2702-2536,mint,7407067878,,https://berliner-blaetter.de/index.php/blaetter,DE,124
B,size_age_title,Interdisciplinary and Multidisciplinary Studies: Conference Series,2987-3649;2987-5439,mint,7407067879,,https://proceeding.uns.ac.id/index.php/imscs,ID,124
B,size_age_title,Pengabdian Deli Sumatera,2827-8615,mint,7407067880,,https://www.jurnal.unds.ac.id/index.php/pds,ID,124
B,size_age_title,Jurnal Pengabdian Komunitas,2963-7457,mint,7407067881,,https://jurnalpengabdiankomunitas.com/index.php/pengabmas,ID,124
B,size_age_title,Jurnal Anadara Pengabdian Kepada Masyarakat,2657-0351;2685-2179,mint,7407067882,,https://jurnal.una.ac.id/index.php/anadara,ID,124
B,size_age_title,Paideutika,1974-6814;2785-566X,mint,7407067883,,https://journals.publicknowledgeproject.org/default/index.php/paideutika,IT,124
B,size_age_title,Selangor Humaniora Review,2672-7463,mint,7407067884,,https://share.journals.unisel.edu.my/index.php/share,MY,124
B,size_age_title,DE IURE,2954-4955,mint_name_twin,7407067885,4404661607,https://revistas.uaz.edu.mx/index.php/deiure,MX,124
B,size_age_title,Perspectivas Sociales,2007-9265,mint,7407067886,,https://perspectivassociales.uanl.mx/index.php/pers,MX,124
B,size_age_title,ALDEBAL,2415-5500,mint,7407067887,,https://aldebal.com/index.php/aldebal,PK,124
B,size_age_title,Methodist Review,1946-5254,mint,7407067888,,https://methodistreview.org/index.php/mr,US,124
B,size_age_title,Comahue: nuestra región,2591-3018,mint,7407067889,,https://revele.uncoma.edu.ar/index.php/comahue,AR,123
B,size_age_title,Revista Argentina de Comunicación,2718-6164,mint,7407067890,,https://fadeccos.ar/revista/index.php/rac,AR,123
B,size_age_title,ANAIS DO CONGRESSO INTERNACIONAL DE DIREITOS HUMANOS E NOVOS PARADIGMAS,2965-5560,mint,7407067891,,https://revista.unifatecie.edu.br/index.php/congressodireito,BR,123
B,size_age_title,UFF & Sociedade,2965-6877,mint,7407067892,,https://periodicos.uff.br/uffsociedade,BR,123
B,size_age_title,DADO(S) DE ÁFRICA(S),2675-7699,mint,7407067893,,https://revistas.uneb.br/index.php/dadosdeafricas,BR,123
B,size_age_title,Journal of Research in Multidisciplinary Methods and Applications,2957-3920;3007-7060,mint,7407067894,,http://www.satursonpublishing.com/jrmma,CN,123
B,size_age_title,Experiencias Investigativas y Significativas,2422-0280,mint,7407067895,,https://revistaeis.iejuliussieber.edu.co/index.php/Exp-inv,CO,123
B,size_age_title,Sociología y Política HOY,2600-593X,mint,7407067896,,https://revistadigital.uce.edu.ec/index.php/hoy,EC,123
B,size_age_title,Jurnal Dharma Jnana,2776-6535,mint,7407067897,,https://e-journal.unmas.ac.id/index.php/dharmajnana,ID,123
B,size_age_title,Point of View Research Management,2722-791X,mint,7407067898,,https://journal.accountingpointofview.id/index.php/POVREMA,ID,123
B,size_age_title,Manumata: Jurnal Ilmu Teknik,2087-5703;3025-6909,mint,7407067899,,https://ojs.ukim.ac.id/index.php/manumata,ID,123
B,size_age_title,Management & Accounting Research Journal Global,2540-959X,mint,7407067900,,https://jurnal.ikbis.ac.id/index.php/global,ID,123
B,size_age_title,UNIZIK Journal of Marketing,3092-8923,mint,7407067901,,https://journals.unizik.edu.ng/index.php/ujofm,NG,123
B,size_age_title,The Melting Pot,2504-8880,mint,7407067902,,https://journals.aphriapub.com/index.php/TMP,NG,123
B,size_age_title,New Horizons,1992-4399;2521-2559,mint_name_twin,7407067903,4393916866,https://greenwichjournals.com/index.php/NH,PK,123
B,national_list,Aksara Pibul Journal,3027-6144;3027-8651,mint,7407067904,,https://so02.tci-thaijo.org/index.php/APBJ,TH,123
B,size_age_title,Docentes Conectados,2618-2912,mint,7407067905,,https://docentesconectados.unsl.edu.ar/index.php/dc,AR,122
B,size_age_title,Revista Fronteira Digital,2236-2991,mint,7407067906,,https://periodicos.unemat.br/index.php/fronteiradigital,BR,122
B,size_age_title,Humanidades em Perspectivas,2674-8428,link_issnless_namesake,4306512460,4306512460,https://www.revistasuninter.com/revista-humanidades/index.php/revista-humanidades,BR,122
B,size_age_title,Atacama Journal of Health Sciences,2735-7635,mint,7407067907,,http://salud.uda.cl/ajhs/index.php/ajhs,CL,122
B,size_age_title,Biomaterials Journal,2812-5045,mint,7407067908,,https://biomatj.com/ojs/index.php/main,EG,122
B,size_age_title_other_script,Άθληση και Κοινωνία,2459-4024,mint,7407067909,,https://ojs.staff.duth.gr/index.php/ExSoc,GR,122
B,size_age_title,UJoST- Universal Journal of Science and Technology,2962-9179,mint,7407067910,,http://ujost.org/index.php/journal,ID,122
B,size_age_title,REKOGNISI : Jurnal Pendidikan dan Kependidikan (E-ISSN 2599-2260),2527-5259;2599-2260,mint,7407067911,,https://jurnal.unusu.ac.id/index.php/rekognisi,ID,122
B,size_age_title,Point of View Research Economic Development,2722-7944,mint,7407067912,,https://journal.accountingpointofview.id/index.php/POVRED,ID,122
B,size_age_title,Digiti. Rivista manoscritta,3035-2843,mint,7407067913,,https://teseo.unitn.it/digiti,IT,122
B,size_age_title,Iconocrazia,2240-760X,mint,7407067914,,https://ojs.uniba.it/index.php/icon,IT,122
B,size_age_title,Jurnal ILMI,2600-7371,mint,7407067915,,https://ejournal.unimel.edu.my/index.php/JILMI,MY,122
B,size_age_title,"Innovation, Technologies, Education et Communication",2737-8195,mint,7407067916,,http://itec.ump.ma/index.php/itec,MA,122
B,size_age_title,Journal of Analytical Sciences and Applied Biotechnology,2665-8488,mint,7407067917,,https://revues.imist.ma/index.php/JASAB,MA,122
B,size_age_title,"Cascades, Journal of the Department of French & International Studies",2992-2992;2992-3670,mint,7407067918,,https://cascadesjournal.com/index.php/cascades,NG,122
B,size_age_title,PAKISTAN,1990-6579;2706-6177,mint,7407067919,,https://pscjournal.pk/index.php/pakistan,PK,122
B,size_age_title,Kashmir Economic Review,1011-081X;2706-9516,mint,7407067920,,https://ker.org.pk/index.php/ker,PK,122
B,size_age_title,Al-Dalili,2788-4627;2788-4635,mint,7407067921,,https://aldalili.com/index.php/dalili,PK,122
B,size_age_title,Polish-Jewish Studies,2719-4086;2957-1413,mint,7407067922,,https://czasopisma.ipn.gov.pl/index.php/pjs,PL,122
B,size_age_title,Tudomány- és Technikatörténeti Konferencia – TTK,2360-4255;2734-732X,mint,7407067923,,http://ojs.emt.ro/index.php/TTK,RO,122
B,size_age_title,"Journal of Agriculture, Food, Environment and Animal Sciences",2757-5659,mint,7407067924,,https://www.jafeas.com/index.php/j1,TR,122
B,size_age_title,Red FACE Habla,3072-7553,mint,7407067925,,https://portalderevistas.unsa.edu.ar/index.php/face,AR,121
B,size_age_title,Revista Difusão,2527-032X;2965-1638,mint,7407067926,,https://revistas.ifetpr.edu.br/difusao,BR,121
B,size_age_title,JURNAL TEKNIK MESIN,2087-3832;3089-1965,held_name_issnless,,4306517160;4390297091;4210184241;4210188939;4210202528;4210235415;4220650929;4210178679,https://jurnal.ubl.ac.id/index.php/JTM,ID,121
B,size_age_title,Adil : Jurnal Hukum STIH YPM,2477-6211;2747-2965,mint,7407067927,,https://adil.stihypm.ac.id/index.php/ojs,ID,121
B,size_age_title,Jurnal Madako Education,2580-3522,mint,7407067928,,https://ojs.umada.ac.id/index.php/jme,ID,121
B,size_age_title,Journal of Psychopathology,2499-6904,enrich,2764927246,,http://rivistepacini-ojs.archicoop.it/PSY,IT,121
B,size_age_title,Estancias,2954-3568;2954-3576,mint,7407067929,,https://revistas.uaq.mx/index.php/estancias,MX,121
B,size_age_title,Erevna: Journal of Linguistics and Literature,2521-5078;2709-8621,mint,7407067930,,https://journals.au.edu.pk/ojserevna/index.php/erevna,PK,121
B,size_age_title_other_script,مجلة التجديد العربي,2697-2026;2792-7369,mint,7407067931,,https://journals.arabicrenewal.org/index.php/arig,ES,121
B,size_age_title,STOU Academic Journal of Research and Innovation (Humanities and Social Science),3057-1626,mint,7407067932,,https://so04.tci-thaijo.org/index.php/InnovationStou,TH,121
B,national_list,Journal of Humanities and Social Sciences Loei Rajabhat University,3088-1919,mint,7407067933,,https://so01.tci-thaijo.org/index.php/husolru,TH,121
B,national_list,Journal of Health Sciences and Pedagogy,2985-1602,mint,7407067934,,https://he02.tci-thaijo.org/index.php/JHSP,TH,121
B,national_list,NIDA Business Journal,1905-6826;2822-0595,mint,7407067935,,https://so10.tci-thaijo.org/index.php/NIDABJ,TH,121
B,size_age_title,Victorian Network,2042-616X,mint,7407067936,,https://www.victoriannetwork.org/index.php/vn,GB,121
B,size_age_title,Investigación + Acción,1850-1117;2250-818X,mint,7407067937,,https://revistasfaud.mdp.edu.ar/ia,AR,120
B,size_age_title,Web Revista Discursividade: Estudos Linguísticos,1983-6740,mint,7407067938,,http://ojs.pantanaleditoraelivraria.com.br/index.php/discursividade,BR,120
B,size_age_title,Revista Campo Minado - Estudos Acadêmicos em Segurança Pública,2763-5341,mint,7407067939,,https://periodicos.uff.br/index.php/campominado,BR,120
B,size_age_title,Revista Scientia Rural - ISSN 2178-3608,2178-3608,mint,7407067940,,https://phantomstudio.com.br/index.php/ScientiaRural,BR,120
B,size_age_title,Revista de Engenharia da Universidade Católica de Petrópolis,1678-5738;2318-0692,mint,7407067941,,https://seer.ucp.br/seer/index.php/REVCEC,BR,120
B,size_age_title,PROSIDING SEMINAR NASIONAL HASIL PENELITIAN KELAUTAN DAN PERIKANAN,2987-5587,mint,7407067942,,https://semnas.bpfp-unib.com/index.php/semnaskel,ID,120
B,size_age_title,Jurnal Pendidikan Refleksi,2301-4407;2798-544X,mint,7407067943,,https://p3i.my.id/index.php/refleksi,ID,120
B,size_age_title,"Journal of Social, Culture, and Language",2961-9114,mint,7407067944,,https://journal.trunojoyo.ac.id/jscl,ID,120
B,size_age_title,Jurnal Kesehatan Lentera Acitya,2356-3028;2656-3495,mint,7407067945,,https://lppmfatimaparepare.org/index.php/acitya,ID,120
B,size_age_title,VALUTA,2502-1419;2622-6081,mint,7407067946,,https://journal.uir.ac.id/index.php/valuta,ID,120
B,size_age_title,Jurnal Keperawatan Notokusumo,2338-4514;2808-1781,mint,7407067947,,https://jurnal.stikes-notokusumo.ac.id/index.php/jkn,ID,120
B,size_age_title,International journal of industrial engineering and operational research,2676-3311,mint,7407067948,,https://bgsiran.ir/journal/ojs-3.1.1-4/index.php/IJIEOR,IR,120
B,size_age_title,University of Jos Journal of Political Science,1118-7220;1595-4765,mint,7407067949,,http://journals.unijos.edu.ng/index.php/ujjps,NG,120
B,size_age_title,Tạp chí Thông tin khoa học lý luận chính trị - Những vấn đề lý luận phục vụ lãnh đạo,2354-1040,mint,7407067950,,https://vjol.info.vn/llct-cs,VN,120
B,size_age_title,diké,2237-2040;2448-461X,mint_name_twin,7407067951,4404678060;4210235962,https://periodicos.ufs.br/dike,BR,119
B,size_age_title,Ius Praxis,2590-6720;2954-9094,mint,7407067952,,https://revistas.unilibre.edu.co/index.php/lux_praxis,CO,119
B,size_age_title,Journal of Language Works - Sprogvidenskabeligt Studentertidsskrift,2446-0591,mint,7407067953,,http://www.dengamlebyaarbog.dk/index.php/lwo,DK,119
B,size_age_title,Proceeding of National Seminar on Maritime and Interdisciplinary Studies,2963-475X,mint,7407067954,,https://e-journal.akpelni.ac.id/index.php/NSMIS,ID,119
B,size_age_title,JUS TEKNO (Jurnal Sains dan Teknologi),2580-2801,mint,7407067955,,http://journal.sttdb.ac.id/index.php/justekno,ID,119
B,size_age_title,Jurnal Ilmiah Teknologi Informasi dan Komputer Pranala,1907-2872,mint,7407067956,,https://stmik.id/jurnal/index.php/pranala,ID,119
B,size_age_title,Proceedings,2407-1722,mint_name_twin,7407067957,4220650854;4210232710;4210192796;4210179741;4393918204;4393918576;4210175880;4210185766;4210191346;4210194198;4210201526;4210207155;4210217006;4210233718;4210238470;4220651362;4220651940;4386872205;4393915813;4393917442;4393917466;4393917547;4393917565;4393917540;4393918187;4393918226;4393918242;4393918438;4393918441;4393918544;4393918561;4393918574;4393918575;4393918558;4393918587;4393918592;4393918683;4393918684;4393918702;4393918823;4393918837;4393918888;4393918987;4393919093;4393919095;4393919110;4393919526;4393919532;4393919539;4393919540;4393919725;4393918538;4210222258;4404664077;4393917541;4210231787;4210172477;4210214883;4210215238;4210178652;4210186283;4210188015;4210188280;4210191939;4210192151;4210198994;4210219207;4220651356;4210230007;4393918213;4210199323;4393917930;4404674679;4393917974;4393917976,https://journal.piksi.ac.id/index.php/proceedings,ID,119
B,size_age_title,Revista de Investigación en Ciencias Contables y Administrativas,2448-606X,mint,7407067958,,https://ricca.umich.mx/index.php/ricca,MX,119
B,size_age_title_other_script,Прогрессивные технологии и системы машиностроения,2073-3216;2518-7120,mint,7407067959,,https://ojs.donntu.ru/index.php/ptsm,RU,119
B,size_age_title,Historia Digital,1695-6214,link_issnless_namesake,4363607174,4363607174,http://fundacionarthis.org/ediciones/ojs/index.php/hdigital,ES,119
B,size_age_title,Progress in Science Education (PriSE),2405-6057,mint,7407067960,,https://e-publishing.cern.ch/index.php/prise,CH,119
B,national_list,Rangsit Journal of Law and Society,2822-051X;2822-0528,mint,7407067961,,https://so07.tci-thaijo.org/index.php/RJL,TH,119
B,national_list,Dhammadhara Journal of Buddhist Studies,2408-1892;2651-2262,mint,7407067962,,https://so01.tci-thaijo.org/index.php/dhammadhara,TH,119
B,size_age_title,Journal of Discoveries in Applied and Natural Science,3030-301X,mint,7407067963,,https://journals.proindex.uz/index.php/JDANS,UZ,119
B,size_age_title,Revista Scientia Alpha,2675-0228,mint,7407067964,,https://revista.alfaumuarama.edu.br/index.php/rsa,BR,118
B,size_age_title,Revista Latino-Americana de Criminologia,2764-1619,mint,7407067965,,https://periodicos.unb.br/index.php/relac,BR,118
B,size_age_title,Poeticus,2359-3725,mint,7407067966,,https://redelp.net/index.php/poe,BR,118
B,size_age_title,Boletim Técnico IFTM,2447-5998,mint,7407067967,,https://periodicos.iftm.edu.br/index.php/boletimiftm,BR,118
B,size_age_title,Wire Insights: Journal of Innovation Insights,2810-6458,mint,7407067968,,https://academiaone.org/index.php/7,CL,118
B,size_age_title,Anuario,2981-5053,mint_name_twin,7407067969,2739165147;4210178162;4393917784,https://revistas.uniclaretiana.edu.co/index.php/Anuario,FR,118
B,size_age_title,Prosiding Seminar Nasional Kependidikan Sekolah Dasar dan Prasekolah,2807-5765,mint,7407067970,,https://conference.um.ac.id/index.php/ksdp2,ID,118
B,size_age_title,CALACCITRA: JURNAL FILM DAN TELEVISI,2798-4370;2798-6152,mint,7407067971,,https://jurnal2.isi-dps.ac.id/index.php/calaccitra,ID,118
B,size_age_title,Jurnal Bisantara Informatika,2686-5319;2686-6455,mint,7407067972,,https://bisantara.amikparbinanusantara.ac.id/index.php/bisantara,ID,118
B,size_age_title,SENADA (Semangat Nasional dalam Mengabdi),2722-9416;2722-9424,mint,7407067973,,https://journal.mncu.ac.id/index.php/senada,ID,118
B,size_age_title,JURNAL EKONOMI,1693-5748;2623-291X,held_name_issnless,,4306516651;4306516650;4210180303;4210187028;4210197960;4210211509;4220651077,https://jurnal.stiemuhcilacap.ac.id/index.php/je511,ID,118
B,size_age_title,Jurnal Langue,1693-0487;2808-3008,mint,7407067974,,https://jurnal.pertiwi.ac.id/index.php/langue,ID,118
B,size_age_title,Re|Cibo,3034-834X,mint,7407067975,,https://www.ojs.unito.it/index.php/recibo,IT,118
B,size_age_title,"Conference Proceedings, Jornadas de Investigación en Odontología",2992-6912,mint,7407067976,,https://revistas.uaz.edu.mx/index.php/CPJIIO,MX,118
B,size_age_title,"Insights of Pakistan, Iran and the Caucasus Studies",2958-5112;2958-5120,mint,7407067977,,http://ipics.rmrpublishers.org/index.php/primarycontent,PK,118
B,size_age_title,"THE SPARK ""A HEC Recognized Journal",2520-7814,mint,7407067978,,https://journal.suit.edu.pk/index.php/spark,PK,118
B,size_age_title,UXUC - User Experience and Urban Creativity,2184-6189;2184-8149,mint,7407067979,,https://journals.wisethorough.com/index.php/UXUC,PT,118
B,national_list,Kalasin University Journal of Humanities Social Sciences and Innovation,2821-9635,mint,7407067980,,https://so02.tci-thaijo.org/index.php/hsi_01,TH,118
B,size_age_title,Uluslararası Peyzaj Mimarlığı Araştırmaları Dergisi (IJLAR) E-ISSN:2602-4322,2602-4322,mint,7407067981,,https://ijlar.org/index.php/ijlar,TR,118
B,size_age_title,Trama,1688-6356,mint_name_twin,7407067982,4386621752,https://www.auas.org.uy/trama/index.php/Trama,UY,118
B,size_age_title,Naval Strategic Studies Journal,3088-3067;3088-3075,mint,7407067983,,https://so16.tci-thaijo.org/index.php/nssc_journal,,118
B,size_age_title,Anuario del Centro de Investigaciones Jurídicas y Sociales,1667-6122,mint,7407067984,,https://revistas.unc.edu.ar/index.php/anuariocijs,AR,117
B,size_age_title,Revista de Educação,2177-2185,link_issnless_namesake,4306526680,4306526680,https://revistas.anchieta.br/index.php/RevistaEducacao,BR,117
B,size_age_title,Revista Pantaneira,1677-0609;2966-2397,mint,7407067985,,https://periodicos.ufms.br/index.php/revpan,BR,117
B,size_age_title,ARRAZI: Scientific Journal of Health,3026-0914,mint,7407067986,,https://journal.csspublishing.com/index.php/arrazi,ID,117
B,size_age_title,BIN : Bulletin Of Informatics,3025-7417,mint,7407067987,,https://ojs.jurnalmahasiswa.com/index.php/bin,ID,117
B,size_age_title,Emanasi : Jurnal Ilmu Keislaman dan Sosial,2745-5904,mint,7407067988,,https://adpiks.or.id/ojs/index.php/emanasi,ID,117
B,size_age_title,Kaffa: Journal of Sharia Economic & Bussines Law,2987-081X,mint,7407067989,,https://journal.trunojoyo.ac.id/kaffa,ID,117
B,size_age_title,Jurnal Kongruen,2830-3830,mint,7407067990,,https://jurnal.unsil.ac.id/index.php/kongruen,ID,117
B,size_age_title,PinC | Prevenzione in Corso,2532-392X,mint,7407067991,,https://www.ojs.unito.it/index.php/pinc,IT,117
B,national_list,Thai Journal of Ergonomics,2586-9213;2773-8884,mint,7407067992,,https://he01.tci-thaijo.org/index.php/TJE,TH,117
B,size_age_title,Journal of Social and Analytical Health,2792-0739,mint,7407067993,,https://jsoah.com/index.php/jsoah,TR,117
B,size_age_title,FACSETE Health Sciences,2965-1069,mint,7407067994,,https://facsete.com.br/revista/index.php/FACSETEHealthSciences,BR,116
B,size_age_title,Revista do Poder Judiciário do Estado do Rio Grande do Norte,1982-4815;2764-5827,mint,7407067995,,https://revista.tjrn.jus.br/repojurn,BR,116
B,size_age_title,Caderno de Diálogos,2764-6319,mint,7407067996,,https://periodicos.faculdadefamart.edu.br/index.php/cadernodedialogos,BR,116
B,size_age_title,Camino,1794-8681,mint,7407067997,,https://revistas.uniclaretiana.edu.co/index.php/Camino,CO,116
B,size_age_title,MANAJEMEN ADMINISTRASI BISNIS DAN PEMASARAN,2720-9504,mint,7407067998,,https://jurnal.polimdo.ac.id/index.php/mabp,ID,116
B,size_age_title,JOBM-Journal Of Bussines Management Basic,2964-3856,mint,7407067999,,http://ejournal.unsap.ac.id/index.php/jobm,ID,116
B,size_age_title,Jurnal Alasma: Media Informasi dan Komunikasi Ilmiah,2338-4158;2745-780X,mint,7407068000,,https://jurnalstitmaa.org/index.php/alasma,ID,116
B,size_age_title,Giornale di Filosofia,1827-5834,mint,7407068001,,https://mimesisjournals.com/ojs/index.php/giornale-filosofia,IT,116
B,size_age_title,Nuova Rivista di Storia della Medicina,2724-4954,mint,7407068002,,https://www.ojs.unito.it/index.php/nrsm,IT,116
B,size_age_title,Selangor Business Review,2289-7658;2716-5876,mint,7407068003,,https://sbr.journals.unisel.edu.my/index.php/sbr,MY,116
B,size_age_title,Revista Electrónica sobre Educación Media y Superior,2448-6507,mint,7407068004,,https://www.cemys.org.mx/index.php/CEMYS,MX,116
B,size_age_title,Cahiers d’Études sur la Représentation,2509-2170,mint,7407068005,,https://revues.imist.ma/index.php/CER,MA,116
B,size_age_title,Western Nigeria Journal of Medical Sciences,1116-0845,mint,7407068006,,https://wnjms.com.ng/journal/index.php/wnjms,NG,116
B,national_list,RICE Journal of Creative Entrepreneurship and Management,2730-2601;2821-9074,mint,7407068007,,https://so12.tci-thaijo.org/index.php/RJCM,TH,116
B,size_age_title,Saint John's Journal (Humanities and Social Sciences),0859-9432,mint,7407068008,,https://so13.tci-thaijo.org/index.php/SJUJOURNAL,TH,116
B,national_list,YASOTHON MEDICAL JOURNAL,2985-0525;2985-1114,mint,7407068009,,https://he04.tci-thaijo.org/index.php/hciyasohos,TH,116
B,national_list,Journal of Humanities and Social Sciences Nakhon Pathom Rajabhat University,2821-9678,mint,7407068010,,https://so07.tci-thaijo.org/index.php/HUSO-J,TH,116
B,size_age_title,El-Nas,2353-012X;2716-828X,mint,7407068011,,http://review.univ-oeb.dz/ojs.nass/index.php/jen,DZ,115
B,size_age_title,UR: Das Journal. Studentische Forschung an der Universität Wien,2960-446X,mint,7407068012,,https://journals.univie.ac.at/index.php/urj,AT,115
B,size_age_title,"INSÓLITA - Revista Brasileira de Estudos Interdisciplinares do Insólito, da Fantasia e do Imaginário",2764-054X,mint,7407068013,,https://revistas.intercom.org.br/index.php/insolita,BR,115
B,size_age_title,Marupiara | Revista Científica do CESP/UEA,1981-0326;2527-0753,mint,7407068014,,https://periodicos.uea.edu.br/index.php/marupiara,BR,115
B,size_age_title,Liberated Arts: a journal for undergraduate research,2369-1573,mint,7407068015,,https://ojs.lib.uwo.ca/index.php/lajur,CA,115
B,size_age_title,Revista Unicarta,0122-8919,mint,7407068016,,https://revistas.unicartagena.edu.co/index.php/revistaunicarta,CO,115
B,size_age_title,PULAM : INTERNATIONAL JOURNAL OF TAMILOLOGY STUDIES,2583-0139,mint,7407068017,,https://pulamejournal.com/index.php/pulam,IN,115
B,size_age_title,"Proceeding of International Conference on Japanese Studies, Language and Education",2721-0464;2807-8918,mint,7407068018,,https://proceedings.aspbji.id/index.php/icjsle,ID,115
B,size_age_title,AL-RISALAH,0216-664X,mint_name_twin,7407068019,4210188085,https://jurnalstairakha.com/index.php/alris,ID,115
B,size_age_title,Magenta,2302-3171,mint,7407068020,,https://magenta.untama.ac.id/index.php/1192012,ID,115
B,size_age_title,Jurnal Agrotan,2442-9015;2460-0075,mint,7407068021,,https://ejournals.umma.ac.id/index.php/agrotan,ID,115
B,size_age_title,Jurnal Akuntansi Bisnis Dan Keuangan,2355-9047,mint,7407068022,,https://e-jurnal.stie-ibek.ac.id/index.php/JABK,ID,115
B,size_age_title,Global Journal of Educational Research and Management,2805-4695,mint,7407068023,,https://jurnal.nun-g.com/index.php/germane,MY,115
B,size_age_title,Pakistan's Multidisciplinary Journal for Arts & Science,2789-2611,mint,7407068024,,https://pmdjas.com/index.php/pmdjas,PK,115
B,national_list,Thai Journal of Clinical Psychology (Online),2774-1087,mint,7407068025,,https://so03.tci-thaijo.org/index.php/tci-thaijclinicpsy,TH,115
B,national_list,Journal of Humanities and Social Sciences Uttaradit Rajabhat University,2350-9317,mint,7407068026,,https://so04.tci-thaijo.org/index.php/johuru,TH,115
B,size_age_title,Tạp chí Triết học và Đời sống,2734-9470,mint,7407068027,,https://vjol.info.vn/index.php/trh,VN,115
B,size_age_title,O Periscópio,1806-5643,mint,7407068028,,https://portaldeperiodicos.marinha.mil.br/index.php/periscopio,BR,114
B,size_age_title,Brazilian Journal of Research in Applied Social Sciences,2965-0658,mint,7407068029,,https://periodicos.unipampa.edu.br/index.php/BJRASS,BR,114
B,size_age_title,REUNI Atenas,3085-5780,mint,7407068030,,https://revistas.atenas.edu.br/reuni,BR,114
B,size_age_title,Journal of Science and Development,2222-5722;2789-2123,mint,7407068031,,https://journals.hu.edu.et/hu-journals/index.php/agvs,ET,114
B,size_age_title,Hamadryad,2583-7818,mint,7407068032,,https://hamadryad.org/index.php/journal,IN,114
B,size_age_title,NUSANTARA SPORTA: Jurnal Pendidikan dan Ilmu Keolahragaan,3025-0552;3025-079X,mint,7407068033,,https://jurnal.nusantarasporta.com/index.php/ns,ID,114
B,size_age_title,"Jurnal Terapan Ilmu Ekonomi, Manajemen dan Bisnis",2746-4210;2746-4229,mint,7407068034,,https://jurnal.polsri.ac.id/index.php/jtiemb,ID,114
B,size_age_title,Jurnal Fakultas Ilmu Keislaman UNISA Kuningan,2746-4873;2774-5473,mint,7407068035,,https://jurnal.unisa.ac.id/index.php/jfik,ID,114
B,size_age_title,Jurnal Pengabdian Masyarakat Karya Husada (JPMKH),2654-7716;2656-4211,mint,7407068036,,http://jurnal.poltekkeskhjogja.ac.id/index.php/jpmkh,ID,114
B,size_age_title,Jurnal Al Himayah,2614-8765;2614-8803,mint,7407068037,,https://journal.iaingorontalo.ac.id/index.php/ah,ID,114
B,size_age_title,Politeknik & Kolej Komuniti Journal of Life Long Learning,2600-7738,mint,7407068038,,https://app.mypolycc.edu.my/journal/index.php/PKKJLLL,MY,114
B,national_list,Political Science Critique,2697-598X;2822-0951,mint,7407068039,,https://so01.tci-thaijo.org/index.php/PSC,TH,114
B,national_list,Journal Of Ratchasuda Institute for Research and Development of Persons With Disabilities,3027-6705,mint,7407068040,,https://so03.tci-thaijo.org/index.php/RSjournal,TH,114
B,national_list,URU Journal of Integrated Sciences for Development,2821-9708,mint,7407068041,,https://so06.tci-thaijo.org/index.php/GRAURU,TH,114
B,size_age_title,Revista En Prospectiva | Universidad Yacambú,2959-3425,mint,7407068042,,https://revista.uny.edu.ve/ojs/index.php/en-prospectiva,VE,114
B,size_age_title,Academic Journal of Suriname,2079-3456,mint,7407068043,,https://adekusjournal.uvs.edu/index.php/acjoursu,,114
B,size_age_title,Simpósio Brasileiro de Ciência do Cimento (SBCC),3086-013X,mint,7407068044,,https://eventos.antac.org.br/index.php/sbcc,BR,113
B,size_age_title,Equidade: Revista Eletrônica de Direito da UEA - ISSN: 2675-5394,2675-5394,mint,7407068045,,https://periodicos.uea.edu.br/index.php/equidade,BR,113
B,size_age_title,Revista Caboré,2764-0744,mint,7407068046,,https://www.journals.ufrpe.br/index.php/revistacabore,BR,113
B,size_age_title,Revista Inovação & Sociedade,2763-6631,mint,7407068047,,https://revista.unipora.edu.br/index.php/ies,BR,113
B,size_age_title,"Infometric@ - Serie Ingeniería, Básicas y Agrícolas",2619-2985,mint,7407068048,,https://infometrica.org/index.php/syh,CO,113
B,size_age_title,Seminar Nasional Manajemen dan Akuntansi,2963-2811,mint,7407068049,,https://ejournal.ust.ac.id/index.php/SMA,ID,113
B,size_age_title,Prosiding Seminar Nasional Matematika dan Statistika,2657-1382;2657-232X,mint,7407068050,,https://jurnal.fmipa.unmul.ac.id/index.php/SNMSA,ID,113
B,size_age_title,Metaphor,2656-8691,link_issnless_namesake,4306519809,4306519809,https://ojs.unsiq.ac.id/index.php/metaphor,ID,113
B,size_age_title,African Journal of Business and Management (AJBUMA),2079-410X,mint,7407068051,,https://uonjournals.uonbi.ac.ke/index.php/ajbuma,KE,113
B,size_age_title,Review of the Institute of History and Archaeology,2671-3144;2671-3152,mint,7407068052,,https://js.ugd.edu.mk/index.php/riha,MK,113
B,size_age_title,Revista de Filosofie Aplicată,2668-0009,mint,7407068053,,https://filosofieaplicata.ro/index.php/filap,RO,113
B,national_list,เภสัชกรรมคลินิก,2774-0625,mint,7407068054,,https://thaidj.org/index.php/TJCP,TH,113
B,national_list,MANGRAI SAAN Journal of Humanities and Social Sciences,2672-9113;2673-0170,mint,7407068055,,https://so04.tci-thaijo.org/index.php/mrsj,TH,113
B,size_age_title,London Paediatrics,2976-5498,mint,7407068056,,https://journal.londonpaediatrics.co.uk/index.php/1,GB,113
B,size_age_title,ICONO,1909-6933,mint,7407068057,,https://revistas.usc.edu.co/index.php/ICONO,CO,112
B,size_age_title,International Journal of Farmacia,2455-8109,mint,7407068058,,https://www.ijfjournal.com/index.php/ijfj,IN,112
B,size_age_title,Inter Continental Journal of Pharmaceutical Investigations and Research,2349-5448,mint,7407068059,,https://icjpir.com/index.php/icjpir,IN,112
B,size_age_title,JURNAL PROFESI PENDIDIK Ikatan Sarjana Pendidikan Indonesia (ISPI) Jawa Tengah,2442-6350,mint,7407068060,,https://journal.uns.ac.id/index.php/jppispi,ID,112
B,size_age_title,Jurnal EKODIK: Ekonomi Pendidikan,2302-030X;2614-2295,mint,7407068061,,https://jurnal.unimed.ac.id/2012/index.php/ekodik,ID,112
B,size_age_title,JURNAL KESEHATAN,2303-0518;2714-6111,mint_name_twin,7407068062,4210205032;4210188780;4210177293;4210182140;4387280473;4210183599;5406987904;4210226664;4210239435;4387287807;4210194824;4210220738,https://journal.stikesbanten.ac.id/index.php/Kesehatan,ID,112
B,size_age_title,TRANSISTOR Elektro dan Informatika,1411-366X;3123-8270,mint,7407068063,,https://jurnal.unissula.ac.id/index.php/EI,ID,112
B,size_age_title,AL-QALAM: JURNAL KEPENDIDIKAN,2548-4362,mint,7407068064,,https://ojs.unsiq.ac.id/index.php/al-qalam,ID,112
B,size_age_title,Journal of Psychosocial Systems,2532-5450,mint,7407068065,,https://jpsjournal.org/new/ojs/index.php/JPS,IT,112
B,size_age_title,TARABA INTERNATIONAL JOURNAL OF SOCIAL SCIENCES RESEARCH,3027-0766,mint,7407068066,,https://oer.tsuniversity.edu.ng/index.php/tijossr,NG,112
B,size_age_title,Revista Científica de la Universidad Nacional de Villarrica del Espíritu Santo,2618-0405,mint,7407068067,,https://revistascientificas.unves.edu.py/index.php/rcunves,PY,112
B,national_list,วารสารศรีวนาลัยวิจัย (JOURNAL OF SRIVANALAI VIJAI),2229-2268,mint,7407068068,,https://so13.tci-thaijo.org/index.php/SVNL,TH,112
B,national_list,MENARA : Journal of Islamic and Contemporary Issues,2730-2547,mint,7407068069,,https://so06.tci-thaijo.org/index.php/M-JICI,TH,112
B,national_list,Journal of Human Society,2774-1141,mint,7407068070,,https://so03.tci-thaijo.org/index.php/humannstru62,TH,112
B,national_list,Journal of Vongchavalitkul university,3027-6888,mint,7407068071,,https://ph01.tci-thaijo.org/index.php/vujournal,TH,112
B,size_age_title,Journal of Three- Science,3057-1227,mint,7407068072,,https://so04.tci-thaijo.org/index.php/jts,TH,112
B,national_list,NKRAFA Journal of Humanities and Social Sciences,3088-1307;3088-1315,mint,7407068073,,https://so04.tci-thaijo.org/index.php/KANNICHA,TH,112
B,size_age_title,Pensamiento y Acción Social,1856-1349;2739-0268,mint,7407068074,,https://saber.ucv.ve/ojs/index.php/rev_peacs,VE,112
B,size_age_title,Tạp chí Thông tin khoa học chính trị,2354-1474,mint,7407068075,,https://vjol.vista.gov.vn/hcma4,VN,112
B,size_age_title,Saúde & Conhecimento - Jornal de Medicina Univag,2595-4148,mint,7407068076,,https://periodicos.univag.com.br/index.php/jornaldemedicina,BR,111
B,size_age_title,Revista Vox,2359-5183,link_issnless_namesake,4306528081,4306528081,https://www.fadileste.edu.br/revistavox/index.php/revistavox,BR,111
B,size_age_title,Revista B33 Arquitectura y Urbanismo,2390-0563,mint,7407068077,,https://revistas.ut.edu.co/index.php/B33,CO,111
B,size_age_title,EDOSONÍA,2960-8457,mint,7407068078,,https://revistasdivulgacion.uce.edu.ec/index.php/edosonia,EC,111
B,size_age_title,Jimma University Journal of law,2074-4617;2411-9601,mint,7407068079,,https://journals.ju.edu.et/index.php/jlaw,ET,111
B,size_age_title,Tumanurung : Jurnal Sejarah dan Budaya,2721-7647,mint,7407068080,,https://journal.uin-alauddin.ac.id/index.php/tumanurung,ID,111
B,size_age_title,Ciencias : Jurnal Penelitian dan Pengembangan Pendidikan,2621-3087;2621-5721,mint,7407068081,,,ID,111
B,size_age_title,SEMINAR BIMBINGAN DAN KONSELING (SMAILING ),3026-1007,mint,7407068082,,https://conference.upgris.ac.id/index.php/snbk,ID,111
B,size_age_title,Palapa: Jurnal Ilmiah Mahasiswa Pendidikan Sejarah,2722-5038,mint,7407068083,,https://eskripsi.stkippgribl.ac.id/index.php/palapa,ID,111
B,size_age_title,Proceedings of International Conference on Educational Studies in Mathematics,3032-6680,mint,7407068084,,https://journal.unm.ac.id/index.php/icoesm,ID,111
B,size_age_title,Journal Of Social Science and Organization Management,2658-9176,mint,7407068085,,https://revues.imist.ma/index.php/JOSSOM,MA,111
B,size_age_title,Revista Jurídica,2309-771X,mint_name_twin,7407068086,7407059064;4210188139;5407053103;4210214598;5407053798,https://revistacientifica.uaa.edu.py/index.php/juridica,PY,111
B,size_age_title,Naresuan Agriculture Journal,3088-1994,mint,7407068087,,https://li01.tci-thaijo.org/index.php/aginujournal,TH,111
B,size_age_title,"Humanities Journal (Graduate School), Ramkhamhaeng University",3088-2494;3088-2508,mint,7407068088,,https://so08.tci-thaijo.org/index.php/ghuru,TH,111
B,national_list,Journal of Innovative Technology Research,2586-8500;2586-8632,mint,7407068089,,https://so04.tci-thaijo.org/index.php/JIT,TH,111
B,size_age_title,Journal of Clinical Trials and Experimental Investigations,2822-5090,mint,7407068090,,https://jctei.com/index.php/jctei,TR,111
B,size_age_title,Research Issues in Contemporary Education,2690-9251,mint,7407068091,,https://www.leraweb.net/ojs/index.php/RICE,US,111
B,size_age_title,Revista Anômalas,2764-4200,mint,7407068092,,https://periodicos.ufcat.edu.br/ra,BR,110
B,size_age_title,Revista Cajueiro: Ciência da Informação e Cultura da Leitura,2595-9379,mint,7407068093,,https://periodicos.ufs.br/Cajueiro,BR,110
B,size_age_title,Cadernos de Docência e Inovação no Ensino Superior,2764-7153,mint,7407068094,,https://periodicos.uff.br/docines,BR,110
B,size_age_title,Aprendendo Ciência (ISSN 2237-8766),2237-8766,mint,7407068095,,https://portalojs.assis.unesp.br/index.php/aprendendociencia,BR,110
B,size_age_title,Revista Interdisciplinar de Pesquisa e Inovação,2447-2948,mint,7407068096,,https://periodicos.ufs.br/revipi,BR,110
B,size_age_title,Revista Conexão,2357-9196,mint,7407068097,,https://revistas.uceff.edu.br/conexao,BR,110
B,size_age_title,Société des Neurosciences,2117-5535;2968-1308,mint_name_twin_not_journal,7407068098,7407060471,https://www.neurosciences.asso.fr/lalettre/index.php/revue,FR,110
B,size_age_title,"POTERS (Proceedings of Technology, Engineering and Computers)",3090-3602;3109-127X,mint,7407068099,,https://jurnal.ubd.ac.id/index.php/poters,ID,110
B,size_age_title,PROSIDING SEMLITMAS (SEMINAR HASIL PENELITIAN DAN PENGABDIAN MASYARAKAT),3047-9177,mint,7407068100,,https://openjournal.wdh.ac.id/index.php/PROSIDINGSEMLITMAS,ID,110
B,size_age_title,Jurnal Sarjana Ilmu Budaya,2986-0504,mint,7407068101,,https://journal.unhas.ac.id/index.php/jsbsk,ID,110
B,size_age_title,JITA (Journal of Information Technology and Accounting),2599-1310;2614-4484,mint,7407068102,,https://jurnal.uimedan.ac.id/index.php/JITA,ID,110
B,size_age_title,Cakra Wisata,1411-3546;2745-9403,mint,7407068103,,https://jurnal.uns.ac.id/cakra-wisata,ID,110
B,size_age_title,Romanticismi - La rivista del CRIER,2465-2393,mint,7407068104,,,IT,110
B,size_age_title,Scientia Oralis Salutem ISSN 2789-2794,2789-2794,mint,7407068105,,https://revistas.unc.edu.py/index.php/founc,PY,110
B,size_age_title,Visión Odontológica,2410-583X;2663-9580,mint,7407068106,,https://revistas.uandina.edu.pe/index.php/VisionOdontologica,PE,110
B,national_list,Buddhist ASEAN Studies Journal,2539-6269;2822-0935,mint,7407068107,,https://so07.tci-thaijo.org/index.php/basj,TH,110
B,national_list,"Journal of Humanities, Social Sciences, and Arts",3056-9265,mint,7407068108,,https://so03.tci-thaijo.org/index.php/hsa,TH,110
B,national_list,Greater Mekong Subregion Medical Journal,2730-3446;2821-9112,mint,7407068109,,https://he02.tci-thaijo.org/index.php/gmsmj,TH,110
B,national_list,Thai Rice Research Journal,2985-2439;2985-2447,mint,7407068110,,https://li03.tci-thaijo.org/index.php/TRRJ,TH,110
B,size_age_title,Revista Unifev: Ciência & Tecnologia,2525-6599,mint,7407068111,,https://periodicos.unifev.edu.br/index.php/revistaunifev,BR,109
B,size_age_title,Revista Sociologia em Rede,2359-3717,mint,7407068112,,https://redelp.net/index.php/rsr,BR,109
B,size_age_title,Jurnal Edukasi Pangan,3031-2825,mint,7407068113,,https://journal.unram.ac.id/index.php/edufood,ID,109
B,size_age_title,JOURNAL of HEALTH,2962-8385,mint,7407068114,,https://banuainstitute.org/JOHE,ID,109
B,size_age_title,Jurnal Pengabdian Masyarakat Teknologi Pertanian,2964-173X,mint,7407068115,,https://ejurnal.ung.ac.id/index.php/jpmtp,ID,109
B,size_age_title,Jurnal Instrumentasi dan Teknologi Informasi (JITI),2746-7635;2808-5027,mint,7407068116,,https://jurnal.poltek-gt.ac.id/index.php/jiti,ID,109
B,size_age_title,TAPIAN NAULI : Jurnal Penelitian Terapan Perikanan dan Kelautan,2715-3096;2715-5323,mint,7407068117,,https://stpsibolga.ac.id/ojs/index.php/TAPIAN_NAULI,ID,109
B,size_age_title,Jurnal FAPERTANAK : Jurnal Pertanian dan Peternakan,2540-8887;2654-5772,mint,7407068118,,https://uswim.e-journal.id/fapertanak,ID,109
B,size_age_title,International Journal of Human and Technology Interaction (IJHaTI),2590-3551;2600-8122,mint,7407068119,,https://ijhati.utem.edu.my/ijhati,MY,109
B,size_age_title,AFRICAN JOURNAL OF GENDER AND DEVELOPMENT,2006-2192,mint,7407068120,,https://ajgd.oauife.edu.ng/index.php/ajgd,NG,109
B,national_list,Journal of Local Management and Development Pibulsongkram Rajabhat University,3027-7612,mint,7407068121,,https://so06.tci-thaijo.org/index.php/jclmd_psru,TH,109
B,size_age_title,OBEC Basic Education Research Journal,2774-0684,mint,7407068122,,https://so06.tci-thaijo.org/index.php/obecresearch,TH,109
B,national_list,Phaholpolpayuhasena Hospital Journal,3057-0026,mint,7407068123,,https://he04.tci-thaijo.org/index.php/PPHJ,TH,109
B,size_age_title,Journal of Ayutthaya Studies,3027-7248;3027-7256,mint,7407068124,,https://so02.tci-thaijo.org/index.php/jas,TH,109
B,size_age_title,KREBSI,2720-8559,mint_name_twin,7407068125,5407055732,https://journals.zssu.ge/index.php/zssu,US,109
B,size_age_title,Tạp chí Khoa học và Công nghệ Cần Thơ,3030-4148,mint,7407068126,,https://vjol.info.vn/index.php/tcdaihockythuatcongngheCanTho,VN,109
B,national_list,Thai Journal of Neurological Surgery,1906-7984,mint,7407068127,,https://he05.tci-thaijo.org/index.php/TJNS,,109
B,size_age_title,MONÇÕES Revista de História UFMS/FACH,2358-6524,mint,7407068128,,https://periodicos.ufms.br/index.php/moncx,BR,108
B,size_age_title,INMÓVIL,2528-7990,mint,7407068129,,https://inmovil.org/index.php/inmovil,EC,108
B,size_age_title,Bayreuther Zeitschrift für Rechtswissenschaft,2747-8289,mint,7407068130,,https://openjournals.uni-bayreuth.de/index.php/bayzr,DE,108
B,size_age_title,Dissertationen aus dem Julius Kühn-Institut,2510-0599;2510-0602,mint,7407068131,,https://ojs.openagrar.de/index.php/DissJKI,DE,108
B,size_age_title,EMPIRE,2775-040X,mint,7407068132,,https://www.ejournal.unis.ac.id/index.php/EM,ID,108
B,size_age_title,MEUSAPAT: Jurnal Ilmu Hukum,2988-2591,mint,7407068133,,http://journal.unigha.ac.id/index.php/Meusapat,ID,108
B,size_age_title,Jurnal Pengabdian Community,2715-9442;2715-9450,mint,7407068134,,https://ejournal.ft-unsri.com/index.php/community,ID,108
B,size_age_title,African Journal of Social and Behavioural Sciences,2141-209X,mint,7407068135,,https://journals.aphriapub.com/index.php/AJSBS,NG,108
B,national_list,Global Interactive Journal of World Religions and Cultures,2985-0975,mint,7407068136,,https://so18.tci-thaijo.org/index.php/gjwrc_2521,TH,108
B,size_age_title,Cuadernos de la Escuela de Salud Pública,0798-0388,mint,7407068137,,https://saber.ucv.ve/ojs/index.php/rev_edsp,VE,108
B,size_age_title,PSM Veterinary Research,2518-2714,mint,7407068138,,https://psmjournals.org/index.php/vetres,,108
B,size_age_title,Anais do Workshop sobre as Implicações da Computação na Sociedade (WICS),2763-8707,mint,7407068139,,https://sol.sbc.org.br/index.php/wics,BR,107
B,size_age_title,Revista Horizontes Interdisciplinares da Gestão,2594-7788,mint,7407068140,,,BR,107
B,size_age_title,International Journal of Cultural Inheritance & Social Sciences ISSN: 2632-7597,2632-7597,mint,7407068141,,https://ijciss.com/index.php/j1,EG,107
B,size_age_title,Profit : Jurnal Pengabdian Kepada Masyarakat,2807-8004,mint,7407068142,,https://pkm.jurnalprofit.org/index.php/profit,ID,107
B,size_age_title,Prosiding Seminar Nasional Program Doktor Ilmu Hukum,2830-2699,mint,7407068143,,https://proceedings.ums.ac.id/index.php/pdih,ID,107
B,size_age_title,Jurnal FATEKSA : Jurnal Teknologi dan Rekayasa,2528-1631;2654-5861,mint,7407068144,,https://uswim.e-journal.id/fateksa,ID,107
B,size_age_title,Journal of Education and Technology,2798-2521,mint,7407068145,,https://jurnalilmiah.org/journal/index.php/jet,ID,107
B,size_age_title,AFRICAN JOURNAL OF CONTEXTUAL THEOLOGY,2141-3037,mint,7407068146,,https://acjol.org/index.php/ajct,NG,107
B,national_list,Journal of Rangsit University: Teaching & Learning,2822-1400;2822-146X,mint,7407068147,,https://so12.tci-thaijo.org/index.php/jrtl,TH,107
B,national_list,"Humanities and Social Sciences Journal, Chiang Mai Rajabhat University",2730-2873;2822-0234,mint,7407068148,,https://so01.tci-thaijo.org/index.php/husocjr,TH,107
B,size_age_title,RMUTP Research Journal Humanities and Social Sciences,3056-9338,mint,7407068149,,https://so05.tci-thaijo.org/index.php/rmutphuso,TH,107
B,size_age_title,Programmatic Perspectives,2326-1412,mint,7407068150,,https://programmaticperspectives.cptsc.org/index.php/jpp,US,107
B,size_age_title,Revista Revera,2526-4966,mint,7407068151,,https://site.veracruz.edu.br/instituto/revistarevera/index.php/revera,BR,106
B,size_age_title,Revista de Direito Constitucional & Econômico,2596-2698,mint,7407068152,,https://ojs.unialfa.com.br/index.php/redec,BR,106
B,size_age_title,Revista Eletrônica Científica do CRA-PR - RECC,2358-7083,mint,7407068153,,https://revista.crapr.org.br/index.php/recc,BR,106
B,size_age_title,Canadian Journal of Undergraduate Research,2563-5689,mint,7407068154,,https://ojs.library.ubc.ca/index.php/cjur,CA,106
B,size_age_title,Aegyptiaca. Journal of the History of Reception of Ancient Egypt,2566-9419,mint,7407068155,,https://journals.ub.uni-heidelberg.de/index.php/aegyp,DE,106
B,size_age_title,Proceeding International Conference of Advancements in Nursing Care,3110-0120,mint,7407068156,,https://journal.unimma.ac.id/index.php/ADNURS,ID,106
B,size_age_title,DIKDASTIKA : Jurnal Ilmiah Pendidikan Ke-SD-an,2716-3571;2809-6967,mint,7407068157,,https://journal.ipw.ac.id/index.php/dikdastika,ID,106
B,size_age_title,"Jubah Raja : Jurnal Bahasa, Sastra, Dan Pengajaran",2964-5891,mint,7407068158,,https://ejurnal.ikippgribojonegoro.ac.id/index.php/JR,ID,106
B,size_age_title,JURNAL PENDIDIKAN DASAR SETIA BUDHI (JPDS),2580-9466;2621-4997,mint,7407068159,,https://jurnal.usbr.ac.id/index.php/jpds,ID,106
B,size_age_title,Pedagogia delle Differenze,2785-6895,mint,7407068160,,https://www.pedagogiadelledifferenze.it/home/index.php/pdd,IT,106
B,size_age_title,Archivio Teologico Torinese,1591-2957,link_issnless_namesake,4306502880,4306502880,https://luthk.de/ojs/index.php/att,IT,106
B,size_age_title,Innovative Mechanical Engineering,2812-9229,mint,7407068161,,http://ime.masfak.ni.ac.rs/index.php/IME,RS,106
B,national_list,Kasetsart Applied Business Journal,2985-2277,mint,7407068162,,https://so04.tci-thaijo.org/index.php/KAB,TH,106
B,national_list,"Journal of Humanities and Social Sciences Review, Lampang Rajabhat University",2985-2757;2985-2765,mint,7407068163,,https://so15.tci-thaijo.org/index.php/jhssrlpru,TH,106
B,size_age_title,Forum,2718-6628,mint_name_twin,7407068164,4210197383;4210209137;4210221577;4210224321;4210228950;4210231071;4210235862;4306510829;4387285817;4393917096;52396224,https://erevistas.uca.edu.ar/index.php/FORUM,AR,105
B,size_age_title,Intrépido: Iniciação Científica,2764-815X,mint,7407068165,,https://periodicos.famig.edu.br/index.php/intrepido,BR,105
B,size_age_title,Idealogando: Revista de Ciências Sociais da UFPE,2526-3552,mint,7407068166,,https://periodicos.ufpe.br/revistas/idealogando,BR,105
B,size_age_title,POLIS – tidsskrift for samfundsfagsdidaktik,2597-2766;2597-2774,mint,7407068167,,https://tidsskrift.dk/POLIS,DK,105
B,size_age_title,East African Journal of Veterinary and Animal Sciences,2616-8804;2959-0531,mint,7407068168,,https://eajvas.haramayajournals.org/index.php/eajvas,ET,105
B,size_age_title,DESAMU: Prosiding Diseminasi KKN Universitas Mulawarman,3124-520X,mint,7407068169,,https://e-journals2.unmul.ac.id/index.php/pdkum,ID,105
B,size_age_title,Proceeding Of International Conference on Communication and Media Digital,3090-0603,mint,7407068170,,https://journal.uir.ac.id/index.php/icommedig,ID,105
B,size_age_title,Jurnal Abdimas Flora,2829-9515,mint,7407068171,,https://jurnal.stikesflora-medan.ac.id/index.php/jaf,ID,105
B,size_age_title,Jurnal Keperawatan Medika,2963-5691,mint,7407068172,,https://jkem.ppj.unp.ac.id/index.php/jkem,ID,105
B,size_age_title,AKADEMIKA : Jurnal Ilmiah Kependidikan,1412-7997;2809-8730,mint,7407068173,,https://journal.ipw.ac.id/index.php/Akademika,ID,105
B,size_age_title,Prosiding Seminar Nasional Teknologi Komputer dan Sains,3030-8011,mint,7407068174,,https://prosiding.seminars.id/prosainteks,ID,105
B,size_age_title,Jurnal Osadhawedyah,2987-2057;3025-1184,mint,7407068175,,https://nafatimahpustaka.org/osadhawedyah,ID,105
B,size_age_title,Pekodimas : Jurnal Pengabdian Kepada Masyarakat,2797-345X;2828-2744,mint,7407068176,,https://openjournal.unpam.ac.id/index.php/Pekomas,ID,105
B,size_age_title,PROSPEK,2828-3937,mint,7407068177,,https://ojs.mahadewa.ac.id/index.php/prospek,ID,105
B,size_age_title,Jurnal PPKn : Penelitian dan Pemikiran Pendidikan Pancasila dan Kewarganegaraan,2302-9412;2715-2650,mint,7407068178,,https://jurnal.ppkn.org/index.php/jppkn,ID,105
B,national_list,Sintuwu Maroso Journal of English Teaching,2460-3759;2829-9426,mint,7407068179,,https://ojs.unsimar.ac.id/index.php/sintuwumarosoJET,ID,105
B,size_age_title,Presisi,1411-4143,mint,7407068180,,https://journal.istn.ac.id/index.php/presisi,ID,105
B,size_age_title,Irish Journal of Arts Management and Cultural Policy,2009-6208,mint,7407068181,,https://culturalpolicy.ie/index.php/ijamcp,IE,105
B,size_age_title,Quaderni di Teoria Sociale,1824-4750;2724-0991,mint,7407068182,,https://riviste.morlacchilibri.com/index.php/quaderniditeoriasociale,IT,105
B,size_age_title,Pakistan Journal of American Studies,1011-811X;2958-6739,mint,7407068183,,https://pjas.qau.edu.pk/index.php/pjas,PK,105
B,national_list,Journal of Thai Food Culture,2774-0544,mint,7407068184,,https://so04.tci-thaijo.org/index.php/jfood,TH,105
B,size_age_title_other_script,Замонавий тадқиқотлар ахборотномаси,2181-4554,mint,7407068185,,https://inashr.uz/index.php/bocs,UZ,105
B,size_age_title,Journal of Integrity in Ecosystems and Environment,3030-3729,mint,7407068186,,https://journals.proindex.uz/index.php/JIEE,UZ,105
B,size_age_title,Majallah tul Mohsanat,2523-1111;3006-1288,mint,7407068187,,https://majallah-mohsanat.com/index.php/mm,,105
B,size_age_title,Didacticum,2707-0905,mint,7407068188,,https://didacticum.phst.at/index.php/didacticum,AT,104
B,size_age_title,Simpósio de Educação Profissional e Tecnológica do Sudeste,2966-3873,mint,7407068189,,https://simept.ti.srt.ifsp.edu.br/simept,BR,104
B,size_age_title,Conhecendo Online,2359-5256,mint,7407068190,,https://conhecendoonline.emnuvens.com.br/revista,BR,104
B,size_age_title,Western Undergraduate Economics Review,1705-6098;2562-9565,mint,7407068191,,https://ojs.lib.uwo.ca/index.php/wuer,CA,104
B,size_age_title,Interfaces,2619-4465;2619-4473,mint_name_twin,7407068192,4210189012;4210216689,https://revistas.unilibre.edu.co/index.php/interfaces,CO,104
B,size_age_title,Urban Crime. An international Journal,2732-6187,mint,7407068193,,https://ojs.panteion.gr/index.php/uc,GR,104
B,size_age_title,ALWAQFU: Jurnal Hukum Ekonomi dan Wakaf,3030-8364,mint,7407068194,,https://jurnal.alwaqfu.or.id/index.php/alwaqfu,ID,104
B,size_age_title,Jurnal Ekonomi dan Ilmu Sosial (JEIS),3025-9126,mint,7407068195,,https://jom.uin-suska.ac.id/index.php/JEIS,ID,104
B,size_age_title,JAPPA: Jurnal Andragogi Pedagogi dan Pemberdayaan Masyarakat,2986-2000,mint,7407068196,,https://ojs.unm.ac.id/jappa,ID,104
B,size_age_title,Jurnal Informatika Multi,2985-8860,mint,7407068197,,https://jurnal.publikasitecno.id/index.php/multi,ID,104
B,size_age_title,JUPITER : Jurnal Penerapan Ilmu-ilmu Komputer,2356-4865;3025-3543,mint,7407068198,,https://ejournal.borobudur.ac.id/index.php/08,ID,104
B,size_age_title,Tarbiyah Suska Conference Series,3046-8485,mint,7407068199,,https://jom.uin-suska.ac.id/index.php/TSCS,ID,104
B,size_age_title,"International Journal of Management, Accounting, Governance and Education",2785-9304,mint,7407068200,,https://ojs.unirazak.edu.my/index.php/image,MY,104
B,size_age_title,GPH-International Journal of Biological & Medicine Science,3050-9610,mint,7407068201,,https://gphjournal.org/index.php/bs,NL,104
B,size_age_title,Ciencias Económicas ISSN- 2788-6425,2788-6425,mint,7407068202,,https://revistascientificas.una.py/index.php/reco,PY,104
B,size_age_title,Przegląd Prawa Wyznaniowego,2080-3788,mint,7407068203,,https://ojs.academicon.pl/ppw,PL,104
B,size_age_title,International Journal of iRobotics,2788-8703,mint,7407068204,,https://iroboticsjournal.org/index.php/irobotics,TW,104
B,national_list,Journal of Learning Innovation and Technology,2773-9740;2773-9759,mint,7407068205,,https://so06.tci-thaijo.org/index.php/JLIT,TH,104
B,national_list,Bot Bundit,0857-2992,mint,7407068206,,https://so04.tci-thaijo.org/index.php/botbundit,TH,104
B,size_age_title,Journal of Social Sciences in Measurement Evaluation Statistics and Research,3088-1951,mint,7407068207,,https://so03.tci-thaijo.org/index.php/mesr,TH,104
B,size_age_title,The Measure: An Undergraduate Research Journal,2831-5421;3069-9282,mint,7407068208,,https://measure-ojs-shsu.tdl.org/measure/index.php/measure,US,104
B,size_age_title,Journal on Centers for Teaching and Learning,2150-2404,mint,7407068209,,https://openjournal.lib.miamioh.edu/index.php/jctl,US,104
B,size_age_title,"Journal of Agricultural Systems, Technology, and Management",2164-408X,mint,7407068210,,https://jastm.org/index.php/jastm,US,104
B,national_list,JOURNAL OF HUMANITIES AND SOCIAL SCIENCES SONGKHLA RAJABHAT UNIVERSITY,3027-6691,mint,7407068211,,https://so03.tci-thaijo.org/index.php/husoskru,,104
B,size_age_title,Revista Jurídica,0122-9028;2805-7163,mint_name_twin,7407068212,7407059064;4210188139;5407053103;4210214598;5407053798;7407068086,https://revistas.unicartagena.edu.co/index.php/Juridica,CO,103
B,size_age_title,Argumenta Biblica Theologica,2665-4369,mint,7407068213,,https://revistas.uniclaretiana.edu.co/index.php/Revista_Argumenta,CO,103
B,size_age_title,Revista Cubana de Oncología,1561-3089,link_issnless_namesake,4306526469,4306526469,https://revoncologia.sld.cu/index.php/onc,CU,103
B,size_age_title,ZENA-LISSAN (Journal of Academy of Ethiopian Languages and Cultures),2222-6028,mint,7407068214,,https://ejol.aau.edu.et/index.php/jaelc,ET,103
B,size_age_title,"Devotion: Jurnal Pengabdian Pada Masyarakat Bidang Pendidikan, Sains dan Teknologi",2809-4344;2809-4352,mint,7407068215,,https://ejurnal.ung.ac.id/index.php/devotion,ID,103
B,size_age_title,Prosiding Seminar Nasional Pendidikan Dasar dan Menengah,2964-5867,mint,7407068216,,http://prosiding.senapadma.nusaputra.ac.id/index.php/prosiding,ID,103
B,size_age_title,"Prosiding Seminar Kecerdasan Artifisial, Sains Data, dan Pendidikan Masa Depan",3063-5845,mint,7407068217,,https://openjournal.unpam.ac.id/index.php/PROKASDADIK,ID,103
B,size_age_title,Jurnal PGSD Indonesia,2443-1656;2549-4775,mint,7407068218,,https://journal.upy.ac.id/index.php/JPI,ID,103
B,size_age_title,Comunitaria: Jurnal Pengabdian Kepada Masyarakat,2797-5029;2797-9350,mint,7407068219,,https://jurnal.una.ac.id/index.php/comunitaria,ID,103
B,size_age_title,Ulūm al-Sunnah,2959-2216;2959-2224,mint,7407068220,,https://journals.iub.edu.pk/index.php/uas,PK,103
B,size_age_title,AL-IDRAK JOURNAL,2789-3227;2789-3235,mint,7407068221,,https://www.alidrak.com/ojs3303/index.php/alidrak,PK,103
B,national_list,"Journal of Engineering and Industrial Technology, Kalasin University",2985-0274;2985-0282,mint,7407068222,,https://ph03.tci-thaijo.org/index.php/JEIT,TH,103
B,national_list,Wipitpatanasilpa Journal of Arts,2730-3640,mint,7407068223,,https://so02.tci-thaijo.org/index.php/WIPIT,TH,103
B,size_age_title,Rattanakosin Journal of Social Sciences and Humanities,2730-4116,mint,7407068224,,https://so05.tci-thaijo.org/index.php/RJSH,TH,103
B,size_age_title,Journal of Sinology and Chinese Language Education,2774-0382;2821-9252,mint,7407068225,,https://so08.tci-thaijo.org/index.php/cikkuhygj,TH,103
B,national_list,Journal of Emergency Medical Services of Thailand,2773-9708,mint,7407068226,,https://he03.tci-thaijo.org/index.php/Jemst-01JHS,TH,103
B,national_list,The Journal of Thai Lanna Wisdom,2539-6706;2985-1475,mint,7407068227,,https://so06.tci-thaijo.org/index.php/khuangpaya,TH,103
B,size_age_title,Feldenkrais Research Journal,1817-4000,mint,7407068228,,https://feldenkraisresearchjournal.org/index.php/journal,US,103
B,size_age_title,Silsilat Al-anwar,2716-7852;2830-8719,mint,7407068229,,https://revue.univ-oran2.dz/Revue/Alanwar/index.php/El-Anwar,DZ,102
B,size_age_title,De Rebus Antiquis,2250-4923,mint,7407068230,,https://erevistas.uca.edu.ar/index.php/DRA,AR,102
B,size_age_title,Revista LOCUS,2957-7071;2957-708X,mint,7407068231,,https://revistas.umss.edu.bo/index.php/LOCUS,BO,102
B,size_age_title,Revista de Estudos Multidisciplinares UNDB,2238-7897;2966-1552,mint,7407068232,,https://periodicos.undb.edu.br/rem,BR,102
B,size_age_title,Maiêutica - Pedagogia,2318-6593,mint,7407068233,,https://publicacao.uniasselvi.com.br/index.php/PED_EaD,BR,102
B,size_age_title,"Intersectionalities: A Global Journal of Social Work Analysis, Research, Polity, and Practice",1925-1270,mint,7407068234,,https://journals.library.mun.ca/index.php/IJ,CA,102
B,size_age_title,Revista Educación Física Chile,0716-0518;0719-1723,mint,7407068235,,https://revistas.umce.cl/index.php/refc,CL,102
B,size_age_title,Apropia,2590-7409,mint,7407068236,,https://revistas.udem.edu.co/index.php/apropia,CO,102
B,size_age_title,Jurnal Ilmiah Ilmu Manajemen Magister,2829-6648;2830-0548,mint,7407068237,,https://openjournal.unpam.ac.id/index.php/JIIM,ID,102
B,size_age_title,"Journal of Business, Accounting and Finance",2964-3864,mint,7407068238,,http://ejournal.unsap.ac.id/index.php/job,ID,102
B,size_age_title,Prosiding Seminar Nasional Kesehatan Masyarakat Universitas Muhammadiyah Surakarta,2656-5757,mint,7407068239,,https://proceedings.ums.ac.id/index.php/semnasfik,ID,102
B,size_age_title,Humanis,2774-1613,held_name_issnless,,4306512466;4210221275,https://ojs.unm.ac.id/Humanis,ID,102
B,size_age_title,Jurnal Qiema (Qomaruddin Islamic Economics Magazine),2528-2913;2721-3587,mint,7407068240,,https://ejournal.kopertais4.or.id/pantura/index.php/qiema,ID,102
B,size_age_title,SAMAWAT: Journal Of Hadith and Qur'anic Studies,2614-0942,mint,7407068241,,https://ejournal.badrussholeh.ac.id/index.php/samawat,ID,102
B,size_age_title,Abenámar. Cuadernos de la Fundación Ramón Menéndez Pidal,2530-4151,mint,7407068242,,https://www.fundacionramonmenendezpidal.org/revista/index.php/Abenamar,ES,102
B,national_list,Nitipat NIDA Law Journal,2822-0560;2822-0609,mint,7407068243,,https://so04.tci-thaijo.org/index.php/nitipat,TH,102
B,national_list,Journal of Rattana Bundit University,2697-519X,mint,7407068244,,https://so03.tci-thaijo.org/index.php/rbac,TH,102
B,size_age_title,Middle East Journal of Positive Psychology,2520-0364,mint,7407068245,,https://www.middleeastjournalofpositivepsychology.org/index.php/mejpp,AE,102
B,size_age_title,Journal of Interdisciplinary Insights,2995-6587;3065-4424,mint,7407068246,,https://gipublishing.org/index.php/jis,,102
B,size_age_title,Revista SCientifica,1813-0054;2313-7843,mint,7407068247,,https://scientifica.revista.bo/index.php/Scientifica,BO,101
B,size_age_title,Revista de Direito da Empresa e dos Negócios,2526-9348,mint,7407068248,,https://revistas.unisinos.br/index.php/rden,BR,101
B,size_age_title,Praxis Jurídic@,2596-2108,mint,7407068249,,https://anais.unievangelica.edu.br/index.php/praxisjuridica,BR,101
B,size_age_title,Jurnal Ilmu Manajemen dan Bisnis,2302-6723;2986-9331,mint_name_twin,7407068250,5407053565;4210184507,https://journals.ubmg.ac.id/index.php/JIMB,ID,101
B,size_age_title,Jurnal Arsitektur Sulapa,1412-9752,mint,7407068251,,https://journal.ft.unibos.ac.id/index.php/jas,ID,101
B,size_age_title,Journal Governance and Politics (JGP),2776-3471,mint,7407068252,,https://e-journal.iyb.ac.id/index.php/jgp,ID,101
B,size_age_title,Kenyan Journal of Nursing & Midwifery,2518-8631,mint,7407068253,,https://kjnm.co.ke/index.php/kjnm,KE,101
B,size_age_title,International Journal of Advanced Legal Studies and Governance (IJALSG),2141-6710;2795-2991,mint,7407068254,,https://www.icidr.org.ng/index.php/Ijalsg,NG,101
B,size_age_title,Traditional Journal of Law and Social Sciences,2957-5753;2957-5761,mint,7407068255,,https://ojs.traditionaljournaloflaw.com/index.php/TJLSS,PK,101
B,size_age_title,Balochistaniyat - Annual Research Journal of Balochi Academy,2305-1345;2789-9780,mint,7407068256,,https://balochistaniyat.balochiacademy.org/index.php/journal,PK,101
B,size_age_title,Pakistan Journal of Media Sciences,2709-5401;2710-4729,mint,7407068257,,https://media-sciences.com/index.php/pjms,PK,101
B,national_list,EDUCATION JOURNAL OF NAKHONRATCHASIMA COLLEGE,2774-1273;3057-0964,mint,7407068258,,https://so08.tci-thaijo.org/index.php/edunmcj,TH,101
B,national_list,International Chinese Language Teaching,2774-1265;2821-9171,mint,7407068259,,https://so04.tci-thaijo.org/index.php/iclt,TH,101
B,size_age_title,Islamic University in Uganda Journal of Comparative Law,2519-951X,mint,7407068260,,https://journals.iuiu.ac.ug/index.php/iujcl,UG,101
B,size_age_title,Current Opinion,2795-935X,mint,7407068261,,https://currentopinion.be/index.php/co,BE,100
B,size_age_title,Vorträge und Forschungen: Sonderbände,0933-4467;2364-4273,mint,7407068262,,https://journals.ub.uni-heidelberg.de/index.php/vuf-sb,DE,100
B,size_age_title,Journal of Health Sciences Leksia (JHSL),3032-0542,mint,7407068263,,https://jhsljournal.com/index.php/ojs,ID,100
B,size_age_title,Prosiding SeNSosio (Seminar Nasional Prodi Sosiologi),2775-9121,mint,7407068264,,https://proceeding.unram.ac.id/index.php/sensosio,ID,100
B,size_age_title,Al Naqdu: Jurnal Kajian Keislaman,2723-3995,mint,7407068265,,https://jurnal.uicirebon.ac.id/index.php/alnaqdu,ID,100
B,size_age_title,ELang | An English Language Education Journal,2502-7549,mint,7407068266,,https://ejournal.unibba.ac.id/index.php/elang,ID,100
B,size_age_title,EDUKHA : Jurnal Penelitian dan Pengabdian kepada Masyarakat,2722-0583;2745-7494,mint,7407068267,,https://ejournal.uika-bogor.ac.id/index.php/Edukha,ID,100
B,size_age_title,ri.tra | rivista di traduzione: teorie pratiche storie,2975-0873,mint,7407068268,,https://www.ojs.unito.it/index.php/ritra,IT,100
B,size_age_title,Archivo Churubusco,2594-2050,mint,7407068269,,https://revistas.inah.gob.mx/index.php/archivochurubusco,MX,100
B,size_age_title_other_script,المجلة الالكترونية للدراسات القانونية والتنمية,3009-5050,mint,7407068270,,https://revues.imist.ma/index.php/REEJD,MA,100
B,size_age_title,Revista Iberoamericana de Derecho del Trabajo y de la Seguridad Social,2789-0368,mint,7407068271,,https://revistaiberoamericana.net/index.php/main,NI,100
B,size_age_title,APPON PHILOSOPHICAL QUARTERLY,2955-1641,mint,7407068272,,https://acjol.org/index.php/apponquarterly,NG,100
B,size_age_title,Nigerian Stethoscope,2714-3635;2714-4305,mint,7407068273,,https://nigerianstethoscope.org/index.php/NigSTETH,NG,100
B,size_age_title_other_script,Культура и цивилизация (Донецк),2522-9788,link_issnless_namesake,4306539457,4306539457,https://ojs.donntu.ru/index.php/cic,RU,100
B,size_age_title,XORNADAS AGAMFEC,3020-3600,mint,7407068274,,https://journal.agamfec.com/index.php/xornadas,ES,100
B,size_age_title,Regional Health Promotion Center 10 Journal,3088-2095,mint,7407068275,,https://he03.tci-thaijo.org/index.php/HPC10Journal,TH,100
B,national_list,Journal of Research and Development the Greater Mekong Subregion,2774-0943,mint,7407068276,,https://so14.tci-thaijo.org/index.php/RDGMSJournal,TH,100
B,national_list,"The Academic and Nursing Journal of Boromarajonani College of Nursing, Chakriraj",2730-3993;2985-1203,mint,7407068277,,https://he04.tci-thaijo.org/index.php/jckr,TH,100
B,national_list,Journal of Science and Technology Phetchabun Rajabhat University,2774-0528,mint,7407068278,,https://so04.tci-thaijo.org/index.php/jstpcru,TH,100
B,national_list,Fa Nuea Journal,1906-5329;2465-4981,mint,7407068279,,https://so01.tci-thaijo.org/index.php/FaNJ,TH,100
B,size_age_title,Top Educational Review Journal (TERJ),2836-5224,mint,7407068280,,https://zapjournals.com/Journals/index.php/TERJ,US,100
B,size_age_title,Central Asian Journal of STEM,2181-2934,mint,7407068281,,https://stem.kiut.uz/index.php/journal,UZ,100
B,size_age_title,Centro de Estudos Estratégicos do Exército: Informativo Estratégico,2525-7102,mint,7407068282,,https://decex.nucleoead.net/ebrevistas22/CEEExIE,,100
B,national_list,MASILE,2686-0732,mint,7407068283,,https://jurnal.ipeba.ac.id/index.php/masile,ID,99
B,national_list,Business Administration and Economics Review,3056-9702,mint,7407068284,,https://so15.tci-thaijo.org/index.php/bae,TH,99
B,national_list,Journal of East Asian and ASEAN Studies,1686-378X,mint,7407068285,,https://so01.tci-thaijo.org/index.php/eascramJ,TH,99
B,national_list,International Journal of Development Administration Research,2730-3063,mint,7407068286,,https://so02.tci-thaijo.org/index.php/ijdar,TH,99
B,national_list,Education Journal of Nakhon Si Thammarat Rajabhat University,2821-9465;3027-8155,mint,7407068287,,https://so16.tci-thaijo.org/index.php/EJ-NSTRU,TH,99
B,national_list,Boting Langi: Jurnal Seni Pertunjukan,2829-9280,mint,7407068288,,https://ojs.unm.ac.id/botinglangi,ID,98
B,national_list,Journal of Contemporary Buddhist Society = JCBS,3057-0891,mint,7407068289,,https://so11.tci-thaijo.org/index.php/JCBS,TH,98
B,national_list,Journal of Thammawat,2822-0315,mint,7407068290,,https://so09.tci-thaijo.org/index.php/tmwj,TH,98
B,national_list,Journal of Science and Technology Southeast Bangkok University,2773-9120,mint,7407068291,,https://ph02.tci-thaijo.org/index.php/JSCI,TH,98
B,national_list,Journal of Value Chain Management and Business Strategy,2822-0226,mint,7407068292,,https://so08.tci-thaijo.org/index.php/VCMBS,TH,97
B,national_list,Academic Journal of Science and Applied Science,2586-8551;2697-4568,mint,7407068293,,https://ph03.tci-thaijo.org/index.php/ajsas,TH,97
B,national_list,PKRU SciTech Journal,2822-1044,mint,7407068294,,https://ph01.tci-thaijo.org/index.php/pkruscitech,TH,97
B,national_list,Journal of Educational Research and Innovation,2774-0692;2774-0706,mint_name_twin,7407068295,5407014846,https://so04.tci-thaijo.org/index.php/RESEARCH_INNOVTION_IN_EDUCATION,TH,96
B,national_list,"Journal of Management Science, Dhonburi Rajabhat University",2697-5823,mint,7407068296,,https://so10.tci-thaijo.org/index.php/msdru,TH,96
B,national_list,"RTNA Journal of Social Sciences, Humanities and Education",2985-2854;2985-2870,mint,7407068297,,https://so06.tci-thaijo.org/index.php/rtna-socialj,TH,96
B,national_list,Maejo Business Review,3056-9117,mint,7407068298,,https://so05.tci-thaijo.org/index.php/MJBA,,96
B,national_list,Rajabhat Agriculture Journal,1686-5103;3057-1588,mint,7407068299,,https://li04.tci-thaijo.org/index.php/kjna,TH,95
B,national_list,Journal of Rajanagarindra,2774-1222;2774-1230,mint,7407068300,,https://so05.tci-thaijo.org/index.php/Jrru,TH,95
B,national_list,Thaksin Law Journal,3027-656X;3027-6578,mint,7407068301,,https://so06.tci-thaijo.org/index.php/lawtsu,TH,95
B,national_list,Al Irsyad : Jurnal Bimbingan Konseling Islam,2086-1257;2685-8479,mint,7407068302,,https://ejournal.uinib.ac.id/jurnal/index.php/alirsyad,ID,94
B,national_list,"Nursing, Health, and Public Health Journal",2774-082X,mint,7407068303,,https://he03.tci-thaijo.org/index.php/nhphj,TH,94
B,national_list,National Library of Thailand Journal,2985-2668;2985-2676,mint,7407068304,,https://so04.tci-thaijo.org/index.php/nlt,TH,94
B,national_list,Journal of Asia Arts and Design,2730-213X;2730-3381,mint,7407068305,,https://so01.tci-thaijo.org/index.php/jaad,TH,94
B,national_list,Journal of Planning and Research in Civil Engineering,2962-3448,mint,7407068306,,https://ejournal.unida-aceh.ac.id/index.php/prince,ID,93
B,national_list,Journal of Bansomdej Engineering and Industrial Technology,3027-8716;3027-8856,mint,7407068307,,https://ph04.tci-thaijo.org/index.php/JEITB,TH,93
B,national_list,"Journal of Science, Technology and Agriculture Research",3088-3172,mint,7407068308,,https://ph02.tci-thaijo.org/index.php/ScienceRERU,,93
B,national_list,Journal of Allied Health Sciences Suan Sunandha Rajabhat University,2539-6749;2730-1907,mint,7407068309,,https://he04.tci-thaijo.org/index.php/JAHS,TH,92
B,national_list,วารสารสาธารณสุขมูลฐาน (ภาคเหนือ),3056-9621;3056-963X,mint,7407068310,,https://thaidj.org/index.php/NRTC,TH,91
B,national_list,SAU JOURNAL OF SCIENCE & TECHNOLOGY,2408-235X;2673-0049,mint,7407068311,,https://ph01.tci-thaijo.org/index.php/saujournalst,TH,91
B,national_list,TeknoKreatif: Jurnal Pengabdian kepada Masyarakat,2807-1751,mint,7407068312,,https://journal.itera.ac.id/index.php/teknokreatif,ID,90
B,national_list,Journal of Organizational Management and Social Development,3027-7507,mint,7407068313,,https://so17.tci-thaijo.org/index.php/JOMSD,TH,90
B,national_list,Multidisciplinary Journal for Health,2673-0855,mint,7407068314,,https://he02.tci-thaijo.org/index.php/MDHJ,TH,90
B,national_list,Journal of Sustainable Tourism Development,2730-2911;2730-3322,mint,7407068315,,https://so04.tci-thaijo.org/index.php/JSTD,TH,90
B,national_list,CRRU Journal of Communication,2697-5955;2697-5963,mint,7407068316,,https://so01.tci-thaijo.org/index.php/CRRUJC,TH,90
B,national_list,Journal of Public Administration Chiang Rai Rajabhat University,3056-9710,mint,7407068317,,https://so16.tci-thaijo.org/index.php/POPACRRU,TH,90
B,national_list,TMF Journal,2774-1303;2774-1311,mint,7407068318,,https://so04.tci-thaijo.org/index.php/tmfjournal,TH,89
B,national_list,APHEIT Journal of Nursing and Health,2697-4622,mint,7407068319,,https://rsujournals.rsu.ac.th/index.php/ajnh,TH,89
B,national_list,PalComTech Student Conference (PSC),2087-9571;2541-335X,mint,7407068320,,https://ojs.palcomtech.ac.id/index.php/palcomtech-student-conference,ID,88
B,national_list,Doctor of Philosophy in Social Sciences Journal,2774-129X;2774-1443,mint,7407068321,,https://so08.tci-thaijo.org/index.php/dpssj,TH,88
B,national_list,Panyalikit Journal,3056-9036,mint,7407068322,,https://so15.tci-thaijo.org/index.php/PYJ,,88
B,national_list,Polynom: Journal in Mathematics Education,2808-0777;2828-8521,mint,7407068323,,https://ejournal.uin-suka.ac.id/tarbiyah/Polynom,ID,87
B,national_list,"Journal of Innovation, Advancement, and Methodology in STEM education",3027-8392,mint,7407068324,,https://so13.tci-thaijo.org/index.php/J_IAMSTEM,TH,87
B,national_list,วารสารวิชาการหลักสูตรและการสอน มหาวิทยาลัยราชภัฏสกลนคร (Academic Journal of Curriculum and Instruction Sakon Nakhon Rajabhat University),2985-1963;2985-1971,mint,7407068325,,https://so16.tci-thaijo.org/index.php/jci,TH,87
B,national_list,Journal for Strategy and Enterprise Competitiveness,2774-1427,mint,7407068326,,https://so07.tci-thaijo.org/index.php/STECOJournal,TH,87
B,national_list,"Journal of Innovation in Business, Management, and Social Sciences",2697-6609,mint,7407068327,,https://so03.tci-thaijo.org/index.php/jibim,TH,87
B,national_list,Journal of Federation of Accounting Professions,2672-9776,mint,7407068328,,https://so02.tci-thaijo.org/index.php/JFAC,TH,87
B,national_list,Journal of Modern Management SHINAWATRA UNIVERSITY,2985-2455,mint,7407068329,,https://so15.tci-thaijo.org/index.php/SIU,TH,86
B,national_list,Asian Journal of Traditional and Innovative Arts and Textiles,2821-921X,mint,7407068330,,https://so06.tci-thaijo.org/index.php/TIAT,TH,86
B,national_list,Thai Journal of Orthodontics,2822-0293,mint,7407068331,,https://he01.tci-thaijo.org/index.php/THAIORTHO,TH,86
B,national_list,ASEAN Journal of Management & Innovation,2351-0307,mint,7407068332,,https://so13.tci-thaijo.org/index.php/AJMI,TH,85
B,national_list,CRMA Journal of Humanities and Social Sciences,2392-5698;2673-0022,mint,7407068333,,https://so01.tci-thaijo.org/index.php/CRMA_HUSO,TH,84
B,national_list,APHEIT International Journal of Interdisciplinary Social Sciences and Technology,3056-977X,mint,7407068334,,https://so04.tci-thaijo.org/index.php/ATI,,84
B,national_list,Journal of Dhamma Sana,3057-0441,mint,7407068335,,https://so10.tci-thaijo.org/index.php/JDSN,TH,83
B,national_list,Bodhisastra Review Journal,2651-1452,mint,7407068336,,https://so09.tci-thaijo.org/index.php/BRJ,TH,82
B,national_list,Tifani : Jurnal Penelitian dan Pengabdian Kepada Masyarakat,2809-008X,mint,7407068337,,https://tifani.org/index.php/tifani,ID,81
B,national_list,Thailand Electrical Engineering Journal (TEEJ),2773-9236,mint,7407068338,,https://ph04.tci-thaijo.org/index.php/TEE_J,TH,81
B,national_list,Journal of Manufacturing & Management Technology,2821-9597,mint,7407068339,,https://ph01.tci-thaijo.org/index.php/jMMT,TH,81
B,national_list,ROMYOONGTHONG JOURNAL,2985-0193,mint,7407068340,,https://so08.tci-thaijo.org/index.php/romyoongthong,TH,79
B,national_list,Kalasin University Journal of Science Technology and Innovation,2821-9406,mint,7407068341,,https://li01.tci-thaijo.org/index.php/sci_01,TH,79
B,national_list,Journal of MCU Buddhasothorn Review,3088-2591,mint,7407068342,,https://so02.tci-thaijo.org/index.php/JMBR_sothorn,TH,79
B,national_list,Journal of Liberal Arts Rajamangala University of Technology Phra Nakhon,3057-1049,mint,7407068343,,https://so07.tci-thaijo.org/index.php/LiberalJ,TH,79
B,national_list,"Science Journal, Chandrakasem Rajabhat University",1685-0491;2697-4584,mint,7407068344,,https://ph03.tci-thaijo.org/index.php/scicru,TH,78
B,national_list,PBRU Science Journal,2773-9716,mint,7407068345,,https://li01.tci-thaijo.org/index.php/scijPBRU,TH,78
B,national_list,The Thai Journal of Radiological Technology,0857-1422;2730-4140,mint,7407068346,,https://he02.tci-thaijo.org/index.php/tjrt,TH,78
B,national_list,Journal of ASEAN PLUS Studies,2730-1311,mint,7407068347,,https://so06.tci-thaijo.org/index.php/aseanplus,TH,77
B,national_list,Journal of Science and Technology Thonburi University,2730-3837,mint,7407068348,,https://ph03.tci-thaijo.org/index.php/trusci,TH,76
B,national_list,Thai Journal of Otolaryngology Head and Neck Surgery,0857-2321;2730-3039,mint,7407068349,,https://he02.tci-thaijo.org/index.php/rcotJ,TH,76
B,national_list,JOURNAL OF LANNA RESEARCH REVIEW,2822-0811,mint,7407068350,,https://so13.tci-thaijo.org/index.php/JOLRR,TH,75
B,national_list,International Journal of Public Health and Health Sciences,2673-0200;2673-0251,mint,7407068351,,https://he01.tci-thaijo.org/index.php/ijphs,TH,75
B,national_list,Legal State Journal,2822-1281,mint,7407068352,,https://so19.tci-thaijo.org/index.php/LSJ,TH,74
B,national_list,Journal of Lanna Societies,3027-6721,mint,7407068353,,https://so13.tci-thaijo.org/index.php/jls,TH,73
B,national_list,Journal of Chaimongkol Review,3027-8848,mint,7407068354,,https://so18.tci-thaijo.org/index.php/j_cm,TH,73
B,national_list,Chiang Mai Rajabhat Education Journal,2821-9961,mint,7407068355,,https://so07.tci-thaijo.org/index.php/cmredujo,TH,73
B,national_list,Journal of Education Buriram Rajabhat University,2773-966X,mint,7407068356,,https://so01.tci-thaijo.org/index.php/BRUJE,TH,73
B,national_list,Journal of Science and Technology CRRU,2821-9333,mint,7407068357,,https://li01.tci-thaijo.org/index.php/jstcrru,TH,71
B,national_list,Design Echo,2697-4193;2773-9325,mint,7407068358,,https://so02.tci-thaijo.org/index.php/jdecho,TH,71
B,national_list,Journal of Humanities and Social Sciences Thonburi University (Graduate Studies),2822-1273,mint,7407068359,,https://so13.tci-thaijo.org/index.php/gdjournal,TH,70
B,national_list,Journal of Language and Culture Studies,3057-1138,mint,7407068360,,https://so11.tci-thaijo.org/index.php/jlcs,TH,70
B,national_list,Journal of Education Yala Rajabhat University,2822-0099,mint,7407068361,,https://so08.tci-thaijo.org/index.php/jeduyru,TH,70
B,national_list,Journal of Graduate School of Management Studies of Sripatum University Khon Kaen Campus,3057-0131,mint,7407068362,,https://so18.tci-thaijo.org/index.php/JGSM_SPUKK,TH,69
B,national_list,Journal of Science and Agricultural Technology,2730-1524;2730-1532,mint,7407068363,,https://ph02.tci-thaijo.org/index.php/JSAT,TH,69
B,national_list,International Journal of Science Education and Teaching,2821-9163,mint,7407068364,,https://so07.tci-thaijo.org/index.php/IJSET,TH,69
B,national_list,Thai Journal of Emergency Medicine,2697-4924,mint,7407068365,,https://he02.tci-thaijo.org/index.php/TJEM,TH,69
B,national_list,Biology and Education Journal,2723-7303,mint,7407068366,,https://journal.uir.ac.id/index.php/baej,ID,68
B,national_list,RMUTP Journal of Business and Innovation Management,2822-0005,mint,7407068367,,https://so06.tci-thaijo.org/index.php/RMUTP_JBI,TH,68
B,national_list,Journal of Education and Research in Public Health,2985-0126,mint,7407068368,,https://so12.tci-thaijo.org/index.php/JERPH_Yala,,67
B,national_list,Journal of Management Science Nakhonratchasima University,2821-9538;2821-9546,mint,7407068369,,https://so08.tci-thaijo.org/index.php/jmsnrru,TH,65
B,national_list,Journal of Political and Social Agenda,2821-9554,mint,7407068370,,https://so05.tci-thaijo.org/index.php/polsciPSU,TH,65
B,national_list,"Journal of Science, Engineering and Technology",2773-9856,mint,7407068371,,https://ph02.tci-thaijo.org/index.php/JSET,TH,64
B,national_list,Journal of Physics and General Science,2697-4444,mint,7407068372,,http://journalpags.skru.ac.th/ojs/index.php/jpags,TH,64
B,national_list,Journal of Landscape Architecture and Planning,3027-8503,mint,7407068373,,https://so01.tci-thaijo.org/index.php/LAJ,TH,64
B,national_list,Dhammadhara Journal of Buddhist Ideology for Development,2985-007X,mint,7407068374,,https://so12.tci-thaijo.org/index.php/djbid,TH,63
B,national_list,Udon Thani Rajabhat University Journal of Guru Education,2697-5920,mint,7407068375,,https://so06.tci-thaijo.org/index.php/edudru,TH,63
B,national_list,APHEIT Journal (SCIENCE and Technology),3056-9729,mint,7407068376,,https://li01.tci-thaijo.org/index.php/apheitoffice_science,TH,62
B,national_list,SONGKLANAKARIN LAW JOURNAL,2730-3721,mint,7407068377,,https://so06.tci-thaijo.org/index.php/SLJ,TH,62
B,national_list,Thai Journal of Psychology,3088-1579,mint,7407068378,,https://so07.tci-thaijo.org/index.php/JPsychol,TH,61
B,national_list,Political Science Review,2465-4043,mint,7407068379,,https://so05.tci-thaijo.org/index.php/RatthasatNithet,TH,61
B,national_list,Beru'-beru': Jurnal Pengabdian kepada Masyarakat,2962-987X,mint,7407068380,,https://ojs.unsulbar.ac.id/index.php/jipm,ID,60
B,national_list,The Office of Disease Prevention and Control 8 Udon Thani Journal,2822-0250,mint,7407068381,,https://he03.tci-thaijo.org/index.php/JODPC8,TH,60
B,national_list,Journal of Logistics and Digital Supply Chain,2985-0088;2985-0096,mint,7407068382,,https://ph03.tci-thaijo.org/index.php/JLDSC,TH,58
B,national_list,VRU Agricultural and Food Journal,2821-9244,mint,7407068383,,https://li04.tci-thaijo.org/index.php/VRU_AFJ,TH,57
B,national_list,Journal of Economics Maejo University,2773-9414;2774-0005,mint,7407068384,,https://so10.tci-thaijo.org/index.php/ECONMAEJO_JOURNAL,TH,57
B,national_list,Aceh Journal of Electrical Engineering and Technology,2827-9700,mint,7407068385,,https://ejournal.unida-aceh.ac.id/index.php/ajeetech,ID,56
B,national_list,ASEAN Journal of Sport for Development and Peace,2807-1611;2807-1638,mint,7407068386,,https://ejournal.upi.edu/index.php/ajsdp,ID,56
B,national_list,SSRU International Journal of Management Science (IJMS),3088-2397,mint,7407068387,,https://so10.tci-thaijo.org/index.php/ssru,,56
B,national_list,"Bali Journal of Hospitality, Tourism and Culture Research",3031-8580,mint,7407068388,,https://ojs.baliacademicpublishing.com/index.php/balijournalhtcr,ID,55
B,national_list,Buddhasothorn Hospital Journal,2586-8624;2985-2587,mint,7407068389,,https://he05.tci-thaijo.org/index.php/BSHJ,TH,55
B,national_list,Journal of Life Science Agriculture and Technology,3088-2222,mint,7407068390,,https://li04.tci-thaijo.org/index.php/psj,TH,55
B,national_list,รัฐศาสตร์สาร,0125-135X,mint,7407068391,,https://so06.tci-thaijo.org/index.php/PolscituJR,TH,55
B,national_list,Academic Journal of Industrial Technology Innovation,2822-1125;3027-8090,mint,7407068392,,https://ph03.tci-thaijo.org/index.php/AJITI,TH,54
B,national_list,International Journal of Educational Communications and Technology,2774-1184,mint,7407068393,,https://ph01.tci-thaijo.org/index.php/IJECT,TH,54
B,national_list,"Journal of Aviation, Travel, and Service",2822-0129;2822-0137,mint,7407068394,,https://so07.tci-thaijo.org/index.php/tft,TH,52
B,national_list,journal of business and society innovation,3027-8228,mint,7407068395,,https://so14.tci-thaijo.org/index.php/J-BSI,TH,51
B,national_list,Journal of Arts and Science Chaiyaphum Rajabhat University,2408-0993;2730-1486,mint,7407068396,,https://so06.tci-thaijo.org/index.php/JAS_CPRU,TH,51
B,national_list,Journal of Faculty of Architecture and Design RMUTP,2822-0757,mint,7407068397,,https://so08.tci-thaijo.org/index.php/JFAD,TH,51
B,national_list,Journal of Social Development Research and Practice,3027-8430,mint,7407068398,,https://so15.tci-thaijo.org/index.php/jsdrp,TH,50
B,national_list,Agricultural and Biological Engineering,3056-932X,mint,7407068399,,https://ph04.tci-thaijo.org/index.php/abe,TH,50
B,national_list,Journal of Vongchavalitkul University (Humanities and Social Sciences),2985-0428,mint,7407068400,,https://so10.tci-thaijo.org/index.php/JVU_HS,TH,50
B,national_list,ARRUS Jurnal Pengabdian Kepada Masyarakat,2964-1195,mint,7407068401,,https://journal.arrus.id/index.php/abdiku,ID,49
B,national_list,Journal of Technology and Engineering Progress,3027-6500,mint,7407068402,,https://ph03.tci-thaijo.org/index.php/JTEP,TH,49
B,national_list,Journal of Law and Political Affairs,2985-0770;2985-0819,mint,7407068403,,https://so03.tci-thaijo.org/index.php/JPG,,49
B,national_list,Health Science Journal of Nakhon Ratchasima College,2821-9783,mint,7407068404,,https://he03.tci-thaijo.org/index.php/jhsnmc,TH,48
B,national_list,Journal of National Educational Testing and Assessment,2730-3535;3027-8333,mint,7407068405,,https://so02.tci-thaijo.org/index.php/JOURNALNIETS,TH,48
B,national_list,"Journal of Academic Management Science, Phetchabun Rajabhat University",2672-9857;3057-0689,mint,7407068406,,https://so12.tci-thaijo.org/index.php/jams,TH,47
B,national_list,"Academic Journal of Science and Technology, Dhonburi Rajabhat University",2985-0681,mint,7407068407,,https://li04.tci-thaijo.org/index.php/scidru,TH,47
B,national_list,Journal of Management Science and Accounting,2821-9600,mint,7407068408,,https://so07.tci-thaijo.org/index.php/JMSA_FMS_URU,,47
B,national_list,Journal of Nursing and Health Sciences Nakhon Phanom University,2985-0908,mint,7407068409,,https://he03.tci-thaijo.org/index.php/bcnnjournal,TH,46
B,national_list,Journal of Applied Animal Science,1906-2257;2985-1211,mint,7407068410,,https://he02.tci-thaijo.org/index.php/jaas_muvs,,46
B,national_list,Journal of Education Studies Valaya Alongkorn Rajabhat University,2821-9147;3027-6764,mint,7407068411,,https://so07.tci-thaijo.org/index.php/VRUJ,TH,45
B,national_list,Journal of Management Science and Communication,2821-9562;2821-9821,mint,7407068412,,https://so07.tci-thaijo.org/index.php/jmsc_journal,TH,45
B,national_list,Journal of Research Methodology,2697-4835,mint_name_twin,7407068413,4210186894,https://so12.tci-thaijo.org/index.php/jrm,TH,44
B,national_list,Journal of Industrial Technology Buriram Rajabhat University,3088-1749,mint,7407068414,,https://ph05.tci-thaijo.org/index.php/bru-idtech-journal,TH,44
B,national_list,Lanna Academic Journal of Social Science,3056-9648,mint,7407068415,,https://so13.tci-thaijo.org/index.php/LANNA,,42
B,national_list,AIM: Journal of Islamic Education Management,3025-1087;3025-1141,mint,7407068416,,https://journal.uinsgd.ac.id/index.php/aim,ID,41
B,national_list,Samutprakan Hospital Journal (SMPK HOS J),2985-0711;2985-072X,mint,7407068417,,https://he03.tci-thaijo.org/index.php/smpkhj,TH,41
B,national_list,Thai Geoscience Journal,2730-2695;3056-9370,mint,7407068418,,https://ph03.tci-thaijo.org/index.php/TGJ,TH,40
B,national_list,Journal of Science and Technology Rajamangala University of Technology Krungthep,2392-5647,mint,7407068419,,https://li04.tci-thaijo.org/index.php/stjrmutk,TH,34
B,national_list,"Journal of Management Sciences, Songkhla Rajabhat University",2821-9481,mint,7407068420,,https://so06.tci-thaijo.org/index.php/mgt-skru,TH,34
B,national_list,SRIPATUM LAW JOURNAL,3088-2028,mint,7407068421,,https://so07.tci-thaijo.org/index.php/Lawllmjournal,TH,31
B,national_list,Countable (Contemporary Business and Sustainability Science),3063-0126,mint,7407068422,,https://ejournal.masyarakatjurnal.or.id/index.php/countable,ID,28
B,national_list,Journal of Psychological Educational and Social Sciences Research,3027-642X,mint,7407068423,,https://so18.tci-thaijo.org/index.php/JPESS,TH,25
B,national_list,Constitutional Court Journal,3088-1188;3088-1625,mint,7407068424,,https://so15.tci-thaijo.org/index.php/OCC,TH,23
B,national_list,Journal of Education & Learning Development Innovation,2822-0773,mint,7407068425,,https://so15.tci-thaijo.org/index.php/JELDI,TH,19
B,national_list,The Journal of Industrial Technology Thepsatri Rajabhat University,3027-849X,mint,7407068426,,https://ph05.tci-thaijo.org/index.php/itechtru,TH,12
