name,issns,active,withdrawn_date,withdrawal_reason
[Rinsho ketsueki] The Japanese journal of clinical hematology,0485-1439;1882-0824,true,,
2d materials,2053-1583,true,,
3 Biotech,2190-572X;2190-5738,true,,
AAS open research,2515-9321,true,,
Abdominal radiology,2366-004X;2366-0058,true,,
Academic forensic pathology,1925-3621,true,,
Academic medicine : journal of the Association of American Medical Colleges,1040-2446;1938-808X,true,,
Academic pediatrics,1876-2859;1876-2867,true,,
Academic psychiatry : the journal of the American Association of Directors of Psychiatric Residency Training and the Association for Academic Psychiatry,1042-9670;1545-7230,true,,
Academic radiology,1076-6332;1878-4046,true,,
Accident; analysis and prevention,0001-4575;1879-2057,true,,
Accountability in research,0898-9621;1545-5815,true,,
Accounting auditing & accountability,0951-3574;1758-4205,true,,
Accounts of chemical research,0001-4842;1520-4898,true,,
ACM transactions on autonomous and adaptive systems,1556-4665;1556-4703,true,,
ACM transactions on computer-human interaction : a publication of the Association for Computing Machinery,1073-0516;1557-7325,true,,
ACR open rheumatology,2578-5745,true,,
ACS applied bio materials,2576-6422,true,,
ACS applied energy materials,2574-0962,true,,
ACS applied materials & interfaces,1944-8244;1944-8252,true,,
ACS applied nano materials,2574-0970,true,,
ACS applied polymer materials,2637-6105,true,,
ACS bio & med chem Au,2694-2437,true,,
ACS biomaterials science & engineering,2373-9878,true,,
ACS central science,2374-7943;2374-7951,true,,
ACS chemical neuroscience,1948-7193,true,,
ACS environmental Au,2694-2518,true,,
ACS ES&T engineering,2690-0645,true,,
ACS infectious diseases,2373-8227,true,,
ACS materials letters,2639-4979,true,,
ACS medicinal chemistry letters,1948-5875,true,,
ACS omega,2470-1343,true,,
ACS pharmacology & translational science,2575-9108,true,,
ACS photonics,2330-4022,true,,
ACS sensors,2379-3694,true,,
ACS sustainable chemistry & engineering,2168-0485,true,,
ACS sustainable resource management,2837-1445,true,,
ACS synthetic biology,2161-5063,true,,
Acta acustica united with acustica : the journal of the European Acoustics Association (EEIG),1610-1928;1861-9959,true,,
Acta anaesthesiologica Scandinavica,0001-5172;1399-6576,true,,
Acta biochimica et biophysica Sinica,1672-9145;1745-7270,true,,
Acta biomaterialia,1742-7061;1878-7568,true,,
Acta biotheoretica,0001-5342;1572-8358,true,,
Acta cardiologica,0001-5385;1784-973X,true,,
"Acta crystallographica. Section D, Structural biology",2059-7983,true,,
Acta cytologica,0001-5547;1938-2650,true,,
Acta dermato-venereologica,0001-5555;1651-2057,true,,
Acta diabetologica,0940-5429;1432-5233,true,,
Acta haematologica,0001-5792;1421-9662,true,,
Acta histochemica,0065-1281;1618-0372,true,,
Acta informatica medica : AIM : journal of the Society for Medical Informatics of Bosnia & Herzegovina : casopis Drustva za medicinsku informatiku BiH,0353-8109;1986-5988,true,,
Acta medica Lituanica,1392-0138;2029-4174,true,,
Acta naturae,2075-8251,true,,
Acta neurochirurgica,0001-6268;0942-0940,true,,
Acta neurochirurgica. Supplement,0065-1419,true,,
Acta neurologica Belgica,0300-9009;2240-2993,true,,
Acta neurologica Scandinavica,0001-6314;1600-0404,true,,
Acta neuropathologica communications,2051-5960,true,,
Acta neuropsychiatrica,0924-2708;1601-5215,true,,
Acta obstetricia et gynecologica Scandinavica,0001-6349;1600-0412,true,,
Acta odontologica latinoamericana : AOL,0326-4815;1852-4834,true,,
Acta odontologica Scandinavica,0001-6357;1502-3850,true,,
Acta oncologica,0284-186X;1651-226X,true,,
Acta ophthalmologica,1755-375X;1755-3768,true,,
Acta orthopaedica,1745-3674;1745-3682,true,,
Acta orthopaedica Belgica,0001-6462,true,,
Acta orthopaedica et traumatologica turcica,1017-995X;2589-1294,true,,
Acta ortopedica mexicana,2306-4102,true,,
Acta oto-laryngologica,0001-6489;1651-2251,true,,
Acta otorhinolaryngologica Italica : organo ufficiale della Societa italiana di otorinolaringologia e chirurgia cervico-facciale,0392-100X;1827-675X,true,,
Acta pharmaceutica Sinica. B,2211-3835;2211-3843,true,,
Acta pharmacologica Sinica,1671-4083;1745-7254,true,,
Acta physica Polonica: B,0587-4254;1509-5770,true,,
Acta physica sinica,1000-3290,true,,
Acta psychiatrica Scandinavica,0001-690X;1600-0447,true,,
Acta psychologica,0001-6918;1873-6297,true,,
Acta radiologica,0284-1851;1600-0455,true,,
Acta radiologica open,2058-4601,true,,
Acta scientiarum polonorum-hortorum cultus,1644-0692;2545-1405,true,,
Acta tropica,0001-706X;1873-6254,true,,
Acta veterinaria Scandinavica,0044-605X;1751-0147,true,,
Acta virologica,0001-723X;1336-2305,true,,
Acupuncture in medicine : journal of the British Medical Acupuncture Society,0964-5284;1759-9873,true,,
Acute and critical care,2586-6052;2586-6060,true,,
Adapted physical activity quarterly : APAQ,0736-5829;1543-2777,true,,
Adaptive behavior,1059-7123;1741-2633,true,,
Addiction biology,1355-6215;1369-1600,true,,
Addiction neuroscience,2772-3925,true,,
Addiction research & theory,1606-6359;1476-7392,true,,
Addiction science & clinical practice,1940-0632;1940-0640,true,,
Addictive behaviors,0306-4603;1873-6327,true,,
Addictive behaviors reports,2352-8532,true,,
Additive manufacturing,2214-8604;2214-7810,true,,
Administration and policy in mental health,0894-587X;1573-3289,true,,
"Adolescent health, medicine and therapeutics",1179-318X,true,,
Adult education quarterly,0741-7136;1552-3047,true,,
Advanced biology,2701-0198,true,,
Advanced biomedical research,2277-9175,true,,
Advanced biosystems,2366-7478,true,,
Advanced composites and hybrid materials,2522-0128;2522-0136,true,,
Advanced drug delivery reviews,0169-409X;1872-8294,true,,
Advanced healthcare materials,2192-2640;2192-2659,true,,
Advanced materials interfaces,2196-7350,true,,
Advanced materials technologies,2365-709X,true,,
Advanced optical materials,2195-1071,true,,
Advanced sustainable systems,2366-7486,true,,
Advanced synthesis & catalysis,1615-4150;1615-4169,true,,
Advanced therapeutics,2366-3987,true,,
Advances in anatomic pathology,1072-4109;1533-4031,true,,
Advances in applied ceramics,1743-6753;1743-6761,true,,
Advances in biochemical engineering/biotechnology,0724-6145;1616-8542,true,,
Advances in biological regulation,2212-4926;2212-4934,true,,
Advances in cancer research,0065-230X;2162-5557,true,,
ADVANCES IN CIVIL ENGINEERING,1687-8086;1687-8094,true,,
Advances in clinical and experimental medicine : official organ Wroclaw Medical University,1899-5276;2451-2680,true,,
Advances in clinical chemistry,0065-2423;2162-9471,true,,
Advances in complex systems,0219-5259;1793-6802,true,,
Advances in experimental medicine and biology,0065-2598;2214-8019,true,,
Advances in health care management,1474-8231,true,,
Advances in health sciences education : theory and practice,1382-4996;1573-1677,true,,
Advances in immunology,0065-2776;1557-8445,true,,
Advances in kidney disease and health,2949-8147;2949-8139,true,,
Advances in life course research,1569-4909;1879-6974,true,,
Advances in mechanical engineering,1687-8132;1687-8140,true,,
Advances in medical education and practice,1179-7258,true,,
Advances in medical sciences,1896-1126;1898-4002,true,,
ADVANCES IN METEOROLOGY,1687-9309;1687-9317,true,,
Advances in methods and practices in psychological science,2515-2459;2515-2467,true,,
Advances in microbial physiology,0065-2911;2162-5468,true,,
Advances in neonatal care : official journal of the National Association of Neonatal Nurses,1536-0903;1536-0911,true,,
Advances in neurobiology,2190-5215,true,,
Advances in neurodevelopmental disorders,2366-7532;2366-7540,true,,
Advances in nutrition,2161-8313;2156-5376,true,,
Advances in pharmacological and pharmaceutical sciences,2633-4690,true,,
Advances in pharmacology,1054-3589;1557-8925,true,,
Advances in physiology education,1043-4046;1522-1229,true,,
Advances in protein chemistry and structural biology,1876-1623;1876-1631,true,,
Advances in quantum chemistry,0065-3276,true,,
Advances in radiation oncology,2452-1094,true,,
Advances in simulation,2059-0628,true,,
Advances in space research : the official journal of the Committee on Space Research (COSPAR),0273-1177;1879-1948,true,,
Advances in therapy,0741-238X;1865-8652,true,,
Advances in urology,1687-6369;1687-6377,true,,
AEM education and training,2472-5390,true,,
AERA open,2332-8584,true,,
Aerospace medicine and human performance,2375-6314;2375-6322,true,,
Aerospace science and technology,1270-9638;1626-3219,true,,
Aesthetic plastic surgery,0364-216X;1432-5241,true,,
Aesthetic surgery journal,1090-820X;1527-330X,true,,
Affective science,2662-2041;2662-205X,true,,
African health sciences,1680-6905;1729-0503,true,,
African journal of AIDS research : AJAR,1608-5906;1727-9445,true,,
African journal of disability,2223-9170;2226-7220,true,,
African journal of emergency medicine : Revue africaine de la medecine d'urgence,2211-419X;2211-4203,true,,
African journal of nephrology : official publication of the African Association of Nephrology,2306-8205;2518-4601,true,,
African journal of reproductive health,1118-4841;2141-3606,true,,
Ageing and society,0144-686X;1469-1779,true,,
Ageing research reviews,1568-1637;1872-9649,true,,
Aging,1945-4589,true,,
Aging & mental health,1360-7863;1364-6915,true,,
Aging and disease,2152-5250,true,,
Aging brain,2589-9589,true,,
Aging clinical and experimental research,1594-0667;1720-8319,true,,
Agronomy,2073-4395,true,,
Agronomy for sustainable development,1774-0746;1773-0155,true,,
Agronomy journal,0002-1962;1435-0645,true,,
AIChE journal,0001-1541;1547-5905,true,,
AIDS,0269-9370;1473-5571,true,,
AIDS and behavior,1090-7165;1573-3254,true,,
AIDS care,0954-0121;1360-0451,true,,
AIDS education and prevention : official publication of the International Society for AIDS Education,0899-9546;1943-2755,true,,
AIDS patient care and STDs,1087-2914;1557-7449,true,,
AIDS research and human retroviruses,0889-2229;1931-8405,true,,
AIDS research and therapy,1742-6405,true,,
AIDS reviews,1139-6121;1698-6997,true,,
AIMS neuroscience,2373-8006;2373-7972,true,,
AIMS public health,2327-8994,true,,
AIP advances,2158-3226,true,,
Air medical journal,1067-991X;1532-6497,true,,
"Air quality, atmosphere, & health",1873-9318;1873-9326,true,,
AJNR.  American journal of neuroradiology,0195-6108;1936-959X,true,,
AJOG global reports,2666-5778,true,,
Aktuelle Rheumatologie,0341-051X;1438-9940,true,,
Alcohol,0741-8329;1873-6823,true,,
Alcohol and alcoholism : international journal of the Medical Council on Alcoholism,0735-0414;1464-3502,true,,
"Alcoholism, clinical and experimental research",0145-6008;1530-0277,true,,
Alexandria engineering journal AEJ,1110-0168;2090-2670,true,,
Algal research,2211-9264,true,,
Allergo Journal : interdisziplinare Zeitschrift fur Allergologie und Umweltmedizin : Organ der Deutschen Gesellschaft fur Allergie- und Immunitatsforschung,0941-8849;2195-6405,true,,
Allergologia et immunopathologia,0301-0546;1578-1267,true,,
Allergologie,0344-5062,true,,
Allergologie select,2512-8957,true,,
Allergology international : official journal of the Japanese Society of Allergology,1323-8930;1440-1592,true,,
Allergy and asthma proceedings :,1088-5412;1539-6304,true,,
"Allergy, asthma & immunology research",2092-7355;2092-7363,true,,
"Allergy, asthma, and clinical immunology : official journal of the Canadian Society of Allergy and Clinical Immunology",1710-1484;1710-1492,true,,
Alternative therapies in health and medicine,1078-6791,true,,
"Alternatives (Thousand Oaks): global, local, political",0304-3754;2163-3150,true,,
Alternatives to laboratory animals : ATLA,0261-1929;2632-3559,true,,
ALTEX,1868-596X;1868-8551,true,,
Alzheimer disease and associated disorders,0893-0341;1546-4156,true,,
Alzheimer's & dementia : translational research & clinical interventions,2352-8737,true,,
Alzheimer's & dementia. Behavior & socioeconomics of aging,2997-3805,true,,
Alzheimer's research & therapy,1758-9193,true,,
Ambio,0044-7447;1654-7209,true,,
American economic journal. Microeconomics,1945-7669;1945-7685,true,,
American educational research journal,0002-8312;1935-1011,true,,
American heart journal,0002-8703;1097-6744,true,,
American journal of audiology,1059-0889;1558-9137,true,,
American journal of botany,0002-9122;1537-2197,true,,
American journal of cardiovascular disease,2160-200X,true,,
"American journal of cardiovascular drugs : drugs, devices, and other interventions",1175-3277;1179-187X,true,,
American journal of clinical and experimental urology,2330-1910,true,,
American journal of clinical dermatology,1175-0561;1179-1888,true,,
American journal of clinical oncology,0277-3732;1537-453X,true,,
American journal of clinical pathology,0002-9173;1943-7722,true,,
American journal of community psychology,0091-0562;1573-2770,true,,
American journal of dentistry,0894-8275,true,,
American journal of disaster medicine,1932-149X,true,,
American journal of health promotion : AJHP,0890-1171;2168-6602,true,,
American journal of human biology : the official journal of the Human Biology Council,1042-0533;1520-6300,true,,
American journal of hypertension,0895-7061;1941-7225,true,,
American journal of industrial medicine,0271-3586;1097-0274,true,,
American journal of infection control,0196-6553;1527-3296,true,,
American journal of lifestyle medicine,1559-8276;1559-8284,true,,
American journal of medical genetics. Part A,1552-4825;1552-4833,true,,
"American journal of medical genetics. Part B, Neuropsychiatric genetics : the official publication of the International Society of Psychiatric Genetics",1552-4841;1552-485X,true,,
"American journal of medical genetics. Part C, Seminars in medical genetics",1552-4868;1552-4876,true,,
American journal of medicine open,2667-0364,true,,
American journal of men's health,1557-9883;1557-9891,true,,
American journal of nephrology,0250-8095;1421-9670,true,,
American journal of obstetrics & gynecology MFM,2589-9333,true,,
American journal of ophthalmology case reports,2451-9936,true,,
"American journal of orthodontics and dentofacial orthopedics : official publication of the American Association of Orthodontists, its constituent societies, and the American Board of Orthodontics",0889-5406;1097-6752,true,,
American journal of otolaryngology,0196-0709;1532-818X,true,,
American journal of perinatology,0735-1631;1098-8785,true,,
American journal of physical anthropology,0002-9483;1096-8644,true,,
American journal of physical medicine & rehabilitation,0894-9115;1537-7385,true,,
American journal of physiology. Cell physiology,0363-6143;1522-1563,true,,
American journal of physiology. Endocrinology and metabolism,0193-1849;1522-1555,true,,
American journal of physiology. Gastrointestinal and liver physiology,0193-1857;1522-1547,true,,
American journal of physiology. Lung cellular and molecular physiology,1040-0605;1522-1504,true,,
American journal of physiology. Renal physiology,1931-857X;1522-1466,true,,
American journal of preventive cardiology,2666-6677,true,,
American journal of preventive medicine,0749-3797;1873-2607,true,,
American journal of primatology,0275-2565;1098-2345,true,,
American journal of reproductive immunology : AJRI,1046-7408;1600-0897,true,,
American journal of respiratory cell and molecular biology,1044-1549;1535-4989,true,,
American journal of rhinology & allergy,1945-8924;1945-8932,true,,
American journal of speech-language pathology,1058-0360;1558-9110,true,,
American journal of surgery,0002-9610;1879-1883,true,,
American journal of therapeutics,1075-2765;1536-3686,true,,
American journal of translational research,1943-8141,true,,
American Society of Clinical Oncology educational book,1548-8748;1548-8756,true,,
AMIA Joint Summits on Translational Science proceedings,2153-4063,true,,
Amino acids,0939-4451;1438-2199,true,,
Amyloid : the international journal of experimental and clinical investigation : the official journal of the International Society of Amyloidosis,1350-6129;1744-2818,true,,
Amyotrophic lateral sclerosis & frontotemporal degeneration,2167-8421;2167-9223,true,,
Anaerobe,1075-9964;1095-8274,true,,
Anaesthesia,0003-2409;1365-2044,true,,
Anaesthesia and intensive care,0310-057X;1448-0271,true,,
"Anaesthesia, critical care & pain medicine",2352-5568,true,,
Anaesthesiology intensive therapy,1642-5758;1731-2531,true,,
Anais da Academia Brasileira de Ciencias,0001-3765;1678-2690,true,,
Anales de pediatria,2341-2879,true,,
Anales de pediatria : publicacion oficial de la Asociacion Espanola de Pediatria (A.E.P.),1695-4033;1695-9531,true,,
Analog integrated circuits and signal processing,0925-1030;1573-1979,true,,
Analysis and mathematical physics,1664-2368;1664-235X,true,,
Analytica chimica acta,0003-2670;1873-4324,true,,
Analytical and bioanalytical chemistry,1618-2642;1618-2650,true,,
Analytical biochemistry,0003-2697;1096-0309,true,,
Analytical cellular pathology (Amsterdam),2210-7177;2210-7185,true,,
Analytical letters,0003-2719;1532-236X,true,,
Analytical methods : advancing methods and applications,1759-9660;1759-9679,true,,
Analytical science advances,2628-5452,true,,
Analytical sciences : the international journal of the Japan Society for Analytical Chemistry,0910-6340;1348-2246,true,,
"Anatomia, histologia, embryologia",0340-2096;1439-0264,true,,
Anatomical sciences education,1935-9772;1935-9780,true,,
Andes pediatrica : revista Chilena de pediatria,2452-6045;2452-6053,true,,
Andrologia,0303-4569;1439-0272,true,,
Andrology,2047-2919;2047-2927,true,,
Anemia,2090-1267;2090-1275,true,,
Anesthesia and analgesia,0003-2999;1526-7598,true,,
Anesthesiology clinics,1932-2275,true,,
Angiogenesis,0969-6970;1573-7209,true,,
Angiology,0003-3197;1940-1574,true,,
Animal : an international journal of animal bioscience,1751-7311;1751-732X,true,,
Animal cognition,1435-9448;1435-9456,true,,
Animal conservation,1367-9430;1469-1795,true,,
Animal nutrition,2405-6545;2405-6383,true,,
Animal science papers and reports,0860-4037,true,,
Animals : an open access journal from MDPI,2076-2615,true,,
Annales de biologie clinique,0003-3898;1950-6112,true,,
Annales d'endocrinologie,0003-4266;2213-3941,true,,
Annales geophysicae,0992-7689;1432-0576,true,,
Annales pharmaceutiques francaises,0003-4509;2772-803X,true,,
Annali dell'Istituto superiore di sanita,0021-2571;2384-8553,true,,
Annali di igiene : medicina preventiva e di comunita,1120-9135;3035-5559,true,,
"Annals of allergy, asthma & immunology : official publication of the American College of Allergy, Asthma, & Immunology",1081-1206;1534-4436,true,,
Annals of behavioral medicine : a publication of the Society of Behavioral Medicine,0883-6612;1532-4796,true,,
Annals of biomedical engineering,0090-6964;1573-9686,true,,
Annals of botany,0305-7364;1095-8290,true,,
Annals of cardiac anaesthesia,0971-9784;0974-5181,true,,
Annals of clinical and laboratory science,0091-7370;1550-8080,true,,
Annals of clinical and translational neurology,2328-9503,true,,
Annals of clinical biochemistry,0004-5632;1758-1001,true,,
Annals of clinical microbiology and antimicrobials,1476-0711,true,,
Annals of coloproctology,2287-9714;2287-9722,true,,
Annals of dermatology,1013-9087;2005-3894,true,,
Annals of diagnostic pathology,1092-9134;1532-8198,true,,
Annals of dyslexia,0736-9387;1934-7243,true,,
Annals of epidemiology,1047-2797;1873-2585,true,,
Annals of family medicine,1544-1709;1544-1717,true,,
Annals of gastroenterological surgery,2475-0328,true,,
Annals of gastroenterology,1108-7471;1792-7463,true,,
Annals of general psychiatry,1744-859X,true,,
Annals of geriatric medicine and research,2508-4798;2508-4909,true,,
Annals of global health,2214-9996,true,,
Annals of hematology,0939-5555;1432-0584,true,,
Annals of hepatology,1665-2681,true,,
Annals of human biology,0301-4460;1464-5033,true,,
Annals of human genetics,0003-4800;1469-1809,true,,
Annals of Ibadan postgraduate medicine,1597-1627,true,,
Annals of Indian Academy of Neurology,0972-2327;1998-3549,true,,
Annals of intensive care,2110-5820,true,,
Annals of medicine,0785-3890;1365-2060,true,,
"Annals of noninvasive electrocardiology : the official journal of the International Society for Holter and Noninvasive Electrocardiology, Inc",1082-720X;1542-474X,true,,
Annals of nuclear medicine,0914-7187;1864-6433,true,,
Annals of operations research,0254-5330;1572-9338,true,,
Annals of pediatric endocrinology & metabolism,2287-1012;2287-1292,true,,
Annals of plastic surgery,0148-7043;1536-3708,true,,
Annals of rehabilitation medicine,2234-0645;2234-0653,true,,
"Annals of surgery open : perspectives of surgical history, education, and clinical approaches",2691-3593,true,,
Annals of surgical oncology,1068-9265;1534-4681,true,,
"Annals of the Academy of Medicine, Singapore",0304-4602;2972-4066,true,,
Annals of the American Thoracic Society,2329-6933;2325-6621,true,,
Annals of the New York Academy of Sciences,0077-8923;1749-6632,true,,
Annals of transplantation,1425-9524;2329-0358,true,,
Annals of vascular surgery,0890-5096;1615-5947,true,,
Annals of work exposures and health,2398-7308;2398-7316,true,,
Annual International Conference of the IEEE Engineering in Medicine and Biology Society,2375-7477;2694-0604,true,,
Annual review of animal biosciences,2165-8102;2165-8110,true,,
Annual review of biochemistry,0066-4154;1545-4509,true,,
Annual review of biomedical engineering,1523-9829;1545-4274,true,,
Annual review of biophysics,1936-122X;1936-1238,true,,
Annual review of clinical psychology,1548-5943;1548-5951,true,,
Annual review of genomics and human genetics,1527-8204;1545-293X,true,,
Annual review of microbiology,0066-4227;1545-3251,true,,
Annual review of neuroscience,0147-006X;1545-4126,true,,
Annual review of nutrition,0199-9885;1545-4312,true,,
Annual review of pharmacology and toxicology,0362-1642;1545-4304,true,,
Annual review of psychology,0066-4308;1545-2085,true,,
Annual review of public health,0163-7525;1545-2093,true,,
Annual review of statistics and its application,2326-8298;2326-831X,true,,
Annual reviews in control,1367-5788;1872-9088,true,,
Anthropologischer Anzeiger; Bericht uber die biologisch-anthropologische Literatur,0003-5548;2363-7099,true,,
Anthrozoos,0892-7936;1753-0377,true,,
Antibiotics,2079-6382,true,,
Antibodies,2073-4468,true,,
Anti-cancer agents in medicinal chemistry,1871-5206;1875-5992,true,,
Anti-cancer drugs,0959-4973;1473-5741,true,,
Anticancer research,0250-7005;1791-7530,true,,
Antimicrobial resistance and infection control,2047-2994,true,,
Antimicrobial stewardship & healthcare epidemiology : ASHE,2732-494X,true,,
Antiviral research,0166-3542;1872-9096,true,,
Antiviral therapy,1359-6535;2040-2058,true,,
"Anxiety, stress, and coping",1061-5806;1477-2205,true,,
ANZ journal of surgery,1445-1433;1445-2197,true,,
Aorta : official journal of the Aortic Institute at Yale-New Haven Hospital,2325-4637,true,,
Aphasiology,0268-7038;1464-5041,true,,
APL photonics,2378-0967,true,,
"APMIS : acta pathologica, microbiologica, et immunologica Scandinavica",0903-4641;1600-0463,true,,
Apoptosis : an international journal on programmed cell death,1360-8185;1573-675X,true,,
Appetite,0195-6663;1095-8304,true,,
Applied acoustics. Acoustique applique. Angewandte Akustik,0003-682X;1872-910X,true,,
Applied and environmental microbiology,0099-2240;1098-5336,true,,
Applied animal behaviour science,0168-1591;1872-9045,true,,
Applied artificial intelligence : AAI,0883-9514;1087-6545,true,,
Applied biochemistry and biotechnology,0273-2289;1559-0291,true,,
Applied clinical informatics,1869-0327,true,,
Applied cognitive psychology,0888-4080;1099-0720,true,,
Applied energy,0306-2619;1872-9118,true,,
Applied ergonomics,0003-6870;1872-9126,true,,
Applied health economics and health policy,1175-5652;1179-1896,true,,
Applied immunohistochemistry & molecular morphology : AIMM,1541-2016;1533-4058,true,,
Applied in vitro toxicology,2332-1512;2332-1539,true,,
Applied linguistics,0142-6001;1477-450X,true,,
Applied materials today,2352-9407;2352-9415,true,,
Applied mathematics and computation,0096-3003;1873-5649,true,,
Applied microbiology and biotechnology,0175-7598;1432-0614,true,,
Applied nanoscience,2190-5509;2190-5517,true,,
Applied neuropsychology. Adult,2327-9095;2327-9109,true,,
Applied neuropsychology. Child,2162-2965;2162-2973,true,,
Applied nursing research : ANR,0897-1897;1532-8201,true,,
Applied ocean research,0141-1187;1879-1549,true,,
Applied physics letters,0003-6951;1077-3118,true,,
"Applied physics. A, Materials science & processing",0947-8396;1432-0630,true,,
"Applied physiology, nutrition, and metabolism = Physiologie appliquee, nutrition et metabolisme",1715-5312;1715-5320,true,,
Applied psycholinguistics,0142-7164;1469-1817,true,,
Applied psychological measurement,0146-6216;1552-3497,true,,
Applied psychology = Psychologie appliquee,0269-994X;1464-0597,true,,
Applied psychology. Health and well-being,1758-0846;1758-0854,true,,
"Applied radiation and isotopes : including data, instrumentation and methods for use in agriculture, industry and medicine",0969-8043;1872-9800,true,,
Applied soft computing,1568-4946;1872-9681,true,,
"Applied soil ecology : a section of Agriculture, Ecosystems & Environment",0929-1393;1873-0272,true,,
Applied spatial analysis and policy,1874-463X;1874-4621,true,,
Applied surface science,0169-4332;1873-5584,true,,
Applied thermal engineering,1359-4311;1873-5606,true,,
Applied water science,2190-5487;2190-5495,true,,
Aqua,2709-8028;2709-8036,true,,
Aquaculture nutrition,1353-5773;1365-2095,true,,
Archives de pediatrie : organe officiel de la Societe francaise de pediatrie,0929-693X;1769-664X,true,,
Archives of academic emergency medicine,2645-4904,true,,
Archives of agronomy and soil science,0365-0340;1476-3567,true,,
Archives of biochemistry and biophysics,0003-9861;1096-0384,true,,
Archives of cardiovascular diseases,1875-2136;1875-2128,true,,
Archives of clinical neuropsychology : the official journal of the National Academy of Neuropsychologists,0887-6177;1873-5843,true,,
Archives of dermatological research,0340-3696;1432-069X,true,,
Archives of disease in childhood,0003-9888;1468-2044,true,,
Archives of disease in childhood. Education and practice edition,1743-0585;1743-0593,true,,
Archives of environmental & occupational health,1933-8244;2154-4700,true,,
Archives of gerontology and geriatrics,0167-4943;1872-6976,true,,
Archives of gynecology and obstetrics,0932-0067;1432-0711,true,,
Archives of Iranian medicine,1029-2977;1735-3947,true,,
Archives of medical research,0188-4409;1873-5487,true,,
Archives of medical science : AMS,1734-1922;1896-9151,true,,
Archives of microbiology,0302-8933;1432-072X,true,,
Archives of oral biology,0003-9969;1879-1506,true,,
Archives of orthopaedic and trauma surgery,0936-8051;1434-3916,true,,
Archives of osteoporosis,1862-3522;1862-3514,true,,
Archives of pathology & laboratory medicine,0003-9985;1543-2165,true,,
Archives of physiotherapy,2057-0082,true,,
Archives of psychiatric nursing,0883-9417;1532-8228,true,,
Archives of public health = Archives belges de sante publique,0778-7367;2049-3258,true,,
Archives of rehabilitation research and clinical translation,2590-1095,true,,
Archives of rheumatology,2148-5046;2618-6500,true,,
Archives of suicide research : official journal of the International Academy for Suicide Research,1381-1118;1543-6136,true,,
Archives of virology,0304-8608;1432-8798,true,,
Archives of women's mental health,1434-1816;1435-1102,true,,
"Archivio italiano di urologia, andrologia : organo ufficiale [di] Societa italiana di ecografia urologica e nefrologica",1124-3562;2282-4197,true,,
"Archivio siciliano di medicina e chirurgia.  4, Acta medica mediterranea",0393-6384;2283-9720,true,,
Archivos argentinos de pediatria,0325-0075;1668-3501,true,,
Archivos de bronconeumologia,0300-2896;1579-2129,true,,
Archivos de bronconeumologia,2173-5751,true,,
Archivos de prevencion de riesgos laborales,1138-9672;1578-2549,true,,
Archivum immunologiae et therapiae experimentalis,0004-069X;1661-4917,true,,
Arhiv za higijenu rada i toksikologiju,0004-1254;1848-6312,true,,
ARP rheumatology,2795-4552,true,,
Arquivos brasileiros de cardiologia,0066-782X;1678-4170,true,,
Arquivos de neuro-psiquiatria,0004-282X;1678-4227,true,,
Arrhythmia & electrophysiology review,2050-3369;2050-3377,true,,
Arthritis care & research,2151-464X;2151-4658,true,,
Arthroscopy techniques,2212-6287,true,,
"Arthroscopy, sports medicine, and rehabilitation",2666-061X,true,,
"Artificial cells, nanomedicine, and biotechnology",2169-1401;2169-141X,true,,
Artificial organs,0160-564X;1525-1594,true,,
ASAIO journal : a peer-reviewed journal of the American Society for Artificial Internal Organs,1058-2916;1538-943X,true,,
Asia Pacific journal of clinical nutrition,0964-7058;1440-6047,true,,
Asian cardiovascular & thoracic annals,0218-4923;1816-5370,true,,
Asian journal of andrology,1008-682X;1745-7262,true,,
Asian journal of pharmaceutical sciences,1818-0876;2221-285X,true,,
Asian journal of psychiatry,1876-2018;1876-2026,true,,
Asian journal of surgery,1015-9584;0219-3108,true,,
Asian Pacific journal of cancer prevention : APJCP,1513-7368;2476-762X,true,,
Asia-Pacific journal of ophthalmology,2162-0989,true,,
ASM case reports,2996-2684,true,,
ASN neuro,1759-0914,true,,
Assay and drug development technologies,1540-658X;1557-8127,true,,
Assessment,1073-1911;1552-3489,true,,
Assessment and evaluation in higher education,0260-2938;1469-297X,true,,
Assistive technology : the official journal of RESNA,1040-0435;1949-3614,true,,
Astroparticle physics,0927-6505;1873-2852,true,,
Atencion primaria,0212-6567;1578-1275,true,,
Atherosclerosis plus,2667-0909;2667-0895,true,,
Atherosclerosis. Supplements,1567-5688;1878-5050,true,,
Atmospheric environment,1352-2310;1873-2844,true,,
Atmospheric pollution research,1309-1042,true,,
Atmospheric research,0169-8095;1873-2895,true,,
Atomic data and nuclear data tables,0092-640X;1090-2090,true,,
"Attention, perception & psychophysics",1943-3921;1943-393X,true,,
Audiology & neuro-otology,1420-3030;1421-9700,true,,
Augmentative and alternative communication : AAC,0743-4618;1477-3848,true,,
"Auris, nasus, larynx",0385-8146;1879-1476,true,,
Australasian emergency care,2588-994X,true,,
Australasian journal of educational technology,1449-5554,true,,
Australasian journal of ultrasound in medicine,1836-6864;2205-0140,true,,
Australasian orthodontic journal,2207-7472;2207-7480,true,,
Australasian psychiatry : bulletin of Royal Australian and New Zealand College of Psychiatrists,1039-8562;1440-1665,true,,
Australian and New Zealand journal of public health,1326-0200;1753-6405,true,,
Australian critical care : official journal of the Confederation of Australian Critical Care Nurses,1036-7314;1878-1721,true,,
Australian dental journal,0045-0421;1834-7819,true,,
Australian endodontic journal : the journal of the Australian Society of Endodontology Inc,1329-1947;1747-4477,true,,
Australian feminist studies,0816-4649;1465-3303,true,,
Australian health review : a publication of the Australian Hospital Association,0156-5788;1449-8944,true,,
Australian journal of primary health,1448-7527;1836-7399,true,,
Australian occupational therapy journal,0045-0766;1440-1630,true,,
Australian psychologist,0005-0067;1742-9544,true,,
Autism & developmental language impairments,2396-9415,true,,
Autism in adulthood : challenges and management,2573-9581;2573-959X,true,,
Autism research : official journal of the International Society for Autism Research,1939-3792;1939-3806,true,,
Autoimmunity,0891-6934;1607-842X,true,,
Autoimmunity reviews,1568-9972;1873-0183,true,,
"Automatica : the journal of IFAC, the International Federation of Automatic Control",0005-1098;1873-2836,true,,
Autonomic neuroscience : basic & clinical,1566-0702;1872-7484,true,,
Avicenna journal of medical biotechnology,2008-2835;2008-4625,true,,
Balkan medical journal,2146-3123;2146-3131,true,,
Basic & clinical pharmacology & toxicology,1742-7835;1742-7843,true,,
Basic and applied social psychology,0197-3533;1532-4834,true,,
Basic and clinical andrology,2051-4190,true,,
Basic and clinical neuroscience,2008-126X;2228-7442,true,,
Batteries & supercaps,2566-6223,true,,
BDJ open,2056-807X,true,,
Behavior genetics,0001-8244;1573-3297,true,,
Behavior modification,0145-4455;1552-4167,true,,
Behavior therapy,0005-7894;1878-1888,true,,
Behavioral and brain functions : BBF,1744-9081,true,,
Behavioral ecology : official journal of the International Society for Behavioral Ecology,1045-2249;1465-7279,true,,
Behavioral neuroscience,0735-7044;1939-0084,true,,
Behavioral sciences,2076-328X,true,,
Behavioral sleep medicine,1540-2002;1540-2010,true,,
Behaviour change : journal of the Australian Behaviour Modification Association,0813-4839;2049-7768,true,,
Behavioural and cognitive psychotherapy,1352-4658;1469-1833,true,,
Behavioural brain research,0166-4328;1872-7549,true,,
Behavioural neurology,0953-4180;1875-8584,true,,
Behavioural pharmacology,0955-8810;1473-5849,true,,
Behavioural processes,0376-6357;1872-8308,true,,
Beijing da xue xue bao. Yi xue ban = Journal of Peking University. Health sciences,1671-167X,true,,
Beilstein journal of organic chemistry,1860-5397,true,,
Belitung nursing journal,2528-181X;2477-4073,true,,
Beneficial microbes,1876-2883;1876-2891,true,,
Berichte zur Wissenschaftsgeschichte,0170-6233;1522-2365,true,,
Best practice & research. Clinical anaesthesiology,1753-3740;1878-1608,true,,
Best practice & research. Clinical endocrinology & metabolism,1521-690X;1878-1594,true,,
Best practice & research. Clinical gastroenterology,1521-6918;1532-1916,true,,
Best practice & research. Clinical haematology,1521-6926;1532-1924,true,,
Best practice & research. Clinical obstetrics & gynaecology,1521-6934;1532-1932,true,,
Best practice & research. Clinical rheumatology,1521-6942;1532-1770,true,,
Bilingualism : language and cognition,1366-7289;1469-1841,true,,
Bio Systems,0303-2647;1872-8324,true,,
Bioactive materials,2452-199X,true,,
Bioanalysis,1757-6180;1757-6199,true,,
Biochar,2524-7972;2524-7867,true,,
Biochemia medica,1330-0962;1846-7482,true,,
Biochemical and biophysical research communications,0006-291X;1090-2104,true,,
Biochemical pharmacology,0006-2952;1873-2968,true,,
Biochemical Society transactions,0300-5127;1470-8752,true,,
Biochemistry,0006-2960;1520-4995,true,,
Biochemistry and biophysics reports,2405-5808,true,,
Biochemistry and molecular biology education : a bimonthly publication of the International Union of Biochemistry and Molecular Biology,1470-8175;1539-3429,true,,
Biochemistry. Biokhimiia,0006-2979;1608-3040,true,,
Biochimica and biophysica acta. Molecular and cell biology of lipids,1388-1981,true,,
Biochimica et biophysica acta. Bioenergetics,0005-2728;1879-2650,true,,
Biochimica et biophysica acta. Biomembranes,0005-2736;1879-2642,true,,
Biochimica et biophysica acta. Gene regulatory mechanisms,1874-9399;1876-4320,true,,
Biochimica et biophysica acta. General subjects,0304-4165;1872-8006,true,,
Biochimica et biophysica acta. Molecular basis of disease,0925-4439;1879-260X,true,,
Biochimica et biophysica acta. Molecular cell research,0167-4889;1879-2596,true,,
Biochimica et biophysica acta. Proteins and proteomics,1570-9639;1878-1454,true,,
Biochimica et biophysica acta. Reviews on cancer,0304-419X;1879-2561,true,,
Biochimie,0300-9084;1638-6183,true,,
Bioconjugate chemistry,1043-1802;1520-4812,true,,
BioData mining,1756-0381,true,,
Biodemography and social biology,1948-5565;1948-5573,true,,
Biodiversity and conservation,0960-3115;1572-9710,true,,
"BioDrugs : clinical immunotherapeutics, biopharmaceuticals and gene therapy",1173-8804;1179-190X,true,,
Bioelectrochemistry,1567-5394;1878-562X,true,,
Bioelectromagnetics,0197-8462;1521-186X,true,,
Bioelectronic medicine,2332-8886,true,,
Bioengineering & translational medicine,2380-6761,true,,
"BioEssays : news and reviews in molecular, cellular and developmental biology",0265-9247;1521-1878,true,,
Bioethics,0269-9702;1467-8519,true,,
Biofabrication,1758-5082;1758-5090,true,,
Biofilm,2590-2075,true,,
Biofouling,0892-7014;1029-2454,true,,
Biogerontology,1389-5729;1573-6768,true,,
Bioinformatics advances,2635-0041,true,,
Bioinformatics and biology insights,1177-9322,true,,
Bioinformation,0973-2063,true,,
Biointerphases,1934-8630;1559-4106,true,,
Biologia futura,2676-8615;2676-8607,true,,
Biological chemistry,1431-6730;1437-4315,true,,
Biological imaging,2633-903X,true,,
Biological procedures online,1480-9222,true,,
Biological psychiatry global open science,2667-1743,true,,
Biological psychiatry. Cognitive neuroscience and neuroimaging,2451-9022;2451-9030,true,,
Biological psychology,0301-0511;1873-6246,true,,
Biological research,0716-9760;0717-6287,true,,
Biological research for nursing,1099-8004;1552-4175,true,,
Biological trace element research,0163-4984;1559-0720,true,,
Biology direct,1745-6150,true,,
Biology of blood and marrow transplantation : journal of the American Society for Blood and Marrow Transplantation,1083-8791;1523-6536,true,,
Biology of reproduction,0006-3363;1529-7268,true,,
Biology of sex differences,2042-6410,true,,
Biology of sport,0860-021X;2083-1862,true,,
Biology of the cell,0248-4900;1768-322X,true,,
Biology open,2046-6390,true,,
Biomacromolecules,1525-7797;1526-4602,true,,
Biomarker insights,1177-2719,true,,
Biomarker research,2050-7771,true,,
"Biomarkers : biochemical indicators of exposure, response, and susceptibility to chemicals",1354-750X;1366-5804,true,,
Biomarkers in medicine,1752-0363;1752-0371,true,,
Biomaterial investigations in dentistry,2641-5275,true,,
Biomaterials advances,2772-9516;2772-9508,true,,
Biomaterials and biosystems,2666-5344,true,,
Biomaterials research,1226-4601;2055-7124,true,,
Biomaterials science,2047-4830;2047-4849,true,,
Biomechanics and modeling in mechanobiology,1617-7959;1617-7940,true,,
Biomedica : revista del Instituto Nacional de Salud,0120-4157;2590-7379,true,,
Biomedical and environmental sciences : BES,0895-3988;2214-0190,true,,
Biomedical chromatography : BMC,0269-3879;1099-0801,true,,
Biomedical engineering online,1475-925X,true,,
Biomedical journal,2319-4170;2320-2890,true,,
Biomedical materials,1748-6041;1748-605X,true,,
Biomedical microdevices,1387-2176;1572-8781,true,,
Biomedical optics express,2156-7085,true,,
"Biomedical papers of the Medical Faculty of the University Palacky, Olomouc, Czechoslovakia",1213-8118;1804-7521,true,,
Biomedical physics & engineering express,2057-1976,true,,
Biomedical signal processing and control,1746-8094;1746-8108,true,,
Biomedicine & pharmacotherapy = Biomedecine & pharmacotherapie,0753-3322;1950-6007,true,,
Biomedizinische Technik. Biomedical engineering,0013-5585;1862-278X,true,,
"Biometals : an international journal on the role of metal ions in biology, biochemistry, and medicine",0966-0844;1572-8773,true,,
Biometrical journal. Biometrische Zeitschrift,0323-3847;1521-4036,true,,
Biomicrofluidics,1932-1058,true,,
Biomolecular NMR assignments,1874-2718;1874-270X,true,,
Bioorganic & medicinal chemistry,0968-0896;1464-3391,true,,
Bioorganic & medicinal chemistry letters,0960-894X;1464-3405,true,,
Bioorganic chemistry,0045-2068;1090-2120,true,,
Biophysical journal,0006-3495;1542-0086,true,,
Biophysical reports,2667-0747,true,,
Biophysical reviews,1867-2450;1867-2469,true,,
Biophysics reviews,2688-4089,true,,
Biopolymers,0006-3525;1097-0282,true,,
Biopreservation and biobanking,1947-5535;1947-5543,true,,
Bioprocess and biosystems engineering,1615-7591;1615-7605,true,,
Bio-protocol,2331-8325,true,,
BioPsychoSocial medicine,1751-0759,true,,
BioResearch open access,2164-7844;2164-7860,true,,
Bioresource technology,0960-8524;1873-2976,true,,
Bioresources and bioprocessing,2197-4365,true,,
Bioscience trends,1881-7815;1881-7823,true,,
"Bioscience, biotechnology, and biochemistry",0916-8451;1347-6947,true,,
Biotechnology and applied biochemistry,0885-4513;1470-8744,true,,
Biotechnology and bioengineering,0006-3592;1097-0290,true,,
Biotechnology journal,1860-6768;1860-7314,true,,
Biotechnology letters,0141-5492;1573-6776,true,,
Biotechnology reports,2215-017X,true,,
Bipolar disorders,1398-5647;1399-5618,true,,
Birth,0730-7659;1523-536X,true,,
Birth defects research,2472-1727,true,,
BJA open,2772-6096,true,,
BJC reports,2731-9377,true,,
BJGP open,2398-3795,true,,
BJPsych bulletin,2056-4694;2056-4708,true,,
BJPsych open,2056-4724,true,,
BJR case reports,2055-7159,true,,
BJR open,2513-9878,true,,
BJS open,2474-9842,true,,
BJUI compass,2688-4526,true,,
Blood cancer discovery,2643-3230;2643-3249,true,,
Blood cell therapy,2432-7026,true,,
"Blood cells, molecules & diseases",1079-9796;1096-0961,true,,
Blood coagulation & fibrinolysis : an international journal in haemostasis and thrombosis,0957-5235;1473-5733,true,,
Blood neoplasia,2950-3280,true,,
Blood pressure,0803-7051;1651-1999,true,,
Blood pressure monitoring,1359-5237;1473-5725,true,,
Blood purification,0253-5068;1421-9735,true,,
Blood reviews,0268-960X;1532-1681,true,,
Blood transfusion = Trasfusione del sangue,1723-2007;2385-2070,true,,
"Blood vessels, thrombosis & hemostasis",2950-3272,true,,
BMC anesthesiology,1471-2253,true,,
BMC bioinformatics,1471-2105,true,,
BMC biotechnology,1472-6750,true,,
BMC cancer,1471-2407,true,,
BMC cardiovascular disorders,1471-2261,true,,
BMC complementary and alternative medicine,1472-6882,true,,
BMC complementary medicine and therapies,2662-7671,true,,
BMC dermatology,1471-5945,true,,
BMC emergency medicine,1471-227X,true,,
BMC endocrine disorders,1472-6823,true,,
BMC family practice,1471-2296,true,,
BMC gastroenterology,1471-230X,true,,
BMC genetics,1471-2156,true,,
BMC genomic data,2730-6844,true,,
BMC genomics,1471-2164,true,,
BMC geriatrics,1471-2318,true,,
BMC global and public health,2731-913X,true,,
BMC health services research,1472-6963,true,,
BMC immunology,1471-2172,true,,
BMC infectious diseases,1471-2334,true,,
BMC international health and human rights,1472-698X,true,,
BMC medical education,1472-6920,true,,
BMC medical ethics,1472-6939,true,,
BMC medical genetics,1471-2350,true,,
BMC medical genomics,1755-8794,true,,
BMC medical imaging,1471-2342,true,,
BMC medical informatics and decision making,1472-6947,true,,
BMC medical research methodology,1471-2288,true,,
BMC microbiology,1471-2180,true,,
BMC molecular and cell biology,2661-8850,true,,
BMC musculoskeletal disorders,1471-2474,true,,
BMC nephrology,1471-2369,true,,
BMC neurology,1471-2377,true,,
BMC neuroscience,1471-2202,true,,
BMC nutrition,2055-0928,true,,
BMC obesity,2052-9538,true,,
BMC ophthalmology,1471-2415,true,,
BMC oral health,1472-6831,true,,
BMC palliative care,1472-684X,true,,
BMC pediatrics,1471-2431,true,,
BMC pharmacology & toxicology,2050-6511,true,,
BMC plant biology,1471-2229,true,,
BMC pregnancy and childbirth,1471-2393,true,,
BMC primary care,2731-4553,true,,
BMC psychiatry,1471-244X,true,,
BMC psychology,2050-7283,true,,
BMC public health,1471-2458,true,,
BMC pulmonary medicine,1471-2466,true,,
BMC research notes,1756-0500,true,,
BMC rheumatology,2520-1026,true,,
"BMC sports science, medicine & rehabilitation",2052-1847,true,,
BMC surgery,1471-2482,true,,
BMC urology,1471-2490,true,,
BMC veterinary research,1746-6148,true,,
BMC women's health,1472-6874,true,,
BME frontiers,2765-8031,true,,
BMJ case reports,1757-790X,true,,
BMJ evidence-based medicine,2515-446X;2515-4478,true,,
BMJ health & care informatics,2632-1009,true,,
BMJ leader,2398-631X,true,,
BMJ mental health,2755-9734,true,,
BMJ military health,2633-3767;2633-3775,true,,
BMJ neurology open,2632-6140,true,,
"BMJ nutrition, prevention & health",2516-5542,true,,
BMJ oncology,2752-7948,true,,
BMJ open,2044-6055,true,,
BMJ open diabetes research & care,2052-4897,true,,
BMJ open gastroenterology,2054-4774,true,,
BMJ open ophthalmology,2397-3269,true,,
BMJ open quality,2399-6641,true,,
BMJ open respiratory research,2052-4439,true,,
BMJ open science,2398-8703,true,,
BMJ open sport & exercise medicine,2055-7647,true,,
BMJ paediatrics open,2399-9772,true,,
BMJ public health,2753-4294,true,,
BMJ simulation & technology enhanced learning,2056-6697,true,,
BMJ supportive & palliative care,2045-435X;2045-4368,true,,
Body image,1740-1445;1873-6807,true,,
Bone,8756-3282;1873-2763,true,,
Bone & joint open,2633-1462,true,,
Bone & joint research,2046-3758,true,,
Bone marrow transplantation,0268-3369;1476-5365,true,,
Bone reports,2352-1872,true,,
Bone research,2095-4700;2095-6231,true,,
Borderline personality disorder and emotion dysregulation,2051-6673,true,,
Brachytherapy,1538-4721;1873-1449,true,,
Brain & spine,2772-5294,true,,
Brain and behavior,2162-3279,true,,
Brain and cognition,0278-2626;1090-2147,true,,
Brain circulation,2394-8108;2455-4626,true,,
Brain communications,2632-1297,true,,
Brain connectivity,2158-0014;2158-0022,true,,
Brain imaging and behavior,1931-7557;1931-7565,true,,
Brain injury,0269-9052;1362-301X,true,,
Brain pathology,1015-6305;1750-3639,true,,
Brain research,0006-8993;1872-6240,true,,
Brain research bulletin,0361-9230;1873-2747,true,,
Brain stimulation,1935-861X;1876-4754,true,,
Brain structure & function,1863-2653;1863-2661,true,,
Brain topography,0896-0267;1573-6792,true,,
Brain tumor pathology,1433-7398;1861-387X,true,,
"Brain, behavior and evolution",0006-8977;1421-9743,true,,
"Brain, behavior, & immunity - health",2666-3546,true,,
Bratislavske lekarske listy,0006-9248;1336-0345,true,,
Brazilian dental journal,0103-6440;1806-4760,true,,
Brazilian journal of cardiovascular surgery,0102-7638;1678-9741,true,,
Brazilian journal of otorhinolaryngology,1808-8694;1808-8686,true,,
Brazilian journal of physical therapy,1413-3555;1809-9246,true,,
Brazilian oral research,1806-8324;1807-3107,true,,
Breast cancer : basic and clinical research,1178-2234,true,,
Breast cancer : targets and therapy,1179-1314,true,,
Breast cancer : the journal of the Japanese Breast Cancer Society,1340-6868;1880-4233,true,,
Breast cancer research and treatment,0167-6806;1573-7217,true,,
Breast care,1661-3791;1661-3805,true,,
Breastfeeding medicine : the official journal of the Academy of Breastfeeding Medicine,1556-8253;1556-8342,true,,
Briefings in functional genomics,2041-2649;2041-2657,true,,
British dental journal,0007-0610;1476-5373,true,,
British educational research journal,0141-1926;1469-3518,true,,
British food journal,0007-070X;1758-4108,true,,
British journal of community nursing,1462-4753,true,,
British journal of educational technology : journal of the Council for Educational Technology,0007-1013;1467-8535,true,,
British journal of haematology,0007-1048;1365-2141,true,,
British journal of health psychology,1359-107X;2044-8287,true,,
British journal of hospital medicine,1750-8460;1759-7390,true,,
British journal of learning disabilities,1354-4187;1468-3156,true,,
British journal of music education,0265-0517;1469-2104,true,,
British journal of pain,2049-4637;2049-4645,true,,
British journal of psychology,0007-1269;2044-8295,true,,
British journal of social work,0045-3102;1468-263X,true,,
British journal of sociology of education,0142-5692;1465-3346,true,,
Bulletin de l'Academie nationale de medecine,0001-4079;2271-4820,true,,
Bulletin of economic research,0307-3378;1467-8586,true,,
Bulletin of engineering geology and the environment,1435-9529;1435-9537,true,,
Bulletin of experimental biology and medicine,0007-4888;1573-8221,true,,
Bulletin of the European Association of Fish Pathologists,0108-0288,true,,
Burns & trauma,2321-3868;2321-3876,true,,
Burns : journal of the International Society for Burn Injuries,0305-4179;1879-1409,true,,
Business research quarterly,2340-9436;2340-9444,true,,
Cadernos de saude publica,0102-311X;1678-4464,true,,
Calcified tissue international,0171-967X;1432-0827,true,,
Cambridge prisms. Precision medicine,2752-6143,true,,
Cambridge quarterly of healthcare ethics : CQ : the international journal of healthcare ethics committees,0963-1801;1469-2147,true,,
Cambridge review of international affairs,0955-7571;1474-449X,true,,
Canadian Association of Radiologists journal = Journal l'Association canadienne des radiologistes,0846-5371;1488-2361,true,,
Canadian geriatrics journal : CGJ,1925-8348,true,,
Canadian journal of anaesthesia = Journal canadien d'anesthesie,0832-610X;1496-8975,true,,
Canadian journal of diabetes,1499-2671;2352-3840,true,,
Canadian journal of fisheries and aquatic sciences. Journal canadien des sciences halieutiques et aquatiques,0706-652X;1205-7533,true,,
Canadian journal of kidney health and disease,2054-3581,true,,
Canadian journal of occupational therapy.  Revue canadienne d'ergotherapie,0008-4174;1911-9828,true,,
Canadian journal of ophthalmology. Journal canadien d'ophtalmologie,0008-4182;1715-3360,true,,
Canadian journal of pain = Revue canadienne de la douleur,2474-0527,true,,
Canadian journal of psychiatry. Revue canadienne de psychiatrie,0706-7437;1497-0015,true,,
Canadian journal of public health = Revue canadienne de sante publique,0008-4263;1920-7476,true,,
Canadian journal of surgery.  Journal canadien de chirurgie,0008-428X;1488-2310,true,,
Canadian journal on aging = La revue canadienne du vieillissement,0714-9808;1710-1107,true,,
Canadian Urological Association journal = Journal de l'Association des urologues du Canada,1911-6470;1920-1214,true,,
Cancer & metabolism,2049-3002,true,,
Cancer biology & medicine,2095-3941,true,,
Cancer biology & therapy,1538-4047;1555-8576,true,,
Cancer causes & control : CCC,0957-5243;1573-7225,true,,
Cancer cell international,1475-2867,true,,
Cancer chemotherapy and pharmacology,0344-5704;1432-0843,true,,
Cancer communications,2523-3548,true,,
Cancer control : journal of the Moffitt Cancer Center,1073-2748;1526-2359,true,,
Cancer cytopathology,1934-662X;1934-6638,true,,
Cancer drug resistance,2578-532X,true,,
Cancer epidemiology,1877-7821;1877-783X,true,,
Cancer genetics,2210-7762;2210-7770,true,,
Cancer genomics & proteomics,1109-6535;1790-6245,true,,
Cancer imaging : the official publication of the International Cancer Imaging Society,1740-5025;1470-7330,true,,
"Cancer immunology, immunotherapy : CII",0340-7004;1432-0851,true,,
Cancer informatics,1176-9351,true,,
Cancer investigation,0735-7907;1532-4192,true,,
Cancer management and research,1179-1322,true,,
Cancer medicine,2045-7634,true,,
Cancer metastasis reviews,0167-7659;1573-7233,true,,
Cancer nanotechnology,1868-6958;1868-6966,true,,
Cancer prevention research,1940-6207;1940-6215,true,,
Cancer reports,2573-8348,true,,
Cancer research and treatment,1598-2998;2005-9256,true,,
Cancer research communications,2767-9764,true,,
Cancer science,1347-9032;1349-7006,true,,
Cancer treatment and research,0927-3042,true,,
Cancer treatment and research communications,2468-2942,true,,
Cancer treatment reviews,0305-7372;1532-1967,true,,
Cannabis and cannabinoid research,2578-5125;2378-8763,true,,
Carbohydrate research,0008-6215;1873-426X,true,,
Carcinogenesis,0143-3334;1460-2180,true,,
Cardiac failure review,2057-7540;2057-7559,true,,
Cardiology,0008-6312;1421-9751,true,,
Cardiology and therapy,2193-8261;2193-6544,true,,
Cardiology in the young,1047-9511;1467-1107,true,,
Cardiology journal,1897-5593;1898-018X,true,,
Cardiology research and practice,2090-8016;2090-0597,true,,
Cardio-oncology,2057-3804,true,,
Cardiovascular and interventional radiology,0174-1551;1432-086X,true,,
Cardiovascular diagnosis and therapy,2223-3652;2223-3660,true,,
Cardiovascular digital health journal,2666-6936,true,,
Cardiovascular drugs and therapy,0920-3206;1573-7241,true,,
Cardiovascular engineering and technology,1869-408X;1869-4098,true,,
Cardiovascular intervention and therapeutics,1868-4300;1868-4297,true,,
Cardiovascular journal of Africa,1995-1892;1680-0745,true,,
Cardiovascular pathology : the official journal of the Society for Cardiovascular Pathology,1054-8807;1879-1336,true,,
Cardiovascular revascularization medicine : including molecular interventions,1553-8389;1878-0938,true,,
Cardiovascular therapeutics,1755-5914;1755-5922,true,,
Cardiovascular toxicology,1530-7905;1559-0259,true,,
Cardiovascular ultrasound,1476-7120,true,,
Cartilage,1947-6035;1947-6043,true,,
Case reports in critical care,2090-6420;2090-6439,true,,
Case reports in immunology,2090-6609;2090-6617,true,,
Case reports in neurological medicine,2090-6668;2090-6676,true,,
Case reports in neurology,1662-680X,true,,
Case reports in pathology,2090-6781;2090-679X,true,,
Case reports in plastic surgery & hand surgery,2332-0885,true,,
Case reports in psychiatry,2090-682X;2090-6838,true,,
Caspian journal of internal medicine,2008-6164;2008-6172,true,,
Catena,0341-8162;1872-6887,true,,
Catheterization and cardiovascular interventions : official journal of the Society for Cardiac Angiography & Interventions,1522-1946;1522-726X,true,,
Cell & bioscience,2045-3701,true,,
Cell adhesion & migration,1933-6918;1933-6926,true,,
Cell and tissue research,0302-766X;1432-0878,true,,
Cell biochemistry and biophysics,1085-9195;1559-0283,true,,
Cell biochemistry and function,0263-6484;1099-0844,true,,
Cell biology and toxicology,0742-2091;1573-6822,true,,
Cell biology international,1065-6995;1095-8355,true,,
Cell calcium,0143-4160;1532-1991,true,,
Cell chemical biology,2451-9456;2451-9448,true,,
Cell communication and signaling : CCS,1478-811X,true,,
Cell death & disease,2041-4889,true,,
Cell death discovery,2058-7716,true,,
Cell discovery,2056-5968,true,,
Cell division,1747-1028,true,,
Cell genomics,2666-979X,true,,
Cell journal,2228-5806;2228-5814,true,,
Cell proliferation,0960-7722;1365-2184,true,,
Cell reports methods,2667-2375,true,,
Cell reports sustainability,2949-7906,true,,
Cell reports. Physical science,2666-3864,true,,
Cell transplantation,0963-6897;1555-3892,true,,
"CellR4-- repair, replacement, regeneration, & reprogramming",2329-7042,true,,
"Cells, tissues, organs",1422-6405;1422-6421,true,,
Cellular & molecular biology letters,1425-8153;1689-1392,true,,
Cellular & molecular immunology,1672-7681;2042-0226,true,,
Cellular and molecular bioengineering,1865-5025;1865-5033,true,,
Cellular and molecular life sciences : CMLS,1420-682X;1420-9071,true,,
Cellular and molecular neurobiology,0272-4340;1573-6830,true,,
Cellular immunology,0008-8749;1090-2163,true,,
Cellular microbiology,1462-5814;1462-5822,true,,
Cellular oncology,2211-3428;2211-3436,true,,
Cellular reprogramming,2152-4971;2152-4998,true,,
Cellular signalling,0898-6568;1873-3913,true,,
Cellulose,0969-0239;1572-882X,true,,
Central European journal of urology,2080-4806;2080-4873,true,,
Cephalalgia : an international journal of headache,0333-1024;1468-2982,true,,
Ceramics international,0272-8842;1873-3956,true,,
Cerebellum & ataxias,2053-8871,true,,
Cerebral circulation - cognition and behavior,2666-2450,true,,
Cerebrovascular diseases,1015-9770;1421-9786,true,,
Chaos,1054-1500;1089-7682,true,,
"Chaos, solitons, and fractals",0960-0779;1873-2887,true,,
Chem,2451-9308;2451-9294,true,,
Chembiochem : a European journal of chemical biology,1439-4227;1439-7633,true,,
Chemical biology & drug design,1747-0277;1747-0285,true,,
Chemical communications : Chem comm,1359-7345;1364-548X,true,,
Chemical engineering and processing = Genie des procedes = Verfahrenstechnik,0255-2701;1873-3204,true,,
Chemical engineering journal,1385-8947;1873-3212,true,,
Chemical engineering science,0009-2509;1873-4405,true,,
Chemical physics,0301-0104;1873-4421,true,,
Chemical research in toxicology,0893-228X;1520-5010,true,,
Chemical senses,0379-864X;1464-3553,true,,
Chemico-biological interactions,0009-2797;1872-7786,true,,
Chemistry & biodiversity,1612-1872;1612-1880,true,,
Chemistry in ecology,0275-7540;1029-0370,true,,
Chemistry letters,0366-7022;1348-0715,true,,
Chemistry of materials : a publication of the American Chemical Society,0897-4756;1520-5002,true,,
"Chemistry, an Asian journal",1861-4728;1861-471X,true,,
ChemistryOpen,2191-1363,true,,
ChemistrySelect,2365-6549,true,,
ChemMedChem,1860-7179;1860-7187,true,,
ChemPhotoChem,2367-0932,true,,
Chemphyschem : a European journal of chemical physics and physical chemistry,1439-4235;1439-7641,true,,
ChemSusChem,1864-5631;1864-564X,true,,
CHEST critical care,2949-7884,true,,
Child & adolescent social work journal : C & A,0738-0151;1573-2797,true,,
Child & youth care forum,1053-1890;1573-3319,true,,
Child abuse & neglect,0145-2134;1873-7757,true,,
Child abuse review : journal of the British Association for the Study and Prevention of Child Abuse and Neglect,0952-9136;1099-0852,true,,
Child and adolescent mental health,1475-357X;1475-3588,true,,
Child and adolescent psychiatry and mental health,1753-2000,true,,
Child indicators research,1874-897X;1874-8988,true,,
Child language teaching and therapy,0265-6590;1477-0865,true,,
Child maltreatment,1077-5595;1552-6119,true,,
Child neuropsychology : a journal on normal and abnormal development in childhood and adolescence,0929-7049;1744-4136,true,,
Child psychiatry and human development,0009-398X;1573-3327,true,,
"Child: care, health and development",0305-1862;1365-2214,true,,
Childhood obesity,2153-2168;2153-2176,true,,
Children & society,0951-0605;1099-0860,true,,
Children and youth services review,0190-7409;1873-7765,true,,
Children's health care : journal of the Association for the Care of Children's Health,0273-9615;1532-6888,true,,
Child's nervous system : ChNS : official journal of the International Society for Pediatric Neurosurgery,0256-7040;1433-0350,true,,
Chinese clinical oncology,2304-3865;2304-3873,true,,
Chinese journal of integrative medicine,1672-0415;1993-0402,true,,
CHINESE JOURNAL OF MECHANICAL ENGINEERING,1000-9345;2192-8258,true,,
Chinese journal of traumatology = Zhonghua chuang shang za zhi,1008-1275,true,,
Chinese medical journal,0366-6999;2542-5641,true,,
Chinese optics letters : COL,1671-7694,true,,
Chinese physics B = Zhongguo wu li B,1674-1056;2058-3834,true,,
Chinese physics C-High energy physics and nuclear physics,1674-1137;2058-6132,true,,
Chiropractic & manual therapies,2045-709X,true,,
Chirurgia,1221-9118,true,,
"Chromosome research : an international journal on the molecular, supramolecular and evolutionary aspects of chromosome biology",0967-3849;1573-6849,true,,
Chronic diseases and translational medicine,2095-882X;2589-0514,true,,
Chronic respiratory disease,1479-9723;1479-9731,true,,
Chronic stress,2470-5470,true,,
Chronobiology international,0742-0528;1525-6073,true,,
Ciencia rural : publicacao de Universidade Federal de Santa Maria,0103-8478;1678-4596,true,,
Circulation journal : official journal of the Japanese Circulation Society,1346-9843;1347-4820,true,,
Circulation reports,2434-0790,true,,
Circulation. Arrhythmia and electrophysiology,1941-3149;1941-3084,true,,
Circulation. Cardiovascular imaging,1941-9651;1942-0080,true,,
Circulation. Cardiovascular quality and outcomes,1941-7713;1941-7705,true,,
Circulation. Genomic and precision medicine,2574-8300,true,,
Cirugia espanola,0009-739X;1578-147X,true,,
Cities,0264-2751;1873-6084,true,,
City and environment interactions,2590-2520,true,,
CJC open,2589-790X,true,,
CJEM,1481-8035;1481-8043,true,,
Classical and quantum gravity,0264-9381;1361-6382,true,,
Climacteric : the journal of the International Menopause Society,1369-7137;1473-0804,true,,
CLIMATE OF THE PAST,1814-9324;1814-9332,true,,
Climate policy,1469-3062;1752-7457,true,,
Climate services,2405-8807,true,,
Climatic change,0165-0009;1573-1480,true,,
Clinica chimica acta; international journal of clinical chemistry,0009-8981;1873-3492,true,,
Clinica e investigacion en arteriosclerosis : publicacion oficial de la Sociedad Espanola de Arteriosclerosis,0214-9168;1578-1879,true,,
Clinical & experimental metastasis,0262-0898;1573-7276,true,,
Clinical & experimental optometry,0816-4622;1444-0938,true,,
Clinical & translational immunology,2050-0068,true,,
Clinical & translational oncology : official publication of the Federation of Spanish Oncology Societies and of the National Cancer Institute of Mexico,1699-048X;1699-3055,true,,
Clinical anatomy : official journal of the American Association of Clinical Anatomists & the British Association of Clinical Anatomists,0897-3806;1098-2353,true,,
Clinical and applied thrombosis/hemostasis : official journal of the International Academy of Clinical and Applied Thrombosis/Hemostasis,1076-0296;1938-2723,true,,
Clinical and experimental allergy : journal of the British Society for Allergy and Clinical Immunology,0954-7894;1365-2222,true,,
Clinical and experimental dental research,2057-4347,true,,
Clinical and experimental dermatology,0307-6938;1365-2230,true,,
Clinical and experimental gastroenterology,1178-7023,true,,
Clinical and experimental immunology,0009-9104;1365-2249,true,,
Clinical and experimental medicine,1591-8890;1591-9528,true,,
Clinical and experimental nephrology,1342-1751;1437-7799,true,,
Clinical and experimental obstetrics & gynecology,0390-6663;2709-0094,true,,
Clinical and experimental pediatrics,2713-4148,true,,
Clinical and experimental pharmacology & physiology,0305-1870;1440-1681,true,,
Clinical and experimental rheumatology,0392-856X;1593-098X,true,,
Clinical and molecular allergy : CMA,1476-7961,true,,
Clinical and molecular hepatology,2287-2728;2287-285X,true,,
Clinical and translational allergy,2045-7022,true,,
Clinical and translational gastroenterology,2155-384X,true,,
Clinical and translational imaging,2281-5872;2281-7565,true,,
Clinical and translational medicine,2001-1326,true,,
Clinical and translational radiation oncology,2405-6308,true,,
Clinical and translational science,1752-8054;1752-8062,true,,
Clinical autonomic research : official journal of the Clinical Autonomic Research Society,0959-9851;1619-1560,true,,
Clinical biochemistry,0009-9120;1873-2933,true,,
Clinical biomechanics,0268-0033;1879-1271,true,,
Clinical breast cancer,1526-8209;1938-0666,true,,
Clinical cardiology,0160-9289;1932-8737,true,,
Clinical chemistry and laboratory medicine,1434-6621;1437-4331,true,,
Clinical child psychology and psychiatry,1359-1045;1461-7021,true,,
Clinical colorectal cancer,1533-0028;1938-0674,true,,
Clinical diabetes : a publication of the American Diabetes Association,0891-8929;1945-4953,true,,
Clinical drug investigation,1173-2563;1179-1918,true,,
Clinical EEG and neuroscience,1550-0594;2169-5202,true,,
Clinical endocrinology,0300-0664;1365-2265,true,,
Clinical endoscopy,2234-2400;2234-2443,true,,
Clinical epidemiology,1179-1349,true,,
Clinical epigenetics,1868-7075;1868-7083,true,,
Clinical ethics,1477-7509;1758-101X,true,,
Clinical genetics,0009-9163;1399-0004,true,,
Clinical genitourinary cancer,1558-7673;1938-0682,true,,
Clinical gerontologist,0731-7115;1545-2301,true,,
Clinical hematology international,2590-0048,true,,
Clinical hemorheology and microcirculation,1386-0291;1875-8622,true,,
Clinical imaging,0899-7071;1873-4499,true,,
Clinical immunology : the official journal of the Clinical Immunology Society,1521-6616;1521-7035,true,,
Clinical immunology communications,2772-6134,true,,
Clinical infection in practice,2590-1702,true,,
Clinical interventions in aging,1176-9092;1178-1998,true,,
Clinical journal of gastroenterology,1865-7257;1865-7265,true,,
Clinical journal of oncology nursing,1092-1095;1538-067X,true,,
Clinical kidney journal,2048-8505;2048-8513,true,,
Clinical laboratory,1433-6510,true,,
Clinical linguistics & phonetics,0269-9206;1464-5076,true,,
Clinical lung cancer,1525-7304;1938-0690,true,,
"Clinical lymphoma, myeloma & leukemia",2152-2650;2152-2669,true,,
Clinical mass spectrometry,2213-8005;2376-9998,true,,
Clinical medicine : journal of the Royal College of Physicians of London,1470-2118;1473-4893,true,,
Clinical Medicine Insights. Cardiology,1179-5468,true,,
Clinical Medicine Insights. Oncology,1179-5549,true,,
Clinical medicine insights. Pediatrics,1179-5565,true,,
Clinical nephrology,0301-0430,true,,
Clinical neurology and neurosurgery,0303-8467;1872-6968,true,,
Clinical neuropathology,0722-5091,true,,
Clinical neurophysiology : official journal of the International Federation of Clinical Neurophysiology,1388-2457;1872-8952,true,,
Clinical neurophysiology practice,2467-981X,true,,
Clinical neuroradiology,1869-1439;1869-1447,true,,
Clinical nuclear medicine,0363-9762;1536-0229,true,,
Clinical nursing research,1054-7738;1552-3799,true,,
Clinical nutrition ESPEN,2405-4577,true,,
Clinical nutrition research,2287-3732;2287-3740,true,,
Clinical obesity,1758-8103;1758-8111,true,,
Clinical obstetrics and gynecology,0009-9201;1532-5520,true,,
Clinical oncology : a journal of the Royal College of Radiologists,0936-6555;1433-2981,true,,
Clinical ophthalmology,1177-5467;1177-5483,true,,
Clinical otolaryngology : official journal of ENT-UK ; official journal of Netherlands Society for Oto-Rhino-Laryngology & Cervico-Facial Surgery,1749-4478;1749-4486,true,,
Clinical parkinsonism & related disorders,2590-1125,true,,
Clinical pathology,2632-010X,true,,
Clinical pediatrics,0009-9228;1938-2707,true,,
Clinical pharmacology : advances and applications,1179-1438,true,,
Clinical pharmacology and translational medicine,2572-7656,true,,
Clinical pharmacology in drug development,2160-763X;2160-7648,true,,
Clinical physiology and functional imaging,1475-0961;1475-097X,true,,
Clinical proteomics,1542-6416;1559-0275,true,,
Clinical psychological science : a journal of the Association for Psychological Science,2167-7026;2167-7034,true,,
Clinical psychologist,1328-4207;1742-9552,true,,
Clinical psychology & psychotherapy,1063-3995;1099-0879,true,,
Clinical psychology : a publication of the Division of Clinical Psychology of the American Psychological Association,0969-5893;1468-2850,true,,
Clinical psychology review,0272-7358;1873-7811,true,,
Clinical radiology,0009-9260;1365-229X,true,,
Clinical rehabilitation,0269-2155;1477-0873,true,,
Clinical research in cardiology : official journal of the German Cardiac Society,1861-0684;1861-0692,true,,
Clinical reviews in allergy & immunology,1080-0549;1559-0267,true,,
Clinical rheumatology,0770-3198;1434-9949,true,,
Clinical sarcoma research,2045-3329,true,,
Clinical science,0143-5221;1470-8736,true,,
Clinical social work journal,0091-1674;1573-3343,true,,
Clinical spine surgery,2380-0186;2380-0194,true,,
Clinical therapeutics,0149-2918;1879-114X,true,,
Clinical toxicology : the official journal of the American Academy of Clinical Toxicology and European Association of Poisons Centres and Clinical Toxicologists,1556-3650;1556-9519,true,,
Clinical transplantation,0902-0063;1399-0012,true,,
"Clinical, cosmetic and investigational dermatology",1178-7015,true,,
ClinicoEconomics and outcomes research : CEOR,1178-6981,true,,
Clinics,1807-5932;1980-5322,true,,
Clinics and research in hepatology and gastroenterology,2210-7401;2210-741X,true,,
Clinics in chest medicine,0272-5231;1557-8216,true,,
Clinics in colon and rectal surgery,1531-0043;1530-9681,true,,
Clinics in sports medicine,0278-5919;1556-228X,true,,
CMAJ : Canadian Medical Association journal = journal de l'Association medicale canadienne,0820-3946;1488-2329,true,,
CMAJ open,2291-0026,true,,
CMC-Computers materials & continua,1546-2218;1546-2226,true,,
CNS & neurological disorders drug targets,1871-5273;1996-3181,true,,
CNS drugs,1172-7047;1179-1934,true,,
CNS neuroscience & therapeutics,1755-5930;1755-5949,true,,
CNS spectrums,1092-8529;2165-6509,true,,
Cochlear implants international,1467-0100;1754-7628,true,,
Cochrane evidence synthesis and methods,2832-9023,true,,
CoDAS,2317-1782,true,,
Cogent education,2331-186X,true,,
Cognition & emotion,0269-9931;1464-0600,true,,
"Cognition, technology & work",1435-5558;1435-5566,true,,
Cognitive and behavioral neurology : official journal of the Society for Behavioral and Cognitive Neurology,1543-3633;1543-3641,true,,
Cognitive and behavioral practice,1077-7229;1878-187X,true,,
Cognitive behaviour therapist,1754-470X,true,,
Cognitive behaviour therapy,1650-6073;1651-2316,true,,
Cognitive development,0885-2014;1879-226X,true,,
Cognitive linguistics,0936-5907;1613-3641,true,,
Cognitive neurodynamics,1871-4080;1871-4099,true,,
Cognitive neuropsychiatry,1354-6805;1464-0619,true,,
Cognitive neuropsychology,0264-3294;1464-0627,true,,
Cognitive neuroscience,1758-8928;1758-8936,true,,
Cognitive processing,1612-4782;1612-4790,true,,
Cognitive psychology,0010-0285;1095-5623,true,,
Cognitive systems research,1389-0417,true,,
Cognitive therapy and research,0147-5916;1573-2819,true,,
"Cognitive, affective & behavioral neuroscience",1530-7026;1531-135X,true,,
Cold Spring Harbor molecular case studies,2373-2873,true,,
Cold Spring Harbor perspectives in biology,1943-0264,true,,
Cold Spring Harbor perspectives in medicine,2157-1422,true,,
Collabra. Psychology,2474-7394,true,,
"Colloids and surfaces. A, Physicochemical and engineering aspects",0927-7757;1873-4359,true,,
"Colloids and surfaces. B, Biointerfaces",0927-7765;1873-4367,true,,
Colorectal disease : the official journal of the Association of Coloproctology of Great Britain and Ireland,1462-8910;1463-1318,true,,
Combinatorial chemistry & high throughput screening,1386-2073;1875-5402,true,,
Communicable diseases intelligence,2209-6051,true,,
Communication & medicine,1612-1783;1613-3625,true,,
Communication disorders quarterly,1525-7401;1538-4837,true,,
Communications chemistry,2399-3669,true,,
Communications earth & environment,2662-4435,true,,
Communications engineering,2731-3395,true,,
Communications in nonlinear science & numerical simulation,1007-5704;1878-7274,true,,
Communications in statistics: Simulation and computation,0361-0918;1532-4141,true,,
Communications in statistics: theory and methods,0361-0926;1532-415X,true,,
Communications physics,2399-3650,true,,
Communications psychology,2731-9121,true,,
Communicative & integrative biology,1942-0889,true,,
Community dental health,0265-539X;2515-1746,true,,
Community mental health journal,0010-3853;1573-2789,true,,
"Comparative biochemistry and physiology. Part D, Genomics & proteomics",1744-117X;1878-0407,true,,
Comparative biochemistry and physiology. Toxicology & pharmacology : CBP,1532-0456;1878-1659,true,,
Comparative education,0305-0068;1360-0486,true,,
Comparative education review,0010-4086;1545-701X,true,,
"Comparative immunology, microbiology and infectious diseases",0147-9571;1878-1667,true,,
Comparative migration studies,2214-594X,true,,
COMPEL,0332-1649,true,,
Complementary medicine research,2504-2092;2504-2106,true,,
Complementary therapies in medicine,0965-2299;1873-6963,true,,
Complex psychiatry,2673-3005;2673-298X,true,,
Composite structures,0263-8223;1879-1085,true,,
"Composites. Part B, Engineering",1359-8368;1879-1069,true,,
Comprehensive child and adolescent nursing,2469-4193;2469-4207,true,,
Comprehensive Physiology,2040-4603,true,,
Comprehensive psychiatry,0010-440X;1532-8384,true,,
Comprehensive psychoneuroendocrinology,2666-4976,true,,
Computational and structural biotechnology journal,2001-0370,true,,
Computational biology and chemistry,1476-9271;1476-928X,true,,
Computational psychiatry,2379-6227,true,,
Computational statistics & data analysis,0167-9473;1872-7352,true,,
Computational toxicology,2468-1113,true,,
Computer graphics forum : journal of the European Association for Computer Graphics,0167-7055;1467-8659,true,,
Computer methods and programs in biomedicine,0169-2607;1872-7565,true,,
Computer methods in biomechanics and biomedical engineering,1025-5842;1476-8259,true,,
Computer physics communications,0010-4655;1879-2944,true,,
Computerized medical imaging and graphics : the official journal of the Computerized Medical Imaging Society,0895-6111;1879-0771,true,,
Computers & industrial engineering,0360-8352;1879-0550,true,,
Computers & security,0167-4048;1872-6208,true,,
Computers in biology and medicine,0010-4825;1879-0534,true,,
"Computers, informatics, nursing : CIN",1538-2931;1538-9774,true,,
Computing,0010-485X;1436-5057,true,,
Conflict and health,1752-1505,true,,
Congenital heart disease,1747-079X;1747-0803,true,,
Connective tissue research,0300-8207;1607-8438,true,,
Consciousness and cognition,1053-8100;1090-2376,true,,
Conservation biology : the journal of the Society for Conservation Biology,0888-8892;1523-1739,true,,
Conservation genetics,1566-0621;1572-9737,true,,
Conservation genetics resources,1877-7252;1877-7260,true,,
Conservation physiology,2051-1434,true,,
Construction and building materials,0950-0618;1879-0526,true,,
Contact dermatitis,0105-1873;1600-0536,true,,
Contact lens & anterior eye : the journal of the British Contact Lens Association,1367-0484;1476-5411,true,,
Contemporary clinical trials,1551-7144;1559-2030,true,,
Contemporary clinical trials communications,2451-8654,true,,
Contemporary nurse,1037-6178;1839-3535,true,,
Contraception,0010-7824;1879-0518,true,,
Contraception and reproductive medicine,2055-7426,true,,
Contraception: X,2590-1516,true,,
Coordination chemistry reviews,0010-8545;1873-3840,true,,
COPD,1541-2555;1541-2563,true,,
Cornea,0277-3740;1536-4798,true,,
Coronary artery disease,0954-6928;1473-5830,true,,
CORROSION,0010-9312;1938-159X,true,,
Corrosion science,0010-938X;1879-0496,true,,
Cost effectiveness and resource allocation : C/E,1478-7547,true,,
CPT: pharmacometrics & systems pharmacology,2163-8306,true,,
Cranio : the journal of craniomandibular practice,0886-9634;2151-0903,true,,
Craniomaxillofacial trauma & reconstruction,1943-3875;1943-3883,true,,
CREATIVITY AND INNOVATION MANAGEMENT,0963-1690;1467-8691,true,,
Creativity research journal,1040-0419;1532-6934,true,,
Criminal behaviour and mental health : CBMH,0957-9664;1471-2857,true,,
Criminal justice and behavior,0093-8548;1552-3594,true,,
Crisis,0227-5910;2151-2396,true,,
Critical care clinics,0749-0704;1557-8232,true,,
Critical care explorations,2639-8028,true,,
Critical care nursing quarterly,0887-9303;1550-5111,true,,
Critical care research and practice,2090-1305;2090-1313,true,,
Critical pathways in cardiology,1535-282X;1535-2811,true,,
Critical public health,0958-1596;1469-3682,true,,
Critical reviews in analytical chemistry,1040-8347;1547-6510,true,,
Critical reviews in biotechnology,0738-8551;1549-7801,true,,
Critical reviews in clinical laboratory sciences,1040-8363;1549-781X,true,,
Critical reviews in food science and nutrition,1040-8398;1549-7852,true,,
Critical reviews in immunology,1040-8401;2162-6472,true,,
Critical reviews in microbiology,1040-841X;1549-7828,true,,
Critical reviews in oncology/hematology,1040-8428;1879-0461,true,,
Critical reviews in toxicology,1040-8444;1547-6898,true,,
Crohn's & colitis 360,2631-827X,true,,
Cryo letters,0143-2044;1742-0644,true,,
Cryobiology,0011-2240;1090-2392,true,,
Cultural diversity & ethnic minority psychology,1099-9809;1939-0106,true,,
"Culture, health & sexuality",1369-1058;1464-5351,true,,
"Culture, medicine and psychiatry",0165-005X;1573-076X,true,,
Current allergy and asthma reports,1529-7322;1534-6315,true,,
Current Alzheimer research,1567-2050;1875-5828,true,,
Current atherosclerosis reports,1523-3804;1534-6242,true,,
Current behavioral neuroscience reports,2196-2979,true,,
Current cancer drug targets,1568-0096;1873-5576,true,,
Current cardiology reports,1523-3782;1534-3170,true,,
Current clinical pharmacology,1574-8847;2212-3938,true,,
Current developmental disorders reports,2196-2987,true,,
Current developments in nutrition,2475-2991,true,,
Current diabetes reports,1534-4827;1539-0829,true,,
Current diabetes reviews,1573-3998;1875-6417,true,,
Current directions in psychological science,0963-7214;1467-8721,true,,
Current drug discovery technologies,1570-1638;1875-6220,true,,
Current drug metabolism,1389-2002;1875-5453,true,,
Current drug safety,1574-8863;2212-3911,true,,
Current environmental health reports,2196-5412,true,,
Current epidemiology reports,2196-2995,true,,
Current eye research,0271-3683;1460-2202,true,,
Current gastroenterology reports,1522-8037;1534-312X,true,,
Current gene therapy,1566-5232;1875-5631,true,,
Current genetics,0172-8083;1432-0983,true,,
Current genomics,1389-2029;1875-5488,true,,
Current gerontology and geriatrics research,1687-7063;1687-7071,true,,
Current heart failure reports,1546-9530;1546-9549,true,,
Current HIV research,1570-162X;1873-4251,true,,
Current HIV/AIDS reports,1548-3568;1548-3576,true,,
Current hypertension reports,1522-6417;1534-3111,true,,
Current medical research and opinion,0300-7995;1473-4877,true,,
Current medicinal chemistry,0929-8673;1875-533X,true,,
Current microbiology,0343-8651;1432-0991,true,,
Current molecular medicine,1566-5240;1875-5666,true,,
Current neurology and neuroscience reports,1528-4042;1534-6293,true,,
Current neuropharmacology,1570-159X;1875-6190,true,,
Current nutrition reports,2161-3311,true,,
Current obesity reports,2162-4968,true,,
Current oncology reports,1523-3790;1534-6269,true,,
Current opinion in allergy and clinical immunology,1528-4050;1473-6322,true,,
Current opinion in anaesthesiology,0952-7907;1473-6500,true,,
Current opinion in behavioral sciences,2352-1546;2352-1554,true,,
Current opinion in biotechnology,0958-1669;1879-0429,true,,
Current opinion in cardiology,0268-4705;1531-7080,true,,
Current opinion in cell biology,0955-0674;1879-0410,true,,
Current opinion in chemical biology,1367-5931;1879-0402,true,,
Current opinion in chemical engineering,2211-3398,true,,
Current opinion in clinical nutrition and metabolic care,1363-1950;1473-6519,true,,
Current opinion in critical care,1070-5295;1531-7072,true,,
Current opinion in endocrine and metabolic research,2451-9650,true,,
Current opinion in gastroenterology,0267-1379;1531-7056,true,,
Current opinion in genetics & development,0959-437X;1879-0380,true,,
Current opinion in hematology,1065-6251;1531-7048,true,,
Current opinion in immunology,0952-7915;1879-0372,true,,
Current opinion in infectious diseases,0951-7375;1473-6527,true,,
Current opinion in lipidology,0957-9672;1473-6535,true,,
Current opinion in microbiology,1369-5274;1879-0364,true,,
Current opinion in nephrology and hypertension,1062-4821;1473-6543,true,,
Current opinion in neurobiology,0959-4388;1873-6882,true,,
Current opinion in neurology,1350-7540;1473-6551,true,,
Current opinion in obstetrics & gynecology,1040-872X;1473-656X,true,,
Current opinion in oncology,1040-8746;1531-703X,true,,
Current opinion in ophthalmology,1040-8738;1531-7021,true,,
Current opinion in organ transplantation,1087-2418;1531-7013,true,,
Current opinion in otolaryngology & head and neck surgery,1068-9508;1531-6998,true,,
Current opinion in pediatrics,1040-8703;1531-698X,true,,
Current opinion in pharmacology,1471-4892;1471-4973,true,,
Current opinion in physiology,2468-8673,true,,
Current opinion in psychiatry,0951-7367;1473-6578,true,,
Current opinion in psychology,2352-250X;2352-2518,true,,
Current opinion in pulmonary medicine,1070-5287;1531-6971,true,,
Current opinion in rheumatology,1040-8711;1531-6963,true,,
Current opinion in structural biology,0959-440X;1879-033X,true,,
Current opinion in urology,0963-0643;1473-6586,true,,
Current opinion in virology,1879-6257;1879-6265,true,,
Current osteoporosis reports,1544-1873;1544-2241,true,,
Current pharmaceutical design,1381-6128;1873-4286,true,,
Current problems in cardiology,0146-2806;1535-6280,true,,
Current problems in diagnostic radiology,0363-0188;1535-6302,true,,
Current problems in pediatric and adolescent health care,1538-5442;1538-3199,true,,
Current problems in surgery,0011-3840;1535-6337,true,,
Current proteomics,1570-1646;1875-6247,true,,
Current protocols,2691-1299,true,,
"Current protocols in cell biology / editorial board, Juan S. Bonifacino ... [et al.]",1934-2616,true,,
Current protocols in immunology / edited by John E. Coligan ... [et al.],1934-368X,true,,
Current protocols in microbiology,1934-8533,true,,
Current protocols in molecular biology / edited by Frederick M. Ausubel ... [et al.],1934-3647,true,,
Current protocols in nucleic acid chemistry / edited by Serge L. Beaucage ... [et al.],1934-9289,true,,
"Current protocols in protein science / editorial board, John E. Coligan ... [et al.]",1934-3663,true,,
Current psychiatry reports,1523-3812;1535-1645,true,,
Current psychology,1046-1310;1936-4733,true,,
Current radiopharmaceuticals,1874-4710;1874-4729,true,,
Current research in food science,2665-9271,true,,
Current research in physiology,2665-9441,true,,
Current research in toxicology,2666-027X,true,,
Current research in translational medicine,2452-3186,true,,
Current reviews in clinical and experimental pharmacology,2772-4336,true,,
Current reviews in musculoskeletal medicine,1935-973X;1935-9748,true,,
Current rheumatology reports,1523-3774;1534-6307,true,,
Current sexual health reports,1548-3584;1548-3592,true,,
Current stem cell reports,2198-7866,true,,
Current stem cell research & therapy,1574-888X;2212-3946,true,,
"Current therapeutic research, clinical and experimental",0011-393X;1879-0313,true,,
Current topics in behavioral neurosciences,1866-3370;1866-3389,true,,
Current topics in developmental biology,0070-2153;1557-8933,true,,
Current topics in medicinal chemistry,1568-0266;1873-4294,true,,
Current topics in membranes,1063-5823,true,,
Current topics in microbiology and immunology,0070-217X;2196-9965,true,,
Current trauma reports,2198-6096,true,,
Current treatment options in allergy,2196-3053,true,,
Current treatment options in neurology,1092-8480;1534-3138,true,,
Current treatment options in oncology,1527-2729;1534-6277,true,,
Current treatment options in rheumatology,2198-6002,true,,
Current urology,1661-7649;1661-7657,true,,
Cytokine,1043-4666;1096-0023,true,,
Cytokine & growth factor reviews,1359-6101;1879-0305,true,,
Cytometry. Part A : the journal of the International Society for Analytical Cytology,1552-4922;1552-4930,true,,
"Cytometry. Part B, Clinical cytometry",1552-4949;1552-4957,true,,
Cytopathology : official journal of the British Society for Clinical Cytology,0956-5507;1365-2303,true,,
Cytoskeleton,1949-3584;1949-3592,true,,
Cytotherapy,1465-3249;1477-2566,true,,
Dalton transactions : an international journal of inorganic chemistry,1477-9226;1477-9234,true,,
Danish medical journal,2245-1919,true,,
Das Gesundheitswesen,0941-3790;1439-4421,true,,
Data in brief,2352-3409,true,,
Database : the journal of biological databases and curation,1758-0463,true,,
Death studies,0748-1187;1091-7683,true,,
Delirium,2958-9134,true,,
Delirium communications,2959-104X,true,,
Dementia,1471-3012;1741-2684,true,,
Dementia and geriatric cognitive disorders,1420-8008;1421-9824,true,,
Dementia and geriatric cognitive disorders extra,1664-5464,true,,
Demographic research,1435-9871,true,,
Demography,0070-3370;1533-7790,true,,
DEN open,2692-4609,true,,
Dental materials : official publication of the Academy of Dental Materials,0109-5641;1879-0097,true,,
Dental traumatology : official publication of International Association for Dental Traumatology,1600-4469;1600-9657,true,,
Dentistry journal,2304-6767,true,,
Dento maxillo facial radiology,0250-832X;1476-542X,true,,
Depression and anxiety,1091-4269;1520-6394,true,,
"Der Hautarzt; Zeitschrift fur Dermatologie, Venerologie, und verwandte Gebiete",0017-8470;1432-1173,true,,
Der Nervenarzt,0028-2804;1433-0407,true,,
Der Pathologe,0172-8113;1432-1963,true,,
Der Schmerz,0932-433X;1432-2129,true,,
"Dermatitis : contact, atopic, occupational, drug",1710-3568;2162-5220,true,,
Dermatologic surgery : official publication for American Society for Dermatologic Surgery [et al.],1076-0512;1524-4725,true,,
Dermatologic therapy,1396-0296;1529-8019,true,,
Dermatology : international journal for clinical and investigative dermatology,1018-8665;1421-9832,true,,
Dermatology and therapy,2193-8210;2190-9172,true,,
Dermatology practical & conceptual,2160-9381,true,,
Design and culture : the journal of the Design Studies Forum,1754-7075;1754-7083,true,,
Developing world bioethics,1471-8731;1471-8847,true,,
Developmental and comparative immunology,0145-305X;1879-0089,true,,
Developmental biology,0012-1606;1095-564X,true,,
Developmental cognitive neuroscience,1878-9293;1878-9307,true,,
Developmental dynamics : an official publication of the American Association of Anatomists,1058-8388;1097-0177,true,,
Developmental medicine and child neurology,0012-1622;1469-8749,true,,
Developmental neurobiology,1932-8451;1932-846X,true,,
Developmental neurorehabilitation,1751-8423;1751-8431,true,,
Developmental neuroscience,0378-5866;1421-9859,true,,
Developmental psychobiology,0012-1630;1098-2302,true,,
Developments in the built environment,2666-1659,true,,
Diabetes & metabolic syndrome,1871-4021;1878-0334,true,,
Diabetes & metabolism,1262-3636;1878-1780,true,,
Diabetes & metabolism journal,2233-6079;2233-6087,true,,
Diabetes & vascular disease research,1479-1641;1752-8984,true,,
Diabetes epidemiology and management,2666-9706,true,,
Diabetes research and clinical practice,0168-8227;1872-8227,true,,
"Diabetes therapy : research, treatment and education of diabetes and related disorders",1869-6953;1869-6961,true,,
"Diabetes, metabolic syndrome and obesity : targets and therapy",1178-7007,true,,
"Diabetes, obesity & metabolism",1462-8902;1463-1326,true,,
"Diabetes, Stoffwechsel und Herz",1861-7603,true,,
Diabetes/metabolism research and reviews,1520-7552;1520-7560,true,,
Diabetic medicine : a journal of the British Diabetic Association,0742-3071;1464-5491,true,,
Diabetology & metabolic syndrome,1758-5996,true,,
Diagnostic and interventional imaging,2211-5684,true,,
Diagnostic and interventional radiology : official journal of the Turkish Society of Radiology,1305-3825;1305-3612,true,,
Diagnostic and prognostic research,2397-7523,true,,
Diagnostic cytopathology,8755-1039;1097-0339,true,,
Diagnostic microbiology and infectious disease,0732-8893;1879-0070,true,,
Diagnostic pathology,1746-1596,true,,
Dialogues in health,2772-6533,true,,
Diamond and related materials,0925-9635;1879-0062,true,,
Die Anaesthesiologie,2731-6858;2731-6866,true,,
Die Chirurgie,2731-6971;2731-698X,true,,
Die Dermatologie,2731-7005;2731-7013,true,,
Die Diabetologie,2731-7447;2731-7455,true,,
Die innere Medizin,2731-7080;2731-7099,true,,
Digest Journal of Nanomaterials and Biostructures,1842-3582,true,,
Digestion,0012-2823;1421-9867,true,,
Digestive and liver disease : official journal of the Italian Society of Gastroenterology and the Italian Association for the Study of the Liver,1590-8658;1878-3562,true,,
Digestive diseases,0257-2753;1421-9875,true,,
Digestive diseases and sciences,0163-2116;1573-2568,true,,
Digestive endoscopy : official journal of the Japan Gastroenterological Endoscopy Society,0915-5635;1443-1661,true,,
Digestive surgery,0253-4886;1421-9883,true,,
Digital discovery,2635-098X,true,,
Digital health,2055-2076,true,,
Disability & society,0968-7599;1360-0508,true,,
Disability and health journal,1936-6574;1876-7583,true,,
Disability and rehabilitation,0963-8288;1464-5165,true,,
Disability and rehabilitation. Assistive technology,1748-3107;1748-3115,true,,
Disaster medicine and public health preparedness,1935-7893;1938-744X,true,,
Disaster prevention and management,0965-3562;1758-6100,true,,
Disasters,0361-3666;1467-7717,true,,
Discourse studies,1461-4456;1461-7080,true,,
Discover mental health,2731-4383,true,,
Discover nano,2731-9229,true,,
Discover social science and health,2731-0469,true,,
Discoveries,2359-7232,true,,
Discovery medicine,1539-6509;1944-7930,true,,
Discrete dynamics in nature and society,1026-0226;1607-887X,true,,
Disease models & mechanisms,1754-8403;1754-8411,true,,
Diseases of aquatic organisms,0177-5103;1616-1580,true,,
Diseases of the colon and rectum,0012-3706;1530-0358,true,,
Diseases of the esophagus : official journal of the International Society for Diseases of the Esophagus,1120-8694;1442-2050,true,,
Diving and hyperbaric medicine,1833-3516;2209-1491,true,,
DNA repair,1568-7864;1568-7856,true,,
Drug and alcohol dependence,0376-8716;1879-0046,true,,
Drug and alcohol dependence reports,2772-7246,true,,
Drug and alcohol review,0959-5236;1465-3362,true,,
Drug delivery and translational research,2190-393X;2190-3948,true,,
Drug development research,0272-4391;1098-2299,true,,
Drug discovery today,1359-6446;1878-5832,true,,
Drug metabolism and pharmacokinetics,1347-4367;1880-0920,true,,
Drug metabolism reviews,0360-2532;1097-9883,true,,
Drug resistance updates : reviews and commentaries in antimicrobial and anticancer chemotherapy,1368-7646;1532-2084,true,,
Drug safety,0114-5916;1179-1942,true,,
Drug testing and analysis,1942-7603;1942-7611,true,,
"Drug, healthcare and patient safety",1179-1365,true,,
Drugs,0012-6667;1179-1950,true,,
Drugs - real world outcomes,2199-1154;2198-9788,true,,
Drugs & aging,1170-229X;1179-1969,true,,
"Drugs : education, prevention, and policy",0968-7637;1465-3370,true,,
Dysphagia,0179-051X;1432-0460,true,,
Early child development and care,0300-4430;1476-8275,true,,
Early childhood education journal,1082-3301;1573-1707,true,,
Early human development,0378-3782;1872-6232,true,,
Early intervention in psychiatry,1751-7885;1751-7893,true,,
Earth's future,2328-4277,true,,
Eastern Mediterranean health journal = La revue de sante de la Mediterranee orientale = al-Majallah al-sihhiyah li-sharq al-mutawassit,1020-3397;1687-1634,true,,
Eating and weight disorders : EWD,1124-4909;1590-1262,true,,
Eating behaviors,1471-0153;1873-7358,true,,
Eating disorders,1064-0266;1532-530X,true,,
Ecancermedicalscience,1754-6605,true,,
Echo research and practice,2055-0464,true,,
Echocardiography,0742-2822;1540-8175,true,,
Ecography,0906-7590;1600-0587,true,,
Ecological economics : the journal of the International Society for Ecological Economics,0921-8009;1873-6106,true,,
Ecological engineering,0925-8574;1872-6992,true,,
Ecological indicators,1470-160X;1872-7034,true,,
Ecological modelling,0304-3800;1872-7026,true,,
Ecological monographs,0012-9615;1557-7015,true,,
Ecology,0012-9658;1939-9170,true,,
Ecology and evolution,2045-7758,true,,
Ecology and society : a journal of integrative science for resilience and sustainability,1708-3087,true,,
Ecology of food and nutrition,0367-0244;1543-5237,true,,
Economic and industrial democracy,0143-831X;1461-7099,true,,
Economic policy,0266-4658;1468-0327,true,,
Economics and human biology,1570-677X;1873-6130,true,,
Ecosphere,2150-8925,true,,
Ecosystem health and sustainability,2096-4129;2332-8878,true,,
Ecotoxicology,0963-9292;1573-3017,true,,
Education and information technologies,1360-2357;1573-7608,true,,
Education for health : change in training & practice,1357-6283;1469-5804,true,,
"Education for primary care : an official publication of the Association of Course Organisers, National Association of GP Tutors, World Organisation of Family Doctors",1473-9879;1475-990X,true,,
Educational administration quarterly : EAQ,0013-161X;1552-3519,true,,
Educational and psychological measurement,0013-1644;1552-3888,true,,
"Educational assessment, evaluation and accountability",1874-8597;1874-8600,true,,
Educational evaluation and policy analysis,0162-3737;1935-1062,true,,
Educational gerontology,0360-1277;1521-0472,true,,
Educational research review,1747-938X;1878-0385,true,,
Educational researcher : a publication of the American Educational Research Association,0013-189X;1935-102X,true,,
Educational review,0013-1911;1465-3397,true,,
Educational studies in mathematics,0013-1954;1573-0816,true,,
Educational technology research and development : ETR & D,1042-1629;1556-6501,true,,
EFORT open reviews,2058-5241,true,,
EFSA journal,1831-4732,true,,
eGastroenterology,2766-0125;2976-7296,true,,
Einstein,1679-4508;2317-6385,true,,
EJHaem,2688-6146,true,,
EJNMMI physics,2197-7364,true,,
EJNMMI radiopharmacy and chemistry,2365-421X,true,,
EJNMMI reports,3005-074X,true,,
EJNMMI research,2191-219X,true,,
EJVES vascular forum,2666-688X,true,,
ELECTRIC POWER SYSTEMS RESEARCH,0378-7796;1873-2046,true,,
Electromagnetic waves : progress in electromagnetics research : PIER,1070-4698;1559-8985,true,,
Electronic journal of statistics,1935-7524,true,,
Electronic physician,2008-5842,true,,
Electrophoresis,0173-0835;1522-2683,true,,
Emergency,2345-4563;2345-4571,true,,
Emergency medicine clinics of North America,0733-8627;1558-0539,true,,
Emergency medicine international,2090-2840;2090-2859,true,,
Emergency medicine journal : EMJ,1472-0205;1472-0213,true,,
Emergency radiology,1070-3004;1438-1435,true,,
Emerging adulthood,2167-6968;2167-6984,true,,
Emerging themes in epidemiology,1742-7622,true,,
Emerging topics in life sciences,2397-8554;2397-8562,true,,
Emotion review : journal of the International Society for Research on Emotion,1754-0739;1754-0747,true,,
Endocrine,1355-008X;1559-0100,true,,
Endocrine connections,2049-3614,true,,
Endocrine oncology,2634-4793,true,,
Endocrine practice : official journal of the American College of Endocrinology and the American Association of Clinical Endocrinologists,1530-891X;1934-2403,true,,
Endocrine regulations,1210-0668;1336-0329,true,,
"Endocrine, metabolic & immune disorders drug targets",1871-5303;2212-3873,true,,
Endocrinology and metabolism,2093-596X;2093-5978,true,,
"Endocrinology, diabetes & metabolism",2398-9238,true,,
Endoscopy international open,2364-3722;2196-9736,true,,
Energy & fuels : an American Chemical Society journal,0887-0624;1520-5029,true,,
Energy conversion and management,0196-8904;1879-2227,true,,
Energy research & social science,2214-6296;2214-6326,true,,
Energy science & engineering,2050-0505,true,,
"Energy technology : generation, conversion, storage, distribution",2194-4288;2194-4296,true,,
eNeuro,2373-2822,true,,
eNeurologicalSci,2405-6502,true,,
Engineering,2095-8099;2096-0026,true,,
Engineering analysis with boundary elements,0955-7997;1873-197X,true,,
Engineering applications of artificial intelligence,0952-1976;1873-6769,true,,
Engineering failure analysis,1350-6307;1873-1961,true,,
Engineering geology,0013-7952;1872-6917,true,,
ENTREPRENEURSHIP AND REGIONAL DEVELOPMENT,0898-5626;1464-5114,true,,
ENTREPRENEURSHIP RESEARCH JOURNAL,2194-6175;2157-5665,true,,
Environment development and sustainability,1387-585X;1573-2975,true,,
Environment systems & decisions,2194-5403;2194-5411,true,,
Environmental and molecular mutagenesis,0893-6692;1098-2280,true,,
Environmental education research,1350-4622;1469-5871,true,,
Environmental education research,1350-4622;1469-5871,true,,
Environmental epidemiology,2474-7882,true,,
Environmental health : a global access science source,1476-069X,true,,
Environmental health and preventive medicine,1342-078X;1347-4715,true,,
Environmental microbiology reports,1758-2229,true,,
Environmental monitoring and assessment,0167-6369;1573-2959,true,,
Environmental pollution,0269-7491;1873-6424,true,,
Environmental research letters,1748-9326,true,,
Environmental reviews = Dossiers environnement,1181-8700;1208-6053,true,,
Environmental science & policy,1462-9011;1873-6416,true,,
Environmental science & technology letters,2328-8930,true,,
Environmental science : water research & technology,2053-1400;2053-1419,true,,
Environmental science. Advances,2754-7000,true,,
Environmental science. Nano,2051-8153;2051-8161,true,,
Environmental science. Processes & impacts,2050-7887;2050-7895,true,,
Environmental sciences Europe,2190-4707;2190-4715,true,,
Environmental technology & innovation,2352-1864,true,,
Environmental toxicology,1520-4081;1522-7278,true,,
Environmental toxicology and chemistry,0730-7268;1552-8618,true,,
Environmental toxicology and pharmacology,1382-6689;1872-7077,true,,
Epidemics,1755-4365;1878-0067,true,,
Epidemiologia e prevenzione,1120-9763;2385-1937,true,,
Epidemiologic reviews,0193-936X;1478-6729,true,,
Epidemiology and health,2092-7193,true,,
Epidemiology and infection,0950-2688;1469-4409,true,,
Epigenetics,1559-2294;1559-2308,true,,
Epigenetics & chromatin,1756-8935,true,,
Epigenomes,2075-4655,true,,
Epigenomics,1750-1911;1750-192X,true,,
Epilepsia,0013-9580;1528-1167,true,,
Epilepsia open,2470-9239,true,,
Epilepsy & behavior : E&B,1525-5050;1525-5069,true,,
Epilepsy & behavior case reports,2213-3232,true,,
Epilepsy & behavior reports,2589-9864,true,,
Epilepsy currents,1535-7597;1535-7511,true,,
Epilepsy research,0920-1211;1872-6844,true,,
Epileptic disorders : international epilepsy journal with videotape,1294-9361;1950-6945,true,,
"Equality, diversity and inclusion : an international journal",2040-7149;2040-7157,true,,
Ergonomics,0014-0139;1366-5847,true,,
ERJ open research,2312-0541,true,,
Erkenntnis,0165-0106;1572-8420,true,,
ESC heart failure,2055-5822,true,,
ESMO gastrointestinal oncology,2949-8198,true,,
ESMO open,2059-7029,true,,
Esophagus : official journal of the Japan Esophageal Society,1612-9059;1612-9067,true,,
Essays in biochemistry,0071-1365;1744-1358,true,,
Ethics & behavior,1050-8422;1532-7019,true,,
Ethiopian journal of health sciences,1029-1857;2413-7170,true,,
Ethnicity & health,1355-7858;1465-3419,true,,
eTransportation,2590-1168,true,,
ETRI journal,1225-6463;2233-7326,true,,
EURASIP journal on advances in signal processing,1687-6172;1687-6180,true,,
EuroIntervention : journal of EuroPCR in collaboration with the Working Group on Interventional Cardiology of the European Society of Cardiology,1774-024X;1969-6213,true,,
European addiction research,1022-6877;1421-9891,true,,
European annals of allergy and clinical immunology,1764-1489,true,,
European archives of oto-rhino-laryngology : official journal of the European Federation of Oto-Rhino-Laryngological Societies (EUFOS) : affiliated with the German Society for Oto-Rhino-Laryngology - Head and Neck Surgery,0937-4477;1434-4726,true,,
European archives of paediatric dentistry : official journal of the European Academy of Paediatric Dentistry,1818-6300;1996-9805,true,,
European archives of psychiatry and clinical neuroscience,0940-1334;1433-8491,true,,
European biophysics journal : EBJ,0175-7571;1432-1017,true,,
European cardiology,1758-3756;1758-3764,true,,
European cells & materials,1473-2262,true,,
European clinical respiratory journal,2001-8525,true,,
European cytokine network,1148-5493;1952-4005,true,,
European eating disorders review : the journal of the Eating Disorders Association,1072-4133;1099-0968,true,,
European geriatric medicine,1878-7649;1878-7657,true,,
European heart journal open,2752-4191,true,,
European heart journal supplements : journal of the European Society of Cardiology,1520-765X;1554-2815,true,,
European heart journal. Acute cardiovascular care,2048-8726;2048-8734,true,,
European heart journal. Case reports,2514-2119,true,,
European heart journal. Digital health,2634-3916,true,,
European heart journal. Imaging methods and practice,2755-9637,true,,
European heart journal. Quality of care & clinical outcomes,2058-5225;2058-1742,true,,
European journal of ageing,1613-9372;1613-9380,true,,
European journal of agronomy : the journal of the European Society for Agronomy,1161-0301;1873-7331,true,,
European journal of anaesthesiology,0265-0215;1365-2346,true,,
European journal of anaesthesiology and intensive care,2767-7206,true,,
European journal of applied physiology,1439-6319;1439-6327,true,,
European journal of breast health,2587-0831,true,,
European journal of cancer care,0961-5423;1365-2354,true,,
European journal of cancer prevention : the official journal of the European Cancer Prevention Organisation (ECP),0959-8278;1473-5709,true,,
European journal of cardio-thoracic surgery : official journal of the European Association for Cardio-thoracic Surgery,1010-7940;1873-734X,true,,
European journal of cardiovascular nursing,1474-5151;1873-1953,true,,
European journal of case reports in internal medicine,2284-2594,true,,
European journal of cell biology,0171-9335;1618-1298,true,,
European journal of clinical investigation,0014-2972;1365-2362,true,,
European journal of clinical microbiology & infectious diseases : official publication of the European Society of Clinical Microbiology,0934-9723;1435-4373,true,,
European journal of clinical nutrition,0954-3007;1476-5640,true,,
European journal of clinical pharmacology,0031-6970;1432-1041,true,,
European journal of dental education : official journal of the Association for Dental Education in Europe,1396-5883;1600-0579,true,,
European journal of dentistry,1305-7456;1305-7464,true,,
European journal of dermatology : EJD,1167-1122;1952-4013,true,,
European journal of emergency medicine : official journal of the European Society for Emergency Medicine,0969-9546;1473-5695,true,,
European journal of gastroenterology & hepatology,0954-691X;1473-5687,true,,
European journal of haematology,0902-4441;1600-0609,true,,
European journal of histochemistry : EJH,1121-760X;2038-8306,true,,
European journal of hospital pharmacy : science and practice,2047-9956;2047-9964,true,,
European journal of human genetics : EJHG,1018-4813;1476-5438,true,,
European journal of immunology,0014-2980;1521-4141,true,,
European journal of inflammation,1721-727X,true,,
European journal of inorganic chemistry,1434-1948;1099-0682,true,,
European journal of integrative medicine,1876-3820;1876-3839,true,,
European journal of internal medicine,0953-6205;1879-0828,true,,
European journal of medical genetics,1769-7212;1878-0849,true,,
European journal of medical research,0949-2321;2047-783X,true,,
European journal of medicinal chemistry,0223-5234;1768-3254,true,,
European journal of midwifery,2585-2906,true,,
European journal of nutrition,1436-6207;1436-6215,true,,
European journal of obstetrics & gynecology and reproductive biology: X,2590-1613,true,,
"European journal of obstetrics, gynecology, and reproductive biology",0301-2115;1872-7654,true,,
European journal of oncology nursing : the official journal of European Oncology Nursing Society,1462-3889;1532-2122,true,,
European journal of ophthalmology,1120-6721;1724-6016,true,,
European journal of oral implantology,1756-2406;1756-2414,true,,
European journal of oral sciences,0909-8836;1600-0722,true,,
European journal of organic chemistry,1434-193X;1099-0690,true,,
European journal of orthopaedic surgery & traumatology : orthopedie traumatologie,1633-8065;1432-1068,true,,
European journal of paediatric neurology : EJPN : official journal of the European Paediatric Neurology Society,1090-3798;1532-2130,true,,
European journal of pain : EJP,1090-3801;1532-2149,true,,
European journal of pediatric surgery : official journal of Austrian Association of Pediatric Surgery ... [et al] = Zeitschrift fur Kinderchirurgie,0939-7248;1439-359X,true,,
European journal of pediatrics,0340-6199;1432-1076,true,,
European journal of pharmacology,0014-2999;1879-0712,true,,
European journal of physical and rehabilitation medicine,1973-9087;1973-9095,true,,
European journal of plastic surgery,0930-343X;1435-0130,true,,
European journal of population = Revue europeenne de demographie,0168-6577;1572-9885,true,,
European journal of psychological assessment : official organ of the European Association of Psychological Assessment,1015-5759;2151-2426,true,,
European journal of psychotraumatology,2000-8066,true,,
European journal of public health,1101-1262;1464-360X,true,,
European journal of radiology,0720-048X;1872-7727,true,,
European journal of radiology open,2352-0477,true,,
European journal of rheumatology,2147-9720;2148-4279,true,,
European journal of social psychology,0046-2772;1099-0992,true,,
European journal of soil science,1351-0754;1365-2389,true,,
European journal of surgical oncology : the journal of the European Society of Surgical Oncology and the British Association of Surgical Oncology,0748-7983;1532-2157,true,,
EUROPEAN JOURNAL OF TEACHER EDUCATION,0261-9768;1469-5928,true,,
European journal of translational myology,2037-7452;2037-7460,true,,
European journal of trauma and emergency surgery : official publication of the European Trauma Society,1863-9933;1863-9941,true,,
European journal of wildlife research,1612-4642;1439-0574,true,,
European journal of work and organizational psychology,1359-432X;1464-0643,true,,
European journal on criminal policy and research,0928-1371;1572-9869,true,,
European law review,0307-5400,true,,
European neurology,0014-3022;1421-9913,true,,
European neuropsychopharmacology : the journal of the European College of Neuropsychopharmacology,0924-977X;1873-7862,true,,
European polymer journal,0014-3057;1873-1945,true,,
European radiology experimental,2509-9280,true,,
European respiratory review : an official journal of the European Respiratory Society,0905-9180;1600-0617,true,,
European review of aging and physical activity : official journal of the European Group for Research into Elderly and Physical Activity,1813-7253;1861-6909,true,,
European review of applied psychology = Revue europeenne de psychologie appliquee,1162-9088,true,,
"European spine journal : official publication of the European Spine Society, the European Spinal Deformity Society, and the European Section of the Cervical Spine Research Society",0940-6719;1432-0932,true,,
European stroke journal,2396-9873;2396-9881,true,,
European surgery : ACA : Acta chirurgica Austriaca,1682-8631;1682-4016,true,,
European surgical research. Europaische chirurgische Forschung.  Recherches chirurgicales europeennes,0014-312X;1421-9921,true,,
European thyroid journal,2235-0640;2235-0802,true,,
European transport research review,1867-0717;1866-8887,true,,
European urology focus,2405-4569,true,,
European urology oncology,2588-9311,true,,
European urology open science,2666-1691;2666-1683,true,,
"Evidence & policy : a journal of research, debate and practice",1744-2656,true,,
Evidence-based communication assessment and intervention,1748-9539;1748-9547,true,,
Evidence-based dentistry,1462-0049;1476-5446,true,,
Evidence-based mental health,1362-0347;1468-960X,true,,
Evidence-based nursing,1367-6539;1468-9618,true,,
Evidence-based toxicology,2833-373X,true,,
EvoDevo,2041-9139,true,,
Evolution & development,1520-541X;1525-142X,true,,
Evolution letters,2056-3744,true,,
Evolution; international journal of organic evolution,0014-3820;1558-5646,true,,
Evolutionary human sciences,2513-843X,true,,
Exceptional children,0014-4029;2163-5560,true,,
EXCLI journal,1611-2156,true,,
Exercise and sport sciences reviews,0091-6331;1538-3008,true,,
Experimental aging research,0361-073X;1096-4657,true,,
"Experimental and clinical endocrinology & diabetes : official journal, German Society of Endocrinology [and] German Diabetes Association",0947-7349;1439-3646,true,,
Experimental and clinical transplantation : official journal of the Middle East Society for Organ Transplantation,1304-0855;2146-8427,true,,
Experimental and molecular pathology,0014-4800;1096-0945,true,,
Experimental animals,1341-1357;1881-7122,true,,
Experimental biology and medicine,1535-3702;1535-3699,true,,
Experimental brain research,0014-4819;1432-1106,true,,
Experimental cell research,0014-4827;1090-2422,true,,
Experimental dermatology,0906-6705;1600-0625,true,,
Experimental eye research,0014-4835;1096-0007,true,,
Experimental gerontology,0531-5565;1873-6815,true,,
Experimental hematology,0301-472X;1873-2399,true,,
Experimental hematology & oncology,2162-3619,true,,
Experimental lung research,0190-2148;1521-0499,true,,
Experimental mechanics,0014-4851;1741-2765,true,,
Experimental neurology,0014-4886;1090-2430,true,,
Experimental oncology,1812-9269;2312-8852,true,,
Experimental parasitology,0014-4894;1090-2449,true,,
Experimental physiology,0958-0670;1469-445X,true,,
Expert opinion on biological therapy,1471-2598;1744-7682,true,,
Expert opinion on drug delivery,1742-5247;1744-7593,true,,
Expert opinion on drug metabolism & toxicology,1742-5255;1744-7607,true,,
Expert opinion on drug safety,1474-0338;1744-764X,true,,
Expert opinion on emerging drugs,1472-8214;1744-7623,true,,
Expert opinion on investigational drugs,1354-3784;1744-7658,true,,
Expert opinion on orphan drugs,2167-8707,true,,
Expert opinion on pharmacotherapy,1465-6566;1744-7666,true,,
Expert opinion on therapeutic patents,1354-3776;1744-7674,true,,
Expert opinion on therapeutic targets,1472-8222;1744-7631,true,,
Expert review of anticancer therapy,1473-7140;1744-8328,true,,
Expert review of anti-infective therapy,1478-7210;1744-8336,true,,
Expert review of cardiovascular therapy,1477-9072;1744-8344,true,,
Expert review of clinical immunology,1744-666X;1744-8409,true,,
Expert review of clinical pharmacology,1751-2433;1751-2441,true,,
Expert review of endocrinology & metabolism,1744-6651;1744-8417,true,,
Expert review of gastroenterology & hepatology,1747-4124;1747-4132,true,,
Expert review of hematology,1747-4086;1747-4094,true,,
Expert review of medical devices,1743-4440;1745-2422,true,,
Expert review of molecular diagnostics,1473-7159;1744-8352,true,,
Expert review of neurotherapeutics,1473-7175;1744-8360,true,,
Expert review of pharmacoeconomics & outcomes research,1473-7167;1744-8379,true,,
Expert review of proteomics,1478-9450;1744-8387,true,,
Expert review of respiratory medicine,1747-6348;1747-6356,true,,
Expert review of vaccines,1476-0584;1744-8395,true,,
Expert reviews in molecular medicine,1462-3994,true,,
Exploratory research in clinical and social pharmacy,2667-2766,true,,
Exposure and health,2451-9766;2451-9685,true,,
Extracellular vesicle,2773-0417,true,,
Extracellular vesicles and circulating nucleic acids,2767-6641,true,,
Extreme Mechanics Letters,2352-4316,true,,
Extremophiles : life under extreme conditions,1431-0651;1433-4909,true,,
Eye,0950-222X;1476-5454,true,,
Eye & contact lens,1542-2321;1542-233X,true,,
Eye and vision,2326-0254,true,,
F&S science,2666-335X,true,,
F1000Research,2046-1402,true,,
Facial plastic surgery clinics of North America,1064-7406;1558-1926,true,,
Familial cancer,1389-9600;1573-7292,true,,
"Families, relationships and societies : in international journal of research and debate",2046-7435;2046-7443,true,,
Family medicine and community health,2305-6983;2009-8774,true,,
Family process,0014-7370;1545-5300,true,,
Family relations,0197-6664;1741-3729,true,,
Faraday discussions,1359-6640;1364-5498,true,,
"Fatigue : biomedicine, health & behavior",2164-1846;2164-1862,true,,
FEBS letters,0014-5793;1873-3468,true,,
FEBS open bio,2211-5463,true,,
Female pelvic medicine & reconstructive surgery,2151-8378;2154-4212,true,,
Feminism & psychology,0959-3535;1461-7161,true,,
FEMS microbes,2633-6685,true,,
FEMS microbiology ecology,0168-6496;1574-6941,true,,
FEMS microbiology letters,0378-1097;1574-6968,true,,
FEMS microbiology reviews,0168-6445;1574-6976,true,,
FEMS yeast research,1567-1356;1567-1364,true,,
Fertility research and practice,2054-7099,true,,
Fetal diagnosis and therapy,1015-3837;1421-9964,true,,
Field methods,1525-822X;1552-3969,true,,
Financial Innovation,2199-4730,true,,
First language,0142-7237;1740-2344,true,,
Fish & shellfish immunology,1050-4648;1095-9947,true,,
Fish and fisheries,1467-2960;1467-2979,true,,
Fish and shellfish immunology reports,2667-0119,true,,
Fisheries management and ecology,0969-997X;1365-2400,true,,
Fisheries research,0165-7836;1872-6763,true,,
Fitoterapia,0367-326X;1873-6971,true,,
Fluids and barriers of the CNS,2045-8118,true,,
Focus : journal of life long learning in psychiatry,1541-4094;1541-4108,true,,
Folia morphologica,0015-5659;1644-3284,true,,
Folia phoniatrica et logopaedica : official organ of the International Association of Logopedics and Phoniatrics (IALP),1021-7762;1421-9972,true,,
Food & function,2042-6496;2042-650X,true,,
Food & nutrition research,1654-6628;1654-661X,true,,
Food and chemical toxicology : an international journal published for the British Industrial Biological Research Association,0278-6915;1873-6351,true,,
Food and environmental virology,1867-0334;1867-0342,true,,
Food control,0956-7135;1873-7129,true,,
Food hydrocolloids,0268-005X;1873-7137,true,,
Food microbiology,0740-0020;1095-9998,true,,
Food policy,0306-9192;1873-5657,true,,
Food quality and preference,0950-3293;1873-6343,true,,
Food research international,0963-9969;1873-7145,true,,
Food science & nutrition,2048-7177,true,,
"Food, culture, & society",1552-8014;1528-9796,true,,
Foot & ankle international,1071-1007;1944-7876,true,,
Foot & ankle orthopaedics,2473-0114,true,,
Foot and ankle surgery : official journal of the European Society of Foot and Ankle Surgeons,1268-7731;1460-9584,true,,
Forensic science international,0379-0738;1872-6283,true,,
Forensic science international. Genetics,1872-4973;1878-0326,true,,
"Forensic science, medicine, and pathology",1547-769X;1556-2891,true,,
Forensic toxicology,1860-8965;1860-8973,true,,
Forest ecosystems,2095-6355;2197-5620,true,,
Forest policy and economics,1389-9341;1872-7050,true,,
Fornvännen,0015-7813;1404-9430,true,,
FOSSIL RECORD,2193-0066,true,,
Foundations of science,1233-1821;1572-8471,true,,
Free neuropathology,2699-4445,true,,
Free radical biology & medicine,0891-5849;1873-4596,true,,
Free radical research,1071-5762;1029-2470,true,,
Frontiers in aging neuroscience,1663-4365,true,,
Frontiers in allergy,2673-6101,true,,
Frontiers in artificial intelligence,2624-8212,true,,
Frontiers in big data,2624-909X,true,,
Frontiers in bioinformatics,2673-7647,true,,
Frontiers in bioscience (Landmark edition),2768-6701;2768-6698,true,,
Frontiers in cardiovascular medicine,2297-055X,true,,
Frontiers in computational neuroscience,1662-5188,true,,
Frontiers in dental medicine,2673-4915,true,,
Frontiers in earth science,2296-6463,true,,
Frontiers in ecology and evolution,2296-701X,true,,
Frontiers in ecology and the environment,1540-9295;1540-9309,true,,
Frontiers in endocrinology,1664-2392,true,,
Frontiers in epidemiology,2674-1199,true,,
Frontiers in genetics,1664-8021,true,,
Frontiers in immunology,1664-3224,true,,
Frontiers in lupus,2813-6934,true,,
Frontiers in microbiology,1664-302X,true,,
Frontiers in neuroendocrinology,0091-3022;1095-6808,true,,
Frontiers in neuroimaging,2813-1193,true,,
Frontiers in neuroscience,1662-4548;1662-453X,true,,
Frontiers in nuclear medicine,2673-8880,true,,
Frontiers in oral health,2673-4842,true,,
Frontiers in pharmacology,1663-9812,true,,
Frontiers in psychiatry,1664-0640,true,,
Frontiers in psychology,1664-1078,true,,
Frontiers in rehabilitation sciences,2673-6861,true,,
Frontiers in robotics and AI,2296-9144,true,,
Frontiers in sustainable food systems,2571-581X,true,,
Frontiers in systems biology,2674-0702,true,,
Frontiers in systems neuroscience,1662-5137,true,,
Frontiers in veterinary science,2297-1769,true,,
Frontiers in virtual reality,2673-4192,true,,
Frontiers in zoology,1742-9994,true,,
Frontiers of environmental science & engineering,2095-2201;2095-221X,true,,
Frontiers of hormone research,0301-3073;1662-3762,true,,
Fuel processing technology,0378-3820;1873-7188,true,,
Function,2633-8823,true,,
Functional & integrative genomics,1438-793X;1438-7948,true,,
Functional neurology,0393-5264;1971-3274,true,,
Fundamental & clinical pharmacology,0767-3981;1472-8206,true,,
Fundamental research,2096-9457;2667-3258,true,,
Future cardiology,1479-6678;1744-8298,true,,
Future healthcare journal,2514-6645;2514-6653,true,,
Future medicinal chemistry,1756-8919;1756-8927,true,,
Future microbiology,1746-0913;1746-0921,true,,
Future oncology,1479-6694;1744-8301,true,,
Future virology,1746-0794;1746-0808,true,,
Gaceta sanitaria,0213-9111;1578-1283,true,,
Gait & posture,0966-6362;1879-2219,true,,
Games and culture,1555-4120;1555-4139,true,,
Games for health journal,2161-783X;2161-7856,true,,
Gan to kagaku ryoho. Cancer & chemotherapy,0385-0684,true,,
Gastro hep advances,2772-5723,true,,
Gastroenterology and hepatology from bed to bench,2008-2258;2008-4234,true,,
Gastroenterology clinics of North America,0889-8553;1558-1942,true,,
Gastroenterology nursing : the official journal of the Society of Gastroenterology Nurses and Associates,1042-895X;1538-9766,true,,
Gastroenterology report,2052-0034,true,,
Gastroenterology research and practice,1687-6121;1687-630X,true,,
Gastrointestinal endoscopy,0016-5107;1097-6779,true,,
Gastrointestinal endoscopy clinics of North America,1052-5157;1558-1950,true,,
GE Portuguese journal of gastroenterology,2341-4545;2387-1954,true,,
Geburtshilfe und Frauenheilkunde,0016-5751;1438-8804,true,,
Gender and education,0954-0253;1360-0516,true,,
GENDER AND LANGUAGE,1747-6321;1747-633X,true,,
"Gender, work, and organization",0968-6673;1468-0432,true,,
Gene,0378-1119;1879-0038,true,,
Gene expression patterns : GEP,1567-133X;1872-7298,true,,
Gene therapy,0969-7128;1476-5462,true,,
General hospital psychiatry,0163-8343;1873-7714,true,,
General physiology and biophysics,0231-5882;1338-4325,true,,
General psychiatry,2517-729X,true,,
Generations : the journal of the Western Gerontological Society,0738-7806;2694-5126,true,,
Genes & diseases,2352-4820;2352-3042,true,,
Genes & genomics,1976-9571;2092-9293,true,,
Genes and environment : the official journal of the Japanese Environmental Mutagen Society,1880-7046;1880-7062,true,,
Genes and immunity,1466-4879;1476-5470,true,,
Genes to cells : devoted to molecular & cellular mechanisms,1356-9597;1365-2443,true,,
"Genes, brain, and behavior",1601-1848;1601-183X,true,,
"Genes, chromosomes & cancer",1045-2257;1098-2264,true,,
Genesis : the journal of genetics and development,1526-954X;1526-968X,true,,
Genetic epidemiology,0741-0395;1098-2272,true,,
Genetic testing and molecular biomarkers,1945-0265;1945-0257,true,,
Genetics and molecular biology,1415-4757;1678-4685,true,,
Genetics in medicine open,2949-7744,true,,
Genetics research,0016-6723;1469-5073,true,,
"Genetics, selection, evolution : GSE",0999-193X;1297-9686,true,,
Genomic psychiatry : advancing science from genes to society,2997-254X;2997-2388,true,,
Genomics,0888-7543;1089-8646,true,,
Genomics insights,1178-6310,true,,
"Genomics, proteomics & bioinformatics",1672-0229;2210-3244,true,,
Geochemical perspectives letters,2410-339X;2410-3403,true,,
Geoderma,0016-7061;1872-6259,true,,
Geomorphology,0169-555X;1872-695X,true,,
Geophysical research letters,0094-8276;1944-8007,true,,
Georgian medical news,1512-0112,true,,
Geospatial health,1827-1987;1970-7096,true,,
Geotechnique,0016-8505;1751-7656,true,,
GEOTECHNIQUE LETTERS,2049-825X;2045-2543,true,,
Geriatric nursing,0197-4572;1528-3984,true,,
Geriatric orthopaedic surgery & rehabilitation,2151-4585;2151-4593,true,,
Geriatrics & gerontology international,1444-1586;1447-0594,true,,
Geriatrie et psychologie neuropsychiatrie du vieillissement,2115-8789;2115-7863,true,,
Gerodontology,0734-0664;1741-2358,true,,
Gerontology,0304-324X;1423-0003,true,,
Gerontology & geriatric medicine,2333-7214,true,,
GeroScience,2509-2715;2509-2723,true,,
GFF,1103-5897;2000-0863,true,,
GigaScience,2047-217X,true,,
Giornale italiano di medicina del lavoro ed ergonomia,1592-7830,true,,
Gland surgery,2227-684X;2227-8575,true,,
Global advances in integrative medicine and health,2753-6130,true,,
Global ecology and biogeography : a journal of macroecology,1466-822X;1466-8238,true,,
Global ecology and conservation,2351-9894,true,,
Global epidemiology,2590-1133,true,,
Global food security,2211-9124,true,,
Global health action,1654-9716;1654-9880,true,,
"Global health, science and practice",2169-575X,true,,
Global heart,2211-8160;2211-8179,true,,
Global implementation research and applications,2662-9275,true,,
Global mental health,2054-4251,true,,
Global pediatrics,2667-0097,true,,
Global public health,1744-1692;1744-1706,true,,
Global qualitative nursing research,2333-3936,true,,
Global spine journal,2192-5682;2192-5690,true,,
Globalization and health,1744-8603,true,,
Glycobiology,0959-6658;1460-2423,true,,
Glycoconjugate journal,0282-0080;1573-4986,true,,
GMS hygiene and infection control,2196-5226,true,,
GMS journal for medical education,2366-5017,true,,
Graefe's archive for clinical and experimental ophthalmology = Albrecht von Graefes Archiv fur klinische und experimentelle Ophthalmologie,0721-832X;1435-702X,true,,
Green chemistry : an international journal and green chemistry resource : GC,1463-9262;1463-9270,true,,
Group processes & intergroup relations : GPIR,1368-4302;1461-7188,true,,
Growth factors,0897-7194;1029-2292,true,,
Growth hormone & IGF research : official journal of the Growth Hormone Research Society and the International IGF Research Society,1096-6374;1532-2238,true,,
Gut pathogens,1757-4749,true,,
Gynecologic and obstetric investigation,0378-7346;1423-002X,true,,
Gynecological endocrinology : the official journal of the International Society of Gynecological Endocrinology,0951-3590;1473-0766,true,,
"Gynecologie, obstetrique, fertilite & senologie",2468-7197;2468-7189,true,,
Haemophilia : the official journal of the World Federation of Hemophilia,1351-8216;1365-2516,true,,
Hamostaseologie,0720-9355;2567-5761,true,,
Hand : official journal of the American Association for Hand Surgery,1558-9447;1558-9455,true,,
Hand surgery & rehabilitation,2468-1229;2468-1210,true,,
Hand therapy,1758-9983;1758-9991,true,,
Handbook of clinical neurology,0072-9752,true,,
Handbook of experimental pharmacology,0171-2004,true,,
"Handchirurgie, Mikrochirurgie, plastische Chirurgie : Organ der Deutschsprachigen Arbeitsgemeinschaft fur Handchirurgie : Organ der Deutschsprachigen Arbeitsgemeinschaft fur Mikrochirurgie der Peripheren Nerven und Gefasse : Organ der Vereinigung der Deutschen Plastischen Chirurgen",0722-1819;1439-3980,true,,
Harefuah,0017-7768,true,,
Harm reduction journal,1477-7517,true,,
Harmful algae,1568-9883;1878-1470,true,,
Harvard business review,0017-8012,true,,
Harvard review of psychiatry,1067-3229;1465-7309,true,,
Hawai'i journal of medicine & public health : a journal of Asia Pacific Medicine & Public Health,2165-8218;2165-8242,true,,
Head & face medicine,1746-160X,true,,
Head and neck pathology,1936-055X;1936-0568,true,,
Headache,0017-8748;1526-4610,true,,
Health,1363-4593;1461-7196,true,,
Health & place,1353-8292;1873-2054,true,,
Health & social care in the community,0966-0410;1365-2524,true,,
Health and human rights,1079-0969;2150-4113,true,,
Health and quality of life outcomes,1477-7525,true,,
Health behavior research,2572-1836,true,,
Health care analysis : HCA : journal of health philosophy and policy,1065-3058;1573-3394,true,,
Health care for women international,0739-9332;1096-4665,true,,
Health care management review,0361-6274;1550-5030,true,,
Health communication,1041-0236;1532-7027,true,,
Health data science,2097-1095;2765-8783,true,,
Health economics review,2191-1991,true,,
Health education & behavior : the official publication of the Society for Public Health Education,1090-1981;1552-6127,true,,
Health education journal,0017-8969;1748-8176,true,,
Health education research,0268-1153;1465-3648,true,,
Health expectations : an international journal of public participation in health care and health policy,1369-6513;1369-7625,true,,
Health informatics journal,1460-4582;1741-2811,true,,
Health information and libraries journal,1471-1834;1471-1842,true,,
Health information science and systems,2047-2501,true,,
Health physics,0017-9078;1538-5159,true,,
Health policy and technology,2211-8837;2211-8845,true,,
Health promotion international,0957-4824;1460-2245,true,,
Health promotion perspectives,2228-6497,true,,
"Health psychology : official journal of the Division of Health Psychology, American Psychological Association",0278-6133;1930-7810,true,,
Health psychology open,2055-1029,true,,
Health psychology review,1743-7199;1743-7202,true,,
Health research policy and systems,1478-4505,true,,
Health science reports,2398-8835,true,,
Health security,2326-5094;2326-5108,true,,
Health services insights,1178-6329,true,,
Health services management research,0951-4848;1758-1044,true,,
Health services research,0017-9124;1475-6773,true,,
Health technology assessment : HTA,1366-5278;2046-4924,true,,
"Health, risk & society",1369-8575;1469-8331,true,,
Healthcare technology letters,2053-3713,true,,
Hearing research,0378-5955;1878-5891,true,,
Heart & lung : the journal of critical care,0147-9563;1527-3288,true,,
Heart and vessels,0910-8327;1615-2573,true,,
Heart failure reviews,1382-4147;1573-7322,true,,
Heart rhythm,1547-5271;1556-3871,true,,
Heart rhythm O2,2666-5018,true,,
"Heart, lung & circulation",1443-9506;1444-2892,true,,
HEC forum : an interdisciplinary journal on hospitals' ethical and legal issues,0956-2737;1572-8498,true,,
Helicobacter,1083-4389;1523-5378,true,,
Heliyon,2405-8440,true,,
Hematological oncology,0278-0232;1099-1069,true,,
Hematology,1024-5332;1607-8454,true,,
Hematology,1520-4391;1520-4383,true,,
"Hematology, transfusion and cell therapy",2531-1379;2531-1387,true,,
Hematology/oncology and stem cell therapy,1658-3876;2589-0646,true,,
Hematology/oncology clinics of North America,0889-8588;1558-1977,true,,
Hemodialysis international,1492-7535;1542-4758,true,,
Hepatobiliary & pancreatic diseases international : HBPD INT,1499-3872;2352-9377,true,,
Hepatobiliary surgery and nutrition,2304-3881;2304-389X,true,,
Hepatology communications,2471-254X,true,,
Hepatology international,1936-0533;1936-0541,true,,
Hepatology research : the official journal of the Japan Society of Hepatology,1386-6346;1872-034X,true,,
HERD,1937-5867;2167-5112,true,,
Hereditary cancer in clinical practice,1731-2302;1897-4287,true,,
Heredity,0018-067X;1365-2540,true,,
Hernia : the journal of hernias and abdominal wall surgery,1265-4906;1248-9204,true,,
Herz,0340-9937;1615-6692,true,,
HGG advances,2666-2477,true,,
High altitude medicine & biology,1527-0297;1557-8682,true,,
High blood pressure & cardiovascular prevention : the official journal of the Italian Society of Hypertension,1120-9879;1179-1985,true,,
Higher education research and development,0729-4360;1469-8366,true,,
Hip international : the journal of clinical and experimental research on hip pathology and therapy,1120-7000;1724-6067,true,,
Hipertension y riesgo vascular,1889-1837;1989-4805,true,,
Hippocampus,1050-9631;1098-1063,true,,
Histochemistry and cell biology,0948-6143;1432-119X,true,,
Histology and histopathology,0213-3911;1699-5848,true,,
Histopathology,0309-0167;1365-2559,true,,
Historical methods,0161-5440;1940-1906,true,,
History of education,0046-760X;1464-5130,true,,
History of psychiatry,0957-154X;1740-2360,true,,
HIV medicine,1464-2662;1468-1293,true,,
HIV/AIDS : research and palliative care,1179-1373,true,,
HLA,2059-2302;2059-2310,true,,
HNO,0017-6192;1433-0458,true,,
Holistic integrative oncology.,2731-4529,true,,
Holzforschung,0018-3830;1437-434X,true,,
Hong Kong journal of occupational therapy : HKJOT,1569-1861;1876-4398,true,,
Hormone and metabolic research = Hormon- und Stoffwechselforschung =  Hormones et metabolisme,0018-5043;1439-4286,true,,
Hormone molecular biology and clinical investigation,1868-1883;1868-1891,true,,
Hormones : international journal of endocrinology and metabolism,1109-3099;2520-8721,true,,
Hormones and behavior,0018-506X;1095-6867,true,,
Hospital pediatrics,2154-1663;2154-1671,true,,
Hospital practice,2154-8331,true,,
Hospital topics,0018-5868;1939-9278,true,,
HPB : the official journal of the International Hepato Pancreato Biliary Association,1365-182X;1477-2574,true,,
Human and ecological risk assessment : HERA,1080-7039;1549-7860,true,,
Human cell,0914-7470;1749-0774,true,,
Human dimensions of wildlife,1087-1209;1533-158X,true,,
Human factors,0018-7208;1547-8181,true,,
Human fertility : journal of the British Fertility Society,1464-7273;1742-8149,true,,
Human genetics,0340-6717;1432-1203,true,,
Human genome variation,2054-345X,true,,
Human genomics,1473-9542;1479-7364,true,,
Human heredity,0001-5652;1423-0062,true,,
Human immunology,0198-8859;1879-1166,true,,
Human movement science,0167-9457;1872-7646,true,,
Human nature : an interdisciplinary biosocial perspective,1045-6767;1936-4776,true,,
Human pathology,0046-8177;1532-8392,true,,
Human psychopharmacology,0885-6222;1099-1077,true,,
Human relations; studies towards the integration of the social sciences,0018-7267;1741-282X,true,,
Human reproduction open,2399-3529,true,,
Human resource management,0090-4848;1099-050X,true,,
Human resources for health,1478-4491,true,,
"Human service organizations, management, leadership & governance",2330-3131;2330-314X,true,,
Human vaccines & immunotherapeutics,2164-5515;2164-554X,true,,
Human-centric computing and information sciences,2192-1962,true,,
Humanities & social sciences communications,2662-9992,true,,
Hypertension in pregnancy,1064-1955;1525-6065,true,,
Hypertension research : official journal of the Japanese Society of Hypertension,0916-9636;1348-4214,true,,
IBRO reports,2451-8301,true,,
Icarus,0019-1035;1090-2643,true,,
IDCases,2214-2509,true,,
IEEE ... International Conference on Rehabilitation Robotics : [proceedings],1945-7898;1945-7901,true,,
"IEEE access : practical innovations, open solutions",2169-3536,true,,
IEEE instrumentation & measurement magazine,1094-6969;1941-0123,true,,
IEEE journal of translational engineering in health and medicine,2168-2372,true,,
IEEE photonics journal,1943-0647;1943-0655,true,,
IEEE reviews in biomedical engineering,1937-3333;1941-1189,true,,
IEEE robotics and automation letters,2377-3766,true,,
IEEE signal processing magazine,1053-5888;1558-0792,true,,
IEEE transactions on affective computing,2371-9850;1949-3045,true,,
IEEE transactions on antennas and propagation,0018-926X;1558-2221,true,,
IEEE transactions on applied superconductivity : a publication of the IEEE Superconductivity Committee,1051-8223;1558-2515,true,,
IEEE transactions on automatic control,0018-9286;1558-2523,true,,
IEEE transactions on automation science and engineering : a publication of the IEEE Robotics and Automation Society,1545-5955;1558-3783,true,,
IEEE transactions on biomedical circuits and systems,1932-4545;1940-9990,true,,
IEEE transactions on bio-medical engineering,0018-9294;1558-2531,true,,
IEEE transactions on cognitive and developmental systems,2379-8920;2379-8939,true,,
IEEE transactions on communications,0090-6778;1558-0857,true,,
IEEE transactions on computational imaging,2573-0436;2333-9403,true,,
IEEE transactions on computational social systems,2373-7476;2329-924X,true,,
IEEE transactions on dielectrics and electrical insulation : a publication of the IEEE Dielectrics and Electrical Insulation Society,1070-9878;1558-4135,true,,
IEEE transactions on games,2475-1502;2475-1510,true,,
IEEE transactions on human-machine systems,2168-2291;2168-2305,true,,
IEEE transactions on industrial electronics : a publication of the IEEE Industrial Electronics Society,0278-0046;1557-9948,true,,
IEEE transactions on industry applications,0093-9994;1939-9367,true,,
IEEE transactions on intelligent transportation systems : a publication of the IEEE Intelligent Transportation Systems Council,1524-9050;1558-0016,true,,
IEEE transactions on magnetics,0018-9464;1941-0069,true,,
IEEE transactions on microwave theory and techniques,0018-9480;1557-9670,true,,
IEEE transactions on network and service management,1932-4537,true,,
IEEE transactions on neural systems and rehabilitation engineering : a publication of the IEEE Engineering in Medicine and Biology Society,1534-4320;1558-0210,true,,
IEEE transactions on radiation and plasma medical sciences,2469-7311;2469-7303,true,,
IEEE transactions on signal and information processing over networks,2373-7778;2373-776X,true,,
IEEE transactions on signal processing : a publication of the IEEE Signal Processing Society,1053-587X;1941-0476,true,,
IEEE transactions on technology and society,2637-6415,true,,
"IEEE transactions on ultrasonics, ferroelectrics, and frequency control",0885-3010;1525-8955,true,,
IEEE transactions on vehicular technology,0018-9545;1939-9359,true,,
IEICE electronics express,1349-2543,true,,
IET nanobiotechnology,1751-8741;1751-875X,true,,
IISE transactions on occupational ergonomics and human factors,2472-5838;2472-5846,true,,
iLIVER,2772-9478,true,,
Imaging neuroscience,2837-6056,true,,
Imaging science in dentistry,2233-7822;2233-7830,true,,
Immunity & ageing : I & A,1742-4933,true,,
"Immunity, inflammation and disease",2050-4527,true,,
Immunobiology,0171-2985;1878-3279,true,,
Immunogenetics,0093-7711;1432-1211,true,,
ImmunoHorizons,2573-7732,true,,
ImmunoInformatics,2667-1190,true,,
Immunologic research,0257-277X;1559-0755,true,,
Immunological investigations,0882-0139;1532-4311,true,,
Immunological reviews,0105-2896;1600-065X,true,,
Immunology,0019-2805;1365-2567,true,,
Immunology and allergy clinics of North America,0889-8561;1557-8607,true,,
Immunology and cell biology,0818-9641;1440-1711,true,,
Immunology letters,0165-2478;1879-0542,true,,
Immuno-oncology technology,2590-0188,true,,
Immunopharmacology and immunotoxicology,0892-3973;1532-2513,true,,
Immunotherapy,1750-743X;1750-7448,true,,
Immunotherapy advances,2732-4303,true,,
Implementation research and practice,2633-4895,true,,
Implementation science communications,2662-2211,true,,
In silico pharmacology,2193-9616,true,,
In vivo,0258-851X;1791-7549,true,,
Indian dermatology online journal,2229-5178;2249-5673,true,,
Indian journal of clinical biochemistry : IJCB,0970-1915;0974-0422,true,,
Indian journal of community medicine : official publication of Indian Association of Preventive & Social Medicine,0970-0218;1998-3581,true,,
Indian journal of medical ethics,0974-8466;0975-5691,true,,
Indian journal of orthopaedics,0019-5413;1998-3727,true,,
Indian journal of psychological medicine,0253-7176;0975-1564,true,,
Indian journal of public health,0019-557X;2229-7693,true,,
Indian journal of urology : IJU : journal of the Urological Society of India,0970-1591;1998-3824,true,,
Indian pacing and electrophysiology journal,0972-6292,true,,
Indian pediatrics,0019-6061;0974-7559,true,,
Indoor + built environment : the journal of the International Society of the Built Environment,1420-326X;1423-0070,true,,
Indoor air,0905-6947;1600-0668,true,,
Industrial & engineering chemistry research,0888-5885,true,,
Industrial crops and products,0926-6690;1872-633X,true,,
Industrial health,0019-8366;1880-8026,true,,
Industry and innovation,1366-2716;1469-8390,true,,
Infancy : the official journal of the International Society on Infant Studies,1525-0008;1532-7078,true,,
Infant and child development,1522-7227;1522-7219,true,,
Infant behavior & development,0163-6383;1879-0453,true,,
Infant mental health journal,0163-9641;1097-0355,true,,
Infection,0300-8126;1439-0973,true,,
Infection and drug resistance,1178-6973,true,,
Infection and immunity,0019-9567;1098-5522,true,,
Infection control and hospital epidemiology,0899-823X;1559-6834,true,,
Infection ecology & epidemiology,2000-8686,true,,
Infection prevention in practice,2590-0889,true,,
"Infection, genetics and evolution : journal of molecular epidemiology and evolutionary genetics in infectious diseases",1567-1348;1567-7257,true,,
Infectious agents and cancer,1750-9378,true,,
Infectious disease clinics of North America,0891-5520;1557-9824,true,,
Infectious disease reports,2036-7430;2036-7449,true,,
Infectious diseases,2374-4235;2374-4243,true,,
Infectious diseases and therapy,2193-8229;2193-6382,true,,
Infectious diseases now,2666-9927;2666-9919,true,,
Infectious diseases of poverty,2095-5162;2049-9957,true,,
Infectious disorders drug targets,1871-5265;2212-3989,true,,
Infectious medicine,2097-0684;2772-431X,true,,
Inflammation,0360-3997;1573-2576,true,,
Inflammation research : official journal of the European Histamine Research Society ... [et al.],1023-3830;1420-908X,true,,
Inflammatory bowel diseases,1078-0998;1536-4844,true,,
Inflammatory intestinal diseases,2296-9403;2296-9365,true,,
Inflammopharmacology,0925-4692;1568-5608,true,,
Influenza and other respiratory viruses,1750-2640;1750-2659,true,,
InfoMat,2567-3165,true,,
Information and organization,1471-7727;1873-7919,true,,
Information sciences,0020-0255;1872-6291,true,,
Information systems frontiers : a journal of research and innovation,1387-3326;1572-9419,true,,
Information technology and libraries,0730-9295;2163-5226,true,,
Information technology for development,0268-1102;1554-0170,true,,
Inhalation toxicology,0895-8378;1091-7691,true,,
Injury,0020-1383;1879-0267,true,,
Injury epidemiology,2197-1714,true,,
Injury prevention : journal of the International Society for Child and Adolescent Injury Prevention,1353-8047;1475-5785,true,,
Inland waters : journal of the International Society of Limnology,2044-2041;2044-205X,true,,
Innate immunity,1753-4259;1753-4267,true,,
"Innovation : management, policy & practice",1447-9338;2204-0226,true,,
Innovation in aging,2399-5300,true,,
Innovations : technology and techniques in cardiothoracic and vascular surgery,1556-9845;1559-0879,true,,
Innovations in clinical neuroscience,2158-8333;2158-8341,true,,
"Inquiry : a journal of medical care organization, provision and financing",0046-9580;1945-7243,true,,
Insect conservation and diversity,1752-458X;1752-4598,true,,
INSIGHT,1354-2575;1754-4904,true,,
Insights into imaging,1869-4101,true,,
Instructional science,0020-4277;1573-1952,true,,
Integrated environmental assessment and management,1551-3777;1551-3793,true,,
Integrative and comparative biology,1540-7063;1557-7023,true,,
Integrative cancer therapies,1534-7354;1552-695X,true,,
Integrative zoology,1749-4869;1749-4877,true,,
Intelligence,0160-2896;1873-7935,true,,
Intelligent data analysis,1088-467X;1571-4128,true,,
Intensive & critical care nursing,0964-3397;1532-4036,true,,
Intensive care medicine experimental,2197-425X,true,,
Interactive cardiovascular and thoracic surgery,1569-9293;1569-9285,true,,
Interactive learning environments,1049-4820;1744-5191,true,,
Interdisciplinary cardiovascular and thoracic surgery,2753-670X,true,,
Interface focus,2042-8898;2042-8901,true,,
Internal medicine journal,1444-0903;1445-5994,true,,
International anesthesiology clinics,0020-5907;1537-1913,true,,
International angiology : a journal of the International Union of Angiology,0392-9590;1827-1839,true,,
International archives of allergy and immunology,1018-2438;1423-0097,true,,
International archives of occupational and environmental health,0340-0131;1432-1246,true,,
International archives of otorhinolaryngology,1809-9777;1809-4864,true,,
International braz j urol : official journal of the Brazilian Society of Urology,1677-5538;1677-6119,true,,
International breastfeeding journal,1746-4358,true,,
International cancer conference journal,2192-3183,true,,
International clinical psychopharmacology,0268-1315;1473-5857,true,,
International dairy journal,0958-6946;1879-0143,true,,
International dental journal,0020-6539;1875-595X,true,,
International emergency nursing,1755-599X;1878-013X,true,,
"International environmental agreements : politics, law and economics",1567-9764;1573-1553,true,,
International forum of allergy & rhinology,2042-6976;2042-6984,true,,
International gambling studies,1445-9795;1479-4276,true,,
International heart journal,1349-2365;1349-3299,true,,
International immunology,0953-8178;1460-2377,true,,
International journal for equity in health,1475-9276,true,,
International journal for lesson and learning studies,2046-8253;2016-8261,true,,
International journal for numerical methods in biomedical engineering,2040-7939;2040-7947,true,,
International journal for parasitology,0020-7519;1879-0135,true,,
International journal for parasitology. Drugs and drug resistance,2211-3207,true,,
International journal for quality in health care : journal of the International Society for Quality in Health Care,1353-4505;1464-3677,true,,
International journal of adolescent medicine and health,0334-0139;2191-0278,true,,
INTERNATIONAL JOURNAL OF AEROSPACE ENGINEERING,1687-5966;1687-5974,true,,
International journal of aerospace psychology,2472-1832;2472-1840,true,,
International journal of antimicrobial agents,0924-8579;1872-7913,true,,
International journal of applied mechanics,1758-8251;1758-826X,true,,
International journal of architectural heritage,1558-3058;1558-3066,true,,
International journal of audiology,1499-2027;1708-8186,true,,
International journal of behavioral medicine,1070-5503;1532-7558,true,,
International journal of biological sciences,1449-2288,true,,
International journal of biometeorology,0020-7128;1432-1254,true,,
International journal of bioprinting,2424-7723;2424-8002,true,,
International journal of bipolar disorders,2194-7511,true,,
International journal of cardiology,0167-5273;1874-1754,true,,
International journal of cardiology. Cardiovascular risk and prevention,2772-4875,true,,
International journal of cardiology. Congenital heart disease,2666-6685,true,,
International journal of cardiology. Heart & vasculature,2352-9067,true,,
International Journal of Cardiology. Hypertension,2590-0862,true,,
International journal of chronic obstructive pulmonary disease,1176-9106;1178-2005,true,,
International journal of circumpolar health,1239-9736;2242-3982,true,,
International journal of clinical and health psychology : IJCHP,1697-2600;2174-0852,true,,
International journal of clinical pharmacy,2210-7703;2210-7711,true,,
International journal of clinical practice,1368-5031;1742-1241,true,,
International journal of cognitive therapy,1937-1209;1937-1217,true,,
International journal of colorectal disease,0179-1958;1432-1262,true,,
International journal of computational intelligence systems,1875-6891;1875-6883,true,,
International journal of computer assisted radiology and surgery,1861-6410;1861-6429,true,,
International journal of computer vision,0920-5691;1573-1405,true,,
International journal of consumer studies,1470-6423;1470-6431,true,,
International journal of critical illness and injury science,2229-5151;2231-5004,true,,
International journal of dental hygiene,1601-5029;1601-5037,true,,
International journal of dentistry,1687-8728;1687-8736,true,,
International journal of developmental disabilities,2047-3869;2047-3877,true,,
International journal of diabetes in developing countries,0973-3930;1998-3832,true,,
International journal of disaster risk reduction : IJDRR,2212-4209,true,,
INTERNATIONAL JOURNAL OF DISASTER RISK SCIENCE,2095-0055;2192-6395,true,,
International journal of economic theory,1742-7355;1742-7363,true,,
International journal of educational technology in higher education,2365-9440,true,,
International journal of emergency medicine,1865-1372;1865-1380,true,,
International journal of endocrinology,1687-8337;1687-8345,true,,
International journal of engine research,1468-0874;2041-3149,true,,
International journal of environmental health research,0960-3123;1369-1619,true,,
International journal of experimental pathology,0959-9673;1365-2613,true,,
International journal of fertility & sterility,2008-076X;2008-0778,true,,
International journal of food microbiology,0168-1605;1879-3460,true,,
International journal of food sciences and nutrition,0963-7486;1465-3478,true,,
International journal of forensic mental health,1499-9013;1932-9903,true,,
INTERNATIONAL JOURNAL OF GEOMECHANICS,1532-3641;1943-5622,true,,
International journal of geriatric psychiatry,0885-6230;1099-1166,true,,
International journal of gerontology,1873-9598;1873-958X,true,,
International journal of gynaecology and obstetrics : the official organ of the International Federation of Gynaecology and Obstetrics,0020-7292;1879-3479,true,,
International journal of gynecological cancer : official journal of the International Gynecological Cancer Society,1048-891X;1525-1438,true,,
International journal of gynecological pathology : official journal of the International Society of Gynecological Pathologists,0277-1691;1538-7151,true,,
International journal of health care quality assurance,0952-6862;1758-6542,true,,
International journal of health geographics,1476-072X,true,,
International journal of health policy and management,2322-5939,true,,
International journal of health sciences,1658-3639;1658-7774,true,,
"International journal of health services : planning, administration, evaluation",0020-7314;1541-4469,true,,
International journal of hematology,0925-5710;1865-3774,true,,
International journal of human resource management,0958-5192;1466-4399,true,,
International journal of human-computer interaction,1044-7318;1532-7590,true,,
International journal of human-computer studies,1071-5819;1095-9300,true,,
International journal of hydrogen energy,0360-3199;1879-3487,true,,
International journal of hypertension,2090-0384;2090-0392,true,,
"International journal of hyperthermia : the official journal of European Society for Hyperthermic Oncology, North American Hyperthermia Group",0265-6736;1464-5157,true,,
International journal of imaging systems and technology,0899-9457;1098-1098,true,,
International journal of immunogenetics,1744-3121;1744-313X,true,,
International journal of immunopathology and pharmacology,0394-6320;2058-7384,true,,
International journal of implant dentistry,2198-4034,true,,
International journal of impotence research,0955-9930;1476-5489,true,,
International journal of industrial ergonomics,0169-8141;1872-8219,true,,
International journal of infectious diseases : IJID : official publication of the International Society for Infectious Diseases,1201-9712;1878-3511,true,,
International journal of inflammation,2090-8040;2042-0099,true,,
International journal of injury control and safety promotion,1745-7300;1745-7319,true,,
International journal of integrated care,1568-4156,true,,
International journal of intercultural relations : IJIR,0147-1767;1873-7552,true,,
International journal of laboratory hematology,1751-5521;1751-553X,true,,
International journal of language & communication disorders,1368-2822;1460-6984,true,,
International journal of law and psychiatry,0160-2527;1873-6386,true,,
International journal of legal medicine,0937-9827;1437-1596,true,,
International journal of maritime engineering,1479-8751;1740-0716,true,,
International journal of mass spectrometry,1387-3806;1873-2798,true,,
International journal of medical informatics,1386-5056;1872-8243,true,,
International journal of medical microbiology : IJMM,1438-4221;1618-0607,true,,
International journal of medical sciences,1449-1907,true,,
International journal of mental health and addiction,1557-1874;1557-1882,true,,
International journal of mental health nursing,1445-8330;1447-0349,true,,
International journal of methods in psychiatric research,1049-8931;1557-0657,true,,
International journal of microbiology,1687-918X;1687-9198,true,,
International journal of minerals metallurgy and materials,1674-4799;1869-103X,true,,
International journal of morphology = Revista internacional de morfologia,0717-9367;0717-9502,true,,
International journal of MS care,1537-2073;2834-5398,true,,
International journal of mycobacteriology,2212-5531;2212-554X,true,,
International journal of nanomedicine,1176-9114;1178-2013,true,,
International journal of nephrology,2090-214X;2090-2158,true,,
International journal of nephrology and renovascular disease,1178-7058,true,,
International journal of neural systems,0129-0657;1793-6462,true,,
International journal of nursing practice,1322-7114;1440-172X,true,,
International journal of nursing sciences,2096-6296;2352-0132,true,,
International journal of nursing studies advances,2666-142X,true,,
International journal of obstetric anesthesia,0959-289X;1532-3374,true,,
International journal of occupational medicine and environmental health,1232-1087;1896-494X,true,,
International journal of occupational safety and ergonomics : JOSE,1080-3548;2376-9130,true,,
International journal of offender therapy and comparative criminology,0306-624X;1552-6933,true,,
International journal of older people nursing,1748-3735;1748-3743,true,,
International journal of ophthalmology,2222-3959;2227-4898,true,,
International journal of oral implantology,2631-6420;2631-6439,true,,
International journal of orthopaedic and trauma nursing,1878-1241;1878-1292,true,,
International journal of osteoarchaeology,1047-482X;1099-1212,true,,
International journal of osteopathic medicine : IJOM,1746-0689;1878-0164,true,,
International journal of paediatric dentistry,0960-7439;1365-263X,true,,
International journal of palliative nursing,1357-6321;2052-286X,true,,
International journal of pavement engineering,1029-8436;1477-268X,true,,
International journal of pediatric otorhinolaryngology,0165-5876;1872-8464,true,,
International journal of pediatrics & adolescent medicine,2352-6467,true,,
International journal of peptide research and therapeutics,1573-3149;1573-3904,true,,
International journal of pharmaceutics: X,2590-1567,true,,
International journal of philosophical studies,0967-2559;1466-4542,true,,
INTERNATIONAL JOURNAL OF PHYSICAL DISTRIBUTION & LOGISTICS MANAGEMENT,0960-0035;1758-664X,true,,
International journal of population data science,2399-4908,true,,
International journal of preventive medicine,2008-7802;2008-8213,true,,
International journal of psychiatry in clinical practice,1365-1501;1471-1788,true,,
International journal of psychiatry in medicine,0091-2174;1541-3527,true,,
International journal of psychophysiology : official journal of the International Organization of Psychophysiology,0167-8760;1872-7697,true,,
International journal of public health,1661-8556;1661-8564,true,,
International journal of qualitative methods,1609-4069,true,,
International journal of qualitative studies on health and well-being,1748-2623;1748-2631,true,,
International journal of radiation biology,0955-3002;1362-3095,true,,
"International journal of radiation oncology, biology, physics",0360-3016;1879-355X,true,,
International journal of rehabilitation research. Internationale Zeitschrift fur Rehabilitationsforschung.  Revue internationale de recherches de readaptation,0342-5282;1473-5660,true,,
International journal of rheumatic diseases,1756-1841;1756-185X,true,,
International journal of rheumatology,1687-9260;1687-9279,true,,
International journal of science education,0950-0693;1464-5289,true,,
International journal of selection and assessment,0965-075X;1468-2389,true,,
International journal of sexual health : official journal of the World Association for Sexual Health,1931-7611;1931-762X,true,,
International journal of speech-language pathology,1754-9507;1754-9515,true,,
International journal of spine surgery,2211-4599,true,,
International journal of sport and exercise psychology,1612-197X;1557-251X,true,,
International journal of sport nutrition and exercise metabolism,1526-484X;1543-2742,true,,
International journal of sports medicine,0172-4622;1439-3964,true,,
International journal of sports physiology and performance,1555-0265;1555-0273,true,,
International journal of sports science & coaching,1747-9541;2048-397X,true,,
International journal of STD & AIDS,0956-4624;1758-1052,true,,
International journal of stress management,1072-5245;1573-3424,true,,
International journal of stroke : official journal of the International Stroke Society,1747-4930;1747-4949,true,,
International journal of surgery,1743-9191;1743-9159,true,,
International journal of surgical pathology,1066-8969;1940-2465,true,,
International journal of sustainability in higher education,1467-6370;1758-6739,true,,
International journal of systematic and evolutionary microbiology,1466-5026;1466-5034,true,,
International journal of technology assessment in health care,0266-4623;1471-6348,true,,
International journal of therapeutic massage & bodywork,1916-257X,true,,
International journal of thermal sciences = Revue generale de thermique,1290-0729;1778-4166,true,,
International journal of transgender health,2689-5269;2689-5277,true,,
International journal of tryptophan research : IJTR,1178-6469,true,,
International journal of unconventional computing,1548-7199;1548-7202,true,,
International journal of urology : official journal of the Japanese Urological Association,0919-8172;1442-2042,true,,
INTERNATIONAL JOURNAL OF VEHICLE DESIGN,0143-3369;1741-5314,true,,
International journal of water resources development,0790-0627;1360-0648,true,,
International journal of women's dermatology,2352-6475,true,,
International journal of women's health,1179-1411,true,,
International medical case reports journal,1179-142X,true,,
International nursing review,0020-8132;1466-7657,true,,
International ophthalmology,0165-5701;1573-2630,true,,
International orthopaedics,0341-2695;1432-5195,true,,
International philosophical quarterly : IPQ,0019-0365;2153-8077,true,,
International psychogeriatrics,1041-6102;1741-203X,true,,
International review of cell and molecular biology,1937-6448,true,,
International review of neurobiology,0074-7742;2162-5514,true,,
International review of psychiatry,0954-0261;1369-1627,true,,
International review of research in open and distance learning,1492-3831,true,,
International reviews of immunology,0883-0185;1563-5244,true,,
International studies in the philosophy of science,0269-8595;1469-9281,true,,
International transactions in operational research : a journal of The International Federation of Operational Research Societies,0969-6016;1475-3995,true,,
International urogynecology journal,0937-3462;1433-3023,true,,
International urology and nephrology,0301-1623;1573-2584,true,,
International wound journal,1742-4801;1742-481X,true,,
Internet interventions,2214-7829,true,,
Internet research,1066-2243,true,,
INTERPRETATION-A JOURNAL OF SUBSURFACE CHARACTERIZATION,2324-8858;2324-8866,true,,
"Interventional neuroradiology : journal of peritherapeutic neuroradiology, surgical procedures and related neurosciences",1591-0199;2385-2011,true,,
Interventional pain medicine,2772-5944,true,,
Intestinal research,1598-9100;2288-1956,true,,
Intractable & rare diseases research,2186-3644;2186-361X,true,,
Inverse problems,0266-5611;1361-6420,true,,
Investigational new drugs,0167-6997;1573-0646,true,,
Investigative and clinical urology,2466-0493;2466-054X,true,,
i-Perception,2041-6695,true,,
Iranian biomedical journal,1028-852X;2008-823X,true,,
Iranian journal of microbiology,2008-3289;2008-4447,true,,
Iranian journal of neurology,2008-384X;2252-0058,true,,
Iranian journal of public health,2251-6085;2251-6093,true,,
Iranian Red Crescent medical journal,2074-1804;2074-1812,true,,
Irish journal of medical science,0021-1265;1863-4362,true,,
Irish journal of psychological medicine,0790-9667;2051-6967,true,,
ISBT science series,1751-2816;1751-2824,true,,
iScience,2589-0042,true,,
Islets,1938-2014;1938-2022,true,,
ISPRS international journal of geo-information,2220-9964,true,,
Issues in mental health nursing,0161-2840;1096-4673,true,,
Italian journal of dermatology and venereology,2784-8671;2784-8450,true,,
Italian journal of pediatrics,1720-8424;1824-7288,true,,
IUBMB life,1521-6543;1521-6551,true,,
IUCrJ,2052-2525,true,,
JAACAP open,2949-7329,true,,
JAAD case reports,2352-5126,true,,
JAAD international,2666-3287,true,,
JAC-antimicrobial resistance,2632-1823,true,,
JACC. Advances,2772-963X,true,,
JACC. Asia,2772-3747,true,,
JACC. CardioOncology,2666-0873,true,,
JACC. Case reports,2666-0849,true,,
JACC. Clinical electrophysiology,2405-500X;2405-5018,true,,
JACS Au,2691-3704,true,,
Jamba : journal of disaster risk studies,2072-845X;1996-1421,true,,
JAMIA open,2574-2531,true,,
Japanese journal of applied physics,0021-4922;1347-4065,true,,
Japanese journal of clinical oncology,0368-2811;1465-3621,true,,
Japanese journal of radiology,1867-1071;1867-108X,true,,
JAR life,2534-773X,true,,
JB & JS open access,2472-7245,true,,
JBI database of systematic reviews and implementation reports,2202-4433,true,,
JBI evidence synthesis,2689-8381,true,,
JBMR plus,2473-4039,true,,
JBRA assisted reproduction,1517-5693;1518-0557,true,,
JCI insight,2379-3708,true,,
JCO clinical cancer informatics,2473-4276,true,,
JCO global oncology,2687-8941,true,,
JCO oncology practice,2688-1527;2688-1535,true,,
JCO precision oncology,2473-4284,true,,
JCPP advances,2692-9384,true,,
JDR clinical and translational research,2380-0844;2380-0852,true,,
JEADV clinical practice,2768-6566,true,,
JGH open : an open access journal of gastroenterology and hepatology,2397-9070,true,,
JHEP reports : innovation in hepatology,2589-5559,true,,
JHLT open,2950-1334,true,,
JID innovations : skin science from molecules to population health,2667-0267,true,,
JIMD reports,2192-8304;2192-8312,true,,
JMA journal,2433-328X;2433-3298,true,,
JMIR AI,2817-1705,true,,
JMIR cancer,2369-1999,true,,
JMIR dermatology,2562-0959,true,,
JMIR diabetes,2371-4379,true,,
JMIR human factors,2292-9495,true,,
JMIR infodemiology,2564-1891,true,,
JMIR medical education,2369-3762,true,,
JMIR medical informatics,2291-9694,true,,
JMIR mental health,2368-7959,true,,
JMIR mHealth and uHealth,2291-5222,true,,
JMIR nursing,2562-7600,true,,
JMIR pediatrics and parenting,2561-6722,true,,
JMIR perioperative medicine,2561-9128,true,,
JMIR public health and surveillance,2369-2960,true,,
JMIR rehabilitation and assistive technologies,2369-2529,true,,
JMIR research protocols,1929-0748,true,,
JMIR serious games,2291-9279,true,,
JNCI cancer spectrum,2515-5091,true,,
Joint bone spine,1297-319X;1778-7254,true,,
Jornal brasileiro de nefrologia,0101-2800;2175-8239,true,,
Jornal de pediatria,0021-7557;1678-4782,true,,
Journal der Deutschen Dermatologischen Gesellschaft = Journal of the German Society of Dermatology : JDDG,1610-0379;1610-0387,true,,
Journal for research in mathematics education,0021-8251;1945-2306,true,,
Journal for specialists in pediatric nursing : JSPN,1539-0136;1744-6155,true,,
Journal francais d'ophtalmologie,0181-5512;1773-0597,true,,
Journal of AAPOS : the official publication of the American Association for Pediatric Ophthalmology and Strabismus,1091-8531;1528-3933,true,,
Journal of academic librarianship,0099-1333;1879-1999,true,,
Journal of acquired immune deficiency syndromes : JAIDS,1525-4135;1944-7884,true,,
"Journal of activity, sedentary and sleep behaviors",2731-4391,true,,
Journal of acute medicine,2211-5587;2211-5595,true,,
Journal of addictions nursing,1088-4602;1548-7148,true,,
Journal of addictive diseases,1055-0887;1545-0848,true,,
Journal of adolescence,0140-1971;1095-9254,true,,
Journal of adolescent and young adult oncology,2156-5333;2156-535X,true,,
Journal of adolescent research,0743-5584;1552-6895,true,,
Journal of advanced research,2090-1232;2090-1224,true,,
Journal of aerosol medicine and pulmonary drug delivery,1941-2711;1941-2703,true,,
Journal of aerosol science,0021-8502;1879-1964,true,,
Journal of aerospace engineering,0893-1321;1943-5525,true,,
Journal of affective disorders,0165-0327;1573-2517,true,,
Journal of affective disorders reports,2666-9153,true,,
Journal of African earth sciences,1464-343X;1879-1956,true,,
"Journal of aggression, maltreatment & trauma",1092-6771;1545-083X,true,,
Journal of aging & social policy,0895-9420;1545-0821,true,,
Journal of aging and health,0898-2643;1552-6887,true,,
Journal of aging and physical activity,1063-8652;1543-267X,true,,
Journal of aging research,2090-2204;2090-2212,true,,
Journal of aging studies,0890-4065;1879-193X,true,,
Journal of agrometeorology,0972-1665,true,,
Journal of air transport management,0969-6997;1873-2089,true,,
Journal of allied health,0090-7421;1945-404X,true,,
Journal of alloys and compounds,0925-8388;1873-4669,true,,
Journal of Alzheimer's disease : JAD,1387-2877;1875-8908,true,,
Journal of Alzheimer's disease reports,2542-4823,true,,
Journal of ambient intelligence and humanized computing,1868-5137;1868-5145,true,,
Journal of American college health : J of ACH,0744-8481;1940-3208,true,,
"Journal of anaesthesiology, clinical pharmacology",0970-9185;2231-2730,true,,
Journal of Analytical and Applied Pyrolysis,0165-2370;1873-250X,true,,
Journal of anatomy,0021-8782;1469-7580,true,,
"Journal of anesthesia, analgesia and critical care",2731-3786,true,,
Journal of animal science and biotechnology,1674-9782;2049-1891,true,,
Journal of anxiety disorders,0887-6185;1873-7897,true,,
Journal of applied biomechanics,1065-8483;1543-2688,true,,
Journal of applied biomedicine,1214-021X;1214-0287,true,,
Journal of applied clinical medical physics,1526-9914,true,,
Journal of applied crystallography,0021-8898;1600-5767,true,,
Journal of applied gerontology : the official journal of the Southern Gerontological Society,0733-4648;1552-4523,true,,
Journal of applied measurement,1529-7713,true,,
Journal of applied microbiology,1364-5072;1365-2672,true,,
Journal of applied oral science : revista FOB,1678-7757;1678-7765,true,,
Journal of applied phycology,0921-8971;1573-5176,true,,
Journal of applied research in intellectual disabilities : JARID,1360-2322;1468-3148,true,,
Journal of applied sport psychology,1041-3200;1533-1571,true,,
Journal of applied toxicology : JAT,0260-437X;1099-1263,true,,
Journal of arrhythmia,1880-4276;1883-2148,true,,
Journal of artificial societies and social simulation : JASSS,1460-7425,true,,
Journal of Asia-Pacific entomology,1226-8615;1876-7990,true,,
Journal of assisted reproduction and genetics,1058-0468;1573-7330,true,,
Journal of asthma and allergy,1178-6965,true,,
Journal of athletic training,1062-6050;1938-162X,true,,
Journal of atrial fibrillation,1941-6911,true,,
Journal of autism and developmental disorders,0162-3257;1573-3432,true,,
Journal of avian biology,0908-8857;1600-048X,true,,
"Journal of Ayub Medical College, Abbottabad : JAMC",1025-9589;1819-2718,true,,
Journal of back and musculoskeletal rehabilitation,1053-8127;1878-6324,true,,
Journal of bacteriology,0021-9193;1098-5530,true,,
Journal of behavior therapy and experimental psychiatry,0005-7916;1873-7943,true,,
Journal of behavioral addictions,2062-5871;2063-5303,true,,
Journal of behavioral decision making,0894-3257;1099-0771,true,,
Journal of behavioral medicine,0160-7715;1573-3521,true,,
Journal of biochemical and molecular toxicology,1095-6670;1099-0461,true,,
Journal of biochemistry,0021-924X;1756-2651,true,,
Journal of bioenergetics and biomembranes,0145-479X;1573-6881,true,,
Journal of bioethical inquiry,1176-7529;1872-4353,true,,
Journal of bioinformatics and computational biology,0219-7200;1757-6334,true,,
Journal of biological education,0021-9266;2157-6009,true,,
Journal of biological engineering,1754-1611,true,,
Journal of biological inorganic chemistry : JBIC : a publication of the Society of Biological Inorganic Chemistry,0949-8257;1432-1327,true,,
Journal of biological rhythms,0748-7304;1552-4531,true,,
Journal of biomaterials applications,0885-3282;1530-8022,true,,
Journal of biomechanical engineering,0148-0731;1528-8951,true,,
Journal of biomedical materials research. Part A,1549-3296;1552-4965,true,,
"Journal of biomedical materials research. Part B, Applied biomaterials",1552-4973;1552-4981,true,,
Journal of biomedical science,1021-7770;1423-0127,true,,
Journal of biomedical semantics,2041-1480,true,,
Journal of biomolecular NMR,0925-2738;1573-5001,true,,
Journal of biomolecular structure & dynamics,0739-1102;1538-0254,true,,
Journal of biopharmaceutical statistics,1054-3406;1520-5711,true,,
Journal of biophotonics,1864-063X;1864-0648,true,,
Journal of biosocial science,0021-9320;1469-7599,true,,
Journal of biotechnology,0168-1656;1873-4863,true,,
Journal of bodywork and movement therapies,1360-8592;1532-9283,true,,
Journal of bone and mineral metabolism,0914-8779;1435-5604,true,,
Journal of bone oncology,2212-1366;2212-1374,true,,
Journal of brachial plexus and peripheral nerve injury,1749-7221,true,,
Journal of breast imaging,2631-6110;2631-6129,true,,
Journal of breath research,1752-7155;1752-7163,true,,
Journal of building engineering,2352-7102,true,,
Journal of burn care & research : official publication of the American Burn Association,1559-047X;1559-0488,true,,
Journal of business and psychology,0889-3268;1573-353X,true,,
Journal of Cancer,1837-9664,true,,
Journal of cancer education : the official journal of the American Association for Cancer Education,0885-8195;1543-0154,true,,
Journal of cancer policy,2213-5383,true,,
Journal of cancer prevention,2288-3649;2288-3657,true,,
Journal of cancer research and clinical oncology,0171-5216;1432-1335,true,,
Journal of cancer research and therapeutics,0973-1482;1998-4138,true,,
Journal of cancer survivorship : research and practice,1932-2259;1932-2267,true,,
Journal of cannabis research,2522-5782,true,,
Journal of cardiac failure,1071-9164;1532-8414,true,,
Journal of cardiac surgery,0886-0440;1540-8191,true,,
Journal of cardiology,0914-5087;1876-4738,true,,
Journal of cardiopulmonary rehabilitation and prevention,1932-7501;1932-751X,true,,
Journal of cardiothoracic and vascular anesthesia,1053-0770;1532-8422,true,,
Journal of cardiothoracic surgery,1749-8090,true,,
Journal of cardiovascular computed tomography,1934-5925;1876-861X,true,,
Journal of cardiovascular echography,2211-4122;2347-193X,true,,
Journal of cardiovascular electrophysiology,1045-3873;1540-8167,true,,
Journal of cardiovascular imaging,2586-7210;2586-7296,true,,
Journal of cardiovascular magnetic resonance : official journal of the Society for Cardiovascular Magnetic Resonance,1097-6647;1532-429X,true,,
Journal of cardiovascular medicine,1558-2027;1558-2035,true,,
Journal of cardiovascular pharmacology,0160-2446;1533-4023,true,,
Journal of cardiovascular pharmacology and therapeutics,1074-2484;1940-4034,true,,
Journal of cardiovascular translational research,1937-5387;1937-5395,true,,
Journal of cataract and refractive surgery,0886-3350;1873-4502,true,,
Journal of causal inference,2193-3677;2193-3685,true,,
Journal of cell communication and signaling,1873-9601;1873-961X,true,,
Journal of cellular and molecular medicine,1582-1838;1582-4934,true,,
JOURNAL OF CELLULAR AUTOMATA,1557-5969;1557-5977,true,,
Journal of cellular biochemistry,0730-2312;1097-4644,true,,
Journal of cellular physiology,0021-9541;1097-4652,true,,
Journal of Central South University,2095-2899;2227-5223,true,,
Journal of chemical education,0021-9584;1938-1328,true,,
Journal of chemical health & safety,1871-5532;1878-0504,true,,
Journal of chemical information and modeling,1549-9596;1549-960X,true,,
Journal of chemical neuroanatomy,0891-0618;1873-6300,true,,
Journal of cheminformatics,1758-2946,true,,
Journal of chemotherapy,1120-009X;1973-9478,true,,
Journal of child and adolescent mental health,1728-0583;1728-0591,true,,
Journal of child and adolescent psychopharmacology,1044-5463;1557-8992,true,,
Journal of child and family studies,1062-1024;1573-2843,true,,
Journal of child health care : for professionals working with children in the hospital and community,1367-4935;1741-2889,true,,
Journal of child language,0305-0009;1469-7602,true,,
Journal of child neurology,0883-0738;1708-8283,true,,
Journal of children's orthopaedics,1863-2521;1863-2548,true,,
Journal of chromatography. A,0021-9673;1873-3778,true,,
"Journal of chromatography. B, Analytical technologies in the biomedical and life sciences",1570-0232;1873-376X,true,,
Journal of clinical & translational endocrinology,2214-6237,true,,
Journal of clinical and experimental dentistry,1989-5488,true,,
Journal of clinical and experimental hematopathology : JCEH,1346-4280;1880-9952,true,,
Journal of clinical and experimental hepatology,0973-6883;2213-3453,true,,
Journal of clinical and experimental neuropsychology,1380-3395;1744-411X,true,,
Journal of clinical and translational hepatology,2225-0719;2310-8819,true,,
Journal of clinical and translational science,2059-8661,true,,
Journal of clinical anesthesia,0952-8180;1873-4529,true,,
Journal of clinical apheresis,0733-2459;1098-1101,true,,
Journal of clinical densitometry : the official journal of the International Society for Clinical Densitometry,1094-6950;1559-0747,true,,
Journal of clinical gastroenterology,0192-0790;1539-2031,true,,
Journal of clinical immunology,0271-9142;1573-2592,true,,
Journal of clinical lipidology,1933-2874;1876-4789,true,,
Journal of clinical medicine,2077-0383,true,,
Journal of clinical microbiology,0095-1137;1098-660X,true,,
Journal of clinical monitoring and computing,1387-1307;1573-2614,true,,
Journal of clinical movement disorders,2054-7072,true,,
Journal of clinical neurology,1738-6586;2005-5013,true,,
Journal of clinical neurophysiology : official publication of the American Electroencephalographic Society,0736-0258;1537-1603,true,,
Journal of clinical neuroscience : official journal of the Neurosurgical Society of Australasia,0967-5868;1532-2653,true,,
Journal of clinical pathology,0021-9746;1472-4146,true,,
Journal of clinical pharmacology,0091-2700;1552-4604,true,,
Journal of clinical psychology,0021-9762;1097-4679,true,,
Journal of clinical psychology in medical settings,1068-9583;1573-3572,true,,
Journal of clinical psychopharmacology,0271-0749;1533-712X,true,,
Journal of clinical rheumatology : practical reports on rheumatic & musculoskeletal diseases,1076-1608;1536-7355,true,,
Journal of clinical sleep medicine : JCSM : official publication of the American Academy of Sleep Medicine,1550-9389;1550-9397,true,,
Journal of clinical sport psychology,1932-9261;1932-927X,true,,
Journal of clinical tuberculosis and other mycobacterial diseases,2405-5794,true,,
Journal of clinical ultrasound : JCU,0091-2751;1097-0096,true,,
Journal of clinical virology : the official publication of the Pan American Society for Clinical Virology,1386-6532;1873-5967,true,,
"Journal of cloud computing : advances, systems, and applications",2192-113X,true,,
Journal of cognition,2514-4820,true,,
Journal of cognitive psychology,2044-5911;2044-592X,true,,
Journal of colloid and interface science,0021-9797;1095-7103,true,,
Journal of communication disorders,0021-9924;1873-7994,true,,
Journal of communication in healthcare,1753-8068;1753-8076,true,,
Journal of community genetics,1868-310X;1868-6001,true,,
Journal of community health,0094-5145;1573-3610,true,,
Journal of community psychology,0090-4392;1520-6629,true,,
Journal of comparative family studies,0047-2328;1929-9850,true,,
Journal of complex networks,2051-1310;2051-1329,true,,
Journal of computational biology : a journal of computational molecular cell biology,1066-5277;1557-8666,true,,
Journal of computational neuroscience,0929-5313;1573-6873,true,,
Journal of computational science,1877-7503;1877-7511,true,,
Journal of computer assisted tomography,0363-8715;1532-3145,true,,
Journal of consciousness studies : controversies in science & the humanities,1355-8250;2051-2201,true,,
Journal of contemporary brachytherapy,1689-832X;2081-2841,true,,
Journal of contemporary criminal justice,1043-9862;1552-5406,true,,
Journal of contextual behavioral science,2212-1447;2212-1455,true,,
Journal of cosmetic dermatology,1473-2130;1473-2165,true,,
Journal of counseling psychology,0022-0167;1939-2168,true,,
Journal of cranio-maxillo-facial surgery : official publication of the European Association for Cranio-Maxillo-Facial Surgery,1010-5182;1878-4119,true,,
Journal of criminal justice,0047-2352;1873-6203,true,,
Journal of critical care,0883-9441;1557-8615,true,,
Journal of cross-cultural gerontology,0169-3816;1573-0719,true,,
Journal of cross-cultural psychology,0022-0221;1552-5422,true,,
Journal of crystal growth,0022-0248;1873-5002,true,,
Journal of curriculum studies : JCS,0022-0272;1366-5839,true,,
Journal of cystic fibrosis : official journal of the European Cystic Fibrosis Society,1569-1993;1873-5010,true,,
Journal of dairy science,0022-0302;1525-3198,true,,
"Journal of data science, statistics, and visualisation",2773-0689,true,,
Journal of dental education,0022-0337;1930-7837,true,,
Journal of dental sciences,1991-7902;2213-8862,true,,
Journal of dentistry,0300-5712;1879-176X,true,,
Journal of dermatological science,0923-1811;1873-569X,true,,
Journal of development effectiveness,1943-9342;1943-9407,true,,
Journal of developmental and life-course criminology,2199-4641;2199-465X,true,,
Journal of developmental and physical disabilities,1056-263X;1573-3580,true,,
Journal of developmental origins of health and disease,2040-1744;2040-1752,true,,
Journal of diabetes,1753-0393;1753-0407,true,,
Journal of diabetes and its complications,1056-8727;1873-460X,true,,
Journal of diabetes and metabolic disorders,2251-6581,true,,
Journal of diabetes investigation,2040-1116;2040-1124,true,,
Journal of diabetes research,2314-6745;2314-6753,true,,
Journal of diabetes science and technology,1932-3107;1932-2968,true,,
Journal of dietary supplements,1939-0211;1939-022X,true,,
Journal of digestive diseases,1751-2972;1751-2980,true,,
Journal of digital imaging,0897-1889;1618-727X,true,,
Journal of doctoral nursing practice,2380-9418;2380-9426,true,,
Journal of drug delivery science and technology,1773-2247;2588-8943,true,,
Journal of drug issues,0022-0426;1945-1369,true,,
Journal of drug targeting,1061-186X;1029-2330,true,,
Journal of drugs in dermatology : JDD,1545-9616,true,,
Journal of eating disorders,2050-2974,true,,
Journal Of Economic Psychology,0167-4870;1872-7719,true,,
Journal of education for teaching : international research and pedagogy,0260-7476;1360-0540,true,,
JOURNAL OF EDUCATION POLICY,0268-0939;1464-5106,true,,
Journal of educational evaluation for health professions,1975-5937,true,,
Journal of educational psychology,0022-0663;1939-2176,true,,
Journal of elder abuse & neglect,0894-6566;1540-4129,true,,
Journal of electrical bioimpedance,1891-5469,true,,
Journal of electrocardiology,0022-0736;1532-8430,true,,
Journal of electromyography and kinesiology : official journal of the International Society of Electrophysiological Kinesiology,1050-6411;1873-5711,true,,
"Journal of emergencies, trauma, and shock",0974-2700;0974-519X,true,,
Journal of emergency management : JEM,1543-5865,true,,
Journal of emergency nursing,0099-1767;1527-2966,true,,
Journal of empirical research on human research ethics : JERHRE,1556-2646;1556-2654,true,,
Journal of endocrinological investigation,0391-4097;1720-8386,true,,
Journal of endodontics,0099-2399;1878-3554,true,,
Journal of endourology,0892-7790;1557-900X,true,,
Journal of endovascular therapy : an official journal of the International Society of Endovascular Specialists,1526-6028;1545-1550,true,,
Journal of engineering design,0954-4828;1466-1837,true,,
Journal of environmental chemical engineering,2213-2929;2213-3437,true,,
Journal of environmental management,0301-4797;1095-8630,true,,
Journal of environmental planning and management,0964-0568;1360-0559,true,,
Journal of enzyme inhibition and medicinal chemistry,1475-6366;1475-6374,true,,
Journal of epidemiology,0917-5040;1349-9092,true,,
Journal of epidemiology and global health,2210-6006;2210-6014,true,,
Journal of equine veterinary science,0737-0806;1542-7412,true,,
Journal of esthetic and restorative dentistry : official publication of the American Academy of Esthetic Dentistry ... [et al.],1496-4155;1708-8240,true,,
Journal of ethnic and migration studies,1369-183X;1469-9451,true,,
Journal of ethnicity in substance abuse,1533-2640;1533-2659,true,,
Journal of ethnopharmacology,0378-8741;1872-7573,true,,
Journal of ethology,0289-0771;1439-5444,true,,
Journal of European CME,2161-4083,true,,
Journal of evaluation in clinical practice,1356-1294;1365-2753,true,,
Journal of evidence-based medicine,1756-5383;1756-5391,true,,
Journal of evidence-based medicine,1756-5391,true,,
Journal of evolutionary biochemistry and physiology,0022-0930;1608-3202,true,,
Journal of exercise rehabilitation,2288-176X;2288-1778,true,,
Journal of exercise science and fitness,1728-869X;2226-5104,true,,
Journal of exotic pet medicine,1557-5063;1931-6283,true,,
Journal of experimental child psychology,0022-0965;1096-0457,true,,
Journal of experimental orthopaedics,2197-1153,true,,
Journal of experimental psychology. Animal learning and cognition,2329-8456;2329-8464,true,,
Journal of experimental psychology. Applied,1076-898X;1939-2192,true,,
"Journal of experimental psychology. Learning, memory, and cognition",0278-7393;1939-1285,true,,
Journal of experimental psychopathology,2043-8087,true,,
Journal of experimental social psychology,0022-1031;1096-0465,true,,
Journal of exposure science & environmental epidemiology,1559-0631;1559-064X,true,,
Journal of extracellular biology,2768-2811,true,,
Journal of eye movement research,1995-8692,true,,
Journal of family issues,0192-513X;1552-5481,true,,
Journal of family medicine and primary care,2249-4863;2278-7135,true,,
Journal of family nursing,1074-8407;1552-549X,true,,
Journal of family studies,1322-9400;1839-3543,true,,
Journal of family therapy,0163-4445;1467-6427,true,,
Journal of family violence,0885-7482;1573-2851,true,,
Journal of fish diseases,0140-7775;1365-2761,true,,
Journal of fluency disorders,0094-730X;1873-801X,true,,
Journal of fluorine chemistry,0022-1139;1873-3328,true,,
Journal of food biochemistry,0145-8884;1745-4514,true,,
"Journal of food composition and analysis : an official publication of the United Nations University, International Network of Food Data Systems",0889-1575;1096-0481,true,,
Journal of food engineering,0260-8774;1873-5770,true,,
Journal of food process engineering,0145-8876;1745-4530,true,,
Journal of foot and ankle research,1757-1146,true,,
Journal of forecasting,0277-6693;1099-131X,true,,
Journal of forensic and legal medicine,1752-928X;1878-7487,true,,
Journal of forensic nursing,1556-3693;1939-3938,true,,
Journal of forensic psychology research and practice,2473-2850;2473-2842,true,,
Journal of forensic sciences,0022-1198;1556-4029,true,,
Journal of forest economics,1104-6899;1618-1530,true,,
Journal of functional foods,1756-4646;2214-9414,true,,
Journal of gambling studies,1050-5350;1573-3602,true,,
Journal of gastroenterology,0944-1174;1435-5922,true,,
Journal of gastroenterology and hepatology,0815-9319;1440-1746,true,,
Journal of gastrointestinal and liver diseases : JGLD,1841-8724;1842-1121,true,,
Journal of gastrointestinal oncology,2078-6891;2219-679X,true,,
Journal of gastrointestinal surgery : official journal of the Society for Surgery of the Alimentary Tract,1091-255X;1873-4626,true,,
Journal of gender studies,0958-9236;1465-3869,true,,
Journal of general internal medicine,0884-8734;1525-1497,true,,
Journal of genetics and genomics = Yi chuan xue bao,1673-8527;1873-5533,true,,
Journal of geochemical exploration,0375-6742;1879-1689,true,,
Journal of geophysical research. Atmospheres : JGR,2169-897X;2169-8996,true,,
Journal of geophysical research. Oceans,2169-9275;2169-9291,true,,
Journal of geophysical research. Planets,2169-9097;2169-9100,true,,
Journal of geophysical research. Solid earth,2169-9313;2169-9356,true,,
Journal of geriatric cardiology : JGC,1671-5411,true,,
Journal of geriatric oncology,1879-4068;1879-4076,true,,
Journal of geriatric physical therapy,1539-8412;2152-0895,true,,
Journal of geriatric psychiatry and neurology,0891-9887;1552-5708,true,,
Journal of gerontological social work,0163-4372;1540-4048,true,,
Journal of glaucoma,1057-0829;1536-481X,true,,
Journal of global antimicrobial resistance,2213-7165;2213-7173,true,,
Journal of global health,2047-2978;2047-2986,true,,
Journal of global health reports,2399-1623,true,,
Journal of global infectious diseases,0974-777X;0974-8245,true,,
Journal of graduate medical education,1949-8349;1949-8357,true,,
Journal of gynecologic oncology,2005-0380;2005-0399,true,,
Journal of gynecology obstetrics and human reproduction,2468-7847,true,,
Journal of hand surgery global online,2589-5141,true,,
Journal of hand therapy : official journal of the American Society of Hand Therapists,0894-1130;1545-004X,true,,
Journal of happiness studies,1389-4978;1573-7780,true,,
Journal of health communication,1081-0730;1087-0415,true,,
Journal of health monitoring,2511-2708,true,,
Journal of health organization and management,1477-7266;1758-7247,true,,
Journal of health psychology,1359-1053;1461-7277,true,,
Journal of health services research & policy,1355-8196;1758-1060,true,,
"Journal of health, population, and nutrition",1606-0997;2072-1315,true,,
Journal of healthcare informatics research,2509-4971;2509-498X,true,,
Journal of healthcare management / American College of Healthcare Executives,1096-9012;1944-7396,true,,
Journal of healthcare quality research,2603-6479,true,,
Journal of hematopathology,1868-9256;1865-5785,true,,
Journal of hepato-biliary-pancreatic sciences,1868-6974;1868-6982,true,,
Journal of hepatocellular carcinoma,2253-5969,true,,
Journal of hip preservation surgery,2054-8397,true,,
Journal of holistic nursing : official journal of the American Holistic Nurses' Association,0898-0101;1552-5724,true,,
Journal of homosexuality,0091-8369;1540-3602,true,,
Journal of hospice and palliative nursing : JHPN : the official journal of the Hospice and Palliative Nurses Association,1522-2179;1539-0705,true,,
Journal of human genetics,1434-5161;1435-232X,true,,
Journal of human hypertension,0950-9240;1476-5527,true,,
Journal of human immunity,3065-8993,true,,
Journal of human kinetics,1640-5544;1899-7562,true,,
Journal of human lactation : official journal of International Lactation Consultant Association,0890-3344;1552-5732,true,,
Journal of human nutrition and dietetics : the official journal of the British Dietetic Association,0952-3871;1365-277X,true,,
Journal of human reproductive sciences,0974-1208;1998-4766,true,,
Journal of Huntington's disease,1879-6397;1879-6400,true,,
JOURNAL OF HYDRO-ENVIRONMENT RESEARCH,1570-6443;1876-4444,true,,
Journal of hydrology,0022-1694;1879-2707,true,,
Journal of hypertension,0263-6352;1473-5598,true,,
Journal of imaging informatics in medicine,2948-2925;2948-2933,true,,
Journal of immigrant and minority health,1557-1912;1557-1920,true,,
Journal of immunological methods,0022-1759;1872-7905,true,,
Journal of immunology research,2314-8861;2314-7156,true,,
Journal of immunotherapy,1524-9557;1537-4513,true,,
Journal of immunotoxicology,1547-691X;1547-6901,true,,
Journal of industrial and engineering chemistry,1226-086X;1876-794X,true,,
Journal of infection and chemotherapy : official journal of the Japan Society of Chemotherapy,1341-321X;1437-7780,true,,
Journal of infection and public health,1876-0341;1876-035X,true,,
Journal of infection prevention,1757-1774;1757-1782,true,,
Journal of inflammation,1476-9255,true,,
Journal of inflammation research,1178-7031,true,,
Journal of informetrics,1751-1577;1875-5879,true,,
"Journal of infrared, millimeter and terahertz waves",1866-6892;1866-6906,true,,
Journal of inherited metabolic disease,0141-8955;1573-2665,true,,
Journal of innate immunity,1662-811X;1662-8128,true,,
Journal of inorganic biochemistry,0162-0134;1873-3344,true,,
Journal of insects as food and feed,2352-4588,true,,
Journal of instrumentation : an IOP and SISSA journal,1748-0221,true,,
Journal of integrative bioinformatics,1613-4516,true,,
Journal of integrative medicine,2095-4964,true,,
Journal of intellectual & developmental disability,1366-8250;1469-9532,true,,
Journal of intellectual disabilities : JOID,1744-6295;1744-6309,true,,
Journal of intellectual disability research : JIDR,0964-2633;1365-2788,true,,
Journal of intelligent information systems,0925-9902;1573-7675,true,,
Journal of intensive care,2052-0492,true,,
Journal of intensive care medicine,0885-0666;1525-1489,true,,
Journal of intensive medicine,2097-0250;2667-100X,true,,
Journal of interferon & cytokine research : the official journal of the International Society for Interferon and Cytokine Research,1079-9907;1557-7465,true,,
Journal of International Society of Preventive & Community Dentistry,2231-0762;2250-1002,true,,
Journal of interprofessional care,1356-1820;1469-9567,true,,
Journal of interventional cardiac electrophysiology : an international journal of arrhythmias and pacing,1383-875X;1572-8595,true,,
Journal of interventional cardiology,0896-4327;1540-8183,true,,
Journal of invertebrate pathology,0022-2011;1096-0805,true,,
Journal of investigational allergology & clinical immunology,1018-9068;1698-0808,true,,
Journal of investigative medicine : the official publication of the American Federation for Clinical Research,1081-5589;1708-8267,true,,
JOURNAL OF INVESTIGATIVE PSYCHOLOGY AND OFFENDER PROFILING,1544-4759;1544-4767,true,,
Journal of ISAKOS : joint disorders & orthopaedic sports medicine,2059-7754;2059-7762,true,,
Journal of labelled compounds & radiopharmaceuticals,0362-4803;1099-1344,true,,
Journal of laboratory medicine,2567-9430;2567-9449,true,,
Journal of laparoendoscopic & advanced surgical techniques. Part A,1092-6429;1557-9034,true,,
Journal of laser applications,1042-346X;1938-1387,true,,
JOURNAL OF LEADERSHIP & ORGANIZATIONAL STUDIES,1548-0518;1939-7089,true,,
Journal of lesbian studies,1089-4160;1540-3548,true,,
Journal of leukocyte biology,0741-5400;1938-3673,true,,
Journal of lightwave technology : a joint IEEE/OSA publication,0733-8724;1558-2213,true,,
Journal of lipid research,0022-2275;1539-7262,true,,
Journal of liposome research,0898-2104;1532-2394,true,,
Journal of lower genital tract disease,1089-2591;1526-0976,true,,
Journal of magnetic resonance,1090-7807;1096-0856,true,,
Journal of mammalogy,0022-2372;1545-1542,true,,
Journal of mammary gland biology and neoplasia,1083-3021;1573-7039,true,,
Journal of management & organization,1833-3672;1839-3527,true,,
JOURNAL OF MANAGEMENT STUDIES,0022-2380;1467-6486,true,,
Journal of manipulative and physiological therapeutics,0161-4754;1532-6586,true,,
Journal of mass spectrometry : JMS,1076-5174;1096-9888,true,,
Journal of mass spectrometry and advances in the clinical lab,2667-1468;2667-145X,true,,
Journal of material cycles and waste management,1438-4957;1611-8227,true,,
Journal of materials chemistry. A,2050-7488;2050-7496,true,,
Journal of materials chemistry. B,2050-750X;2050-7518,true,,
Journal of materials chemistry. C,2050-7526;2050-7534,true,,
Journal of materials engineering and performance,1059-9495;1544-1024,true,,
Journal of materials in civil engineering,0899-1561;1943-5533,true,,
Journal of materials research and technology,2238-7854;2214-0697,true,,
Journal of materials science & technology,1005-0302;1941-1162,true,,
Journal of materials science. Materials in medicine,0957-4530;1573-4838,true,,
Journal of mathematical biology,0303-6812;1432-1416,true,,
Journal of mathematical chemistry,0259-9791;1572-8897,true,,
Journal of maxillofacial and oral surgery,0972-8279;0974-942X,true,,
Journal of medical case reports,1752-1947,true,,
Journal of medical economics,1369-6998;1941-837X,true,,
Journal of medical education and curricular development,2382-1205,true,,
Journal of medical engineering & technology,0309-1902;1464-522X,true,,
Journal of medical imaging,2329-4302;2329-4310,true,,
Journal of medical imaging and radiation sciences,1939-8654;1876-7982,true,,
Journal of medical microbiology,0022-2615;1473-5644,true,,
Journal of medical screening,0969-1413;1475-5793,true,,
Journal of medical systems,0148-5598;1573-689X,true,,
Journal of medical toxicology : official journal of the American College of Medical Toxicology,1556-9039;1937-6995,true,,
Journal of medical virology,0146-6615;1096-9071,true,,
Journal of medicinal food,1096-620X;1557-7600,true,,
Journal of medicine and life,1844-122X;1844-3117,true,,
Journal of mental health,0963-8237;1360-0567,true,,
Journal of mental health research in intellectual disabilities,1931-5864;1931-5872,true,,
JOURNAL OF METAMORPHIC GEOLOGY,0263-4929;1525-1314,true,,
Journal of microbiological methods,0167-7012;1872-8359,true,,
Journal of microbiology & biology education,1935-7877;1935-7885,true,,
"Journal of microbiology, immunology, and infection = Wei mian yu gan ran za zhi",1684-1182;1995-9133,true,,
"Journal of microelectromechanical systems : a joint IEEE and ASME publication on microstructures, microactuators, microsensors, and microsystems",1057-7157;1941-0158,true,,
Journal of microscopy,0022-2720;1365-2818,true,,
Journal of midwifery & women's health,1526-9523;1542-2011,true,,
Journal of migration and health,2666-6235,true,,
Journal of minimally invasive gynecology,1553-4650;1553-4669,true,,
Journal of molecular and cellular cardiology plus,2772-9761,true,,
Journal of molecular biology,0022-2836;1089-8638,true,,
Journal of molecular cell biology,1674-2788;1759-4685,true,,
Journal of molecular endocrinology,0952-5041;1479-6813,true,,
Journal of molecular evolution,0022-2844;1432-1432,true,,
Journal of molecular graphics & modelling,1093-3263;1873-4243,true,,
Journal of molecular liquids,0167-7322;1873-3166,true,,
"Journal of molecular medicine : official organ of the ""Gesellschaft Deutscher Naturforscher und Arzte""",0946-2716;1432-1440,true,,
Journal of molecular microbiology and biotechnology,1464-1801;1660-2412,true,,
Journal of molecular neuroscience : MN,0895-8696;1559-1166,true,,
Journal of molecular recognition : JMR,0952-3499;1099-1352,true,,
Journal of molecular structure,0022-2860;1872-8014,true,,
Journal of mood and anxiety disorders,2950-0044,true,,
Journal of motor behavior,0022-2895;1940-1027,true,,
Journal of multidisciplinary healthcare,1178-2390,true,,
Journal of multimorbidity and comorbidity,2633-5565,true,,
Journal of multivariate analysis,0047-259X,true,,
Journal of muscle research and cell motility,0142-4319;1573-2657,true,,
Journal of nanobiotechnology,1477-3155,true,,
Journal of nanoparticle research : an interdisciplinary forum for nanoscale science and technology,1388-0764;1572-896X,true,,
Journal of natural products,0163-3864;1520-6025,true,,
Journal of neonatal-perinatal medicine,1934-5798;1878-4429,true,,
Journal of nephrology,1121-8428;1724-6059,true,,
Journal of network and computer applications,1084-8045;1095-8592,true,,
Journal of neural engineering,1741-2560;1741-2552,true,,
Journal of neural transmission,0300-9564;1435-1463,true,,
Journal of neurodevelopmental disorders,1866-1947;1866-1955,true,,
Journal of neuroendocrinology,0953-8194;1365-2826,true,,
Journal of neuroengineering and rehabilitation,1743-0003,true,,
Journal of neurogastroenterology and motility,2093-0879;2093-0887,true,,
Journal of neurogenetics,0167-7063;1563-5260,true,,
Journal of neuroimaging : official journal of the American Society of Neuroimaging,1051-2284;1552-6569,true,,
Journal of neuroimmune pharmacology : the official journal of the Society on NeuroImmune Pharmacology,1557-1890;1557-1904,true,,
Journal of neuroimmunology,0165-5728;1872-8421,true,,
Journal of neurointerventional surgery,1759-8478;1759-8486,true,,
Journal of neurologic physical therapy : JNPT,1557-0576;1557-0584,true,,
"Journal of neurological surgery. Part A, Central European neurosurgery",2193-6315;2193-6323,true,,
Journal of neuromuscular diseases,2214-3599;2214-3602,true,,
Journal of neuro-oncology,0167-594X;1573-7373,true,,
Journal of neuropathology and experimental neurology,0022-3069;1554-6578,true,,
Journal of neurophysiology,0022-3077;1522-1598,true,,
Journal of neuropsychology,1748-6645;1748-6653,true,,
Journal of neuroradiology = Journal de neuroradiologie,0150-9861;1773-0406,true,,
Journal of neuroscience methods,0165-0270;1872-678X,true,,
Journal of neuroscience research,0360-4012;1097-4547,true,,
Journal of neurosurgery,0022-3085;1933-0693,true,,
Journal of neurosurgery. Pediatrics,1933-0707;1933-0715,true,,
Journal of neurosurgery. Spine,1547-5654;1547-5646,true,,
Journal of neurosurgical anesthesiology,0898-4921;1537-1921,true,,
Journal of neurosurgical sciences,0390-5616;1827-1855,true,,
Journal of neurotrauma,0897-7151;1557-9042,true,,
Journal of neurovirology,1355-0284;1538-2443,true,,
Journal of non-Newtonian fluid mechanics,0377-0257;1873-2631,true,,
Journal of nonverbal behavior,0191-5886;1573-3653,true,,
Journal of nuclear cardiology : official publication of the American Society of Nuclear Cardiology,1071-3581;1532-6551,true,,
Journal of nuclear medicine technology,0091-4916;1535-5675,true,,
Journal of nursing care quality,1057-3631;1550-5065,true,,
Journal of nursing management,0966-0429;1365-2834,true,,
Journal of nursing measurement,1061-3749;1945-7049,true,,
Journal of nursing scholarship : an official publication of Sigma Theta Tau International Honor Society of Nursing,1527-6546;1547-5069,true,,
Journal of nutrition and metabolism,2090-0724;2090-0732,true,,
Journal of nutrition education and behavior,1499-4046;1878-2620,true,,
Journal of nutritional science,2048-6790,true,,
Journal of obesity,2090-0708;2090-0716,true,,
Journal of obsessive-compulsive and related disorders,2211-3649;2211-3657,true,,
"Journal of obstetric, gynecologic, and neonatal nursing : JOGNN",0884-2175;1552-6909,true,,
Journal of obstetrics and gynaecology : the journal of the Institute of Obstetrics and Gynaecology,0144-3615;1364-6893,true,,
Journal of obstetrics and gynaecology Canada : JOGC = Journal d'obstetrique et gynecologie du Canada : JOGC,1701-2163;2665-9867,true,,
Journal of obstetrics and gynaecology of India,0971-9202;0975-6434,true,,
Journal of occupational and environmental hygiene,1545-9624;1545-9632,true,,
Journal of occupational and environmental medicine,1076-2752;1536-5948,true,,
Journal of occupational health,1341-9145;1348-9585,true,,
Journal of occupational health psychology,1076-8998;1939-1307,true,,
Journal of occupational medicine and toxicology,1745-6673,true,,
Journal of occupational rehabilitation,1053-0487;1573-3688,true,,
Journal of occupational science,1442-7591;2158-1576,true,,
Journal of oceanology and limnology,2096-5508;2523-3521,true,,
Journal of oncology pharmacy practice : official publication of the International Society of Oncology Pharmacy Practitioners,1078-1552;1477-092X,true,,
Journal of open source software,2475-9066,true,,
Journal of ophthalmology,2090-004X;2090-0058,true,,
Journal of opioid management,1551-7489,true,,
Journal of optics,2040-8978;2040-8986,true,,
Journal of optometry,1888-4296;1989-1342,true,,
Journal of oral & facial pain and headache,2333-0384;2333-0376,true,,
Journal of oral and maxillofacial surgery : official journal of the American Association of Oral and Maxillofacial Surgeons,0278-2391;1531-5053,true,,
Journal of oral biology and craniofacial research,2212-4268;2212-4276,true,,
Journal of oral microbiology,2000-2297,true,,
Journal of oral science,1343-4934;1880-4926,true,,
Journal of organizational behavior,0894-3796;1099-1379,true,,
Journal of organometallic chemistry,0022-328X;1872-8561,true,,
Journal of orofacial orthopedics = Fortschritte der Kieferorthopadie : Organ/official journal Deutsche Gesellschaft fur Kieferorthopadie,1434-5293;1615-6714,true,,
Journal of orthopaedic research : official publication of the Orthopaedic Research Society,0736-0266;1554-527X,true,,
Journal of orthopaedic surgery and research,1749-799X,true,,
Journal of orthopaedic trauma,0890-5339;1531-2291,true,,
Journal of orthopaedics,0972-978X,true,,
Journal of orthopaedics and traumatology : official journal of the Italian Society of Orthopaedics and Traumatology,1590-9921;1590-9999,true,,
Journal of osteoporosis,2090-8059;2042-0064,true,,
Journal of otolaryngology - head & neck surgery = Le Journal d'oto-rhino-laryngologie et de chirurgie cervico-faciale,1916-0208;1916-0216,true,,
Journal of ovarian research,1757-2215,true,,
JOURNAL OF OVONIC RESEARCH,1842-2403;1584-9953,true,,
Journal of paediatrics and child health,1034-4810;1440-1754,true,,
Journal of pain and symptom management,0885-3924;1873-6513,true,,
Journal of pain research,1178-7090,true,,
Journal of palliative care,0825-8597;2369-5293,true,,
Journal of palliative medicine,1096-6218;1557-7740,true,,
Journal of parasitology research,2090-0023;2090-0031,true,,
Journal of Parkinson's disease,1877-7171;1877-718X,true,,
Journal of participatory medicine,2152-7202,true,,
Journal of pathology and translational medicine,2383-7837;2383-7845,true,,
Journal of pathology informatics,2229-5089;2153-3539,true,,
Journal of patient experience,2374-3735;2374-3743,true,,
Journal of patient safety,1549-8417;1549-8425,true,,
Journal of patient-centered research and reviews,2330-068X;2330-0698,true,,
Journal of patient-reported outcomes,2509-8020,true,,
Journal of pediatric and adolescent gynecology,1083-3188;1873-4332,true,,
Journal of pediatric endocrinology & metabolism : JPEM,0334-018X;2191-0251,true,,
Journal of pediatric gastroenterology and nutrition,0277-2116;1536-4801,true,,
Journal of pediatric genetics,2146-4596;2146-460X,true,,
Journal of pediatric health care : official publication of National Association of Pediatric Nurse Associates & Practitioners,0891-5245;1532-656X,true,,
Journal of pediatric hematology/oncology,1077-4114;1536-3678,true,,
Journal of pediatric hematology/oncology nursing,2752-7530;2752-7549,true,,
Journal of pediatric nursing,0882-5963;1532-8449,true,,
Journal of pediatric oncology nursing : official journal of the Association of Pediatric Oncology Nurses,1043-4542;1532-8457,true,,
Journal of pediatric orthopedics,0271-6798;1539-2570,true,,
Journal of pediatric orthopedics. Part B,1060-152X;1473-5865,true,,
Journal of pediatric psychology,0146-8693;1465-735X,true,,
Journal of pediatric surgery,0022-3468;1531-5037,true,,
Journal of pediatric urology,1477-5131;1873-4898,true,,
Journal of peptide science : an official publication of the European Peptide Society,1075-2617;1099-1387,true,,
Journal of perianesthesia nursing : official journal of the American Society of PeriAnesthesia Nurses,1089-9472;1532-8473,true,,
Journal of perinatal medicine,0300-5577;1619-3997,true,,
Journal of perinatology : official journal of the California Perinatal Association,0743-8346;1476-5543,true,,
Journal of periodontal research,0022-3484;1600-0765,true,,
Journal of periodontology,0022-3492;1943-3670,true,,
Journal of perioperative practice,1750-4589;2515-7949,true,,
Journal of personality,0022-3506;1467-6494,true,,
Journal of personality disorders,0885-579X;1943-2763,true,,
Journal of pharmaceutical analysis,2095-1779;2214-0883,true,,
Journal of pharmaceutical and biomedical analysis,0731-7085;1873-264X,true,,
Journal of pharmaceutical innovation,1872-5120;1939-8042,true,,
Journal of pharmaceutical policy and practice,2052-3211,true,,
Journal of pharmacokinetics and pharmacodynamics,1567-567X;1573-8744,true,,
Journal of pharmacological sciences,1347-8613;1347-8648,true,,
"Journal of pharmacy & pharmaceutical sciences : a publication of the Canadian Society for Pharmaceutical Sciences, Societe canadienne des sciences pharmaceutiques",1482-1826,true,,
Journal of pharmacy practice,0897-1900;1531-1937,true,,
JOURNAL OF PHILOSOPHY OF EDUCATION,0309-8249;1467-9752,true,,
Journal of phonetics,0095-4470;1095-8576,true,,
"Journal of photochemistry and photobiology.  B, Biology",1011-1344;1873-2682,true,,
Journal of physical activity & health,1543-3080;1543-5474,true,,
Journal of physical organic chemistry,0894-3230;1099-1395,true,,
Journal of physics D: Applied physics,0022-3727;1361-6463,true,,
Journal of physics. Condensed matter : an Institute of Physics journal,0953-8984;1361-648X,true,,
"Journal of physics. G, Nuclear and particle physics : an Institute of Physics journal",0954-3899;1361-6471,true,,
Journal of physiology and biochemistry,1138-7548;1877-8755,true,,
Journal of pineal research,0742-3098;1600-079X,true,,
Journal of plastic surgery and hand surgery,2000-656X;2000-6764,true,,
"Journal of plastic, reconstructive & aesthetic surgery : JPRAS",1748-6815;1878-0539,true,,
Journal of policy and practice in intellectual disabilities,1741-1122;1741-1130,true,,
Journal of polymers and the environment,1566-2543,true,,
Journal of population ageing,1874-7884;1874-7876,true,,
Journal of postgraduate medicine,0022-3859;0972-2823,true,,
Journal of power sources,0378-7753;1873-2755,true,,
Journal of pragmatics,0378-2166;1879-1387,true,,
Journal of pregnancy,2090-2727;2090-2735,true,,
Journal of prevention,2731-5533;2731-5541,true,,
Journal of primary care & community health,2150-1319;2150-1327,true,,
Journal of primary health care,1172-6164;1172-6156,true,,
Journal of productivity analysis,0895-562X;1573-0441,true,,
Journal of prosthodontic research,1883-1958;2212-4632,true,,
Journal of prosthodontics : official journal of the American College of Prosthodontists,1059-941X;1532-849X,true,,
Journal of proteome research,1535-3893;1535-3907,true,,
Journal of proteomics,1874-3919;1876-7737,true,,
Journal of psychiatric and mental health nursing,1351-0126;1365-2850,true,,
Journal of psychiatric practice,1527-4160;1538-1145,true,,
Journal of psychiatric research,0022-3956;1879-1379,true,,
Journal of psychoactive drugs,0279-1072;2159-9777,true,,
Journal of psychoeducational assessment,0734-2829;1557-5144,true,,
Journal of psycholinguistic research,0090-6905;1573-6555,true,,
Journal of psychopathology and behavioral assessment,0882-2689;1573-3505,true,,
Journal of psychopathology and clinical science,2769-7541;2769-755X,true,,
Journal of psychopharmacology,0269-8811;1461-7285,true,,
Journal of psychosocial nursing and mental health services,0279-3695;1938-2413,true,,
Journal of psychosocial oncology,0734-7332;1540-7586,true,,
Journal of psychosomatic obstetrics and gynaecology,0167-482X;1743-8942,true,,
Journal of psychosomatic research,0022-3999;1879-1360,true,,
Journal of public health,1741-3842;1741-3850,true,,
Journal of public health dentistry,0022-4006;1752-7325,true,,
Journal of public health research,2279-9028;2279-9036,true,,
Journal of quantitative spectroscopy & radiative transfer,0022-4073;1879-1352,true,,
Journal of racial and ethnic health disparities,2197-3792;2196-8837,true,,
Journal of radiological protection : official journal of the Society for Radiological Protection,0952-4746;1361-6498,true,,
Journal of radiology nursing,1546-0843;1555-9912,true,,
Journal of rational-emotive and cognitive-behavior therapy : RET,0894-9085;1573-6563,true,,
Journal of refractive surgery,1081-597X;1938-2391,true,,
Journal of refugee studies,0951-6328;1471-6925,true,,
Journal of rehabilitation medicine,1650-1977;1651-2081,true,,
Journal of religion and health,0022-4197;1573-6571,true,,
Journal of renal care,1755-6678;1755-6686,true,,
Journal of renal nutrition : the official journal of the Council on Renal Nutrition of the National Kidney Foundation,1051-2276;1532-8503,true,,
Journal of reproductive and infant psychology,0264-6838;1469-672X,true,,
Journal of reproductive immunology,0165-0378;1872-7603,true,,
Journal of research in nursing : JRN,1744-9871;1744-988X,true,,
Journal of research in personality,0092-6566;1095-7251,true,,
Journal of research in pharmacy practice,2319-9644;2279-042X,true,,
Journal of research in science teaching,0022-4308;1098-2736,true,,
Journal of research in special educational needs : JORSEN,1471-3802,true,,
Journal of risk research,1366-9877;1466-4461,true,,
Journal of robotic surgery,1863-2483;1863-2491,true,,
Journal of safety research,0022-4375;1879-1247,true,,
Journal of school violence,1538-8220;1538-8239,true,,
Journal of science and medicine in sport,1440-2440;1878-1861,true,,
Journal of science in sport and exercise,2096-6709;2662-1371,true,,
Journal of scientific computing,0885-7474;1573-7691,true,,
Journal of scleroderma and related disorders,2397-1983;2397-1991,true,,
Journal of sex & marital therapy,0092-623X;1521-0715,true,,
Journal of shoulder and elbow surgery,1058-2746;1532-6500,true,,
Journal of skin cancer,2090-2905;2090-2913,true,,
Journal of sleep research,0962-1105;1365-2869,true,,
Journal of social policy,0047-2794;1469-7823,true,,
Journal of social work : JSW,1468-0173;1741-296X,true,,
Journal of social work in end-of-life & palliative care,1552-4256;1552-4264,true,,
Journal of space weather and space climate,2115-7251,true,,
"Journal of special education technology : a publication of Utah State University, the Association for Special Education Technology, and the Technology and Media Division of the Council for Exceptional Children",0162-6434;2381-3121,true,,
"Journal of speech, language, and hearing research : JSLHR",1092-4388;1558-9102,true,,
Journal of spine surgery,2414-469X;2414-4630,true,,
Journal of sport and health science,2095-2546;2213-2961,true,,
Journal of sport rehabilitation,1056-6716;1543-3072,true,,
Journal of sports science & medicine,1303-2968,true,,
Journal of sports sciences,0264-0414;1466-447X,true,,
Journal of statistical computation and simulation,0094-9655;1563-5163,true,,
Journal of statistical mechanics : theory and experiment,1742-5468,true,,
"Journal of stomatology, oral and maxillofacial surgery",2468-8509;2468-7855,true,,
Journal of strength and conditioning research,1064-8011;1533-4287,true,,
Journal of stroke,2287-6391;2287-6405,true,,
Journal of stroke and cerebrovascular diseases : the official journal of National Stroke Association,1052-3057;1532-8511,true,,
Journal of structural biology,1047-8477;1095-8657,true,,
Journal of studies on alcohol and drugs,1937-1888;1938-4114,true,,
Journal of substance abuse treatment,0740-5472;1873-6483,true,,
Journal of substance use,1465-9891;1475-9942,true,,
Journal of substance use and addiction treatment,2949-8767;2949-8759,true,,
Journal of surgical case reports,2042-8812,true,,
Journal of surgical education,1931-7204;1878-7452,true,,
Journal of surgical oncology,0022-4790;1096-9098,true,,
Journal of synchrotron radiation,0909-0495;1600-5775,true,,
Journal of teacher education,0022-4871;1552-7816,true,,
Journal of telemedicine and telecare,1357-633X;1758-1109,true,,
Journal of testing and evaluation,0090-3973;1945-7553,true,,
Journal of the Academy of Consultation-Liaison Psychiatry,2667-2979;2667-2960,true,,
Journal of the Academy of Nutrition and Dietetics,2212-2672;2212-2680,true,,
Journal of the American Academy of Audiology,1050-0545;2157-3107,true,,
Journal of the American College of Emergency Physicians open,2688-1152,true,,
Journal of the American College of Nutrition,0731-5724;1541-1087,true,,
Journal of the American College of Radiology : JACR,1546-1440;1558-349X,true,,
Journal of the American College of Surgeons,1072-7515;1879-1190,true,,
Journal of the American Geriatrics Society,0002-8614;1532-5415,true,,
Journal of the American Medical Directors Association,1525-8610;1538-9375,true,,
Journal of the American Nutrition Association,2769-7061;2769-707X,true,,
Journal of the American Oil Chemists' Society,0003-021X;1558-9331,true,,
Journal of the American Society for Mass Spectrometry,1044-0305;1879-1123,true,,
Journal of the American Society of Echocardiography : official publication of the American Society of Echocardiography,0894-7317;1097-6795,true,,
Journal of the American Society of Hypertension : JASH,1933-1711;1878-7436,true,,
Journal of the Association for Information Science and Technology,2330-1635;2330-1643,true,,
Journal of the Association for Research in Otolaryngology : JARO,1525-3961;1438-7573,true,,
Journal of the Brazilian society of mechanical sciences and engineering,1678-5878;1806-3691,true,,
Journal of the Chinese Medical Association : JCMA,1726-4901;1728-7731,true,,
Journal of the Economic Science Association,2199-6784;2199-6776,true,,
Journal of the Electrochemical Society,0013-4651;1945-7111,true,,
Journal of the Endocrine Society,2472-1972,true,,
Journal of the European Ceramic Society,0955-2219;1873-619X,true,,
Journal of the Formosan Medical Association = Taiwan yi zhi,0929-6646;1876-0821,true,,
Journal of the history of ideas,0022-5037;1086-3222,true,,
Journal of the Indian Institute of Science,0970-4140;0019-4964,true,,
Journal of the Intensive Care Society,1751-1437;2057-360X,true,,
Journal of the International Academy of Periodontology,1466-2094;2518-3745,true,,
Journal of the International AIDS Society,1758-2652,true,,
Journal of the International Neuropsychological Society : JINS,1355-6177;1469-7661,true,,
Journal of the mechanical behavior of biomedical materials,1751-6161;1878-0180,true,,
Journal of the National Cancer Institute. Monographs,1052-6773;1745-6614,true,,
Journal of the National Comprehensive Cancer Network : JNCCN,1540-1405;1540-1413,true,,
Journal of the neurological sciences,0022-510X;1878-5883,true,,
"Journal of the Optical Society of America. A, Optics, image science, and vision",1084-7529;1520-8532,true,,
"Journal of the Optical Society of America. B, Optical physics",0740-3224;1520-8540,true,,
Journal of the Pediatric Infectious Diseases Society,2048-7193;2048-7207,true,,
Journal of the Royal Army Medical Corps,0035-8665;2052-0468,true,,
"Journal of the Royal Society, Interface",1742-5689;1742-5662,true,,
"Journal of the Royal Statistical Society. Series B, Statistical methodology",1369-7412;1467-9868,true,,
Journal of the science of food and agriculture,0022-5142;1097-0010,true,,
Journal of the Society for Cardiovascular Angiography & Interventions,2772-9303,true,,
Journal of the Taiwan Institute of Chemical Engineers,1876-1070;1876-1089,true,,
Journal of the Turkish German Gynecological Association,1309-0399;1309-0380,true,,
Journal of the World federation of orthodontists,2212-4438,true,,
Journal of theoretical biology,0022-5193;1095-8541,true,,
Journal of thermal biology,0306-4565;1879-0992,true,,
Journal of thoracic disease,2072-1439;2077-6624,true,,
Journal of thoracic imaging,0883-5993;1536-0237,true,,
Journal of thrombosis and thrombolysis,0929-5305;1573-742X,true,,
Journal of tissue engineering,2041-7314,true,,
Journal of tissue engineering and regenerative medicine,1932-6254;1932-7005,true,,
Journal of tissue viability,0965-206X;1876-4746,true,,
Journal of trace elements in medicine and biology : organ of the Society for Minerals and Trace Elements (GMS),0946-672X;1878-3252,true,,
Journal of traditional and complementary medicine,2225-4110,true,,
Journal of transcultural nursing : official journal of the Transcultural Nursing Society,1043-6596;1552-7832,true,,
Journal of translational autoimmunity,2589-9090,true,,
Journal of translational medicine,1479-5876,true,,
Journal of transplantation,2090-0007;2090-0015,true,,
Journal of transport & health,2214-1405;2214-1413,true,,
Journal of transportation safety & security,1943-9962;1943-9970,true,,
Journal of trauma nursing : the official journal of the Society of Trauma Nurses,1078-7496;1932-3883,true,,
Journal of traumatic stress,0894-9867;1573-6598,true,,
Journal of travel medicine,1195-1982;1708-8305,true,,
Journal of tropical pediatrics,0142-6338;1465-3664,true,,
Journal of ultrasonography,2084-8404;2451-070X,true,,
Journal of ultrasound,1971-3495;1876-7931,true,,
Journal of ultrasound in medicine : official journal of the American Institute of Ultrasound in Medicine,0278-4297;1550-9613,true,,
Journal of urban health : bulletin of the New York Academy of Medicine,1099-3460;1468-2869,true,,
"Journal of vacuum science & technology. A, Vacuum, surfaces, and films : an official journal of the American Vacuum Society",0734-2101;1520-8559,true,,
Journal of vascular and interventional radiology : JVIR,1051-0443;1535-7732,true,,
Journal of vascular anomalies,2690-2702,true,,
Journal of vascular nursing : official publication of the Society for Peripheral Vascular Nursing,1062-0303;1532-6578,true,,
Journal of vascular research,1018-1172;1423-0135,true,,
Journal of vascular surgery. Venous and lymphatic disorders,2213-333X;2213-3348,true,,
Journal of vestibular research : equilibrium & orientation,0957-4271;1878-6464,true,,
"Journal of veterinary behavior : clinical applications and research : official journal of : Australian Veterinary Behaviour Interest Group, International Working Dog Breeding Association",1558-7878;1878-7517,true,,
Journal of viral hepatitis,1352-0504;1365-2893,true,,
Journal of virological methods,0166-0934;1879-0984,true,,
Journal of visualized experiments : JoVE,1940-087X,true,,
Journal of voice : official journal of the Voice Foundation,0892-1997;1873-4588,true,,
Journal of water and health,1477-8920;1996-7829,true,,
Journal of water process engineering,2214-7144,true,,
Journal of women's health,1540-9996;1931-843X,true,,
Journal of wound care,0969-0700;2062-2916,true,,
Journal of wrist surgery,2163-3916;2163-3924,true,,
Journal of xenobiotics,2039-4705;2039-4713,true,,
Journal of youth and adolescence,0047-2891;1573-6601,true,,
Journal of Zhejiang University. Science. B,1673-1581;1862-1783,true,,
Journal of zoo and wildlife medicine : official publication of the American Association of Zoo Veterinarians,1042-7260;1937-2825,true,,
Journal of zoology : proceedings of the Zoological Society of London,0952-8369;1469-7998,true,,
JPEN.  Journal of parenteral and enteral nutrition,0148-6071;1941-2444,true,,
JPGN reports,2691-171X,true,,
JPhys materials,2515-7639,true,,
JPRAS open,2352-5878,true,,
JSES international,2666-6383,true,,
JTCVS open,2666-2736,true,,
JTCVS techniques,2666-2507,true,,
JTO clinical and research reports,2666-3643,true,,
Judgment and decision making,1930-2975,true,,
Jundishapur journal of microbiology,2008-3645;2008-4161,true,,
JVS-vascular science,2666-3503,true,,
Kidney & blood pressure research,1420-4096;1423-0143,true,,
Kidney and dialysis,2673-8236,true,,
Kidney diseases,2296-9381;2296-9357,true,,
Kidney medicine,2590-0595,true,,
Kidney research and clinical practice,2211-9132;2211-9140,true,,
Kidney360,2641-7650,true,,
Klinische Monatsblatter fur Augenheilkunde,0023-2165;1439-3999,true,,
Korean journal of medical education,2005-727X;2005-7288,true,,
Kuwait journal of science,2307-4108;2307-4116,true,,
Kyklos : internationale Zeitschrift fur Sozialwissenschaften,0023-5962;1467-6435,true,,
L' Evolution psychiatrique,0014-3855;1769-6674,true,,
La Clinica terapeutica,0009-9074;1972-6007,true,,
La Presse medicale,0755-4982;2213-0276,true,,
La Radiologia medica,0033-8362;1826-6983,true,,
La Revue de medecine interne,0248-8663;1768-3122,true,,
Lab animal,0093-7355;1548-4475,true,,
Lab on a chip,1473-0197;1473-0189,true,,
Laboratory animal research,1738-6055;2233-7660,true,,
Laboratory animals,0023-6772;1758-1117,true,,
Laboratory investigation; a journal of technical methods and pathology,0023-6837;1530-0307,true,,
Lancet regional health. Americas,2667-193X,true,,
Land degradation & development,1085-3278;1099-145X,true,,
Landscape and urban planning,0169-2046;1872-6062,true,,
Landscape ecology,0921-2973;1572-9761,true,,
Langenbeck's archives of surgery,1435-2443;1435-2451,true,,
Langmuir : the ACS journal of surfaces and colloids,0743-7463;1520-5827,true,,
Language and speech,0023-8309;1756-6053,true,,
Language development research,2771-7976,true,,
LANGUAGE IN SOCIETY,0047-4045;1469-8013,true,,
Language learning and development : the official journal of the Society for Language Development,1547-5441;1547-3341,true,,
"Language, cognition and neuroscience",2327-3798;2327-3801,true,,
"Language, speech, and hearing services in schools",0161-1461;1558-9129,true,,
Laryngo- rhino- otologie,0935-8943;1438-8685,true,,
Laryngoscope investigative otolaryngology,2378-8038,true,,
Laser physics letters,1612-2011;1612-202X,true,,
Lasers in surgery and medicine,0196-8092;1096-9101,true,,
Law and human behavior,0147-7307;1573-661X,true,,
Leadership,1742-7150;1742-7169,true,,
Leadership & organization development journal,0143-7739;1472-5347,true,,
Leadership in health services,1751-1879;1751-1887,true,,
Learned publishing : journal of the Association of Learned and Professional Society Publishers,0953-1513;1741-4857,true,,
Learning and instruction,0959-4752;1873-3263,true,,
Learning and motivation,0023-9690;1095-9122,true,,
"Learning disabilities research & practice : a publication of the Division for Learning Disabilities, Council for Exceptional Children",0938-8982;1540-5826,true,,
Learning health systems,2379-6146,true,,
"Learning, culture and social interaction",2210-6561;2210-657X,true,,
"Learning, media and technology",1743-9884;1743-9892,true,,
Lecture Notes in Computer Science,0302-9743;1611-3349,true,,
Legal and criminological psychology,1355-3259;2044-8333,true,,
Legal medicine,1344-6223;1873-4162,true,,
L'Encephale,0013-7006;2589-4935,true,,
Letters in applied microbiology,0266-8254;1472-765X,true,,
Letters in drug design & discovery,1570-1808;1875-628X,true,,
Leukemia & lymphoma,1042-8194;1029-2403,true,,
Leukemia research,0145-2126;1873-5835,true,,
LGBT health,2325-8292;2325-8306,true,,
Life science alliance,2575-1077,true,,
Life sciences,0024-3205;1879-0631,true,,
Life sciences in space research,2214-5524;2214-5532,true,,
Limnology and oceanography letters,2378-2242,true,,
Lin chuang er bi yan hou tou jing wai ke za zhi = Journal of clinical otorhinolaryngology head and neck surgery,2096-7993,true,,
Lipids,0024-4201;1558-9307,true,,
Lipids in health and disease,1476-511X,true,,
Liver cancer,2235-1795;1664-5553,true,,
Liver international : official journal of the International Association for the Study of the Liver,1478-3223;1478-3231,true,,
Liver research,2542-5684,true,,
Liver transplantation : official publication of the American Association for the Study of Liver Diseases and the International Liver Transplantation Society,1527-6465;1527-6473,true,,
Local environment,1354-9839;1469-6711,true,,
"Logopedics, phoniatrics, vocology",1401-5439;1651-2022,true,,
Longitudinal and life course studies : international journal,1757-9597,true,,
Lung,0341-2040;1432-1750,true,,
Lung cancer : journal of the International Association for the Study of Lung Cancer,0169-5002;1872-8332,true,,
Lung India : official organ of Indian Chest Society,0970-2113;0974-598X,true,,
Lupus,0961-2033;1477-0962,true,,
Lupus science & medicine,2053-8790,true,,
LWT-Food science and technology,0023-6438;1096-1127,true,,
Lymphatic research and biology,1539-6851;1557-8585,true,,
mAbs,1942-0862;1942-0870,true,,
Machine learning: science and technology,2632-2153,true,,
Macromolecular bioscience,1616-5187;1616-5195,true,,
Macromolecular chemistry and physics,1022-1352;1521-3935,true,,
Macromolecular materials and engineering,1438-7492;1439-2054,true,,
Macromolecular rapid communications,1022-1336;1521-3927,true,,
Macromolecules,0024-9297;1520-5835,true,,
Maedica,1841-9038;2069-6116,true,,
Magma,0968-5243;1352-8661,true,,
Magnesium research,0953-1424;1952-4021,true,,
Magnetic resonance : an interactive open-access publication of the Groupement AMPERE,2699-0016,true,,
Magnetic resonance imaging,0730-725X;1873-5894,true,,
Magnetic resonance in chemistry : MRC,0749-1581;1097-458X,true,,
Magyar onkologia,0025-0244;2060-0399,true,,
Malaria journal,1475-2875,true,,
Malawi medical journal : the journal of Medical Association of Malawi,1995-7262;1995-7270,true,,
Mammalian biology = Zeitschrift fur Saugetierkunde,1616-5047;1618-1476,true,,
Mammalian genome : official journal of the International Mammalian Genome Society,0938-8990;1432-1777,true,,
Management science,0025-1909;1526-5501,true,,
"Marine and coastal fisheries : dynamics, management , and ecosystem science",1942-5120,true,,
Marine chemistry,0304-4203;1872-7581,true,,
Marine environmental research,0141-1136;1879-0291,true,,
Marine pollution bulletin,0025-326X;1879-3363,true,,
Marketing intelligence & planning,0263-4503;1758-8049,true,,
Materials & design,0264-1275;1873-4197,true,,
Materials and corrosion,0947-5117;1521-4176,true,,
Materials and structures,1359-5997;1871-6873,true,,
Materials characterization,1044-5803;1873-4189,true,,
Materials chemistry and physics,0254-0584;1879-3312,true,,
Materials horizons,2051-6347;2051-6355,true,,
Materials letters,0167-577X;1873-4979,true,,
Materials research express,2053-1591,true,,
"Materials science & engineering. C, Materials for biological applications",0928-4931;1873-0191,true,,
Materials science and technology,0267-0836;1743-2847,true,,
Materials science in semiconductor processing,1369-8001;1873-4081,true,,
Materials today,1369-7021;1873-4103,true,,
Materials today. Advances,2590-0498,true,,
Materials today. Bio,2590-0064,true,,
Materials today. Chemistry,2468-5194,true,,
Materials today. Communications,2352-4928,true,,
Maternal & child nutrition,1740-8695;1740-8709,true,,
Maternal and child health journal,1092-7875;1573-6628,true,,
"Maternal health, neonatology and perinatology",2054-958X,true,,
Mathematical biosciences,0025-5564;1879-3134,true,,
Mathematical biosciences and engineering : MBE,1547-1063;1551-0018,true,,
Matrix biology : journal of the International Society for Matrix Biology,0945-053X;1569-1802,true,,
Matter,2590-2393;2590-2385,true,,
Maturitas,0378-5122;1873-4111,true,,
Mayo Clinic proceedings. Digital health,2949-7612,true,,
"Mayo Clinic proceedings. Innovations, quality & outcomes",2542-4548,true,,
Measurement in physical education and exercise science,1091-367X;1532-7841,true,,
Meccanica,0025-6455;1572-9648,true,,
Mechanisms of ageing and development,0047-6374;1872-6216,true,,
Mechanisms of development,0925-4773;1872-6356,true,,
Med,2666-6359;2666-6340,true,,
MedChemComm,2040-2503;2040-2511,true,,
MedComm,2688-2663,true,,
Medecine sciences : M/S,0767-0974;1958-5381,true,,
Media international Australia,1329-878X;2200-467X,true,,
Mediators of inflammation,0962-9351;1466-1861,true,,
Medical & biological engineering & computing,1741-0444,true,,
Medical care research and review : MCRR,1077-5587;1552-6801,true,,
Medical decision making : an international journal of the Society for Medical Decision Making,0272-989X;1552-681X,true,,
Medical devices : evidence and research,1179-1470,true,,
Medical education online,1087-2981,true,,
Medical engineering & physics,1350-4533;1873-4030,true,,
Medical gas research,2045-9912,true,,
Medical humanities,1468-215X;1473-4265,true,,
Medical hypotheses,0306-9877;1532-2777,true,,
Medical microbiology and immunology,0300-8584;1432-1831,true,,
Medical molecular morphology,1860-1480;1860-1499,true,,
Medical mycology,1369-3786;1460-2709,true,,
Medical oncology,1357-0560;1559-131X,true,,
Medical physics,0094-2405;2473-4209,true,,
"Medical principles and practice : international journal of the Kuwait University, Health Science Centre",1011-7571;1423-0151,true,,
Medical problems of performing artists,0885-1158;1938-2766,true,,
Medical science educator,2156-8650,true,,
Medical science monitor : international medical journal of experimental and clinical research,1234-1010;1643-3750,true,,
Medical teacher,0142-159X;1466-187X,true,,
Medical ultrasonography,1844-4172;2066-8643,true,,
Medicina,0025-7680;1669-9106,true,,
Medicina clinica,0025-7753;1578-8989,true,,
Medicina intensiva,2173-5727,true,,
"Medicina oral, patologia oral y cirugia bucal",1698-4447;1698-6946,true,,
Medicinal chemistry,1573-4064;1875-6638,true,,
Medicinal chemistry research : an international journal for rapid communications on design and mechanisms of action of biologically active agents,1054-2523;1554-8120,true,,
Medicinal research reviews,0198-6325;1098-1128,true,,
Medicine,0025-7974;1536-5964,true,,
Medicine access @ point of care,2399-2026,true,,
Medicine international,2754-3242;2754-1304,true,,
"Medicine, health care, and philosophy",1386-7423;1572-8633,true,,
"Medicine, science, and the law",0025-8024;2042-1818,true,,
Medieval archaeology,0076-6097;1745-817X,true,,
Medwave,0717-6384,true,,
Medycyna weterynaryjna,0025-8628,true,,
Melanoma management,2045-0885;2045-0893,true,,
Melanoma research,0960-8931;1473-5636,true,,
Memory,0965-8211;1464-0686,true,,
Menopause : the journal of the North American Menopause Society,1072-3714;1530-0374,true,,
Mental health and physical activity,1755-2966;1878-0199,true,,
Metabolic brain disease,0885-7490;1573-7365,true,,
Metabolic engineering,1096-7176;1096-7184,true,,
Metabolic syndrome and related disorders,1540-4196;1557-8518,true,,
Metabolism open,2589-9368,true,,
Metabolomics : Official journal of the Metabolomic Society,1573-3882;1573-3890,true,,
Metallomics : integrated biometal science,1756-5901;1756-591X,true,,
Metallurgical and materials transactions A-Physical metallurgy and materials science,1073-5623;1543-1940,true,,
Metals and materials international,1598-9623;2005-4149,true,,
Meteoritics & planetary science,1086-9379;1945-5100,true,,
Methodology : European journal of research methods for the behavioral & social sciences,1614-1881;1614-2241,true,,
Methods : a companion to Methods in enzymology,1046-2023;1095-9130,true,,
Methods and applications in fluorescence,2050-6120,true,,
Methods and protocols,2409-9279,true,,
Methods in cell biology,0091-679X,true,,
Methods in enzymology,0076-6879;1557-7988,true,,
Methods in molecular biology,1064-3745;1940-6029,true,,
Methods of information in medicine,0026-1270;2511-705X,true,,
Metrika,0026-1335;1435-926X,true,,
mHealth,2306-9740,true,,
Microbes and infection,1286-4579;1769-714X,true,,
Microbial biotechnology,1751-7907;1751-7915,true,,
Microbial cell,2311-2638,true,,
Microbial cell factories,1475-2859,true,,
"Microbial drug resistance : MDR : mechanisms, epidemiology, and disease",1076-6294;1931-8448,true,,
Microbial genomics,2057-5858,true,,
Microbial pathogenesis,0882-4010;1096-1208,true,,
Microbiological research,0944-5013;1618-0623,true,,
Microbiology,1350-0872;1465-2080,true,,
Microbiology and immunology,0385-5600;1348-0421,true,,
Microbiology and molecular biology reviews : MMBR,1092-2172;1098-5557,true,,
Microbiology spectrum,2165-0497,true,,
MicrobiologyOpen,2045-8827,true,,
Microchemical journal : devoted to the application of microtechniques in all branches of science,0026-265X;1095-9149,true,,
"Microcirculation : the official journal of the Microcirculatory Society, Inc",1073-9688;1549-8719,true,,
Microelectronics,0026-2692;1879-2391,true,,
Microfluidics and nanofluidics,1613-4982;1613-4990,true,,
microLife,2633-6693,true,,
Microplastics and nanoplastics,2662-4966,true,,
MicroRNA,2211-5366;2211-5374,true,,
"Microscopy and microanalysis : the official journal of Microscopy Society of America, Microbeam Analysis Society, Microscopical Society of Canada",1431-9276;1435-8115,true,,
Microscopy research and technique,1059-910X;1097-0029,true,,
Microsurgery,0738-1085;1098-2752,true,,
Microsystems & nanoengineering,2096-1030;2055-7434,true,,
Microvascular research,0026-2862;1095-9319,true,,
Midwifery,0266-6138;1532-3099,true,,
Mikrochimica acta,0026-3672;1436-5073,true,,
Military Medical Research,2095-7467;2054-9369,true,,
Military medicine,0026-4075;1930-613X,true,,
"Military psychology : the official journal of the Division of Military Psychology, American Psychological Association",0899-5605;1532-7876,true,,
Mindfulness,1868-8527;1868-8535,true,,
Minerva anestesiologica,0375-9393;1827-1596,true,,
Minerva cardiology and angiology,2724-5683;2724-5772,true,,
Minerva chirurgica,0026-4733;1827-1626,true,,
Minerva endocrinology,2724-6507;2724-6116,true,,
Minerva gastroenterology,2724-5985;2724-5365,true,,
Minerva medica,0026-4806;1827-1669,true,,
Minerva pediatrica,0026-4946;1827-1715,true,,
Minerva pediatrics,2724-5276;2724-5780,true,,
Minerva urologica e nefrologica = The Italian journal of urology and nephrology,0393-2249;1827-1758,true,,
Minerva urology and nephrology,2724-6051;2724-6442,true,,
Minimally invasive therapy & allied technologies : MITAT : official journal of the Society for Minimally Invasive Therapy,1364-5706;1365-2931,true,,
"Mining, metallurgy & exploration",2524-3462;2524-3470,true,,
Mitochondrion,1567-7249;1872-8278,true,,
MMW Fortschritte der Medizin,1438-3276;1613-3560,true,,
MMWR.  Morbidity and mortality weekly report,0149-2195;1545-861X,true,,
Mobile DNA,1759-8753,true,,
Modern rheumatology,1439-7595;1439-7609,true,,
Molecular and biochemical parasitology,0166-6851;1872-9428,true,,
Molecular and cellular biochemistry,0300-8177;1573-4919,true,,
Molecular and cellular endocrinology,0303-7207;1872-8057,true,,
Molecular and cellular neurosciences,1044-7431;1095-9327,true,,
Molecular and cellular probes,0890-8508;1096-1194,true,,
Molecular aspects of medicine,0098-2997;1872-9452,true,,
Molecular autism,2040-2392,true,,
Molecular biology,0026-8933;1608-3245,true,,
Molecular biology of the cell,1059-1524;1939-4586,true,,
Molecular biology reports,0301-4851;1573-4978,true,,
Molecular biomedicine,2662-8651,true,,
Molecular biotechnology,1073-6085;1559-0305,true,,
Molecular brain,1756-6606,true,,
Molecular cancer research : MCR,1541-7786;1557-3125,true,,
Molecular cancer therapeutics,1535-7163;1538-8514,true,,
Molecular carcinogenesis,0899-1987;1098-2744,true,,
Molecular catalysis,2468-8274;2468-8231,true,,
Molecular cytogenetics,1755-8166,true,,
Molecular diagnosis & therapy,1177-1062;1179-2000,true,,
Molecular diversity,1381-1991;1573-501X,true,,
Molecular ecology resources,1755-098X;1755-0998,true,,
Molecular Frontiers journal,2529-7325;2529-7333,true,,
Molecular genetics & genomic medicine,2324-9269,true,,
Molecular genetics and genomics : MGG,1617-4615;1617-4623,true,,
Molecular genetics and metabolism,1096-7192;1096-7206,true,,
Molecular human reproduction,1360-9947;1460-2407,true,,
Molecular imaging,1535-3508;1536-0121,true,,
Molecular imaging and biology,1536-1632;1860-2002,true,,
Molecular immunology,0161-5890;1872-9142,true,,
Molecular medicine,1076-1551;1528-3658,true,,
Molecular metabolism,2212-8778,true,,
Molecular neurobiology,0893-7648;1559-1182,true,,
Molecular neurodegeneration advances,3059-4944,true,,
Molecular neuropsychiatry,2296-9209;2296-9179,true,,
Molecular nutrition & food research,1613-4125;1613-4133,true,,
Molecular oncology,1574-7891;1878-0261,true,,
Molecular oral microbiology,2041-1006;2041-1014,true,,
Molecular pain,1744-8069,true,,
Molecular pharmaceutics,1543-8384;1543-8392,true,,
Molecular reproduction and development,1040-452X;1098-2795,true,,
Molecular syndromology,1661-8769;1661-8777,true,,
Molecular systems design & engineering,2058-9689,true,,
Molecular therapy oncolytics,2372-7705,true,,
Molecular therapy. Methods & clinical development,2329-0501,true,,
Molecular therapy. Nucleic acids,2162-2531,true,,
Molecular therapy. Oncology,2950-3299,true,,
Molecular vision,1090-0535,true,,
Molekuliarnaia biologiia,0026-8984,true,,
Molluscan research,1323-5818;1448-6067,true,,
Monash bioethics review,1321-2753;1836-6716,true,,
Monthly notices of the Royal Astronomical Society,0035-8711;1365-2966,true,,
Movement disorders clinical practice,2330-1619,true,,
mSphere,2379-5042,true,,
mSystems,2379-5077,true,,
Mucosal immunology,1933-0219;1935-3456,true,,
Multidisciplinary respiratory medicine,1828-695X;2049-6958,true,,
Multimedia manual of cardiothoracic surgery : MMCTS / European Association for Cardio-Thoracic Surgery,1813-9175,true,,
Multimedia systems,0942-4962;1432-1882,true,,
Multimedia tools and applications,1380-7501;1573-7721,true,,
Multiple sclerosis : clinical and laboratory research,1352-4585;1477-0970,true,,
Multiple sclerosis and related disorders,2211-0348;2211-0356,true,,
Multiple sclerosis international,2090-2654;2090-2662,true,,
"Multiple sclerosis journal - experimental, translational and clinical",2055-2173,true,,
Multisensory research,2213-4794;2213-4808,true,,
Multivariate behavioral research,0027-3171;1532-7906,true,,
Muscle & nerve,0148-639X;1097-4598,true,,
Musculoskeletal care,1478-2189;1557-0681,true,,
Musculoskeletal science & practice,2468-8630;2468-7812,true,,
Mutagenesis,0267-8357;1464-3804,true,,
Mutation research. Fundamental and molecular mechanisms of mutagenesis,1386-1964;1879-2871,true,,
Mutation research. Genetic toxicology and environmental mutagenesis,1383-5718;1879-3592,true,,
Mutation research. Reviews in mutation research,1383-5742;1388-2139,true,,
Mycological progress,1617-416X;1861-8952,true,,
Mycopathologia,0301-486X;1573-0832,true,,
Mycoses,0933-7407;1439-0507,true,,
Mycotoxin research,0178-7888;1867-1632,true,,
Nan fang yi ke da xue xue bao = Journal of Southern Medical University,1673-4254,true,,
Nano research,1998-0124;1998-0000,true,,
Nano select : open access,2688-4011,true,,
Nano today,1748-0132;1878-044X,true,,
NanoImpact,2452-0748,true,,
Nanomaterials,2079-4991,true,,
Nanomedicine,1743-5889;1748-6963,true,,
"Nanomedicine : nanotechnology, biology, and medicine",1549-9634;1549-9642,true,,
Nanophotonics,2192-8606;2192-8614,true,,
Nanoscale advances,2516-0230,true,,
Nanoscale horizons,2055-6756;2055-6764,true,,
Nanoscale research letters,1931-7573;1556-276X,true,,
Nanotechnology,0957-4484;1361-6528,true,,
NAR cancer,2632-8674,true,,
NAR genomics and bioinformatics,2631-9268,true,,
Natural hazards,0921-030X;1573-0840,true,,
Natural hazards and earth system sciences,1561-8633;1684-9981,true,,
Natural history,0028-0712,true,,
Natural product research,1478-6419;1478-6427,true,,
Natural products and bioprospecting,2192-2195;2192-2209,true,,
Natural resource modeling,0890-8575;1939-7445,true,,
Nature and science of sleep,1179-1608,true,,
Nature astronomy,2397-3366,true,,
Nature reviews bioengineering,2731-6092,true,,
Nature reviews psychology,2731-0574,true,,
Nature reviews. Chemistry,2397-3358,true,,
Nature reviews. Genetics,1471-0056;1471-0064,true,,
Nature reviews. Materials,2058-8437,true,,
Nature reviews. Methods primers,2662-8449,true,,
Nature reviews. Urology,1759-4812;1759-4820,true,,
Nature. Mental health,2731-6076,true,,
NDT plus,1753-0784;1753-0792,true,,
Nederlands tijdschrift voor geneeskunde,0028-2162;1876-8784,true,,
Nederlands tijdschrift voor tandheelkunde,0028-2200,true,,
Nefrologia : publicacion oficial de la Sociedad Espanola Nefrologia,0211-6995;1989-2284,true,,
NEJM evidence,2766-5526,true,,
Neonatology,1661-7800;1661-7819,true,,
Neoplasia : an international journal for oncology research,1522-8002;1476-5586,true,,
Nephrologie & therapeutique,1769-7255;1872-9177,true,,
Nephrology,1320-5358;1440-1797,true,,
Nephron,1660-8151;2235-3186,true,,
Netherlands heart journal : monthly journal of the Netherlands Society of Cardiology and the Netherlands Heart Foundation,1568-5888;1876-6250,true,,
Network neuroscience,2472-1751,true,,
Neural computing & applications,0941-0643;1433-3058,true,,
Neural networks : the official journal of the International Neural Network Society,0893-6080;1879-2782,true,,
Neural regeneration research,1673-5374;1876-7958,true,,
Neuro endocrinology letters,0172-780X;2354-4716,true,,
Neurobiology of aging,0197-4580;1558-1497,true,,
Neurobiology of disease,0969-9961;1095-953X,true,,
Neurobiology of language,2641-4368,true,,
Neurobiology of learning and memory,1074-7427;1095-9564,true,,
Neurobiology of pain,2452-073X,true,,
Neurobiology of stress,2352-2895,true,,
Neurocase,1355-4794;1465-3656,true,,
Neurochemical research,0364-3190;1573-6903,true,,
Neurochemistry international,0197-0186;1872-9754,true,,
Neuro-Chirurgie,0028-3770;1773-0619,true,,
Neurocritical care,1541-6933;1556-0961,true,,
Neurodegenerative disease management,1758-2024;1758-2032,true,,
Neuro-degenerative diseases,1660-2854;1660-2862,true,,
Neuroendocrinology,0028-3835;1423-0194,true,,
Neuroepidemiology,0251-5350;1423-0208,true,,
Neurogastroenterology and motility,1350-1925;1365-2982,true,,
Neurogenetics,1364-6745;1364-6753,true,,
NeuroImage,1053-8119;1095-9572,true,,
NeuroImage. Clinical,2213-1582,true,,
Neuroimage. Reports,2666-9560,true,,
Neuroimaging clinics of North America,1052-5149;1557-9867,true,,
Neuroimmunomodulation,1021-7401;1423-0216,true,,
Neuroinformatics,1539-2791;1559-0089,true,,
Neurointervention,2093-9043;2233-6273,true,,
Neurologia,2173-5808,true,,
Neurologia : publicacion oficial de la Sociedad Espanola de Neurologia,0213-4853;1578-1968,true,,
Neurological research,0161-6412;1743-1328,true,,
Neurological research and practice,2524-3489,true,,
Neurological sciences : official journal of the Italian Neurological Society and of the Italian Society of Clinical Neurophysiology,1590-1874;1590-3478,true,,
Neurology and therapy,2193-8253;2193-6536,true,,
Neurology(R) neuroimmunology & neuroinflammation,2332-7812,true,,
Neurology. Genetics,2376-7839,true,,
Neuromodulation : journal of the International Neuromodulation Society,1094-7159;1525-1403,true,,
Neuromolecular medicine,1535-1084;1559-1174,true,,
Neuromuscular disorders : NMD,0960-8966;1873-2364,true,,
Neuro-oncology advances,2632-2498,true,,
Neuro-oncology practice,2054-2577;2054-2585,true,,
Neuro-ophthalmology,0165-8107;1744-506X,true,,
Neuropathology and applied neurobiology,0305-1846;1365-2990,true,,
Neuropediatrics,0174-304X;1439-1899,true,,
Neuropeptides,0143-4179;1532-2785,true,,
Neuropharmacology,0028-3908;1873-7064,true,,
Neurophotonics,2329-423X;2329-4248,true,,
Neurophysiologie clinique = Clinical neurophysiology,0987-7053;1769-7131,true,,
Neurophysiology,0090-2977;1573-9007,true,,
Neuropsychiatric disease and treatment,1176-6328;1178-2021,true,,
"Neuropsychiatrie : Klinik, Diagnostik, Therapie und Rehabilitation : Organ der Gesellschaft Osterreichischer Nervenarzte und Psychiater",0948-6259;2194-1327,true,,
Neuropsychobiology,0302-282X;1423-0224,true,,
Neuropsychological rehabilitation,0960-2011;1464-0694,true,,
Neuropsychology review,1040-7308;1573-6660,true,,
"Neuropsychology, development, and cognition. Section B, Aging, neuropsychology and cognition",1382-5585;1744-4128,true,,
Neuroradiology,0028-3940;1432-1920,true,,
NeuroRehabilitation,1053-8135;1878-6448,true,,
Neuroreport,0959-4965;1473-558X,true,,
Neuroscience,0306-4522;1873-7544,true,,
Neuroscience applied,2772-4085,true,,
Neuroscience bulletin,1673-7067;1995-8218,true,,
Neuroscience insights,2633-1055,true,,
Neuroscience of consciousness,2057-2107,true,,
Neuroscience research,0168-0102;1872-8111,true,,
Neurospine,2586-6583;2586-6591,true,,
Neurosurgery clinics of North America,1042-3680;1558-1349,true,,
Neurosurgical review,0344-5607;1437-2320,true,,
Neurotherapeutics : the journal of the American Society for Experimental NeuroTherapeutics,1933-7213;1878-7479,true,,
Neurotoxicity research,1029-8428;1476-3524,true,,
Neurotoxicology,0161-813X;1872-9711,true,,
Neurotoxicology and teratology,0892-0362;1872-9738,true,,
Neurotrauma reports,2689-288X,true,,
Neurourology and urodynamics,0733-2467;1520-6777,true,,
New astronomy reviews,1387-6473;1872-9630,true,,
New biotechnology,1871-6784;1876-4347,true,,
New directions for child and adolescent development,1520-3247;1534-8687,true,,
New journal of chemistry = Nouveau journal de chimie,1144-0546;1369-9261,true,,
New microbes and new infections,2052-2975,true,,
"New technology, work and employment",0268-1072;1468-005X,true,,
Nicotine & tobacco research : official journal of the Society for Research on Nicotine and Tobacco,1462-2203;1469-994X,true,,
Nitric oxide : biology and chemistry,1089-8603;1089-8611,true,,
NMR in biomedicine,0952-3480;1099-1492,true,,
Noise & health,1463-1741;1998-4030,true,,
Non-coding RNA research,2468-0540,true,,
Nordic journal of botany,0107-055X;1756-1051,true,,
Nordic journal of nursing research,2057-1585;2057-1593,true,,
Nordic journal of psychiatry,0803-9488;1502-4725,true,,
Nordic psychology,1901-2276;1904-0016,true,,
Nordisk alkohol- & narkotikatidskrift : NAT,1455-0725;1458-6126,true,,
Notfall & rettungsmedizin,1434-6222;1436-0578,true,,
NPG Asia materials,1884-4049;1884-4057,true,,
npj aging,2731-6068,true,,
NPJ aging and mechanisms of disease,2056-3973,true,,
npj antimicrobials and resistance,2731-8745,true,,
NPJ biofilms and microbiomes,2055-5008,true,,
NPJ breast cancer,2374-4677,true,,
NPJ clean water,2059-7037,true,,
NPJ digital medicine,2398-6352,true,,
NPJ genomic medicine,2056-7944,true,,
Npj imaging,2948-197X,true,,
Npj mental health research,2731-4251,true,,
npj metabolic health and disease,2948-2828,true,,
NPJ microgravity,2373-8065,true,,
NPJ precision oncology,2397-768X,true,,
NPJ primary care respiratory medicine,2055-1010,true,,
NPJ Regenerative medicine,2057-3995,true,,
NPJ schizophrenia,2334-265X,true,,
NPJ science of food,2396-8370,true,,
NPJ science of learning,2056-7936,true,,
NPJ systems biology and applications,2056-7189,true,,
Nuclear fusion,0029-5515;1741-4326,true,,
"Nuclear instruments & methods in physics research. Section A, Accelerators, spectrometers, detectors and associated equipment",0168-9002;1872-9576,true,,
"Nuclear instruments & methods in physics research. Section B, Beam interactions with materials and atoms",0168-583X;1872-9584,true,,
Nuclear medicine and biology,0969-8051;1872-9614,true,,
Nuclear medicine communications,0143-3636;1473-5628,true,,
Nuclear physics. A,0375-9474;1873-1554,true,,
Nucleic acid therapeutics,2159-3337;2159-3345,true,,
"Nucleosides, nucleotides & nucleic acids",1525-7770;1532-2335,true,,
Nucleus,1949-1034;1949-1042,true,,
Nuklearmedizin. Nuclear medicine,0029-5566;2567-6407,true,,
"Numerical heat transfer. Part A, Applications",1040-7782;1521-0634,true,,
Numerical linear algebra with applications,1070-5325;1099-1506,true,,
Numerische mathematik,0029-599X;0945-3245,true,,
Nurse education in practice,1471-5953;1873-5223,true,,
Nurse education today,0260-6917;1532-2793,true,,
Nursing & health sciences,1441-0745;1442-2018,true,,
Nursing forum,0029-6473;1744-6198,true,,
Nursing in critical care,1362-1017;1478-5153,true,,
Nursing inquiry,1320-7881;1440-1800,true,,
Nursing open,2054-1058,true,,
Nursing philosophy : an international journal for healthcare professionals,1466-7681;1466-769X,true,,
Nursing research,0029-6562;1538-9847,true,,
Nutrients,2072-6643,true,,
Nutrition,0899-9007;1873-1244,true,,
Nutrition & diabetes,2044-4052,true,,
Nutrition & dietetics : the journal of the Dietitians Association of Australia,1446-6368;1747-0080,true,,
Nutrition & metabolism,1743-7075,true,,
Nutrition and cancer,0163-5581;1532-7914,true,,
Nutrition and health,0260-1060;2047-945X,true,,
Nutrition clinique et metabolisme,0985-0562;1768-3092,true,,
Nutrition in clinical practice : official publication of the American Society for Parenteral and Enteral Nutrition,0884-5336;1941-2452,true,,
Nutrition journal,1475-2891,true,,
Nutrition research,0271-5317;1879-0739,true,,
Nutrition research and practice,1976-1457;2005-6168,true,,
Nutrition reviews,0029-6643;1753-4887,true,,
"Nutrition, metabolism, and cardiovascular diseases : NMCD",0939-4753;1590-3729,true,,
Nutritional neuroscience,1028-415X;1476-8305,true,,
O&G open,2994-9726,true,,
Obesity,1930-7381;1930-739X,true,,
Obesity facts,1662-4025;1662-4033,true,,
Obesity research & clinical practice,1871-403X;1878-0318,true,,
Obesity reviews : an official journal of the International Association for the Study of Obesity,1467-7881;1467-789X,true,,
Obesity science & practice,2055-2238,true,,
Obesity surgery,0960-8923;1708-0428,true,,
Obstetrical & gynecological survey,0029-7828;1533-9866,true,,
Occupational and environmental medicine,1351-0711;1470-7926,true,,
Occupational medicine,0962-7480;1471-8405,true,,
Occupational therapy in health care,0738-0577;1541-3098,true,,
Ocean engineering,0029-8018;1873-5258,true,,
Ocular immunology and inflammation,0927-3948;1744-5078,true,,
Ocular oncology and pathology,2296-4681;2296-4657,true,,
Odontology,1618-1247;1618-1255,true,,
Oman medical journal,1999-768X;2070-5204,true,,
Omega,0030-2228;1541-3764,true,,
Omics : a journal of integrative biology,1536-2310;1557-8100,true,,
Oncogenesis,2157-9024,true,,
Oncoimmunology,2162-4011;2162-402X,true,,
Oncology,0030-2414;1423-0232,true,,
Oncology and therapy,2366-1070;2366-1089,true,,
Oncology research and treatment,2296-5270;2296-5262,true,,
Oncology reviews,1970-5565;1970-5557,true,,
One earth,2590-3330;2590-3322,true,,
One health,2352-7714,true,,
Open access emergency medicine : OAEM,1179-1500,true,,
Open access journal of contraception,1179-1527,true,,
Open access rheumatology : research and reviews,1179-156X,true,,
Open biology,2046-2441,true,,
Open forum infectious diseases,2328-8957,true,,
Open heart,2053-3624,true,,
Open research Europe,2732-5121,true,,
Operative neurosurgery,2332-4252;2332-4260,true,,
Ophthalmic & physiological optics : the journal of the British College of Ophthalmic Opticians (Optometrists),0275-5408;1475-1313,true,,
Ophthalmic genetics,1381-6810;1744-5094,true,,
Ophthalmic plastic and reconstructive surgery,0740-9303;1537-2677,true,,
Ophthalmic research,0030-3747;1423-0259,true,,
"Ophthalmic surgery, lasers & imaging retina",2325-8160;2325-8179,true,,
Ophthalmologica. Journal international d'ophtalmologie.  International journal of ophthalmology.  Zeitschrift fur Augenheilkunde,0030-3755;1423-0267,true,,
Ophthalmology and therapy,2193-8245;2193-6528,true,,
Ophthalmology. Glaucoma,2589-4234;2589-4196,true,,
Ophthalmology. Retina,2468-7219;2468-6530,true,,
Optical engineering : the journal of the Society of Photo-optical Instrumentation Engineers,0091-3286;1560-2303,true,,
Optical Materials,0925-3467;1873-1252,true,,
Optics and laser technology,0030-3992;1879-2545,true,,
Optics and lasers in engineering,0143-8166;1873-0302,true,,
Optics express,1094-4087,true,,
Optometry and vision science : official publication of the American Academy of Optometry,1040-5488;1538-9235,true,,
Oral and maxillofacial surgery,1865-1550;1865-1569,true,,
Oral diseases,1354-523X;1601-0825,true,,
Oral health & preventive dentistry,1602-1622;1757-9996,true,,
Oral oncology,1368-8375;1879-0593,true,,
Oral radiology,0911-6028;1613-9674,true,,
"Oral surgery, oral medicine, oral pathology and oral radiology",2212-4403;2212-4411,true,,
Orbit,0167-6830;1744-5108,true,,
Organic & biomolecular chemistry,1477-0520;1477-0539,true,,
Organic electronics,1566-1199;1878-5530,true,,
Organization studies,0170-8406;1741-3044,true,,
Organizational behavior and human decision processes,0749-5978;1095-9920,true,,
ORL; journal for oto-rhino-laryngology and its related specialties,0301-1569;1423-0275,true,,
ORNIS FENNICA,0030-5685,true,,
Ornithology research,2662-673X,true,,
Orphanet journal of rare diseases,1750-1172,true,,
Orthodontics & craniofacial research,1601-6335;1601-6343,true,,
Orthopaedic journal of sports medicine,2325-9671,true,,
"Orthopaedics & traumatology, surgery & research : OTSR",1877-0568,true,,
Orthopedic reviews,2035-8237;2035-8164,true,,
Orthopedics,0147-7447;1938-2367,true,,
Osteoarthritis and cartilage open,2665-9131,true,,
Osteoporosis and sarcopenia,2405-5255;2405-5263,true,,
Osteoporosis international : a journal established as result of cooperation between the European Foundation for Osteoporosis and the National Osteoporosis Foundation of the USA,0937-941X;1433-2965,true,,
Ostomy/wound management,0889-5899;1943-2720,true,,
OTA international : the open access journal of orthopaedic trauma,2574-2167,true,,
"OTJR : occupation, participation and health",1539-4492;1938-2383,true,,
OTO open,2473-974X,true,,
Otolaryngologia polska = The Polish otolaryngology,0030-6657;2300-8423,true,,
Otolaryngologic clinics of North America,0030-6665;1557-8259,true,,
Otolaryngology--head and neck surgery : official journal of American Academy of Otolaryngology-Head and Neck Surgery,0194-5998;1097-6817,true,,
"Otology & neurotology : official publication of the American Otological Society, American Neurotology Society [and] European Academy of Otology and Neurotology",1531-7129;1537-4505,true,,
Oxford open digital health,2754-4591,true,,
Oxford open immunology,2633-6960,true,,
Pacing and clinical electrophysiology : PACE,0147-8389;1540-8159,true,,
Paediatric & neonatal pain,2637-3807,true,,
Paediatric anaesthesia,1155-5645;1460-9592,true,,
Paediatric and perinatal epidemiology,0269-5022;1365-3016,true,,
Paediatric drugs,1174-5878;1179-2019,true,,
Paediatric respiratory reviews,1526-0542;1526-0550,true,,
Paediatrics & child health,1205-7088;1918-1485,true,,
Paediatrics and international child health,2046-9047;2046-9055,true,,
Pain and therapy,2193-8237;2193-651X,true,,
Pain management,1758-1869;1758-1877,true,,
Pain management nursing : official journal of the American Society of Pain Management Nurses,1524-9042;1532-8635,true,,
Pain medicine : the official journal of the American Academy of Pain Medicine,1526-2375;1526-4637,true,,
Pain practice : the official journal of World Institute of Pain,1530-7085;1533-2500,true,,
Pain reports,2471-2531,true,,
Pain research & management,1203-6765;1918-1523,true,,
Pain research and treatment,2090-1542;2090-1550,true,,
Palliative & supportive care,1478-9515;1478-9523,true,,
Palliative care and social practice,2632-3524,true,,
Palliative medicine reports,2689-2820,true,,
Pancreas,0885-3177;1536-4828,true,,
Pancreatology : official journal of the International Association of Pancreatology (IAP) ... [et al.],1424-3903;1424-3911,true,,
Panminerva medica,0031-0808;1827-1898,true,,
Papillomavirus research,2405-8521,true,,
Parasite immunology,0141-9838;1365-3024,true,,
Parasites & vectors,1756-3305,true,,
Parasitology international,1383-5769;1873-0329,true,,
Parasitology research,0932-0113;1432-1955,true,,
Parkinsonism & related disorders,1353-8020;1873-5126,true,,
Parkinson's disease,2090-8083;2042-0080,true,,
Particle and fibre toxicology,1743-8977,true,,
"Pathobiology : journal of immunopathology, molecular and cellular biology",1015-2008;1423-0291,true,,
Pathogens and disease,2049-632X,true,,
Pathogens and global health,2047-7724;2047-7732,true,,
Pathology,0031-3025;1465-3931,true,,
Pathology international,1320-5463;1440-1827,true,,
"Pathology, research and practice",0344-0338;1618-0631,true,,
Patient preference and adherence,1177-889X,true,,
Patient related outcome measures,1179-271X,true,,
Patient safety in surgery,1754-9493,true,,
Pattern recognition letters,0167-8655;1872-7344,true,,
Patterns,2666-3899,true,,
PCN reports : psychiatry and clinical neurosciences,2769-2558,true,,
PEC innovation,2772-6282,true,,
Pediatric allergy and immunology : official publication of the European Society of Pediatric Allergy and Immunology,0905-6157;1399-3038,true,,
Pediatric and developmental pathology : the official journal of the Society for Pediatric Pathology and the Paediatric Pathology Society,1093-5266;1615-5742,true,,
Pediatric blood & cancer,1545-5009;1545-5017,true,,
Pediatric cardiology,0172-0643;1432-1971,true,,
Pediatric critical care medicine : a journal of the Society of Critical Care Medicine and the World Federation of Pediatric Intensive and Critical Care Societies,1529-7535;1947-3893,true,,
Pediatric dentistry,0164-1263;1942-5473,true,,
Pediatric dermatology,0736-8046;1525-1470,true,,
Pediatric diabetes,1399-543X;1399-5448,true,,
Pediatric emergency care,0749-5161;1535-1815,true,,
"Pediatric endocrinology, diabetes, and metabolism",2081-237X;2083-8441,true,,
Pediatric hematology and oncology,0888-0018;1521-0669,true,,
Pediatric investigation,2096-3726;2574-2272,true,,
Pediatric nephrology : journal of the International Pediatric Nephrology Association,0931-041X;1432-198X,true,,
Pediatric neurology,0887-8994;1873-5150,true,,
Pediatric obesity,2047-6302;2047-6310,true,,
Pediatric physical therapy : the official publication of the Section on Pediatrics of the American Physical Therapy Association,0898-5669;1538-005X,true,,
Pediatric pulmonology,8755-6863;1099-0496,true,,
Pediatric quality & safety,2472-0054,true,,
Pediatric radiology,0301-0449;1432-1998,true,,
Pediatric rheumatology online journal,1546-0096,true,,
Pediatric surgery international,0179-0358;1437-9813,true,,
Pediatric transplantation,1397-3142;1399-3046,true,,
Pediatrics international : official journal of the Japan Pediatric Society,1328-8067;1442-200X,true,,
Peer community journal,2804-3871,true,,
PeerJ,2167-8359,true,,
PeerJ. Computer science,2376-5992,true,,
People and nature,2575-8314,true,,
Peptides,0196-9781;1873-5169,true,,
Perception,0301-0066;1468-4233,true,,
Perfusion,0267-6591;1477-111X,true,,
Periodicum biologorum,0031-5362;1849-0964,true,,
Periodontology 2000,0906-6713;1600-0757,true,,
Perioperative medicine,2047-0525,true,,
Peritoneal dialysis international : journal of the International Society for Peritoneal Dialysis,0896-8608;1718-4304,true,,
Personality and individual differences,0191-8869;1873-3549,true,,
Personality disorders,1949-2715;1949-2723,true,,
Personalized medicine,1741-0541;1744-828X,true,,
PERSONNEL REVIEW,0048-3486;1758-6933,true,,
Perspectives in clinical research,2229-3485;2229-5488,true,,
Perspectives in psychiatric care,0031-5990;1744-6163,true,,
Perspectives on medical education,2212-2761;2212-277X,true,,
Perspectives on politics,1537-5927;1541-0986,true,,
Perspectives on sexual and reproductive health,1538-6341;1931-2393,true,,
PERSPECTIVES-STUDIES IN TRANSLATOLOGY,0907-676X;1747-6623,true,,
Pesticide biochemistry and physiology,0048-3575;1095-9939,true,,
PET clinics,1556-8598;1879-9809,true,,
Pflugers Archiv : European journal of physiology,0031-6768;1432-2013,true,,
Pharmaceutical development and technology,1083-7450;1097-9867,true,,
Pharmaceutical statistics,1539-1604;1539-1612,true,,
PharmacoEconomics - open,2509-4262;2509-4254,true,,
Pharmacoepidemiology and drug safety,1053-8569;1099-1557,true,,
Pharmacogenetics and genomics,1744-6872;1744-6880,true,,
Pharmacogenomics,1462-2416;1744-8042,true,,
Pharmacogenomics and personalized medicine,1178-7066,true,,
Pharmacological reports : PR,1734-1140;2299-5684,true,,
Pharmacology,0031-7012;1423-0313,true,,
Pharmacology research & perspectives,2052-1707,true,,
"Pharmacology, biochemistry, and behavior",0091-3057;1873-5177,true,,
Pharmacotherapy,0277-0008;1875-9114,true,,
Pharmacy practice,1885-642X;1886-3655,true,,
Phenomenology and the cognitive sciences,1568-7759;1572-8676,true,,
Philosophical magazine : structure and properties of condensed matter,1478-6435;1478-6443,true,,
"Philosophy, ethics, and humanities in medicine : PEHM",1747-5341,true,,
Phlebology,0268-3555;1758-1125,true,,
Photochemical & photobiological sciences : Official journal of the European Photochemistry Association and the European Society for Photobiology,1474-905X;1474-9092,true,,
Photochemistry and photobiology,0031-8655;1751-1097,true,,
"Photodermatology, photoimmunology & photomedicine",0905-4383;1600-0781,true,,
Photodiagnosis and photodynamic therapy,1572-1000;1873-1597,true,,
Photosynthesis research,0166-8595;1573-5079,true,,
Physica A,0378-4371;1873-2119,true,,
Physica medica : PM : an international journal devoted to the applications of physics to medicine and biology : official journal of the Italian Association of Biomedical Physics (AIFB),1120-1797;1724-191X,true,,
Physica scripta,0031-8949;1402-4896,true,,
Physica status solidi (A): Applied research,0031-8965;1862-6319,true,,
Physical & occupational therapy in pediatrics,0194-2638;1541-3144,true,,
Physical chemistry chemical physics : PCCP,1463-9076;1463-9084,true,,
Physical education and sport pedagogy,1740-8989;1742-5786,true,,
Physical geography,0272-3646;1930-0557,true,,
Physical medicine and rehabilitation clinics of North America,1047-9651;1558-1381,true,,
Physical review fluids,2469-9918;2469-990X,true,,
Physical review materials,2476-0455;2475-9953,true,,
Physical review. A,2469-9926;2469-9934,true,,
Physical review. C,2469-9985;2469-9993,true,,
Physical review. D,2470-0010;2470-0029,true,,
Physical review. E,2470-0045;2470-0053,true,,
Physical therapy in sport : official journal of the Association of Chartered Physiotherapists in Sports Medicine,1466-853X;1873-1600,true,,
Physical therapy research,2189-8448,true,,
Physics and imaging in radiation oncology,2405-6316,true,,
Physics in medicine and biology,0031-9155;1361-6560,true,,
Physics letters.  [Part B],0370-2693;1873-2445,true,,
Physics of fluids,1070-6631;1089-7666,true,,
Physiologia plantarum,0031-9317;1399-3054,true,,
Physiological genomics,1094-8341;1531-2267,true,,
Physiological measurement,0967-3334;1361-6579,true,,
Physiological reports,2051-817X,true,,
Physiology,1548-9213;1548-9221,true,,
Physiology & behavior,0031-9384;1873-507X,true,,
Physiotherapy,0031-9406;1873-1465,true,,
Physiotherapy research international : the journal for researchers and clinicians in physical therapy,1358-2267;1471-2865,true,,
Physiotherapy theory and practice,0959-3985;1532-5040,true,,
Phytochemical analysis : PCA,0958-0344;1099-1565,true,,
Phytochemistry,0031-9422;1873-3700,true,,
Phytochemistry letters,1874-3900;1876-7486,true,,
Phytochemistry reviews : proceedings of the Phytochemical Society of Europe,1568-7767;1572-980X,true,,
Phytomedicine : international journal of phytotherapy and phytopharmacology,0944-7113;1618-095X,true,,
Phytopathology,0031-949X;1943-7684,true,,
Phytotaxa,1179-3155;1179-3163,true,,
Phytotherapy research : PTR,0951-418X;1099-1573,true,,
Pigment cell & melanoma research,1755-1471;1755-148X,true,,
Pilot and feasibility studies,2055-5784,true,,
Pituitary,1386-341X;1573-7403,true,,
Plant biology,1435-8603;1438-8677,true,,
Plant biosystems,1126-3504;1724-5575,true,,
Plant molecular biology,0167-4412;1573-5028,true,,
"Plant, cell & environment",0140-7791;1365-3040,true,,
Planta,0032-0935;1432-2048,true,,
Plant-environment interactions,2575-6265,true,,
Plasmonics,1557-1955;1557-1963,true,,
Plastic and reconstructive surgery. Global open,2169-7574,true,,
Platelets,0953-7104;1369-1635,true,,
Pleura and peritoneum,2364-7671;2364-768X,true,,
PLOS climate,2767-3200,true,,
PLoS currents,2157-3999,true,,
PLOS digital health,2767-3170,true,,
PLOS global public health,2767-3375,true,,
PLoS neglected tropical diseases,1935-2727;1935-2735,true,,
PloS one,1932-6203,true,,
PNAS nexus,2752-6542,true,,
Pneumologie,0934-8387;1438-8790,true,,
Policing & society,1043-9463;1477-2728,true,,
Polish archives of internal medicine,0032-3772;1897-9483,true,,
Politics & gender,1743-923X;1743-9248,true,,
Polski merkuriusz lekarski : organ Polskiego Towarzystwa Lekarskiego,1426-9686,true,,
Polymer chemistry,1759-9954;1759-9962,true,,
Polymers for advanced technologies,1042-7147;1099-1581,true,,
Population health management,1942-7891;1942-7905,true,,
Population health metrics,1478-7954,true,,
Population research and policy review,0167-5923;1573-7829,true,,
"Population, space and place",1544-8444;1544-8452,true,,
Portuguese journal of public health,2504-3137;2504-3145,true,,
Postepy dermatologii i alergologii,1642-395X;2299-0046,true,,
Postepy w kardiologii interwencyjnej = Advances in interventional cardiology,1734-9338;1897-4295,true,,
Postgraduate medical journal,0032-5473;1469-0756,true,,
Postgraduate medicine,0032-5481;1941-9260,true,,
Poultry science,0032-5791;1525-3171,true,,
Powder technology,0032-5910;1873-328X,true,,
Practical radiation oncology,1879-8500;1879-8519,true,,
Pragmatic and observational research,1179-7266,true,,
Pragmatics and society,1878-9714;1878-9722,true,,
Precision clinical medicine,2096-5303;2516-1571,true,,
Pregnancy hypertension,2210-7789;2210-7797,true,,
Prehospital and disaster medicine,1049-023X;1945-1938,true,,
Prenatal diagnosis,0197-3851;1097-0223,true,,
Prevention science : the official journal of the Society for Prevention Research,1389-4986;1573-6695,true,,
Preventive medicine reports,2211-3355,true,,
Preventive veterinary medicine,0167-5877;1873-1716,true,,
Primary care diabetes,1751-9918;1878-0210,true,,
Primary health care research & development,1463-4236;1477-1128,true,,
Probiotics and antimicrobial proteins,1867-1306;1867-1314,true,,
"Proceedings of the ACM on interactive, mobile, wearable and ubiquitous technologies",2474-9567,true,,
Proceedings of the Estonian academy of sciences,1736-6046;1736-7530,true,,
"Proceedings of the Institution of Mechanical Engineers. Part E, Journal of process mechanical engineering",0954-4089;2041-3009,true,,
"Proceedings of the Institution of Mechanical Engineers. Part F, Journal of rail and rapid transit",0954-4097;2041-3017,true,,
"Proceedings of the Institution of Mechanical Engineers. Part G, Journal of aerospace engineering",0954-4100;2041-3025,true,,
Proceedings of the institution of mechanical engineers-Part P-Journal of sports engineering and technology,1754-3371;1754-338X,true,,
Proceedings of the institution of mechanical engineers-Proceedings part M-Journal of engineering for the maritime environment,1475-0902;2041-3084,true,,
Progress in biophysics and molecular biology,0079-6107;1873-1732,true,,
Progress in brain research,0079-6123;1875-7855,true,,
Progress in cardiovascular diseases,0033-0620;1873-1740,true,,
Progress in lipid research,0163-7827;1873-2194,true,,
Progress in molecular biology and translational science,1877-1173;1878-0814,true,,
Progress in neurobiology,0301-0082;1873-5118,true,,
Progress in neuro-psychopharmacology & biological psychiatry,0278-5846;1878-4216,true,,
Progress in organic coatings,0300-9440;1873-331X,true,,
Progress in orthodontics,1723-7785;2196-1042,true,,
Progress in photovoltaics,1062-7995;1099-159X,true,,
Progress in retinal and eye research,1350-9462;1873-1635,true,,
Progress in the chemistry of organic natural products,2191-7043,true,,
Progress of theoretical and experimental physics,2050-3911,true,,
Prostaglandins & other lipid mediators,1098-8823;2212-196X,true,,
"Prostaglandins, leukotrienes, and essential fatty acids",0952-3278;1532-2823,true,,
Prostate cancer and prostatic diseases,1365-7852;1476-5608,true,,
Prosthetics and orthotics international,0309-3646;1746-1553,true,,
Protein & cell,1674-800X;1674-8018,true,,
Protein and peptide letters,0929-8665;1875-5305,true,,
"Protein engineering, design & selection : PEDS",1741-0126;1741-0134,true,,
Protein expression and purification,1046-5928;1096-0279,true,,
Protein science : a publication of the Protein Society,0961-8368;1469-896X,true,,
Proteins,0887-3585;1097-0134,true,,
Proteomics,1615-9853;1615-9861,true,,
Proteomics. Clinical applications,1862-8346;1862-8354,true,,
Psicothema,0214-9915;1886-144X,true,,
Psoriasis : targets and therapy,2230-326X,true,,
PsyCh journal,2046-0252;2046-0260,true,,
Psychedelic medicine,2831-4425;2831-4433,true,,
Psychedelics,2997-268X;2997-2671,true,,
Psychiatria Hungarica : A Magyar Pszichiatriai Tarsasag tudomanyos folyoirata,0237-7896,true,,
Psychiatric genetics,0955-8829;1473-5873,true,,
Psychiatric research and clinical practice,2575-5609,true,,
Psychiatric services : a journal of the American Psychiatric Association,1075-2730;1557-9700,true,,
Psychiatry and clinical neurosciences,1323-1316;1440-1819,true,,
Psychiatry investigation,1738-3684;1976-3026,true,,
Psychiatry research,0165-1781;1872-7123,true,,
Psychiatry research communications,2772-5987,true,,
Psychiatry research. Neuroimaging,0925-4927;1872-7506,true,,
"Psychoanalytic psychology : the official journal of the Division of Psychoanalysis, American Psychological Association, Division 39",0736-9735;1939-1331,true,,
Psychodynamic psychiatry,2162-2590;2162-2604,true,,
Psychological reports,0033-2941;1558-691X,true,,
Psychological research,0340-0727;1430-2772,true,,
Psychological science in the public interest : a journal of the American Psychological Society,1529-1006;2160-0031,true,,
"Psychological trauma : theory, research, practice and policy",1942-9681;1942-969X,true,,
Psychology and psychotherapy,1476-0835;2044-8341,true,,
"Psychology of aesthetics, creativity, and the arts",1931-3896;1931-390X,true,,
Psychology of men & masculinity,1524-9220;1939-151X,true,,
Psychology of music,0305-7356;1741-3087,true,,
Psychology of sexual orientation and gender diversity,2329-0382;2329-0390,true,,
Psychology of sport and exercise,1469-0292;1878-5476,true,,
Psychology of violence,2152-0828;2152-081X,true,,
Psychology research and behavior management,1179-1578,true,,
"Psychology, crime & law : PC & L",1068-316X;1477-2744,true,,
"Psychology, health & medicine",1354-8506;1465-3966,true,,
Psychonomic bulletin & review,1069-9384;1531-5320,true,,
Psycho-oncology,1057-9249;1099-1611,true,,
Psychopathology,0254-4962;1423-033X,true,,
Psychopharmacology,0033-3158;1432-2072,true,,
Psychosis,1752-2439;1752-2447,true,,
Psychosomatics,0033-3182;1545-7206,true,,
"Psychotherapie, Psychosomatik, medizinische Psychologie",0937-2032;1439-1058,true,,
Psychotherapy,0033-3204;1939-1536,true,,
Public administration review,0033-3352;1540-6210,true,,
Public health,0033-3506;1476-5616,true,,
Public health action,2220-8372,true,,
Public health challenges,2769-2450,true,,
Public health ethics,1754-9973;1754-9981,true,,
Public health genomics,1662-4246;1662-8063,true,,
Public health in practice,2666-5352,true,,
Public health nutrition,1368-9800;1475-2727,true,,
Public health reports,0033-3549;1468-2877,true,,
Public health research & practice,2204-2091,true,,
Public health reviews,0301-0422;2107-6952,true,,
Public management review,1471-9037;1471-9045,true,,
Public opinion quarterly,0033-362X;1537-5331,true,,
Public performance & management review,1530-9576;1557-9271,true,,
Pulmonary circulation,2045-8932;2045-8940,true,,
Pulmonary pharmacology & therapeutics,1094-5539;1522-9629,true,,
Pulmonary therapy,2364-1754;2364-1746,true,,
Pulmonology,2531-0429;2531-0437,true,,
Pure and applied chemistry.  Chimie pure et appliquee,0033-4545;1365-3075,true,,
Purinergic signalling,1573-9538;1573-9546,true,,
QJM : monthly journal of the Association of Physicians,1460-2725;1460-2393,true,,
Qualitative health research,1049-7323;1552-7557,true,,
Qualitative research : QR,1468-7941;1741-3109,true,,
"Qualitative research in sport, exercise and health",2159-676X;2159-6778,true,,
Quality & quantity,0033-5177;1573-7845,true,,
Quality engineering,0898-2112;1532-4222,true,,
Quantitative imaging in medicine and surgery,2223-4292;2223-4306,true,,
Quantum science and technology,2058-9565,true,,
Quarterly reviews of biophysics,0033-5835;1469-8994,true,,
Quintessence international,0033-6572;1936-7163,true,,
Radiation and environmental biophysics,0301-634X;1432-2099,true,,
Radiation oncology,1748-717X,true,,
Radiation oncology journal,2234-1900;2234-3164,true,,
Radiation physics and chemistry,0969-806X;1879-0895,true,,
Radiation protection dosimetry,0144-8420;1742-3406,true,,
Radiation research,0033-7587;1938-5404,true,,
"Radiographics : a review publication of the Radiological Society of North America, Inc",0271-5333;1527-1323,true,,
Radiography,1078-8174;1532-2831,true,,
Radiologia,2173-5107,true,,
Radiology advances,2976-9337,true,,
Radiology and oncology,1318-2099;1581-3207,true,,
Radiology. Cardiothoracic imaging,2638-6135,true,,
Radiotherapy and oncology : journal of the European Society for Therapeutic Radiology and Oncology,0167-8140;1879-0887,true,,
Rapid communications in mass spectrometry : RCM,0951-4198;1097-0231,true,,
Rapid prototyping journal,1355-2546;1758-7670,true,,
Rare tumors,2036-3605;2036-3613,true,,
Reaction chemistry & engineering,2058-9883,true,,
REACTION KINETICS MECHANISMS AND CATALYSIS,1878-5190;1878-5204,true,,
Reading and writing,0922-4777;1573-0905,true,,
Reading research quarterly,0034-0553;1936-2722,true,,
Recent results in cancer research. Fortschritte der Krebsforschung.  Progres dans les recherches sur le cancer,0080-0015,true,,
Redox biochemistry and chemistry,2773-1766,true,,
Regenerative therapy,2352-3204,true,,
Regional anesthesia and pain medicine,1098-7339;1532-8651,true,,
Regional environmental change,1436-3798;1436-378X,true,,
Rejuvenation research,1549-1684;1557-8577,true,,
RELIABILITY ENGINEERING & SYSTEM SAFETY,0951-8320;1879-0836,true,,
"Religion, brain & behavior",2153-599X;2153-5981,true,,
Remote sensing of environment,0034-4257;1879-0704,true,,
Renal failure,0886-022X;1525-6049,true,,
Reproduction & fertility,2633-8386,true,,
Reproduction : the official journal of the Society for the Study of Fertility,1470-1626;1741-7899,true,,
"Reproduction, fertility, and development",1031-3613;1448-5990,true,,
Reproductive biology,1642-431X;2300-732X,true,,
Reproductive biology and endocrinology : RB&E,1477-7827,true,,
Reproductive biomedicine & society online,2405-6618,true,,
Reproductive biomedicine online,1472-6483;1472-6491,true,,
Reproductive health,1742-4755,true,,
Reproductive health matters,0968-8080;1460-9576,true,,
Reproductive medicine and biology,1445-5781;1447-0578,true,,
Reproductive sciences,1933-7191;1933-7205,true,,
Reproductive toxicology,0890-6238;1873-1708,true,,
Research : a science partner journal,2639-5274,true,,
Research and practice in thrombosis and haemostasis,2475-0379,true,,
Research and reports in tropical medicine,1179-7282,true,,
Research in autism spectrum disorders,1750-9467;1878-0237,true,,
Research in developmental disabilities,0891-4222;1873-3379,true,,
Research in social & administrative pharmacy : RSAP,1551-7411;1934-8150,true,,
Research in veterinary science,0034-5288;1532-2661,true,,
Research involvement and engagement,2056-7529,true,,
Research on aging,0164-0275;1552-7573,true,,
Research on language and social interaction,0835-1813;1532-7973,true,,
Research on social work practice,1049-7315;1552-7581,true,,
Research papers in education,0267-1522;1470-1146,true,,
Research policy,0048-7333;1873-7625,true,,
Research quarterly for exercise and sport,0270-1367;2168-3824,true,,
Research report,1041-5505;2688-6855,true,,
Research synthesis methods,1759-2879;1759-2887,true,,
"Resources, conservation, and recycling",0921-3449;1879-0658,true,,
Respiration; international review of thoracic diseases,0025-7931;1423-0356,true,,
Respiratory care,0020-1324;1943-3654,true,,
Respiratory investigation,2212-5345;2212-5353,true,,
Respiratory medicine,0954-6111;1532-3064,true,,
Respiratory medicine and research,2590-0412,true,,
Respiratory physiology & neurobiology,1569-9048;1878-1519,true,,
Respirology : official journal of the Asian Pacific Society of Respirology,1323-7799;1440-1843,true,,
Restorative dentistry & endodontics,2234-7658;2234-7666,true,,
Restorative neurology and neuroscience,0922-6028;1878-3627,true,,
Results and problems in cell differentiation,0080-1844;1861-0412,true,,
Results in engineering,2590-1230,true,,
Resuscitation,0300-9572;1873-1570,true,,
Resuscitation plus,2666-5204,true,,
Retina,0275-004X;1539-2864,true,,
Retrovirology,1742-4690,true,,
Reumatologia clinica,2173-5743,true,,
Review journal of autism and developmental disorders,2195-7177;2195-7185,true,,
Review of educational research,0034-6543;1935-1046,true,,
Review of industrial organization,0889-938X;1573-7160,true,,
Reviews in aquaculture,1753-5123;1753-5131,true,,
Reviews in cardiovascular medicine,1530-6550;2153-8174,true,,
Reviews in endocrine & metabolic disorders,1389-9155;1573-2606,true,,
Reviews in medical virology,1052-9276;1099-1654,true,,
Reviews in the neurosciences,0334-1763;2191-0200,true,,
"Revista alergia Mexico : organo oficial de la Sociedad Mexicana de Alergia e Inmunologia, A.C",0002-5151;2448-9190,true,,
Revista brasileira de medicina do trabalho : publicacao oficial da Associacao Nacional de Medicina do Trabalho-ANAMT,1679-4435;2447-0147,true,,
"Revista brasileira de psiquiatria : orgao oficial da Associacao Brasileira de Psiquiatria, Asociacion Psiquiatrica de la America Latina",1516-4446;1809-452X,true,,
Revista Colombiana de psiquiatria,2530-3120,true,,
Revista de la Facultad de Ciencias Medicas,0014-6722;1853-0605,true,,
Revista de neurologia,0210-0010;1576-6578,true,,
Revista de psiquiatria y salud mental,2173-5050,true,,
Revista de saude publica,0034-8910;1518-8787,true,,
Revista espanola de anestesiologia y reanimacion,2341-1929,true,,
Revista espanola de cardiologia,0300-8932;1579-2242,true,,
Revista espanola de cirugia ortopedica y traumatologia,2173-576X,true,,
Revista espanola de enfermedades digestivas,1130-0108;2340-4167,true,,
Revista espanola de geriatria y gerontologia,0211-139X;1578-1747,true,,
Revista espanola de quimioterapia : publicacion oficial de la Sociedad Espanola de Quimioterapia,0214-3429;1988-9518,true,,
Revista medica de Chile,0034-9887;0717-6163,true,,
Revista panamericana de salud publica = Pan American journal of public health,1020-4989;1680-5348,true,,
Revue francaise d'allergologie,1877-0312;1877-0320,true,,
Revue medicale suisse,1660-9379;3042-6782,true,,
Revue neurologique,0035-3787;2213-0004,true,,
Rheumatic diseases clinics of North America,0889-857X;1558-3163,true,,
Rheumatology advances in practice,2514-1775,true,,
Rheumatology and therapy,2198-6576;2198-6584,true,,
Rheumatology international,0172-8172;1437-160X,true,,
Risk analysis : an official publication of the Society for Risk Analysis,0272-4332;1539-6924,true,,
Risk management and healthcare policy,1179-1594,true,,
RMD open,2056-5933,true,,
RNA biology,1547-6286;1555-8584,true,,
Robotics and computer-integrated manufacturing,0736-5845;1879-2537,true,,
RoFo : Fortschritte auf dem Gebiete der Rontgenstrahlen und der Nuklearmedizin,1438-9029;1438-9010,true,,
Royal Society open science,2054-5703,true,,
RSC advances,2046-2069,true,,
RSC chemical biology,2633-0679,true,,
RSC medicinal chemistry,2632-8682,true,,
Rural and remote health,1445-6354,true,,
Russian chemical bulletin = Izvestiia Akademii nauk. Seriia khimicheskaia,1066-5285;1573-9171,true,,
Rwanda journal of medicine and health sciences,2616-9819;2616-9827,true,,
Safety and health at work,2093-7911;2093-7997,true,,
SAGE open,2158-2440,true,,
SAGE open medical case reports,2050-313X,true,,
SAGE open nursing,2377-9608,true,,
Sage open pediatrics,3050-2225,true,,
Salud publica de Mexico,0036-3634;1606-7916,true,,
Sante publique : revue multidisciplinaire pour la recherche et l'action,0995-3914;2104-3841,true,,
SAR and QSAR in environmental research,1062-936X;1029-046X,true,,
"Sarcoidosis, vasculitis, and diffuse lung diseases : official journal of WASOG",1124-0490;2532-179X,true,,
Sarcoma,1357-714X;1369-1643,true,,
Saudi journal of biological sciences,1319-562X;2213-7106,true,,
Scandinavian cardiovascular journal : SCJ,1401-7431;1651-2006,true,,
Scandinavian journal of caring sciences,0283-9318;1471-6712,true,,
Scandinavian journal of child and adolescent psychiatry and psychology,2245-8875,true,,
Scandinavian journal of clinical and laboratory investigation,0036-5513;1502-7686,true,,
Scandinavian journal of forest research,0282-7581;1651-1891,true,,
Scandinavian journal of gastroenterology,0036-5521;1502-7708,true,,
Scandinavian journal of immunology,0300-9475;1365-3083,true,,
Scandinavian journal of laboratory animal science = Scand las nyt : official quarterly journal of the Scandinavian Federation for Laboratory Animal Science,0901-3393;2002-0112,true,,
SCANDINAVIAN JOURNAL OF MANAGEMENT,0956-5221;1873-3387,true,,
Scandinavian journal of medicine & science in sports,0905-7188;1600-0838,true,,
Scandinavian journal of occupational therapy,1103-8128;1651-2014,true,,
Scandinavian journal of pain,1877-8860;1877-8879,true,,
Scandinavian journal of primary health care,0281-3432;1502-7724,true,,
Scandinavian journal of psychology,0036-5564;1467-9450,true,,
Scandinavian journal of public health,1403-4948;1651-1905,true,,
Scandinavian journal of rheumatology,0300-9742;1502-7732,true,,
Scandinavian journal of surgery : SJS : official organ for the Finnish Surgical Society and the Scandinavian Surgical Society,1457-4969;1799-7267,true,,
"Scandinavian journal of trauma, resuscitation and emergency medicine",1757-7241,true,,
Scandinavian journal of urology,2168-1805;2168-1813,true,,
"Scars, burns & healing",2059-5131,true,,
Schizophrenia,2754-6993,true,,
Schizophrenia bulletin open,2632-7899,true,,
Schizophrenia research. Cognition,2215-0013,true,,
School mental health,1866-2625;1866-2633,true,,
Science & justice : journal of the Forensic Science Society,1355-0306;1876-4452,true,,
Science & medicine in football,2473-3938;2473-4446,true,,
Science & public policy,0302-3427;1471-5430,true,,
Science and engineering ethics,1353-3452;1471-5546,true,,
Science and technology of advanced materials,1468-6996;1878-5514,true,,
Science and technology of welding and joining,1362-1718;1743-2936,true,,
Science bulletin,2095-9273;2095-9281,true,,
Science China materials,2095-8226;2199-4501,true,,
Science China. Life sciences,1674-7305;1869-1889,true,,
Science education,0036-8326;1098-237X,true,,
"Science, technology & human values",0162-2439;1552-8251,true,,
Scientific data,2052-4463,true,,
Scientific reports,2045-2322,true,,
Scientific studies of reading : the official journal of the Society for the Scientific Study of Reading,1088-8438;1532-799X,true,,
Scientometrics,0138-9130;1588-2861,true,,
Scottish journal of theology,0036-9306;1475-3065,true,,
Security journal,0955-1662;1743-4645,true,,
Seizure,1059-1311;1532-2688,true,,
Seminars in arthritis and rheumatism,0049-0172;1532-866X,true,,
Seminars in cell & developmental biology,1084-9521;1096-3634,true,,
Seminars in diagnostic pathology,0740-2570;1930-1111,true,,
Seminars in dialysis,0894-0959;1525-139X,true,,
Seminars in fetal & neonatal medicine,1744-165X;1878-0946,true,,
Seminars in hematology,0037-1963;1532-8686,true,,
Seminars in immunology,1044-5323;1096-3618,true,,
Seminars in immunopathology,1863-2297;1863-2300,true,,
Seminars in liver disease,0272-8087;1098-8971,true,,
Seminars in musculoskeletal radiology,1089-7860;1098-898X,true,,
Seminars in nephrology,0270-9295;1558-4488,true,,
Seminars in nuclear medicine,0001-2998;1558-4623,true,,
Seminars in pediatric surgery,1055-8586;1532-9453,true,,
Seminars in perinatology,0146-0005;1558-075X,true,,
Seminars in plastic surgery,1535-2188;1536-0067,true,,
Seminars in reproductive medicine,1526-8004;1526-4564,true,,
Seminars in respiratory and critical care medicine,1069-3424;1098-9048,true,,
Seminars in speech and language,0734-0478;1098-9056,true,,
Seminars in thoracic and cardiovascular surgery,1043-0679;1532-9488,true,,
Seminars in thrombosis and hemostasis,0094-6176;1098-9064,true,,
Seminars in vascular surgery,0895-7967;1558-4518,true,,
Sensors and actuators reports,2666-0539,true,,
"Sensors and actuators. B, Chemical",0925-4005,true,,
Separation and purification technology,1383-5866;1873-3794,true,,
Sex education,1468-1811;1472-0825,true,,
Sexual & reproductive healthcare : official journal of the Swedish Association of Midwives,1877-5756;1877-5764,true,,
Sexual abuse : a journal of research and treatment,1079-0632;1573-286X,true,,
Sexual and relationship therapy : journal of the British Association for Sexual and Relationship Therapy,1468-1994;1468-1749,true,,
Sexual and reproductive health matters,2641-0397,true,,
"Sexual development : genetics, molecular biology, evolution, endocrinology, embryology, and pathology of sex determination and differentiation",1661-5425;1661-5433,true,,
Sexual medicine,2050-1161,true,,
Sexual medicine reviews,2050-0513;2050-0521,true,,
Sexuality research & social policy : journal of NSRC : SR & SP,1868-9884;1553-6610,true,,
Sexually transmitted diseases,0148-5717;1537-4521,true,,
Sexually transmitted infections,1368-4973;1472-3263,true,,
Sheng wu hua xue yu sheng wu wu li jin zhan,1000-3282,true,,
Shock,1073-2322;1540-0514,true,,
SHOCK AND VIBRATION,1070-9622;1875-9203,true,,
Shoulder & elbow,1758-5732;1758-5740,true,,
SIAM journal on control and optimization,0363-0129;1095-7138,true,,
SIAM journal on optimization : a publication of the Society for Industrial and Applied Mathematics,1052-6234;1095-7189,true,,
SICOT-J,2426-8887,true,,
Signal processing,0165-1684,true,,
Signal transduction and targeted therapy,2095-9907;2059-3635,true,,
Simulation in healthcare : journal of the Society for Simulation in Healthcare,1559-2332;1559-713X,true,,
Skeletal muscle,2044-5040,true,,
Skeletal radiology,0364-2348;1432-2161,true,,
Skin health and disease,2690-442X,true,,
SLAS discovery : advancing life sciences R & D,2472-5552;2472-5560,true,,
SLAS technology,2472-6303;2472-6311,true,,
Sleep & breathing = Schlaf & Atmung,1520-9512;1522-1709,true,,
Sleep advances : a journal of the Sleep Research Society,2632-5012,true,,
Sleep and biological rhythms,1446-9235;1479-8425,true,,
Sleep health,2352-7218;2352-7226,true,,
Sleep medicine,1389-9457;1878-5506,true,,
Sleep medicine reviews,1087-0792;1532-2955,true,,
Sleep medicine: X,2590-1427,true,,
Sleep science,1984-0659;1984-0063,true,,
Small business economics,0921-898X;1573-0913,true,,
Small GTPases,2154-1248;2154-1256,true,,
Small methods,2366-9608,true,,
SN applied sciences,2523-3963;2523-3971,true,,
SN comprehensive clinical medicine,2523-8973,true,,
Social and personality psychology compass,1751-9004,true,,
Social cognitive and affective neuroscience,1749-5016;1749-5024,true,,
Social forces; a scientific medium of social study and interpretation,0037-7732;1534-7605,true,,
Social inclusion,2183-2803,true,,
Social indicators research,0303-8300;1573-0921,true,,
Social issues and policy review,1751-2395;1751-2409,true,,
Social neuroscience,1747-0919;1747-0927,true,,
Social policy & administration,0144-5596;1467-9515,true,,
Social politics,1072-4745;1468-2893,true,,
Social problems,0037-7791;1533-8533,true,,
Social psychology of education : an international journal,1381-2890;1573-1928,true,,
Social sciences information.  Information sur les sciences sociales,0539-0184;1461-7412,true,,
Social theory & health : STH,1477-8211;1477-822X,true,,
Social work in health care,0098-1389;1541-034X,true,,
Sociologisk forskning,0038-0342,true,,
Sociology of education,0038-0407;1939-8573,true,,
Sociology of health & illness,0141-9889;1467-9566,true,,
Software: practice & experience,0038-0644;1097-024X,true,,
SoftwareX,2352-7110,true,,
Soil use and management,0266-0032;1475-2743,true,,
"Soins. Pediatrie, puericulture",1259-4792,true,,
Solar physics,0038-0938;1573-093X,true,,
Solar RRL,2367-198X,true,,
Solid state nuclear magnetic resonance,0926-2040;1527-3326,true,,
Source code for biology and medicine,1751-0473,true,,
South African computer journal = Suid-Afrikaanse rekenaartydskrif,1015-7999;2313-7835,true,,
South African journal of geology : being the transactions of the Geological Society of South Africa = Suid-Afrikaanse tydskrif vir geologie : syndie die verhandelinge van die Geologiese Vereniging van Suid-Afrika,1012-0750;1996-8590,true,,
South African journal of sports medicine,1015-5163;2078-516X,true,,
South African journal of surgery. Suid-Afrikaanse tydskrif vir chirurgie,0038-2361;2078-5151,true,,
South African medical journal = Suid-Afrikaanse tydskrif vir geneeskunde,0256-9574;2078-5135,true,,
Southern medical journal,0038-4348;1541-8243,true,,
Spanish journal of psychiatry and mental health,2950-2853,true,,
Spatial statistics,2211-6753,true,,
Speech communication,0167-6393;1872-7182,true,,
"Speech, language and hearing",2050-571X;2050-5728,true,,
Spinal cord,1362-4393;1476-5624,true,,
Spinal cord series and cases,2058-6124,true,,
Spine deformity,2212-134X;2212-1358,true,,
Sport in society,1743-0437;1743-0445,true,,
Sports biomechanics,1476-3141;1752-6116,true,,
Sports health,1941-7381;1941-0921,true,,
Sports medicine - open,2199-1170;2198-9761,true,,
SSM - health systems,2949-8562,true,,
SSM - population health,2352-8273,true,,
SSM. Mental health,2666-5603,true,,
SSM. Qualitative research in health,2667-3215,true,,
St. Petersburg mathematical journal,1061-0022;1547-7371,true,,
STAR protocols,2666-1667,true,,
Stat : the ISI's journal for rapid dissemination of statistics research,2049-1573,true,,
Statistica Neerlandica,0039-0402;1467-9574,true,,
Statistical modelling,1471-082X;1477-0342,true,,
Statistics & probability letters,0167-7152;1879-2103,true,,
Statistics in biopharmaceutical research,1946-6315,true,,
Statistics in biosciences,1867-1764;1867-1772,true,,
Stem cell reports,2213-6711,true,,
Stem cell research,1873-5061;1876-7753,true,,
Stem cell research & therapy,1757-6512,true,,
Stem cell reviews and reports,2629-3269;2629-3277,true,,
Stem cells and development,1547-3287;1557-8534,true,,
Stem cells translational medicine,2157-6564;2157-6580,true,,
Stereotactic and functional neurosurgery,1011-6125;1423-0372,true,,
Steroids,0039-128X;1878-5867,true,,
Strabismus,0927-3972;1744-5132,true,,
Strahlentherapie und Onkologie : Organ der Deutschen Rontgengesellschaft ... [et al],0179-7158;1439-099X,true,,
Stress : the international journal on the biology of stress,1025-3890;1607-8888,true,,
Stress and health : journal of the International Society for the Investigation of Stress,1532-3005;1532-2998,true,,
Stroke and vascular neurology,2059-8688;2059-8696,true,,
Stroke research and treatment,2090-8105;2042-0056,true,,
Structural equation modeling : a multidisciplinary journal,1070-5511;1532-8007,true,,
Structural heart : the journal of the Heart Team,2474-8706;2474-8714,true,,
Structures,2352-0124,true,,
Studia neophilologica,0039-3274;1651-2308,true,,
Studies in comparative international development,0039-3606;1936-6167,true,,
Studies in educational evaluation,0191-491X,true,,
Studies in family planning,0039-3665;1728-4465,true,,
Studies in health technology and informatics,0926-9630;1879-8365,true,,
Studies in history and philosophy of science,0039-3681;1879-2510,true,,
Studies in mycology,0166-0616;1872-9797,true,,
STUDIES IN PHILOSOPHY AND EDUCATION,0039-3746;1573-191X,true,,
STUDIES IN SCIENCE EDUCATION,0305-7267;1940-8412,true,,
Sub-cellular biochemistry,0306-0225,true,,
"Substance abuse treatment, prevention, and policy",1747-597X,true,,
Substance use & misuse,1082-6084;1532-2491,true,,
Substance use : research and treatment,2976-8357,true,,
Suicide & life-threatening behavior,0363-0234;1943-278X,true,,
Sultan Qaboos University medical journal,2075-051X;2075-0528,true,,
Superconductor science & technology,0953-2048;1361-6668,true,,
Supportive care in cancer : official journal of the Multinational Association of Supportive Care in Cancer,0941-4355;1433-7339,true,,
Surface & coatings technology,0257-8972;1879-3347,true,,
SURFACE ENGINEERING,0267-0844;1743-2944,true,,
Surfaces and interfaces,2468-0230,true,,
Surgery for obesity and related diseases : official journal of the American Society for Bariatric Surgery,1550-7289;1878-7533,true,,
Surgery in practice and science,2666-2620,true,,
Surgery open science,2589-8450,true,,
Surgical and radiologic anatomy : SRA,0930-1038;1279-8517,true,,
Surgical infections,1096-2964;1557-8674,true,,
Surgical innovation,1553-3506;1553-3514,true,,
"Surgical laparoscopy, endoscopy & percutaneous techniques",1530-4515;1534-4908,true,,
Surgical oncology,0960-7404;1879-3320,true,,
Surgical pathology clinics,1875-9181;1875-9157,true,,
Survey of ophthalmology,0039-6257;1879-3304,true,,
Sustainable cities and society,2210-6707;2210-6715,true,,
Sustainable energy technologies and assessments,2213-1388;2213-1396,true,,
Sustainable environment,2765-8511,true,,
Sustainable microbiology,2755-1970,true,,
Swiss medical weekly,1424-7860;1424-3997,true,,
Synapse,0887-4476;1098-2396,true,,
Synlett : accounts and rapid communications in synthetic organic chemistry,0936-5214;1437-2096,true,,
Synthesis,0039-7881;1437-210X,true,,
Synthetic biology,2397-7000,true,,
Synthetic metals,0379-6779,true,,
Systematic biology,1063-5157;1076-836X,true,,
Systematic reviews,2046-4053,true,,
Systems biology in reproductive medicine,1939-6368;1939-6376,true,,
TAG. Theoretical and applied genetics.  Theoretische und angewandte Genetik,0040-5752;1432-2242,true,,
Taiwanese journal of obstetrics & gynecology,1028-4559;1875-6263,true,,
Talanta,0039-9140;1873-3573,true,,
Targeted oncology,1776-2596;1776-260X,true,,
Teachers and teaching,1354-0602;1470-1278,true,,
Teaching and learning in medicine,1040-1334;1532-8015,true,,
Technology and disability,1055-4181;1878-643X,true,,
Technology in cancer research & treatment,1533-0346;1533-0338,true,,
Telecommunication systems,1018-4864;1572-9451,true,,
Telemedicine journal and e-health : the official journal of the American Telemedicine Association,1530-5627;1556-3669,true,,
TEMENOS,0497-1817,true,,
Temperature?,2332-8940;2332-8959,true,,
Tetrahedron letters,0040-4039;1873-3581,true,,
Texas Heart Institute journal,0730-2347;1526-6702,true,,
"Textile research journal : publication of Textile Research Institute, Inc. and the Textile Foundation",0040-5175;1746-7748,true,,
TH open : companion journal to thrombosis and haemostasis,2567-3459;2512-9465,true,,
The AAPS journal,1550-7416,true,,
The aging male : the official journal of the International Society for the Study of the Aging Male,1368-5538;1473-0790,true,,
The American behavioral scientist,0002-7642;1552-3381,true,,
The American journal of bioethics : AJOB,1526-5161;1536-0075,true,,
The American journal of cardiology,0002-9149;1879-1913,true,,
The American Journal of dermatopathology,0193-1091;1533-0311,true,,
The American journal of drug and alcohol abuse,0095-2990;1097-9891,true,,
The American journal of emergency medicine,0735-6757;1532-8171,true,,
The American journal of geriatric psychiatry : official journal of the American Association for Geriatric Psychiatry,1064-7481;1545-7214,true,,
The American journal of hospice & palliative care,1049-9091;1938-2715,true,,
The American journal of occupational therapy : official publication of the American Occupational Therapy Association,0272-9490;1943-7676,true,,
The American journal of psychology,0002-9556;1939-8298,true,,
The American journal of the medical sciences,0002-9629;1538-2990,true,,
The American journal of tropical medicine and hygiene,0002-9637;1476-1645,true,,
The American naturalist,0003-0147;1537-5323,true,,
The American statistician,0003-1305;1537-2731,true,,
The American surgeon,0003-1348;1555-9823,true,,
The Analyst,0003-2654;1364-5528,true,,
The anatomical record : advances in integrative anatomy and evolutionary biology,1932-8486;1932-8494,true,,
The Angle orthodontist,0003-3219;1945-7103,true,,
"The Annals of otology, rhinology, and laryngology",0003-4894;1943-572X,true,,
The Annals of pharmacotherapy,1060-0280;1542-6270,true,,
The Annals of thoracic surgery,0003-4975;1552-6259,true,,
The application of clinical genetics,1178-704X,true,,
The Astrophysical journal,0004-637X;1538-4357,true,,
The Australasian journal of dermatology,0004-8380;1440-0960,true,,
The Australian and New Zealand journal of family therapy,0814-723X;1467-8438,true,,
The Australian and New Zealand journal of psychiatry,0004-8674;1440-1614,true,,
The Biochemical journal,0264-6021;1470-8728,true,,
The Breast : official journal of the European Society of Mastology,0960-9776;1532-3080,true,,
The breast journal,1075-122X;1524-4741,true,,
The British journal of clinical psychology,0144-6657;2044-8260,true,,
The British journal of criminology,0007-0955;1464-3529,true,,
The British journal of educational psychology,0007-0998;2044-8279,true,,
The British journal of occupational therapy,0308-0226;1477-6006,true,,
The British journal of oral & maxillofacial surgery,0266-4356;1532-1940,true,,
The British journal of radiology,0007-1285;1748-880X,true,,
The Canadian journal of cardiology,0828-282X;1916-7075,true,,
The Canadian journal of hospital pharmacy,0008-4123;1920-2903,true,,
The Canadian journal of infectious diseases & medical microbiology = Journal canadien des maladies infectieuses et de la microbiologie medicale,1712-9532;1918-1493,true,,
The Canadian journal of neurological sciences. Le journal canadien des sciences neurologiques,0317-1671;2057-0155,true,,
The Canadian journal of urology,1195-9479;1488-5581,true,,
The cerebellum,1473-4222;1473-4230,true,,
The Cleft palate-craniofacial journal : official publication of the American Cleft Palate-Craniofacial Association,1055-6656;1545-1569,true,,
The Clinical journal of pain,0749-8047;1536-5409,true,,
The Clinical neuropsychologist,1385-4046;1744-4144,true,,
The clinical respiratory journal,1752-6981;1752-699X,true,,
The clinical teacher,1743-4971;1743-498X,true,,
The CRISPR journal,2573-1599;2573-1602,true,,
The East African health research journal,2520-5277;2520-5285,true,,
The Economic history review,0013-0117;1468-0289,true,,
The Enzymes,0423-2607;1874-6047,true,,
The EPMA journal,1878-5077;1878-5085,true,,
The Ethiopian journal of health development = Ya'Ityopya tena lemat mashet,1021-6790;2309-7388,true,,
The European journal of contraception & reproductive health care : the official journal of the European Society of Contraception,1362-5187;1473-0782,true,,
The European journal of general practice,1381-4788;1751-1402,true,,
The European journal of health economics : HEPAC : health economics in prevention and care,1618-7598;1618-7601,true,,
The European journal of neuroscience,0953-816X;1460-9568,true,,
The European journal of psychology applied to legal context,1889-4007;1889-1861,true,,
"The European physical journal. C, Particles and fields",1434-6044;1434-6052,true,,
"The European physical journal. D, Atomic, molecular, and optical physics",1434-6060;1434-6079,true,,
The European physical journal. Special topics,1951-6355;1951-6401,true,,
The heart surgery forum,1098-3511;1522-6662,true,,
The HIM journal,1833-3583;1833-3575,true,,
The Indian journal of medical research,0971-5916,true,,
The Indian journal of surgery,0972-2068;0973-9793,true,,
The Indian journal of tuberculosis,0019-5707,true,,
The innovation,2666-6758,true,,
The international journal for academic development,1360-144X;1470-1324,true,,
The International journal for the psychology of religion,1050-8619;1532-7582,true,,
"The International journal of angiology : official publication of the International College of Angiology, Inc",1061-1711;1615-5939,true,,
"The international journal of bilingualism : cross-disciplinary, cross-linguistic studies of language behavior",1367-0069;1756-6878,true,,
The international journal of biochemistry & cell biology,1357-2725;1878-5875,true,,
The International journal of biological markers,0393-6155;1724-6008,true,,
The international journal of biostatistics,2194-573X;1557-4679,true,,
The international journal of cardiovascular imaging,1569-5794;1875-8312,true,,
The International journal of health planning and management,0749-6753;1099-1751,true,,
The international journal of lower extremity wounds,1534-7346;1552-6941,true,,
The international journal of medical robotics + computer assisted surgery : MRCAS,1478-5951;1478-596X,true,,
The international journal of mental health promotion,1462-3730;2049-8543,true,,
The international journal of neuropsychopharmacology,1461-1457;1469-5111,true,,
The International journal of neuroscience,0020-7454;1563-5279,true,,
The International journal of oral & maxillofacial implants,0882-2786;1942-4434,true,,
The International journal of periodontics & restorative dentistry,0198-7569;1945-3388,true,,
The International journal of pharmacy practice,0961-7671;2042-7174,true,,
The International journal of prosthodontics,0893-2174;1942-4426,true,,
The International journal of psycho-analysis,0020-7578;1745-8315,true,,
The International journal of social psychiatry,0020-7640;1741-2854,true,,
The international journal of tuberculosis and lung disease : the official journal of the International Union against Tuberculosis and Lung Disease,1027-3719;1815-7920,true,,
The International journal on drug policy,0955-3959;1873-4758,true,,
"The International journal, advanced manufacturing technology",0268-3768;1433-3015,true,,
The Irish theological quarterly,0021-1400;1752-4989,true,,
The journal of allergy and clinical immunology. Global,2772-8293,true,,
"The journal of alternative and complementary medicine : research on paradigm, practice, and policy",1075-5535;1557-7708,true,,
The Journal of animal ecology,0021-8790;1365-2656,true,,
The journal of applied laboratory medicine,2576-9456;2475-7241,true,,
The Journal of applied psychology,0021-9010;1939-1854,true,,
The Journal of arthroplasty,0883-5403;1532-8406,true,,
The Journal of asthma : official journal of the Association for the Care of Asthma,0277-0903;1532-4303,true,,
The journal of behavioral health services & research,1094-3412;1556-3308,true,,
The Journal of cardiovascular nursing,0889-4655;1550-5049,true,,
The Journal of cardiovascular surgery,0021-9509;1827-191X,true,,
The Journal of chemical physics,0021-9606;1089-7690,true,,
The journal of climate change and health,2667-2782,true,,
The Journal of clinical ethics,1046-7890;1945-5879,true,,
The journal of clinical hypertension,1524-6175;1751-7176,true,,
The Journal of clinical psychiatry,0160-6689;1555-2101,true,,
The Journal of comparative neurology,0021-9967;1096-9861,true,,
The Journal of continuing education in the health professions,0894-1912;1554-558X,true,,
The Journal of craniofacial surgery,1049-2275;1536-3732,true,,
The Journal of dermatological treatment,0954-6634;1471-1753,true,,
The Journal of dermatology,0385-2407;1346-8138,true,,
The Journal of early adolescence,0272-4316;1552-5449,true,,
The journal of economic history,0022-0507;1471-6372,true,,
The journal of ECT,1095-0680;1533-4112,true,,
The Journal of emergency medicine,0736-4679;1090-1280,true,,
The Journal of endocrinology,0022-0795;1479-6805,true,,
The Journal of environmental education,0095-8964;1940-1892,true,,
The Journal of eukaryotic microbiology,1066-5234;1550-7408,true,,
The journal of evidence-based dental practice,1532-3382;1532-3390,true,,
The journal of extra-corporeal technology,0022-1058;2969-8960,true,,
The journal of forensic psychiatry & psychology,1478-9949;1478-9957,true,,
The Journal of frailty & aging,2260-1341;2273-4309,true,,
The journal of gene medicine,1099-498X;1521-2254,true,,
The Journal of general virology,0022-1317;1465-2099,true,,
The Journal of genetic psychology,0022-1325;1940-0896,true,,
The Journal of geography,0022-1341;1752-6868,true,,
The Journal of hand surgery,0363-5023;1531-6564,true,,
"The Journal of hand surgery, European volume",1753-1934;2043-6289,true,,
The Journal of head trauma rehabilitation,0885-9701;1550-509X,true,,
The journal of headache and pain,1129-2369;1129-2377,true,,
The Journal of heredity,0022-1503;1465-7333,true,,
The journal of histochemistry and cytochemistry : official journal of the Histochemistry Society,0022-1554;1551-5044,true,,
The Journal of hospital infection,0195-6701;1532-2939,true,,
The Journal of imaging science and technology,1062-3701;1943-3522,true,,
The journal of international advanced otology,1308-7649;2148-3817,true,,
The Journal of international medical research,0300-0605;1473-2300,true,,
The Journal of invasive cardiology,1042-3931;1557-2501,true,,
The Journal of laryngology and otology,0022-2151;1748-5460,true,,
"The Journal of law, medicine & ethics : a journal of the American Society of Law, Medicine & Ethics",1073-1105;1748-720X,true,,
"The journal of maternal-fetal & neonatal medicine : the official journal of the European Association of Perinatal Medicine, the Federation of Asia and Oceania Perinatal Societies, the International Society of Perinatal Obstetricians",1476-7058;1476-4954,true,,
The Journal of medicine and philosophy,0360-5310;1744-5019,true,,
The Journal of membrane biology,0022-2631;1432-1424,true,,
The journal of microbiology,1225-8873;1976-3794,true,,
The Journal of molecular diagnostics : JMD,1525-1578;1943-7811,true,,
The Journal of nervous and mental disease,0022-3018;1539-736X,true,,
The Journal of neuropsychiatry and clinical neurosciences,0895-0172;1545-7222,true,,
The Journal of neuroscience nursing : journal of the American Association of Neuroscience Nurses,0888-0395;1945-2810,true,,
The Journal of nursing education,0148-4834;1938-2421,true,,
"The journal of nutrition, health & aging",1279-7707;1760-4788,true,,
The journal of obstetrics and gynaecology research,1341-8076;1447-0756,true,,
The Journal of oral implantology,0160-6972;1548-1336,true,,
The Journal of orthopaedic and sports physical therapy,0190-6011;1938-1344,true,,
The journal of pain,1526-5900;1528-8447,true,,
The journal of pathology. Clinical research,2056-4538,true,,
The Journal of perinatal & neonatal nursing,0893-2190;1550-5073,true,,
The journal of physical chemistry letters,1948-7185,true,,
The journal of physical chemistry. A,1089-5639;1520-5215,true,,
The journal of physical chemistry. B,1520-6106;1520-5207,true,,
"The journal of physical chemistry. C, Nanomaterials and interfaces",1932-7447;1932-7455,true,,
The journal of positive psychology,1743-9760;1743-9779,true,,
The journal of prevention of Alzheimer's disease,2274-5807;2426-0266,true,,
The journal of primary prevention,0278-095X;1573-6547,true,,
The Journal of prosthetic dentistry,0022-3913;1097-6841,true,,
The Journal of reproductive medicine,0024-7758;1943-3565,true,,
The Journal of rheumatology,0315-162X;1499-2752,true,,
The Journal of rural health : official journal of the American Rural Health Association and the National Rural Health Care Association,0890-765X;1748-0361,true,,
The Journal of school health,0022-4391;1746-1561,true,,
The Journal of school nursing : the official publication of the National Association of School Nurses,1059-8405;1546-8364,true,,
The journal of sexual aggression,1355-2600;1742-6545,true,,
The journal of sexual medicine,1743-6095;1743-6109,true,,
The Journal of social issues,0022-4537;1540-4560,true,,
The Journal of social psychology,0022-4545;1940-1183,true,,
The Journal of special education,0022-4669;1538-4764,true,,
The journal of spinal cord medicine,1079-0268;2045-7723,true,,
The Journal of sports medicine and physical fitness,0022-4707;1827-1928,true,,
The Journal of steroid biochemistry and molecular biology,0960-0760;1879-1220,true,,
The Journal of surgical research,0022-4804;1095-8673,true,,
The Journal of systems and software,0164-1212;1873-1228,true,,
The journal of Tehran Heart Center,1735-5370;2008-2371,true,,
The Journal of the Acoustical Society of America,0001-4966;1520-8524,true,,
The Journal of the American Academy of Orthopaedic Surgeons,1067-151X;1940-5480,true,,
The Journal of the American Dental Association,0002-8177;1943-4723,true,,
The Journal of the Association of Nurses in AIDS Care : JANAC,1055-3290;1552-6917,true,,
The Journal of the Canadian Chiropractic Association,0008-3194;1715-6181,true,,
The Journal of the learning sciences,1050-8406;1532-7809,true,,
The journal of trauma and acute care surgery,2163-0755;2163-0763,true,,
The journal of vascular access,1129-7298;1724-6032,true,,
"The journals of gerontology. Series B, Psychological sciences and social sciences",1079-5014;1758-5368,true,,
The Knee,0968-0160;1873-5800,true,,
The Korean journal of gastroenterology = Taehan Sohwagi Hakhoe chi,1598-9992;2233-6869,true,,
The Lancet regional health. Western Pacific,2666-6065,true,,
"The Lancet. Obstetrics, gynaecology, & women's health",3050-5038,true,,
The Lichenologist,0024-2829;1096-1135,true,,
The Medical journal of Australia,0025-729X;1326-5377,true,,
The Milbank quarterly,0887-378X;1468-0009,true,,
The neurologist,1074-7931;2331-2637,true,,
The neuroradiology journal,1971-4009;2385-1996,true,,
"The Neuroscientist : a review journal bringing neurobiology, neurology and psychiatry",1073-8584;1089-4098,true,,
The new microbiologica,1121-7138,true,,
The New phytologist,0028-646X;1469-8137,true,,
The New Zealand medical journal,0028-8446;1175-8716,true,,
The Nigerian postgraduate medical journal,1117-1936,true,,
The ocular surface,1542-0124;1937-5913,true,,
The oncologist,1083-7159;1549-490X,true,,
The Ostrich,0030-6525;1727-947X,true,,
The patient,1178-1653;1178-1661,true,,
The Pediatric infectious disease journal,0891-3668;1532-0987,true,,
The Permanente journal,1552-5767;1552-5775,true,,
The pharmacogenomics journal,1470-269X;1473-1150,true,,
The Physician and sportsmedicine,0091-3847;2326-3660,true,,
The Polar record,0032-2474;1475-3057,true,,
The Proceedings of the Nutrition Society,0029-6651;1475-2719,true,,
The Prostate,0270-4137;1097-0045,true,,
The protein journal,1572-3887;1875-8355,true,,
The Psychiatric clinics of North America,0193-953X;1558-3147,true,,
The Psychiatric quarterly,0033-2720;1573-6709,true,,
The Psychoanalytic quarterly,0033-2828;2167-4086,true,,
The Psychoanalytic study of the child,0079-7308;2474-3356,true,,
The Psychological record,0033-2933;2163-3452,true,,
The quarterly journal of experimental psychology : QJEP,1747-0218;1747-0226,true,,
"The quarterly journal of nuclear medicine and molecular imaging : official publication of the Italian Association of Nuclear Medicine (AIMN) [and] the International Association of Radiopharmacology (IAR), [and] Section of the Society of Radiopharmaceutical Chemistry and Biology",1824-4785;1827-1936,true,,
The R journal,2073-4859,true,,
The review of diabetic studies : RDS,1613-6071;1614-0575,true,,
The Review of scientific instruments,0034-6748;1089-7623,true,,
The South African journal of physiotherapy,0379-6175;2410-8219,true,,
The spine journal : official journal of the North American Spine Society,1529-9430;1878-1632,true,,
The Stata journal,1536-867X;1536-8734,true,,
The surgeon : journal of the Royal Colleges of Surgeons of Edinburgh and Ireland,1479-666X;2405-5840,true,,
The Thoracic and cardiovascular surgeon,0171-6425;1439-1902,true,,
The Tohoku journal of experimental medicine,0040-8727;1349-3329,true,,
The Turkish journal of gastroenterology : the official journal of Turkish Society of Gastroenterology,1300-4948;2148-5607,true,,
The ultrasound journal,2524-8987,true,,
The Veterinary clinics of North America. Equine practice,0749-0739;1558-4224,true,,
The veterinary journal,1090-0233;1532-2971,true,,
The Veterinary record,0042-4900;2042-7670,true,,
The West Indian medical journal,0043-3144;2309-5830,true,,
The Wilson journal of ornithology,1559-4491;1938-5447,true,,
The World Allergy Organization journal,1939-4551,true,,
The world journal of biological psychiatry : the official journal of the World Federation of Societies of Biological Psychiatry,1562-2975;1814-1412,true,,
The world journal of men's health,2287-4208;2287-4690,true,,
The Yale journal of biology and medicine,0044-0086;1551-4056,true,,
Theoretical medicine and bioethics,1386-7415;1573-0980,true,,
Theory and decision,0040-5833;1573-7187,true,,
Theory and research in social education,0093-3104;2163-1654,true,,
Theranostics,1838-7640,true,,
Therapeutic advances in chronic disease,2040-6223;2040-6231,true,,
Therapeutic advances in drug safety,2042-0986;2042-0994,true,,
Therapeutic advances in endocrinology and metabolism,2042-0188;2042-0196,true,,
Therapeutic advances in gastroenterology,1756-283X;1756-2848,true,,
Therapeutic advances in hematology,2040-6207;2040-6215,true,,
Therapeutic advances in infectious disease,2049-9361;2049-937X,true,,
Therapeutic advances in medical oncology,1758-8340;1758-8359,true,,
Therapeutic advances in musculoskeletal disease,1759-720X;1759-7218,true,,
Therapeutic advances in neurological disorders,1756-2856;1756-2864,true,,
Therapeutic advances in psychopharmacology,2045-1253;2045-1261,true,,
Therapeutic advances in reproductive health,2633-4941,true,,
Therapeutic advances in respiratory disease,1753-4658;1753-4666,true,,
Therapeutic advances in urology,1756-2872;1756-2880,true,,
Therapeutic advances in vaccines and immunotherapy,2515-1355;2515-1363,true,,
"Therapeutic apheresis and dialysis : official peer-reviewed journal of the International Society for Apheresis, the Japanese Society for Apheresis, the Japanese Society for Dialysis Therapy",1744-9979;1744-9987,true,,
Therapeutic drug monitoring,0163-4356;1536-3694,true,,
Therapeutic hypothermia and temperature management,2153-7658;2153-7933,true,,
Therapie,0040-5957;1958-5578,true,,
Thermal science,0354-9836;2334-7163,true,,
TheScientificWorldJournal,2356-6140;1537-744X,true,,
Third world quarterly,0143-6597;1360-2241,true,,
Thoracic surgery clinics,1547-4127;1558-5069,true,,
Thrombosis journal,1477-9560,true,,
Thrombosis research,0049-3848;1879-2472,true,,
Thyroid : official journal of the American Thyroid Association,1050-7256;1557-9077,true,,
Thyroid research,1756-6614,true,,
Ticks and tick-borne diseases,1877-959X;1877-9603,true,,
"Tidsskrift for den Norske laegeforening : tidsskrift for praktisk medicin, ny raekke",0029-2001;0807-7096,true,,
Tijdschrift voor gerontologie en geriatrie,0167-9228;1875-6832,true,,
Tissue & cell,0040-8166;1532-3072,true,,
Tissue engineering and regenerative medicine,1738-2696;2212-5469,true,,
Tissue engineering. Part A,1937-3341;1937-335X,true,,
"Tissue engineering. Part B, Reviews",1937-3368;1937-3376,true,,
"Tissue engineering. Part C, Methods",1937-3384;1937-3392,true,,
Tobacco control,0964-4563;1468-3318,true,,
Tobacco induced diseases,2070-7266;1617-9625,true,,
Tobacco prevention & cessation,2459-3087,true,,
Tobacco use insights,1179-173X,true,,
Tomography : a journal for imaging research,2379-1381;2379-139X,true,,
Topics in antiviral medicine,2161-5861;2161-5853,true,,
Topics in current chemistry,2365-0869;2364-8961,true,,
Topics in early childhood special education,0271-1214;1538-4845,true,,
Topics in language disorders,0271-8294;1550-3259,true,,
Topics in magnetic resonance imaging : TMRI,0899-3459;1536-1004,true,,
Topics in spinal cord injury rehabilitation,1082-0744;1945-5763,true,,
Topics in stroke rehabilitation,1074-9357;1945-5119,true,,
Torture : quarterly journal on rehabilitation of torture victims and prevention of torture,1018-8185;1997-3322,true,,
Toxicology,0300-483X;1879-3185,true,,
Toxicology in vitro : an international journal published in association with BIBRA,0887-2333;1879-3177,true,,
Toxicology letters,0378-4274;1879-3169,true,,
Toxicology mechanisms and methods,1537-6516;1537-6524,true,,
Toxicology research,2045-452X;2045-4538,true,,
Toxicon : official journal of the International Society on Toxinology,0041-0101;1879-3150,true,,
Traffic,1398-9219;1600-0854,true,,
Traffic injury prevention,1538-9588;1538-957X,true,,
Transactions of the American Fisheries Society,0002-8487;1548-8659,true,,
Transactions of the Royal Society of Tropical Medicine and Hygiene,0035-9203;1878-3503,true,,
Transcultural psychiatry,1363-4615;1461-7471,true,,
Transfusion,0041-1132;1537-2995,true,,
Transfusion and apheresis science : official journal of the World Apheresis Association : official journal of the European Society for Haemapheresis,1473-0502;1878-1683,true,,
Transfusion medicine,0958-7578;1365-3148,true,,
Transfusion medicine and hemotherapy : offizielles Organ der Deutschen Gesellschaft fur Transfusionsmedizin und Immunhamatologie,1660-3796;1660-3818,true,,
Transfusion medicine reviews,0887-7963;1532-9496,true,,
Transgender health,2688-4887;2380-193X,true,,
Transgenic research,0962-8819;1573-9368,true,,
Translational andrology and urology,2223-4683;2223-4691,true,,
Translational behavioral medicine,1869-6716;1613-9860,true,,
Translational gastroenterology and hepatology,2415-1289,true,,
Translational issues in psychological science,2332-2136;2332-2179,true,,
Translational lung cancer research,2218-6751;2226-4477,true,,
Translational neurodegeneration,2047-9158,true,,
Translational oncology,1936-5233,true,,
Translational pediatrics,2224-4344,true,,
Translational perioperative and pain medicine,2330-4871,true,,
Translational psychiatry,2158-3188,true,,
Translational research : the journal of laboratory and clinical medicine,1931-5244;1878-1810,true,,
Translational science of rare diseases,2214-6490;2214-6512,true,,
Translational sports medicine,2573-8488,true,,
Translational stroke research,1868-4483;1868-601X,true,,
Translational vision science & technology,2164-2591,true,,
Transplant immunology,0966-3274;1878-5492,true,,
Transplant infectious disease : an official journal of the Transplantation Society,1398-2273;1399-3062,true,,
Transplant international : official journal of the European Society for Organ Transplantation,0934-0874;1432-2277,true,,
Transplantation,0041-1337;1534-6080,true,,
Transplantation and cellular therapy,2666-6375;2666-6367,true,,
Transplantation direct,2373-8731,true,,
Transplantation proceedings,0041-1345;1873-2623,true,,
Transplantation reviews,0955-470X;1557-9816,true,,
Transport reviews,0144-1647;1464-5327,true,,
Transportation planning and technology,0308-1060;1029-0354,true,,
Transportation research interdisciplinary perspectives,2590-1982,true,,
"Transportation research. Part D, Transport and environment",1361-9209;1879-2340,true,,
"Transportation research. Part F, Traffic psychology and behaviour",1369-8478;1873-5517,true,,
Trauma surgery & acute care open,2397-5776,true,,
"Trauma, violence & abuse",1524-8380;1552-8324,true,,
Travel behaviour & society,2214-367X;2214-3688,true,,
Travel medicine and infectious disease,1477-8939;1873-0442,true,,
Tremor and other hyperkinetic movements,2160-8288,true,,
Trends in analytical chemistry : TRAC,0165-9936;1879-3142,true,,
Trends in biochemical sciences,0968-0004;1362-4326,true,,
Trends in biotechnology,0167-7799;1879-3096,true,,
Trends in cancer,2405-8033;2405-8025,true,,
Trends in cardiovascular medicine,1050-1738;1873-2615,true,,
Trends in cell biology,0962-8924;1879-3088,true,,
Trends in ecology & evolution,0169-5347;1872-8383,true,,
Trends in endocrinology and metabolism : TEM,1043-2760;1879-3061,true,,
Trends in genetics : TIG,0168-9525;1362-4555,true,,
Trends in hearing,2331-2165,true,,
Trends in immunology,1471-4906;1471-4981,true,,
Trends in microbiology,0966-842X;1878-4380,true,,
Trends in molecular medicine,1471-4914;1471-499X,true,,
Trends in neurosciences,0166-2236;1878-108X,true,,
Trends in parasitology,1471-4922;1471-5007,true,,
Trends in psychiatry and psychotherapy,2237-6089;2238-0019,true,,
Trials,1745-6215,true,,
Tribology letters,1023-8883;1573-2711,true,,
Tribology transactions,1040-2004;1547-397X,true,,
Tropical animal health and production,0049-4747;1573-7438,true,,
"Tropical diseases, travel medicine and vaccines",2055-0936,true,,
Tropical doctor,0049-4755;1758-1133,true,,
Tropical journal of pharmaceutical research : TJPR,1596-5996,true,,
Tropical medicine & international health : TM & IH,1360-2276;1365-3156,true,,
Tuberculosis,1472-9792;1873-281X,true,,
Tuberculosis research and treatment,2090-150X;2090-1518,true,,
Tumori,0300-8916;2038-2529,true,,
Turk Kardiyoloji Dernegi arsivi : Turk Kardiyoloji Derneginin yayin organidir,1016-5169;1308-4488,true,,
Turk patoloji dergisi,1018-5615;1309-5730,true,,
Turkish journal of ophthalmology,2149-8695;2149-8709,true,,
Turkish journal of surgery,2564-6850;2564-7032,true,,
Turkish thoracic journal,2148-7197;2149-2530,true,,
Twin research and human genetics : the official journal of the International Society for Twin Studies,1832-4274;1839-2628,true,,
UCL open. Environment,2632-0886,true,,
Ugeskrift for laeger,0041-5782;1603-6824,true,,
Ultramicroscopy,0304-3991;1879-2723,true,,
"Ultraschall in der Medizin : Organ der Deutschen Gesellschaft fur Ultraschall in der Medizin, [der] Osterreichischen Gesellschaft fur Ultraschall in der Medizin, [der] Schweizerischen Gesellschaft fur Ultraschall in Medizin und Biologie",0172-4614;1438-8782,true,,
Ultrasonics sonochemistry,1350-4177;1873-2828,true,,
Ultrasound in medicine & biology,0301-5629;1879-291X,true,,
Ultrastructural pathology,0191-3123;1521-0758,true,,
"Undersea & hyperbaric medicine : journal of the Undersea and Hyperbaric Medical Society, Inc",1066-2936,true,,
United European gastroenterology journal,2050-6406;2050-6414,true,,
Universal access in the information society,1615-5289;1615-5297,true,,
University politehnica of Bucharest scientific bulletin-Series A-Applied mathematics and physics,1223-7027,true,,
Upsala journal of medical sciences,0300-9734;2000-1967,true,,
Urban forestry & urban greening,1618-8667;1610-8167,true,,
Urolithiasis,2194-7228;2194-7236,true,,
Urologia,0391-5603;1724-6075,true,,
Urologia internationalis,0042-1138;1423-0399,true,,
Urologic oncology,1078-1439;1873-2496,true,,
Urology,0090-4295;1527-9995,true,,
Urology practice,2352-0779;2352-0787,true,,
Urology research & practice,2980-1478,true,,
Vaccine,0264-410X;1873-2518,true,,
Vaccine: X,2590-1362,true,,
Vacuum,0042-207X;1879-2715,true,,
VASA. Zeitschrift fur Gefasskrankheiten,0301-1526;1664-2872,true,,
Vascular,1708-5381;1708-539X,true,,
Vascular and endovascular surgery,1538-5744;1938-9116,true,,
Vascular health and risk management,1176-6344;1178-2048,true,,
Vascular medicine,1358-863X;1477-0377,true,,
Vascular pharmacology,1537-1891;1879-3649,true,,
Vavilovskii zhurnal genetiki i selektsii,2500-0462;2500-3259,true,,
Vector borne and zoonotic diseases,1530-3667;1557-7759,true,,
Vehicle system dynamics,0042-3114;1744-5159,true,,
Verhaltenstherapie,1016-6262;1423-0402,true,,
Veterinary clinical pathology,0275-6382;1939-165X,true,,
Veterinary medicine and science,2053-1095,true,,
Veterinary medicine international,2090-8113;2042-0048,true,,
Veterinary microbiology,0378-1135;1873-2542,true,,
"Veterinary parasitology, regional studies and reports",2405-9390,true,,
Veterinary parasitology: X,2590-1389,true,,
Veterinary radiology & ultrasound : the official journal of the American College of Veterinary Radiology and the International Veterinary Radiology Association,1058-8183;1740-8261,true,,
Veterinary research communications,0165-7380;1573-7446,true,,
Veterinary surgery : VS,0161-3499;1532-950X,true,,
Veterinary world,0972-8988;2231-0916,true,,
Vibrational Spectroscopy,0924-2031;1873-3697,true,,
Victims & offenders,1556-4886;1556-4991,true,,
VideoGIE : an official video journal of the American Society for Gastrointestinal Endoscopy,2468-4481,true,,
Violence against women,1077-8012;1552-8448,true,,
Viral immunology,0882-8245;1557-8976,true,,
Virchows Archiv : an international journal of pathology,0945-6317;1432-2307,true,,
Virologica Sinica,1674-0769;1995-820X,true,,
Virology,0042-6822;1096-0341,true,,
Virology journal,1743-422X,true,,
Virtual reality,1359-4338;1434-9957,true,,
Virulence,2150-5594;2150-5608,true,,
Virus research,0168-1702;1872-7492,true,,
Visceral medicine,2297-4725;2297-475X,true,,
Vision research,0042-6989;1878-5646,true,,
"Visual computing for industry, biomedicine, and art",2096-496X;2524-4442,true,,
Visual studies,1472-586X;1472-5878,true,,
Vitamins and hormones,0083-6729,true,,
Vojnosanitetski pregled,0042-8450;2406-0720,true,,
Voluntas : international journal of voluntary and nonprofit organizations,0957-8765;1573-7888,true,,
Vox sanguinis,0042-9007;1423-0410,true,,
"Waste management & research : the journal of the International Solid Wastes and Public Cleansing Association, ISWA",0734-242X;1096-3669,true,,
Water environment research : a research publication of the Water Environment Federation,1061-4303;1554-7531,true,,
Water policy : official journal of the World Water Council,1366-7017;1996-9759,true,,
Water research X,2589-9147,true,,
Water resources management,0920-4741;1573-1650,true,,
"Water science & technology, water supply",1606-9749;1607-0798,true,,
Water science and technology : a journal of the International Association on Water Pollution Research,0273-1223;1996-9732,true,,
"Water, air, and soil pollution",0049-6979;1573-2932,true,,
Welding in the world,0043-2288;1878-6669,true,,
Western journal of nursing research,0193-9459;1552-8456,true,,
Western Pacific surveillance and response journal : WPSAR,2094-7321;2094-7313,true,,
Wiadomosci lekarskie : organ Polskiego Towarzystwa Lekarskiego,0043-5147;2719-342X,true,,
Wiener klinische Wochenschrift,0043-5325;1613-7671,true,,
Wildlife biology,0909-6396;1903-220X,true,,
Wiley interdisciplinary reviews. Computational molecular science,1759-0876;1759-0884,true,,
Wiley interdisciplinary reviews. Data mining and knowledge discovery,1942-4787;1942-4795,true,,
Wiley interdisciplinary reviews. Nanomedicine and nanobiotechnology,1939-5116;1939-0041,true,,
Wiley interdisciplinary reviews. RNA,1757-7004;1757-7012,true,,
Women & health,0363-0242;1541-0331,true,,
Women and birth : journal of the Australian College of Midwives,1871-5192;1878-1799,true,,
Women's health,1745-5057;1745-5065,true,,
Women's health issues : official publication of the Jacobs Institute of Women's Health,1049-3867;1878-4321,true,,
Women's health reports,2688-4844,true,,
"Work : a journal of prevention, assessment, and rehabilitation",1051-9815;1875-9270,true,,
Work and stress,0267-8373;1464-5335,true,,
"Work, aging and retirement",2054-4642;2054-4650,true,,
"Work, employment & society : a journal of the British Sociological Association",0950-0170;1469-8722,true,,
Workplace health & safety,2165-0799;2165-0969,true,,
World archaeology,0043-8243;1470-1375,true,,
World development,0305-750X;1873-5991,true,,
World journal of clinical pediatrics,2219-2808,true,,
World journal of emergency surgery : WJES,1749-7922,true,,
World journal of gastrointestinal pathophysiology,2150-5330,true,,
World journal of microbiology & biotechnology,0959-3993;1573-0972,true,,
World journal of nuclear medicine,1450-1147;1607-3312,true,,
World journal of oncology,1920-4531;1920-454X,true,,
World journal of pediatric surgery,2096-6938;2516-5410,true,,
World journal of stem cells,1948-0210,true,,
World journal of surgery,0364-2313;1432-2323,true,,
World journal of surgical oncology,1477-7819,true,,
World journal of virology,2220-3249,true,,
World mycotoxin journal,1875-0710;1875-0796,true,,
World neurosurgery,1878-8750;1878-8769,true,,
WORLD WIDE WEB-INTERNET AND WEB INFORMATION SYSTEMS,1386-145X;1573-1413,true,,
Worldviews on evidence-based nursing,1545-102X;1741-6787,true,,
Wound repair and regeneration : official publication of the Wound Healing Society [and] the European Tissue Repair Society,1067-1927;1524-475X,true,,
Xenobiotica; the fate of foreign compounds in biological systems,0049-8254;1366-5928,true,,
Xenotransplantation,0908-665X;1399-3089,true,,
Yearbook of medical informatics,0943-4747;2364-0502,true,,
Yeast,0749-503X;1097-0061,true,,
Young,1103-3088;1741-3222,true,,
Youth & society,0044-118X;1552-8499,true,,
Zdravstveno varstvo,0351-0026;1854-2476,true,,
Zebrafish,1545-8547;1557-8542,true,,
"Zeitschrift fur Evidenz, Fortbildung und Qualitat im Gesundheitswesen",1865-9217;2212-0289,true,,
Zeitschrift fur Gastroenterologie,0044-2771;1439-7803,true,,
Zeitschrift fur Geburtshilfe und Neonatologie,0948-2393;1439-1651,true,,
Zeitschrift fur Gerontologie und Geriatrie,0948-6704;1435-1269,true,,
Zeitschrift fur Gesundheitswissenschaften = Journal of public health,0943-1853,true,,
Zeitschrift fur medizinische Physik,0939-3889;1876-4436,true,,
Zeitschrift fur physikalische Chemie,0942-9352;2196-7156,true,,
Zeitschrift fur Rheumatologie,0340-1855;1435-1250,true,,
Zentralblatt fur Chirurgie,0044-409X;1438-9592,true,,
Zhonghua er bi yan hou tou jing wai ke za zhi = Chinese journal of otorhinolaryngology head and neck surgery,1673-0860,true,,
Zhonghua jie he he hu xi za zhi = Zhonghua jiehe he huxi zazhi = Chinese journal of tuberculosis and respiratory diseases,1001-0939,true,,
Zhonghua liu xing bing xue za zhi = Zhonghua liuxingbingxue zazhi,0254-6450,true,,
Zhurnal nevrologii i psikhiatrii imeni S.S. Korsakova,1997-7298;2309-4729,true,,
Zoological letters,2056-306X,true,,
