name,issns,active,withdrawn_date,withdrawal_reason
A Contracorriente,1548-7083,true,,
A&P continuidad,2362-6089;2362-6097,true,,
A3manos,2412-5105,true,,
Ab Intus,2618-2734,true,,
Abanico veterinario,2007-428X;2448-6132,true,,
Abra,1409-3928;2215-2997,true,,
Abril,1984-2090,true,,
Academia,1667-4154;2422-7153,true,,
Academia XXII,2007-252X;2594-083X,true,,
Academo,2414-8938,true,,
Ação Ergonômica,1519-7859;2965-7318,true,,
Acc Cietna,2309-8570,true,,
ACCADERE,2660-9142,true,,
Acceso: Revista Puertorriqueña de Bibliotecología y Documentación,1536-1772;2690-0270,true,,
Accesos,2530-447X;2530-4488,true,,
Acción,1608-3792;1812-5808,true,,
Acción Motriz,1989-2837,true,,
Acción psicológica,1578-908X;2255-1271,true,,
Acción y Reflexión Educativa,1563-2911;2644-3775,true,,
Acciones e investigaciones sociales,1132-192X;2340-4507,true,,
ACDI Anuario Colombiano de Derecho Internacional,2027-1131;2145-4493,true,,
"ACE. Architecture, City and Environment",1886-4805;1887-7052,true,,
Acervo,0102-700X;2237-8723,true,,
ACI Avances en Ciencias e Ingenierías,2528-7788,true,,
Acta académica,2215-383X;1017-7507,true,,
Acta artis,2014-1912;2339-7691,true,,
Acta bioethica,0717-5906;1726-569X,true,,
Acta bioquímica clínica latinoamericana,0325-2957;1851-6114,true,,
Acta Botanica Malacitana,0210-9506;2340-5074,true,,
Acta botánica mexicana,0187-7151;2448-7589,true,,
Acta Brasiliensis,2526-432X;2526-4338,true,,
Acta de investigación psicológica,2007-4719;2007-4832,true,,
Acta Fisiátrica,0104-7795;2317-0190,true,,
Acta geológica lilloana,0567-7513;1852-6217,true,,
Acta Hispanica,1416-7263;2676-9719,true,,
Acta literaria,0716-0909;0717-6848,true,,
Acta Médica Costarricense,0001-6012;2215-5856,true,,
Acta Médica del Centro,2709-7927,true,,
Acta médica peruana,1018-8800;1728-5917,true,,
Acta médica portuguesa,0870-399X;1646-0758;0871-4673,true,,
Acta neurológica colombiana,0120-8748;2422-4022,true,,
Acta Oceanográfica del Pacífico,2806-5522,true,,
Acta Odontológica Colombiana,2027-7822,true,,
Acta pediátrica de México,0186-2391;2395-8235,true,,
Acta poética,0185-3082;2448-735X,true,,
Acta reumatológica portuguesa,0303-464X,true,,
Acta Scientiarum. Agronomy,1679-9275;1807-8621,true,,
Acta Scientiarum. Education,2178-5198;2178-5201,true,,
Acta Scientiarum. Technology,1806-2563;1807-8664,true,,
Acta sociológica,0186-6028;2448-4938,true,,
Acta universitaria,2007-9621;0188-6266,true,,
Acta zoológica lilloana,0065-1729;1852-6098,true,,
Acta zoológica mexicana. Nueva serie,0065-1737;2448-8445,true,,
Actas de arquitectura religiosa contemporánea,2659-8671,true,,
ACTAS MÉDICAS (ECUADOR).,2960-8309,true,,
Actio,2525-8923,true,,
"ACTIO Journal of technology in design, film arts and visual communication",2665-1890,true,,
Actio nova,2530-4437,true,,
Actividad Física y Deporte: Ciencia y Profesión,2659-8930;1578-2484,true,,
Actividad física y desarrollo humano,1692-7427;2711-3043,true,,
Actos,2452-4727,true,,
Actualidad jurídica ambiental,1989-5666,true,,
Actualidades biológicas,0304-3584;2145-7166,true,,
Actualidades en psicología,0258-6444;2215-3535,true,,
Actualidades Investigativas en Educación,1409-4703,true,,
Actualización en nutrición,1667-8052;2250-7183,true,,
Actualizaciones en Sida e Infectología.,2718-7845,true,,
Ad limina,2171-620X;2659-5885,true,,
Ad majorem patriae gloriam,2618-0499;2955-876X,true,,
Ad-Gnosis,2344-7516;2745-1364,true,,
adComunica,2174-0992;2254-2728,true,,
Administração Pública e Gestão Social,2175-5787,true,,
Administración & cidadanía,1887-0279;1887-5270,true,,
Administración y desarrollo,0120-3754;2500-5227,true,,
Administración y organizaciones,1665-014X;2683-2534,true,,
aDResearch ESIC,1889-7304;2340-3144,true,,
Advances in building education,2530-7940,true,,
Advances in Distributed Computing and Artificial Intelligence Journal,2255-2863,true,,
Advances in Science and Innovation,2961-2012,true,,
Advocatus,1996-4773;2523-6261,true,,
Aestimatio,2173-0164;2173-1926,true,,
Afluir,2659-7721,true,,
Afro-Ásia,0002-0591;1981-1411,true,,
Agenda Internacional,1027-6750;2311-5718,true,,
Ager. Revista de estudios sobre despoblación y desarrollo rural,1578-7168;2340-4655,true,,
Agora,2412-2300;2412-804X,true,,
Ágora de Heterodoxias,2443-4361,true,,
Ágora para la educación física y el deporte,1578-2174;1989-7200,true,,
Ágora UNLaR,2545-6024,true,,
Ágora. Estudos Clássicos em debate,0874-5498;2183-4334,true,,
Agora. Papeles de Filosofía,0211-6642;2174-3347,true,,
Agrarian,1984-252X;1984-2538,true,,
"Agricultura, sociedad y desarrollo",1870-5472;2594-0244,true,,
AgriScientia,0327-6244;1668-298X,true,,
Agro productividad,2448-7546;2594-0252,true,,
Agrociencia,1405-3195;2521-9766,true,,
Agrociencia,2522-6509,true,,
Agrociencia Uruguay,2730-5066,true,,
Agroindustrial Science,2226-2989,true,,
Agronomía Costarricense,0377-9424;2215-2202,true,,
Agronomía Mesoamericana,1021-7444;2215-3608,true,,
Agropecuária Catarinense,0103-0779;2525-6076,true,,
Agrotecnia de Cuba,0568-3114;2414-4673,true,,
"Agua, saneamiento & ambiente",2222-2499;2224-9958,true,,
AIA Avances en investigación agropecuaria,2638-1716;2683-1716;0188-7890,true,,
AIBR. Asociación de Antropólogos Iberoamericanos en Red,1578-9705,true,,
Aiken Revista de Ciencias Sociales y de la Salud.,2796-7506;2796-7395,true,,
Aisthesis,0568-3939;0718-7181,true,,
Akadèmeia,0717-9936;0718-9397,true,,
Al-Andalus Magreb,1133-8571;2660-7697,true,,
Al-Basit,0212-8632;2695-6888,true,,
Al-Qantara. Revista de Estudios Árabes,0211-3589;1988-2955,true,,
Álabe. Revista de la red de universidades lectoras,0211-1446;2171-9624,true,,
Albores,2954-3878,true,,
Albuquerque,1983-9472;2526-7280,true,,
Alcances tecnológicos,1659-0538;2215-5481,true,,
Alejandría: revista de Historia y Arte,2952-1491,true,,
Alerta,2617-5274,true,,
Alfa,2664-0902,true,,
Alfa Publicaciones.,2773-7330,true,,
Algarrobo MEL,2344-9179,true,,
Alimentos Ciencia e Ingeniería,1390-2180;2737-6338,true,,
Allergologia et immunopathologia,0301-0546;1578-1267,true,,
Allpanchis,0252-8835;2708-8960,true,,
Almanack,2236-4633,true,,
Alpha,0716-4254;0718-2201,true,,
Alpha International Journal.,3091-1761,true,,
Alquipir,1698-0557;2792-4416,true,,
Alteridad,1390-8642;1390-325X,true,,
Alteridades,0188-7017;2448-850X,true,,
Alternancia,2710-0936,true,,
Alternativa Financiera,1819-5059;2707-7403,true,,
Alternativas en psicología,1405-339X;2007-5251,true,,
Alternativas. Cuadernos de Trabajo Social,1133-0473;1989-9971,true,,
Alternautas,2057-4924,true,,
Altre Modernità. Rivista di studi letterari e culturali,2035-7680,true,,
Amadeus International Multidisciplinary Journal,2525-8281,true,,
Amaltea. Revista de mitocritica,1989-1709,true,,
Amazônia,1980-5128;2317-5125,true,,
"Ambiente, comportamiento y sociedad",2709-829X,true,,
Ambientes,2674-6816,true,,
Ambigua,2386-8708,true,,
Ámbitos. Revista Internacional de Comunicación,1139-1979;1988-5733,true,,
América,0982-9237;2427-9048,true,,
América Crítica,2532-6724,true,,
América Latina en la historia económica,1405-2253;2007-3496,true,,
América Latina hoy,1130-2887;2340-4396,true,,
Amerika,2107-0806,true,,
Amnis,1764-7193,true,,
Anacronismo e irrupción,2250-4982,true,,
Añada,2695-8643;2695-8481,true,,
Anais do Museu Paulista,0101-4714;1982-0267,true,,
Analecta malacitana,0211-934X;1697-4239,true,,
Analecta veterinaria,0365-5148;1514-2590,true,,
Anales,0075-7411;2591-6386,true,,
Anales (Asociación Física Argentina),0327-358X;1850-1168,true,,
Anales Cervantinos,0569-9878;1988-8325,true,,
Anales Científicos,0255-0407;2519-7398,true,,
Anales de antropología,0185-1225;2448-6221,true,,
Anales de arqueología y etnología,0325-0288;2591-3093,true,,
Anales de biología,1138-3399;1989-2128,true,,
Anales de derecho,1989-5992;0210-539X,true,,
Anales de documentación,1575-2437;1697-7904,true,,
Anales de Edificación,2444-1309,true,,
Anales de geografía de la Universidad Complutense,0211-9803;1988-2378,true,,
"Anales de historia antigua, medieval y moderna.",1514-9927;1853-1555,true,,
Anales de historia del arte,0214-6452;1988-2491,true,,
Anales de investigación en arquitectura,2301-1505;2301-1513,true,,
Anales de la Academia de Ciencias de Cuba,2304-0106,true,,
Anales de la Facultad de Medicina,1025-5583;1609-9419,true,,
Anales de la Facultad de Medicina,2301-1254;0365-2297,true,,
Anales de la Real Academia Nacional de Farmacia,1697-4271;1697-428X,true,,
Anales de la Universidad de Alicante. Historia medieval,0212-2480;2695-9747,true,,
Anales de Lingüística.,0325-3597;2684-0669,true,,
Anales de literatura española,0212-5889;2695-4257,true,,
Anales de psicología,0212-9728;1695-2294,true,,
Anales de teología ( En línea),0717-4152;2735-6345,true,,
Anales del Instituto de Actuarios Españoles,0534-3232;2531-2308,true,,
Anales del Instituto de Arte Americano e Investigaciones Estéticas Mario J. Buschiazzo,0328-9796;2362-2024,true,,
Anales del Instituto de Investigaciones Estéticas. UNAM,0185-1276;1870-3062,true,,
Anales del Instituto de la Patagonia,0718-6932;0718-686X,true,,
Anales del Jardín Botánico de Madrid,0211-1322;1988-3196,true,,
Anales del Seminario de Historia de la Filosofía,0211-2337;1988-2564,true,,
Anales del Sistema Sanitario de Navarra,1137-6627;2340-3527,true,,
Anales en gerontología,1659-0813;2215-4647,true,,
Análise psicológica,0870-8231;2182-2980,true,,
Anàlisi,0211-2175;2340-5236,true,,
Análisis,2386-8066,true,,
Análisis económico,0185-3937;2448-6655,true,,
Análisis filosófico,0326-1301;1851-9636,true,,
Analisis y modificacion de conducta,0211-7339;2173-6855,true,,
Analítica,2805-1815,true,,
Anamorphosis,2446-8088,true,,
Anaquel de estudios árabes,1130-3964;1988-2645,true,,
Anatomía Digital,2697-3391,true,,
Anclajes,0329-3807;1851-4669,true,,
Andamios,1870-0063;2594-1917,true,,
Andares: Revista de Derechos Humanos y de la Naturaleza.,2953-6782,true,,
Andean geology,0718-7106;0718-7092,true,,
Anduli,1696-0270;2340-4973,true,,
Angiología,0003-3170;1695-2987,true,,
Angiologia e cirurgia vascular,1646-706X;2183-0096,true,,
Aniki,2183-1750,true,,
Animal biodiversity and conservation,1578-665X;2014-928X,true,,
Ankulegi,1138-347X;2444-5703,true,,
Anos 90,0104-236X;1983-201X,true,,
Ansiedad y estrés,1134-7937;2174-0437,true,,
ANTEC,2521-8565;2616-681X,true,,
Anthropía,2076-0574,true,,
Antigua Matanza,2545-8701,true,,
Antiguedad y cristianismo,0214-7165;1989-6182,true,,
Antiguos jesuitas en Iberoamérica,2314-3908,true,,
Antíteses,1984-3356,true,,
Antrópica. Revista de Ciencias Sociales y Humanidades,2448-5241,true,,
Antropolítica: Revista Contemporânea de Antropologia,2179-7331;1414-7378,true,,
Antropológicas,0873-819X;2182-2913,true,,
Anuari de filologia. Antiqva e Mediaevalia,2014-1386,true,,
Anuari de filologia. Estudis de lingüística,2014-1408,true,,
Anuari de filologia. Literatures contemporànies,2014-1416,true,,
Anuari del conflicte social,2014-6760,true,,
Anuario,2215-2806;2215-2873,true,,
Anuario (Centro de Estudios Económicos de la Empresa y el Desarrollo),1852-5784;2545-8299,true,,
Anuário Antropológico,0102-4302;2357-738X,true,,
Anuario colombiano de historia social y de la cultura,0120-2456;2256-5647,true,,
Anuario da Facultade de Dereito da Universidade da Coruña,1138-039X;2530-6324,true,,
Anuario de arqueología.,1852-8554;2684-0138,true,,
Anuario de Derecho Municipal,1888-7392;2952-0266,true,,
Anuario de derechos humanos,0718-2058;0718-2279,true,,
Anuario de estudios americanos,0210-5810;1988-4273,true,,
Anuario de Estudios Centroamericanos,0377-7316;2215-4175,true,,
Anuario de estudios filológicos,0210-8178;2660-7301,true,,
Anuario de estudios medievales,0066-5061;1988-4230,true,,
Anuario de investigación de la comunicación CONEICC,2594-0880,true,,
Anuario de investigación en literatura infantil y juvenil,1578-6072;2660-7395,true,,
Anuario de la Escuela de Historia virtual,1666-5856;1853-7049,true,,
"Anuario de la Facultad de Derecho, Universidad de Extremadura",2695-7728;0213-988X,true,,
Anuario de letras modernas,0186-0526;2683-3352,true,,
Anuario de letras. Lingüística y filología,2448-6418;2448-8224,true,,
Anuario de psicología,0066-5126;1988-5253,true,,
Anuario de Psicología Jurídica,1133-0740;2174-0542,true,,
"Anuario del Centro de Estudios Históricos ""Profesor Carlos S. A. Segreti"".",1666-6836;2683-9164,true,,
Anuario del Departamento de Historia y Teoría del Arte,1130-5517;2530-3562,true,,
Anuario del Instituto de Historia Argentina,1668-950X;2314-257X,true,,
Anuario Digital,0327-215X;1853-8835,true,,
Anuário do Instituto de Geociências,0101-9759;1982-3908,true,,
"Anuario Electrónico de Estudios en Comunicación Social ""Disertaciones""",1856-9536,true,,
Anuario Escuela de Archivología,1852-6446,true,,
Anuario Histórico Ibérico. Anuário Histórico Ibérico,2720-5894;2956-414X,true,,
Anuario iberoamericano de derecho internacional penal,2346-3120,true,,
Anuario jurídico y económico escurialense,1133-3677;2340-3780,true,,
Anuario mexicano de derecho internacional,1870-4654;2448-7872,true,,
Anuario Musical,0211-3538;1988-4125,true,,
Anuario tarea,2362-6070;2469-0422,true,,
Anuario ThinkEPI,1886-6344;2564-8837,true,,
Anuario turismo y sociedad,0120-7555;2346-206X,true,,
ApareSER. Revista de Filosofía,2992-8621,true,,
Apertura,1665-6180;2007-1094,true,,
Ápice,2531-016X,true,,
Aporte Santiaguino,2070-836X;2616-9541,true,,
Aportes para la integración latinoamericana,1515-5390;2468-9912,true,,
Aposta. Revista de Ciencias Sociales,1696-7348,true,,
Applied Business and Management,2183-5594,true,,
Applied general topology,1576-9402;1989-4147,true,,
Applied sciences in dentistry,0719-5761,true,,
Aprendo con NooJ.,2718-8574,true,,
Apuntes Contables,1657-7175;2619-4899,true,,
Apuntes de bioética,2078-4457;2663-4910,true,,
Apuntes de economía y sociedad,2709-7005,true,,
Apuntes de psicología,0213-3334;1989-6441,true,,
Apuntes del Cenes,0120-3053;2256-5779,true,,
Apuntes universitarios,2225-7136;2304-0335,true,,
Apunts. Educació física i esports,1577-4015;2014-0983,true,,
AQUA-LAC,1688-2873;1688-2881,true,,
AquaTechnica,2737-6095,true,,
Aquichan,1657-5997;2027-5374,true,,
Ar@cne,1578-0007,true,,
Ara,1997-2520;2014-4458,true,,
Arandu-UTIC,2311-7559;2409-2401;2311-7759,true,,
Arbitraje,1888-5373;2603-9281,true,,
Árboles y rizomas,0719-9805,true,,
Arbor,0210-1963;1988-303X,true,,
Arcana Scientific Journal.,3121-2557,true,,
Arcanum.,3121-2735,true,,
Archipélies,2777-5909,true,,
"Architecture, Technology and Sustainability (ArTeS)",2953-6499,true,,
Archives of computational methods in engineering,1134-3060;1886-1784,true,,
"Archives on Food, Culture and Nutrition",3020-3635;3020-8734,true,,
Archivo español de arqueología,0066-6742;1988-3110,true,,
Archivo español de arte,0004-0428;1988-8511,true,,
Archivo médico de Camagüey,1025-0255,true,,
Archivo Teológico Granadino,0210-1629;2695-4397,true,,
Archivo Vallejo,2616-9894;2663-9254,true,,
Archivos de cardiología de México,1405-9940;1665-1731,true,,
Archivos de ciencias de la educación,0518-3669;2346-8866,true,,
Archivos de historia del movimiento obrero y la izquierda.,2313-9749;2683-9601,true,,
Archivos de medicina veterinaria,0301-732X;0717-6201,true,,
Archivos de neurociencias,0187-4705;2954-4122;1028-5938,true,,
Archivos de Pediatría del Uruguay,0004-0584;1688-1249,true,,
Archivos de prevención de riesgos laborales,1138-9672;1578-2549,true,,
Archivos de zootecnia,0004-0592;1885-4494,true,,
Archivos peruanos de cardiología y cirugía cardiovascular,2708-7212,true,,
Archivum,0570-7218;2341-1120,true,,
Área abierta,1578-8393,true,,
Área.,0328-1337;2591-5312,true,,
Areas. Revista de ciencias sociales,0211-6707;1989-6190,true,,
Arenal. Revista de historia de las mujeres,1134-6396;2792-1565,true,,
Areté,2443-4566,true,,
Argentinian Journal of Respiratory and Physical Therapy,2618-4095,true,,
Argonautas,1853-9092,true,,
Argos,1562-4072,true,,
Argumentos,1666-8979,true,,
Argumentos,2525-0469,true,,
Argumentos,1806-5627;2527-2551,true,,
Argumentos : Revista de Filosofia,1984-4247;1984-4255,true,,
Argumentos de razón técnica,1139-3327;2253-8151,true,,
Arkadin,1669-1563;2525-085X,true,,
Armiliar,2545-7888,true,,
arq.urb.,1984-5766,true,,
Arqueología,0327-5159;1853-8126,true,,
Arqueología de la arquitectura,1695-2731;1989-5313,true,,
Arqueología iberoamericana,1989-4104,true,,
Arqueología y sociedad,2810-8566;0254-8062,true,,
Arqueología y territorio medieval,2386-5423;1134-3184,true,,
Arquisur revista,1853-2365;2250-4206,true,,
Arquitecno,0328-0896;2683-9881,true,,
Arquitectura +,2518-2943,true,,
Arquitecturas del sur,0716-2677;0719-6466,true,,
Arquitek,2073-8811;2617-0892,true,,
Arquitextos,1819-2939;2706-8099,true,,
Arquivos de medicina,2183-2447,true,,
Arquivos de Zoologia,0066-7870;2176-7793,true,,
Arquivos Médicos dos Hospitais e da Faculdade de Ciências Médicas da Santa Casa de São Paulo,0101-6067;1809-3019,true,,
Arrancada,1729-3693;1810-5882,true,,
ARS,1678-5320;2178-0447,true,,
Ars & renovatio,2340-843X,true,,
Ars Bilduma,1989-9262,true,,
Ars Brevis,1136-3711;2339-9775,true,,
Ars iuris salmanticensis,2340-5155,true,,
Ars longa. Cuadernos de arte,1130-7099;2605-0439,true,,
Ars pharmaceutica,0004-2927;2340-9894,true,,
ArtCultura,2178-3845;1516-8603,true,,
Arte da Cena,2358-6060,true,,
Arte e investigación,1850-2334;2469-1488,true,,
Arte Imagen y Sonido,2954-4017,true,,
Arte nuevo,2297-2692,true,,
Arte y ciudad,2254-7673;2254-2930,true,,
Arte y Políticas de Identidad,1989-8452;1889-979X,true,,
Arte y sociedad. Revista de investigación,2174-7563,true,,
"Arte, diseño e ingeniería",2254-8319,true,,
"Arte, individuo y sociedad",1131-5598;1988-2408,true,,
Artefactos,1989-3612,true,,
Artescena,0719-7535,true,,
Artifara,1594-378X;2361-7365,true,,
Artificio,2992-7463,true,,
Artigrama,0213-1498;2444-3751,true,,
Artilugio.,2408-462X,true,,
Artis on,2183-7082,true,,
Artnodes,1695-5951,true,,
Arxiu,2952-0460;2951-9810,true,,
Arxiu d'etnografía de Catalunya,2014-3885;0212-0372,true,,
Arxius de Ciències Socials,2990-2266;2990-2258,true,,
Arxius de miscel·lània zoològica,1698-0476,true,,
"Arys. Antiguedad, religiones y sociedades",1575-166X;2173-6847,true,,
Asamblea,2951-665X,true,,
Asclepio,0210-4466;1988-3102,true,,
Asparkia. Investigacio feminista,1132-8231;2340-4795,true,,
Astrágalo. Cultura de la arquitectura y la ciudad,1134-3672;2469-0503,true,,
Astrolabio,1668-7515,true,,
Atalanta,2340-1176,true,,
Atek Na,1668-1479;2422-6726,true,,
Atenas Revista Científica Técnica y Tecnológica.,2953-6553,true,,
Atenea,0716-1840;0718-0462,true,,
Ateneo,1390-4396;2661-6971,true,,
Ateneo Leonés,2386-7035;2695-4540,true,,
Athenea Digital. Revista de Pensamiento e Investigación social,1578-8946,true,,
Atlantic Review of Economics,2174-3835,true,,
Atlantis. Revista de la Asociación española de estudios anglo-norteamericanos,0210-6124;1989-6840,true,,
Atlas Research Journal.,3121-2565,true,,
Atmósfera,0187-6236;2395-8812,true,,
AtoZ,2237-826X,true,,
Atrio. Revista de Historia del Arte,0214-8293;2659-5230,true,,
Augm Domus.,1852-2181,true,,
Aula abierta,0210-2773;2341-2313,true,,
Aula de encuentro,1137-8778;2341-4847,true,,
Aula Palma,1810-7524;2415-2218,true,,
Aula Revista de Humanidades y Ciencias Sociales,2636-2236;0254-7597,true,,
Aula. Revista de Pedagogía de la Universidad de Salamanca,0214-3402;2174-0925,true,,
Aura,2347-0135,true,,
Ausart,2340-9134,true,,
Auster,1514-0121;2346-8890,true,,
Austral comunicación,2313-9129;2313-9137,true,,
Austral journal of veterinary sciences,0719-8000;0719-8132,true,,
Autoctonía,0719-8213,true,,
AV notas,2529-8577,true,,
AvaCient,2594-018X;2992-8567,true,,
Avances,1794-4953;2619-6581,true,,
Avances,1562-3297,true,,
Avances de investigación,2393-6517,true,,
Avances de investigación en educación matemática,2254-4313,true,,
Avances del Cesor,1514-3899;2422-6580,true,,
Avances en Enfermería,0121-4500;2346-0261,true,,
Avances en psicología,1812-9536;2708-5007,true,,
Avances en Psicología Latinoamericana,1794-4724;2145-4515,true,,
Avances en supervisión educativa,1885-0286,true,,
Avances.,1667-927X;2718-6555,true,,
Avante-Revista de humanidades y ciencias sociales,0719-9740,true,,
Avatares de la comunicación y la cultura,1853-5925,true,,
Axioma,2550-6684;1390-6267,true,,
Aypate,3028-9432,true,,
Azafea. Revista de Filosofía,0213-3563;2444-7072,true,,
Azarbe. Revista Internacional de Trabajo Social y Bienestar,2254-9641;2255-4955,true,,
AZUR,2215-6089,true,,
Badebec,1853-9580,true,,
Baetica,0212-5099;2695-7809,true,,
BAG Journal of basic applied genetics,1666-0390;1852-6233,true,,
Bajo palabra,1576-3935;1887-505X,true,,
BAR - Brazilian Administration Review,1807-7692,true,,
Barataria. Revista castellano-manchega de Ciencias sociales,1575-0825;2172-3184,true,,
Barcelona Research Art Creation,2014-8992,true,,
Barcelona respiratory network reviews,2385-7110,true,,
"Base, Diseño e Innovación",2452-5928;0719-515X,true,,
Bastcorp International Journal,3028-8797,true,,
Beckettiana,2683-9679,true,,
Behavior & law journal,2444-4170,true,,
Belas Infiéis,2316-6614,true,,
"Bellas Artes. Revista de Artes Plásticas, Estética, Diseño e Imagen",1695-761X;2530-8432,true,,
Bellaterra. Journal of teaching and learning laguage and literature,2013-6196,true,,
Benessere,0719-7764,true,,
BEPA. Boletim epidemiológico paulista,1806-423X;1806-4272,true,,
Biblio 3W. Revista Bibliográfica de Geografía y Ciencias Sociales,1138-9796,true,,
Bibliographica,2594-178X;2683-2232,true,,
Biblioteca de Babel,2695-6349,true,,
BiD. Textos universitaris de biblioteconomia i documentació,1575-5886,true,,
Bio Scientia,2664-5114;2664-5742,true,,
Bioagro,1316-3361;2521-9693,true,,
Biocenosis,0250-6963;1659-4991,true,,
Bioethics update,2395-938X;2448-7511,true,,
Biolex,2007-5634;2007-5545,true,,
Biología acuática.,0326-1638;1668-4869,true,,
Biological research,0716-9760;0717-6287,true,,
Bioquímica y patología clínica.,1515-6761;2684-0359,true,,
Biorrefinería,2602-8530,true,,
BioSCIENCE,2764-9342;2764-9350,true,,
Bioscience Journal,1516-3725;1981-3163,true,,
Biotech & engineering,2788-4295,true,,
Biotecnia,1665-1456,true,,
Biotempo,1992-2159;2519-5697,true,,
Bitácora arquitectura,1405-8901;2594-0856,true,,
Boletim Cearense de Educação e História da Matemática,2357-8661;2447-8504,true,,
Boletim IBCCRIM,1676-3661;2965-937X,true,,
Boletín - Instituto del mar del Perú,0458-7766;2810-868X,true,,
Boletín académico. Revista de investigación y arquitectura contemporanea,0213-3474;2173-6723,true,,
Boletín americanista,0520-4100;2014-993X,true,,
Boletín Científico CIOH,0120-0542;2215-9045,true,,
Boletín científico de la Escuela Superior Atotonilco de Tula,2007-7831,true,,
Boletín científico de las ciencias económico administrativas del ICEA,2007-4913,true,,
Boletín científico Ideas y Voces,2960-8112,true,,
Boletín Científico INVESTIGIUM de la Escuela Superior de Tizayuca,2448-4830,true,,
Boletín científico tecnológico,0718-1191;2452-607X,true,,
Boletín criminológico,1137-2427;2254-2043,true,,
Boletín da Real Academia Galega,1576-8767;2605-1680,true,,
Boletín de Antropología,0120-2510;2390-027X,true,,
Boletín de Arte,2314-2502,true,,
Boletín de arte,0211-8483;2695-415X,true,,
Boletín de ciencias agropecuarias del ICAP,2448-5357,true,,
Boletín de Coyuntura,2528-7931;2600-5727,true,,
Boletín de estética,1668-7132;2408-4417,true,,
Boletín de estudios geográficos,0374-6186;2525-1813,true,,
Boletín de la Academia Nacional de Historia.,2773-7381,true,,
Boletín de la Academia Peruana de la Lengua,0567-6002;2708-2644,true,,
Boletín de la Asociación de Geógrafos Españoles,0212-9426;2605-3322,true,,
Boletín de la Asociación Internacional de Derecho Cooperativo,1134-993X;2386-4893,true,,
Boletín de la Biblioteca Menéndez Pelayo,0006-1646;2952-184X,true,,
Boletín de la Sociedad Argentina de Botánica,0373-580X;1851-2372,true,,
Boletín de la Sociedad Española de Cerámica y Vidrio,0366-3175;2173-0431,true,,
Boletín de la Sociedad Española de Historiografía Lingüística,1695-2030;2386-5830,true,,
Boletín de la Sociedad Zoológica del Uruguay,0255-4402;2393-6940,true,,
Boletín de Literatura Comparada.,0325-3775;2683-8397,true,,
Boletín de literatura oral,2173-0695,true,,
Boletín del Instituto de Historia Argentina y Americana Dr. Emilio Ravignani,0524-9767;1850-2563,true,,
Boletín del Museo Arqueológico Nacional,0212-5544;2341-3409,true,,
Boletín epidemiológico semanal,2173-9277,true,,
Boletín galego de literatura,0214-9117;2174-4025,true,,
Boletín GEC,1515-6117;2618-334X,true,,
Boletín geográfico,0326-1735;2313-903X,true,,
Boletín mexicano de derecho comparado,0041-8633;2448-4873,true,,
Boletín micológico,0716-114X;0719-3114,true,,
Boletín Redipe,2256-1536,true,,
Bolivian studies Journal,1074-2247;2156-5163,true,,
Bonplandia,0524-0476;1853-8460,true,,
Bordón,0210-5934;2340-6577,true,,
Borealis,1893-3211,true,,
Bosques Latitud Cero,2528-7818;1390-3683,true,,
Botanica complutensis,0214-4565;1988-2874,true,,
Botanical sciences,2007-4298;2007-4476,true,,
Brazilian Journal of Biometrics,2764-5290,true,,
Brazilian Journal of Environmental Sciences,1808-4524;2176-9478,true,,
Brazilian Journal of Forensic Sciences,2237-261X,true,,
Brazilian Journal of Information Science,1981-1640,true,,
Brazilian Journal of Motor Behavior,1980-5586;2446-4902,true,,
Brazilian Journal of Oncology,2526-8732,true,,
Brazilian Journal of Transplantation,2764-1589,true,,
Brazilian Journal of Veterinary Medicine,0100-2430;2527-2179,true,,
Brazilian Political Science Review,1981-3821,true,,
Brésil(s),2257-0543;2425-231X,true,,
Bridging cultures,2525-1791,true,,
Brumal,2014-7910,true,,
BSAA arte,1888-9751;2530-6359,true,,
Buen gobierno,1870-4271;2683-1643,true,,
Building & Management,2530-8157,true,,
Bulletin de l'Institut Français d'Etudes Andines,0303-7495;2076-5827,true,,
Bulletin of Hispanic studies,1475-3839;1478-3398,true,,
Bulletin of Spanish studies,1475-3820;1478-3428,true,,
Business research quarterly,2340-9436;2340-9444,true,,
Butlletí de la Societat Catalana d'Estudis Històrics,0213-6791;2013-3995,true,,
Byzantion nea hellás,0716-2138;0718-8471,true,,
C.I.R.I.E.C. España,0213-8093;1989-6816,true,,
C&T Riqchary,2810-8124,true,,
C3-bioeconomy,2660-9126,true,,
Cabás,1989-5909,true,,
Caderno de Ciências Agrárias,1984-6738;2447-6218,true,,
Caderno de Educação Física e Esporte,2318-5090;2318-5104,true,,
Cadernos Brasileiros de Terapia Ocupacional,2526-8910,true,,
Cadernos CEPEC,2238-118X;2966-1110,true,,
Cadernos de dereito actual,2340-860X;2386-5229,true,,
Cadernos de Filosofia Alemã,1413-7860;2318-9800,true,,
Cadernos de Linguística,2675-4916,true,,
Cadernos de literatura comparada,1645-1112;2183-2242,true,,
Cadernos de Pesquisa,0100-1574;1980-5314,true,,
Cadernos de Pós Graduação em Arquitetura e Urbanismo,1676-6679;1809-4120,true,,
Cadernos de Psicologia Social do Trabalho,1516-3717;1981-0490,true,,
Cadernos de Saúde,1647-0559;2795-4358,true,,
Cadernos de Tradução,1414-526X;2175-7968,true,,
Cadernos do arquivo municipal,0873-9870;2183-3176,true,,
Cadernos do FNDE,2675-1925,true,,
Cadernos EBAPE.BR,1679-3951,true,,
Cadernos Ibero-Americanos de Direito Sanitário,2317-8396;2358-1824,true,,
CAFI,2595-1750,true,,
Cahiers d’Études des Cultures Ibériques et Latino-américaines,2428-7425;2428-7245,true,,
Cahiers de civilisation espagnole contemporaine,1957-7761,true,,
Cahiers des amériques latines,1141-7161;2268-4247,true,,
Caiana,2313-9242,true,,
Cálamo: Revista de Estudios Jurídicos,2737-6133;1390-8863,true,,
Calamus,2545-627X,true,,
Caleidoscopi,2992-7846,true,,
Caleidoscopio,1405-7107;2395-9576,true,,
Calidad de vida y salud,1850-6216,true,,
Calidoscópio,2177-6202,true,,
Calle 14,2011-3757;2145-0706,true,,
Cambios y Permanencias,2027-5528,true,,
Caminhos da Educação,2675-1496,true,,
Caminhos de Geografia,1678-6343,true,,
Caminos de Investigación,2697-3561,true,,
Campo Universitario.,2718-6121,true,,
Campus,1812-6049;2523-1820,true,,
Canada and Beyond,2254-1179,true,,
Canadian journal of Latin American and Caribbean studies.,0826-3663;2333-1461,true,,
Canal abierto,0718-2368;2452-5898,true,,
Canoa do Tempo,1982-0755;2594-8148,true,,
CAP Jurídica Central,2600-6014,true,,
Capic review,0718-4654;0718-4662,true,,
Caplletra,0214-8188;2386-7159,true,,
Caracol,2178-1702;2317-9651,true,,
Carácter,1390-7662;2602-8476,true,,
Caravelle (1988),1147-6753;2272-9828,true,,
Cardinalis,2346-8734,true,,
Carl-Schmitt-Studien,2566-8072,true,,
Carta económica regional,0187-7674;2683-2852,true,,
Carta Internacional,2526-9038,true,,
Cartaphilus,1887-5238,true,,
Carthaginensia,0213-4381;2605-3012,true,,
Cartografías del sur,2422-6920;2422-7951,true,,
Castalia,0717-4985;0719-8051,true,,
"Castilla, Estudios de literatura",1989-7383,true,,
Casus Belli,2718-7608,true,,
Catalan Journal of Linguistics,1695-6885;2014-9719,true,,
Catalejos,2525-0493,true,,
Catalonia,1760-6659,true,,
Cátedra,2523-0115;2415-2358,true,,
Cátedra paralela,1669-8843;2683-9393,true,,
Catedra Villarreal,2310-4767;2311-2212,true,,
Cátedra Villarreal Posgrado,2955-8174;2955-8476,true,,
Catedral tomada,2169-0847,true,,
Cauriensia,1886-4945;2340-4256,true,,
CEDAMAZ,1390-5902;1390-5880,true,,
"CEFLEGAL, Comentarios, casos prácticos",2697-1631;2697-2239;2531-2146,true,,
CEIBA,0008-8692;2225-6687,true,,
CELEHIS,0328-5766;2313-9463,true,,
Celestinesca,0147-3085;2695-7183,true,,
CEM,2182-1097;2182-9748,true,,
Centro Sur,2600-5743,true,,
Centros,2953-3007,true,,
Centrosur,2706-6800,true,,
Chakiñan. Revista de Ciencias Sociales y Humanidades,2550-6722,true,,
Chihuahua hoy,2448-8259;2448-7759,true,,
Chilean journal of agricultural & animal sciences,0719-3882;0719-3890,true,,
Chilean journal of agricultural research,0718-5820;0718-5839,true,,
Chone Ciencia y Tecnología,2960-8228,true,,
Chornancap,2961-2926,true,,
Chronica nova,0210-9611;2445-1908,true,,
Chungará,0716-1182;0717-7356,true,,
Cibum scientia,2791-1217,true,,
CIC. Cuadernos de información y comunicación,1135-7991;1988-4001,true,,
"Ciclos en la historia, la economía y la sociedad",0327-4063;1851-3735,true,,
"Cidades, comunidades e território",1645-0639;2182-3030,true,,
Ciencia,2697-343X,true,,
Ciencia & Desarrollo,2304-8891;2617-6033,true,,
Ciencia & Salud,2215-4949,true,,
CIENCIA & TURISMO.,3028-8665,true,,
Ciencia Agropecuaria,2414-3278,true,,
Ciencia Digital,2602-8085,true,,
Ciencia e ingeniería,2389-9484,true,,
Ciencia e Interculturalidad,1997-9231;2223-6260,true,,
Ciencia e investigación,1561-0861;1609-9044,true,,
Ciencia ergo sum,1405-0269;2395-8782,true,,
Ciencia médica,1817-7433;2220-2234,true,,
Ciencia nor@ndina,2663-6360,true,,
Ciencia UNEMI,1390-4272;2528-7737,true,,
Ciencia veterinaria,1515-1883;1853-8495,true,,
Ciencia y Actividad Física,2412-3226,true,,
Ciencia y Deporte,2223-1773,true,,
Ciencia y Desarrollo,1994-7224;2409-2045,true,,
Ciencia y Educación,2790-8402,true,,
Ciencia y educación,2613-8808;2613-8794,true,,
Ciencia y psique,2961-2004,true,,
Ciencia y Salud,2613-8824;2613-8816,true,,
Ciencia y sociedad,2613-8751;0378-7680,true,,
Ciencia y Tecnología,1390-4043,true,,
Ciencia y Tecnología Agropecuaria,1900-0863,true,,
Ciencia y Tecnología Agropecuaria,0122-8706;2500-5308,true,,
Ciencia yTecnología,2070-089X;2709-3913,true,,
"Ciencia, docencia y tecnología",0327-5566;1851-1716,true,,
"Ciencia, Economía y Negocios",2613-876X;2613-8778,true,,
"Ciencia, Humanidad y Cultura",2790-6167,true,,
"Ciencia, Ingenierías y Aplicaciones",2636-2171;2636-218X,true,,
"Ciencia, tecnología y política",2618-2483;2618-3188,true,,
"Ciencia, tecnología y salud",2409-3459;2410-6356,true,,
Cienciamatria,2542-3029;2610-802X,true,,
CienciAmérica: Revista de divulgación científica de la Universidad Tecnológica Indoamérica,1390-9592,true,,
Ciencias administrativas,0009-6784;2314-3738,true,,
Ciencias administrativas. Teoría y praxis,2683-1457;2683-1465,true,,
Ciencias de la actividad física,0717-408X;0719-4013,true,,
Ciencias económicas,1666-8359;2362-552X,true,,
Ciencias espaciales,2521-5868;2225-5249,true,,
Ciencias Holguín,1027-2127,true,,
Ciencias marinas,0185-3880;2395-9053,true,,
Ciencias psicológicas,1688-4094;1688-4221,true,,
Ciencias sociales y humanidades,2409-3475;2410-6291,true,,
Ciencias veterinarias.,2215-4507;0250-5649,true,,
Ciencias y Saberes (Saquisilí).,2960-8430,true,,
CienciaUAT(En línea),2007-7521;2007-7858,true,,
Ciències,1699-6712,true,,
Científica,1665-0654;2594-2921,true,,
Cimexus,1870-6479;2007-9206,true,,
Cinta de moebio,0717-554X,true,,
Circe de clásicos y modernos,1514-3333;1851-1724,true,,
CIRIEC España. Revista jurídica de economía social y cooperativa,1577-4430;1989-7332,true,,
Cirugía andaluza,1130-3212;2695-3811,true,,
Cirugía del Uruguay,0009-7381;1688-1281,true,,
CISTEI Revista Internacional de Salud y Tecnología,2997-7061,true,,
"Citius, altius, fortius",1888-6744;2340-9886,true,,
"Ciudad y territorio, estudios territoriales",1133-4762;2659-3254,true,,
Ciudadanías.,2545-7969;2545-7977,true,,
Ciudades,1133-6579;2445-3943,true,,
Civilizar,1657-8953;2619-189X,true,,
Civitas. Revista española de derecho financiero,0210-8453;2695-7493,true,,
Clang,2524-9215,true,,
Claridades,1989-3787,true,,
Claroscuro,1666-1842;2314-0542,true,,
Classica,0103-4316;2176-6436,true,,
Claves,2393-6584,true,,
CLEI Electronic Journal,0717-5000,true,,
Clepsidra,2362-2075,true,,
Clepsydra. Revista de estudios del género y teoría feminista,1579-7902;2530-8424,true,,
Clina,2444-1961,true,,
Clínica Contemporánea,1989-9912,true,,
Clínica y salud,1130-5274;2174-0550,true,,
Clinical innovations in health research-HJM,2938-6586,true,,
Clío,1139-6237,true,,
Clio,0102-4736;2525-5649,true,,
Clio América,1909-941X;2389-7848,true,,
Clío y asociados,0328-820X;2362-3063,true,,
Cliocanarias,2695-4494,true,,
Clivajes. Revista de Ciencias Sociales,2395-9495,true,,
Clivatge,2014-6590,true,,
Coaching and Sport Science Review,1812-2302;2225-4757,true,,
Código Científico Revista de Investigación,2806-5697,true,,
Cogitare Enfermagem,1414-8536;2176-9133,true,,
Cognopolis. Revista de educación y pedagogía.,3073-1240,true,,
Collectanea Botanica,0010-0730;1989-1067,true,,
Collectanea mathematica,0010-0757;2038-4815,true,,
Colloquia: Revista de pensamiento y cultura,1390-8731,true,,
Colombia forestal,0120-0739;2256-201X,true,,
Colombia Internacional,0121-5612;1900-6004,true,,
Colombia médica,0120-8322;1657-9534,true,,
Colombian Applied Linguistics Journal,0123-4641;2248-7085,true,,
Colonial Latin American review,1060-9164;1466-1802,true,,
Comechingonia.,0326-7911;2250-7728,true,,
Comentario Internacional,1390-1532;2631-2549,true,,
Comhumanitas: Revista Científica de Comunicación,1390-776X,true,,
Comillas journal of international relations,2386-5776,true,,
Communiars,2603-6681,true,,
Communication & Society,2386-7876,true,,
Communication Papers,2014-6752,true,,
Comparative Cultural Studies,2531-9884,true,,
Compàs d'amalgama,2696-0982;2696-1008,true,,
Compendio de ciencias veterinarias,2225-5214;2226-1761,true,,
Compendium,1317-6099;2477-9725,true,,
Compendium: Cuadernos de Economía y Administración,1390-9894,true,,
Compendium: Journal of Comparative Studies,2975-8025,true,,
Complutense journal of English studies,2386-6624;2386-3935,true,,
Complutum,1988-2327,true,,
Comprendre,1139-9759;2385-5002,true,,
Compromiso Social,2707-1138,true,,
Computación y sistemas,1405-5546;2007-9737,true,,
Comunicação & Educação,0104-6829;2316-9125;1809-1512,true,,
Comunicação e Sociedade,1645-2089;2183-3575,true,,
"Comunicação, Mídia e Consumo",1806-4981;1983-7070,true,,
Comunicació,2014-0444,true,,
Comunicación,0120-1166;2390-0075,true,,
Comunicación,1695-6206;1989-600X,true,,
Comunicación,0379-3974;1659-3820,true,,
Comunicación y género,2605-1982,true,,
Comunicación y hombre,1885-365X;1885-9542,true,,
Comunicación y medios,0716-3991;0719-1529,true,,
Comunicación y sociedad,0188-252X;2448-9042,true,,
Comunitania. Revista Internacional de Trabajo Social y Ciencias Sociales,2173-0512;2173-0520,true,,
Con A de animación,2173-3511,true,,
Con X,2469-0333,true,,
Conceptos históricos,2451-7925,true,,
Conciencia Digital,2600-5859,true,,
ConCiencia EPG,2517-9896;2523-6687,true,,
ConCienciaSocial,2591-5339,true,,
Concordia,3006-9912,true,,
Conecta Libertad,2661-6904,true,,
Conectividad,2806-5875,true,,
Conexión,2305-7467;2413-5437,true,,
Conexões,1982-176X;2176-0144,true,,
Confabulaciones,2545-8736,true,,
Confins,1958-9212,true,,
Conflicto social,1852-2262,true,,
Confluencia de Saberes.,2683-989X,true,,
Confluenze. Rivista di Studi Iberoamericani,2036-0967,true,,
Conhecer,2238-0426,true,,
Conjeturas Sociológicas,2313-013X,true,,
Conjuntura Austral,2178-8839,true,,
Connotas. Revista de crítica y teoría literarias,1870-6630;2448-6019,true,,
"Conocimiento, Investigación y Educación",2539-5289,true,,
Conrado,1990-8644,true,,
Conservar Património,1646-043X;2182-9942,true,,
Constelaciones,2340-177X;2531-1360,true,,
Constelaciones. Revista de Teoría Crítica,2172-9506,true,,
Constructos Criminológicos,2954-5234,true,,
Consumer Behavior Review,2526-7884,true,,
Contabilidad y auditoría,1515-2340;1852-446X,true,,
"Contabilidad y tributación, CEF",2695-6896;2792-8306,true,,
"Contabilidade, Gestão e Governança",1984-3925,true,,
Contaduría y administración,0186-1042;2448-8410,true,,
Contemporánea,1688-7638;1688-9746,true,,
Contextes et didactiques,2551-6116,true,,
Contextos de educación,1514-2655;2314-3932,true,,
Contextos educativos,1695-5714;1575-023X,true,,
Contextus,1678-2089;2178-9258,true,,
Contrastes. Revista internacional de Filosofía,1136-4076;2659-921X,true,,
Contratexto,1025-9945;1993-4904,true,,
Contribuciones desde Coatepec,1870-0365;3122-3877,true,,
Convergencia,1405-1435;2448-5799,true,,
Convergência Lusíada,2316-6134,true,,
Convergências - Revista de investigação e ensino das artes,1646-9054;2184-0180,true,,
Conversas & Controvérsias,2178-5694,true,,
Cooperativismo y desarrollo,0120-7180;2310-340X,true,,
Córima revista de investigación en gestión cultural,2448-7694,true,,
Corpo Grafías Estudios críticos de y desde los cuerpos,2390-0288;2590-9398,true,,
Correo científico médico,2708-5481,true,,
Correspondencias & Análisis,2224-235X;2304-2265,true,,
Costos y gestión,0327-5345;2545-8329,true,,
CPA Panamá,2953-3147,true,,
CPU-e. Revista de Investigación Educativa,1870-5308,true,,
Creneida,2340-8960,true,,
Crítica,0011-1503;1870-4905,true,,
Crítica y resistencias,2525-0841,true,,
Criticón,0247-381X;2272-9852,true,,
Crónicas científicas,2215-4264;2215-5171,true,,
Cuaderno de enfermería. Revista científica.,3073-1208,true,,
Cuaderno de notas,1138-1590;2386-8376,true,,
Cuaderno de odontología. Revista científica.,3073-1267,true,,
Cuaderno de pedagogía universitaria,1814-4144;1814-4152,true,,
Cuaderno de trabajo social,0717-9391;0718-946X,true,,
Cuaderno urbano,1666-6186;1853-3655,true,,
Cuadernos AISPI,2283-981X,true,,
Cuadernos CANELA,2189-9568;1344-9109,true,,
Cuadernos chilenos de historia de la educación,0719-3483;2810-627X,true,,
Cuadernos de administración,0120-4645;2256-5078,true,,
Cuadernos de análisis y debate sobre músicas latinoamericanas contemporáneas,2618-4583,true,,
Cuadernos de Antropología,1409-3138;2215-356X,true,,
Cuadernos de antropología social,0327-3776;1850-275X,true,,
Cuadernos de Arqueologia de la Universidad de Navarra,2387-1814;1133-1542,true,,
Cuadernos de arte de la Universidad de Granada,0210-962X;2445-4567,true,,
Cuadernos de bioética,1132-1989;2386-3773,true,,
Cuadernos de Coyuntura,2992-6564;2308-7900,true,,
Cuadernos de Derecho Privado,2792-825X,true,,
Cuadernos de derecho transnacional,1989-4570,true,,
Cuadernos de documentación multimedia,1575-9733;1133-3030,true,,
Cuadernos de economía crítica,2408-400X;2525-1538,true,,
Cuadernos de educación.,1515-3959;2344-9152,true,,
Cuadernos de Estudios Gallegos,0210-847X;1988-8333,true,,
Cuadernos de etnología y etnografía de Navarra,0590-1871;2530-5840,true,,
Cuadernos de extensión universitaria de la UNLPam.,2451-5930;2718-7500,true,,
Cuadernos de filologìa clásica. Estudios griegos e indoeuropeos,1131-9070;1988-2637,true,,
Cuadernos de filología clásica. Estudios latinos,1988-2343;1131-9062,true,,
Cuadernos de filología italiana,1988-2394;1133-9527,true,,
Cuadernos de geografía. Universidad de Valencia,0210-086X;2695-7965,true,,
Cuadernos de gestión,1131-6837;1988-2157,true,,
Cuadernos de gobierno y administración pública,2341-4839;1576-0529,true,,
Cuadernos de H ideas,1851-8206;2313-9048,true,,
Cuadernos de herpetología,0326-551X;1852-5768,true,,
Cuadernos de historia,0716-1832;0719-1243,true,,
Cuadernos de historia de España,0325-1195;1850-2717,true,,
Cuadernos de historia del arte,0070-1688;2618-5555,true,,
Cuadernos de historia del derecho,1133-7613;1988-2521,true,,
Cuadernos de historia moderna,0214-4018;1988-2475,true,,
Cuadernos de historia. Serie Economía y Sociedad,1514-5816;2422-7544,true,,
Cuadernos de humanidades,0327-8115;2683-782X,true,,
Cuadernos de ilustración y romanticismo,1132-8304;2173-0687,true,,
Cuadernos de Ingeniería,2545-692X;2545-7012,true,,
Cuadernos de investigación educativa,1510-2432;1688-9304,true,,
Cuadernos de investigación geográfica,1697-9540;0211-6820,true,,
Cuadernos de investigación histórica. Seminario Cisneros,0210-6272;2660-5880,true,,
Cuadernos de Investigación UNED,1659-441X;1659-4266,true,,
Cuadernos de Investigación Urbanística,1886-6654;2174-5099,true,,
Cuadernos de investigación. Serie Administración.,2683-9652,true,,
Cuadernos de la Facultad de Humanidades y Ciencias Sociales. Universidad Nacional de Jujuy,0327-1471;1668-8104,true,,
Cuadernos de lingüística de El Colegio de México,2007-736X,true,,
Cuadernos de Literatura.,0326-5102;2684-0499,true,,
Cuadernos de Marte,1852-7879;1852-9879,true,,
Cuadernos de Música Iberoamericana,1136-5536;2530-9900,true,,
Cuadernos de pensamiento,0214-0284;2660-6070,true,,
Cuadernos de política exterior Argentina,0326-7806;1852-7213,true,,
Cuadernos de prehistoria y arqueología,0211-1608;2530-3589,true,,
Cuadernos de prehistoria y arqueología de la Universidad de Granada,2174-8063;2659-9295,true,,
Cuadernos de proyectos arquitectónicos,2171-956X;2174-1131,true,,
Cuadernos de psicología del deporte,1578-8423;1989-5879,true,,
Cuadernos de relaciones laborales,1131-8635;1988-2572,true,,
Cuadernos de Sociología,2790-6159;2790-6264,true,,
Cuadernos de teología,0718-7068;0719-8175,true,,
Cuadernos de trabajo de la redWATERLAT-GOBACIT,2056-4864,true,,
Cuadernos de trabajo social,0214-0314;1988-8295,true,,
Cuadernos de turismo,1139-7861;1989-4635,true,,
Cuadernos del audiovisual,2952-6094;2952-6116,true,,
Cuadernos del CEMYR,1135-125X;2530-8378,true,,
Cuadernos del Centro de Estudios en Diseño y Comunicación. Ensayos,1668-0227;1853-3523,true,,
Cuadernos del CIESAL,0327-9634;1853-8827,true,,
Cuadernos del CILHA,1515-6125;1852-9615,true,,
Cuadernos del CIMBAGE,1666-5112;1669-1830,true,,
Cuadernos del CLAEH,0797-6062;2393-5979,true,,
Cuadernos del CURIHAM,1514-2906;2683-8168,true,,
Cuadernos del Instituto Antonio de Nebrija de Estudios sobre la Universidad,1139-6628;1988-8503,true,,
Cuadernos del Instituto Historia de la Lengua,1889-0709;2340-5260,true,,
Cuadernos del Instituto Nacional de Antropología y Pensamiento Latinoamericano.,0570-8346;2422-7749,true,,
Cuadernos del Sur.  Historia,1668-7604;2362-2997,true,,
Cuadernos del sur. Filosofía.,2362-2989,true,,
Cuadernos del sur. Letras.,1668-7426;2362-2970,true,,
Cuadernos Dieciochistas,1576-7914;2341-1902,true,,
Cuadernos do Laboratorio Xeolóxico de Laxe,0213-4497;2173-6936,true,,
Cuadernos económicos de ICE,0210-2633;2340-9037,true,,
Cuadernos electrónicos de filosofía del derecho,1138-9877,true,,
Cuadernos europeos de Deusto,1130-8354;2445-3587,true,,
Cuadernos geográficos,0210-5462;2340-0129,true,,
Cuadernos Inter.c.ambio sobre Centroamérica y el Caribe,1659-0139;1659-4940,true,,
Cuadernos jovellanistas,2386-4443;2695-9739,true,,
Cuadernos LIRICO,2262-8339,true,,
Cuadernos Literarios,1811-8283;2708-9983,true,,
Cuadernos Medievales,2422-7471;2451-6821,true,,
Cuadernos Nacionales,2644-4054,true,,
Cuadernos para la investigación de la literatura hispánica,0210-0061;2660-647X,true,,
Cuadernos universitarios,2250-7124;2250-7132,true,,
Cuadernos.info,0719-3661;0719-367X,true,,
Cuaternario y geomorfología,0214-1744;2695-8589,true,,
Cuba@: Medio Ambiente y Desarrollo,1683-8904,true,,
Cuban Journal of Agricultural Science,0864-0408;2079-3480,true,,
Cubo,0716-7776;0719-0646,true,,
Cuestión urbana.,2545-6881,true,,
Cuestiones constitucionales,1405-9193;2448-4881,true,,
Cuestiones de filosofía,0123-5095;2389-9441,true,,
Cuestiones de género: de la igualdad y la diferencia,1699-597X;2444-0221,true,,
Cuestiones de sociología,1668-1584;2346-8904,true,,
Cuestiones económicas,2477-9059;2697-3367,true,,
Cuestiones pedagógicas,0213-1269;2253-8275,true,,
Cuicuilco Revista de ciencias antropológicas,2448-8488;2448-9018,true,,
CuidArte,2395-8979,true,,
Cultura - hombre - sociedad,0716-1557;0719-2789,true,,
Cultura científica,1657-463X;2389-9638,true,,
Cultura de la República. Revista de Análisis Crítico,2530-8238,true,,
Cultura económica,1852-0588;1852-5342,true,,
Cultura y religión,0718-4727;0718-5472,true,,
Cultura y representaciones sociales,2007-8110,true,,
"Cultura, Ciencia y Deporte",1989-7413;1696-5043,true,,
"Cultura, Educación, Sociedad",2145-9258;2389-7724,true,,
"Cultura, lenguaje y representación",1697-7750;2340-4981,true,,
Culturales,1870-1191;2448-539X,true,,
Culturas,2386-7515,true,,
Culturas,1515-3738;2362-5538,true,,
Culture & History Digital Journal,2253-797X,true,,
Cumbres,1390-3365;1390-9541,true,,
Curae,2709-0019,true,,
Cuyo anuario de filosofía argentina y americana,1514-9935;1853-3175,true,,
Cuyonomics,2591-555X,true,,
D´Economía,2710-7744,true,,
Daimon. Revista internacional de filosofía,1130-0507;1989-4651,true,,
Darwiniana,0011-6793;1850-1699,true,,
DATEH,2773-7527,true,,
DATJournal,2526-1789,true,,
DavarLogos,1666-7832;1853-9106,true,,
"Daya: Diseño, arte y arquitectura",2550-6609;2588-0667,true,,
De Arte. Revista de Historia del Arte,1696-0319;2444-0256,true,,
De Computis,1886-1881,true,,
De medio aevo,2255-5889,true,,
De prácticas y discursos,2250-6942,true,,
Dearq,2011-3188;2215-969X,true,,
Debate feminista,0188-9478;2594-066X,true,,
Debate Jurídico Ecuador,2600-5549,true,,
Debates em Psiquiatria,2236-918X;2763-9037,true,,
Debates en sociología,0254-9220;2304-4284,true,,
Debates por la historia,2594-2956,true,,
Decumanus,2448-900X,true,,
Dedica,2182-0171;2182-018X,true,,
DÉKAMU AGROPEC,2709-3190;2709-3182,true,,
Del español,3020-2434,true,,
Del prudente saber y el máximo posible de sabor,1515-3576;2618-4141,true,,
Delectus,2663-1148,true,,
Delito y sociedad. Revista de Ciencias Sociales,0328-0101;2468-9963,true,,
Democracias,1390-826X;2737-6192,true,,
Denarius,2448-5403;1665-8221,true,,
DeporVida,1819-4028,true,,
DeRaíz diversa. Revista especializada en estudios latinoamericanos,2448-7996;2448-7988,true,,
Derecho & Debates.,3008-7511,true,,
Derecho & Sociedad,2079-3634;2521-599X,true,,
Derecho animal,2462-7518,true,,
"Derecho Crítico: Revista Jurídica, Ciencias Sociales y Políticas.",2953-6464,true,,
Derecho global. Estudios sobre derecho y justicia,2448-5128;2448-5136,true,,
Derecho laboral: Revista de doctrina. jurisprudencia e informaciones sociales,0797-2148;2730-4876,true,,
Derecho penal y criminología,0121-0483;2346-2108,true,,
Derecho privado y constitución,1133-8768;1989-5542,true,,
Derecho PUCP,0251-3420;2305-2546,true,,
Derecho y ciencias sociales,1852-2971,true,,
Dereito,1132-9947;2174-0690,true,,
Dermatología argentina,1515-8411;1669-1636,true,,
Desacatos,1607-050X;2448-5144,true,,
Desafíos,0124-4035;2145-5112,true,,
Desafíos,2307-6100;2706-9559,true,,
Desafíos del Desarrollo,2796-9967,true,,
Desarrollo económico,0046-001X;1853-8185,true,,
Desarrollo Gerencial,2145-5147,true,,
Desarrollo Regional (Encarnación),3005-6187,true,,
"Desarrollo, Estado y Espacio",2796-9606,true,,
Descentrada,2545-7284,true,,
Desde el Sur,2076-2674;2415-0959,true,,
Desde la Patagonia,1668-8848;2618-5385,true,,
Desenvolvimento e meio ambiente,1518-952X;2176-9109,true,,
Desenvolvimento e Sociedade. Revista Interdisciplinar em Ciências Sociais,2184-2647,true,,
Desidades,2318-9282,true,,
DeSigno,2542-3096,true,,
Deusto journal of human rights,2530-4275;2603-6002,true,,
Devenir,2312-7562;2616-4949,true,,
Devir Educação,2526-849X,true,,
Diá-logos,1996-1642;2958-9754,true,,
Diablotexto digital,2530-2337,true,,
Diagnóstico,1018-2888;2709-7951,true,,
Diagnóstico fácil empresarial finanzas auditoria contabilidad impuestos legal,2007-2147;2683-1481,true,,
Diagonal: An Ibero-American Music Review,2470-4199,true,,
Diálogo andino,0716-2278;0719-2681,true,,
Diálogo com a Economia Criativa,2525-2828,true,,
Diálogo das Letras,2316-1795,true,,
Diálogos,2789-2182;2520-5927,true,,
Diálogos,0012-2122;2693-9339,true,,
Diálogos,2215-3292;1409-469X,true,,
Diálogos de Campo,2683-2763,true,,
Diálogos pedagógicos,1667-2003;2524-9274,true,,
Diálogos sobre educación. Temas actuales en investigación educativa,2007-2171,true,,
Dialogus,2644-3996;2519-0083,true,,
Diánoia,0185-2450;1870-4913,true,,
Diarios del terruño. Reflexiones sobre migración y movilidad,2448-6876,true,,
Dicenda,0212-2952;1988-2556,true,,
Dicere,2954-369X,true,,
DICERE Revista de Derecho y Estudios Internacionales,3028-886X,true,,
DIDAC,0185-3872;2992-7358,true,,
Didáctica,1130-0531;1988-2548,true,,
Didáctica de las ciencias experimentales y sociales,0214-4379;2255-3835,true,,
Didáctica geográfica,0210-492X;2174-6451,true,,
Didáctica y Educación,2224-2643,true,,
Didacticae,2462-2737,true,,
Didácticas específicas,1989-5240,true,,
Diferencia(s),2469-1100,true,,
Diferents,2530-1330;2659-9252,true,,
Diffractions,2183-2188,true,,
Digital ciencia@uaqro,2395-8847,true,,
Digital education review,2013-9144,true,,
Dígitos,2444-0132,true,,
Dignitas,2605-2172,true,,
Díkê. Revista de la Facultad de derecho y ciencias sociales,2594-0708;1870-6924,true,,
Dilemas : Revista de Estudos de Conflito e Controle Social,1983-5922;2178-2792,true,,
"Dilemas contemporáneos: educación, política y valores",2007-7890,true,,
Dimensiones turísticas,2594-2069,true,,
Dios y el hombre,2618-2858,true,,
Dirāsāt Hispānicas,2286-5977,true,,
Direito & TI,2447-1097,true,,
Direitos Democráticos & Estado Moderno,2675-7648,true,,
Discursividades,2594-6269,true,,
Discurso & sociedad,1887-4606,true,,
Discursos del sur,2617-2283;2617-2291,true,,
Diseminaciones,2683-3298,true,,
Diseña,0718-8447;2452-4298,true,,
Disparidades,2659-6881,true,,
Dissertare. Revista de Investigación en Ciencias Sociales,2542-3177,true,,
Distopía y sociedad,2792-2901,true,,
Diversitas Journal,2525-5215,true,,
Diversitates,1984-5073,true,,
Divulgatio.,2591-3530,true,,
DIXIT,1688-3497;0797-3691,true,,
Docencia e investigación,1133-9926;2340-2725,true,,
Docere,2007-6487;2683-2526,true,,
Documentación de las ciencias de la información,0210-4210;1988-2890,true,,
Documentos de trabajo (Instituto Universitario de Investigación en Estudios Latinoamericanos (IELAT)),1989-8819,true,,
Documents d'anàlisi geogràfica,0212-1573;2014-4512,true,,
Domínios de Lingu@gem,1980-5799,true,,
Dos Algarves. A Multidisciplinary E-journal,0873-7347;2182-5580,true,,
Dossiers feministes,2340-4930;1139-1219,true,,
Doxa Comunicación,2386-3978;1696-019X,true,,
Doxa. Cuadernos de filosofía del derecho,0214-8676;2386-4702,true,,
Drassana,0214-2279;2385-3425,true,,
DRd - Revista Desenvolvimento Regional em Debate,2237-9029,true,,
Duazary,1794-5992;2389-783X,true,,
DYCSVICTORIA,2683-1821,true,,
Dyna,0012-7353;2346-2183,true,,
Dyna,0012-7361;1989-1490,true,,
Dyna management,2340-6585,true,,
Dyna. Energía y sostenibilidad,2254-2833,true,,
Dyna. New technologies,2386-8406,true,,
e-Agronegocios,2215-3462,true,,
E-Ciencias de la Información,1659-4142,true,,
E-Compós,1808-2599,true,,
E-motion,2341-1473,true,,
e-pública,1885-5628,true,,
e-Revista internacional de la protección social,2445-3269,true,,
E-RPH,1988-7213,true,,
e-RUA,2954-4149;2007-3992,true,,
E-TEALS,1647-712X,true,,
E+E,1852-0278;1853-8088,true,,
"e3 – Revista de Economia, Empresas e Empreendedores na CPLP",2183-380X;2183-7201,true,,
EASI: Ingeniería y Ciencias Aplicadas en la Industria.,2953-6634,true,,
ECA Sinergia,2528-7869;1390-6623,true,,
ECIPERÚ,1813-0194,true,,
Eclética Química,0100-4670;1678-4618,true,,
Eco matemático,1794-8231;2462-8794,true,,
ECOAgropecuaria. Revista Científica Ecológica Agropecuaria.,2953-6596,true,,
Ecofronteras,2007-4549;2448-8577,true,,
Economía,0254-4415;2304-4306,true,,
Economía agraría y recursos naturales,1578-0732;2174-7350,true,,
Economia Agro-alimentare,1126-1668;1972-4802,true,,
Economía creativa,2395-8200,true,,
Economía UNAM,1665-952X;2448-8143,true,,
Economía y Administración,2219-6722;2222-2707,true,,
Economía y negocios,2708-6062,true,,
Economía y Negocios,2602-8050,true,,
Economía y sociedad,1409-1070;2215-3403,true,,
"Economía, sociedad y territorio",1405-8421;2448-6183,true,,
Economía: teoría y práctica,0188-3380;2448-7481,true,,
Economic development and cultural change,0013-0079;1539-2988,true,,
Económica,0013-0419;1852-1649,true,,
Economics and business letters,2254-4380,true,,
EconoQuantum,1870-6622;2007-9869,true,,
Ecos,2676-0797;2310-0680,true,,
ECOS,2697-2913,true,,
Ecos de la Academia,1390-969X;2550-6889,true,,
Ecos.,2718-6199,true,,
Ecosistemas,1697-2473,true,,
Ecosistemas y recursos agropecuarios,2007-901X;2007-9028,true,,
Ecuador es Calidad: Revista Científica Ecuatoriana,2528-7850,true,,
Ecuadorian Science Journal,2602-8077,true,,
Edad de oro,0212-0429;2605-3314,true,,
Edad Media,1138-9621;2530-6448,true,,
Edähi boletín científico de ciencias sociales y humanidades del ICSHU,2007-4581,true,,
Edetania,0214-8560;2603-5944,true,,
Edmetic,2254-0059,true,,
Educa,2359-2087,true,,
Educa,2183-4857;2183-5136,true,,
Educação & Formação,2448-3583,true,,
Educação & Realidade,0100-3143;2175-6236,true,,
Educação e Pesquisa,1517-9702;1678-4634,true,,
Educação em Análise,2448-0320,true,,
Educação Matemática Debate,2526-6136,true,,
Educação Por Escrito,2179-8435,true,,
Educació i història,1134-0258;2013-9632,true,,
Educación,1019-9403;2304-4322,true,,
Educación,1813-3363;2708-5074,true,,
Educación artística,1695-8403;2254-7592,true,,
Educación en la química,0327-3504;2344-9683,true,,
Educación física y ciencia,1514-0105;2314-2561,true,,
"Educación física, experiencias e investigaciones",1852-9372,true,,
Educación matemática,0187-8298;2448-8089,true,,
Educación química,0187-893X;1870-8404,true,,
Educación superior,2071-1271;2636-2163,true,,
Educación XX1,1139-613X;2174-5374,true,,
Educación y ciencia,0188-3364;2448-525X,true,,
Educación y Ciudad,0123-0425;2357-6286,true,,
Educación y Humanismo,0124-2121;2665-2420,true,,
Educación y salud boletín científico Instituto de Ciencias de la Salud Universidad Autónoma del Estado de Hidalgo.,2007-4573,true,,
Educación y Sociedad,1811-9034,true,,
Educación y vínculos,2591-6327,true,,
"EDUCACIÓN, ARTE Y COMUNICACIÓN: Revista académica, investigativa y cultural.",2602-8174;1390-9029,true,,
"Educación, lenguaje y sociedad",2545-7667;1668-4753,true,,
EducaMuseo,2953-4283,true,,
Educando para educar,2007-1469;2683-1953,true,,
Educar,0211-819X;2014-8801,true,,
Educar em Revista,0104-4060;1984-0411,true,,
Educare,1316-6212;2244-7296,true,,
Educare,1409-4258,true,,
Educare et comunicare,2312-9018,true,,
Educateconciencia,2007-6347;2683-2836,true,,
Educatio siglo XXI,1699-2105;1989-466X,true,,
Education in the knowledge society,2444-8729,true,,
Education policy analysis archives,1068-2341,true,,
Educationis Momentum,2517-9853,true,,
Educitec,2446-774X,true,,
Edumecentro,2077-2874,true,,
Eduser,2412-2769,true,,
Edutec. Revista electrónica de tecnología educativa,1135-9250,true,,
EGA,1133-6137;2254-6103,true,,
Egan,0422-7328;2794-0454,true,,
Egitania Sciencia,1646-8848;2975-9064,true,,
Ehquidad,2386-4915,true,,
EÍDOS,1390-5007,true,,
Eikón Imago,2254-8718,true,,
Eirene estudios de paz y conflictos,2594-2883,true,,
Ejes de economía y sociedad,2591-4669,true,,
Ekonomiaz,0213-3865;2340-4051,true,,
Ektenos,2710-7477,true,,
El Argonauta español,1765-2901,true,,
El cálculo y su enseñanza,2007-4093;2007-4107,true,,
El cardo,1514-7347;1851-1562,true,,
El Faro.,3008-8437,true,,
El Futuro del Pasado. Revista electrónica de Historia,1989-9289,true,,
El Guiniguada,0213-0610;2386-3374,true,,
El hilo de la fábula,1667-7900;2362-5651,true,,
El hornero,0073-3407;1850-4884,true,,
El jardín de los poetas,2469-2131,true,,
El matadero,2683-9687,true,,
El Notario del siglo XXI,1885-009X;2444-4421,true,,
El oído pensante,2250-7116,true,,
El ojo que piensa. Revista de cine iberoamericano,2007-4999,true,,
El Ornitorrinco Tachado,2448-6930;2448-6949,true,,
El palma de la Juventud,2789-0813,true,,
El Peldaño,1666-9460;3008-7562,true,,
El periplo sustentable,1870-9036,true,,
El Pez y la Flecha. Revista de Investigaciones Literarias,2954-3843,true,,
El taco en la brea,2362-4191,true,,
El Trimestre económico,0041-3011;2448-718X,true,,
Elecciones,1994-5272;1995-6290,true,,
Electronic journal of research in educational psychology,1696-2095,true,,
Élenkhos,2393-6819;2730-5236,true,,
Eletrônica de Potência,1414-8862;1984-557X,true,,
Elia,1576-5059;2253-8283,true,,
Elos,2386-7620,true,,
Em Questão,2447-5750;1808-5245;1807-8893,true,,
Em Tese,1806-5023,true,,
Emancipação,1519-7611;1982-7814,true,,
Eme,2253-6337;2341-3018,true,,
Emerging Trends in Education,2594-2840,true,,
Emerita. Revista de Lingüística y Filología Clásica,0013-6662;1988-8384,true,,
Empiria. Revista de metodología de ciencias sociales,2174-0682;1139-5737,true,,
En la España medieval,0214-3038;1988-2971,true,,
En la otra isla,2796-9924,true,,
En las Fronteras del Derecho,2735-7236,true,,
En letra derecho penal,2469-0864,true,,
En líneas generales,2616-6658,true,,
En-claves del pensamiento,1870-879X;2594-1100,true,,
Encartes,2594-2999,true,,
Encontros Bibli,1518-2924,true,,
Encounters in theory and history of education,2560-8371,true,,
Encrucijada. Revista electrónica del Centro de Estudios en Administración Pública,2007-1949,true,,
Encuentro educativo,2718-8035,true,,
Encuentros,2343-6131;2610-8046,true,,
Encuentros latinoamericanos,1688-437X,true,,
Encuentros uruguayos,1688-5236,true,,
Endoxa,1133-5351;2174-5676,true,,
Energías Renovables y Medio Ambiente,0328-932X;2684-0073,true,,
ENERLAC. Revista de Energía de Latinoamérica y el Caribe,2602-8042;2631-2522,true,,
Enfermería,1688-8375;2393-6606,true,,
Enfermería Actual en Costa Rica,1409-4568,true,,
Enfermería cuidándote,2695-9364,true,,
Enfermeria Dermatológica,1888-3109;2386-4818,true,,
Enfermería Investiga,2550-6692,true,,
Enfermería Nefrológica,2254-2884;2255-3517,true,,
Enfermería universitaria,1665-7063;2395-8421,true,,
Enfoque,1816-2398;2644-3759,true,,
Enfoque UTE,1390-6542,true,,
Enfoques,2616-8219,true,,
Enfoques Transdisciplinarios: Ciencia y Sociedad,3061-709X,true,,
Enfoques.,1514-6006;1669-2721,true,,
ENIAC Pesquisa,2316-2341,true,,
Enlightening tourism,2174-548X,true,,
Enrahonar,0211-402X;2014-881X,true,,
Ensaio,0104-4036;1809-4465,true,,
Ensaios de Geografia,2316-8544,true,,
Ensambles,2422-5444;2422-5541,true,,
Ensayo,2413-9726;2710-2947,true,,
Ensayos,0214-4824;2171-9098,true,,
Ensayos de política económica,2313-9781;2313-979X,true,,
Ensayos económicos.,0325-3937;1850-6046,true,,
Ensayos pedagógicos,1659-0104;2215-3330,true,,
Ensayos. Revista de economía,2448-8402;1870-221X,true,,
Enseñanza de las Ciencias Sociales,1579-2617;2014-7694,true,,
Enseñanza de las Ciencias. Revista de Investigación y Experiencias Didácticas,0212-4521;2174-6486,true,,
Entorno,2071-8748;2218-3345,true,,
Entre ciencia e ingeniería,1909-8367;2539-4169,true,,
Entre-Lugar,2176-9559;2177-7829,true,,
Entreciencias: diálogos en la sociedad del conocimiento,2007-8064,true,,
Entreculturas,1989-5097,true,,
Entrediversidades. Revista de ciencias sociales y humanidades,2007-7602;2007-7610,true,,
Entrelíneas,2953-3023,true,,
Entrepalavras,2237-6321,true,,
Entretextos,0123-9333;2805-6159,true,,
Entretextos,2007-1426;2007-5316,true,,
Enunciación,0122-6339;2248-6798,true,,
Environmental Smoke,2595-5527,true,,
Ephata,2184-5778;2795-4900,true,,
Episteme & Praxis,2960-8341,true,,
Epísteme Koinonía,2665-0282,true,,
Epistemia,2708-9010,true,,
Epistemología e historia de la ciencia,2525-1198,true,,
Epistemus,2007-4530;2007-8196,true,,
Epistemus.,1853-0494,true,,
Épocas,1851-443X;2250-6292,true,,
Epos. Revista de filología,0213-201X;2255-3495,true,,
Equinoccio.,2730-4957,true,,
Erasmo,2341-2380,true,,
Erebea,0214-0691;2530-8254,true,,
Erevna Research Reports.,3091-1540,true,,
Eria,0211-0563;2660-7018,true,,
ES review,2531-1646;2531-1654,true,,
Esboços,1414-722X;2175-7976,true,,
Escena,1409-2522;2215-4906,true,,
Escena uno,2362-4000,true,,
Escenarios.,1666-3942;2683-7684,true,,
ESCPOGRA PNP,2961-2527,true,,
Escritos contables y de administración,1853-2055;1853-2063,true,,
Escritos de psicología,1138-2635;1989-3809,true,,
Escritura y pensamiento,1561-087X;1609-9109,true,,
Escuela abierta,1138-6908;2603-5928,true,,
Esferas,2316-7122;2446-6190,true,,
Esferas (Quito - En línea),2631-2468;2697-3499,true,,
ESIC Market,0212-1867;1989-3574,true,,
Espacialidades,1984-817X,true,,
"Espacialidades. Revista de temas contemporáneos sobre lugares, política y cultura",2007-560X,true,,
Espacio i+d. Innovación más desarrollo,2007-6703,true,,
"Espacio, tiempo y forma. Historia antigua",1130-1082;2340-1370,true,,
"Espacio, tiempo y forma. Historia contemporánea",1130-0124;2340-1451,true,,
"Espacio, tiempo y forma. Historia moderna",1131-768X;2340-1400;0214-4433,true,,
"Espacio, tiempo y forma. Serie I, Prehistoria y arqueología",1131-7698;2340-1354,true,,
"Espacio, tiempo y forma. Serie VI, Geografía",1130-2968;2340-146X,true,,
"Espacio, tiempo y forma. Serie VII, Historia del arte",1130-4715;2340-1478,true,,
Espacios en blanco. Serie indagaciones,1515-9485;2313-9927,true,,
Espacios públicos,1665-8140;2954-4750,true,,
Espergesia,2410-4558;2312-6027,true,,
Espila,2710-7515,true,,
Espiral,2663-8134;2708-8464,true,,
Espiral estudios sobre estado y sociedad,1665-0565;2594-021X,true,,
Espiral. Cuadernos del Profesorado,1988-7701,true,,
Espirales revista multidisciplinaria de investigación,2550-6862,true,,
Espíritu Emprendedor TES,2602-8093,true,,
ESPRINT INVESTIGACIÓN.,2960-8317,true,,
Estado & comunes,2477-9245,true,,
Estado abierto.,2525-1805;2618-4362,true,,
"Estado, gobierno, gestión pública",0717-6759;0717-8980,true,,
Estilos da Clínica,1415-7128;1981-1624,true,,
Estrabão,2763-7824,true,,
Estrategia y Gestión Universitaria,2309-8333,true,,
Estudios Africanos,0214-2309;2695-5350,true,,
Estudios artísticos,2500-6975;2500-9311,true,,
Estudios bizantinos,2014-9999;2952-1432,true,,
Estudios constitucionales,0718-0195;0718-5200,true,,
Estudios críticos del desarrollo,2448-5020;2594-0899,true,,
Estudios curatoriales.,2314-2022,true,,
Estudios de Asia y Africa,0185-0164;2448-654X,true,,
Estudios de cultura maya,0185-2574;2448-5179,true,,
Estudios de cultura náhuatl,0071-1675;3061-8002,true,,
Estudios de Deusto,0423-4847;2386-9062,true,,
Estudios de economía,0304-2758;0718-5286,true,,
Estudios de Economía Aplicada,1697-5731;1133-3197,true,,
Estudios de Filosofía,0121-3628;2256-358X,true,,
Estudios de filosofía práctica e historia de las ideas,1515-7180;1851-9490,true,,
Estudios de historia de España.,0328-0284;2469-0961,true,,
Estudios de historia moderna y contemporánea de México,0185-2620;2448-5004,true,,
Estudios de historia novohispana,0185-2523;2448-6922,true,,
Estudios de la Gestión,2661-6513,true,,
Estudios de lingüística,0212-7636;2171-6692,true,,
Estudios de literatura colombiana,0123-4412;2665-3273,true,,
Estudios de Psicología,1579-3699;0210-9395,true,,
Estudios de teoría literaria,2313-9676,true,,
Estudios de Traducción,2174-047X;2254-1756,true,,
Estudios del hábitat,2422-6483,true,,
Estudios del ISHiR,2250-4397,true,,
Estudios del Trabajo,0327-5744;2545-7756,true,,
Estudios demográficos y urbanos,0186-7210;2448-6515,true,,
Estudios digital,0328-185X;1852-1568,true,,
Estudios eclesiásticos,0210-1610;2605-5147,true,,
Estudios económicos,0425-368X;2525-1295,true,,
Estudios económicos,0188-6916;0186-7202,true,,
Estudios en derecho a la información,2594-0082;2683-2083,true,,
Estudios en Seguridad y Defensa,1900-8325;2744-8932,true,,
Estudios fronterizos,0187-6961;2395-9134,true,,
Estudios Geográficos,0014-1496;1988-8546,true,,
Estudios geológicos,0367-0449;1988-3250,true,,
Estudios Humanísticos. Filología,2444-023X;0213-1382,true,,
Estudios Internacionales,0716-0240;0719-3769,true,,
Estudios paraguayos,0251-2483;2520-9914,true,,
Estudios pedagógicos,0716-050X;0718-0705,true,,
Estudios penales y criminológicos,2340-0080;1137-7550,true,,
Estudios políticos,0185-1616;2448-4903,true,,
Estudios románicos,0210-4911;1989-614X,true,,
Estudios rurales,2250-4001,true,,
Estudios sobre Arte Actual,2340-6062,true,,
Estudios sobre educación,1578-7001;2386-6292,true,,
Estudios sobre el mensaje periodístico,1134-1629;1988-2696,true,,
Estudios sobre las culturas contemporáneas,1405-2210;3061-7537,true,,
Estudios sociales,0188-4557;2395-9169,true,,
Estudios sociales,0327-4934;2250-6950,true,,
Estudios Sociales Contemporáneos,1850-6747;2451-5965,true,,
Estudios sociales del estado,2422-7803,true,,
Estudios sociales del NOA,0329-8256;2362-2482,true,,
Estudios sociológicos,0185-4186;2448-6442,true,,
Estudios socioterritoriales,1515-6206;1853-4392,true,,
Estudios λambda. Teoría y práctica de la didáctica en lengua y literatura,2448-5942,true,,
Estudis d'història agrària,0210-4830;2385-359X,true,,
Estudos de Lingüística Galega,1989-578X;1889-2566,true,,
Estudos Semióticos,1980-4016,true,,
Estudos Sociedade e Agricultura,1413-0580;2526-7752,true,,
Etcétera,2618-4281,true,,
Ethos Scientific Journal.,3091-1737,true,,
Etic@net,1695-324X,true,,
Ética & cine,1853-6247;2250-5415;2250-5660,true,,
Ética y discurso.,2525-1090,true,,
Etiópicas,1698-689X,true,,
Etnobiología,2448-8151;1665-2703,true,,
Etnografías contemporáneas,1669-2362;2451-8050,true,,
Etudes caribéennes,1779-0980;1961-859X,true,,
EU-topías,2340-115X;2174-8454,true,,
EUNK Revista Científica de Abejas y Apicultores.,2953-3740,true,,
Eunomía,2253-6655,true,,
EURE,0250-7161;0717-6236,true,,
European accounting and management review,2385-3921,true,,
"European journal of child development, education and psychopathology",2340-924X;2530-0776,true,,
European Journal of Education and Psychology,1888-8992;1989-2209,true,,
European journal of family business,2444-877X;2444-8788,true,,
European Journal of Government and Economics,2254-7088,true,,
European journal of health research,2444-9067;2445-0308,true,,
European journal of human movement,2386-4095,true,,
"European journal of Investigation in health, psychology and education",2174-8144;2254-9625,true,,
European public & social innovation review,2529-9824,true,,
European research on management and business economics,2444-8834;2444-8842,true,,
Euskera,0210-1564;2792-2278,true,,
Eutopía,1390-5708;2602-8239,true,,
Evaluar,1515-1867;1667-4545,true,,
Eviterna,2530-6014,true,,
Ex Legibus,2594-2018;2954-4807,true,,
Exemplaria Classica: Journal of Classical Philology,1699-3225;2173-6839,true,,
Exlibris,2314-3894,true,,
Experior,2953-3090,true,,
Explorador Digital,2661-6831,true,,
Extensión en red,1852-9569,true,,
Extracta mathematicae,0213-8743;2605-5686,true,,
FACE Revista de la Facultad de Ciencias Económias y Empresariales,1794-9920;2500-9338,true,,
Facena,0325-4216;1851-507X,true,,
FACES. Facultad de Ciencias Económicas y Sociales,0328-4050;1852-6535,true,,
FACSalud,2602-8360,true,,
Farmacéuticos comunitarios,2173-9218;1885-8619,true,,
Farmacia hospitalaria,1130-6343;2171-8695,true,,
FAVE. Sección Ciencias agrarias,1666-7719;2346-9129,true,,
FAVE. Sección Ciencias Veterinarias,1666-938X;2362-5589,true,,
Femeris,2530-2442,true,,
Feminismo/s,1696-8166;1989-9998,true,,
Fénix,0015-0002;2709-5649,true,,
Fermentario,1688-535X;1688-6151,true,,
FIGEMPA,1390-7042;2602-8484,true,,
Figuras revista académica de investigación,2683-2917,true,,
Filanderas,2530-6022,true,,
Filología,0071-495X;2422-6009,true,,
Finisterra,0430-5027;2182-2905,true,,
Finlay,2221-2434,true,,
FisiSenectus,2318-3381,true,,
Folia histórica del Nordeste,0325-8238;2525-1627,true,,
Fonoaudiológica.,0326-7640;1668-9402,true,,
Fontes linguae vasconum,0046-435X;2530-5832,true,,
Food Science and Technology International,1082-0132;1532-1738,true,,
Forest systems,2171-5068;2171-9845,true,,
Foro de educación,1698-7799;1698-7802,true,,
Foro de Profesores de E/LE,1886-337X,true,,
Foro educacional,0717-2710;0718-0772,true,,
Foro internacional,0185-013X;2448-6523,true,,
Foro. Revista de Ciencias Jurídicas y Sociales.,1698-5583;2255-5285,true,,
FORO. Revista de Derecho,2631-2484;1390-2466,true,,
Fortvnatae,1131-6810;2530-8343,true,,
Forum Empresarial,1541-8561;2475-8752,true,,
Fotocinema,2172-0150,true,,
Fragmentum,1519-9894;2179-2194,true,,
Fraseolex,2938-155X,true,,
Fronteiras,1517-9265;2175-0742,true,,
Fronteiras,1415-8701;2238-9717,true,,
Frontera norte,0187-7372;2594-0260,true,,
Fuegia.,2618-2335,true,,
Fuentes humanísticas,0188-8900;2007-5618,true,,
Fuera de Campo,2661-6602,true,,
Fundamentos.,2545-6318,true,,
Gaceta cientifica,2414-2832;2617-4332,true,,
Gaceta Médica boliviana,1012-2966;2227-3662,true,,
Gaceta Médica de Bilbao,0304-4858;2173-2302,true,,
Gaceta Médica Estudiantil,2708-5546,true,,
Gaceta mexicana de oncología,1665-9201;2565-005X,true,,
Gaceta Técnica,2477-9539;1856-9560,true,,
Gade,2745-2891,true,,
Gastroenterología latinoamericana,0716-8594;0719-6822,true,,
Gaudeamus,2697-2166,true,,
Gayana,0717-652X;0717-6538,true,,
Gazeta de antropología,0214-7564;2340-2792,true,,
Ge-conservación,1989-8568,true,,
GECONTEC,2255-5684,true,,
GénEroos,2992-7862;1405-3098,true,,
Gentryana,2961-2152,true,,
Geoacta.,0326-7237;1852-7744,true,,
Geofísica internacional,0016-7169;2954-436X,true,,
Geofocus,1578-5157,true,,
Geografares,1518-2002;2175-3709,true,,
Geográfica digital,1668-5180,true,,
Geograficando,1850-1885;2346-898X,true,,
Geographical review,0016-7428;1931-0846,true,,
Geographicalia,2386-3021,true,,
GeoGraphos,2173-1276,true,,
Geologica acta,1695-6133;1696-5728,true,,
Geopauta,2594-5033,true,,
Geopolítica(s),2172-7155,true,,
GeoTextos,1809-189X;1984-5537,true,,
GeoUECE,2317-028X,true,,
"Geriatrics, Gerontology and Aging",2447-2115;2447-2123,true,,
Gestio et Productio. Revista Electrónica de Ciencias Gerenciales,2739-0039,true,,
Gestión en el tercer milenio,1560-9081;1728-2969,true,,
Gestión I+D,2542-3142,true,,
Gestión Joven,1988-9011,true,,
Gestión y análisis de políticas públicas,1134-6035;1989-8991,true,,
Gestión y política pública,1405-1079;2448-9182,true,,
GESTO-Debate,2595-3109,true,,
"GIS - Gesto, Imagem e Som - Revista de Antropologia",2525-3123,true,,
Giuristi,2708-9894,true,,
Gladius,0436-029X;1988-4168;0326-6117,true,,
Global business administration journal,2520-9019,true,,
Global media journal México,2007-2031,true,,
Global Rheumatology,2709-5533,true,,
Glossae,0214-669X;2255-2707,true,,
Gobierno y administración pública,2735-7074,true,,
Grado Cero.,2683-9784,true,,
Graellsia,0367-5041;1989-953X,true,,
Grafica,2014-9298,true,,
Gramma,1850-0153;1850-0161,true,,
Gran Tour,2172-8690,true,,
Grasas y aceites,0017-3495;1988-4214,true,,
Green World Journal,2737-6109,true,,
Gremium,2007-8773,true,,
Grifos,1414-0268;2175-0157,true,,
Guerra colonial,2603-6096,true,,
Habitat y Sociedad,2173-125X,true,,
Hacedor,2520-0747,true,,
Hachetetepé,2172-7910;2172-7929,true,,
Haidé,2014-3818,true,,
Hamut'ay,2313-7878,true,,
Hansenologia Internationalis,0100-3283;1982-5161,true,,
HArtes,2954-470X,true,,
Health care & global health,2522-7270,true,,
Health Residencies Journal,2675-2913,true,,
Hekademos,1989-3558,true,,
Hematología,0329-0379;2250-8309,true,,
Hemisferio. Revista del Colegio Interamericano de Defensa,2412-0707;2412-0715,true,,
Hepatología,2711-2330;2711-2322,true,,
"Herança - Revista de História, Património e Cultura",2184-3090,true,,
Herencia,1659-0066;2215-6356,true,,
Heridas y cicatrización,2171-8644;2530-9218,true,,
Hermeneus,1139-7489;2530-609X,true,,
Hermenéutica intercultural,0718-4980;0719-6504,true,,
Herreriana,2683-2135,true,,
Herri-arduralaritzazko euskal aldizkaria = Revista vasca de administración pública,0211-9560;2695-5407,true,,
Hesperia. Anuario de Filología Hispánica,2952-3990;1139-3181,true,,
Heterocronías.,2684-0502,true,,
Heterotopías,2618-2726,true,,
Hidrobiológica,0188-8897;2448-7333,true,,
Hikma,1579-9794;2445-4559,true,,
Hipertext.net,1695-5498,true,,
Hipertextos,2314-3916;2314-3924,true,,
Hipogrifo,2328-1308,true,,
Hispania,0018-2141;1988-8368,true,,
Hispania Sacra,0018-215X;1988-4265,true,,
Hispanic research journal,1468-2737;1745-820X,true,,
Historia (Santiago),0073-2435;0717-7194,true,,
Historia & Guerra.,2796-8650,true,,
Historia Actual Online,1696-2060,true,,
Historia Agraria,1139-1472;2340-3659,true,,
Historia agraria de América Latina,2452-5162,true,,
Historia contemporánea,1130-2402;2340-0277,true,,
Historia crítica,0121-1617;1900-6152,true,,
História da Historiografia,1983-9928,true,,
Historia de la Educación,0212-0267;2386-3846,true,,
Historia de la educación anuario.,1669-8568;2313-9277,true,,
Historia del presente,1579-8135;3020-6715,true,,
História Econômica & História de Empresas,1519-3314;2525-8184,true,,
Historia mexicana El colegio de México,0185-0172;2448-6531,true,,
Historia regional,0329-8213;2469-0732,true,,
Historia y Cultura,0073-2486;2961-2713,true,,
Historia y Cultura (San Miguel de Tucumán),2953-4615,true,,
Historia y grafía,1405-0927;2448-783X,true,,
Historia y memoria,2027-5137;2322-777X,true,,
Historia y memoria de la educación,2444-0043,true,,
Historia. Instituciones. Documentos,0210-7716;2253-8291,true,,
Historias Fingidas,2284-2667,true,,
Histórica,0252-8894;2223-375X,true,,
Historiografías,2174-4289,true,,
Hitos de ciencias económico administrativas,1405-4574;2448-4733,true,,
Hologramática,1668-5024,true,,
Holopraxis,2588-0942,true,,
Homa Publica,2526-0774,true,,
Horizon International Journal.,3091-1753,true,,
Horizon Nexus Journal.,3073-1275,true,,
Horizonte de la Ciencia,2304-4330;2413-936X,true,,
Horizonte médico,1727-558X;2227-3530,true,,
Horizonte Pedagógico,2310-3647,true,,
Horizonte sanitario,1665-3262;2007-7459,true,,
Horizontes,2616-7964,true,,
Horizontes,2318-1540,true,,
Horizontes de Enfermería,1390-6984;2631-293X,true,,
Horizontes territoriales,2683-2895,true,,
Hormigón y acero,0439-5689;2605-1729,true,,
Horticultura argentina,0327-3431;1851-9342,true,,
Hospital a domicilio,2530-5115,true,,
Hospital medicine and clinical management,2604-000X;2604-0018,true,,
HSJ,2966-0408,true,,
Huarte de San Juan. Geografía e Historia,1134-8259;2341-0809,true,,
Huella de la palabra,2448-881X;2954-3975,true,,
Huellas,0329-0573;2362-5643,true,,
Huellas de la migración,2448-7155;2594-2832,true,,
Huitzil. Revista mexicana de ornitología,1870-7459,true,,
Humanidades,1510-5024;2301-1629,true,,
humanidades,2215-2253;2215-3934,true,,
Humanitas,1659-1852;2215-6844,true,,
Hybrida,2660-6259,true,,
Hyperborea,2618-4397,true,,
I + diseño,1889-433X;2794-0284,true,,
I/C,2173-1071;1696-2508,true,,
I+D revista de investigaciones,2256-1676;2539-519X,true,,
Iberian journal of the history of economic thought,2386-5768,true,,
Ibero-American Journal of Education & Society Research,2764-6254,true,,
Ibero-American Journal of Health Science Research,2764-6165,true,,
Iberoamerican Business Journal,2521-5817,true,,
Iberoamerican Journal of Medicine,2695-5075,true,,
Iberoamerican Journal of Psychology and Public Policy “IJP&PP”,2810-6598,true,,
Iberoamericana,1577-3388;2255-520X,true,,
Iberoamericana,0046-8444;2002-4509,true,,
Iberoamerikanskie tetradi,2409-3416;2658-5219,true,,
Ibersid,1888-0967;2174-081X,true,,
IBN sina,2594-0430,true,,
Icono 14,1697-8293,true,,
Íconos,1390-2466;1390-8065;1390-1249,true,,
ID on line. Revista de Psicologia,1981-1179,true,,
Ideas,2469-0899;2469-1178,true,,
Ideas,2451-6910,true,,
IdeAs,1950-5701,true,,
Ideas en ciencias de la ingeniería,2992-7447,true,,
Identidad,2306-4072;2707-5419,true,,
Identidad Bolivariana,2550-6749,true,,
"IDP. Revista de Internet, derecho y política",1699-8154,true,,
IDYM- Investigaciones en danza y movimiento.,2683-9318,true,,
IE Revista de investigación educativa de la REDIECH,2007-4336;2448-8550,true,,
Igobernanza,2617-619X,true,,
Ihering,2605-4876;2660-552X,true,,
Ilha do Desterro,0101-4846;2175-8026,true,,
Imafronte,0213-392X;1989-4562,true,,
Imaginario Social,2737-6362,true,,
Imago,2171-0147;2254-9633,true,,
Imagofagia,1852-9550,true,,
IMex,2193-9756,true,,
Impact Research Journal.,3091-1745,true,,
Impacto,2789-861X,true,,
Ímpetus,2011-4680;2981-3948,true,,
Impossibilia,2174-2464,true,,
Improntas de la historia y la comunicación,2469-0457,true,,
Impulso,2959-9040,true,,
InCantare,2317-417X,true,,
Inceptum,1870-526X;2007-9494,true,,
Incipit,0326-0941;2683-9199,true,,
Independent Journal of Management & Production,2236-269X,true,,
Index.comunicación,2174-1859,true,,
Indiana,2365-2225;0341-8642,true,,
Industrial data,1560-9146;1810-9993,true,,
INFAD,0214-9877;2603-5987,true,,
Infancia y aprendizaje,0210-3702;1578-4126,true,,
Infarma,0104-0219;2318-9312,true,,
InfoAnalítica,2602-8344,true,,
Infodir,1996-3521,true,,
INFOMIN,1992-4194,true,,
Informação em Pauta,2525-3468,true,,
Informació psicológica,1989-9076;0214-347X,true,,
Información comercial española,0019-977X;2340-8790,true,,
"Información, cultura y sociedad",1514-8327;1851-1740,true,,
Informática y Sistemas,2550-6730,true,,
Informatio,2301-1378,true,,
Informes de la construcción,0020-0883;1988-3234,true,,
Infraestructura vial,2215-3705,true,,
Inge Cuc,0122-6517;2382-4700,true,,
Ingeniare. Revista chilena de ingeniería,0718-3291;0718-3305,true,,
Ingeniería,2448-8364;1665-529X,true,,
Ingeniería,0121-750X;2344-8393,true,,
Ingeniería Agrícola,2227-8761;2306-1545,true,,
Ingeniería agrícola y biosistemas,2007-3925;2007-4026,true,,
Ingeniería del agua,1134-2196;1886-4996,true,,
Ingeniería e Investigación,0120-5609;2248-8723,true,,
Ingeniería electrónica automática y comunicaciones,0258-5944;1815-5928,true,,
Ingeniería Energética,0253-5645;1815-5901,true,,
Ingeniería Industrial,0258-5960;1815-5936,true,,
Ingeniería industrial,1025-9929;2523-6326,true,,
Ingeniería investiga,2708-3039,true,,
Ingeniería Química y Desarrollo,3028-8533,true,,
Ingeniería sísmica,0185-092X;2395-8251,true,,
Ingeniería y Competitividad Revista Científica y Tecnológica,0123-3033;2027-8284,true,,
"Ingeniería, investigación y tecnología",1405-7753;2594-0732;1405-7743,true,,
Ingeniería: Revista de la Universidad de Costa Rica,1409-2441;2215-2652,true,,
Ingenio (En línea),2697-3243,true,,
InGenio Journal,2697-3642,true,,
Ingenio tecnológico.,2618-4931,true,,
Ingenio y conciencia boletín científico de la Escuela Superior de Ciudad Sahagún,2007-784X,true,,
"Ingenium et Potentia. Revista Electrónica Multidisciplinaria de Ciencias Básicas, Ingeniería y Arquitectura",2665-0304,true,,
Ingenius. Revista de Ciencia y Tecnología,1390-860X,true,,
Inguruak,0214-7912;2444-1317,true,,
Inmaterial,2462-5884;2462-5892,true,,
Inmediaciones de la comunicación,1510-5091;1688-8626,true,,
INMEDSUR,2708-8456,true,,
InnDev.,2773-7640,true,,
Innoeduca,2444-2925,true,,
Innotec,1688-3691;1688-6593,true,,
Innova Research Journal,2477-9024,true,,
Innova Science Journal.,3091-1680,true,,
INNOVA UNTREF.,2618-1894,true,,
Innovación & Saber,2773-7470,true,,
Innovación educativa,1130-8656;2340-0056,true,,
Innovación educativa,1665-2673;2594-0392,true,,
Innovación empresarial,2810-8507,true,,
Innovación y software,2708-0935;2708-0927,true,,
Innovaciones de Negocios,2007-1191;3061-743X,true,,
Innovaciones Educativas,1022-9825;2215-4132,true,,
Innovare: revista de ciencia y tecnología,2310-290X,true,,
Innovation & Development in Engeneering and Applied Science.,2600-5573,true,,
Inquietud empresarial,0121-1048;2422-3220,true,,
INSPILIP,2588-0551,true,,
Insta Magazine,2697-3308,true,,
Insurgência,2447-6684,true,,
Intangible Capital,1697-9818,true,,
Integración,2618-1207;2790-2145,true,,
Integración y conocimiento,2313-9080;2347-0658,true,,
Integralidad sobre ruedas.,2301-0614;2697-3197,true,,
Inteligencia artificial,1137-3601;1988-3064,true,,
Inter disciplina,2395-969X;2448-5705,true,,
Inter litteras,2683-9695,true,,
Interacciones,2411-5940;2413-4465,true,,
Intercambio psicoanalítico,2815-6994,true,,
InterCambios,2301-0118;2301-0126,true,,
Interconectando saberes,2448-8704,true,,
Interdisciplinaria,0325-8203;1668-7027,true,,
Interdisciplinary Journal of Didactics,3045-5413,true,,
Interfaces,2318-0218;2318-2326,true,,
Interfases,1993-4912,true,,
InterNaciones,2007-9680;2007-9834,true,,
International journal of agriculture and natural resources,2452-5731,true,,
International Journal of Cardiovascular Sciences,2359-4802;2359-5647,true,,
International Journal of Clinical and Health Psychology,1697-2600;2174-0852,true,,
International Journal of Combinatorial Optimization Problems and Informatics,2007-1558,true,,
International Journal of Digital Law,2675-7087,true,,
International Journal of Educational Excellence,2373-5929,true,,
International journal of educational psychology,2014-3591,true,,
International journal of educational research and innovation,2386-4303,true,,
International Journal of English Studies,1578-7044;1989-6131,true,,
International Journal of Environmental Resilience Research and Science,2675-3456,true,,
International journal of interactive multimedia and artificial intelligence,1989-1660,true,,
International journal of medical and surgical sciences,0719-3904;0719-532X,true,,
International Journal of Morphology,0717-9367;0717-9502,true,,
International journal of new education,2605-1931,true,,
International journal of odontostomatology,0718-3801;0718-381X,true,,
International Journal of Production Management and Engineering,2340-5317;2340-4876,true,,
International Journal of Racket Sports Science,2695-4508,true,,
International journal of sociology of education,2014-3575,true,,
International microbiology,1139-6709;1618-1905,true,,
International Review of Communication and Marketing Mix,2605-0447,true,,
International Review of Economic Policy – Revista Internacional de Política Económica,2695-7035,true,,
Interpretatio. Revista de hermenéutica,2448-864X;2683-1406,true,,
Intersecciones en antropología,1666-2105;1850-373X,true,,
Intersecciones en comunicación,1515-2332;2250-4184,true,,
InterSedes: Revista de las Sedes Regionales,1409-4746;2215-2458,true,,
Intersticios,2250-6543,true,,
Intersticios sociales,2007-4964,true,,
INTERthesis,1807-1384,true,,
Intervención,2007-249X;2448-5934,true,,
Intervención,0719-1057;2452-4751,true,,
Intervención psicosocial,1132-0559;2173-4712,true,,
Intexto,1807-8583,true,,
Intus-Legere Historia,0718-5456;0719-8949,true,,
INVESTIGA +.,2618-4370,true,,
Investiga.tec,2953-7754;1659-3383,true,,
Investigación & desarrollo,1814-6333;2518-4431,true,,
Investigación & negocios,2521-2737,true,,
Investigación administrativa,1870-6614;2448-7678,true,,
Investigación agraria,1684-9086;2305-0683,true,,
Investigación Aplicada e Innovación,1996-7551;2707-9368,true,,
"Investigación bibliotecológica: archivonomía, bibliotecología e información",0187-358X;2448-8321,true,,
Investigación e innovación,2790-5543,true,,
Investigación e Innovación Clínica y Quirúrgica Pediátrica,2961-2543,true,,
Investigación e innovación en ingenierías,2344-8652,true,,
Investigación e innovación en matemática educativa,2594-1046,true,,
Investigación económica,0185-1667;2594-2360,true,,
Investigación en educación médica,2007-5057;2007-865X,true,,
Investigación en la escuela,0213-7771;2443-9991,true,,
Investigación teatral,1665-8728;2594-0953,true,,
Investigación Tecnología e Innovación,1390-5147;2661-6548,true,,
Investigación universitaria,1992-5166;2664-8423,true,,
Investigación Valdizana,1994-1420;1995-445X,true,,
Investigación y Ciencia de la Universidad Autónoma de Aguascalientes,1665-4412;2521-9758,true,,
Investigación y Desarrollo,1390-5546;2631-2557,true,,
Investigación y Formación Pedagógica,2477-9342,true,,
Investigación y Pensamiento Crítico,1812-3864;2644-4119,true,,
Investigación y Postgrado,1316-0087;2244-7474,true,,
"Investigación, ciencia y universidad.",2525-1783,true,,
Investigaciones básicas y aplicadas en alimentos.,3008-9336,true,,
Investigaciones feministas,2171-6080,true,,
Investigaciones fenomenológicas,1885-1088,true,,
Investigaciones geográficas,0213-4691;1989-9890,true,,
Investigaciones geográficas,0188-4611;2448-7279,true,,
Investigaciones históricas,0210-9425;2530-6472,true,,
Investigaciones regionales,1695-7253;2340-2717,true,,
Investigaciones sobre Lectura,2340-8685,true,,
Investigaciones sociales,1560-9073;1818-4758,true,,
Investigaciones Turísticas,2174-5609,true,,
Investigaciones y ensayos.,0539-242X;2545-7055,true,,
Investigaciones y Estudios-UNA,2070-0415;2709-0817,true,,
Investigações,0104-1320;2175-294X,true,,
Investigando en Psicología.,1515-2138;2796-9002,true,,
Investigatio Research Review,1390-6399;2602-8336,true,,
iQual,2603-851X,true,,
Isegoría,1130-2097;1988-8376,true,,
Isidorianum,1131-7027;2660-7743,true,,
Isimu,1575-3492;2659-9090,true,,
Islas,0047-1542;1997-6720,true,,
Isonomía,1405-0218;2683-2593,true,,
ISTE Scientist.,2953-6618,true,,
Istmica.,1023-0890;2215-471X,true,,
Ítaca,2172-5500;2386-4753,true,,
Itamar,1889-1713;2386-8260,true,,
Itinerantes,2250-5377;2525-2178,true,,
Itinerarios,1507-7241,true,,
Itinerarios educativos,1850-3853;2362-5554,true,,
Iuris Dictio,1390-6402;2528-7834,true,,
Iuris Tantum,2007-0500;2594-1879,true,,
Ius canonicum,0021-325X;2254-6219,true,,
Ius comitiãlis,2594-1356,true,,
IUS Doctrina,1659-3685;1659-3707,true,,
Ius et Praxis,0717-2877;0718-0012,true,,
IUS ET VERITAS,1995-2929;2411-8834,true,,
Ius Humani: Revista de Derecho,1390-7794,true,,
IUS Inkarri,2410-5937;2519-7274,true,,
Ius vocatio,2616-9126;2810-8043,true,,
IUSLabor,1699-2938,true,,
Iustitia Socialis,2542-3371,true,,
Izquierdas,0718-5049,true,,
Iztapalapa,0185-4259;2007-9176,true,,
Ja Tuaida,2992-6440,true,,
Jahrbuch für Geschichte Lateinamerikas,1438-4752;2194-3680,true,,
"JAIIO, Jornadas Argentinas de Informática.",2451-7496,true,,
Jangwa Pana,1657-4923;2389-7872,true,,
"Janus.net, e-journal of International Relations",1647-7251,true,,
JCom América Latina,2611-9986,true,,
Jetypeka,2617-7374,true,,
Journal boliviano de ciencias,2075-8936;2075-8944,true,,
Journal Business Science,2737-615X,true,,
Journal de ciencias sociales,2362-194X,true,,
Journal Health NPEPS,2526-1010,true,,
Journal of Aging and Innovation,2182-6951;2182-696X,true,,
Journal of Airline and Airport Management,2014-4865;2014-4806,true,,
Journal of American Health,2697-3421,true,,
Journal of applied research and technology,1665-6423;2448-6736,true,,
Journal of basic and applied psychology research,2683-2267,true,,
Journal of Behavior and Feeding,2954-4947,true,,
"Journal of behavior, health & social issues",2007-0780;2007-0772,true,,
Journal of business and entrepreneurial studies,2576-0971,true,,
Journal of computer science and technology,1666-6038;1666-6046,true,,
Journal of Economic and Social Science Research (JESSR),2953-6790,true,,
Journal of English Studies,1576-6357;1695-4300,true,,
Journal of evolutionary studies in business,2385-7137,true,,
"Journal of Feminist, Gender and Women Studies",2444-1198,true,,
Journal of global studies and contemporary art,2013-8652,true,,
Journal of Health and Biological Sciences,2317-3076,true,,
Journal of Health and Medical Sciences,0719-9481;0719-949X,true,,
Journal of Hispanic higher education,1538-1927;1552-5716,true,,
Journal of Human Sport and Exercise,1988-5202,true,,
Journal of Humanities Titicaca,3084-7222,true,,
Journal of Iberian and Latin American Studies,1469-9524;1470-1847,true,,
Journal of iberian geology,1698-6180;1886-7995,true,,
Journal of investigational allergology and clinical immunology,1018-9068;1698-0808,true,,
Journal of Latin American and Caribbean anthropology,1935-4932;1935-4940,true,,
Journal of Latin American Studies,0022-216X;1469-767X,true,,
Journal of Latinos and Education,1534-8431;1532-771X,true,,
Journal of literary education,2659-3149,true,,
Journal of management and business education,2605-1044,true,,
Journal of movement and health,2452-5812,true,,
Journal of Multidisciplinary Novel Journeys & Explorations.,3091-1990,true,,
Journal of new approaches in educational research,2254-7339,true,,
Journal of Perspectives in Management,2594-8040,true,,
Journal of Physical Education,2448-2455,true,,
Journal of Physical Education and Human Movement,2659-5699,true,,
Journal of Physiology and Biochemistry,1138-7548;1877-8755,true,,
Journal of Science and Research: Revista Ciencia e Investigación,2528-8083,true,,
Journal of science and technology of the arts,1646-9798;2183-0088,true,,
"Journal of Sound, Silence, Image and Technology",2604-451X,true,,
Journal of Sport and Health Research,1989-6239,true,,
Journal of Supranational Policies of Education,2340-6720,true,,
Journal of Technology and Science Education,2013-6374,true,,
Journal of technology management & innovation,0718-2724,true,,
Journal of the Academy,2707-0301,true,,
Journal of the Chilean Chemical Society,0717-9324;0717-9707,true,,
Journal of the Mexican Chemical Society,1870-249X;2594-0317,true,,
Journal of theoretical and applied electronic commerce research,0718-1876,true,,
Journal of tourism and heritage research,2659-3580,true,,
Journal on Interactive Systems,2763-7719,true,,
Jurídica Ibero,2594-2654;2992-7641,true,,
Justicia y Derecho,1810-0171;3105-1170,true,,
Justicia(s) Revista de Derecho.,2953-6758,true,,
"KAIRÓS, Revista de Ciencias Económicas, Jurídicas y Administrativas.",2631-2743,true,,
Kalpana: Revista de Investigación,2661-6696;1390-5775,true,,
Kamchatka,2340-1869,true,,
Káñina,0378-0473;2215-2636,true,,
Kant e-Prints,1677-1621;1677-163X,true,,
Kanyú,2961-2748,true,,
Kasmera,2477-9628;0075-5222,true,,
Kaylla,2955-8697,true,,
"Kipus, Revista Andina de Letras y Estudios Culturales",2600-5751;1390-0102,true,,
KIRIA: Revista Científica Multidisciplinaria.,3103-1129,true,,
Kiru,1812-7886;2410-2717,true,,
Kóot,2078-0664;2307-3942,true,,
Korpus 21,2683-2674;2683-2682,true,,
Kronos - The Language Teaching Journal,2631-2840;2631-2859,true,,
Kuaapy Ayvu,2224-7408;3078-4913,true,,
Kultur,2386-5458,true,,
L'Âge d'or,2104-3353,true,,
La aljaba,0328-6169;1669-5704,true,,
La calera,1998-8850;1998-7846,true,,
La Ciencia al servicio de la Salud y Nutrición,1390-874X,true,,
La cifra impar.,2953-3627,true,,
La Colmena,2220-4490;2414-1321,true,,
La colmena,1405-6313;2448-6302,true,,
La Granja. Revista de Ciencias de la Vida,1390-8596;1390-3799,true,,
La Hoja de psicodrama,2174-4238;2605-2067,true,,
La Junta,2709-4979,true,,
La Palabra,0121-8530;2346-3864,true,,
La razón histórica,1989-2659,true,,
La rivada,2347-1085,true,,
La Saeta Universitaria Académica y de Investigación,2709-6556;2414-2506,true,,
La Técnica,2477-8982;1390-6895,true,,
La Universidad,0041-8242;3005-5857,true,,
La vida y la historia,2312-9115;2617-6041,true,,
La zaranda de ideas,1669-7456;1853-1296,true,,
Laboratorio de arte,1130-5762;2253-8305,true,,
Laboreal,1646-5237,true,,
Labos,2660-7360,true,,
Labour & Law Issues,2421-2695,true,,
Lan harremanak,1575-7048;2444-5819,true,,
Lan-Koadernoak - Hegoa,1130-9962;2340-3187,true,,
Language and law,2183-3745,true,,
Language Value,1989-7103,true,,
Lankesteriana,1409-3871;2215-2067,true,,
Las enfermeras de hoy,2805-1823,true,,
Latin American antiquity,1045-6635;2325-5080,true,,
Latin American economic review,2196-436X,true,,
Latin american journal of aquatic research,0718-560X,true,,
Latin american journal of sedimentology and basin analysis,1669-7316;1851-4979,true,,
Latin american journal of trade policy,0719-9368,true,,
Latin american legal studies,0719-9104;0719-9112,true,,
Latin American literary review,0047-4134;2330-135X,true,,
Latin American Perspectives,0094-582X;1552-678X,true,,
Latin American Research Review,0023-8791;1542-4278,true,,
Latin-American Journal of Computing (LAJC),1390-9134,true,,
Latinoamérica. Revista de estudios latinoamericanos,1665-8574;2448-6914,true,,
Latitud sur.,1850-3659;2683-9326,true,,
Latitude,2644-4038,true,,
Lavboratorio.,1515-6370;1852-4435,true,,
Lectora. Revista de Dones i Textualitat,1136-5781;2013-9470,true,,
Lectura y signo,1885-8597;2444-0280,true,,
Lecturas de economía,0120-2596;2323-0622,true,,
Lecturas educación física y deportes,1514-3465,true,,
Legado de arquitectura y diseño,2007-3615;2448-749X,true,,
Legajos. Boletín del Archivo General de la Nación,0185-1926;2448-8798,true,,
Legebiltzarreko Aldizkaria = Revista del Parlamento Vasco,2660-650X,true,,
Lejana,2061-6678,true,,
Lengua y Sociedad,1729-9721;2413-2659,true,,
Lenguaje,0120-3479;2539-3804,true,,
Lenguaje y textos,1133-4770;2530-0075,true,,
Les Cahiers ALHIM,1628-6731;1777-5175,true,,
Letr@s hispanas,1548-5633,true,,
Letras,0378-4878;2071-5072,true,,
Letras,0459-1283;2791-1179,true,,
Letras históricas,2448-8372;2007-1140,true,,
Letras.,0326-3363;2683-7897,true,,
Letras.,1409-424X;2215-4094,true,,
Lex,1991-1734;2313-1861,true,,
Lex Social,2174-6419,true,,
Lex. Revista de Investigación en Ciencias Jurídicas,2631-2735,true,,
LIBERABIT,1729-4827;2223-7666,true,,
Liinc em revista,1808-3536,true,,
Lilloa,0075-9481;2346-9641,true,,
Liminales,0719-1758;0719-7748,true,,
LiminaR,1665-8027;2007-8900,true,,
Límite,0718-1361;0718-5065,true,,
"Linguagens, Educação e Sociedade",1518-0743;2526-8449,true,,
Lingüística,1132-0214;2079-312X,true,,
Lingüística en la Red,1697-0780,true,,
Linha D'Água,0103-3638;2236-4242,true,,
Linhas Críticas,1516-4896;1981-0431,true,,
Liño. Revista Anual de Historia del Arte,0211-2574;2341-1139,true,,
Literatura mexicana,0188-2546;2448-8216,true,,
Literatura y lingüística,0716-5811;0717-621X,true,,
Littera Scripta. Revista de Filosofía,2735-6140,true,,
Llalliq,2810-8140,true,,
Llapanchikpaq: Justicia,2709-6491,true,,
Llengua & literatura,0213-6554;2013-9527,true,,
"Llengua, societat i comunicació",1697-5928,true,,
Lletres asturianes,0212-0534;2174-9612,true,,
Llimpi,2961-2438,true,,
Locvs amoenvs,1135-9722;2014-8798,true,,
Loggia,1136-758X;2444-1619,true,,
Logos,1575-6866;1988-3242,true,,
Logos,0716-7520;0719-3262,true,,
Logos boletín científico de la Escuela Preparatoria No. 2,2007-7637,true,,
Logos revista de filosofía,1665-8620;2683-1937,true,,
Loquens,2386-2637,true,,
Los Libros de la Corte.es,1989-6425,true,,
Lucentum,0213-2338;1989-9904,true,,
Lucerna iuris et investigatio.,2788-6689;3028-9726,true,,
Luciérnaga,2027-1557,true,,
Lúdicamente,2250-723X,true,,
Lumen,2225-0840;2708-5031,true,,
Lusitania sacra,2182-8822;0076-1508,true,,
Luso-Brazilian Review,0024-7413;1548-9957,true,,
Lux médica,2007-1655;2007-8714,true,,
Luz,1814-151X,true,,
Macrohistoria,2735-749X,true,,
Madera y bosques,1405-0471;2448-7597,true,,
Maderas. Ciencia y tecnología,0717-3644;0718-221X,true,,
"MADGU mundo, arquitectura, diseño gráfico y urbanismo",2594-1208,true,,
Maestro y Sociedad,1815-4867,true,,
Magallania,0718-0209;0718-2244,true,,
Magallanica. Revista de historia moderna,2422-779X,true,,
Magazin,1136-677X;2660-8510,true,,
Magister. Revista de Formación del Profesorado e Innovación Educativa,0212-6796;2340-4728,true,,
Magna Scientia UCEVA (En línea),2805-6884;2805-6701,true,,
Magnificat Cultura i Literatura Medievals,2386-8295,true,,
Magotzi boletín científico de artes del IA,2007-4921,true,,
Malvinas en Cuestión.,2953-3430,true,,
Mamakuna,2773-7551,true,,
Mammalia aequatorialis,2697-3286,true,,
Mammalogy notes,2382-3704,true,,
Management research,1536-5433;1558-0946,true,,
Manglar,1816-7667;2414-1046,true,,
Mapa,2602-8441,true,,
Márgenes,2695-2769,true,,
Márgenes,2664-2190,true,,
Marine and fishery sciences.,2683-7595;2683-7951,true,,
Marketing Visionario,2343-5771,true,,
Más Poder Local,2172-0223,true,,
Masculinidades y cambio social,2014-3605,true,,
Maskana,2477-8893;1390-6143,true,,
Maskay,1390-6712,true,,
Masquedós,2469-214X;2469-2158,true,,
Matemática,2661-6890;1390-3802,true,,
"Matemáticas, educación y sociedad",2603-9982,true,,
Materia,1579-2641;2385-3387,true,,
Materia Arquitectura,0718-7033;2735-7503,true,,
Materiales de construcción,0465-2746;1988-3226,true,,
Materiales para la Historia del Deporte,1887-9586;2340-7166,true,,
Matrizes,1982-2073;1982-8160,true,,
Matronería actual,2452-5820,true,,
Matter,2604-7551,true,,
"Mayéutica, Revista Científica de Humanidades y Artes",2343-6158;2477-9261,true,,
MEDIACIONES,1692-5688;2590-8057,true,,
Mediaciones Sociales,1989-0494,true,,
Mediações,1414-0543;2176-6665,true,,
Médicas UIS,0121-0319;1794-5240,true,,
Medicentro electrónica,1029-3043,true,,
Mediciego,1029-3035,true,,
Mediciencias UTA,2602-814X,true,,
Medicina,0025-7680;1669-9106,true,,
Medicina & Laboratorio,0123-2576;2500-7106,true,,
Medicina clínica y social,2521-2281,true,,
Medicina cutánea ibero-latino-americana,0210-5187;1989-8932,true,,
Medicina universitaria,1665-5796;2530-0709,true,,
Medicina y ética,0188-5022;2594-2166,true,,
Medicina y Seguridad del Trabajo,0465-546X;1989-7790,true,,
Medievalia,2448-8232;0188-6657,true,,
Medievalista,1646-740X,true,,
MediMay,2520-9078,true,,
MediSur,1727-897X,true,,
Mediterranean botany,2603-9109,true,,
Meldar,2660-6526,true,,
Memorandum,1676-1669,true,,
Memoria americana,0327-5752;1851-3751,true,,
Memoria investigaciones en ingeniería.,2301-1092;2301-1106,true,,
Memorias del Instituto de Investigaciones en Ciencias de la Salud,1817-4620;1812-9528,true,,
"Memorias, escritos y trabajos desde América Latina",2451-6384;2451-6643,true,,
Mendive,1815-7696,true,,
MENTOR Revista de Investigación Educativa y Deportiva,2806-5867,true,,
Mercados y negocios,1665-7039;2594-0163,true,,
Mérito,2708-7794,true,,
Meta : Avaliação,2175-2753,true,,
Metafísica y persona,1989-4996,true,,
Metáfora,2617-4839,true,,
Metas de enfermería,1138-7262;2660-986X,true,,
Metatheoria,1853-2330,true,,
Methaodos. revista de ciencias sociales,2340-8413,true,,
Mètode. Annual review,2174-3487;2174-9221,true,,
Métodhos,2007-2740,true,,
Métodos & Materiales,2215-342X;2215-4558,true,,
Métodos de información,1134-2838;2173-1241,true,,
Metro Ciencia,1390-2989;2737-6303,true,,
Mexican journal of biotechnology,2448-6590,true,,
Mexican journal of medical research ICSA,2007-5235,true,,
Mexican law review,1870-0578;2448-5306,true,,
Mexican studies,0742-9797;1533-8320,true,,
México y la Cuenca del Pacífico,1665-0174;2007-5308,true,,
Mextesol Journal,1405-3470;2395-9908,true,,
MHSalud: Revista en Ciencias del Movimiento Humano y Salud,1659-097X,true,,
Micaela,2709-8990;2955-8646,true,,
Microtextualidades,2530-8297,true,,
Middle Atlantic review of Latin American studies,2474-9621,true,,
Mídia.e.Cotidiano,2178-602X,true,,
Migración y desarrollo,1870-7599;2448-7783,true,,
Migraciones,1138-5774;2341-0833,true,,
Migraciones internacionales,2594-0279;1665-8906,true,,
Miguel Hernández communication journal,1989-8681,true,,
Mikarimin: Revista Científica Multidisciplinaria,2528-7842,true,,
"Milenaria, ciencia y arte",2954-4289;2395-9436,true,,
Milenio: Revista de artes y ciencias,1532-8562;2641-0389,true,,
Millcayac,1668-060X;2362-616X,true,,
"Millenium - Journal of Education, Technologies, and Health",1647-662X,true,,
Mineralogistes de Catalunya,1132-7022;2696-4465,true,,
Minerva,0213-9634;2530-6480,true,,
Minerva,2545-6245,true,,
Mirai,2531-145X,true,,
Miríada,1851-9431;2250-4621,true,,
Miscelánea Comillas,0210-9522;2341-085X,true,,
Miscelánea. A Journal of English and American Studies,1137-6368;2386-4834,true,,
Mix Sustentável,2447-0899;2447-3073,true,,
"mktDESCUBRE: Comercialización, Investigación y Negocios",2602-8522;1390-7352,true,,
MLS Educational Research,2603-5820,true,,
Modelling in science education and learning,1988-3145,true,,
Modulema,2530-934X,true,,
Moenia. Revsita Lucense de Lingüística y Literatura,1137-2346;2340-003X,true,,
Monteagudo,0580-6712;1989-6166,true,,
MonTI. Monografías de Traducción e Interpretación,1889-4178;1989-9335,true,,
Mora,0328-8773;1853-001X,true,,
Motricidades,2594-6463,true,,
Motrivivência,0103-4111;2175-8042,true,,
MovimentAção,2358-9205,true,,
MPG journal,2171-9020,true,,
Mujer andina,2961-2241;2961-2780,true,,
Mujer y políticas públicas,2955-8751,true,,
Multidisciplinary Collaborative Journal.,3073-1356,true,,
"Multidisciplinary journal for education, social and technological sciences",2341-2593,true,,
MULTIDISCIPLINARY LATIN AMERICAN JOURNAL.,2960-8414,true,,
Multimed Revista Médica,1028-4818,true,,
Múltiplos Olhares em Ciência da Informação,2237-6658,true,,
Mundo agrario,1515-5994,true,,
Mundo Amazónico,2145-5074;2145-5082,true,,
Mundo de antes,1514-982X;2362-325X,true,,
Mundo eslavo,1579-8372;2255-517X,true,,
Mundo nano,2007-5979;2448-5691,true,,
Mundos Plurales: Revista Latinoamericana de Políticas y Acción Pública,1390-9193;2661-9075,true,,
Munibe. Antropologia-arkeologia,2172-4555;1132-2217,true,,
Musas,2385-7005,true,,
Música oral del sur,1138-8579;2445-0391,true,,
Mutatis Mutandis: revista internacional de filosofía,0719-3386;0719-4773;0719-4765,true,,
Myrtia. Revista de filología clásica,0213-7674;1989-4619,true,,
NACC. Bioloxía,1130-9717;2340-0021,true,,
Natura@economía,2226-9479,true,,
Naturaleza y Libertad,2254-9668;2659-9228,true,,
Naturaleza y Sociedad Desafíos Medioambientales,2805-8631;2011-7922,true,,
Neosapiencia. Revista especializada en ciencias de la educación.,3091-1982,true,,
Neotropical Helminthology,2218-6425;1995-1043,true,,
Nereis,1888-8550;2531-2545,true,,
Neuma,0718-7017;0719-5389,true,,
Neumann Business Review,2412-3730,true,,
Neuropsicologia latinoamericana,2075-9479,true,,
Nexo Revista Científica,1818-6742;1995-9516,true,,
Nexos Científicos,2773-7489,true,,
Nexus Research Journal,3028-8827,true,,
Nierika,2007-9648,true,,
Nóesis,0188-9834;2395-8669,true,,
Norba. Arte,0213-2214;2660-714X,true,,
Normas. Revista de estudios lingüísticos hispánicos,2174-7245,true,,
Norteamérica,1870-3550;2448-7228,true,,
Nota al margen,3008-7015,true,,
Notas sobre mamíferos sudamericanos,2618-4788,true,,
Nova,1794-2470;2462-9448,true,,
Nova scientia,2007-0705,true,,
Nova tellus,0185-3058;2683-1759,true,,
Novapolis,2307-8693;2077-5172,true,,
NovaRua. Revista universitaria de administración,2007-4042,true,,
NOVASINERGIA,2631-2654,true,,
Novitates caribaea,2079-0139;2071-9841,true,,
Novos Cadernos NAEA,1516-6481;2179-7536,true,,
NPunto,2605-0110;2603-9680,true,,
Nueva revista de filología hispánica,0185-0121;2448-6558,true,,
Nueva revista del pacífico,0716-6346;0719-5176,true,,
Nueva Revista española de derecho del trabajo,2444-3476;2695-7337,true,,
"Nuevas Poligrafías, Revista de Teoría Literaria y Literatura Comparada",2954-4076,true,,
Nuevo derecho,2011-4540;2500-672X,true,,
Nuevo itinerario,1850-3578,true,,
Nuevo mundo-mundos nuevos,1626-0252,true,,
Nuevo pensamiento,1853-7596,true,,
Nullius,2737-6125,true,,
Números. Revista de didáctica de las matemáticas,1887-1984,true,,
Nutrición animal tropical,1409-3553;2215-3527,true,,
Nutrición hospitalaria,0212-1611;1699-5198,true,,
Oasis,1657-7558;2346-2132,true,,
OBETS. Revista de Ciencias Sociales,1989-1385,true,,
Obra Digit@l,2014-5039,true,,
Obras y proyectos,0718-2805;0718-2813,true,,
Observar,1988-5105,true,,
Observatorio de Financiamiento para el Desarrollo. Nota Técnica.,2806-559X;2806-5603,true,,
Observatorio latinoamericano,1853-2713,true,,
Observatorio medioambiental,1139-1987;1988-3277,true,,
Ocean and Coastal Research,2675-2824,true,,
Ocnos,1885-446X;2254-9099,true,,
Odisea,1578-3820;2174-1611,true,,
Odisea,2408-445X,true,,
Odontoestomatología,0797-0374;1688-9339,true,,
Odontoinvestigación,1390-9827,true,,
Odontología activa: UC-Cuenca,2588-0624,true,,
Odontología pediátrica,1814-487X;2709-4782,true,,
Odontología sanmarquina,1560-9111;1609-8617,true,,
Odontología vital,1659-0775;2215-5740,true,,
Odontología.,1390-9967;1390-7468,true,,
Odovtos,1659-1046;2215-3411,true,,
"Oficio, revista de historia e interdisciplina",2448-4717;2594-2115,true,,
Oikos,2236-8493,true,,
Ola financiera,1870-1442,true,,
Olhar de Professor,1518-5648;1984-0187,true,,
Olivar,1515-1115;1852-4478,true,,
OMNIA.,2618-4680;2618-4699,true,,
On the w@terfront,1139-7365,true,,
Oñati Socio-legal Series,2079-5971,true,,
Onco.news,1646-7868;2183-6914,true,,
Oncología,1390-0110;2661-6653,true,,
Onoba,2340-4027;2340-3047,true,,
Open insight,2007-2406;2395-8936,true,,
Opera,1657-8651;2346-2159,true,,
Oppidum,1885-6292;2444-8141,true,,
Optometría clínica y ciencias de la visión,2951-9349,true,,
Opuntia brava,2222-081X,true,,
Opus magna constitucional,2707-9856,true,,
Opúsculo filosófico,1852-0596;2422-8125,true,,
Orbis tertius,0328-8188;1851-7811,true,,
Orbis Tertius UPAL,2520-9981;2709-8001,true,,
Organicom : Revista Brasileira de Comunicação Organizacional e Relações Públicas,1807-1236;2238-2593,true,,
Organon,0102-6267;2238-8915,true,,
Orientación y sociedad.,1515-6877;1851-8893,true,,
Otra economía,1851-4715,true,,
Outros Tempos,1808-8031,true,,
Oxímora,2014-7708,true,,
P@ranoá,1679-0944,true,,
Paakat: revista de tecnología y sociedad,2007-3607,true,,
PACHA. Revista de Estudios Contemporáneos del Sur Global.,2697-3677,true,,
Pactum,2992-7064,true,,
Padel Scientific Journal,2952-2218;2990-2053,true,,
PÄDI boletín científico de ciencias básicas e ingenierías del ICBI,2007-6363,true,,
Páginas,1851-992X,true,,
Páginas a&b,0873-5670;2183-6671,true,,
Páginas de educación,1688-5287;1688-7468,true,,
Páginas de filosofía,0327-5108;1853-7960,true,,
Pagine Inattuali,2280-4110,true,,
Paian,2313-3139,true,,
Paideia surcolombiana,0124-0307;2538-9572,true,,
Paideia XXI,2221-7770;2519-5700,true,,
Paix et sécurité internationales,2341-0868,true,,
PAJAR - Pan American Journal of Aging Research,2357-9641,true,,
Pakamuros,2306-9805;2522-3240,true,,
Palabra clave,1666-2938;1853-9912,true,,
Palabra Clave,0122-8285;2027-534X,true,,
Palabra y razón,0719-2223;2452-4646,true,,
Palaeohispanica,1578-5386;2603-7637,true,,
Paleontología mexicana,0543-7652;2007-5189,true,,
Palimpsesto,2014-1505;2014-9751,true,,
"Palobra, palabra que obra",1657-0111;2346-2884,true,,
Pampa,1669-3299;2314-0208,true,,
Pangea,2172-3168,true,,
Pangeas,2695-5040,true,,
Panta rei,1136-2464;2386-8864,true,,
Papéis Avulsos de Zoologia,0031-1049;1807-0205,true,,
Papeles,0123-0670;2346-0911,true,,
Papeles de Europa,1989-5917,true,,
Papeles de geografía,0213-1781;1989-4627,true,,
Papeles de población,1405-7425;2448-7147,true,,
Papeles de trabajo,0327-6147;1852-4508,true,,
Papeles del Centro de Investigaciones de la Facultad de Ciencias Jurídicas y Sociales,1853-2845;2591-2852,true,,
Papers,0210-2862;2013-9004,true,,
Paradigma económico,2007-3062;2594-1348,true,,
Paradigma: revista de investigacion educativa,1817-4221;2664-5033,true,,
Paragénesis,2462-5388;2696-4473,true,,
Paraguay desde las ciencias sociales,2314-1638,true,,
Paremia,1132-8940;2172-1068,true,,
Párrafos geográficos.,1666-5783;1853-9424,true,,
Pasado abierto,2451-6961,true,,
Pasado y memoria,1579-3311;2386-4745,true,,
Pasavento,2255-4505,true,,
Pasos. Revista de Turismo y Patrimonio Cultural,1695-7121,true,,
Pathos.,2313-9390,true,,
Patristica et mediaevalia.,0325-2280;2683-9636,true,,
PatryTer,2595-0169,true,,
Paubrasilia,2595-6752,true,,
Paulo Freire,0717-9065;0719-8019,true,,
Pedagogia em Foco,1808-1576;2178-3039,true,,
Pedagogía social. Revista interuniversitaria,1139-1723;1989-9742,true,,
Pedagogía y Sociedad,1608-3784;3007-4363,true,,
Pediatría,1683-979X;1683-9803,true,,
Península,1870-5766;2594-2743,true,,
Pensamiento Actual,1409-0112;2215-3586,true,,
Pensamiento al margen,2386-6098,true,,
Pensamiento Americano,2027-2448;2745-1402,true,,
Pensamiento conjunto,2707-367X,true,,
Pensamiento crítico,1728-502X;2617-2143,true,,
Pensamiento crítico,2395-8162,true,,
Pensamiento educativo,0717-1013;0719-0409,true,,
Pensamiento matemático,2174-0410,true,,
Pensamiento. Revista de Investigación e Información Filosófica,0031-4749;2386-5822,true,,
Pensar,1519-8464;2317-2150,true,,
Pensar en Movimiento,1659-4436;1659-4711,true,,
Pensar la publicidad. Revista internacional de investigaciones publicitarias,1887-8598;1989-5143,true,,
Pensum,2469-0724,true,,
Per Musi,1517-7599;2317-6377,true,,
PerCursos,1984-7246;1519-5589,true,,
Perfiles,2477-9105;1390-5740,true,,
Perfiles de ingeniería,1996-6660;2519-5719,true,,
Perfiles económicos,0719-756X;0719-7586,true,,
Perfiles educativos,0185-2698;2448-6167,true,,
Perfiles latinoamericanos,0188-7653;2309-4982,true,,
Perifèria,1885-8996,true,,
Periférica. Revista para el análisis de la Cultura y el Territorio,1577-1172;2445-2696,true,,
Perífrasis,2145-9045;2145-8987,true,,
Perinatología y reproducción humana,0187-5337;2524-1710,true,,
Périplos,2594-7443,true,,
Perseitas,2346-1780,true,,
Persona,1560-6139;2309-9062,true,,
Persona y derecho,0211-4526;2254-6243,true,,
Persona y familia,2310-3345;2708-5457,true,,
Persona y sociedad,0716-730X;0719-0883,true,,
Perspectiva,1996-5257;1996-5389,true,,
Perspectiva Científica,3007-9497;3007-9500,true,,
Perspectiva educacional,0716-0488;0718-9729,true,,
Perspectiva geográfica,0123-3769;2500-8684,true,,
Perspectiva Revista de Ciencias Sociales,2525-1112,true,,
Perspectivas,1409-3669;2215-4728,true,,
Perspectivas de la Comunicación,0718-4867,true,,
Perspectivas de las ciencias económicas y jurídicas,2250-4087;2545-8566,true,,
Perspectivas em Ciência da Informação,1413-9936;1981-5344,true,,
Perspectivas en Inteligencia,2145-194X;2745-1690,true,,
Perspectivas metodológicas.,1666-3055;2618-4125,true,,
Perspectivas rurales,1409-3251;2215-5325,true,,
Perspectivas Sociais,2317-7438,true,,
Perspectivas Sociales y Administrativas.,3028-8983,true,,
Perspectivas: notas sobre intervención y acción social,0717-1714;0719-661X,true,,
Peruvian Agricultural Research,2706-9397,true,,
Peruvian Journal of Agronomy,2519-5581;2616-4477,true,,
Pesquimat,1560-912X;1609-8439,true,,
Pesquisa Agropecuária Gaúcha,0104-9070;2595-7686,true,,
Pesquisa e Debate em Educação,2237-9436;2237-9444,true,,
Pesquisa e Ensino em Ciências Exatas e da Natureza,2526-8236,true,,
Pesquisa Florestal Brasileira,1809-3647;1983-2605,true,,
PH. Boletín del Instituto Andaluz del Patrimonio Histórico,1134-6744;2340-7565;1136-1867,true,,
Phainomenon,1819-1983;2708-5023,true,,
Philobiblion,2444-1538,true,,
Philologia hispalensis,1132-0265;2253-8321,true,,
Philologica Canariensia,1136-3169;2386-8635,true,,
Philosophia,0328-9672;2313-9528,true,,
Philostrato,2530-9420,true,,
Phonica,1699-8774,true,,
Physiological mini-reviews,1669-5402;1669-5410,true,,
Pinelatinoamericana,2796-8677,true,,
Pirineos,0373-2568;1988-4281,true,,
Pirqas.,2684-0332,true,,
Pixel-Bit. Revista de Medios y Educación,1133-8482;2171-7966,true,,
Pléyade,0718-655X;0719-3696,true,,
Plurais,2177-5060;2447-9373,true,,
Plural : Revista de Ciências Sociais,2176-8099,true,,
Plurentes.,1853-6212,true,,
Pluriversidad,2617-6254;2617-6262,true,,
PNA,1886-1350;1887-3987,true,,
Población de Buenos Aires,1668-5458;2953-3538,true,,
Población y desarrollo: argonautas y caminantes,2221-7002;2709-8826,true,,
Población y Salud en Mesoamérica,1659-0201,true,,
Población y sociedad,0328-3445;1852-8562,true,,
PODIUM,2588-0969,true,,
Podium,1996-2452,true,,
Poeyana,0138-6476;2410-7492,true,,
Poiésis,1517-5677;2177-8566,true,,
Poíesis Pedagógica,2178-4442,true,,
Polhis,1853-7723,true,,
Polibotánica,1405-2768;2395-9525,true,,
Polifonías,2314-0488;2314-0496,true,,
Polígonos,1132-1202;2444-0272,true,,
Polis,1870-2333;2594-0686,true,,
Polis,0717-6554;0718-6568,true,,
Política,0716-1077;0719-5338,true,,
Política criminal,0718-3399,true,,
Política internacional,2961-2802;2788-6921,true,,
Política Internacional,1810-9330;2707-7330,true,,
Política y comunicación.,2953-3821,true,,
Política y estrategia,0716-7415;0719-8027,true,,
Política y gobernanza,2531-0062,true,,
Política y sociedad,1130-8001;1988-3129,true,,
"Política, globalidad y ciudadanía",2395-8448,true,,
Políticas de la memoria,1668-4885;2683-7234,true,,
Políticas públicas,0718-4611;0718-462X,true,,
Ponto Urbe,1981-3341,true,,
Portal de la Ciencia,2953-6502,true,,
"PORTES, revista mexicana de estudios sobre la Cuenca del Pacífico",1870-6800;2992-7870,true,,
Portugália,0871-4290;2183-3516,true,,
Portuguese journal of pediatrics,2184-4453,true,,
Pós,1982-9507;2238-2046,true,,
Pós. Revista do Programa de Pós-Graduação em Arquitetura e Urbanismo da FAUUSP,1518-9554;2317-2762,true,,
Posgrado y Sociedad,2215-2172,true,,
post,2631-2670,true,,
Potestas,1888-9867;2340-499X,true,,
Práctica arqueológica.,2618-2874,true,,
Práctica docente. Revista de investigación educativa,2683-2410,true,,
Práctica Familiar Rural,2477-9164,true,,
Prácticas de oficio,1851-6076,true,,
"Práticas da História. Journal on Theory, Historiography and Uses of the Past",2183-590X,true,,
"Práticas Educativas, Memórias e Oralidades",2675-519X,true,,
Praxis,1657-4915;2389-7856,true,,
Praxis & Saber,2216-0159;2462-8603,true,,
Práxis Educacional,1809-0249;2178-2679,true,,
Práxis Educativa,1809-4031;1809-4309,true,,
Praxis educativa,0328-9702;2313-934X,true,,
Praxis Filosófica,0120-4688;2389-9387,true,,
Praxis pedagógica,0124-1494;2590-8200,true,,
Praxis Revista del Centro de Física - UCE.,3103-1323,true,,
Príncipe de Viana,0032-8472;2530-5824,true,,
Principia,1414-4247;1808-1711,true,,
Prisma social,1989-3469,true,,
Prisma tecnológico,2312-637X;2076-8133,true,,
Prisma.com,1643-3153,true,,
Prismas,1666-1508;1852-0499,true,,
Pro Sciences: Revista de Producción Ciencias e Investigación,2588-1000,true,,
Pro Veritatem.,2215-5317;2215-4574,true,,
Problema. Anuario de filosofía y teoría del derecho,2007-4387;2448-7937,true,,
Problemas del desarrollo,0301-7036;2007-8951,true,,
Procesos,2588-0780;1390-0099,true,,
Processando o Saber,2177-4374;2179-5150,true,,
Production,0103-6513;1980-5411,true,,
Profesorado. Revista de currículum y formación de profesorado,1138-414X;1989-6395,true,,
Profile Issues in Teachers' Professional Development,1657-0790;2256-5760,true,,
Programación matemática y software,2007-3283,true,,
Prohistoria,1514-0032;1851-9504,true,,
Prólogos,2953-4879,true,,
Prometeica,1852-9488,true,,
Propósitos y representaciones,2307-7999;2310-4635,true,,
Propuestas Educativas,2708-6631,true,,
Prospectiva,0122-1213;2389-993X,true,,
Prospectivas UTC: Revista de ciencias administrativas y económicas,2631-259X,true,,
Protrepsis,2007-9273,true,,
Proyección,1667-0876;1852-0006,true,,
Proyección. Teología y Mundo Actual,3020-1810;0478-6378,true,,
Proyecciones,0716-0917;0717-6279,true,,
Proyecciones.,1667-8400;1853-6352,true,,
Proyecciones.,1850-6542;2618-5474,true,,
Proyecta 56,2340-8391;2386-5415,true,,
Proyecto Lumbre,2255-3487,true,,
"Proyecto, progreso, arquitectura",2171-6897;2173-1616,true,,
Prudentia Iuris,0326-2774;2524-9525,true,,
Psico Sophia,2992-7471,true,,
Psicoanálisis en la universidad.,2683-9938,true,,
Psicodiagnosticar.,0328-2104;3072-810X,true,,
Psicoespacios,2145-2779;2145-2776,true,,
PsicoInnova,2215-4590,true,,
Psicologia : Teoria e Prática,1516-3687;1980-6906,true,,
Psicología del desarrollo,1853-8746,true,,
Psicología educativa,1135-755X;2174-0526,true,,
Psicologia em Estudo,1413-7372;1807-0329,true,,
Psicología UNEMI,2602-8379,true,,
"Psicología, conocimiento y sociedad",1688-7026,true,,
"Psicología, Educación & Sociedad",2954-4378,true,,
Psicológica,0211-2159;1576-8597,true,,
Psicoperspectivas,0717-7798;0718-6924,true,,
Psicosomática y psiquiatría,2565-0564,true,,
Psicothema,0214-9915;1886-144X,true,,
Psicumex,2007-5936,true,,
PSIDIAL: Psicología y Diálogo de Saberes.,2806-5972,true,,
Psiquemag,2307-0846,true,,
Psocial.,2422-619X,true,,
PsychTech & Health Journal,2184-1004,true,,
Psykhe,0717-0297;0718-2228,true,,
Publicación Electrónica de la Asociación Paleontológica Argentina,2469-0228,true,,
Publicaciones de la Asociación Argentina de Humanidades Digitales,2718-7470,true,,
Publicaciones en Ciencias y Tecnología,2477-9660;1856-8890,true,,
Publicaciones UD AFyC sZ1.,2660-5511,true,,
Publicaciones. Facultad de Educación y Humanidades del Campus de Melilla,1577-4147;2530-9269,true,,
Publicar en antropología y ciencias sociales,0327-6627;2250-7671,true,,
Pucara,2661-6912;1390-0862,true,,
Pulso. Revista de educación,1577-0338;2445-2866,true,,
Punto CUNORTE,2448-6426;2594-1852,true,,
Punto Sur.,2683-7404,true,,
Puriq,2664-4029;2707-3602,true,,
"Pymes, innovación y desarrollo",2344-9195,true,,
Pyrenae,0079-8215;2339-9171,true,,
Qeuña,2412-2297;2708-2660,true,,
QhaliKay,2588-0608,true,,
Quaderns agraris,0213-0319;2013-9780,true,,
Quaderns d'Italià,2014-8828;1135-9730,true,,
Quaderns de filologia. Estudis lingüístics,1135-416X;2444-1449,true,,
Quaderns de filologia. Estudis literaris,1135-4178;2444-1457,true,,
Quaderns de filosofía,2341-1414;2341-3042,true,,
"Quadrante, Lisboa",0872-3915;2183-2838,true,,
Quadripartita ratio,2448-6485,true,,
Quaestio facti,2604-6202,true,,
Qualitas,1390-6569;2661-6610,true,,
Qualitative Research in Education,2014-6418,true,,
Questiones Publicitarias,1988-8732,true,,
Quêtes littéraires,2657-487X;2084-8099,true,,
Quid 16,2250-4060,true,,
Quintaesencia,1992-7096;2076-5363,true,,
Quintana. Revista do Departamento de Historia da Arte,1579-7414;2340-0005,true,,
Quinto sol,0329-2665;1851-2879,true,,
Quintú quimün,2591-541X,true,,
Quipukamayoc,1560-9103;1609-8196,true,,
Quitensis Research Journal.,3121-2786,true,,
Quivera revista de estudios territoriales,1405-8626;2594-102X,true,,
"Qvadrata Estudios sobre educación, artes y humanidades",2683-2143,true,,
RA. Revista de arquitectura,1138-5596;2254-6332,true,,
RAÍCES: Revista de Ciencias Sociales y Políticas,2520-9736,true,,
Raído,1982-629X;1984-4018,true,,
RASAL lingüística,2250-7353;2618-3455,true,,
Rassegna Iberistica,2037-6588;0392-4777,true,,
Ratio Iuris,2347-0143;2347-0151,true,,
Razón y Palabra,1605-4806,true,,
RC Rendición de cuentas,2992-7935,true,,
RChD: creación y pensamiento,0719-8426;0719-837X,true,,
Re-Visiones,2173-0040,true,,
REA,2953-2981,true,,
Realidad económica.,0325-1926;2618-1711,true,,
Realidad Empresarial,2415-5721;2789-2689,true,,
"Realidad, datos y espacio revista internacional de estadística y geografía",2007-2961;2395-8537,true,,
"Realidad, Revista de Ciencias Sociales y Humanidades",1991-3516;2520-0526,true,,
"Realidad, tendencias y desafíos en turismo",1850-4787;2545-6199,true,,
Rebiol,2313-3171,true,,
ReBOT,2764-5835,true,,
"REC, Cardioclinics",2605-1532;2605-1575,true,,
"REC, Interventional Cardiology",2604-7306;2604-7276,true,,
"RECAI revista de estudios de contaduría, administración e informática",2007-5278;2007-7386,true,,
Recerca. Revista de pensament i analisi,1130-6149;2254-4135,true,,
Recial,1853-4112;2718-658X,true,,
RECIAMUC: Revista de investigación actualización del mundo de las ciencias,2588-0748,true,,
ReCIBE,2007-5448,true,,
Reciena,2773-7608,true,,
ReCientec. Revista Científica Tecnológica,2708-7093,true,,
RECIHYS.,2960-821X,true,,
RECIMUNDO: Revista Científica Mundo de la Investigación y el Conocimiento,2588-073X,true,,
Recursos rurais,1885-5547;2255-5994,true,,
RECUS. Revista Electrónica Cooperación Unversidad Sociedad,2528-8075,true,,
RED. Revista de Educación a Distancia,1578-7680,true,,
REDEPSIC,2805-1904,true,,
REDER,0719-8477,true,,
Redes,1684-6737;2710-768X,true,,
Redes. Revista hispana para el análisis de redes sociales,1579-0185,true,,
REDIS,2183-3958,true,,
Redmarka. Revista académica de marketing aplicado,1852-2300,true,,
REDU. Revista de Docencia Universitaria,1887-4592,true,,
REFCalE: Revista electrónica Formación y Calidad Educativa,1390-9010,true,,
Referência,0874-0283;2182-2883,true,,
Referencia Pedagógica,2308-3042,true,,
Refracción,2695-6918,true,,
REGAE,2176-2171;2318-1338,true,,
Regap,1132-8371;2659-5338,true,,
REGEPE Entrepreneurship and Small Business Journal,2965-1506,true,,
Región y sociedad,1870-3925;2448-4849,true,,
Regiones y desarrollo sustentable,1665-9511;2594-1429,true,,
Registros,1668-1576;2250-8112,true,,
Regunt,2790-4873,true,,
REHMLAC.,1659-4223;2215-6097,true,,
Rehuso,2550-6587,true,,
REICE. Revista Electrónica de Investigación en Ciencias Económicas,2308-782X,true,,
REICIT,2805-1874,true,,
Reincisol,2953-6421,true,,
REIRE. Revista d'Innovació i Recerca en Educació,2013-2255,true,,
Relaciones (Sociedad Argentina de Antropología),0325-2221;1852-1479,true,,
Relaciones estudios de historia y sociedad,0185-3929;2448-7554,true,,
Relaciones Internacionales,1018-0583;2215-4582,true,,
Relaciones internacionales,1515-3371;2314-2766,true,,
Relaciones Internacionales,1699-3950,true,,
Relectiones,2386-2912;2386-8732,true,,
RELIEVE. Revista electrónica de investigación y evaluación educativa,1134-4032,true,,
Religación: Revista de Ciencias Sociales y Humanidades,2477-9083,true,,
REMAT,2447-2689,true,,
Rematec,1980-3141;2675-1909,true,,
REME : revista mineira de enfermagem,1415-2762;2316-9389,true,,
REMIE. Revista Multidisciplinar de Investigación Educativa,2014-2862,true,,
REMIPE,2446-8622,true,,
Remus,2954-4645,true,,
Repertorio Americano,0252-8479;2215-6143,true,,
Repertorio Científico,1021-6294,true,,
Repique,2550-6676,true,,
Reporteando,2661-6882,true,,
Reportes científicos de la FACEN,2222-145X;2078-399X,true,,
REPSI - Revista Ecuatoriana de Psicología,2661-670X,true,,
República y derecho,2525-1937,true,,
Res Gesta,0325-772X;2525-0884,true,,
Res Mobilis,2255-2057,true,,
RES NON VERBA: Revista Científica,1390-6968;2661-6769,true,,
Res publica,1576-4184;1989-6115,true,,
Research Club Scientia,3103-1315,true,,
Research in corpus linguistics,2243-4712,true,,
Research in Education and Learning Innovation Archives,2659-9031,true,,
Research on ageing and social policy,2014-671X,true,,
Reseñas CeLeHis,2362-5031,true,,
Reseñas de Enseñanza de la Historia.,1668-8864;2796-9304,true,,
Residência Pediátrica,2236-6814,true,,
RESISTANCES. Journal of the Philosophy of History,2737-6222,true,,
Respaldo revista Internacional de Administración de Oficinas y Educación Comercial,1659-3464;2215-4345,true,,
Respirar,2953-3414,true,,
Responsibility and sustainability,2340-5813,true,,
Respuestas,0122-820X;2422-5053,true,,
Rétor,1853-6034,true,,
Retos. Revista de Ciencias de la Administración y Economía,1390-6291;1390-8618,true,,
Retratos de Assentamentos,1516-8182;2527-2594,true,,
Rev Rene,1517-3852;2175-6783,true,,
REV SEN.,2953-6448,true,,
Rev. Soc. Parag. Nefrol.,3006-2217,true,,
REVCOM,2451-7836,true,,
REVELL : Revista de Estudos Literários da UEMS,2179-4456,true,,
Revemat,1981-1322,true,,
Revemop,2596-0245,true,,
REVES - Revista Relações Sociais,2595-4490,true,,
REVESCO. Revista de Estudios Cooperativos,1885-8031;1135-6618,true,,
REVICC - Revista de investigación científica para todas las ciencias,2953-6642,true,,
Review of Global Management,2517-9314;2662-0286,true,,
REVISA,2316-848X;2179-0981,true,,
Revisbrato,2526-3544,true,,
Revist@e-Mercatoria,1692-3960,true,,
Revista 180,0718-2309;0718-669X,true,,
"Revista 3i ingeniería, innovación, investigación",3078-6703,true,,
Revista académica Arjé,2215-5538,true,,
Revista académica creatividad e innovación en educación,2953-3015,true,,
Revista académica CUNZAC,2708-7158,true,,
Revista Académica Institucional,2953-769X,true,,
Revista Académica Internacional de Educación Física,2745-1887,true,,
Revista académica seguridad y estrategia,2790-1475,true,,
Revista Académica Seys,2796-986X,true,,
Revista académica Sociedad del Conocimiento CUNZAC,2789-4681,true,,
Revista académica y científica VICTEC,2737-6214,true,,
Revista ADENAG,1853-7367,true,,
Revista administración pública y sociedad,2524-9568,true,,
Revista Ágora,1980-0096,true,,
Revista agrotecnológica amazónica,2710-0510,true,,
Revista ALCONPAT,2007-6835,true,,
Revista alergia México,0002-5151;2448-9190,true,,
Revista alicantina de estudios Ingleses,0214-4808;2171-861X,true,,
Revista Amazonía Digital,2810-8701,true,,
Revista Amazonía Viva y Gestión sostenible,3084-7478,true,,
Revista Amazónica de Ciencias Ambientales y Ecológicas,2810-8817,true,,
Revista Amazónica de Ciencias Económicas.,2810-8825,true,,
Revista Amazónica de Ciencias Sociales,2810-8744,true,,
"Revista ambiental agua, aire y suelo",1900-9178;2711-3051,true,,
Revista Anales,2737-6370,true,,
Revista Andaluza de Medicina del Deporte,1888-7546;2172-5063,true,,
Revista andaluza de patología digestiva online,1134-7821;1988-317X,true,,
Revista Andina de Educación,2631-2816,true,,
Revista Aproximação,2675-228X,true,,
Revista Arbitrada Interdisciplinaria de Ciencias de la Salud. Salud y Vida,2610-8038,true,,
Revista Arbitrada Interdisciplinaria Koinonía,2542-3088,true,,
Revista archivos de medicina familiar y general,1852-656X,true,,
Revista argentina de antropología biológica,1514-7991;1853-6387,true,,
Revista argentina de ciencia política,0329-3092;2683-9032,true,,
Revista argentina de cirugía,0048-7600;2250-639X,true,,
Revista argentina de coloproctología,0326-9620;2683-7846,true,,
"Revista argentina de derecho de la energía, hidrocarburos y minería.",2362-3187;2362-3195,true,,
Revista argentina de dermatología,0325-2787;1851-300X,true,,
Revista argentina de educación superior,1852-8171,true,,
Revista argentina de estudios de juventud,1852-4907,true,,
Revista argentina de historiografía lingüística,1852-1495,true,,
Revista argentina de ingeniería.,2314-0925;2314-288X,true,,
Revista Argentina de Investigación Educativa.,2796-7433,true,,
Revista Argentina de Investigación Narrativa,2718-7519,true,,
Revista argentina de medicina,1515-3460;2618-4311,true,,
Revista argentina de producción animal,0326-0550;2314-324X,true,,
Revista argentina de reumatología,0327-4411;2362-3675,true,,
Revista argentina de salud pública,1852-8724;1853-810X,true,,
Revista argentina de terapia intensiva,2591-3387,true,,
Revista Asia América Latina,2524-9347,true,,
Revista Asociación Colombiana de Dermatología y Cirugía Dermatológica (En línea),1657-0448;2590-843X,true,,
Revista aSPAs,2238-3999,true,,
Revista Atlántica-Mediterránea de Prehistoria y Arqueología Social,1138-9435;2445-3072,true,,
Revista Aurora,1982-8004,true,,
Revista Baiana de Enfermagem,0102-5430;2178-8650,true,,
Revista Bases de la Ciencia,2588-0764,true,,
Revista bíblica.,0034-7078;2683-7153,true,,
Revista bibliotecas,1409-3049;1659-3286,true,,
Revista Big Bang Faustinanio,2305-4352;2307-2121,true,,
Revista Binacional Brasil-Argentina,2316-1205,true,,
Revista bio ciencias,2007-3380,true,,
Revista Biodiversidad Amazónica,2810-8752,true,,
Revista biológico agropecuaria Tuxpan,2007-6940,true,,
Revista biomédica,0188-493X;2007-8447,true,,
Revista boliviana de educación,2710-0537,true,,
Revista Brasileira de Agroecologia,1980-9735,true,,
Revista Brasileira de Atividade Física e Saúde,1413-3482;2317-1634,true,,
Revista Brasileira de Avaliação,2763-5775,true,,
Revista Brasileira de Cancerologia,0034-7116;2176-9745,true,,
Revista Brasileira de Ciências Policiais,2178-0013;2318-6917,true,,
Revista Brasileira de Contabilidade e Gestão,2764-7471,true,,
Revista Brasileira de Direito Processual Penal,2359-3881;2525-510X,true,,
Revista Brasileira de Economia Social e do Trabalho,2674-9564,true,,
Revista Brasileira de Educação do Campo,2525-4863,true,,
Revista Brasileira de Educação em Ciência da Informação,2358-3193,true,,
Revista Brasileira de Estudos da Presença,2237-2660,true,,
Revista Brasileira de Farmácia Hospitalar e Serviços de Saúde,2179-5924;2316-7750,true,,
Revista Brasileira de História da Ciência,1983-4713;2176-3275,true,,
Revista Brasileira de Medicina de Família e Comunidade,1809-5909;2179-7994,true,,
Revista Brasileira de Segurança Pública,1981-1659;2595-0258,true,,
Revista brasileira em promoção da saúde,1806-1222;1806-1230,true,,
Revista Brasileira Multidisciplinar,2527-2675,true,,
Revista cadena de cerebros,2448-8178,true,,
Revista Caribeña de Investigación Educativa,2636-2147;2636-2139,true,,
Revista cartográfica,0080-2085;2663-3981,true,,
Revista Catalana de Dret Ambiental,2014-038X,true,,
Revista catalana de dret públic,1885-5709;1885-8252,true,,
Revista catalana de pedagogia,1695-5641;2013-9594,true,,
Revista Catarinense da Ciência Contábil,1808-3781;2237-7662,true,,
Revista Cátedra,2631-2875,true,,
Revista CATHEDRA,2644-397X,true,,
Revista CEA,2390-0725;2422-3182,true,,
Revista Cenário,2318-8561,true,,
Revista CENIC. Ciencias biológicas,0253-5688;2221-2450,true,,
Revista CENIC. Ciencias químicas,1015-8553;2221-2442,true,,
Revista CENTRA de Ciencias Sociales,2951-8156;2951-6641,true,,
Revista Central de Sociología,0718-4379;2735-7058,true,,
Revista centroamerica de administración pública,1409-0937;2215-3047,true,,
Revista Cerrados,1678-8346;2448-2692,true,,
Revista Chapingo serie ciencias forestales y del ambiente,2007-3828;2007-4018,true,,
Revista Chapingo serie horticultura,1027-152X;2007-4034,true,,
Revista Chapingo serie zonas áridas,2007-526X,true,,
Revista Chicomoztoc,2992-7188,true,,
Revista chilena de cardiología,0716-7105;0718-8560,true,,
Revista chilena de derecho,0716-0747;0718-3437,true,,
Revista chilena de derecho privado,0718-0233;0718-8072,true,,
Revista chilena de derecho y tecnología,0719-2584,true,,
Revista chilena de dermatología,0717-2273;0719-9406,true,,
Revista chilena de economía y sociedad (En línea),0718-3933;0719-0891,true,,
Revista chilena de educación matemática,2452-5448;0718-1213,true,,
Revista chilena de enfermería,2452-5839,true,,
Revista chilena de entomología,0034-740X;0718-8994,true,,
Revista chilena de estudios medievales,0719-2215;0719-689X,true,,
Revista chilena de fonoaudiología,0717-4659;0719-4692,true,,
Revista chilena de historia natural,0716-078X;0717-6317,true,,
Revista chilena de infectología,0716-1018;0717-6341,true,,
Revista chilena de literatura,0048-7651;0718-2295,true,,
Revista chilena de neuro-psiquiatría,0034-7388;0717-9227,true,,
Revista chilena de nutrición,0716-1549;0717-7518,true,,
Revista chilena de obstetricia y ginecología,0048-766X;0717-7526,true,,
Revista chuy,2422-5932,true,,
Revista CIDOB d'afers internacionals,1133-6595;2013-035X,true,,
Revista Ciência Dinâmica,2176-6509,true,,
Revista Ciencia Innovadora.,3103-1226,true,,
Revista Ciencia Interdisciplinaria Internacional,3121-2948,true,,
Revista ciencia multidisciplinaria CUNORI,2617-474X;2617-4758,true,,
Revista Ciencia y Construcción.,2789-7605,true,,
REVISTA CIENCIA Y DESARROLLO.,2960-8295,true,,
Revista Ciencia y Líderes - FCE,2960-8104,true,,
Revista Ciencia y Poder Aéreo,1909-7050;2389-9468,true,,
Revista Ciencia y Tecnología,0378-052X;2215-5708,true,,
Revista Ciencia y Tecnología,2411-8044;2413-7057,true,,
Revista Ciencias Básicas en Salud,2981-5800,true,,
Revista Ciencias de la Educación y el Deporte.,3091-1648,true,,
Revista Ciencias de la Ingeniería y Aplicadas,2602-8255;2953-6588,true,,
"Revista Ciencias de la Salud de la Facultad de Medicina, UNIBE",1659-3545,true,,
Revista Ciencias de la Salud y Educación Médica,2523-0042,true,,
Revista Ciências e Odontologia,2527-0214,true,,
Revista Ciencias Marinas y Costeras,1659-407X;1659-455X,true,,
Revista Ciencias Pedagógicas e Innovación,1390-7603,true,,
Revista ciencias técnicas agropecuarias,1010-2760;2071-0054,true,,
Revista científica,2070-8246;2224-5545,true,,
Revista científica,0124-2253;2344-8350,true,,
Revista científica,2525-0396,true,,
Revista científica agroecosistemas,2415-2862,true,,
Revista Científica ANMAT,2796-7646,true,,
"Revista Científica Arbitrada de Investigación en Comunicación, Marketing y Empresa REICOMUNICAR",2737-6354,true,,
Revista Científica Arbitrada de la Fundación MenteClara,2469-0783,true,,
Revista Científica Arbitrada de Posgrado y Cooperación Internacional CLAUSTRO,2737-6478,true,,
Revista Científica Arbitrada en Investigaciones de la Salud GESTAR,2737-6273,true,,
"Revista Científica Arbitrada Multidisciplinaria de Ciencias Contables, Auditoría y Tributación: CORPORATUM 360",2737-6443,true,,
Revista Científica Arbitrada Multidisciplinaria PENTACIENCIAS,2806-5794,true,,
Revista Científica Ciencia y Método.,3103-1072,true,,
Revista científica ciencia y sociedad,2789-8113,true,,
Revista Científica Ciencia y Tecnología,2661-6734,true,,
Revista científica ciencias ingenieriles,2961-2357,true,,
"Revista científica cultura, comunicación y desarrollo",2664-3111,true,,
Revista científica de arquitectura y urbanismo,0258-591X;1815-5898,true,,
Revista Científica de Ciencias de la Salud,2306-0603;2411-0094,true,,
Revista Científica de Ciencias Naturales y Ambientales,2773-7772,true,,
Revista Científica de Educación Superior y Gobernanza Interuniversitaria Aula 24,2953-660X,true,,
Revista Científica de Enfermería,2071-5080;2071-596X,true,,
Revista científica de Estelí,3006-6700,true,,
Revista Científica de Estudios Sociales,2958-6070,true,,
Revista Científica de Informática ENCRIPTAR,2737-6389,true,,
Revista Científica de Ingeniería y Arquitectura,2959-9679,true,,
"Revista Científica de Innovación Educativa y Sociedad Actual ""ALCON""",2960-8473,true,,
Revista Científica de la Escuela Superior de Guerra del Ejército,2789-2514,true,,
Revista Científica de la Facultad de Derecho y Ciencias Sociales y Políticas.,2953-4232,true,,
Revista científica de la Facultad de Filosofía,2414-8717,true,,
Revista Científica de Salud BIOSANA,2960-8481,true,,
Revista científica de sistemas e informática,2709-992X,true,,
Revista Científica de UCES,2591-5266,true,,
Revista científica del sistema de estudios de posgrado,2523-6121;2707-2908,true,,
Revista científica diálogo forense,2707-8477;2789-8458,true,,
Revista Científica Ecociencia,1390-9320,true,,
Revista Científica Educ@ção Online,2526-8716,true,,
Revista científica El Capacho,2224-3623;2737-6680,true,,
Revista científica el surco,3081-0744,true,,
Revista científica en ciencias de la salud,2664-2891,true,,
Revista científica en ciencias sociales,2708-0412,true,,
Revista científica especialidades odontológicas UG,2600-576X,true,,
Revista científica estudios e investigaciones,2310-3507;2523-6113,true,,
Revista Científica FINIBUS,2737-6451,true,,
Revista Científica General José María Córdova,1900-6586;2500-7645,true,,
Revista Científica GeoLatitud,2661-6998,true,,
Revista Científica Guacamaya,2616-9711,true,,
Revista Científica Hallazgos21,2528-7915,true,,
Revista Científica Horizonte Empresarial,2313-3414,true,,
Revista Científica Humanidades,3007-7354,true,,
"Revista Científica INGENIAR: Ingeniería, Tecnología e Investigación",2737-6249,true,,
"Revista Científica Ingeniería: Ciencia, Tecnología e Innovación",2313-1926,true,,
Revista Científica Interdisciplinaria: Investigación y Saberes,1390-8146,true,,
Revista Científica Kosmos,3028-8819,true,,
Revista Científica Multidisciplinar G-ner@ndo,2806-5905,true,,
"Revista científica multidisciplinaria arbitrada ""Yachasun""",2697-3456,true,,
Revista Científica Multidisciplinaria HEXACIENCIAS,3028-8657,true,,
Revista Científica Multidisciplinaria InvestiGo.,2953-6367,true,,
Revista Científica Multidisciplinaria OGMA.,3028-8770,true,,
Revista Científica Odontológica,2310-2594;2523-2754,true,,
Revista Científica Orbis Cognita,2644-3813,true,,
Revista Científica Pensar Enfermagem,0873-8904;1647-5526,true,,
Revista Científica PROciencias.,3121-2972,true,,
Revista Científica Profundidad Construyendo Futuro,2422-1783;2422-2518,true,,
Revista Científica Ratio Iure,2810-8159,true,,
Revista Científica Retos de la Ciencia,2602-8247,true,,
Revista Científica Salud & Vida Sipanense,2313-0369,true,,
Revista Científica SAPIENTIAE,2600-6030,true,,
Revista Científica UISRAEL,1390-8545;2631-2786,true,,
Revista Científica UMH Sapientiae,2709-989X;2709-9903,true,,
Revista Científica Unanchay.,2953-6707,true,,
Revista científica Universidad Odontológica Dominicana,2409-5400,true,,
Revista científica vida natural,2992-6424,true,,
Revista Científica Visión Académica,3103-1536,true,,
Revista Científica y Arbitrada de Ciencias Sociales y Trabajo Social ´´TEJEDORA´´,2697-3626,true,,
Revista Científica y Arbitrada de Psicología NUNA YACHAY,2697-3588,true,,
"Revista Científica y Técnica Agropecuaria, Agroindustrial y Ambiental.",2796-9142,true,,
Revista Científica y Tecnológica UPSE,1390-7638;1390-7697,true,,
Revista Científica Zambos,3028-8843,true,,
Revista Clínica de la Escuela de Medicina UCR,2215-2741,true,,
Revista CNJ,2525-4502,true,,
Revista Cognosis,2588-0578,true,,
Revista colección,0328-7998;1850-003X,true,,
Revista Colegiada de Ciencia,2710-7434,true,,
Revista Coleta Científica,2763-6496,true,,
Revista colombiana de bioética,1900-6896;2590-9452,true,,
Revista colombiana de cancerología,2346-0199;0123-9015,true,,
Revista colombiana de ciencias hortícolas,2011-2173;2422-3719,true,,
Revista Colombiana de Ciencias Sociales,2216-1201,true,,
Revista Colombiana de Cirugía,2011-7582;2619-6107,true,,
Revista Colombiana de Entomología,0120-0488;2665-4385,true,,
Revista Colombiana de Medicina Física y Rehabilitación,0121-0041;2256-5655,true,,
Revista Colombiana de Nefrología,2389-7708;2500-5006,true,,
Revista colombiana de ortopedia y traumatología,0120-8845;2256-490X,true,,
Revista colombiana de rehabilitación,1692-1879;2619-5879,true,,
Revista colombiana de salud ocupacional,2322-634X,true,,
Revista colombiana de tecnologías de avanzada,1692-7257;2500-8625,true,,
"Revista Colón Ciencias, Tecnología y Negocios",2313-7819,true,,
Revista complutense de educación,1130-2496;1988-2793,true,,
"Revista Comunicación, Política y Seguridad.",2683-7374,true,,
Revista Comunicando,2182-4037,true,,
Revista Con-Secuencias,2791-1160,true,,
Revista conexiones.,1850-535X;2591-3344,true,,
Revista Confluencia (Santiago),2735-6027,true,,
Revista contenciosa,2347-0011,true,,
Revista Controle,1980-086X;2525-3387,true,,
Revista Costarricense de Orientación.,2215-6615,true,,
Revista Costarricense de Psicología,0257-1439;1659-2913,true,,
Revista Costarricense de Trabajo Social,1409-1763;2215-5120,true,,
Revista Cotopaxi Tech.,2806-5573,true,,
Revista criminalidad,1794-3108;2256-5531,true,,
Revista Criterios,2256-1161;2011-5733,true,,
Revista cubana de administración pública y empresarial,2664-0856,true,,
Revista cubana de anestesiología y reanimación,1726-6718,true,,
Revista cubana de cardiología y cirugía cardiovascular,0864-2168;1561-2937,true,,
Revista Cubana de Ciencias Forestales,2310-3469,true,,
Revista cubana de cirugía,0034-7493;1561-2945,true,,
Revista cubana de estomatología,0034-7507;1561-297X,true,,
"Revista Cubana de Hematología, Inmunología y Hemoterapia",0864-0289;1561-2996,true,,
Revista Cubana de Higiene y Epidemiología,0253-1151;1561-3003,true,,
Revista Cubana de Información en Ciencias de la Salud,2307-2113,true,,
Revista Cubana de Ingeniería,2223-1781,true,,
Revista cubana de investigaciones biomédicas,0864-0300;1561-3011,true,,
Revista Cubana de Medicina,0034-7523;1561-302X,true,,
Revista cubana de medicina militar,0138-6557;1561-3046,true,,
Revista cubana de reumatología,1606-5581;1817-5996,true,,
Revista Cubana de Tecnología de la Salud,2218-6719,true,,
Revista Cubana de Transformación Digital,2708-3411,true,,
Revista Cubana de Urología,2305-7939,true,,
Revista Cuidarte,2216-0973;2346-3414,true,,
Revista d'arqueología de Ponent,2385-4723;1131-883X,true,,
Revista d'estudis autonòmics i federals,1886-2632;2014-8658,true,,
Revista d'innovació docent universitària,2013-2298;2014-1319,true,,
Revista da ANPEGE,1679-768X;2317-6024,true,,
Revista da Defensoria Pública da União,1984-0322;2448-4555,true,,
Revista da Defensoria Pública do Distrito Federal,2674-5739;2674-5755,true,,
Revista da Escola de Guerra Naval,1809-3191;2359-3075,true,,
Revista da Faculdade de Direito da Universidade Federal de Minas Gerais,0304-2340;1984-1841,true,,
Revista da FAEEBA,0104-7043;2358-0194,true,,
Revista de Administração Contemporânea,1415-6555;1982-7849,true,,
Revista de análisis económico,0716-5927;0718-8870,true,,
Revista de análisis económico y financiero,2617-9989;2663-8908,true,,
Revista de análisis y difusión de perspectivas educativas y empresariales,2789-0899,true,,
Revista de Antropologia,0034-7701;1678-9857,true,,
Revista de antropología social,1131-558X;1988-2831,true,,
Revista de antropología visual.,2452-5189,true,,
Revista de antropología y filosofía de lo sagrado,2530-1233;2603-6053,true,,
Revista de arqueología histórica argentina y latinoamericana.,1851-3190;2344-9918,true,,
Revista de arquitectura,1657-0308;2357-626X,true,,
Revista de arquitectura,0716-8772;0719-5427,true,,
Revista de Bioética y Derecho,1886-5887,true,,
Revista de biología marina y oceanografía,0717-3326;0718-1957,true,,
Revista de Biología Tropical,0034-7744;2215-2075,true,,
Revista de cancioneros impresos y manuscritos,2254-7444,true,,
Revista de Ciência e Inovação do IF Farroupilha,2448-4083;2448-4091,true,,
Revista de ciencia e investigación en defensa,2709-1422,true,,
Revista de ciencia política,0716-1417;0718-090X,true,,
Revista de ciencia y tecnología,0329-8922;1851-7587,true,,
"Revista de ciencia y tecnología, El Higo (En línea)",2413-1911,true,,
Revista de Ciências Agrárias,1517-591X;2177-8760,true,,
Revista de ciencias agrícolas,0120-0135;2256-2273,true,,
Revista de Ciencias Agropecuarias ALLPA,2600-5883,true,,
Revista de ciencias ambientales,1409-2158;2215-3896,true,,
Revista de ciencias de la comunicación e información,2695-5016,true,,
Revista de Ciencias del Mar y Acuicultura YAKU,2600-5824,true,,
Revista de Ciências do Estado,2525-8036,true,,
Revista de Ciencias Económicas,0252-9521;2215-3489,true,,
Revista de ciencias empresariales,2468-9785;2468-9807,true,,
Revista de Ciencias Forenses de Honduras,2413-1067;2412-8058,true,,
Revista de Ciencias Jurídicas,0034-7787;2215-5155,true,,
Revista de ciencias médicas de Pinar del Río,1561-3194,true,,
Revista de ciencias penales de Costa Rica,2215-6704,true,,
Revista de ciencias sociales,0716-7725;0719-8442,true,,
Revista de ciencias sociales,0797-5538;1688-4981,true,,
Revista de Ciencias Sociales,0482-5276;2215-2601,true,,
Revista de ciencias sociales - Universidad del Zulia. Facultad de Ciencias Económicas y Sociales,1315-9518;2477-9431,true,,
Revista de Ciencias Sociales y Económicas.,2588-0594,true,,
Revista de ciencias tecnológicas,2594-1925,true,,
Revista de cirugía,2452-4549;2452-4557,true,,
Revista de Comunicación,1684-0933;2227-1465,true,,
Revista de Contabilidad = Spanish Accounting Review,1138-4891;1988-4672,true,,
Revista de Contabilidade e Organizações,1982-6486,true,,
Revista de Cultura de Paz,2631-2700,true,,
Revista de Culturas y Literaturas Comparadas,1852-4737;2591-3883,true,,
Revista de Defesa da Concorrência,2318-2253,true,,
Revista de derecho,2982-4257,true,,
Revista de derecho,2309-5296;2521-5159,true,,
Revista de derecho,1510-3714;2393-6193,true,,
Revista de Derecho,2313-6944;2707-9651,true,,
Revista de derecho,0716-9132;0718-0950,true,,
Revista de Derecho,1608-1714;2664-3669,true,,
Revista de derecho,0717-5345;0718-9753,true,,
Revista de derecho,0303-9986;0718-591X,true,,
Revista de Derecho,2409-1685;1993-4505,true,,
Revista de derecho - Universidad Católica de la Santísima Concepción (En línea),0717-0599;2735-6337,true,,
Revista de Derecho - Universidad de Montevideo. Facultad de Derecho,1510-5172;2301-1610,true,,
Revista de derecho - Universidad San Sebastián,0719-9376,true,,
Revista de derecho ambiental,0718-0101;0719-4633,true,,
Revista de derecho aplicado LLM UC,2452-4344,true,,
Revista de derecho civil,2341-2216,true,,
Revista de derecho comunitario europeo,1138-4026;1989-5569,true,,
Revista de derecho del sistema financiero,2695-9534;2695-9569,true,,
Revista de derecho económico,0716-310X;0719-7462,true,,
Revista de Derecho Electoral,1659-2069,true,,
Revista de Derecho Fiscal,1692-6722;2346-2434,true,,
Revista de derecho penal y criminología,1132-9955;2255-3533,true,,
Revista de derecho político,0211-979X;2174-5625,true,,
Revista de derecho privado,0123-4366;2346-2442,true,,
Revista de derecho procesal del trabajo,2708-9274,true,,
Revista de derecho público,2695-7191,true,,
Revista de derecho UNED,1886-9912;2255-3436,true,,
Revista de derecho y ciencia política,0034-7949;3028-9343,true,,
Revista de Direito,1806-8790;2527-0389,true,,
Revista de Direito da Faculdade Guanambi,2447-6536,true,,
Revista de Direito Econômico e Socioambiental,2179-345X;2179-8214,true,,
Revista de Direito Sanitário,1516-4179;2316-9044,true,,
Revista de Ecocardiografía Práctica y Otras Técnicas de Imagen Cardíaca - RETIC,2529-976X,true,,
Revista de Economia,0556-5782;2316-9397,true,,
Revista de economía,0188-266X;2395-8715,true,,
Revista de economia contemporânea,1415-9848;1980-5527,true,,
Revista de Economía Crítica,1696-0866;2013-5254,true,,
Revista de economia e sociologia rural,0103-2003;1806-9479,true,,
Revista de economía institucional,0124-5996;2346-2450,true,,
Revista de economía mundial,1576-0162;2340-4264,true,,
Revista de economía política de Buenos Aires,1850-6933;1853-1350,true,,
Revista de Economía y Estadística,0034-8066;2451-7321,true,,
Revista de Educação Física,2447-8946,true,,
Revista de educação geográfica - UP,2184-0091,true,,
Revista de Educação Matemática,1676-8868;2526-9062,true,,
Revista de Educação Popular,1678-5622;1982-7660,true,,
Revista de Educação Pública,0104-5962;2238-2097,true,,
Revista de educación,0034-8082;1988-592X,true,,
Revista de educación,1853-1318;1853-1326,true,,
Revista de educación ambiental y sostenibilidad,2659-708X,true,,
Revista de Educación de la Universidad de Costa Rica,0379-7082;2215-2644,true,,
Revista de Educación e Investigación en Emergencias,2604-6520,true,,
Revista de educación en biología,0329-5192;2344-9225,true,,
Revista de educación en cuidados críticos,2938-1304,true,,
Revista de educación inclusiva,1889-4208;1989-4643,true,,
Revista de educación matemática.,0326-8780;1852-2890,true,,
Revista de educación religiosa,2452-4379;2452-5936,true,,
Revista de educación y derecho,2013-584X;2386-4885,true,,
Revista de El Colegio de San Luis,1665-899X;2007-8846,true,,
Revista de Enfermagem da UFPI,2238-7234,true,,
Revista de enfermería neurológica,1870-6592;2954-3428,true,,
Revista de Enfermería Vascular,2604-1065,true,,
Revista de enseñanza de la física,0326-7091;2250-6101,true,,
Revista de Ensino de Biologia da SBEnBio,2763-8898,true,,
Revista de Ensino de Ciências e Matemática,2179-426X,true,,
"Revista de Ensino em Artes, Moda e Design",2594-4630,true,,
Revista de estilos de aprendizaje,1988-8996,true,,
Revista de estudios andaluces,0212-8594;2340-2776,true,,
Revista de estudios brasileños,2386-4540,true,,
Revista de estudios clásicos,0325-3465;2469-0643,true,,
Revista de estudios de género. La ventana,1405-9436;2448-7724,true,,
Revista de estudios de la administración local y autonómica,1699-7476;1989-8975,true,,
Revista de estudios de la justicia,0718-0853;0718-4735,true,,
Revista de estudios empresariales,0213-8964;1988-9046,true,,
Revista de estudios histórico-jurídicos,0716-5455;0717-6260,true,,
"Revista de estudios interdisciplinarios del arte, diseño y la cultura",2992-7552,true,,
Revista de Estudios Internacionales Mediterráneos,1887-4460,true,,
Revista de estudios jurídicos laborales y de seguridad social,2660-437X,true,,
Revista de estudios Kantianos,2445-0669,true,,
Revista de estudios latinos,1578-7486;2255-5056,true,,
Revista de estudios marítimos y sociales,1852-0669;2545-6237,true,,
Revista de estudios políticos,0048-7694;1989-0613,true,,
Revista de estudios políticos y estratégicos,0719-3653;0719-3688,true,,
Revista de estudios regionales,2992-7269;2992-734X,true,,
Revista de estudios regionales y mercado de trabajo.,2796-9851,true,,
Revista de estudios sobre genocidio,1851-8184;2362-3985,true,,
Revista de estudios sociales,0123-885X;1900-5180,true,,
Revista de estudios socioeducativos,2341-3255,true,,
Revista de estudios y experiencias en educación,0717-6945;0718-5162,true,,
Revista de Estudos Antiutilitaristas e Poscoloniais,2179-7501,true,,
Revista de Estudos Jurídicos da Unesp,1414-3097;2179-5177,true,,
Revista de extensión universitaria,2250-4591;2346-9986,true,,
Revista de Filología Española,0210-9174;1988-8538,true,,
Revista de filología románica,0212-999X;1988-2815,true,,
Revista de filología y lingüística de la Universidad de Costa Rica,0377-628X;2215-2628,true,,
Revista de filología. Universidad de La Laguna,0212-4130;2530-8548,true,,
Revista de filosofía,0034-8244;1988-284X,true,,
Revista de filosofía,0034-8236;0718-4360,true,,
Revista de filosofía - Universidad Católica de la Santísima Concepción (En línea),0717-7801;2735-6353,true,,
Revista de Filosofía de la Universidad de Costa Rica,0034-8252;2215-5589,true,,
Revista de filosofía Universidad Iberoamericana,0185-3481;2954-4602,true,,
Revista de filosofía y teoría política,0328-6223;2314-2553,true,,
Revista de Filosofía.,2953-3392,true,,
Revista de Finanzas.,3091-1729,true,,
Revista de fomento social,0015-6043;2695-6462,true,,
Revista de garantismo y derechos humanos,2448-833X,true,,
Revista de gastroenterología de México,0375-0906;2255-5528,true,,
Revista de Gastronomía y Cocina,2953-6480,true,,
Revista de geografía,1514-1942;2618-2084,true,,
Revista de geografía agrícola,0186-4394;2448-7368,true,,
Revista de geografía Norte Grande,0379-8682;0718-3402,true,,
Revista de geología aplicada a la ingeniería y el ambiente,1851-7838;2422-5703,true,,
"Revista de Gestión, Educación y Ciencias Sociales.",3073-1127,true,,
Revista de historia,0716-9108;0717-8832,true,,
Revista de Historia,1012-9790;2215-4744,true,,
Revista de historia americana y argentina,0556-5960;2314-1549,true,,
Revista de História da Educação Matemática,2447-6447,true,,
Revista de historia de América,0034-8325;2663-371X,true,,
Revista de historia de las prisiones,2451-6473,true,,
Revista de historia industrial,1132-7200;2385-3247,true,,
Revista de historia moderna,0212-5862;1989-9823,true,,
Revista de historia naval,0212-467X;2530-0873,true,,
Revista de historia social y de las mentalidades,0717-5248;0719-4749,true,,
Revista de historia universal.,0328-3704;2683-8869,true,,
Revista de historia y geografía,0719-4137;0719-4145,true,,
Revista de historiografía,1885-2718;2445-0057,true,,
Revista de humanidades,0717-0491;2452-445X,true,,
Revista de humanidades de Valparaíso,0719-4234;0719-4242,true,,
Revista de humanidades digitales,2531-1786,true,,
Revista de I+D Tecnológico,1680-8894;2219-6714,true,,
Revista de Inclusión Educativa y Diversidad,2810-6563,true,,
Revista de Indias,0034-8341;1988-3188,true,,
Revista de información científica,1028-9933,true,,
Revista de Iniciación Científica,2413-6786,true,,
Revista de Innovación y Transferencia Productiva,2810-8027,true,,
Revista de Investigação e Divulgação em Educação Matemática,2594-4673,true,,
Revista de investigación,2011-639X;2590-6062,true,,
Revista de investigación académica sin frontera,2007-8870,true,,
Revista de investigación académica y educación,2631-276X;2631-2778,true,,
Revista de investigación agropecuaria science and biotechnology,2788-6913,true,,
Revista de investigación aplicada en ciencias empresariales,0719-3084;0719-9910,true,,
Revista de investigación científica siglo XXI,2955-8409,true,,
Revista de Investigación científica y tecnológica,2521-9596;2617-2852,true,,
Revista de investigación científica y tecnológica Llamkasun,2709-2275,true,,
Revista de investigación clínica,0034-8376;2564-8896,true,,
Revista de Investigación de Agroproducción Sustentable,2520-5145;2520-9760,true,,
Revista de Investigación de Física,1605-7724;1728-2977,true,,
Revista de Investigación de la Universidad Norbert Wiener,2218-9254;2663-7677,true,,
Revista de investigación e información en salud,2075-6194;2075-6208,true,,
Revista de investigación e innovación agropecuaria y de recursos naturales,2409-1618;2518-6868,true,,
Revista de investigación educativa de la Escuela de Graduados en Educación,2007-3003;2007-2996,true,,
Revista de Investigación Educativa Niveles.,3073-1119,true,,
"Revista de investigación educativa, intervención pedagógica y docencia",2992-751X,true,,
"Revista de Investigación en Ciencias de la Educación, Actividad Física y Salud.",3073-1410,true,,
Revista de Investigación en Ciencias de la Educación.,3073-1461,true,,
Revista de investigación en didáctica de las ciencias sociales,2531-0968,true,,
Revista de Investigación en Educación,1697-5200;2172-3427,true,,
Revista de investigación en modelos financieros,2250-6861;2250-687X,true,,
Revista de Investigación en Musicoterapia,2530-8149,true,,
Revista de investigación en psicología,1560-909X;1609-7475,true,,
Revista de Investigación en Tecnologías de la Información,2387-0893,true,,
Revista de investigación enlace universitario,2631-245X;1390-6976,true,,
Revista de Investigación Hatun Yachay Wasi,2955-8255,true,,
Revista de investigación lingüística,1139-1146;1989-4554,true,,
Revista de investigación proyección científica,2957-8582,true,,
Revista de Investigación SIGMA,2631-2603,true,,
Revista de Investigación Talentos,2631-2476;1390-8197,true,,
Revista de investigación y disciplinas.,2683-9040,true,,
Revista de investigación y evaluación,2409-1553;2636-2260,true,,
Revista de Investigación y Pedagogía del Arte,2602-8158,true,,
"Revista de Investigación, Formación y Desarrollo: Generando Productividad Institucional",1390-9789,true,,
Revista de Investigaciones,1997-4035;2077-8686,true,,
Revista de Investigaciones Altoandinas,2306-8582;2313-2957,true,,
Revista de investigaciones de la Universidad Le Cordon Bleu,2409-1537,true,,
Revista de Investigaciones del Departamento de Ciencias de la Salud,2796-9991,true,,
"Revista de investigaciones en energía, medio ambiente y tecnología.",2588-0721,true,,
Revista de investigaciones políticas y sociológicas,1577-239X;2255-5986,true,,
Revista de investigaciones veterinarias del Peru - RIVEP,1682-3419;1609-9117,true,,
Revista de Investigações Constitucionais,2359-5639,true,,
Revista de la Academia,0717-1846;0719-6318,true,,
Revista de la Academia de Guerra del Ejército Ecuatoriano,2600-5697,true,,
Revista de la Asociación Argentina de Ortopedia y Traumatología,1515-1786;1852-7434,true,,
Revista de la Asociación Española de Investigación de la Comunicación : RAEIC,2341-2690,true,,
Revista de la Asociación Odontológica Argentina.,0004-4881;2683-7226,true,,
Revista de la carrera de sociología,1853-6484,true,,
Revista de la construcción,0717-7925;0718-915X,true,,
Revista de la educación superior,0185-2760;2395-9037,true,,
Revista de la Escuela de Antropología.,1852-1576;2618-2998,true,,
Revista de la Escuela de Ciencias de la Educación,1851-6297;2362-3349,true,,
Revista de la Escuela de Perfeccionamiento en Investigación Operativa,0329-7322;1853-9777,true,,
Revista de la Facultad de Agronomía,0041-8676;1669-9513,true,,
Revista de la Facultad de Ciencias Agrarias. Universidad Nacional de Cuyo,0370-4661;1853-8665,true,,
Revista de la Facultad de Ciencias Económicas,1668-6357;1668-6365,true,,
Revista de la Facultad de Ciencias Económicas,1390-7492;2806-5980,true,,
Revista de la Facultad de Ciencias Médicas,0014-6722;1853-0605,true,,
Revista de la Facultad de Ciencias Médicas de la Universidad de Cuenca,2661-6777,true,,
Revista de la Facultad de Ciencias Médicas de la Universidad de Guayaquil,1390-4442;2661-6726,true,,
"Revista de la Facultad de Ciencias Médicas, Universidad Central del Ecuador",2588-0691;2737-6141,true,,
Revista de la Facultad de Derecho,0797-8316;2301-0665,true,,
Revista de la Facultad de Derecho de México,0185-1810;2448-8933,true,,
Revista de la Facultad de Derecho y Ciencias Políticas,2519-7592;2709-8540,true,,
Revista de la Facultad de Medicina,0026-1742;2448-4865,true,,
Revista de la Facultad de Medicina,2304-5329;2304-5353,true,,
Revista de la Facultad de Medicina Humana de la Universidad Ricardo Palma,2308-0531;1814-5469,true,,
Revista de la Facultad de Medicina Veterinaria y de Zootecnia,0120-2952;2357-3813,true,,
Revista de la Facultad de Odontología,0325-1071;2545-7594,true,,
Revista de la Facultad de Odontología de la Universidad de Cuenca.,2960-8325,true,,
Revista de la Facultad de Odontología.,1668-7280;2683-7986,true,,
Revista de la Facultad de Odontología. Universidad de Buenos Aires.,0326-632X;1668-8538,true,,
Revista de la OFIL,1131-9429;1699-714X,true,,
Revista de la Pontificia Universidad Católica del Ecuador,1390-7719;2528-8156,true,,
"Revista de la Real Academia de Ciencias Exactas, Físicas y Naturales. Serie A: Matemáticas",1578-7303;1579-1505,true,,
Revista de la Red de Intercátedras de Historia de América Latina Contemporánea,2250-7264,true,,
Revista de la Sociedad Argentina de Diabetes.,0325-5247;2346-9420,true,,
Revista de la Sociedad Argentina de Endocrinología Ginecológica y Reproductiva,1515-8845;2469-0252,true,,
Revista de la Sociedad Científica del Paraguay,0379-9123;2617-4731,true,,
Revista de la Sociedad Entomológica Argentina,0373-5680;1851-7471,true,,
Revista de la Sociedad Geológica de España,0214-2708;2255-1379,true,,
Revista de la Sociedad Peruana de Medicina Interna,1019-309X;1609-7173;1681-9721,true,,
Revista de la Sociedad Química del Perú,1810-634X;2309-8740,true,,
Revista de las Cortes Generales,0213-0130;2659-9678,true,,
Revista de lengua y literatura,0327-1951;2408-4646,true,,
Revista de Lenguas Modernas,1659-1933;2215-5643,true,,
Revista de lenguas para fines específicos,1133-1127;2340-8561,true,,
"Revista de lenguas y literaturas catalana, gallega y vasca",1130-8508;2340-0285,true,,
Revista de lingüística y lenguas aplicadas,1886-2438;1886-6298,true,,
Revista de literatura,0034-849X;1988-4192,true,,
Revista de literatura medieval,1130-3611;2660-4574,true,,
Revista de literaturas modernas.,0556-6134;2683-8389,true,,
Revista de llengua i dret,0212-5056;2013-1453,true,,
Revista de marina,0034-8511;0719-4129,true,,
Revista de marketing y publicidad,2659-3904;2792-405X,true,,
Revista de Matemáticas: Teoría y Aplicaciones,1409-2433;2215-3373,true,,
Revista de Medicina e investigación Universidad Autónoma del Estado de México,2594-0600,true,,
Revista de Medicina Veterinaria,0325-6391;1852-771X,true,,
Revista de medicina y cine,1885-5210,true,,
Revista de metalurgia,0034-8570;1988-4222,true,,
Revista de métodos cuantitativos para la economía y la empresa,1886-516X,true,,
Revista de modelamiento matemático de sistemas biológicos,2735-6817,true,,
Revista de morfologia urbana,2182-7214,true,,
"Revista de nefrología, diálisis y trasplante",0326-3428;2346-8548,true,,
Revista de Neuro-Psiquiatría,1609-7394;0034-8597,true,,
Revista de Nutrición Clínica y Metabolismo,2619-564X;2619-3906,true,,
Revista de ocio y turismo,1888-6884;2695-6357,true,,
Revista de odontopediatría latinoamericana,2174-0798,true,,
Revista de orientación educacional,0716-5714;0719-5117,true,,
Revista de otorrinolaringología y cirugía de cabeza y cuello,0716-4084;0718-4816,true,,
Revista de Paz y Conflictos,1988-7221,true,,
Revista de poética medieval,1137-8905;2660-891X,true,,
Revista de Política Económica,2215-4167,true,,
Revista de Psicanálise da SPPA,1413-4438;2674-919X,true,,
Revista de Psicodidáctica,1136-1034;2254-4372,true,,
Revista de psicología,0716-8039;0719-0581,true,,
Revista de Psicología,0556-6274;2422-572X,true,,
Revista de Psicologia,0102-1222;2179-1740,true,,
Revista de psicología,2306-0565;2311-7397,true,,
Revista de Psicología del Trabajo y de las Organizaciones,1576-5962;2174-0534,true,,
Revista de Psicología Social,0213-4748;1579-3680,true,,
Revista de psicología y ciencias del comportamiento de la Unidad Académica de Ciencias Jurídicas y Sociales,2007-1833;2683-1813,true,,
Revista de psicología y psicopedagogía,2545-6253,true,,
Revista de psicología.,1669-2438;2469-2050,true,,
Revista de psiquiatría infanto-juvenil,1130-9512;2660-7271,true,,
Revista de química,1012-3946;2518-2803,true,,
Revista de sociología,0716-632X;0719-529X,true,,
Revista de sociología,1605-8933;1609-7580,true,,
Revista de sociología de la educación,2605-1923,true,,
Revista de teledetección,1133-0953;1988-8740,true,,
Revista de treball social,0212-7212;2339-6385,true,,
Revista de urbanismo,0717-5051,true,,
"Revista de USITE, Supervisión 21",1886-5895,true,,
Revista de veterinaria y zootecnia amazónica,2810-8175,true,,
Revista de victimología,2385-779X,true,,
Revista debate público,1853-6654,true,,
Revista Decifrar,2318-2229,true,,
Revista Decisión Gerencial.,2953-6391,true,,
Revista del Archivo General de la Nación,0259-2371;2707-2746,true,,
Revista del Archivo Nacional,1409-0279;2215-5600,true,,
Revista del Centro de Estudios de Sociología del Trabajo,1852-4648;1852-494X,true,,
Revista del Centro de Investigación de la Universidad La Salle,1665-8612;2992-6823,true,,
Revista del CESLA,1641-4713;2081-1160,true,,
Revista del Hospital de Niños,0521-517X;2314-1239,true,,
Revista del Hospital Italiano de Buenos Aires,1669-2578;2314-3312,true,,
Revista del IICE,0327-7763;2451-5434,true,,
"Revista del Instituto de Historia Antigua Oriental ""Dr. Abraham Rosenvasser"".",0325-1209;2683-9660,true,,
"Revista del Instituto de Investigación de la Facultad de Geología, Minas, Metalurgia y Ciencias Geográficas",1561-0888;1682-3087,true,,
Revista del Instituto de Investigaciones en Educación.,1853-1393,true,,
Revista del Instituto Electoral del Estado de México Apuntes electorales,1665-0921;2448-8585,true,,
Revista del Instituto Español de Estudios Estratégicos,2255-3479,true,,
Revista del Instituto Superior de Música (En línea),1666-7603;2362-3322,true,,
Revista del laboratorio iberoamericano para el estudio sociohistórico de las sexualidades,2659-8620,true,,
Revista del Museo Argentino de Ciencias Naturales,1514-5158;1853-0400,true,,
Revista del Museo de Antropología,1852-060X;1852-4826,true,,
Revista del Museo de La Plata,2545-6369;2545-6377,true,,
Revista del posgrado en derecho de la UNAM,2007-5995;2683-1783,true,,
Revista del Seminario de Historia Rural Andina,2519-0687;2616-664X,true,,
Revista Derecho,2411-1465;2789-3960,true,,
Revista derecho del estado,0122-9893;2346-2051,true,,
Revista Derecho Penal Central,2697-3359,true,,
Revista derecho y salud,2591-3468;2591-3476,true,,
Revista derechos en acción,2525-1678;2525-1686,true,,
Revista Desenvolvimento Social,1982-8608;2179-6807,true,,
Revista diecisiete,2695-4427,true,,
Revista Digital de Derecho Administrativo,2145-2946,true,,
Revista Digital de Investigación en Docencia Universitaria,2223-2516,true,,
Revista Digital de la Maestría en Ciencias Penales,1659-4479,true,,
Revista digital de políticas lingüísticas,1853-3256,true,,
Revista Digital de Postgrado,2244-761X,true,,
Revista Digital del Departamento de Ingeniería e Investigaciones Tecnológicas,2525-1333,true,,
Revista digital del Instituto Internacional de Costos.,2718-8507,true,,
Revista digital internacional de psicología y ciencia social,2448-8119,true,,
"Revista Digital Matemática, Educación e Internet",1659-0643,true,,
Revista Digital Tambara,2588-0977,true,,
Revista digital universitaria,1607-6079,true,,
Revista Direito e Sexualidade,2675-3596,true,,
"Revista discapacidad, clínica, neurociencias",2341-2526,true,,
Revista Discusiones.,1515-7326;2718-6474,true,,
Revista diversidad de las culturas.,2718-8310,true,,
Revista do CAAP,1415-0344;2238-3840,true,,
Revista do Instituto Adolfo Lutz,0073-9855;1983-3814,true,,
Revista do Instituto de Medicina Tropical de São Paulo,0036-4665;1678-9946,true,,
Revista dObra[s],1982-0313;2358-0003,true,,
Revista Docência do Ensino Superior,2237-5864,true,,
Revista docencia universitaria,2709-5428,true,,
Revista Economía,2697-3332;2697-3340,true,,
Revista Economía y Política,2477-9075,true,,
Revista Económica,2737-6257,true,,
Revista económica do nordeste,0100-4956;2357-9226,true,,
Revista Ecuatoriana de Medicina y Ciencias Biológicas,2477-9148,true,,
Revista Ecuatoriana de Nutrición Clínica y Metabolismo.,3073-1097,true,,
Revista Ecuatoriana de Ornitología.,2697-3685,true,,
Revista Ecuatoriana de Ortopedia y Traumatología SEOT,2600-5999,true,,
Revista educa UMCH,2617-8087;2617-0337,true,,
Revista Educação e Políticas em Debate,2238-8346,true,,
Revista Educación,2709-8761,true,,
Revista educación Las Américas,0719-7128,true,,
"Revista educación, política y sociedad",2445-4109,true,,
Revista Edutec,2764-9067,true,,
Revista electrónica,1851-3069,true,,
Revista Electrónica Calidad en la Educación Superior,1659-4703,true,,
Revista electrónica complutense de investigación en educación musical,1698-7454,true,,
Revista electrónica de AnestesiaR,1989-4090,true,,
Revista Electrónica de Ciencia y Tecnología del Instituto Universitario de Tecnología de Maracaibo,2443-4426,true,,
"Revista Electrónica de Conocimientos, Saberes y Prácticas",2616-8294,true,,
Revista Electrónica de Derecho Internacional Contemporáneo,2618-303X,true,,
Revista Electrónica de Direito,2182-9845,true,,
Revista Electrónica de divulgación de STEM de la Universidad Nacional de la Patagonia San Juan Bosco.,2683-8648,true,,
Revista electrónica de estudios internacionales,1697-5197,true,,
Revista electrónica de fuentes y archivos,1853-4503,true,,
Revista electrónica de investigación educativa,1607-4041,true,,
Revista electrónica de investigación en docencia universitaria.,2452-4875,true,,
Revista electrónica de investigación en educación en ciencias,1850-6666,true,,
Revista electrónica de la Cátedra Jean Monnet de la Facultad de Derecho de la Universidad de Buenos Aires.,2346-9196,true,,
Revista electrónica historias del Orbis Terrarum,0718-7246,true,,
Revista electrónica Iberoamericana,1988-0618,true,,
Revista electrónica interuniversitaria de formación del profesorado,1575-0965,true,,
Revista elektron,2525-0159,true,,
Revista Eletrônica Científica da UERGS,2448-0479,true,,
Revista Eletrônica Competências Digitais para Agricultura Familiar,2448-0452,true,,
Revista eletrônica de direito processual,1982-7636,true,,
Revista Eletrônica de Enfermagem,1518-1944,true,,
Revista Empresa y humanismo,1139-7608;2254-6413,true,,
Revista Enfermería a la Vanguardia,2308-1791;2308-7838,true,,
Revista Enfermería Herediana,2225-7616;2075-4000;1998-5487,true,,
Revista enfermería neonatal.,2591-6424,true,,
Revista enfoques,0718-0241;0718-9656,true,,
Revista Enfoques de la Comunicación,2661-6939;2806-5646,true,,
Revista enfoques educacionales (En línea),0717-3229;2735-7279,true,,
Revista entramados,2422-6459,true,,
Revista Entropía Educativa,2981-4723,true,,
Revista ERUDITUS,2697-3413,true,,
"Revista Escuela, Familia y Comunidad.",2960-8023,true,,
Revista ESMAT,2177-0360;2447-9896,true,,
Revista ESPAMCIENCIA,1390-597X;1390-8103,true,,
Revista española de antropología americana,0556-6533;1988-2718,true,,
Revista española de casos clínicos de medicina interna,2530-0792,true,,
Revista española de ciencia política,1575-6548;2173-9870,true,,
Revista española de cirugía oral y maxilofacial,1130-0558;2173-9161,true,,
Revista española de cirugía osteoarticular,0304-5056;2605-1656,true,,
Revista Española de Comunicación en Salud,1989-9882,true,,
Revista española de derecho constitucional,0211-5743;1989-0648,true,,
Revista española de desarrollo y cooperación,2794-0462;1137-8875,true,,
Revista española de discapacidad,2340-5104,true,,
Revista española de documentación científica,0210-0614;1988-4621,true,,
Revista Española de Educación Comparada,1137-8654;2174-5382,true,,
Revista española de estudios agrosociales y pesqueros,1575-1198;2605-0323,true,,
Revista española de investigación criminológica,1696-9219,true,,
Revista española de investigaciones sociológicas,0210-5233;1988-5903,true,,
Revista española de la transparencia: RET,2444-2607,true,,
Revista española de lingüística,0210-1874;2254-8769,true,,
Revista española de orientación y psicopedagogía,1139-7853;1989-7448,true,,
Revista española de pedagogía,0034-9461;2174-0909,true,,
Revista española de podología,0210-1238;2695-463X,true,,
Revista española de sociología,1578-2824;2445-0367,true,,
Revista especializada en investigación jurídica,2448-8739,true,,
Revista Especializada Justicia Electoral y Democracia.,2960-8155,true,,
Revista Espiga,1409-4002;2215-454X,true,,
Revista Espinhaço,2317-0611,true,,
Revista ESTOA,1390-9274,true,,
Revista Estomatológica Herediana,1019-4355;2225-7616,true,,
Revista Estudiantil CEUS (Ciencia Estudiantil Unidad de Salud),2806-5514,true,,
Revista Estudios,1659-1925;1659-3316,true,,
Revista estudios ambientales,2347-0941,true,,
Revista estudios de la información,2992-8184,true,,
Revista Estudios Socio-Juridicos,0124-0579;2145-4531,true,,
Revista Estudos e Pesquisas em Administração,2594-7559,true,,
Revista Estudos Feministas,0104-026X;1806-9584,true,,
Revista Eugenio Espejo,1390-7581;2661-6742,true,,
Revista Eureka sobre enseñanza y divulgación de las Ciencias,1697-011X,true,,
Revista euroamericana de antropología,2387-1555,true,,
Revista eurolatinoamericana de derecho administrativo,2362-583X,true,,
Revista Europea de Estudios Latinoamericanos y del Caribe,1879-4750;0924-0608,true,,
Revista ex lege electrónica,2395-9223,true,,
Revista Experiencia en Medicina,2412-4214,true,,
Revista Expressão Católica,2237-8782;2357-8483,true,,
Revista Facultad de Ingeniería,0121-1129;2357-5328,true,,
Revista Facultad de Ingeniería Universidad de Antioquia,0120-6230;2422-2844,true,,
Revista Facultad de Jurisprudencia.,2588-0837,true,,
Revista Facultad de Odontología Universidad de Antioquia,0121-246X;2145-7670,true,,
Revista FAECO Sapiens,2644-3821,true,,
Revista Fidélitas,2215-6070,true,,
Revista filosofía UIS,1692-2484;2145-8529,true,,
Revista Forestal del Perú,0556-6592;2523-1855,true,,
Revista Forestal Mesoamericana Kurú,2215-2504,true,,
Revista Franz Tamayo,2710-088X,true,,
Revista Fuentes,1575-7072;2172-7775,true,,
Revista galega de dereito social,1131-6926;1696-3083,true,,
Revista galega de economía,1132-2799;2255-5951,true,,
Revista Galega de Filoloxía,1576-2661;2444-9121,true,,
Revista general de información y documentación,1132-1873;1988-2858,true,,
Revista Geoespacial,2600-5921;1390-3993,true,,
Revista Geográfica de América Central,1011-484X;2215-2563,true,,
Revista geográfica de Chile Terra Australis,0378-8482;0719-9562,true,,
Revista Geographia,1517-7793;2674-8126,true,,
Revista Geológica de América Central,0256-7024;2215-261X,true,,
Revista Geotemas,2236-255X,true,,
Revista Gepesvida,2447-3545,true,,
Revista Gestão & Conexões,2317-5087,true,,
Revista Gestão & Saúde,1982-4785,true,,
Revista Gestão & Sustentabilidade,2596-142X,true,,
Revista Gestão e Organizações,2526-2289,true,,
Revista Gestión de la Innovación en Educación Superior,0719-742X;0719-7624,true,,
Revista Gestión de las Personas y Tecnología,0718-5693,true,,
Revista GICOS,2610-797X,true,,
"Revista Globalización, competitividad y gobernabilidad",1988-7116,true,,
Revista Gobierno y Gestión Pública,2414-4991,true,,
Revista Gregoriana de Ciencias de la Salud,3028-8940,true,,
Revista guatemalteca de cultura,2789-4207,true,,
Revista guatemalteca de educación superior,2708-9584,true,,
Revista guatemalteca de urología,2706-8048;2707-9805,true,,
Revista Guillermo de Ockham,1794-192X;2256-3202,true,,
Revista habanera de Ciencias médicas,1729-519X,true,,
Revista hábitat sustentable,0719-0700,true,,
Revista herediana de rehabilitación,2518-8526,true,,
Revista hidrolatinoamericana de jóvenes investigadores y profesionales,2520-2960,true,,
Revista Higía de la Salud,2773-7705,true,,
Revista hispanoamericana de ciencias de la salud,2215-4248;2215-4256,true,,
Revista Historia Autónoma,2254-8726,true,,
Revista Historia Económica de América Latina,2982-4443,true,,
Revista Hormigón,0325-8947;2718-9058,true,,
Revista Humanidades,2309-687X;3080-7050,true,,
Revista Humanismo y Cambio Social,2412-2572;2309-6713,true,,
Revista Iberoamericana Ambiente & Sustentabilidad,2697-3510;2697-3529,true,,
Revista iberoamericana de aprendizaje servicio,2339-9341,true,,
Revista iberoamericana de argumentación,2172-8801,true,,
Revista iberoamericana de automática e informática industrial,1697-7912;1697-7920,true,,
Revista Iberoamericana de Bioeconomía y Cambio Climàtico,2410-7980,true,,
Revista iberoamericana de bioética,2529-9573,true,,
Revista iberoamericana de ciencia tecnología y sociedad,1668-0030;1850-0013,true,,
Revista iberoamericana de economía solidaria e innovación socioecológica,2659-3351,true,,
Revista Iberoamericana de Educación,2737-632X,true,,
Revista iberoamericana de educación,1022-6508;1681-5653,true,,
Revista Iberoamericana de Educación e Investigación en Enfermería,2174-6915;2254-4100,true,,
Revista iberoamericana de educación superior,2007-2872,true,,
Revista Iberoamericana de Estudios de Desarrollo,2254-2035,true,,
Revista iberoamericana de estudios municipales,0718-8838;0719-1790,true,,
Revista Iberoamericana de Evaluación Educativa,1989-0397,true,,
Revista iberoamericana de gobierno local,2173-8254,true,,
Revista Iberoamericana de Investigación en Educación (RIIED),2790-2021;2789-3499,true,,
Revista iberoamericana de la propiedad intelectual,2422-569X,true,,
Revista iberoamericana de psicología,2027-1786;2500-6517,true,,
Revista iberoamericana de tecnología en educación y educación en tecnología,1850-9959,true,,
"Revista Iberoamericana sobre Calidad, Eficacia y Cambio en Educación",1696-4713,true,,
"Revista ID EST (Investigación, Desarrollo, Educación, Servicio y Trabajo)",2745-1194,true,,
Revista IDEAS,1982-257X;1984-9834,true,,
Revista IDI (+).,2215-5112,true,,
Revista IECOS,2788-7480,true,,
Revista indexada de textos académicos,2340-9711;2386-7027,true,,
"Revista infancia, educación y aprendizaje",0719-6202,true,,
Revista Informação na Sociedade Contemporânea,2447-0198,true,,
Revista ingeniería de construcción,0716-2952;0718-5073,true,,
Revista Ingeniería e Innovación del Futuro,3028-869X,true,,
Revista ingeniería y sus alcances,2664-8245,true,,
Revista Ingenio,2011-642X;2389-864X,true,,
Revista Ingenio global,3028-8800,true,,
Revista innova educación,2664-1488;2664-1496,true,,
Revista Innovación Digital y Desarrollo Sostenible - IDS,2711-3760,true,,
Revista Innovación Universitaria,2953-7606,true,,
Revista Insignare Scientia,2595-4520,true,,
"Revista Institucional de Investigación Metanoia: Ciencia, Tecnología, Innovación",1390-9282;2953-6545,true,,
Revista integración y cooperación internacional,1852-9798,true,,
Revista interamericana de ambiente y turismo,0717-6651;0718-235X,true,,
Revista interamericana de cardiología,2938-4443,true,,
Revista Interdisciplinar de Ciência Aplicada,2525-3824,true,,
"Revista Interdisciplinaria de Educación, Salud, Actividad Física y Deporte.",3073-1046,true,,
Revista interdisciplinaria de estudios de género de El Colegio de México,2395-9185,true,,
Revista interdisciplinaria de estudios sociales.,1853-1679;2469-1860,true,,
Revista interdisciplinaria de fenomenología,2718-8698,true,,
Revista Interdisciplinaria de Teología,2953-5336,true,,
Revista Interinstitucional Artes de Educar,2359-6856,true,,
Revista internacional Consinter de direito,2183-6396;2183-9522,true,,
Revista internacional de ciencias sociales,2955-8778,true,,
Revista internacional de cooperación y desarrollo,2382-5014,true,,
Revista Internacional de Culturas y Literaturas,1885-3625,true,,
Revista Internacional de Derecho Romano,1989-1970,true,,
Revista internacional de derechos humanos,2250-5210;2422-7188,true,,
Revista Internacional de Doctrina y Jurisprudencia,2255-1824,true,,
Revista internacional de educación para la justicia social,2254-3139,true,,
Revista Internacional de Estudios Asiáticos,2215-6623,true,,
Revista Internacional de Estudios en Ciencias Administrativas STRATEGOS.,3073-1291,true,,
Revista internacional de estudios en educación,1405-9525;2954-3401,true,,
Revista internacional de estudios migratorios,2173-1950,true,,
Revista Internacional de Folkcomunicação,1807-4960,true,,
"Revista Internacional de Gestión, Innovación y Sostenibilidad Turística",2806-5700,true,,
Revista Internacional de Historia de la Comunicación,2255-5129,true,,
Revista internacional de ingeniería de estructuras,1390-0315;2697-3669,true,,
Revista internacional de investigación en adicciones,2448-573X;2448-6396,true,,
Revista internacional de lenguas extranjeras,2014-8100,true,,
Revista internacional de métodos numéricos para cálculo y diseño en ingeniería,0213-1315;1886-158X,true,,
Revista Internacional de Organizaciones,1886-4171,true,,
Revista Internacional de Pensamiento Político,1885-589X;2695-575X,true,,
Revista Internacional de Relaciones Públicas,2174-3681,true,,
Revista internacional de salud materno fetal,2519-9994,true,,
Revista internacional de sociología,0034-9712;1988-429X,true,,
Revista internacional de turismo y empresa,2530-7134,true,,
Revista internacional DIGILEC,2386-6691,true,,
Revista Internacional y Comparada de Relaciones Laborales y Derecho del Empleo,2282-2313,true,,
Revista interuniversitaria de investigación en tecnología educativa,2529-9638,true,,
Revista Investigación y Educación en Salud,2960-818X,true,,
Revista Investigaciones Agropecuarias,2644-3856,true,,
Revista INVI,0718-1299;0718-8358,true,,
Revista IRICE,0327-392X;2618-4052,true,,
Revista Ítalo-Española de Derecho Procesal,2605-5244,true,,
Revista IURIS,2602-8425;1390-0846,true,,
Revista IUS,1870-2147;2594-2816,true,,
Revista JRG de Estudos Acadêmicos,2595-1661,true,,
Revista Jurídica Austral.,2684-057X,true,,
Revista Jurídica Científica SSIAS,2313-3325;2663-0753,true,,
Revista Jurídica Crítica y Derecho,2737-629X;2737-6281,true,,
Revista Jurídica da Ufersa,2526-9488,true,,
Revista jurídica de Castilla y León,1696-6759;2254-3805,true,,
Revista jurídica de la Procuraduría General del Estado,2955-8948,true,,
Revista Jurídica de la Universidad Americana,2522-3968,true,,
Revista jurídica digital UAndes,0719-7942,true,,
Revista jurídica Investigación en ciencias jurídicas y sociales,2415-5071,true,,
Revista Jurídica Trabalho e Desenvolvimento Humano,2595-9689,true,,
Revista Jurídica Universidad Nacional del Oeste.,3008-8062;3008-8321,true,,
Revista Jurídicas CUC,2389-7716;1692-3030,true,,
Revista Justicia & trabajo,2952-1955,true,,
Revista justicia y derecho,0719-9392,true,,
Revista Katálysis,1414-4980;1982-0259,true,,
Revista Kawsaypacha,2523-2894;2709-3689,true,,
Revista Kera Yvoty: reflexiones sobre la cuestión social,2519-7797;2788-9572,true,,
Revista Killkana Salud y Bienestar,2588-0640,true,,
Revista Killkana Sociales,2588-087X,true,,
Revista Killkana Técnica,2588-0888,true,,
Revista Latente,1697-459X;2386-8503,true,,
Revista Latina de Comunicación Social,1138-5820,true,,
Revista Latinoamericana de Antropología del Trabajo,2591-2755,true,,
Revista Latinoamericana de Ciencias de la Comunicación,1807-3026;2238-1694,true,,
Revista Latinoamericana de Comunicación Chasqui,1390-1079;1390-924X,true,,
Revista latinoamericana de derecho social,1870-4670;2448-7899,true,,
Revista Latinoamericana de Derechos Humanos,1659-3219;2215-4221;1659-4304,true,,
Revista latinoamericana de educación inclusiva,0718-5480;0718-7378,true,,
Revista latinoamericana de estudios críticos animales,2346-920X,true,,
Revista latinoamericana de estudios educativos,0185-1284;2448-878X,true,,
Revista latinoamericana de estudios rurales,2525-1635,true,,
Revista latinoamericana de filosofía,0325-0725;1852-7353,true,,
Revista latinoamericana de herpetología,2594-2158,true,,
Revista latinoamericana de investigación en matemática educativa,1665-2436;2007-6819,true,,
Revista latinoamericana de la papa,1853-4961,true,,
Revista latinoamericana de metodología de las ciencias sociales,1853-7863,true,,
Revista latinoamericana de opinión pública,1852-9003;2660-700X,true,,
Revista latinoamericana de políticas y administración de la educación,2408-4573,true,,
Revista latinoamericana de psicología existencial,1853-3051,true,,
Revista latinoamericana de recursos naturales,1870-0667;2594-0384,true,,
Revista latinoamericana de tecnología educativa,1695-288X,true,,
Revista Latinoamericana de Trabajo y Trabajadores,2667-3231,true,,
"Revista latinoamericana en discapacidad, sociedad y derechos humanos",2525-1643,true,,
Revista Latinoamericana Estudios de la Paz y el Conflicto,2707-8914;2707-8922,true,,
Revista lengua y cultura,2683-2321,true,,
Revista Lengua y Literatura,2707-0107,true,,
Revista Linguagem em Foco,2176-7955;2674-8266,true,,
Revista Logos Guardia Civil,2952-394X;2952-3249,true,,
Revista Lusófona de Estudos Culturais,2183-0886;2184-0458,true,,
Revista M,2525-3050,true,,
Revista Magazine de las Ciencias,2528-8091,true,,
Revista Maracanan,1807-989X;2359-0092,true,,
Revista matemática complutense,1139-1138;1988-2807,true,,
Revista matemática iberoamericana,0213-2230;2235-0616,true,,
Revista médica,2521-859X;2617-7803,true,,
Revista médica,2074-7004;2664-3677,true,,
Revista Médica Basadrina,2077-0014;2617-6068,true,,
Revista Médica Científica Cambios,2661-6947,true,,
Revista médica de Chile,0034-9887;0717-6163,true,,
Revista Médica de la Universidad de Costa Rica,1659-2441,true,,
Revista Médica de Minas Gerais,0103-880X;2238-3182,true,,
Revista médica de Trujillo,1028-7272;2522-6150,true,,
Revista médica del Hospital General de México,0185-1063;2524-177X,true,,
Revista médica del Instituto Mexicano del Seguro Social,0443-5117;2448-5667,true,,
Revista médica del Uruguay,0303-3295;1688-0390,true,,
Revista Médica Electrónica,1684-1824,true,,
Revista médica hondureña,0375-1112;1995-7068,true,,
Revista médica panacea,2223-2893;2225-6989,true,,
Revista Médica Vozandes,2697-3472,true,,
Revista Medicina Académica.,2953-5832,true,,
Revista médico científica UNACHI,2992-6610,true,,
Revista Mediterránea de Comunicación,1989-872X,true,,
Revista Melibea.,2422-8117,true,,
Revista Methodo,2545-8302,true,,
Revista Metropolitana de Ciencias Aplicadas,2631-2662,true,,
Revista mexicana de análisis de la conducta,0185-4534;2007-0802,true,,
Revista mexicana de análisis político y administración pública,2007-4425;2007-4638,true,,
Revista mexicana de bachillerato a distancia,2395-9800;2007-4751,true,,
Revista mexicana de biodiversidad,1870-3453;2007-8706,true,,
Revista mexicana de ciencias agrícolas,2007-0934;2007-9230,true,,
Revista mexicana de ciencias de la cultura física,2992-7048,true,,
Revista mexicana de ciencias forestales,2007-1132;2448-6671,true,,
Revista mexicana de ciencias geológicas,1026-8774;2007-2902,true,,
Revista mexicana de ciencias pecuarias,2007-1124;2448-6698,true,,
Revista Mexicana de Ciencias Penales,0187-0416;2954-4963,true,,
Revista mexicana de ciencias políticas y sociales,0185-1918;2448-492X,true,,
Revista mexicana de economía y finanzas nueva época REMEF,1665-5346;2448-6795,true,,
"Revista mexicana de endocrinología, metabolismo y nutrición",2339-9643;2462-4144,true,,
Revista mexicana de enfermería,2339-7284;2696-8584,true,,
Revista mexicana de física,0035-001X;2683-2224,true,,
Revista mexicana de física E,1870-3542;2683-2216,true,,
Revista mexicana de fitopatología,0185-3309;2007-8080,true,,
Revista mexicana de ingeniería biomédica,0188-9532;2395-9126,true,,
Revista mexicana de ingeniería química,1665-2738;2395-8472,true,,
Revista Mexicana de Investigación e Intervención Educativa,2992-7927,true,,
Revista mexicana de investigación educativa,1405-6666;2594-2271,true,,
Revista mexicana de neurociencia,1665-5094;2604-6180;1665-5044,true,,
Revista Mexicana de Opinión Pública,1870-7300;2448-4911,true,,
Revista mexicana de sociología,0188-2503;2594-0651,true,,
Revista mexicana de trastornos alimentarios,2007-1523,true,,
Revista mexicana de urología,0185-4542;2007-4085,true,,
Revista minerva,2521-8794,true,,
Revista Minerva,2953-6316,true,,
Revista mosaicum,1808-589X;1980-4180,true,,
Revista Multi-Ensayos,2412-3285,true,,
Revista Multidisciplinar de Estudios Generales (REG).,3073-1259,true,,
Revista Multidisciplinar InnovaSciT.,3091-1826,true,,
Revista Multidisciplinaria de Investigación Científica.,3103-1188,true,,
Revista Multidisciplinaria Ecuacientífica.,3091-1796,true,,
Revista Multidisciplinaria Investigación Contemporánea,2960-8015,true,,
Revista Multidisciplinaria Perspectivas Investigativas,2773-7411,true,,
Revista Multidisciplinaria Voces de América y el Caribe,2981-7463,true,,
Revista Mundo Recursivo,2600-5700,true,,
Revista Mundos do Trabalho,1984-9222,true,,
Revista murciana de antropología,1135-691X;1989-6204,true,,
Revista musical chilena,0716-2790;0717-6252,true,,
Revista Mvz Córdoba,0122-0268;1909-0544,true,,
Revista Nacional de Administración,1659-4908;1659-4932,true,,
"Revista naturaleza, sociedad y ambiente",2707-9643;2313-786X,true,,
Revista Neiba : Cadernos Argentina-Brasil,2317-3459,true,,
Revista nicolaita de estudios económicos,1870-5464;2007-9877,true,,
Revista notas de enfermería.,1668-8821;2618-3692,true,,
Revista nuestramérica,0719-3092,true,,
Revista Nuevo Humanismo,1405-0234;2215-4078,true,,
Revista Numismática Hécate,2386-8643,true,,
Revista NUPEM,2175-7429;2176-7912,true,,
Revista Observatório,2447-4266,true,,
Revista ocupación humana,0122-0942;2590-7816,true,,
Revista Odeere,2525-4715,true,,
Revista ODIGOS,2697-3405,true,,
Revista Odontológica Basadrina,2664-1216;2664-4649,true,,
Revista oeconomicus UNH.,2955-859X,true,,
Revista oficial del poder judicial,1997-6682;2663-9130,true,,
Revista oftálmica,2791-2787,true,,
Revista Opinião Jurídica,1806-0420;2447-6641,true,,
Revista Oratores,2644-3988,true,,
Revista ORL,2444-7986,true,,
Revista Ouricuri,2176-3216;2317-0131,true,,
Revista Panameña de Ciencias Sociales,2710-7531,true,,
Revista panamericana de comunicación,2683-2208,true,,
Revista panamericana de pedagogía,1665-0557;2594-2190,true,,
Revista Paraguaya de Educación,2305-1787,true,,
Revista Paraguaya de Educación a Distancia,2707-3297,true,,
Revista Paranaense de Enfermagem,2596-0342,true,,
Revista Pares,2718-8582,true,,
Revista Pathos,2447-6137,true,,
Revista Pedagógica,1415-8175;1984-1566,true,,
Revista Pediátrica Especializada,2955-8964;2955-8956,true,,
Revista Perspectiva Empresarial,2389-8186;2389-8194,true,,
Revista Perspectivas,2661-6688,true,,
Revista Pertinencia Acádemica,2588-1019,true,,
Revista peruana de biología,1561-0837;1727-9933,true,,
Revista peruana de ciencias de la salud,2707-6946;2707-6954,true,,
Revista peruana de computación y sistemas,2617-2003,true,,
Revista Peruana de Derecho Constitucional,2222-0615;2664-2719,true,,
Revista peruana de educación,2708-7107,true,,
Revista Peruana de Investigación Agropecuaria,2955-831X,true,,
Revista peruana de investigación e innovación educativa,2789-0880,true,,
Revista Peruana de Investigación en Salud,2616-6097,true,,
Revista Peruana de Investigación Materno Perinatal,2305-3887;2663-113X,true,,
Revista Peruana de Pediatría,1993-6826;1993-6834,true,,
Revista Pesquisa Qualitativa,1809-0257;2525-8222,true,,
Revista PesquisAgro,2596-0644,true,,
Revista Pilquen. Sección Ciencias Sociales,1666-0579;1851-3123,true,,
Revista Plus Economía,2644-4046,true,,
Revista Poliedro,2594-4398,true,,
Revista Politécnica,2477-8990;1390-0129,true,,
Revista Politécnica de la Ciencia.,3091-2008,true,,
Revista Política Austral,2953-4151;2953-4321,true,,
Revista Política y Ciencias Administrativas,3028-8703,true,,
Revista portuguesa de educação,0871-9187;2183-0452,true,,
Revista portuguesa de enfermagem de reabilitação,2184-3023,true,,
Revista Portuguesa de Investigação Comportamental e Social,2183-4938,true,,
Revista portuguesa de investigação educacional,1645-4006;2182-4614,true,,
Revista Practicum,2530-4550,true,,
Revista Prática Docente,2526-2149,true,,
Revista prefacio.,2591-3905,true,,
Revista Principia,1517-0306;2447-9187,true,,
Revista PRISMA Amazónico.,3103-1099,true,,
"Revista Processus de Estudos de Gestão, Jurídicos e Financeiros",2178-2008,true,,
Revista Processus de políticas Públicas e Desenvolvimento Social,2675-0236,true,,
Revista protesta y carisma,2452-5308,true,,
"Revista psicodebate: psicología, cultura y sociedad",1515-2251;2451-6600,true,,
"Revista Psicologia, Diversidade e Saúde",2317-3394,true,,
Revista Psicologia(s),1948-559X,true,,
Revista Psicológica Herediana,1818-6408;2663-8797,true,,
Revista pueblos y fronteras digital,1870-4115,true,,
Revista Punto Género,0719-0417;2735-7473,true,,
Revista quaestio iuris,2664-3952;2664-3960,true,,
Revista question.,1669-6581,true,,
Revista realidad educativa,2452-6134,true,,
Revista Reamec,2318-6674,true,,
Revista Recursos Naturales Producción y Sostenibilidad (RENPYS),2953-6561,true,,
Revista RedCA,2594-2824,true,,
Revista reflexiones,1021-1209;1659-2859,true,,
Revista Relaciones internacionales,2664-2611;2709-4936,true,,
Revista RELAYN micro y pequeña empresa en Latinoamérica,2594-1674,true,,
Revista Retos para la Investigación,3028-8681,true,,
Revista Reumatología al Día,2953-6332,true,,
Revista RJUAM,1575-720X;2174-0844,true,,
Revista rupturas,2215-2989;2215-2466,true,,
Revista SAAP,1666-7883;1853-1970,true,,
Revista Saber Estratégico Internacional,3121-2956,true,,
Revista Saberes APUDEP,2644-3805,true,,
Revista Salud integral,3005-5946;3005-5954,true,,
Revista salud pública y nutrición,1870-0160,true,,
Revista salud y bienestar social,2248-7767;2448-7767,true,,
Revista Salud y Tecnología Veterinaria,2312-3907,true,,
Revista San Gregorio,2528-7907,true,,
Revista Sarance,1390-9207;2661-6718,true,,
Revista Scientific,2542-2987,true,,
Revista Semilla del Este,2710-7469,true,,
Revista Senderos.,2684-0456,true,,
Revista Sexología y Sociedad,1025-6512;1682-0045,true,,
Revista signos,0035-0451;0718-0934,true,,
Revista Sítio Novo,2594-7036,true,,
Revista sobre Estudios e Investigaciones del Saber Académico,2078-5577;2078-7928,true,,
Revista sobre la infancia y la adolescencia,2174-7210,true,,
Revista Social Fronteriza,2806-5913,true,,
Revista sociedad.,2618-3137,true,,
Revista Societas IURIS.,3091-1702,true,,
Revista sonda,2254-6073,true,,
Revista stultifera,0719-983X,true,,
Revista Sul-Americana de Psicologia,2318-650X,true,,
Revista Técnica Energía,2602-8492,true,,
Revista técnica tributaria,0214-6010;2695-6365,true,,
Revista tecnológica,0257-1749;1390-3659,true,,
Revista Tecnológica Ciencia y Educación Edwards Demings,2600-5867,true,,
Revista Tecnopedagogía e Innovación,3028-8711,true,,
Revista TEFROS,1669-726X,true,,
Revista temas sociológicos,0719-644X;0719-6458,true,,
Revista Tempos e Espaços em Educação,1983-6597;2358-1425,true,,
Revista Teología.,0328-1396;2683-7307,true,,
Revista Terapéutica,1409-3529;2215-5562,true,,
Revista Textos y Contextos,2600-5735,true,,
Revista thélos,0718-3259,true,,
Revista Thesis Juris,2317-3580,true,,
Revista Tlatelolco: democracia democratizante y cambio social,2992-7099,true,,
Revista Torreón Universitario,2313-7215,true,,
Revista trabajo social,2664-1208;2706-8072,true,,
Revista Tradumatica,1578-7559,true,,
Revista transporte y territorio,1852-7175,true,,
Revista trazos universitarios,1853-6425,true,,
Revista turpade,2448-6809,true,,
Revista U-Mores,2806-593X,true,,
"Revista UCES D.G. ""Enseñanza y aprendizaje del diseño",2344-9551,true,,
Revista Ucronías,2684-012X,true,,
Revista UGC,2594-2352;2448-8097,true,,
Revista Umbral,2151-8386,true,,
Revista UNIANDES de Ciencias de la Salud,2661-6556,true,,
Revista UniAraguaia.,2676-0436,true,,
Revista Unidad Sanitaria XXI.,2718-8388,true,,
Revista Uningá,1807-5053;2318-0579,true,,
Revista Universidad de Guayaquil,2477-913X;2806-5751,true,,
Revista universidad y empresa,0124-4639;2145-4558,true,,
Revista universitaria de historia militar,2254-6111,true,,
Revista Universitaria del Caribe,2311-7346;2311-5807,true,,
Revista Universitaria Europea,1139-5796;2695-5857,true,,
Revista Urología Colombiana,0120-789X;2027-0119,true,,
Revista uruguaya de antropología y etnografía,2393-6886,true,,
Revista uruguaya de cardiología,0797-0048;1688-0420,true,,
Revista uruguaya de ciencia política,0797-9789;1688-499X,true,,
Revista uruguaya de enfermería,0797-6194;2301-0371,true,,
Revista uruguaya de medicina interna,2393-6797,true,,
Revista uruguaya de ortopedia y ortodoncia,2393-767X,true,,
Revista uruguaya de psicoanálisis,0484-8268;1688-7247,true,,
Revista Varela,1810-3413,true,,
Revista vasca de economía social,1698-7446;2444-3107,true,,
Revista vasca de gestión de personas y organizaciones públicas,2173-6405;2531-2103,true,,
Revista Venezolana de Investigación en Educación Matemática (REVIEM),2739-039X,true,,
Revista Venezolana de Salud Pública,2343-5526;2343-5534,true,,
Revista Verde de Agroecologia e Desenvolvimento Sustentável,1981-8203,true,,
Revista veterinaria,1668-4834;1669-6840,true,,
Revista vida,2710-4702,true,,
Revista virtual Universidad Católica del Norte,0124-5821,true,,
RevistaMultidisciplinar.com,2184-5492,true,,
RevistArquis,2215-275X,true,,
RevITA.,3008-7694,true,,
RevSALUS - Revista Científica Internacional da Rede Académica das Ciências da Saúde da Lusofonia – RACS,2184-4860;2184-836X,true,,
Revueltas,2452-5707,true,,
RHS revista humanismo y sociedad,2339-4196,true,,
RIAF.Revista Internacional de Actividad Física.,2953-6693,true,,
RIE. Revista de investigación educativa,0212-4068;1989-9106,true,,
RIED. Revista iberoamericana de educación a distancia,1138-2783;1390-3306,true,,
RIESED. Revista internacional de estudios sobre sistemas educativos,2007-9117,true,,
RiHumSo,2250-8139,true,,
RIISDS. Revista interdisciplinaria de ingeniería sustentable y desarrollo social,2448-8003,true,,
Rilce. Revista de Filología Hispánica,0213-2370;2174-0917,true,,
Rimarina,2602-828X;2600-559X,true,,
RIVAR,0719-4994,true,,
RLA. Revista de lingüística teórica y aplicada,0033-698X;0718-4883,true,,
Roca,2074-0735,true,,
Roteiro,0104-4311;2177-6059,true,,
"Rotura – Revista de Comunicação, Cultura e Artes",2184-8661,true,,
RqR Enfermería Comunitaria. Revista de SEAPA,2253-9832;2254-8270,true,,
RSEI. Revista de la Sociedad española de Italianistas,1576-7787;2341-1910,true,,
"RSEUS. Revista sudamericana de educación, universidad y sociedad",2393-7815;1688-6194,true,,
Rubrica Contemporanea,2014-5748,true,,
Rumbos TS,0718-4182;0719-7721,true,,
Runa,0325-1217;1851-9628,true,,
Runae,2550-6854,true,,
RUNAS. Journal of Education and Culture.,2737-6230,true,,
RUS,2317-4765,true,,
Ruta,0717-1048;0719-5990,true,,
Saber & Educar,0873-3600;1647-2144,true,,
Saber servir,2522-6738,true,,
"Saber, ciencia y libertad",1794-7154;2382-3240,true,,
SaberEs,1852-4184;1852-4222,true,,
Saberes Andantes,2697-3278,true,,
Saberes educativos,2452-5014,true,,
Saberes y prácticas. Revista de filosofía y educación,2525-2089,true,,
SADIO electronic journal of informatics and operations research.,1514-6774,true,,
Sage Sphere Multidisciplinary Studies.,3091-1672,true,,
"Sage Sphere of Technology, Sciences, Discoveries, And Society.",3091-1915,true,,
Saguntum,0210-3729;2174-517X,true,,
Salud & Ciencias Médicas.,2773-7438,true,,
Salud colectiva,1669-2381;1851-8265,true,,
Salud Medicina e Innovación,3121-2980,true,,
Salud mental y comunidad,2250-5768;2250-6713,true,,
Salud militar,1510-8023;1688-0633,true,,
Salud pública de México,0036-3634;1606-7916,true,,
Salud UIS,0121-0807;2145-8464,true,,
Salud y administración,2007-7971;2448-6159,true,,
Salud y desarrollo,2307-3624;2791-0369,true,,
Saluta,2644-4003,true,,
Sanitas. Revista arbitrada de ciencias de la salud,3028-8738,true,,
"Santander, estudios de patrimonio",2605-4450;2605-5317,true,,
Santiago,0048-9115;2227-6513,true,,
SANUM,2530-5468,true,,
Sanus,2448-6094,true,,
Sapientia,2070-3651;2710-7566,true,,
Sapientia Iustitia,2709-1228,true,,
Sapientia Technological.,2737-6400,true,,
Sapienza,2675-9780,true,,
SATHIRI: Sembrador,2631-2905;1390-6925,true,,
"Saúde, Ética & Justiça",1414-218X;2317-2770,true,,
Sciéndo,1681-7230;2617-3735,true,,
Scientia,0258-9702;2710-7647,true,,
Scientia,1993-422X;2519-5743,true,,
Scientia Agropecuaria,2077-9917;2306-6741,true,,
Scientia fungorum,2594-1321,true,,
Scientia interfluvius,1853-4422;1853-4430,true,,
Scientia marina,0214-8358;1886-8134,true,,
Scientia Medica,1806-5562;1980-6108,true,,
ScientiAmericana,2521-0939,true,,
Scio,1887-9853;2603-6924,true,,
Scire,1135-3716;2340-7042,true,,
Scripta ethnologica,0325-6669;1669-0990,true,,
Scripta mediaevalia,1851-8753;2362-4868,true,,
SCRIPTA MUNDI.,2960-8031,true,,
Scripta nova,1138-9788,true,,
Secuencia,0186-0348;2395-8464,true,,
Secuencias. Revista de historia del cine,1134-6795;2529-9913,true,,
Sefarad,0037-0894;1988-320X,true,,
Segle XX,1889-1152;2339-6806,true,,
"Seguridad, ciencia y defensa",2636-2309;2413-869X,true,,
Selecciones Matemáticas,2411-1783,true,,
Semas,2683-3301,true,,
Semestre Económico,2072-0572;2523-0840,true,,
Semiárida,2362-4337;2408-4077,true,,
Sendas.,2618-2254,true,,
Sendebar,1130-5509;2340-2415,true,,
SER Social,1415-6946;2178-8987,true,,
Seriarte,2792-8713,true,,
Serie científica de la Universidad de las ciencias informáticas,2306-2495,true,,
Sesiones de la Sociedad Uruguaya de Historia de la Medicina,0797-6860;3046-4056,true,,
SHILAP,0300-5267;2340-4078,true,,
Si somos americanos,0718-2910;0719-0948,true,,
Siembra,2477-8850;1390-8928,true,,
Siglo cero,0210-1696;2530-0350,true,,
Siglo Dieciocho,2684-0553,true,,
Signa. Revista de la Asociación Española de Semiotica,1133-3634;2254-9307,true,,
Signo y pensamiento,0120-4823;2027-2731,true,,
Signo y seña,2314-2189,true,,
Signos do Consumo,1984-5057,true,,
Signótica,0103-7250;2316-3690,true,,
Simbiosis,2992-6904,true,,
Simbiótica,2316-1620,true,,
Sinais de cena,2184-9552;1646-0715,true,,
Sinapsis: La revista científica del ITSUP,1390-9770;1390-7832,true,,
Sincronía,1562-384X,true,,
Sinéctica,1665-109X;2007-7033,true,,
Sinergias Educativas Revista Científica,2661-6661,true,,
SinoELE,2076-5533,true,,
Sinología hispánica,2444-832X;2531-2219,true,,
Sintagma,0214-9141;2013-6455,true,,
Sintaxis,2594-1682,true,,
Síntesis,2452-4476,true,,
Sisyphus - Journal of Education,2182-8474;2182-9640,true,,
Siwó: Revista de Teología,2215-227X;2215-2482,true,,
SketchIN. Revista de arquitectura y diseño,2954-5145,true,,
Skopos,2255-3703;2695-8465,true,,
Small business international review,2531-0046,true,,
Sobre prácticas artísticas y políticas de la edición,2444-3484;2387-1733,true,,
SobreMéxico,2448-7325,true,,
Socialium,2706-6053,true,,
Sociedad & Tecnología.,2773-7349,true,,
Sociedad e infancias,2531-0720,true,,
Sociedad Peruana de Derecho Internacional,0035-0370;2663-0222,true,,
Sociedad y ambiente,2007-6576,true,,
Sociedad y Economía,1657-6357;2389-9050,true,,
Sociedad y política,2663-0877,true,,
Sociedade em Debate,1414-9869;2317-0204,true,,
Sociedades precapitalistas,2250-5121,true,,
SOCIETAS,2644-3791,true,,
Sociohistórica,1852-1606;1853-6344,true,,
Sociología del deporte,2695-883X,true,,
Sociologia del trabajo,0210-2900;2603-9710;0210-8364,true,,
Sociología y Tecnociencia,1989-8487,true,,
Sociológica,0187-0173;2007-8358,true,,
Sophia Austral,0718-0535;0719-5605,true,,
Sophia: Colección de Filosofía de la Educación,1390-8626,true,,
South American Research Journal,2806-5638,true,,
Space Scientific Journal of Multidisciplinary.,3091-1834,true,,
Spanish journal of agricultural research,1695-971X;2171-9292,true,,
Spanish Journal of Legislative Studies,2695-5792,true,,
Spanish journal of marketing-ESIC,2444-9695;2444-9709,true,,
Spanish Journal of Palaeontology,2255-0550;2660-9568,true,,
Specula,2697-2484;2792-3290,true,,
Sphera Pública,1576-4192;2695-5725,true,,
Sportis,2386-8333,true,,
Steiniana,0719-8728,true,,
Steviana,2077-8430;2304-2907,true,,
Stoa,2007-1868,true,,
Strategic Design Research Journal,1984-2988,true,,
Studia Hegeliana,2444-0809;2792-176X,true,,
Studia heideggeriana,2250-8740;2250-8767,true,,
Studia Historica. Historia antigua,0213-2052;2530-4100,true,,
Studia Historica. Historia Contemporánea,0213-2087;2444-7080,true,,
Studia historica. Historia medieval,0213-2060;2445-3595,true,,
Studia historica. Historia moderna,0213-2079;2386-3889,true,,
Studia Iberica,3071-7604,true,,
Studia politicae,1669-7405;2408-4182,true,,
Studia Romanistica,1803-6406;2571-0265,true,,
Studies in comparative international development,0039-3606;1936-6167,true,,
Studium Veritatis,1682-0487;2955-8662,true,,
"Studium, filosofía y teología.",0329-8930;2591-426X,true,,
Stvdia philologica valentina,1135-9560;2695-8945,true,,
Subjetividad y procesos cognitivos,1666-244X;1852-7310,true,,
Sudamérica,2250-7779;2314-1174,true,,
Suma de negocios,2027-5692;2215-910X,true,,
Suplemento CICA,2631-2832,true,,
Sur y tiempo,2452-574X,true,,
"SurAcademia: Revista académica investigativa del área jurídica, social y administrativa",2602-8190;1390-9045,true,,
SusBCity,2710-7426,true,,
Synergía,2953-2973,true,,
Synergies Espagne,1961-9359;2260-6513,true,,
Syntagmas,2961-2128,true,,
Synthesis,0328-1205;1851-779X,true,,
Tábano,1852-7221;2591-572X,true,,
Tabanque,0214-7742;2530-6766,true,,
Talía,2659-806X,true,,
Talia Dixit,1886-9440,true,,
Tamid,1138-5561;2013-4029,true,,
Tangram.,2595-0967,true,,
Tantak,0214-9753;2444-3581,true,,
"Tapuya: Latin American Science, Technology and Society",2572-9861,true,,
Tarama,2961-273X,true,,
Tavira,0214-137X;2792-9035,true,,
Tayacaja,2617-9156,true,,
Teatro XXI,2683-8451,true,,
Tebeosfera,1579-2811,true,,
TEC Empresarial,1659-3359;1659-2395,true,,
Tech Carlos Cisneros,2737-6036,true,,
Technology rain journal,2953-464X,true,,
Tecnia,2526-2122;2526-2130,true,,
Tecnia,0375-7765;2309-0413,true,,
Tecnociencia,2415-0940,true,,
Tecnociencia Chihuahua,1870-6606;2683-3360,true,,
Tecnología en Marcha,0379-3982;2215-3241,true,,
Tecnología y ciencia,1666-6917;1666-6933,true,,
Tecnología y ciencias del agua,2007-2422,true,,
"Tecnología, ciencia y educación",2444-250X;2444-2887,true,,
Tecnologías para la investigación en segundas lenguas,2696-676X,true,,
TecnoLógicas,0123-7799;2256-5337,true,,
Tecnotrend,2448-8496,true,,
Tecnura,0123-921X;2248-7638,true,,
Tejuelo,1988-8430,true,,
Teknokultura,1549-2230,true,,
Tekoporá,2697-2719,true,,
Telar,1668-2963;1668-3633,true,,
Telemática,1729-3804,true,,
Telondefondo,1669-6301,true,,
Telos,1317-0570;2343-5763,true,,
Temas de historia argentina y americana,1666-8146;2618-1924,true,,
Temas de nuestra América,0259-2339;2215-5449,true,,
Temas debates,1666-0714;1853-984X,true,,
Temas em Educação Física Escolar,2525-5916,true,,
Temas y Problemas de Comunicación.,1514-2159;2718-6423,true,,
Temáticas,1413-2486;2595-315X,true,,
Temes de disseny,2604-5230;2604-6032,true,,
Tendencias,0124-8693;2539-0554,true,,
Tendencias pedagógicas,1133-2654;1989-8614,true,,
Tendencias sociales,2603-8366,true,,
Tenso Diagonal,2393-6754,true,,
Teología y vida,0049-3449;0717-6295,true,,
Teoría de la Educación,1130-3743;2386-5660,true,,
Teoria e Prática da Educação,1415-837X;2237-8707,true,,
Teoría y praxis,1994-733X;2707-7411,true,,
Teoría y realidad constitucional,2174-8950;1139-5583,true,,
Tepexi boletín científico de la Escuela Superior Tepeji del Río,2007-7629,true,,
Terapia psicológica,0716-6184;0718-4808,true,,
Tercio Creciente,2340-9096,true,,
Terra,2386-9968,true,,
Terra digitalis,2594-0694,true,,
Terra Latinoamericana,0187-5779;2395-8030,true,,
Terra Roxa e Outras Terras,1678-2054,true,,
Territorios,0123-8418;2215-7484,true,,
Tesis,1995-6967;2707-6334,true,,
Test,1133-0686;1863-8260,true,,
Testimonios,1852-4532,true,,
Texto digital,1807-9288,true,,
Texto Livre : Linguagem e Tecnologia,1983-3652,true,,
Textos y contextos desde el sur,2347-081X,true,,
Textual,0185-9439;2395-9177,true,,
The Age of Human Rights,2340-9592,true,,
The Americas - Academy of American Franciscan History,0003-1615;1533-6247,true,,
The Anáhuac Journal,1405-8448;2683-2690,true,,
The Biologist,1816-0719;1994-9073,true,,
The European Journal of Psychology Applied to Legal Context,1889-1861;1989-4007,true,,
The Grove,1137-005X;2386-5431,true,,
The Hispanic American Historical Review,0018-2168;1527-1900,true,,
The International journal of digital accounting research,1577-8517;2340-5058,true,,
The Journal of Engineering and Exact Sciences,2527-1075,true,,
The Journal of Latin American Geriatric Medicine,2462-2958;2462-4616,true,,
The Spanish Journal of Psychology,1138-7416;1988-2904,true,,
Thélème. Revista Complutense de Estudios Franceses,1139-9368;1989-8193,true,,
Thémata,0212-8365;2253-900X,true,,
Themis,1810-9934;2410-9592,true,,
Theoria,0495-4548;2171-679X,true,,
Theoría: revista del Colegio de Filosofía,1665-6415;2954-4270,true,,
Theory Now,2605-2822,true,,
TheraPeía(Valencia),1889-6111;2660-4264,true,,
Therya,2007-3364,true,,
Tiempo de gestión,1850-7255;1853-6646,true,,
Tiempo histórico,0718-7432;0719-5699,true,,
Tiempos Modernos: Revista Electrónica de Historia Moderna,1699-7778,true,,
Tierra Infinita,2631-2921;1390-6836,true,,
Tierra nuestra,2519-738X,true,,
Tip revista especializada en ciencias químico-biológicas,2395-8723;1405-888X,true,,
Tipití (Online),1545-4703;2572-3626,true,,
Titivillus,2387-0915;2603-9966,true,,
Tla-melaua,1870-6916;2594-0716,true,,
Tlahuizcalli,2448-7260,true,,
Tlalli. Revista de investigación en geografía,2683-2275,true,,
TOG. Terapia Ocupacional Galicia,1885-527X,true,,
Tohil,2007-6673;2007-6681,true,,
Toma uno,2250-4524;2313-9692,true,,
Top,1134-5764;1863-8279,true,,
Tópicos,0188-6649;2007-8498,true,,
Tópicos,1666-485X;1668-723X,true,,
Tópicos  de  investigación  en  ciencias  de  la  tierra  y  materiales,2395-8405,true,,
Tópicos del seminario,1665-1200;2594-0619,true,,
Tourism and Heritage Journal,2604-2347,true,,
Trabajo,1136-3819;2173-6812,true,,
Trabajo Social Global-Global Social Work,2013-6757,true,,
Trabajo social hoy,2340-2539;1134-0991,true,,
Trabajo y derecho,2386-8090;2386-8112,true,,
Trabajo y seguridad social,2792-8314;2792-8322,true,,
Trabajo y sociedad,1514-6871,true,,
"Trabajo, Persona, Derecho, Mercado",2660-4884,true,,
Trabajos de arqueología navarra,0211-5174;2530-5816,true,,
Trabajos de Prehistoria,0082-5638;1988-3218,true,,
Trabajos y comunicaciones,0325-173X;2346-8971,true,,
Trabalho & Educação,1516-9537;2238-037X,true,,
Trabalho Necessário,1808-799X,true,,
"Trabalho, Educação e Saúde",1678-1007;1981-7746,true,,
Tradición,2413-9696;2415-2153,true,,
Tram[p]as.,2314-274X,true,,
Trama,1659-343X,true,,
Tramas sociales.,2683-8087;2683-8095,true,,
Trans,1137-2311;2603-6967,true,,
Trans/Form/Ação,0101-3173;1980-539X,true,,
Translation matters,2184-4585,true,,
"Trascender, contabilidad y gestión",2448-6388,true,,
Trashumante,2322-9381;2322-9675,true,,
Traslaciones,2362-6194,true,,
Trasvases entre la literatura y el cine,2695-639X,true,,
Travaux et recherches dans les Amériques du Centre,0185-6286;2007-2392,true,,
Travessias,1982-5935,true,,
Travessias Interativas,2236-7403,true,,
Trayectorias Humanas Trascontinentales,2557-0633,true,,
Trayectorias Universitarias,2469-0090,true,,
Treballs d'arqueología,1134-9263;2339-6490,true,,
Treballs de la Societat Catalana de Geografia,1133-2190;2014-0037,true,,
Treballs de sociolingüística catalana,0211-0784;2013-9136,true,,
Trenzar,2452-4301,true,,
Tribunal,2959-6513,true,,
Trilhas Filosóficas,1982-7490;1984-5561,true,,
Trilogía,0716-0356;2452-5995,true,,
Trilogía Ciencia Tecnología y Sociedad,2145-4426;2145-7778,true,,
Trípodos,2340-5007;1138-3305,true,,
Tropelías,1132-2373;2255-5463,true,,
Tropical and subtropical agroecosystems,1870-0462,true,,
Tsafiqui,1390-5341;2602-8069,true,,
Tsantsa: Revista de Investigaciones Artísticas,1390-8448,true,,
TSE'DE Revista de Investigación Científica,2600-5557,true,,
Turismo em Análise,0103-5541;1984-4867,true,,
Turismo y Patrimonio,1680-9556;2313-853X,true,,
"Turismo, Desarrollo y Buen Vivir. Revista de Investigación de la Ciencia Turística-RICIT",2588-0861,true,,
Tzhoecoen,1997-3985;1997-8731,true,,
Tzintzun. Revista de estudios históricos,1870-719X;2007-963X,true,,
Uaricha,1870-2104;2007-7343,true,,
UC Maule,0717-2656;0719-9872,true,,
UCJC business and society review,2659-3270,true,,
UCOarte,2255-1905,true,,
UCV - Scientia,2077-172X;2410-891X,true,,
UCV Hacer,2305-8552;2414-8695,true,,
UDA AKADEM,2631-2611,true,,
ULEAM Bahía Magazine,2600-6006,true,,
Ultima década,0717-4691;0718-2236,true,,
Umática,2659-8574,true,,
Umbrales,1994-4543;1994-9987,true,,
Un Espacio Para la Ciencia.,2953-6529,true,,
UNAAACIENCIA-PERÚ,2955-8301;2955-8304,true,,
UNAH Sociedad,2709-0027;2709-0035,true,,
UNESUM - Ciencias. Revista Científica Multidisciplinaria,2602-8166,true,,
"UNIANDES Episteme: Revista de Ciencia, Tecnología e Innovación",1390-9150,true,,
Uniciencia,1011-0275;2215-3470,true,,
Unidad sociológica,2362-1850,true,,
UNINGÁ Review,2178-2571,true,,
Universidad & Ciencia,2227-2690,true,,
Universidad de La Habana,0253-9276;2708-5511,true,,
Universidad en diálogo,2215-2849;2215-4752,true,,
Universidad Médica Pinareña,1990-7990,true,,
Universidad y Salud,0124-7107;2389-7066,true,,
Universidad y Sociedad,2218-3620,true,,
Universidad-Verdad.,0258-8528;2600-5786,true,,
"Universidad, escuela y sociedad",2530-1012,true,,
Universita ciencia,2007-3917,true,,
Universitas,1390-8634;1390-3837,true,,
Universitas Tarraconensis. Revista de Ciències de l´Educació,1135-1438;2385-4731,true,,
Universum,0716-498X;0718-2376,true,,
Unodiverso,2954-3592,true,,
UPGTO,2007-977X,true,,
Urbania,1853-7626;2591-5681,true,,
Urbano,0717-3997;0718-3607,true,,
Urdimento,1414-5731;2358-6958,true,,
URU Revista de Comunicación y Cultura,2631-2514,true,,
USFQ Law Review,1390-8014,true,,
UTCiencia: Ciencia y tecnología al servicio del pueblo,1390-6909;2602-8263,true,,
Utopías. Segunda época,1515-6893;2618-1800,true,,
Valenciana,2007-2538;2448-7295,true,,
Valor agregado,2410-1168;2413-5836,true,,
Variación,3020-9854,true,,
"Veleia. Revista de Prehistoria, Historia antigua, Arqueología y Filología Clásicas",0213-2095;2444-3565,true,,
Verba,0210-377X;2174-4017,true,,
Verba Hispanica,0353-9660;2350-4250,true,,
Verbum et lingua,2007-7319,true,,
Verdad y Derecho. Revista Arbitrada de Ciencias Jurídicas y Sociales,3028-872X,true,,
"Veredes, arquitectura y divulgación",2659-9198,true,,
Veritas,0717-4675;0718-9273,true,,
Veritas & Research.,2697-3375,true,,
Veritas et Scientia,2307-5139;2617-0639,true,,
Vertex Revista Argentina de Psiquiatría.,0327-6139;2718-904X,true,,
Vértice universitario,2007-1388;2683-2623,true,,
Vértices,1415-2843;1809-2667,true,,
Veterinaria,1688-4809;0376-4362,true,,
Veterinaria México OA,2448-6760,true,,
Via panorâmica,1645-9652;2182-9934,true,,
Vida científica boletín científico de la Escuela Preparatoria No. 4,2007-4905,true,,
Vida y ética.,1515-6850;2683-6998,true,,
Vida y Pensamiento,1019-6366;2215-602X,true,,
Vinculatégica efan,2448-5101,true,,
Vínculos,2477-8877,true,,
Virtuajus,1678-3425,true,,
Virtual archaeology review,1989-9947,true,,
"Virtualidad, educación y ciencia",1853-6530,true,,
Visión Antataura,2520-9892,true,,
Visión de futuro,1668-8708;1669-7634,true,,
Visión Doble,2375-1118,true,,
Visión Empresarial,2631-2913;1390-6852,true,,
Visionario Digital,2602-8506,true,,
Visionarios en ciencia y tecnología,2308-2496;2708-6372,true,,
Visioni LatinoAmericane,2035-6633,true,,
Vista,2184-1284,true,,
VITALYSCIENCE Revista Científica Multidisciplinaria.,3091-180X,true,,
Vitruvio,2444-9091,true,,
Vivat Academia,1575-2844,true,,
Vive,2664-3243,true,,
Vivienda y ciudad,2422-670X,true,,
Vivienda y comunidades sustentables,2594-0198,true,,
Vivomatografías,2469-0767,true,,
VLC arquitectura. Research Journal,2341-2747,true,,
Voces de la educación,1665-1596;2448-6248,true,,
Voces desde el Trabajo Social,2372-2673;2372-269X,true,,
"Voces y silencios, revista latinoamericana de educación",2215-8421,true,,
Vox Juris,1812-6804;2521-5280,true,,
Wani,2308-7862;1813-369X,true,,
Warisata,2708-6305,true,,
Waynarroque,2710-2726;2710-4095,true,,
Wimb Lu,1659-2107;2215-6712,true,,
Working Papers em Lingüística,1415-1464;1984-8420,true,,
Working papers on operations management,1989-9068,true,,
World rabbit science,1257-5011;1989-8886,true,,
X-pedientes Económicos,2602-831X,true,,
Xihmai,1870-6703;2954-3967,true,,
Xikua boletín científico de la escuela superior de Tlahuelilpan,2007-4948,true,,
Xipe totek,1870-2694;2448-9085,true,,
Yachana: Revista Científica,1390-7778;2528-8148,true,,
Yachaq,2617-5495;2663-4155,true,,
Yachaq,1817-597X;2707-1197,true,,
Yachay,2520-9051,true,,
Yeiyá,2634-355X;2634-3568,true,,
Yulök,2215-5066;2215-5147,true,,
Yura: Relaciones Internacionales,1390-938X,true,,
Yuracomplexus,2602-8115,true,,
Yuyaykusun,2073-6150;2519-5751,true,,
Zama.,1851-6866;2422-6017,true,,
ZARCH,2341-0531;2387-0346,true,,
Zephyrus,0514-7336;2386-3943,true,,
Zer. Revista de Estudios de Comunicación,1137-1102;1989-631X,true,,
Zibaldone,2255-3576,true,,
Zincografía,2448-8437,true,,
Zona Franca,2545-6504,true,,
