name,issns,active,withdrawn_date,withdrawal_reason
3D Research,2092-6731,true,,
A & A Practice,2325-7237,true,,
AACN Advanced Critical Care,1559-7768;1559-7776,true,,
Academia-Revista Latinoamericana de Administracion,1012-8255;2056-5127,true,,
ACAROLOGIA,0044-586X;2107-7207,true,,
Accounting Historians Journal,0148-4184;2327-4468,true,,
Accounting Research Journal,1030-9616;1839-5465,true,,
ACCREDITATION AND QUALITY ASSURANCE,0949-1775;1432-0517,true,,
ACG Case Reports Journal,2326-3253,true,,
ACOUSTICAL PHYSICS,1063-7710;1562-6865,true,,
Acoustics Australia,1839-2571;0814-6039,true,,
ACTA ADRIATICA,0001-5113;1846-0453,true,,
ACTA AGRICULTURAE SCANDINAVICA SECTION A-ANIMAL SCIENCE,0906-4702;1651-1972,true,,
ACTA AGRICULTURAE SCANDINAVICA SECTION B-SOIL AND PLANT SCIENCE,0906-4710;1651-1913,true,,
ACTA ALIMENTARIA,0139-3006;1588-2535,true,,
ACTA AMAZONICA,0044-5967;1809-4392,true,,
ACTA ANAESTHESIOLOGICA BELGICA,0001-5164,true,,
Acta Bioethica,1726-569X;0717-5906,true,,
ACTA BIOTHEORETICA,0001-5342;1572-8358,true,,
Acta Botanica Brasilica,0102-3306;1677-941X,true,,
ACTA BOTANICA CROATICA,0365-0588;1847-8476,true,,
ACTA CARDIOLOGICA,0001-5385;1784-973X,true,,
Acta Cardiologica Sinica,1011-6842,true,,
ACTA CARSOLOGICA,0583-6050;1580-2612,true,,
ACTA CHIMICA SLOVENICA,1318-0207;1580-3155,true,,
Acta Chirurgiae Orthopaedicae et Traumatologiae Cechoslovaca,0001-5415;2570-981X,true,,
Acta Cirurgica Brasileira,0102-8650;1678-2674,true,,
ACTA CLINICA BELGICA,1784-3286;2295-3337,true,,
ACTA CYTOLOGICA,0001-5547;1938-2650,true,,
Acta Dermatovenerologica Alpina Pannonica et Adriatica,1318-4458;1581-2979,true,,
Acta Dermatovenerologica Croatica,1330-027X;1847-6538,true,,
ACTA ENTOMOLOGICA MUSEI NATIONALIS PRAGAE,0374-1036;1804-6487,true,,
Acta Facultatis Xylologiae Zvolen,1336-3824,true,,
Acta Geochimica,2096-0956;2365-7499,true,,
Acta Geodaetica et Geophysica,2213-5812;2213-5820,true,,
Acta Geodynamica et Geomaterialia,1214-9705;2336-4351,true,,
Acta Geographica Slovenica-Geografski Zbornik,1581-6613;1854-5106;1581-8314,true,,
Acta Gymnica,2336-4912;2336-4920,true,,
ACTA HAEMATOLOGICA,0001-5792;1421-9662,true,,
Acta Herpetologica,1827-9635;1827-9643,true,,
ACTA HISTOCHEMICA ET CYTOCHEMICA,0044-5991;1347-5800,true,,
Acta Historica Tallinnensia,1406-2925;1736-7476,true,,
ACTA ICHTHYOLOGICA ET PISCATORIA,0137-1592;1734-1515,true,,
Acta Literaria,0717-6848;0716-0909,true,,
ACTA MATHEMATICA HUNGARICA,0236-5294;1588-2632,true,,
Acta Medica Indonesiana,0125-9326;2338-2732,true,,
ACTA MEDICA OKAYAMA,0386-300X,true,,
Acta Medico-Historica Adriatica,1334-4366;1334-6253,true,,
ACTA METALLURGICA SINICA,0412-1961,true,,
ACTA MICROBIOLOGICA ET IMMUNOLOGICA HUNGARICA,1217-8950;1588-2640,true,,
ACTA MISSIOLOGICA,1337-7515;2453-7160,true,,
Acta Neophilologica,0567-784X;2350-417X,true,,
ACTA NEUROLOGICA BELGICA,0300-9009;2240-2993,true,,
ACTA OCEANOLOGICA SINICA,0253-505X;1869-1099,true,,
ACTA OECONOMICA,0001-6373;1588-2659,true,,
Acta Orthopaedica Belgica,0001-6462,true,,
Acta Orthopaedica et Traumatologica Turcica,1017-995X,true,,
Acta Ortopedica Brasileira,1413-7852;1809-4406,true,,
Acta Otorrinolaringologica Espanola,0001-6519;1988-3013,true,,
ACTA PARASITOLOGICA,1230-2821;1896-1851,true,,
Acta Paulista de Enfermagem,0103-2100;1982-0194,true,,
ACTA PHARMACEUTICA,1330-0075;1846-9558,true,,
Acta Polytechnica,1210-2709;1805-2363,true,,
ACTA PROTOZOOLOGICA,0065-1583;1689-0027,true,,
Acta Scientiarum Polonorum-Formatio Circumiectus,1644-0765,true,,
Acta Scientiarum Polonorum-Technologia Alimentaria,1644-0730;1898-9594,true,,
ACTA SCIENTIARUM-AGRONOMY,1807-8621;1679-9275,true,,
Acta Universitatis Sapientiae-Film and Media Studies,2065-5924;2066-7779,true,,
Acta Universitatis Sapientiae-Mathematica,1844-6094;2066-7752,true,,
ACTA VETERINARIA BRNO,0001-7213;1801-7576,true,,
ACTA VETERINARIA-BEOGRAD,0567-8315;1820-7448,true,,
ACTA VIROLOGICA,0001-723X;1336-2305,true,,
ACTA ZOOLOGICA BULGARICA,0324-0770,true,,
Actas Dermo-Sifiliograficas,0001-7310;1578-2190,true,,
ACTAS ESPANOLAS DE PSIQUIATRIA,1139-9287;1578-2735,true,,
Actas Urologicas Espanolas,0210-4806;1699-7980,true,,
Action Learning,1476-7333;1476-7341,true,,
Action Research,1476-7503;1741-2617,true,,
Active and Passive Electronic Components,0882-7516;1563-5031,true,,
ACUPUNCTURE & ELECTRO-THERAPEUTICS RESEARCH,0360-1293;2167-9010,true,,
Ad Hoc & Sensor Wireless Networks,1551-9899;1552-0633,true,,
Adamantius,1126-6244,true,,
ADANSONIA,1280-8571;1639-4798,true,,
ADAPTIVE BEHAVIOR,1059-7123;1741-2633,true,,
Addicta-The Turkish Journal on Addictions,2148-7286;2149-1305,true,,
Adelaide Law Review,0065-1915,true,,
Administration,0001-8325;2449-9471,true,,
Administrative Sciences,2076-3387,true,,
ADSORPTION SCIENCE & TECHNOLOGY,0263-6174;2048-4038,true,,
Advanced Emergency Nursing Journal,1931-4485;1931-4493,true,,
Advanced Sustainable Systems,2366-7486,true,,
Advances in Applied Ceramics,1743-6753;1743-6761,true,,
Advances in Applied Mathematics and Mechanics,2070-0733;2075-1354,true,,
Advances in Civil Engineering Materials,2165-3984,true,,
ADVANCES IN COMPLEX SYSTEMS,0219-5259;1793-6802,true,,
Advances in Concrete Construction,2287-5301;2287-531X,true,,
Advances in Condensed Matter Physics,1687-8108;1687-8124,true,,
Advances in Dual Diagnosis,1757-0972;2042-8324,true,,
Advances in Electrical and Electronic Engineering,1336-1376;1804-3119,true,,
Advances in Fuzzy Systems,1687-7101;1687-711X,true,,
Advances in Materials Science,2083-4799,true,,
Advances in Mathematical Physics,1687-9120;1687-9139,true,,
Advances in Mathematics of Communications,1930-5346;1930-5338,true,,
Advances in Mechanical Engineering,1687-8140;1687-8132,true,,
Advances in Mental Health and Intellectual Disabilities,2044-1282;2044-1290,true,,
Advances in Meteorology,1687-9309;1687-9317,true,,
Advances in Neonatal Care,1536-0903;1536-0911,true,,
Advances in Respiratory Medicine,2451-4934;2543-6031,true,,
Advances in School Mental Health Promotion,1754-730X;2049-8535,true,,
Advances in Tribology,1687-5915;1687-5923,true,,
AEVUM-RASSEGNA DI SCIENZE STORICHE LINGUISTICHE E FILOLOGICHE,0001-9593;1827-787X,true,,
Africa Education Review,1814-6627;1753-5921,true,,
African and Asian Studies,1569-2094;1569-2108,true,,
African Disability Rights Yearbook,2311-8970,true,,
AFRICAN ENTOMOLOGY,1021-3589;1026-4914,true,,
African Health Sciences,1680-6905;1729-0503,true,,
African Historical Review,1753-2523;1753-2531,true,,
AFRICAN INVERTEBRATES,1681-5556;2305-2562,true,,
African Journal of Agricultural and Resource Economics-AFJARE,1993-3738,true,,
AFRICAN JOURNAL OF AQUATIC SCIENCE,1608-5914;1727-9364,true,,
AFRICAN JOURNAL OF ECOLOGY,0141-6707;1365-2028,true,,
African Journal of Economic and Management Studies,2040-0705;2040-0713,true,,
African Journal of Emergency Medicine,2211-419X;2211-4203,true,,
AFRICAN JOURNAL OF HERPETOLOGY,2156-4574;2153-3660,true,,
African Journal of International and Comparative Law,0954-8890;1755-1609,true,,
African Journal of Legal Studies,2210-9730;1708-7384,true,,
African Journal of Primary Health Care & Family Medicine,2071-2928;2071-2936,true,,
African Journal of Reproductive Health,1118-4841;2141-3606,true,,
African Journal of Rhetoric,1998-2054,true,,
African Journal of Wildlife Research,2410-7220;2410-8200,true,,
African Journalism Studies,2374-3670;2374-3689,true,,
AFRICAN ZOOLOGY,1562-7020;2224-073X,true,,
Age of Human Rights Journal,2340-9592,true,,
Ageing International,0163-5158;1936-606X,true,,
Ager-Revista de Estudios sobre Despoblacion y Desarrollo Rural,1578-7168,true,,
Agrekon,0303-1853;2078-0400,true,,
Agricultural and Resource Economics Review,1068-2805;2372-2614,true,,
AGRICULTURAL HISTORY,0002-1482;1533-8290,true,,
AGRICULTURAL RESEARCH,2249-720X;2249-7218,true,,
AGROCHIMICA,0002-1857,true,,
AI & Society,0951-5666;1435-5655,true,,
AIMS Agriculture and Food,2471-2086,true,,
AIMS Biophysics,2377-9098,true,,
AIMS Materials Science,2372-0468;2372-0484,true,,
AIMS Neuroscience,2373-8006;2373-7972,true,,
Air & Space Law,0927-3379;1875-8339,true,,
Air Soil and Water Research,1178-6221,true,,
Aisthema-International Journal,2284-3515,true,,
Aitia-Regards sur la Culture Hellenistique au XXIe Siecle,1775-4275,true,,
AJAR-African Journal of AIDS Research,1608-5906;1727-9445,true,,
AJP Reports,2157-6998;2157-7005,true,,
Akustika,1801-9064;2570-8775,true,,
Alcoholism Treatment Quarterly,0734-7324;1544-4538,true,,
Algebra & Discrete Mathematics,1726-3255;2415-721X,true,,
Algorithmic Finance,2158-5571;2157-6203,true,,
Algorithms,1999-4893,true,,
Alkoholizm i Narkomania-Alchoholism and Drug Addition,0867-4361,true,,
Allergo Journal,0941-8849;2195-6405,true,,
ALLERGOLOGIA ET IMMUNOPATHOLOGIA,0301-0546;1578-1267,true,,
Alter-European Journal of Disability Research,1875-0672;1875-0680,true,,
Alternative Law Journal,1037-969X,true,,
ALTERNATIVE THERAPIES IN HEALTH AND MEDICINE,1078-6791,true,,
Alternative-An International Journal of Indigenous Peoples,1177-1801;1174-1740,true,,
Amaltea-Revista de MitocrItica,1989-1709,true,,
Ambix,0002-6980;1745-8234,true,,
AMERASIA JOURNAL,0044-7471,true,,
AMERICAN ANNALS OF THE DEAF,0002-726X;1543-0375,true,,
AMERICAN BIOLOGY TEACHER,0002-7685;1938-4211,true,,
AMERICAN FERN JOURNAL,0002-8444;1938-422X,true,,
AMERICAN IMAGO,0065-860X;1085-7931,true,,
AMERICAN INDIAN AND ALASKA NATIVE MENTAL HEALTH RESEARCH,1533-7731;0893-5394,true,,
AMERICAN INDIAN CULTURE AND RESEARCH JOURNAL,0161-6463,true,,
American Journal of Blood Research,2160-1992,true,,
American Journal of Cardiovascular Disease,2160-200X,true,,
AMERICAN JOURNAL OF DENTISTRY,0894-8275,true,,
AMERICAN JOURNAL OF FAMILY THERAPY,0192-6187;1521-0383,true,,
AMERICAN JOURNAL OF FORENSIC MEDICINE AND PATHOLOGY,0195-7910;1533-404X,true,,
American Journal of Health Education,1932-5037;2168-3751,true,,
American Journal of Lifestyle Medicine,1559-8276;1559-8284,true,,
American Journal of Nuclear Medicine and Molecular Imaging,2160-8407,true,,
AMERICAN JOURNAL OF NURSING,0002-936X;1538-7488,true,,
AMERICAN JOURNAL OF PERINATOLOGY,0735-1631;1098-8785,true,,
American Journal of Psychiatric Rehabilitation,1548-7768;1548-7776,true,,
AMERICAN JOURNAL OF PSYCHOTHERAPY,0002-9564;2575-6559,true,,
American Journal of Sexuality Education,1554-6128;1554-6136,true,,
AMERICAN JOURNAL OF THE MEDICAL SCIENCES,0002-9629;1538-2990,true,,
AMERICAN JOURNAL OF THERAPEUTICS,1075-2765;1536-3686,true,,
American Journalism,0882-1127;2326-2486,true,,
AMERICAN MALACOLOGICAL BULLETIN,0740-2783;2162-2698,true,,
AMERICAN MATHEMATICAL MONTHLY,0002-9890;1930-0972,true,,
AMERICAN MIDLAND NATURALIST,0003-0031;1938-4238,true,,
AMERICAN MUSEUM NOVITATES,0003-0082;1937-352X,true,,
AMERICAN MUSIC,0734-4392,true,,
American Periodicals,1054-7479;1548-4238,true,,
American Political Thought,2161-1580;2161-1599,true,,
AMERICAN SURGEON,0003-1348;1555-9823,true,,
ANAIS DA ACADEMIA BRASILEIRA DE CIENCIAS,0001-3765;1678-2690,true,,
Analele Stiintifice ale Universitatii Ovidius Constanta-Seria Matematica,1224-1784;1844-0835,true,,
Anales de Documentacion,1575-2437;1697-7904,true,,
Anales de Filologia Francesa,0213-2958;1989-4678,true,,
Anales de Historia del Arte,0214-6452;1988-2491,true,,
Anales de Literatura Hispanoamericana,0210-4547;1988-2351,true,,
ANALES DE PEDIATRIA,1695-4033;1696-4608;1577-2799,true,,
Anales de Psicologia,0212-9728;1695-2294,true,,
ANALES DEL JARDIN BOTANICO DE MADRID,0211-1322;1988-3196,true,,
Anales del Seminario de Historia de la Filosofia,0211-2337;1988-2564,true,,
Anali Zavoda za Povijesne Znanosti Hrvatske Akademije Znanosti I Umjetnosti u Dubrovniku,1330-0598;1848-7815,true,,
ANALOG INTEGRATED CIRCUITS AND SIGNAL PROCESSING,0925-1030;1573-1979,true,,
Analysis Mathematica,0133-3852;1588-273X,true,,
ANALYTICAL LETTERS,0003-2719;1532-236X,true,,
ANALYTICAL SCIENCES,0910-6340;1348-2246,true,,
Anatolia-International Journal of Tourism and Hospitality Research,1303-2917;2156-6909,true,,
ANATOMIA HISTOLOGIA EMBRYOLOGIA,0340-2096;1439-0264,true,,
ANATOMICAL SCIENCE INTERNATIONAL,1447-6959;1447-073X,true,,
Anclajes,0329-3807;1851-4669,true,,
ANIMAL BIOLOGY,1570-7555;1570-7563,true,,
ANIMAL BIOTECHNOLOGY,1049-5398;1532-2378,true,,
Animal Nutrition and Feed Technology,0972-2963;0974-181X,true,,
Animal Reproduction,1806-9614;1984-3143,true,,
Ankara Universitesi Veteriner Fakultesi Dergisi,1300-0861;1308-2817,true,,
ANNALES BOTANICI FENNICI,0003-3847;1797-2442,true,,
ANNALES D ENDOCRINOLOGIE,0003-4266;2213-3941,true,,
ANNALES DE BRETAGNE ET DES PAYS DE L OUEST,0399-0826;2108-6443,true,,
Annales de Chirurgie Plastique Esthetique,0294-1260;1768-319X,true,,
ANNALES DE DERMATOLOGIE ET DE VENEREOLOGIE,0151-9638;2214-5451,true,,
ANNALES DE LA SOCIETE ENTOMOLOGIQUE DE FRANCE,0037-9271;2168-6351,true,,
Annales Instituti Archaeologici,1845-4046;1848-6363,true,,
Annales Mathematiques du Quebec,2195-4755;2195-4763,true,,
ANNALES MEDICO-PSYCHOLOGIQUES,0003-4487;1769-6631,true,,
ANNALES ZOOLOGICI FENNICI,0003-455X;1797-2450,true,,
ANNALI DELL ISTITUTO SUPERIORE DI SANITA,0021-2571,true,,
Annali di Botanica,0365-0812;2239-3129,true,,
Annali di Igiene Medicina Preventiva e di Comunita,1120-9135,true,,
Annali Italiani di Chirurgia,0003-469X;2239-253X,true,,
ANNALS ACADEMY OF MEDICINE SINGAPORE,0304-4602,true,,
Annals of Actuarial Science,1748-4995;1748-5002,true,,
Annals of African Medicine,1596-3519;0975-5764,true,,
Annals of Anthropological Practice,2153-957X;2153-9588,true,,
Annals of Cardiac Anaesthesia,0971-9784;0974-5181,true,,
ANNALS OF CLINICAL AND LABORATORY SCIENCE,0091-7370;1550-8080,true,,
Annals of Coloproctology,2287-9714;2287-9722,true,,
Annals of Economics and Finance,1529-7373,true,,
ANNALS OF HUMAN BIOLOGY,0301-4460;1464-5033,true,,
Annals of Indian Academy of Neurology,0972-2327;1998-3549,true,,
ANNALS OF MATHEMATICS AND ARTIFICIAL INTELLIGENCE,1012-2443;1573-7470,true,,
Annals of Neurosciences,0972-7531;0976-3260,true,,
Annals of Occupational and Environmental Medicine,2052-4374,true,,
ANNALS OF SAUDI MEDICINE,0256-4947;1319-9226;0975-4466,true,,
ANNALS OF THE ROYAL COLLEGE OF SURGEONS OF ENGLAND,0035-8843;1478-7083,true,,
Annals of Thoracic and Cardiovascular Surgery,1341-1098;2186-1005,true,,
ANNEE PSYCHOLOGIQUE,0003-5033;1955-2580,true,,
Anos 90,1983-201X;0104-236X,true,,
Anthropological Journal of European Cultures,1755-2923;1755-2931,true,,
Anthropological Notebooks,1408-032X;2232-3716,true,,
ANTHROPOLOGICAL SCIENCE,0918-7960;1348-8570,true,,
Anthropology in Action-Journal for Applied Anthropology in Policy and Practice,0967-201X;1752-2285,true,,
ANTHROPOZOOLOGICA,0761-3032;2107-0881,true,,
ANTI-CORROSION METHODS AND MATERIALS,0003-5599;1758-4221,true,,
Antiguo Oriente,1667-9202,true,,
Antipodes-A Global Journal of Australian/New Zealand Literature,0893-5580;2331-9089,true,,
Antiteses,1984-3356,true,,
Antropologia e Teatro-Rivista di Studi,2039-2281,true,,
Anuario Colombiano de Historia Social y de la Cultura,0120-2456;2256-5647,true,,
Anuario de Estudios Americanos,0210-5810;1988-4273,true,,
Anuario de Historia de la Iglesia,1133-0104;2174-0887,true,,
Anuario Mexicano de Derecho Internacional,1870-4654,true,,
Anuario Musical,0211-3538;1988-4125,true,,
AORN JOURNAL,0001-2092;1878-0369,true,,
Aportes-Revista de Historia Contemporanea,0213-5868;2386-4850,true,,
APOS Trends in Orthodontics,2321-4600;2321-1407,true,,
APPLICABLE ALGEBRA IN ENGINEERING COMMUNICATION AND COMPUTING,0938-1279;1432-0622,true,,
Applications in Plant Sciences,2168-0450,true,,
Applications of Mathematics,0862-7940;1572-9109,true,,
APPLIED ARTIFICIAL INTELLIGENCE,0883-9514;1087-6545,true,,
Applied Biological Chemistry,2468-0834;2468-0842,true,,
APPLIED COMPUTATIONAL ELECTROMAGNETICS SOCIETY JOURNAL,1054-4887;1943-5711,true,,
APPLIED ECOLOGY AND ENVIRONMENTAL RESEARCH,1589-1623;1785-0037,true,,
APPLIED ECONOMICS,0003-6846;1466-4283,true,,
APPLIED ECONOMICS LETTERS,1350-4851;1466-4291,true,,
APPLIED ENGINEERING IN AGRICULTURE,0883-8542;1943-7838,true,,
Applied Food Biotechnology,2345-5357;2423-4214,true,,
APPLIED MAGNETIC RESONANCE,0937-9347;1613-7507,true,,
Applied Neuropsychology-Adult,2327-9095;2327-9109,true,,
Applied Neuropsychology-Child,2162-2965;2162-2973,true,,
APPLIED RHEOLOGY,1430-6395;1617-8106,true,,
APPLIED STOCHASTIC MODELS IN BUSINESS AND INDUSTRY,1524-1904;1526-4025,true,,
Approaching Religion,1799-3121,true,,
AQUATIC ECOSYSTEM HEALTH & MANAGEMENT,1463-4988;1539-4077,true,,
AQUATIC LIVING RESOURCES,0990-7440;1765-2952,true,,
AQUATIC MAMMALS,0167-5427;1996-7292,true,,
Arab Journal of Gastroenterology,1687-1979;2090-2387,true,,
Arab Law Quarterly,0268-0556;1573-0255,true,,
ARABIAN JOURNAL FOR SCIENCE AND ENGINEERING,2193-567X;2191-4281;1319-8025,true,,
Araucaria-Revista Iberoamericana de Filosofia Politica y Humanidades,1575-6823;2340-2199,true,,
ARBOR-CIENCIA PENSAMIENTO Y CULTURA,0210-1963;1988-303X,true,,
Archaeological Reports-London,0570-6084;2041-4102,true,,
Archeomatica-Tecnologie per i Beni Culturali,2037-2485,true,,
Architectural Theory Review,1326-4826;1755-0475,true,,
ARCHIV FUR MOLLUSKENKUNDE,1869-0963,true,,
Archiv fur Religionsgeschichte,1436-3038;1868-8888,true,,
Archiv Orientalni,0044-8699,true,,
Archives and Manuscripts,0157-6895;2164-6058,true,,
ARCHIVES DE PEDIATRIE,0929-693X;1769-664X,true,,
ARCHIVES ITALIENNES DE BIOLOGIE,0003-9829,true,,
ARCHIVES OF AMERICAN ART JOURNAL,0003-9853;2327-0667,true,,
Archives of Cardiovascular Diseases Supplements,1878-6480;1878-6502,true,,
Archives of Clinical Infectious Diseases,2345-2641;2008-1081,true,,
Archives of Clinical Psychiatry,0101-6083;1806-938X,true,,
Archives of Endocrinology Metabolism,2359-3997;2359-4292,true,,
Archives of Environmental & Occupational Health,1933-8244;2154-4700,true,,
ARCHIVES OF INSECT BIOCHEMISTRY AND PHYSIOLOGY,0739-4462;1520-6327,true,,
ARCHIVES OF METALLURGY AND MATERIALS,1733-3490;2300-1909,true,,
Archives of Pediatric Infectious Diseases,2322-1828;2322-1836,true,,
Archivio Italiano di Urologia e Andrologia,1124-3562;2282-4197,true,,
ARCHIVIO STORICO ITALIANO,0391-7770;2036-4660,true,,
Archivo Espanol de Arqueologia,0066-6742;1988-3110,true,,
ARCHIVO ESPANOL DE ARTE,0004-0428;1988-8511,true,,
Archnet-IJAR International Journal of Architectural Research,1938-7806;1994-6961,true,,
ARCTIC ANTHROPOLOGY,0066-6939;1933-8139,true,,
Arctic Science,2368-7460,true,,
ARDEA,0373-2266;2213-1175,true,,
Ardeola-International Journal of Ornithology,0570-7358,true,,
Area Development and Policy,2379-2957,true,,
Arenal-Revista de Historia de las Mujeres,1134-6396,true,,
Argumentation et Analyse du Discours,1565-8961,true,,
Arhiv za Higijenu Rada i Toksikologiju-Archives of Industrial Hygiene and Toxicology,0004-1254;1848-6312,true,,
ARID LAND RESEARCH AND MANAGEMENT,1532-4982;1532-4990;1521-0405,true,,
ARKIVOC,1551-7004;1551-7012,true,,
ARQ,0717-6996;0716-0852,true,,
Arqueologia,0327-5159;1853-8126,true,,
Arqueologia y Territorio Medieval,1134-3184;2386-5423,true,,
ARQUIVO BRASILEIRO DE MEDICINA VETERINARIA E ZOOTECNIA,0102-0935;1678-4162,true,,
Arquivos Brasileiros de Cardiologia,0066-782X,true,,
ARQUIVOS BRASILEIROS DE OFTALMOLOGIA,0004-2749;1678-2925,true,,
ARQUIVOS DE NEURO-PSIQUIATRIA,0004-282X;1678-4227,true,,
Ars & Humanitas,1854-9632;2350-4218,true,,
Ars Adriatica,1848-1590;1848-7459,true,,
Art Therapy,0742-1656;2159-9394,true,,
Artery Research,1872-9312;1876-4401,true,,
Arthritis,2090-1984;2090-1992,true,,
ARTHROPODA SELECTA,0136-006X,true,,
Arthuriana,1078-6279;1934-1539,true,,
Arti Musices,0587-5455;1848-9303,true,,
ARTIFICIAL LIFE,1064-5462;1530-9185,true,,
Artificial Life and Robotics,1433-5298;1614-7456,true,,
ARTMargins,2162-2574;2162-2582,true,,
Artnodes,1695-5951,true,,
Art-Sanat,2148-3582,true,,
ARYA Atherosclerosis,1735-3955;2251-6638,true,,
ASIA PACIFIC JOURNAL OF CLINICAL NUTRITION,0964-7058;1440-6047,true,,
Asia Pacific Journal of Education,0218-8791;1742-6855,true,,
Asia Pacific Journal of Public Administration,2327-6665;2327-6673,true,,
ASIA PACIFIC JOURNAL OF SOCIAL WORK AND DEVELOPMENT,0218-5385;2165-0993,true,,
Asia Pacific Management Review,1029-3132,true,,
Asian Academy of Management Journal,1394-2603;1985-8280;2180-4184,true,,
Asian Academy of Management Journal of Accounting and Finance,1823-4992;2180-4192;1985-8299,true,,
Asian Economic Journal,1351-3958;1467-8381,true,,
Asian Education and Development Studies,2046-3162;2046-3170,true,,
Asian Ethnology,1882-6865,true,,
Asian Geographer,1022-5706;2158-1762,true,,
Asian Herpetological Research,2095-0357,true,,
Asian Journal of Atmospheric Environment,1976-6912;2287-1160,true,,
Asian Journal of Business Ethics,2210-6723;2210-6731,true,,
Asian Journal of Communication,0129-2986;1742-0911,true,,
Asian Journal of Criminology,1871-0131;1871-014X,true,,
Asian Journal of Endoscopic Surgery,1758-5902;1758-5910,true,,
Asian Journal of Political Science,0218-5377;1750-7812,true,,
Asian Journal of Technology Innovation,1976-1597;2158-6721,true,,
ASIAN JOURNAL OF WOMENS STUDIES,1225-9276;2377-004X,true,,
Asian Journal of WTO & International Health Law and Policy,1819-5164,true,,
Asian Myrmecology,1985-1944,true,,
ASIAN PACIFIC JOURNAL OF ALLERGY AND IMMUNOLOGY,0125-877X;2228-8694,true,,
Asian Review of World Histories,2287-965X;2287-9811,true,,
Asian Social Work and Policy Review,1753-1403;1753-1411,true,,
Asian Women,1225-925X,true,,
Asia-Pacific Financial Markets,1387-2834;1573-6946,true,,
Asia-Pacific Journal of Accounting & Economics,1608-1625;2164-2257,true,,
Asia-Pacific Journal of Business Administration,1757-4323;1757-4331,true,,
Asia-Pacific Journal of Chemical Engineering,1932-2135;1932-2143,true,,
Asia-Pacific Journal of Clinical Oncology,1743-7555;1743-7563,true,,
Asia-Pacific Journal of Financial Studies,2041-9945;2041-6156;1226-1165,true,,
ASIA-PACIFIC JOURNAL OF OPERATIONAL RESEARCH,0217-5959;1793-7019,true,,
Asia-Pacific Psychiatry,1758-5864;1758-5872,true,,
Asia-Pacific Review,1343-9006;1469-2937,true,,
Asiatic-IIUM Journal of English Language and Literature,1985-3106,true,,
Assistenza Infermieristica e Ricerca,1592-5986;2038-1778,true,,
ASSISTIVE TECHNOLOGY,1040-0435;1949-3614,true,,
ASTRONOMY REPORTS,1063-7729;1562-6881,true,,
Astrophysical Bulletin,1990-3413;1990-3421,true,,
Atalante-Revista de Estudios Cinematograficos,1885-3730;2340-6992,true,,
Atencion Primaria,0212-6567;1578-1275,true,,
Athenea Digital,1578-8946,true,,
ATLA-ALTERNATIVES TO LABORATORY ANIMALS,0261-1929,true,,
ATLANTIC GEOLOGY,0843-5561;1718-7885,true,,
Atlantic Journal of Communication,1545-6870;1545-6889,true,,
ATMOSPHERE-OCEAN,0705-5900;1480-9214,true,,
Atmospheric and Oceanic Optics,0869-5695;2070-0393;1024-8560,true,,
ATOMIC SPECTROSCOPY,0195-5373,true,,
Atoms,2218-2004,true,,
Aula Abierta,0210-2773;2341-2313,true,,
Aula Orientalis,0212-5730,true,,
Australasian Accounting Business and Finance Journal,1834-2000;1834-2019,true,,
Australasian Catholic Record,0727-3215;1839-2458,true,,
Australasian Dispute Resolution Journal,1441-7847,true,,
Australasian Drama Studies,0810-4123,true,,
Australasian Journal of Early Childhood,0312-5033;1836-9391,true,,
Australasian Journal of Information Systems,1449-8618;1326-2238,true,,
Australasian Journal of Special Education,1030-0112;1833-6914,true,,
AUSTRALASIAN JOURNAL ON AGEING,1440-6381;1741-6612,true,,
AUSTRALASIAN PHYSICAL & ENGINEERING SCIENCES IN MEDICINE,0158-9938;1879-5447,true,,
Australasian Plant Disease Notes,1833-928X,true,,
AUSTRALASIAN PLANT PATHOLOGY,0815-3191;1448-6032,true,,
Australasian Psychiatry,1039-8562;1440-1665,true,,
Australasian Review of African Studies,1447-8420;2203-5184,true,,
Australian Aboriginal Studies,0729-4352,true,,
Australian and New Zealand Journal of Family Therapy,0814-723X;1467-8438,true,,
AUSTRALIAN BUSINESS LAW REVIEW,0310-1053,true,,
AUSTRALIAN ECONOMIC PAPERS,0004-900X;1467-8454,true,,
Australian Economic Review,0004-9018;1467-8462,true,,
Australian Family Physician,0300-8495,true,,
Australian Farm Business Management Journal,1449-5937;1449-7875,true,,
AUSTRALIAN FORESTRY,0004-9158;2325-6087,true,,
Australian Intellectual Property Journal,1038-1635,true,,
Australian Journal of Adult Learning,1443-1394,true,,
Australian Journal of Advanced Nursing,0813-0531;1447-4328,true,,
AUSTRALIAN JOURNAL OF BOTANY,0067-1924;1444-9862,true,,
AUSTRALIAN JOURNAL OF CHEMISTRY,0004-9425;1445-0038,true,,
Australian Journal of Emergency Management,1324-1540;2204-2288,true,,
Australian Journal of Environmental Education,0814-0626;2049-775X,true,,
Australian Journal of Forensic Sciences,0045-0618;1834-562X,true,,
Australian Journal of Learning Difficulties,1940-4158;1940-4166,true,,
AUSTRALIAN JOURNAL OF POLITICAL SCIENCE,1036-1146;1363-030X,true,,
AUSTRALIAN JOURNAL OF POLITICS AND HISTORY,0004-9522;1467-8497,true,,
Australian Journal of Primary Health,1448-7527;1836-7399,true,,
Australian Journal of Rural Health,1038-5282;1440-1584,true,,
AUSTRALIAN JOURNAL OF ZOOLOGY,0004-959X;1446-5698,true,,
AUSTRALIAN LAW JOURNAL,0004-9611,true,,
AUSTRALIAN LITERARY STUDIES,0004-9697;1837-6479,true,,
AUSTRALIAN MAMMALOGY,0310-0049;1836-7402,true,,
Australian Prescriber,0312-8008;1839-3942,true,,
AUSTRALIAN PSYCHOLOGIST,0005-0067;1742-9544,true,,
Australian Review of Applied Linguistics,0155-0640;1833-7139,true,,
AUSTRALIAN SYSTEMATIC BOTANY,1030-1887;1446-5701,true,,
Australian Universities Review,0818-8068,true,,
Austrian Journal of Earth Sciences,2072-7151;0251-7493,true,,
Austrian Journal of Forest Science,0379-5292;0375-524X,true,,
Austrian Journal of Statistics,1026-597X,true,,
AUT AUT,0005-0601,true,,
AUTOMATION AND REMOTE CONTROL,0005-1179;1608-3032,true,,
Avances del Cesor,1514-3899;2422-6580,true,,
Avant,2082-7598;2082-6710,true,,
Avian Biology Research,1758-1559;1758-1567,true,,
Avian Research,2053-7166,true,,
Aviation,1648-7788;1822-4180,true,,
Azerbaijan Journal of Mathematics,2218-6816;2221-9501,true,,
B E Journal of Economic Analysis & Policy,1935-1682,true,,
Bagh-e Nazar,1735-9635;2251-7197,true,,
Balcanica,0350-7653,true,,
Balkan Medical Journal,2146-3123;2146-3131,true,,
Baltic Journal of Economics,1406-099X;2334-4385,true,,
Baltic Journal of European Studies,2228-0588;2228-0596,true,,
Baltica,0067-3064;1648-858X,true,,
Bangladesh Journal of Pharmacology,1991-007X;1991-0088,true,,
Bangladesh Journal of Plant Taxonomy,1028-2092;2224-7297,true,,
Bariatric Surgical Practice and Patient Care,2168-023X;2168-0248,true,,
Basal Ganglia,2210-5336;2210-5344,true,,
Batteries-Basel,2313-0105,true,,
BEHAVIOR ANALYST,0738-6729;2196-8918,true,,
BEHAVIORAL DISORDERS,0198-7429;2163-5307,true,,
BEHAVIORAL INTERVENTIONS,1072-0847;1099-078X,true,,
Behavioral Psychology-Psicologia Conductual,1132-9483,true,,
Behavioral Sciences,2076-328X,true,,
BEHAVIOUR CHANGE,0813-4839;2049-7768,true,,
Beitrage zur Algebra und Geometrie-Contributions to Algebra and Geometry,0138-4821;2191-0383,true,,
BERLINER JOURNAL FUR SOZIOLOGIE,0863-1808;1862-2593,true,,
BERLINER UND MUNCHENER TIERARZTLICHE WOCHENSCHRIFT,0005-9366;1439-0299,true,,
BIBLIOTHEQUE D HUMANISME ET RENAISSANCE,0006-1999,true,,
Big Data & Society,2053-9517,true,,
Bio-based and Applied Economics,2280-6180;2280-6172,true,,
BIOCATALYSIS AND BIOTRANSFORMATION,1024-2422;1029-2446,true,,
BIOCHEMICAL GENETICS,0006-2928;1573-4927,true,,
BIOCHEMICAL SYSTEMATICS AND ECOLOGY,0305-1978;1873-2925,true,,
BIOCHEMISTRY AND MOLECULAR BIOLOGY EDUCATION,1470-8175;1539-3429,true,,
Biochemistry Research International,2090-2247;2090-2255,true,,
BioChip Journal,1976-0280;2092-7843,true,,
BIOCONTROL SCIENCE,1342-4815;1884-0205,true,,
BIOCONTROL SCIENCE AND TECHNOLOGY,0958-3157;1360-0478,true,,
Bioengineered,2165-5979;2165-5987,true,,
Biofuels-UK,1759-7269;1759-7277,true,,
BIOINORGANIC CHEMISTRY AND APPLICATIONS,1565-3633;1687-479X,true,,
BIOLOGIA,0006-3088;1336-9563,true,,
BIOLOGICAL RHYTHM RESEARCH,0929-1016;1744-4179,true,,
Biologically Inspired Cognitive Architectures,2212-683X;2212-6848,true,,
BIOLOGY AND ENVIRONMENT-PROCEEDINGS OF THE ROYAL IRISH ACADEMY,0791-7945;2009-003X,true,,
Biomedica,0120-4157,true,,
BIOMEDICAL CHROMATOGRAPHY,0269-3879;1099-0801,true,,
Biomedical Engineering Letters,2093-9868;2093-985X,true,,
Biomedical Engineering-Biomedizinische Technik,0013-5585;1862-278X,true,,
BIO-MEDICAL MATERIALS AND ENGINEERING,0959-2989;1878-3619,true,,
BIOMEDICAL PAPERS-OLOMOUC,1213-8118;1804-7521,true,,
Biomedical Physics & Engineering Express,2057-1976,true,,
Biomolecular NMR Assignments,1874-2718;1874-270X,true,,
BioNanoScience,2191-1630;2191-1649,true,,
BIOPHARMACEUTICS & DRUG DISPOSITION,0142-2782;1099-081X,true,,
BioPsychoSocial Medicine,1751-0759,true,,
BIOREMEDIATION JOURNAL,1088-9868;1547-6529,true,,
BIORHEOLOGY,0006-355X;1878-5034,true,,
BIOSCIENCE BIOTECHNOLOGY AND BIOCHEMISTRY,0916-8451;1347-6947,true,,
Bioscience Journal,1981-3163;1516-3725,true,,
BIOTA NEOTROPICA,1676-0603;1676-0611,true,,
BIOTECHNIC & HISTOCHEMISTRY,1052-0295;1473-7760,true,,
BIOTECHNOLOGY & BIOTECHNOLOGICAL EQUIPMENT,1310-2818;1314-3530,true,,
BIOTECHNOLOGY AND APPLIED BIOCHEMISTRY,0885-4513;1470-8744,true,,
BIOTECHNOLOGY AND BIOPROCESS ENGINEERING,1226-8372;1976-3816,true,,
BJA Education,2058-5349;2058-5357,true,,
BJPsych Bulletin,2056-4694;2056-4708,true,,
BJPsych Open,2056-4724,true,,
BLACK THEOLOGY,1476-9948;1743-1670,true,,
Blood Advances,2473-9529;2473-9537,true,,
BLOOD COAGULATION & FIBRINOLYSIS,0957-5235;1473-5733,true,,
BLOOD PRESSURE MONITORING,1359-5237;1473-5725,true,,
Blood Research,2287-979X;2288-0011,true,,
BMJ Open Gastroenterology,2054-4774,true,,
Boletim do Arquivo da Universidade de Coimbra,0872-5632;2182-7974,true,,
BOLETIM DO INSTITUTO DE PESCA,0046-9939;1678-2305,true,,
Boletin de la Asociacion de Geografos Espanoles,0212-9426,true,,
Boletin de la Sociedad Argentina de Botanica,1851-2372;0373-580X,true,,
BOLETIN DE LA SOCIEDAD ESPANOLA DE CERAMICA Y VIDRIO,0366-3175;2173-0431,true,,
Boletin de la Sociedad Geologica Mexicana,1405-3322,true,,
Boletin Medico del Hospital Infantil de Mexico,0539-6115;1665-1146,true,,
BOLLETTINO DELLA SOCIETA PALEONTOLOGICA ITALIANA,0375-7633,true,,
Bordon-Revista de Pedagogia,0210-5934;2340-6577,true,,
BOTANICA MARINA,0006-8055;1437-4323,true,,
Botanical Sciences,2007-4298;2007-4476,true,,
Botany Letters,2381-8107;2381-8115,true,,
Boundary Value Problems,1687-2770;1687-2762,true,,
Brain Impairment,1443-9646;1839-5252,true,,
BRAZILIAN ARCHIVES OF BIOLOGY AND TECHNOLOGY,1516-8913;1678-4324,true,,
BRAZILIAN JOURNAL OF BIOLOGY,1519-6984;1678-4375,true,,
Brazilian Journal of Botany,1806-9959;0100-8404,true,,
BRAZILIAN JOURNAL OF OCEANOGRAPHY,1679-8759;1982-436X,true,,
Brazilian Journal of Pharmaceutical Sciences,1984-8250;2175-9790,true,,
BRAZILIAN JOURNAL OF PHYSICS,0103-9733;1678-4448,true,,
Brazilian Journal of Probability and Statistics,0103-0752,true,,
Brazilian Oral Research,1807-3107,true,,
Breast Cancer Management,1758-1923;1758-1931,true,,
Breathe,1810-6838;2073-4735,true,,
Brewing Science,1866-5195,true,,
Brills Annual of Afroasiatic Languages and Linguistics,1876-6633;1877-6930,true,,
Britain and the World,2043-8567;2043-8575,true,,
BRITISH JOURNAL OF BIOMEDICAL SCIENCE,0967-4845,true,,
British Journal of Learning Disabilities,1354-4187;1468-3156,true,,
BRITISH JOURNAL OF NEUROSURGERY,0268-8697;1360-046X,true,,
British Journal of Occupational Therapy,0308-0226;1477-6006,true,,
British Journal of Special Education,0952-3383;1467-8578,true,,
British Journal of Visual Impairment,0264-6196;1744-5809,true,,
BRITTONIA,0007-196X;1938-436X,true,,
Brock Education-A Journal of Educational Research and Practice,1183-1189,true,,
BSHM Bulletin-Journal of the British Society for the History of Mathematics,1749-8430;1749-8341,true,,
Buddhist Studies Review,0265-2897;1747-9681,true,,
Buddhist-Christian Studies,0882-0945;1527-9472,true,,
Buildings & Landscapes-Journal of the Vernacular Architecture Forum,1936-0886;1934-6832,true,,
Bulgarsko e-Spisanie za Arkheologiya-Bulgarian e-Journal of Archaeology,1314-5088,true,,
BULLETIN DU CANCER,0007-4551;1769-6917,true,,
Bulletin du Centre de Recherche du Chateau de Versailles,1958-9271,true,,
Bulletin KNOB,0166-0470;2589-3343,true,,
Bulletin Mathematique de la Societe des Sciences Mathematiques de Roumanie,1220-3874;2065-0264,true,,
BULLETIN OF CANADIAN PETROLEUM GEOLOGY,0007-4802,true,,
Bulletin of Chemical Reaction Engineering and Catalysis,1978-2993,true,,
BULLETIN OF ECONOMIC RESEARCH,0307-3378;1467-8586,true,,
BULLETIN OF ENVIRONMENTAL CONTAMINATION AND TOXICOLOGY,0007-4861;1432-0800,true,,
Bulletin of Geography-Physical Geography Series,2080-7686;2300-8490,true,,
Bulletin of Latin American Research,0261-3050;1470-9856,true,,
BULLETIN OF MATERIALS SCIENCE,0250-4707;0973-7669,true,,
Bulletin of Spanish Studies,1475-3820;1478-3428,true,,
BULLETIN OF THE AMERICAN SOCIETY OF PAPYROLOGISTS,0003-1186;1938-6958,true,,
BULLETIN OF THE AUSTRALIAN MATHEMATICAL SOCIETY,0004-9727;1755-1633,true,,
BULLETIN OF THE BRAZILIAN MATHEMATICAL SOCIETY,1678-7544;1678-7714,true,,
BULLETIN OF THE CHEMICAL SOCIETY OF ETHIOPIA,1011-3924;1726-801X,true,,
BULLETIN OF THE COMEDIANTES,0007-5108;1944-0928,true,,
BULLETIN OF THE COUNCIL FOR RESEARCH IN MUSIC EDUCATION,0010-9894;2162-7223,true,,
BULLETIN OF THE GEOLOGICAL SOCIETY OF DENMARK,2245-7070;0011-6297,true,,
Bulletin of the German Historical Institute,1048-9134,true,,
Bulletin of the History of Archaeology,1062-4740;2047-6930,true,,
Bulletin of the Hospital for Joint Diseases,2328-4633;2328-5273,true,,
Bulletin of the Iranian Mathematical Society,1735-8515;1018-6301,true,,
BULLETIN OF THE KOREAN CHEMICAL SOCIETY,1229-5949;0253-2964,true,,
Bulletin of the Korean Mathematical Society,1015-8634,true,,
Bulletin of the Mineral Research and Exploration,0026-4563,true,,
Bulletin of the New Zealand Society for Earthquake Engineering,1174-9857;2324-1543,true,,
Bulletin of the South Ural State University Series-Mathematical Modelling Programming & Computer Software,2071-0216;2308-0256,true,,
Burns & Trauma,2321-3868;2321-3876,true,,
Business and Politics,1369-5258;1469-3569,true,,
BYU Studies Quarterly,2167-8472;2167-8480,true,,
BYZANTINOSLAVICA,0007-7712,true,,
CAHIERS AGRICULTURES,1777-5949;1166-7699,true,,
CAHIERS D ETUDES AFRICAINES,0008-0055;1777-5353,true,,
CAHIERS ELISABETHAINS,0184-7678;2054-4715,true,,
Cahiers Mondes Anciens,2107-0199,true,,
CAHIERS VICTORIENS & EDOUARDIENS,0220-5610,true,,
Cailiao Gongcheng-Journal of Materials Engineering,1001-4381,true,,
CALICO Journal,2056-9017,true,,
CALIFORNIA AGRICULTURE,0008-0845;2160-8091;1097-0967,true,,
CALIFORNIA HISTORY,0162-2897,true,,
Calle 14-Revista de investigacion en el Campo del Arte,2011-3757;2145-0706,true,,
Cambridge International Law Journal,2398-9173;2398-9181,true,,
CAMBRIDGE QUARTERLY OF HEALTHCARE ETHICS,0963-1801;1469-2147,true,,
CANADIAN ASSOCIATION OF RADIOLOGISTS JOURNAL-JOURNAL DE L ASSOCIATION CANADIENNE DES RADIOLOGISTES,0846-5371;1488-2361,true,,
CANADIAN ENTOMOLOGIST,0008-347X;1918-3240,true,,
Canadian Foreign Policy,1192-6422;2157-0817,true,,
Canadian Geriatrics Journal,1925-8348,true,,
Canadian Journal American and Caribbean Studies,0826-3663;2333-1461,true,,
Canadian Journal of Addiction,2368-4720;2368-4739,true,,
CANADIAN JOURNAL OF ADMINISTRATIVE SCIENCES-REVUE CANADIENNE DES SCIENCES DE L ADMINISTRATION,0825-0383;1936-4490,true,,
CANADIAN JOURNAL OF AFRICAN STUDIES,0008-3968;1923-3051,true,,
CANADIAN JOURNAL OF ANIMAL SCIENCE,0008-3984;1918-1825,true,,
Canadian Journal of Applied Linguistics,1481-868X,true,,
CANADIAN JOURNAL OF BEHAVIOURAL SCIENCE-REVUE CANADIENNE DES SCIENCES DU COMPORTEMENT,0008-400X;1879-2669,true,,
CANADIAN JOURNAL OF CHEMICAL ENGINEERING,0008-4034;1939-019X,true,,
CANADIAN JOURNAL OF CHEMISTRY,0008-4042;1480-3291,true,,
CANADIAN JOURNAL OF CIVIL ENGINEERING,0315-1468;1208-6029,true,,
Canadian Journal of Emergency Medicine,1481-8035;1481-8043,true,,
Canadian Journal of Film Studies-Revue Canadienne d Etudes Cinematographiques,0847-5911,true,,
Canadian Journal of Higher Education,0316-1218;2293-6602,true,,
CANADIAN JOURNAL OF HOSPITAL PHARMACY,0008-4123,true,,
CANADIAN JOURNAL OF INFORMATION AND LIBRARY SCIENCE-REVUE CANADIENNE DES SCIENCES DE L INFORMATION ET DE BIBLIOTHECONOMIE,1195-096X;1920-7239,true,,
CANADIAN JOURNAL OF LINGUISTICS-REVUE CANADIENNE DE LINGUISTIQUE,0008-4131;1710-1115,true,,
CANADIAN JOURNAL OF MICROBIOLOGY,0008-4166;1480-3275,true,,
Canadian Journal of Nursing Research,0844-5621;1705-7051,true,,
CANADIAN JOURNAL OF PHYSICS,0008-4204;1208-6045,true,,
CANADIAN JOURNAL OF PLANT SCIENCE,0008-4220;1918-1833,true,,
CANADIAN JOURNAL OF PUBLIC HEALTH-REVUE CANADIENNE DE SANTE PUBLIQUE,0008-4263;1920-7476,true,,
CANADIAN JOURNAL OF SOCIOLOGY-CAHIERS CANADIENS DE SOCIOLOGIE,0318-6431;1710-1123,true,,
Canadian Journal of Urology,1195-9479,true,,
Canadian Journal of Women and the Law,0832-8781;1911-0235,true,,
CANADIAN JOURNAL ON AGING-REVUE CANADIENNE DU VIEILLISSEMENT,0714-9808;1710-1107,true,,
CANADIAN LITERATURE,0008-4360,true,,
CANADIAN METALLURGICAL QUARTERLY,0008-4433;1879-1395,true,,
Canadian Political Science Review,1911-4125,true,,
CANADIAN PUBLIC ADMINISTRATION-ADMINISTRATION PUBLIQUE DU CANADA,0008-4840;1754-7121,true,,
Canadian Respiratory Journal,1198-2241;1916-7245,true,,
CANADIAN REVIEW OF AMERICAN STUDIES,0007-7720;1710-114X,true,,
CANADIAN REVIEW OF COMPARATIVE LITERATURE-REVUE CANADIENNE DE LITTERATURE COMPAREE,0319-051X;1913-9659,true,,
Canadian Studies in Population,0380-1489,true,,
CANADIAN VETERINARY JOURNAL-REVUE VETERINAIRE CANADIENNE,0008-5286;1928-9022,true,,
Cancer Growth and Metastasis,1179-0644,true,,
Cancer Informatics,1176-9351,true,,
Cancer Radiotherapie,1278-3218;1769-6658,true,,
Caracol,2178-1702;2317-9651,true,,
CARAVELLE-CAHIERS DU MONDE HISPANIQUE ET LUSO-BRESILIEN,1147-6753,true,,
Carbon Letters,1976-4251;2233-4998,true,,
CARBONATES AND EVAPORITES,0891-2556;1878-5212,true,,
CARDIOLOGY,0008-6312;1421-9751,true,,
CARDIOLOGY IN THE YOUNG,1047-9511;1467-1107,true,,
Cardiovascular Engineering and Technology,1869-408X;1869-4098,true,,
Cardiovascular Intervention and Therapeutics,1868-4300;1868-4297,true,,
Cardiovascular Journal of Africa,1995-1892;1680-0745,true,,
Cardiovascular Revascularization Medicine,1553-8389;1878-0938,true,,
Carpathian Journal of Earth and Environmental Sciences,1842-4090;1844-489X,true,,
Carpathian Journal of Mathematics,1584-2851;1843-4401,true,,
CARYOLOGIA,0008-7114;2165-5391,true,,
Case Reports in Dentistry,2090-6447;2090-6455,true,,
Case Reports in Dermatology,1662-6567,true,,
Case Reports in Endocrinology,2090-6501;2090-651X,true,,
Case Reports in Nephrology and Dialysis,2296-9705,true,,
Case Reports in Neurology,1662-680X,true,,
Case Reports in Oncological Medicine,2090-6714;2090-6706,true,,
Case Reports in Oncology,1662-6575,true,,
Case Reports in Ophthalmology,1663-2699,true,,
Catalan Journal of Communication & Cultural Studies,1757-1898;1757-1901,true,,
Catalan Journal of Linguistics,1695-6885;2014-9719,true,,
Catalysis in Industry,2070-0504;2070-0555,true,,
Catedral Tomada-Revista de Critica Literaria Latinoamericana-Journal of Latin American Literary Criticism,2169-0847,true,,
CATHOLIC UNIVERSITY LAW REVIEW,0008-8390,true,,
CCAMLR SCIENCE,1023-4063,true,,
Cedille-Revista de Estudios Franceses,1699-4949,true,,
CELL AND TISSUE BANKING,1389-9333;1573-6814,true,,
Cell Health and Cytoskeleton,1179-1330,true,,
CELLULAR AND MOLECULAR BIOLOGY,0145-5680;1165-158X,true,,
CELLULAR POLYMERS,0262-4893;1478-2421,true,,
CELLULOSE CHEMISTRY AND TECHNOLOGY,0576-9787,true,,
Central Bank Review,1303-0701;1305-8800,true,,
Central European Journal of Communication,1899-5101,true,,
Central European Journal of Public Health,1210-7778;1803-1048,true,,
CERAMICS-ART AND PERCEPTION,1035-1841,true,,
CERAMICS-SILIKATY,0862-5468;1804-5847,true,,
Cercles-Revista d Historia Cultural,1139-0158;1699-7468,true,,
CEREAL FOODS WORLD,0146-6283,true,,
Chalcogenide Letters,1584-8663,true,,
Changing English-Studies in Culture and Education,1358-684X;1469-3585,true,,
CHELONIAN CONSERVATION AND BIOLOGY,1071-8443;1943-3956,true,,
CHEMICAL & PHARMACEUTICAL BULLETIN,0009-2363;1347-5223,true,,
CHEMICAL AND BIOCHEMICAL ENGINEERING QUARTERLY,0352-9568;1846-5153,true,,
CHEMICAL ENGINEERING COMMUNICATIONS,0098-6445;1563-5201,true,,
Chemical Industry & Chemical Engineering Quarterly,1451-9372;2217-7434,true,,
CHEMICAL JOURNAL OF CHINESE UNIVERSITIES-CHINESE,0251-0790,true,,
CHEMICAL PAPERS,0366-6352;1336-9075,true,,
CHEMICAL RESEARCH IN CHINESE UNIVERSITIES,1005-9040;2210-3171,true,,
CHEMICAL SPECIATION AND BIOAVAILABILITY,0954-2299;2047-6523,true,,
Chemistry & Chemical Technology,1996-4196,true,,
CHEMISTRY AND ECOLOGY,0275-7540;1029-0370,true,,
CHEMISTRY OF NATURAL COMPOUNDS,0009-3130;1573-8388,true,,
ChemistrySelect,2365-6549,true,,
CHEMOTHERAPY,0009-3157;1421-9794,true,,
Chiang Mai Journal of Science,0125-2526,true,,
Child & Youth Services,0145-935X;1545-2298,true,,
CHILD WELFARE,0009-4021,true,,
Children & Schools,1532-8759;1545-682X,true,,
Children-Basel,2227-9067,true,,
CHILDRENS HEALTH CARE,0273-9615;1532-6888,true,,
Chilean Journal of Agricultural Research,0718-5839;0718-5820,true,,
CHIMIA,0009-4293,true,,
China and WTO Review,2383-8221;2384-4388,true,,
China Finance Review International,2044-1398;2044-1401,true,,
China Petroleum Processing & Petrochemical Technology,1008-6234,true,,
China Quarterly of International Strategic Studies,2377-7400;2377-7419,true,,
China Report,0009-4455;0973-063X,true,,
China-An International Journal,0219-7472;0219-8614,true,,
CHINESE ANNALS OF MATHEMATICS SERIES B,0252-9599;1860-6261,true,,
Chinese Economy,1097-1475;1558-0954,true,,
Chinese Geographical Science,1002-0063;1993-064X,true,,
Chinese Historical Review,1547-402X;2048-7827,true,,
CHINESE JOURNAL OF CHEMICAL ENGINEERING,1004-9541;2210-321X,true,,
CHINESE JOURNAL OF ELECTRONICS,1022-4653;2075-5597,true,,
Chinese Journal of Integrative Medicine,1672-0415;1993-0402,true,,
CHINESE JOURNAL OF ORGANIC CHEMISTRY,0253-2786,true,,
CHINESE JOURNAL OF PHYSICS,0577-9073;2309-9097,true,,
CHINESE JOURNAL OF PHYSIOLOGY,0304-4920,true,,
Chinese Journal of Population Resources and Environment,1004-2857;2325-4262,true,,
Chinese Language and Discourse,1877-7031;1877-8798,true,,
Chinese Management Studies,1750-614X;1750-6158,true,,
CHINESE MEDICAL JOURNAL,0366-6999,true,,
Chinese Physics B,1674-1056;1741-4199,true,,
CHINESE PHYSICS LETTERS,0256-307X;1741-3540,true,,
Chinese Political Science Review,2365-4244;2365-4252,true,,
Chinese Space Science and Technology,1000-758X,true,,
CHINESE STUDIES IN HISTORY,0009-4633;1558-0407,true,,
Cholesterol,2090-1283;2090-1291,true,,
Christian Higher Education,1536-3759;1539-4107,true,,
CHROMATOGRAPHIA,0009-5893;1612-1112,true,,
Chuzhdoezikovo Obuchenie-Foreign Language Teaching,0205-1834;1314-8508,true,,
CIENCIA E AGROTECNOLOGIA,1413-7054;1981-1829,true,,
CIENCIA FLORESTAL,0103-9954;1980-5098,true,,
CIENCIA RURAL,0103-8478;1678-4596,true,,
CIENCIAS MARINAS,0185-3880,true,,
CIN-COMPUTERS INFORMATICS NURSING,1538-2931;1538-9774,true,,
Cinta de Moebio,0717-554X,true,,
Circuit,1183-1693,true,,
CIRIEC-Espana Revista de Economia Publica Social y Cooperativa,0213-8093;1989-6816,true,,
Cityscape,1936-007X;1939-1935,true,,
Civil Wars,1369-8249;1743-968X,true,,
CLA JOURNAL-COLLEGE LANGUAGE ASSOCIATION,0007-8549,true,,
CLEAN-Soil Air Water,1863-0650;1863-0669,true,,
CLEVELAND CLINIC JOURNAL OF MEDICINE,0891-1150;1939-2869,true,,
CLINICA TERAPEUTICA,0009-9074;1972-6007,true,,
Clinical Advances in Hematology & Oncology,1543-0790,true,,
Clinical and Experimental Dental Research,2057-4347,true,,
CLINICAL AND EXPERIMENTAL HYPERTENSION,1064-1963;1525-6006,true,,
Clinical and Experimental Obstetrics & Gynecology,0390-6663,true,,
Clinical and Investigative Medicine,0147-958X;1488-2353,true,,
CLINICAL AUTONOMIC RESEARCH,0959-9851;1619-1560,true,,
Clinical Case Studies,1534-6501;1552-3802,true,,
CLINICAL DYSMORPHOLOGY,0962-8827;1473-5717,true,,
Clinical Gerontologist,0731-7115;1545-2301,true,,
CLINICAL HEMORHEOLOGY AND MICROCIRCULATION,1386-0291;1875-8622,true,,
CLINICAL IMAGING,0899-7071;1873-4499,true,,
Clinical Journal of Gastroenterology,1865-7257;1865-7265,true,,
Clinical Journal of Oncology Nursing,1092-1095;1538-067X,true,,
Clinical Kidney Journal,1753-0784;1753-0792,true,,
Clinical Laboratory,1433-6510,true,,
CLINICAL MEDICINE,1470-2118;1473-4893,true,,
Clinical Medicine Insights- Pathology,1179-5557,true,,
Clinical Medicine Insights-Blood Disorders,1179-545X,true,,
Clinical Medicine Insights-Cardiology,1179-5468,true,,
Clinical Medicine Insights-Case Reports,1179-5476,true,,
Clinical Medicine Insights-Circulatory Respiratory and Pulmonary Medicine,1179-5484,true,,
Clinical Medicine Insights-Pediatrics,1179-5565,true,,
CLINICAL NEPHROLOGY,0301-0430,true,,
CLINICAL NEUROPATHOLOGY,0722-5091,true,,
CLINICAL NEUROPHARMACOLOGY,0362-5664;1537-162X,true,,
Clinical Neuropsychiatry,1724-4935,true,,
Clinical Nurse Specialist,0887-6274;1538-9782,true,,
Clinical Optometry,1179-2752,true,,
Clinical Pediatric Endocrinology,0918-5739;1347-7358,true,,
Clinical Pharmacology in Drug Development,2160-7648;2160-763X,true,,
Clinical Psychologist,1328-4207;1742-9552,true,,
Clinical Reviews in Bone and Mineral Metabolism,1534-8644;1559-0119,true,,
Clinical Sarcoma Research,2045-3329,true,,
CLINICAL SOCIAL WORK JOURNAL,0091-1674;1573-3343,true,,
Clinical Teacher,1743-4971;1743-498X,true,,
Clinics and Practice,2039-7275;2039-7283,true,,
Clinics in Podiatric Medicine and Surgery,0891-8422;1558-2302,true,,
CMES-COMPUTER MODELING IN ENGINEERING & SCIENCES,1526-1492;1526-1506,true,,
Codex Aquilarensis,0214-896X;2386-6454,true,,
Cogent Business & Management,2331-1975,true,,
Cogent Economics & Finance,2332-2039,true,,
Cogent Education,2331-186X,true,,
Cogent Engineering,2331-1916,true,,
Cogent Social Sciences,2331-1886,true,,
Cognitive and Behavioral Neurology,1543-3633;1543-3641,true,,
COLEOPTERISTS BULLETIN,0010-065X;1938-4394,true,,
Collection Management,0146-2679;1545-2549,true,,
COLLOID JOURNAL,1061-933X;1608-3067,true,,
Colloquy-Text Theory Critique,1447-0950,true,,
Colmena-Revista de la Universidad Autonoma del Estado de Mexico,1405-6313,true,,
Colombia Medica,1657-9534;0120-8322,true,,
Colombian Applied Linguistics Journal,0123-4641;2248-7085,true,,
Colonial Latin American Historical Review-Second Series,1063-5769,true,,
COLOR RESEARCH AND APPLICATION,0361-2317;1520-6378,true,,
COLORATION TECHNOLOGY,1472-3581;1478-4408,true,,
COMBINATORIAL CHEMISTRY & HIGH THROUGHPUT SCREENING,1386-2073;1875-5402,true,,
Commentationes Mathematicae Universitatis Carolinae,0010-2628;1213-7243,true,,
Communication Culture & Critique,1753-9129;1753-9137,true,,
Communication Disorders Quarterly,1525-7401;1538-4837,true,,
Communication Quarterly,0146-3373;1746-4102,true,,
Communication Reports,0893-4215;1745-1043,true,,
Communication Research and Practice,2204-1451;2206-3374,true,,
Communication Research Reports,0882-4096;1746-4099,true,,
Communication Teacher,1740-4622;1740-4630,true,,
Communication Today,1338-130X,true,,
Communications in Applied and Industrial Mathematics,2038-0909,true,,
COMMUNICATIONS IN SOIL SCIENCE AND PLANT ANALYSIS,0010-3624;1532-2416,true,,
COMMUNICATIONS IN STATISTICS-SIMULATION AND COMPUTATION,0361-0918;1532-4141,true,,
COMMUNICATIONS IN STATISTICS-THEORY AND METHODS,0361-0926;1532-415X,true,,
COMMUNICATIONS IN THEORETICAL PHYSICS,0253-6102;1572-9494,true,,
Communicatio-South African Journal for Communication Theory and Research,0250-0167;1753-5379,true,,
Community Development,1557-5330;1944-7485,true,,
COMMUNITY DEVELOPMENT JOURNAL,0010-3802;1468-2656,true,,
COMMUNITY ECOLOGY,1585-8553;1588-2756,true,,
Comparative Cognition & Behavior Reviews,1911-4745,true,,
Comparative Critical Studies,1744-1854;1750-0109,true,,
Comparative Economic Studies,0888-7233;1478-3320,true,,
COMPARATIVE MEDICINE,1532-0820,true,,
COMPARATIVE PARASITOLOGY,1525-2647;1938-2952,true,,
COMPEL-THE INTERNATIONAL JOURNAL FOR COMPUTATION AND MATHEMATICS IN ELECTRICAL AND ELECTRONIC ENGINEERING,0332-1649,true,,
Complementary Medicine Research,2504-2092;2504-2106,true,,
Complutense Journal of English Studies,2386-3935;2386-6624,true,,
COMPOSITE INTERFACES,0927-6440;1568-5543,true,,
Composites Theory and Practice,2084-6096;2299-128X,true,,
COMPOST SCIENCE & UTILIZATION,1065-657X;2326-2397,true,,
Comprehensive Child and Adolescent Nursing-Buildng Evidence for Practice,2469-4193;2469-4207,true,,
Comptabilite Controle Audit,1262-2788,true,,
COMPTES RENDUS CHIMIE,1631-0748;1878-1543,true,,
Computability-The Journal of the Association CiE,2211-3568;2211-3576,true,,
Computacion y Sistemas,1405-5546;2007-9737,true,,
COMPUTATIONAL & APPLIED MATHEMATICS,0101-8205;1807-0302,true,,
Computational and Mathematical Organization Theory,1381-298X;1572-9346,true,,
Computational and Theoretical Chemistry,2210-271X;1872-7999,true,,
Computational Condensed Matter,2352-2143,true,,
Computational Economics,0927-7099;1572-9974,true,,
COMPUTATIONAL MATHEMATICS AND MATHEMATICAL PHYSICS,0965-5425;1555-6662,true,,
Computational Thermal Sciences,1940-2503;1940-2554,true,,
COMPUTER ANIMATION AND VIRTUAL WORLDS,1546-4261;1546-427X,true,,
COMPUTER APPLICATIONS IN ENGINEERING EDUCATION,1061-3773;1099-0542,true,,
COMPUTER JOURNAL,0010-4620;1460-2067,true,,
Computer Methods in Biomechanics and Biomedical Engineering-Imaging and Visualization,2168-1163;2168-1171,true,,
Computer Science and Information Systems,1820-0214,true,,
Computer Science-AGH,1508-2806;2300-7036,true,,
Computer Science-Research and Development,1865-2034;1865-2042,true,,
COMPUTER SYSTEMS SCIENCE AND ENGINEERING,0267-6192,true,,
Computing and Visualization in Science,1432-9360;1433-0369,true,,
Con A de Animacion,2173-6049;2173-3511,true,,
Concentric-Studies in Linguistics,1810-7478,true,,
CONCEPTS IN MAGNETIC RESONANCE PART A,1546-6086;1552-5023,true,,
CONCEPTS IN MAGNETIC RESONANCE PART B-MAGNETIC RESONANCE ENGINEERING,1552-5031;1552-504X,true,,
Condensed Matter,2410-3896,true,,
Condensed Matter Physics,1607-324X;2224-9079,true,,
Confluenze-Rivista di Studi Iberoamericani,2036-0967,true,,
Conformal Geometry and Dynamics,1088-4173,true,,
CONFRONTATION,0010-5716,true,,
CONGENITAL ANOMALIES,0914-3505;1741-4520,true,,
Connecticut Insurance Law Journal,1081-9436,true,,
CONNECTION SCIENCE,0954-0091;1360-0494,true,,
CONRADIANA,0010-6356;1935-0252,true,,
Conservation Genetics Resources,1877-7252;1877-7260,true,,
Conservation Science in Cultural Heritage,1974-4951;1973-9494,true,,
Constellations-An International Journal of Critical and Democratic Theory,1351-0487;1467-8675,true,,
CONSTRAINTS,1383-7133;1572-9354,true,,
Construction Economics and Building,1835-6354;1837-9133;2204-9029,true,,
Constructivist Foundations,1782-348X,true,,
CONSULTANT PHARMACIST,0888-5109;2331-0936,true,,
Contagion-Journal of Violence Mimesis and Culture,1075-7201;1930-1200,true,,
Contemporanea,1127-3070,true,,
Contemporary Clinical Trials Communications,2451-8654,true,,
Contemporary Europe-Sovremennaya Evropa,0201-7083,true,,
CONTEMPORARY FAMILY THERAPY,0892-2764;1573-3335,true,,
Contemporary Music Review,0749-4467;1477-2256,true,,
CONTEMPORARY PACIFIC,1043-898X;1527-9464,true,,
CONTEMPORARY SOCIOLOGY-A JOURNAL OF REVIEWS,0094-3061;1939-8638,true,,
Contemporary South Asia,0958-4935;1469-364X,true,,
Con-textos Kantianos-International Journal of Philosophy,2386-7655,true,,
CONTINENTAL PHILOSOPHY REVIEW,1387-2842;1573-1103,true,,
CONTINUITY AND CHANGE,0268-4160;1469-218X,true,,
Contributions of the Astronomical Observatory Skalnate Pleso,1335-1842;1336-0337,true,,
Contributions to Discrete Mathematics,1715-0868,true,,
Control Engineering and Applied Informatics,1454-8658,true,,
Convergencia-Revista de Ciencias Sociales,2448-5799;1405-1435,true,,
CORONARY ARTERY DISEASE,0954-6928;1473-5830,true,,
CORPORATE REPUTATION REVIEW,1363-3589;1479-1889,true,,
CORROSION ENGINEERING SCIENCE AND TECHNOLOGY,1478-422X;1743-2782,true,,
COSMIC RESEARCH,0010-9525;1608-3075,true,,
Counselling & Psychotherapy Research,1473-3145;1746-1405,true,,
Counselling Psychology Quarterly,0951-5070;1469-3674,true,,
COUNSELOR EDUCATION AND SUPERVISION,0011-0035;1556-6978,true,,
Couple and Family Psychology-Research and Practice,2160-4096;2160-410X,true,,
Coupled Systems Mechanics,2234-2184;2234-2192,true,,
Craniomaxillofacial Trauma & Reconstruction,1943-3875;1943-3883,true,,
Crime Prevention & Community Safety,1460-3780;1743-4629,true,,
Criminal Justice Studies,1478-601X;1478-6028,true,,
Criminologie,0316-0041,true,,
CRITICA LETTERARIA,0390-0142;2035-2638,true,,
Critical Arts-South-North Cultural and Media Studies,0256-0046;1992-6049,true,,
Critical Care Nursing Clinics of North America,0899-5885;1558-3481,true,,
Critical Care Nursing Quarterly,0887-9303;1550-5111,true,,
Critical Care Research and Practice,2090-1313;2090-1305,true,,
Critical Education,1920-4175,true,,
Critical Horizons,1440-9917;1568-5160,true,,
Critical Perspectives on International Business,1742-2043;1758-6062,true,,
CRITICA-REVISTA HISPANOAMERICANA DE FILOSOFIA,0011-1503,true,,
Croatian Journal of Philosophy,1333-1108;1847-6139,true,,
CROATIAN MEDICAL JOURNAL,0353-9504;1332-8166,true,,
Croatian Yearbook of European Law & Policy,1845-5662,true,,
Cross Currents,0011-1953;1939-3881,true,,
Cross-Currents-East Asian History and Culture Review,2158-9666;2158-9674,true,,
CRUSTACEANA,0011-216X;1568-5403,true,,
CRYOLETTERS,0143-2044;1742-0644,true,,
CRYPTOGAMIE ALGOLOGIE,0181-1568;1776-0984,true,,
CRYPTOGAMIE BRYOLOGIE,1290-0796;1776-0992,true,,
CRYSTAL RESEARCH AND TECHNOLOGY,0232-1300;1521-4079,true,,
CRYSTALLOGRAPHY REPORTS,1063-7745;1562-689X,true,,
CTAD-Cumhuriyet Tarihi Arastirmalari Dergisi,1305-1458;2147-1592,true,,
Cuadernos de Economia,0121-4772;2248-4337,true,,
Cuadernos de Estudios Gallegos,0210-847X;1988-8333,true,,
Cuadernos de Filologia Clasica-Estudios Griegos e Indoeuropeos,1131-9070;1988-2637,true,,
Cuadernos de Gestion,1131-6837;1988-2157,true,,
Cuadernos de Prehistoria y Arqueologia-Universidad Autonoma de Madrid,0211-1608,true,,
Cuadernos de Vivienda y Urbanismo,2027-2103;2145-0226,true,,
Cuaternario y Geomorfologia,0214-1744,true,,
Cultura de los Cuidados,1138-1728;1699-6003,true,,
Cultura Lenguaje y Representacion-Revista de Estudios Culturales de la Universitat Jaume I,1697-7750,true,,
Cultura y Educacion,1135-6405;1578-4118,true,,
Cultura y Religion,0718-5472;0718-4727,true,,
Cultura-International Journal of Philosophy of Culture and Axiology,1584-1057;2065-5002,true,,
CULTURAL CRITIQUE,0882-4371;1460-2458;1534-5203,true,,
CULTURAL DYNAMICS,0921-3740;1461-7048,true,,
Current Analytical Chemistry,1573-4110;1875-6727,true,,
Current Bioinformatics,1574-8936;2212-392X,true,,
Current Breast Cancer Reports,1943-4588;1943-4596,true,,
Current Cardiovascular Imaging Reports,1941-9066;1941-9074,true,,
Current Cardiovascular Risk Reports,1932-9520;1932-9563,true,,
Current Computer-Aided Drug Design,1573-4099;1875-6697,true,,
Current Drug Delivery,1567-2018;1875-5704,true,,
Current Drug Safety,1574-8863;2212-3911,true,,
Current Fungal Infection Reports,1936-3761;1936-377X,true,,
Current Geriatrics Reports,2196-7865,true,,
CURRENT HERPETOLOGY,1345-5834,true,,
Current Issues in Auditing,1936-1270,true,,
Current Issues in Criminal Justice,1034-5329,true,,
CURRENT MICROBIOLOGY,0343-8651;1432-0991,true,,
Current Nanoscience,1573-4137;1875-6786,true,,
CURRENT ORGANIC SYNTHESIS,1570-1794;1875-6271,true,,
Current Pediatric Reviews,1573-3963;1875-6336,true,,
Current Pharmaceutical Analysis,1573-4129;1875-676X,true,,
Current Problems in Diagnostic Radiology,0363-0188,true,,
Current Psychiatry Reviews,1573-4005;1875-6441,true,,
Current Radiopharmaceuticals,1874-4710;1874-4729,true,,
CURRENT SCIENCE,0011-3891,true,,
Current Sports Medicine Reports,1537-890X;1537-8918,true,,
Current Trends in Translation Teaching and Learning E,2342-7205,true,,
Currents in Pharmacy Teaching and Learning,1877-1297;1877-1300,true,,
Cutaneous and Ocular Toxicology,1556-9527;1556-9535,true,,
CUTIS,0011-4162;2326-6929,true,,
CYBERNETICS AND SYSTEMS,0196-9722;1087-6553,true,,
CYBERNETICS AND SYSTEMS ANALYSIS,1060-0396;1573-8337,true,,
CyTA-Journal of Food,1947-6337;1947-6345,true,,
CYTOPATHOLOGY,0956-5507;1365-2303,true,,
CYTOTECHNOLOGY,0920-9069;1573-0778,true,,
CZECH JOURNAL OF FOOD SCIENCES,1212-1800;1805-9317,true,,
Czech Journal of Genetics and Plant Breeding,1212-1975;1805-9325,true,,
CZECHOSLOVAK MATHEMATICAL JOURNAL,0011-4642;1572-9141,true,,
Czech-Polish Historical and Pedagogical Journal,1803-6546;2336-1654,true,,
Daimon-Revista Internacional de Filosofia,1130-0507;1989-4651,true,,
DALHOUSIE REVIEW,0011-5827,true,,
DANCE CHRONICLE,0147-2526;1532-4257,true,,
Dance Research,0264-2875;1750-0095,true,,
Danish Medical Journal,2245-1919,true,,
DAPHNIS-ZEITSCHRIFT FUR MITTLERE DEUTSCHE LITERATUR,0300-693X;1879-6583,true,,
DATA BASE FOR ADVANCES IN INFORMATION SYSTEMS,0095-0033;1532-0936,true,,
De Arte,0004-3389;2471-4100,true,,
De Medio Aevo,2255-5889,true,,
Deafness & Education International,1464-3154;1557-069X,true,,
Democratic Theory-An Interdisciplinary Journal,2332-8894;2332-8908,true,,
Demografie,0011-8265;1805-2991,true,,
Dental Hypotheses,2155-8213,true,,
Dependence Modeling,2300-2298,true,,
Dermatologica Sinica,1027-8117;2223-330X,true,,
Dermatology Reports,2036-7392;2036-7406,true,,
Derrida Today,1754-8500;1754-8519,true,,
DESIDOC Journal of Library & Information Technology,0974-0643;0976-4658,true,,
Design Science,2053-4701,true,,
DESIGNED MONOMERS AND POLYMERS,1385-772X;1568-5551,true,,
DEUTSCHE SPRACHE,0340-9341,true,,
DEVELOPING ECONOMIES,0012-1533;1746-1049,true,,
Development in Practice,0961-4524;1364-9213,true,,
Developmental Neurorehabilitation,1751-8423;1751-8431,true,,
Deviance et Societe,0378-7931,true,,
Diabetology International,2190-1678;2190-1686,true,,
DIAGNOSTIC CYTOPATHOLOGY,8755-1039;1097-0339,true,,
DIAGNOSTICA,0012-1924;2190-622X,true,,
Dialectologia,2013-2247,true,,
Dialog so Vremenem-Dialogue with Time,2073-7564,true,,
DIALOGUE-CANADIAN PHILOSOPHICAL REVIEW,0012-2173;1759-0949,true,,
Dicenda-Cuadernos de Filologia Hispanica,0212-2952;1988-2556,true,,
DIFFERENTIAL EQUATIONS,0012-2661;1608-3083,true,,
Differential Equations and Dynamical Systems,0971-3514;0974-6870,true,,
Digest Journal of Nanomaterials and Biostructures,1842-3582,true,,
Digest of Middle East Studies,1060-4367;1949-3606,true,,
Digital Education Review,2013-9144,true,,
Digithum,1575-2275,true,,
Dimensions of Critical Care Nursing,0730-4625;1538-8646,true,,
Disaster Medicine and Public Health Preparedness,1935-7893;1938-744X,true,,
DISCRETE DYNAMICS IN NATURE AND SOCIETY,1026-0226;1607-887X,true,,
DISSENT,0012-3846;1946-0910,true,,
DISSOLUTION TECHNOLOGIES,1521-298X;2376-869X,true,,
Diving and Hyperbaric Medicine,1833-3516,true,,
DIX-SEPTIEME SIECLE,0012-4273;1969-6965,true,,
DM DISEASE-A-MONTH,0011-5029;1557-8194,true,,
Documenta et Instrumenta,1697-4328;1697-3798,true,,
Documents d Analisi Geografica,0212-1573,true,,
Doklady Biochemistry and Biophysics,1607-6729;1608-3091,true,,
DOKLADY CHEMISTRY,0012-5008;1608-3113,true,,
DOKLADY MATHEMATICS,1064-5624;1531-8362,true,,
DOKLADY PHYSICAL CHEMISTRY,0012-5016;1608-3121,true,,
DOWN BEAT,0012-5768,true,,
Downside Review,0012-5806;2397-3498,true,,
Dress-The Journal of the Costume Society of America,0361-2112;2042-1729,true,,
Drevnyaya Rus-Voprosy Medievistiki,2071-9574,true,,
DRUG AND CHEMICAL TOXICOLOGY,0148-0545;1525-6014,true,,
Drug Research,2194-9379;2194-9387,true,,
DRUGS OF TODAY,1699-3993;1699-4019,true,,
DRUSTVENA ISTRAZIVANJA,1330-0288,true,,
Drvna Industrija,0012-6772;1847-1153,true,,
Dutch Journal of Applied Linguistics,2211-7245;2211-7253,true,,
DYNAMICAL SYSTEMS-AN INTERNATIONAL JOURNAL,1468-9367;1468-9375,true,,
Dynamis,0211-9536;2340-7948,true,,
Early Child Development and Care,0300-4430;1476-8275,true,,
EARLY CHINA,0362-5028;2325-2324,true,,
Early Modern French Studies,2056-3035;2056-3043,true,,
Early Modern Women-An Interdisciplinary Journal,1933-0065,true,,
Earth and Environmental Science Transactions of the Royal Society of Edinburgh,1755-6910;1755-6929,true,,
Earth Sciences Research Journal,1794-6190,true,,
East Asian Science Technology and Society-An International Journal,1875-2160;1875-2152,true,,
EAST CENTRAL EUROPE,0094-3037;1876-3308,true,,
Eastern Economic Journal,0094-5056;1939-4632,true,,
Eastern European Countryside,1232-8855,true,,
EASTERN EUROPEAN ECONOMICS,0012-8775;1557-9298,true,,
EASTERN MEDITERRANEAN HEALTH JOURNAL,1020-3397;1687-1634,true,,
Echo Research and Practice,2055-0464,true,,
ECHOCARDIOGRAPHY-A JOURNAL OF CARDIOVASCULAR ULTRASOUND AND ALLIED TECHNIQUES,0742-2822;1540-8175,true,,
Eco mont-Journal on Protected Mountain Areas Research,2073-106X;2073-1558,true,,
Ecological Chemistry and Engineering S-Chemia I Inżynieria Ekologiczna S,1898-6196,true,,
ECOLOGY LAW QUARTERLY,0046-1121,true,,
ECOLOGY OF FOOD AND NUTRITION,0367-0244;1543-5237,true,,
Economia Politica,1120-2890;1973-820X,true,,
ECONOMIC AFFAIRS,0265-0665;1468-0270,true,,
Economic and Political Studies-EPS,2095-4816;2470-4024,true,,
ECONOMIC AND SOCIAL REVIEW,0012-9984,true,,
Economic Annals-XXI,1728-6220;1728-6239,true,,
Economic Anthropology,2330-4847,true,,
Economic Computation and Economic Cybernetics Studies and Research,0424-267X;1842-3264,true,,
Economic Papers,0812-0439;1759-3441,true,,
Economics of Peace and Security Journal,1749-852X,true,,
Economics-The Open Access Open-Assessment E-Journal,1864-6042,true,,
Economies,2227-7099,true,,
ECONOMIST-NETHERLANDS,0013-063X;1572-9982,true,,
ECOSCIENCE,1195-6860;2376-7626,true,,
Edinburgh Law Review,1364-9809;1755-1692,true,,
Education and Training in Autism and Developmental Disabilities,2154-1647,true,,
Education for Chemical Engineers,1749-7728,true,,
Education for Health,1357-6283;1469-5804,true,,
EDUCATION FOR INFORMATION,0167-8329;1875-8649,true,,
Education for Primary Care,1473-9879;1475-990X,true,,
EDUCATIONAL FORUM,0013-1733;1938-8098;0013-1725,true,,
EDUCATIONAL GERONTOLOGY,0360-1277;1521-0472,true,,
Educational Psychology in Practice,0266-7363;1469-5839,true,,
Educational Research for Policy and Practice,1570-2081;1573-1723,true,,
Educational Sciences-Theory & Practice,2630-5984;2148-7561;1303-0485,true,,
EFORT Open Reviews,2058-5241,true,,
Egitim ve Bilim-Education and Science,1300-1337,true,,
Egyptian Journal of Anaesthesia,1110-1849;1687-1804,true,,
Egyptian Rheumatologist,1110-1164;2090-2433,true,,
Eighteenth-Century Music,1478-5706;1478-5714,true,,
Eikon Imago,2254-8718,true,,
E-Informatica Software Engineering Journal,1897-7979;2084-4840,true,,
Einstein-Sao Paulo,1679-4508;2317-6385,true,,
EIRE-IRELAND,0013-2683;1550-5162,true,,
EJournal of Tax Research,1448-2398,true,,
EKOLOJI,1300-1361,true,,
EKONOMICKY CASOPIS,0013-3035,true,,
Ekonomista,0013-3205;2299-6184,true,,
ELECTRIC POWER COMPONENTS AND SYSTEMS,1532-5008;1532-5016,true,,
ELECTROCHEMISTRY,1344-3542,true,,
ELECTROMAGNETIC BIOLOGY AND MEDICINE,1536-8378;1536-8386,true,,
ELECTROMAGNETICS,0272-6343;1532-527X,true,,
Electronic Journal of Qualitative Theory of Differential Equations,1417-3875,true,,
Electronic Journal of Research in Educational Psychology,1699-5880;1696-2095,true,,
Electronic Journal of Structural Engineering,1443-9255,true,,
Electronic Notes in Theoretical Computer Science,1571-0661,true,,
Elektronika Ir Elektrotechnika,1392-1215,true,,
ELIA-Estudios de Linguistica Inglesa Aplicada,1576-5059;2253-8283,true,,
E-Mentor,1731-6758;1731-7428,true,,
Emergency Radiology,1070-3004;1438-1435,true,,
EMERGING MARKETS FINANCE AND TRADE,1540-496X;1558-0938,true,,
Emirates Journal of Food and Agriculture,2079-052X;2079-0538,true,,
Emotional and Behavioural Difficulties,1363-2752;1741-2692,true,,
Empirica,0340-8744;1573-6911,true,,
Employee Responsibilities and Rights Journal,0892-7545;1573-3378,true,,
ENCEPHALE-REVUE DE PSYCHIATRIE CLINIQUE BIOLOGIQUE ET THERAPEUTIQUE,0013-7006,true,,
ENDOCRINE RESEARCH,0743-5800;1532-4206,true,,
Endocrinologia Diabetes y Nutricion,2530-0180;2530-0164,true,,
Endoplasmic Reticulum Stress in Diseases,2300-4266,true,,
Endoscopy International Open,2364-3722;2196-9736,true,,
Energy & Environment,0958-305X;2048-4070,true,,
Energy Sources Part A-Recovery Utilization and Environmental Effects,1556-7036;1556-7230,true,,
Energy Systems-Optimization Modeling Simulation and Economic Aspects,1868-3967;1868-3975,true,,
ENFERMEDADES INFECCIOSAS Y MICROBIOLOGIA CLINICA,0213-005X;1578-1852,true,,
Enfermeria Clinica,1130-8621;1579-2013,true,,
Engenharia Agricola,0100-6916,true,,
Engineering Journal-Thailand,0125-8281,true,,
Engineering Letters,1816-093X;1816-0948,true,,
Engineering Management Journal,1042-9247;2377-0643,true,,
Engineering Review,1330-9587;1849-0433,true,,
Engineering Studies,1937-8629;1940-8374,true,,
ENGLISH,0013-8215;1756-1124,true,,
English Academy Review-Southern African Journal of English Studies,1013-1752;1753-5360,true,,
ENGLISH IN AFRICA,0376-8902;2071-7474,true,,
English in Australia,0046-208X;0155-2147,true,,
ENT-EAR NOSE & THROAT JOURNAL,0145-5613;1942-7522,true,,
Entomologica Americana,1947-5136;1947-5144,true,,
Environment and Urbanization ASIA,0975-4253;0976-3546,true,,
ENVIRONMENT DEVELOPMENT AND SUSTAINABILITY,1387-585X;1573-2975,true,,
Environmental and Planning Law Journal,0813-300X,true,,
ENVIRONMENTAL ETHICS,0163-4275;2153-7895,true,,
ENVIRONMENTAL FORENSICS,1527-5922;1527-5930,true,,
Environmental Geotechnics,2051-803X,true,,
Environmental Health and Preventive Medicine,1342-078X;1347-4715,true,,
Environmental Justice,1939-4071;1937-5174,true,,
ENVIRONMENTAL MODELING & ASSESSMENT,1420-2026;1573-2967,true,,
Epekeina-International Journal of Ontology History and Critics,2281-3209,true,,
Ephemerides Theologicae Lovanienses,0013-9513;1783-1423,true,,
Epidemiologia & Prevenzione,1120-9763,true,,
EPIDEMIOLOGIE MIKROBIOLOGIE IMUNOLOGIE,1210-7913;1805-451X,true,,
Epidemiology and Health,2092-7193,true,,
Epilepsy & Behavior Case Reports,2213-3232,true,,
EPJ Applied Metamaterials,2272-2394,true,,
EPJ Nonlinear Biomedical Physics,2195-0008,true,,
EPJ Nuclear Sciences & Technologies,2491-9292,true,,
E-POLYMERS,1618-7229,true,,
Erasmo-Revista de Historia Bajomedieval y Moderna,2341-2380,true,,
ERDE,0013-9998,true,,
Ergonomics in Design,1064-8046;2169-5083,true,,
Erwerbs-Obstbau,0014-0309;1439-0302,true,,
ESC Heart Failure,2055-5822,true,,
ESMO Open,2059-7029,true,,
Esophagus,1612-9059;1612-9067,true,,
ESP Today-Journal of English for Specific Purposes at Tertiary Level,2334-9050,true,,
Espacio Tiempo y Forma-Serie III-Historia Medieval,0214-9745;2340-1362,true,,
E-Spania-Revue Electronique d etudes Hispaniques Medievales,1951-6169,true,,
Estonian Journal of Earth Sciences,1736-4728;1736-7557,true,,
ESTRENO-CUADERNOS DEL TEATRO ESPANOL CONTEMPORANEO,0097-8663,true,,
Estudios Avanzados,0718-5022;0718-5014,true,,
Estudios de Historia Novohispana,0185-2523;2448-6922,true,,
Estudios de Teoria Literaria-Revista Digital-Artes Letras Humanidades,2313-9676,true,,
ESTUDIOS GEOLOGICOS-MADRID,0367-0449;1988-3250,true,,
Estudios Sobre Educacion,1578-7001;2386-6292,true,,
Ethical Perspectives,1370-0049;1783-1431,true,,
ETHICS & BEHAVIOR,1050-8422;1532-7019,true,,
Ethics & Social Welfare,1749-6535;1749-6543,true,,
Ethics Policy & Environment,2155-0085;2155-0093,true,,
Ethiopian Journal of Health Sciences,1029-1857;2413-7170,true,,
ETHNICITY & DISEASE,1049-510X;1945-0826,true,,
Ethnobiology Letters,2159-8126,true,,
Etica & Politica,1825-5167,true,,
ETRI JOURNAL,1225-6463;2233-7326,true,,
ETUDES ANGLAISES,0014-195X,true,,
ETUDES LITTERAIRES,0014-214X,true,,
ETUDES PHILOSOPHIQUES,0014-2166;2101-0056,true,,
Eugene O Neill Review,1040-9483;2161-4318,true,,
Euphrosyne-Revista de Filologia Classica,0870-0133,true,,
Eurasian Journal of Educational Research,1302-597X,true,,
Eurasian Journal of Mathematical and Computer Applications,2306-6172;2308-9822,true,,
Eurasian Journal of Medicine,1308-8734;1308-8742,true,,
EURASIAN SOIL SCIENCE,1064-2293;1556-195X,true,,
EURASIP Journal on Bioinformatics and Systems Biology,1687-4153;1687-4145,true,,
EURASIP Journal on Embedded Systems,1687-3955;1687-3963,true,,
EuroChoices,1478-0917;1746-692X,true,,
EuroMed Journal of Business,1450-2194;1758-888X,true,,
European Annals of Allergy and Clinical Immunology,1764-1489,true,,
European Company Law,1572-4999;1875-6530,true,,
European Countryside,1803-8417,true,,
European Education,1056-4934;1944-7086,true,,
European Geriatric Medicine,1878-7649;1878-7657,true,,
EUROPEAN HEART JOURNAL SUPPLEMENTS,1520-765X;1554-2815,true,,
European Journal for Philosophy of Religion,1689-8311,true,,
European Journal of Applied Linguistics,2192-9521;2192-953X,true,,
European Journal of Comparative Economics,1824-2979,true,,
European Journal of Computational Mechanics,1779-7179;1958-5829,true,,
European Journal of Contemporary Education,2304-9650;2305-6746,true,,
EUROPEAN JOURNAL OF DRUG METABOLISM AND PHARMACOKINETICS,0378-7966;2107-0180,true,,
European Journal of Economics and Economic Policies-Intervention,2052-7764;2052-7772,true,,
European Journal of Education and Psychology,1888-8992;1989-2209,true,,
European Journal of Futures Research,2195-4194;2195-2248,true,,
EUROPEAN JOURNAL OF GASTROENTEROLOGY & HEPATOLOGY,0954-691X;1473-5687,true,,
EUROPEAN JOURNAL OF GYNAECOLOGICAL ONCOLOGY,0392-2936,true,,
European Journal of Health Law,0929-0273;1571-8093,true,,
EUROPEAN JOURNAL OF HORTICULTURAL SCIENCE,1611-4426;1611-4434,true,,
European Journal of Hospital Pharmacy-Science and Practice,2047-9956;2047-9964,true,,
European Journal of Industrial Engineering,1751-5254;1751-5262,true,,
European Journal of Integrative Medicine,1876-3820;1876-3839,true,,
European Journal of International Management,1751-6757;1751-6765,true,,
European Journal of Jewish Studies,1025-9996;1872-471X,true,,
European Journal of Legal Studies,1973-2937,true,,
European Journal of Management and Business Economics,2444-8451;2444-8494,true,,
EUROPEAN JOURNAL OF MASS SPECTROMETRY,1469-0667;1751-6838,true,,
European Journal of Mathematics,2199-675X;2199-6768,true,,
European Journal of Paediatric Dentistry,1591-996X;2035-648X,true,,
EUROPEAN JOURNAL OF PHYSICS,0143-0807;1361-6404,true,,
European Journal of Probation,2066-2203,true,,
EUROPEAN JOURNAL OF PSYCHIATRY,0213-6163,true,,
European Journal of Psychotherapy & Counselling,1364-2537;1469-5901,true,,
European Journal of Scandinavian Studies,2191-9399;2191-9402,true,,
European Journal of Sustainable Development,2239-5938;2239-6101,true,,
European Journal of Tourism Research,1994-7658;1314-0817,true,,
European Journal of Transformation Studies,2298-0997,true,,
European Legacy-Toward New Paradigms,1084-8770;1470-1316,true,,
EUROPEAN PHYSICAL JOURNAL B,1434-6028;1434-6036,true,,
EUROPEAN PHYSICAL JOURNAL D,1434-6060;1434-6079,true,,
EUROPEAN PHYSICAL JOURNAL E,1292-8941;1292-895X,true,,
EUROPEAN PHYSICAL JOURNAL-APPLIED PHYSICS,1286-0042;1286-0050,true,,
European Political Science,1680-4333;1682-0983,true,,
EUROPEAN REVIEW OF APPLIED PSYCHOLOGY-REVUE EUROPEENNE DE PSYCHOLOGIE APPLIQUEE,1162-9088,true,,
European Review of Private Law,0928-9801;1875-8371,true,,
European Thyroid Journal,2235-0640;2235-0802,true,,
Europes Journal of Psychology,1841-0413,true,,
Evidence Based Library and Information Practice,1715-720X,true,,
EVOLUTIONARY ECOLOGY RESEARCH,1522-0613;1937-3791,true,,
Evolutionary Intelligence,1864-5909;1864-5917,true,,
EXPERIMENTAL AGING RESEARCH,0361-073X;1096-4657,true,,
Experimental and Therapeutic Medicine,1792-0981;1792-1015,true,,
Expert Opinion on Orphan Drugs,2167-8707,true,,
Expert Review of Endocrinology & Metabolism,1744-6651;1744-8417,true,,
Expert Review of Ophthalmology,1746-9899;1746-9902,true,,
EXPLICATOR,0014-4940;1939-926X,true,,
Explore-The Journal of Science and Healing,1550-8307;1878-7541,true,,
EXTRAPOLATION,0014-5483;2047-7708,true,,
Eye and Brain,1179-2744,true,,
F Scott Fitzgerald Review,1543-3951;1755-6333,true,,
Facets,2371-1671,true,,
FACIAL PLASTIC SURGERY,0736-6825;1098-8793,true,,
Facts Views and Vision in ObGyn,2032-0418,true,,
Families Systems & Health,1091-7527;1939-0602,true,,
Family & Consumer Sciences Research Journal,1077-727X;1552-3934,true,,
Family Journal,1066-4807;1552-3950,true,,
FAMILY LAW QUARTERLY,0014-729X;2162-7991,true,,
Fashion and Textiles,2198-0802,true,,
Fashion Style & Popular Culture,2050-0726;2050-0734,true,,
FEDERAL RESERVE BANK OF ST LOUIS REVIEW,0014-9187;2163-4505,true,,
Feminist Theology,0966-7350;1745-5189,true,,
Feministische Studien,0723-5186;2365-9920,true,,
Fennia-International Journal of Geography,0015-0010;1798-5617,true,,
FERROELECTRICS,0015-0193;1563-5112,true,,
Fetal and Pediatric Pathology,1551-3815;1551-3823,true,,
FEW-BODY SYSTEMS,0177-7963;1432-5411,true,,
FIBER AND INTEGRATED OPTICS,0146-8030;1096-4681,true,,
FIBONACCI QUARTERLY,0015-0517,true,,
Fieldwork in Religion,1743-0615;1743-0623,true,,
Film International,1651-6826;2040-3801,true,,
Film Studies,1469-0314;2054-2496,true,,
Filomat,0354-5180;2406-0933,true,,
Filosofia Politica,0394-7297,true,,
Filosofia Unisinos,1519-5023;1984-8234,true,,
FILOSOFICKY CASOPIS,0015-1831;2570-9232,true,,
Filosofija-Sociologija,0235-7186,true,,
Filozofia Nauki,1230-6894,true,,
FINANCE A UVER-CZECH JOURNAL OF ECONOMICS AND FINANCE,0015-1920;2464-7683,true,,
Financial Innovation,2199-4730,true,,
FinanzArchiv,0015-2218;1614-0974,true,,
Finisterra-Revista Portuguesa de Geografia,0430-5027;2182-2905,true,,
Fire Ecology,1933-9747,true,,
FISH PATHOLOGY,0388-788X,true,,
FLORA,0367-2530;1618-0585,true,,
Floresta e Ambiente,2179-8087;1415-0980,true,,
FLUCTUATION AND NOISE LETTERS,0219-4775;1793-6780,true,,
Fluids,2311-5521,true,,
FLUORIDE,0015-4725;2253-4083,true,,
Folia Horticulturae,0867-1761;2083-5965,true,,
FOLIA MICROBIOLOGICA,0015-5632;1874-9356,true,,
FOLIA PARASITOLOGICA,0015-5683;1803-6465,true,,
FOLIA ZOOLOGICA,0139-7893;1573-1189,true,,
Folklore-Electronic Journal of Folklore,1406-0957;1406-0949,true,,
FONTES ARTIS MUSICAE,0015-6191;2471-156X,true,,
Food and Foodways,0740-9710;1542-3484,true,,
FOOD BIOTECHNOLOGY,0890-5436;1532-4249,true,,
Food Culture & Society,1552-8014;1751-7443,true,,
FOOD SCIENCE AND BIOTECHNOLOGY,1226-7708;2092-6456,true,,
FOOD SCIENCE AND TECHNOLOGY INTERNATIONAL,1082-0132;1532-1738,true,,
FOOD TECHNOLOGY AND BIOTECHNOLOGY,1330-9862;1334-2606,true,,
Footwear Science,1942-4280;1942-4299,true,,
FORBES,0015-6914,true,,
Forensic Chemistry,2468-1709,true,,
Forensic Science International Genetics Supplement Series,1875-1768;1875-175X,true,,
Forensische Psychiatrie Psychologie Kriminologie,1862-7072;1862-7080,true,,
Foresight,1463-6689;1465-9832,true,,
FOREST PRODUCTS JOURNAL,0015-7473,true,,
Forest Science and Technology,2158-0103;2158-0715,true,,
Forest Systems,2171-5068;2171-9845,true,,
Fornvannen-Journal of Swedish Antiquarian Research,0015-7813;1404-9430,true,,
FORUM DER PSYCHOANALYSE,0178-7667;1437-0751,true,,
FORUM ITALICUM,0014-5858;2168-989X,true,,
Forum-A Journal of Applied Research in Contemporary Politics,2194-6183;1540-8884,true,,
Forum-Revue Internationale d Interpretation et de Traduction-International Journal of Interpretation and Translation,1598-7647;2451-909X,true,,
Fotocinema-Revista Cientifica de Cine y Fotografia,2172-0150,true,,
Fottea,1802-5439;1805-4927,true,,
Foundations and Trends in Signal Processing,1932-8346;1932-8354,true,,
Foundations of Computing and Decision Sciences,0867-6356;2300-3405,true,,
FOUNDATIONS OF PHYSICS,0015-9018;1572-9516,true,,
Framework-The Journal of Cinema and Media,0306-7661;1559-7989,true,,
FRANCAIS MODERNE,0015-9409,true,,
Frattura ed Integrita Strutturale,1971-8993,true,,
French Cultural Studies,0957-1558;1740-2352,true,,
FRENCH FORUM,0098-9355;1534-1836,true,,
FRENCH REVIEW,0016-111X;2329-7131,true,,
Fronteras de la Historia,2027-4688;0123-4676,true,,
Frontiers in Cardiovascular Medicine,2297-055X,true,,
Frontiers in Energy,2095-1701;2095-1698,true,,
Frontiers in Life Science,2155-3769;2155-3777,true,,
Frontiers in Surgery,2296-875X,true,,
Frontiers of Agricultural Science and Engineering,2095-7505;2095-977X,true,,
Frontiers of Computer Science,2095-2228;2095-2236,true,,
Frontiers of Earth Science,2095-0195;2095-0209,true,,
Frontiers of Education in China,1673-341X;1673-3533,true,,
Frontiers of Information Technology & Electronic Engineering,2095-9184;2095-9230,true,,
Frontiers of Materials Science,2095-025X;2095-0268,true,,
Frontiers of Optoelectronics,2095-2759;2095-2767,true,,
Frontiers of Philosophy in China,1673-3436;1673-355X,true,,
FRONTIERS-A JOURNAL OF WOMEN STUDIES,0160-9009;1536-0334,true,,
Fruits,0248-1294;1625-967X,true,,
FUJITSU SCIENTIFIC & TECHNICAL JOURNAL,0016-2523,true,,
Fukushima Journal of Medical Science,0016-2590;2185-4610,true,,
FULLERENES NANOTUBES AND CARBON NANOSTRUCTURES,1536-383X;1536-4046,true,,
Functional Materials Letters,1793-6047;1793-7213,true,,
FUNCTIONES ET APPROXIMATIO COMMENTARII MATHEMATICI,0208-6573;0208-9433,true,,
Fundamental and Applied Limnology,1863-9135,true,,
Funkcialaj Ekvacioj-Serio Internacia,0532-8721,true,,
Future Business Journal,2314-7210,true,,
Future Cardiology,1479-6678;1744-8298,true,,
Future Internet,1999-5903,true,,
Future Neurology,1479-6708;1748-6971,true,,
Future Virology,1746-0794;1746-0808,true,,
Futuro del Pasado-Revista Electronica de Historia,1989-9289,true,,
Gaceta Sanitaria,0213-9111;1578-1283,true,,
Galilaeana-Studies in Renaissance and Early Modern Science,1971-6052;1825-3903,true,,
Gastroenterologia y Hepatologia,0210-5705,true,,
Gastroenterology Nursing,1042-895X;1538-9766,true,,
Gateways-International Journal of Community Research and Engagement,1836-3393,true,,
Gazeta de Antropologia,2340-2792;0214-7564,true,,
Ge-Conservacion,1989-8568,true,,
GEFAHRSTOFFE REINHALTUNG DER LUFT,0949-8036;1436-4891,true,,
GEM-International Journal on Geomathematics,1869-2672;1869-2680,true,,
Gender Technology & Development,0971-8524;0973-0656,true,,
GENERAL PHYSIOLOGY AND BIOPHYSICS,0231-5882;1338-4325,true,,
GENERATIONS-JOURNAL OF THE AMERICAN SOCIETY ON AGING,0738-7806,true,,
Genes & Genomics,1976-9571;2092-9293,true,,
Genetic Testing and Molecular Biomarkers,1945-0265;1945-0257,true,,
GENETICA,0016-6707;1573-6857,true,,
GENETICS AND MOLECULAR RESEARCH,1676-5680,true,,
Genetics Research,0016-6723;1469-5073,true,,
Genocide Studies International,2291-1847;2291-1855,true,,
Geodesy and Geodynamics,1674-9847,true,,
Geodetski Vestnik,0351-0271;1581-1328,true,,
Geodynamics & Tectonophysics,2078-502X,true,,
Geofisica Internacional,0016-7169,true,,
Geofizika,0352-3659;1846-6346,true,,
Geografia Fisica e Dinamica Quaternaria,0391-9838;1724-4781,true,,
Geografie,1212-0014,true,,
Geografisk Tidsskrift-Danish Journal of Geography,0016-7223;1903-2471,true,,
Geographia Technica,1842-5135;2065-4421,true,,
Geographica Pannonica,0354-8724;1820-7138,true,,
GEOGRAPHICAL REVIEW,0016-7428;1931-0846,true,,
GEOGRAPHY,0016-7487;2043-6564,true,,
Geography and Natural Resources,1875-3728;1875-371X,true,,
GEOLOGIA CROATICA,1330-030X;1333-4875,true,,
GEOLOGICA ACTA,1695-6133;1696-5728,true,,
GEOLOGICAL SURVEY OF DENMARK AND GREENLAND BULLETIN,1604-8156,true,,
Geologos,1426-8981;2080-6574,true,,
GEOMAGNETISM AND AERONOMY,0016-7932;1555-645X,true,,
Geomechanics and Geoengineering-An International Journal,1748-6025;1748-6033,true,,
GEOMICROBIOLOGY JOURNAL,0149-0451;1521-0529,true,,
Geomorphologie-Relief Processus Environnement,1266-5304,true,,
GEOPHYSICAL AND ASTROPHYSICAL FLUID DYNAMICS,0309-1929;1029-0419,true,,
Georgian Mathematical Journal,1072-947X;1572-9176,true,,
GEOSCIENCES JOURNAL,1226-4806;1598-7477,true,,
Geo-Spatial Information Science,1009-5020;1993-5153,true,,
Geosystem Engineering,1226-9328;2166-3394,true,,
Geotechnical Research,2052-6156,true,,
GERIATRIC NURSING,0197-4572;1528-3984,true,,
German Journal of Agricultural Economics,0002-1121;0515-6866;2191-4028,true,,
German Politics and Society,1045-0300;1558-5441,true,,
GeroPsych-The Journal of Gerontopsychology and Geriatric Psychiatry,1662-9647;1662-971X,true,,
Gesunde Pflanzen,0367-4223;1439-0345,true,,
Gesundheitsoekonomie und Qualitaetsmanagement,1432-2625;1439-4049,true,,
GESUNDHEITSWESEN,0941-3790;1439-4421,true,,
Ginekologia Polska,0017-0011,true,,
Giornale di Chirurgia,0391-9005;1971-145X,true,,
GIORNALE ITALIANO DI DERMATOLOGIA E VENEREOLOGIA,0392-0488;1827-1820,true,,
Giornale Italiano di Endodonzia,1971-1425;1121-4171,true,,
GIORNALE STORICO DELLA LETTERATURA ITALIANA,0017-0496,true,,
Girlhood Studies-An Interdisciplinary Journal,1938-8209;1938-8322,true,,
Gladius,0436-029X;1988-4168,true,,
Gland Surgery,2227-684X;2227-8575,true,,
Glasnik Matematicki,0017-095X;1846-7989,true,,
GLASS AND CERAMICS,0361-7610;1573-8515,true,,
GLASS PHYSICS AND CHEMISTRY,1087-6596;1608-313X,true,,
GLOBAL CHALLENGES,2056-6646,true,,
Global Economic Review,1226-508X;1744-3873,true,,
Global Economy Journal,1524-5861;1553-5304,true,,
Global Health Promotion,1757-9759;1757-9767,true,,
Global Journal Al-Thaqafah,2232-0474;2232-0482,true,,
GLOBAL JOURNAL OF ENVIRONMENTAL SCIENCE AND MANAGEMENT-GJESM,2383-3572;2383-3866,true,,
Global Labour Journal,1918-6711,true,,
Global Mental Health,2054-4251,true,,
Global NEST Journal,1790-7632,true,,
Glottometrics,1617-8351,true,,
Gothic Studies,1362-7937;2050-456X,true,,
GOYA,0017-2715,true,,
Grafica-Journal of Graphic Design,2014-9298,true,,
GRANA,0017-3134;1651-2049,true,,
GRASAS Y ACEITES,0017-3495;1988-4214,true,,
GRASSLAND SCIENCE,1744-6961;1744-697X,true,,
Gravitation & Cosmology,0202-2893;1995-0721,true,,
GREAT PLAINS QUARTERLY,0275-7664,true,,
Green Materials,2049-1220;2049-1239,true,,
Grounded Theory Review,1556-1550,true,,
Grundwasser,1430-483X;1432-1165,true,,
GYMNASIUM,0342-5231,true,,
Gynecologic Oncology Reports,2352-5789,true,,
Gynecological Surgery,1613-2076;1613-2084,true,,
Gynecologie Obstetrique Fertilite & Senologie,2468-7189;2468-7197,true,,
Gynecology and Minimally Invasive Therapy-GMIT,2213-3070;2213-3089,true,,
Habis,0210-7694;2253-7686,true,,
Hacettepe Journal of Mathematics and Statistics,1303-5010,true,,
Hacettepe Universitesi Egitim Fakultesi Dergisi-Hacettepe University Journal of Education,2536-4758;1300-5340,true,,
Hagiographica,1124-1225,true,,
Hague Journal of Diplomacy,1871-1901;1871-191X,true,,
Hand Surgery & Rehabilitation,2468-1229,true,,
Hand Therapy,1758-9983;1758-9991,true,,
Handchirurgie Mikrochirurgie Plastische Chirurgie,0722-1819;1439-3980,true,,
HASTINGS CENTER REPORT,0093-0334;1552-146X,true,,
Hawwa,1569-2078;1569-2086,true,,
Health Care for Women International,0739-9332;1096-4665,true,,
Health Education,0965-4283;1758-714X,true,,
Health Information Management Journal,1833-3583;1833-3575,true,,
HEALTH PHYSICS,0017-9078;1538-5159,true,,
Health Promotion Journal of Australia,1036-1073;2201-1617,true,,
Health Promotion Perspectives,2228-6497,true,,
Health Psychology Report,2353-4184;2353-5571,true,,
Health Services Management Research,0951-4848;1758-1044,true,,
Health Sociology Review,1446-1242;1839-3551,true,,
Health Systems,2047-6965;2047-6973,true,,
Healthcare,2227-9032,true,,
Healthcare Technology Letters,2053-3713,true,,
Hearing Balance and Communication,2169-5717;2169-5725,true,,
HEAT TRANSFER RESEARCH,1064-2285;2162-6561,true,,
Heat Transfer-Asian Research,1099-2871;1523-1496,true,,
HEGEL-STUDIEN,0073-1587,true,,
Heliyon,2405-8440,true,,
Hellenic Journal of Cardiology,1109-9666;2241-5955,true,,
Hellenic Journal of Nuclear Medicine,1790-5427,true,,
HELVETICA CHIMICA ACTA,0018-019X;1522-2675,true,,
Hematology,1024-5332;1607-8454,true,,
Hematology Reports,2038-8322;2038-8330,true,,
Hemijska Industrija,0367-598X;2217-7426,true,,
HEMOGLOBIN,0363-0269;1532-432X,true,,
Hepatic Medicine-Evidence and Research,1179-1535,true,,
HERALD OF THE RUSSIAN ACADEMY OF SCIENCES,1019-3316;1555-6492,true,,
HEREDITAS,1601-5223;0018-0661,true,,
Hermeneia,1453-9047;2069-8291,true,,
Heroin Addiction and Related Clinical Problems,1592-1638,true,,
Herpetological Conservation and Biology,2151-0733;1931-7603,true,,
HERPETOZOA,1013-4425,true,,
HERZ,0340-9937;1615-6692,true,,
HETEROATOM CHEMISTRY,1042-7163;1098-1071,true,,
HETEROCYCLES,0385-5414;1881-0942,true,,
HEYTHROP JOURNAL,0018-1196;1468-2265,true,,
HIGH ABILITY STUDIES,1359-8139;1469-834X,true,,
High Blood Pressure & Cardiovascular Prevention,1120-9879;1179-1985,true,,
HIGH ENERGY CHEMISTRY,0018-1439;1608-3148,true,,
HIGH PERFORMANCE POLYMERS,0954-0083;1361-6412,true,,
Higher Education Skills and Work-based Learning,2042-3896;2042-390X,true,,
Hip International,1120-7000;1724-6067,true,,
Hippokratia,1108-4189,true,,
Hiroshima Mathematical Journal,0018-2079,true,,
HISPAMERICA-REVISTA DE LITERATURA,0363-0471,true,,
Hispania Sacra,0018-215X;1988-4265,true,,
HISTOIRE SOCIALE-SOCIAL HISTORY,0018-2257,true,,
Historelo-Revista de Historia Regional y Local,2145-132X,true,,
Historia Agraria,1139-1472;2340-3659,true,,
Historia Caribe,0122-8803;2322-6889,true,,
Historia Ciencias Saude-Manguinhos,0104-5970;1678-4758,true,,
Historia Unisinos,1519-3861;2236-1782,true,,
Historia y Comunicacion Social,1137-0734;1988-3056,true,,
Historical Records of Australian Science,0727-3061;1448-5508,true,,
HISTORICKY CASOPIS,0018-2575,true,,
HISTORIOGRAPHIA LINGUISTICA,0302-5160;1569-9781,true,,
HISTORISCHES JAHRBUCH,0018-2621,true,,
HISTORY OF EDUCATION QUARTERLY,0018-2680;1748-5959,true,,
History of Education Review,0819-8691;0311-3248,true,,
HISTORY OF POLITICAL THOUGHT,0143-781X,true,,
HNO,0017-6192;1433-0458,true,,
Holistic Nursing Practice,0887-9311;1550-5138,true,,
Holocaust-Studii si Cercetari,2065-6602,true,,
HOME HEALTH CARE SERVICES QUARTERLY,0162-1424;1545-0856,true,,
Hong Kong Law Journal,0378-0600,true,,
HONG KONG MEDICAL JOURNAL,1024-2708,true,,
Horizon-Fenomenologicheskie Issledovaniya,2226-5260;2311-6986,true,,
HORIZONS,0360-9669;2050-8557,true,,
Horizonte-Revista de Estudos de Teologia e Ciencias da Religiao,1679-9615;2175-5841,true,,
Horticulture Environment and Biotechnology,2211-3452;2211-3460,true,,
HORTTECHNOLOGY,1063-0198;1943-7714,true,,
Hospitality & Society,2042-7913;2042-7921,true,,
HOUSTON JOURNAL OF MATHEMATICS,0362-1588,true,,
Howard Journal of Communications,1064-6175;1096-4649,true,,
Hrvatski Geografski Glasnik-Croatian Geographical Bulletin,1331-5854;1848-6401,true,,
HUDEBNI VEDA,0018-7003,true,,
HUDSON REVIEW,0018-702X;2325-5935,true,,
Human Affairs-Postdisciplinary Humanities & Social Sciences Quarterly,1210-3055;1337-401X,true,,
HUMAN AND ECOLOGICAL RISK ASSESSMENT,1080-7039;1549-7860,true,,
HUMAN BIOLOGY,0018-7143;1534-6617,true,,
Human Fertility,1464-7273;1742-8149,true,,
Human Rights Review,1524-8879;1874-6306,true,,
HUMAN SYSTEMS MANAGEMENT,0167-2533;1875-8703,true,,
Humana Mente-Journal of Philosophical Studies,1972-1293,true,,
Human-Wildlife Interactions,1934-4392;1936-8046;2155-3858;2155-3874,true,,
Hungarian Cultural Studies,2471-965X,true,,
Hydrological Research Letters,1882-3416,true,,
Hydrologie und Wasserbewirtschaftung,1439-1783,true,,
HYLE,1433-5158;1617-4240,true,,
Hypertension Research in Pregnancy,2187-5987;2187-9931,true,,
Hypnos,1413-9138;2177-5346,true,,
Iberoamericana,1577-3388;2255-520X,true,,
Icelandic Agricultural Sciences,1670-567X,true,,
ICHNOS-AN INTERNATIONAL JOURNAL FOR PLANT AND ANIMAL TRACES,1042-0940;1563-5236,true,,
Iconographica,1720-1764,true,,
IC-Revista Cientifica de Informacion y Comunicacion,1696-2508;2173-1071,true,,
IDCases,2214-2509,true,,
Idojaras,0324-6329,true,,
IDS BULLETIN-INSTITUTE OF DEVELOPMENT STUDIES,0265-5012;1759-5436,true,,
IEEE ANNALS OF THE HISTORY OF COMPUTING,1058-6180;1934-1547,true,,
IEEE Consumer Electronics Magazine,2162-2248;2162-2256,true,,
IEEE Revista Iberoamericana de Tecnologias del Aprendizaje-IEEE RITA,1932-8540,true,,
IEEE TECHNOLOGY AND SOCIETY MAGAZINE,0278-0097;1937-416X,true,,
IEEE Transactions on Cognitive Communications and Networking,2332-7731,true,,
IEEE Transactions on Computational Imaging,2333-9403,true,,
IEEJ Journal of Industry Applications,2187-1094;2187-1108,true,,
IEEJ Transactions on Electrical and Electronic Engineering,1931-4973;1931-4981,true,,
IEICE TRANSACTIONS ON COMMUNICATIONS,0916-8516;1745-1345,true,,
IET Communications,1751-8628;1751-8636,true,,
IET Networks,2047-4954;2047-4962,true,,
IET Systems Biology,1751-8849;1751-8857,true,,
IETE JOURNAL OF RESEARCH,0377-2063;0974-780X,true,,
IFLA JOURNAL-INTERNATIONAL FEDERATION OF LIBRARY ASSOCIATIONS,0340-0352;1745-2651,true,,
IHS Antiguos Jesuitas en Iberoamerica,2314-3908,true,,
IJC Heart & Vasculature,2352-9067,true,,
IJISPM-International Journal of Information Systems and Project Management,2182-7796;2182-7788,true,,
IKON-Journal of Iconographic Studies,1846-8551,true,,
Ilu-Revista de Ciencias de las Religiones,1135-4712;1988-3269;1578-1305,true,,
IMA Journal of Management Mathematics,1471-678X;1471-6798,true,,
Imago Temporis-Medium Aevum,1888-3931,true,,
IMP Journal,2059-1403;0809-7259,true,,
Implant Dentistry,1056-6163;1538-2982,true,,
Implantologie,0943-9692,true,,
Impossibilia-Revista Internacional de Estudios Literarios,2174-2464,true,,
Improving Schools,1365-4802;1475-7583,true,,
IN VITRO CELLULAR & DEVELOPMENTAL BIOLOGY-PLANT,1054-5476;1475-2689,true,,
IN VIVO,0258-851X;1791-7549,true,,
Independent Review,1086-1653,true,,
India Quarterly-A Journal of International Affairs,0974-9284;0975-2684,true,,
Indian Geotechnical Journal,0971-9555;2277-3347;0046-8983,true,,
INDIAN JOURNAL OF BIOCHEMISTRY & BIOPHYSICS,0301-1208;0975-0959,true,,
INDIAN JOURNAL OF CANCER,0019-509X;1998-4774,true,,
Indian Journal of Clinical Biochemistry,0970-1915;0974-0422,true,,
INDIAN JOURNAL OF DERMATOLOGY,0019-5154;1998-3611,true,,
INDIAN JOURNAL OF ENGINEERING AND MATERIALS SCIENCES,0971-4588;0975-1017,true,,
INDIAN JOURNAL OF FIBRE & TEXTILE RESEARCH,0971-0426;0975-1025,true,,
Indian Journal of Gastroenterology,0254-8860;0975-0711,true,,
Indian Journal of Hematology and Blood Transfusion,0971-4502;0974-0449,true,,
Indian Journal of Medical and Paediatric Oncology,0971-5851;0975-2129,true,,
Indian Journal of Medical Microbiology,0255-0857;1998-3646,true,,
INDIAN JOURNAL OF MICROBIOLOGY,0046-8991;0973-7715,true,,
Indian Journal of Nephrology,0971-4065;1998-3662,true,,
Indian Journal of Nuclear Medicine,0972-3919;0974-0244,true,,
Indian Journal of Occupational and Environmental Medicine,0973-2284;1998-3670;0019-5278,true,,
Indian Journal of Otology,0971-7749;2249-9520,true,,
Indian Journal of Palliative Care,0973-1075;1998-3735,true,,
Indian Journal of Pathology and Microbiology,0377-4929;0974-5130,true,,
INDIAN JOURNAL OF PEDIATRICS,0019-5456;0973-7693,true,,
INDIAN JOURNAL OF PHARMACEUTICAL SCIENCES,0250-474X;1998-3743,true,,
INDIAN JOURNAL OF PHARMACOLOGY,0253-7613;1998-3751,true,,
INDIAN JOURNAL OF PHYSICS,0973-1458;0974-9845,true,,
Indian Journal of Plastic Surgery,0970-0358;1998-376X,true,,
Indian Journal of Psychology Medicine,0253-7176;0975-1564,true,,
Indian Journal of Surgery,0972-2068;0973-9793,true,,
Indian Journal of Surgical Oncology,0975-7651;0976-6952,true,,
Indian Journal of Urology,0970-1591;1998-3824,true,,
INDOGERMANISCHE FORSCHUNGEN,0019-7262;1613-0405,true,,
Indonesian Journal of Chemistry,1411-9420,true,,
Indonesian Journal of Geoscience,2355-9314;2355-9306,true,,
INDUSTRIAL AND COMMERCIAL TRAINING,0019-7858;1758-5767,true,,
Industrial Engineering and Management Systems,1598-7248;2234-6473,true,,
INDUSTRIAL LUBRICATION AND TRIBOLOGY,0036-8792;1758-5775,true,,
Industry and Higher Education,0950-4222;2043-6858,true,,
Infancia y Aprendizaje,0210-3702;1578-4126,true,,
Infants & Young Children,0896-3746;1550-5081,true,,
INFINI,0754-023X,true,,
Informacao & Sociedade-Estudos,0104-0146;1809-4783,true,,
Informatics for Health & Social Care,1753-8157;1753-8165,true,,
Information,2078-2489,true,,
Information and Computer Security,2056-4961,true,,
Information and Learning Science,2398-5348,true,,
Information Technology and Control,1392-124X,true,,
Information Visualization,1473-8716;1473-8724,true,,
Informes de la Construccion,0020-0883;1988-3234,true,,
Infrastructure Asset Management,2053-0242;2053-0250,true,,
Inland Water Biology,1995-0829;1995-0837,true,,
INMATEH-Agricultural Engineering,2068-4215;2068-2239,true,,
Innes Review,0020-157X;1745-5219,true,,
Innovation-Management Policy & Practice,2204-0226;1447-9338,true,,
Innovations in Systems and Software Engineering,1614-5046;1614-5054,true,,
Innovations-Technology and Techniques in Cardiothoracic and Vascular Surgery,1556-9845;1559-0879,true,,
INORGANIC CHEMISTRY COMMUNICATIONS,1387-7003;1879-0259,true,,
INORGANIC MATERIALS,0020-1685;1608-3172,true,,
INQUIRY-THE JOURNAL OF HEALTH CARE ORGANIZATION PROVISION AND FINANCING,0046-9580;1945-7243,true,,
INSECT SYSTEMATICS & EVOLUTION,1399-560X;1876-312X,true,,
INSIGHT,1354-2575;1754-4904,true,,
Insight on Africa,0975-0878;0976-3465,true,,
Insights-The UKSG Journal,2048-7754,true,,
Insolvency Law Journal,1039-3293,true,,
INSTRUMENTATION SCIENCE & TECHNOLOGY,1073-9149;1525-6030,true,,
INSTRUMENTS AND EXPERIMENTAL TECHNIQUES,0020-4412;1608-3180,true,,
Integrating Materials and Manufacturing Innovation,2193-9764;2193-9772,true,,
Integrative Medicine Research,2213-4220;2213-4239,true,,
Intellectual Discourse,0128-4878;2289-5639,true,,
Interaction Design and Architectures,1826-9745;2283-2998,true,,
Interactive Journal of Medical Research,1929-073X,true,,
Interactive Technology and Smart Education,1741-5659;1758-8510,true,,
Interdisciplinary Description of Complex Systems,1334-4684;1334-4676,true,,
INTERDISCIPLINARY SCIENCE REVIEWS,0308-0188;1743-2790,true,,
Interdisciplinary Sciences-Computational Life Sciences,1913-2751;1867-1462,true,,
Interdisciplinary Studies of Literature,2520-4920,true,,
Interface-Comunicacao Saude Educacao,1414-3283;1807-5762,true,,
INTERFACES,0092-2102;1526-551X,true,,
Interlitteraria,1406-0701;2228-4729,true,,
INTERNAL MEDICINE,0918-2918;1349-7235,true,,
INTERNATIONAL ANGIOLOGY,0392-9590;1827-1839,true,,
International Association of Cooperativa Law Journal,1134-993X;2386-4893,true,,
International Braz J Urol,1677-5538;1677-6119,true,,
International Bulletin of Mission Research,2396-9393;2396-9407,true,,
International Cardiovascular Research Journal,2251-9130;2251-9149,true,,
International Critical Thought,2159-8282;2159-8312,true,,
International Education Journal-Comparative Perspectives,1443-1475;2202-493X,true,,
International Emergency Nursing,1755-599X;1878-013X,true,,
International Food Research Journal,1985-4668;2231-7546,true,,
International Forum of Psychoanalysis,0803-706X;1651-2324,true,,
International Game Theory Review,0219-1989;1793-6675,true,,
International Indigenous Policy Journal,1916-5781,true,,
International Journal of Electric and Hybrid Vehicles,1751-4088;1751-4096,true,,
International Journal for Computational Methods in Engineering Science & Mechanics,1550-2287;1550-2295,true,,
International Journal for Multiscale Computational Engineering,1543-1649;1940-4352,true,,
International Journal for the Study of New Religions,2041-9511;2041-952X,true,,
International Journal for the Study of Skepticism,2210-5697;2210-5700,true,,
International Journal for the Study of the Christian Church,1474-225X;1747-0234,true,,
INTERNATIONAL JOURNAL OF ACAROLOGY,0164-7954;1945-3892,true,,
International Journal of Ad Hoc and Ubiquitous Computing,1743-8225;1743-8233,true,,
International Journal of Adolescence and Youth,0267-3843;2164-4527,true,,
International Journal of Advanced Robotic Systems,1729-8814;1729-8806,true,,
International Journal of Aeroacoustics,1475-472X;2048-4003,true,,
International Journal of Aeronautical and Space Sciences,2093-274X;2093-2480,true,,
International Journal of Aerospace Engineering,1687-5966;1687-5974,true,,
INTERNATIONAL JOURNAL OF AFRICAN HISTORICAL STUDIES,0361-7882,true,,
International Journal of African Renaissance Studies,1818-6874;1753-7274,true,,
INTERNATIONAL JOURNAL OF AGING & HUMAN DEVELOPMENT,0091-4150;1541-3535,true,,
INTERNATIONAL JOURNAL OF AGRICULTURE AND BIOLOGY,1560-8530;1814-9596,true,,
International Journal of Agronomy,1687-8159;1687-8167,true,,
International Journal of Alcohol and Drug Research,1925-7066,true,,
International Journal of Analytical Chemistry,1687-8760;1687-8779,true,,
International Journal of Angiology,1061-1711;1615-5939,true,,
International Journal of Antennas and Propagation,1687-5869;1687-5877,true,,
International Journal of Applied Ceramic Technology,1546-542X;1744-7402,true,,
International Journal of Architectural Computing,1478-0771;2048-3988,true,,
International Journal of Arts and Technology,1754-8853;1754-8861,true,,
International Journal of Asia Pacific Studies,1823-6243,true,,
International Journal of Automation and Control,1740-7516;1740-7524,true,,
International Journal of Aviation Aeronautics and Aerospace,2374-6793,true,,
INTERNATIONAL JOURNAL OF BIOLOGICAL MARKERS,0393-6155;1724-6008,true,,
International Journal of Biomathematics,1793-5245;1793-7159,true,,
International Journal of Bioprinting,2424-8002,true,,
International Journal of Bipolar Disorders,2194-7511,true,,
International Journal of Building Pathology and Adaptation,2398-4708,true,,
International Journal of Burns and Trauma,2160-2026,true,,
International Journal of Business Analytics,2334-4547;2334-4555,true,,
International Journal of Business Performance Management,1368-4892;1741-5039,true,,
International Journal of Cancer Management,2538-4422;2538-497X,true,,
INTERNATIONAL JOURNAL OF CAST METALS RESEARCH,1364-0461;1743-1336,true,,
International Journal of Chemical Reactor Engineering,2194-5748;1542-6580,true,,
International Journal of Circumpolar Health,1239-9736;2242-3982,true,,
International Journal of Climate Change Strategies and Management,1756-8692;1756-8706,true,,
INTERNATIONAL JOURNAL OF CLINICAL AND EXPERIMENTAL HYPNOSIS,0020-7144;1744-5183,true,,
International Journal of Cognitive Informatics and Natural Intelligence,1557-3958;1557-3966,true,,
International Journal of Computational Science and Engineering,1742-7185;1742-7193,true,,
INTERNATIONAL JOURNAL OF COMPUTER APPLICATIONS IN TECHNOLOGY,0952-8091;1741-5047,true,,
INTERNATIONAL JOURNAL OF COMPUTER MATHEMATICS,0020-7160;1029-0265,true,,
International Journal of Computerized Dentistry,1463-4201,true,,
International Journal of Computers Communications & Control,1841-9836;1841-9844,true,,
International Journal of Computing Science and Mathematics,1752-5055;1752-5063,true,,
INTERNATIONAL JOURNAL OF COOPERATIVE INFORMATION SYSTEMS,0218-8430;1793-6365,true,,
International Journal of Corrosion,1687-9325;1687-9333,true,,
International Journal of Corrosion and Scale Inhibition,2305-6894,true,,
International Journal of Critical Infrastructures,1475-3219;1741-8038,true,,
International Journal of Culture Tourism and Hospitality Research,1750-6182;1750-6190,true,,
INTERNATIONAL JOURNAL OF DAIRY TECHNOLOGY,1364-727X;1471-0307,true,,
International Journal of Data Warehousing and Mining,1548-3924;1548-3932,true,,
International Journal of Design Creativity and Innovation,2165-0349;2165-0357,true,,
International Journal of Developmental Disabilities,2047-3869;2047-3877,true,,
International Journal of Disability Development and Education,1034-912X;1465-346X,true,,
International Journal of Disaster Resilience in the Built Environment,1759-5908;1759-5916,true,,
International Journal of Disclosure and Governance,1741-3591;1746-6539,true,,
International Journal of Distance Education Technologies,1539-3100;1539-3119,true,,
International Journal of E-Business Research,1548-1131;1548-114X,true,,
International Journal of e-Collaboration,1548-3673;1548-3681,true,,
International Journal of Economic Theory,1742-7355;1742-7363,true,,
International Journal of Economics Management and Accounting,1394-7680,true,,
International Journal of Education in Mathematics Science and Technology,2147-611X,true,,
International Journal of Educational Leadership and Management,2014-9018,true,,
INTERNATIONAL JOURNAL OF ELECTRICAL ENGINEERING EDUCATION,0020-7209;2050-4578,true,,
International Journal of Electrochemical Science,1452-3981,true,,
International Journal of Emergency Management,1471-4825;1741-5071,true,,
International Journal of Emergency Services,2047-0894;2047-0908,true,,
International Journal of e-Navigation and Maritime Economy,2405-5352,true,,
International Journal of Energy Sector Management,1750-6220;1750-6239,true,,
International Journal of Engineering Business Management,1847-9790,true,,
INTERNATIONAL JOURNAL OF ENGINEERING EDUCATION,0949-149X,true,,
International Journal of Engineering Research in Africa,1663-3571;1663-4144,true,,
International Journal of Entrepreneurship and Innovation,1465-7503;2043-6882,true,,
INTERNATIONAL JOURNAL OF ENVIRONMENTAL ANALYTICAL CHEMISTRY,0306-7319;1029-0397,true,,
International Journal of Environmental Research,1735-6865;2008-2304,true,,
International Journal of Feminist Approaches To Bioethics,1937-4585;1937-4577,true,,
International Journal of Fertility & Sterility,2008-076X;2008-0778,true,,
International Journal of Financial Studies,2227-7072,true,,
International Journal of Food Engineering,2194-5764;1556-3758,true,,
INTERNATIONAL JOURNAL OF FRANCOPHONE STUDIES,1368-2679;1758-9142,true,,
International Journal of Game-Based Learning,2155-6849;2155-6857,true,,
International Journal of Gaming and Computer-Mediated Simulations,1942-3888;1942-3896,true,,
International Journal of Gastronomy and Food Science,1878-450X;1878-4518,true,,
INTERNATIONAL JOURNAL OF GEOMETRIC METHODS IN MODERN PHYSICS,0219-8878;1793-6977,true,,
International Journal of Geophysics,1687-885X;1687-8868,true,,
International Journal of Geotechnical Engineering,1938-6362;1939-7879,true,,
International Journal of Gerontology,1873-9598;1873-958X,true,,
International Journal of Global Warming,1758-2083;1758-2091,true,,
International Journal of Green Energy,1543-5075;1543-5083,true,,
International Journal of Grid and High Performance Computing,1938-0259;1938-0267,true,,
International Journal of Group Theory,2251-7650;2251-7669,true,,
International Journal of Happiness and Development,2049-2790;2049-2804,true,,
International Journal of Health Economics and Management,2199-9023;2199-9031,true,,
International Journal of Health Governance,2059-4631;2059-464X,true,,
INTERNATIONAL JOURNAL OF HEALTH PLANNING AND MANAGEMENT,0749-6753;1099-1751,true,,
International Journal of Health Promotion and Education,1463-5240;2164-9545,true,,
International Journal of Housing Markets and Analysis,1753-8270;1753-8289,true,,
International Journal of Human Capital and Information Technology Professionals,1947-3478;1947-3486,true,,
International Journal of Human Rights in Health Care,2056-4902;2056-4910,true,,
International Journal of Immunogenetics,1744-3121;1744-313X,true,,
INTERNATIONAL JOURNAL OF INDUSTRIAL ENGINEERING-THEORY APPLICATIONS AND PRACTICE,1943-670X;1072-4761,true,,
International Journal of Information and Communication Technology Education,1550-1876;1550-1337,true,,
International Journal of Information and Learning Technology,2056-4880;2056-4899,true,,
International Journal of Information System Modeling and Design,1947-8186;1947-8194,true,,
International Journal of Information Systems and Supply Chain Management,1935-5726;1935-5734,true,,
International Journal of Information Systems in the Service Sector,1935-5688;1935-5696,true,,
International Journal of Information Technologies and Systems Approach,1935-570X;1935-5718,true,,
International Journal of Injury Control and Safety Promotion,1745-7300;1745-7319,true,,
International Journal of Innovation and Learning,1471-8197;1741-8089,true,,
International Journal of Innovation and Sustainable Development,1740-8822;1740-8830,true,,
International Journal of Innovation Management,1363-9196;1757-5877,true,,
International Journal of Innovation Science,1757-2223;1757-2231,true,,
International Journal of Innovative Computing Information and Control,1349-4198;1349-418X,true,,
International Journal of Instruction,1694-609X;1308-1470,true,,
International Journal of Intangible Heritage,1975-3586;1975-4019,true,,
International Journal of Intelligent Transportation Systems Research,1348-8503;1868-8659,true,,
International Journal of Knowledge Management,1548-0666;1548-0658,true,,
International Journal of Knowledge-Based and Intelligent Engineering Systems,1327-2314;1875-8827,true,,
International Journal of Law and Management,1754-243X;1754-2448,true,,
International Journal of Learning Technology,1477-8386;1741-8119,true,,
International Journal of Lower Extremity Wounds,1534-7346;1552-6941,true,,
International Journal of Managerial and Financial Accounting,1753-6715;1753-6723,true,,
International Journal of Managerial Finance,1743-9132;1758-6569,true,,
International Journal of Maritime Engineering,1479-8751;1740-0716,true,,
INTERNATIONAL JOURNAL OF MARKET RESEARCH,1470-7853;2515-2173,true,,
INTERNATIONAL JOURNAL OF MATERIALS & PRODUCT TECHNOLOGY,0268-1900;1741-5209,true,,
International Journal of Materials Research,1862-5282;2195-8556,true,,
International Journal of Mathematical Education in Science and Technology,0020-739X;1464-5211,true,,
INTERNATIONAL JOURNAL OF MEDICINAL MUSHROOMS,1521-9437;1940-4344,true,,
International Journal of Mental Health and Addiction,1557-1874;1557-1882,true,,
International Journal of Metalcasting,1939-5981;2163-3193,true,,
International Journal of Micro Air Vehicles,1756-8293;1756-8307,true,,
International Journal of Mobile and Blended Learning,1941-8647;1941-8655,true,,
International Journal of Modelling Identification and Control,1746-6172;1746-6180,true,,
INTERNATIONAL JOURNAL OF MODERN PHYSICS B,0217-9792;1793-6578,true,,
INTERNATIONAL JOURNAL OF MODERN PHYSICS C,0129-1831;1793-6586,true,,
INTERNATIONAL JOURNAL OF MORPHOLOGY,0717-9502;0717-9367,true,,
International Journal of Multicultural Education,1934-5267,true,,
International Journal of Multimedia Information Retrieval,2192-6611;2192-662X,true,,
International Journal of Mycobacteriology,2212-5531,true,,
International Journal of Nanoelectronics and Materials,1985-5761;2232-1535,true,,
International Journal of Nephrology,2090-214X;2090-2158,true,,
International Journal of Network Management,1055-7148;1099-1190,true,,
INTERNATIONAL JOURNAL OF NUMERICAL MODELLING-ELECTRONIC NETWORKS DEVICES AND FIELDS,0894-3370;1099-1204,true,,
International Journal of Nursing Sciences,2352-0132,true,,
INTERNATIONAL JOURNAL OF OCCUPATIONAL AND ENVIRONMENTAL HEALTH,1077-3525;2049-3967,true,,
International Journal of Occupational Safety and Ergonomics,1080-3548;2376-9130,true,,
INTERNATIONAL JOURNAL OF ODONATOLOGY,1388-7890;2159-6719,true,,
INTERNATIONAL JOURNAL OF OFFSHORE AND POLAR ENGINEERING,1053-5381,true,,
International Journal of Ophthalmology,2222-3959;2227-4898,true,,
International Journal of Optomechatronics,1559-9612;1559-9620,true,,
International Journal of Organ Transplantation Medicine,2008-6490;2008-6482,true,,
International Journal of Orthopaedic and Trauma Nursing,1878-1241;1878-1292,true,,
International Journal of Osteopathic Medicine,1746-0689;1878-0164,true,,
International Journal of Palliative Nursing,1357-6321,true,,
INTERNATIONAL JOURNAL OF PATTERN RECOGNITION AND ARTIFICIAL INTELLIGENCE,0218-0014;1793-6381,true,,
International Journal of Pedagogies & Learning,2204-0552;1833-4105,true,,
International Journal of Pediatrics,1687-9740;1687-9759,true,,
International Journal of Pediatrics-Mashhad,2345-5047;2345-5055,true,,
International Journal of Peptide Research and Therapeutics,1573-3149;1573-3904,true,,
International Journal of Pharmaceutical and Healthcare Marketing,1750-6123;1750-6131,true,,
International Journal of Pharmacology,1811-7775;1812-5700,true,,
INTERNATIONAL JOURNAL OF PHARMACY PRACTICE,0961-7671;2042-7174,true,,
International Journal of Philosophy and Theology,2169-2327;2169-2335,true,,
INTERNATIONAL JOURNAL OF PHOTOENERGY,1110-662X;1687-529X,true,,
International Journal of Plant Production,1735-6814;1735-8043,true,,
International Journal of Plastics Technology,0972-656X;0975-072X,true,,
International Journal of Political Economy,0891-1916;1558-0970,true,,
International Journal of Polymer Science,1687-9422;1687-9430,true,,
INTERNATIONAL JOURNAL OF POWDER METALLURGY,0888-7462,true,,
International Journal of Prisoner Health,1744-9200;1744-9219,true,,
INTERNATIONAL JOURNAL OF PSYCHIATRY IN MEDICINE,0091-2174;1541-3527,true,,
INTERNATIONAL JOURNAL OF PUBLIC ADMINISTRATION,0190-0692;1532-4265,true,,
International Journal of Public Sector Management,0951-3558;1758-6666,true,,
International Journal of Qualitative Methods,1609-4069,true,,
International Journal of Qualitative Studies on Health and Well-Being,1748-2623;1748-2631,true,,
International Journal of Quality and Service Sciences,1756-669X;1756-6703,true,,
INTERNATIONAL JOURNAL OF QUANTUM INFORMATION,0219-7499;1793-6918,true,,
International Journal of Renewable Energy Research,1309-0127,true,,
INTERNATIONAL JOURNAL OF RF AND MICROWAVE COMPUTER-AIDED ENGINEERING,1096-4290;1099-047X,true,,
International Journal of RF Technologies-Research and Applications,1754-5730;1754-5749,true,,
INTERNATIONAL JOURNAL OF RISK & SAFETY IN MEDICINE,0924-6479;1878-6847,true,,
International Journal of River Basin Management,1571-5124;1814-2060,true,,
International Journal of Rotating Machinery,1023-621X;1542-3034,true,,
INTERNATIONAL JOURNAL OF SATELLITE COMMUNICATIONS AND NETWORKING,1542-0973;1542-0981,true,,
International Journal of Self-Propagating High-Temperature Synthesis,1061-3862;1934-788X,true,,
International Journal of Sensor Networks,1748-1279;1748-1287,true,,
International Journal of Sexual Health,1931-7611;1931-762X,true,,
International Journal of Shipping and Transport Logistics,1756-6517;1756-6525,true,,
International Journal of Signal and Imaging Systems Engineering,1748-0698;1748-0701,true,,
INTERNATIONAL JOURNAL OF SOCIAL ECONOMICS,0306-8293;1758-6712,true,,
International Journal of Sociology of Education,2014-3575,true,,
International Journal of Space Science and Engineering,2048-8459;2048-8467,true,,
International Journal of Sport Finance,1558-6235;1930-076X,true,,
INTERNATIONAL JOURNAL OF SPORT PSYCHOLOGY,0047-0767,true,,
International Journal of Sports Marketing & Sponsorship,1464-6668,true,,
International Journal of Sports Science & Coaching,1747-9541;2048-397X,true,,
International Journal of Surface Science and Engineering,1749-785X;1749-7868,true,,
International Journal of Surgery Case Reports,2210-2612,true,,
INTERNATIONAL JOURNAL OF SURGICAL PATHOLOGY,1066-8969;1940-2465,true,,
International Journal of Sustainable Energy,1478-6451;1478-646X,true,,
International Journal of Technology,2086-9614;2087-2100,true,,
International Journal of Technology and Human Interaction,1548-3908;1548-3916,true,,
International Journal of Telerehabilitation,1945-2020,true,,
INTERNATIONAL JOURNAL OF THEORETICAL PHYSICS,0020-7748;1572-9575,true,,
International Journal of Thermodynamics,1301-9724;2146-1511,true,,
INTERNATIONAL JOURNAL OF THERMOPHYSICS,0195-928X;1572-9567,true,,
International Journal of Tourism Cities,2056-5607;2056-5615,true,,
INTERNATIONAL JOURNAL OF TOXICOLOGY,1091-5818;1092-874X,true,,
International Journal of Training Research,1448-0220,true,,
INTERNATIONAL JOURNAL OF TROPICAL INSECT SCIENCE,1742-7584;1742-7592,true,,
INTERNATIONAL JOURNAL OF TURBO & JET-ENGINES,0334-0082;2191-0332,true,,
INTERNATIONAL JOURNAL OF UNCERTAINTY FUZZINESS AND KNOWLEDGE-BASED SYSTEMS,0218-4885;1793-6411,true,,
International Journal of Unconventional Computing,1548-7199;1548-7202,true,,
International Journal of Urban Sustainable Development,1756-5723;1756-5731;1946-3138;1946-3146,true,,
INTERNATIONAL JOURNAL OF VEHICLE DESIGN,0143-3369;1741-5314,true,,
International Journal of Ventilation,1473-3315;2044-4044,true,,
International Journal of Wavelets Multiresolution and Information Processing,0219-6913;1793-690X,true,,
International Journal of Web and Grid Services,1741-1106;1741-1114,true,,
International Journal of Web Information Systems,1744-0084;1744-0092,true,,
International Journal of Workplace Health Management,1753-8351;1753-836X,true,,
International Journal on Smart Sensing and Intelligent Systems,1178-5608,true,,
International Maritime Health,1641-9251;2081-3252,true,,
International Medical Case Reports Journal,1179-142X,true,,
INTERNATIONAL MICROBIOLOGY,1139-6709;1618-1905,true,,
International Orthodontics,1761-7227;1879-680X,true,,
International Planning Studies,1356-3475;1469-9265,true,,
INTERNATIONAL POLYMER PROCESSING,0930-777X,true,,
International Productivity Monitor,1492-9759;1492-9767,true,,
INTERNATIONAL REVIEW OF EDUCATION,0020-8566;1573-0638,true,,
International Review of Entrepreneurship,2009-2822,true,,
International Review of Retail Distribution and Consumer Research,0959-3969;1466-4402,true,,
International Sports Law Journal,1567-7559;2213-5154,true,,
INTERNATIONAL SURGERY,0020-8868,true,,
International Wood Products Journal,2042-6445;2042-6453,true,,
INTERPRETATION-A JOURNAL OF BIBLE AND THEOLOGY,0020-9643;2159-340X,true,,
Interpretation-A Journal of Subsurface Characterization,2324-8858;2324-8866,true,,
Intersecciones en Antropologia,1850-373X;1666-2105,true,,
Intersections-East European Journal of Society and Politics,2416-089X,true,,
Intersezioni,0393-2451;1973-8196,true,,
INTERVENTION IN SCHOOL AND CLINIC,1053-4512;1538-4810,true,,
INTERVENTIONAL NEURORADIOLOGY,1591-0199;2385-2011;1123-9344,true,,
INTERVIROLOGY,0300-5526;1423-0100,true,,
Invasive Plant Science and Management,1939-7291;1939-747X,true,,
INVERTEBRATE REPRODUCTION & DEVELOPMENT,0792-4259;2157-0272,true,,
Investigacion Bibliotecologica,0187-358X;2448-8321,true,,
Investigaciones Regionales-Journal of Regional Research,1695-7253;2340-2717,true,,
Investigaciones sobre Lectura,2340-8685,true,,
Inżynieria Mineralna-Journal of the Polish Mineral Engineering Society,1640-4920,true,,
i-Perception,2041-6695,true,,
Iranian Journal of Allergy Asthma and Immunology,1735-1502;1735-5249,true,,
IRANIAN JOURNAL OF CHEMISTRY & CHEMICAL ENGINEERING-INTERNATIONAL ENGLISH EDITION,1021-9986,true,,
Iranian Journal of Child Neurology,1735-4668;2008-0700,true,,
IRANIAN JOURNAL OF FISHERIES SCIENCES,1562-2916,true,,
Iranian Journal of Fuzzy Systems,1735-0654,true,,
Iranian Journal of Immunology,1735-1383;1735-367X,true,,
Iranian Journal of Kidney Diseases,1735-8582;1735-8604,true,,
Iranian Journal of Mathematical Sciences and Informatics,1735-4463;2008-9473,true,,
Iranian Journal of Medical Sciences,0253-0716;1735-3688,true,,
Iranian Journal of Neonatology,2251-7510;2322-2158,true,,
Iranian Journal of Pediatrics,2008-2142;2008-2150,true,,
Iranian Journal of Pharmaceutical Research,1735-0328;1726-6890,true,,
Iranian Journal of Public Health,2251-6085;2251-6093,true,,
Iranian Journal of Radiology,1735-1065;2008-2711,true,,
Iranian Journal of Science and Technology-Transactions of Civil Engineering,2228-6160;2364-1843,true,,
Iranian Journal of Science and Technology-Transactions of Mechanical Engineering,2228-6187;2364-1835,true,,
IRBM,1959-0318;1876-0988,true,,
Irish Educational Studies,0332-3315;1747-4965,true,,
IRISH HISTORICAL STUDIES,0021-1214;2056-4139,true,,
IRISH JOURNAL OF AGRICULTURAL AND FOOD RESEARCH,0791-6833;2009-9029,true,,
IRISH JOURNAL OF MEDICAL SCIENCE,0021-1265;1863-4362,true,,
IRRIGATION AND DRAINAGE,1531-0353;1531-0361,true,,
Isegoria,1130-2097;1988-8376,true,,
ISI Bilimi ve Teknigi Dergisi-Journal of Thermal Science and Technology,1300-3615,true,,
ISOKINETICS AND EXERCISE SCIENCE,0959-3020;1878-5913,true,,
ISOTOPES IN ENVIRONMENTAL AND HEALTH STUDIES,1025-6016;1477-2639,true,,
Israel Affairs,1353-7121;1743-9086,true,,
Israel Journal of Ecology & Evolution,1565-9801;2224-4662,true,,
Israel Journal of Health Policy Research,2045-4015,true,,
ISRAEL JOURNAL OF PSYCHIATRY AND RELATED SCIENCES,0333-7308,true,,
ISRAEL LAW REVIEW,0021-2237;2047-9336,true,,
ISRAEL MEDICAL ASSOCIATION JOURNAL,1565-1088,true,,
Israel Studies Review,2159-0370;2159-0389,true,,
Issues in Accounting Education,0739-3172;1558-7983,true,,
Issues in Mental Health Nursing,0161-2840;1096-4673,true,,
Italian Economic Journal,2199-322X;2199-3238,true,,
Italian Geotechnical Journal-Rivista Italiana di Geotecnica,0557-1405,true,,
Italian Journal of Agronomy,1125-4718;2039-6805,true,,
Italian Journal of Animal Science,1594-4077;1828-051X,true,,
Italian Journal of Engineering Geology and Environment,1825-6635;2035-5688,true,,
Italian Journal of Planning Practice,2239-267X,true,,
Italiano LinguaDue,2037-3597,true,,
ItinerArios-Revista de Literatura,0103-815X,true,,
IZVESTIYA ATMOSPHERIC AND OCEANIC PHYSICS,0001-4338;1555-628X,true,,
JAHRBUCH DER BERLINER MUSEEN,0075-2207,true,,
JAHRBUCH FUR INTERNATIONALE GERMANISTIK,0449-5233;2235-1280,true,,
JAHRBUCHER FUR NATIONALOKONOMIE UND STATISTIK,0021-4027;2366-049X,true,,
Jamba-Journal of Disaster Risk Studies,1996-1421;2072-845X,true,,
Japan Forum,0955-5803;1469-932X,true,,
JAPAN JOURNAL OF INDUSTRIAL AND APPLIED MATHEMATICS,0916-7005;1868-937X,true,,
JAPANESE ECONOMIC REVIEW,1352-4739;1468-5876,true,,
Japanese Journal of Radiology,1867-1071;1867-108X,true,,
JAPANESE JOURNAL OF VETERINARY RESEARCH,0047-1917,true,,
JAPANESE PSYCHOLOGICAL RESEARCH,0021-5368;1468-5884,true,,
Japanese Studies,1037-1397;1469-9338,true,,
JATI-Journal of Southeast Asian Studies,1823-4127;2600-8653,true,,
JAVNOST-THE PUBLIC,1318-3222;1854-8377,true,,
Jazz Research Journal,1753-8637;1753-8645,true,,
JBJS Reviews,2329-9185,true,,
JCI Insight,2379-3708,true,,
JCPSP-Journal of the College of Physicians and Surgeons Pakistan,1022-386X;1681-7168,true,,
JCR-JOURNAL OF CLINICAL RHEUMATOLOGY,1076-1608;1536-7355,true,,
Jebat-Malaysian Journal of History Politics and Strategic Studies,0126-5644;2180-0251,true,,
Jeunesse-Young People Texts Cultures,1920-2601;1920-261X,true,,
Jewish History,0334-701X;1572-8579,true,,
JMIR Mental Health,2368-7959,true,,
Johnson Matthey Technology Review,2056-5135,true,,
Jokull,0449-0576,true,,
Jordan Journal of Civil Engineering,1993-0461;2225-157X,true,,
Jordan Journal of Mechanical and Industrial Engineering,1995-6665,true,,
Jornal Brasileiro de Pneumologia,1806-3713;1806-3756,true,,
Joule,2542-4351,true,,
JOURNAL AMERICAN WATER WORKS ASSOCIATION,2164-4535;1551-8833;0003-150X,true,,
Journal de la Societe des Americanistes,0037-9174;1957-7842,true,,
Journal de Theorie des Nombres de Bordeaux,1246-7405,true,,
Journal for Critical Education Policy Studies,2051-0969;1740-2743,true,,
Journal for Cultural Research,1479-7585;1740-1666,true,,
Journal for Early Modern Cultural Studies,1531-0485;1553-3786,true,,
Journal for East European Management Studies,0949-6181;1862-0019,true,,
Journal for Educational Research Online-JERO,1866-6671,true,,
Journal for Multicultural Education,2053-535X;2053-5368,true,,
Journal for Specialists in Group Work,0193-3922;1549-6295,true,,
JOURNAL FOR THE EDUCATION OF THE GIFTED,0162-3532;2162-9501,true,,
Journal for the Study of Spirituality,2044-0243;2044-0251,true,,
Journal for the Study of the Old Testament,0309-0892;1476-6728,true,,
JOURNAL FRANCAIS D OPHTALMOLOGIE,0181-5512;1773-0597,true,,
Journal fur Mathematik-Didaktik,0173-5322;1869-2699,true,,
Journal fur Verbraucherschutz und Lebensmittelsicherheit-Journal of Consumer Protection and Food Safety,1661-5751;1661-5867,true,,
Journal of Applied Security Research,1936-1610;1936-1629,true,,
Journal of Toxicology,1687-8191;1687-8205,true,,
Journal of Academic Language and Learning,1835-5196,true,,
Journal of Accounting and Organizational Change,1832-5912;1839-5473,true,,
Journal of Acupuncture and Tuina Science,1672-3597;1993-0399,true,,
Journal of Addictions & Offender Counseling,1055-3835;2161-1874,true,,
Journal of Addictions Nursing,1088-4602;1548-7148,true,,
JOURNAL OF ADHESION SCIENCE AND TECHNOLOGY,0169-4243;1568-5616,true,,
JOURNAL OF ADOLESCENT & ADULT LITERACY,1081-3004;1936-2706,true,,
JOURNAL OF ADULT DEVELOPMENT,1068-0667;1573-3440,true,,
Journal of Adult Theological Education,1740-7141;1743-1654,true,,
Journal of Advanced Academics,1932-202X;2162-9536,true,,
Journal of Advanced Dielectrics,2010-135X;2010-1368,true,,
Journal of Advanced Manufacturing Systems,0219-6867;1793-6896,true,,
Journal of Advanced Mechanical Design Systems and Manufacturing,1881-3054,true,,
Journal of Advanced Pharmaceutical Technology & Research,2231-4040;0976-2094;0110-5558,true,,
Journal of Aerospace Technology and Management,1984-9648;2175-9146,true,,
Journal of African Law,0021-8553;1464-3731,true,,
Journal of Africana Religions,2165-5405;2165-5413,true,,
Journal of Aggression Conflict and Peace Research,1759-6599;2042-8715,true,,
Journal of Aggression Maltreatment & Trauma,1092-6771;1545-083X,true,,
Journal of Agribusiness in Developing and Emerging Economies,2044-0839;2044-0847,true,,
Journal of Agricultural Education & Extension,1389-224X;1750-8622,true,,
JOURNAL OF AGRICULTURAL METEOROLOGY,0021-8588;1881-0136,true,,
Journal of Agriculture Food Systems and Community Development,2152-0798;2152-0801,true,,
Journal of Alternative Investments,1520-3255;2168-8435,true,,
Journal of Ambient Intelligence and Smart Environments,1876-1364;1876-1372,true,,
JOURNAL OF AMBULATORY CARE MANAGEMENT,0148-9917;1550-3267,true,,
JOURNAL OF ANALYTICAL CHEMISTRY,1061-9348;1608-3199,true,,
Journal of Analytical Methods in Chemistry,2090-8865;2090-8873,true,,
Journal of Ancient Judaism,1869-3296;2196-7954,true,,
Journal of Anesthesia,0913-8668;1438-8359,true,,
Journal of Anglican Studies,1740-3553;1745-5278,true,,
JOURNAL OF AOAC INTERNATIONAL,1060-3271;1944-7922,true,,
Journal of Applied Biomaterials & Functional Materials,2280-8000,true,,
Journal of Applied Biomedicine,1214-021X;1214-0287,true,,
JOURNAL OF APPLIED BOTANY AND FOOD QUALITY,1439-040X;1613-9216,true,,
Journal of Applied Corporate Finance,1078-1196;1745-6622,true,,
Journal of Applied Economics,1514-0326;1667-6726,true,,
Journal of Applied Hermeneutics,1927-4416,true,,
JOURNAL OF APPLIED ICHTHYOLOGY,0175-8659;1439-0426,true,,
Journal of Applied Mathematics and Computing,1598-5865;1865-2085,true,,
Journal of Applied Remote Sensing,1931-3195,true,,
Journal of Applied Research in Higher Education,2050-7003;1758-1184,true,,
Journal of Applied School Psychology,1537-7903;1537-7911,true,,
Journal of Applied Science and Engineering,1560-6686,true,,
Journal of Applied Water Engineering and Research,2324-9676,true,,
Journal of Aquatic Food Product Technology,1049-8850;1547-0636,true,,
Journal of Architectural Conservation,1355-6207;2326-6384,true,,
Journal of Architectural Engineering,1076-0431;1943-5568,true,,
Journal of Architecture and Urbanism,2029-7955;2029-7947,true,,
Journal of Argumentation in Context,2211-4742;2211-4750,true,,
Journal of Arrhythmia,1880-4276;1883-2148,true,,
JOURNAL OF ARTIFICIAL ORGANS,1434-7229;1619-0904,true,,
Journal of Asia Business Studies,1558-7894;1559-2243,true,,
JOURNAL OF ASIAN AND AFRICAN STUDIES,0021-9096;1745-2538,true,,
Journal of Asian Architecture and Building Engineering,1346-7581;1347-2852,true,,
Journal of Asian Economics,1049-0078;1873-7927,true,,
JOURNAL OF ASIAN HISTORY,0021-910X,true,,
JOURNAL OF ASIAN NATURAL PRODUCTS RESEARCH,1028-6020;1477-2213,true,,
Journal of Asian Public Policy,1751-6234;1751-6242,true,,
Journal of Asian Security and International Affairs,2347-7970;2349-0039,true,,
JOURNAL OF ASIA-PACIFIC ENTOMOLOGY,1226-8615;1876-7990,true,,
Journal of Asset Management,1470-8272;1479-179X,true,,
Journal of Astronomy and Space Sciences,2093-5587;2093-1409,true,,
JOURNAL OF ASTROPHYSICS AND ASTRONOMY,0250-6335;0973-7758,true,,
Journal of Audiology and Otology,2384-1621;2384-1710,true,,
JOURNAL OF AVIAN MEDICINE AND SURGERY,1082-6742;1938-2871,true,,
JOURNAL OF BACK AND MUSCULOSKELETAL REHABILITATION,1053-8127;1878-6324,true,,
Journal of Banking Regulation,1745-6452;1750-2071,true,,
JOURNAL OF BASIC MICROBIOLOGY,0233-111X;1521-4028,true,,
Journal of Benefit-Cost Analysis,2152-2812,true,,
JOURNAL OF BIOACTIVE AND COMPATIBLE POLYMERS,0883-9115;1530-8030,true,,
Journal of Bioinformatics and Computational Biology,0219-7200;1757-6334,true,,
JOURNAL OF BIOLOGICAL EDUCATION,0021-9266;2157-6009,true,,
JOURNAL OF BIOLOGICAL PHYSICS,0092-0606;1573-0689,true,,
Journal of Biological Research-Thessaloniki,2241-5793;1790-045X,true,,
JOURNAL OF BIOLOGICAL SYSTEMS,0218-3390;1793-6470,true,,
Journal of Biomedical Research,1674-8301;1876-4819;2352-4685,true,,
JOURNAL OF BIOSOCIAL SCIENCE,0021-9320;1469-7599,true,,
JOURNAL OF BRYOLOGY,0373-6687;1743-2820,true,,
Journal of Business & Finance Librarianship,0896-3568;1547-0644,true,,
Journal of Business-to-Business Marketing,1051-712X;1547-0628,true,,
JOURNAL OF CANADIAN STUDIES-REVUE D ETUDES CANADIENNES,0021-9495;1911-0251,true,,
Journal of Cancer Research and Therapeutics,0973-1482;1998-4138,true,,
JOURNAL OF CARBOHYDRATE CHEMISTRY,0732-8303;1532-2327,true,,
JOURNAL OF CARDIAC SURGERY,0886-0440;1540-8191,true,,
Journal Of Cardiovascular and Thoracic Research,2008-5117;2008-6830,true,,
JOURNAL OF CARDIOVASCULAR SURGERY,0021-9509;1827-191X,true,,
Journal of Causal Inference,2193-3677;2193-3685,true,,
JOURNAL OF CAVE AND KARST STUDIES,1090-6924;2331-3714,true,,
Journal of Cellular Automata,1557-5969;1557-5977,true,,
Journal of Central South University,2095-2899;1993-0666;2227-5223,true,,
Journal of Change Management,1469-7017;1479-1811,true,,
JOURNAL OF CHEMICAL ENGINEERING OF JAPAN,0021-9592,true,,
JOURNAL OF CHEMICAL SCIENCES,0974-3626;0973-7103,true,,
Journal of Chemistry,2090-9063;2090-9071,true,,
JOURNAL OF CHEMOTHERAPY,1120-009X;1973-9478,true,,
JOURNAL OF CHILD & ADOLESCENT SUBSTANCE ABUSE,1067-828X;1547-0652,true,,
Journal of Child and Adolescent Mental Health,1728-0583;1728-0591,true,,
Journal of Child Custody,1537-9418;1537-940X,true,,
Journal of Child Psychotherapy,0075-417X;1469-9370,true,,
Journal of Childrens Services,1746-6660;2042-8677,true,,
Journal of China Tourism Research,1938-8160;1938-8179,true,,
Journal of Chinese Economic and Business Studies,1476-5284;1476-5292,true,,
Journal of Chinese Governance,2381-2346;2381-2354,true,,
Journal of Chinese Human Resources Management,2040-8005;2040-8013,true,,
JOURNAL OF CHINESE PHILOSOPHY,0301-8121;1540-6253,true,,
Journal of Chiropractic Education,1042-5055;2374-250X,true,,
Journal of Chiropractic Medicine,0899-3467;1556-3715;1556-3707,true,,
JOURNAL OF CHROMATOGRAPHIC SCIENCE,0021-9665;1945-239X,true,,
Journal of Clinical and Diagnostic Research,2249-782X;0973-709X,true,,
Journal of Clinical and Experimental Hematopathology,1346-4280;1880-9952,true,,
Journal of Clinical Gerontology & Geriatrics,2210-8335;2210-8343,true,,
JOURNAL OF CLINICAL LABORATORY ANALYSIS,0887-8013;1098-2825,true,,
Journal of Clinical Pediatric Dentistry,1053-4628;1557-5268,true,,
Journal of Clinical Research in Pediatric Endocrinology,1308-5727;1308-5735,true,,
Journal of Clinical Sport Psychology,1932-9261;1932-927X,true,,
JOURNAL OF CLINICAL ULTRASOUND,0091-2751;1097-0096,true,,
JOURNAL OF COASTAL CONSERVATION,1400-0350;1874-7841,true,,
Journal of Cognitive Education and Psychology,1945-8959;1810-7621,true,,
Journal of Cognitive Psychotherapy,0889-8391;1938-887X,true,,
Journal of College Counseling,1099-0399;2161-1882,true,,
Journal of College Student Retention-Research Theory & Practice,1521-0251;1541-4167,true,,
Journal of Combustion,2090-1968;2090-1976,true,,
Journal of Commodity Markets,2405-8513;2405-8505,true,,
Journal of Communication Inquiry,0196-8599;1552-4612,true,,
JOURNAL OF COMMUNICATIONS TECHNOLOGY AND ELECTRONICS,1064-2269;1555-6557,true,,
Journal of Community and Supportive Oncology,2330-7749;2330-7757,true,,
Journal of Community Health Nursing,0737-0016;1532-7655,true,,
Journal of Community Hospital Internal Medicine Perspectives,2000-9666,true,,
Journal of Community Practice,1070-5422;1543-3706,true,,
JOURNAL OF COMMUNITY PSYCHOLOGY,0090-4392;1520-6629,true,,
Journal of Commutative Algebra,1939-0807;1939-2346,true,,
Journal of Theoretical and Computational Acoustics,2591-7285;2591-7811;0218-396X,true,,
Journal of Computational and Theoretical Transport,2332-4309;2332-4325,true,,
Journal of Computational Electronics,1569-8025,true,,
JOURNAL OF COMPUTER ASSISTED TOMOGRAPHY,0363-8715;1532-3145,true,,
Journal of Computer Networks and Communications,2090-7141;2090-715X,true,,
Journal of Computer Security,0926-227X;1875-8924,true,,
Journal of Contemporary Accounting & Economics,1815-5669,true,,
Journal of Contemporary African Studies,0258-9001;1469-9397,true,,
Journal of Contemporary Drama in English,2195-0156;2195-0164,true,,
Journal of Contemporary Mathematical Analysis-Armenian Academy of Sciences,1068-3623;1934-9416,true,,
Journal of Continuing Higher Education,0737-7363;1948-4801,true,,
Journal of Control Automation and Electrical Systems,2195-3880;2195-3899,true,,
Journal of Control Science and Engineering,1687-5249;1687-5257,true,,
Journal of Convention & Event Tourism,1547-0148;1547-0156,true,,
JOURNAL OF COORDINATION CHEMISTRY,0095-8972;1029-0389,true,,
Journal of Corporate Real Estate,1463-001X;1479-1048,true,,
Journal of Correctional Health Care,1078-3458;1940-5200,true,,
Journal of Couple & Relationship Therapy-Innovations in Clinical and Educational Interventions,1533-2691;1533-2683,true,,
JOURNAL OF CRANIOFACIAL SURGERY,1049-2275;1536-3732,true,,
Journal of Creative Communications,0973-2586;0973-2594,true,,
Journal of Creativity in Mental Health,1540-1383;1540-1391,true,,
Journal of Credit Risk,1744-6619;1755-9723,true,,
Journal of Criminal Psychology,2009-3829,true,,
Journal of Criminological Research Policy and Practice,2056-3841;2056-385X,true,,
Journal of Cross-Cultural Gerontology,0169-3816;1573-0719,true,,
JOURNAL OF CRUSTACEAN BIOLOGY,0278-0372;1937-240X,true,,
Journal of Culinary Science & Technology,1542-8052;1542-8044,true,,
Journal of Cultural Heritage Management and Sustainable Development,2044-1266;2044-1274,true,,
Journal of Current Ophthalmology,2452-2325,true,,
JOURNAL OF CUTANEOUS MEDICINE AND SURGERY,1203-4754;1615-7109,true,,
JOURNAL OF DATABASE MANAGEMENT,1063-8016;1533-8010,true,,
Journal of Decision Systems,1166-8636;2116-7052;1246-0125,true,,
Journal of Defense Modeling and Simulation-Applications Methodology Technology-JDMS,1548-5129;1557-380X,true,,
JOURNAL OF DENTAL EDUCATION,0022-0337;1930-7837,true,,
Journal of Dental Sciences,1991-7902;2213-8862,true,,
Journal of Developing Societies,0169-796X;1745-2546,true,,
Journal of Development Effectiveness,1943-9342;1943-9407,true,,
Journal of Developmental Biology,2221-3759,true,,
Journal of Disaster Research,1881-2473;1883-8030,true,,
JOURNAL OF DISPERSION SCIENCE AND TECHNOLOGY,0193-2691;1532-2351,true,,
JOURNAL OF DRUG EDUCATION,0047-2379;1541-4159,true,,
JOURNAL OF DRUG ISSUES,0022-0426;1945-1369,true,,
Journal of Early Christian History,2222-582X;2471-4054,true,,
Journal of Earth System Science,0253-4126;0973-774X;2347-4327,true,,
Journal of Earthquake and Tsunami,1793-4311;1793-7116,true,,
Journal of East Asia and International Law,1976-9229,true,,
Journal of Eastern Mediterranean Archaeology and Heritage Studies,2166-3548;2166-3556,true,,
Journal of East-West Business,1066-9868;1528-6959,true,,
JOURNAL OF ECONOMIC ISSUES,0021-3624;1946-326X,true,,
Journal of Economic Sociology-Ekonomicheskaya Sotsiologiya,1726-3247,true,,
Journal of Education Finance,0098-9495;1944-6470,true,,
Journal of Educational Administration and History,0022-0620;1478-7431,true,,
JOURNAL OF EDUCATIONAL AND PSYCHOLOGICAL CONSULTATION,1047-4412;1532-768X,true,,
JOURNAL OF ELASTOMERS AND PLASTICS,0095-2443;1530-8006,true,,
Journal of E-Learning and Knowledge Society,1826-6223;1971-8829,true,,
Journal of Electrical and Computer Engineering,2090-0147;2090-0155,true,,
Journal of Electrical Engineering & Technology,1975-0102;2093-7423,true,,
Journal of Electrical Engineering-Elektrotechnicky Casopis,1335-3632;1339-309X,true,,
Journal of Electrical Systems,1112-5209,true,,
JOURNAL OF ELECTROCERAMICS,1385-3449;1573-8663,true,,
Journal of Electrochemical Energy Conversion and Storage,2381-6872;2381-6910,true,,
Journal of Electrochemical Science and Technology,2093-8551;2288-9221,true,,
JOURNAL OF ELECTROMAGNETIC WAVES AND APPLICATIONS,0920-5071;1569-3937,true,,
JOURNAL OF ELECTRONIC IMAGING,1017-9909;1560-229X,true,,
JOURNAL OF ELECTRONIC MATERIALS,0361-5235;1543-186X,true,,
JOURNAL OF ELECTRONIC TESTING-THEORY AND APPLICATIONS,0923-8174;1573-0727,true,,
Journal of Emerging Market Finance,0972-6527;0973-0710,true,,
Journal of Enabling Technologies,2398-6263,true,,
Journal of Energy Markets,1756-3607;1756-3615,true,,
Journal of Engineered Fibers and Fabrics,1558-9250,true,,
Journal of Engineering,2314-4912;2314-4904,true,,
Journal of Engineering and Technological Sciences,2337-5779;2338-5502,true,,
Journal of Engineering Design and Technology,1726-0531,true,,
JOURNAL OF ENGINEERING MATERIALS AND TECHNOLOGY-TRANSACTIONS OF THE ASME,0094-4289;1528-8889,true,,
Journal of Engineering Science and Technology,1823-4690,true,,
JOURNAL OF ENGINEERING TECHNOLOGY,0747-9964,true,,
Journal of Enterprising Communities-People and Places in the Global Economy,1750-6204;1750-6212,true,,
Journal of Entrepreneurship and Public Policy,2045-2101;2045-211X,true,,
JOURNAL OF ENVIRONMENTAL BIOLOGY,0254-8704;2394-0379,true,,
Journal of Environmental Engineering and Landscape Management,1648-6897;1822-4199,true,,
JOURNAL OF ENVIRONMENTAL HEALTH,0022-0892,true,,
JOURNAL OF ENVIRONMENTAL PATHOLOGY TOXICOLOGY AND ONCOLOGY,0731-8898;2162-6537,true,,
JOURNAL OF ENVIRONMENTAL SCIENCE AND HEALTH PART A-TOXIC/HAZARDOUS SUBSTANCES & ENVIRONMENTAL ENGINEERING,1093-4529;1532-4117,true,,
JOURNAL OF ENVIRONMENTAL SCIENCE AND HEALTH PART B-PESTICIDES FOOD CONTAMINANTS AND AGRICULTURAL WASTES,0360-1234;1532-4109,true,,
Journal of Epidemiology and Global Health,2210-6006;2210-6014,true,,
JOURNAL OF ESSENTIAL OIL RESEARCH,1041-2905;2163-8152,true,,
Journal of Ethnicity in Criminal Justice,1537-7938;1537-7946,true,,
JOURNAL OF ETHNICITY IN SUBSTANCE ABUSE,1533-2640;1533-2659,true,,
JOURNAL OF ETHNOBIOLOGY,0278-0771;2162-4496,true,,
Journal of European Competition Law & Practice,2041-7764;2041-7772,true,,
Journal of European Real Estate Research,1753-9269,true,,
Journal of Evidence-Informed Social Work,2376-1407;2376-1415,true,,
Journal of Exercise Science & Fitness,1728-869X,true,,
Journal of Exotic Pet Medicine,1557-5063;1931-6283,true,,
JOURNAL OF EXPERIMENTAL AND THEORETICAL PHYSICS,1063-7761;1090-6509,true,,
Journal of Experimental Nanoscience,1745-8080;1745-8099,true,,
JOURNAL OF EXTENSION,0022-0140;1077-5315,true,,
Journal of Eye Movement Research,1995-8692,true,,
Journal of Failure Analysis and Prevention,1547-7029;1864-1245,true,,
JOURNAL OF FAMILY HISTORY,0363-1990;1552-5473,true,,
Journal of Family Psychotherapy,0897-5353;1540-4080,true,,
Journal of Family Social Work,1052-2158;1540-4072,true,,
Journal of Financial Counseling and Planning,1052-3073;1947-7910,true,,
Journal of Financial Economic Policy,1757-6385;1757-6393,true,,
Journal of Financial Reporting and Accounting,1985-2517;2042-5856,true,,
Journal of Financial Services Marketing,1363-0539;1479-1846,true,,
Journal of Fish and Wildlife Management,1944-687X,true,,
JOURNAL OF FLUORESCENCE,1053-0509;1573-4994,true,,
Journal of Food and Nutrition Research,1336-8672;1338-4260,true,,
JOURNAL OF FOOD BIOCHEMISTRY,0145-8884;1745-4514,true,,
Journal of Food Measurement and Characterization,2193-4126;2193-4134,true,,
JOURNAL OF FOOD PROCESSING AND PRESERVATION,0145-8892;1745-4549,true,,
JOURNAL OF FOOD PRODUCTS MARKETING,1045-4446;1540-4102,true,,
JOURNAL OF FOOD QUALITY,0146-9428;1745-4557,true,,
JOURNAL OF FOOD SAFETY,0149-6085;1745-4565,true,,
Journal of Forensic Nursing,1556-3693;1939-3938,true,,
Journal of Forensic Practice,2050-8794;2050-8808,true,,
Journal of Forensic Psychology Practice,1522-8932;1522-9092,true,,
Journal of Forensic Radiology and Imaging,2212-4780;2212-4799,true,,
JOURNAL OF FORESTRY RESEARCH,1007-662X;1993-0607,true,,
JOURNAL OF FRESHWATER ECOLOGY,0270-5060;2156-6941,true,,
Journal of Function Spaces,2314-8896;2314-8888,true,,
Journal of Futures Studies,1027-6084,true,,
Journal of Gambling Issues,1910-7595,true,,
Journal of Gaming and Virtual Worlds,1757-191X;1757-1928,true,,
Journal of Gastrointestinal and Liver Diseases,1841-8724;1842-1121,true,,
Journal of Gastrointestinal Cancer,1941-6628;1941-6636,true,,
JOURNAL OF GENE MEDICINE,1099-498X;1521-2254,true,,
JOURNAL OF GENERAL AND APPLIED MICROBIOLOGY,0022-1260;1349-8037,true,,
JOURNAL OF GENERAL PSYCHOLOGY,0022-1309;1940-0888,true,,
JOURNAL OF GENETIC PSYCHOLOGY,0022-1325;1940-0896,true,,
JOURNAL OF GENETICS,0022-1333;0973-7731,true,,
Journal of Geodetic Science,2081-9919;2081-9943,true,,
JOURNAL OF GEOGRAPHY,0022-1341;1752-6868,true,,
Journal of Geometric Mechanics,1941-4889;1941-4897,true,,
Journal of Geriatric Cardiology,1671-5411,true,,
Journal of Gerontological Nursing,0098-9134;1938-243X,true,,
Journal of Global Antimicrobial Resistance,2213-7165;2213-7173,true,,
Journal of Global Fashion Marketing,2093-2685;2325-4483,true,,
Journal of Global Information Management,1062-7375;1533-7995,true,,
Journal of Global Scholars of Marketing Science,2163-9159;2163-9167,true,,
Journal of Greek Linguistics,1566-5844;1569-9846,true,,
Journal of Green Building,1552-6100;1943-4618,true,,
Journal of Gynecology Obstetrics and Human Reproduction,2468-7847;1773-0430,true,,
Journal of Hard Tissue Biology,1341-7649;1880-828X,true,,
Journal of Hazardous Toxic and Radioactive Waste,2153-5493;2153-5515,true,,
Journal of Health Organization and Management,1477-7266;1758-7247,true,,
Journal of Healthcare Leadership,1179-3201,true,,
Journal of Hebrew Scriptures,1203-1542,true,,
JOURNAL OF HELMINTHOLOGY,0022-149X;1475-2697,true,,
JOURNAL OF HETEROCYCLIC CHEMISTRY,0022-152X;1943-5193,true,,
Journal of Himalayan Earth Sciences,1994-3237;2305-6959,true,,
Journal of HIV-AIDS & Social Services,1538-1501;1538-151X,true,,
Journal of Holistic Nursing,0898-0101;1552-5724,true,,
Journal of Holy Land and Palestine Studies,2054-1988;2054-1996,true,,
Journal of Homeland Security and Emergency Management,2194-6361;1547-7355,true,,
JOURNAL OF HORTICULTURAL SCIENCE & BIOTECHNOLOGY,1462-0316;2380-4084,true,,
Journal of Hospice & Palliative Nursing,1522-2179;1539-0705,true,,
Journal of Human Behavior in the Social Environment,1091-1359;1540-3556,true,,
Journal of Humanistic Counseling,2159-0311;2161-1939,true,,
Journal of Hunger & Environmental Nutrition,1932-0248;1932-0256,true,,
JOURNAL OF HYMENOPTERA RESEARCH,1070-9428;1314-2607,true,,
Journal of Iberian and Latin American Studies,1470-1847;1469-9524,true,,
JOURNAL OF IMAGING SCIENCE AND TECHNOLOGY,1062-3701;1943-3522,true,,
JOURNAL OF INCLUSION PHENOMENA AND MACROCYCLIC CHEMISTRY,1388-3127;1573-1111,true,,
Journal of Indian Business Research,1755-4195;1755-4209,true,,
Journal of Indian Prosthodontic Society,0972-4052;1998-4057,true,,
Journal of Industrial Engineering and Management-JIEM,2013-8423;2013-0953,true,,
Journal of Industrial Textiles,1528-0837;1530-8057,true,,
Journal of Industry Competition & Trade,1566-1679;1573-7012,true,,
Journal of Information & Knowledge Management,0219-6492;1793-6926,true,,
Journal of Information and Communication Technology-Malaysia,1675-414X;2180-3862,true,,
Journal of Information and Organizational Sciences,1846-3312;1846-9418,true,,
Journal of Information Communication & Ethics in Society,1477-996X;1758-8871,true,,
Journal of Infusion Nursing,1533-1458;1539-0667,true,,
Journal of Innovative Optical Health Sciences,1793-5458;1793-7205,true,,
JOURNAL OF INORGANIC MATERIALS,1000-324X,true,,
JOURNAL OF INSTITUTIONAL AND THEORETICAL ECONOMICS-ZEITSCHRIFT FUR DIE GESAMTE STAATSWISSENSCHAFT,0932-4569;1614-0559,true,,
Journal of Integrated Care,1476-9018;2042-8685,true,,
Journal of Integrated Design & Process Science,1092-0617;1875-8959,true,,
Journal of Integrated Pest Management,2155-7470,true,,
Journal of Integrative Bioinformatics,1613-4516,true,,
Journal of Integrative Environmental Sciences,1943-815X;1943-8168,true,,
Journal of Integrative Neuroscience,0219-6352;1757-448X,true,,
Journal of Intellectual Property Law & Practice,1747-1532;1747-1540,true,,
Journal of Intelligence Studies in Business,2001-015X,true,,
Journal of Interactional Research in Communication Disorders,2040-5111;2040-512X,true,,
Journal of Interactive Media in Education,1365-893X,true,,
JOURNAL OF INTERCONNECTION NETWORKS,0219-2659;1793-6713,true,,
Journal of Intergenerational Relationships,1535-0770;1535-0932,true,,
Journal of International Advanced Otology,1308-7649;2148-3817,true,,
Journal of International and Comparative Education,2232-1802;2289-2567,true,,
Journal of International Consumer Marketing,0896-1530;1528-7068,true,,
Journal of International Education in Business,2046-469X;1836-3261,true,,
JOURNAL OF INTERNATIONAL MEDICAL RESEARCH,0300-0605;1473-2300,true,,
Journal of International Political Theory,1755-0882;1755-1722,true,,
Journal of International Society of Preventive and Community Dentistry,2231-0762;2250-1002,true,,
Journal of International Trade & Economic Development,0963-8199;1469-9559,true,,
Journal of Internet Commerce,1533-2861;1533-287X,true,,
Journal of Internet Technology,1607-9264;2079-4029,true,,
JOURNAL OF INVESTIGATIVE SURGERY,0894-1939;1521-0553,true,,
Journal of Investment Strategies,2047-1238;2047-1246,true,,
Journal of Korean Academy of Nursing,2005-3673;2093-758X,true,,
Journal of Korean Neurosurgical Society,2005-3711;1598-7876;1225-8245,true,,
Journal of Korean Religions,2093-7288;2167-2040,true,,
JOURNAL OF LABELLED COMPOUNDS & RADIOPHARMACEUTICALS,0362-4803;1099-1344,true,,
Journal of Language and Literacy Education,1559-9035,true,,
Journal of Language Literature and Culture,2051-2856;2051-2864,true,,
Journal of Laparoendoscopic & Advanced Surgical Techniques,1092-6429;1557-9034,true,,
JOURNAL OF LARYNGOLOGY AND OTOLOGY,0022-2151;1748-5460,true,,
Journal of Laser Micro Nanoengineering,1880-0688,true,,
Journal of Latina-o Psychology,2168-1678;2163-0070,true,,
Journal of Leadership Studies,1935-2611;1935-262X,true,,
Journal of Learning Design,1832-8342,true,,
Journal of Lesbian Studies,1089-4160;1540-3548,true,,
Journal of LGBT Issues in Counseling,1553-8605;1553-8338,true,,
Journal of Light & Visual Environment,0387-8805;1349-8398,true,,
JOURNAL OF LIQUID CHROMATOGRAPHY & RELATED TECHNOLOGIES,1082-6076;1520-572X,true,,
Journal of Lithic Studies,2055-0472,true,,
Journal of Logical and Algebraic Methods in Programming,2352-2208;2352-2216,true,,
JOURNAL OF LOSS & TRAUMA,1532-5024;1532-5032,true,,
JOURNAL OF LOW TEMPERATURE PHYSICS,0022-2291;1573-7357,true,,
Journal of Macromolecular Science Part A-Pure and Applied Chemistry,1060-1325;1520-5738,true,,
Journal of Macromolecular Science Part B-Physics,0022-2348;1525-609X,true,,
Journal of Magnetics,1226-1750;2233-6656,true,,
Journal of Map & Geography Libraries,1542-0353;1542-0361,true,,
Journal of Marine Engineering and Technology,2046-4177;2056-8487,true,,
Journal of Marine Science and Engineering,2077-1312,true,,
Journal of Marketing Channels,1046-669X;1540-7039,true,,
Journal of Mathematical and Fundamental Sciences,2337-5760,true,,
Journal of Mathematics and Music,1745-9737;1745-9745,true,,
Journal of Mathematics and the Arts,1751-3472;1751-3480,true,,
Journal of Mathematics in Industry,2190-5983,true,,
JOURNAL OF MECHANICS,1727-7191;1811-8216,true,,
Journal of Mechanics in Medicine and Biology,0219-5194;1793-6810,true,,
Journal of Media Business Studies,1652-2354;2376-2977,true,,
JOURNAL OF MEDIA ECONOMICS,0899-7764;1532-7736,true,,
Journal of Medical and Biological Engineering,1609-0985;2199-4757,true,,
Journal of Medical Biochemistry,1452-8258;1452-8266,true,,
Journal of Medical Biography,0967-7720;1758-1087,true,,
Journal of Medical Devices-Transactions of the ASME,1932-6181;1932-619X,true,,
Journal of Medical Humanities,1041-3545;1573-3645,true,,
Journal of Medical Imaging and Radiation Oncology,1754-9477;1754-9485,true,,
JOURNAL OF MEDICAL INVESTIGATION,1343-1420;1349-6867,true,,
Journal of Medical Ultrasonics,1346-4523;1613-2254,true,,
JOURNAL OF MEDITERRANEAN STUDIES,1016-3476,true,,
Journal of Mental Health Policy and Economics,1091-4358;1099-176X,true,,
Journal of Mental Health Research in Intellectual Disabilities,1931-5864;1931-5872,true,,
Journal of Mental Health Training Education and Practice,1755-6228;2042-8707,true,,
Journal of Meteorological Research,2095-6037;2198-0934,true,,
Journal of Micro and Nano-Manufacturing,2166-0468;2166-0476,true,,
JOURNAL OF MICROPALAEONTOLOGY,0262-821X,true,,
Journal of Mineralogical and Petrological Sciences,1345-6296;1349-3825,true,,
Journal of Modelling in Management,1746-5664;1746-5672,true,,
Journal of Modern Applied Statistical Methods,1538-9472,true,,
Journal of Modern Craft,1749-6772;1749-6780,true,,
JOURNAL OF MODERN OPTICS,0950-0340;1362-3044,true,,
JOURNAL OF MOLECULAR MODELING,1610-2940;0948-5023,true,,
Journal of Money Laundering Control,1758-7808;1368-5201,true,,
Journal of Moravian History,1933-6632;2161-6310,true,,
Journal of Mosaic Research,1309-047X,true,,
Journal of Movement Disorders,2005-940X;2093-4939,true,,
Journal of Multi-Criteria Decision Analysis,1057-9214;1099-1360,true,,
JOURNAL OF MULTIPLE-VALUED LOGIC AND SOFT COMPUTING,1542-3980;1542-3999,true,,
Journal of Music Technology & Education,1752-7066;1752-7074,true,,
Journal of Nanoelectronics and Optoelectronics,1555-130X;1555-1318,true,,
Journal of Nanomechanics and Micromechanics,2153-5434;2153-5477,true,,
Journal of Nanophotonics,1934-2608,true,,
JOURNAL OF NANOSCIENCE AND NANOTECHNOLOGY,1533-4880;1533-4899,true,,
Journal of Nanotechnology,1687-9503;1687-9511,true,,
JOURNAL OF NATURAL HISTORY,0022-2933;1464-5262,true,,
JOURNAL OF NEAR INFRARED SPECTROSCOPY,0967-0335;1751-6552,true,,
Journal of Network Theory in Finance,2055-7795;2055-7809,true,,
Journal of Neurological Surgery Part A-Central European Neurosurgery,2193-6315;2193-6323,true,,
JOURNAL OF NEUROSCIENCE NURSING,0888-0395;1945-2810,true,,
Journal of Neuroscience Psychology and Economics,1937-321X;2151-318X,true,,
Journal of Neurosciences in Rural Practice,0976-3147;0976-3155,true,,
Journal of Neurosurgical Sciences,0390-5616;1827-1855,true,,
Journal of Neutron Research,1023-8166;1477-2655,true,,
Journal of Nietzsche Studies,0968-8005;1538-4594,true,,
JOURNAL OF NIPPON MEDICAL SCHOOL,1345-4676;1347-3409,true,,
Journal of Nonlinear and Convex Analysis,1345-4773;1880-5221,true,,
Journal of Nonprofit & Public Sector Marketing,1049-5142;1540-6997,true,,
Journal of Nuclear Medicine Technology,0091-4916;1535-5675,true,,
Journal of Nucleic Acids,2090-0201;2090-021X,true,,
Journal of Nursing Measurement,1061-3749;1945-7049,true,,
JOURNAL OF NUTRITIONAL SCIENCE AND VITAMINOLOGY,0301-4800;1881-7742,true,,
JOURNAL OF OBSTETRICS AND GYNAECOLOGY,0144-3615;1364-6893,true,,
Journal of Obstetrics and Gynecology of India,0971-9202;0975-6434,true,,
JOURNAL OF OCCUPATIONAL HEALTH,1341-9145;1348-9585,true,,
Journal of Occupational Therapy Schools and Early Intervention,1941-1243;1941-1251,true,,
Journal of Ocean University of China,1672-5182;1993-5021,true,,
Journal of Oil Palm Research,1511-2780,true,,
Journal of Operational Risk,1744-6740;1755-2710,true,,
JOURNAL OF OPTICAL TECHNOLOGY,1070-9762;1091-0786,true,,
Journal of Oral Implantology,0160-6972;1548-1336,true,,
Journal of Oral Science,1343-4934;1880-4926,true,,
Journal of Organizational and End User Computing,1546-2234;1546-5012,true,,
Journal of Organizational Effectiveness-People and Performance,2051-6614;2051-6622,true,,
Journal of Organizational Ethnography,2046-6749;2046-6757,true,,
Journal of Orthopaedic Surgery,2309-4990;1022-5536,true,,
Journal of Orthopaedics,0972-978X,true,,
Journal of Ovonic Research,1842-2403;1584-9953,true,,
Journal of Pacific Archaeology,1179-4704;1179-4712,true,,
Journal of Pacific Rim Psychology,1834-4909,true,,
JOURNAL OF PAIN & PALLIATIVE CARE PHARMACOTHERAPY,1536-0288;1536-0539,true,,
JOURNAL OF PALESTINE STUDIES,0377-919X;1533-8614,true,,
JOURNAL OF PALLIATIVE CARE,0825-8597;2369-5293,true,,
Journal of Park and Recreation Administration,0735-1968;2160-6862,true,,
JOURNAL OF PEDIATRIC ENDOCRINOLOGY & METABOLISM,0334-018X;2191-0251,true,,
Journal of Pediatric Health Care,0891-5245;1532-656X,true,,
JOURNAL OF PEDIATRIC HEMATOLOGY ONCOLOGY,1077-4114;1536-3678,true,,
Journal of Pediatric Infectious Diseases,1305-7707;1305-7693;1871-0336,true,,
Journal of Pediatric Neurosciences,1817-1745;1998-3948,true,,
JOURNAL OF PEDIATRIC ORTHOPAEDICS-PART B,1060-152X;1473-5865,true,,
Journal of Pediatric Rehabilitation Medicine,1874-5393;1875-8894,true,,
Journal of Peer Learning,2200-2359,true,,
Journal of PeriAnesthesia Nursing,1089-9472;1532-8473,true,,
JOURNAL OF PERINATAL & NEONATAL NURSING,0893-2190;1550-5073,true,,
JOURNAL OF PERINATAL MEDICINE,0300-5577;1619-3997,true,,
JOURNAL OF PESTICIDE SCIENCE,1348-589X;1349-0923,true,,
Journal of Pharmaceutical Health Care and Sciences,2055-0294,true,,
Journal of Pharmacology & Pharmacotherapeutics,0976-500X;0976-5018,true,,
Journal of Pharmacopuncture,2093-6966;2234-6856,true,,
Journal of Pharmacy and Bioallied Sciences,0975-7406;0976-4879,true,,
JOURNAL OF PHARMACY PRACTICE,0897-1900;1531-1937,true,,
JOURNAL OF PHOTOPOLYMER SCIENCE AND TECHNOLOGY,0914-9244,true,,
Journal of Physical Education Recreation and Dance,0730-3084;2168-3816,true,,
JOURNAL OF PHYSICAL ORGANIC CHEMISTRY,0894-3230;1099-1395,true,,
JOURNAL OF PHYTOPATHOLOGY,0931-1785;1439-0434,true,,
Journal of Place Management and Development,1753-8335;1753-8343,true,,
Journal of Planning History,1538-5132;1552-6585,true,,
JOURNAL OF PLANT BIOCHEMISTRY AND BIOTECHNOLOGY,0971-7811;0974-1275,true,,
Journal of Plant Diseases and Protection,1861-3829;1861-3837,true,,
JOURNAL OF PLANT NUTRITION,0190-4167;1532-4087,true,,
JOURNAL OF PLANT PATHOLOGY,1125-4653;2239-7264,true,,
Journal of Plant Registrations,1936-5209;1940-3496,true,,
Journal of Plastic Surgery and Hand Surgery,2000-656X;2000-6764,true,,
Journal of Poetry Therapy,0889-3675;1567-2344,true,,
Journal of Policy Practice,1558-8742;1558-8750,true,,
JOURNAL OF POLYMER ENGINEERING,0334-6447;2191-0340,true,,
JOURNAL OF POPULAR CULTURE,0022-3840;1540-5931,true,,
JOURNAL OF POPULAR FILM AND TELEVISION,0195-6051;1930-6458,true,,
Journal of Popular Television,2046-9861;2046-987X,true,,
Journal of Population Ageing,1874-7884;1874-7876,true,,
Journal of Population Therapeutics and Clinical Pharmacology,1710-6222;1198-581X,true,,
JOURNAL OF PORPHYRINS AND PHTHALOCYANINES,1088-4246;1099-1409,true,,
Journal of Portuguese Linguistics,2397-5563,true,,
Journal of Postgraduate Medicine,0022-3859;0972-2823,true,,
JOURNAL OF POULTRY SCIENCE,1346-7395;1349-0486,true,,
Journal of Poverty,1087-5549;1540-7608,true,,
Journal of Power Electronics,1598-2092;2093-4718,true,,
Journal of Power Technologies,2083-4187;2083-4195,true,,
Journal of Practical Ethics,2051-655X,true,,
Journal of Prevention & Intervention in the Community,1085-2352;1540-7330,true,,
Journal of Primary Care and Community Health,2150-1319;2150-1327,true,,
Journal of Primary Health Care,1172-6164;1172-6156,true,,
Journal of Private Enterprise,0890-913X,true,,
Journal of Probability and Statistics,1687-952X;1687-9538,true,,
Journal of Progressive Human Services,1042-8232;1540-7616,true,,
Journal of Property Investment & Finance,1463-578X;1470-2002,true,,
JOURNAL OF PSYCHOLOGY,0022-3980;1940-1019,true,,
Journal of Psychopathology,1592-1107;2499-6904,true,,
JOURNAL OF PSYCHOPHYSIOLOGY,0269-8803;2151-2124,true,,
JOURNAL OF PSYCHOSOCIAL NURSING AND MENTAL HEALTH SERVICES,0279-3695;1938-2413,true,,
Journal of Public Affairs,1472-3891;1479-1854,true,,
Journal of Public Health Research,2279-9028;2279-9036,true,,
Journal of Public Health-Heidelberg,0943-1853;1613-2238,true,,
Journal of Public Mental Health,1746-5729;2042-8731,true,,
Journal of Public Transportation,1077-291X,true,,
Journal of Quantitative Analysis in Sports,2194-6388;1559-0410,true,,
JOURNAL OF RADIOANALYTICAL AND NUCLEAR CHEMISTRY,0236-5731;1588-2780,true,,
Journal of Rational-Emotive and Cognitive-Behavior Therapy,0894-9085;1573-6563,true,,
JOURNAL OF RECEPTORS AND SIGNAL TRANSDUCTION,1079-9893;1532-4281,true,,
Journal of Religion and Spirituality in Social Work,1542-6432;1542-6440,true,,
Journal of Religion in Europe,1874-8910;1874-8929,true,,
Journal of Religion in Japan,2211-8330;2211-8349,true,,
Journal of Religion Spirituality & Aging,1552-8030;1552-8049,true,,
Journal of Religious and Political Practice,2056-6093;2056-6107,true,,
Journal of Renal Care,1755-6678;1755-6686,true,,
Journal of Renewable and Sustainable Energy,1941-7012,true,,
JOURNAL OF REPRODUCTIVE MEDICINE,0024-7758;1943-3565,true,,
Journal of Research in Nursing,1744-9871;1744-988X,true,,
Journal of Research in Special Educational Needs,1471-3802,true,,
Journal of Research Practice,1712-851X,true,,
Journal of Revenue and Pricing Management,1476-6930;1477-657X,true,,
Journal of Risk,1465-1211;1755-2842,true,,
Journal of Risk Model Validation,1753-9579;1753-9587,true,,
Journal of Robotic Surgery,1863-2483;1863-2491,true,,
Journal of Robotics,1687-9600;1687-9619,true,,
Journal of Robotics and Mechatronics,0915-3942;1883-8049,true,,
Journal of Romance Studies,1473-3536;1752-2331,true,,
JOURNAL OF RUSSIAN LASER RESEARCH,1071-2836;1573-8760,true,,
Journal of Science and Technology Policy Management,2053-4620;1758-5538;2053-4639,true,,
JOURNAL OF SCIENTIFIC & INDUSTRIAL RESEARCH,0022-4456;0975-1084,true,,
Journal of Scottish Historical Studies,1748-538X;1755-1749,true,,
Journal of Seed Science,2317-1537;2317-1545,true,,
Journal of Semiconductors,1674-4926,true,,
Journal of Sensors and Sensor Systems,2194-8771;2194-878X,true,,
Journal of Ship Production and Design,2158-2866;2158-2874,true,,
Journal of Signal Processing Systems for Signal Image and Video Technology,1939-8018;1939-8115,true,,
Journal of Singularities,1949-2006,true,,
Journal of Smoking Cessation,1834-2612,true,,
JOURNAL OF SOCIAL DISTRESS AND THE HOMELESS,1053-0789;1573-658X,true,,
Journal of Social Inclusion,1836-8808,true,,
JOURNAL OF SOCIAL SERVICE RESEARCH,0148-8376;1540-7314,true,,
Journal of Social Work in End-of-Life & Palliative Care,1552-4256;1552-4264,true,,
JOURNAL OF SOCIAL WORK PRACTICE,0265-0533;1465-3885,true,,
JOURNAL OF SOLUTION CHEMISTRY,0095-9782;1572-8927,true,,
Journal of Song-Yuan Studies,1059-3152;2154-6665,true,,
JOURNAL OF SOUTHEAST ASIAN STUDIES,0022-4634;1474-0680,true,,
Journal of Southern Hemisphere Earth Systems Science,1836-716X;2206-5865,true,,
JOURNAL OF SOUTHERN HISTORY,0022-4642;2325-6893,true,,
Journal of Spatial Science,1449-8596;1836-5655,true,,
Journal of Specialised Translation,1740-357X,true,,
Journal of Spectroscopy,2314-4920;2314-4939,true,,
Journal of Speculative Philosophy,0891-625X;1527-9383,true,,
Journal of Sport Psychology in Action,2152-0704;2152-0712,true,,
JOURNAL OF SPORTS MEDICINE AND PHYSICAL FITNESS,0022-4707;1827-1928,true,,
Journal of Statistical Theory and Practice,1559-8608;1559-8616,true,,
Journal of Statistics Education,1069-1898,true,,
Journal of Stem Cells & Regenerative Medicine,0973-7154,true,,
Journal of Stomatology Oral and Maxillofacial Surgery,2468-7855,true,,
JOURNAL OF STRUCTURAL CHEMISTRY,0022-4766;1573-8779,true,,
Journal of Substance Use,1465-9891;1475-9942,true,,
Journal of Sulfur Chemistry,1741-5993;1741-6000,true,,
Journal of Superconductivity and Novel Magnetism,1557-1939;1557-1947,true,,
Journal of Superhard Materials,1063-4576;1934-9408,true,,
Journal of Surface Investigation,1027-4510;1819-7094,true,,
JOURNAL OF SURFACTANTS AND DETERGENTS,1097-3958;1558-9293,true,,
Journal of Sustainable Development of Energy Water and Environment Systems-JSDEWES,1848-9257,true,,
Journal of Sustainable Forestry,1054-9811;1540-756X,true,,
JOURNAL OF SWINE HEALTH AND PRODUCTION,1537-209X,true,,
Journal of Systems Engineering and Electronics,1004-4132;1671-1793,true,,
Journal of Systems Science & Complexity,1009-6124;1559-7067,true,,
Journal of Taibah University for Science,1658-3655,true,,
Journal of Teaching in International Business,0897-5930;1528-6991,true,,
Journal of Teaching in Travel & Tourism,1531-3220;1531-3239,true,,
JOURNAL OF TECHNOLOGY IN HUMAN SERVICES,1522-8835;1522-8991,true,,
JOURNAL OF TESTING AND EVALUATION,0090-3973;1945-7553,true,,
JOURNAL OF THE AMERICAN ANIMAL HOSPITAL ASSOCIATION,0587-2871;1547-3317,true,,
Journal of the American Association of Nurse Practitioners,2327-6924;2327-6886,true,,
JOURNAL OF THE AMERICAN LEATHER CHEMISTS ASSOCIATION,0002-9726,true,,
JOURNAL OF THE AMERICAN MOSQUITO CONTROL ASSOCIATION,8756-971X;1943-6270,true,,
JOURNAL OF THE AMERICAN OSTEOPATHIC ASSOCIATION,0098-6151;1945-1997,true,,
JOURNAL OF THE AMERICAN PHARMACISTS ASSOCIATION,1544-3191;1544-3450,true,,
JOURNAL OF THE AMERICAN PODIATRIC MEDICAL ASSOCIATION,8750-7315;1930-8264,true,,
Journal of the American Psychiatric Nurses Association,1078-3903;1532-5725,true,,
JOURNAL OF THE AMERICAN SOCIETY FOR HORTICULTURAL SCIENCE,0003-1062;2327-9788,true,,
JOURNAL OF THE AMERICAN SOCIETY OF BREWING CHEMISTS,0361-0470;1943-7854,true,,
Journal of the Asia Pacific Economy,1354-7860;1469-9648,true,,
Journal of the Australian Ceramic Society,2510-1560;2510-1579;0004-881X,true,,
Journal of the Australian Library and Information Association,2475-0158;2475-0166,true,,
JOURNAL OF THE AUSTRALIAN MATHEMATICAL SOCIETY,1446-7887;1446-8107,true,,
JOURNAL OF THE BRAZILIAN CHEMICAL SOCIETY,0103-5053;1678-4790,true,,
JOURNAL OF THE CANADIAN DENTAL ASSOCIATION,1488-2159;0709-8936,true,,
JOURNAL OF THE CERAMIC SOCIETY OF JAPAN,1882-0743;1348-6535;0914-5400,true,,
JOURNAL OF THE CHILEAN CHEMICAL SOCIETY,0717-9707;0717-9324,true,,
JOURNAL OF THE CHINESE CHEMICAL SOCIETY,0009-4536;2192-6549,true,,
Journal of the Chinese Medical Association,1726-4901;1728-7731,true,,
JOURNAL OF THE COPYRIGHT SOCIETY OF THE USA,0886-3520,true,,
Journal of the Economic Science Association-JESA,2199-6784,true,,
Journal of the Egyptian National Cancer Institute,1110-0362;1687-9996,true,,
Journal of the Egyptian Public Health Association,2090-262X;0013-2446,true,,
Journal of the Faculty of Engineering and Architecture of Gazi University,1300-1884;1304-4915,true,,
JOURNAL OF THE GEOLOGICAL SOCIETY OF INDIA,0016-7622;0974-6889,true,,
Journal of the History of the Neurosciences,0964-704X;1744-5213,true,,
JOURNAL OF THE INDIAN INSTITUTE OF SCIENCE,0970-4140;0019-4964,true,,
Journal of the Indian Society of Remote Sensing,0255-660X;0974-3006,true,,
JOURNAL OF THE INSTITUTE OF BREWING,0046-9750;2050-0416,true,,
Journal of the International Association for Shell and Spatial Structures,1028-365X;1996-9015,true,,
Journal of the Iranian Chemical Society,1735-207X;1735-2428,true,,
JOURNAL OF THE JAPAN INSTITUTE OF METALS,0021-4876;1880-6880,true,,
JOURNAL OF THE JAPAN PETROLEUM INSTITUTE,1346-8804;1349-273X,true,,
Journal of the Korean Ceramic Society,1229-7801;2234-0491,true,,
JOURNAL OF THE KOREAN MATHEMATICAL SOCIETY,0304-9914;2234-3008,true,,
Journal of the Korean Society of Combustion,1226-0959;2466-2089,true,,
JOURNAL OF THE MIDWEST MODERN LANGUAGE ASSOCIATION,0742-5562;2162-6294,true,,
JOURNAL OF THE NATIONAL MEDICAL ASSOCIATION,0027-9684;1943-4693,true,,
Journal of the Operations Research Society of China,2194-668X;2194-6698,true,,
JOURNAL OF THE PAKISTAN MEDICAL ASSOCIATION,0030-9982,true,,
JOURNAL OF THE POLYNESIAN SOCIETY,0032-4000;2230-5955,true,,
JOURNAL OF THE RENIN-ANGIOTENSIN-ALDOSTERONE SYSTEM,1470-3203;1752-8976,true,,
Journal of the Royal Army Medical Corps,0035-8665;2052-0468,true,,
Journal of the Royal College of Physicians of Edinburgh,1478-2715;2042-8189,true,,
Journal of the Saudi Heart Association,1016-7315;2212-5043,true,,
JOURNAL OF THE SERBIAN CHEMICAL SOCIETY,0352-5139;1820-7421,true,,
Journal of the Serbian Society for Computational Mechanics,1820-6530,true,,
Journal of the Society for Information Display,1071-0922;1938-3657,true,,
JOURNAL OF THE SOCIETY OF CHRISTIAN ETHICS,1540-7942;2326-2176,true,,
Journal of the South African Institution of Civil Engineering,1021-2019,true,,
Journal of the South African Veterinary Association,1019-9128;2224-9435,true,,
Journal of the Southern African Institute of Mining and Metallurgy,2225-6253;2411-9717,true,,
JOURNAL OF THE TORREY BOTANICAL SOCIETY,1095-5674;1940-0616,true,,
Journal of the Turkish-German Gynecological Association,1309-0399;1309-0380,true,,
JOURNAL OF THEORETICAL & COMPUTATIONAL CHEMISTRY,0219-6336;1793-6888,true,,
Journal of Theoretical and Applied Mechanics-Bulgaria,0861-6663;1314-8710,true,,
Journal of Thermal Engineering,2148-7847,true,,
Journal of Thermal Science and Engineering Applications,1948-5085;1948-5093,true,,
JOURNAL OF THERMOPLASTIC COMPOSITE MATERIALS,0892-7057;1530-7980,true,,
Journal of Toxicologic Pathology,0914-9198;1881-915X,true,,
JOURNAL OF TOXICOLOGICAL SCIENCES,0388-1350;1880-3989,true,,
Journal of Traditional Chinese Medicine,0255-2922;1577-7014,true,,
Journal of Transformative Education,1541-3446;1552-7840,true,,
Journal of Transport and Supply Chain Management,2310-8789;1995-5235,true,,
Journal of Transportation Security,1938-7741;1938-775X,true,,
Journal of Trauma Nursing,1078-7496;1932-3883,true,,
JOURNAL OF TROPICAL ECOLOGY,0266-4674;1469-7831,true,,
Journal of Tropical Medicine,1687-9686;1687-9694,true,,
Journal of Tropical Meteorology,1006-8775,true,,
JOURNAL OF TROPICAL PEDIATRICS,0142-6338;1465-3664,true,,
Journal of Ultrasound,1971-3495;1876-7931,true,,
JOURNAL OF UNIVERSAL COMPUTER SCIENCE,0948-695X;0948-6968,true,,
Journal of Urban and Regional Analysis,2067-4082;2068-9969,true,,
Journal of Vascular Nursing,1062-0303;1532-6578,true,,
JOURNAL OF VENOMOUS ANIMALS AND TOXINS INCLUDING TROPICAL DISEASES,1678-9199,true,,
JOURNAL OF VETERINARY DENTISTRY,0898-7564;2470-4083,true,,
Journal of Vibration Engineering & Technologies,2321-3558,true,,
Journal of Vibroengineering,1392-8716,true,,
JOURNAL OF VINYL & ADDITIVE TECHNOLOGY,1083-5601;1548-0585,true,,
Journal of Vocational Rehabilitation,1052-2263;1878-6316,true,,
Journal of Water and Climate Change,2040-2244,true,,
JOURNAL OF WATER AND HEALTH,1477-8920,true,,
Journal of Water Reuse and Desalination,2220-1319,true,,
Journal of Water Sanitation and Hygiene for Development,2043-9083,true,,
JOURNAL OF WATER SUPPLY RESEARCH AND TECHNOLOGY-AQUA,0003-7214;1365-2087,true,,
Journal of Web Librarianship,1932-2909;1932-2917,true,,
JOURNAL OF WOMEN & AGING,0895-2841;1540-7322,true,,
Journal of World Popular Music,2052-4900;2052-4919,true,,
JOURNAL OF WUHAN UNIVERSITY OF TECHNOLOGY-MATERIALS SCIENCE EDITION,1000-2413;1993-0437,true,,
Journal of Young Pharmacists,0975-1483;0975-1505,true,,
JOURNAL OF ZOO AND WILDLIFE MEDICINE,1042-7260;1937-2825,true,,
Journal on Efficiency and Responsibility in Education and Science,2336-2375;1803-1617,true,,
Journeys-The International Journal of Travel and Travel Writing,1465-2609;1752-2358,true,,
Jung Journal-Culture & Psyche,1934-2039;1934-2047,true,,
Jurnal Tribologi,2289-7232,true,,
Kafkas Universitesi Veteriner Fakultesi Dergisi,1300-6045,true,,
KAOHSIUNG JOURNAL OF MEDICAL SCIENCES,1607-551X,true,,
KEATS-SHELLEY JOURNAL,0453-4387,true,,
KERNTECHNIK,0932-3902,true,,
KEW BULLETIN,0075-5974;1874-933X,true,,
KGK-Kautschuk Gummi Kunststoffe,0948-3276,true,,
Kidney International Reports,2468-0249,true,,
Kinematics and Physics of Celestial Bodies,0884-5913;1934-8401,true,,
Kinesiology,1331-1441,true,,
KINETICS AND CATALYSIS,0023-1584;1608-3210,true,,
KLINISCHE MONATSBLATTER FUR AUGENHEILKUNDE,0023-2165;1439-3999,true,,
KLINISCHE PADIATRIE,0300-8630;1439-3824,true,,
Knjizevna Smotra,0455-0463,true,,
KNOWLEDGE ORGANIZATION,0943-7444,true,,
Kodai Mathematical Journal,0386-5991;1881-5472,true,,
KOEDOE,0075-6458;2071-0771,true,,
Korea Observer,0023-3919,true,,
KOREA-AUSTRALIA RHEOLOGY JOURNAL,1226-119X;2093-7660,true,,
Korean Chemical Engineering Research,0304-128X;2233-9558,true,,
Korean Circulation Journal,1738-5520;1738-5555,true,,
Korean Journal for Food Science of Animal Resources,1225-8563,true,,
Korean Journal of Anesthesiology,2005-6419;2005-7563,true,,
KOREAN JOURNAL OF DEFENSE ANALYSIS,1016-3271;1941-4641,true,,
Korean Journal of Medical History,1225-505X;2093-5609,true,,
Korean Journal of Metals and Materials,1738-8228,true,,
Korean Linguistics,0257-3784;2212-9731,true,,
Kotuitui-New Zealand Journal of Social Sciences Online,1177-083X,true,,
Kragujevac Journal of Mathematics,1450-9628,true,,
Kriterion-Revista de Filosofia,0100-512X;1981-5336,true,,
Kritika Kultura,2094-6937;1656-152X,true,,
Kritike-An Online Journal of Philosophy,1908-7330,true,,
KSCE Journal of Civil Engineering,1226-7988;1976-3808,true,,
Kuwait Journal of Science,2307-4108;2307-4116,true,,
KYBERNETES,0368-492X;1758-7883,true,,
KYBERNETIKA,0023-5954;1805-949X,true,,
Kyiv-Mohyla Humanities Journal,2313-4895,true,,
LAB ANIMAL,0093-7355;1548-4475,true,,
Laboratorio de Arte,1130-5762;2253-8305,true,,
Labour & Industry-A Journal of the Social and Economic Relations of Work,1030-1763;2325-5676,true,,
Labour History,0023-6942;1839-3039,true,,
Labour History Review,0961-5652;1745-8188,true,,
Labour-England,1121-7081;1467-9914,true,,
Landscape and Ecological Engineering,1860-1871;1860-188X,true,,
Landscape Architecture Frontiers,2095-5405;2095-5413,true,,
Language and Literacy,1496-0974,true,,
Language Problems & Language Planning,0272-2690;1569-9889,true,,
LARYNGO-RHINO-OTOLOGIE,0935-8943;1438-8685,true,,
Laryngoscope Investigative Otolaryngology,2378-8038,true,,
LASER PHYSICS,1054-660X;1555-6611,true,,
Latin American Journal of Aquatic Research,0718-560X;0717-7178,true,,
LATIN AMERICAN PERSPECTIVES,0094-582X;1552-678X,true,,
Latin American Policy,2041-7365;2041-7373,true,,
LATIN AMERICAN THEATRE REVIEW,0023-8813;2161-0576,true,,
Latin Americanist,1557-2021;1557-203X,true,,
LATOMUS,0023-8856;2294-4427,true,,
Latvian Journal of Physics and Technical Sciences,0868-8257,true,,
LAVAL THEOLOGIQUE ET PHILOSOPHIQUE,0023-9054,true,,
Law & Practice of International Courts and Tribunals,1569-1853;1571-8034,true,,
LAW AND CRITIQUE,0957-8536;1572-8617,true,,
Law and Financial Markets Review,1752-1440;1752-1459,true,,
Law Culture and the Humanities,1743-8721;1743-9752,true,,
Law Text Culture,1322-9060;2200-7121,true,,
Leadership in Health Services,1751-1879;1751-1887,true,,
LEARNING AND MOTIVATION,0023-9690;1095-9122,true,,
Learning and Teaching-The International Journal of Higher Education in the Social Sciences,1755-2273;1755-2281,true,,
LEARNing Landscapes,1913-5688,true,,
Legal Information Management,1472-6696;1741-2021,true,,
Legal Issues of Economic Integration,1566-6573;1875-6433,true,,
Legume Research,0250-5371,true,,
Lengua y Migracion-Language and Migration,1889-5425,true,,
Letras,0378-4878;2071-5072,true,,
Letras de Hoje-Estudos e Debates em Linguistica Literatura e Lingua Portuguesa,0101-3335;1984-7726,true,,
Letters on Materials,2218-5046;2410-3535,true,,
LIAS-Journal of Early Modern Intellectual Culture and its Sources,2033-4753;2033-5016,true,,
LIBRARY AND INFORMATION SCIENCE,0373-4447,true,,
LIBRARY RESOURCES & TECHNICAL SERVICES,0024-2527;2159-9610,true,,
Libres-Library and Information Science Research Electronic Journal,1058-6768,true,,
Light & Engineering,0236-2945,true,,
Limite-Revista de Estudios Portugueses y de la Lusofonia,1888-4067;2253-7929,true,,
LIMNETICA,0213-8409;1989-1806,true,,
LIMNOLOGY,1439-8621;1439-863X,true,,
Linacre Quarterly,0024-3639;2050-8549,true,,
LINGUA E STILE,0024-385X,true,,
LINGUA NOSTRA,0024-3868,true,,
Linguistic Research,1229-1374,true,,
Linguistica Pragensia,0862-8432;1805-9635,true,,
Linguistics and the Human Sciences,1742-2906;1743-1662,true,,
Liquid Crystals Today,1358-314X;1464-5181,true,,
LISTY CUKROVARNICKE A REPARSKE,1210-3306;1805-9708,true,,
Listy Filologicke,0024-4457;2570-9410,true,,
LITERARY REVIEW,0024-4589,true,,
Lithuanian Journal of Physics,1648-8504,true,,
LITTERATURE,0047-4800;1958-5926,true,,
LOGOS-A JOURNAL OF CATHOLIC THOUGHT AND CULTURE,1091-6687;1533-791X,true,,
London Journal,0305-8034;1749-6322,true,,
London Journal of Primary Care,1757-1472;1757-1480,true,,
Louvain Studies,0024-6964;1783-161X,true,,
LOW TEMPERATURE PHYSICS,1063-777X;1090-6517,true,,
Lucentum,0213-2338;1989-9904,true,,
Lung Cancer-Targets and Therapy,1179-2728,true,,
Luso-Brazilian Review,0024-7413;1548-9957,true,,
Luxury-History Culture Consumption,2051-1817;2051-1825,true,,
LYMPHOLOGY,0024-7766,true,,
Macroheterocycles,1998-9539,true,,
Madera y Bosques,1405-0471,true,,
Magazine of Civil Engineering,2071-4726;2071-0305,true,,
MAGNESIUM RESEARCH,0953-1424;1952-4021,true,,
MAGNETIC RESONANCE IN CHEMISTRY,0749-1581;1097-458X,true,,
Magnetic Resonance in Solids,2072-5981,true,,
Magnetohydrodynamics,0024-998X;1574-0579,true,,
Magnificat Cultura i Literatura Medievals,2386-8295,true,,
MAIA-RIVISTA DI LETTERATURE CLASSICHE,0025-0538,true,,
MAIN GROUP METAL CHEMISTRY,0792-1241;2191-0219,true,,
Malawi Medical Journal,1995-7262;1995-7270,true,,
Malaysian Journal of Computer Science,0127-9084,true,,
Malaysian Journal of Learning & Instruction,1675-8110;2180-2483,true,,
Malaysian Journal of Library & Information Science,1394-6234,true,,
Malaysian Journal of Medical Sciences,1394-195X;2180-4303,true,,
Malaysian Journal of Pathology,0126-8635,true,,
Malaysian Music Journal,2232-1020;0128-2158,true,,
MAMMAL STUDY,1343-4152;1348-6160,true,,
MAMMALIA,0025-1461;1864-1547,true,,
Management & Organizational History,1744-9359;1744-9367,true,,
Management of Environmental Quality,1477-7835;1758-6119,true,,
MANAGERIAL FINANCE,0307-4358;1758-7743,true,,
Managing Sport and Leisure,2375-0472;2375-0480,true,,
Manuscript Studies-A Journal of the Schoenberg Institute for Manuscript Studies,2381-5329;2380-1190,true,,
Manuscrito,0100-6045;2317-630X,true,,
Manuscrits-Revista d Historia Moderna,0213-2397;2014-6000,true,,
MAPAN-Journal of Metrology Society of India,0970-3950;0974-9853,true,,
MARINE AND FRESHWATER BEHAVIOUR AND PHYSIOLOGY,1023-6244;1029-0362,true,,
Marine Biology Research,1745-1000;1745-1019,true,,
MARINE TECHNOLOGY SOCIETY JOURNAL,0025-3324;1948-1209,true,,
Maritime Business Review,2397-3757;2397-3765,true,,
Markov Processes and Related Fields,1024-2953,true,,
Marvels & Tales-Journal of Fairy-Tale Studies,1521-4281;1536-1802,true,,
Matematicki Vesnik,0025-5165;2406-0682,true,,
MATERIALE PLASTICE,0025-5289,true,,
Materiali e Discussioni per l Analisi dei Testi Classici,0392-6338;1724-1693,true,,
Materiali in Tehnologije,1580-2949;1580-3414,true,,
Materials Express,2158-5849;2158-5857,true,,
MATERIALS PERFORMANCE,0094-1492,true,,
Materials Physics and Mechanics,1605-2730;1605-8119,true,,
MATERIALS SCIENCE,1068-820X;1573-885X,true,,
Materials Science-Medziagotyra,1392-1320;2029-7289,true,,
MATERIALS TECHNOLOGY,1066-7857;1753-5557,true,,
Materials Testing,0025-5300,true,,
MATERIALS TRANSACTIONS,1345-9678;1347-5320,true,,
MATERIALWISSENSCHAFT UND WERKSTOFFTECHNIK,0933-5137;1521-4052,true,,
Mathematica Bohemica,0862-7959;2464-7136,true,,
MATHEMATICA SCANDINAVICA,0025-5521;1903-1807,true,,
Mathematica Slovaca,0139-9918;1337-2211,true,,
Mathematical and Computational Forestry & Natural-Resource Sciences,1946-7664,true,,
MATHEMATICAL AND COMPUTER MODELLING OF DYNAMICAL SYSTEMS,1387-3954;1744-5051,true,,
Mathematical Communications,1331-0623;1848-8013,true,,
MATHEMATICAL INTELLIGENCER,0343-6993;1866-7414,true,,
MATHEMATICAL MEDICINE AND BIOLOGY-A JOURNAL OF THE IMA,1477-8599;1477-8602,true,,
Mathematical Methods of Statistics,1066-5307;1934-8045,true,,
Mathematical Modelling and Analysis,1392-6292;1648-3510,true,,
Mathematical Modelling of Natural Phenomena,0973-5348;1760-6101,true,,
MATHEMATICAL NOTES,0001-4346;1573-8876;1067-9073,true,,
Mathematics and Mechanics of Complex Systems,2326-7186;2325-3444,true,,
Mausam,0252-9416,true,,
MAYDICA,0025-6153;2279-8013,true,,
McGill International Journal of Sustainable Development Law and Policy,1712-9664,true,,
McGill Journal of Law and Health,1920-4825,true,,
MCS-Masculinities and Social Change,2014-3605,true,,
MEANJIN,0025-6293;1448-8094,true,,
MEASUREMENT AND EVALUATION IN COUNSELING AND DEVELOPMENT,0748-1756;1947-6302,true,,
Measuring Business Excellence,1368-3047;1758-8057,true,,
Mechanics & Industry,2257-7777;2257-7750,true,,
MECHANICS OF COMPOSITE MATERIALS,0191-5665;1573-8922,true,,
Mechanics of Solids,0025-6544;1934-7936,true,,
Mechanika,1392-1207,true,,
Medecine Palliative,1636-6522;2213-0098,true,,
Media International Australia,1329-878X;2200-467X,true,,
Mediaevalia-An Interdisciplinary Journal of Medieval Studies Worldwide,0361-946X;2161-8046,true,,
Mediaobrazovanie-Media Education,1994-4160;1994-4195,true,,
Medical Dosimetry,0958-3947;1873-4022,true,,
MEDICAL HYPOTHESES,0306-9877;1532-2777,true,,
MEDICAL LETTER ON DRUGS AND THERAPEUTICS,0025-732X;1523-2859,true,,
Medical Molecular Morphology,1860-1480;1860-1499,true,,
Medical Mycology Case Reports,2211-7539,true,,
MEDICAL PROBLEMS OF PERFORMING ARTISTS,0885-1158;1938-2766,true,,
Medical Science Monitor Basic Research,2325-4416;2325-4394,true,,
Medical Ultrasonography,1844-4172;2066-8643,true,,
MEDICINA CLINICA,0025-7753;1578-8989,true,,
Medicina del Lavoro,0025-7818,true,,
Medicina Intensiva,0210-5691;1578-6749,true,,
MEDICINAL CHEMISTRY RESEARCH,1054-2523;1554-8120,true,,
Medicina-Lithuania,1010-660X;1648-9144,true,,
Medievalismo,1131-8155;1989-8312,true,,
Mediterranean Journal of Mathematics,1660-5446;1660-5454,true,,
Mediterranea-Ricerche Storiche,1828-230X;1824-3010,true,,
Medizinhistorisches Journal,0025-8431;1611-4477,true,,
Memoirs on Differential Equations and Mathematical Physics,1512-0015,true,,
Menopause Review-Przegląd Menopauzalny,1643-8876;2299-0038,true,,
Mental Health and Social Inclusion,2042-8316;2042-8308,true,,
Mental Health Review Journal,1361-9322;2042-8758,true,,
METAL SCIENCE AND HEAT TREATMENT,0026-0673;1573-8973,true,,
Metallography Microstructure and Analysis,2192-9262;2192-9270,true,,
Metallurgical Research & Technology,2271-3646;2271-3654,true,,
METALLURGIST,0026-0894;1573-8892,true,,
Methods of Functional Analysis and Topology,1029-3531;2415-7503,true,,
Metron-International Journal of Statistics,0026-1424;2281-695X,true,,
MICHIGAN QUARTERLY REVIEW,0026-2420;1558-7266,true,,
Micro & Nano Letters,1750-0443,true,,
Microbial Genomics,2057-5858,true,,
MICROBIOLOGY,0026-2617;1608-3237,true,,
MICROELECTRONICS INTERNATIONAL,1356-5362;1758-812X,true,,
Microorganisms,2076-2607,true,,
MICROPALEONTOLOGY,0026-2803;1937-2795,true,,
MICROPROCESSORS AND MICROSYSTEMS,0141-9331;1872-9436,true,,
MICROWAVE AND OPTICAL TECHNOLOGY LETTERS,0895-2477;1098-2760,true,,
Middle East Fertility Society Journal,1110-5690,true,,
MIDDLE EASTERN STUDIES,0026-3206;1743-7881,true,,
Midland History,0047-729X;1756-381X,true,,
MIKROBIYOLOJI BULTENI,0374-9096,true,,
Military Medical Research,2054-9369;2095-7467,true,,
Milli Folklor,1300-3984,true,,
Mineral Economics,2191-2203;2191-2211,true,,
Minerva Endocrinologica,0391-1977;1827-1634,true,,
Minerva Gastroenterologica e Dietologica,0026-4776;1827-1642;1121-421X,true,,
MINERVA PEDIATRICA,0026-4946;1827-1715,true,,
Minerva Stomatologica,0026-4970;1827-174X,true,,
Minerva Urologica E Nefrologica,0393-2249;1827-1758,true,,
Minimally Invasive Surgery,2090-1445;2090-1453,true,,
MINIMALLY INVASIVE THERAPY & ALLIED TECHNOLOGIES,1364-5706;1365-2931,true,,
MINI-REVIEWS IN ORGANIC CHEMISTRY,1570-193X;1875-6298,true,,
Mires and Peat,1819-754X,true,,
Mirovaya Ekonomika i Mezhdunarodnye Otnosheniya,0131-2227,true,,
Miscelanea de Estudios Arabes y Hebraicos-Seccion Arabe-Islam,1696-5868;2341-0906,true,,
Miskolc Mathematical Notes,1787-2405;1787-2413,true,,
Missiology-An International Review,0091-8296;2051-3623,true,,
Mitologias Hoy-Revista de Pensamiento Critica y Estudios Literarios Latinoamericanos,2014-1130,true,,
MITTEILUNGEN DES KUNSTHISTORISCHEN INSTITUTES IN FLORENZ,0342-1201,true,,
Mljekarstvo,0026-704X;1846-4025,true,,
MODELING IDENTIFICATION AND CONTROL,0332-7353;1890-1328,true,,
Modelling and Simulation in Engineering,1687-5591;1687-5605,true,,
Modern & Contemporary France,0963-9489;1469-9869,true,,
MODERN LANGUAGE REVIEW,0026-7937;2222-4319,true,,
MODERN PHYSICS LETTERS B,0217-9849;1793-6640,true,,
Modernist Cultures,2041-1022;1753-8629,true,,
Molecular & Cellular Toxicology,1738-642X;2092-8467,true,,
MOLECULAR CRYSTALS AND LIQUID CRYSTALS,1542-1406;1563-5287;1543-5318,true,,
Molecular Genetics and Metabolism Reports,2214-4269,true,,
MOLLUSCAN RESEARCH,1323-5818;1448-6067,true,,
Monatshefte,0026-9271;1934-2810,true,,
MONATSHEFTE FUR CHEMIE,0026-9247;1434-4475,true,,
Monte Carlo Methods and Applications,0929-9629,true,,
Montenegrin Journal of Economics,1800-5845;1800-6698,true,,
Montenegrin Journal of Sports Science and Medicine,1800-8755;1800-8763,true,,
MONTHLY LABOR REVIEW,0098-1818,true,,
Moscow University Geology Bulletin,0145-8752;1934-8436,true,,
Moscow University Physics Bulletin,0027-1349;1934-8460,true,,
MOTOR CONTROL,1087-1640;1543-2696,true,,
Mouseion-Journal of the Classical Association of Canada,1496-9343;1913-5416,true,,
MOUVEMENT SOCIAL,0027-2671;1961-8646,true,,
MOYEN AGE,0027-2841;1782-1436,true,,
Multicultural Education Review,2005-615X;2377-0031,true,,
Musculoskeletal Care,1478-2189;1557-0681,true,,
Museum Anthropology,0892-8339;1548-1379,true,,
Museum Worlds,2049-6729;2049-6737,true,,
Musica Hodie,1676-3939,true,,
Musica Tecnologia,1974-0042;1974-0050,true,,
Musicologica Brunensia,1212-0391;2336-436X,true,,
Musicology Today,1734-1663;2353-5733,true,,
Muzikoloski Zbornik,0580-373X,true,,
MYCOBIOLOGY,1229-8093;2092-9323,true,,
MYCOSCIENCE,1340-3540;1618-2545,true,,
Myrtia,0213-7674;1989-4619,true,,
Nagoya Journal of Medical Science,2186-3326;0027-7622,true,,
Naharaim,1862-9148;1862-9156,true,,
Names-A Journal of Onomastics,0027-7738;1756-2279,true,,
NANO,1793-2920;1793-7094,true,,
Nanocomposites,2055-0324;2055-0332,true,,
Nanomaterials and Nanotechnology,1847-9804,true,,
Nanotechnologies in Russia,1995-0780;1995-0799,true,,
Nase More,0469-6255;1848-6320,true,,
Nashim-A Journal of Jewish Womens Studies & Gender Issues,0793-8934;1565-5288,true,,
NATION,0027-8378,true,,
NATIONAL ACADEMY SCIENCE LETTERS-INDIA,0250-541X;2250-1754,true,,
National Identities,1460-8944;1469-9907,true,,
NATIONAL MEDICAL JOURNAL OF INDIA,0970-258X,true,,
National Taiwan University Law Review,1812-6324,true,,
NATURAL AREAS JOURNAL,0885-8608;2162-4399,true,,
Natural Computing,1567-7818;1572-9796,true,,
Natural Product Communications,1934-578X;1555-9475,true,,
NATURAL RESOURCE MODELING,0890-8575;1939-7445,true,,
NATURAL RESOURCES FORUM,0165-0203;1477-8947,true,,
NATURAL RESOURCES JOURNAL,0028-0739,true,,
Nature + Culture,1558-6073;1558-5468,true,,
Nature Biomedical Engineering,2157-846X,true,,
Nature Sustainability,2398-9629,true,,
NAUTILUS,0028-1344,true,,
NEFROLOGIA,0211-6995;1989-2284,true,,
NEGOTIATION JOURNAL,0748-4526;1571-9979,true,,
NEMATROPICA,0099-5444;2220-5608,true,,
Nephrology Nursing Journal,1526-744X;2163-5390,true,,
Nephron Extra,1664-5529,true,,
NERVENARZT,0028-2804;1433-0407,true,,
Netherlands Heart Journal,1568-5888;1876-6250,true,,
NETHERLANDS JOURNAL OF GEOSCIENCES-GEOLOGIE EN MIJNBOUW,0016-7746;1573-9708,true,,
Netnomics,1385-9587;1573-7071,true,,
NETWORK-COMPUTATION IN NEURAL SYSTEMS,0954-898X;1361-6536,true,,
NEUE ZEITSCHRIFT FUR MUSIK,0945-6945,true,,
NEUE ZEITSCHRIFT FUR SYSTEMATISCHE THEOLOGIE UND RELIGIONSPHILOSOPHIE,0028-3517;1612-9520,true,,
NEUES JAHRBUCH FUR MINERALOGIE-ABHANDLUNGEN,0077-7757,true,,
Neural Network World,1210-0552;2336-4335,true,,
NEUROCASE,1355-4794;1465-3656,true,,
NEUROCHIRURGIE,0028-3770;1773-0619,true,,
NEUROENDOCRINOLOGY LETTERS,0172-780X,true,,
NEUROLOGIA,0213-4853;1578-1968,true,,
NEUROLOGIST,1074-7931,true,,
NEUROLOGY INDIA,0028-3886;1998-4022,true,,
Neurology International,2035-8385;2035-8377,true,,
Neurology Research International,2090-1852;2090-1860,true,,
Neurology-Clinical Practice,2163-0402;2163-0933,true,,
Neuro-Oncology Practice,2054-2577;2054-2585,true,,
Neuropsychiatria i Neuropsychologia,1896-6764;2084-9885,true,,
Neuropsychological Trends,1970-321X;1970-3201,true,,
Neuroradiology Journal,1971-4009;2385-1996,true,,
Neurosciences,1319-6138,true,,
New Blackfriars,0028-4289;1741-2005,true,,
NEW CARBON MATERIALS,1007-8827;1872-5805,true,,
New Contree,0379-9867,true,,
NEW GENERATION COMPUTING,0288-3635;1882-7055,true,,
New Medit,1594-5685,true,,
New Perspectives,2336-825X;2336-8268,true,,
New Solutions-A Journal of Environmental and Occupational Health Policy,1048-2911;1541-3772,true,,
New Zealand Geographer,0028-8144;1745-7939,true,,
NEW ZEALAND JOURNAL OF BOTANY,0028-825X;1175-8643,true,,
NEW ZEALAND JOURNAL OF CROP AND HORTICULTURAL SCIENCE,0114-0671;1175-8783,true,,
NEW ZEALAND JOURNAL OF MARINE AND FRESHWATER RESEARCH,0028-8330;1175-8805,true,,
NEW ZEALAND JOURNAL OF PSYCHOLOGY,0112-109X;1179-7924,true,,
NEW ZEALAND JOURNAL OF ZOOLOGY,0301-4223;1175-8821,true,,
NEW ZEALAND MEDICAL JOURNAL,0028-8446;1175-8716,true,,
Nigerian Journal of Clinical Practice,1119-3077,true,,
NIHON REOROJI GAKKAISHI,0387-1533,true,,
NINETEENTH CENTURY PROSE,1052-0406,true,,
NJ-Drama Australia Journal,1445-2294;2200-775X,true,,
Nka-Journal of Contemporary African Art,1075-7163;2152-7792,true,,
NOISE CONTROL ENGINEERING JOURNAL,0736-2501,true,,
NOMADIC PEOPLES,0822-7942;1752-2366,true,,
Nonlinear Analysis-Modelling and Control,1392-5113,true,,
Nonlinear Phenomena in Complex Systems,1561-4085;1817-2458,true,,
NORA-Nordic Journal of Feminist and Gender Research,0803-8740;1502-394X,true,,
NORDIC JOURNAL OF BOTANY,0107-055X;1756-1051,true,,
Nordic Journal of Human Rights,1891-8131;1891-814X,true,,
Nordic Journal of Working Life Studies,2245-0157,true,,
Nordic Psychology,1901-2276;1904-0016,true,,
Nordic Studies on Alcohol and Drugs,1455-0725;1458-6126,true,,
Nordic Theatre Studies,0904-6380;2002-3898,true,,
Nordicom Review,1403-1108;2001-5119,true,,
Norsk Geografisk Tidsskrift-Norwegian Journal of Geography,0029-1951;1502-5292,true,,
NORTH AMERICAN JOURNAL OF AQUACULTURE,1522-2055;1548-8454,true,,
NORTHERN HISTORY,0078-172X;1745-8706,true,,
Northern Scotland,0306-5278;2042-2717,true,,
Notarzt,0177-2309;1438-8693,true,,
NOTES AND QUERIES,0029-3970;1471-6941,true,,
Notfall & Rettungsmedizin,1434-6222;1436-0578,true,,
Notulae Botanicae Horti Agrobotanici Cluj-Napoca,0255-965X;1842-4309,true,,
NOUVELLE REVUE FRANCAISE,0029-4802,true,,
Nova et Vetera-English Edition,1542-7315;2470-5861,true,,
NOVA HEDWIGIA,0029-5035;1438-9134,true,,
Nova Prisutnost,1334-2312;1848-8676,true,,
Nova Religio-Journal of Alternative and Emergent Religions,1092-6690;1541-8480,true,,
NOVON,1055-3177,true,,
npj Breast Cancer,2374-4677,true,,
npj Regenerative Medicine,2057-3995,true,,
NTM,0036-6978;1420-9144,true,,
NTUT Journal of Intellectual Property Law and Management,2226-6771,true,,
NUCLEAR MEDICINE COMMUNICATIONS,0143-3636;1473-5628,true,,
Nuclear Medicine Review,1506-9680;1644-4345,true,,
Nuclear Science and Techniques,1001-8042;2210-3147,true,,
Nuclear Technology & Radiation Protection,1451-3994,true,,
NUCLEOSIDES NUCLEOTIDES & NUCLEIC ACIDS,1525-7770;1532-2335,true,,
NUKLEARMEDIZIN-NUCLEAR MEDICINE,0029-5566,true,,
Numerical Mathematics-Theory Methods and Applications,1004-8979;2079-7338,true,,
NUOVA RIVISTA STORICA,0029-6236,true,,
Nurse Leader,1541-4612;1541-4620,true,,
Nurse Researcher,1351-5578;2047-8992,true,,
NURSING CLINICS OF NORTH AMERICA,0029-6465;1558-1357,true,,
NURSING HISTORY REVIEW,1062-8061;1938-1913,true,,
Nursing Research and Practice,2090-1429;2090-1437,true,,
Nutricion Hospitalaria,0212-1611;1699-5198,true,,
Nutrition and Dietary Supplements,1179-1489,true,,
Nutrition and Metabolic Insights,1178-6388,true,,
Nutrition Bulletin,1471-9827;1467-3010,true,,
Obradoiro de Historia Moderna,1133-0481;2340-0013,true,,
OCCUPATIONAL THERAPY IN HEALTH CARE,0738-0577;1541-3098,true,,
Occupational Therapy in Mental Health,0164-212X;1541-3101,true,,
Occupational Therapy International,0966-7903;1557-0703,true,,
Ocean Science Journal,1738-5261;2005-7172,true,,
Ocean Systems Engineering-An International Journal,2093-6702;2093-677X,true,,
OCEANOLOGICAL AND HYDROBIOLOGICAL STUDIES,1730-413X;1897-3191,true,,
OCEANOLOGY,0001-4370;1531-8508,true,,
Ochrona Przed Korozją,0473-7733;2449-9501,true,,
OCL-Oilseeds and Fats Crops and Lipids,1258-8210;2257-6614;2272-6977,true,,
ODONATOLOGICA,0375-0183,true,,
Oeconomia-History Methodology Philosophy,2113-5207;2269-8450,true,,
OIL SHALE,0208-189X;1736-7492,true,,
On the Horizon,1074-8121;2054-1708,true,,
Oncology Research and Treatment,2296-5270;2296-5262,true,,
Open Access Emergency Medicine,1179-1500,true,,
Open Access Journal of Clinical Trials,1179-1519,true,,
Open Access Rheumatology-Research and Reviews,1179-156X,true,,
Open Cardiovascular Medicine Journal,1874-1924,true,,
Open Computer Science,2299-1093,true,,
Open Geosciences,2391-5447,true,,
Open House International,0168-2601,true,,
Open Life Sciences,2391-5412,true,,
Open Linguistics,2300-9969,true,,
Open Mathematics,2391-5455,true,,
Open Ophthalmology Journal,1874-3641,true,,
Open Physics,2391-5471,true,,
OPERA NEWS,0030-3607;1938-1506,true,,
Operative Neurosurgery,2332-4252;2332-4260,true,,
OPTICA APPLICATA,0078-5466;1899-7015,true,,
OPTICAL AND QUANTUM ELECTRONICS,0306-8919;1572-817X,true,,
OPTICAL ENGINEERING,0091-3286;1560-2303,true,,
OPTICAL REVIEW,1340-6000;1349-9432,true,,
Optical Switching and Networking,1573-4277;1872-9770,true,,
OPTICS AND SPECTROSCOPY,0030-400X;1562-6911,true,,
OPTIK,0030-4026,true,,
Oral and Maxillofacial Surgery-Heidelberg,1865-1550;1865-1569,true,,
Oral Radiology,0911-6028;1613-9674,true,,
Oral Science International,1348-8643;1881-4204,true,,
Orbis,1856-1594;0030-4387;1873-5282,true,,
ORDER-A JOURNAL ON THE THEORY OF ORDERED SETS AND ITS APPLICATIONS,0167-8094;1572-9273,true,,
OREGON HISTORICAL QUARTERLY,0030-4727,true,,
ORGANIC PREPARATIONS AND PROCEDURES INTERNATIONAL,0030-4948;1945-5453,true,,
Oriental Journal of Chemistry,0970-020X;2231-5039,true,,
Orthopaedic Nursing,0744-6020;1542-538X,true,,
Orthopaedic Surgery,1757-7853;1757-7861,true,,
Orthopedic Research and Reviews,1179-1462,true,,
Osterreichisches Religionspadagogisches Forum,1018-1539,true,,
Ostomy Wound Management,0889-5899;1943-2720,true,,
OSTRICH,0030-6525;1727-947X,true,,
OTJR-OCCUPATION PARTICIPATION AND HEALTH,1539-4492;1938-2383,true,,
Oxford Medical Case Reports,2053-8855,true,,
OZONE-SCIENCE & ENGINEERING,0191-9512;1547-6545,true,,
PACE-PACING AND CLINICAL ELECTROPHYSIOLOGY,0147-8389;1540-8159,true,,
PACHYDERM,1026-2881;1683-5018,true,,
Pacific Accounting Review,0114-0582;2041-5494,true,,
Pacific Economic Review,1361-374X;1468-0106,true,,
Pacific Focus,1225-4657;1976-5118,true,,
Pacific Journal of Optimization,1348-9151,true,,
Pacific Journalism Review,1023-9499;2324-2035,true,,
PACIFIC NORTHWEST QUARTERLY,0030-8803,true,,
Pacific Rim International Journal of Nursing Research,1906-8107;2586-8373,true,,
P-Adic Numbers Ultrametric Analysis and Applications,2070-0466;2070-0474,true,,
Pain and Therapy,2193-8237;2193-651X,true,,
PAKISTAN JOURNAL OF AGRICULTURAL SCIENCES,0552-9034;2076-0906,true,,
PAKISTAN JOURNAL OF BOTANY,0556-3321;2070-3368,true,,
Pakistan Journal of Medical Sciences,1682-024X;1681-715X,true,,
Pakistan Journal of Pharmaceutical Sciences,1011-601X,true,,
Pakistan Journal of Statistics and Operation Research,1816-2711;2220-5810,true,,
PAKISTAN JOURNAL OF ZOOLOGY,0030-9923,true,,
Palabra-Escuela de Idiomas-Maestria en Literatura,0121-8530;2346-3864,true,,
Palaeohispanica-Revista sobre Lenguas y Culturas de la Hispania Antigua,1578-5386,true,,
PALAEONTOGRAPHICA ABTEILUNG A-PALAOZOOLOGIE-STRATIGRAPHIE,0375-0442,true,,
PALEONTOLOGICAL JOURNAL,0031-0301;1555-6174,true,,
PALEONTOLOGICAL RESEARCH,1342-8144,true,,
Panacea-Boletin de Medicina y Traduccion,1537-1964,true,,
PANMINERVA MEDICA,0031-0808;1827-1898,true,,
PAN-PACIFIC ENTOMOLOGIST,0031-0603;2162-0237,true,,
Papeles de Poblacion,1405-7425,true,,
Parallel Processing Letters,0129-6264;1793-642X,true,,
PARERGON,0313-6221;1832-8334,true,,
Parliamentary History,0264-2824;1750-0206,true,,
Partecipazione e Conflitto,1972-7623;2035-6609,true,,
PARTICULATE SCIENCE AND TECHNOLOGY,0272-6351;1548-0046,true,,
Pastoralism-Research Policy and Practice,2041-7136,true,,
PATHOLOGY RESEARCH AND PRACTICE,0344-0338,true,,
PCI JOURNAL,0887-9672,true,,
Peace Economics Peace Science and Public Policy,1079-2457;1554-8597,true,,
Pedagogies,1554-480X;1554-4818,true,,
Pediatric Allergy Immunology and Pulmonology,2151-321X;2151-3228,true,,
PEDIATRIC AND DEVELOPMENTAL PATHOLOGY,1093-5266;1615-5742,true,,
PEDIATRIC ANNALS,0090-4481;1938-2359,true,,
PEDIATRIC EMERGENCY CARE,0749-5161;1535-1815,true,,
PEDIATRIC HEMATOLOGY AND ONCOLOGY,0888-0018;1521-0669,true,,
PEDIATRIC NEUROSURGERY,1016-2291;1423-0305,true,,
PEDIATRIC TRANSPLANTATION,1397-3142;1399-3046,true,,
PEDIATRICS IN REVIEW,0191-9601;1526-3347,true,,
PEDIATRICS INTERNATIONAL,1328-8067;1442-200X,true,,
Pennsylvania History-A Journal of Mid-Atlantic Studies,0031-4528;2153-2109,true,,
PENNSYLVANIA MAGAZINE OF HISTORY AND BIOGRAPHY,0031-4587;2169-8546,true,,
Per Linguam-A Journal of Language Learning,0259-2312;2224-0012,true,,
PERCEPTUAL AND MOTOR SKILLS,0031-5125;1558-688X,true,,
Perfiles Latinoamericanos,0188-7653,true,,
Performance Improvement Quarterly,0898-5952;1937-8327,true,,
Performance Measurement and Metrics,1467-8047;1758-6925,true,,
PERFUSION-UK,0267-6591;1477-111X,true,,
Perifrasis-Revista de Literatura Teoria y Critica,2145-8987;2145-9045,true,,
Periodica Polytechnica-Civil Engineering,0553-6626,true,,
Periodico di Mineralogia,0369-8963;2239-1002,true,,
Personalized Medicine,1741-0541;1744-828X,true,,
Person-Centered and Experiential Psychotherapies,1477-9757;1752-9182,true,,
Perspectivas em Ciencia da Informacao,1413-9936;1981-5344,true,,
Perspective-Actualite en Histoire de L Art,1777-7852;2269-7721,true,,
PERSPECTIVES IN BIOLOGY AND MEDICINE,0031-5982;1529-8795,true,,
PERSPECTIVES IN EDUCATION,0258-2236,true,,
PERSPECTIVES IN PSYCHIATRIC CARE,0031-5990;1744-6163,true,,
Perspectives in Public Health,1757-9139;1757-9147,true,,
Perspectives on Science and Christian Faith,0892-2675,true,,
PESQUISA AGROPECUARIA BRASILEIRA,0100-204X;1678-3921,true,,
PESQUISA VETERINARIA BRASILEIRA,0100-736X;1678-5150,true,,
PETROLEUM CHEMISTRY,0965-5441;1555-6239,true,,
PETROLEUM SCIENCE AND TECHNOLOGY,1091-6466;1532-2459,true,,
Petrophysics,1529-9074,true,,
PHARMACEUTICAL DEVELOPMENT AND TECHNOLOGY,1083-7450;1097-9867,true,,
Pharmaceutical Patent Analyst,2046-8954;2046-8962,true,,
PHARMACOLOGY,0031-7012;1423-0313,true,,
PHASE TRANSITIONS,0141-1594;1029-0338,true,,
PHI DELTA KAPPAN,0031-7217;1940-6487,true,,
PHILOLOGICAL QUARTERLY,0031-7977,true,,
Philosophia Africana,1539-8250;1944-7914,true,,
PhiloSOPHIA-A Journal of Continental Feminism,2155-0891;2155-0905,true,,
PHILOSOPHICAL FORUM,0031-806X;1467-9191,true,,
PHILOSOPHICAL INVESTIGATIONS,0190-0536;1467-9205,true,,
Philosophiques,0316-2923;1492-1391,true,,
PHILOSOPHY & SOCIAL CRITICISM,0191-4537;1461-734X,true,,
Philosophy Ethics and Humanities in Medicine,1747-5341,true,,
PHILOSOPHY TODAY,0031-8256;2329-8596,true,,
PHOSPHORUS SULFUR AND SILICON AND THE RELATED ELEMENTS,1042-6507;1563-5325,true,,
Photography and Culture,1751-4517;1751-4525,true,,
PHOTONIC NETWORK COMMUNICATIONS,1387-974X;1572-8188,true,,
Photonics and Nanostructures-Fundamentals and Applications,1569-4410;1569-4429,true,,
Photonics Letters of Poland,2080-2242,true,,
Phronimon,1561-4018;2413-3086,true,,
PHYCOLOGICAL RESEARCH,1322-0829;1440-1835,true,,
PHYSICA SCRIPTA,0031-8949;1402-4896,true,,
Physical Educator-US,2160-1682,true,,
PHYSICAL GEOGRAPHY,0272-3646;1930-0557,true,,
PHYSICIAN AND SPORTSMEDICINE,0091-3847;2326-3660,true,,
Physics and Chemistry of Glasses-European Journal of Glass Science and Technology Part B,1753-3562,true,,
PHYSICS AND CHEMISTRY OF LIQUIDS,0031-9104;1029-0451,true,,
PHYSICS OF ATOMIC NUCLEI,1063-7788;1562-692X,true,,
PHYSICS OF METALS AND METALLOGRAPHY,0031-918X;1555-6190,true,,
PHYSICS OF PARTICLES AND NUCLEI,1063-7796;1531-8559,true,,
Physics of Particles and Nuclei Letters,1547-4771;1531-8567,true,,
Physics of Wave Phenomena,1541-308X;1934-807X,true,,
PHYSICS TEACHER,0031-921X,true,,
PHYSIOLOGICAL RESEARCH,0862-8408;1802-9973,true,,
Physiology International,2498-602X,true,,
Physiotherapy Canada,0300-0508;1708-8313,true,,
Physiotherapy Research International,1358-2267;1471-2865,true,,
PHYSIOTHERAPY THEORY AND PRACTICE,0959-3985;1532-5040,true,,
PHYTOCOENOLOGIA,0340-269X,true,,
PHYTOPARASITICA,0334-2123;1876-7184,true,,
Pigment & Resin Technology,0369-9420;1758-6941,true,,
Plankton & Benthos Research,1880-8247,true,,
PLANT BIOSYSTEMS,1126-3504;1724-5575,true,,
Plant Biotechnology,1342-4580;1347-6114,true,,
Plant Biotechnology Reports,1863-5466;1863-5474,true,,
Plant Ecology and Evolution,2032-3913;2032-3921,true,,
Plant Genetic Resources-Characterization and Utilization,1479-2621;1479-263X,true,,
PLANT PRODUCTION SCIENCE,1343-943X;1349-1008,true,,
PLANT SPECIES BIOLOGY,0913-557X;1442-1984,true,,
Planta Daninha,0100-8358;1806-9681,true,,
Plasma and Fusion Research,1880-6821,true,,
PLASMA PHYSICS REPORTS,1063-780X;1562-6938,true,,
PLASTICS RUBBER AND COMPOSITES,1465-8011;1743-2898,true,,
Plato Journal,2079-7567;2183-4105,true,,
PLOUGHSHARES,0048-4474,true,,
Pluralist,1930-7365;1944-6489,true,,
PMM JOURNAL OF APPLIED MATHEMATICS AND MECHANICS,0021-8928;1873-4855,true,,
PNEUMOLOGIE,0934-8387;1438-8790,true,,
POE STUDIES-DARK ROMANTICISM,0090-5224,true,,
Poe Studies-History Theory Interpretation,1947-4644;1754-6095,true,,
POLAR RECORD,0032-2474;1475-3057,true,,
Polar Science,1873-9652;1876-4428,true,,
Policy Futures in Education,1478-2103,true,,
Polimeros-Ciencia e Tecnologia,0104-1428,true,,
POLISH JOURNAL OF ECOLOGY,1505-2249;2450-1395,true,,
POLISH JOURNAL OF ENVIRONMENTAL STUDIES,1230-1485;2083-5906,true,,
Polish Journal of Microbiology,1733-1331,true,,
POLISH JOURNAL OF PATHOLOGY,1233-9687,true,,
Polish Yearbook of International Law,0554-498X,true,,
Politica Economica,1120-9496;1973-8218,true,,
POLITICAL SCIENCE QUARTERLY,0032-3195;1538-165X,true,,
Political Science Research and Methods,2049-8470;2049-8489,true,,
POLITICKA EKONOMIE,0032-3233;2336-8225,true,,
Politics Groups and Identities,2156-5503;2156-5511,true,,
Politics Religion & Ideology,2156-7689;2156-7697,true,,
POLYMER BULLETIN,0170-0839;1436-2449,true,,
POLYMER SCIENCE SERIES A,0965-545X;1555-6107,true,,
POLYMER SCIENCE SERIES B,1560-0904;1555-6123,true,,
POLYMER-PLASTICS TECHNOLOGY AND ENGINEERING,0360-2559;1525-6111,true,,
Pomegranate,1528-0268;1743-1735,true,,
PONTE,0032-423X,true,,
Popular Entertainment Studies,1837-9303,true,,
POPULATION,0032-4663;1957-7966,true,,
Population Review,1549-0955;0032-471X,true,,
Portuguese Economic Journal,1617-982X;1617-9838,true,,
Portuguese Journal of Social Science,1476-413X;1758-9509,true,,
POSITIF,0048-4911,true,,
POST-COMMUNIST ECONOMIES,1463-1377;1465-3958,true,,
Postępy Higieny I Medycyny Doświadczalnej,0032-5449;1732-2693,true,,
Postępy w Kardiologii Interwencyjnej,1734-9338;1897-4295,true,,
POSTMODERN CULTURE,1053-1920,true,,
Poverty & Public Policy,1944-2858,true,,
POWDER DIFFRACTION,0885-7156;1945-7413,true,,
POWDER METALLURGY,0032-5899;1743-2901,true,,
Prace Komisji Geografii Przemysłu Polskiego Towarzystwa Geograficznego-Studies of the Industrial Geography Commission of the Polish Geographical Society,2080-1653;2449-903X,true,,
Practice Periodical on Structural Design and Construction,1084-0680;1943-5576,true,,
Prague Economic Papers,1210-0455;2336-730X,true,,
Pravention und Gesundheitsforderung,1861-6755;1861-6763,true,,
Prehospital and Disaster Medicine,1049-023X;1945-1938,true,,
PREPARATIVE BIOCHEMISTRY & BIOTECHNOLOGY,1082-6068;1532-2297,true,,
PRESENCE-TELEOPERATORS AND VIRTUAL ENVIRONMENTS,1054-7460;1531-3263,true,,
Presidential Studies Quarterly,0360-4918;1741-5705,true,,
PRESSE MEDICALE,0755-4982;2213-0276,true,,
Primary Health Care Research and Development,1463-4236;1477-1128,true,,
PROBABILITY IN THE ENGINEERING AND INFORMATIONAL SCIENCES,0269-9648;1469-8951,true,,
PROBATION JOURNAL,0264-5505;1741-3079,true,,
Problemos,1392-1126,true,,
Problems of Information Transmission,0032-9460;1608-3253,true,,
Problemy Ekorozwoju,1895-6912;2080-1971,true,,
Problemy Zarządzania-Management Issues,1644-9584;2300-8792;2956-7602,true,,
PROCEEDINGS OF THE AMERICAN PHILOSOPHICAL SOCIETY,0003-049X;2326-9243,true,,
PROCEEDINGS OF THE BIOLOGICAL SOCIETY OF WASHINGTON,0006-324X;1943-6327,true,,
PROCEEDINGS OF THE ENTOMOLOGICAL SOCIETY OF WASHINGTON,0013-8797,true,,
Proceedings of the Estonian Academy of Sciences,1736-6046;1736-7530,true,,
Proceedings of the Institution of Civil Engineers-Bridge Engineering,1478-4637;1751-7664,true,,
PROCEEDINGS OF THE INSTITUTION OF CIVIL ENGINEERS-CIVIL ENGINEERING,0965-089X,true,,
Proceedings of the Institution of Civil Engineers-Construction Materials,1747-650X;1747-6518,true,,
Proceedings of the Institution of Civil Engineers-Energy,1751-4223;1751-4231,true,,
Proceedings of the Institution of Civil Engineers-Engineering and Computational Mechanics,1755-0777;1755-0785,true,,
Proceedings of the Institution of Civil Engineers-Engineering Sustainability,1478-4629;1751-7680,true,,
Proceedings of the Institution of Civil Engineers-Ground Improvement,1755-0750;1755-0769,true,,
PROCEEDINGS OF THE INSTITUTION OF CIVIL ENGINEERS-MARITIME ENGINEERING,1741-7597,true,,
PROCEEDINGS OF THE INSTITUTION OF CIVIL ENGINEERS-MUNICIPAL ENGINEER,0965-0903;1751-7699,true,,
PROCEEDINGS OF THE INSTITUTION OF CIVIL ENGINEERS-STRUCTURES AND BUILDINGS,0965-0911,true,,
PROCEEDINGS OF THE INSTITUTION OF CIVIL ENGINEERS-WATER MANAGEMENT,1741-7589,true,,
PROCEEDINGS OF THE INSTITUTION OF MECHANICAL ENGINEERS PART H-JOURNAL OF ENGINEERING IN MEDICINE,0954-4119;2041-3033,true,,
PROCEEDINGS OF THE INSTITUTION OF MECHANICAL ENGINEERS PART I-JOURNAL OF SYSTEMS AND CONTROL ENGINEERING,0959-6518;2041-3041,true,,
PROCEEDINGS OF THE INSTITUTION OF MECHANICAL ENGINEERS PART L-JOURNAL OF MATERIALS-DESIGN AND APPLICATIONS,1464-4207;2041-3076,true,,
PROCEEDINGS OF THE NATIONAL ACADEMY OF SCIENCES INDIA SECTION A-PHYSICAL SCIENCES,0369-8203;2250-1762,true,,
PROCEEDINGS OF THE ROYAL IRISH ACADEMY SECTION C-ARCHAEOLOGY CELTIC STUDIES HISTORY LINGUISTICS LITERATURE,0035-8991;2009-0048,true,,
Proceedings of the Steklov Institute of Mathematics,0081-5438;1531-8605,true,,
PROCEEDINGS OF THE YORKSHIRE GEOLOGICAL SOCIETY,0044-0604,true,,
Procesamiento del Lenguaje Natural,1135-5948;1989-7553,true,,
Profesorado-Revista de Curriculum y Formacion de Profesorado,1138-414X;1989-6395,true,,
Professional Case Management,1932-8087;1932-8095,true,,
Profile-Issues in Teachers Professional Development,1657-0790;2256-5760,true,,
PROGRAMMING AND COMPUTER SOFTWARE,0361-7688;1608-3261,true,,
PROGRES EN UROLOGIE,1166-7087,true,,
PROGRESS IN CHEMISTRY,1005-281X,true,,
Progress in Community Health Partnerships-Research Education and Action,1557-0541;1557-055X,true,,
PROGRESS IN COMPUTATIONAL FLUID DYNAMICS,1468-4349;1741-5233,true,,
Progress in Electromagnetics Research Letters,1937-6480,true,,
Progress in Electromagnetics Research M,1937-8726,true,,
Progress in Palliative Care,0969-9260;1743-291X,true,,
Progress in Transplantation,1526-9248;2164-6708,true,,
Prolegomena,1333-4395;1846-0593,true,,
Promet-Traffic & Transportation,0353-5320;1848-4069,true,,
PROOFTEXTS-A JOURNAL OF JEWISH LITERARY HISTORY,0272-9601;1086-3311,true,,
Propagation of Ornamental Plants,1311-9109,true,,
Property Management,0263-7472;1758-731X,true,,
PROSPETTIVA-RIVISTA DI STORIA DELL ARTE ANTICA E MODERNA,0394-0802,true,,
Prostate International,2287-8882;2287-903X,true,,
Prostor,1330-0652;1333-9117,true,,
Protection of Metals and Physical Chemistry of Surfaces,2070-2051;2070-206X,true,,
PROTEIN AND PEPTIDE LETTERS,0929-8665;1875-5305,true,,
PROTEIN JOURNAL,1572-3887;1573-4943,true,,
Przegląd Gastroenterologiczny,1895-5770;1897-4317,true,,
Psicologia Educativa,1135-755X;2174-0526,true,,
Psicologica,0211-2159;1576-8597,true,,
Psihologija,0048-5705,true,,
PSL Quarterly Review,2037-3635;2037-3643,true,,
Psoriasis-Targets and Therapy,2230-326X,true,,
PsyCh Journal,2046-0252;2046-0260,true,,
Psychiatria i Psychologia Kliniczna-JOURNAL OF PSYCHIATRY AND CLINICAL PSYCHOLOGY,1644-6313;2451-0645,true,,
PSYCHIATRISCHE PRAXIS,0303-4259;1439-0876,true,,
PsychNology Journal,1720-7525,true,,
Psychoanalysis and History,1460-8235;1755-201X,true,,
Psychoanalysis Culture & Society,1088-0763;1543-3390,true,,
PSYCHOANALYTIC DIALOGUES,1048-1885;1940-9222,true,,
Psychoanalytic Social Work,1522-8878;1522-9033,true,,
Psychogeriatrics,1346-3500;1479-8301,true,,
Psycholinguistics,2309-1797;2415-3397,true,,
PSYCHOLOGICA BELGICA,0033-2879;2054-670X,true,,
Psychological Injury & Law,1938-971X;1938-9728,true,,
PSYCHOLOGICAL RECORD,0033-2933;2163-3452,true,,
PSYCHOLOGICAL REPORTS,0033-2941;1558-691X,true,,
Psychologie du Travail et des Organisations,1420-2530,true,,
PSYCHOLOGISCHE RUNDSCHAU,0033-3042;2190-6238,true,,
Psychologist-Manager Journal,1088-7156;1550-3461,true,,
Psychology of Well-Being,2211-1522,true,,
Psychology Society & Education,2171-2085;1989-709X,true,,
Psychosis-Psychological Social and Integrative Approaches,1752-2439;1752-2447,true,,
Psychoterapia,0239-4170;2391-5862,true,,
PSYCHOTHERAPIE PSYCHOSOMATIK MEDIZINISCHE PSYCHOLOGIE,0937-2032;1439-1058;0173-7937,true,,
Psychotherapy and Politics International,1476-9263;1556-9195,true,,
Public Budgeting and Finance,0275-1100;1540-5850,true,,
PUBLIC FINANCE REVIEW,1091-1421;1552-7530,true,,
Public Health Action,2220-8372,true,,
PUBLIC HEALTH NURSING,0737-1209;1525-1446,true,,
Public Health Research & Practice,2204-2091,true,,
Public Relations Inquiry,2046-147X;2046-1488,true,,
Public-Art Culture Ideas,0845-4450;2048-6928,true,,
PUBLICATIONES MATHEMATICAE-DEBRECEN,0033-3883,true,,
Publications of the English Goethe Society,0959-3683;1749-6284,true,,
PUBLISHING RESEARCH QUARTERLY,1053-8801;1936-4792,true,,
Pulse,2235-8676;2235-8668,true,,
Pure and Applied Mathematics Quarterly,1558-8599;1558-8602,true,,
QUADERNI D ITALIANISTICA,0226-8043,true,,
QUADERNI URBINATI DI CULTURA CLASSICA,0033-4987;1724-1901,true,,
Quaderns de Filologia-Estudis Literaris,1135-4178;2444-1457,true,,
Quaderns-Revista de Traduccio,1138-5790;2014-9735,true,,
Quaerendo-A Journal Devoted to Manuscripts and Printed Books,0014-9527;1570-0690,true,,
Quaestiones Mathematicae,1607-3606;1727-933X,true,,
Qualitative Research Journal,1443-9883;1448-0980,true,,
Quality Assurance and Safety of Crops & Foods,1757-8361;1757-837X,true,,
Quality in Ageing and Older Adults,2044-1827;2044-1835;1471-7794,true,,
Quality Innovation Prosperity-Kvalita Inovacia Prosperita,1335-1745;1338-984X,true,,
Quality Management in Health Care,1063-8628;1550-5154,true,,
Quality Technology and Quantitative Management,1684-3703;1811-4857,true,,
Quantitative Methods for Psychology,2292-1354,true,,
Quarterly Journal of Finance,2010-1392;2010-1406,true,,
Queen Mary Journal of Intellectual Property,2045-9807;2045-9815,true,,
Queensland Review,1321-8166;2049-7792,true,,
QUIMICA NOVA,0100-4042;1678-7064,true,,
QUINTESSENCE INTERNATIONAL,0033-6572;1936-7163,true,,
Quiroga-Revista de Patrimonio Iberoamericano,2254-7037,true,,
RACAR-REVUE D ART CANADIENNE-CANADIAN ART REVIEW,0315-9906,true,,
Radiation Detection Technology and Methods,2509-9930;2509-9949,true,,
Radiation Effects and Defects in Solids,1042-0150;1029-4953,true,,
RADIATION PROTECTION DOSIMETRY,0144-8420;1742-3406,true,,
RADIOCHEMISTRY,1066-3622;1608-3288,true,,
RADIOCHIMICA ACTA,0033-8230,true,,
Radioengineering,1210-2512;1805-9600,true,,
Radiography,1078-8174;1532-2831,true,,
Radiological Physics and Technology,1865-0333;1865-0341,true,,
RAE-Revista de Administracao de Empresas,0034-7590;2178-938X,true,,
RAFFLES BULLETIN OF ZOOLOGY,0217-2445,true,,
RAIRO-OPERATIONS RESEARCH,0399-0559;1290-3868,true,,
RAIRO-THEORETICAL INFORMATICS AND APPLICATIONS,0988-3754;1290-385X,true,,
RANGELAND JOURNAL,1036-9872;1834-7541,true,,
Rare Tumors,2036-3605;2036-3613,true,,
Ra-Revista de Arquitectura,1138-5596;2254-6332,true,,
RASP-Research on Ageing and Social Policy,2014-671X,true,,
Rational Pharmacotherapy in Cardiology,1819-6446;2225-3653,true,,
RBGN-Revista Brasileira de Gestao de Negocios,1806-4892;1983-0807,true,,
Reaction Kinetics Mechanisms and Catalysis,1878-5190;1878-5204,true,,
Real Analysis Exchange,0147-1937;1930-1219,true,,
Recent Patents on Endocrine Metabolic & Immune Drug Discovery,1872-2148;2212-3334,true,,
Recent Patents on Inflammation & Allergy Drug Discovery,1872-213X;2212-2710,true,,
Recent Patents on Nanotechnology,1872-2105;2212-4020,true,,
Recherche et Applications en Marketing-English Edition,2051-5707,true,,
Recherche et Pratiques Pedagogiques en Langues de Specialite-Cahiers de l Apliut,2257-5405;2119-5242,true,,
Recht & Psychiatrie,0724-2247,true,,
Rechtsmedizin,0937-9819;1434-5196,true,,
Records of Natural Products,1307-6167,true,,
Reformation,1357-4175;1752-0738,true,,
Regeneration,2052-4412,true,,
Regenerative Biomaterials,2056-3418;2056-3426,true,,
Regenerative Therapy,2352-3204,true,,
Region,2166-4307;2165-0659,true,,
Regional Science Policy and Practice,1757-7802,true,,
Regional Studies in Marine Science,2352-4855,true,,
REHABILITATION,0034-3536;1439-1309,true,,
Relaciones,0325-2221;1852-1479,true,,
RELATIONS INDUSTRIELLES-INDUSTRIAL RELATIONS,0034-379X,true,,
RELIEVE-Revista Electronica de Investigacion y Evaluacion Educativa,1134-4032,true,,
Religion Compass,1749-8171,true,,
Religious Studies and Theology,0829-2922;1747-5414,true,,
Religious Studies Review,0319-485X;1748-0922,true,,
Remediation-The Journal of Environmental Cleanup Costs Technologies & Techniques,1051-5658;1520-6831,true,,
REMIE-Multidisciplinary Journal of Educational Research,2014-2862,true,,
RENAL FAILURE,0886-022X;1525-6049,true,,
RENASCENCE-ESSAYS ON VALUES IN LITERATURE,0034-4346;2329-8626,true,,
Rendiconti del Circolo Matematico di Palermo,0009-725X;1973-4409,true,,
RENDICONTI DEL SEMINARIO MATEMATICO DELLA UNIVERSITA DI PADOVA,0041-8994;2240-2926,true,,
Reports on Mathematical Logic,0137-2904;2084-2589,true,,
Research & Politics,2053-1680,true,,
Research and Theory for Nursing Practice,1541-6577;1945-7286,true,,
RESEARCH IN EDUCATION,0034-5237;2050-4608,true,,
Research in Gerontological Nursing,1940-4921;1938-2464,true,,
RESEARCH IN PHENOMENOLOGY,0085-5553;1569-1640,true,,
Research in Psychotherapy-Psychopathology Process and Outcome,2239-8031,true,,
Research in the Mathematical Sciences,2197-9847;2522-0144,true,,
RESEARCH ON CHEMICAL INTERMEDIATES,0922-6168;1568-5675,true,,
Residential Treatment for Children & Youth,0886-571X;1541-0358,true,,
Resonance-Journal of Science Education,0971-8044;0973-712X,true,,
Respiratory Medicine Case Reports,2213-0071,true,,
Respirology Case Reports,2051-3380,true,,
RESTAURATOR-INTERNATIONAL JOURNAL FOR THE PRESERVATION OF LIBRARY AND ARCHIVAL MATERIAL,0034-5806;1865-8431,true,,
Retos-Nuevas Tendencias en Educacion Fisica Deporte y Recreacion,1579-1726;1988-2041,true,,
Reumatismo,0048-7449;2240-2683,true,,
Reumatologia Clinica,1699-258X;1885-1398,true,,
REVESCO-Revista de Estudios Cooperativos,1885-8031;1135-6618,true,,
Review of Accounting and Finance,1475-7702;1758-7700,true,,
Review of Austrian Economics,0889-3047;1573-7128,true,,
Review of Behavioral Finance,1940-5979;1940-5987,true,,
Review of Cognitive Linguistics,1877-9751;1877-976X,true,,
Review of Communication Research,2255-4165,true,,
Review of Derivatives Research,1380-6645;1573-7144,true,,
Review of Development Economics,1363-6669;1467-9361,true,,
Review of Economic Design,1434-4742;1434-4750,true,,
Review of Education,2049-6613,true,,
Review of Education Pedagogy and Cultural Studies,1071-4413;1556-3022,true,,
Review of International Business and Strategy,2059-6014;1758-8529,true,,
Review of Network Economics,2194-5993;1446-9022,true,,
Review of Pacific Basin Financial Markets and Policies,0219-0915;1793-6705,true,,
Review of Regional Research-Jahrbuch fur Regionalwissenschaft,0173-7600,true,,
Review of Regional Studies,1553-0892;0048-749X,true,,
REVIEW OF SOCIAL ECONOMY,0034-6764;1470-1162,true,,
REVIEWS IN ANALYTICAL CHEMISTRY,0793-0135;2191-0189,true,,
Reviews in Cardiovascular Medicine,1530-6550;2153-8174,true,,
Reviews of Adhesion and Adhesives,2168-0965;2168-0973,true,,
REVIEWS ON ENVIRONMENTAL HEALTH,0048-7554;2191-0308,true,,
Reviews on Recent Clinical Trials,1574-8871;1876-1038,true,,
Revista 180,0718-2309,true,,
REVISTA ARGENTINA DE MICROBIOLOGIA,0325-7541;1851-7617,true,,
REVISTA ARVORE,0100-6762,true,,
Revista Brasileira de Anestesiologia,0034-7094;1806-907X,true,,
REVISTA BRASILEIRA DE CIENCIA DO SOLO,0100-0683,true,,
Revista Brasileira de Enfermagem,0034-7167;1984-0446,true,,
Revista Brasileira de Engenharia Agricola e Ambiental,1807-1929;1415-4366,true,,
REVISTA BRASILEIRA DE ENTOMOLOGIA,0085-5626;1806-9665,true,,
Revista Brasileira de Fruticultura,0100-2945,true,,
Revista Brasileira de Historia,0102-0188,true,,
REVISTA BRASILEIRA DE PALEONTOLOGIA,1519-7530;2236-1715,true,,
Revista Brasileira De Reumatologia,0482-5004,true,,
Revista Caatinga,0100-316X;1983-2125,true,,
Revista Catalana de Dret Public,1885-5709;1885-8252,true,,
REVISTA CHILENA DE HISTORIA NATURAL,0716-078X;0717-6317,true,,
Revista Chilena de Infectologia,0716-1018;0717-6341,true,,
Revista CIDOB d Afers Internationals,1133-6595;2013-035X,true,,
Revista Ciencia Agronomica,1806-6690,true,,
Revista Complutense de Educacion,1130-2496;1988-2793,true,,
Revista Complutense de Historia de America,1132-8312;1988-270X,true,,
Revista Critica de Ciencias Sociais,0254-1106;2182-7435,true,,
Revista da Associacao Medica Brasileira,0104-4230,true,,
Revista da Escola de Enfermagem da USP,0080-6234;1980-220X,true,,
Revista de Antropologia Social,1131-558X;1988-2831,true,,
REVISTA DE BIOLOGIA TROPICAL,0034-7744;2215-2075,true,,
REVISTA DE CHIMIE,0034-7752,true,,
Revista de Derecho Civil,2341-2216,true,,
Revista de Derecho Comunitario Europeo,1138-4026,true,,
Revista de Direito Sanitario-Journal of Health Law,1516-4179;2316-9044,true,,
Revista de Economia Aplicada,1133-455X,true,,
Revista de Estudios Internacionales Mediterraneos,1887-4460,true,,
Revista de Estudios Politicos,0048-7694;1989-0613;1885-6675,true,,
Revista de Estudios Regionales,0213-7585,true,,
Revista de Estudios Sociales,0123-885X,true,,
Revista de Estudos da Linguagem,0104-0588;2237-2083,true,,
Revista de Etnografie si Folclor-Journal of Ethnography and Folklore,0034-8198,true,,
Revista de Filologia Alemana,1133-0406;1988-2823,true,,
Revista de Filosofia-Madrid,0034-8244;1988-284X,true,,
Revista de Gastroenterologia de Mexico,0375-0906,true,,
REVISTA DE INDIAS,0034-8341;1988-3188,true,,
Revista de Investigacion Clinica-Clinical and Translational Investigation,0034-8376;2564-8896,true,,
Revista de Investigacion sobre Flamenco-La Madruga,1989-6042,true,,
Revista de Investigacoes Constitucionais-Journal of Constitutional Research,2359-5639,true,,
REVISTA DE LA FACULTAD DE CIENCIAS AGRARIAS,1853-8665;0370-4661,true,,
Revista de la Union Matematica Argentina,0041-6932;1669-9637,true,,
Revista de Linguistica y Lenguas Aplicadas,1886-2438;1886-6298,true,,
Revista de Llengua i Dret-Journal of Language and Law,0212-5056;2013-1453,true,,
REVISTA DE OCCIDENTE,0034-8635,true,,
Revista de Psicologia Social,0213-4748;1579-3680,true,,
Revista del CLAD Reforma y Democracia,1315-2378,true,,
Revista Digital de Derecho Administrativo,2145-2946,true,,
Revista Direito GV,1808-2432;2317-6172,true,,
Revista Electronica Complutense de Investigacion en Educacion Musical-RECIEM,1698-7454,true,,
Revista Eletronica Ventilando Acervos,2318-6062,true,,
Revista Espanola de Antropologia Americana,0556-6533;1988-2718,true,,
Revista Espanola de Ciencia Politica-RECP,1575-6548;2173-9870,true,,
REVISTA ESPANOLA DE ENFERMEDADES DIGESTIVAS,1130-0108;2340-4167,true,,
Revista Espanola de Linguistica Aplicada,0213-2028;2254-6774,true,,
Revista Espanola de Medicina Nuclear e Imagen Molecular,2253-654X,true,,
Revista Espanola de Orientacion y Psicopedagogia,1989-7448;1139-7853,true,,
Revista Espanola de Pedagogia,0034-9461,true,,
Revista Espanola de Quimioterapia,0214-3429;1988-9518,true,,
Revista Espanola de Salud Publica,1135-5727,true,,
Revista General de Informacion y Documentacion,1132-1873;1988-2858,true,,
REVISTA IBEROAMERICANA DE MICOLOGIA,1130-1406,true,,
Revista Iberoamericana de Psicologia del Ejercicio y el Deporte,1886-8576;2340-7700,true,,
Revista Iberoamericana de Psicologia y Salud,2171-2069;1989-9246,true,,
Revista Internacional de Medicina y Ciencias de la Actividad Fisica y del Deporte,1577-0354,true,,
Revista Internacional de Metodos Numericos para Calculo y Diseno en Ingenieria,0213-1315;1886-158X,true,,
Revista Juridica de Castilla y Leon,1696-6759;2254-3805,true,,
Revista Latino-Americana de Enfermagem,1518-8345;0104-1169,true,,
Revista Latinoamericana de Hipertension,1856-4550,true,,
Revista Latinoamericana de Investigacion en Matematica Educativa-RELIME,1665-2436;2007-6819,true,,
REVISTA LATINOAMERICANA DE PSICOLOGIA,0120-0534,true,,
Revista Mad-Revista del Magister en Analisis Sistemico Aplicado a la Sociedad,0718-0527,true,,
REVISTA MEDICA DE CHILE,0034-9887;0717-6163,true,,
Revista Mexicana de Analisis Politico y Administracion Publica,2007-4425;2007-4638,true,,
Revista Mexicana de Biodiversidad,1870-3453;2007-8706,true,,
REVISTA MEXICANA DE CIENCIAS GEOLOGICAS,1026-8774,true,,
Revista Mexicana de Ingenieria Quimica,1665-2738,true,,
REVISTA PANAMERICANA DE SALUD PUBLICA-PAN AMERICAN JOURNAL OF PUBLIC HEALTH,1020-4989;1680-5348,true,,
Revista Portuguesa de Cardiologia,0870-2551;0304-4750,true,,
Revista Romana de Materiale-Romanian Journal of Materials,1583-3186,true,,
Revista Universitaria de Historia Militar,2254-6111,true,,
Revue d Anthropologie des Connaissances,1760-5393,true,,
REVUE D ECONOMIE POLITIQUE,0373-2630,true,,
REVUE D EPIDEMIOLOGIE ET DE SANTE PUBLIQUE,0398-7620;1773-0627,true,,
Revue d Etudes Tibetaines,1768-2959,true,,
Revue de l IRES,1145-1378,true,,
REVUE DE MEDECINE INTERNE,0248-8663,true,,
Revue de Pneumologie Clinique,0761-8417;1776-2561,true,,
REVUE DES ETUDES JUIVES,0484-8616;1783-175X,true,,
REVUE DES LANGUES ROMANES,0223-3711,true,,
REVUE DES MALADIES RESPIRATOIRES,0761-8425;1776-2588,true,,
REVUE DES SCIENCES PHILOSOPHIQUES ET THEOLOGIQUES,0035-2209;2118-4445,true,,
REVUE ECONOMIQUE,0035-2764;1950-6694,true,,
Revue Francaise de Linguistique Appliquee,1386-1204;1875-368X,true,,
REVUE INTERNATIONALE DE PHILOSOPHIE,0048-8143;2033-0138,true,,
REVUE NEUROLOGIQUE,0035-3787;2213-0004,true,,
REVUE PHILOSOPHIQUE DE LA FRANCE ET DE L ETRANGER,0035-3833;2104-385X,true,,
Revue Roumaine de Linguistique-Romanian Review of Linguistics,0035-3957,true,,
REVUE THEOLOGIQUE DE LOUVAIN,0080-2654;1783-8401,true,,
Rhizomata-A Journal for Ancient Philosophy and Science,2196-5102;2196-5110,true,,
RHODORA,0035-4902;1938-3401,true,,
Ricerche di S-Confine,2038-8411,true,,
RICERCHE DI STORIA DELL ARTE,0392-7202,true,,
RICYDE-Revista Internacional de Ciencias del Deporte,1885-3137,true,,
RIE-Revista de Investigacion Educativa,0212-4068;1989-9106,true,,
Risk Hazards & Crisis in Public Policy,1944-4079,true,,
Rita-Revista Indexada de Textos Academicos,2340-9711;2386-7027,true,,
Rivista di Filosofia del Diritto-Journal of Legal Philosophy,2280-482X,true,,
RIVISTA DI FILOSOFIA NEO-SCOLASTICA,0035-6247,true,,
Rivista di Psichiatria,0035-6484;2038-2502,true,,
RIVISTA DI STORIA E LETTERATURA RELIGIOSA,0035-6573;2035-7583,true,,
RIVISTA ITALIANA DI MUSICOLOGIA,0035-6867;2036-5586,true,,
RIVISTA ITALIANA DI PALEONTOLOGIA E STRATIGRAFIA,0035-6883;2039-4942,true,,
Rock and Soil Mechanics,1000-7598,true,,
ROCKY MOUNTAIN JOURNAL OF MATHEMATICS,0035-7596;1945-3795,true,,
Rocznik Ochrona Środowiska,1506-218X,true,,
Roeper Review-A Journal on Gifted Education,0278-3193;1940-865X,true,,
ROFO-FORTSCHRITTE AUF DEM GEBIET DER RONTGENSTRAHLEN UND DER BILDGEBENDEN VERFAHREN,1438-9029;1438-9010,true,,
Romanian Journal of European Affairs,1582-8271;1841-4273,true,,
Romanian Journal of Legal Medicine,1221-8618,true,,
Romanian Journal of Morphology and Embryology,1220-0522,true,,
Romanica Olomucensia,2571-0966,true,,
ROMANISTISCHE ZEITSCHRIFT FUR LITERATURGESCHICHTE-CAHIERS D HISTOIRE DES LITTERATURES ROMANES,0343-379X,true,,
RTH-Research Trends in Humanities Education & Philosophy,2284-0184,true,,
Rudarsko-Geolosko-Naftni Zbornik,0353-4529;1849-0409,true,,
Rupkatha Journal on Interdisciplinary Studies in Humanities,0975-2935,true,,
Rural Society,1037-1656;2204-0536,true,,
RUSI Journal,0307-1847;1744-0378,true,,
RUSSIAN JOURNAL OF BIOORGANIC CHEMISTRY,1068-1620;1608-330X,true,,
RUSSIAN JOURNAL OF COORDINATION CHEMISTRY,1070-3284;1608-3318,true,,
RUSSIAN JOURNAL OF ECOLOGY,1067-4136;1608-3334,true,,
RUSSIAN JOURNAL OF ELECTROCHEMISTRY,1023-1935;1608-3342,true,,
RUSSIAN JOURNAL OF HERPETOLOGY,1026-2296,true,,
RUSSIAN JOURNAL OF INORGANIC CHEMISTRY,0036-0236;1531-8613,true,,
Russian Journal of Non-Ferrous Metals,1067-8212;1934-970X,true,,
RUSSIAN JOURNAL OF NUMERICAL ANALYSIS AND MATHEMATICAL MODELLING,0927-6467;1569-3988,true,,
Russian Journal of Pacific Geology,1819-7140;1819-7159,true,,
Russian Journal of Physical Chemistry B,1990-7931;1990-7923,true,,
RUSSIAN JOURNAL OF PLANT PHYSIOLOGY,1021-4437;1608-3407,true,,
Russian Law Journal,2309-8678;2312-3605,true,,
Russian Mathematics,1066-369X;1934-810X,true,,
RUSSIAN METALLURGY,0036-0295;1555-6255,true,,
Russian Physics Journal,1064-8887;1573-9228,true,,
RUSSIAN STUDIES IN LITERATURE,1061-1975;1944-7167,true,,
SACRED MUSIC,0036-2255,true,,
SADHANA-ACADEMY PROCEEDINGS IN ENGINEERING SCIENCES,0256-2499;0973-7677,true,,
SAE International Journal of Commercial Vehicles,1946-391X;1946-3928,true,,
SAE International Journal of Passenger Cars-Electronic and Electrical Systems,1946-4614;1946-4622,true,,
Safer Communities,1757-8043;2042-8774,true,,
Sahara J-Journal of Social Aspects of HIV-AIDS,1729-0376;1813-4424,true,,
Sains Malaysiana,0126-6039,true,,
SALAMANDRA,0036-3375,true,,
Salud Colectiva,1851-8265;1669-2381,true,,
SALUD PUBLICA DE MEXICO,0036-3634;1606-7916,true,,
SAMJ SOUTH AFRICAN MEDICAL JOURNAL,0256-9574;2078-5135,true,,
SAMPE JOURNAL,0091-1062,true,,
Sante Publique,0995-3914;2104-3841,true,,
Sao Paulo Medical Journal,1516-3180,true,,
SARCOIDOSIS VASCULITIS AND DIFFUSE LUNG DISEASES,1124-0490,true,,
Sartre Studies International,1357-1559,true,,
Saude e Sociedade,0104-1290,true,,
Saudi Journal of Anaesthesia,1658-354X;0975-3125,true,,
Saudi Journal of Gastroenterology,1319-3767;1998-4049,true,,
Saudi Journal of Kidney Diseases and Transplantation,1319-2442;2320-3838,true,,
SAUDI MEDICAL JOURNAL,0379-5284;1658-3175,true,,
SCANDINAVIAN CARDIOVASCULAR JOURNAL,1401-7431;1651-2006,true,,
Scandinavian Journal of Disability Research,1501-7419;1745-3011,true,,
Scandinavian Journal of Forensic Science,2353-0707,true,,
Scandinavian Journal of Pain,1877-8860;1877-8879,true,,
Scandinavian Journal of Urology,2168-1805;2168-1813,true,,
SCHMERZ,0932-433X;1432-2129,true,,
School Science and Mathematics,0036-6803;1949-8594,true,,
Science & Global Security,0892-9882;1547-7800,true,,
SCIENCE & SOCIETY,0036-8237;1943-2801,true,,
SCIENCE & SPORTS,0765-1597,true,,
Science and Technology of Nuclear Installations,1687-6075;1687-6083,true,,
Science of Advanced Materials,1947-2935;1947-2943,true,,
SCIENCE OF COMPUTER PROGRAMMING,0167-6423;1872-7964,true,,
SCIENCE OF SINTERING,0350-820X,true,,
SCIENCE PROGRESS,0036-8504;2047-7163,true,,
Science Technology and Society,0971-7218;0973-0796,true,,
Scientia Forestalis,1413-9324,true,,
SCIENTIA PHARMACEUTICA,0036-8709;2218-0532,true,,
Scientific and Technical Information Processing,0147-6882;1934-8118,true,,
Scientifica,2090-908X,true,,
SCIRES-IT-SCIentific RESearch and Information Technology,2239-4303,true,,
SCOTTISH GEOGRAPHICAL JOURNAL,1470-2541;1751-665X,true,,
SCOTTISH JOURNAL OF GEOLOGY,0036-9276,true,,
SCOTTISH JOURNAL OF POLITICAL ECONOMY,0036-9292;1467-9485,true,,
Scottish Literary Review,1756-5634;2050-6678,true,,
SCOTTISH MEDICAL JOURNAL,0036-9330;2045-6441,true,,
Scripta-Revista Internacional de Literatura i Cultura Medieval i Moderna-International Journal of Medieval & Modern Literature & Culture,2340-4841,true,,
Scriptura-International Journal of Bible Religion and Theology in Southern Africa,0254-1807;2305-445X,true,,
SEED SCIENCE AND TECHNOLOGY,0251-0952;1819-5717,true,,
Seizieme Siecle,1774-4466;1775-3856,true,,
Seminars in Cardiothoracic and Vascular Anesthesia,1089-2532;1940-5596,true,,
SEMINARS IN CUTANEOUS MEDICINE AND SURGERY,1085-5629;1558-0768,true,,
SEMINARS IN INTERVENTIONAL RADIOLOGY,0739-9529;1098-8963,true,,
SEMINARS IN MUSCULOSKELETAL RADIOLOGY,1089-7860;1098-898X,true,,
Seminars in Orthodontics,1073-8746;1558-4631,true,,
Seminars in Thoracic and Cardiovascular Surgery,1043-0679;1532-9488,true,,
Sensing and Imaging,1557-2064;1557-2072,true,,
Seoul Journal of Korean Studies,1225-0201;2331-4826,true,,
SEPARATION SCIENCE AND TECHNOLOGY,0149-6395;1520-5754,true,,
Sequential Analysis-Design Methods and Applications,0747-4946;1532-4176,true,,
Serbian Astronomical Journal,1450-698X;1820-9289,true,,
Serbian Journal of Management,1452-4864;2217-7159,true,,
SERIALS REVIEW,0098-7913;1879-095X,true,,
Service Science,2164-3962;2164-3970,true,,
Sexual and Relationship Therapy,1468-1994;1468-1749,true,,
Sexual Medicine Reviews,2050-0513;2050-0521,true,,
Shape Memory and Superelasticity,2199-384X;2199-3858,true,,
Ship Technology Research,0937-7255;2056-7111,true,,
Shofar-An Interdisciplinary Journal of Jewish Studies,0882-8539;1534-5165,true,,
Siberian Electronic Mathematical Reports-Sibirskie Elektronnye Matematicheskie Izvestiya,1813-3304,true,,
Siberian Historical Research-Sibirskie Istoricheskie Issledovaniya,2312-461X;2312-4628,true,,
SIGHT AND SOUND,0037-4806,true,,
Silicon,1876-990X;1876-9918,true,,
SINGAPORE ECONOMIC REVIEW,0217-5908;1793-6837,true,,
SINGAPORE MEDICAL JOURNAL,0037-5675,true,,
Sintagma,0214-9141;2013-6455,true,,
SLAS Discovery,2472-5552;2472-5560,true,,
Slovene-International Journal of Slavic Studies,2304-0785;2305-6754,true,,
Small Axe,0799-0537;1534-6714,true,,
Small Wars and Insurgencies,0959-2318;1743-9558,true,,
Small-Scale Forestry,1873-7617;1873-7854,true,,
Smart and Sustainable Built Environment,2046-6099;2046-6102,true,,
SOBORNOST INCORPORATING EASTERN CHURCHES REVIEW,0144-8722,true,,
SOCAR Proceedings,2218-6867;2218-8622,true,,
Social Analysis,0155-977X;1558-5727,true,,
SOCIAL BEHAVIOR AND PERSONALITY,0301-2212;1179-6391,true,,
Social Dynamics-A Journal of African Studies,0253-3952;1940-7874,true,,
Social Enterprise Journal,1750-8614;1750-8533,true,,
Social Evolution & History,1681-4363,true,,
SOCIAL PHILOSOPHY & POLICY,0265-0525;1471-6437,true,,
SOCIAL RESEARCH,0037-783X,true,,
SOCIAL SCIENCE INFORMATION SUR LES SCIENCES SOCIALES,0539-0184;1461-7412,true,,
Social Sciences and Missions-Sciences Sociales et Missions,1874-8937;1874-8945,true,,
Social Work in Mental Health,1533-2985;1533-2993,true,,
Social Work in Public Health,1937-1918;1937-190X,true,,
Social Work-Maatskaplike Werk,0037-8054;2312-7198,true,,
SOCIETY,0147-2011;1936-4725,true,,
SOCIETY & ANIMALS,1063-1119;1568-5306,true,,
SOCIOBIOLOGY,0361-6525,true,,
Sociolinguistic Studies,1750-8649;1750-8657,true,,
SOCIOLOGIA,0049-1225;1336-8613,true,,
Sociological Science,2330-6696,true,,
Sociologus,0038-0377;1865-5106,true,,
Sodobna Pedagogika-Journal of Contemporary Educational Studies,0038-0474,true,,
SOFT MATERIALS,1539-445X;1539-4468,true,,
Soil & Environment,2074-9546;2075-1141,true,,
SOIL & SEDIMENT CONTAMINATION,1532-0383;1549-7887,true,,
Soil and Water Research,1801-5395;1805-9384,true,,
SOIL SCIENCE AND PLANT NUTRITION,0038-0768;1747-0765,true,,
SOLAR SYSTEM RESEARCH,0038-0946;1608-3423,true,,
SOLVENT EXTRACTION RESEARCH AND DEVELOPMENT-JAPAN,1341-7215,true,,
Somnologie,1432-9123;1439-054X,true,,
Sophia,0038-1527;1873-930X,true,,
SOUNDINGS,0038-1861;2161-6302,true,,
SOURCE-NOTES IN THE HISTORY OF ART,0737-4453;2328-207X,true,,
South African Crime Quarterly-SACQ,1991-3877,true,,
South African Geographical Journal,0373-6245;2151-2418,true,,
South African Journal of Accounting Research,1029-1954;2376-3981,true,,
South African Journal of African Languages,0257-2117;2305-1159,true,,
South African Journal of Child Health,1994-3032;1999-7671,true,,
South African Journal of Economic and Management Sciences,2222-3436;1015-8812,true,,
SOUTH AFRICAN JOURNAL OF ECONOMICS,0038-2280;1813-6982,true,,
SOUTH AFRICAN JOURNAL OF ENOLOGY AND VITICULTURE,0253-939X,true,,
SOUTH AFRICAN JOURNAL OF GEOLOGY,1012-0750;1996-8590,true,,
South African Journal of Industrial Engineering,2224-7890;1012-277X,true,,
South African Journal of Information Management,2078-1865;1560-683X,true,,
South African Journal of Psychiatry,1608-9685,true,,
SOUTH AFRICAN JOURNAL OF PSYCHOLOGY,0081-2463;2078-208X,true,,
SOUTH AFRICAN JOURNAL OF SCIENCE,0038-2353;1996-7489;0370-8462,true,,
South African Museums Association Bulletin,0370-8314,true,,
South African Review of Sociology,2152-8586;2072-1978,true,,
South American Journal of Herpetology,1808-9798;1982-355X,true,,
South Asian Diaspora,1943-8192;1943-8184,true,,
South Asian History and Culture,1947-2498;1947-2501,true,,
South Asian Journal of Business Studies,2398-628X;2398-6298,true,,
South Central Review,0743-6831;1549-3377,true,,
South East European Journal of Economics and Business,1840-118X;2233-1999,true,,
South-A Scholarly Journal,2470-9506;2474-8102,true,,
SOUTHEAST ASIAN JOURNAL OF TROPICAL MEDICINE AND PUBLIC HEALTH,0125-1562,true,,
Southeastern Geographer,0038-366X;1549-6929,true,,
SOUTHEASTERN NATURALIST,1528-7092;1938-5412,true,,
SOUTHERN AFRICAN JOURNAL OF HIV MEDICINE,1608-9693;2078-6751,true,,
Southern Communication Journal,1041-794X;1930-3203,true,,
SOUTHERN CULTURES,1068-8218;1534-1488,true,,
Southern Forests,2070-2620;2070-2639,true,,
SOUTHERN MEDICAL JOURNAL,0038-4348;1541-8243,true,,
SOUTHWESTERN ENTOMOLOGIST,0147-1724;2162-2647,true,,
SOUTHWESTERN HISTORICAL QUARTERLY,0038-478X,true,,
SPACE POLICY,0265-9646;1879-338X,true,,
SPANISH JOURNAL OF AGRICULTURAL RESEARCH,1695-971X,true,,
Spanish Journal of Finance and Accounting-Revista Espanola de Financiacion y Contabilida,0210-2412;2332-0753,true,,
Spanish Journal of Soil Science,2253-6574,true,,
Spatial Cognition and Computation,1387-5868;1542-7633,true,,
Special Care in Dentistry,0275-1879;1754-4505,true,,
Special Matrices,2300-7451,true,,
Special Topics & Reviews in Porous Media-An International Journal,2151-4798;2151-562X,true,,
SPECTROSCOPY,0887-6703,true,,
Spectrum,2162-3244;2162-3252,true,,
Speech Language and Hearing,1361-3286;2050-5728,true,,
Spirituality in Clinical Practice,2326-4500;2326-4519,true,,
SPIXIANA,0341-8391,true,,
Spontaneous Generations-Journal for the History and Philosophy of Science,1913-0465,true,,
Sport Business and Management-An International Journal,2042-678X;2042-6798,true,,
Sport Ethics and Philosophy,1751-1321;1751-133X,true,,
Sport History Review,1087-1659;1543-2947,true,,
SPORTS MEDICINE AND ARTHROSCOPY REVIEW,1062-8592;1538-1951,true,,
SPRACHWISSENSCHAFT,0344-8169,true,,
St Petersburg Mathematical Journal,1061-0022;1547-7371,true,,
State Crime,2046-6056;2046-6064,true,,
Statistical Applications in Genetics and Molecular Biology,2194-6302;1544-6115,true,,
Statistics and Its Interface,1938-7989;1938-7997,true,,
Statistics in Biosciences,1867-1764;1867-1772,true,,
Statute Law Review,0144-3593;1464-3863,true,,
Steel Construction-Design and Research,1867-0520;1867-0539,true,,
Steinbeck Review,1546-007X;1754-6087,true,,
Stellenbosch Papers in Linguistics Plus-SPiL Plus,1726-541X;2224-3380,true,,
Stellenbosch Papers in Linguistics-SPiL,1027-3417;2223-9936,true,,
Stellenbosch Theological Journal,2413-9459;2413-9467,true,,
STOCHASTIC MODELS,1532-6349;1532-4214,true,,
Stochastics and Dynamics,0219-4937;1793-6799,true,,
Strategic Analysis,0970-0161;1754-0054,true,,
Strategic Review for Southern Africa,1013-1108,true,,
Stratigraphy,1547-139X,true,,
STRENGTH OF MATERIALS,0039-2316;1573-9325,true,,
Structural Engineering International,1016-8664;1683-0350,true,,
Structural Integrity and Life-Integritet I Vek Konstrukcija,1451-3749;1820-7863,true,,
Studi e Saggi Linguistici,0085-6827;2281-9142,true,,
Studi Linguistici Italiani,0394-3569;1724-160X,true,,
Studi Musicali-Nuova Serie,0391-7789;2037-6413,true,,
STUDI STORICI,0039-3037,true,,
Studia Canonica,2295-3019;2295-3027;0039-310X,true,,
STUDIA GEOPHYSICA ET GEODAETICA,0039-3169;1573-1626,true,,
Studia Islamika,0215-0492;2355-6145,true,,
STUDIA LEIBNITIANA,0039-3185,true,,
STUDIA ROSENTHALIANA,0039-3347,true,,
Studia Theodisca,1593-2478;2385-2917,true,,
Studia Theologica-Czech Republic,1212-8570;2570-9798,true,,
Studia Theologica-Nordic Journal of Theology,0039-338X;1502-7791,true,,
Studies in Agricultural Economics,1418-2106;2063-0476,true,,
STUDIES IN AMERICAN POLITICAL DEVELOPMENT,0898-588X;1469-8692,true,,
Studies in Comics,2040-3232;2040-3240,true,,
STUDIES IN EAST EUROPEAN THOUGHT,0925-9392;1573-0948,true,,
Studies in History,0257-6430;0973-080X,true,,
Studies in Indian Politics,2321-0230;2321-7472,true,,
Studies in Informatics and Control,1220-1766;1841-429X,true,,
STUDIES IN LATIN AMERICAN POPULAR CULTURE,0730-9139,true,,
Studies in Peoples History,2348-4489;2349-7718,true,,
Studies in Self-Access Learning Journal,2185-3762,true,,
STUDIES IN THE LITERARY IMAGINATION,0039-3819;2165-2678,true,,
Studies in World Christianity,1354-9901;1750-0230,true,,
STUDIES ON NEOTROPICAL FAUNA AND ENVIRONMENT,0165-0521;1744-5140,true,,
Studijne Zvesti Archeologickeho Ustavu Slovenskej Akademie Vied,0560-2793,true,,
STUF-Language Typology and Universals,1867-8319;2196-7148,true,,
Subjectivity,1755-6341;1755-635X,true,,
Substance Abuse and Rehabilitation,1179-8467,true,,
Suchttherapie,1439-9903;1439-989X,true,,
Sugar Tech,0972-1525;0974-0740,true,,
SUPRAMOLECULAR CHEMISTRY,1061-0278;1029-0478,true,,
SURFACE AND INTERFACE ANALYSIS,0142-2421;1096-9918,true,,
SURFACE ENGINEERING AND APPLIED ELECTROCHEMISTRY,1068-3755;1934-8002,true,,
Surface Innovations,2050-6252;2050-6260,true,,
SURGICAL LAPAROSCOPY ENDOSCOPY & PERCUTANEOUS TECHNIQUES,1530-4515;1534-4908,true,,
Sustainable Chemistry and Pharmacy,2352-5541,true,,
Sustainable Computing-Informatics & Systems,2210-5379;2210-5387,true,,
Sustainable Energy & Fuels,2398-4902,true,,
Sustainable Environment Research,2468-2039,true,,
SWISS JOURNAL OF PSYCHOLOGY,1421-0185;1662-0879,true,,
SYDOWIA,0082-0598,true,,
Symploke,1069-0697;1534-0627,true,,
Symposium-Canadian Journal of Continental Philosophy,1917-9685;2154-5278,true,,
SYNTHETIC COMMUNICATIONS,0039-7911;1532-2432,true,,
Systems,2079-8954,true,,
Systems Engineering,1098-1241;1520-6858,true,,
SYSTEMS RESEARCH AND BEHAVIORAL SCIENCE,1092-7026;1099-1743,true,,
Systems Science & Control Engineering,2164-2583,true,,
Sztuka i Dokumentacja-Art & Documentation,2080-413X,true,,
Taiwan Journal of Linguistics,1729-4649;1994-2559,true,,
Taiwanese Journal of Obstetrics & Gynecology,1028-4559,true,,
TAIWANIA,0372-333X,true,,
Talia Dixit-Revista Interdisciplinar de Retorica e Historiografia,1886-9440,true,,
Tamkang Journal of Mathematics,0049-2930;2073-9826,true,,
Tang Studies,0737-5034;1759-7633,true,,
Tangence,1189-4563;1710-0305,true,,
Tanz,1869-7720,true,,
TAPPI JOURNAL,0734-1415,true,,
Tarih Kultur ve Sanat Arastirmalari Dergisi-Journal of History Culture and Art Research,2147-0626,true,,
Teaching & Learning Inquiry-The ISSOTL Journal,2167-4779;2167-4787,true,,
Teaching and Learning in Nursing,1557-3087;1557-2013,true,,
Teaching Exceptional Children,0040-0599;2163-5684,true,,
Teaching Mathematics and Its Applications,0268-3679;1471-6976,true,,
Teaching Public Administration,0144-7394;2047-8720,true,,
Team Performance Management,1352-7592;1758-6860,true,,
TECHNICAL PHYSICS,1063-7842;1090-6525,true,,
Technoetic Arts,1477-965X;1758-9533,true,,
TECHNOLOGY AND HEALTH CARE,0928-7329;1878-7401,true,,
Technology Innovation Management Review,1927-0321,true,,
Tehnicki Vjesnik-Technical Gazette,1330-3651;1848-6339,true,,
Tejuelo-Didactica de la Lengua y la Literatura,1988-8430,true,,
Tekstil ve Konfeksiyon,1300-3356,true,,
TELECOMMUNICATION SYSTEMS,1018-4864;1572-9451,true,,
TELOPEA,0312-9764;2200-4025,true,,
Telos,0090-6514;1940-459X,true,,
TEMENOS,0497-1817,true,,
Tempo Social,0103-2070,true,,
Tempo-Niteroi,1413-7704;1980-542X,true,,
TENSIDE SURFACTANTS DETERGENTS,0932-3414,true,,
Teologia y Vida,0049-3449;0717-6295,true,,
Teoria de la Educacion,1130-3743;2386-5660,true,,
Teoria-Rivista di Filosofia,1122-1259,true,,
Teorija in Praksa,0040-3598,true,,
Terapia Psicologica,0718-4808;0716-6184,true,,
Tercio Creciente,2340-9096,true,,
TERRESTRIAL ATMOSPHERIC AND OCEANIC SCIENCES,1017-0839;2311-7680,true,,
TESL Canada Journal,0826-435X;1925-8917,true,,
TEXAS HEART INSTITUTE JOURNAL,1526-6702;0730-2347,true,,
TEXTILE HISTORY,0040-4969;1743-2952,true,,
Textile-Cloth and Culture,1475-9756;1751-8350,true,,
THEATRE NOTEBOOK,0040-5523,true,,
Theology,0040-571X;2044-2696,true,,
Theoretical and Applied Mechanics,1450-5584;2406-0925,true,,
Theoretical and Applied Mechanics Letters,2095-0349,true,,
Theoretical and Experimental Plant Physiology,2197-0025,true,,
THEORETICAL AND MATHEMATICAL PHYSICS,0040-5779;1573-9333,true,,
THEORETICAL FOUNDATIONS OF CHEMICAL ENGINEERING,0040-5795;1608-3431,true,,
Theoretical Issues in Ergonomics Science,1463-922X;1464-536X,true,,
THEORETICAL POPULATION BIOLOGY,0040-5809;1096-0325,true,,
THEORY OF COMPUTING SYSTEMS,1432-4350;1433-0490,true,,
THEORY OF PROBABILITY AND ITS APPLICATIONS,0040-585X;1095-7219,true,,
THERAPIE,0040-5957;1958-5578,true,,
Thermal Science,0354-9836;2334-7163,true,,
Thesis Eleven,0725-5136;1461-7455,true,,
THORACIC AND CARDIOVASCULAR SURGEON,0171-6425;1439-1902,true,,
Ticontre-Teoria Testo Traduzione,2284-4473,true,,
Tiempos Modernos-Revista Electronica de Historia Moderna,1699-7778,true,,
TIERAERZTLICHE PRAXIS AUSGABE KLEINTIERE HEIMTIERE,1434-1239;2567-5842,true,,
TIJDSCHRIFT VOOR FILOSOFIE,0040-750X;2031-8952,true,,
TIJDSCHRIFT VOOR GESCHIEDENIS,0040-7518,true,,
Tijdschrift voor Rechtsgeschiedenis-Revue d Histoire du Droit-The Legal History Review,0040-7585;1571-8190,true,,
Time & Mind-The Journal of Archaeology Consciousness and Culture,1751-696X;1751-6978,true,,
Tintas-Quaderni di Letterature Iberiche e Iberoamericane,2240-5437,true,,
Tire Science and Technology,0090-8657;1945-5852,true,,
TISSUE & CELL,0040-8166,true,,
Tissue Engineering and Regenerative Medicine,1738-2696;2212-5469,true,,
Tizard Learning Disability Review,1359-5474;2042-8782,true,,
tm-Technisches Messen,0171-8096,true,,
Tobacco Induced Diseases,1617-9625;2070-7266,true,,
Tomography,2379-1381,true,,
Topicos-Revista de Filosofia,0188-6649;2007-8498,true,,
TOPICS IN GERIATRIC REHABILITATION,0882-7524;1550-2414,true,,
Toronto Journal of Theology,0826-9831;1918-6371,true,,
Tourism,1332-7461;1849-1545,true,,
Tourism Analysis,1083-5423;1943-3999,true,,
Tourism and Hospitality Management-Croatia,1330-7533;1847-3377,true,,
Tourism Recreation Research,0250-8281;2320-0308,true,,
Tourism Review,1660-5373;1759-8451,true,,
TOWN PLANNING REVIEW,0041-0020;1478-341X,true,,
TOXICOLOGICAL AND ENVIRONMENTAL CHEMISTRY,0277-2248;1029-0486,true,,
TOXICOLOGY AND INDUSTRIAL HEALTH,0748-2337;1477-0393,true,,
Toxicology Research,2045-452X;2045-4538,true,,
Toxin Reviews,1556-9543;1556-9551,true,,
TPM-Testing Psychometrics Methodology in Applied Psychology,1972-6325,true,,
Traitement Automatique des Langues,1248-9433;1965-0906,true,,
TRAMES-Journal of the Humanities and Social Sciences,1406-0922;1736-7514,true,,
TRANSACTIONS OF THE CHARLES S PEIRCE SOCIETY,0009-1774;1558-9587,true,,
Transactions of the Indian Ceramic Society,0371-750X;2165-5456,true,,
TRANSACTIONS OF THE INDIAN INSTITUTE OF METALS,0972-2815;0975-1645;0019-493X,true,,
TRANSACTIONS OF THE INSTITUTE OF METAL FINISHING,0020-2967;1745-9192,true,,
TRANSACTIONS OF THE INSTITUTIONS OF MINING AND METALLURGY SECTION C-MINERAL PROCESSING AND EXTRACTIVE METALLURGY,0371-9553;1743-2855,true,,
Transactions of the Korean Society of Mechanical Engineers A,1226-4873;2288-5226,true,,
TRANSACTIONS OF THE ROYAL SOCIETY OF SOUTH AUSTRALIA,0372-1426;2204-0293,true,,
Transactions on Data Privacy,1888-5063;2013-1631,true,,
Transcription-Austin,2154-1264;2154-1272,true,,
Trans-Form-Acao,0101-3173;1980-539X,true,,
Transformation-An International Journal of Holistic Mission Studies,0265-3788;1759-8931,true,,
Transformations in Business & Economics,1648-4460,true,,
TRANSFUSION AND APHERESIS SCIENCE,1473-0502,true,,
TRANSFUSION CLINIQUE ET BIOLOGIQUE,1246-7820,true,,
TRANSITION METAL CHEMISTRY,0340-4285;1572-901X,true,,
Translational Cancer Research,2218-676X;2219-6803,true,,
Translational Materials Research,2053-1613,true,,
Translational Neuroscience,2081-3856;2081-6936,true,,
TRANSPLANTATION PROCEEDINGS,0041-1345;1873-2623,true,,
Transportation Letters-The International Journal of Transportation Research,1942-7867;1942-7875,true,,
TRANSPORTATION PLANNING AND TECHNOLOGY,0308-1060;1029-0354,true,,
TRANSPORTATION RESEARCH RECORD,0361-1981;2169-4052,true,,
TRaNS-Trans-Regional and -National Studies of Southeast Asia,2051-364X;2051-3658,true,,
Transylvanian Review of Administrative Sciences,1842-2845;2247-8310,true,,
Trauma Monthly,2251-7464;2251-7472,true,,
Trends and Issues in Crime and Criminal Justice,1836-2206,true,,
Trends in Anaesthesia and Critical Care,2210-8440;2210-8467,true,,
Trends in Organized Crime,1084-4791;1936-4830,true,,
Tribology-Materials Surfaces & Interfaces,1751-5831;1751-584X,true,,
Trictrac-Journal of World Mythology and Folklore,1996-7330,true,,
TROPICAL BIOMEDICINE,0127-5720,true,,
Tropical Conservation Science,1940-0829,true,,
TROPICAL DOCTOR,0049-4755;1758-1133,true,,
TROPICAL JOURNAL OF PHARMACEUTICAL RESEARCH,1596-5996,true,,
Tropical Plant Pathology,1983-2052;1982-5676,true,,
Trusts & Trustees,1363-1780;1752-2110,true,,
Tsinghua China Law Review,2151-8904;2160-2379,true,,
Tumori J,0300-8916;2038-2529,true,,
Turk Pediatri Arsivi-Turkish Archives of Pediatrics,1306-0015;1308-6278,true,,
Turkic Languages,1431-4983,true,,
Turkish Historical Review,1877-5454;1877-5462,true,,
TURKISH JOURNAL OF BIOLOGY,1300-0152;1303-6092,true,,
TURKISH JOURNAL OF BOTANY,1300-008X;1303-6106,true,,
TURKISH JOURNAL OF CHEMISTRY,1300-0527;1303-6130,true,,
TURKISH JOURNAL OF EARTH SCIENCES,1300-0985,true,,
Turkish Journal of Electrical Engineering and Computer Sciences,1300-0632;1303-6203,true,,
Turkish Journal of Field Crops,1301-1111,true,,
Turkish Journal of Fisheries and Aquatic Sciences,1303-2712,true,,
Turkish Journal of Gastroenterology,1300-4948;2148-5607,true,,
Turkish Journal of Mathematics,1300-0098;1303-6149,true,,
Turkish Journal Of Medical Sciences,1300-0144;1303-6165,true,,
Turkish Journal of Pathology,1018-5615;1309-5730,true,,
TURKISH JOURNAL OF PEDIATRICS,0041-4301,true,,
Turkish Journal of Surgery,2564-6850;2564-7032;1300-0705,true,,
TURKISH JOURNAL OF VETERINARY & ANIMAL SCIENCES,1300-0128;1303-6181,true,,
TURKISH JOURNAL OF ZOOLOGY,1300-0179;1303-6114,true,,
Turkish Neurosurgery,1019-5149,true,,
Turkish Online Journal of Design Art and Communication,2146-5193,true,,
Turkish Online Journal of Distance Education,1302-6488,true,,
TURKIYE ENTOMOLOJI DERGISI-TURKISH JOURNAL OF ENTOMOLOGY,1010-6960,true,,
Tusculum-Casopis Za Solinske Teme,1846-9469,true,,
Twentieth-Century China,1521-5385;1940-5065,true,,
Ufa Mathematical Journal,2074-1863;2074-1871;2304-0122,true,,
UHOD-Uluslararasi Hematoloji-Onkoloji Dergisi,1306-133X,true,,
Ukrainian Mathematical Journal,0041-5995;1573-9376,true,,
Ultrasound,1742-271X;1743-1344,true,,
Ultrasound Quarterly,0894-8771;1536-0253,true,,
ULTRASTRUCTURAL PATHOLOGY,0191-3123;1521-0758,true,,
Ulusal Travma ve Acil Cerrahi Dergisi-Turkish Journal of Trauma & Emergency Surgery,1306-696X,true,,
Undersea and Hyperbaric Medicine,1066-2936,true,,
UNDERWATER TECHNOLOGY,1756-0543;1756-0551;0141-0814,true,,
Uniform Law Review,1124-3694;2050-9065,true,,
UNIVERSITAS-Monthly Review of Philosophy and Culture,1015-8383,true,,
UNIVERSITY OF PITTSBURGH LAW REVIEW,0041-9915;1942-8405,true,,
UNIVERSITY OF TORONTO QUARTERLY,0042-0247;1712-5278,true,,
University Politehnica of Bucharest Scientific Bulletin-Series A-Applied Mathematics and Physics,1223-7027,true,,
Unterrichtspraxis-Teaching German,0042-062X;1756-1221,true,,
URBAN MORPHOLOGY,1027-4278,true,,
Urbani Izziv-Urban Challenge,0353-6483;1855-8399,true,,
Urbanities-Journal of Urban Ethnography,2239-5725,true,,
Urdimento-Revista de Estudos em Artes Cenicas,1414-5731;2358-6958,true,,
Urology Case Reports,2214-4420,true,,
Urology Journal,1735-1308;1735-546X,true,,
Vakuum in Forschung und Praxis,0947-076X;1522-2454,true,,
Vasa-European Journal of Vascular Medicine,0301-1526,true,,
Vascular,1708-5381;1708-539X,true,,
Vascular and Endovascular Surgery,1538-5744;1938-9116,true,,
Vegueta-Anuario de la Facultad de Geografia e Historia,1133-598X;2341-1112,true,,
Veredas-Revista da Associacao Internacional de Lusitanistas,0874-5102,true,,
VERHALTENSTHERAPIE,1016-6262;1423-0402,true,,
VERIFICHE,0391-4186,true,,
Vernacular Architecture,0305-5477;1749-6292,true,,
Vertebrate Zoology,1864-5755,true,,
Vestnik Mezhdunarodnykh Organizatsii-International Organisations Research Journal,1996-7845;2542-2081,true,,
Vestnik of Saint Petersburg University-Law-Vestnik Sankt-Peterburgskogo Universiteta-Pravo,2074-1243;2587-5833,true,,
Vestnik Tomskogo Gosudarstvennogo Universiteta Filologiya-Tomsk State,1998-6645;2310-5046,true,,
Vestnik Tomskogo Gosudarstvennogo Universiteta-Kulturologiya i Iskusstvovedenie-Tomsk State University Journal of Cultural Studies and Art History,2222-0836;2311-3685,true,,
VETERINARSKI ARHIV,0372-5480;1331-8055,true,,
Veterinary Medicine and Science,2053-1095,true,,
Veterinary Research Forum,2008-8140;2322-3618,true,,
Via Atlantica,1516-5159;2317-8086,true,,
VIBRATIONAL SPECTROSCOPY,0924-2031;1873-3697,true,,
Victoriographies-A Journal of Nineteenth-Century Writing 1790-1914,2044-2416;2044-2424,true,,
Vietnam Journal of Mathematics,2305-221X;2305-2228,true,,
VINE Journal of Information and Knowledge Management Systems,2059-5891;1474-1032,true,,
Violence and Gender,2326-7836;2326-7852,true,,
VIRGINIA QUARTERLY REVIEW,0042-675X;2154-6932,true,,
Visceral Medicine,2297-4725;2297-475X,true,,
Visual Communication Quarterly,1555-1393;1555-1407,true,,
VITIS,0042-7500,true,,
VLSI DESIGN,1065-514X;1563-5171,true,,
Volgogradskii Gosudarstvennyi Universitet-Vestnik-Seriya 4-Istoriya Regionovedenie Mezhdunarodnye Otnosheniya,1998-9938;2312-8704,true,,
Voluntary Sector Review,2040-8056;2040-8064,true,,
Voprosy Gosudarstvennogo I Munitsipalnogo Upravleniya-Public Administration Issues,1999-5431;2409-5095,true,,
Voprosy Leksikografii-Russian Journal of Lexicography,2227-4200;2311-3758,true,,
Voprosy Obrazovaniya-Educational Studies Moscow,1814-9545;2412-4354,true,,
Voprosy Onomastiki-Problems of Onomastics,1994-2400;1994-2451,true,,
Voprosy Yazykoznaniya,0373-658X,true,,
Voz y Escritura-Revista de Estudios Literarios,1315-8392,true,,
Vulnerable Children and Youth Studies,1745-0128;1745-0136,true,,
WALLACE STEVENS JOURNAL,0148-7132;2160-0570,true,,
War & Society,0729-2473;2042-4345,true,,
Wasafiri,0269-0055;1747-1508,true,,
WATER AND ENVIRONMENT JOURNAL,1747-6585;1747-6593,true,,
WATER ENVIRONMENT RESEARCH,1061-4303;1554-7531,true,,
Water Resources,0097-8078;1608-344X,true,,
WATER SA,0378-4738;1816-7950,true,,
WATER SCIENCE AND TECHNOLOGY,0273-1223;1996-9732,true,,
Weather,0043-1656;1477-8696,true,,
WEB ECOLOGY,2193-3081;1399-1183,true,,
WEED BIOLOGY AND MANAGEMENT,1444-6162;1445-6664,true,,
Werkwinkel-Journal of Low Countries and South African Studies,1896-3307,true,,
WESTERLY,0043-342X,true,,
WESTERN HUMANITIES REVIEW,0043-3845,true,,
WIENER KLINISCHE WOCHENSCHRIFT,0043-5325;1613-7671,true,,
WIENER MEDIZINISCHE WOCHENSCHRIFT,0043-5341;1563-258X,true,,
WILDFOWL,0954-6324;2052-6458,true,,
WILDLIFE RESEARCH,1035-3712;1448-5494,true,,
WILDLIFE SOCIETY BULLETIN,1938-5463;0091-7648,true,,
Wilson Journal of Ornithology,1559-4491;1938-5447,true,,
Wind Energy Science,2366-7443;2366-7451,true,,
Wind Engineering,0309-524X;2048-402X,true,,
WIRELESS PERSONAL COMMUNICATIONS,0929-6212;1572-834X,true,,
WMU Journal of Maritime Affairs,1651-436X;1654-1642,true,,
WOMANS ART JOURNAL,0270-7993;2158-8457,true,,
Women-A Cultural Review,0957-4042;1470-1367,true,,
Womens Health,1745-5065;1745-5057,true,,
WORK-A Journal of Prevention Assessment & Rehabilitation,1051-9815;1875-9270,true,,
Workplace Health & Safety,2165-0799;2165-0969,true,,
Workplace-A Journal for Academic Labor,1715-0094,true,,
World Competition,1011-4548;1875-8436,true,,
World Journal for Pediatric and Congenital Heart Surgery,2150-1351;2150-136X,true,,
World Journal of Acupuncture-Moxibustion,1003-5257;1972-019X,true,,
World Journal of Cardiology,1949-8462,true,,
World Journal of Clinical Cases,2307-8960,true,,
World Journal of Entrepreneurship Management and Sustainable Development,2042-5961;2042-597X,true,,
World Journal of Gastrointestinal Endoscopy,1948-5190,true,,
World Journal of Gastrointestinal Surgery,1948-9366,true,,
World Journal of Mens Health,2287-4208;2287-4690,true,,
World Journal of Pediatrics,1708-8569;1867-0687,true,,
World Journal of Plastic Surgery,2228-7914;2252-0724,true,,
World Journal of Psychiatry,2220-3206,true,,
World Journal of Radiology,1949-8470,true,,
World Mycotoxin Journal,1875-0710;1875-0796,true,,
World of Music-New Series,0043-8774,true,,
WOUNDS-A COMPENDIUM OF CLINICAL RESEARCH AND PRACTICE,1044-7946;1943-2704,true,,
Writing & Pedagogy,1756-5839;1756-5847,true,,
Wulfenia,1561-882X,true,,
XENOBIOTICA,0049-8254;1366-5928,true,,
Yazyk i Kultura-Language and Culture,1999-6195;2311-3235,true,,
Yearbook of Comparative Literature,0084-3695;1947-2978,true,,
YONAGO ACTA MEDICA,0513-5710;1346-8049,true,,
Zbornik Instituta za Pedagoska Istrazivanja,0579-6431;1820-9270,true,,
ZEITGESCHICHTE,0256-5250,true,,
ZEITSCHRIFT FUR ANORGANISCHE UND ALLGEMEINE CHEMIE,0044-2313;1521-3749,true,,
ZEITSCHRIFT FUR ARBEITS-UND ORGANISATIONSPSYCHOLOGIE,0932-4089;2190-6270,true,,
ZEITSCHRIFT FUR BIBLIOTHEKSWESEN UND BIBLIOGRAPHIE,0044-2380;1864-2950,true,,
ZEITSCHRIFT FUR DIALEKTOLOGIE UND LINGUISTIK,0044-1449,true,,
ZEITSCHRIFT FUR ENTWICKLUNGSPSYCHOLOGIE UND PADAGOGISCHE PSYCHOLOGIE,0049-8637;2190-6262,true,,
ZEITSCHRIFT FUR ETHNOLOGIE,0044-2666,true,,
Zeitschrift fur Evidenz Fortbildung und Qualitaet im Gesundheitswesen,1865-9217;2212-0289,true,,
ZEITSCHRIFT FUR GASTROENTEROLOGIE,0044-2771;1439-7803,true,,
ZEITSCHRIFT FUR GEOMORPHOLOGIE,0372-8854,true,,
ZEITSCHRIFT FUR GERONTOLOGIE UND GERIATRIE,0948-6704;1435-1269,true,,
Zeitschrift fur Gesundheitspsychologie,0943-8149;2190-6289,true,,
ZEITSCHRIFT FUR KINDER-UND JUGENDPSYCHIATRIE UND PSYCHOTHERAPIE,1422-4917;1664-2880,true,,
ZEITSCHRIFT FUR KIRCHENGESCHICHTE,0044-2925,true,,
ZEITSCHRIFT FUR KLINISCHE PSYCHOLOGIE UND PSYCHOTHERAPIE,1616-3443;2190-6297,true,,
ZEITSCHRIFT FUR NATURFORSCHUNG SECTION A-A JOURNAL OF PHYSICAL SCIENCES,0932-0784;1865-7109,true,,
ZEITSCHRIFT FUR NATURFORSCHUNG SECTION B-A JOURNAL OF CHEMICAL SCIENCES,0932-0776;1865-7117,true,,
ZEITSCHRIFT FUR NATURFORSCHUNG SECTION C-A JOURNAL OF BIOSCIENCES,0939-5075;1865-7125,true,,
Zeitschrift fur Orthopadie und Unfallchirurgie,1864-6697;1864-6743,true,,
ZEITSCHRIFT FUR PADAGOGISCHE PSYCHOLOGIE,1010-0652;1664-2910,true,,
ZEITSCHRIFT FUR PSYCHOSOMATISCHE MEDIZIN UND PSYCHOTHERAPIE,1438-3608;2196-8349,true,,
ZEITSCHRIFT FUR RHEUMATOLOGIE,0340-1855;1435-1250,true,,
ZEITSCHRIFT FUR SEMIOTIK,0170-6241,true,,
Zeitschrift fur Sexualforschung,0932-8114;1438-9460,true,,
Zeitschrift fur Sportpsychologie,1612-5010;2190-6300,true,,
Zeitschrifte fur Familienforschung-Journal of Family Research,1437-2940;2196-2154,true,,
Zemdirbyste-Agriculture,1392-3196,true,,
Zograf,0350-1361,true,,
ZOO BIOLOGY,0733-3188;1098-2361,true,,
Zoologia,1984-4689;1984-4670,true,,
ZOOLOGICAL SCIENCE,0289-0003,true,,
ZOOLOGY IN THE MIDDLE EAST,0939-7140;2326-2680,true,,
ZYGOTE,0967-1994;1469-8730,true,,
,2151-7290,true,,
,1085-3375;1687-0409,true,,
,1583-7904,true,,
,0132-8077;2221-5115,true,,
,1530-9320,true,,
,0587-2405,true,,
,0065-0951;2300-357X,true,,
,0496-3490,true,,
,0044-5975;1588-2543,true,,
,0001-5210;1588-2551,true,,
,0065-0986;2451-0300,true,,
,2228-2009;2228-2017,true,,
,0236-6495;1588-2578,true,,
,1001-1595,true,,
,1338-0044;1338-5674,true,,
,1006-3021,true,,
,2221-870X,true,,
,0353-8109,true,,
,0102-6712;2179-975X,true,,
,1840-1848;1840-2879,true,,
,0044-6025,true,,
,0001-625X;2353-074X,true,,
,0065-1419,true,,
,1211-4413,true,,
,1806-2636;1807-8672,true,,
,1335-2555;1338-5267,true,,
,1748-2941;1748-295X,true,,
,1747-4884;1747-4892,true,,
,1213-3841;2570-8112,true,,
,2213-7467,true,,
,0065-2415,true,,
,2090-3359;2090-3367,true,,
,0895-9374;1544-0737,true,,
,1529-2126,true,,
,1680-7340,true,,
,0735-004X,true,,
,1000-0992,true,,
,1802-2308;2533-4123,true,,
,1258-5769,true,,
,2043-6262,true,,
,1687-6393;1687-6407,true,,
,1355-5146;1472-1481,true,,
,2452-1094,true,,
,1824-5463,true,,
,0001-9887;1527-1978,true,,
,1605-9786,true,,
,1472-5843;1472-5851,true,,
,2006-0165,true,,
,0189-6725;0974-5998,true,,
,1093-2658,true,,
,1522-936X,true,,
,0551-3677;1338-4376,true,,
,2452-316X,true,,
,1804-1930,true,,
,0327-6244,true,,
,1406-894X,true,,
,0568-3939;0718-7181,true,,
,0355-1725,true,,
,2150-7740;2150-7759,true,,
,0232-8461,true,,
,2376-6980,true,,
,1414-753X,true,,
,1405-2253,true,,
,1803-6058,true,,
,0196-6324,true,,
,2451-9936,true,,
,1078-4519,true,,
,0002-9548;1573-6741,true,,
,1548-8756,true,,
,0003-2468,true,,
,1841-8325,true,,
,1224-1768,true,,
,0003-2573,true,,
,0121-4705,true,,
,2214-1812,true,,
,0137-1983,true,,
,0003-4010,true,,
,1408-533X,true,,
,0392-095X,true,,
,0430-3202;1827-1510,true,,
,0970-0153,true,,
,1121-1539;1592-9566,true,,
,1947-5683;1947-5691,true,,
,2299-0631,true,,
,2284-354X,true,,
,0739-6686,true,,
,0003-5483,true,,
,1559-9167;1548-1409,true,,
,1900-5407;2011-4273,true,,
,0770-2817,true,,
,1250-7334,true,,
Antropologia Portuguesa,0870-0990;2182-7982,true,,
,1138-4824,true,,
,2171-6315,true,,
,1832-5505,true,,
,1935-0090,true,,
,1454-5101,true,,
,0957-0411;1875-8398,true,,
,1935-5297,true,,
,0231-5823;2336-4386,true,,
,0003-8032;1589-486X,true,,
,0255-9005,true,,
,0003-9225,true,,
,0318-6954,true,,
,0003-9632,true,,
,0335-5985;1777-5825,true,,
,0373-5478;2109-9529,true,,
,2322-5327;2322-5319,true,,
,0301-732X;0717-6201,true,,
,0570-734X,true,,
,0066-7358;2501-5893,true,,
,2199-6792;2199-6806,true,,
,1819-6608,true,,
,0004-2803,true,,
,1756-1310,true,,
,0004-3400,true,,
,1949-095X;1949-0968,true,,
,1522-0966,true,,
,2164-0602,true,,
,1335-1257,true,,
,1683-478X;2168-4227,true,,
,0218-4923,true,,
,0116-1105,true,,
,1738-1460,true,,
,1833-2994;1833-3001,true,,
,2468-824X,true,,
,1563-0854,true,,
,1932-0205,true,,
,1992-1462,true,,
,0974-2441;2455-3891,true,,
,2008-000X;2008-7209,true,,
,1573-420X;1573-4218,true,,
,2222-1808,true,,
Asian Perspectives-The Journal of Archaeology for Asia and the Pacific,0066-8435;1535-8283,true,,
,1609-4913,true,,
,1837-7122;1837-7130,true,,
,0119-8386,true,,
,2054-7064,true,,
,0365-7450,true,,
,2054-2232,true,,
,0004-8623,true,,
,1835-2693;1835-2707,true,,
,1999-2521;1999-253X,true,,
,1474-8665,true,,
,0233-528X,true,,
,2008-2835;2008-4625,true,,
,0002-5968,true,,
,0165-9367;1783-1369,true,,
,1224-2780,true,,
,1407-8619,true,,
,1001-1455,true,,
Basic Income Studies,2194-6094;1932-0183,true,,
,0939-2815,true,,
,0173-783X,true,,
,2405-5808,true,,
,2214-0085,true,,
,1412-033X;2085-4722,true,,
Biodiversity Data Journal,1314-2836;1314-2828,true,,
,0006-3398;1573-8256,true,,
,0899-8205,true,,
,2193-066X,true,,
,1542-9733;1542-9741,true,,
,2056-4678;2056-4686,true,,
,2052-1839,true,,
,2052-9538,true,,
,1753-6561,true,,
,1981-8122,true,,
,0041-8633,true,,
,2352-1872,true,,
,0103-6440,true,,
,0104-0014,true,,
,1983-0246,true,,
,0888-6008,true,,
,1003-4722,true,,
,1475-0279,true,,
,1462-4753,true,,
,1474-6514,true,,
,0969-4900,true,,
,0966-0461,true,,
,0524-6881;1805-0867,true,,
,0969-8213,true,,
,2322-2522;2322-3960,true,,
,1343-4292,true,,
,1062-8738,true,,
,0266-3821,true,,
,1105-1639,true,,
,0103-4979,true,,
,1645-3794;2182-7400,true,,
,0007-9871,true,,
,1673-3363,true,,
,2177-6202,true,,
,0008-1795,true,,
,0713-3936,true,,
,0380-2361,true,,
,0008-4492,true,,
,0090-8290;2210-2396,true,,
,2468-2942,true,,
,1932-0213,true,,
,1877-9182,true,,
,1871-529X,true,,
,1521-0987,true,,
,1048-9053,true,,
,1662-0631,true,,
,2214-9112,true,,
,2213-2902,true,,
,2214-398X,true,,
,2013-407X;2013-4088,true,,
,0008-8501,true,,
,0273-3072,true,,
,2376-1199;2376-1202,true,,
,2232-2647,true,,
,2336-3517,true,,
,1871-5249,true,,
,0009-0794;2570-9216,true,,
,2180-1363,true,,
,1809-127X,true,,
,2347-9825,true,,
,2405-8300,true,,
,1357-5279,true,,
,1758-5716;2040-8528,true,,
,1752-5098;1752-5101,true,,
,1061-1932,true,,
,1001-9332,true,,
,2314-8063,true,,
,1007-7294,true,,
,1518-2797;1809-6891,true,,
,0009-7497,true,,
,1751-1917;1751-1925,true,,
,1842-3043,true,,
,1878-6553,true,,
,1759-1961,true,,
,0891-8929,true,,
,1477-7509;1758-101X,true,,
,2376-9998,true,,
,0196-4399,true,,
Clinical Nutrition ESPEN,2405-4577,true,,
,2352-9393,true,,
,2169-4826;2169-4834,true,,
,1060-1333;1532-2521,true,,
,0890-9016,true,,
,1252-7017;1777-5299,true,,
,2373-7530,true,,
CoDAS,2317-1782,true,,
,1809-6875;1984-3909,true,,
,0099-0086,true,,
,8756-7555;1930-8299,true,,
,0350-6134,true,,
,0121-5612,true,,
,1447-4514,true,,
,1896-0782,true,,
,1618-5641;1618-565X,true,,
,0149-5933;1521-0448,true,,
,1046-283X,true,,
,1361-3723,true,,
,1641-8581,true,,
,1686-4360,true,,
,2176-9079;2177-5133,true,,
,1758-2067,true,,
,1065-9293,true,,
,0186-1042,true,,
,1755-0912;1755-0920,true,,
,0147-1694,true,,
,1028-2580,true,,
,1948-9137,true,,
,1080-2371,true,,
,0324-8569,true,,
,2095-6983;2198-0942,true,,
,2054-9040,true,,
,2150-1378;2150-1386,true,,
,1751-0694;1751-0708,true,,
,0731-129X,true,,
,1046-8374,true,,
,1535-282X;1535-2811,true,,
,2040-4344;2040-4352,true,,
,2160-1577;2160-1593,true,,
,1578-8423,true,,
,0379-8577,true,,
,1874-6128,true,,
,1927-7296;1927-730X,true,,
,1570-1638,true,,
,1687-7063;1687-7071,true,,
,2468-2020,true,,
,1934-9297;1934-9300,true,,
,1934-9270;1934-9289,true,,
,1934-9254;1934-9262,true,,
Current Rheumatology Reviews,1573-3971;1875-6360,true,,
,1092-8464;1534-3189,true,,
,1661-7649;1661-7657,true,,
,1015-2881,true,,
,0011-6793,true,,
Data in Brief,2352-3409,true,,
,1683-1470,true,,
,1929-5804;1929-5812,true,,
,1470-2436;1743-9698,true,,
,1074-6846,true,,
,1087-2108,true,,
,2352-7285,true,,
,1070-3608,true,,
,1641-6414;2449-5220,true,,
,0716-2278;0719-2681,true,,
,0242-8962,true,,
,0755-7256;1955-270X,true,,
,0973-9572;0976-3457,true,,
,0353-1392,true,,
,1983-5922;2178-2792,true,,
,1802-9930;1805-952X,true,,
,2156-3306;2156-6550,true,,
,0070-6760,true,,
,0253-4967,true,,
,0012-4966;1608-3105,true,,
,1001-5620,true,,
,1996-9457;1996-9465,true,,
,1740-6757,true,,
,2363-8907;2363-8915,true,,
,1872-3128,true,,
,2199-1162;2198-977X,true,,
,1362-024X;1752-2307,true,,
,0353-6777;1581-1212,true,,
,1560-7496,true,,
,1096-6838,true,,
,2078-9947,true,,
,1729-3774;1729-4061,true,,
,0327-5477;1667-782X,true,,
Ecological Processes,2192-1709,true,,
,1644-7298;2083-5469,true,,
,1543-4060;1543-4079,true,,
,0391-2078;1972-4977,true,,
,1942-9347,true,,
,0960-4286;1474-0036,true,,
,1517-9702,true,,
,1575-1813,true,,
,1539-9672;1539-9664,true,,
,2100-0808;2100-0816,true,,
,1110-8630,true,,
,1645-6432,true,,
,1741-8887,true,,
,1740-7494;1740-7508,true,,
,0219-9874,true,,
Electronic Journal of Information Systems in Developing Countries,1681-4835,true,,
,1571-0653,true,,
,1524-1971;1559-3908,true,,
,1210-0668;1336-0329,true,,
,2405-6502,true,,
,1881-8366,true,,
,2291-8752,true,,
,1023-7267,true,,
,0104-4036,true,,
,1880-554X;1883-0986,true,,
,1075-9565;1526-0984,true,,
,1906-1714,true,,
,0013-9505,true,,
,0250-8052;1365-2338,true,,
,1941-5842,true,,
,2312-0541,true,,
,0718-0195;0718-5200,true,,
,0210-1610,true,,
,0716-050X,true,,
,1134-1629;1988-2696,true,,
,0185-4186,true,,
,0211-8572;2013-9500,true,,
,0103-4014,true,,
,2182-8660,true,,
,1611-8014,true,,
,0014-1755,true,,
,1765-4629,true,,
,0778-6069;1783-144X,true,,
,1106-0972,true,,
,0425-4597;1604-3030,true,,
,0046-2616,true,,
,0873-6561;2182-2891,true,,
,0354-0316,true,,
,1306-3057,true,,
,2279-7165,true,,
,1862-2720;2190-8214,true,,
,1466-0407,true,,
,1568-0584,true,,
,1792-1341;2410-7433,true,,
,2254-7088,true,,
,2212-764X,true,,
,0258-3127,true,,
,2405-4569,true,,
,0014-3502,true,,
,1525-9951,true,,
,2189-0420,true,,
,1356-5524;1473-6810,true,,
,1609-2759,true,,
,1918-5227,true,,
,1215-5950,true,,
,1812-9269,true,,
,1069-5648,true,,
,1026-051X,true,,
,1130-6343,true,,
,2160-4851;2160-486X,true,,
,2081-7738;2300-7591,true,,
,0014-8962;1522-239X,true,,
,0014-9128,true,,
,0097-6326,true,,
,2276-8386;2408-5987,true,,
,0355-1253,true,,
,1396-0466,true,,
,1947-5020;1947-5039,true,,
,1120-4052,true,,
,1138-5952;1988-799X,true,,
,1154-2721,true,,
,1465-3753,true,,
,1541-9576,true,,
,1875-1490;1875-1504,true,,
,0228-0671,true,,
,1003-7519,true,,
,0323-1046;1338-4295,true,,
,1472-8028,true,,
,0718-5006,true,,
,0759-6340;2107-0946,true,,
,1661-4119;1661-4127,true,,
,2194-6191;1558-9544,true,,
Orthodontic Forum,1734-1558,true,,
,2533-4050;2533-4069,true,,
,1554-0642,true,,
,1547-9846,true,,
,1555-077X;1555-0788,true,,
Foundations of Management,2080-7279;2300-5661,true,,
,2159-3000,true,,
,1537-6370;1558-5271,true,,
,2238-8869,true,,
Frontiers in Ecology and Evolution,2296-701X,true,,
,1948-6596,true,,
,1673-7385,true,,
,1660-4431,true,,
,1000-3851,true,,
,0911-9280,true,,
,1604-7982,true,,
,2073-4336,true,,
,0936-7195,true,,
,1001-1609,true,,
,1479-5248,true,,
,1537-1727;1939-3466,true,,
Genes and Environment,1880-7046;1880-7062,true,,
,1155-3219,true,,
,0016-6987,true,,
,0101-9082,true,,
,0016-7193,true,,
,0016-7312;2194-8798,true,,
,1295-926X,true,,
,0016-7479,true,,
,2065-0817;2065-1198,true,,
,1519-874X;2316-9095,true,,
,1000-3657,true,,
,1195-1036,true,,
,2214-2428,true,,
,2248-2997,true,,
,1134-928X,true,,
,0855-0328,true,,
,0016-9900,true,,
,1593-0793,true,,
,1932-2054,true,,
,2326-9995;2043-7897,true,,
,1916-9736;1916-9744,true,,
,1337-7892;2196-6907,true,,
,1612-3174,true,,
,1000-4750,true,,
,1089-0017;1538-9731,true,,
,1803-7402;2336-4424,true,,
,1468-8417;2168-1414,true,,
,2352-801X,true,,
,0253-2239,true,,
,1581-4661;1854-9829,true,,
,1736-6070,true,,
,1005-5053,true,,
,1000-6893,true,,
,0253-360X,true,,
,1006-9941,true,,
,1043-4534;1938-2944,true,,
,2165-8218;2165-8242,true,,
,1978-3019;2086-4094,true,,
,2055-1029,true,,
,1715-6572,true,,
,1018-1806,true,,
,1791-3691,true,,
,1658-3876,true,,
,0046-7316;1574-4078,true,,
,2071-5773,true,,
,1130-0515,true,,
,1540-4153,true,,
,0750-8069,true,,
,1254-728X;1950-666X,true,,
,0101-9074;1980-4369,true,,
,1579-8135,true,,
,0018-2362,true,,
,0935-3518,true,,
,0046-7596,true,,
,1449-0854;1833-4881,true,,
,0740-0675;2152-1026,true,,
,0104-7183,true,,
,2154-8331,true,,
,0018-5868,true,,
,1331-3010,true,,
,1556-3316;1556-3324,true,,
,0438-1157,true,,
,0250-3301,true,,
,0393-9375,true,,
,2054-345X,true,,
,1843-6587;2067-2284,true,,
,2452-2317,true,,
,1732-3991;1899-1955,true,,
,0887-3267;1547-3333,true,,
,1655-1532;2012-0788,true,,
,0160-4341,true,,
,1000-2472,true,,
,2064-5031;2064-5147,true,,
,0236-6568;1588-2772,true,,
,1007-7812,true,,
,1958-556X,true,,
,0949-2615;2156-2253,true,,
,0304-3843;1572-9540,true,,
,1992-9978;1992-9986,true,,
,1819-656X;1819-9224,true,,
,0360-8581,true,,
,0278-6648,true,,
,2332-7707,true,,
,0913-6339;1348-8163,true,,
,0862-397X;2570-9267,true,,
,1178-6345,true,,
,0019-4832,true,,
,0537-197X,true,,
,0970-9290;1998-3603,true,,
,0254-9395,true,,
,0973-8703,true,,
,0019-5502;0974-0252,true,,
,0253-7184;1998-3816,true,,
,0019-5707,true,,
,1080-0727,true,,
,2301-9468,true,,
,0024-9521,true,,
,1550-9087,true,,
,0943-2779;1862-0035,true,,
,1745-1205;1745-1213,true,,
,1871-5265,true,,
,2352-9148,true,,
,1992-2264;2310-9912,true,,
,0020-0204,true,,
,1521-4672;1547-9684,true,,
,1007-2276,true,,
,0020-0956,true,,
,0123-2126;2011-2769,true,,
,2157-930X;2157-9318,true,,
,0095-4519,true,,
,2158-8333;2158-8341,true,,
,0065-6895,true,,
,1932-9423,true,,
,1546-993X,true,,
,0826-4805,true,,
,1804-848X;2336-1220,true,,
,2008-4935;2008-6970,true,,
,1612-4804;1612-4812,true,,
,1307-9298,true,,
,1330-1365,true,,
INTERNATIONAL JOURNAL FOR THE ADVANCEMENT OF COUNSELLING,0165-0653;1573-3246,true,,
,0334-0139;2191-0278,true,,
,2074-8523,true,,
,2214-1391,true,,
,1652-8670,true,,
,1462-4605,true,,
,1755-8077;1755-8085,true,,
,1932-9997,true,,
,0974-0635,true,,
,2185-0984;2185-0992,true,,
,1470-9511,true,,
,1050-8414;1532-7108,true,,
,0963-6048;1741-5020,true,,
,1753-3627;1753-3635,true,,
,1746-0972;1746-0980,true,,
,1751-0252,true,,
,1743-8187;1743-8195,true,,
,1741-8763;1741-8771,true,,
,1753-0296,true,,
,2180-3250,true,,
,2212-585X;2212-5868,true,,
,2327-7882;2327-8617,true,,
,2076-0930;2073-607X,true,,
,0218-1959,true,,
,2150-7988,true,,
,0972-9038,true,,
,1684-4769,true,,
,1179-0776,true,,
,1751-2867;1751-2875,true,,
,2229-5151;2231-5004,true,,
,1754-2863;1754-2871,true,,
,1755-8050;1755-8069,true,,
,2325-1379;2325-1395,true,,
,2192-001X,true,,
,1577-8517,true,,
,1556-8881;1556-8873,true,,
,1866-7953,true,,
,2195-268X;2195-2698,true,,
,1687-9708;1687-9716,true,,
,1752-0452;1752-0460,true,,
,1741-8453;1741-8461,true,,
,1741-1025;1741-1033,true,,
,1947-3176;1947-3184,true,,
,0020-7233;1029-0400,true,,
,1754-3266;1754-3274,true,,
,1882-9554,true,,
,1687-9368;1687-9376,true,,
,2156-177X;2156-1761,true,,
,1882-5079,true,,
,1791-4299;1791-4728,true,,
,2251-8711;2251-872X,true,,
,1748-5037;1748-5045,true,,
,2217-2661,true,,
,2201-1315;2201-1323,true,,
,2185-310X;2185-3118,true,,
,1740-8865;1740-8873,true,,
,1179-139X,true,,
,1756-1450,true,,
,1479-4853;1479-4861,true,,
,1090-4018;1932-586X,true,,
,1742-7967;1742-7975,true,,
,1750-0591;1750-0605,true,,
,2195-2280,true,,
,1757-5850;1757-5869,true,,
,2227-2771;2077-124X,true,,
,0306-4190,true,,
,1998-4448,true,,
,2045-1059;2045-1067,true,,
,1532-6306;1933-0278,true,,
,1752-0479,true,,
,1537-2073,true,,
,1947-5748;1947-5756,true,,
,1548-923X,true,,
,1745-7645;1745-7653,true,,
,1082-1910,true,,
,1996-6814;1997-1400,true,,
,1687-9767;1687-9775,true,,
,0973-1318,true,,
,1687-5370;1687-5389,true,,
,1756-638X;1756-6398,true,,
,1460-6739;1741-816X,true,,
,1753-8432;1753-8440,true,,
,1477-9056;1741-8178,true,,
,1743-5110;1743-5129,true,,
,1746-6474;1746-6482,true,,
,1740-2891;1740-2905,true,,
,2090-2166;2090-2174,true,,
,1577-7057,true,,
,2154-8633;2154-8641,true,,
,1740-2123;1740-2131,true,,
,2090-3332;2090-3340,true,,
,1553-118X;1553-1198,true,,
,1758-7328;1758-7336,true,,
,2051-3771;2050-7399,true,,
,2093-761X;2093-7628,true,,
,1756-2538;1756-2546,true,,
,1742-7541;1742-755X,true,,
,0974-7753,true,,
,1479-1471;1479-148X,true,,
,1745-6436;1745-6444,true,,
,2325-1581,true,,
,1477-8394;1741-8216,true,,
,1548-1093;1548-1107,true,,
,1741-1084;1741-1092,true,,
,2352-6475,true,,
,2043-9032;2043-9040,true,,
,2191-1231;2191-0367,true,,
,0020-8167,true,,
,1974-6059;1974-6067,true,,
,2036-9913;2036-9921,true,,
,1827-6660,true,,
,1360-0869;1364-6885,true,,
,1970-8734,true,,
,1974-9821,true,,
,0020-8825;1558-0911,true,,
,1812-9250;1814-0815,true,,
,0188-4611,true,,
,1810-4967;1812-9358,true,,
,1735-5133,true,,
,2383-1561;2383-0964,true,,
,2252-0309;2345-3672,true,,
Iranian Journal of Microbiology,2008-3289;2008-4447,true,,
,1680-2993,true,,
,2251-7251,true,,
,1735-5303,true,,
,1735-4587;2008-2215,true,,
,1728-4554;1728-4562,true,,
,0790-1763,true,,
,0790-9667,true,,
,0332-1460;2009-0072,true,,
,0971-5010;2164-3040,true,,
,1122-6714,true,,
,2239-8589,true,,
,1026-0862,true,,
,2352-5126,true,,
,0075-2800,true,,
,1552-8855,true,,
,0021-5597;1338-4287,true,,
,2202-4433,true,,
,0021-6933;1581-3754,true,,
,1000-6869,true,,
,1009-6744,true,,
,1671-5888,true,,
,0254-6051,true,,
,1006-5911,true,,
,0254-4164,true,,
,1000-1239,true,,
,1001-9669,true,,
,2282-4324,true,,
,2175-8239,true,,
,1151-0285,true,,
,1536-7967;1536-7975,true,,
,1203-8407,true,,
,2068-696X,true,,
,2311-7710,true,,
,1557-6418,true,,
,2161-9441;2161-9468,true,,
,1542-0485,true,,
,1612-9830,true,,
,0090-7421,true,,
,2090-0104;2090-0112,true,,
,0972-5954,true,,
,1990-4789;1990-4797,true,,
,1843-6110,true,,
,1570-8683,true,,
,1110-757X;1687-0042,true,,
,2231-3354,true,,
,1665-6423,true,,
,2155-5834,true,,
,1936-7244,true,,
,1533-2748;1533-2756,true,,
Journal of Asia-Pacific Biodiversity,2287-884X;2287-9544,true,,
,2160-6765;2160-6757,true,,
,0792-6855;2191-0286,true,,
,1387-6996;1573-6989,true,,
,2251-7200,true,,
,1524-0215,true,,
,1557-7910;1557-7929,true,,
,0974-391X;2230-8385,true,,
,1932-9156,true,,
,1314-7471;1314-3859,true,,
,1671-9727,true,,
,0737-769X;2050-8999,true,,
,1740-3391,true,,
,1849-4544,true,,
,0749-4025,true,,
,0895-8831,true,,
,1046-7890,true,,
,1522-0443,true,,
,0022-3875,true,,
,0976-5662,true,,
,0835-3026,true,,
,1753-8068;1753-8076,true,,
,2051-8196;2051-820X,true,,
,0263-4465,true,,
,1533-9114;2150-5403,true,,
,1553-3840,true,,
,1521-1398;1572-9206,true,,
,1757-482X,true,,
,1976-4677;2093-8020,true,,
,1526-3711,true,,
,1975-9479;2005-8276,true,,
,0974-2077;0974-5157,true,,
,1748-3050;1569-1551,true,,
,2331-2521;2331-253X,true,,
,2090-8334;2090-8342,true,,
,1703-4949,true,,
,2193-2409,true,,
,1055-0925;1938-9744,true,,
,2037-7932;2037-7924,true,,
,1547-500X,true,,
,1844-6035;2067-2128,true,,
,1791-9320;1791-2377,true,,
,1948-8297;1948-8289,true,,
,1464-3332,true,,
,1348-0685;1881-817X,true,,
,2190-6483;2190-6491,true,,
,0947-9511,true,,
,1789-2082,true,,
,2150-2668,true,,
,1309-4572;2146-3298,true,,
,1932-5223,true,,
,0022-1058,true,,
,1735-8949;1735-9392,true,,
,1359-0790;1758-7239,true,,
,1059-8596,true,,
,1212-4834;1805-935X,true,,
,0253-2409,true,,
,0891-1762;1528-6975,true,,
,1074-4797,true,,
,2345-5004,true,,
,1534-6102;2164-8212,true,,
,1538-1927,true,,
,1532-3269,true,,
,1091-3211;2152-2790,true,,
,1532-1819;1532-4230,true,,
,0971-0973,true,,
,0971-9261,true,,
,0972-124X,true,,
,1978-6301;2355-6994,true,,
,1528-9168;1940-9214,true,,
,1757-1774;1757-1782,true,,
,2073-4212;2073-4239,true,,
,1055-3096,true,,
,2058-4555;2058-4563,true,,
,1976-5622,true,,
,1646-8872,true,,
,1404-1634,true,,
,1321-6597;2162-7177,true,,
,0897-4438;1528-6983,true,,
,1875-4104;1875-4112,true,,
,1388-0292;1548-1476,true,,
,1539-8706,true,,
,1087-0024;1529-1774,true,,
,1001-0963,true,,
,1895-8281,true,,
,1803-2427;1805-4196,true,,
,1544-0036,true,,
,1533-290X;1533-2918,true,,
,1938-6389;1937-5034,true,,
,1050-6934,true,,
,2191-4761;2191-477X,true,,
,1943-8095,true,,
,2212-6821,true,,
,2050-3326;2050-3318,true,,
,1072-3374,true,,
,1024-1752,true,,
,1752-1947,true,,
,1547-481X,true,,
,1745-7904;1745-7912,true,,
,2228-7477,true,,
,0976-7800;0976-7819,true,,
,1502-7570,true,,
,1735-1537,true,,
,1472-5886,true,,
,1001-3555,true,,
,2049-9256,true,,
,1949-2944;1949-2952,true,,
,1004-4574,true,,
,0976-9668;2229-7707,true,,
,1477-5751,true,,
,1355-1841,true,,
,1934-5798;1878-4429,true,,
,0250-6408,true,,
,2288-3886;2288-3959,true,,
,2352-3859,true,,
,1082-6467;1937-2426,true,,
,0022-3387,true,,
,0971-7196,true,,
,1542-3166,true,,
,2093-5552;2093-6214,true,,
,1941-9430;1941-9449,true,,
,1742-6588;1742-6596,true,,
,1121-2233,true,,
,0254-5985,true,,
,1096-3367,true,,
,2314-8055;2314-8047,true,,
,1006-2106,true,,
,0927-7544,true,,
,1838-0956,true,,
,1007-4619,true,,
,2228-5482;2251-676X,true,,
,2164-0262;2378-3524,true,,
,1065-6219;1934-4945,true,,
,1747-0854,true,,
,0892-3310,true,,
,0916-8737,true,,
,1618-5293,true,,
,0885-985X,true,,
,0191-5096,true,,
,1553-9768,true,,
,1477-5085;1029-5399,true,,
,1556-8539,true,,
,1944-0464;1944-0472,true,,
,1345-711X;1570-0267,true,,
,1328-7265,true,,
Journal of Taibah University Medical Sciences,1658-3612,true,,
,1407-8724;1691-5534,true,,
,0718-2724,true,,
,2166-0123,true,,
,1509-4553;1899-8852,true,,
,2213-2945,true,,
,1310-4772,true,,
,0008-3194;1715-6181,true,,
Journal of the Indian Academy of Wood Science,0972-172X;0976-8432,true,,
,2250-0545;2250-0553,true,,
,2250-2122;2250-2130,true,,
,1226-3311,true,,
,1598-4850,true,,
,1226-4776,true,,
,1992-8645;1817-3195,true,,
,1687-9244;1687-9252,true,,
,1671-1637,true,,
,1479-4012;1754-1018,true,,
,2151-5581;2151-559X,true,,
,1752-8909;1752-8917,true,,
,0387-821X,true,,
,1470-2029,true,,
,1606-9935;1605-3974,true,,
,0957-1264;1469-9672,true,,
,1753-5190;1753-5204,true,,
,1213-6972;1213-6964,true,,
,2352-5878,true,,
,0022-5800,true,,
,1744-540X;2050-5876,true,,
,0127-1962,true,,
,2339-1286;2089-4392,true,,
,0449-749X,true,,
,0022-8958;2163-1611,true,,
KN - Journal of Cartography and Geographic Information,2524-4957;2524-4965;0022-9164,true,,
KEIO JOURNAL OF MEDICINE,0022-9717,true,,
,0961-5768,true,,
,0932-9951;2196-808X,true,,
Klinika Oczna,0023-2157,true,,
,0023-2513,true,,
,2304-8557,true,,
,1000-8152,true,,
,1001-0920,true,,
,1212-4117;1804-7122,true,,
,1608-7046,true,,
,0367-6293,true,,
,1226-4709,true,,
,1738-1061;2092-7258,true,,
,2233-601X;2093-6516,true,,
,1804-1213,true,,
,0341-1966,true,,
,0168-275X;1875-7103,true,,
,1019-8288,true,,
,1338-2209,true,,
,1247-4819,true,,
,0160-449X,true,,
,1320-5331;1440-1770,true,,
,1409-3871,true,,
,0898-5901,true,,
,2196-7229;2196-7237,true,,
,1120-947X,true,,
,1938-2545,true,,
,1757-9961;1757-997X,true,,
,1070-485X,true,,
,1555-1369,true,,
,1583-4433,true,,
,0023-9909,true,,
,0270-319X,true,,
,1524-1556;2153-9162,true,,
,0870-6182,true,,
,0024-1482,true,,
,0254-9239,true,,
,1008-0562,true,,
,0741-9058,true,,
,1945-8851,true,,
,1522-0222,true,,
,1960-6052;1146-6480,true,,
,2195-7819,true,,
,1648-8024;2335-870X,true,,
,0121-3784,true,,
,0459-1879,true,,
,1895-6106,true,,
,2069-0533;2069-3052,true,,
,0024-6859,true,,
,1344-9656,true,,
,0102-6445,true,,
,2090-3197;2090-3200,true,,
,0025-0228;1588-1210,true,,
,0025-0236;1585-4515,true,,
,1985-207X,true,,
,1675-8544,true,,
,0892-0206,true,,
,2198-1620;2198-1639,true,,
,1742-3945,true,,
,0025-2344,true,,
,1755-2672,true,,
MARINE ORNITHOLOGY,1018-3337;2074-1235,true,,
,1946-6609,true,,
,0076-5147,true,,
,2352-9245,true,,
,2070-0482;2070-0490,true,,
,0312-3685,true,,
,0047-5394,true,,
,1428-1511,true,,
,2249-8818,true,,
,0862-979X,true,,
,0377-1237,true,,
,0300-5283,true,,
,1016-1430,true,,
,1576-3080,true,,
,0254-5020,true,,
,1362-3699,true,,
,1380-7854,true,,
,1092-0811,true,,
,1447-2546;1447-2554,true,,
,2212-6570,true,,
,2175-2753,true,,
,1024-1809,true,,
,1558-7452;1558-7460,true,,
,2352-3522,true,,
,2211-5366;2211-5374,true,,
,0544-0440,true,,
,2008-5230;2008-5249,true,,
,0899-2851,true,,
,1665-8906,true,,
,0026-3826,true,,
,1593-7879,true,,
,1137-6368,true,,
,1803-1269;1805-0476,true,,
,1004-0595,true,,
,1574-1699,true,,
,1009-6582,true,,
,2167-9436,true,,
,1286-0115,true,,
,1415-9805;1980-6574,true,,
,0077-1813,true,,
,0292-0107;1777-5841,true,,
,1132-2217;2172-4555,true,,
,2035-5106;2035-5114,true,,
,1058-8167,true,,
,2150-1203;2150-1211,true,,
,2150-5578,true,,
,1849-5435,true,,
,2352-507X,true,,
,0862-8351;2570-9437,true,,
,1940-7882,true,,
,0028-0615,true,,
,1672-1926,true,,
,1226-3907,true,,
,0940-6808,true,,
,1381-8546,true,,
,1000-0925,true,,
,1526-9906,true,,
,2251-7006;2251-7014,true,,
,2451-9944,true,,
,2326-2133,true,,
,0222-9617,true,,
,2230-3561,true,,
,1424-862X;1424-8638,true,,
,1044-8632,true,,
,1474-2756;2040-0578,true,,
,1520-3247;1534-8687,true,,
,1097-6736,true,,
,2352-0264,true,,
,1361-4533;1740-7834,true,,
,0077-9954;1943-4863,true,,
,1175-9003,true,,
,0546-1766,true,,
,0957-4565,true,,
,2072-0807,true,,
,1002-6819,true,,
,1000-1298,true,,
,1562-8353,true,,
,1891-5914;1891-5949,true,,
,1551-2789,true,,
,0002-9920;1088-9477,true,,
,0248-4951,true,,
,0101-3300;1980-5403,true,,
,1627-4830,true,,
,2405-6014,true,,
,2073-6231,true,,
,1061-9127;1931-7336,true,,
,1550-7629,true,,
,0078-2696,true,,
,0363-9568;1550-5103,true,,
,1751-486X;1751-4851,true,,
,0744-6314,true,,
,2352-9008,true,,
,0029-666X;1538-9839,true,,
,0713-5815,true,,
,0169-6238,true,,
,2451-8476,true,,
,0874-8810;1646-5954,true,,
,1230-7831;2353-8589,true,,
,1846-1204,true,,
,1995-2848;1995-2856,true,,
,0257-0505,true,,
,0974-620X;0974-7842,true,,
,1999-768X;2070-5204,true,,
,2247-0514,true,,
,1091-3734,true,,
,1089-9758,true,,
,1012-1587,true,,
,1874-3315,true,,
,1874-091X,true,,
,1874-8368,true,,
,1874-1045,true,,
,1874-205X,true,,
,1874-4532,true,,
,1874-3501,true,,
,1874-3064,true,,
,1874-3129,true,,
,1875-399X,true,,
,1874-4478,true,,
,1060-992X,true,,
,1752-2471;1752-248X,true,,
,1879-4238,true,,
,1794-0915,true,,
,1509-3492,true,,
,1016-765X,true,,
,1472-9342,true,,
,1038-2097,true,,
,0103-863X;1982-4327,true,,
,1028-8880;1812-5735,true,,
,0078-8554;2410-4418,true,,
,1567-2158,true,,
,0031-0387,true,,
,1178-2242,true,,
,0253-3200,true,,
,0031-1049;1807-0205,true,,
,0343-0758,true,,
,2405-6731,true,,
,1054-6618,true,,
,0391-5387,true,,
,0097-9805,true,,
,1517-7599,true,,
,0185-2698,true,,
,2211-2669,true,,
,0324-6051,true,,
,1416-3837,true,,
,1559-4122,true,,
,0031-6016,true,,
,2036-5438,true,,
,1063-6145;1530-9274,true,,
,1465-6493;1468-2516,true,,
,1511-3701,true,,
,1517-6398;1983-4063,true,,
,1517-7491,true,,
,0101-7438,true,,
,0258-8102,true,,
,1735-403X;2383-2886,true,,
,2211-1042,true,,
,2213-4344,true,,
,0031-711X;1616-7074,true,,
,0031-8035,true,,
,1754-0763,true,,
,0858-1088,true,,
,1862-6351;1610-1642,true,,
,0031-9120,true,,
,0103-7331;1809-4481,true,,
,0373-2568,true,,
,0032-0447,true,,
,2280-1855,true,,
,1836-5132,true,,
,0328-3445;1852-8562,true,,
,0032-2024,true,,
,1120-9488,true,,
,1230-8013,true,,
,1643-9953,true,,
,0079-2985,true,,
,0198-8719,true,,
,2284-2098;2531-6389,true,,
,0730-9384;1471-5457,true,,
,1788-1994,true,,
,1995-4212;1995-4220,true,,
,2450-4637,true,,
,0184-7783,true,,
,0551-5343,true,,
,2053-3691;2053-3705,true,,
,1338-0230;1337-0960,true,,
,0032-6518,true,,
,0079-4872,true,,
,1211-7250,true,,
,2287-1098;2287-8602,true,,
,0898-6207,true,,
,1051-1970,true,,
,2007-4387,true,,
,1727-7051;1810-5467,true,,
,2351-9789,true,,
,0369-8211;2250-1746,true,,
,0103-6513,true,,
,1080-7446;1525-318X,true,,
,1937-6472,true,,
,1937-8718,true,,
,0079-6492,true,,
,0033-1538,true,,
,1899-1254,true,,
Epidemiological review,0013-9556;0033-2100;2545-1898,true,,
,1643-2045,true,,
,0033-2151,true,,
,0103-5665;1980-5438,true,,
,1721-0321;1972-5167,true,,
,1332-0742,true,,
,2162-2590;2162-2604,true,,
,1984-3054;1983-3288,true,,
,1522-8959,true,,
,0975-024X,true,,
,0079-8215;2339-9171,true,,
,1122-0392,true,,
,1068-6967,true,,
,1050-9208,true,,
,1561-2848,true,,
,0774-5524;1783-1709,true,,
Radiologic Technology,0033-8397;1943-5657,true,,
,1291-1941;1950-6708,true,,
,0974-1496;0976-0083,true,,
,1121-1717;2240-8053,true,,
,0486-0349,true,,
,1574-891X,true,,
,1872-2083,true,,
,1574-8898,true,,
,1872-2113,true,,
,1872-2121,true,,
,0080-0015,true,,
,0769-0886;1955-2416,true,,
,0276-3877,true,,
,2079-9705;2079-9713,true,,
,1211-2658;1805-4552,true,,
,1385-3139;1573-1340,true,,
,2405-6618,true,,
,1052-0457,true,,
,1041-5505,true,,
,0751-7971;1777-5809,true,,
,1935-1089;1937-1578,true,,
,0034-6705,true,,
,0917-0553;1467-940X,true,,
,0350-154X,true,,
,1980-993X,true,,
,0101-3289;2179-3255,true,,
,1415-8426;1980-0037,true,,
,0104-1282,true,,
,0034-7140,true,,
,1413-2478;1809-449X,true,,
,1413-6538,true,,
,0102-3098,true,,
,1679-4435,true,,
,0102-7786,true,,
,0102-3616,true,,
,1519-9940,true,,
,1519-3829,true,,
,0103-507X;1982-4335,true,,
,1981-1160;1981-0997,true,,
,0034-737X;2177-3491,true,,
,0120-3347,true,,
,0120-1751,true,,
,0864-2141;1561-2902,true,,
,2307-2113,true,,
,0864-2125;1561-3038,true,,
,0864-3466,true,,
,0034-7701;1678-9857,true,,
,1315-9518,true,,
,0103-2003,true,,
,0716-5455,true,,
,0798-1171,true,,
,1414-0055,true,,
,0004-4822,true,,
,0185-2760;2395-9037,true,,
,1136-5420,true,,
,0122-9893;2346-2051,true,,
,1886-2632,true,,
,0100-6991,true,,
,1607-4041,true,,
,0104-3552,true,,
,1888-4415;1988-8856,true,,
,0211-139X,true,,
,0924-0608,true,,
,0102-6933;1983-1447,true,,
,1729-519X,true,,
,1579-9425,true,,
Revista INVI,0718-8358;0718-1299,true,,
,1646-401X,true,,
,0185-4534;2007-0802,true,,
,1405-6666,true,,
,2007-1523,true,,
,1726-4634;1726-4642,true,,
,0253-6730,true,,
,0771-5420,true,,
,0080-2557,true,,
,0556-7807,true,,
,0035-2942,true,,
,1013-0047,true,,
,2452-2198,true,,
,1330-061X;1848-0586,true,,
,0307-8698,true,,
,1098-1616;1540-6296,true,,
,0035-6085;1724-062X,true,,
,2239-1959;2239-7221,true,,
,1722-1137,true,,
,2197-4225,true,,
,2457-4325;2501-2533,true,,
,1192-5604,true,,
,0035-8533,true,,
,1000-9825,true,,
,1063-7397;1608-3415,true,,
,0036-0465,true,,
,0771-7776,true,,
,0148-7191,true,,
,1530-6429,true,,
,1600-1974;1869-7577,true,,
,2278-9618;2320-1495,true,,
,0905-0167,true,,
,0379-3664,true,,
,0194-262X;1541-1109,true,,
,1211-3174;1805-9430,true,,
,2079-3537,true,,
,1720-3929;2035-603X,true,,
,2084-3925,true,,
,1930-2983;1930-2991,true,,
,2193-7648,true,,
,0186-0348,true,,
Journal of Sexual and Mental Health,2956-4956;2956-5677;1731-6677;1731-9544,true,,
,0734-0451;1098-8955,true,,
,1451-4869;2217-7183,true,,
,0361-526X;1541-1095,true,,
,1002-0829,true,,
,1000-7210,true,,
,0019-2341;1349-838X,true,,
,1001-6791,true,,
,0559-9350,true,,
,1740-9705;1740-9713,true,,
,0120-4823;2027-2731,true,,
,1201-5989,true,,
,1540-9740,true,,
,1522-8886,true,,
,0037-6787;1336-2364,true,,
,2090-3545;2090-3553,true,,
,0037-6981,true,,
,1408-2616;1581-1271,true,,
,0969-160X;2156-2245,true,,
,2076-0760,true,,
,0160-9513;1540-9481,true,,
,0885-4300,true,,
,1150-1944;1950-6899,true,,
,1588-9726;1588-970X,true,,
,0392-5048,true,,
,0038-0237,true,,
,0038-0814,true,,
,0125-3395,true,,
,1015-7999;2313-7835,true,,
,0257-1862,true,,
,2186-7275;2423-8686,true,,
,2070-7401;2411-0280,true,,
,2255-0550,true,,
,2173-1268,true,,
,1450-569X;2217-8066,true,,
,2078-9181;2078-9599,true,,
,2212-134X,true,,
,1824-7490;1825-1234,true,,
,0942-2919,true,,
,1101-1165,true,,
,2193-1801,true,,
,0174-3635,true,,
,0038-982X;2217-3986,true,,
,1387-0874,true,,
,1874-7655,true,,
,1572-3127,true,,
,0392-9701,true,,
,0967-0912,true,,
,2306-9759;2313-0792,true,,
,0039-2936,true,,
,1224-2284,true,,
,0081-6353,true,,
,0039-3207,true,,
,1581-128X,true,,
,2387-1830,true,,
,1509-4995,true,,
,0039-3363;1588-290X,true,,
,0039-3533;2154-428X,true,,
,1017-1274,true,,
,0148-1029,true,,
,1736-874X;1736-8758,true,,
,1075-7007,true,,
,0435-2866,true,,
Subterranean Biology,1768-1448,true,,
,2075-051X;2075-0528,true,,
,0100-5405;1980-5454,true,,
,0355-3930,true,,
,2356-7759;2356-6124,true,,
,2152-7806,true,,
,1875-9181,true,,
,1548-7733,true,,
,1007-2012,true,,
,1584-174X;2392-6260,true,,
,0894-0886,true,,
,1961-9359;2260-6513,true,,
,1961-9472;2257-8404,true,,
,2213-7130,true,,
,1027-0221,true,,
,1869-0459,true,,
,1735-0344,true,,
,1821-6404;1821-9241,true,,
,1210-3195,true,,
,0887-8730,true,,
,1642-1027,true,,
,0161-7249,true,,
,1607-7970;2218-1903,true,,
,1089-3393,true,,
,0232-3869,true,,
,1055-4181,true,,
,1764-2507,true,,
,1210-0250;1804-6347,true,,
,0040-3601,true,,
,2066-9143,true,,
,1825-8689;2239-6330,true,,
,0957-4166;1362-511X,true,,
,0268-4764,true,,
,0104-0707,true,,
,0003-1453,true,,
,0736-0932,true,,
,1541-5457,true,,
,0004-5772,true,,
,1552-5767;1552-5775,true,,
,1196-1198,true,,
,0040-5655,true,,
,2065-3913;2065-3921,true,,
,1753-9447;1753-9455,true,,
Therapeutic Communities,0964-1866,true,,
,0040-6015,true,,
,1560-604X,true,,
,0946-4778,true,,
,2090-1488;2090-1496,true,,
,0493-2137,true,,
,1001-8360,true,,
,0372-2112,true,,
,0040-7496;2211-9434,true,,
,1572-1701,true,,
,2213-4468;2213-445X,true,,
,1002-0861,true,,
,0385-0005,true,,
,0253-374X,true,,
,1577-6921,true,,
,0899-3459,true,,
,1161-9473,true,,
,1544-273X,true,,
,0971-6580,true,,
,0352-0447,true,,
,1023-697X,true,,
,0065-7778,true,,
,1347-2879,true,,
,0371-7453,true,,
,0077-1554;1547-738X,true,,
,0035-919X,true,,
,1685-9545,true,,
,1842-5631,true,,
,1534-7656;1085-9373,true,,
,0082-6049,true,,
,0577-1471,true,,
,2237-6089,true,,
Tropical Life Sciences Research,1985-3718;2180-4249,true,,
,1001-4055,true,,
,1000-131X,true,,
,1016-5150,true,,
,1300-5804,true,,
,1300-6320,true,,
,0041-6193,true,,
,0041-6436,true,,
,2291-6822;2291-6830,true,,
,0716-498X;0718-2376,true,,
,1728-9718,true,,
,2199-6687;2199-6679,true,,
,1053-816X,true,,
,1758-4000;1758-4019,true,,
,2405-7843,true,,
,2212-1099;2212-1102,true,,
,0104-8775;1982-4343,true,,
,1094-9194,true,,
,2405-9390,true,,
,2214-6695,true,,
,2347-3584;2347-3517,true,,
,0972-2629;2249-5304,true,,
,0083-2065,true,,
,1812-3228,true,,
,0042-8833,true,,
,0042-899X,true,,
,1210-1389,true,,
,2058-8410,true,,
,2212-6082,true,,
,0262-8104,true,,
,0083-7792,true,,
,0160-1121,true,,
,1010-9609,true,,
,1098-1861,true,,
,0740-770X;1748-5819,true,,
WORD-JOURNAL OF THE INTERNATIONAL LINGUISTIC ASSOCIATION,0043-7956;2373-5112,true,,
,0043-8200;1940-1582,true,,
,2452-2929,true,,
,1607-8055;2333-4509,true,,
,1613-2408,true,,
,1746-0573;1746-0581,true,,
,0084-2230,true,,
,2213-9095,true,,
,1746-6814,true,,
,1991-8747,true,,
,1790-5079,true,,
,1790-5087,true,,
,1991-8763,true,,
,1671-8860,true,,
,1001-2400,true,,
,1006-7930,true,,
,0258-2724,true,,
,1000-2634,true,,
,1000-6788,true,,
,0258-7076,true,,
,1535-3532,true,,
,1000-6915,true,,
,1077-4254,true,,
,0254-3087,true,,
,1004-7220,true,,
,0288-4771,true,,
,0892-9092,true,,
,0354-0243,true,,
,1000-1328,true,,
,0514-5163,true,,
,0350-2058,true,,
,0323-4142,true,,
,0300-8673,true,,
,0943-8610,true,,
,0939-7299,true,,
,1004-6801,true,,
,1004-4523,true,,
,1000-3835,true,,
,1000-4343,true,,
,1001-7372,true,,
,1005-6734,true,,
,1000-6923,true,,
,0258-7025,true,,
,1673-5005,true,,
,1004-0609,true,,
,0254-4156,true,,
,2165-8005;2165-8013,true,,
,0320-9180;2410-0226,true,,
,0947-0085,true,,
,0254-4407,true,,
Advances in Archaeological Practice,2326-3768,true,,
Materialy po Arkheologii Istorii i Etnografii Tavrii-Materials in Archaeology History and Ethnography of Tauria,2413-189X,true,,
,1339-8474,true,,
,1733-0092;2391-761X,true,,
,2354-0036,true,,
Token: A journal of English Linguistics,2299-5900;2392-2087,true,,
,2392-2397,true,,
,2450-5455;2451-2125,true,,
,0867-4159,true,,
,2212-5884;2212-5892,true,,
,0301-7257;1757-0263,true,,
,2311-5637,true,,
Open Cultural Studies,2451-3474,true,,
,2081-7533,true,,
,1509-9873;2450-078X,true,,
,1896-7876,true,,
,1642-5952;2300-7575,true,,
BMC Molecular and Cell Biology,2661-8850,true,,
Enfance,0013-7545;1969-6981,true,,
EuroBiotech Journal,2564-615X,true,,
Food Science and Human Wellness,2213-4530,true,,
Journal of Education Culture and Society,2081-1640,true,,
Life Science Alliance,2575-1077,true,,
Nature Metabolism,2522-5812,true,,
Philippiniana Sacra,0115-9577;2651-7418,true,,
Ukrainskyi Istorychnyi Zhurnal,0130-5247;1729-570X,true,,
Acta logistica. International Scientific Journal about Logistics,1339-5629,true,,
,2375-3234;2375-3242,true,,
,2374-3611,true,,
,2590-1575,true,,
,1337-6861,true,,
,1128-7462;1591-7398,true,,
,2379-3163;2379-3171,true,,
,2199-8531,true,,
,1392-8295;2335-2388,true,,
,1730-1912;2450-646X,true,,
Rocznik Muzeum Narodowego w Warszawie. Nowa Seria,0509-6936,true,,
,0137-1657;2956-3356,true,,
,2512-6962,true,,
JOURNAL OF QUANTITATIVE ECONOMICS,0971-1554;2364-1045,true,,
,2080-9751;2450-341X,true,,
,0032-2806;2330-0833,true,,
,0066-6610;2215-0307,true,,
,1262-2966;2104-404X,true,,
,0029-8247,true,,
,1722-8352;2704-9019,true,,
,0032-342X;1958-8992,true,,
,2662-5814;2662-5822,true,,
,1392-1517;2029-8315,true,,
,0860-2107;2391-4238,true,,
,1689-9024;2545-0115,true,,
Studia Humanistyczne AGH,2084-3364;2300-7109,true,,
SPOŁECZEŃSTWO I POLITYKA. Pismo Edukacyjne,1733-8050,true,,
CZŁOWIEK NIEPEŁNOSPRAWNOŚĆ SPOŁECZEŃSTWO,1734-5537,true,,
Praca Socjalna,0860-3480,true,,
PROBLEMY OPIEKUŃCZO WYCHOWAWCZE,0552-2188,true,,
PSYCHOLOGIA WYCHOWAWCZA,0033-2860,true,,
Szkoła Specjalna,0137-818X,true,,
Studies in Sport Humanities,2300-6412;2450-9515,true,,
Emergency Medical Service. Ratownictwo Medyczne,2391-7822,true,,
Forum Filologiczne Ateneum,2353-2912,true,,
Bezpieczny Bank,1429-2939;2544-7068,true,,
NOTES KONSERWATORSKI,1509-5681;2657-3083,true,,
STUDIA BAS,2080-2404;2082-0658,true,,
Political Preferences,2450-873X;2449-9064,true,,
Safety & Fire Technology,2657-8808,true,,
Rocznik Bezpieczeństwa Międzynarodowego,1896-8848;2450-3436,true,,
Studia Poradoznawcze,2299-4971;2450-3444,true,,
TEKSTUALIA. PALIMPSESTY LITERACKIE ARTYSTYCZNE NAUKOWE,1734-6029;2299-9906,true,,
Copernicus Journal of Political Studies,2299-4335,true,,
PRZEGLĄD STATYSTYCZNY,0033-2372,true,,
Napis. Pismo poświęcone literaturze okolicznościowej i użytkowej,1507-4153,true,,
Archiwum Historii Filozofii i Myśli Społecznej,0066-6874,true,,
EUROPA XXI,1429-7132;2300-8547,true,,
Klio Polska,2450-8373;2450-8381,true,,
Legatio: The Journal for Renaissance and Early Modern Diplomatic Studies,2545-1693;2545-1685,true,,
Rocznik Lituanistyczny,2450-8446;2450-8454,true,,
DIDASKALIA. GAZETA TEATRALNA,1233-0477;2720-0043,true,,
Marketing Instytucji Naukowych i Badawczych,2353-8503;2353-8414,true,,
Bulletin of the Polish Academy of Sciences. Mathematics,0239-7269;1732-8985,true,,
Journal of Pre-Clinical and Clinical Research,1898-2395;1898-7516,true,,
Medycyna Ogólna i Nauki o Zdrowiu,2083-4543;2084-4905,true,,
Progress in Plant Protection,1427-4337;2084-4883,true,,
Prace Instytutu Odlewnictwa,1899-2439;2084-123X;2658-0152;2658-1744,true,,
Journal of Language Modelling,2299-8470;2299-856X,true,,
ZARZĄDZANIE ZASOBAMI LUDZKIMI,1641-0874;2543-4411,true,,
Sprawy Narodowościowe. Seria nowa,2392-2427,true,,
Studia Litteraria et Historica,2299-7571,true,,
Biuletyn Instytutu Spawalnictwa w Gliwicach,0867-583X;2300-1674,true,,
Civitas. Studia z filozofii polityki,1428-2631,true,,
Edukacja Ustawiczna Dorosłych. Polish Journal of Continuing Education,1507-6563,true,,
Bezpieczeństwo. Teoria i Praktyka,1899-6264;2451-0718,true,,
Bibliotekarz Podlaski. Ogólnopolskie Naukowe Pismo Bibliotekoznawcze i Bibliologiczne,1640-7806;2544-8900,true,,
PRACE POLONISTYCZNE,0079-4791;2450-9353,true,,
Studia Prawno-Ekonomiczne,0081-6841;2450-8179,true,,
Studia Wyborcze,1898-0082;2450-9337,true,,
Zagadnienia Rodzajow Literackich/ Problems of Literary Genres,0084-4446;2451-0335,true,,
International Journal of Legal Studies,2543-7097;2544-9478,true,,
Linguistische Treffen in Wrocław,2084-3062,true,,
Studia Translatorica,2084-3321,true,,
Medical Science Pulse,2544-1558;2544-1620,true,,
Pielęgniarstwo w opiece długoterminowej. Kwartalnik międzynarodowy,2544-2538,true,,
PEDAGOGIKA SPOŁECZNA,1642-672X,true,,
Budownictwo o zoptymalizowanym potencjale energetycznym,2299-8535;2544-963X,true,,
Czasopismo Techniczne/Technical Transactions,0011-4561;2353-737X,true,,
Budownictwo i Architektura,1899-0665;2544-3275,true,,
Zeszyty Naukowe Politechniki Poznańskiej. Organizacja i Zarządzanie,0239-9415,true,,
Pamiętnik Biblioteki Kórnickiej,0551-3790,true,,
Psychologia Rozwojowa,1895-6297;2084-3879,true,,
SOCIAL PSYCHOLOGICAL BULLETIN (PSYCHOLOGIA SPOLECZNA),1896-1800;2569-653X,true,,
Ból,1640-324X,true,,
Agricultural Engineering,2083-1587;2449-5999,true,,
Logopedia,0459-6935,true,,
Studia Semiotyczne,0137-6608;2544-073X,true,,
Estudios Latinoamericanos,0137-3080,true,,
Gospodarka Materialowa & Logistyka,1231-2037,true,,
Res Facta Nova. Teksty o muzyce współczesnej,1897-824X,true,,
INTERDISCIPLINARY STUDIES IN MUSICOLOGY,1734-2406,true,,
Builder,1896-0642,true,,
Zagadnienia Informacji Naukowej,0324-8194;2392-2648,true,,
Roczniki Naukowe Stowarzyszenia Ekonomistów Rolnictwa i Agrobiznesu,1508-3535;2450-7296;2657-781X,true,,
Biuletyn Stowarzyszenia Kanonistów Polskich,1731-1438,true,,
Prenatal Cardiology,2353-8198;2353-8201,true,,
"Annals of WULS, Forestry and Wood Technology",1898-5912,true,,
"Zeszyty Naukowe Polityki Europejskie, Finanse i Marketing",2081-3430;2544-0640,true,,
Wiek XIX. Rocznik Towarzystwa Literackiego im. A. Mickiewicza,2080-0851,true,,
PRZEGLĄD ORGANIZACJI,0137-7221;2545-2622,true,,
Journal of Economics and Management,1732-1948,true,,
Journal of Public Governance,2956-6061;2956-6398,true,,
Ekonometria,1507-3866;2449-9994,true,,
PRACE NAUKOWE UNIWERSYTETU EKONOMICZNEGO WE WROCŁAWIU,1899-3192;2392-0041,true,,
Niepełnosprawność. Dyskursy pedagogiki specjalnej,2080-9476;2544-0519,true,,
PROBLEMY WCZESNEJ EDUKACJI,1734-1582;2451-2230,true,,
Porta Aurea,1234-1533,true,,
Prace Naukowe Akademii im. Jana Długosza w Częstochowie. Edukacja Muzyczna,1895-8079;2545-3068;2719-4922,true,,
Baltic-Pontic Studies,1231-0344,true,,
Biuletyn Historii Wychowania,1233-2224,true,,
Kultura-Społeczeństwo-Edukacja,2300-0422,true,,
Society Register,2544-5502,true,,
Studia Rossica Posnaniensia,0081-6884,true,,
Studia edukacyjne,1233-6688,true,,
Studia Historiae Oeconomicae,0081-6485;2353-7515,true,,
Rocznik Integracji Europejskiej,1899-6256,true,,
Ethics in Progress,2084-9257,true,,
Glottodidactica,0072-4769,true,,
Principia. Pisma koncepcyjne z filozofii i socjologii teoretycznej,0867-5392;2084-3887,true,,
Estetyka i Krytyka,1643-1243;2544-8242,true,,
PROBLEMY WSPÓŁCZESNEGO PRAWA MIĘDZYNARODOWEGO EUROPEJSKIEGO I PORÓWNAWCZEGO,1730-4504,true,,
Piotrkowskie Zeszyty Historyczne,2081-2663;2449-738X,true,,
Studia Filologiczne Uniwersytetu Jana Kochanowskiego,2300-5459;2450-0380,true,,
"Studia Pedagogiczne. Problemy społeczne, edukacyjne i artystyczne",1730-6795;2449-8971,true,,
Studia Ecologiae et Bioethicae,1733-1218,true,,
PRZEGLĄD PEDAGOGICZNY,1897-6557,true,,
Szkoła – Zawód – Praca,2082-6087,true,,
Acta Universitatis Lodzensis. Folia Archaeologica,0208-6034;2449-8300,true,,
Acta Universitatis Lodziensis Folia Litteraria Rossica,1427-9681;2353-4834,true,,
Acta Universitatis Lodziensis Folia Sociologica,0208-600X;2353-4850,true,,
Acta Universitatis Lodziensis. Folia Litteraria Polonica,1505-9057;2353-1908,true,,
ACTA UNIVERSITATIS LODZIENSIS. FOLIA LITTERARIA ROMANICA,1505-9065;2449-8831,true,,
Acta Universitatis Lodziensis. Folia Philosophica. Ethica-Aesthetica-Practica,0208-6107;2353-9631,true,,
Acta Universitatis Lodziensis. Kształcenie Polonistyczne Cudzoziemców,0860-6587;2449-6839,true,,
Czytanie Literatury. Łódzkie Studia Literaturoznawcze,2299-7458;2449-8386,true,,
Eastern Review,1427-9657;2451-2567,true,,
Logopaedica Lodziensia,2544-7238,true,,
Nauki o Wychowaniu. Studia Interdyscyplinarne,2450-4491,true,,
Turyzm,0867-5856;2080-6922,true,,
Zeszyty Cyrylo-Metodiańskie,2449-8297,true,,
"Annales Universitatis Mariae Curie-Sklodowska, sectio N – Educatio Nova",2451-0491;2543-9340,true,,
Studia Białorutenistyczne,1898-0457;2449-8270,true,,
"Annales Universitatis Mariae Curie-Skłodowska. Sectio J, Paedagogia-Psychologia",0867-2040;2449-8521,true,,
"Annales UMCS, Sectio K: Politologia",1428-9512;2300-7567,true,,
Wschód Europy. Studia humanistyczno-społeczne,2450-4866,true,,
"DIALOGI POLITYCZNE. FILOZOFIA, SPOŁECZEŃSTWO, PRAWO",1730-8003,true,,
Europa Orientalis. Studia z Dziejów Europy Wschodniej i Państw Bałtyckich,2081-8742,true,,
Journal of Positive Management,2083-103X;2392-1412,true,,
Ordines Militares Colloquia Torunensia Historica. Yearbook for the Study of the Military Orders,0867-2008;2391-7512,true,,
Prawo Budżetowe Państwa i Samorządu,2300-9853;2353-7086,true,,
ROCZNIK ANDRAGOGICZNY,1429-186X;2391-7571,true,,
Studia Miejskie,2082-4793;2543-5302,true,,
Pogranicze. Polish Borderlands Studies,2545-160X;2353-3781,true,,
Opolskie Studia Administracyjno-Prawne,1731-8297,true,,
"Annales Universitatis Paedagogicae Cracoviensis, Studia Politologica",2081-3333,true,,
Studia ad Didacticam Scientiarum Socialium Pertinentia,2083-7267,true,,
Annales Universitatis Paedagogicae Cracoviensis. Studia ad Didacticam Litterarum Polonarum et Linguae Polonae,2082-0909;2450-5013,true,,
Annales Universitatis Paedagogicae Cracoviensis. Studia de Cultura,2083-7275;2391-4432,true,,
Annales Universitatis Paedagogicae Cracoviensis. Studia Poetica,2353-4583;2449-7401,true,,
Przedsiębiorczość - Edukacja,2083-3296;2449-9048,true,,
Res Gestae. Czasopismo Historyczne,2450-4475;2451-0068,true,,
De Securitate et Defensione. O Bezpieczeństwie i Obronności,2450-5005,true,,
Siedleckie Zeszyty Komeniologiczne seria PEDAGOGIKA,2450-7245,true,,
Zeszyty Naukowe Uniwersytetu Przyrodniczo-Humanistycznego w Siedlcach. Seria: Administracja i Zarządzanie,2082-5501,true,,
"Geomatics, Landmanagement and Landscape",2300-1496,true,,
Analecta Archaeologica Ressoviensia,2084-4409,true,,
Nierówności Społeczne a Wzrost Gospodarczy,1898-5084,true,,
Tematy i Konteksty,2299-8365,true,,
ZESZYTY NAUKOWE UNIWERSYTETU RZESZOWSKIEGO SERIA PRAWNICZA,1730-3508;2720-0574,true,,
Acta Iuris Stetinensis (Roczniki Prawnicze),2083-4373;2545-3181,true,,
Autobiografia. Literatura. Kultura. Media,2353-8694,true,,
Central European Journal of Sport Sciences and Medicine,2300-9705;2353-2807,true,,
Folia Oeconomica Stetinensia,1730-4237;1898-0198,true,,
Studia Językoznawcze. Synchroniczne i diachroniczne aspekty badań polszczyzny,1730-4180;2353-3161,true,,
Forum Lingwistyczne,2449-9587;2450-2758,true,,
Logopedia Silesiana,2300-5246;2391-4297,true,,
Prace Naukowe Uniwersytetu Śląskiego Romanica Silesiana,1898-2433;2353-9887,true,,
Studia Politicae Universitatis Silesiensis,1895-3492;2353-9747,true,,
Zoophilologica. Polish Journal of Animal Studies,2451-3849,true,,
LINGUODIDACTICA,1731-6332,true,,
Rocznik Teologii Katolickiej,1644-8855,true,,
STUDIA WSCHODNIOSŁOWIAŃSKIE,1642-557X,true,,
Crossroads. A Journal of English Studies,2300-6250,true,,
ACTA POLONO-RUTHENICA,1427-549X;2450-0844,true,,
Prace Literaturoznawcze,2353-5164,true,,
Technical Sciences / University of Warmia and Mazury in Olsztyn,1505-4675;2083-4527,true,,
Kwartalnik Pedagogiczny,0023-5938,true,,
Studia Medioznawcze,1641-0920;2451-1617,true,,
Studies in African Languages and Cultures,2545-2134;2657-4187,true,,
Problemy Polityki Społecznej. Studia i Dyskusje,1640-1808,true,,
Quaestiones Oralitatis,2449-8181,true,,
"In Gremium. Studia nad Historią, Kulturą i Polityką",1899-2722,true,,
Przegląd Narodowościowy - Review of Nationalities,2084-848X;2543-9391,true,,
Disaster and Emergency Medicine Journal,2451-4691;2543-5957,true,,
Folia Cardiologica,2353-7752;2353-7760,true,,
KWARTALNIK BELLONA,1897-7065,true,,
Sztuka Ameryki Łacińskiej / Arte de América Latina,2299-260X,true,,
Technologia i Automatyzacja Montażu,2450-8217,true,,
"Rocznik Polskiego Towarzystwa Heraldycznego, nowa seria",1230-803X,true,,
Konteksty Pedagogiczne.,2300-6471,true,,
Kultura i Edukacja,1230-266X,true,,
Acta Universitatis Wratislaviensis Slavica Wratislaviensia,0137-1150,true,,
Germanica Wratislaviensia. ACTA UNIVERSITATIS WRATISLAVIENSIS.,0435-5865,true,,
Nowa Kodyfikacja Prawa Karnego,2084-5065,true,,
Studia Periegetica,1897-9262,true,,
Zeszyty Naukowe Wyższej Szkoły Humanitas Pedagogika,1896-4591;2956-3992,true,,
Zeszyty Naukowe Wyższej Szkoły Humanitas Zarządzanie,1899-8658,true,,
Studia Humana,2299-0518,true,,
Acta Scientiarum Polonorum Zootechnica,1644-0714;2300-6145,true,,
Przestrzeń i Forma,1895-3247;2391-7725,true,,
Ubezpieczenia Społeczne. Teoria i praktyka.,1731-0725,true,,
Holocaust Studies A Journal of Culture and History,1750-4902;2048-4887,true,,
Lexicographica,0175-6206;1865-9403,true,,
Ateneum Kapłańskie,0208-9041;1689-0531,true,,
Studia Administracji i Bezpieczeństwa,2543-6961;2720-3093,true,,
Język. Religia. Tożsamość,2083-8964;2544-1701,true,,
Teka Komisji Historycznej Towarzystwa Naukowego KUL,2658-1175;2719-3144,true,,
Białostockie Studia Literaturoznawcze,2082-9701;2720-0078,true,,
Aparat Represji w Polsce Ludowej 1944-1989,1733-6996,true,,
Roczniki Nauk o Rodzinie,2081-2078,true,,
Diagnostyka Laboratoryjna,0867-4043;2719-7042,true,,
Modern Historical and Political Issues,2519-4518;2617-2372,true,,
Materiały i Sprawozdania Rzeszowskiego Ośrodka Archeologicznego,0137-5725,true,,
Teologia polityczna,1731-4232,true,,
Wadoviana. Przegląd historyczno-kulturalny,1505-0181,true,,
Pro Musica Sacra,2083-4039;2391-6729,true,,
Zagadnienia Ekonomiki Rolnej,0044-1600;2392-3458,true,,
Nasza Przeszłość. Studia z Dziejów Kościoła i Kultury Katolickiej w Polsce,0137-3218;2720-0590,true,,
Komunizm: system - ludzie - dokumentacja,2545-3424;2299-890X,true,,
Classica et Mediaevalia,0106-5815;1604-9411,true,,
Acta Universitatis Carolinae Philologica,0567-8269;2464-6830,true,,
Archiv für Sozialgeschichte,0066-6505,true,,
Archivum Latinitatis Medii Aevii (Bulletin du Cange),0994-8090,true,,
Estudis: Revista d'Història Moderna,0210-9093,true,,
Göttinger Forum für Altertumswissenschaft,1437-9082;1437-9074,true,,
Mittellateinisches Jahrbuch,0076-9762,true,,
"Psychomusicology: Music, Mind & Brain",0275-3987;2162-1535,true,,
Seventeenth-Century French Studies,0265-1068;1752-2692,true,,
Supplementary volume - Aristotelian Society,0309-7013;1467-8349,true,,
Philosophie Antique,1634-4561,true,,
Revista Canaria de Estudios Ingleses (RCEI),0211-5913;2530-8335,true,,
Studies in Scottish Literature,0039-3770,true,,
Christianity & Literature,0148-3331;2056-5666,true,,
The Wellsian: The Journal of the H. G. Wells Society,0263-1776,true,,
Zeitschrift für ausländisches öffentliches Recht,0044-2348,true,,
Jahreshefte des Österreichischen Archäologischen Institutes in Wien,0078-3579;1729-5416,true,,
Ruch Literacki,0035-9602;2300-1968,true,,
Madrider Mitteilungen,0418-9744,true,,
Kierkegaard Studies,1430-5372;1612-9792,true,,
Food & History,1780-3187;2034-2101,true,,
Lutheran Quarterly,0024-7499;2470-5616,true,,
Schweizerische Zeitschrift für Bildungswissenschaften,1424-3946;2624-8492,true,,
Philosophia Scientiæ,1281-2463;1775-4283,true,,
Ask: Research and Methods,1234-9224,true,,
The Mediaeval Journal,2033-5385;2033-5393,true,,
Oñati Socio-legal Series,2079-5971,true,,
Cahiers de praxématique,0765-4944;2111-5044,true,,
Media i Społeczeństwo,2083-5701,true,,
The Journal of Medieval Monastic Studies,2034-3515;2034-3523,true,,
Internetowy Kwartalnik Antymonopolowy i Regulacyjny,2299-8837;2299-5749,true,,
Teraźniejszość - Człowiek - Edukacja,1505-8808,true,,
Internationale Neerlandistiek,1876-9071;2214-5729,true,,
Kwartalnik neofilologiczny,0023-5911,true,,
Local Historian,0024-5585,true,,
Przegląd Psychologiczny (The Review of Psychology. Official Journal of the Polish Psychological Association),0048-5675,true,,
Rocznik Slawistyczny,0080-3588,true,,
Studia Muzealne,0137-5318,true,,
Edukacja,0239-6858,true,,
Lithics: The Journal of Lithic Studies Society,0262-7817,true,,
EUROPA ORIENTALIS,0392-4580,true,,
Studies in Church History,0424-2084,true,,
Pomorania Antiqua,0556-0691,true,,
Roczniki Sztuki Śląskiej,0557-2231,true,,
Mediterranean Archaeology,1030-8482,true,,
Edukacja dorosłych,1230-929X,true,,
Historical Studies in Industrial Relations,1362-1572;2049-4459,true,,
Belaruski histaryčny ahljad,1392-902X,true,,
Visual Culture in Britain,1471-4787;1941-8361,true,,
Journal of Eastern Christian Studies,1783-1555;1783-1520,true,,
Études romanes de Brno,1803-7399;2336-4416,true,,
Rivista di storia del cristianesimo,1827-7365,true,,
Phenomenology and Mind,2280-7853;2239-4028,true,,
Władza Sądzenia,2300-1690,true,,
Roczniki Biblioteczne. Czasopismo poświęcone kulturze książki i komunikacji piśmiennej,0080-3626,true,,
Wieś i Rolnictwo,0137-1673;2657-5213,true,,
Acta Asiatica Varsoviensia,0860-6102;2449-8653,true,,
Forum Oświatowe,0867-0323,true,,
Zeszyty Łużyckie,0867-6364,true,,
Germanistische Beiträge,1454-5144;2247-4633,true,,
Zeszyty Prasoznawcze,0555-0025;2299-6362,true,,
Rocznik Pedagogiczny,0137-9585,true,,
Angelicum,1123-5772,true,,
Cahiers d'études hispaniques médiévales,1779-4684;2108-7083,true,,
Mélanges de l'Ecole Française de Rome. Moyen-âge,1123-9883;1724-2150,true,,
Gdański Rocznik Ewangelicki,1898-1127,true,,
Studia Redemptorystowskie,1731-710X,true,,
Internetowy Magazyn Filozoficzny HYBRIS,1689-4286,true,,
Studia Ełckie,1896-6896;2353-1274,true,,
Acta Universitatis Carolinae Theologica,1804-5588;2336-3398,true,,
Rocznik Antropologii Historii,2084-1418,true,,
Kronos. Metafizyka - Kultura - Religia.,1897-1555,true,,
Polish Journal for American Studies (PJAS),1733-9154;2544-8781,true,,
Synergies Pologne,1774-7988;2261-3455,true,,
Między Oryginałem a Przekładem,1689-9121;2391-6745,true,,
Polskie Forum Psychologiczne,1642-1043,true,,
Studia Gdańskie,0137-4338,true,,
Media - Kultura - Komunikacja Społ.,1734-3801;2450-081X,true,,
Turystyka Kulturowa,1689-4642,true,,
Contemporary Japan,1869-2729;1869-2737,true,,
Security Dimensions: International & National Studies,2353-7000,true,,
Ad Americam. Journal of American Studies,1896-9461;2449-8661,true,,
Linguistica Copernicana,2080-1068;2391-7768,true,,
Elpis,1508-7719,true,,
Anglica Wratislaviensia,0301-7966,true,,
Annales. Etyka w Życiu Gospodarczym,1899-2226;2353-4869,true,,
Filozofia i nauka. Studia filozoficzne i interdyscyplinarne,2300-4711,true,,
Humanum. MIędzynarodowe Studia Społeczno-Humanistyczne,1898-8431;2450-0313,true,,
Cahiers ERTA,2300-4681;2353-8953,true,,
Kultura i Wartości,2299-7806,true,,
Comparative Law Review,0866-9449;2391-7644,true,,
Przegląd Prawno-Ekonomiczny,1898-2166,true,,
Book 2.0,2042-8022;2042-8030,true,,
European Journal of Analytic Philosophy,1845-8475;1849-0514,true,,
Acta Universitatis Lodziensis. Folia Linguistica,0208-6077;2450-0119,true,,
Ameryka Łacińska. Kwartalnik analityczno-informacyjny,1506-8900;2081-1152,true,,
Rocznik Komparatystyczny,2081-8718,true,,
Explorations: A Journal of Language and Literature,2353-6969,true,,
Sensus Historiae,2082-0860,true,,
Palestra,0031-0344,true,,
Studia archaeologica Brunensia,1805-918X;2336-4505,true,,
Gdańskie Studia Azji Wschodniej,2084-2902;2353-8724,true,,
Studia Litteraria Universitatis Iagellonicae Cracoviensis,1897-3035;2084-3933,true,,
Civitas et Lex,2392-0300,true,,
Miscellanea Anthropologica et Sociologica,2354-0389,true,,
Praktyka Teoretyczna,2081-8130,true,,
ET-Studies - Journal of the European Society for Catholic Theology,2032-5215;2033-4273,true,,
Załącznik Kulturoznawczy,2392-2338,true,,
Konteksty Kultury,2083-7658;2353-1991,true,,
Zeitschrift für Archäologie Aussereuropäischer Kulturen,1863-0979,true,,
SCIENTIA & SOCIETAS,1801-7118,true,,
Journal of Chinese Humanities,2352-1333;2352-1341,true,,
Annales Canonici,1895-0620;2391-6567,true,,
Humaniora. Czasopismo Internetowe,2353-3145,true,,
Przegląd Prawniczy Uniwersytetu im Adama Mickiewicza,2083-9782;2450-0976,true,,
Sztuka Edycji. Studia Tekstologiczne i Edytorskie,2084-7963;2391-7903,true,,
Studia Orientalne,2299-1999,true,,
Archiwa – Kancelarie – Zbior,1895-9075,true,,
Archiwum Emigracji,2084-3550;2391-7911,true,,
Litteraria Copernicana,1899-315X,true,,
Performing Islam,2043-1015;2043-1023,true,,
Studia Ukrainica Posnaniensia,2300-4754,true,,
Historia i Świat,2299-2464,true,,
Religion in the Roman Empire,2199-4463;2199-4471,true,,
Kultura-Media-Teologia,2081-8971,true,,
Poznańskie Studia Polonistyczne. Seria Literacka,1233-8680,true,,
Studia z Dziejow Sredniowiecza,2084-4492;2544-2562,true,,
e-Scripta Romanica,2392-0718,true,,
Journal of Migration History,2351-9916;2351-9924,true,,
Poznańskie Studia Polonistyczne. Seria Językoznawcza,1233-8672;2450-4939,true,,
Zarządzanie Mediami,2354-0214,true,,
Studia Sandomierskie. Teologia-Filozofia-Historia,0208-7626,true,,
"Journal for Religion, Film and Media",2414-0201,true,,
Historia Ecclesiastica,1338-4341,true,,
Scripta Neophilologica Posnaniensia,1509-4146,true,,
Problemy Jakości,0137-8651;2449-9862,true,,
Studies in East European Cinema,2040-350X;2040-3518,true,,
Acta Neophilologica,1509-1619;2450-0852,true,,
"Journal of Geography, Politics and Society",2084-0497;2451-2249,true,,
Jahrbuch für Christliche Sozialwissenschaften,0075-2584;2196-6265,true,,
Studia Paradyskie,0860-8539,true,,
Journal of Intelligence,2079-3200,true,,
Orbis Idearum,2353-3900,true,,
Studia Koszalińsko-Kołobrzeskie,1230-0780,true,,
Revista Española de Filosofía Medieval,1133-0902;2530-7878,true,,
Prawo Mediów Elektronicznych,2082-100X;2083-3288,true,,
Konteksty Społeczne,2300-6277,true,,
Teka Komisji Politologii i Stosunków Międzynarodowych,1896-8279,true,,
pl.it / rassegna italiana di argomenti polacchi,2384-9266,true,,
Philosophy and Canon Law,2450-4955;2451-2141,true,,
Liturgia Sacra. Liturgia - Musica - Ars,1234-4214;2391-9353,true,,
Beyond Philology,1732-1220;2451-1498,true,,
NURT SVD,1233-9717,true,,
RiCognizioni,2384-8987,true,,
Eidos. A Journal for Philosophy of Culture,2544-302X,true,,
Społeczeństwo. Edukacja. Język,2353-1266,true,,
Media - Biznes - Kultura. Dziennikarstwo i komunikacja spoleczna,2451-1986;2544-2554,true,,
Studia Teologiczno-Historyczne Śląska Opolskiego,0137-3420;2391-937X,true,,
Acta Universitatis Lodziensis. Folia Oeconomica,0208-6018;2353-7663,true,,
Edukacja Filozoficzna,0860-3839,true,,
Acta Universitatis Lodziensis Folia Iuridica,0208-6069;2450-2782,true,,
Filoteknos. Literatura Dziecięca – Mediacja Kulturowa – Antropologia Dzieciństwa,2082-9310;2657-4810,true,,
Literatura i Kultura Popularna,0867-7441,true,,
Vicino Oriente,0393-0300;2532-5159,true,,
Orbis Linguarum,1426-7241;2657-4845,true,,
Musica Iagellonica,1233-9679;2545-0360,true,,
Acta Universitatis Wratislaviensis: Studia Linguistica,0137-1169,true,,
Oriental Studies,2619-0990;2619-1008,true,,
Journal of Applied Logics (JAL-FLAP),2631-9810;2631-9829,true,,
Peterburgskii istoricheskii zhurnal,2311-603X,true,,
Acta Universitatis Nicolai Copernici. Pedagogika,0208-5313,true,,
Prace Komisji Krajobrazu Kulturowego,1896-1460;2391-5293,true,,
Colloquia Germanica Stetinensia,2450-8543;2353-317X,true,,
NTT Journal for Theology and The Study of Religion,2542-6583;2590-3268,true,,
Edukacja Etyczna,2083-8972,true,,
Journal of Scientific Papers “Social development & Security”,2522-9842,true,,
New Horizons in English Studies,2543-8980,true,,
Monitor Prawniczy,1230-6509,true,,
Studia Prawa Prywatnego im. Prof. Z. Radwańskiego,1895-1279,true,,
ADR. Arbitraż i Mediacja,1898-942X,true,,
Monitor Prawa Pracy,1731-8165,true,,
Kwartalnik Prawa Zamówień Publicznych,1733-0777,true,,
Ekonomia Międzynarodowa,2082-4440;2300-6005,true,,
Finanse i Prawo Finansowe,2391-6478;2353-5601,true,,
Replay. The Polish Journal of Game Studies,2391-8551;2449-8394,true,,
Space – Society – Economy,1733-3180;2451-3547,true,,
Konwersatorium Wiedzy o Mieście,2543-9421;2544-1221,true,,
Zeszyty Wiejskie,1506-6541;2657-4373,true,,
Acta Universitais Lodziensis,0208-6050,true,,
Resovia Sacra,1234-8880,true,,
Monitor Podatkowy,1231-1855,true,,
Journal of Marketing and Consumer Behaviour in Emerging Markets,2449-6634,true,,
Studia i Materiały Wydział Zarządzania Uniwersytet Warszawski,1733-9758,true,,
Wrocławsko-Lwowskie Zeszyty Prawnicze,2082-4939,true,,
Urban Development Issues,2544-624X;2544-6258,true,,
Czasopismo Zakładu Narodowego imienia Ossolińskich,1230-221X,true,,
Studia Interkulturowe Europy Środkowo-Wschodniej,1898-4215;2544-3143,true,,
Język-Szkoła-Religia,2080-3400,true,,
Sport i Turystyka. Środkowoeuropejskie Czasopismo Naukowe,2545-3211;2657-4322,true,,
Humanistyka i Przyrodoznawstwo,1234-4087,true,,
Rocznik Lubuski,0485-3083,true,,
Finanse Komunalne,1232-0307,true,,
Orzecznictwo Sądów Polskich,0867-1850,true,,
Orzecznictwo w Sprawach Samorządowych,1232-7107,true,,
Materiały Zachodniopomorskie,0076-5236,true,,
Samorząd Terytorialny,0867-4973,true,,
KONTROLA PAŃSTWOWA,0452-5027,true,,
Przegląd Podatkowy,0867-7514,true,,
Łambinowicki Rocznik Muzealny. Jeńcy wojenni w latach II wojny światowej,0137-5199,true,,
Europejski Przegląd Sądowy,1895-0396,true,,
Literatura Ludowa,0024-4708;2544-2872,true,,
Zbiór Wiadomości do Antropologii Muzealnej,2391-6869,true,,
Tarnowskie Studia Teologiczne,0239-4472;2391-6826,true,,
Miesięcznik Marketing i Rynek,1231-7853,true,,
Kwartalnik Nauk o Przedsiębiorstwie,1896-656X,true,,
Financial Sciences. Nauki o Finansach,2080-5993;2449-9811,true,,
Prima Educatione,2544-2317;2657-3229,true,,
Colloquia Theologica Ottoniana,1731-0555;2353-2998,true,,
Teoria Polityki,2543-7046;2544-0845,true,,
Przegląd Legislacyjny,1426-6989,true,,
Rocznik Grudziądzki,0080-3464,true,,
Świat Idei i Polityki,1643-8442,true,,
Prawne Problemy Górnictwa i Ochrony Środowiska,2451-3431,true,,
Turystyka i Rozwój Regionalny,2353-9178;2543-8859,true,,
Wieki Stare i Nowe,1899-1556;2353-9739,true,,
Językoznawstwo,1897-0389;2391-5137,true,,
Człowiek i Społeczeństwo,0239-3271;2956-5243,true,,
Social Entrepreneurship Review,2720-7277;2081-321X;1898-7435,true,,
"Zabezpieczenie Społeczne. Teoria, Prawo, Praktyka",2299-2332,true,,
Financial Internet Quarterly,2719-3454,true,,
"International Journal for History, Culture and Modernity",2666-6529;2213-0624,true,,
,0391-5115,true,,
,0211-3473;2014-8410,true,,
,1805-790X;2694-720X,true,,
,0257-0254,true,,
Biblioteka,1506-3615;2391-5838,true,,
Classica Cracoviensia,1505-8913;2391-6753,true,,
Przegląd Humanistyczny,0033-2194;2657-599X,true,,
Institute of National Remembrance Review,2658-1566,true,,
International Journal of Eurasian Linguistics,2589-8825;2589-8833,true,,
Jahrbuch für Antike und Christentum,0075-2541,true,,
Czasopismo Prawa Karnego i Nauk Penalnych,1506-1817;2719-6569,true,,
Journal of Interdisciplinary Studies,0890-0132;2766-0508,true,,
Journal of Religion and Demography,2589-7411;2589-742X,true,,
Nordic Journal of Literacy Research,2464-1596,true,,
ORTHODOX THEOLOGY IN DIALOGUE,2668-5353,true,,
Polish Review of International and European Law,2299-2170;2544-7432,true,,
Sprache und Literatur,1438-1680;2589-0859,true,,
Studia Prawa Publicznego,2300-3936,true,,
The Harvard Review of Philosophy,1062-6239;2153-9154,true,,
Głos Prawa. Przegląd Prawniczy Allerhanda,2657-7984;2657-800X,true,,
Journal of East Central European Studies,0948-8294;2701-0449,true,,
Wojskowy Przegląd Prawniczy,0137-7272,true,,
Międzynarodowe Prawo Humanitarne,2081-5182,true,,
Studia Podlaskie,0867-1370,true,,
Polish Journal of Public Health - Zdrowie Publiczne,0044-2011;2083-4829,true,,
Studia i Materiały Lubelskie,0585-5276,true,,
Rocznik Biblioteki Narodowej,0083-7261;1689-3182,true,,
Prokuratura i Prawo,1233-2577,true,,
Kultura - Przemiany - Edukacja,2300-9888;2544-1205,true,,
Studia z Zakresu Nauk Prawnoustrojowych. Miscellanea,1899-4601;2449-9005,true,,
Rocznik Naukowy Kujawsko-Pomorskiej Szkoły Wyższej w Bydgoszczy,1896-5903;2450-3274,true,,
Bezpieczeństwo Jądrowe i Ochrona Radiologiczna,0867-4752;2353-9062,true,,
Central European Review of Economics & Finance,2082-8500;2083-4314,true,,
"Journal of Automation, Electronics and Electrical Engineering",2658-2058;2719-2954,true,,
Journal of Civil Engineering and Transport. TransEgin,2658-1698;2658-2120,true,,
Inżynieria i Budownictwo,0021-0315;2544-8137,true,,
Przegląd Budowlany,0033-2038,true,,
Nederlandse Taalkunde,1384-5845,true,,
Brunner Beitrage zur Germanisdk und Nordistik,1803-7380,true,,
Cuadernos de Investigacion Filologica,0211-0547,true,,
Applied Linguistics Papers,2544-9354,true,,
Barok. Historia - Literatura - Sztuka,1232-3233,true,,
Biuletyn Kryminologiczny,2084-5375,true,,
Contemporary Central & East European Law,0070-7325,true,,
Nowa Stomatologia,1426-6911,true,,
Structure and Environment,2081-1500;2657-6902,true,,
Gospodarka Wodna,0017-2448,true,,
Radca Prawny. Zeszyty Naukowe,2392-1943,true,,
Societas Communitas,1895-6890,true,,
Przegląd Geodezyjny,0033-2127;2449-9412,true,,
Managerial Economics,1898-1143;2353-3617,true,,
Organizacja i Kierowanie,0137-5466;2300-2530,true,,
"Journal of Education, Health and Sport",2391-8306,true,,
International Journal of New Economics and Social Sciences,2450-2146;2451-1064,true,,
"Annales Universitatis Paedagogicae Cracoviensis „Studia de Securitate""",2082-0917;2657-8549,true,,
"Przegląd Włókienniczy - Włókno, Odzież, Skóra",1731-8645;2449-9986,true,,
"Folia Pomeranae Universitatis Technologiae Stetinensis, seria Agricultura. Alimentaria. Piscaria et Zootechnica",2081-1284;2300-5378,true,,
Gerontologia Polska,1425-4956;1734-4581,true,,
Palamedes,1896-8244,true,,
European Journal of Translational and Clinical Medicine,2657-3148;2657-3156,true,,
Myśl Polityczna. Political Thought,2658-2295;2720-2283,true,,
Kwartalnik Krajowej Szkoły Sądownictwa i Prokuratury,2083-7186,true,,
Annual of Navigation,1640-8632;2300-6633,true,,
"Problemy mechatroniki. Uzbrojenie, lotnictwo, inżynieria bezpieczeństwa",2081-5891;2720-5266,true,,
Science & Military,1336-8885;2453-7632,true,,
Europejski Przegląd Prawa i Stosunków Międzynarodowych,2081-0903,true,,
Journal of Management and Financial Sciences - JMFS,1899-8968;2657-5612,true,,
Studia i Prace Kolegium Zarządzania i Finansów,1234-8872;2657-5620,true,,
Wiadomości Botaniczne,0043-5090;2543-6503,true,,
Inżynieria Materiałowa,0208-6247;2449-9889,true,,
Polish Journal of Educational Studies,2657-3628,true,,
Modern Engineering,2450-5501,true,,
Ginekologia i Perinatologia Praktyczna,2451-0122;2451-1943,true,,
Tabularium Historiae,2543-8433,true,,
Słowo. Studia Językoznawcze,2082-6931,true,,
Biuletyn Historii Pogranicza,1641-0033,true,,
Myśl Ekonomiczna i Polityczna,2081-5913;2545-0964,true,,
Acta Philologica,0065-1524,true,,
Scientific Journal of Gdynia Maritime University,2657-5841;2657-6988,true,,
Zeszyty Naukowe Pro Publico Bono,2719-3403;2720-2216,true,,
"Zeszyty Naukowe Politechniki Poznańskiej. Architektura, Urbanistyka, Architektura Wnętrz",2658-2619,true,,
Latopisy Akademii Supraskiej,2082-9299,true,,
Folia Turistica,0867-3888;2353-5962,true,,
Problemy Techniki Uzbrojenia,1230-3801;2544-9567,true,,
"Zeszyty Naukowe SGGW, Ekonomika i Organizacja Logistyki",2450-8055;2543-8867,true,,
Forum Dermatologicum,2451-1501;2451-151X,true,,
Forum Medycyny Rodzinnej,1897-3590;1897-7839,true,,
Forum Reumatologiczne,2450-3088;2451-1145;2720-3921;2720-3913,true,,
Polski Przegląd Neurologiczny,1734-5251;1734-9745,true,,
Współczesna Gospodarka,2082-677X,true,,
Opinia. Kwartalnik Ośrodka Myśli Niepodległościowej,2352-5725,true,,
Państwo i Społeczeństwo,1643-8299;2451-0858,true,,
Paideía,2657-8670,true,,
Research Papers in Economics and Finance,2543-6430,true,,
Reality of Politics. Estimates – Comments – Forecasts,2082-3959,true,,
Azja Pacyfik. Społeczeństwo. Polityka. Gospodarka,1643-692X,true,,
Krakowskie Studia Małopolskie,1643-6911,true,,
Youth in Central and Eastern Europe,2409-952X;2720-4049,true,,
Medycyna Praktyczna,0867-499X,true,,
,2590-0056,true,,
Nano Materials Science,2096-6482;2589-9651,true,,
Radiology-Cardiothoracic Imaging,2638-6135,true,,
,2589-2991,true,,
,2542-5048,true,,
,2524-485X;2524-4868,true,,
,2589-7918,true,,
Carbon Resources Conversion,2588-9133,true,,
,2589-7217,true,,
,2569-2925,true,,
,2709-2119;2652-3310,true,,
,2589-3823;2589-3831,true,,
,2474-9508,true,,
,2667-3053,true,,
CCS Chemistry,2096-5745,true,,
Minerva Pediatrics,2724-5276;2724-5780,true,,
Biomaterials Advances,2772-9508,true,,
Nature Reviews Methods Primers,2662-8449,true,,
Acta medico-historica Rigensia,1022-8012;2592-818X,true,,
Didactica Mathematicae.,0208-8916;2353-0960,true,,
Antiquitates Mathematicae,1898-5203;2353-8813,true,,
Annual Center Review,1899-5942,true,,
EDUCATION. INNOVATION. DIVERSITY,2661-5401,true,,
Insights into Regional Development,2669-0195,true,,
"International Journal of Slavic Studies Transgressive, Pragmatic and Speculative Horizons of Popular Literature and Culture",2658-154X,true,,
Revue Internationale des Economistes de Langue Française,2551-895X;2727-0831,true,,
Silva Iaponicarum,2543-4500,true,,
