name,issns,active,withdrawn_date,withdrawal_reason
3 Biotech,2190-572X;2190-5738,true,,
3L-Language Linguistics Literature-The Southeast Asian Journal of English Language Studies,0128-5157,true,,
452 F-Revista de Teoria de la Literatura y Literatura Comparada,2013-3294,true,,
4OR-A Quarterly Journal of Operations Research,1619-4500;1614-2411,true,,
A + U-ARCHITECTURE AND URBANISM,0389-9160,true,,
Ab Imperio-Studies of New Imperial History and Nationalism in the Post-Soviet Space,2166-4072;2164-9731,true,,
Abacus-A Journal of Accounting Finance and Business Studies,0001-3072;1467-6281,true,,
Abdominal Radiology,2366-004X;2366-0058,true,,
ABHANDLUNGEN AUS DEM MATHEMATISCHEN SEMINAR DER UNIVERSITAT HAMBURG,0025-5858;1865-8784,true,,
Aboriginal History,0314-8769;1837-9389,true,,
Academic Journal of Modern Philology,2299-7164;2353-3218,true,,
ACADEMIC PSYCHIATRY,1042-9670;1545-7230,true,,
ACADEMIC RADIOLOGY,1076-6332;1878-4046,true,,
Accountability in Research-Policies and Quality Assurance,0898-9621;1545-5815,true,,
Accounting and Finance,0810-5391;1467-629X,true,,
Accounting Economics and Law-A Convivium,2194-6051;2152-2820,true,,
Accounting Education,0963-9284;1468-4489,true,,
Accounting History,1032-3732;1749-3374,true,,
Accounting History Review,2155-2851;2155-286X,true,,
Accounting in Europe,1744-9480;1744-9499,true,,
ACE-Architecture City and Environment,1886-4805;1887-7052,true,,
ACI MATERIALS JOURNAL,0889-325X;1944-737X,true,,
ACM Journal of Data and Information Quality,1936-1955,true,,
ACM Journal on Emerging Technologies in Computing Systems,1550-4832;1550-4840,true,,
ACM Transactions on Accessible Computing,1936-7228;1936-7236,true,,
ACM Transactions on Applied Perception,1544-3558;1544-3965,true,,
ACM Transactions on Architecture and Code Optimization,1544-3566;1544-3973,true,,
ACM Transactions on Asian and Low-Resource Language Information Processing,2375-4699;2375-4702,true,,
ACM Transactions on Computation Theory,1942-3454;1942-3462,true,,
ACM TRANSACTIONS ON DESIGN AUTOMATION OF ELECTRONIC SYSTEMS,1084-4309;1557-7309,true,,
ACM Transactions on Economics and Computation,2167-8375;2167-8383,true,,
ACM Transactions on Embedded Computing Systems,1539-9087;1558-3465,true,,
ACM Transactions on Management Information Systems,2158-656X;2158-6578,true,,
ACM Transactions on Modeling and Computer Simulation,1049-3301;1558-1195,true,,
ACM Transactions on Reconfigurable Technology and Systems,1936-7406;1936-7414,true,,
ACM Transactions on Spatial Algorithms and Systems,2374-0353;2374-0361,true,,
ACM Transactions on Storage,1553-3077;1553-3093,true,,
ACS Omega,2470-1343,true,,
ACTA ACUSTICA UNITED WITH ACUSTICA,1610-1928;1861-9959,true,,
Acta Angiologica,1234-950X;1644-3276,true,,
ACTA APPLICANDAE MATHEMATICAE,0167-8019;1572-9036,true,,
ACTA ARCHAEOLOGICA,0065-101X;1600-0390,true,,
ACTA ARITHMETICA,0065-1036;1730-6264,true,,
ACTA BIOCHIMICA ET BIOPHYSICA SINICA,1672-9145;1745-7270,true,,
ACTA BIOCHIMICA POLONICA,0001-527X;1734-154X,true,,
ACTA BIOLOGICA CRACOVIENSIA SERIES BOTANICA,0001-5296;1898-0295,true,,
Acta Borealia,0800-3831;1503-111X,true,,
ACTA CHIMICA SINICA,0567-7351,true,,
ACTA CHIROPTEROLOGICA,1508-1109;1733-5329,true,,
Acta Crystallographica Section F-Structural Biology Communications,2053-230X,true,,
ACTA ETHOLOGICA,0873-9749;1437-9546,true,,
Acta Geophysica,1895-7455;1895-6572,true,,
ACTA HISTOCHEMICA,0065-1281;1618-0372,true,,
Acta Histriae,1318-0185,true,,
ACTA INFORMATICA,0001-5903;1432-0525,true,,
Acta Koreana,1520-7412,true,,
Acta Linguistica Hungarica,1216-8076;1588-2624,true,,
ACTA MATHEMATICA SCIENTIA,0252-9602;1572-9087,true,,
ACTA MATHEMATICA SINICA-ENGLISH SERIES,1439-8516;1439-7617,true,,
ACTA MECHANICA SINICA,0567-7718;1614-3116,true,,
ACTA MECHANICA SOLIDA SINICA,0894-9166;1860-2134,true,,
Acta Metallurgica Sinica-English Letters,1006-7191;2194-1289,true,,
Acta Naturae,2075-8251,true,,
ACTA NEUROPSYCHIATRICA,1601-5215;0924-2708,true,,
Acta Neuropsychologica,1730-7503;2084-4298,true,,
ACTA ODONTOLOGICA SCANDINAVICA,0001-6357;1502-3850,true,,
Acta Orientalia Academiae Scientiarum Hungaricae,1588-2667;0001-6446,true,,
ACTA ORNITHOLOGICA,0001-6454;1734-8471,true,,
ACTA OTO-LARYNGOLOGICA,0001-6489;1651-2251,true,,
ACTA PETROLOGICA SINICA,1000-0569;2095-8927,true,,
ACTA PHYSICA POLONICA A,0587-4246;1898-794X,true,,
ACTA PHYSICA POLONICA B,0587-4254;1509-5770,true,,
ACTA PHYSIOLOGIAE PLANTARUM,0137-5881;1861-1664,true,,
Acta Polytechnica Hungarica,1785-8860;2064-2687,true,,
ACTA PSYCHOLOGICA,0001-6918;1873-6297,true,,
ACTA RADIOLOGICA,0284-1851;1600-0455,true,,
ACTA SOCIETATIS BOTANICORUM POLONIAE,0001-6977;2083-9480,true,,
Acta Theologica,1015-8758,true,,
ACTA TROPICA,0001-706X;1873-6254,true,,
ACTA VETERINARIA HUNGARICA,0236-6290;1588-2705,true,,
ACTA ZOOLOGICA,0001-7272;1463-6395,true,,
ACTA ZOOLOGICA ACADEMIAE SCIENTIARUM HUNGARICAE,1217-8837,true,,
ACTES DE LA RECHERCHE EN SCIENCES SOCIALES,0335-5322;1955-2564,true,,
Acupuncture in Medicine,0964-5284;1759-9873,true,,
Adaptive Human Behavior and Physiology,2198-7335,true,,
ADDICTION RESEARCH & THEORY,1606-6359;1476-7392,true,,
Adeptus,2300-0783,true,,
ADHD-Attention Deficit and Hyperactivity Disorders,1866-6116;1866-6647,true,,
Adicciones,0214-4840,true,,
Adipocyte,2162-3945;2162-397X,true,,
ADMINISTRATION & SOCIETY,0095-3997;1552-3039,true,,
Adoption and Fostering,0308-5759;1740-469X,true,,
Adoption Quarterly,1092-6755;1544-452X,true,,
ADSORPTION-JOURNAL OF THE INTERNATIONAL ADSORPTION SOCIETY,0929-5607;1572-8757,true,,
ADULT EDUCATION QUARTERLY,0741-7136;1552-3047,true,,
ADVANCED COMPOSITE MATERIALS,0924-3046;1568-5519,true,,
Advanced Pharmaceutical Bulletin,2228-5881;2251-7308,true,,
ADVANCED ROBOTICS,0169-1864;1568-5535,true,,
Advanced Steel Construction,1816-112X,true,,
Advanced Structural and Chemical Imaging,2198-0926,true,,
Advances in Aircraft and Spacecraft Science,2287-528X;2287-5271,true,,
ADVANCES IN ANATOMIC PATHOLOGY,1072-4109;1533-4031,true,,
Advances in Applied Clifford Algebras,0188-7009;1661-4909,true,,
ADVANCES IN APPLIED PROBABILITY,0001-8678;1475-6064,true,,
Advances in Astronomy,1687-7969;1687-7977,true,,
Advances in Building Energy Research,1751-2549;1756-2201,true,,
ADVANCES IN CEMENT RESEARCH,0951-7197;1751-7605,true,,
ADVANCES IN CHRONIC KIDNEY DISEASE,1548-5595;1548-5609,true,,
Advances in Civil Engineering,1687-8086;1687-8094,true,,
Advances in Clinical and Experimental Medicine,1899-5276;2451-2680,true,,
ADVANCES IN GEOMETRY,1615-715X;1615-7168,true,,
Advances in High Energy Physics,1687-7357;1687-7365,true,,
Advances in Human-Computer Interaction,1687-5893;1687-5907,true,,
Advances in Integrative Medicine,2212-9626;2212-9588;2212-9596,true,,
Advances in Life Course Research,1040-2608,true,,
Advances in Manufacturing,2095-3127;2195-3597,true,,
Advances in Mental Health,1838-7357;1837-4905,true,,
Advances in Nano Research,2287-237X;2287-2388,true,,
ADVANCES IN NURSING SCIENCE,0161-9268;1550-5014,true,,
Advances in Orthopedics,2090-3464;2090-3472,true,,
Advances in Pharmacological Sciences,1687-6334;1687-6342,true,,
Advances in Physics-X,2374-6149,true,,
ADVANCES IN PHYSIOLOGY EDUCATION,1043-4046;1522-1229,true,,
ADVANCES IN POLYMER TECHNOLOGY,0730-6679;1098-2329,true,,
Advances in Skin & Wound Care,1527-7941;1538-8654,true,,
ADVANCES IN SPACE RESEARCH,0273-1177;1879-1948,true,,
ADVANCES IN STRUCTURAL ENGINEERING,1369-4332;2048-4011,true,,
ADVANCES IN THERAPY,0741-238X;1865-8652,true,,
Advances in Urology,1687-6369;1687-6377,true,,
Advances in Virology,1687-8639;1687-8647,true,,
Aequationes Mathematicae,0001-9054;1420-8903,true,,
AEROBIOLOGIA,0393-5965;1573-3025,true,,
AERONAUTICAL JOURNAL,0001-9240;2059-6464,true,,
AEROSOL SCIENCE AND TECHNOLOGY,0278-6826;1521-7388,true,,
Aerospace,2226-4310,true,,
Aerospace Medicine and Human Performance,2375-6314;2375-6322,true,,
AESTHETIC PLASTIC SURGERY,0364-216X;1432-5241,true,,
AFFILIA-JOURNAL OF WOMEN AND SOCIAL WORK,0886-1099;1552-3020,true,,
AFRICA,0001-9720;1750-0184,true,,
Africa Spectrum,0002-0397;1868-6869,true,,
AFRICAN AMERICAN REVIEW,1062-4783;1945-6182,true,,
AFRICAN ECONOMIC HISTORY,0145-2258;2163-9108,true,,
African Geographical Review,1937-6812;2163-2642,true,,
African Journal of Laboratory Medicine,2225-2002;2225-2010,true,,
AFRICAN JOURNAL OF MARINE SCIENCE,1814-232X;1814-2338,true,,
AFRICAN JOURNAL OF RANGE & FORAGE SCIENCE,1022-0119;1727-9380,true,,
African Natural History,2305-7963;1816-8396,true,,
African Review of Economics and Finance-AREF,2042-1478;2410-4906,true,,
African Security Review,1024-6029;2154-0128,true,,
AFRICAN STUDIES,0002-0184;1469-2872,true,,
Afterall,1465-4253;2156-4914,true,,
Aging Male,1368-5538;1473-0790,true,,
AGING NEUROPSYCHOLOGY AND COGNITION,1382-5585;1744-4128,true,,
Agora-Estudos Classicos em Debate,0874-5498,true,,
Agribusiness,0742-4477;1520-6297,true,,
AGRICULTURAL AND FOOD SCIENCE,1459-6067;1795-1895,true,,
Agricultural Economics-Zemedelska Ekonomika,0139-570X;1805-9295,true,,
Agricultural Finance Review,0002-1466;2041-6326,true,,
AGRICULTURAL HISTORY REVIEW,0002-1490,true,,
Agroecology and Sustainable Food Systems,2168-3565;2168-3573,true,,
AGROFORESTRY SYSTEMS,0167-4366;1572-9680,true,,
AI EDAM-ARTIFICIAL INTELLIGENCE FOR ENGINEERING DESIGN ANALYSIS AND MANUFACTURING,0890-0604;1469-1760,true,,
AIB Studi,2280-9112;2239-6144;2239-6152,true,,
AIDS EDUCATION AND PREVENTION,0899-9546;1943-2755,true,,
AIDS RESEARCH AND HUMAN RETROVIRUSES,0889-2229;1931-8405,true,,
AIDS Research and Therapy,1742-6405,true,,
AIDS Research and Treatment,2090-1240;2090-1259,true,,
AIDS REVIEWS,1139-6121;1698-6997,true,,
AIP Advances,2158-3226,true,,
Air Quality Atmosphere and Health,1873-9318;1873-9326,true,,
AIRCRAFT ENGINEERING AND AEROSPACE TECHNOLOGY,1748-8842;1758-4213,true,,
Ajalooline Ajakiri-The Estonian Historical Journal,1406-3859;2228-3897,true,,
AJS Review-The Journal of the Association for Jewish Studies,0364-0094;1475-4541,true,,
Akkadica,1378-5087;0779-7842,true,,
Akroterion-Journal for the Classics in South Africa,0303-1896;2079-2883,true,,
ALBERTA LAW REVIEW,0002-4821;1925-8356,true,,
ALCHERINGA,0311-5518;1752-0754,true,,
Alexandria Engineering Journal,1110-0168;2090-2670,true,,
ALGAE,1226-2617;2093-0860,true,,
Algebra and Logic,0002-5232;1573-8302,true,,
ALGEBRA COLLOQUIUM,1005-3867,true,,
ALGEBRA UNIVERSALIS,0002-5240;1420-8911,true,,
Algebraic Geometry,2313-1691;2214-2584,true,,
ALGORITHMICA,0178-4617;1432-0541,true,,
Algorithms for Molecular Biology,1748-7188,true,,
Al-Jamiah-Journal of Islamic Studies,0126-012X;2338-557X,true,,
All Azimuth-A Journal of Foreign Policy and Peace,2146-7757,true,,
ALLERGY AND ASTHMA PROCEEDINGS,1088-5412;1539-6304,true,,
Allergy Asthma and Clinical Immunology,1710-1492;1710-1484,true,,
Al-Masaq-Journal of the Medieval Mediterranean,0950-3110;1473-348X,true,,
Alpha-Revista de Artes Letras y Filosofia,0718-2201;0716-4254,true,,
ALTERNATIVES,0304-3754;2163-3150,true,,
AMB Express,2191-0855,true,,
AMEGHINIANA,0002-7014;1851-8044,true,,
AMERICAN BANKRUPTCY LAW JOURNAL,0027-9048,true,,
AMERICAN BOOK REVIEW,0149-9408;2153-4578,true,,
AMERICAN BUSINESS LAW JOURNAL,0002-7766;1744-1714,true,,
AMERICAN CATHOLIC PHILOSOPHICAL QUARTERLY,1051-3558;2153-8441,true,,
AMERICAN CRIMINAL LAW REVIEW,0164-0364,true,,
AMERICAN FAMILY PHYSICIAN,0002-838X;1532-0650,true,,
American Health and Drug Benefits,1942-2962;1942-2970,true,,
AMERICAN JEWISH HISTORY,0164-0178;1086-3141,true,,
American Journal of Alzheimers Disease and Other Dementias,1533-3175;1938-2731,true,,
American Journal of Audiology,1059-0889;1558-9137,true,,
American Journal of Cardiovascular Drugs,1175-3277;1179-187X,true,,
American Journal of Case Reports,1941-5923,true,,
AMERICAN JOURNAL OF CHINESE MEDICINE,0192-415X;1793-6853,true,,
American Journal of Clinical and Experimental Immunology,2164-7712,true,,
AMERICAN JOURNAL OF CLINICAL HYPNOSIS,0002-9157;2160-0562,true,,
AMERICAN JOURNAL OF CLINICAL PATHOLOGY,0002-9173;1943-7722,true,,
American Journal of Cultural Sociology,2049-7113;2049-7121,true,,
AMERICAN JOURNAL OF DERMATOPATHOLOGY,0193-1091;1533-0311,true,,
American Journal of Distance Education,0892-3647;1538-9286,true,,
AMERICAN JOURNAL OF DRUG AND ALCOHOL ABUSE,0095-2990;1097-9891,true,,
AMERICAN JOURNAL OF ECONOMICS AND SOCIOLOGY,0002-9246;1536-7150,true,,
AMERICAN JOURNAL OF EMERGENCY MEDICINE,0735-6757;1532-8171,true,,
AMERICAN JOURNAL OF HEALTH BEHAVIOR,1945-7359;1087-3244,true,,
AMERICAN JOURNAL OF HEALTH PROMOTION,0890-1171;2168-6602,true,,
AMERICAN JOURNAL OF HEALTH-SYSTEM PHARMACY,1079-2082;1535-2900,true,,
American Journal of Hospice & Palliative Medicine,1049-9091;1938-2715,true,,
AMERICAN JOURNAL OF HUMAN BIOLOGY,1042-0533;1520-6300,true,,
AMERICAN JOURNAL OF HYPERTENSION,0895-7061;1941-7225,true,,
AMERICAN JOURNAL OF INDUSTRIAL MEDICINE,0271-3586;1097-0274,true,,
AMERICAN JOURNAL OF INFECTION CONTROL,0196-6553;1527-3296,true,,
AMERICAN JOURNAL OF LEGAL HISTORY,0002-9319;2161-797X,true,,
AMERICAN JOURNAL OF MANAGED CARE,1088-0224;1096-1860;1936-2692,true,,
AMERICAN JOURNAL OF MEDICAL QUALITY,1062-8606;1555-824X,true,,
American Journal of Mens Health,1557-9883;1557-9891,true,,
AMERICAN JOURNAL OF NEPHROLOGY,0250-8095;1421-9670,true,,
AMERICAN JOURNAL OF OCCUPATIONAL THERAPY,0272-9490;1943-7676,true,,
AMERICAN JOURNAL OF OTOLARYNGOLOGY,0196-0709;1532-818X,true,,
AMERICAN JOURNAL OF PHARMACEUTICAL EDUCATION,0002-9459;1553-6467,true,,
AMERICAN JOURNAL OF PHYSICAL MEDICINE & REHABILITATION,0894-9115;1537-7385,true,,
AMERICAN JOURNAL OF PHYSICS,0002-9505;1943-2909,true,,
AMERICAN JOURNAL OF PHYSIOLOGY-GASTROINTESTINAL AND LIVER PHYSIOLOGY,0193-1857;1522-1547,true,,
AMERICAN JOURNAL OF PHYSIOLOGY-REGULATORY INTEGRATIVE AND COMPARATIVE PHYSIOLOGY,0363-6119;1522-1490,true,,
AMERICAN JOURNAL OF PHYSIOLOGY-RENAL PHYSIOLOGY,1931-857X;1522-1466,true,,
AMERICAN JOURNAL OF POTATO RESEARCH,1099-209X;1874-9380,true,,
AMERICAN JOURNAL OF PRIMATOLOGY,0275-2565;1098-2345,true,,
AMERICAN JOURNAL OF PSYCHOLOGY,0002-9556;1939-8298,true,,
American Journal of Rhinology & Allergy,1945-8924;1945-8932,true,,
American Journal of Translational Research,1943-8141,true,,
AMERICAN JOURNAL OF VETERINARY RESEARCH,0002-9645;1943-5681,true,,
AMERICAN JOURNAL ON ADDICTIONS,1055-0496;1521-0391,true,,
AMERICAN LITERARY REALISM,0002-9823;2326-9235;1540-3084,true,,
AMERICAN POETRY REVIEW,0360-3709,true,,
AMERICAN SPEECH,0003-1283;1527-2133,true,,
Amfiteatru Economic,1582-9146;2247-9104,true,,
AMPHIBIAN & REPTILE CONSERVATION,1083-446X;1525-9153,true,,
AMPHIBIA-REPTILIA,0173-5373;1568-5381,true,,
ANAESTHESIA AND INTENSIVE CARE,0310-057X;1448-0271,true,,
Anaesthesia Critical Care & Pain Medicine,2352-5568,true,,
Anaesthesiology Intensive Therapy,1642-5758;1731-2531,true,,
Anagnorisis-Revista de Investigacion Teatral,2013-6986,true,,
ANAIS BRASILEIROS DE DERMATOLOGIA,0365-0596;1806-4841,true,,
ANALES CERVANTINOS,0569-9878;1988-8325,true,,
ANALES DE LA LITERATURA ESPANOLA CONTEMPORANEA,0272-1635,true,,
Anales de Literatura Chilena,0717-6058,true,,
Analyses of Social Issues and Public Policy,1529-7489;1530-2415,true,,
ANALYTICAL AND BIOANALYTICAL CHEMISTRY,1618-2642;1618-2650,true,,
ANALYTICAL BIOCHEMISTRY,0003-2697;1096-0309,true,,
Analytical Cellular Pathology,2210-7177;2210-7185,true,,
Analytical Methods,1759-9660;1759-9679,true,,
Anatomy & Cell Biology,2093-3665;2093-3673,true,,
Ancient Civilizations from Scythia to Siberia,0929-077X;1570-0577,true,,
Ancient Near Eastern Studies,1378-4641;1783-1326,true,,
Andean Geology,0718-7106;0718-7092,true,,
ANDROLOGIA,0303-4569;1439-0272,true,,
Anemia,2090-1267;2090-1275,true,,
Anesthesiology Research and Practice,1687-6962;1687-6970,true,,
ANGELAKI-JOURNAL OF THE THEORETICAL HUMANITIES,0969-725X;1469-2899,true,,
ANGIOLOGY,0003-3197;1940-1574,true,,
ANGLIA-ZEITSCHRIFT FUR ENGLISCHE PHILOLOGIE,0340-5222;1865-8938,true,,
ANIMAL BIODIVERSITY AND CONSERVATION,1578-665X;2014-928X,true,,
Animal Production Science,1836-0939;1836-5787,true,,
ANIMAL WELFARE,0962-7286,true,,
Annales de l Institut Henri Poincare D,2308-5827;2308-5835,true,,
ANNALES DE PALEONTOLOGIE,0753-3969;1778-3666,true,,
ANNALES HISTORIQUES DE LA REVOLUTION FRANCAISE,0003-4436;1952-403X,true,,
Annales Polonici Mathematici,0066-2216;1730-6272,true,,
ANNALES ZOOLOGICI,0003-4541;1734-1833,true,,
Annales-Anali za Istrske in Mediteranske Studije-Series Historia et Sociologia,1408-5348,true,,
ANNALS OF AGRICULTURAL SCIENCE,0570-1783,true,,
ANNALS OF ALLERGY ASTHMA & IMMUNOLOGY,1081-1206;1534-4436,true,,
Annals of Cardiothoracic Surgery,2225-319X;2304-1021,true,,
ANNALS OF CARNEGIE MUSEUM,0097-4463;1943-6300,true,,
ANNALS OF CLINICAL BIOCHEMISTRY,0004-5632;1758-1001,true,,
Annals of Clinical Psychiatry,1040-1237;1547-3325,true,,
Annals of Dermatology,1013-9087,true,,
Annals of Diagnostic Pathology,1092-9134;1532-8198,true,,
Annals of Finance,1614-2446;1614-2454,true,,
Annals of Functional Analysis,2008-8752,true,,
Annals of Gastroenterology,1108-7471;1792-7463,true,,
Annals of General Psychiatry,1744-859X,true,,
ANNALS OF GEOPHYSICS,1593-5213;2037-416X,true,,
Annals of Global Health,2214-9996,true,,
ANNALS OF HEMATOLOGY,0939-5555;1432-0584,true,,
Annals of Hepatology,1665-2681,true,,
ANNALS OF HUMAN GENETICS,0003-4800;1469-1809,true,,
Annals of K-Theory,2379-1683;2379-1691,true,,
Annals of Laboratory Medicine,2234-3806;2234-3814,true,,
Annals of Leisure Research,1174-5398;2159-6816,true,,
Annals of Library and Information Studies,0972-5423;0975-2404,true,,
Annals of Medicine and Surgery,2049-0801,true,,
ANNALS OF MICROBIOLOGY,1590-4261;1869-2044,true,,
ANNALS OF NONINVASIVE ELECTROCARDIOLOGY,1082-720X;1542-474X,true,,
ANNALS OF NUCLEAR MEDICINE,0914-7187;1864-6433,true,,
ANNALS OF OPERATIONS RESEARCH,0254-5330;1572-9338,true,,
ANNALS OF OTOLOGY RHINOLOGY AND LARYNGOLOGY,0003-4894;1943-572X,true,,
Annals of Pediatric Cardiology,0974-2069;0974-5149,true,,
ANNALS OF PLASTIC SURGERY,0148-7043;1536-3708,true,,
Annals of Public and Cooperative Economics,1370-4788;1467-8292,true,,
ANNALS OF REGIONAL SCIENCE,0570-1864;1432-0592,true,,
Annals of Rehabilitation Medicine-ARM,2234-0645;2234-0653,true,,
ANNALS OF SCIENCE,0003-3790;1464-505X,true,,
Annals of Surgical Treatment and Research,2288-6575;2288-6796,true,,
Annals of Telecommunications,0003-4347;1958-9395,true,,
ANNALS OF THE ENTOMOLOGICAL SOCIETY OF AMERICA,0013-8746;1938-2901,true,,
Annals of Thoracic Medicine,1817-1737;1998-3557,true,,
ANNALS OF VASCULAR SURGERY,0890-5096;1615-5947,true,,
Annals of Work Exposures and Health,2398-7308;2398-7316,true,,
ANTARCTIC SCIENCE,0954-1020;1365-2079,true,,
ANTHROPOLOGIE,0003-5521;1873-5827,true,,
Anthropologie-International Journal of Human Diversity and Evolution,0323-1119;2570-9127,true,,
ANTHROPOLOGISCHER ANZEIGER,0003-5548,true,,
Anthropology of Consciousness,1053-4202;1556-3537,true,,
Anthropology of Work Review,0883-024X;1548-1417,true,,
Anthropology Today,0268-540X;1467-8322,true,,
ANTHROPOS,0257-9774,true,,
Antibiotics-Basel,2079-6382,true,,
Antibodies,2073-4468,true,,
Anti-Cancer Agents in Medicinal Chemistry,1871-5206;1875-5992,true,,
ANTI-CANCER DRUGS,0959-4973;1473-5741,true,,
ANTICANCER RESEARCH,0250-7005;1791-7530,true,,
ANTIKE UND ABENDLAND,0003-5696;1613-0421,true,,
ANTIQUARIES JOURNAL,0003-5815;1758-5309,true,,
ANTONIE VAN LEEUWENHOEK INTERNATIONAL JOURNAL OF GENERAL AND MOLECULAR MICROBIOLOGY,0003-6072;1572-9699,true,,
Anuario Calderoniano,1888-8046,true,,
Anuario De Psicologia Juridica,1133-0740;2174-0542,true,,
Anuario IEHS,0326-9671,true,,
ANZ JOURNAL OF SURGERY,1445-1433;1445-2197,true,,
Apeiron-A Journal for Ancient Philosophy and Science,0003-6390;2156-7093,true,,
APERTURE,0003-6420,true,,
APHASIOLOGY,0268-7038;1464-5041,true,,
APMIS,0903-4641;1600-0463,true,,
Appalachian Heritage-A Literary Quarterly of the Southern Appalachians,0363-2318;1940-5081,true,,
APPLICABLE ANALYSIS,0003-6811;1563-504X;1026-7360,true,,
Applicable Analysis and Discrete Mathematics,1452-8630;2406-100X,true,,
Applied and Computational Mathematics,1683-3511;1683-6154,true,,
APPLIED BIOCHEMISTRY AND BIOTECHNOLOGY,0273-2289;1559-0291,true,,
Applied Bionics and Biomechanics,1176-2322;1754-2103,true,,
APPLIED CATEGORICAL STRUCTURES,0927-2852;1572-9095,true,,
Applied Clinical Informatics,1869-0327,true,,
APPLIED COGNITIVE PSYCHOLOGY,0888-4080;1099-0720,true,,
APPLIED COMPOSITE MATERIALS,0929-189X;1573-4897,true,,
Applied Developmental Science,1088-8691;1532-480X,true,,
APPLIED ENTOMOLOGY AND ZOOLOGY,0003-6862;1347-605X,true,,
Applied Geophysics,1672-7975;1993-0658,true,,
APPLIED IMMUNOHISTOCHEMISTRY & MOLECULAR MORPHOLOGY,1541-2016;1533-4058,true,,
APPLIED INTELLIGENCE,0924-669X;1573-7497,true,,
APPLIED MATHEMATICS AND MECHANICS-ENGLISH EDITION,0253-4827;1573-2754,true,,
APPLIED MEASUREMENT IN EDUCATION,0895-7347;1532-4818,true,,
APPLIED NUMERICAL MATHEMATICS,0168-9274;1873-5460,true,,
APPLIED PHYSICS A-MATERIALS SCIENCE & PROCESSING,0947-8396;1432-0630,true,,
APPLIED PHYSICS B-LASERS AND OPTICS,0946-2171;1432-0649,true,,
Applied Physics Express,1882-0778;1882-0786,true,,
Applied Physiology Nutrition and Metabolism,1715-5312;1715-5320,true,,
APPLIED PSYCHOLOGICAL MEASUREMENT,0146-6216;1552-3497,true,,
APPLIED PSYCHOPHYSIOLOGY AND BIOFEEDBACK,1090-0586;1573-3270,true,,
APPLIED RADIATION AND ISOTOPES,0969-8043,true,,
Applied Research in Quality of Life,1871-2584;1871-2576,true,,
Applied Spatial Analysis and Policy,1874-463X;1874-4621,true,,
APPLIED SPECTROSCOPY,0003-7028;1943-3530,true,,
Applied Water Science,2190-5487;2190-5495,true,,
APSIPA Transactions on Signal and Information Processing,2048-7703,true,,
AQUACULTURAL ENGINEERING,0144-8609;1873-5614,true,,
AQUACULTURE INTERNATIONAL,0967-6120;1573-143X,true,,
AQUACULTURE RESEARCH,1355-557X;1365-2109,true,,
Aquatic Biology,1864-7790;1864-7782,true,,
AQUATIC BOTANY,0304-3770;1879-1522,true,,
AQUATIC ECOLOGY,1386-2588;1573-5125,true,,
AQUATIC GEOCHEMISTRY,1380-6165;1573-1421,true,,
AQUATIC MICROBIAL ECOLOGY,0948-3055;1616-1564,true,,
Arab Journal of Urology,2090-598X;2090-5998,true,,
Arabian Journal of Chemistry,1878-5352;1878-5379,true,,
ARCHAEA-AN INTERNATIONAL MICROBIOLOGICAL JOURNAL,1472-3646;1472-3654,true,,
ARCHAEOFAUNA,1132-6891,true,,
Archaeologia Austriaca,0003-8008;1816-2959,true,,
Archaeological Journal,0066-5983;2373-2288,true,,
Archaeology Ethnology and Anthropology of Eurasia,1563-0110;1531-832X,true,,
Archipel-Etudes interdisciplinaires sur le monde insulindien,0044-8613;2104-3655,true,,
Architectural Histories,2050-5833,true,,
ARCHITECTURAL HISTORY,0066-622X;2059-5670,true,,
Architectural Science Review,0003-8628;1758-9622,true,,
Architecture Civil Engineering Environment,1899-0142,true,,
ARCHIV DER MATHEMATIK,0003-889X;1420-8938,true,,
ARCHIV DER PHARMAZIE,0365-6233;1521-4184,true,,
Archiv fur Papyrusforschung und Verwandte Gebiete,0066-6459;1867-1551,true,,
ARCHIV FUR REFORMATIONSGESCHICHTE-ARCHIVE FOR REFORMATION HISTORY,0003-9381;2198-0489,true,,
Archive for the Psychology of Religion-Archiv fur Religionspsychologie,0084-6724;1573-6121,true,,
ARCHIVE OF APPLIED MECHANICS,0939-1533;1432-0681,true,,
Archive of Mechanical Engineering,0004-0738;2300-1895,true,,
Archives and Records-The Journal of the Archives and Records Association,2325-7962;2325-7989,true,,
Archives Animal Breeding,0003-9438;2363-9822,true,,
ARCHIVES EUROPEENNES DE SOCIOLOGIE,0003-9756;1474-0583,true,,
Archives of Bone and Joint Surgery-ABJS,2345-4644;2345-461X,true,,
Archives of Budo Science of Martial Arts and Extreme Sports,2300-8822,true,,
Archives of Cardiovascular Diseases,1875-2136;1875-2128,true,,
ARCHIVES OF CLINICAL NEUROPSYCHOLOGY,0887-6177;1873-5843,true,,
ARCHIVES OF DERMATOLOGICAL RESEARCH,0340-3696;1432-069X,true,,
Archives of Disease in Childhood-Education and Practice Edition,1743-0585;1743-0593,true,,
ARCHIVES OF ENVIRONMENTAL CONTAMINATION AND TOXICOLOGY,0090-4341;1432-0703,true,,
Archives of Foundry Engineering,1897-3310;2299-2944,true,,
ARCHIVES OF GERONTOLOGY AND GERIATRICS,0167-4943;1872-6976,true,,
ARCHIVES OF GYNECOLOGY AND OBSTETRICS,0932-0067;1432-0711,true,,
Archives of Iranian Medicine,1029-2977;1735-3947,true,,
ARCHIVES OF MEDICAL RESEARCH,0188-4409;1873-5487,true,,
ARCHIVES OF MICROBIOLOGY,0302-8933;1432-072X,true,,
ARCHIVES OF ORAL BIOLOGY,0003-9969;1879-1506,true,,
Archives of Osteoporosis,1862-3522;1862-3514,true,,
ARCHIVES OF PHARMACAL RESEARCH,0253-6269;1976-3786,true,,
ARCHIVES OF PHYSIOLOGY AND BIOCHEMISTRY,1381-3455;1744-4160,true,,
Archives of Plastic Surgery-APS,2234-6163;2234-6171,true,,
ARCHIVES OF PSYCHIATRIC NURSING,0883-9417;1532-8228,true,,
Archives of Psychiatry and Psychotherapy,1509-2046;2083-828X,true,,
ARCHIVES OF SUICIDE RESEARCH,1381-1118;1543-6136,true,,
Archives of Thermodynamics,1231-0956;2083-6023,true,,
ARCHIVES OF VIROLOGY,0304-8608;1432-8798,true,,
ARCHIVOS DE BRONCONEUMOLOGIA,0300-2896;1579-2129,true,,
ARCTIC,0004-0843;1923-1245,true,,
ARCTIC ANTARCTIC AND ALPINE RESEARCH,1523-0430;1938-4246,true,,
Argumenta Oeconomica,1233-5835,true,,
Arheoloski Vestnik,0570-8966;1581-1204,true,,
ARION-A JOURNAL OF HUMANITIES AND THE CLASSICS,0095-5809,true,,
Arizona Quarterly,0004-1610;1558-9595,true,,
ARKIV FOR MATEMATIK,0004-2080;1871-2487,true,,
Arms & Armour,1741-6124;1749-6268,true,,
arq-Architectural Research Quarterly,1359-1355;1474-0516,true,,
Arqueologia de la Arquitectura,1695-2731;1989-5313,true,,
Arqueologia Iberoamericana,1989-4104,true,,
Arrhythmia & Electrophysiology Review,2050-3369;2050-3377,true,,
Art Design & Communication in Higher Education,1474-273X;2040-0896,true,,
Art Documentation,0730-7187;2161-9417,true,,
ART IN AMERICA,0004-3214,true,,
Arte Individuo y Sociedad,1988-2408;1131-5598,true,,
Arte y Politicas de Identidad,1889-979X;1989-8452,true,,
Arterial Hypertension,2449-6170;2449-6162,true,,
ARTHROPOD STRUCTURE & DEVELOPMENT,1467-8039;1873-5495,true,,
Arthroscopy Techniques,2212-6287,true,,
Artificial Cells Nanomedicine and Biotechnology,2169-1401;2169-141X,true,,
ARTIFICIAL ORGANS,0160-564X;1525-1594,true,,
Artificial Satellites-Journal of Planetary Geodesy,0208-841X;2083-6104;1509-3859,true,,
Arts & Health,1753-3015;1753-3023,true,,
Arts and Humanities in Higher Education,1474-0222;1741-265X,true,,
ARTS IN PSYCHOTHERAPY,0197-4556;1873-5878,true,,
ARTS OF ASIA,0004-4083,true,,
ASAIO JOURNAL,1058-2916;1538-943X,true,,
Asclepio-Revista de Historia de la Medicina y de la Ciencia,0210-4466;1988-3102,true,,
ASHRAE JOURNAL,0001-2491;1943-6637;0364-9962,true,,
Asia & the Pacific Policy Studies,2050-2680,true,,
Asia Europe Journal,1610-2932;1612-1031,true,,
Asia Pacific Business Review,1360-2381;1743-792X,true,,
Asia Pacific Education Review,1598-1037;1876-407X,true,,
Asia Pacific Journal of Anthropology,1444-2213;1740-9314,true,,
Asia Pacific Journal of Human Resources,1038-4111;1744-7941,true,,
Asia Pacific Journal of Marketing and Logistics,1355-5855;1758-4248,true,,
Asia Pacific Journal of Tourism Research,1094-1665;1741-6507,true,,
Asia Pacific Law Review,1019-2557;1875-8444,true,,
Asian American Journal of Psychology,1948-1985;1948-1993,true,,
Asian and Pacific Migration Journal,0117-1968;2057-049X,true,,
Asian Business & Management,1472-4782;1476-9328,true,,
Asian Cinema,1059-440X;2049-6710,true,,
Asian Economic Papers,1535-3516;1536-0083,true,,
Asian Economic Policy Review,1832-8105;1748-3131,true,,
Asian Englishes,1348-8678;2331-2548,true,,
Asian Ethnicity,1463-1369;1469-2953,true,,
ASIAN JOURNAL OF ANDROLOGY,1008-682X;1745-7262,true,,
ASIAN JOURNAL OF CONTROL,1561-8625;1934-6093,true,,
Asian Journal of International Law,2044-2513;2044-2521,true,,
Asian Journal of Law and Society,2052-9015;2052-9023,true,,
Asian Journal of Organic Chemistry,2193-5807;2193-5815,true,,
Asian Journal of Psychiatry,1876-2018;1876-2026,true,,
Asian Journal of Shipping and Logistics,2092-5212;2352-4871,true,,
ASIAN JOURNAL OF SOCIAL PSYCHOLOGY,1367-2223;1467-839X,true,,
Asian Journal of Surgery,1015-9584;0219-3108,true,,
Asian Journal of Transfusion Science,1998-3565;0973-6247,true,,
ASIAN MUSIC,0044-9202;1553-5630,true,,
Asian Nursing Research,1976-1317;2093-7482,true,,
Asian Pacific Journal of Tropical Medicine,1995-7645;2352-4146,true,,
Asian Perspective,0258-9184,true,,
Asian Politics & Policy,1943-0779;1943-0787,true,,
Asian Review of Accounting,1321-7348;1758-8863,true,,
Asian Spine Journal,1976-1902;1976-7846,true,,
Asian Studies Review,1035-7823;1467-8403,true,,
Asian Studies-Azijske Studije,2232-5131;2350-4226,true,,
ASIAN SURVEY,0004-4687;1533-838X,true,,
ASIANetwork Exchange-A Journal for Asian Studies in the Liberal Arts,1943-9946,true,,
Asian-Pacific Economic Literature,0818-9935;1467-8411,true,,
Asia-Pacific Education Researcher,0119-5646;2243-7908,true,,
Asia-Pacific Journal of Oncology Nursing,2347-5625;2349-6673,true,,
Asia-Pacific Journal of Ophthalmology,2162-0989,true,,
Asia-Pacific Journal of Public Health,1010-5395;1941-2479,true,,
Asia-Pacific Journal of Teacher Education,1359-866X;1469-2945,true,,
ASSAY AND DRUG DEVELOPMENT TECHNOLOGIES,1540-658X;1557-8127,true,,
ASSEMBLY AUTOMATION,0144-5154;1758-4078,true,,
AStA-Advances in Statistical Analysis,1863-8171;1863-818X,true,,
Astin Bulletin,0515-0361;1783-1350,true,,
ASTRONOMISCHE NACHRICHTEN,0004-6337;1521-3994,true,,
ASTRONOMY LETTERS-A JOURNAL OF ASTRONOMY AND SPACE ASTROPHYSICS,1063-7737;1562-6873,true,,
ASTROPHYSICS AND SPACE SCIENCE,0004-640X;1572-946X,true,,
Atalanta-Revista de las Letras Barrocas,2340-1176,true,,
ATHENAEUM-STUDI PERIODICI DI LETTERATURA E STORIA DELL ANTICHITA,0004-6574,true,,
ATMOSFERA,0187-6236,true,,
Atmosphere,2073-4433,true,,
Atmospheric Pollution Research,1309-1042,true,,
ATOMIZATION AND SPRAYS,1044-5110;1936-2684,true,,
Attention Perception & Psychophysics,1943-3921;1943-393X,true,,
Audiology Research,2039-4330;2039-4349,true,,
AUSTRAL ECOLOGY,1442-9985;1442-9993,true,,
Austral Entomology,2052-1758;2052-174X,true,,
Australasian Journal of Combinatorics,2202-3518;1034-4942,true,,
AUSTRALASIAN JOURNAL OF DERMATOLOGY,0004-8380;1440-0960,true,,
Australasian Journal of Environmental Management,1448-6563;2159-5356,true,,
Australasian Marketing Journal,1441-3582;1839-3349,true,,
AUSTRALIAN & NEW ZEALAND JOURNAL OF OBSTETRICS & GYNAECOLOGY,0004-8666;1479-828X,true,,
AUSTRALIAN & NEW ZEALAND JOURNAL OF STATISTICS,1369-1473;1467-842X,true,,
Australian Accounting Review,1035-6908;1835-2561,true,,
AUSTRALIAN AND NEW ZEALAND JOURNAL OF CRIMINOLOGY,0004-8658;1837-9273,true,,
AUSTRALIAN AND NEW ZEALAND JOURNAL OF PUBLIC HEALTH,1326-0200;1753-6405,true,,
AUSTRALIAN ARCHAEOLOGY,0312-2417;2470-0363,true,,
AUSTRALIAN EDUCATIONAL RESEARCHER,0311-6999;2210-5328,true,,
AUSTRALIAN GEOGRAPHER,0004-9182;1465-3311,true,,
Australian Health Review,0156-5788;1449-8944,true,,
Australian Humanities Review,1835-8063;1325-8338,true,,
AUSTRALIAN JOURNAL OF AGRICULTURAL AND RESOURCE ECONOMICS,1364-985X;1467-8489,true,,
Australian Journal of Anthropology,1035-8811;1757-6547,true,,
AUSTRALIAN JOURNAL OF EARTH SCIENCES,0812-0099;1440-0952,true,,
AUSTRALIAN JOURNAL OF EDUCATION,0004-9441;2050-5884,true,,
AUSTRALIAN JOURNAL OF FRENCH STUDIES,0004-9468;2046-2913,true,,
Australian Journal of Indigenous Education,1326-0111;2049-7784,true,,
Australian Journal of Language and Literacy,1038-1562;1839-4728,true,,
AUSTRALIAN JOURNAL OF MANAGEMENT,0312-8962;1327-2020,true,,
AUSTRALIAN JOURNAL OF PSYCHOLOGY,0004-9530;1742-9536,true,,
AUSTRALIAN JOURNAL OF PUBLIC ADMINISTRATION,0313-6647;1467-8500,true,,
AUSTRALIAN JOURNAL OF SOCIAL ISSUES,1839-4655;0157-6321,true,,
Australian Journal of Teacher Education,1835-517X;0313-5373,true,,
Australian Occupational Therapy Journal,0045-0766;1440-1630,true,,
Australian Social Work,0312-407X;1447-0748,true,,
Autoimmune Diseases,2090-0422;2090-0430,true,,
AUTOIMMUNITY,0891-6934;1607-842X,true,,
AUTONOMIC NEUROSCIENCE-BASIC & CLINICAL,1566-0702;1872-7484,true,,
AUTONOMOUS AGENTS AND MULTI-AGENT SYSTEMS,1387-2532;1573-7454,true,,
AVANT SCENE OPERA,0295-1371;0764-2873,true,,
Avian Conservation and Ecology,1712-6568;1712-6576,true,,
AVIAN DISEASES,0005-2086;1938-4351,true,,
Ayer,1134-2277,true,,
B E Journal of Macroeconomics,1935-1690,true,,
Babel-Revue Internationale de la Traduction-International Journal of Translation,0521-9744;1569-9668,true,,
BALLET REVIEW,0522-0653,true,,
BALTIC FORESTRY,1392-1355,true,,
Baltic Journal of Health and Physical Activity,2080-1297;2080-9999,true,,
Baltic Journal of Management,1746-5265;1746-5273,true,,
Baltic Journal of Road and Bridge Engineering,1822-427X;1822-4288,true,,
Banach Journal of Mathematical Analysis,1735-8787,true,,
BASIC & CLINICAL PHARMACOLOGY & TOXICOLOGY,1742-7835;1742-7843,true,,
BASIC AND APPLIED ECOLOGY,1439-1791;1618-0089,true,,
Basic and Clinical Neuroscience,2008-126X;2228-7442,true,,
BEHAVIOR GENETICS,0001-8244;1573-3297,true,,
BEHAVIOR MODIFICATION,0145-4455;1552-4167,true,,
Behavioral and Brain Functions,1744-9081,true,,
BEHAVIORAL MEDICINE,0896-4289;1940-4026,true,,
Behavioral Research in Accounting,1050-4753;1558-8009,true,,
Behavioral Sciences of Terrorism and Political Aggression,1943-4472;1943-4480,true,,
Behavioral Sleep Medicine,1540-2002;1540-2010,true,,
BEHAVIOUR,0005-7959;1568-539X,true,,
BEHAVIOUR & INFORMATION TECHNOLOGY,0144-929X;1362-3001,true,,
BEHAVIOURAL AND COGNITIVE PSYCHOTHERAPY,1352-4658;1469-1833,true,,
BEHAVIOURAL NEUROLOGY,0953-4180;1875-8584,true,,
BEHAVIOURAL PHARMACOLOGY,0955-8810;1473-5849,true,,
BEHAVIOURAL PROCESSES,0376-6357;1872-8308,true,,
Beilstein Journal of Organic Chemistry,1860-5397,true,,
BELGIAN JOURNAL OF ZOOLOGY,0777-6276;2295-0451,true,,
Belphegor,1499-7185,true,,
Benchmarking-An International Journal,1463-5771;1758-4094,true,,
Beneficial Microbes,1876-2883;1876-2891,true,,
Berichte zur Wissenschaftsgeschichte,0170-6233;1522-2365,true,,
Beton- und Stahlbetonbau,0005-9900;1437-1006,true,,
Biblical Interpretation-A Journal of Contemporary Approaches,0927-2569;1568-5152,true,,
Bibliofilia,0006-0941;2035-6110,true,,
BIBLISCHE ZEITSCHRIFT,0006-2014,true,,
Big Data,2167-6461;2167-647X,true,,
BIJDRAGEN TOT DE TAAL- LAND- EN VOLKENKUNDE,0006-2294,true,,
BIOACOUSTICS-THE INTERNATIONAL JOURNAL OF ANIMAL SOUND AND ITS RECORDING,0952-4622;2165-0586,true,,
Bioanalysis,1757-6180;1757-6199,true,,
Biocatalysis and Agricultural Biotechnology,1878-8181,true,,
Biochemistry and Cell Biology,0829-8211;1208-6002,true,,
BIOCHEMISTRY-MOSCOW,0006-2979;1608-3040,true,,
BIOCHIMICA ET BIOPHYSICA ACTA-PROTEINS AND PROTEOMICS,1570-9639,true,,
BioData Mining,1756-0381,true,,
BIODEGRADATION,0923-9820;1572-9729,true,,
Biodemography and Social Biology,1948-5565;1948-5573,true,,
BIOFACTORS,0951-6433;1872-8081,true,,
BIOFOULING,0892-7014;1029-2454,true,,
BioImpacts,2228-5652;2228-5660,true,,
Bioinformatics and Biology Insights,1177-9322,true,,
Biointerphases,1934-8630;1559-4106,true,,
BioInvasions Records,2242-1300,true,,
BIOLOGIA PLANTARUM,0006-3134;1573-8264,true,,
BIOLOGICAL & PHARMACEUTICAL BULLETIN,0918-6158;1347-5215,true,,
BIOLOGICAL AGRICULTURE & HORTICULTURE,0144-8765;2165-0616,true,,
BIOLOGICAL BULLETIN,0006-3185;1939-8697,true,,
BIOLOGICAL CHEMISTRY,1431-6730;1437-4315,true,,
BIOLOGICAL CYBERNETICS,0340-1200;1432-0770,true,,
BIOLOGICAL JOURNAL OF THE LINNEAN SOCIETY,0024-4066;1095-8312,true,,
BIOLOGICAL TRACE ELEMENT RESEARCH,0163-4984;1559-0720,true,,
BIOLOGICALS,1045-1056;1095-8320,true,,
Biology of Mood & Anxiety Disorders,2045-5380,true,,
BIOLOGY OF THE CELL,0248-4900;1768-322X,true,,
Biology Open,2046-6390,true,,
Biomarker Insights,1177-2719,true,,
BIOMARKERS,1354-750X;1366-5804,true,,
Biomarkers in Medicine,1752-0363;1752-0371,true,,
Biomass Conversion and Biorefinery,2190-6815;2190-6823,true,,
BIOMEDICAL AND ENVIRONMENTAL SCIENCES,0895-3988,true,,
Biomedical Engineering Online,1475-925X,true,,
Biomedical Human Kinetics,0043-9630;2080-2234,true,,
Biomedical Journal,2319-4170;2320-2890,true,,
Biomedical Materials,1748-6041;1748-605X,true,,
BIOMEDICAL MICRODEVICES,1387-2176;1572-8781,true,,
Biomedical Reports,2049-9434;2049-9442,true,,
BIOMEDICAL RESEARCH-TOKYO,0388-6107;1880-313X,true,,
BIOMETALS,0966-0844;1572-8773,true,,
Biomicrofluidics,1932-1058,true,,
Biomolecules & Therapeutics,1976-9148;2005-4483,true,,
BIOORGANIC & MEDICINAL CHEMISTRY,0968-0896;1464-3391,true,,
BIOORGANIC & MEDICINAL CHEMISTRY LETTERS,0960-894X;1464-3405,true,,
BIOPHYSICAL CHEMISTRY,0301-4622;1873-4200,true,,
BIOPOLYMERS,0006-3525;1097-0282,true,,
Biopreservation and Biobanking,1947-5535;1947-5543,true,,
BIOPROCESS AND BIOSYSTEMS ENGINEERING,1615-7591;1615-7605,true,,
BioResearch Open Access,2164-7860,true,,
BIOSCIENCE REPORTS,0144-8463;1573-4935,true,,
BioScience Trends,1881-7815;1881-7823,true,,
Biosensors-Basel,2079-6374,true,,
BIOSYSTEMS,0303-2647;1872-8324,true,,
BIOTECHNIQUES,0736-6205;1940-9818,true,,
BIOTECHNOLOGIE AGRONOMIE SOCIETE ET ENVIRONNEMENT,1370-6233;1780-4507,true,,
BIOTECHNOLOGY LETTERS,0141-5492;1573-6776,true,,
BIOTECHNOLOGY PROGRESS,8756-7938;1520-6033,true,,
BIOTROPICA,0006-3606;1744-7429,true,,
BIRD STUDY,0006-3657;1944-6705,true,,
Black Camera,1536-3155;1947-4237,true,,
BLACK MUSIC RESEARCH JOURNAL,0276-3605;1946-1615,true,,
BLOOD CELLS MOLECULES AND DISEASES,1079-9796;1096-0961,true,,
BLOOD PRESSURE,0803-7051;1651-1999,true,,
BLOOD PURIFICATION,0253-5068;1421-9735,true,,
Blood Transfusion,1723-2007;2385-2070,true,,
BLUMEA,0006-5196;0373-4293,true,,
BMC BIOCHEMISTRY,1471-2091,true,,
BMC Biophysics,2046-1682,true,,
BMC BIOTECHNOLOGY,1472-6750,true,,
BMC Cardiovascular Disorders,1471-2261,true,,
BMC CELL BIOLOGY,1471-2121,true,,
BMC Dermatology,1471-5945,true,,
BMC Ear Nose and Throat Disorders,1472-6815,true,,
BMC ECOLOGY,1472-6785,true,,
BMC Emergency Medicine,1471-227X,true,,
BMC Endocrine Disorders,1472-6823,true,,
BMC IMMUNOLOGY,1471-2172,true,,
BMC International Health and Human Rights,1472-698X,true,,
BMC Medical Genetics,1471-2350,true,,
BMC MEDICAL IMAGING,1471-2342,true,,
BMC Medical Informatics and Decision Making,1472-6947,true,,
BMC MICROBIOLOGY,1471-2180,true,,
BMC MOLECULAR BIOLOGY,1471-2199,true,,
BMC Neurology,1471-2377,true,,
BMC NEUROSCIENCE,1471-2202,true,,
BMC Ophthalmology,1471-2415,true,,
BMC Pharmacology & Toxicology,2050-6511,true,,
BMC STRUCTURAL BIOLOGY,1472-6807,true,,
BMC Surgery,1471-2482,true,,
BMC Systems Biology,1752-0509,true,,
BMC Urology,1471-2490,true,,
BMC Womens Health,1472-6874,true,,
BMGN-The Low Countries Historical Review,0165-0505;2211-2898,true,,
BMJ Global Health,2059-7908,true,,
BMJ Open Respiratory Research,2052-4439,true,,
BMJ Supportive & Palliative Care,2045-435X;2045-4368,true,,
Bogoslovska Smotra-Ephemerides Theologicae Zagrabienses,0352-3101;1848-9648,true,,
BOLETIN DE LA SOCIEDAD MATEMATICA MEXICANA,1405-213X;2296-4495;0037-8615,true,,
Boletin del Museo Chileno de Arte Precolombino,0716-1530;0718-6894,true,,
BOLLETTINO DELLA UNIONE MATEMATICA ITALIANA,1972-6724;2198-2759,true,,
Bone Marrow Research,2090-2999;2090-3006,true,,
Bookbird-A Journal of International Childrens Literature,0006-7377;1918-6983,true,,
Borderline Personality Disorder and Emotion Dysregulation,2051-6673,true,,
BOREAL ENVIRONMENT RESEARCH,1239-6095;1797-2469,true,,
Borsa Istanbul Review,2214-8450;2214-8469,true,,
Botanical Studies,1999-3110;1817-406X,true,,
Botany,1916-2790;1916-2804,true,,
BOTHALIA,0006-8241;2311-9284,true,,
BRAC-Barcelona Research Art Creation,2014-8992,true,,
Brachytherapy,1538-4721;1873-1449,true,,
BRAGANTIA,1678-4499;0006-8705,true,,
BRAIN & DEVELOPMENT,0387-7604;1872-7131,true,,
Brain and Behavior,2162-3279,true,,
BRAIN BEHAVIOR AND EVOLUTION,0006-8977;1421-9743,true,,
Brain Tumor Pathology,1433-7398;1861-387X,true,,
BRAZILIAN JOURNAL OF CHEMICAL ENGINEERING,0104-6632;1678-4383,true,,
Brazilian Journal of Geology,2317-4889;2317-4692,true,,
Brazilian Journal of Infectious Diseases,1413-8670;1678-4391,true,,
BRAZILIAN JOURNAL OF MEDICAL AND BIOLOGICAL RESEARCH,0100-879X;1678-4510,true,,
BRAZILIAN JOURNAL OF MICROBIOLOGY,1517-8382;1678-4405,true,,
Brazilian Journal of Otorhinolaryngology,1808-8694;1808-8686,true,,
Breast Cancer,1340-6868;1880-4233,true,,
Breast Cancer-Basic and Clinical Research,1178-2234,true,,
Breast Cancer-Targets and Therapy,1179-1314,true,,
Breast Care,1661-3791;1661-3805,true,,
Breast Journal,1075-122X;1524-4741,true,,
Breastfeeding Medicine,1556-8253;1556-8342,true,,
BREEDING SCIENCE,1344-7610;1347-3735,true,,
Britannia,0068-113X;1753-5352,true,,
British Catholic History,2055-7973;2055-7981,true,,
BRITISH DENTAL JOURNAL,0007-0610;1476-5373,true,,
British Food Journal,0007-070X;1758-4108,true,,
British Journal of Canadian Studies,0269-9222;1757-8078,true,,
BRITISH JOURNAL OF DEVELOPMENTAL PSYCHOLOGY,0261-510X;2044-835X,true,,
BRITISH JOURNAL OF GUIDANCE & COUNSELLING,0306-9885;1469-3534,true,,
British Journal of Middle Eastern Studies,1353-0194;1469-3542,true,,
BRITISH JOURNAL OF ORAL & MAXILLOFACIAL SURGERY,0266-4356;1532-1940,true,,
British Journal of Psychotherapy,0265-9883;1752-0118,true,,
BRITISH JOURNAL OF RADIOLOGY,0007-1285;1748-880X,true,,
British Politics,1746-918X;1746-9198,true,,
Brumal-Research Journal on the Fantastic,2014-7910,true,,
BRYOLOGIST,0007-2745;1938-4378,true,,
BUFFALO LAW REVIEW,0023-9356,true,,
Buildings,2075-5309;0007-3725;2471-3112,true,,
Built Environment Project and Asset Management,2044-124X;2044-1258,true,,
BULLETIN DE CORRESPONDANCE HELLENIQUE,0007-4217;2241-0104,true,,
BSGF-Earth Sciences Bulletin,0037-9409;1777-5817,true,,
BULLETIN HISPANIQUE,0007-4640,true,,
BULLETIN OF ENTOMOLOGICAL RESEARCH,0007-4853;1475-2670,true,,
BULLETIN OF GEOSCIENCES,1214-1119;1802-8225,true,,
Bulletin of Glaciological Research,1345-3807;1884-8044,true,,
BULLETIN OF HISPANIC STUDIES,1475-3839;1478-3398,true,,
BULLETIN OF INSECTOLOGY,1721-8861,true,,
BULLETIN OF MARINE SCIENCE,0007-4977;1553-6955,true,,
BULLETIN OF MATHEMATICAL BIOLOGY,0092-8240;1522-9602,true,,
BULLETIN OF THE ATOMIC SCIENTISTS,0096-3402;1938-3282,true,,
BULLETIN OF THE BELGIAN MATHEMATICAL SOCIETY-SIMON STEVIN,1370-1444;2034-1970,true,,
BULLETIN OF THE GEOLOGICAL SOCIETY OF FINLAND,0367-5211;1799-4632,true,,
BULLETIN OF THE HISTORY OF MEDICINE,0007-5140;1086-3176,true,,
Bulletin of the Malaysian Mathematical Sciences Society,0126-6705;2180-4206,true,,
BULLETIN OF THE MENNINGER CLINIC,0025-9284;1943-2828,true,,
Bulletin of the Peabody Museum of Natural History,0079-032X;2162-4135,true,,
BULLETIN OF THE SCHOOL OF ORIENTAL AND AFRICAN STUDIES-UNIVERSITY OF LONDON,0041-977X;1474-0699,true,,
Bundesgesundheitsblatt-Gesundheitsforschung-Gesundheitsschutz,1436-9990;1437-1588,true,,
BURLINGTON MAGAZINE,0007-6287;2044-9925,true,,
Business and Professional Communication Quarterly,2329-4906;2329-4922,true,,
BUSINESS AND SOCIETY REVIEW,0045-3609;1467-8594,true,,
BUSINESS HISTORY,0007-6791;1743-7938,true,,
BUSINESS HISTORY REVIEW,0007-6805;2044-768X,true,,
Business Process Management Journal,1463-7154;1758-4116,true,,
Bylye Gody,2073-9745,true,,
BYZANTINE AND MODERN GREEK STUDIES,0307-0131;1749-625X,true,,
Cadernos de Saude Publica,0102-311X;1678-4464,true,,
Cadernos de Traducao,1414-526X;2175-7968,true,,
Cahiers des Etudes Anciennes,0317-5065;1923-2713,true,,
CAHIERS DU MONDE RUSSE,1252-6576;1777-5388,true,,
CALCIFIED TISSUE INTERNATIONAL,0171-967X;1432-0827,true,,
CALCOLO,0008-0624;1126-5434,true,,
CALIFORNIA COOPERATIVE OCEANIC FISHERIES INVESTIGATIONS REPORTS,0575-3317,true,,
CALPHAD-COMPUTER COUPLING OF PHASE DIAGRAMS AND THERMOCHEMISTRY,0364-5916;1873-2984,true,,
CAMBRIAN MEDIEVAL CELTIC STUDIES,1353-0089,true,,
Cambridge Journal of Anthropology,0305-7674;2047-7716,true,,
Cambridge Journal of Mathematics,2168-0930;2168-0949,true,,
Cambridge Opera Journal,0954-5867;1474-0621,true,,
Cambridge Review of International Affairs,0955-7571;1474-449X,true,,
CANADIAN FAMILY PHYSICIAN,0008-350X;1715-5258,true,,
CANADIAN GEOGRAPHER-GEOGRAPHE CANADIEN,0008-3658;1541-0064,true,,
CANADIAN JOURNAL OF AGRICULTURAL ECONOMICS-REVUE CANADIENNE D AGROECONOMIE,0008-3976;1744-7976,true,,
CANADIAN JOURNAL OF CRIMINOLOGY AND CRIMINAL JUSTICE,1707-7753;1911-0219,true,,
CANADIAN JOURNAL OF DEVELOPMENT STUDIES-REVUE CANADIENNE D ETUDES DU DEVELOPPEMENT,0225-5189;2158-9100,true,,
Canadian Journal of Diabetes,1499-2671,true,,
CANADIAN JOURNAL OF EARTH SCIENCES,0008-4077;1480-3313,true,,
CANADIAN JOURNAL OF ECONOMICS-REVUE CANADIENNE D ECONOMIQUE,0008-4085;1540-5982,true,,
CANADIAN JOURNAL OF EXPERIMENTAL PSYCHOLOGY-REVUE CANADIENNE DE PSYCHOLOGIE EXPERIMENTALE,1196-1961;1878-7290,true,,
Canadian Journal of Gastroenterology and Hepatology,2291-2797;2291-2789,true,,
Canadian Journal of Human Sexuality,1188-4517;2291-7063,true,,
Canadian Journal of Infectious Diseases & Medical Microbiology,1712-9532;1918-1493,true,,
Canadian Journal of Law and Jurisprudence,0841-8209;2056-4260,true,,
Canadian Journal of Law and Society,0829-3201;1911-0227,true,,
CANADIAN JOURNAL OF NEUROLOGICAL SCIENCES,0317-1671;2057-0155,true,,
Canadian Journal of Occupational Therapy-Revue Canadienne d Ergotherapie,0008-4174;1911-9828,true,,
CANADIAN JOURNAL OF OPHTHALMOLOGY-JOURNAL CANADIEN D OPHTALMOLOGIE,0008-4182;1715-3360,true,,
CANADIAN JOURNAL OF PHYSIOLOGY AND PHARMACOLOGY,0008-4212;1205-7541,true,,
CANADIAN JOURNAL OF PLANT PATHOLOGY,0706-0661;1715-2992,true,,
CANADIAN JOURNAL OF POLITICAL SCIENCE-REVUE CANADIENNE DE SCIENCE POLITIQUE,0008-4239;1744-9324,true,,
Canadian Journal of Science Mathematics and Technology Education,1492-6156;1942-4051,true,,
CANADIAN JOURNAL OF SOIL SCIENCE,0008-4271;1918-1841,true,,
CANADIAN JOURNAL OF STATISTICS-REVUE CANADIENNE DE STATISTIQUE,0319-5724;1708-945X,true,,
CANADIAN JOURNAL OF SURGERY,0008-428X;1488-2310,true,,
CANADIAN JOURNAL OF VETERINARY RESEARCH-REVUE CANADIENNE DE RECHERCHE VETERINAIRE,0830-9000,true,,
CANADIAN JOURNAL OF ZOOLOGY,0008-4301;1480-3283,true,,
CANADIAN MATHEMATICAL BULLETIN-BULLETIN CANADIEN DE MATHEMATIQUES,0008-4395;1496-4287,true,,
Canadian Pharmacists Journal,1715-1635;1913-701X,true,,
CANADIAN PSYCHOLOGY-PSYCHOLOGIE CANADIENNE,0708-5591;1878-7304,true,,
CANADIAN PUBLIC POLICY-ANALYSE DE POLITIQUES,0317-0861,true,,
Canadian Review of Sociology-Revue Canadienne de Sociologie,1755-6171;1755-618X,true,,
Canadian Slavonic Papers,0008-5006;2375-2475,true,,
CANADIAN THEATRE REVIEW,0315-0836;1920-941X,true,,
Canadian Water Resources Journal,0701-1784;1918-1817,true,,
Cancer Biomarkers,1574-0153;1875-8592,true,,
CANCER BIOTHERAPY AND RADIOPHARMACEUTICALS,1084-9785;1557-8852,true,,
CANCER CAUSES & CONTROL,0957-5243;1573-7225,true,,
Cancer Genetics,2210-7762;2210-7770,true,,
Cancer Genomics & Proteomics,1109-6535;1790-6245,true,,
CANCER INVESTIGATION,0735-7907;1532-4192,true,,
Cancer Medicine,2045-7634,true,,
Cancer Microenvironment,1875-2292;1875-2284,true,,
CANCER NURSING,0162-220X;1538-9804,true,,
Capital and Class,0309-8168;2041-0980,true,,
Caplletra,0214-8188;2386-7159,true,,
Caracteres-Estudios Culturales y Criticos de la Esfera Digital,2254-4496,true,,
Carbon Management,1758-3004;1758-3012,true,,
CARDIOLOGY CLINICS,0733-8651;1558-2264,true,,
Cardiology in Review,1061-5377;1538-4683,true,,
CardioRenal Medicine,1664-3828;1664-5502,true,,
CARDIOVASCULAR PATHOLOGY,1054-8807;1879-1336,true,,
Cardiovascular Toxicology,1530-7905;1559-0259,true,,
Cardiovascular Ultrasound,1476-7120,true,,
Career Development and Transition for Exceptional Individuals,2165-1434;2165-1442,true,,
CARNETS DE GEOLOGIE,1634-0744;1765-2553,true,,
Cartaphilus,1887-5238,true,,
Cartilage,1947-6035;1947-6043,true,,
Cartographica,0317-7173;1911-9925,true,,
Case Studies in Thermal Engineering,2214-157X,true,,
Case Studies on Transport Policy,2213-624X;2213-6258,true,,
Casopis za Suvremenu Povijest,0590-9597;1848-9079,true,,
Caspian Journal of Internal Medicine,2008-6164;2008-6172,true,,
Castilla-Estudios de Literatura,1989-7383,true,,
Cataloging & Classification Quarterly,0163-9374;1544-4554;0898-008X,true,,
CATALYSIS LETTERS,1011-372X;1572-879X,true,,
CATALYSIS SURVEYS FROM ASIA,1571-1013;1574-9266;1572-8803,true,,
CATHETERIZATION AND CARDIOVASCULAR INTERVENTIONS,1522-1946;1522-726X,true,,
Catholic Social Science Review,1091-0905;1944-6292,true,,
Cauriensia-Revista Anual de Ciencias Eclesiasticas,1886-4945;2340-4256,true,,
CEA CRITIC,0007-8069;2327-5898,true,,
CEAS Space Journal,1868-2502;1868-2510,true,,
Celebrity Studies,1939-2397;1939-2400,true,,
CELL AND TISSUE RESEARCH,0302-766X;1432-0878,true,,
CELL BIOCHEMISTRY AND BIOPHYSICS,1085-9195;1559-0283,true,,
CELL BIOCHEMISTRY AND FUNCTION,0263-6484;1099-0844,true,,
CELL BIOLOGY INTERNATIONAL,1065-6995;1095-8355,true,,
CELL COMMUNICATION AND ADHESION,1541-9061;1543-5180,true,,
Cell Journal,2228-5806;2228-5814,true,,
CELL STRESS & CHAPERONES,1355-8145;1466-1268,true,,
CELL STRUCTURE AND FUNCTION,0386-7196;1347-3700,true,,
CELL TRANSPLANTATION,0963-6897;1555-3892,true,,
CELLS TISSUES ORGANS,1422-6405;1422-6421,true,,
Cellular and Molecular Bioengineering,1865-5025;1865-5033,true,,
Cellular Reprogramming,2152-4971;2152-4998,true,,
Cement Wapno Beton,1425-8129,true,,
CENTAURUS,0008-8994;1600-0498,true,,
CENTRAL ASIATIC JOURNAL,0008-9192,true,,
CENTRAL EUROPEAN HISTORY,0008-9389;1569-1616,true,,
Central European Journal of Economic Modelling and Econometrics,2080-0886;2080-119X,true,,
Central European Journal of Energetic Materials,1733-7178,true,,
Central European Journal of Immunology,1426-3912;1644-4124,true,,
Central European Journal of Operations Research,1435-246X;1613-9178,true,,
Central European Journal of Urology,2080-4806;2080-4873,true,,
CEREAL CHEMISTRY,0009-0352;1943-3638,true,,
CEREBELLUM,1473-4222;1473-4230,true,,
Cerebrovascular Diseases Extra,1664-5456,true,,
CESifo Economic Studies,1610-241X;1612-7501,true,,
Change Over Time-An International Journal of Conservation and the Built Environment,2153-053X;2153-0548,true,,
Channels,1933-6950;1933-6969,true,,
CHAOS SOLITONS & FRACTALS,0960-0779;1873-2887,true,,
CHASQUI-REVISTA DE LITERATURA LATINOAMERICANA,0145-8973;2327-4247,true,,
CHEMBIOCHEM,1439-4227;1439-7633,true,,
Chemical Biology & Drug Design,1747-0277;1747-0285,true,,
CHEMICAL ENGINEERING & TECHNOLOGY,0930-7516;1521-4125,true,,
CHEMICAL PHYSICS,0301-0104;1873-4421,true,,
CHEMICAL PHYSICS LETTERS,0009-2614;1873-4448,true,,
Chemical Product and Process Modeling,1934-2659;2194-6159,true,,
CHEMISTRY & BIODIVERSITY,1612-1872;1612-1880,true,,
CHEMISTRY LETTERS,0366-7022;1348-0715,true,,
Chemistry of Heterocyclic Compounds,0009-3122;1573-8353,true,,
ChemistryOpen,2191-1363,true,,
CHEMOECOLOGY,0937-7409;1423-0445,true,,
CHICAGO REVIEW,0009-3696;2327-5804,true,,
CHILD & FAMILY BEHAVIOR THERAPY,0731-7107;1545-228X,true,,
CHILD & YOUTH CARE FORUM,1053-1890;1573-3319,true,,
Child and Adolescent Mental Health,1475-357X;1475-3588,true,,
CHILD AND ADOLESCENT PSYCHIATRIC CLINICS OF NORTH AMERICA,1056-4993;1558-0490,true,,
Child and Adolescent Psychiatry and Mental Health,1753-2000,true,,
Child and Adolescent Social Work Journal,0738-0151;1573-2797,true,,
CHILD CARE HEALTH AND DEVELOPMENT,0305-1862;1365-2214,true,,
Child Language Teaching & Therapy,0265-6590;1477-0865,true,,
CHILD NEUROPSYCHOLOGY,0929-7049;1744-4136,true,,
CHILD PSYCHIATRY & HUMAN DEVELOPMENT,0009-398X;1573-3327,true,,
Children & Society,0951-0605;1099-0860,true,,
CHILDS NERVOUS SYSTEM,0256-7040;1433-0350,true,,
China & World Economy,1671-2234;1749-124X,true,,
China Agricultural Economic Review,1756-137X;1756-1388,true,,
China Communications,1673-5447,true,,
China Economic Journal,1753-8963;1753-8971,true,,
China Foundry,1672-6421,true,,
China Journal of Accounting Research,1755-3091,true,,
CHINA OCEAN ENGINEERING,0890-5487,true,,
China Perspectives,2070-3449;1996-4617,true,,
China Review-An Interdisciplinary Journal on Greater China,1680-2012,true,,
CHINESE CHEMICAL LETTERS,1001-8417;1878-5964,true,,
Chinese Clinical Oncology,2304-3865;2304-3873,true,,
Chinese Journal of Aeronautics,1000-9361,true,,
CHINESE JOURNAL OF ANALYTICAL CHEMISTRY,1872-2040;0253-3820,true,,
CHINESE JOURNAL OF CHEMISTRY,1001-604X;1614-7065,true,,
Chinese Journal of Communication,1754-4750;1754-4769,true,,
Chinese Journal of Comparative Law,2050-4802;2050-4810,true,,
CHINESE JOURNAL OF GEOPHYSICS-CHINESE EDITION,0001-5733,true,,
Chinese Journal of Mechanical Engineering,1000-9345;2192-8258,true,,
Chinese Journal of Natural Medicines,2095-6975;1875-5364,true,,
CHINESE JOURNAL OF POLYMER SCIENCE,0256-7679;1439-6203,true,,
Chinese Medicine,1749-8546,true,,
Chinese Optics Letters,1671-7694,true,,
CHIRALITY,0899-0042;1520-636X,true,,
Chiropractic & Manual Therapies,2045-709X,true,,
Chronic Illness,1742-3953;1745-9206,true,,
Chronic Respiratory Disease,1479-9723;1479-9731,true,,
Church History and Religious Culture,1871-241X;1871-2428,true,,
Cine Documental,1852-4699,true,,
CINEASTE,0009-7004,true,,
Cinemas,1181-6945;1705-6500,true,,
CIRCUITS SYSTEMS AND SIGNAL PROCESSING,0278-081X;1531-5878,true,,
Circulo de Linguistica Aplicada a la Comunicacion,1576-4737,true,,
City & Society,0893-0465;1548-744X,true,,
Civil and Environmental Engineering Reports,2080-5187;2450-8594,true,,
CIVIL ENGINEERING AND ENVIRONMENTAL SYSTEMS,1028-6608;1029-0249,true,,
CIVIL WAR HISTORY,0009-8078;1533-6271,true,,
CLASSICAL REVIEW,0009-840X;1464-3561,true,,
Classroom Discourse,1946-3014;1946-3022,true,,
CLAY MINERALS,0009-8558;1471-8030,true,,
CLAYS AND CLAY MINERALS,0009-8604;1552-8367,true,,
CLEFT PALATE-CRANIOFACIAL JOURNAL,1545-1569;1055-6656,true,,
CLIMACTERIC,1369-7137;1473-0804,true,,
Climate Change Economics,2010-0078;2010-0086,true,,
CLIMATE RESEARCH,0936-577X;1616-1572,true,,
Clinical & Translational Immunology,2050-0068,true,,
Clinical & Translational Oncology,1699-048X;1699-3055,true,,
CLINICAL AND APPLIED THROMBOSIS-HEMOSTASIS,1076-0296;1938-2723,true,,
CLINICAL AND EXPERIMENTAL DERMATOLOGY,0307-6938;1365-2230,true,,
CLINICAL AND EXPERIMENTAL MEDICINE,1591-8890;1591-9528,true,,
Clinical and Experimental Nephrology,1342-1751;1437-7799,true,,
Clinical and Experimental Optometry,0816-4622;1444-0938,true,,
Clinical and Experimental Otorhinolaryngology,1976-8710;2005-0720,true,,
Clinical and Molecular Hepatology,2287-2728;2287-285X,true,,
Clinical and Translational Imaging,2281-5872;2281-7565,true,,
CLINICAL BIOCHEMISTRY,0009-9120;1873-2933,true,,
Clinical Breast Cancer,1526-8209;1938-0666,true,,
Clinical Child Psychology and Psychiatry,1359-1045;1461-7021,true,,
CLINICAL EEG AND NEUROSCIENCE,1550-0594;2169-5202,true,,
Clinical Endoscopy,2234-2400;2234-2443,true,,
Clinical Genitourinary Cancer,1558-7673;1938-0682,true,,
CLINICAL JOURNAL OF SPORT MEDICINE,1050-642X;1536-3724,true,,
CLINICAL LINGUISTICS & PHONETICS,0269-9206;1464-5076,true,,
Clinical Lymphoma Myeloma & Leukemia,2152-2650;2152-2669,true,,
Clinical Medicine & Research,1539-4182;1554-6179,true,,
Clinical Medicine Insights-Arthritis and Musculoskeletal Disorders,1179-5441,true,,
Clinical Medicine Insights-Endocrinology and Diabetes,1179-5514;1178-1173,true,,
Clinical Medicine Insights-Gastroenterology,1179-5522,true,,
CLINICAL NEUROLOGY AND NEUROSURGERY,0303-8467;1872-6968,true,,
CLINICAL NEUROPSYCHOLOGIST,1385-4046;1744-4144,true,,
Clinical Neuroradiology,1869-1439;1869-1447,true,,
Clinical Nursing Research,1054-7738;1552-3799,true,,
Clinical Obesity,1758-8103;1758-8111,true,,
CLINICAL OBSTETRICS AND GYNECOLOGY,0009-9201;1532-5520,true,,
CLINICAL PEDIATRICS,0009-9228;1938-2707,true,,
Clinical Pharmacology-Advances and Applications,1179-1438,true,,
Clinical Psychopharmacology and Neuroscience,1738-1088;2093-4327,true,,
CLINICAL RADIOLOGY,0009-9260;1365-229X,true,,
Clinical Respiratory Journal,1752-6981;1752-699X,true,,
CLINICAL RHEUMATOLOGY,0770-3198;1434-9949,true,,
CLINICAL SUPERVISOR,0732-5223;1545-231X,true,,
CLINICAL TRANSPLANTATION,0902-0063;1399-0012,true,,
ClinicoEconomics and Outcomes Research,1178-6981,true,,
Clinics,1807-5932;1980-5322,true,,
Clinics and Research in Hepatology and Gastroenterology,2210-7401;2210-741X,true,,
Clinics in Colon and Rectal Surgery,1531-0043;1530-9681,true,,
CLINICS IN GERIATRIC MEDICINE,0749-0690;1879-8853,true,,
CLINICS IN LABORATORY MEDICINE,0272-2712;1557-9832,true,,
Clinics in Orthopedic Surgery,2005-291X;2005-4408,true,,
CLINICS IN SPORTS MEDICINE,0278-5919;1556-228X,true,,
Clothing and Textiles Research Journal,0887-302X;1940-2473,true,,
Clothing Cultures,2050-0742;2050-0750,true,,
Cluster Computing-The Journal of Networks Software Tools and Applications,1386-7857;1573-7543,true,,
CNS & Neurological Disorders-Drug Targets,1871-5273;1996-3181,true,,
COASTAL ENGINEERING JOURNAL,0578-5634;1793-6292,true,,
COASTAL MANAGEMENT,0892-0753;1521-0421,true,,
Cognition Technology & Work,1435-5558;1435-5566,true,,
COGNITIVE DEVELOPMENT,0885-2014;1879-226X,true,,
Cognitive Neurodynamics,1871-4080;1871-4099,true,,
Cognitive Neuropsychiatry,1354-6805;1464-0619,true,,
COGNITIVE NEUROPSYCHOLOGY,0264-3294;1464-0627,true,,
Cognitive Processing,1612-4782;1612-4790,true,,
Cognitive Systems Research,1389-0417,true,,
Collectanea Mathematica,0010-0757;2038-4815,true,,
Colloid and Interface Science Communications,2215-0382,true,,
COLLOID AND POLYMER SCIENCE,0303-402X;1435-1536,true,,
COLLOIDS AND SURFACES A-PHYSICOCHEMICAL AND ENGINEERING ASPECTS,0927-7757;1873-4359,true,,
COLLOQUIA GERMANICA,0010-1338,true,,
Colloquia Humanistica,2392-2419,true,,
COLLOQUIUM MATHEMATICUM,0010-1354;1730-6302,true,,
Colonial Latin American Review,1060-9164;1466-1802,true,,
COLOQUIO-LETRAS,0010-1451,true,,
COLUMBIA JOURNAL OF LAW AND SOCIAL PROBLEMS,0010-1923,true,,
COMBUSTION EXPLOSION AND SHOCK WAVES,0010-5082;1573-8345,true,,
COMBUSTION SCIENCE AND TECHNOLOGY,0010-2202;1563-521X,true,,
COMITATUS-A JOURNAL OF MEDIEVAL AND RENAISSANCE STUDIES,0069-6412;1557-0290,true,,
COMMENTS ON INORGANIC CHEMISTRY,0260-3594;1548-9574,true,,
Common Knowledge,0961-754X;1538-4578,true,,
Communication & Sport,2167-4795;2167-4809,true,,
Communication and Critical-Cultural Studies,1479-1420;1479-4233,true,,
Communication Law and Policy,1081-1680;1532-6926,true,,
Communication Methods and Measures,1931-2458;1931-2466,true,,
Communication Review,1071-4421;1547-7487,true,,
Communication Sciences and Disorders-CSD,2288-1328;2288-0917,true,,
Communication Studies,1051-0974;1745-1035,true,,
COMMUNICATIONS IN ALGEBRA,0092-7872;1532-4125,true,,
Communications in Mathematics and Statistics,2194-6701;2194-671X,true,,
Communications of the Association for Information Systems,1529-3181,true,,
Communications Physics,2399-3650,true,,
Communications-European Journal of Communication Research,0341-2059;1613-4087,true,,
Community College Journal of Research and Practice,1066-8926;1521-0413,true,,
COMMUNITY DENTAL HEALTH,0265-539X,true,,
COMMUNITY MENTAL HEALTH JOURNAL,0010-3853;1573-2789,true,,
Community Work & Family,1366-8803;1469-3615,true,,
Company and Securities Law Journal,0729-2775,true,,
COMPARATIVE BIOCHEMISTRY AND PHYSIOLOGY B-BIOCHEMISTRY & MOLECULAR BIOLOGY,1096-4959;1879-1107,true,,
COMPARATIVE BIOCHEMISTRY AND PHYSIOLOGY C-TOXICOLOGY & PHARMACOLOGY,1532-0456;1878-1659,true,,
Comparative Biochemistry and Physiology D-Genomics & Proteomics,1744-117X;1878-0407,true,,
Comparative Cytogenetics,1993-0771;1993-078X,true,,
COMPARATIVE DRAMA,0010-4078;1936-1637,true,,
COMPARATIVE IMMUNOLOGY MICROBIOLOGY AND INFECTIOUS DISEASES,0147-9571;1878-1667,true,,
Comparative Population Studies,1869-8980;1869-8999,true,,
COMPARATIVE SOCIOLOGY,1569-1322;1569-1330,true,,
Comparative Studies of South Asia Africa and the Middle East,1089-201X;1548-226X,true,,
Competitiveness Review,1059-5422;2051-3143,true,,
Complementary Therapies in Clinical Practice,1744-3881;1873-6947,true,,
Complex Analysis and Operator Theory,1661-8254;1661-8262,true,,
Complex Variables and Elliptic Equations,1747-6933;1747-6941,true,,
COMPLEXITY,1076-2787;1099-0526,true,,
Complutum,1131-6993;1988-2327,true,,
COMPOSITES COMMUNICATIONS,2452-2139,true,,
COMPTES RENDUS BIOLOGIES,1631-0691;1768-3238,true,,
COMPTES RENDUS GEOSCIENCE,1631-0713;1778-7025,true,,
COMPTES RENDUS MATHEMATIQUE,1631-073X;1778-3569,true,,
COMPTES RENDUS MECANIQUE,1631-0721;1873-7234,true,,
COMPUTATIONAL BIOLOGY AND CHEMISTRY,1476-9271;1476-928X,true,,
COMPUTATIONAL COMPLEXITY,1016-3328;1420-8954,true,,
COMPUTATIONAL GEOMETRY-THEORY AND APPLICATIONS,0925-7721;1879-081X,true,,
Computational Management Science,1619-697X;1619-6988,true,,
Computational Methods and Function Theory,1617-9447;2195-3724,true,,
Computational Methods in Applied Mathematics,1609-4840;1609-9389,true,,
COMPUTATIONAL STATISTICS,0943-4062;1613-9658,true,,
COMPUTER,0018-9162;1558-0814,true,,
COMPUTER AIDED GEOMETRIC DESIGN,0167-8396;1879-2332,true,,
COMPUTER LANGUAGES SYSTEMS & STRUCTURES,1477-8424;1873-6866,true,,
COMPUTER METHODS IN BIOMECHANICS AND BIOMEDICAL ENGINEERING,1025-5842;1476-8259,true,,
Computer Optics,0134-2452;2412-6179,true,,
Computer Science Education,0899-3408;1744-5175,true,,
COMPUTER STANDARDS & INTERFACES,0920-5489;1872-7018,true,,
COMPUTERS & ELECTRICAL ENGINEERING,0045-7906;1879-0755,true,,
COMPUTERS & GRAPHICS-UK,0097-8493;1873-7684,true,,
Computers and Concrete,1598-8198;1598-818X,true,,
COMPUTERS IN THE SCHOOLS,0738-0569;1528-7033,true,,
COMPUTING,0010-485X;1436-5057,true,,
CONFIGURATIONS,1063-1801;1080-6520,true,,
Conflict Resolution Quarterly,1536-5581;1541-1508,true,,
Conflict Security & Development,1467-8802;1478-1174,true,,
CONFLUENCIA-REVISTA HISPANICA DE CULTURA Y LITERATURA,0888-6091;2328-6962,true,,
Congenital Heart Disease,1747-079X;1747-0803,true,,
Congress & The Presidency-A Journal of Capital Studies,0734-3469;1944-1053,true,,
CONNECTIVE TISSUE RESEARCH,0300-8207;1607-8438,true,,
Conservation & Society,0972-4923;0975-3133,true,,
Conservation and Management of Archaeological Sites,1350-5033;1753-5522,true,,
CONSERVATION GENETICS,1566-0621;1572-9737,true,,
Constitutional Political Economy,1043-4062;1572-9966,true,,
Construction Innovation-England,1471-4175;1477-0857,true,,
Construction Management and Economics,0144-6193;1466-433X,true,,
Constructions and Frames,1876-1933;1876-1941,true,,
Contact Lens & Anterior Eye,1367-0484;1476-5411,true,,
Contemporary Buddhism,1463-9947;1476-7953,true,,
Contemporary Clinical Dentistry,0976-237X;0976-2361,true,,
CONTEMPORARY ECONOMIC POLICY,1074-3529;1465-7287,true,,
CONTEMPORARY FRENCH AND FRANCOPHONE STUDIES,1740-9292;1740-9306,true,,
Contemporary Islam-Dynamics of Muslim Life,1872-0218;1872-0226,true,,
Contemporary Issues in Early Childhood,1463-9491,true,,
Contemporary Political Theory,1470-8914;1476-9336,true,,
Contemporary Politics,1356-9775;1469-3631,true,,
Contemporary Pragmatism,1572-3429;1875-8185,true,,
CONTEMPORARY PSYCHOANALYSIS,0010-7530;2330-9091,true,,
Contemporary Social Science,2158-2041;2158-205X,true,,
Continuum-Journal of Media & Cultural Studies,1030-4312;1469-3666,true,,
CONTRIBUTIONS TO INDIAN SOCIOLOGY,0069-9667;0973-0648,true,,
CONTRIBUTIONS TO PLASMA PHYSICS,0863-1042;1521-3986,true,,
Contributions to the History of Concepts,1807-9326;1874-656X,true,,
Convergence-The International Journal of Research into New Media Technologies,1354-8565;1748-7382,true,,
COPD-Journal of Chronic Obstructive Pulmonary Disease,1541-2555;1541-2563,true,,
COPEIA,0045-8511;1938-5110,true,,
CORNELL INTERNATIONAL LAW JOURNAL,0010-8812;1930-7977,true,,
Corporate Communications,1356-3289;1758-6046,true,,
Corporate Governance-The International Journal of Business in Society,1472-0701;1758-6054,true,,
CORROSION,0010-9312;1938-159X,true,,
CORROSION REVIEWS,0334-6005;2191-0316,true,,
Cosmos and History-The Journal of Natural and Social Philosophy,1832-9101,true,,
Cost Effectiveness and Resource Allocation,1478-7547,true,,
Costume-The Journal of the Costume Society,0590-8876;1749-6306,true,,
Counseling and Values,0160-7960;2161-007X,true,,
CPT-Pharmacometrics & Systems Pharmacology,2163-8306,true,,
Craft Research,2040-4689;2040-4697,true,,
CRANIO-THE JOURNAL OF CRANIOMANDIBULAR PRACTICE,0886-9634;2151-0903,true,,
CREATIVITY RESEARCH JOURNAL,1040-0419;1532-6934,true,,
CRETACEOUS RESEARCH,0195-6671;1095-998X,true,,
CRIME LAW AND SOCIAL CHANGE,0925-4994;1573-0751,true,,
Crime Media Culture,1741-6590;1741-6604,true,,
Criminal Behaviour and Mental Health,0957-9664;1471-2857,true,,
CRIMINAL LAW JOURNAL,0314-1160,true,,
Crisis-The Journal of Crisis Intervention and Suicide Prevention,0227-5910;2151-2396,true,,
Critical Care and Resuscitation,1441-2772,true,,
CRITICAL CARE CLINICS,0749-0704;1557-8232,true,,
Critical Care Nurse,0279-5442;1940-8250,true,,
Critical Criminology,1205-8629;1572-9877,true,,
Critical Discourse Studies,1740-5904;1740-5912,true,,
Critical Finance Review,2164-5744;2164-5760,true,,
Critical Historical Studies,2326-4462;2326-4470,true,,
Critical Philosophy of Race,2165-8684;2165-8692,true,,
Critical Policy Studies,1946-0171;1946-018X,true,,
CRITICAL REVIEW,0891-3811;1933-8007,true,,
CRITICAL REVIEWS IN EUKARYOTIC GENE EXPRESSION,1045-4403;2162-6502,true,,
CRITICAL REVIEWS IN IMMUNOLOGY,1040-8401;2162-6472,true,,
CRITICAL REVIEWS IN THERAPEUTIC DRUG CARRIER SYSTEMS,0743-4863;2162-660X,true,,
Critical Sociology,0896-9205;1569-1632,true,,
CRITICAL STUDIES IN MEDIA COMMUNICATION,1529-5036;1479-5809,true,,
Critical Studies in Television,1749-6020;1749-6039,true,,
Critical Survey,0011-1570;1752-2293,true,,
Croatian International Relations Review,1848-5782;1331-1182,true,,
Crop & Pasture Science,1836-0947;1836-5795;1444-9838,true,,
Crop Breeding and Applied Biotechnology,1984-7033;1518-7853,true,,
Cross Cultural & Strategic Management,2059-5794,true,,
CROSS-CULTURAL RESEARCH,1069-3971;1552-3578,true,,
CR-THE NEW CENTENNIAL REVIEW,1532-687X;1539-6630,true,,
CRYOBIOLOGY,0011-2240;1090-2392,true,,
CRYPTOGAMIE MYCOLOGIE,0181-1584;1776-100X,true,,
Cryptography and Communications-Discrete-Structures Boolean Functions and Sequences,1936-2447;1936-2455,true,,
Crystals,2073-4352,true,,
CTS-Clinical and Translational Science,1752-8054;1752-8062,true,,
Cuadernos de Filologia Clasica-Estudios Latinos,1131-9062;1988-2343,true,,
Cuadernos de Filologia Italiana,1133-9527;1988-2394,true,,
Cuadernos de Historia Moderna,0214-4018;1988-2475,true,,
Cuadernos de Literatura,0122-8102;2346-1691,true,,
CUADERNOS HISPANOAMERICANOS,0011-250X,true,,
Cultural History,2045-290X;2045-2918,true,,
Cultural Sociology,1749-9755;1749-9763,true,,
Cultural Studies of Science Education,1871-1502;1871-1510,true,,
Cultural Trends,0954-8963;1469-3690,true,,
Culture & History Digital Journal,2253-797X,true,,
Culture Agriculture Food and Environment,2153-9553;2153-9561,true,,
Culture and Organization,1475-9551;1477-2760,true,,
CULTURE MEDICINE AND PSYCHIATRY,0165-005X;1573-076X,true,,
CURRENT APPLIED PHYSICS,1567-1739;1878-1675,true,,
Current Atherosclerosis Reports,1523-3804;1534-6242,true,,
CURRENT CANCER DRUG TARGETS,1568-0096;1873-5576,true,,
Current Cardiology Reports,1523-3782;1534-3170,true,,
Current Cardiology Reviews,1573-403X;1875-6557,true,,
Current Clinical Pharmacology,1574-8847;2212-3938,true,,
CURRENT DIABETES REVIEWS,1573-3998;1875-6417,true,,
CURRENT DRUG METABOLISM,1389-2002;1875-5453,true,,
CURRENT DRUG TARGETS,1389-4501;1873-5592,true,,
CURRENT EYE RESEARCH,0271-3683;1460-2202,true,,
CURRENT GENE THERAPY,1566-5232;1875-5631,true,,
CURRENT GENOMICS,1389-2029;1875-5488,true,,
Current Hematologic Malignancy Reports,1558-8211;1558-822X,true,,
CURRENT HISTORY,0011-3530;1944-785X,true,,
CURRENT HIV RESEARCH,1570-162X;1873-4251,true,,
CURRENT HYPERTENSION REPORTS,1522-6417;1534-3111,true,,
Current Infectious Disease Reports,1523-3847;1534-3146,true,,
Current Issues in Language Planning,1466-4208;1747-7506,true,,
CURRENT ISSUES IN MOLECULAR BIOLOGY,1467-3037;1467-3045,true,,
Current Issues in Personality Psychology,2353-4192;2353-561X,true,,
Current Issues in Pharmacy and Medical Sciences,2084-980X;2300-6676,true,,
CURRENT MEDICAL RESEARCH AND OPINION,0300-7995;1473-4877,true,,
CURRENT MOLECULAR MEDICINE,1566-5240;1875-5666,true,,
Current Molecular Pharmacology,1874-4672;1874-4702,true,,
CURRENT NEUROVASCULAR RESEARCH,1567-2026;1875-5739,true,,
Current Oncology,1198-0052,true,,
Current Opinion in Anesthesiology,0952-7907;1473-6500,true,,
CURRENT OPINION IN CARDIOLOGY,0268-4705;1531-7080,true,,
Current Opinion in Green and Sustainable Chemistry,2452-2236,true,,
CURRENT OPINION IN OBSTETRICS & GYNECOLOGY,1040-872X;1473-656X,true,,
Current Opinion in Otolaryngology & Head and Neck Surgery,1068-9508;1531-6998,true,,
Current Opinion in Supportive and Palliative Care,1751-4258;1751-4266,true,,
CURRENT OPINION IN UROLOGY,0963-0643;1473-6586,true,,
CURRENT ORGANIC CHEMISTRY,1385-2728;1875-5348,true,,
Current Pain and Headache Reports,1531-3433;1534-3081,true,,
CURRENT PHARMACEUTICAL DESIGN,1381-6128;1873-4286,true,,
Current Pollution Reports,2198-6592,true,,
CURRENT PROBLEMS IN CANCER,0147-0272;1535-6345,true,,
Current Problems in Pediatric and Adolescent Health Care,1538-5442;1538-3199,true,,
CURRENT PROTEIN & PEPTIDE SCIENCE,1389-2037;1875-5550,true,,
CURRENT PSYCHOLOGY,1046-1310;1936-4733,true,,
Current Research in Translational Medicine,2452-3186,true,,
Current Reviews in Musculoskeletal Medicine,1935-973X;1935-9748,true,,
Current Stem Cell Research & Therapy,1574-888X;2212-3946,true,,
CURRENT THERAPEUTIC RESEARCH-CLINICAL AND EXPERIMENTAL,0011-393X;1879-0313,true,,
Current Urology Reports,1527-2737;1534-6285,true,,
Current Vascular Pharmacology,1570-1611;1875-6212,true,,
Currents in Biblical Research,1476-993X;1745-5200,true,,
CURRICULUM INQUIRY,0362-6784;1467-873X,true,,
Curriculum Journal,0958-5176;1469-3704,true,,
Curved and Layered Structures,2353-7396,true,,
Cyberpsychology-Journal of Psychosocial Research on Cyberspace,1802-7962,true,,
CYTOGENETIC AND GENOME RESEARCH,1424-8581;1424-859X,true,,
CytoJournal,0974-5963;1742-6413,true,,
CYTOMETRY PART B-CLINICAL CYTOMETRY,1552-4949;1552-4957,true,,
CZECH JOURNAL OF ANIMAL SCIENCE,1212-1819;1805-9309,true,,
DADOS-REVISTA DE CIENCIAS SOCIAIS,0011-5258;1678-4588,true,,
Dairy Science & Technology,1958-5586;1958-5594,true,,
DARU-Journal of Pharmaceutical Sciences,2008-2231;1560-8115,true,,
DEATH STUDIES,0748-1187;1091-7683,true,,
Decision Analysis,1545-8490;1545-8504,true,,
DECISION SCIENCES,0011-7315;1540-5915,true,,
Decision Sciences-Journal of Innovative Education,1540-4595;1540-4609,true,,
DEEP-SEA RESEARCH PART II-TOPICAL STUDIES IN OCEANOGRAPHY,0967-0645;1879-0100,true,,
Dementia and Geriatric Cognitive Disorders Extra,1664-5464,true,,
Dementia-International Journal of Social Research and Practice,1471-3012;1741-2684,true,,
Dental and Medical Problems,1644-387X;2300-9020,true,,
DENTAL MATERIALS JOURNAL,0287-4547,true,,
Denver Law Review,2469-6463;2469-6471,true,,
Dermatitis,1710-3568;2162-5220,true,,
Dermato-Endocrinology,1938-1972;1938-1980,true,,
Dermatologic Therapy,1396-0296;1529-8019,true,,
Dermatology Research and Practice,1687-6105;1687-6113,true,,
Design and Culture,1754-7075;1754-7083,true,,
DESIGNS CODES AND CRYPTOGRAPHY,0925-1022;1573-7586,true,,
DEUTSCHE ENTOMOLOGISCHE ZEITSCHRIFT,1435-1951;1522-2403,true,,
Developing World Bioethics,1471-8731;1471-8847,true,,
DEVELOPMENT GENES AND EVOLUTION,0949-944X;1432-041X,true,,
DEVELOPMENT GROWTH & DIFFERENTIATION,0012-1592;1440-169X,true,,
Development Policy Review,0950-6764;1467-7679,true,,
Development Southern Africa,0376-835X;1470-3637,true,,
DEVELOPMENTAL NEUROPSYCHOLOGY,8756-5641;1532-6942,true,,
DEVELOPMENTAL NEUROSCIENCE,0378-5866;1421-9859,true,,
Diabetes & Metabolic Syndrome-Clinical Research & Reviews,1871-4021;1878-0334,true,,
Diabetes & Vascular Disease Research,1479-1641;1752-8984,true,,
DIABETES EDUCATOR,0145-7217;1554-6063,true,,
Diabetic Foot & Ankle,2000-625X,true,,
Diabetology & Metabolic Syndrome,1758-5996,true,,
Diagnostic and Interventional Imaging,2211-5684,true,,
Diagnostic and Interventional Radiology,1305-3612;1305-3825,true,,
DIAGNOSTIC MICROBIOLOGY AND INFECTIOUS DISEASE,0732-8893;1879-0070,true,,
Diagnostic Pathology,1746-1596,true,,
Diagnostics,2075-4418,true,,
DIALECTICAL ANTHROPOLOGY,0304-4092;1573-0786,true,,
Dialectologia et Geolinguistica,0942-4040;1867-0903,true,,
Dialog-A Journal of Theology,0012-2033;1540-6385,true,,
Dialogic Pedagogy,2325-3290,true,,
DIATOM RESEARCH,0269-249X;2159-8347,true,,
Differential and Integral Equations,0893-4983,true,,
DIFFERENTIAL GEOMETRY AND ITS APPLICATIONS,0926-2245;1872-6984,true,,
DIFFERENTIATION,0301-4681;1432-0436,true,,
DIGESTION,0012-2823;1421-9867,true,,
DIGESTIVE DISEASES AND SCIENCES,0163-2116;1573-2568,true,,
DIGESTIVE SURGERY,0253-4886;1421-9883,true,,
DIGITAL CREATIVITY,1462-6268;1744-3806,true,,
Digital Humanities Quarterly,1938-4122,true,,
Digital Library Perspectives,2059-5816;2054-1694,true,,
Digital Policy Regulation and Governance,2398-5038;2398-5046,true,,
DISABILITY AND REHABILITATION,0963-8288;1464-5165,true,,
Disability and Rehabilitation-Assistive Technology,1748-3107;1748-3115,true,,
Disaster Prevention and Management,0965-3562;1758-6100,true,,
Discourse & Communication,1750-4813;1750-4821,true,,
Discourse Context & Media,2211-6958,true,,
Discovery Medicine,1539-6509;1944-7930,true,,
Discrete and Continuous Dynamical Systems-Series S,1937-1632;1937-1179,true,,
DISCRETE APPLIED MATHEMATICS,0166-218X;1872-6771,true,,
DISCRETE MATHEMATICS AND THEORETICAL COMPUTER SCIENCE,1462-7264;1365-8050,true,,
Discrete Optimization,1572-5286;1873-636X,true,,
Discussiones Mathematicae Graph Theory,1234-3099;2083-5892,true,,
DISEASES OF THE ESOPHAGUS,1442-2050;1120-8694,true,,
DISPLAYS,0141-9382;1872-7387,true,,
Disputatio-International Journal of Philosophy,0873-626X,true,,
DISTRIBUTED AND PARALLEL DATABASES,0926-8782;1573-7578,true,,
DISTRIBUTED COMPUTING,0178-2770;1432-0452,true,,
Dix-Neuf,1478-7318,true,,
DNA AND CELL BIOLOGY,1044-5498;1557-7430,true,,
Documenti e Studi sulla Tradizione Filosofica Medievale,1122-5750,true,,
DOKLADY EARTH SCIENCES,1028-334X;1531-8354,true,,
DOKLADY PHYSICS,1028-3358;1562-6903,true,,
Dolomites Research Notes on Approximation,2035-6803,true,,
DOMESTIC ANIMAL ENDOCRINOLOGY,0739-7240;1879-0054,true,,
Dose-Response,1559-3258,true,,
DREAMING,1053-0797;1573-3351,true,,
Drug Design Development and Therapy,1177-8881,true,,
DRUG DEVELOPMENT AND INDUSTRIAL PHARMACY,0363-9045;1520-5762,true,,
DRUG DEVELOPMENT RESEARCH,0272-4391;1098-2299,true,,
Drug Discoveries and Therapeutics,1881-7831;1881-784X,true,,
Drug Healthcare and Patient Safety,1179-1365,true,,
Drug Metabolism and Pharmacokinetics,1347-4367;1880-0920,true,,
Drug Target Insights,1177-3928,true,,
Drug Testing and Analysis,1942-7603;1942-7611,true,,
DRUGS & AGING,1170-229X;1179-1969,true,,
DRUGS IN R&D,1174-5886;1179-6901,true,,
DRUGS-EDUCATION PREVENTION AND POLICY,0968-7637;1465-3370,true,,
Dynamic Games and Applications,2153-0785;2153-0793,true,,
DYNAMICS OF ATMOSPHERES AND OCEANS,0377-0265;1872-6879,true,,
Dynamics of Partial Differential Equations,1548-159X,true,,
DYSLEXIA,1076-9242;1099-0909,true,,
E & M Ekonomie a Management,1212-3609;2336-5064,true,,
EARLY AMERICAN LITERATURE,0012-8163;1534-147X,true,,
Early Childhood Education Journal,1082-3301;1573-1707,true,,
EARLY HUMAN DEVELOPMENT,0378-3782;1872-6232,true,,
Early Medieval China,1529-9104;1946-7842,true,,
Early Popular Visual Culture,1746-0654;1746-0662,true,,
Early Science and Medicine,1383-7427;1573-3823,true,,
Early Theatre,1206-9078,true,,
Early Years,0957-5146;1472-4421,true,,
Earth Interactions,1087-3562,true,,
EARTH MOON AND PLANETS,0167-9295;1573-0794,true,,
Earth Science Informatics,1865-0473;1865-0481,true,,
Earthquake Engineering and Engineering Vibration,1671-3664;1993-503X,true,,
Earthquake Science,1674-4519;1867-8777,true,,
Earthquakes and Structures,2092-7614;2092-7622,true,,
East Asian Journal on Applied Mathematics,2079-7362;2079-7370,true,,
East Asian Publishing and Society,2210-6278;2210-6286,true,,
East European Jewish Affairs,1350-1674;1743-971X,true,,
East European Politics,2159-9165;2159-9173,true,,
Eating and Weight Disorders-Studies on Anorexia Bulimia and Obesity,1124-4909;1590-1262,true,,
Eating Behaviors,1471-0153;1873-7358,true,,
Eating Disorders,1064-0266;1532-530X,true,,
EC Tax Review,0928-2750;1875-8363,true,,
eCancerMedicalScience,1754-6605,true,,
Ecclesiastical Law Journal,0956-618X;1751-8539,true,,
EcoHealth,1612-9202;1612-9210,true,,
Ecological Complexity,1476-945X;1476-9840,true,,
ECOLOGICAL MANAGEMENT & RESTORATION,1442-7001;1442-8903,true,,
ECOLOGICAL PSYCHOLOGY,1040-7413;1532-6969,true,,
ECOLOGICAL RESEARCH,0912-3814;1440-1703,true,,
Econ Journal Watch,1933-527X,true,,
Econometrics,2225-1146,true,,
Econometrics and Statistics,2468-0389;2452-3062,true,,
Economic Analysis and Policy,0313-5926,true,,
Economic and Labour Relations Review,1035-3046;1838-2673,true,,
ECONOMIC BOTANY,0013-0001;1874-9364,true,,
Economic Change and Restructuring,1573-9414;1574-0277,true,,
ECONOMIC DEVELOPMENT QUARTERLY,0891-2424;1552-3543,true,,
ECONOMIC RECORD,0013-0249;1475-4932,true,,
Economic Systems,0939-3625;1878-5433,true,,
Economics and Business Review,2392-1641;2450-0097,true,,
Economics of Governance,1435-6104;1435-8131,true,,
Economics of Innovation and New Technology,1043-8599;1476-8364,true,,
ECONOMICS OF TRANSITION,0967-0750;1468-0351,true,,
Ecosphere,2150-8925,true,,
ECOTOXICOLOGY,0963-9292;1573-3017,true,,
ECS Journal of Solid State Science and Technology,2162-8769;2162-8777,true,,
ECUMENICAL REVIEW,0013-0796;1758-6623,true,,
Edad Media-Revista de Historia,1138-9621;2530-6448,true,,
Educacion XX1,1139-613X;2174-5374,true,,
Education 3-13,0300-4279;1475-7575,true,,
Education and Information Technologies,1360-2357;1573-7608,true,,
Education and Treatment of Children,0748-8491;1934-8924,true,,
EDUCATION AND URBAN SOCIETY,0013-1245;1552-3535,true,,
Education as Change,1682-3206;1947-9417,true,,
Education Citizenship and Social Justice,1746-1979;1746-1987,true,,
Education Economics,0964-5292;1469-5782,true,,
Education in the Knowledge Society,2444-8729,true,,
Education Sciences,2227-7102,true,,
Educational Action Research,0965-0792;1747-5074,true,,
Educational Media International,0952-3987;1469-5790,true,,
Educational Psychology,0144-3410;1469-5820,true,,
Educational Research and Evaluation,1380-3611;1744-4187,true,,
EDUCATIONAL STUDIES,0305-5698;1465-3400,true,,
Educational Studies-AESA,0013-1946;1532-6993,true,,
EDUCATIONAL THEORY,0013-2004;1741-5446,true,,
EGA-Revista de Expresion Grafica Arquitectonica,1133-6137;2254-6103,true,,
Egyptian Informatics Journal,1110-8665;2090-4754,true,,
Egyptian Journal of Remote Sensing and Space Sciences,1110-9823;2090-2476,true,,
Eighteenth-Century Fiction,0840-6286;1911-0243,true,,
EIGHTEENTH-CENTURY LIFE,0098-2601;1086-3192,true,,
Eikasmos-Quaderni Bolognesi di Filologia Classica,1121-8819,true,,
Eirene-Studia Graeca et Latina,0046-1628,true,,
E-Journal of Business Education & Scholarship of Teaching,1835-9132,true,,
Eklem Hastaliklari ve Cerrahisi-Joint Diseases and Related Surgery,1305-8282;1309-0313,true,,
Ekonomika Regiona-Economy of Region,2072-6414;2411-1406,true,,
Election Law Journal,1533-1296;1557-8062,true,,
ELECTRICAL ENGINEERING,0948-7921;1432-0487,true,,
ELECTROANALYSIS,1040-0397;1521-4109,true,,
Electrocatalysis,1868-2529;1868-5994,true,,
Electrochemical Society Interface,1064-8208;1944-8783,true,,
Electronic Commerce Research,1389-5753;1572-9362,true,,
ELECTRONIC JOURNAL OF BIOTECHNOLOGY,0717-3458,true,,
Electronic Journal of Differential Equations,1072-6691;1550-6150,true,,
Electronic Journal of e-Learning,1479-4403,true,,
Electronic Journal of Linear Algebra,1537-9582;1081-3810,true,,
ELECTRONIC LIBRARY,0264-0473;1758-616X,true,,
Electronic Research Announcements in Mathematical Sciences,1935-9179,true,,
ELECTRONICS LETTERS,0013-5194;1350-911X,true,,
ELECTROPHORESIS,0173-0835;1522-2683,true,,
Emergency Medicine Australasia,1742-6731;1742-6723,true,,
EMERGENCY MEDICINE CLINICS OF NORTH AMERICA,0733-8627;1558-0539,true,,
EMERGENCY MEDICINE JOURNAL,1472-0205;1472-0213,true,,
Emerging Adulthood,2167-6968;2167-6984,true,,
Emerging Themes in Epidemiology,1742-7622,true,,
Emerita,0013-6662;1988-8384,true,,
Empiria,1139-5737;2174-0682,true,,
Empirical Economics,0377-7332;1435-8921,true,,
Empirical Studies of the Arts,0276-2374;1541-4493,true,,
EMS Surveys in Mathematical Sciences,2308-2151;2308-216X,true,,
EMU,0158-4197;1448-5540,true,,
ENDOCRINE JOURNAL,0918-8959;1348-4540,true,,
Endocrine Metabolic & Immune Disorders-Drug Targets,1871-5303;2212-3873,true,,
ENDOCRINE PATHOLOGY,1046-3976;1559-0097,true,,
Endocrinology and Metabolism,2093-596X;2093-5978,true,,
Endokrynologia Polska,0423-104X,true,,
Energy Efficiency,1570-646X;1570-6478,true,,
ENERGY EXPLORATION & EXPLOITATION,0144-5987;2048-4054,true,,
Energy Sources Part B-Economics Planning and Policy,1556-7249;1556-7257,true,,
Energy Sustainability and Society,2192-0567,true,,
eNeuro,2373-2822,true,,
Engineering Applications of Computational Fluid Mechanics,1994-2060;1997-003X,true,,
ENGINEERING COMPUTATIONS,0264-4401;1758-7077,true,,
Engineering Construction and Architectural Management,0969-9988;1365-232X,true,,
ENGINEERING ECONOMIST,0013-791X;1547-2701,true,,
ENGINEERING IN LIFE SCIENCES,1618-0240;1618-2863,true,,
ENGINEERING OPTIMIZATION,0305-215X;1029-0273,true,,
ENGINEERING WITH COMPUTERS,0177-0667;1435-5663,true,,
English in Education,0425-0494;1754-8845,true,,
English Language & Linguistics,1360-6743;1469-4379,true,,
ENGLISH STUDIES IN CANADA,0317-0802;1913-4835,true,,
English Teaching-Practice and Critique,1175-8708,true,,
English Today,0266-0784;1474-0567,true,,
Ensenanza de Las Ciencias,0212-4521;2174-6486,true,,
ENTERPRISE & SOCIETY,1467-2227;1467-2235,true,,
Entertainment Computing,1875-9521;1875-953X,true,,
Enthymema-International Journal of Literary Criticism Literary Theory and Philosophy of Literature,2037-2426,true,,
ENTOMOLOGIA EXPERIMENTALIS ET APPLICATA,0013-8703;1570-7458,true,,
ENTOMOLOGIA GENERALIS,0171-8177;2363-7102,true,,
ENTOMOLOGICAL SCIENCE,1343-8786;1479-8298,true,,
Entrepreneurship and Sustainability Issues,2345-0282,true,,
Entrepreneurship Research Journal,2194-6175;2157-5665,true,,
ENVIRONMENT AND DEVELOPMENT ECONOMICS,1355-770X;1469-4395,true,,
ENVIRONMENT AND HISTORY,0967-3407;1752-7023,true,,
Environment and Planning B-Urban Analytics and City Science,2399-8083;2399-8091;0265-8135,true,,
Environment Protection Engineering,0324-8828,true,,
ENVIRONMENTAL & RESOURCE ECONOMICS,0924-6460;1573-1502,true,,
Environmental & Socio-Economic Studies,2354-0079,true,,
ENVIRONMENTAL AND ECOLOGICAL STATISTICS,1352-8505;1573-3009,true,,
ENVIRONMENTAL BIOLOGY OF FISHES,0378-1909;1573-5133,true,,
Environmental Chemistry,1448-2517;1449-8979,true,,
Environmental Communication-A Journal of Nature and Culture,1752-4032;1752-4040,true,,
Environmental Development,2211-4645;2211-4653,true,,
Environmental Earth Sciences,1866-6280;1866-6299,true,,
Environmental Economics and Policy Studies,1432-847X;1867-383X,true,,
Environmental Engineering and Management Journal,1582-9596;1843-3707,true,,
Environmental Engineering Research,1226-1025;2005-968X,true,,
ENVIRONMENTAL ENGINEERING SCIENCE,1092-8758;1557-9018,true,,
Environmental Hazards-Human and Policy Dimensions,1747-7891;1878-0059,true,,
Environmental Humanities,2201-1919,true,,
ENVIRONMENTAL MONITORING AND ASSESSMENT,0167-6369;1573-2959,true,,
Environmental Policy and Governance,1756-932X;1756-9338,true,,
Environmental Processes-An International Journal,2198-7491;2198-7505,true,,
Environmental Progress & Sustainable Energy,1944-7442;1944-7450,true,,
ENVIRONMENTAL TECHNOLOGY,0959-3330;1479-487X,true,,
Environmental Technology & Innovation,2352-1864,true,,
ENVIRONMENTAL TOXICOLOGY,1520-4081;1522-7278,true,,
ENVIRONMENTAL VALUES,0963-2719;1752-7015,true,,
ENVIRONMETRICS,1180-4009;1099-095X,true,,
ENZYME AND MICROBIAL TECHNOLOGY,0141-0229;1879-0909,true,,
EPILEPSY RESEARCH,0920-1211;1872-6844,true,,
EPILEPTIC DISORDERS,1294-9361;1950-6945,true,,
EPJ Quantum Technology,2196-0763,true,,
EPJ Techniques and Instrumentation,2195-7045,true,,
EPL,0295-5075;1286-4854,true,,
Equality Diversity and Inclusion,2040-7149;2040-7157;1758-7093,true,,
EQUINE VETERINARY EDUCATION,0957-7734;2042-3292,true,,
Equity & Excellence in Education,1066-5684;1547-3457,true,,
Erdkunde,0014-0015,true,,
ESAIM-Probability and Statistics,1292-8100;1262-3318,true,,
ESPRIT,0014-0759;2111-4579,true,,
ESPRIT CREATEUR,0014-0767;1931-0234,true,,
ESQ-A JOURNAL OF THE AMERICAN RENAISSANCE,0093-8297;1935-021X,true,,
Estetika-The Central European Journal of Aesthetics,0014-1291,true,,
Estonian Journal of Archaeology,1406-2933;1736-7484,true,,
Estudios de Historia Moderna y Contemporanea de Mexico,0185-2620;2448-5004,true,,
Estudios de Literatura Colombiana,0123-4412,true,,
ESTUDIOS FILOLOGICOS,0071-1713;0717-6171,true,,
Estudios Romanicos,0210-4911;1989-614X,true,,
Estudos de Literatura Brasileira Contemporanea,2316-4018;1518-0158,true,,
Estudos de Religiao,0103-801X;2176-1078,true,,
ESTUDOS IBERO-AMERICANOS,0101-4064;1980-864X,true,,
Ethical Theory and Moral Practice,1386-2820;1572-8447,true,,
Ethics & Global Politics,1654-4951;1654-6369,true,,
Ethics and Education,1744-9642;1744-9650,true,,
Ethnopolitics,1744-9057;1744-9065,true,,
ETHOLOGY,0179-1613;1439-0310,true,,
ETHOLOGY ECOLOGY & EVOLUTION,0394-9370;1828-7131,true,,
Etikk i Praksis,1890-3991;1890-4009,true,,
Etnoloska Tribina,0351-1944;1848-9540,true,,
ETUDES FRANCAISES,0014-2085,true,,
ETUDES GERMANIQUES,0014-2115,true,,
Etudes Inuit Studies,0701-1008,true,,
EUPHYTICA,0014-2336;1573-5060,true,,
Eurasian Business Review,1309-4297;2147-4281,true,,
Eurasian Economic Review,1309-422X;2147-429X,true,,
EURASIAN GEOGRAPHY AND ECONOMICS,1538-7216;1938-2863,true,,
EURASIP Journal on Advances in Signal Processing,1687-6180;1687-6172,true,,
EURASIP Journal on Wireless Communications and Networking,1687-1472;1687-1499,true,,
EURO Journal on Computational Optimization,2192-4406;2192-4414,true,,
EURO Journal on Transportation and Logistics,2192-4376;2192-4384,true,,
European Actuarial Journal,2190-9733;2190-9741,true,,
European Annals of Otorhinolaryngology-Head and Neck Diseases,1879-7296;1879-730X,true,,
EUROPEAN ARCHIVES OF OTO-RHINO-LARYNGOLOGY,0937-4477;1434-4726,true,,
European Archives of Paediatric Dentistry,1818-6300;1996-9805,true,,
EUROPEAN BIOPHYSICS JOURNAL WITH BIOPHYSICS LETTERS,0175-7571;1432-1017,true,,
European Business Organization Law Review,1566-7529;1741-6205,true,,
European Comic Art,1754-3797;1754-3800,true,,
EUROPEAN CYTOKINE NETWORK,1148-5493;1952-4005,true,,
European Early Childhood Education Research Journal,1350-293X;1752-1807,true,,
EUROPEAN FOOD RESEARCH AND TECHNOLOGY,1438-2377;1438-2385,true,,
EUROPEAN HISTORY QUARTERLY,0265-6914;1461-7110,true,,
European Journal for Research on the Education and Learning of Adults,2000-7426,true,,
European Journal of Ageing,1613-9372;1613-9380,true,,
European Journal of American Studies,1991-9336,true,,
EUROPEAN JOURNAL OF APPLIED MATHEMATICS,0956-7925;1469-4425,true,,
European Journal of Breast Health,2587-0831;1306-0945,true,,
EUROPEAN JOURNAL OF CANCER CARE,0961-5423;1365-2354,true,,
EUROPEAN JOURNAL OF CANCER PREVENTION,0959-8278;1473-5709,true,,
European Journal of Cardiovascular Nursing,1474-5151;1873-1953,true,,
EUROPEAN JOURNAL OF CONTRACEPTION AND REPRODUCTIVE HEALTH CARE,1362-5187;1473-0782,true,,
European Journal of Crime Criminal Law and Criminal Justice,0928-9569;1571-8174,true,,
EUROPEAN JOURNAL OF DERMATOLOGY,1167-1122;1952-4013,true,,
European Journal of Development Research,0957-8811;1743-9728,true,,
European Journal of Developmental Psychology,1740-5629;1740-5610,true,,
European Journal of Emergency Medicine,0969-9546;1473-5695,true,,
European Journal of Engineering Education,0304-3797;1469-5898,true,,
European Journal of English Studies,1382-5577;1744-4233,true,,
EUROPEAN JOURNAL OF ENTOMOLOGY,1802-8829;1210-5759,true,,
European Journal of Environmental and Civil Engineering,1964-8189;2116-7214,true,,
European Journal of Finance,1351-847X;1466-4364,true,,
European Journal of General Practice,1381-4788;1751-1402,true,,
EUROPEAN JOURNAL OF HAEMATOLOGY,0902-4441;1600-0609,true,,
EUROPEAN JOURNAL OF HISTOCHEMISTRY,1121-760X;2038-8306,true,,
EUROPEAN JOURNAL OF INORGANIC CHEMISTRY,1434-1948;1099-0682,true,,
European Journal of International Security,2057-5637;2057-5645,true,,
European Journal of Law and Economics,0929-1261;1572-9990,true,,
EUROPEAN JOURNAL OF MARKETING,0309-0566;1758-7123,true,,
European Journal of Medical Genetics,1769-7212;1878-0849,true,,
EUROPEAN JOURNAL OF MEDICAL RESEARCH,0949-2321;2047-783X,true,,
EUROPEAN JOURNAL OF MIGRATION AND LAW,1388-364X;1571-8166,true,,
EUROPEAN JOURNAL OF MINERALOGY,0935-1221;1617-4011,true,,
European Journal of Obstetrics & Gynecology and Reproductive Biology,0301-2115;1872-7654,true,,
European Journal of Oncology Nursing,1462-3889;1532-2122,true,,
EUROPEAN JOURNAL OF OPHTHALMOLOGY,1120-6721;1724-6016,true,,
EUROPEAN JOURNAL OF ORAL SCIENCES,0909-8836;1600-0722,true,,
EUROPEAN JOURNAL OF ORGANIC CHEMISTRY,1434-193X;1099-0690,true,,
EUROPEAN JOURNAL OF PEDIATRIC SURGERY,0939-7248;1439-359X,true,,
EUROPEAN JOURNAL OF PEDIATRICS,0340-6199;1432-1076,true,,
EUROPEAN JOURNAL OF PHYCOLOGY,0967-0262;1469-4433,true,,
European Journal of Physical and Rehabilitation Medicine,1973-9087;1973-9095,true,,
EUROPEAN JOURNAL OF PROTISTOLOGY,0932-4739;1618-0429,true,,
EUROPEAN JOURNAL OF PSYCHOLOGY OF EDUCATION,0256-2928;1878-5174,true,,
European Journal of Radiology Open,2352-0477,true,,
European Journal of Remote Sensing,2279-7254,true,,
European Journal of Risk Regulation,1867-299X;2190-8249,true,,
European Journal of Social Work,1369-1457;1468-2664,true,,
EUROPEAN JOURNAL OF SOIL BIOLOGY,1164-5563;1778-3615,true,,
European Journal of Special Needs Education,0885-6257;1469-591X,true,,
European Journal of Taxonomy,2118-9773,true,,
European Journal of the History of Economic Thought,0967-2567;1469-5936,true,,
European Journal of Training and Development,2046-9012;2046-9020,true,,
European Journal of Transport and Infrastructure Research,1567-7133;1567-7141,true,,
European Journal of Trauma and Emergency Surgery,1863-9933;1863-9941,true,,
EUROPEAN JOURNAL OF WILDLIFE RESEARCH,1612-4642;1439-0574,true,,
European Journal on Criminal Policy and Research,0928-1371;1572-9869,true,,
European Management Review,1740-4754;1740-4762,true,,
EUROPEAN NEUROLOGY,0014-3022;1421-9913,true,,
European Physical Journal Plus,2190-5444,true,,
European Physical Journal-Special Topics,1951-6355;1951-6401,true,,
European Research on Management and Business Economics,2444-8834;2444-8842,true,,
European Review,1062-7987;1474-0575,true,,
European Review for Medical and Pharmacological Sciences,1128-3602,true,,
European Romantic Review,1050-9585;1740-4657,true,,
European Security,0966-2839;1746-1545,true,,
European Spatial Research and Policy,1231-1952;1896-1525,true,,
European Stroke Journal,2396-9873;2396-9881,true,,
EUROPEAN SURGICAL RESEARCH,0014-312X;1421-9921,true,,
European Transport Research Review,1867-0717;1866-8887,true,,
EUROPE-ASIA STUDIES,0966-8136;1465-3427,true,,
EVALUATION & THE HEALTH PROFESSIONS,0163-2787;1552-3918,true,,
EVALUATION AND PROGRAM PLANNING,0149-7189;1873-7870,true,,
EVALUATION REVIEW,0193-841X;1552-3926,true,,
Evidence & Policy,1744-2648;1744-2656,true,,
Evidence-based HRM-A Global Forum for Empirical Scholarship,2049-3983;2049-3991,true,,
Evolution Equations and Control Theory,2163-2480,true,,
EVOLUTION PSYCHIATRIQUE,0014-3855;1769-6674,true,,
Evolutionary Bioinformatics,1176-9343,true,,
Evolutionary Biology,0071-3260;1934-2845,true,,
EVOLUTIONARY ECOLOGY,0269-7653;1573-8477,true,,
Evolving Systems,1868-6478;1868-6486,true,,
Exceptionality,0936-2835;1532-7035,true,,
Exchange-Journal of Missiological and Ecumenical Research,0166-2740;1572-543X,true,,
EXPERIMENTAL AGRICULTURE,0014-4797;1469-4441,true,,
EXPERIMENTAL AND CLINICAL ENDOCRINOLOGY & DIABETES,0947-7349;1439-3646,true,,
EXPERIMENTAL AND MOLECULAR PATHOLOGY,0014-4800;1096-0945,true,,
EXPERIMENTAL ANIMALS,1341-1357;1881-7122,true,,
EXPERIMENTAL BIOLOGY AND MEDICINE,1535-3702;1535-3699,true,,
EXPERIMENTAL BRAIN RESEARCH,0014-4819;1432-1106,true,,
EXPERIMENTAL HEAT TRANSFER,0891-6152;1521-0480,true,,
Experimental Hematology & Oncology,2162-3619,true,,
EXPERIMENTAL LUNG RESEARCH,0190-2148;1521-0499,true,,
Experimental Neurobiology,1226-2560;2093-8144,true,,
EXPERIMENTAL PHYSIOLOGY,0958-0670;1469-445X,true,,
EXPERIMENTAL PSYCHOLOGY,1618-3169;2190-5142,true,,
EXPERIMENTAL TECHNIQUES,0732-8818;1747-1567,true,,
EXPERT OPINION ON THERAPEUTIC PATENTS,1354-3776;1744-7674,true,,
Expert Review of Cardiovascular Therapy,1477-9072;1744-8344,true,,
Expert Review of Anticancer Therapy,1473-7140;1744-8328,true,,
Expert Review of Clinical Pharmacology,1751-2433;1751-2441,true,,
Expert Review of Gastroenterology & Hepatology,1747-4124;1747-4132,true,,
Expert Review of Hematology,1747-4086;1747-4094,true,,
Expert Review of Medical Devices,1743-4440;1745-2422,true,,
Expert Review of Pharmacoeconomics & Outcomes Research,1473-7167;1744-8379,true,,
Expert Review of Respiratory Medicine,1747-6348;1747-6356,true,,
EXPERT SYSTEMS,0266-4720;1468-0394,true,,
Exploration Geophysics,0812-3985;1834-7533,true,,
EXPOSITIONES MATHEMATICAE,0723-0869;1878-0792,true,,
EXTREMOPHILES,1431-0651;1433-4909,true,,
Eye & Contact Lens-Science and Clinical Practice,1542-2321;1542-233X,true,,
Fabrications-The Journal of the Society of Architectural Historians Australia and New Zealand,1033-1867;2164-4756,true,,
Facial Plastic Surgery Clinics of North America,1064-7406,true,,
FACIES,0172-9179;1612-4820,true,,
Facilities,0263-2772;1758-7131,true,,
Familial Cancer,1389-9600;1573-7292,true,,
Families In Society-The Journal of Contemporary Social Services,1044-3894;1945-1350,true,,
Families Relationships and Societies,2046-7435;2046-7443,true,,
FAMILY & COMMUNITY HEALTH,0160-6379;1550-5057,true,,
FAMILY & COMMUNITY HISTORY,1463-1180;1751-3812,true,,
FAMILY MEDICINE,0742-3225;1938-3800,true,,
FAMILY PRACTICE,0263-2136;1460-2229,true,,
FARMACIA,0014-8237;2065-0019,true,,
Fascism,2211-6249;2211-6257,true,,
Fashion Theory-The Journal of Dress Body & Culture,1362-704X;1751-7419,true,,
FEBS Open Bio,2211-5463,true,,
FEMINISM & PSYCHOLOGY,0959-3535;1461-7161,true,,
Feminist Criminology,1557-0851;1557-086X,true,,
Feminist Legal Studies,0966-3622;1572-8455,true,,
FEMINIST REVIEW,0141-7789;1466-4380,true,,
FEMINIST STUDIES,0046-3663;2153-3873,true,,
FEMS MICROBIOLOGY LETTERS,0378-1097;1574-6968,true,,
Fibers,2079-6439,true,,
FIBERS AND POLYMERS,1229-9197;1875-0052,true,,
FIBRES & TEXTILES IN EASTERN EUROPE,1230-3666,true,,
FIDDLEHEAD,0015-0630,true,,
FILM CRITICISM,0163-5069,true,,
Film Fashion & Consumption,2044-2823;2044-2831,true,,
Film-Philosophy,1466-4615,true,,
Filologia Mediolatina,1124-0008,true,,
FILOZOFIA,0046-385X,true,,
Finance Research Letters,1544-6123;1544-6131,true,,
Financial History Review,0968-5650;1474-0052,true,,
Financial Review,0732-8516;1540-6288,true,,
FIRE AND MATERIALS,0308-0501;1099-1018,true,,
FISH PHYSIOLOGY AND BIOCHEMISTRY,0920-1742;1573-5168,true,,
FISHERIES,0363-2415;1548-8446,true,,
FISHERIES SCIENCE,0919-9268;1444-2906,true,,
FISHERY BULLETIN,0090-0656;1937-4518,true,,
Fixed Point Theory,1583-5022;2066-9208,true,,
FLAVOUR AND FRAGRANCE JOURNAL,0882-5734;1099-1026,true,,
Flexible and Printed Electronics,2058-8585,true,,
FLORIDA ENTOMOLOGIST,0015-4040;1938-5102,true,,
FLOW MEASUREMENT AND INSTRUMENTATION,0955-5986;1873-6998,true,,
Fluid Dynamics,0015-4628;1573-8507,true,,
FLUID DYNAMICS RESEARCH,0169-5983;1873-7005,true,,
Fluminensia,0353-4642;1848-9680,true,,
FLY,1933-6934;1933-6942,true,,
FME Transactions,1451-2092;2406-128X,true,,
Focaal-Journal of Global and Historical Anthropology,0920-1297;1558-5263,true,,
Focus on Autism and Other Developmental Disabilities,1088-3576;1538-4829,true,,
FOLIA GEOBOTANICA,1211-9520;1874-9348,true,,
FOLIA HISTOCHEMICA ET CYTOBIOLOGICA,0239-8508;1897-5631,true,,
FOLIA MORPHOLOGICA,0015-5659;1644-3284,true,,
FOLIA NEUROPATHOLOGICA,1641-4640;1509-572X,true,,
FOLIA PHONIATRICA ET LOGOPAEDICA,1021-7762;1421-9972,true,,
Food & Nutrition Research,1654-6628;1654-661X,true,,
Food Additives & Contaminants Part B-Surveillance,1939-3210;1939-3229,true,,
Food Additives and Contaminants Part A-Chemistry Analysis Control Exposure & Risk Assessment,1944-0049;1944-0057,true,,
Food Analytical Methods,1936-9751;1936-976X,true,,
Food and Environmental Virology,1867-0334;1867-0342,true,,
FOOD AND NUTRITION BULLETIN,0379-5721;1564-8265,true,,
Food Biophysics,1557-1858;1557-1866,true,,
Food Bioscience,2212-4292;2212-4306,true,,
Foodborne Pathogens and Disease,1535-3141;1556-7125,true,,
Foods and Raw Materials,2308-4057;2310-9599,true,,
Foot and Ankle Surgery,1268-7731;1460-9584,true,,
Forensic Science Medicine and Pathology,1547-769X;1556-2891,true,,
FOREST SCIENCE,0015-749X;1938-3738,true,,
FORMAL METHODS IN SYSTEM DESIGN,0925-9856;1572-8102,true,,
FORSCHUNG IM INGENIEURWESEN-ENGINEERING RESEARCH,0015-7899;1434-0860,true,,
Forum for Development Studies,0803-9410;1891-1765,true,,
FORUM FOR MODERN LANGUAGE STUDIES,0015-8518;1471-6860,true,,
Forum for World Literature Studies,1949-8519;2154-6711,true,,
Forum of Mathematics Pi,2050-5086,true,,
Forum of Mathematics Sigma,2050-5094,true,,
Foundations and Trends in Entrepreneurship,1551-3114;1551-3122,true,,
Foundations and Trends in Networking,1554-057X;1554-0588,true,,
FREE RADICAL RESEARCH,1071-5762;1029-2470,true,,
French History,0269-1191;1477-4542,true,,
FRENCH STUDIES,0016-1128;1468-2931,true,,
French Studies Bulletin,0262-2750;1748-9180,true,,
Friction,2223-7690;2223-7704,true,,
Frontiers in Bioscience-Landmark,1093-9946;1093-4715,true,,
Frontiers in Computational Neuroscience,1662-5188,true,,
Frontiers in Materials,2296-8016,true,,
Frontiers in Medicine,2296-858X,true,,
Frontiers in Neurorobotics,1662-5218,true,,
Frontiers in Nutrition,2296-861X,true,,
Frontiers in Pediatrics,2296-2360,true,,
Frontiers in Psychology,1664-1078,true,,
Frontiers of Architectural Research,2095-2635;2095-2643,true,,
Frontiers of Chemical Science and Engineering,2095-0179;2095-0187,true,,
Frontiers of Environmental Science & Engineering,2095-2201;2095-221X,true,,
Frontiers of Literary Studies in China,1673-7318;1673-7423,true,,
Frontiers of Mechanical Engineering,2095-0233;2095-0241,true,,
Frontiers of Medicine,2095-0217;2095-0225,true,,
Frontiers of Physics,2095-0462;2095-0470,true,,
Frontiers of Structural and Civil Engineering,2095-2430;2095-2449,true,,
Fuel Cells,1615-6846;1615-6854,true,,
FUNCTIONAL ANALYSIS AND ITS APPLICATIONS,0016-2663;1573-8485,true,,
FUNDAMENTA INFORMATICAE,0169-2968;1875-8681,true,,
FUNDAMENTAL & CLINICAL PHARMACOLOGY,0767-3981;1472-8206,true,,
FUSION SCIENCE AND TECHNOLOGY,1536-1055;1943-7641,true,,
Future Anterior,1549-9715;1934-6026,true,,
Future Oncology,1479-6694;1744-8301,true,,
Fuzzy Information and Engineering,1616-8658;1616-8666,true,,
G3-Genes Genomes Genetics,2160-1836,true,,
GaBI Journal-Generics and Biosimilars Initiative Journal,2033-6403;2033-6772,true,,
GAIA-Ecological Perspectives for Science and Society,0940-5550,true,,
Games for Health Journal,2161-783X;2161-7856,true,,
Gastroenterology Report,2052-0034,true,,
Gastroenterology Research and Practice,1687-6121;1687-630X,true,,
GEBURTSHILFE UND FRAUENHEILKUNDE,0016-5751;1438-8804,true,,
GEMS & GEMOLOGY,0016-626X,true,,
Gender and Language,1747-6321;1747-633X,true,,
Gender Issues,1098-092X;1936-4717,true,,
GENE,0378-1119;1879-0038,true,,
GENE EXPRESSION PATTERNS,1567-133X;1872-7298,true,,
GENERAL RELATIVITY AND GRAVITATION,0001-7701;1572-9532,true,,
General Thoracic and Cardiovascular Surgery,1863-6705;1863-6713,true,,
GENES & GENETIC SYSTEMS,1341-7568;1880-5779,true,,
Genes and Nutrition,1555-8932;1865-3499,true,,
GENESIS,1526-954X;1526-968X,true,,
Genetic Programming and Evolvable Machines,1389-2576;1573-7632,true,,
GENETIC RESOURCES AND CROP EVOLUTION,0925-9864;1573-5109,true,,
GENETICS AND MOLECULAR BIOLOGY,1415-4757;1678-4685,true,,
GENEVA PAPERS ON RISK AND INSURANCE-ISSUES AND PRACTICE,1018-5895;1468-0440,true,,
Geneva Risk and Insurance Review,1554-964X;1554-9658,true,,
GENOME,0831-2796;1480-3321,true,,
Genomics Data,2213-5960,true,,
GEOBIOS,0016-6995;1777-5728,true,,
Geocarto International,1010-6049;1752-0762,true,,
GEOCHEMICAL JOURNAL,0016-7002;1880-5973,true,,
GEOCHEMISTRY INTERNATIONAL,0016-7029;1556-1968,true,,
GEOCHEMISTRY-EXPLORATION ENVIRONMENT ANALYSIS,1467-7873;2041-4943,true,,
Geochronometria,1897-1695;1733-8387,true,,
GEODINAMICA ACTA,0985-3111;1778-3593,true,,
GEODIVERSITAS,1280-9659;1638-9395,true,,
Geo-Geography and Environment,2054-4049,true,,
GEOGRAFISKA ANNALER SERIES A-PHYSICAL GEOGRAPHY,0435-3676;1468-0459,true,,
GEOGRAFISKA ANNALER SERIES B-HUMAN GEOGRAPHY,0435-3684;1468-0467,true,,
Geographical Research,1745-5863;1745-5871,true,,
Geoheritage,1867-2477;1867-2485,true,,
GEOJOURNAL,0343-2521;1572-9893,true,,
GEOLOGICA BELGICA,1374-8505;2034-1954,true,,
GEOLOGICA CARPATHICA,1335-0552;1336-8052,true,,
GEOLOGICAL JOURNAL,0072-1050;1099-1034,true,,
GEOLOGY OF ORE DEPOSITS,1075-7015;1555-6476,true,,
GEO-MARINE LETTERS,0276-0460;1432-1157,true,,
Geomatics Natural Hazards & Risk,1947-5705;1947-5713,true,,
Geomechanics and Engineering,2005-307X;2092-6219,true,,
GEOSCIENCE CANADA,0315-0941,true,,
Geoscience Data Journal,2049-6060,true,,
Geosciences,2076-3263,true,,
Geoscientific Instrumentation Methods and Data Systems,2193-0856;2193-0864,true,,
Geospatial Health,1827-1987;1970-7096,true,,
Geotechnical and Geological Engineering,0960-3182;1573-1529,true,,
GEOTECTONICS,0016-8521;1556-1976,true,,
Geriatrics & Gerontology International,1444-1586;1447-0594,true,,
Gerion-Revista de Historia Antigua,0213-0181;1988-3080,true,,
German Economic Review,1465-6485;1468-0475,true,,
German Politics,0964-4008;1743-8993,true,,
GERMAN QUARTERLY,0016-8831;1756-1183,true,,
GERMAN STUDIES REVIEW,0149-7952;2164-8646,true,,
GERMANISCH-ROMANISCHE MONATSSCHRIFT,0016-8904,true,,
GERODONTOLOGY,0734-0664;1741-2358,true,,
Gesture,1568-1475;1569-9773,true,,
GFF,1103-5897;2000-0863,true,,
GIFTED CHILD QUARTERLY,0016-9862;1934-9041,true,,
GLASGOW MATHEMATICAL JOURNAL,0017-0895;1469-509X,true,,
Global Business Review,0972-1509;0973-0664,true,,
Global Change Peace & Security,1478-1158;1478-1166,true,,
Global Crime,1744-0572;1744-0580,true,,
Global Finance Journal,1044-0283;1873-5665,true,,
Global Heart,2211-8160;2211-8179,true,,
Global Media and Communication,1742-7665;1742-7673,true,,
Global Policy,1758-5880;1758-5899,true,,
Global Public Health,1744-1692;1744-1706,true,,
Global Social Policy,1468-0181;1741-2803,true,,
Global Society,1360-0826;1469-798X,true,,
Global Spine Journal,2192-5682;2192-5690,true,,
Globalizations,1474-7731;1474-774X,true,,
GLYCOCONJUGATE JOURNAL,0282-0080;1573-4986,true,,
GM Crops & Food-Biotechnology in Agriculture and the Food Chain,2164-5698;2164-5701,true,,
GMS Journal for Medical Education,2366-5017,true,,
GOETHE JAHRBUCH,0323-4207,true,,
GOLD BULLETIN,0017-1557;2190-7579,true,,
GRAPHICAL MODELS,1524-0703;1524-0711,true,,
GRAPHS AND COMBINATORICS,0911-0119;1435-5914,true,,
GRAZER PHILOSOPHISCHE STUDIEN,0165-9227;1875-6735,true,,
GREECE & ROME,0017-3835;1477-4550,true,,
Green Chemistry Letters and Reviews,1751-8253;1751-7192,true,,
Greenhouse Gases-Science and Technology,2152-3878,true,,
Grey Systems-Theory and Application,2043-9377;2043-9385,true,,
Griffith Law Review,1038-3441;1839-4205,true,,
GROUND WATER MONITORING AND REMEDIATION,1069-3629;1745-6592,true,,
Groundwater,0017-467X;1745-6584,true,,
GROWTH AND CHANGE,0017-4815;1468-2257,true,,
GROWTH FACTORS,0897-7194;1029-2292,true,,
GROWTH HORMONE & IGF RESEARCH,1096-6374;1532-2238,true,,
Gut and Liver,1976-2283;2005-1212,true,,
Gut Pathogens,1757-4749,true,,
GYNECOLOGIC AND OBSTETRIC INVESTIGATION,0378-7346;1423-002X,true,,
GYNECOLOGICAL ENDOCRINOLOGY,0951-3590;1473-0766,true,,
Hamostaseologie,0720-9355,true,,
HAND CLINICS,0749-0712;1558-1969,true,,
HARVARD BUSINESS REVIEW,0017-8012,true,,
HARVARD CIVIL RIGHTS-CIVIL LIBERTIES LAW REVIEW,0017-8039;1943-5061,true,,
HARVARD ENVIRONMENTAL LAW REVIEW,0147-8257,true,,
HARVARD JOURNAL ON LEGISLATION,0017-808X;1943-507X,true,,
HARVARD THEOLOGICAL REVIEW,0017-8160;1475-4517,true,,
HASTINGS LAW JOURNAL,0017-8322,true,,
HEALTH,1363-4593;1461-7196,true,,
Health and Human Rights,1079-0969;2150-4113,true,,
HEALTH CARE ANALYSIS,1065-3058;1573-3394,true,,
HEALTH COMMUNICATION,1041-0236;1532-7027,true,,
Health Economics Policy and Law,1744-1331;1744-134X,true,,
Health Economics Review,2191-1991,true,,
HEALTH EDUCATION & BEHAVIOR,1090-1981;1552-6127,true,,
HEALTH EDUCATION JOURNAL,0017-8969;1748-8176,true,,
HEALTH EDUCATION RESEARCH,0268-1153;1465-3648,true,,
Health Information and Libraries Journal,1471-1834;1471-1842,true,,
Health Information Science and Systems,2047-2501,true,,
Health Policy and Technology,2211-8837,true,,
HEALTH PROMOTION INTERNATIONAL,0957-4824;1460-2245,true,,
Health Promotion Practice,1524-8399;1552-6372,true,,
HEALTH RISK & SOCIETY,1369-8575;1469-8331,true,,
Health Security,2326-5094;2326-5108,true,,
Health Services and Outcomes Research Methodology,1387-3741;1572-9400,true,,
Health Services Insights,1178-6329,true,,
Healthcare Informatics Research,2093-3681;2093-369X,true,,
HEART & LUNG,0147-9563;1527-3288,true,,
HEART AND VESSELS,0910-8327;1615-2573,true,,
Heart Failure Clinics,1551-7136,true,,
Heart Lung and Circulation,1443-9506;1444-2892,true,,
HEAT AND MASS TRANSFER,0947-7411;1432-1181,true,,
HEAT TRANSFER ENGINEERING,0145-7632;1521-0537,true,,
Hebrew Bible and Ancient Israel,2192-2276;2192-2284,true,,
HEC Forum,0956-2737;1572-8498,true,,
HEMATOLOGICAL ONCOLOGY,0278-0232;1099-1069,true,,
Hemodialysis International,1492-7535;1542-4758,true,,
Hepatitis Monthly,1735-143X;1735-3408,true,,
Hepatobiliary & Pancreatic Diseases International,1499-3872;2352-9377,true,,
HERD-Health Environments Research & Design Journal,1937-5867;2167-5112,true,,
Hereditary Cancer in Clinical Practice,1731-2302;1897-4287,true,,
HERMES-ZEITSCHRIFT FUR KLASSISCHE PHILOLOGIE,0018-0777;2365-3116,true,,
HERPETOLOGICA,0018-0831;1938-5099,true,,
HERPETOLOGICAL JOURNAL,0268-0130,true,,
HIGH ALTITUDE MEDICINE & BIOLOGY,1527-0297;1557-8682,true,,
HIGH PRESSURE RESEARCH,0895-7959;1477-2299,true,,
HIGH TEMPERATURE,0018-151X;1608-3156,true,,
Higher Education Policy,0952-8733;1740-3863,true,,
Hipogrifo-Revista de literatura y cultura del Siglo de Oro,2328-1308,true,,
HISPANIC JOURNAL OF BEHAVIORAL SCIENCES,0739-9863;1552-6364,true,,
Hispanic Research Journal-Iberian and Latin American Studies,1468-2737;1745-820X,true,,
HISPANIC REVIEW,0018-2176;1553-0639,true,,
HISPANOFILA,0018-2206;2165-6185,true,,
HISTOLOGY AND HISTOPATHOLOGY,0213-3911;1699-5848,true,,
Historia Actual Online,1697-3305;1696-2060,true,,
HISTORIA MEXICANA,0185-0172;2448-6531,true,,
Historia Social,0214-2570,true,,
Historia y Memoria,2027-5137;2322-777X,true,,
Historia y Politica,1575-0361;1989-063X,true,,
Historia y Sociedad,0121-8417;2357-4720,true,,
HISTORIAN,0018-2370;1540-6563,true,,
Historia-Santiago,0717-7194;0073-2435,true,,
HISTORICAL BIOLOGY,0891-2963;1029-2381,true,,
Historical Encounters-A Journal of Historical Consciousness Historical Cultures and History Education,2203-7543,true,,
Historical Materialism-Research in Critical Marxist Theory,1465-4466;1569-206X,true,,
HISTORICAL REFLECTIONS-REFLEXIONS HISTORIQUES,0315-7997;1939-2419,true,,
Historical Review-La Revue Historique,1790-3572;1791-7603,true,,
HISTORISCHE ZEITSCHRIFT,0018-2613,true,,
Historisk Tidskrift,0345-469X,true,,
HISTORISK TIDSSKRIFT,0018-263X;1504-2944,true,,
HISTORY,0018-2648;1468-229X,true,,
History of Education,0046-760X;1464-5130,true,,
HISTORY OF EUROPEAN IDEAS,0191-6599;1873-541X,true,,
HISTORY OF PSYCHIATRY,0957-154X;1740-2360,true,,
History of Psychology,1093-4510;1939-0610,true,,
History of the Family,1081-602X;1873-5398,true,,
HISTORY OF THE HUMAN SCIENCES,0952-6951;1461-720X,true,,
HIV AIDS-Research and Palliative Care,1179-1373,true,,
HIV CLINICAL TRIALS,1528-4336;1945-5771,true,,
HLA,2059-2302;2059-2310,true,,
Homeopathy,1475-4916;1476-4245,true,,
HOMO-JOURNAL OF COMPARATIVE HUMAN BIOLOGY,0018-442X;1618-1301,true,,
Hong Kong Journal of Occupational Therapy,1569-1861;1876-4398,true,,
HOPOS-The Journal of the International Society for the History of Philosophy of Science,2152-5188;2156-6240,true,,
HORMONE AND METABOLIC RESEARCH,0018-5043;1439-4286,true,,
Hormone Molecular Biology and Clinical Investigation,1868-1883;1868-1891,true,,
Hormone Research in Paediatrics,1663-2818;1663-2826,true,,
Hormones-International Journal of Endocrinology and Metabolism,1109-3099;2520-8721,true,,
Horticultura Brasileira,0102-0536;1806-9991,true,,
HORTICULTURAL SCIENCE,0862-867X;1805-9333,true,,
Horticulture Journal,2189-0102;2189-0110,true,,
HORTSCIENCE,0018-5345;2327-9834,true,,
HOUSING POLICY DEBATE,1051-1482;2152-050X,true,,
HSE-Social and Education History,2014-3567,true,,
HUMAN & EXPERIMENTAL TOXICOLOGY,0960-3271;1477-0903,true,,
Human Cell,1749-0774;0914-7470,true,,
HUMAN DEVELOPMENT,0018-716X;1423-0054,true,,
HUMAN ECOLOGY,0300-7839;1572-9915,true,,
Human Ecology Review,1074-4827,true,,
Human Factors and Ergonomics in Manufacturing & Service Industries,1090-8471;1520-6564,true,,
Human Gene Therapy Clinical Development,2324-8637;2324-8645,true,,
Human Gene Therapy Methods,1946-6536;1946-6544,true,,
HUMAN HEREDITY,0001-5652;1423-0062,true,,
HUMAN IMMUNOLOGY,0198-8859;1879-1166,true,,
HUMAN ORGANIZATION,0018-7259;1938-3525,true,,
HUMAN PERFORMANCE,0895-9285;1532-7043,true,,
HUMAN PSYCHOPHARMACOLOGY-CLINICAL AND EXPERIMENTAL,0885-6222;1099-1077,true,,
Human Resource Development International,1367-8868;1469-8374,true,,
Human Resource Development Review,1534-4843;1552-6712,true,,
Human Service Organizations Management Leadership & Governance,2330-3131;2330-314X,true,,
Human Vaccines & Immunotherapeutics,2164-5515;2164-554X,true,,
Humanitas-Portugal,0871-1569;2183-1718,true,,
HUNTINGTON LIBRARY QUARTERLY,0018-7895;1544-399X,true,,
HYDROLOGICAL SCIENCES JOURNAL-JOURNAL DES SCIENCES HYDROLOGIQUES,0262-6667;2150-3435,true,,
Hydrology Research,0029-1277;2224-7955,true,,
HYPERTENSION IN PREGNANCY,1064-1955;1525-6065,true,,
IATSS Research,0386-1112;2210-4240,true,,
IAWA JOURNAL,0928-1541;2294-1932,true,,
Iberoamerican Journal of Development Studies,2254-2035,true,,
IBEROROMANIA,0019-0993;1865-9039,true,,
IBM JOURNAL OF RESEARCH AND DEVELOPMENT,0018-8646;2151-8556,true,,
ICHTHYOLOGICAL EXPLORATION OF FRESHWATERS,0936-9902,true,,
ICHTHYOLOGICAL RESEARCH,1341-8998;1616-3915,true,,
ICT Express,2405-9595,true,,
Ideas y Valores,0120-0062,true,,
Identity-An International Journal of Theory and Research,1528-3488;1532-706X,true,,
Ido Movement for Culture-Journal of Martial Arts Anthropology,2084-3763;2082-7571,true,,
IEEE Computer Architecture Letters,1556-6056;1556-6064,true,,
IEEE COMPUTER GRAPHICS AND APPLICATIONS,0272-1716;1558-1756,true,,
IEEE Design & Test,2168-2356,true,,
IEEE Embedded Systems Letters,1943-0663;1943-0671,true,,
IEEE INDUSTRY APPLICATIONS MAGAZINE,1077-2618;1558-0598,true,,
IEEE INSTRUMENTATION & MEASUREMENT MAGAZINE,1094-6969;1941-0123,true,,
IEEE JOURNAL OF QUANTUM ELECTRONICS,0018-9197;1558-1713,true,,
IEEE Magnetics Letters,1949-307X,true,,
IEEE SPECTRUM,0018-9235;1939-9340,true,,
IEEE TRANSACTIONS ON APPLIED SUPERCONDUCTIVITY,1051-8223;1558-2515,true,,
IEEE Transactions on Big Data,2332-7790,true,,
IEEE Transactions on Cognitive and Developmental Systems,2379-8920;2379-8939,true,,
IEEE Transactions on Components Packaging and Manufacturing Technology,2156-3950;2156-3985,true,,
IEEE Transactions on Computational Intelligence and AI in Games,1943-068X;1943-0698,true,,
IEEE TRANSACTIONS ON DEVICE AND MATERIALS RELIABILITY,1530-4388;1558-2574,true,,
IEEE TRANSACTIONS ON ENGINEERING MANAGEMENT,0018-9391;1558-0040,true,,
IEEE Transactions on Haptics,1939-1412;2329-4051,true,,
IEEE TRANSACTIONS ON MAGNETICS,0018-9464;1941-0069,true,,
IEEE TRANSACTIONS ON NANOBIOSCIENCE,1536-1241;1558-2639,true,,
IEEE TRANSACTIONS ON NUCLEAR SCIENCE,0018-9499;1558-1578,true,,
IEEE TRANSACTIONS ON PLASMA SCIENCE,0093-3813;1939-9375,true,,
IEEE TRANSACTIONS ON SEMICONDUCTOR MANUFACTURING,0894-6507;1558-2345,true,,
IEEE-ACM Transactions on Computational Biology and Bioinformatics,1545-5963;1557-9964,true,,
IEEE-CAA Journal of Automatica Sinica,2329-9266;2329-9274,true,,
IET Circuits Devices & Systems,1751-858X;1751-8598,true,,
IET Computer Vision,1751-9632;1751-9640,true,,
IET Computers and Digital Techniques,1751-8601;1751-861X,true,,
IET Electrical Systems in Transportation,2042-9738;2042-9746,true,,
IET Image Processing,1751-9659;1751-9667,true,,
IET Information Security,1751-8709;1751-8717,true,,
IET Intelligent Transport Systems,1751-956X;1751-9578,true,,
IET Microwaves Antennas & Propagation,1751-8725;1751-8733,true,,
IET Nanobiotechnology,1751-8741;1751-875X,true,,
IET Optoelectronics,1751-8768;1751-8776,true,,
IET Power Electronics,1755-4535;1755-4543,true,,
IET Science Measurement & Technology,1751-8822;1751-8830,true,,
IET Signal Processing,1751-9675;1751-9683,true,,
IET Software,1751-8806;1751-8814,true,,
IETE TECHNICAL REVIEW,0256-4602;0974-5971,true,,
iForest-Biogeosciences and Forestry,1971-7458,true,,
IIMB Management Review,0970-3896;2212-4446,true,,
Ilahiyat Studies-A Journal on Islamic and Religious Studies,1309-1786;1309-1719,true,,
IMA JOURNAL OF APPLIED MATHEMATICS,0272-4960;1464-3634,true,,
IMA JOURNAL OF MATHEMATICAL CONTROL AND INFORMATION,0265-0754;1471-6887;1471-6879,true,,
Image Analysis & Stereology,1580-3139,true,,
IMAGE AND VISION COMPUTING,0262-8856;1872-8138,true,,
Immune Network,1598-2629;2092-6685,true,,
IMMUNOGENETICS,0093-7711;1432-1211,true,,
IMMUNOLOGICAL INVESTIGATIONS,0882-0139;1532-4311,true,,
IMMUNOPHARMACOLOGY AND IMMUNOTOXICOLOGY,0892-3973;1532-2513,true,,
Implicit Religion,1463-9955;1743-1697,true,,
IN VITRO CELLULAR & DEVELOPMENTAL BIOLOGY-ANIMAL,1071-2690;1543-706X,true,,
INDAGATIONES MATHEMATICAE-NEW SERIES,0019-3577;1872-6100,true,,
India Review,1473-6489;1557-3036,true,,
Indian Journal of Anaesthesia,0019-5049;0976-2817,true,,
Indian Journal of Community Medicine,0970-0218;1998-3581,true,,
Indian Journal of Critical Care Medicine,0972-5229;1998-359X,true,,
Indian Journal of Dermatology Venereology & Leprology,0378-6323;0973-3922,true,,
INDIAN JOURNAL OF EXPERIMENTAL BIOLOGY,0019-5189;0975-1009,true,,
Indian Journal of Gender Studies,0971-5215;0973-0672,true,,
INDIAN JOURNAL OF MEDICAL RESEARCH,0971-5916,true,,
INDIAN JOURNAL OF OPHTHALMOLOGY,0301-4738;1998-3689,true,,
Indian Journal of Orthopaedics,0019-5413;1998-3727,true,,
Indian Journal of Otolaryngology and Head & Neck Surgery,2231-3796;0973-7707;0019-5421,true,,
Indian Journal of Psychiatry,0019-5545;1998-3794,true,,
Indian Journal of Radiology and Imaging,0971-3026;1998-3808;0970-2016,true,,
Indian Journal of Traditional Knowledge,0972-5938;0975-1068,true,,
INDIAN PEDIATRICS,0019-6061;0974-7559,true,,
INDOOR AND BUILT ENVIRONMENT,1420-326X;1423-0070,true,,
Industrial Archaeology Review,0309-0728;1745-8196,true,,
INDUSTRIAL HEALTH,0019-8366;1880-8026,true,,
Industrial Robot-The International Journal of Robotics Research and Application,0143-991X;1758-5791,true,,
INFANT AND CHILD DEVELOPMENT,1522-7219;1522-7227,true,,
INFANT BEHAVIOR & DEVELOPMENT,0163-6383;1879-0453,true,,
INFANT MENTAL HEALTH JOURNAL,0163-9641;1097-0355,true,,
Infection and Chemotherapy,2093-2340;2092-6448,true,,
Infectious Agents and Cancer,1750-9378,true,,
Infectious Disease Reports,2036-7430;2036-7449,true,,
Infectious Diseases,2374-4235;2374-4243,true,,
INFINITE DIMENSIONAL ANALYSIS QUANTUM PROBABILITY AND RELATED TOPICS,0219-0257;1793-6306,true,,
INFLAMMATION,0360-3997;1573-2576,true,,
INFLAMMATION RESEARCH,1023-3830;1420-908X,true,,
INFLAMMOPHARMACOLOGY,0925-4692;1568-5608,true,,
Informal Logic,0824-2577,true,,
Information & Communications Technology Law,1360-0834;1469-8404,true,,
Information & Culture,2164-8034;2166-3033,true,,
INFORMATION AND COMPUTATION,0890-5401;1090-2651,true,,
Information and Inference-A Journal of the IMA,2049-8764;2049-8772,true,,
Information Development,0266-6669;1741-6469,true,,
INFORMATION PROCESSING LETTERS,0020-0190;1872-6119,true,,
INFORMATION RESEARCH-AN INTERNATIONAL ELECTRONIC JOURNAL,1368-1613,true,,
Information Systems and E-Business Management,1617-9846;1617-9854,true,,
INFORMATION SYSTEMS MANAGEMENT,1058-0530;1934-8703,true,,
Information Technology & Tourism,1098-3058;1943-4294,true,,
Information Technology for Development,0268-1102;1554-0170,true,,
Ingegneria Sismica,0393-1420,true,,
INHALATION TOXICOLOGY,0895-8378;1091-7691,true,,
Inland Waters,2044-2041;2044-205X,true,,
Innate Immunity,1753-4259;1753-4267,true,,
INORGANICA CHIMICA ACTA,0020-1693;1873-3255,true,,
Inra Productions Animales,2273-774X;2273-7766,true,,
Insect Science,1672-9609;1744-7917,true,,
INSECTES SOCIAUX,0020-1812;1420-9098,true,,
Insight Turkey,1302-177X,true,,
INSULA-REVISTA DE LETRAS Y CIENCIAS HUMANAS,0020-4536,true,,
INTEGRAL TRANSFORMS AND SPECIAL FUNCTIONS,1065-2469;1476-8291,true,,
Integrated Environmental Assessment and Management,1551-3777;1551-3793,true,,
INTEGRATION-THE VLSI JOURNAL,0167-9260;1872-7522,true,,
INTEGRATIVE CANCER THERAPIES,1534-7354;1552-695X,true,,
Integrative Psychological and Behavioral Science,1932-4502;1936-3567,true,,
Intellectual and Developmental Disabilities,1934-9491;1934-9556,true,,
Intelligence and National Security,0268-4527;1743-9019,true,,
Intelligent Buildings International,1750-8975;1756-6932,true,,
Intelligent Data Analysis,1088-467X;1571-4128,true,,
Intelligent Service Robotics,1861-2776;1861-2784,true,,
Intelligent Systems in Accounting Finance & Management,1055-615X;1099-1174,true,,
INTERACTING WITH COMPUTERS,0953-5438;1873-7951,true,,
Inter-Asia Cultural Studies,1464-9373;1469-8447,true,,
Intercultural Education,1467-5986;1469-8439,true,,
Interdisciplinary Journal of Problem-Based Learning,1541-5015,true,,
INTERFACES AND FREE BOUNDARIES,1463-9963;1463-9971,true,,
Interfaces Brasil-Canada,1519-0994;1984-5677,true,,
Interiors-Design Architecture Culture,2041-9112;2041-9120,true,,
Internal and Emergency Medicine,1828-0447;1970-9366,true,,
INTERNAL MEDICINE JOURNAL,1444-0903;1445-5994,true,,
International Journal of Agricultural and Environmental Information Systems,1947-3192;1947-3206,true,,
INTERNATIONAL APPLIED MECHANICS,1063-7095;1573-8582,true,,
International Arab Journal of Information Technology,1683-3198,true,,
INTERNATIONAL ARCHIVES OF ALLERGY AND IMMUNOLOGY,1018-2438;1423-0097,true,,
International Archives of Otorhinolaryngology,1809-9777;1809-4864,true,,
International Area Studies Review,2233-8659;2049-1123,true,,
International Bibliography of Military History,0378-7869;2211-5757,true,,
INTERNATIONAL CLINICAL PSYCHOPHARMACOLOGY,0268-1315;1473-5857,true,,
International Communication Gazette,1748-0485;1748-0493,true,,
International Criminal Justice Review,1057-5677;1556-3855,true,,
International Criminal Law Review,1567-536X;1571-8123,true,,
INTERNATIONAL DEVELOPMENT PLANNING REVIEW,1474-6743;1478-3401,true,,
International Feminist Journal of Politics,1461-6742;1468-4470,true,,
International Finance,1367-0271;1468-2362,true,,
International Food and Agribusiness Management Review,1559-2448;1096-7508,true,,
INTERNATIONAL FORESTRY REVIEW,1465-5489;2053-7778,true,,
International Gambling Studies,1445-9795;1479-4276,true,,
International Health,1876-3413;1876-3405,true,,
International Heart Journal,1349-2365;1349-3299,true,,
INTERNATIONAL IMMUNOPHARMACOLOGY,1567-5769;1878-1705,true,,
International Insolvency Review,1180-0518;1099-1107,true,,
INTERNATIONAL JOURNAL,0020-7020;2052-465X,true,,
International Journal for Crime Justice and Social Democracy,2202-7998;2202-8005,true,,
International Journal for Educational and Vocational Guidance,0251-2513;1573-1782,true,,
International Journal for Educational Integrity,1833-2595,true,,
International Journal for Equity in Health,1475-9276,true,,
International Journal for Ion Mobility Spectrometry,1435-6163;1865-4584,true,,
International Journal for Technology in Mathematics Education,1744-2710;2045-2519,true,,
International Journal for Uncertainty Quantification,2152-5080;2152-5099,true,,
International Journal of Accounting,0020-7063;1879-2251;1094-4060,true,,
International Journal of Accounting and Information Management,1834-7649;1758-9037,true,,
International Journal of Agricultural and Biological Engineering,1934-6344;1934-6352,true,,
International Journal of Agricultural Sustainability,1473-5903;1747-762X,true,,
International Journal of Air-Conditioning and Refrigeration,2010-1325;2010-1333,true,,
INTERNATIONAL JOURNAL OF ALGEBRA AND COMPUTATION,0218-1967;1793-6500,true,,
INTERNATIONAL JOURNAL OF APPLIED ELECTROMAGNETICS AND MECHANICS,1383-5416;1875-8800,true,,
International Journal of Applied Mechanics,1758-8251;1758-826X,true,,
INTERNATIONAL JOURNAL OF ARTIFICIAL ORGANS,0391-3988;1724-6040,true,,
International Journal of Astrobiology,1473-5504;1475-3006,true,,
International Journal of Auditing,1090-6738;1099-1123,true,,
International Journal of Automotive And Mechanical Engineering,2229-8649;2180-1606,true,,
INTERNATIONAL JOURNAL OF BEHAVIORAL MEDICINE,1070-5503;1532-7558,true,,
INTERNATIONAL JOURNAL OF BIFURCATION AND CHAOS,0218-1274;1793-6551,true,,
International Journal of Biomaterials,1687-8787;1687-8795,true,,
International Journal of Biomedical Imaging,1687-4188;1687-4196,true,,
International Journal of Biostatistics,2194-573X;1557-4679,true,,
International Journal of Breast Cancer,2090-3170;2090-3189,true,,
INTERNATIONAL JOURNAL OF CARDIOVASCULAR IMAGING,1569-5794;1573-0743,true,,
International Journal of Care Coordination,2053-4345;2053-4353,true,,
International Journal of Chemical Engineering,1687-806X;1687-8078,true,,
INTERNATIONAL JOURNAL OF CHEMICAL KINETICS,0538-8066;1097-4601,true,,
International Journal of Child Care and Education Policy,1976-5681;2288-6729,true,,
International Journal of Childrens Rights,0927-5568;1571-8182,true,,
INTERNATIONAL JOURNAL OF CIRCUIT THEORY AND APPLICATIONS,0098-9886;1097-007X,true,,
International Journal of Clinical and Experimental Pathology,1936-2625,true,,
International Journal of Clinical Oncology,1341-9625;1437-7772,true,,
INTERNATIONAL JOURNAL OF CLINICAL PHARMACOLOGY AND THERAPEUTICS,0946-1965,true,,
International Journal of Clinical Pharmacy,2210-7703;2210-7711,true,,
INTERNATIONAL JOURNAL OF CLINICAL PRACTICE,1368-5031;1742-1241,true,,
International Journal of Clothing Science and Technology,0955-6222;1758-5953,true,,
International Journal of Coal Preparation and Utilization,1939-2699;1939-2702,true,,
International Journal of Cognitive Therapy,1937-1209;1937-1217,true,,
INTERNATIONAL JOURNAL OF COMMUNICATION SYSTEMS,1074-5351;1099-1131,true,,
International Journal of Comparative and Applied Criminal Justice,0192-4036;2157-6475,true,,
International Journal of Comparative Labour Law and Industrial Relations,0952-617X;1875-838X,true,,
INTERNATIONAL JOURNAL OF COMPUTATIONAL FLUID DYNAMICS,1061-8562;1029-0257,true,,
International Journal of Computational Intelligence Systems,1875-6891;1875-6883,true,,
International Journal of Computational Methods,0219-8762;1793-6969,true,,
International Journal of Computer Assisted Radiology and Surgery,1861-6410;1861-6429,true,,
International Journal of Computer Games Technology,1687-7047;1687-7055,true,,
INTERNATIONAL JOURNAL OF COMPUTER INTEGRATED MANUFACTURING,0951-192X;1362-3052,true,,
International Journal of Computer-Assisted Language Learning and Teaching,2155-7098;2155-7101,true,,
International Journal of Conflict and Violence,1864-1385,true,,
INTERNATIONAL JOURNAL OF CONFLICT MANAGEMENT,1044-4068;1758-8545,true,,
International Journal of Construction Management,1562-3599;2331-2327,true,,
INTERNATIONAL JOURNAL OF COSMETIC SCIENCE,0142-5463;1468-2494,true,,
INTERNATIONAL JOURNAL OF CRASHWORTHINESS,1358-8265;1754-2111;1573-8965,true,,
International Journal of Cross Cultural Management,1470-5958;1741-2838,true,,
International Journal of Cultural Property,0940-7391;1465-7317,true,,
International Journal of Dental Hygiene,1601-5029;1601-5037,true,,
International Journal of Dentistry,1687-8728;1687-8736,true,,
INTERNATIONAL JOURNAL OF DERMATOLOGY,0011-9059;1365-4632,true,,
International Journal of Design,1991-3761;1994-036X,true,,
INTERNATIONAL JOURNAL OF DEVELOPMENTAL BIOLOGY,0214-6282;1696-3547,true,,
INTERNATIONAL JOURNAL OF DEVELOPMENTAL NEUROSCIENCE,0736-5748;1873-474X,true,,
International Journal of Digital Multimedia Broadcasting,1687-7578;1687-7586,true,,
International Journal of Discrimination and the Law,1358-2291;2047-9468,true,,
International Journal of Distributed Sensor Networks,1550-1477;1550-1329,true,,
International Journal of Early Years Education,0966-9760;1469-8463,true,,
International Journal of Educational Management,0951-354X;1758-6518,true,,
International Journal of Educational Research,0883-0355,true,,
INTERNATIONAL JOURNAL OF ELECTRONICS,0020-7217;1362-3060,true,,
International Journal of Electronics and Telecommunications,2081-8491;2300-1933,true,,
International Journal of Embedded Systems,1741-1068;1741-1076,true,,
International Journal of Emergency Medicine,1865-1372;1865-1380,true,,
International Journal of Endocrinology,1687-8337;1687-8345,true,,
International Journal of Endocrinology and Metabolism,1726-913X;1726-9148,true,,
International Journal of Engineering and Technology Innovation,2223-5329;2226-809X,true,,
International Journal of English Studies,1578-7044;1989-6131,true,,
International Journal of Entrepreneurial Behaviour & Research,1355-2554;1758-6534,true,,
INTERNATIONAL JOURNAL OF ENVIRONMENTAL HEALTH RESEARCH,0960-3123;1369-1619,true,,
International Journal of Environmental Science and Technology,1735-1472;1735-2630,true,,
International Journal of Event and Festival Management,1758-2954;1758-2962,true,,
International Journal of Exergy,1742-8297;1742-8300,true,,
INTERNATIONAL JOURNAL OF EXPERIMENTAL PATHOLOGY,0959-9673;1365-2613,true,,
INTERNATIONAL JOURNAL OF FINANCE & ECONOMICS,1076-9307;1099-1158,true,,
International Journal of Fluid Power,1439-9776;2332-1180,true,,
INTERNATIONAL JOURNAL OF FOOD PROPERTIES,1094-2912;1532-2386,true,,
INTERNATIONAL JOURNAL OF FOOD SCIENCE AND TECHNOLOGY,0950-5423;1365-2621,true,,
INTERNATIONAL JOURNAL OF FOOD SCIENCES AND NUTRITION,0963-7486;1465-3478,true,,
International Journal of Forensic Mental Health,1499-9013;1932-9903,true,,
INTERNATIONAL JOURNAL OF FOUNDATIONS OF COMPUTER SCIENCE,0129-0541;1793-6373,true,,
International Journal of Fuzzy Systems,1562-2479;2199-3211,true,,
INTERNATIONAL JOURNAL OF GAME THEORY,0020-7276;1432-1270,true,,
International Journal of Gender and Entrepreneurship,1756-6266;1756-6274,true,,
International Journal of General Medicine,1178-7074,true,,
International Journal of Genomics,2314-436X;2314-4378,true,,
International Journal of GEOMATE,2186-2982;2186-2990,true,,
International Journal of Grid and Utility Computing,1741-847X;1741-8488,true,,
INTERNATIONAL JOURNAL OF GYNECOLOGICAL CANCER,1048-891X;1525-1438,true,,
INTERNATIONAL JOURNAL OF GYNECOLOGICAL PATHOLOGY,0277-1691;1538-7151,true,,
INTERNATIONAL JOURNAL OF GYNECOLOGY & OBSTETRICS,0020-7292;1879-3479,true,,
INTERNATIONAL JOURNAL OF HEALTH CARE QUALITY ASSURANCE,0952-6862;1758-6542,true,,
INTERNATIONAL JOURNAL OF HEMATOLOGY,0925-5710;1865-3774,true,,
International Journal of Hepatology,2090-3448;2090-3456,true,,
INTERNATIONAL JOURNAL OF HIGH PERFORMANCE COMPUTING APPLICATIONS,1094-3420;1741-2846,true,,
International Journal of Hindu Studies,1022-4556;1574-9282,true,,
International Journal of Hospitality and Tourism Administration,1525-6480;1525-6499,true,,
INTERNATIONAL JOURNAL OF HUMAN RESOURCE MANAGEMENT,0958-5192;1466-4399,true,,
INTERNATIONAL JOURNAL OF HUMAN-COMPUTER INTERACTION,1044-7318;1532-7590,true,,
International Journal of Humanoid Robotics,0219-8436;1793-6942,true,,
International Journal of Hypertension,2090-0384;2090-0392,true,,
International Journal of Image and Data Fusion,1947-9832;1947-9824,true,,
INTERNATIONAL JOURNAL OF IMAGING SYSTEMS AND TECHNOLOGY,0899-9457;1098-1098,true,,
INTERNATIONAL JOURNAL OF IMMUNOPATHOLOGY AND PHARMACOLOGY,0394-6320,true,,
INTERNATIONAL JOURNAL OF IMPOTENCE RESEARCH,0955-9930;1476-5489,true,,
International Journal of Inclusive Education,1360-3116;1464-5173,true,,
International Journal of Industrial Chemistry,2228-5547;2228-5970,true,,
INTERNATIONAL JOURNAL OF INDUSTRIAL ERGONOMICS,0169-8141;1872-8219,true,,
INTERNATIONAL JOURNAL OF INDUSTRIAL ORGANIZATION,0167-7187;1873-7986,true,,
INTERNATIONAL JOURNAL OF INFORMATION TECHNOLOGY & DECISION MAKING,0219-6220;1793-6845,true,,
International Journal of Integrated Care,1568-4156,true,,
International Journal of Intelligence and Counterintelligence,0885-0607;1521-0561,true,,
International Journal of Intelligent Information Technologies,1548-3657;1548-3665,true,,
International Journal of Intelligent Unmanned Systems,2049-6427;2049-6435,true,,
International Journal of Interactive Design and Manufacturing - IJIDeM,1955-2513;1955-2505,true,,
International Journal of Islamic and Middle Eastern Finance and Management,1753-8394;1753-8408,true,,
International Journal of Islamic Architecture,2045-5895;2045-5909,true,,
International Journal of Knowledge-Based Development,2040-4468;2040-4476,true,,
International Journal of Laboratory Hematology,1751-5521;1751-553X;0141-9854,true,,
International Journal of Law and Information Technology,0967-0769;1464-3693,true,,
International Journal of Law Crime and Justice,1756-0616;1876-763X,true,,
International Journal of Law Policy and the Family,1360-9939;1464-3707,true,,
International Journal of Lean Six Sigma,2040-4166;2040-4174,true,,
International Journal of Lifelong Education,0260-1370;1464-519X,true,,
International Journal of Logistics Management,0957-4093;1758-6550,true,,
International Journal of Logistics-Research and Applications,1367-5567;1469-848X,true,,
International Journal of Low-Carbon Technologies,1748-1317;1748-1325,true,,
International Journal of Management Education,1472-8117;2352-3565,true,,
International Journal of Management Science and Engineering Management,1750-9653;1750-9661,true,,
International Journal of Managing Projects in Business,1753-8378;1753-8386,true,,
INTERNATIONAL JOURNAL OF MANPOWER,0143-7720;1758-6577,true,,
INTERNATIONAL JOURNAL OF MASS SPECTROMETRY,1387-3806;1873-2798,true,,
INTERNATIONAL JOURNAL OF MATHEMATICS,0129-167X;1793-6519,true,,
International Journal of Mechanical and Materials Engineering,1823-0334;2198-2791,true,,
International Journal of Mechanics and Materials in Design,1569-1713;1573-8841,true,,
International Journal of Media & Cultural Politics,1740-8296;2040-0918,true,,
International Journal of Medical Education,2042-6372,true,,
International Journal of Medical Robotics and Computer Assisted Surgery,1478-5951;1478-596X,true,,
International Journal of Medical Sciences,1449-1907,true,,
International Journal of Mental Health Systems,1752-4458,true,,
International Journal of Mentoring and Coaching in Education,2046-6854;2046-6862,true,,
INTERNATIONAL JOURNAL OF MIDDLE EAST STUDIES,0020-7438;1471-6380,true,,
International Journal of Migration Health and Social Care,1747-9894;2042-8650,true,,
International Journal of Minerals Metallurgy and Materials,1674-4799;1869-103X,true,,
International Journal of Mining Reclamation and Environment,1748-0930;1748-0949,true,,
International Journal of Mobile Communications,1470-949X;1741-5217,true,,
INTERNATIONAL JOURNAL OF MODERN PHYSICS A,0217-751X;1793-656X,true,,
INTERNATIONAL JOURNAL OF MODERN PHYSICS E-NUCLEAR PHYSICS,0218-3013;1793-6608,true,,
INTERNATIONAL JOURNAL OF MOLECULAR MEDICINE,1107-3756;1791-244X,true,,
International Journal of Multiphysics,1750-9548,true,,
International Journal of Naval Architecture and Ocean Engineering,2092-6782;2092-6790,true,,
INTERNATIONAL JOURNAL OF NEUROSCIENCE,0020-7454;1563-5279,true,,
INTERNATIONAL JOURNAL OF NONLINEAR SCIENCES AND NUMERICAL SIMULATION,1565-1339;2191-0294,true,,
International Journal of Number Theory,1793-0421;1793-7310,true,,
International Journal of Numerical Analysis and Modeling,1705-5105,true,,
International Journal of Nursing Knowledge,2047-3087;2047-3095,true,,
International Journal of Nursing Practice,1322-7114;1440-172X,true,,
INTERNATIONAL JOURNAL OF OFFENDER THERAPY AND COMPARATIVE CRIMINOLOGY,0306-624X;1552-6933,true,,
International Journal of Older People Nursing,1748-3735;1748-3743,true,,
International Journal of Optics,1687-9384;1687-9392,true,,
International Journal of Organizational Analysis,1934-8835;1758-8561,true,,
INTERNATIONAL JOURNAL OF PEDIATRIC OTORHINOLARYNGOLOGY,0165-5876;1872-8464,true,,
International Journal of Performance Analysis in Sport,2474-8668;1474-8185,true,,
INTERNATIONAL JOURNAL OF PERIODONTICS & RESTORATIVE DENTISTRY,0198-7569;1945-3388,true,,
INTERNATIONAL JOURNAL OF PEST MANAGEMENT,0967-0874;1366-5863,true,,
INTERNATIONAL JOURNAL OF PHILOSOPHICAL STUDIES,0967-2559;1466-4542,true,,
INTERNATIONAL JOURNAL OF PLANT SCIENCES,1058-5893;1537-5315,true,,
International Journal of Politics Culture and Society,0891-4486;1573-3416,true,,
INTERNATIONAL JOURNAL OF POLYMER ANALYSIS AND CHARACTERIZATION,1023-666X;1563-5341,true,,
International Journal of Polymeric Materials and Polymeric Biomaterials,0091-4037;1563-535X,true,,
International Journal of Precision Engineering and Manufacturing,2234-7593;2005-4602;1229-8557,true,,
International Journal of Preventive Medicine,2008-7802;2008-8213,true,,
International Journal of Productivity and Performance Management,1741-0401;1758-6658,true,,
INTERNATIONAL JOURNAL OF PROSTHODONTICS,0893-2174;1942-4426;1139-9791,true,,
International Journal of Protective Structures,2041-4196;2041-420X,true,,
INTERNATIONAL JOURNAL OF PSYCHOLOGY,0020-7594;1464-066X,true,,
International Journal of Public Theology,1872-5171;1569-7320,true,,
International Journal of Quality & Reliability Management,0265-671X;1758-6682,true,,
INTERNATIONAL JOURNAL OF QUANTUM CHEMISTRY,0020-7608;1097-461X,true,,
INTERNATIONAL JOURNAL OF RADIATION BIOLOGY,0955-3002;1362-3095,true,,
International Journal of Refugee Law,0953-8186;1464-3715,true,,
INTERNATIONAL JOURNAL OF REHABILITATION RESEARCH,0342-5282;1473-5660,true,,
INTERNATIONAL JOURNAL OF REMOTE SENSING,0143-1161;1366-5901,true,,
International Journal of Reproductive Biomedicine,2476-4108;2476-3772,true,,
International Journal of Retail & Distribution Management,0959-0552;1758-6690,true,,
International Journal of Rheumatic Diseases,1756-1841;1756-185X,true,,
International Journal of Rheumatology,1687-9260;1687-9279,true,,
INTERNATIONAL JOURNAL OF ROBOTICS & AUTOMATION,0826-8185;1925-7090,true,,
International Journal of Sediment Research,1001-6279,true,,
INTERNATIONAL JOURNAL OF SELECTION AND ASSESSMENT,0965-075X;1468-2389,true,,
International Journal of Simulation Modelling,1726-4529;1996-8566,true,,
International Journal of Smart and Nano Materials,1947-5411;1947-542X,true,,
INTERNATIONAL JOURNAL OF SOCIAL PSYCHIATRY,0020-7640;1741-2854,true,,
INTERNATIONAL JOURNAL OF SOCIAL WELFARE,1369-6866;1468-2397,true,,
International Journal of Sociology and Social Policy,0144-333X;1758-6720,true,,
INTERNATIONAL JOURNAL OF SOFTWARE ENGINEERING AND KNOWLEDGE ENGINEERING,0218-1940;1793-6403,true,,
International Journal of Special Education,0827-3383,true,,
International Journal of Speech Language and the Law,1748-8885;1748-8893,true,,
INTERNATIONAL JOURNAL OF SPELEOLOGY,0392-6672;1827-806X,true,,
International Journal of Spine Surgery,2211-4599,true,,
International Journal of Sport and Exercise Psychology,1612-197X;1557-251X,true,,
INTERNATIONAL JOURNAL OF SPORT NUTRITION AND EXERCISE METABOLISM,1526-484X;1543-2742,true,,
International Journal of Sport Policy and Politics,1940-6940;1940-6959,true,,
International Journal of Sports Physical Therapy,2159-2896,true,,
International Journal of Spray and Combustion Dynamics,1756-8277;1756-8285,true,,
INTERNATIONAL JOURNAL OF STD & AIDS,0956-4624;1758-1052,true,,
International Journal of Steel Structures,1598-2351;2093-6311,true,,
International Journal of Stem Cells,2005-3606;2005-5447,true,,
International Journal of Strategic Property Management,1648-715X;1648-9179,true,,
INTERNATIONAL JOURNAL OF STRESS MANAGEMENT,1072-5245;1573-3424,true,,
International Journal of Surgical Oncology,2090-1402;2090-1410,true,,
INTERNATIONAL JOURNAL OF SUSTAINABLE DEVELOPMENT AND WORLD ECOLOGY,1350-4509;1745-2627,true,,
International Journal of Sustainable Engineering,1939-7038;1939-7046,true,,
International Journal of Sustainable Transportation,1556-8318;1556-8334,true,,
International Journal of System Assurance Engineering and Management,0975-6809;0976-4348,true,,
INTERNATIONAL JOURNAL OF SYSTEMATIC AND EVOLUTIONARY MICROBIOLOGY,1466-5026;1466-5034,true,,
INTERNATIONAL JOURNAL OF SYSTEMS SCIENCE,0020-7721;1464-5319,true,,
INTERNATIONAL JOURNAL OF TECHNOLOGY AND DESIGN EDUCATION,0957-7572;1573-1804,true,,
INTERNATIONAL JOURNAL OF TECHNOLOGY ASSESSMENT IN HEALTH CARE,0266-4623;1471-6348,true,,
International Journal of Technology Enhanced Learning,1753-5255;1753-5263,true,,
INTERNATIONAL JOURNAL OF TECHNOLOGY MANAGEMENT,0267-5730;1741-5276,true,,
International Journal of Telemedicine and Applications,1687-6415;1687-6423,true,,
International Journal of Testing,1530-5058;1532-7574,true,,
International Journal of the Classical Tradition,1073-0508;1874-6292,true,,
International Journal of the Commons,1875-0281,true,,
International Journal of the Legal Profession,0969-5958;1469-9257,true,,
International Journal of Theoretical and Applied Finance,0219-0249;1793-6322,true,,
International Journal of Training and Development,1360-3736;1468-2419,true,,
INTERNATIONAL JOURNAL OF UROLOGY,0919-8172;1442-2042,true,,
International Journal of Vascular Medicine,2090-2824;2090-2832,true,,
INTERNATIONAL JOURNAL OF WATER RESOURCES DEVELOPMENT,0790-0627;1360-0648,true,,
International Journal of Wine Business Research,1751-1062;1751-1070,true,,
International Journal of Womens Health,1179-1411,true,,
International Journal on Software Tools for Technology Transfer,1433-2779;1433-2787,true,,
International Negotiation-A Journal of Theory and Practice,1382-340X;1571-8069,true,,
International Neurourology Journal,2093-4777;2093-6931,true,,
INTERNATIONAL NURSING REVIEW,0020-8132;1466-7657,true,,
INTERNATIONAL OPHTHALMOLOGY,0165-5701;1573-2630,true,,
INTERNATIONAL PHILOSOPHICAL QUARTERLY,0019-0365;2153-8077,true,,
INTERNATIONAL PSYCHOGERIATRICS,1041-6102;1741-203X,true,,
INTERNATIONAL REGIONAL SCIENCE REVIEW,0160-0176;1552-6925,true,,
International Relations,0047-1178;1741-2862,true,,
International Research in Childrens Literature,1755-6198;1755-6201,true,,
International Research in Geographical and Environmental Education,1038-2046;1747-7611,true,,
International Review of Applied Economics,0269-2171;1465-3486,true,,
International Review of Economics & Finance,1059-0560;1873-8036,true,,
International Review of Economics Education,1477-3880;2352-4421,true,,
International Review of Finance,1369-412X;1468-2443,true,,
INTERNATIONAL REVIEW OF LAW AND ECONOMICS,0144-8188;1873-6394,true,,
International Review of Mission,0020-8582;1758-6631,true,,
International Review of Pragmatics,1877-3095;1877-3109,true,,
INTERNATIONAL REVIEW OF SOCIAL HISTORY,0020-8590;1469-512X,true,,
International Review of Social Psychology,2397-8570,true,,
International Review of Sociology-Revue Internationale de Sociologie,0390-6701;1469-9273,true,,
International Review of the Red Cross,1816-3831;1607-5889,true,,
International Review of Victimology,0269-7580;2047-9433,true,,
International Social Security Review,0020-871X;1468-246X,true,,
INTERNATIONAL SOCIAL WORK,0020-8728;1461-7234,true,,
INTERNATIONAL SOCIOLOGY,0268-5809;1461-7242,true,,
International Soil and Water Conservation Research,2095-6339,true,,
International Spectator,0393-2729;1751-9721,true,,
International Studies in Catholic Education,1942-2539;1942-2547,true,,
International Studies in Sociology of Education,0962-0214;1747-5066,true,,
INTERNATIONAL TAX AND PUBLIC FINANCE,0927-5940;1573-6970,true,,
International Transactions on Electrical Energy Systems,2050-7038,true,,
INTERNATIONAL UROLOGY AND NEPHROLOGY,0301-1623;1573-2584,true,,
Internet Mathematics,1542-7951;1944-9488,true,,
Internet Policy Review,2197-6775,true,,
INTERPRETATION-A JOURNAL OF POLITICAL PHILOSOPHY,0020-9635,true,,
Intertax,0165-2826;1875-8347,true,,
Interventions-International Journal of Postcolonial Studies,1369-801X;1469-929X,true,,
Inverse Problems and Imaging,1930-8337;1930-8345,true,,
INVERTEBRATE BIOLOGY,1077-8306;1744-7410,true,,
INVERTEBRATE NEUROSCIENCE,1354-2516;1439-1104,true,,
Investigaciones de Historia Economica,1698-6989,true,,
Investigative and Clinical Urology,2466-0493;2466-054X,true,,
Investment Analysts Journal,1029-3523;2077-0227,true,,
Inzinerine Ekonomika-Engineering Economics,1392-2785;2029-5839,true,,
IONICS,0947-7047;1862-0760,true,,
Iran and the Caucasus,1609-8498;1573-384X,true,,
Iranian Journal of Basic Medical Sciences,2008-3866;2008-3874,true,,
Iranian Journal of Language Teaching Research,2322-1291,true,,
Iranian Journal of Parasitology,1735-7020;2008-238X,true,,
IRANIAN POLYMER JOURNAL,1026-1265;1735-5265,true,,
Iranian Red Crescent Medical Journal,2074-1804;2074-1812,true,,
Iranian Studies,0021-0862;1475-4819,true,,
Irish Studies Review,0967-0882;1469-9303,true,,
Irish Theological Quarterly,0021-1400;1752-4989,true,,
IRONMAKING & STEELMAKING,0301-9233;1743-2812,true,,
Islam and Christian-Muslim Relations,0959-6410;1469-9311,true,,
Islamic Africa,2154-0993;2333-262X,true,,
Islamic Law and Society,0928-9380;1568-5195,true,,
ISLAM-ZEITSCHRIFT FUR GESCHICHTE UND KULTUR DES ISLAMISCHEN ORIENTS,0021-1818;1613-0928,true,,
ISLAND ARC,1038-4871;1440-1738,true,,
Island Studies Journal,1715-2593,true,,
Islets,1938-2014;1938-2022,true,,
ISPRS International Journal of Geo-Information,2220-9964,true,,
ISRAEL EXPLORATION JOURNAL,0021-2059,true,,
ISRAEL JOURNAL OF CHEMISTRY,0021-2148;1869-5868,true,,
Issues in Educational Research,1837-6290;0313-7155,true,,
ISSUES IN SCIENCE AND TECHNOLOGY,0748-5492;1938-1557,true,,
IT Professional,1520-9202;1941-045X,true,,
Italian Journal of Geosciences,2038-1719;2038-1727,true,,
Italian Journal of Pediatrics,1720-8424;1824-7288,true,,
Italian Political Science Review-Rivista Italiana di Scienza Politica,0048-8402;2057-4908,true,,
Italian Studies,0075-1634;1748-6181,true,,
Italianist,0261-4340;1748-619X,true,,
Italianistica-Rivista di letteratura Italiana,0391-3368;1724-1677,true,,
Itinerario-International Journal on the History of European Expansion and Global Interaction,0165-1153;2041-2827,true,,
IZA Journal of Labor Policy,2193-9004,true,,
Izquierdas,0718-5049,true,,
IZVESTIYA MATHEMATICS,1064-5632;1468-4810,true,,
IZVESTIYA-PHYSICS OF THE SOLID EARTH,1069-3513;1555-6506,true,,
JAHRBUCHER FUR GESCHICHTE OSTEUROPAS,0021-4019,true,,
JAMES JOYCE QUARTERLY,0021-4183;1938-6036,true,,
JAPAN AND THE WORLD ECONOMY,0922-1425;1879-2006,true,,
Japan Journal of Nursing Science,1742-7932;1742-7924,true,,
JAPANESE JOURNAL OF APPLIED PHYSICS,0021-4922;1347-4065,true,,
JAPANESE JOURNAL OF CLINICAL ONCOLOGY,0368-2811;1465-3621,true,,
JAPANESE JOURNAL OF INFECTIOUS DISEASES,1344-6304;1884-2836,true,,
Japanese Journal of Political Science,1468-1099;1474-0060,true,,
JASSS-THE JOURNAL OF ARTIFICIAL SOCIETIES AND SOCIAL SIMULATION,1460-7425,true,,
JETP LETTERS,0021-3640;1090-6487,true,,
JEWISH SOCIAL STUDIES,0021-6704;1527-2028,true,,
Jewish Studies Quarterly,0944-5706;1868-6788,true,,
Jezikoslovlje,1331-7202;1848-9001,true,,
JMIR Medical Informatics,2291-9694,true,,
JMIR Research Protocols,1929-0748,true,,
JMM-International Journal on Media Management,1424-1277;1424-1250,true,,
Joint Commission Journal on Quality and Patient Safety,1553-7250;1938-131X,true,,
Jornal de Pediatria,0021-7557;1678-4782,true,,
JOURNAL DE MYCOLOGIE MEDICALE,1156-5233;1773-0449,true,,
JOURNAL DER DEUTSCHEN DERMATOLOGISCHEN GESELLSCHAFT,1610-0379;1610-0387,true,,
Journal for European Environmental & Planning Law,1613-7272;1876-0104,true,,
Journal for Healthcare Quality,1062-2551;1945-1474,true,,
Journal for Labour Market Research,2510-5019;2510-5027;1614-3485;1867-8343,true,,
Journal for Nurses in Professional Development,2169-9798;2169-981X,true,,
Journal for Specialists in Pediatric Nursing,1539-0136;1744-6155,true,,
Journal for the Academic Study of Religion,2047-704X;2047-7058,true,,
Journal for the Cognitive Science of Religion,2049-7555;2049-7563,true,,
JOURNAL FOR THE HISTORY OF ASTRONOMY,0021-8286;1753-8556,true,,
Journal for the Study of Religion Nature and Culture,1749-4907;1749-4915,true,,
Journal for the Study of the Pseudepigrapha,0951-8207;1745-5286,true,,
JOURNAL FOR THE THEORY OF SOCIAL BEHAVIOUR,0021-8308;1468-5914,true,,
JOURNAL OF AAPOS,1091-8531;1528-3933,true,,
Journal of Academic Ethics,1570-1727;1572-8544,true,,
Journal of Accounting Auditing and Finance,0148-558X;2160-4061,true,,
Journal of Accounting in Emerging Economies,2042-1168;2042-1176,true,,
Journal of Accounting Literature,0737-4607,true,,
Journal of Acupuncture and Meridian Studies,2005-2901;2093-8152,true,,
Journal of Addiction Medicine,1932-0620;1935-3227,true,,
JOURNAL OF ADDICTIVE DISEASES,1055-0887;1545-0848,true,,
JOURNAL OF ADOLESCENCE,0140-1971;1095-9254,true,,
Journal of Adolescent and Young Adult Oncology,2156-5333;2156-535X,true,,
JOURNAL OF ADOLESCENT RESEARCH,0743-5584;1552-6895,true,,
Journal of Adult Protection,1466-8203;2042-8669,true,,
Journal of Advanced Concrete Technology,1346-8014;1347-3913,true,,
JOURNAL OF ADVANCED TRANSPORTATION,0197-6729;2042-3195,true,,
JOURNAL OF AEROSOL SCIENCE,0021-8502;1879-1964,true,,
JOURNAL OF AESTHETIC EDUCATION,0021-8510;1543-7809,true,,
Journal of African Business,1522-8916;1522-9076,true,,
JOURNAL OF AFRICAN EARTH SCIENCES,1464-343X;1879-1956,true,,
JOURNAL OF AFRICAN ECONOMIES,0963-8024;1464-3723,true,,
Journal of African Media Studies,2040-199X;1751-7974,true,,
Journal of Aging & Social Policy,0895-9420;1545-0821,true,,
JOURNAL OF AGING AND PHYSICAL ACTIVITY,1063-8652;1543-267X,true,,
JOURNAL OF AGRICULTURAL & ENVIRONMENTAL ETHICS,1187-7863;1573-322X,true,,
Journal of Agricultural and Applied Economics,1074-0708;2056-7405,true,,
JOURNAL OF AGRICULTURAL AND RESOURCE ECONOMICS,1068-5502;2327-8285,true,,
JOURNAL OF AGRICULTURAL BIOLOGICAL AND ENVIRONMENTAL STATISTICS,1085-7117;1537-2693,true,,
Journal of Agricultural Engineering,1974-7071;2239-6268,true,,
JOURNAL OF AGRICULTURAL SCIENCE,0021-8596;1469-5146,true,,
Journal of Agricultural Science and Technology,1680-7073;2345-3737,true,,
Journal of Agromedicine,1059-924X;1545-0813,true,,
JOURNAL OF ALGEBRA AND ITS APPLICATIONS,0219-4988;1793-6829,true,,
JOURNAL OF AMERICAN CULTURE,1542-7331;1542-734X,true,,
JOURNAL OF AMERICAN ETHNIC HISTORY,0278-5927;1936-4695,true,,
JOURNAL OF AMERICAN FOLKLORE,0021-8715;1535-1882,true,,
JOURNAL OF AMERICAN STUDIES,0021-8758;1469-5154,true,,
Journal of American-East Asian Relations,1058-3947;1876-5610,true,,
Journal of Anaesthesiology Clinical Pharmacology,0970-9185;2231-2730,true,,
JOURNAL OF ANALYTICAL TOXICOLOGY,0146-4760;1945-2403,true,,
Journal of Ancient Near Eastern Religions,1569-2116;1569-2124,true,,
JOURNAL OF ANIMAL SCIENCE,0021-8812;1525-3163,true,,
JOURNAL OF ANTHROPOLOGICAL RESEARCH,0091-7710;2153-3806,true,,
JOURNAL OF ANTIBIOTICS,0021-8820,true,,
Journal of Antitrust Enforcement,2050-0688;2050-0696,true,,
JOURNAL OF APICULTURAL RESEARCH,0021-8839;2078-6913,true,,
JOURNAL OF APICULTURAL SCIENCE,1643-4439;2299-4831,true,,
Journal of Applied Accounting Research,0967-5426;1758-8855,true,,
Journal of Applied Analysis and Computation,2156-907X;2158-5644,true,,
JOURNAL OF APPLIED ANIMAL RESEARCH,0971-2119;0974-1844,true,,
JOURNAL OF APPLIED ANIMAL WELFARE SCIENCE,1088-8705;1532-7604,true,,
JOURNAL OF APPLIED BEHAVIOR ANALYSIS,0021-8855;1938-3703,true,,
JOURNAL OF APPLIED BEHAVIORAL SCIENCE,0021-8863;1552-6879,true,,
JOURNAL OF APPLIED BIOMECHANICS,1065-8483;1543-2688,true,,
Journal of Applied Clinical Medical Physics,1526-9914,true,,
JOURNAL OF APPLIED ELECTROCHEMISTRY,0021-891X;1572-8838,true,,
Journal of Applied Fluid Mechanics,1735-3572;1735-3645,true,,
Journal of Applied Mathematics and Computational Mechanics,2299-9965;2353-0588,true,,
Journal of Applied Mechanics and Technical Physics,0021-8944;1573-8620,true,,
JOURNAL OF APPLIED MECHANICS-TRANSACTIONS OF THE ASME,0021-8936;1528-9036,true,,
JOURNAL OF APPLIED MICROBIOLOGY,1364-5072;1365-2672,true,,
JOURNAL OF APPLIED PHYCOLOGY,0921-8971;1573-5176,true,,
JOURNAL OF APPLIED POLYMER SCIENCE,0021-8995;1097-4628,true,,
JOURNAL OF APPLIED POULTRY RESEARCH,1056-6171;1537-0437,true,,
JOURNAL OF APPLIED PROBABILITY,0021-9002;1475-6072,true,,
Journal of Applied Research on Medicinal and Aromatic Plants,2214-7861,true,,
JOURNAL OF APPLIED SOCIAL PSYCHOLOGY,0021-9029;1559-1816,true,,
JOURNAL OF APPLIED SPORT PSYCHOLOGY,1041-3200;1533-1571,true,,
JOURNAL OF APPLIED STATISTICS,0266-4763;1360-0532,true,,
JOURNAL OF AQUATIC ANIMAL HEALTH,0899-7659;1548-8667,true,,
JOURNAL OF ARACHNOLOGY,0161-8202;1937-2396,true,,
JOURNAL OF ARID ENVIRONMENTS,0140-1963;1095-922X,true,,
Journal of Arid Land,1674-6767;2194-7783,true,,
Journal of Arthropod-Borne Diseases,2322-1984;2322-2271,true,,
JOURNAL OF ARTS MANAGEMENT LAW AND SOCIETY,1063-2921;1930-7799,true,,
Journal of Asia TEFL,1738-3102,true,,
JOURNAL OF ASTHMA,0277-0903;1532-4303,true,,
JOURNAL OF ATMOSPHERIC AND SOLAR-TERRESTRIAL PHYSICS,1364-6826;1879-1824,true,,
JOURNAL OF ATMOSPHERIC CHEMISTRY,0167-7764;1573-0662,true,,
Journal of Australian Studies,1444-3058;1835-6419;0314-769X,true,,
Journal of Ayurveda and Integrative Medicine,0975-9476;0976-2809,true,,
Journal of Balkan and Near Eastern Studies,1944-8953;1944-8961,true,,
Journal of Baltic Science Education,1648-3898;2538-7138,true,,
Journal of Behavioral and Experimental Economics,2214-8043;2214-8051,true,,
Journal of Behavioral and Experimental Finance,2214-6350;2214-6369,true,,
Journal of Behavioral Finance,1542-7560;1542-7579,true,,
JOURNAL OF BEHAVIORAL HEALTH SERVICES & RESEARCH,1094-3412;1556-3308,true,,
Journal of Berry Research,1878-5093;1878-5123,true,,
Journal of Biobased Materials and Bioenergy,1556-6560;1556-6579,true,,
JOURNAL OF BIOCHEMICAL AND MOLECULAR TOXICOLOGY,1095-6670;1099-0461,true,,
JOURNAL OF BIOENERGETICS AND BIOMEMBRANES,0145-479X;1573-6881,true,,
Journal of Biological Dynamics,1751-3758;1751-3766,true,,
JOURNAL OF BIOLOGICAL INORGANIC CHEMISTRY,0949-8257;1432-1327,true,,
JOURNAL OF BIOLOGICAL REGULATORS AND HOMEOSTATIC AGENTS,0393-974X;1724-6083,true,,
JOURNAL OF BIOMATERIALS APPLICATIONS,0885-3282;1530-8022,true,,
JOURNAL OF BIOMATERIALS SCIENCE-POLYMER EDITION,0920-5063;1568-5624,true,,
JOURNAL OF BIOMECHANICAL ENGINEERING-TRANSACTIONS OF THE ASME,0148-0731;1528-8951,true,,
JOURNAL OF BIOMEDICAL OPTICS,1083-3668;1560-2281,true,,
Journal of Biomedical Semantics,2041-1480,true,,
JOURNAL OF BIOMOLECULAR STRUCTURE & DYNAMICS,0739-1102;1538-0254,true,,
Journal of Biopharmaceutical Statistics,1054-3406;1520-5711,true,,
JOURNAL OF BIOSCIENCE AND BIOENGINEERING,1389-1723;1347-4421,true,,
JOURNAL OF BIOSCIENCES,0250-5991;0973-7138,true,,
JOURNAL OF BIOTECHNOLOGY,0168-1656;1873-4863,true,,
Journal of Black Psychology,0095-7984;1552-4558,true,,
JOURNAL OF BLACK STUDIES,0021-9347;1552-4566,true,,
Journal of Bodywork and Movement Therapies,1360-8592;1532-9283,true,,
JOURNAL OF BONE AND MINERAL METABOLISM,0914-8779;1435-5604,true,,
Journal of Borderlands Studies,0886-5655;2159-1229,true,,
Journal of Brand Management,1350-231X;1479-1803,true,,
Journal of Breast Cancer,1738-6756;2092-9900,true,,
Journal of British Cinema and Television,1743-4521;1755-1714,true,,
Journal of Bronchology & Interventional Pulmonology,1944-6586;1948-8270,true,,
Journal of Burn Care & Research,1559-047X;1559-0488,true,,
JOURNAL OF BUSINESS & INDUSTRIAL MARKETING,0885-8624;2052-1189,true,,
JOURNAL OF BUSINESS AND TECHNICAL COMMUNICATION,1050-6519;1552-4574,true,,
Journal of Business Economics and Management,1611-1699;2029-4433,true,,
Journal of Cancer,1837-9664,true,,
JOURNAL OF CANCER EDUCATION,0885-8195;1543-0154,true,,
Journal of Cancer Policy,2213-5383,true,,
Journal of Cardiopulmonary Rehabilitation and Prevention,1932-7501;1932-751X,true,,
JOURNAL OF CARDIOTHORACIC AND VASCULAR ANESTHESIA,1053-0770;1532-8422,true,,
Journal of Cardiothoracic Surgery,1749-8090,true,,
Journal of Cardiovascular Medicine,1558-2027;1558-2035,true,,
Journal of Cardiovascular Nursing,0889-4655;1550-5049,true,,
JOURNAL OF CARDIOVASCULAR PHARMACOLOGY,0160-2446;1533-4023,true,,
Journal of Cardiovascular Translational Research,1937-5387;1937-5395,true,,
JOURNAL OF CAREER ASSESSMENT,1069-0727;1552-4590,true,,
JOURNAL OF CAREER DEVELOPMENT,0894-8453;1556-0856;1573-3548,true,,
Journal of Cell Communication and Signaling,1873-9601;1873-961X,true,,
JOURNAL OF CELLULAR PLASTICS,0021-955X;1530-7999,true,,
Journal of Ceramic Science and Technology,2190-9385,true,,
JOURNAL OF CHEMICAL AND ENGINEERING DATA,0021-9568;1520-5134,true,,
JOURNAL OF CHEMICAL EDUCATION,0021-9584;1938-1328,true,,
JOURNAL OF CHEMICAL NEUROANATOMY,0891-0618;1873-6300,true,,
JOURNAL OF CHEMICAL TECHNOLOGY AND BIOTECHNOLOGY,0268-2575;1097-4660,true,,
JOURNAL OF CHEMOMETRICS,0886-9383;1099-128X,true,,
Journal of Child and Adolescent Psychiatric Nursing,1073-6077;1744-6171,true,,
Journal of Child and Family Studies,1062-1024;1573-2843,true,,
Journal of Child Health Care,1367-4935;1741-2889,true,,
JOURNAL OF CHILD NEUROLOGY,0883-0738;1708-8283,true,,
Journal of Child Sexual Abuse,1053-8712;1547-0679,true,,
Journal of Chinese Literature and Culture,2329-0048;2329-0056,true,,
Journal of Chinese Political Science,1080-6954;1874-6357,true,,
Journal of Choice Modelling,1755-5345,true,,
Journal of Christian Nursing,0743-2550;1931-7662,true,,
JOURNAL OF CHROMATOGRAPHY B-ANALYTICAL TECHNOLOGIES IN THE BIOMEDICAL AND LIFE SCIENCES,1570-0232;1873-376X,true,,
JOURNAL OF CHURCH AND STATE,0021-969X;2040-4867,true,,
Journal of Civil Engineering and Management,1392-3730;1822-3605,true,,
Journal of Civil Society,1744-8689;1744-8697,true,,
Journal of Classical Sociology,1468-795X;1741-2897,true,,
Journal of Clinical and Experimental Hepatology,0973-6883;2213-3453,true,,
JOURNAL OF CLINICAL AND EXPERIMENTAL NEUROPSYCHOLOGY,1380-3395;1744-411X,true,,
Journal of Clinical and Translational Endocrinology,2214-6237,true,,
JOURNAL OF CLINICAL ANESTHESIA,0952-8180;1873-4529,true,,
JOURNAL OF CLINICAL BIOCHEMISTRY AND NUTRITION,0912-0009;1880-5086,true,,
JOURNAL OF CLINICAL GASTROENTEROLOGY,0192-0790;1539-2031,true,,
Journal of Clinical Hypertension,1524-6175;1751-7176,true,,
Journal of Clinical Imaging Science,2156-7514;2156-5597,true,,
JOURNAL OF CLINICAL MONITORING AND COMPUTING,1387-1307;1573-2614,true,,
Journal of Clinical Neurology,1738-6586;2005-5013,true,,
JOURNAL OF CLINICAL NEUROPHYSIOLOGY,0736-0258;1537-1603,true,,
JOURNAL OF CLINICAL NEUROSCIENCE,0967-5868;1532-2653,true,,
JOURNAL OF CLINICAL PHARMACY AND THERAPEUTICS,0269-4727;1365-2710,true,,
JOURNAL OF CLINICAL PSYCHOLOGY IN MEDICAL SETTINGS,1068-9583;1573-3572,true,,
JOURNAL OF CLINICAL PSYCHOPHARMACOLOGY,0271-0749;1533-712X,true,,
JOURNAL OF CLUSTER SCIENCE,1040-7278;1572-8862,true,,
Journal of Coatings Technology and Research,1945-9645;1935-3804;1547-0091,true,,
Journal of Cognition and Culture,1567-7095;1568-5373,true,,
Journal of Cognitive Psychology,2044-5911;2044-592X,true,,
JOURNAL OF COLD REGIONS ENGINEERING,0887-381X;1943-5495,true,,
JOURNAL OF COLLEGE STUDENT DEVELOPMENT,0897-5264;1543-3382,true,,
Journal of College Student Psychotherapy,8756-8225;1540-4730,true,,
JOURNAL OF COMBINATORIAL DESIGNS,1063-8539;1520-6610,true,,
JOURNAL OF COMBINATORIAL OPTIMIZATION,1382-6905;1573-2886,true,,
Journal of Communication Management,1363-254X;1478-0852,true,,
JOURNAL OF COMMUNICATIONS AND NETWORKS,1229-2370;1976-5541,true,,
JOURNAL OF COMMUNITY & APPLIED SOCIAL PSYCHOLOGY,1052-9284;1099-1298,true,,
Journal of Community Genetics,1868-310X;1868-6001,true,,
JOURNAL OF COMMUNITY HEALTH,0094-5145;1573-3610,true,,
Journal of Comparative Effectiveness Research,2042-6305;2042-6313,true,,
JOURNAL OF COMPARATIVE PHYSIOLOGY A-NEUROETHOLOGY SENSORY NEURAL AND BEHAVIORAL PHYSIOLOGY,0340-7594;1432-1351,true,,
Journal of Comparative Policy Analysis,1387-6988;1572-5448,true,,
Journal of Competition Law & Economics,1744-6414;1744-6422,true,,
Journal of Competitiveness,1804-171X;1804-1728,true,,
JOURNAL OF COMPOSITE MATERIALS,0021-9983;1530-793X,true,,
Journal of Computational and Nonlinear Dynamics,1555-1423;1555-1415,true,,
JOURNAL OF COMPUTATIONAL BIOLOGY,1066-5277;1557-8666,true,,
Journal of Computational Design and Engineering,1052-6188;1934-9394,true,,
Journal of Computational Finance,1460-1559;1755-2850,true,,
JOURNAL OF COMPUTATIONAL MATHEMATICS,0254-9409;1991-7139,true,,
JOURNAL OF COMPUTATIONAL NEUROSCIENCE,0929-5313;1573-6873,true,,
JOURNAL OF COMPUTER AND SYSTEMS SCIENCES INTERNATIONAL,1064-2307;1555-6530,true,,
JOURNAL OF COMPUTER INFORMATION SYSTEMS,0887-4417;2380-2057,true,,
JOURNAL OF COMPUTER SCIENCE AND TECHNOLOGY,1000-9000;1860-4749,true,,
Journal of Computer Virology and Hacking Techniques,2263-8733,true,,
JOURNAL OF COMPUTER-AIDED MOLECULAR DESIGN,0920-654X;1573-4951,true,,
Journal of Computers in Education,2197-9987;2197-9995,true,,
JOURNAL OF COMPUTING IN CIVIL ENGINEERING,0887-3801;1943-5487,true,,
JOURNAL OF CONFLICT & SECURITY LAW,1467-7954;1467-7962,true,,
JOURNAL OF CONSCIOUSNESS STUDIES,1355-8250,true,,
Journal of Conservation and Museum Studies,2049-4572;1364-0429,true,,
JOURNAL OF CONSTRUCTIVIST PSYCHOLOGY,1072-0537;1521-0650,true,,
JOURNAL OF CONSUMER MARKETING,0736-3761;2052-1200,true,,
JOURNAL OF CONSUMER POLICY,0168-7034;1573-0700,true,,
Journal of Contemporary Brachytherapy,1689-832X;2081-2841,true,,
Journal of Contemporary Chinese Art,2051-7041;2051-705X,true,,
Journal of Contemporary European Research,1815-347X,true,,
Journal of Contemporary Painting,2052-6695;2052-6709,true,,
JOURNAL OF CONTEMPORARY PSYCHOTHERAPY,0022-0116;1573-3564,true,,
Journal of Contextual Behavioral Science,2212-1447;2212-1455,true,,
Journal of Contingencies and Crisis Management,0966-0879;1468-5973,true,,
JOURNAL OF CONTINUING EDUCATION IN NURSING,0022-0124;1938-2472,true,,
JOURNAL OF CONTINUING EDUCATION IN THE HEALTH PROFESSIONS,0894-1912;1554-558X,true,,
JOURNAL OF CONVEX ANALYSIS,0944-6532,true,,
Journal of Co-operative Organization and Management,2213-297X;2213-2988,true,,
Journal of Cosmetic and Laser Therapy,1476-4172;1476-4180,true,,
Journal of Cosmetic Dermatology,1473-2130;1473-2165,true,,
JOURNAL OF COUNSELING AND DEVELOPMENT,0748-9633;1556-6676,true,,
Journal of Craniovertebral Junction and Spine,0974-8237;0976-9285,true,,
JOURNAL OF CREATIVE BEHAVIOR,0022-0175;2162-6057,true,,
JOURNAL OF CRIMINAL JUSTICE EDUCATION,1051-1253;1745-9117,true,,
Journal of Critical Realism,1476-7430;1572-5138,true,,
Journal of Cryptographic Engineering,2190-8508;2190-8516,true,,
JOURNAL OF CRYSTAL GROWTH,0022-0248;1873-5002,true,,
Journal of Cultural Geography,0887-3631;1940-6320,true,,
Journal of Curatorial Studies,2045-5836;2045-5844,true,,
JOURNAL OF CUTANEOUS PATHOLOGY,0303-6987;1600-0560,true,,
Journal of Cytology,0970-9371;0974-5165,true,,
Journal of Dance & Somatic Practices,1757-1871;1757-188X,true,,
Journal of Derivatives,1074-1240;2168-8524,true,,
Journal of Dermatological Case Reports,1898-7249,true,,
JOURNAL OF DERMATOLOGICAL TREATMENT,0954-6634;1471-1753,true,,
JOURNAL OF DERMATOLOGY,0385-2407;1346-8138,true,,
JOURNAL OF DEVELOPMENTAL AND BEHAVIORAL PEDIATRICS,0196-206X;1536-7312,true,,
JOURNAL OF DEVELOPMENTAL AND PHYSICAL DISABILITIES,1056-263X;1573-3580,true,,
Journal of Developmental Origins of Health and Disease,2040-1744;2040-1752,true,,
Journal of Diabetes and Metabolic Disorders,2251-6581,true,,
JOURNAL OF DIFFERENCE EQUATIONS AND APPLICATIONS,1023-6198;1563-5120,true,,
Journal of Digestive Diseases,1751-2972;1751-2980,true,,
JOURNAL OF DIGITAL IMAGING,0897-1889;1618-727X,true,,
Journal of Discrete Algorithms,1570-8667;1570-8675,true,,
JOURNAL OF DRUG DELIVERY SCIENCE AND TECHNOLOGY,1773-2247,true,,
Journal of Drugs in Dermatology,1545-9616,true,,
Journal of Dual Diagnosis,1550-4263;1550-4271,true,,
JOURNAL OF DYNAMIC SYSTEMS MEASUREMENT AND CONTROL-TRANSACTIONS OF THE ASME,0022-0434;1528-9028,true,,
JOURNAL OF DYNAMICAL AND CONTROL SYSTEMS,1079-2724;1573-8698,true,,
Journal of Early Childhood Research,1476-718X;1741-2927,true,,
Journal of Early Childhood Teacher Education,1090-1027;1745-5642,true,,
JOURNAL OF EARLY INTERVENTION,1053-8151;2154-3992,true,,
Journal of Earth Science,1674-487X;1867-111X,true,,
JOURNAL OF EAST ASIAN LINGUISTICS,0925-8558;1572-8560,true,,
Journal of East Asian Studies,1598-2408;2234-6643,true,,
Journal of Eating Disorders,2050-2974,true,,
Journal of Ecological Engineering,2299-8993,true,,
JOURNAL OF ECONOMIC EDUCATION,0022-0485;2152-4068,true,,
JOURNAL OF ECONOMIC ENTOMOLOGY,0022-0493;1938-291X,true,,
Journal of Economic Integration,1225-651X;1976-5525,true,,
Journal of Economic Interaction and Coordination,1860-711X;1860-7128,true,,
Journal of Economic Policy Reform,1748-7870;1748-7889,true,,
JOURNAL OF ECONOMIC STUDIES,0144-3585,true,,
Journal of Economics,0931-8658;1617-7134,true,,
JOURNAL OF ECONOMICS AND BUSINESS,0148-6195,true,,
JOURNAL OF ECT,1095-0680;1533-4112,true,,
Journal of Education for Business,0883-2323;1940-3356,true,,
Journal of Education for Students Placed at Risk,1082-4669;1532-7671,true,,
JOURNAL OF EDUCATION FOR TEACHING,0260-7476;1360-0540,true,,
JOURNAL OF EDUCATIONAL MEASUREMENT,0022-0655;1745-3984,true,,
JOURNAL OF EGYPTIAN ARCHAEOLOGY,0307-5133;2514-0582,true,,
JOURNAL OF ELASTICITY,0374-3535;1573-2681,true,,
JOURNAL OF ELECTROANALYTICAL CHEMISTRY,1572-6657;1873-2569,true,,
JOURNAL OF ELECTROCARDIOLOGY,0022-0736;1532-8430,true,,
JOURNAL OF ELECTRON SPECTROSCOPY AND RELATED PHENOMENA,0368-2048;1873-2526,true,,
JOURNAL OF ELECTROSTATICS,0304-3886;1873-5738,true,,
Journal of Elementology,1644-2296,true,,
Journal of Emergencies Trauma and Shock,0974-2700;0974-519X,true,,
JOURNAL OF EMERGENCY MEDICINE,0736-4679;1090-1280,true,,
Journal of Emergency Nursing,0099-1767;1527-2966,true,,
Journal of Emerging Technologies in Accounting,1554-1908;1558-7940,true,,
JOURNAL OF EMOTIONAL AND BEHAVIORAL DISORDERS,1063-4266;1538-4799,true,,
Journal of Empirical Research on Human Research Ethics,1556-2646;1556-2654,true,,
Journal of Empirical Theology,0922-2936;1570-9256,true,,
JOURNAL OF EMPLOYMENT COUNSELING,0022-0787;2161-1920,true,,
Journal of Energetic Materials,0737-0652;1545-8822,true,,
JOURNAL OF ENERGY ENGINEERING,0733-9402;1943-7897,true,,
JOURNAL OF ENGINEERING FOR GAS TURBINES AND POWER-TRANSACTIONS OF THE ASME,0742-4795;1528-8919,true,,
JOURNAL OF ENGINEERING MATHEMATICS,0022-0833;1573-2703,true,,
JOURNAL OF ENGINEERING PHYSICS AND THERMOPHYSICS,1062-0125;1573-871X,true,,
Journal of Engineering Thermophysics,1810-2328;1990-5432,true,,
JOURNAL OF ENGLISH LINGUISTICS,0075-4242;1552-5457,true,,
Journal of Entrepreneurship,0971-3557;0973-0745,true,,
Journal of Entrepreneurship in Emerging Economies,2053-4604;2053-4612,true,,
Journal of Environment & Development,1070-4965;1552-5465,true,,
JOURNAL OF ENVIRONMENTAL AND ENGINEERING GEOPHYSICS,1083-1363,true,,
JOURNAL OF ENVIRONMENTAL ENGINEERING,0733-9372;1943-7870,true,,
Journal of Environmental Planning and Management,0964-0568;1360-0559,true,,
JOURNAL OF ENVIRONMENTAL RADIOACTIVITY,0265-931X;1879-1700,true,,
JOURNAL OF EQUINE VETERINARY SCIENCE,0737-0806;1542-7412,true,,
Journal of Essential Oil Bearing Plants,0972-060X;0976-5026,true,,
JOURNAL OF ETHOLOGY,0289-0771;1439-5444,true,,
JOURNAL OF EUKARYOTIC MICROBIOLOGY,1066-5234;1550-7408,true,,
JOURNAL OF EVALUATION IN CLINICAL PRACTICE,1356-1294;1365-2753,true,,
Journal of Evidence-Based Dental Practice,1532-3382;1532-3390,true,,
JOURNAL OF EVOLUTIONARY BIOLOGY,1010-061X;1420-9101,true,,
JOURNAL OF EVOLUTIONARY ECONOMICS,0936-9937;1432-1386,true,,
JOURNAL OF EXPERIMENTAL & THEORETICAL ARTIFICIAL INTELLIGENCE,0952-813X;1362-3079,true,,
JOURNAL OF EXPERIMENTAL MARINE BIOLOGY AND ECOLOGY,0022-0981;1879-1697,true,,
Journal of Experimental Neuroscience,1179-0695,true,,
JOURNAL OF EXPERIMENTAL PSYCHOLOGY-ANIMAL LEARNING AND COGNITION,2329-8456;2329-8464,true,,
Journal of Experimental Zoology Part A-Ecological and Integrative Physiology,2471-5646;2471-5638,true,,
JOURNAL OF EXPERIMENTAL ZOOLOGY PART B-MOLECULAR AND DEVELOPMENTAL EVOLUTION,1552-5007;1552-5015,true,,
Journal of Facilities Management,1472-5967;1741-0983,true,,
Journal of Family and Economic Issues,1058-0476;1573-3475,true,,
Journal of Family Communication,1526-7431;1532-7698,true,,
Journal of Family Studies,1322-9400;1839-3543,true,,
Journal of Family Theory & Review,1756-2570;1756-2589,true,,
JOURNAL OF FAMILY THERAPY,0163-4445;1467-6427,true,,
JOURNAL OF FAMILY VIOLENCE,0885-7482;1573-2851,true,,
Journal of Fashion Marketing and Management,1361-2026;1758-7433,true,,
JOURNAL OF FEMINIST STUDIES IN RELIGION,8755-4178;1553-3913,true,,
JOURNAL OF FIELD ORNITHOLOGY,0273-8570;1557-9263,true,,
JOURNAL OF FILM AND VIDEO,0742-4671;1934-6018,true,,
Journal of Financial Management of Property and Construction,1366-4387;1759-8443,true,,
Journal of Financial Regulation,2053-4833;2053-4841,true,,
Journal of Financial Reporting,2380-2154;2380-2146,true,,
JOURNAL OF FINANCIAL RESEARCH,0270-2592;1475-6803,true,,
JOURNAL OF FISH BIOLOGY,0022-1112;1095-8649,true,,
Journal of Flood Risk Management,1753-318X,true,,
Journal of Flow Chemistry,2062-249X;2063-0212,true,,
JOURNAL OF FLUORINE CHEMISTRY,0022-1139;1873-3328,true,,
JOURNAL OF FOLKLORE RESEARCH,0737-7037;1543-0413,true,,
JOURNAL OF FOOD PROTECTION,0362-028X;1944-9097,true,,
JOURNAL OF FOOD SCIENCE,0022-1147;1750-3841,true,,
JOURNAL OF FOOD SCIENCE AND TECHNOLOGY-MYSORE,0022-1155;0975-8402,true,,
Journal of Foot & Ankle Surgery,1067-2516;1542-2224,true,,
JOURNAL OF FORAMINIFERAL RESEARCH,0096-1191,true,,
JOURNAL OF FORECASTING,0277-6693;1099-131X,true,,
JOURNAL OF FORENSIC PSYCHIATRY & PSYCHOLOGY,1478-9949;1478-9957,true,,
JOURNAL OF FORENSIC SCIENCES,0022-1198;1556-4029,true,,
Journal of Forest Economics,1104-6899;1618-1530,true,,
Journal of Forest Research,1341-6979;1610-7403,true,,
Journal of Formalized Reasoning,1972-5787,true,,
Journal of Fractal Geometry,2308-1309;2308-1317,true,,
Journal of French Language Studies,0959-2695;1474-0079,true,,
JOURNAL OF FUNCTIONAL PROGRAMMING,0956-7968;1469-7653,true,,
Journal of Further and Higher Education,0309-877X;1469-9486,true,,
JOURNAL OF FUSION ENERGY,0164-0313;1572-9591,true,,
JOURNAL OF FUTURES MARKETS,0270-7314;1096-9934,true,,
Journal of Gastric Cancer,2093-582X;2093-5641,true,,
Journal of Gastrointestinal Oncology,2078-6891;2219-679X,true,,
Journal of Gay & Lesbian Mental Health,1935-9705;1935-9713,true,,
Journal of Gay & Lesbian Social Services,1053-8720;1540-4056,true,,
JOURNAL OF GENDER STUDIES,0958-9236;1465-3869,true,,
JOURNAL OF GENERAL PLANT PATHOLOGY,1345-2630;1610-739X,true,,
JOURNAL OF GENERAL VIROLOGY,0022-1317;1465-2099,true,,
Journal of Genetic Counseling,1059-7700;1573-3599,true,,
Journal of Genocide Research,1462-3528;1469-9494,true,,
Journal of Geographical Sciences,1009-637X;1861-9568,true,,
Journal of Geographical Systems,1435-5930;1435-5949,true,,
JOURNAL OF GEOGRAPHY IN HIGHER EDUCATION,0309-8265;1466-1845,true,,
JOURNAL OF GEOMETRY AND PHYSICS,0393-0440;1879-1662,true,,
Journal of Geophysics and Engineering,1742-2132;1742-2140,true,,
Journal of Geriatric Oncology,1879-4068;1879-4076,true,,
Journal of Geriatric Physical Therapy,1539-8412;2152-0895,true,,
Journal of Germanic Linguistics,1470-5427;1475-3014,true,,
JOURNAL OF GERONTOLOGICAL SOCIAL WORK,1540-4048;0163-4372,true,,
JOURNAL OF GLAUCOMA,1057-0829;1536-481X,true,,
Journal of Global Infectious Diseases,0974-777X;0974-8245,true,,
Journal of Global Information Technology Management,1097-198X;2333-6846,true,,
Journal of Global Mobility-The Home of Expatriate Management Research,2049-8799;2049-8802,true,,
Journal of Global Operations and Strategic Sourcing,2398-5364,true,,
JOURNAL OF GROUP THEORY,1433-5883;1435-4446,true,,
Journal of Hand Therapy,0894-1130;1545-004X,true,,
JOURNAL OF HEALTH CARE FOR THE POOR AND UNDERSERVED,1049-2089;1548-6869,true,,
JOURNAL OF HEALTH POPULATION AND NUTRITION,1606-0997;2072-1315,true,,
JOURNAL OF HEALTH PSYCHOLOGY,1359-1053;1461-7277,true,,
JOURNAL OF HEALTHCARE MANAGEMENT,1096-9012;1944-7396,true,,
JOURNAL OF HEAT TRANSFER-TRANSACTIONS OF THE ASME,0022-1481;1528-8943,true,,
Journal of Herbal Medicine,2210-8033;2210-8041,true,,
Journal of Heritage Tourism,1743-873X;1747-6631,true,,
JOURNAL OF HERPETOLOGY,0022-1511;1937-2418,true,,
JOURNAL OF HEURISTICS,1381-1231;1572-9397,true,,
Journal of Hindu Studies,1756-4255;1756-4263,true,,
JOURNAL OF HOMOSEXUALITY,0091-8369;1540-3602,true,,
Journal of Homotopy and Related Structures,2193-8407;1512-2891,true,,
Journal of Hospitality & Tourism Education,1096-3758;2325-6540,true,,
Journal of Hospitality and Tourism Technology,1757-9880;1757-9899,true,,
JOURNAL OF HOUSING ECONOMICS,1051-1377;1096-0791,true,,
Journal of Human Capital,1932-8575;1932-8664,true,,
Journal of Human Development and Capabilities,1945-2829;1945-2837,true,,
JOURNAL OF HUMAN LACTATION,0890-3344;1552-5732,true,,
Journal of Human Rights Practice,1757-9619;1757-9627,true,,
Journal of Humanitarian Logistics and Supply Chain Management,2042-6747;2042-6755,true,,
Journal of Huntingtons Disease,1879-6397;1879-6400,true,,
JOURNAL OF HYDROINFORMATICS,1464-7141;1465-1734,true,,
JOURNAL OF HYDROLOGIC ENGINEERING,1084-0699;1943-5584,true,,
Journal of Hydrology and Hydromechanics,0042-790X;1338-4333,true,,
Journal of Iberian and Latin American Research,1326-0219;2151-9668,true,,
JOURNAL OF IBERIAN GEOLOGY,1698-6180;1886-7995,true,,
Journal of Immersion and Content-Based Language Education,2212-8433;2212-8441,true,,
Journal of Immigrant & Refugee Studies,1556-2948;1556-2956,true,,
Journal of Immigrant and Minority Health,1557-1912;1557-1920,true,,
JOURNAL OF IMMUNOLOGICAL METHODS,0022-1759;1872-7905,true,,
Journal of Immunotoxicology,1547-691X;1547-6901,true,,
Journal of Individual Differences,1614-0001;2151-2299,true,,
Journal of Industrial and Management Optimization,1547-5816;1553-166X,true,,
Journal of Industrial and Production Engineering,2168-1015;2168-1023,true,,
JOURNAL OF INEQUALITIES AND APPLICATIONS,1029-242X;1025-5834,true,,
JOURNAL OF INFECTION AND CHEMOTHERAPY,1341-321X;1437-7780,true,,
Journal of Infection and Public Health,1876-0341;1876-035X,true,,
Journal of Infection in Developing Countries,1972-2680,true,,
Journal of Information Display,1598-0316;2158-1606,true,,
Journal of Information Processing Systems,1976-913X;2092-805X,true,,
Journal of Information Technology Education-Innovations in Practice,2165-3151;2165-316X,true,,
Journal of Information Technology Education-Research,1547-9714;1539-3585,true,,
Journal of Infrared Millimeter and Terahertz Waves,1866-6892;1866-6906,true,,
Journal of Infrastructure Systems,1076-0342;1943-555X,true,,
Journal of Inorganic and Organometallic Polymers and Materials,1574-1443;1574-1451,true,,
JOURNAL OF INSECT BEHAVIOR,0892-7553;1572-8889,true,,
JOURNAL OF INSECT CONSERVATION,1366-638X;1572-9753,true,,
JOURNAL OF INSECT SCIENCE,1536-2442;2250-2645,true,,
Journal of Instrumentation,1748-0221,true,,
Journal of Integer Sequences,1530-7638,true,,
Journal of Integral Equations and Applications,0897-3962;1938-2626,true,,
Journal of Integrative Agriculture,2095-3119,true,,
JOURNAL OF INTELLECTUAL & DEVELOPMENTAL DISABILITY,1366-8250;1469-9532,true,,
Journal of Intellectual Disabilities,1744-6295;1744-6309,true,,
Journal of Intellectual Disabilities and Offending Behaviour,2050-8824;2050-8832,true,,
JOURNAL OF INTELLECTUAL DISABILITY RESEARCH,0964-2633;1365-2788,true,,
JOURNAL OF INTELLIGENT & FUZZY SYSTEMS,1064-1246;1875-8967,true,,
JOURNAL OF INTELLIGENT INFORMATION SYSTEMS,0925-9902;1573-7675,true,,
JOURNAL OF INTENSIVE CARE MEDICINE,0885-0666;1525-1489,true,,
JOURNAL OF INTERFERON AND CYTOKINE RESEARCH,1079-9907;1557-7465,true,,
Journal of Interior Design,1071-7641;1939-1668,true,,
Journal of International Accounting Research,1542-6297;1558-8025,true,,
Journal of International Criminal Justice,1478-1387;1478-1395,true,,
Journal of International Development,0954-1748;1099-1328,true,,
Journal of International Entrepreneurship,1570-7385;1573-7349,true,,
Journal of International Humanitarian Legal Studies,1878-1373;1878-1527,true,,
Journal of International Migration and Integration,1488-3473;1874-6365,true,,
Journal of International Relations and Development,1408-6980;1581-1980,true,,
Journal of International Students,2162-3104;2166-3750,true,,
Journal of International Trade Law and Policy,1477-0024;2045-4376,true,,
JOURNAL OF INTERVENTIONAL CARDIAC ELECTROPHYSIOLOGY,1383-875X;1572-8595,true,,
JOURNAL OF INTERVENTIONAL CARDIOLOGY,0896-4327;1540-8183,true,,
JOURNAL OF INVASIVE CARDIOLOGY,1042-3931;1557-2501,true,,
Journal of Inverse and Ill-Posed Problems,0928-0219;1569-3945,true,,
JOURNAL OF INVESTIGATIVE MEDICINE,1081-5589;1708-8267,true,,
Journal of Investigative Psychology and Offender Profiling,1544-4759;1544-4767,true,,
JOURNAL OF IRON AND STEEL RESEARCH INTERNATIONAL,1006-706X;2210-3988,true,,
JOURNAL OF IRRIGATION AND DRAINAGE ENGINEERING,0733-9437;1943-4774,true,,
Journal of Islamic Accounting and Business Research,1759-0817;1759-0825,true,,
Journal of Islamic Archaeology,2051-9710;2051-9729,true,,
Journal of Islamic Studies,0955-2340;1471-6917,true,,
JOURNAL OF JAPANESE STUDIES,0095-6848;1549-4721,true,,
Journal of Jesuit Studies,2214-1324;2214-1332,true,,
Journal of Jewish Education,1524-4113;1554-611X,true,,
JOURNAL OF JEWISH STUDIES,0022-2097,true,,
JOURNAL OF JEWISH THOUGHT & PHILOSOPHY,1053-699X;1477-285X,true,,
JOURNAL OF KING SAUD UNIVERSITY SCIENCE,1018-3647;2213-686X,true,,
Journal of Knee Surgery,1538-8506;1938-2480,true,,
JOURNAL OF KNOT THEORY AND ITS RAMIFICATIONS,0218-2165;1793-6527,true,,
JOURNAL OF KOREAN MEDICAL SCIENCE,1011-8934;1598-6357,true,,
Journal of Korean Studies,0731-1613;2158-1665,true,,
JOURNAL OF LABOR RESEARCH,0195-3613;1936-4768,true,,
Journal of Land Use Science,1747-423X;1747-4248,true,,
Journal of Landscape Architecture,1862-6033;2164-604X,true,,
Journal of Language Aggression and Conflict,2213-1272;2213-1280,true,,
Journal of Language and Politics,1569-2159;1569-9862,true,,
JOURNAL OF LANGUAGE AND SOCIAL PSYCHOLOGY,0261-927X;1552-6526,true,,
Journal of Language Contact,1877-4091;1955-2629,true,,
JOURNAL OF LASER APPLICATIONS,1042-346X;1938-1387,true,,
Journal of Lasers in Medical Sciences,2008-9783;2228-6721,true,,
Journal of Latin American Cultural Studies,1356-9325;1469-9575,true,,
Journal of Latinos and Education,1534-8431;1532-771X,true,,
Journal of Law and Religion,0748-0814;2163-3088,true,,
Journal of Legal Studies Education,0896-5811;1744-1722,true,,
JOURNAL OF LEISURE RESEARCH,0022-2216;2159-6417,true,,
Journal of Levantine Studies,2222-9973;2222-9981,true,,
Journal of LGBT Youth,1936-1653;1936-1661,true,,
Journal of Library Administration,0193-0826;1540-3564,true,,
JOURNAL OF LIE THEORY,0949-5932,true,,
JOURNAL OF LIMNOLOGY,1129-5767;1723-8633,true,,
JOURNAL OF LIPOSOME RESEARCH,0898-2104;1532-2394,true,,
Journal of Location Based Services,1748-9725;1748-9733,true,,
JOURNAL OF LOW FREQUENCY NOISE VIBRATION AND ACTIVE CONTROL,1461-3484;2048-4046,true,,
Journal of Lower Genital Tract Disease,1089-2591;1526-0976,true,,
Journal of Machinery Manufacture and Reliability,2288-4300;2288-5048,true,,
JOURNAL OF MACROECONOMICS,0164-0704;1873-152X,true,,
Journal of Macromarketing,0276-1467;1552-6534,true,,
JOURNAL OF MAMMARY GLAND BIOLOGY AND NEOPLASIA,1083-3021;1573-7039,true,,
Journal of Management & Governance,1385-3457;1572-963X,true,,
Journal of Management & Organization,1833-3672;1839-3527,true,,
Journal of Management Analytics,2327-0012;2327-0039,true,,
JOURNAL OF MANAGEMENT DEVELOPMENT,0262-1711;1758-7492,true,,
Journal of Management History,1751-1348;1758-7751,true,,
JOURNAL OF MANAGEMENT INQUIRY,1056-4926;1552-6542,true,,
Journal of Managerial Psychology,0268-3946;1758-7778,true,,
JOURNAL OF MANIPULATIVE AND PHYSIOLOGICAL THERAPEUTICS,0161-4754;1532-6586,true,,
Journal of Manual & Manipulative Therapy,1066-9817;2042-6186,true,,
Journal of Manufacturing Technology Management,1741-038X;1758-7786,true,,
Journal of Maps,1744-5647,true,,
JOURNAL OF MARINE RESEARCH,0022-2402;1543-9542,true,,
Journal of Marine Science and Application,1671-9433;1993-5048,true,,
JOURNAL OF MARITAL AND FAMILY THERAPY,0194-472X;1752-0606,true,,
Journal of Marketing Management,0267-257X;1472-1376,true,,
Journal of Marketing Theory and Practice,1069-6679;1944-7175,true,,
JOURNAL OF MASS SPECTROMETRY,1076-5174;1096-9888,true,,
Journal of Material Cycles and Waste Management,1438-4957;1611-8227,true,,
JOURNAL OF MATERIALS ENGINEERING AND PERFORMANCE,1059-9495;1544-1024,true,,
JOURNAL OF MATERIALS RESEARCH,0884-2914;2044-5326,true,,
JOURNAL OF MATERIALS SCIENCE-MATERIALS IN ELECTRONICS,0957-4522;1573-482X,true,,
JOURNAL OF MATERIALS SCIENCE-MATERIALS IN MEDICINE,0957-4530;1573-4838,true,,
Journal of Maternal-Fetal & Neonatal Medicine,1476-7058;1476-4954,true,,
JOURNAL OF MATHEMATICAL ANALYSIS AND APPLICATIONS,0022-247X;1096-0813,true,,
JOURNAL OF MATHEMATICAL BIOLOGY,0303-6812;1432-1416,true,,
JOURNAL OF MATHEMATICAL CHEMISTRY,0259-9791;1572-8897,true,,
Journal of Mathematical Cryptology,1862-2976;1862-2984,true,,
JOURNAL OF MATHEMATICAL ECONOMICS,0304-4068,true,,
Journal of Mathematical Inequalities,1846-579X,true,,
Journal of Mathematical Neuroscience,2190-8567,true,,
JOURNAL OF MATHEMATICAL PHYSICS,0022-2488;1089-7658,true,,
Journal of Mathematical Physics Analysis Geometry,1812-9471;1817-5805,true,,
JOURNAL OF MATHEMATICAL SOCIOLOGY,0022-250X;1545-5874,true,,
Journal of Mechanical Engineering and Sciences,2289-4659;2231-8380,true,,
Journal of Mechanical Science and Technology,1738-494X;1976-3824,true,,
Journal of Mechanics of Materials and Structures,1559-3959,true,,
Journal of Media and Religion,1534-8423;1534-8415,true,,
JOURNAL OF MEDICAL ENTOMOLOGY,0022-2585;1938-2928,true,,
Journal of Medical Ethics and History of Medicine,2008-0387,true,,
Journal of Medical Imaging,2329-4302;2329-4310,true,,
JOURNAL OF MEDICAL MICROBIOLOGY,0022-2615;1473-5644,true,,
Journal of Medical Physics,0971-6203;1998-3913,true,,
Journal of Medical Radiation Sciences,2051-3909;2051-3895,true,,
Journal of Medical Toxicology,1556-9039;1937-6995,true,,
JOURNAL OF MEDICAL VIROLOGY,0146-6615;1096-9071,true,,
JOURNAL OF MEDICINAL FOOD,1096-620X;1557-7600,true,,
Journal of Medieval Religious Cultures,1947-6566;2153-9650,true,,
JOURNAL OF MEMBRANE BIOLOGY,0022-2631;1432-1424,true,,
Journal of Mental Health,0963-8237;1360-0567,true,,
Journal of Micro-Bio Robotics,2194-6418;2194-6426,true,,
JOURNAL OF MICROBIOLOGICAL METHODS,0167-7012;1872-8359,true,,
JOURNAL OF MICROBIOLOGY,1225-8873;1976-3794,true,,
JOURNAL OF MICROBIOLOGY AND BIOTECHNOLOGY,1017-7825;1738-8872,true,,
JOURNAL OF MICROBIOLOGY IMMUNOLOGY AND INFECTION,1684-1182;1995-9133,true,,
JOURNAL OF MICROENCAPSULATION,0265-2048;1464-5246,true,,
JOURNAL OF MICROMECHANICS AND MICROENGINEERING,0960-1317;1361-6439,true,,
Journal of Micro-Nanolithography MEMS and MOEMS,1932-5150;1932-5134,true,,
Journal of Middle East Womens Studies,1552-5864;1558-9579,true,,
JOURNAL OF MILITARY HISTORY,0899-3718;1543-7795,true,,
Journal of Minimal Access Surgery,0972-9941;1998-3921,true,,
JOURNAL OF MINING SCIENCE,1062-7391;1573-8736,true,,
JOURNAL OF MODERN AFRICAN STUDIES,0022-278X;1469-7777,true,,
Journal of Modern Chinese History,1753-5654;1753-5662,true,,
JOURNAL OF MODERN ITALIAN STUDIES,1354-571X;1469-9583,true,,
Journal of Modern Transportation,2095-087X;2196-0577,true,,
JOURNAL OF MOLECULAR ENDOCRINOLOGY,0952-5041;1479-6813,true,,
JOURNAL OF MOLECULAR EVOLUTION,0022-2844;1432-1432,true,,
JOURNAL OF MOLECULAR GRAPHICS & MODELLING,1093-3263;1873-4243,true,,
JOURNAL OF MOLECULAR HISTOLOGY,1567-2379;1567-2387,true,,
JOURNAL OF MOLECULAR MICROBIOLOGY AND BIOTECHNOLOGY,1464-1801;1660-2412;1475-3774,true,,
JOURNAL OF MOLECULAR NEUROSCIENCE,0895-8696;1559-1166,true,,
JOURNAL OF MOLECULAR RECOGNITION,0952-3499;1099-1352,true,,
JOURNAL OF MOLECULAR SPECTROSCOPY,0022-2852;1096-083X,true,,
JOURNAL OF MOLECULAR STRUCTURE,0022-2860;1872-8014,true,,
JOURNAL OF MOLLUSCAN STUDIES,0260-1230;1464-3766,true,,
JOURNAL OF MOTOR BEHAVIOR,0022-2895;1940-1027,true,,
Journal of Mountain Science,1672-6316;1993-0321,true,,
Journal of Multicultural Discourses,1744-7143;1747-6615,true,,
Journal of Multidisciplinary Healthcare,1178-2390,true,,
JOURNAL OF MULTILINGUAL AND MULTICULTURAL DEVELOPMENT,0143-4632;1747-7557,true,,
Journal of Multinational Financial Management,1042-444X;1873-1309,true,,
JOURNAL OF MUSCLE RESEARCH AND CELL MOTILITY,0142-4319;1573-2657,true,,
JOURNAL OF MUSCULOSKELETAL & NEURONAL INTERACTIONS,1108-7161,true,,
Journal of Museum Education,1059-8650;2051-6169,true,,
JOURNAL OF MUSICOLOGICAL RESEARCH,0141-1896;1547-7304,true,,
JOURNAL OF MUSICOLOGY,0277-9269,true,,
Journal of Muslim Minority Affairs,1360-2004;1469-9591,true,,
JOURNAL OF NANOPARTICLE RESEARCH,1388-0764;1572-896X,true,,
Journal of Natural Medicines,1340-3443;1861-0293,true,,
Journal of Naval Architecture and Marine Engineering,1813-8535;2070-8998,true,,
JOURNAL OF NAVIGATION,0373-4633;1469-7785,true,,
JOURNAL OF NERVOUS AND MENTAL DISEASE,0022-3018;1539-736X,true,,
Journal of Network and Systems Management,1064-7570;1573-7705,true,,
JOURNAL OF NEURAL TRANSMISSION,0300-9564;1435-1463,true,,
JOURNAL OF NEUROGENETICS,0167-7063;1563-5260,true,,
JOURNAL OF NEUROIMAGING,1051-2284;1552-6569,true,,
JOURNAL OF NEUROIMMUNOLOGY,0165-5728;1872-8421,true,,
JOURNAL OF NEUROLINGUISTICS,0911-6044,true,,
Journal of Neurological Surgery Part B-Skull Base,2193-6331;2193-634X,true,,
JOURNAL OF NEURO-OPHTHALMOLOGY,1070-8022;1536-5166,true,,
JOURNAL OF NEUROPHYSIOLOGY,0022-3077;1522-1598,true,,
JOURNAL OF NEUROPSYCHIATRY AND CLINICAL NEUROSCIENCES,0895-0172;1545-7222,true,,
JOURNAL OF NEUROSCIENCE RESEARCH,0360-4012;1097-4547,true,,
JOURNAL OF NEUROSURGICAL ANESTHESIOLOGY,0898-4921;1537-1921,true,,
Journal of New Approaches in Educational Research,2254-7339,true,,
JOURNAL OF NON-CRYSTALLINE SOLIDS,0022-3093;1873-4812,true,,
JOURNAL OF NON-EQUILIBRIUM THERMODYNAMICS,0340-0204;1437-4358,true,,
JOURNAL OF NONLINEAR MATHEMATICAL PHYSICS,1402-9251;1776-0852,true,,
JOURNAL OF NONLINEAR OPTICAL PHYSICS & MATERIALS,0218-8635;1793-6624,true,,
JOURNAL OF NONPARAMETRIC STATISTICS,1048-5252;1029-0311,true,,
Journal of North African Studies,1362-9387;1743-9345,true,,
Journal of Northwest Semitic Languages,0259-0131,true,,
JOURNAL OF NUCLEAR SCIENCE AND TECHNOLOGY,0022-3131;1881-1248,true,,
JOURNAL OF NURSING ADMINISTRATION,0002-0443;1539-0721,true,,
JOURNAL OF NURSING EDUCATION,0148-4834;1938-2421,true,,
Journal of Nursing Regulation,2155-8256;2155-8264,true,,
Journal of Nursing Research,1682-3141,true,,
Journal of Nutrigenetics and Nutrigenomics,1661-6499;1661-6758,true,,
Journal of Nutrition and Metabolism,2090-0724;2090-0732,true,,
Journal of Nutritional Science,2048-6790,true,,
Journal of Object Technology,1660-1769,true,,
Journal of Obsessive-Compulsive and Related Disorders,2211-3649,true,,
Journal of Obstetrics and Gynaecology Canada,1701-2163,true,,
JOURNAL OF OBSTETRICS AND GYNAECOLOGY RESEARCH,1341-8076;1447-0756,true,,
JOURNAL OF OCCUPATIONAL AND ENVIRONMENTAL HYGIENE,1545-9624;1545-9632,true,,
JOURNAL OF OCCUPATIONAL AND ENVIRONMENTAL MEDICINE,1076-2752;1536-5948,true,,
JOURNAL OF OCEANOGRAPHY,0916-8370;1573-868X,true,,
JOURNAL OF OCULAR PHARMACOLOGY AND THERAPEUTICS,1080-7683;1557-7732,true,,
Journal of Offender Rehabilitation,1050-9674;1540-8558,true,,
JOURNAL OF OFFSHORE MECHANICS AND ARCTIC ENGINEERING-TRANSACTIONS OF THE ASME,0892-7219;1528-896X,true,,
Journal of Oleo Science,1345-8957;1347-3352,true,,
JOURNAL OF ONCOLOGY PHARMACY PRACTICE,1078-1552;1477-092X,true,,
Journal of Open Archaeology Data,2049-1565,true,,
Journal of Operational Oceanography,1755-876X;1755-8778,true,,
JOURNAL OF OPERATOR THEORY,0379-4024;1841-7744,true,,
Journal of Ophthalmic & Vision Research,2008-2010;2008-322X,true,,
Journal of Ophthalmic Inflammation and Infection,1869-5760,true,,
Journal of Ophthalmology,2090-004X;2090-0058,true,,
Journal of Optics,2040-8978;2040-8986,true,,
JOURNAL OF OPTIMIZATION THEORY AND APPLICATIONS,0022-3239;1573-2878,true,,
JOURNAL OF ORGANIZATIONAL BEHAVIOR MANAGEMENT,0160-8061;1540-8604,true,,
JOURNAL OF ORGANIZATIONAL CHANGE MANAGEMENT,0953-4814;1758-7816,true,,
JOURNAL OF ORGANIZATIONAL COMPUTING AND ELECTRONIC COMMERCE,1091-9392;1532-7744,true,,
JOURNAL OF ORGANOMETALLIC CHEMISTRY,0022-328X;1872-8561,true,,
Journal of Orofacial Orthopedics-Fortschritte der Kieferorthopadie,1434-5293;1615-6714,true,,
Journal of Orthodontics,1465-3125;1465-3133,true,,
JOURNAL OF ORTHOPAEDIC SCIENCE,0949-2658;1436-2023,true,,
Journal of Orthopaedic Surgery and Research,1749-799X,true,,
Journal of Osteoporosis,2090-8059;2042-0064,true,,
Journal of Outdoor Recreation and Tourism-Research Planning and Management,2213-0780;2213-0799,true,,
Journal of Ovarian Research,1757-2215,true,,
JOURNAL OF PALEONTOLOGY,0022-3360;1937-2337,true,,
JOURNAL OF PARASITOLOGY,0022-3395;1937-2345,true,,
Journal of Parkinsons Disease,1877-7171;1877-718X,true,,
Journal of Pastoral Care & Counseling,1542-3050;2167-776X,true,,
Journal of Pathology and Translational Medicine,2383-7837;2383-7845,true,,
Journal of Patient Safety,1549-8417;1549-8425,true,,
Journal of Pediatric and Adolescent Gynecology,1083-3188;1873-4332,true,,
Journal of Pediatric Genetics,2146-4596;2146-460X,true,,
JOURNAL OF PEDIATRIC OPHTHALMOLOGY & STRABISMUS,0191-3913;1938-2405,true,,
Journal of Pentecostal Theology,0966-7369;1745-5251,true,,
JOURNAL OF PEPTIDE SCIENCE,1075-2617;1099-1387,true,,
JOURNAL OF PERFORMANCE OF CONSTRUCTED FACILITIES,0887-3828;1943-5509,true,,
Journal of Perinatal Education,1058-1243;1548-8519,true,,
Journal of Periodontal and Implant Science,2093-2278;2093-2286,true,,
Journal of Personal Selling & Sales Management,0885-3134;1557-7813,true,,
Journal of Personnel Psychology,1866-5888;2190-5150,true,,
Journal of Petroleum Exploration and Production Technology,2190-0558;2190-0566,true,,
JOURNAL OF PETROLEUM GEOLOGY,0141-6421;1747-5457,true,,
Journal of Pharmaceutical Innovation,1872-5120;1939-8042,true,,
JOURNAL OF PHARMACEUTICAL SCIENCES,0022-3549;1520-6017,true,,
JOURNAL OF PHARMACOKINETICS AND PHARMACODYNAMICS,1567-567X;1573-8744,true,,
JOURNAL OF PHARMACOLOGICAL AND TOXICOLOGICAL METHODS,1056-8719;1873-488X,true,,
JOURNAL OF PHARMACOLOGICAL SCIENCES,1347-8613;1347-8648,true,,
JOURNAL OF PHARMACY AND PHARMACEUTICAL SCIENCES,1482-1826,true,,
JOURNAL OF PHARMACY AND PHARMACOLOGY,0022-3573;2042-7158,true,,
JOURNAL OF PHASE EQUILIBRIA AND DIFFUSION,1547-7037;1863-7345,true,,
Journal of Philosophical Research,1053-8364;2153-7984,true,,
JOURNAL OF PHOTOCHEMISTRY AND PHOTOBIOLOGY A-CHEMISTRY,1010-6030,true,,
Journal of Photonics for Energy,1947-7988,true,,
Journal of Physical Activity & Health,1543-3080;1543-5474,true,,
JOURNAL OF PHYSICS AND CHEMISTRY OF SOLIDS,0022-3697;1879-2553,true,,
JOURNAL OF PHYSICS B-ATOMIC MOLECULAR AND OPTICAL PHYSICS,0953-4075;1361-6455,true,,
Journal of Physics Communications,2399-6528,true,,
JOURNAL OF PHYSICS D-APPLIED PHYSICS,0022-3727;1361-6463,true,,
JOURNAL OF PHYSICS-CONDENSED MATTER,0953-8984;1361-648X,true,,
JOURNAL OF PHYSIOLOGY AND BIOCHEMISTRY,1138-7548;1877-8755,true,,
Journal of Pipeline Systems Engineering and Practice,1949-1190;1949-1204,true,,
JOURNAL OF PLANT BIOLOGY,1226-9239;1867-0725,true,,
JOURNAL OF PLANT GROWTH REGULATION,0721-7595;1435-8107,true,,
Journal of Plant Interactions,1742-9145;1742-9153,true,,
JOURNAL OF PLANT NUTRITION AND SOIL SCIENCE,1436-8730;1522-2624,true,,
JOURNAL OF PLASMA PHYSICS,0022-3778;1469-7807,true,,
JOURNAL OF PLASTIC FILM & SHEETING,8756-0879;1530-8014,true,,
Journal of Police and Criminal Psychology,0882-0783;1936-6469,true,,
Journal of Policy and Practice in Intellectual Disabilities,1741-1122;1741-1130,true,,
Journal of Policy History,0898-0306;1528-4190,true,,
JOURNAL OF POLICY MODELING,0161-8938;1873-8060,true,,
Journal of Political Marketing,1537-7857;1537-7865,true,,
Journal of Political Power,2158-379X;2158-3803,true,,
Journal of Political Science Education,1551-2169;1551-2177,true,,
Journal of Politics in Latin America,1866-802X;1868-4890,true,,
JOURNAL OF POLYMER RESEARCH,1022-9760;1572-8935,true,,
JOURNAL OF POLYMER SCIENCE PART A-POLYMER CHEMISTRY,0887-624X;1099-0518,true,,
JOURNAL OF POLYMERS AND THE ENVIRONMENT,1566-2543;1572-8900,true,,
Journal of Popular Music Studies,1524-2226;1533-1598,true,,
JOURNAL OF POPULATION RESEARCH,1443-2447;1835-9469,true,,
JOURNAL OF POROUS MATERIALS,1380-2224;1573-4854,true,,
JOURNAL OF POROUS MEDIA,1091-028X;1934-0508,true,,
JOURNAL OF PORTFOLIO MANAGEMENT,0095-4918;2168-8656,true,,
JOURNAL OF POST KEYNESIAN ECONOMICS,0160-3477;1557-7821,true,,
Journal of Poverty and Social Justice,1759-8273;1759-8281,true,,
Journal of Pregnancy,2090-2727;2090-2735,true,,
JOURNAL OF PRE-RAPHAELITE STUDIES-NEW SERIES,1060-149X,true,,
JOURNAL OF PRESSURE VESSEL TECHNOLOGY-TRANSACTIONS OF THE ASME,0094-9930;1528-8978,true,,
Journal of Private International Law,1744-1048;1757-8418,true,,
Journal of Product and Brand Management,1061-0421,true,,
JOURNAL OF PROFESSIONAL ISSUES IN ENGINEERING EDUCATION AND PRACTICE,1052-3928;1943-5541,true,,
Journal of Professions and Organization,2051-8803;2051-8811,true,,
Journal of Property Research,0959-9916;1466-4453,true,,
JOURNAL OF PROPULSION AND POWER,0748-4658;1533-3876,true,,
Journal of Prosthodontics-Implant Esthetic and Reconstructive Dentistry,1059-941X;1532-849X,true,,
Journal of Pseudo-Differential Operators and Applications,1662-9981;1662-999X,true,,
Journal of Psychiatric Practice,1527-4160;1538-1145,true,,
JOURNAL OF PSYCHOACTIVE DRUGS,0279-1072;2159-9777,true,,
JOURNAL OF PSYCHOLINGUISTIC RESEARCH,0090-6905;1573-6555,true,,
JOURNAL OF PSYCHOSOCIAL ONCOLOGY,0734-7332;1540-7586,true,,
JOURNAL OF PSYCHOSOMATIC OBSTETRICS & GYNECOLOGY,0167-482X;1743-8942,true,,
JOURNAL OF PSYCHOTHERAPY INTEGRATION,1053-0479,true,,
Journal of Public Child Welfare,1554-8732;1554-8740,true,,
Journal of Public Economic Theory,1097-3923;1467-9779,true,,
JOURNAL OF PUBLIC HEALTH,1741-3842;1741-3850,true,,
JOURNAL OF PUBLIC HEALTH DENTISTRY,0022-4006;1752-7325,true,,
JOURNAL OF PUBLIC HEALTH MANAGEMENT AND PRACTICE,1078-4659;1550-5022,true,,
JOURNAL OF PUBLIC HEALTH POLICY,0197-5897;1745-655X,true,,
Journal of Public Procurement,1535-0118,true,,
Journal of Quality Assurance in Hospitality & Tourism,1528-008X;1528-0098,true,,
Journal of Quality in Maintenance Engineering,1355-2511;1758-7832,true,,
Journal of Quantitative Linguistics,0929-6174;1744-5035,true,,
Journal of Racial and Ethnic Health Disparities,2197-3792;2196-8837,true,,
JOURNAL OF RADIATION RESEARCH,0449-3060;1349-9157,true,,
Journal of Radio & Audio Media,1937-6529;1937-6537,true,,
JOURNAL OF RADIOLOGICAL PROTECTION,0952-4746;1361-6498,true,,
Journal of Radiology Case Reports,1943-0922,true,,
JOURNAL OF RAMAN SPECTROSCOPY,0377-0486;1097-4555,true,,
JOURNAL OF RAPTOR RESEARCH,0892-1016;2162-4569,true,,
JOURNAL OF RARE EARTHS,1002-0721,true,,
Journal of Real Estate Research,0896-5803,true,,
Journal of Real-Time Image Processing,1861-8200;1861-8219,true,,
JOURNAL OF RECONSTRUCTIVE MICROSURGERY,0743-684X;1098-8947,true,,
Journal of Reformed Theology,1872-5163;1569-7312,true,,
Journal of Regional and City Planning,2502-6429,true,,
JOURNAL OF REGULATORY ECONOMICS,0922-680X;1573-0468,true,,
JOURNAL OF REINFORCED PLASTICS AND COMPOSITES,0731-6844;1530-7964,true,,
Journal of Religion and Popular Culture,1703-289X,true,,
Journal of Religious Education,1442-018X;2199-4625,true,,
JOURNAL OF RENAL NUTRITION,1051-2276;1532-8503,true,,
JOURNAL OF REPRODUCTION AND DEVELOPMENT,0916-8818;1348-4400,true,,
JOURNAL OF REPRODUCTIVE AND INFANT PSYCHOLOGY,0264-6838;1469-672X,true,,
JOURNAL OF REPRODUCTIVE IMMUNOLOGY,0165-0378,true,,
Journal of Research in Childhood Education,0256-8543;2150-2641,true,,
Journal of Research in Education Sciences,2073-753X,true,,
Journal of Research in Interactive Marketing,2040-7122;2040-7130,true,,
Journal of Research in International Education,1475-2409;1741-2943,true,,
Journal of Research in Medical Sciences,1735-1995;1735-7136,true,,
JOURNAL OF RESEARCH OF THE NATIONAL INSTITUTE OF STANDARDS AND TECHNOLOGY,2165-7254;1044-677X,true,,
Journal of Research on Leadership Education,1942-7751,true,,
JOURNAL OF RISK RESEARCH,1366-9877;1466-4461,true,,
JOURNAL OF SCHEDULING,1094-6136;1099-1425,true,,
JOURNAL OF SCHOOL HEALTH,0022-4391;1746-1561,true,,
Journal of School Nursing,1059-8405;1546-8364,true,,
JOURNAL OF SEA RESEARCH,1385-1101;1873-1414,true,,
JOURNAL OF SEISMIC EXPLORATION,0963-0651,true,,
JOURNAL OF SEISMOLOGY,1383-4649;1573-157X,true,,
Journal of Sensors,1687-725X;1687-7268,true,,
JOURNAL OF SEPARATION SCIENCE,1615-9306;1615-9314,true,,
Journal of Service Theory and Practice,2055-6225,true,,
JOURNAL OF SEX & MARITAL THERAPY,0092-623X;1521-0715,true,,
Journal of Sexual Aggression,1355-2600;1742-6545,true,,
JOURNAL OF SHELLFISH RESEARCH,0730-8000;1943-6319,true,,
Journal of Simulation,1747-7778;1747-7786,true,,
Journal of Skin Cancer,2090-2905;2090-2913,true,,
Journal of Small Business and Enterprise Development,1462-6004;1758-7840,true,,
JOURNAL OF SOCIAL AND CLINICAL PSYCHOLOGY,0736-7236,true,,
Journal of Social Entrepreneurship,1942-0676;1942-0684,true,,
Journal of Social Marketing,2042-6763;2042-6771,true,,
Journal of Social Philosophy,0047-2786;1467-9833,true,,
JOURNAL OF SOCIAL PSYCHOLOGY,0022-4545;1940-1183,true,,
Journal of Social Welfare and Family Law,0964-9069;1469-9621,true,,
Journal of Social Work,1468-0173;1741-296X,true,,
JOURNAL OF SOCIAL WORK EDUCATION,1043-7797;2163-5811,true,,
Journal of Social Work Practice in the Addictions,1533-256X;1533-2578,true,,
Journal of Software-Evolution and Process,2047-7473;2047-7481,true,,
JOURNAL OF SOLAR ENERGY ENGINEERING-TRANSACTIONS OF THE ASME,0199-6231;1528-8986,true,,
JOURNAL OF SOL-GEL SCIENCE AND TECHNOLOGY,0928-0707;1573-4846,true,,
JOURNAL OF SOLID STATE CHEMISTRY,0022-4596;1095-726X,true,,
JOURNAL OF SOLID STATE ELECTROCHEMISTRY,1432-8488;1433-0768,true,,
JOURNAL OF SOUTH AMERICAN EARTH SCIENCES,0895-9811,true,,
Journal of South Asian Development,0973-1741;0973-1733,true,,
JOURNAL OF SOUTHERN AFRICAN STUDIES,0305-7070;1465-3893,true,,
Journal of Spatial Information Science,1948-660X,true,,
JOURNAL OF SPINAL CORD MEDICINE,1079-0268;2045-7723,true,,
Journal of Spirituality in Mental Health,1934-9637;1934-9645,true,,
JOURNAL OF SPORT MANAGEMENT,0888-4773;1543-270X,true,,
JOURNAL OF SPORT REHABILITATION,1056-6716;1543-3072,true,,
JOURNAL OF STATISTICAL COMPUTATION AND SIMULATION,0094-9655;1563-5163,true,,
JOURNAL OF STATISTICAL MECHANICS-THEORY AND EXPERIMENT,1742-5468,true,,
JOURNAL OF STRAIN ANALYSIS FOR ENGINEERING DESIGN,0309-3247;2041-3130,true,,
Journal of Strategic Marketing,0965-254X;1466-4488,true,,
Journal of Stroke & Cerebrovascular Diseases,1052-3057;1532-8511,true,,
Journal of Structural Fire Engineering,2040-2317,true,,
Journal of Student Affairs Research and Practice,1949-6591;1949-6605,true,,
Journal of Sufi Studies,2210-5948;2210-5956,true,,
JOURNAL OF SUPERCOMPUTING,0920-8542;1573-0484,true,,
Journal of Supreme Court History,1059-4329;1540-5818,true,,
JOURNAL OF SURGICAL RESEARCH,0022-4804;1095-8673,true,,
JOURNAL OF SURVEYING ENGINEERING,0733-9453;1943-5428,true,,
Journal of Sustainable Cement-Based Materials,2165-0373;2165-0381,true,,
Journal of Sustainable Metallurgy,2199-3823;2199-3831,true,,
JOURNAL OF SYMBOLIC COMPUTATION,0747-7171;1095-855X,true,,
JOURNAL OF SYSTEMS ARCHITECTURE,1383-7621;1873-6165,true,,
Journal of Systems Science and Systems Engineering,1004-3756;1861-9576,true,,
Journal of Teaching in Social Work,0884-1233;1540-7349,true,,
JOURNAL OF TELEMEDICINE AND TELECARE,1357-633X;1758-1109,true,,
JOURNAL OF TEXTURE STUDIES,0022-4901;1745-4603,true,,
JOURNAL OF THE AIR & WASTE MANAGEMENT ASSOCIATION,1096-2247;2162-2906,true,,
Journal of the American Academy of Audiology,1050-0545;2157-3107,true,,
Journal of the American Association for Laboratory Animal Science,1559-6109,true,,
JOURNAL OF THE AMERICAN INSTITUTE FOR CONSERVATION,0197-1360;1945-2330,true,,
JOURNAL OF THE AMERICAN OIL CHEMISTS SOCIETY,0003-021X;1558-9331,true,,
JOURNAL OF THE AMERICAN SOCIETY FOR MASS SPECTROMETRY,1044-0305;1879-1123,true,,
JOURNAL OF THE ASTRONAUTICAL SCIENCES,0021-9142;2195-0571,true,,
JOURNAL OF THE AUDIO ENGINEERING SOCIETY,1549-4950,true,,
Journal of the Brazilian Society of Mechanical Sciences and Engineering,1678-5878;1806-3691,true,,
Journal of the British Archaeological Association,0068-1288;1747-6704,true,,
JOURNAL OF THE BRITISH SOCIETY FOR PHENOMENOLOGY,0007-1773;2332-0486,true,,
Journal of the Canadian Academy of Child and Adolescent Psychiatry,1719-8429;2293-6122,true,,
Journal of the Economics of Ageing,2212-828X;2212-8298,true,,
Journal of the European Optical Society-Rapid Publications,1990-2573,true,,
JOURNAL OF THE FORMOSAN MEDICAL ASSOCIATION,0929-6646;1876-0821,true,,
JOURNAL OF THE HISTORY OF MEDICINE AND ALLIED SCIENCES,0022-5045;1468-4373,true,,
JOURNAL OF THE HISTORY OF SEXUALITY,1043-4070;1535-3605,true,,
JOURNAL OF THE HISTORY OF THE BEHAVIORAL SCIENCES,0022-5061;1520-6696,true,,
Journal of the Institute of Conservation,1945-5224;1945-5232,true,,
JOURNAL OF THE JAPANESE AND INTERNATIONAL ECONOMIES,0889-1583;1095-8681,true,,
Journal of the Knowledge Economy,1868-7865;1868-7873,true,,
Journal of the Korean Astronomical Society,1225-4614,true,,
Journal of the Korean Statistical Society,1226-3192;1876-4231,true,,
JOURNAL OF THE MARINE BIOLOGICAL ASSOCIATION OF THE UNITED KINGDOM,0025-3154;1469-7769,true,,
JOURNAL OF THE MATHEMATICAL SOCIETY OF JAPAN,0025-5645,true,,
JOURNAL OF THE MEDICAL LIBRARY ASSOCIATION,1536-5050;1558-9439,true,,
Journal of the Musical Arts in Africa,1812-1004;2070-626X,true,,
JOURNAL OF THE NEUROLOGICAL SCIENCES,0022-510X;1878-5883,true,,
JOURNAL OF THE OPERATIONAL RESEARCH SOCIETY,0160-5682;1476-9360,true,,
JOURNAL OF THE OPTICAL SOCIETY OF AMERICA A-OPTICS IMAGE SCIENCE AND VISION,1084-7529;1520-8532,true,,
JOURNAL OF THE OPTICAL SOCIETY OF AMERICA B-OPTICAL PHYSICS,0740-3224;1520-8540,true,,
JOURNAL OF THE PERIPHERAL NERVOUS SYSTEM,1085-9489;1529-8027,true,,
JOURNAL OF THE PHILOSOPHY OF SPORT,0094-8705;1543-2939,true,,
JOURNAL OF THE PHYSICAL SOCIETY OF JAPAN,0031-9015,true,,
Journal of the Ramanujan Mathematical Society,0970-1249;2320-3110,true,,
JOURNAL OF THE ROYAL ASIATIC SOCIETY,1356-1863;1474-0591,true,,
JOURNAL OF THE ROYAL SOCIETY OF MEDICINE,0141-0768;1758-1095,true,,
JOURNAL OF THE ROYAL SOCIETY OF NEW ZEALAND,0303-6758;1175-8899,true,,
Journal of the Society for Social Work and Research,2334-2315;1948-822X,true,,
JOURNAL OF THE SOUTHWEST,0894-8410;2158-1371,true,,
JOURNAL OF THE WORLD AQUACULTURE SOCIETY,0893-8849;1749-7345,true,,
Journal of Theoretical and Applied Mechanics,1429-2955;2543-6309,true,,
Journal of Theoretical and Philosophical Psychology,1068-8471;2151-3341,true,,
JOURNAL OF THEORETICAL BIOLOGY,0022-5193;1095-8541,true,,
JOURNAL OF THEORETICAL PROBABILITY,0894-9840;1572-9230,true,,
JOURNAL OF THERMAL BIOLOGY,0306-4565,true,,
Journal of Thermal Science,1003-2169;1993-033X,true,,
JOURNAL OF THERMAL STRESSES,0149-5739;1521-074X,true,,
JOURNAL OF THERMOPHYSICS AND HEAT TRANSFER,0887-8722;1533-6808,true,,
Journal of Thoracic Disease,2072-1439;2077-6624,true,,
JOURNAL OF THORACIC IMAGING,0883-5993;1536-0237,true,,
JOURNAL OF THROMBOSIS AND THROMBOLYSIS,0929-5305;1573-742X,true,,
Journal of Thyroid Research,2090-8067;2042-0072,true,,
Journal of Time Series Econometrics,2194-6507;1941-1928,true,,
Journal of Tissue Engineering,2041-7314,true,,
Journal of Tissue Viability,0965-206X,true,,
Journal of Tourism and Cultural Change,1476-6825;1747-7654,true,,
JOURNAL OF TOXICOLOGY AND ENVIRONMENTAL HEALTH-PART A-CURRENT ISSUES,1528-7394;1087-2620,true,,
Journal of Traffic and Transportation Engineering-English Edition,2095-7564,true,,
Journal of Transcultural Nursing,1043-6596;1552-7832,true,,
Journal of Transport History,0022-5266;1759-3999,true,,
Journal of Transportation Safety & Security,1943-9962;1943-9970,true,,
JOURNAL OF TRAVEL MEDICINE,1195-1982;1708-8305,true,,
JOURNAL OF TURBULENCE,1468-5248,true,,
JOURNAL OF ULTRASOUND IN MEDICINE,0278-4297;1550-9613,true,,
Journal of Urban Design,1357-4809;1469-9664,true,,
Journal of Urban Ethnology,1429-0618,true,,
JOURNAL OF URBAN HISTORY,0096-1442;1552-6771,true,,
JOURNAL OF URBAN PLANNING AND DEVELOPMENT,0733-9488;1943-5444,true,,
JOURNAL OF VACUUM SCIENCE & TECHNOLOGY A,0734-2101;1520-8559,true,,
JOURNAL OF VACUUM SCIENCE & TECHNOLOGY B,1071-1023;2166-2754,true,,
JOURNAL OF VALUE INQUIRY,0022-5363;1573-0492,true,,
Journal of Vascular Access,1129-7298;1724-6032,true,,
JOURNAL OF VASCULAR RESEARCH,1018-1172;1423-0135,true,,
Journal of Vascular Surgery-Venous and Lymphatic Disorders,2213-333X,true,,
JOURNAL OF VECTOR BORNE DISEASES,0972-9062,true,,
JOURNAL OF VECTOR ECOLOGY,1948-7134;1081-1710,true,,
JOURNAL OF VETERINARY MEDICAL EDUCATION,0748-321X;1943-7218,true,,
JOURNAL OF VETERINARY MEDICAL SCIENCE,0916-7250;1347-7439,true,,
JOURNAL OF VETERINARY PHARMACOLOGY AND THERAPEUTICS,0140-7783;1365-2885,true,,
JOURNAL OF VIBRATION AND CONTROL,1077-5463;1741-2986,true,,
JOURNAL OF VIROLOGICAL METHODS,0166-0934;1879-0984,true,,
Journal of Visceral Surgery,1878-7886,true,,
JOURNAL OF VISUAL IMPAIRMENT & BLINDNESS,0145-482X;1559-1476,true,,
JOURNAL OF VISUAL LANGUAGES AND COMPUTING,1045-926X;1095-8533,true,,
JOURNAL OF VISUALIZATION,1343-8875;1875-8975;1386-6478,true,,
Journal of Volcanology and Seismology,0742-0463;1819-7108,true,,
Journal of War & Culture Studies,1752-6272;1752-6280,true,,
JOURNAL OF WILDLIFE MANAGEMENT,0022-541X;1937-2817,true,,
Journal of Wine Economics,1931-4361;1931-437X,true,,
Journal of Women Politics & Policy,1554-477X;1554-4788,true,,
JOURNAL OF WOMENS HEALTH,1540-9996;1931-843X,true,,
JOURNAL OF WOMENS HISTORY,1042-7961;1527-2036,true,,
JOURNAL OF WOOD SCIENCE,1435-0211;1611-4663,true,,
Journal of Work and Organizational Psychology-Revista de Psicologia del Trabajo y de las Organizaciones,1576-5962;2174-0534,true,,
Journal of Workplace Learning,1366-5626;1758-7859,true,,
Journal of World Energy Law & Business,1754-9957;1754-9965,true,,
Journal of World Intellectual Property,1422-2213;1747-1796,true,,
JOURNAL OF WORLD TRADE,1011-6702;2210-2795,true,,
Journal of Wound Care,0969-0700;2052-2916,true,,
Journal of Wound Ostomy and Continence Nursing,1071-5754;1528-3976,true,,
Journal of X-Ray Science and Technology,0895-3996;1095-9114,true,,
Journal of Zhejiang University-SCIENCE A,1673-565X;1862-1775,true,,
Journal of Zhejiang University-SCIENCE B,1673-1581;1862-1783,true,,
JOURNAL OF ZOOLOGICAL SYSTEMATICS AND EVOLUTIONARY RESEARCH,0947-5745;1439-0469,true,,
Journal on Multimodal User Interfaces,1783-7677;1783-8738,true,,
Jove-Journal of Visualized Experiments,1940-087X,true,,
JSLS-Journal of the Society of Laparoendoscopic Surgeons,1086-8089,true,,
Judaica Bohemiae,0022-5738,true,,
Jundishapur Journal of Microbiology,2008-3645;2008-4161,true,,
Jurisprudence-An International Journal of Legal and Political Thought,2040-3313;2040-3321,true,,
Jurnal Komunikasi-Malaysian Journal of Communication,2289-151X;2289-1528,true,,
JUVENILE AND FAMILY COURT JOURNAL,0161-7109;1755-6988,true,,
Kajian Malaysia,2180-4273;0127-4082,true,,
KENNEDY INSTITUTE OF ETHICS JOURNAL,1054-6863;1086-3249,true,,
KIDNEY & BLOOD PRESSURE RESEARCH,1420-4096;1423-0143,true,,
Kidney Research and Clinical Practice,2211-9132;2211-9140,true,,
KINDHEIT UND ENTWICKLUNG,0942-5403;2190-6246,true,,
Knowledge and Process Management,1092-4604;1099-1441,true,,
KNOWLEDGE ENGINEERING REVIEW,0269-8889;1469-8005,true,,
Knowledge Management & E-Learning-An International Journal,2073-7904,true,,
Knowledge Management Research & Practice,1477-8238;1477-8246,true,,
KOLNER ZEITSCHRIFT FUR SOZIOLOGIE UND SOZIALPSYCHOLOGIE,0023-2653;1861-891X,true,,
KONA Powder and Particle Journal,0288-4534;2187-5537,true,,
KONSTHISTORISK TIDSKRIFT,0023-3609;1651-2294,true,,
KOREA JOURNAL,0023-3900,true,,
KOREAN JOURNAL OF CHEMICAL ENGINEERING,0256-1115;1975-7220,true,,
KOREAN JOURNAL OF INTERNAL MEDICINE,1226-3303;2005-6648;0494-4712,true,,
Korean Journal of Pain,2005-9159;2093-0569,true,,
KOREAN JOURNAL OF PHYSIOLOGY & PHARMACOLOGY,1226-4512;2093-3827,true,,
Kościół i Prawo,0208-7928,true,,
KronoScope-Journal for the Study of Time,1568-5241;1567-715X,true,,
Kunstiteaduslikke Uurimusi,1406-2860,true,,
Kurdish Studies,2051-4883;2051-4891,true,,
KYKLOS,0023-5962;1467-6435,true,,
Kyoto Journal of Mathematics,2156-2261;2154-3321,true,,
Kyushu Journal of Mathematics,1340-6116;1883-2032,true,,
L1 Educational Studies in Language and Literature,1573-1731;1567-6617,true,,
LAKE AND RESERVOIR MANAGEMENT,1040-2381;2151-5530,true,,
Lancet Child & Adolescent Health,2352-4642,true,,
Land,2073-445X,true,,
Landscape Research,0142-6397;1469-9710,true,,
Language and Linguistics,1606-822X,true,,
Language and Sociocultural Theory,2051-9699;2051-9702,true,,
Language Cognition and Neuroscience,2327-3798;2327-3801,true,,
Language Matters,1022-8195;1753-5395,true,,
Language Resources and Evaluation,1574-020X;1574-0218,true,,
Languages in Contrast,1387-6759;1569-9897,true,,
LASER AND PARTICLE BEAMS,0263-0346;1469-803X,true,,
LASER PHYSICS LETTERS,1612-2011;1612-202X,true,,
LASERS IN MEDICAL SCIENCE,0268-8921;1435-604X,true,,
LATERALITY,1357-650X;1464-0678,true,,
Latin American Journal of Solids and Structures,1679-7825;1679-7817,true,,
LATIN AMERICAN MUSIC REVIEW-REVISTA DE MUSICA LATINOAMERICANA,0163-0350;1536-0199,true,,
LATIN AMERICAN RESEARCH REVIEW,0023-8791;1542-4278,true,,
Latino Studies,1476-3435;1476-3443,true,,
Law and Development Review,2194-6523;1943-3867,true,,
Law and Humanities,1752-1483;1752-1491,true,,
LAW LIBRARY JOURNAL,0023-9283,true,,
LEADERSHIP & ORGANIZATION DEVELOPMENT JOURNAL,0143-7739;1472-5347,true,,
LEARNING & BEHAVIOR,1543-4494;1543-4508,true,,
Learning Culture and Social Interaction,2210-6561,true,,
Learning Organization,0969-6474;1758-7905,true,,
LEGACY,0748-4321,true,,
Legal Ethics,1460-728X;1757-8450,true,,
Legal Medicine,1344-6223,true,,
Lengua y Habla,2244-811X,true,,
LEONARDO,0024-094X;1530-9282,true,,
LEPROSY REVIEW,0305-7518;2162-8807,true,,
LETTERE ITALIANE,0024-1334;2035-6315,true,,
LETTERS IN APPLIED MICROBIOLOGY,0266-8254;1472-765X,true,,
LEUKEMIA & LYMPHOMA,1042-8194;1029-2403,true,,
LEUKEMIA RESEARCH,0145-2126;1873-5835,true,,
LIBRARY HI TECH,0737-8831,true,,
Library Management,0143-5124;1758-7921,true,,
Libyan Journal of Medicine,1993-2820;1819-6357,true,,
LICHENOLOGIST,0024-2829;1096-1135,true,,
LIFE SCIENCES,0024-3205;1879-0631,true,,
Life Sciences in Space Research,2214-5524;2214-5532,true,,
Life Writing,1448-4528;1751-2964,true,,
LIFETIME DATA ANALYSIS,1380-7870;1572-9249,true,,
Lighting Research & Technology,1477-1535;1477-0938,true,,
LIMNOLOGICA,0075-9511;1873-5851,true,,
LINEAR & MULTILINEAR ALGEBRA,0308-1087;1563-5139,true,,
Linguamatica,1647-0818,true,,
Lingue e Linguaggio,1720-9331,true,,
Linguistic Variation,2211-6834;2211-6842,true,,
Linguistica Antverpiensia New Series-Themes in Translation Studies,0304-2294,true,,
Linguisticae Investigationes,0378-4169;1569-9927,true,,
Linguistics of the Tibeto-Burman Area,0731-3500;2214-5907,true,,
Linguistics Vanguard,2199-174X,true,,
LINGUISTIQUE,0075-966X;2101-0234,true,,
LIPIDS,0024-4201;1558-9307,true,,
Lipids in Health and Disease,1476-511X,true,,
Literacy,1741-4350;1741-4369,true,,
Literary Imagination,1523-9012;1752-6566,true,,
LITERATUR UND KRITIK,0024-466X,true,,
Literatura-Teoria Historia Critica,0123-5931;2256-5450,true,,
LITERATURE & HISTORY-THIRD SERIES,0306-1973;2050-4594,true,,
Literature and Aesthetics,1036-9368;2200-0437,true,,
Literature and Theology,0269-1205;1477-4623,true,,
LITHOLOGY AND MINERAL RESOURCES,0024-4902;1608-3229,true,,
Lithuanian Mathematical Journal,0363-1672;1573-8825,true,,
Liturgy,0458-063X;1557-3001,true,,
LMS Journal of Computation and Mathematics,1461-1570,true,,
Local and Regional Anesthesia,1178-7112,true,,
Local Economy,0269-0942;1470-9325,true,,
LOCAL GOVERNMENT STUDIES,0300-3930;1743-9388,true,,
LogForum,1895-2038;1734-459X,true,,
Logica Universalis,1661-8297;1661-8300,true,,
Logical Methods in Computer Science,1860-5974,true,,
Logique et Analyse,0024-5836;2295-5836,true,,
Logopedics Phoniatrics Vocology,1401-5439;1651-2022,true,,
Logos,0869-5377;2499-9628,true,,
Logos & Pneuma-Chinese Journal of Theology,1023-2583,true,,
Logos-Journal of the World Publishing Community,0957-9656;1878-4712,true,,
Logos-Revista de Linguistica Filosofia y Literatura,0716-7520;0719-3262,true,,
Logos-Vilnius,0868-7692,true,,
London Review of Education,1474-8460;1474-8479,true,,
London Review of International Law,2050-6325;2050-6333,true,,
Longitudinal and Life Course Studies,1757-9597,true,,
Lubricants,2075-4442,true,,
Lubrication Science,0954-0075;1557-6833,true,,
LUNG,0341-2040;1432-1750,true,,
Lung India,0970-2113;0974-598X,true,,
Lupus Science & Medicine,2053-8790,true,,
Lymphatic Research and Biology,1539-6851;1557-8585,true,,
MACROMOLECULAR CHEMISTRY AND PHYSICS,1022-1352;1521-3935,true,,
MACROMOLECULAR MATERIALS AND ENGINEERING,1438-7492;1439-2054,true,,
Macromolecular Reaction Engineering,1862-832X;1862-8338,true,,
MACROMOLECULAR RESEARCH,1598-5032;2092-7673,true,,
MACROMOLECULAR THEORY AND SIMULATIONS,1022-1344;1521-3919,true,,
Maderas-Ciencia y Tecnologia,0718-221X;0717-3644,true,,
Magallania,0718-2244;0718-0209,true,,
Magallanica-Revista de Historia Moderna,2422-779X,true,,
MAGAZINE OF CONCRETE RESEARCH,0024-9831;1751-763X,true,,
Magis-Revista Internacional de Investigacion en Educacion,2027-1174;2027-1182,true,,
Magnetic Resonance Imaging Clinics of North America,1064-9689;1557-9786,true,,
Magnetic Resonance in Medical Sciences,1347-3182;1880-2206,true,,
MAGNETIC RESONANCE MATERIALS IN PHYSICS BIOLOGY AND MEDICINE,0968-5243;1352-8661,true,,
MALACOLOGIA,0076-2997;2168-9075,true,,
Mammal Research,2199-2401;2199-241X,true,,
Management,1286-4692,true,,
Management and Organization Review,1740-8776;1740-8784,true,,
Management and Production Engineering Review,2080-8208;2082-1344,true,,
MANAGEMENT DECISION,0025-1747;1758-6070,true,,
Management of Biological Invasions,1989-8649,true,,
Management Research Review,2040-8269;2040-8277,true,,
Management Systems in Production Engineering,2299-0461;2450-5781,true,,
Management-Journal of Contemporary Management Issues,1331-0194;1846-3363,true,,
Management-Poland,1429-9321;2299-193X,true,,
MANAGERIAL AND DECISION ECONOMICS,0143-6570;1099-1468,true,,
Managerial Auditing Journal,0268-6902;1758-7735,true,,
MANCHESTER SCHOOL,1463-6786;1467-9957,true,,
Manufacturing Review,2265-4224,true,,
Marine and Coastal Fisheries,1942-5120,true,,
MARINE AND FRESHWATER RESEARCH,1323-1650;1448-6059,true,,
Marine Biodiversity,1867-1616;1867-1624,true,,
MARINE BIOTECHNOLOGY,1436-2228;1436-2236,true,,
MARINE ECOLOGY PROGRESS SERIES,0171-8630;1616-1599,true,,
Marine Ecology-An Evolutionary Perspective,0173-9565;1439-0485,true,,
Marine Genomics,1874-7787;1876-7478,true,,
MARINE GEODESY,0149-0419;1521-060X,true,,
MARINE GEOPHYSICAL RESEARCH,0025-3235;1573-0581,true,,
MARINE GEORESOURCES & GEOTECHNOLOGY,1064-119X;1521-0618,true,,
MARINE MICROPALEONTOLOGY,0377-8398;1872-6186,true,,
Marine Resource Economics,0738-1360;2334-5985,true,,
Maritime Studies,1872-7859;2212-9790,true,,
Mark Twain Annual,1553-0981;1756-2597,true,,
Market Microstructure and Liquidity,2382-6266;2424-8037,true,,
Marketing Intelligence & Planning,0263-4503;1758-8049,true,,
MARRIAGE AND FAMILY REVIEW,0149-4929;1540-9635,true,,
MASSACHUSETTS REVIEW,0025-4878,true,,
MASTER DRAWINGS,0025-5025,true,,
Material Religion,1743-2200;1751-8342,true,,
MATERIALS AT HIGH TEMPERATURES,0960-3409;1878-6413,true,,
MATERIALS CHEMISTRY AND PHYSICS,0254-0584;1879-3312,true,,
Materials Chemistry Frontiers,2052-1537,true,,
Materials for Renewable and Sustainable Energy,2194-1459;2194-1467,true,,
MATERIALS LETTERS,0167-577X;1873-4979,true,,
Materials Research Express,2053-1591,true,,
Materials Research-Ibero-american Journal of Materials,1516-1439;1980-5373,true,,
MATERIALS SCIENCE AND TECHNOLOGY,0267-0836;1743-2847,true,,
MATERIALS SCIENCE IN SEMICONDUCTOR PROCESSING,1369-8001;1873-4081,true,,
MATERIALS SCIENCE-POLAND,2083-134X;2083-1331,true,,
Materials Today Chemistry,2468-5194,true,,
Materials Today Communications,2352-4928,true,,
MATERNAL AND CHILD HEALTH JOURNAL,1092-7875;1573-6628,true,,
MATHEMATICAL BIOSCIENCES,0025-5564;1879-3134,true,,
Mathematical Biosciences and Engineering,1547-1063;1551-0018,true,,
Mathematical Control and Related Fields,2156-8472;2156-8499,true,,
Mathematical Geosciences,1874-8961;1874-8953,true,,
MATHEMATICAL INEQUALITIES & APPLICATIONS,1331-4343,true,,
MATHEMATICAL METHODS OF OPERATIONS RESEARCH,1432-2994;1432-5217,true,,
MATHEMATICAL PHYSICS ANALYSIS AND GEOMETRY,1385-0172;1572-9656,true,,
MATHEMATICAL SOCIAL SCIENCES,0165-4896;1879-3118,true,,
MATHEMATICAL STRUCTURES IN COMPUTER SCIENCE,0960-1295;1469-8072,true,,
MATHEMATICS AND COMPUTERS IN SIMULATION,0378-4754;1872-7166,true,,
Mathematics and Financial Economics,1862-9679;1862-9660,true,,
MATHEMATICS AND MECHANICS OF SOLIDS,1081-2865;1741-3028,true,,
Mathematics Education Research Journal,1033-2170;2211-050X,true,,
MCN-The American Journal of Maternal-Child Nursing,0361-929X;1539-0683,true,,
Measurement in Physical Education and Exercise Science,1091-367X;1532-7841,true,,
MEASUREMENT SCIENCE and TECHNOLOGY,0957-0233;1361-6501,true,,
Measurement Science Review,1335-8871,true,,
Measurement-Interdisciplinary Research and Perspectives,1536-6367;1536-6359,true,,
Mechanical Sciences,2191-9151;2191-916X,true,,
MECHANICS BASED DESIGN OF STRUCTURES AND MACHINES,1539-7734;1539-7742,true,,
MECHANICS OF ADVANCED MATERIALS AND STRUCTURES,1537-6494;1537-6532,true,,
MECHANICS OF TIME-DEPENDENT MATERIALS,1385-2000;1573-2738,true,,
MECHANICS RESEARCH COMMUNICATIONS,0093-6413,true,,
MECHANISMS OF DEVELOPMENT,0925-4773;1872-6356,true,,
MedChemComm,2040-2503;2040-2511,true,,
MEDECINE ET MALADIES INFECTIEUSES,0399-077X,true,,
Media and Communication,2183-2439,true,,
Media History,1368-8804;1469-9729,true,,
MEDICAL & BIOLOGICAL ENGINEERING & COMPUTING,0140-0118;1741-0444,true,,
MEDICAL ANTHROPOLOGY QUARTERLY,0745-5194;1548-1387,true,,
MEDICAL CLINICS OF NORTH AMERICA,0025-7125;1557-9859,true,,
Medical Education Online,1087-2981,true,,
MEDICAL ENGINEERING & PHYSICS,1350-4533;1873-4030,true,,
Medical Gas Research,2045-9912,true,,
MEDICAL MYCOLOGY,1369-3786;1460-2709,true,,
MEDICAL ONCOLOGY,1357-0560;1559-131X,true,,
MEDICAL PRINCIPLES AND PRACTICE,1011-7571;1423-0151,true,,
MEDICC Review,1555-7960;1527-3172,true,,
Medicinal Chemistry,1573-4064;1875-6638,true,,
MEDICINE,0025-7974;1536-5964,true,,
MEDICINE AND LAW,0723-1393;2471-836X,true,,
Medicine Law & Society,2463-7955,true,,
MEDICINE SCIENCE AND THE LAW,0025-8024;2042-1818,true,,
Medieval Archaeology,0076-6097;1745-817X,true,,
MEDIOEVO ROMANZO,0390-0711;1724-1707,true,,
Mediterranean Archaeology & Archaeometry,1108-9628;2241-8121,true,,
Mediterranean Journal of Hematology and Infectious Diseases,2035-3006,true,,
MEDITERRANEAN MARINE SCIENCE,1108-393X;1791-6763,true,,
Mediterranean Studies,1074-164X;2161-4741,true,,
MEDYCYNA PRACY,0465-5893;2353-1339,true,,
Medycyna Weterynaryjna-Veterinary Medicine-Science and Practice,0025-8628,true,,
Melanges de la Casa de Velazquez,0076-230X,true,,
Membrane Water Treatment,2005-8624;2092-7037,true,,
Memetic Computing,1865-9284;1865-9292,true,,
MEMORIAS DO INSTITUTO OSWALDO CRUZ,0074-0276;1678-8060,true,,
MEMORY,0965-8211;1464-0686,true,,
MENDELEEV COMMUNICATIONS,0959-9436;1364-551X,true,,
Mental Health and Physical Activity,1755-2966,true,,
Mental Health Religion & Culture,1367-4676;1469-9737,true,,
Mental Lexicon,1871-1340;1871-1375,true,,
Mentoring & Tutoring,1361-1267;1469-9745,true,,
MERRILL-PALMER QUARTERLY-JOURNAL OF DEVELOPMENTAL PSYCHOLOGY,0272-930X;1535-0266,true,,
META,0026-0452,true,,
METABOLIC BRAIN DISEASE,0885-7490;1573-7365,true,,
Metabolic Syndrome and Related Disorders,1540-4196;1557-8518,true,,
METALLURGICAL AND MATERIALS TRANSACTIONS B-PROCESS METALLURGY AND MATERIALS PROCESSING SCIENCE,1073-5615;1543-1916,true,,
Metals,2075-4701,true,,
METALS AND MATERIALS INTERNATIONAL,1598-9623;2005-4149,true,,
METALURGIJA,0543-5846;1334-2576,true,,
Metaphor and the Social World,2210-4070;2210-4097,true,,
Metaphysica-International Journal for Ontology & Metaphysics,1437-2053;1874-6373,true,,
METEOROLOGY AND ATMOSPHERIC PHYSICS,0177-7971;1436-5065,true,,
METHODOLOGY AND COMPUTING IN APPLIED PROBABILITY,1387-5841;1573-7713,true,,
Methodology-European Journal of Research Methods for the Behavioral and Social Sciences,1614-1881;1614-2241,true,,
METHODS OF INFORMATION IN MEDICINE,0026-1270;2511-705X,true,,
MethodsX,2215-0161,true,,
METRIKA,0026-1335;1435-926X,true,,
Metroeconomica,0026-1386;1467-999X,true,,
METROLOGIA,0026-1394;1681-7575,true,,
METROPOLITAN MUSEUM JOURNAL,0077-8958;2169-3072,true,,
MEXICAN STUDIES-ESTUDIOS MEXICANOS,0742-9797,true,,
MICROBES AND ENVIRONMENTS,1342-6311;1347-4405,true,,
Microbial Drug Resistance,1076-6294;1931-8448,true,,
MICROBIAL PATHOGENESIS,0882-4010;1096-1208,true,,
MICROBIOLOGY AND IMMUNOLOGY,0385-5600;1348-0421,true,,
MicrobiologyOpen,2045-8827,true,,
MICROBIOLOGY-SGM,1350-0872;1465-2080,true,,
MICROCHEMICAL JOURNAL,0026-265X;1095-9149,true,,
MICROELECTRONIC ENGINEERING,0167-9317;1873-5568,true,,
MICROELECTRONICS JOURNAL,0026-2692;1879-2391;0959-8324,true,,
MICROELECTRONICS RELIABILITY,0026-2714,true,,
Microfluidics and Nanofluidics,1613-4982;1613-4990,true,,
MICROGRAVITY SCIENCE AND TECHNOLOGY,0938-0108;1875-0494,true,,
Micrologus-Nature Science and Medieval Societies,1123-2560,true,,
Micromachines,2072-666X,true,,
Microscopy,2050-5698;2050-5701,true,,
MICROSCOPY AND MICROANALYSIS,1431-9276;1435-8115,true,,
MICROSCOPY RESEARCH AND TECHNIQUE,1059-910X;1097-0029,true,,
MICROSYSTEM TECHNOLOGIES-MICRO-AND NANOSYSTEMS-INFORMATION STORAGE AND PROCESSING SYSTEMS,0946-7076;1432-1858,true,,
MICROVASCULAR RESEARCH,0026-2862;1095-9319,true,,
Midcontinental Journal of Archaeology,0146-1109;2327-4271,true,,
Middle East African Journal of Ophthalmology,0974-9233;0975-1599,true,,
Middle East Critique,1943-6149;1943-6157,true,,
MIDDLE EAST JOURNAL,0026-3141;1940-3461,true,,
Middle East Journal of Culture and Communication,1873-9857;1873-9865,true,,
Middle East Law and Governance,1876-3367;1876-3375,true,,
MIDDLE EAST POLICY,1061-1924;1475-4967,true,,
Migraciones,1138-5774;2341-0833,true,,
Migration Letters,1741-8984;1741-8992,true,,
Milan Journal of Mathematics,1424-9286;1424-9294,true,,
MILITARY MEDICINE,0026-4075;1930-613X,true,,
MILITARY PSYCHOLOGY,0899-5605;1532-7876,true,,
Mind Culture and Activity,1074-9039;1532-7884,true,,
Mine Water and the Environment,1025-9112;1616-1068,true,,
MINERALS & METALLURGICAL PROCESSING,0747-9182,true,,
Minerva Anestesiologica,0375-9393;1827-1596,true,,
MINERVA MEDICA,0026-4806;1827-1669,true,,
Minimax Theory and its Applications,2199-1413;2199-1421,true,,
Mining Science,2300-9586;2353-5423,true,,
MINI-REVIEWS IN MEDICINAL CHEMISTRY,1389-5575;1875-5607,true,,
Mir Rossii-Universe of Russia,1811-038X;1811-0398,true,,
MODELLING AND SIMULATION IN MATERIALS SCIENCE AND ENGINEERING,0965-0393;1361-651X,true,,
MODERN ASIAN STUDIES,0026-749X;1469-8099,true,,
Modern Chinese Literature and Culture,1520-9857,true,,
Modern Italy,1353-2944;1469-9877,true,,
MODERN PHILOLOGY,0026-8232;1545-6951,true,,
MODERN PHYSICS LETTERS A,0217-7323;1793-6632,true,,
Modern Rheumatology,1439-7595;1439-7609,true,,
MOLECULAR AND BIOCHEMICAL PARASITOLOGY,0166-6851;1872-9428,true,,
MOLECULAR AND CELLULAR BIOCHEMISTRY,0300-8177;1573-4919,true,,
MOLECULAR AND CELLULAR PROBES,0890-8508;1096-1194,true,,
MOLECULAR BIOLOGY REPORTS,0301-4851;1573-4978,true,,
MOLECULAR BIOTECHNOLOGY,1073-6085;1559-0305,true,,
MOLECULAR BREEDING,1380-3743;1572-9788,true,,
Molecular Catalysis,2468-8231,true,,
Molecular Cytogenetics,1755-8166,true,,
Molecular Diagnosis & Therapy,1177-1062;1179-2000,true,,
MOLECULAR DIVERSITY,1381-1991;1573-501X,true,,
Molecular Genetics & Genomic Medicine,2324-9269,true,,
Molecular Imaging,1536-0121;1535-3508,true,,
Molecular Informatics,1868-1743;1868-1751,true,,
Molecular Medicine Reports,1791-2997;1791-3004,true,,
MOLECULAR MEMBRANE BIOLOGY,0968-7688;1464-5203,true,,
Molecular Oral Microbiology,2041-1006;2041-1014,true,,
MOLECULAR PHYSICS,0026-8976;1362-3028,true,,
MOLECULAR SIMULATION,0892-7022;1029-0435,true,,
Molecular Syndromology,1661-8769;1661-8777,true,,
MOLECULAR VISION,1090-0535,true,,
Monash Bioethics Review,1321-2753;1836-6716,true,,
Monash University Law Review,0311-3140;1839-3837,true,,
MONATSHEFTE FUR MATHEMATIK,0026-9255;1436-5081,true,,
MONTANA-THE MAGAZINE OF WESTERN HISTORY,0026-9891,true,,
Monteagudo,0580-6712;1989-6166,true,,
Moravian Geographical Reports,1210-8812,true,,
MOREANA,0047-8105;2398-4961,true,,
MOSAIC-A JOURNAL FOR THE INTERDISCIPLINARY STUDY OF LITERATURE,0027-1276;1925-5683,true,,
MOUNTAIN RESEARCH AND DEVELOPMENT,0276-4741;1994-7151,true,,
Movimento,0104-754X;1982-8918,true,,
Multiagent and Grid Systems,1574-1702;1875-9076,true,,
Multicultural Perspectives,1521-0960;1532-7892,true,,
Multicultural Shakespeare-Translation Appropriation and Performance,2300-7605;2083-8530,true,,
MULTIDIMENSIONAL SYSTEMS AND SIGNAL PROCESSING,0923-6082;1573-0824,true,,
Multidisciplinary Respiratory Medicine,2049-6958;1828-695X,true,,
MULTIMEDIA SYSTEMS,0942-4962;1432-1882,true,,
MULTIMEDIA TOOLS AND APPLICATIONS,1380-7501;1573-7721,true,,
Multinational Business Review,1525-383X;2054-1686,true,,
Multisensory Research,2213-4794;2213-4808,true,,
MUSEOLOGIA SCIENTIFICA,1123-265X,true,,
Museon,0771-6494;1783-158X,true,,
Museum History Journal,1936-9816;1936-9824,true,,
MUSEUM INTERNATIONAL,1350-0775;1468-0033,true,,
Museums & Social Issues-A Journal of Reflective Discourse,1559-6893;2051-6193,true,,
Music Education Research,1461-3808;1469-9893,true,,
Music Sound and the Moving Image,1753-0768;1753-0776,true,,
Music Theory Online,1067-3040,true,,
Music Therapy Perspectives,0734-6875;2053-7387,true,,
Musicology Australia,0814-5857;1949-453X,true,,
MUSIKFORSCHUNG,0027-4801,true,,
MUSLIM WORLD,0027-4909;1478-1913,true,,
MUTAGENESIS,0267-8357;1464-3804,true,,
MUTATION RESEARCH-FUNDAMENTAL AND MOLECULAR MECHANISMS OF MUTAGENESIS,0027-5107;1873-135X;1386-1964,true,,
MUTATION RESEARCH-GENETIC TOXICOLOGY AND ENVIRONMENTAL MUTAGENESIS,1383-5718;1879-3592,true,,
Muziki-Journal of Music Research in Africa,1812-5980;1753-593X,true,,
MYCOLOGICAL PROGRESS,1617-416X;1861-8952,true,,
MYCOPATHOLOGIA,0301-486X;1573-0832,true,,
MYCOTAXON,0093-4666,true,,
Mycotoxin Research,0178-7888;1867-1632,true,,
Myrmecological News,1994-4136;1997-3500,true,,
Nan Nu-Men Women and Gender in China,1387-6805;1568-5268,true,,
Nano Communication Networks,1878-7789;1878-7797,true,,
NanoEthics,1871-4757;1871-4765,true,,
Nanoscience and Nanotechnology Letters,1941-4900;1941-4919,true,,
Nanotechnology Reviews,2191-9089;2191-9097,true,,
Narrative Culture,2169-0235;2169-0251,true,,
NARRATIVE INQUIRY,1387-6740,true,,
National Institute Economic Review,0027-9501;1741-3036,true,,
NATIONAL TAX JOURNAL,0028-0283;1944-7477,true,,
NATURAL HAZARDS,0921-030X;1573-0840,true,,
Natural Hazards Review,1527-6988;1527-6996,true,,
NATURAL PRODUCT RESEARCH,1478-6419;1478-6427,true,,
Nature and Science of Sleep,1179-1608,true,,
Nature Astronomy,2397-3366,true,,
Nature Conservation-Bulgaria,1314-6947;1314-3301,true,,
Nature Human Behaviour,2397-3374,true,,
Nature Reviews Chemistry,2397-3358,true,,
NAUNYN-SCHMIEDEBERGS ARCHIVES OF PHARMACOLOGY,0028-1298;1432-1912,true,,
NAVAL RESEARCH LOGISTICS,0894-069X;1520-6750,true,,
Naval War College Review,0028-1484,true,,
NEAR EASTERN ARCHAEOLOGY,1094-2076,true,,
Near Surface Geophysics,1569-4445;1873-0604,true,,
Negotiation and Conflict Management Research,1750-4708;1750-4716,true,,
NEMATOLOGY,1388-5545;1568-5411,true,,
NEOHELICON,0324-4652;1588-2810,true,,
NEOPHILOLOGUS,0028-2677;1572-8668,true,,
NEOPLASMA,0028-2685;1338-4317,true,,
Neotestamentica,0254-8356;2518-4628,true,,
NEOTROPICAL ENTOMOLOGY,1519-566X;1678-8052,true,,
Neotropical Ichthyology,1679-6225,true,,
Neo-Victorian Studies,1757-9481,true,,
NEPHROLOGY,1320-5358;1440-1797,true,,
NEPHRON,1660-8151;2235-3186,true,,
Netherlands International Law Review,0165-070X;1741-6191,true,,
Netherlands Quarterly of Human Rights,0924-0519;2214-7357,true,,
Networks and Heterogeneous Media,1556-1801;1556-181X,true,,
NEUE RUNDSCHAU,0028-3347,true,,
NEUES JAHRBUCH FUR GEOLOGIE UND PALAONTOLOGIE-ABHANDLUNGEN,0077-7749,true,,
Neural Development,1749-8104,true,,
NEURAL PLASTICITY,2090-5904;1687-5443,true,,
NEURAL PROCESSING LETTERS,1370-4621;1573-773X,true,,
Neural Regeneration Research,1673-5374;1876-7958,true,,
NEUROCHEMICAL RESEARCH,0364-3190;1573-6903,true,,
Neurodegenerative Disease Management,1758-2024;1758-2032,true,,
Neurodegenerative Diseases,1660-2854;1660-2862,true,,
NEUROIMAGING CLINICS OF NORTH AMERICA,1052-5149;1557-9867,true,,
NEUROIMMUNOMODULATION,1021-7401;1423-0216,true,,
NEUROLOGIA MEDICO-CHIRURGICA,0470-8105;1349-8029,true,,
NEUROLOGICAL RESEARCH,0161-6412;1743-1328,true,,
NEUROLOGICAL SCIENCES,1590-1874;1590-3478,true,,
NEUROMOLECULAR MEDICINE,1535-1084;1559-1174,true,,
NEUROPATHOLOGY,0919-6544;1440-1789,true,,
NEUROPEDIATRICS,0174-304X;1439-1899,true,,
NEUROPEPTIDES,0143-4179;1532-2785,true,,
NEUROPHYSIOLOGIE CLINIQUE-CLINICAL NEUROPHYSIOLOGY,0987-7053;1769-7131,true,,
Neuropsychiatric Disease and Treatment,1178-2021;1176-6328,true,,
NEUROPSYCHOBIOLOGY,0302-282X;1423-0224,true,,
NEUROPSYCHOLOGICAL REHABILITATION,0960-2011;1464-0694,true,,
NEUROREHABILITATION,1053-8135;1878-6448,true,,
NEUROREPORT,0959-4965;1473-558X,true,,
NEUROSCIENCE LETTERS,0304-3940;1872-7972,true,,
NEUROSCIENCE RESEARCH,0168-0102;1872-8111,true,,
NEUROSURGERY CLINICS OF NORTH AMERICA,1042-3680;1558-1349,true,,
NEUROTOXICITY RESEARCH,1029-8428;1476-3524,true,,
NEUROTOXICOLOGY,0161-813X;1872-9711,true,,
NEUROTOXICOLOGY AND TERATOLOGY,0892-0362;1872-9738,true,,
NEW ASTRONOMY,1384-1076;1384-1092,true,,
NEW ENGLAND QUARTERLY-A HISTORICAL REVIEW OF NEW ENGLAND LIFE AND LETTERS,0028-4866;1937-2213,true,,
NEW GENETICS AND SOCIETY,1463-6778;1469-9915,true,,
New Global Studies,1940-0004,true,,
New Horizons in Adult Education and Human Resource Development,1939-4225,true,,
NEW IDEAS IN PSYCHOLOGY,0732-118X;1873-3522,true,,
NEW JOURNAL OF CHEMISTRY,1144-0546;1369-9261,true,,
New Microbiologica,1121-7138,true,,
NEW ORLEANS REVIEW,0028-6400,true,,
New Political Science,0739-3148;1469-9931,true,,
NEW REPUBLIC,0028-6583,true,,
New Review of Film and Television Studies,1740-0309;1740-7923,true,,
New Review of Hypermedia and Multimedia,1361-4568;1740-7842,true,,
New Soundtrack,2042-8855;2042-8863,true,,
NEW THEATRE QUARTERLY,0266-464X;1474-0613,true,,
New York Journal of Mathematics,1076-9803,true,,
NEW YORK TIMES BOOK REVIEW,0028-7806,true,,
NEW ZEALAND JOURNAL OF AGRICULTURAL RESEARCH,0028-8233;1175-8775,true,,
NEW ZEALAND JOURNAL OF ECOLOGY,0110-6465;1177-7788,true,,
NEW ZEALAND JOURNAL OF EDUCATIONAL STUDIES,0028-8276;2199-4714,true,,
NEW ZEALAND JOURNAL OF FORESTRY SCIENCE,0048-0134;1179-5395,true,,
NEW ZEALAND JOURNAL OF HISTORY,0028-8322,true,,
NEW ZEALAND VETERINARY JOURNAL,0048-0169;1176-0710,true,,
NINETEENTH CENTURY MUSIC,0148-2076;1533-8606,true,,
Nineteenth-Century Contexts-An Interdisciplinary Journal,0890-5495;1477-2663,true,,
NINETEENTH-CENTURY FRENCH STUDIES,0146-7891;1536-0172,true,,
Noise & Health,1463-1741;1998-4030,true,,
Noise Mapping,2084-879X,true,,
Nondestructive Testing and Evaluation,1058-9759;1477-2671,true,,
NONLINEAR PROCESSES IN GEOPHYSICS,1023-5809,true,,
Nordic Journal of Digital Literacy,0809-6724;1891-943X,true,,
Nordic Journal of Linguistics,0332-5865;1502-4717,true,,
Nordic Journal of Music Therapy,0809-8131;1944-8260,true,,
NORDIC JOURNAL OF PSYCHIATRY,0803-9488;1502-4725,true,,
NORDIC PULP & PAPER RESEARCH JOURNAL,0283-2631;2000-0669,true,,
NORTH AMERICAN ARCHAEOLOGIST,0197-6931;1541-3543,true,,
North American Journal of Economics and Finance,1062-9408;1879-0860,true,,
NORTH AMERICAN JOURNAL OF FISHERIES MANAGEMENT,0275-5947;1548-8675,true,,
NORTH AMERICAN REVIEW,0029-2397,true,,
Northwestern Journal of International Law & Business,0196-3228,true,,
NORWEGIAN JOURNAL OF GEOLOGY,0029-196X;0801-4736,true,,
NOTES,0027-4380;1534-150X,true,,
Notes and Records-The Royal Society Journal of the History of Science,0035-9149;1743-0178,true,,
NOVUM TESTAMENTUM,0048-1009;1568-5365,true,,
Novyi Filologicheskii Vestnik-New Philological Bulletin,2072-9316,true,,
NOVYI MIR,0130-7673,true,,
NOWELE-North-Western European Language Evolution,0108-8416;2212-9715,true,,
NPJ Microgravity,2373-8065,true,,
NUCLEAR INSTRUMENTS & METHODS IN PHYSICS RESEARCH SECTION A-ACCELERATORS SPECTROMETERS DETECTORS AND ASSOCIATED EQUIPMENT,0168-9002;1872-9576,true,,
NUCLEAR INSTRUMENTS & METHODS IN PHYSICS RESEARCH SECTION B-BEAM INTERACTIONS WITH MATERIALS AND ATOMS,0168-583X;1872-9584,true,,
NUCLEAR MEDICINE AND BIOLOGY,0969-8051;1872-9614,true,,
Nuclear Medicine and Molecular Imaging,1869-3474;1869-3482,true,,
NUKLEONIKA,0029-5922;1508-5791,true,,
NUMERICAL FUNCTIONAL ANALYSIS AND OPTIMIZATION,0163-0563;1532-2467,true,,
NUMERICAL HEAT TRANSFER PART B-FUNDAMENTALS,1040-7790;1521-0626,true,,
Nuncius-Journal of the History of Science,0394-7394;1825-3911,true,,
NUOVA RIVISTA MUSICALE ITALIANA,0029-6228,true,,
NURSING ECONOMICS,0746-1739,true,,
Nursing Education Perspectives,1536-5026;1943-4685,true,,
NURSING FORUM,0029-6473;1744-6198,true,,
NURSING RESEARCH,0029-6562;1538-9847,true,,
NURSING SCIENCE QUARTERLY,0894-3184;1552-7409,true,,
NUTRIENT CYCLING IN AGROECOSYSTEMS,1385-1314;1573-0867,true,,
Nutrition & Dietetics,1446-6368;1747-0080,true,,
NUTRITION AND CANCER-AN INTERNATIONAL JOURNAL,0163-5581;1532-7914,true,,
NUTRITION RESEARCH,0271-5317,true,,
Nutrition Research and Practice,1976-1457;2005-6168,true,,
NUTRITIONAL NEUROSCIENCE,1028-415X;1476-8305,true,,
Obesity Facts,1662-4025;1662-4033,true,,
Obesity Research & Clinical Practice,1871-403X;1878-0318,true,,
OBETS-Revista de Ciencias Sociales,1989-1385;2529-9727,true,,
OBSTETRICAL & GYNECOLOGICAL SURVEY,0029-7828;1533-9866,true,,
OBSTETRICS AND GYNECOLOGY CLINICS OF NORTH AMERICA,0889-8545;1558-0474,true,,
OCCUPATIONAL MEDICINE-OXFORD,0962-7480;1471-8405,true,,
OCEAN & COASTAL MANAGEMENT,0964-5691;1873-524X,true,,
OCEAN DYNAMICS,1616-7341;1616-7228,true,,
Ocean Science,1812-0784,true,,
OCEANIA,0029-8077;1834-4461,true,,
Ochsner Journal,1524-5012,true,,
Ocnos-Revista de Estudios sobre la Lectura,1885-446X;2254-9099,true,,
OCTOBER,0162-2870;1536-013X,true,,
OLBA,1301-7667,true,,
OMEGA-JOURNAL OF DEATH AND DYING,0030-2228;1541-3764,true,,
OMICS-A JOURNAL OF INTEGRATIVE BIOLOGY,1536-2310;1557-8100,true,,
ONCOLOGY,0030-2414;1423-0232,true,,
Oncology Letters,1792-1074;1792-1082,true,,
ONCOLOGY NURSING FORUM,0190-535X;1538-0688,true,,
ONCOLOGY REPORTS,1021-335X;1791-2431,true,,
ONCOLOGY RESEARCH,0965-0407;1555-3906,true,,
OncoTargets and Therapy,1178-6930,true,,
ONDERSTEPOORT JOURNAL OF VETERINARY RESEARCH,0030-2465;2219-0635,true,,
ONLINE INFORMATION REVIEW,1468-4527;1468-4535,true,,
Online Learning,1939-5256;1092-8235,true,,
Open Archaeology,2300-6560,true,,
Open Chemistry,2391-5420,true,,
Open Dentistry Journal,1874-2106,true,,
OPEN ECONOMIES REVIEW,0923-7992;1573-708X,true,,
Open Engineering,2391-5439,true,,
Open Heart,2053-3624,true,,
Open Library of Humanities,2056-6700,true,,
Open Praxis,2304-070X,true,,
OPEN SYSTEMS & INFORMATION DYNAMICS,1230-1612;1793-7191;1573-1324,true,,
OPERA,0030-3526,true,,
Operational Research,1109-2858;1866-1505,true,,
Operations Research and Decisions,2081-8858;2391-6060,true,,
Operations Research for Health Care,2211-6923,true,,
OPERATIONS RESEARCH LETTERS,0167-6377;1872-7468,true,,
Operative Orthopadie und Traumatologie,0934-6694;1439-0981,true,,
Operators and Matrices,1846-3886,true,,
OPHTHALMIC EPIDEMIOLOGY,0928-6586;1744-5086,true,,
OPHTHALMIC GENETICS,1381-6810;1744-5094,true,,
OPHTHALMIC PLASTIC AND RECONSTRUCTIVE SURGERY,0740-9303;1537-2677,true,,
OPHTHALMIC RESEARCH,0030-3747;1423-0259,true,,
Ophthalmic Surgery Lasers & Imaging Retina,2325-8160;2325-8179,true,,
Opsearch,0030-3887;0975-0320,true,,
OPTICAL FIBER TECHNOLOGY,1068-5200;1095-9912,true,,
OPTICAL MATERIALS,0925-3467;1873-1252,true,,
OPTICS COMMUNICATIONS,0030-4018;1873-0310,true,,
OPTIMIZATION,0233-1934;1029-4945,true,,
OPTIMIZATION AND ENGINEERING,1389-4420;1573-2924,true,,
Optimization Letters,1862-4472;1862-4480,true,,
OPTIMIZATION METHODS & SOFTWARE,1055-6788;1029-4937,true,,
Opuscula Mathematica,1232-9274;2300-6919,true,,
Oral and Maxillofacial Surgery Clinics of North America,1042-3699;1558-1365,true,,
Oral Health & Preventive Dentistry,1602-1622;1757-9996,true,,
Oral History Review,0094-0798;1533-8592,true,,
Oral Surgery Oral Medicine Oral Pathology Oral Radiology,2212-4403;1528-395X,true,,
ORBIT-AN INTERNATIONAL JOURNAL ON ORBITAL DISORDERS AND FACIAL RECONSTRUCTIVE SURGERY,0167-6830;1744-5108,true,,
ORGANIZATIONAL DYNAMICS,0090-2616;1873-3530,true,,
Organogenesis,1547-6278;1555-8592,true,,
Organon F,1335-0668,true,,
Oriens,0078-6527;1877-8372,true,,
ORIGINS OF LIFE AND EVOLUTION OF BIOSPHERES,0169-6149;1573-0875,true,,
ORL-Journal for Oto-Rhino-Laryngology Head and Neck Surgery,0301-1569;1423-0275,true,,
ORNIS FENNICA,0030-5685,true,,
Orthopedic Reviews,2035-8237;2035-8164,true,,
ORTHOPEDICS,0147-7447;1938-2367,true,,
ORYX,0030-6053;1365-3008,true,,
OSAKA JOURNAL OF MATHEMATICS,0030-6126,true,,
OSGOODE HALL LAW JOURNAL,0030-6185,true,,
Osmanli Arastirmalari-The Journal of Ottoman Studies,0255-0636,true,,
Osterreichische Zeitschrift fuer Soziologie,1011-0070;1862-2585,true,,
OSTEUROPA,0030-6428;2509-3444,true,,
OTOLARYNGOLOGIC CLINICS OF NORTH AMERICA,0030-6665;1557-8259,true,,
OUTLOOK ON AGRICULTURE,0030-7270;2043-6866,true,,
OVERLAND,0030-7416,true,,
Oxford Development Studies,1360-0818;1469-9966,true,,
PACIFIC AFFAIRS,0030-851X;1715-3379,true,,
Pacific Coast Philology,0078-7469;2326-067X,true,,
PACIFIC SCIENCE,0030-8870;1534-6188,true,,
PACKAGING TECHNOLOGY AND SCIENCE,0894-3214;1099-1522,true,,
Paddy and Water Environment,1611-2490;1611-2504,true,,
PAEDAGOGICA HISTORICA,0030-9230;1477-674X,true,,
Paediatric Respiratory Reviews,1526-0542;1526-0550,true,,
Paediatrics & Child Health,1205-7088;1918-1485,true,,
Paediatrics and International Child Health,2046-9047;2046-9055,true,,
Paideuma,0090-5674,true,,
Pain Management Nursing,1524-9042;1532-8635,true,,
Pain Practice,1530-7085;1533-2500,true,,
Pain Research & Management,1203-6765;1918-1523,true,,
Pain Research and Treatment,2090-1542;2090-1550,true,,
PAJ-A JOURNAL OF PERFORMANCE AND ART,1520-281X;1537-9477,true,,
PAKISTAN VETERINARY JOURNAL,0253-8318;2074-7764,true,,
Palabra Clave,0122-8285;2027-534X,true,,
Palaeobiodiversity and Palaeoenvironments,1867-1594;1867-1608,true,,
PALAEONTOLOGIA ELECTRONICA,1935-3952;1094-8074,true,,
Palaeoworld,1871-174X;1875-5887,true,,
PALAIOS,0883-1351;1938-5323,true,,
Paleoceanography and Paleoclimatology,2572-4517;2572-4525,true,,
Palestine Exploration Quarterly,0031-0328;1743-1301,true,,
Palliative & Supportive Care,1478-9515;1478-9523,true,,
PALYNOLOGY,0191-6122;1558-9188,true,,
PalZ,0031-0220;1867-6812,true,,
PANCREATOLOGY,1424-3903;1424-3911,true,,
Panoeconomicus,1452-595X;2217-2386,true,,
PAPERS IN REGIONAL SCIENCE,1056-8190;1435-5957,true,,
PAPERS OF THE BIBLIOGRAPHICAL SOCIETY OF AMERICA,0006-128X;2377-6528,true,,
PAPERS ON LANGUAGE AND LITERATURE,0031-1294,true,,
Parallax,1353-4645;1460-700X,true,,
PARALLEL COMPUTING,0167-8191;1872-7336,true,,
Parasite,1252-607X;1776-1042,true,,
PARASITOLOGY INTERNATIONAL,1383-5769,true,,
PARASITOLOGY RESEARCH,0932-0113;1432-1955,true,,
Parkinsons Disease,2090-8083;2042-0080,true,,
Pastoral Care in Education,0264-3944;1468-0122,true,,
PASTORAL PSYCHOLOGY,0031-2789;1573-6679,true,,
PATHOBIOLOGY,1015-2008;1423-0291,true,,
Pathogens and Global Health,2047-7724;2047-7732,true,,
PATHOLOGY & ONCOLOGY RESEARCH,1219-4956;1532-2807,true,,
PATHOLOGY INTERNATIONAL,1320-5463;1440-1827,true,,
Patient Preference and Adherence,1177-889X,true,,
PATTERN ANALYSIS AND APPLICATIONS,1433-7541;1433-755X,true,,
Peace and Conflict-Journal of Peace Psychology,1078-1919;1532-7949,true,,
Pedagogy Culture and Society,0965-9757;1747-5104;1468-1366,true,,
PEDIATRIC CARDIOLOGY,0172-0643;1432-1971,true,,
PEDIATRIC DERMATOLOGY,0736-8046;1525-1470,true,,
PEDIATRIC DRUGS,1174-5878;1179-2019,true,,
PEDIATRIC EXERCISE SCIENCE,0899-8493;1543-2920,true,,
Pediatric Gastroenterology Hepatology & Nutrition,2234-8646;2234-8840,true,,
PEDIATRIC NEUROLOGY,0887-8994;1873-5150,true,,
Pediatric Physical Therapy,0898-5669;1538-005X,true,,
PEDIATRIC RADIOLOGY,0301-0449;1432-1998,true,,
Pediatric Reports,2036-749X;2036-7503,true,,
Pediatric Rheumatology,1546-0096,true,,
PEDIATRIC SURGERY INTERNATIONAL,0179-0358;1437-9813,true,,
Pediatrics and Neonatology,1875-9572;2212-1692,true,,
PEDOBIOLOGIA,0031-4056,true,,
PEDOSPHERE,1002-0160;2210-5107,true,,
PeerJ Computer Science,2376-5992,true,,
Peer-to-Peer Networking and Applications,1936-6442;1936-6450,true,,
PENSAMIENTO,0031-4749,true,,
PentecoStudies-An Interdisciplinary Journal for Research on the Pentecostal and Charismatic Movements,2041-3599;1871-7691,true,,
PEPTIDES,0196-9781;1873-5169,true,,
PERCEPTION,0301-0066;1468-4233,true,,
Perfect Beat,1038-2909;1836-0343,true,,
PERFORMANCE EVALUATION,0166-5316;1872-745X,true,,
Perichoresis,1224-984X;2284-7308,true,,
Periodica Mathematica Hungarica,0031-5303;1588-2829,true,,
PERITONEAL DIALYSIS INTERNATIONAL,0896-8608,true,,
PERSONAL RELATIONSHIPS,1350-4126;1475-6811,true,,
Personality and Mental Health,1932-8621;1932-863X,true,,
PERSONNEL REVIEW,0048-3486;1758-6933,true,,
Perspectives in Ecology and Conservation,2530-0644,true,,
PET Clinics,1556-8598;1559-7814,true,,
PETROLEUM GEOSCIENCE,1354-0793,true,,
Petroleum Science,1672-5107;1995-8226,true,,
PHARMACEUTICAL BIOLOGY,1388-0209;1744-5116,true,,
PHARMACEUTICAL RESEARCH,0724-8741;1573-904X,true,,
Pharmacogenetics and Genomics,1744-6872;1744-6880,true,,
PHARMACOGENOMICS,1462-2416;1744-8042,true,,
Pharmacognosy Magazine,0973-1296;0976-4062,true,,
Pharmacognosy Research,0974-8490;0976-4836,true,,
Pharmacology Research & Perspectives,2052-1707,true,,
PHARMACOPSYCHIATRY,0176-3679;1439-0795,true,,
PHARMAZIE,0031-7144,true,,
Philippine Political Science Journal,0115-4451;2165-025X,true,,
PHILOLOGUS,0031-7985,true,,
PHILOSOPHICAL MAGAZINE,1478-6435;1478-6443,true,,
PHILOSOPHICAL MAGAZINE LETTERS,0950-0839;1362-3036,true,,
Philosophical Papers,0556-8641;1996-8523,true,,
PHILOSOPHY AND RHETORIC,0031-8213;1527-2079,true,,
PHILOSOPHY EAST & WEST,0031-8221,true,,
Philosophy of Photography,2040-3682;2040-3690,true,,
PHILOSOPHY OF THE SOCIAL SCIENCES,0048-3931;1552-7441,true,,
Philosophy Psychiatry & Psychology,1071-6076;1086-3303,true,,
PHLEBOLOGY,0268-3555;1758-1125;1433-3031,true,,
PHOENIX-THE JOURNAL OF THE CLASSICAL ASSOCIATION OF CANADA,0031-8299;1929-4883,true,,
PHOTOCHEMICAL & PHOTOBIOLOGICAL SCIENCES,1474-905X;1474-9092,true,,
PHOTOCHEMISTRY AND PHOTOBIOLOGY,0031-8655;1751-1097,true,,
PHOTODERMATOLOGY PHOTOIMMUNOLOGY & PHOTOMEDICINE,0905-4383;1600-0781,true,,
Photodiagnosis and Photodynamic Therapy,1572-1000;1873-1597,true,,
Photonic Sensors,1674-9251;2190-7439,true,,
Photonics,2304-6732,true,,
PHOTOSYNTHETICA,0300-3604;1573-9058,true,,
PHYCOLOGIA,0031-8884,true,,
PHYSICA A-STATISTICAL MECHANICS AND ITS APPLICATIONS,0378-4371;1873-2119,true,,
PHYSICA B-CONDENSED MATTER,0921-4526;1873-2135,true,,
PHYSICA C-SUPERCONDUCTIVITY AND ITS APPLICATIONS,0921-4534;1873-2143,true,,
PHYSICA E-LOW-DIMENSIONAL SYSTEMS & NANOSTRUCTURES,1386-9477;1873-1759,true,,
Physica Medica-European Journal of Medical Physics,1120-1797;1724-191X,true,,
PHYSICA STATUS SOLIDI A-APPLICATIONS AND MATERIALS SCIENCE,1862-6300;1862-6319,true,,
PHYSICA STATUS SOLIDI B-BASIC SOLID STATE PHYSICS,0370-1972;1521-3951,true,,
PHYSICAL & OCCUPATIONAL THERAPY IN PEDIATRICS,0194-2638;1541-3144,true,,
Physical Activity Review,2300-5076,true,,
PHYSICAL BIOLOGY,1478-3967;1478-3975,true,,
Physical Communication,1874-4907,true,,
Physical Culture and Sport Studies and Research,2081-2221;1899-4849,true,,
Physical Review Accelerators and Beams,2469-9888,true,,
Physical Review Fluids,2469-990X,true,,
Physical Review Materials,2475-9953,true,,
Physicochemical Problems of Mineral Processing,1643-1049;2084-4735;0137-1282,true,,
PHYSICS AND CHEMISTRY OF MINERALS,0342-1791;1432-2021,true,,
PHYSICS AND CHEMISTRY OF THE EARTH,1474-7065;1873-5193,true,,
PHYSICS LETTERS A,0375-9601;1873-2429,true,,
PHYSICS OF THE SOLID STATE,1063-7834;1090-6460,true,,
PHYSIOLOGICAL AND BIOCHEMICAL ZOOLOGY,1522-2152;1537-5293,true,,
PHYSIOLOGICAL AND MOLECULAR PLANT PATHOLOGY,0885-5765,true,,
PHYSIOLOGICAL ENTOMOLOGY,0307-6962;1365-3032,true,,
PHYSIOLOGICAL GENOMICS,1094-8341;1531-2267,true,,
Physiological Reports,2051-817X,true,,
PHYSIOLOGY & BEHAVIOR,0031-9384,true,,
PHYSIOLOGY AND MOLECULAR BIOLOGY OF PLANTS,0971-5894;0974-0430,true,,
PHYTOCHEMICAL ANALYSIS,0958-0344;1099-1565,true,,
Phytochemistry Letters,1874-3900;1876-7486,true,,
PHYTOPATHOLOGIA MEDITERRANEA,0031-9465;1593-2095,true,,
Phytotaxa,1179-3155;1179-3163,true,,
Pituitary,1386-341X;1573-7403,true,,
Place Branding and Public Diplomacy,1751-8040;1751-8059,true,,
Planning Practice and Research,0269-7459;1360-0583,true,,
Planning Theory & Practice,1464-9357;1470-000X,true,,
PLANT BIOLOGY,1435-8603;1438-8677,true,,
PLANT BREEDING,0179-9541;1439-0523,true,,
PLANT DISEASE,0191-2917;1943-7692,true,,
PLANT ECOLOGY,1385-0237;1573-5052,true,,
Plant Ecology & Diversity,1755-0874;1755-1668,true,,
PLANT GROWTH REGULATION,0167-6903;1573-5087,true,,
PLANT MOLECULAR BIOLOGY REPORTER,0735-9640;1572-9818,true,,
Plant Pathology Journal,1598-2254;2093-9280;1812-5387;1812-5425,true,,
PLANT PHYSIOLOGY AND BIOCHEMISTRY,0981-9428,true,,
Plant Signaling & Behavior,1559-2316;1559-2324,true,,
PLANT SOIL AND ENVIRONMENT,1214-1178;1805-9368,true,,
PLANT SYSTEMATICS AND EVOLUTION,0378-2697;2199-6881;1615-6110,true,,
Plasma Processes and Polymers,1612-8850;1612-8869,true,,
PLASMA SCIENCE & TECHNOLOGY,1009-0630,true,,
PLASMID,0147-619X;1095-9890,true,,
Plasmonics,1557-1955;1557-1963,true,,
Plastic and Reconstructive Surgery-Global Open,2169-7574,true,,
PLATELETS,0953-7104;1369-1635,true,,
PLoS Currents-Tree of Life,2157-3999,true,,
PM&R,1934-1482;1934-1563,true,,
POETICA-ZEITSCHRIFT FUR SPRACH-UND LITERATURWISSENSCHAFT,0303-4178,true,,
POETRY,0032-2032;2330-0795,true,,
POLAR BIOLOGY,0722-4060;1432-2056,true,,
Polar Geography,1088-937X;1939-0513,true,,
POLAR RESEARCH,0800-0395;1751-8369,true,,
Polar-Political and Legal Anthropology Review,1081-6976;1555-2934,true,,
Police Practice and Research,1561-4263;1477-271X,true,,
Policing-A Journal of Policy and Practice,1752-4512;1752-4520,true,,
POLICING-AN INTERNATIONAL JOURNAL OF POLICE STRATEGIES & MANAGEMENT,1363-951X;1758-695X,true,,
Policy Studies,0144-2872;1470-1006,true,,
POLIMERY,0032-2725,true,,
POLIS,0142-257X;2051-2996,true,,
Polish Journal of Chemical Technology,1509-8117;1899-4741,true,,
Polish Journal of Management Studies,2081-7452,true,,
Polish Journal of Radiology,0137-7183;1899-0967;1733-134X,true,,
POLISH POLAR RESEARCH,0138-0338;2081-8262,true,,
Polish Sociological Review,1231-1413,true,,
Polis-Politicheskiye Issledovaniya,1026-9487;1684-0070,true,,
POLITICA Y GOBIERNO,1665-2037;1405-1060,true,,
Politica y Sociedad,1130-8001;1988-3129,true,,
Political Studies Review,1478-9299;1478-9302,true,,
Political Theology,1462-317X;1743-1719,true,,
Politicka Misao-Croatian Political Science Review,0032-3241;1846-8721,true,,
Politics & Policy,1555-5623;1747-1346,true,,
Politikon,0258-9346;1470-1014,true,,
POLITISCHE VIERTELJAHRESSCHRIFT,0032-3470;1862-2860,true,,
Politix,0295-2319;1953-8286,true,,
Politologicky Casopis-Czech Journal of Political Science,1211-3247;1805-9503,true,,
POLITY,0032-3497;1744-1684,true,,
POLYCYCLIC AROMATIC COMPOUNDS,1040-6638;1563-5333,true,,
POLYMER COMPOSITES,0272-8397;1548-0569,true,,
POLYMER ENGINEERING AND SCIENCE,0032-3888;1548-2634,true,,
POLYMER INTERNATIONAL,0959-8103;1097-0126,true,,
POLYMER JOURNAL,0032-3896;1349-0540,true,,
POLYMER SCIENCE SERIES C,1811-2382;1555-614X,true,,
POLYMERS FOR ADVANCED TECHNOLOGIES,1042-7147;1099-1581,true,,
Popular Communication,1540-5702;1540-5710,true,,
POPULAR MUSIC AND SOCIETY,0300-7766;1740-1712,true,,
POPULATION ECOLOGY,1438-3896;1438-390X,true,,
Population Health Management,1942-7891;1942-7905,true,,
POPULATION RESEARCH AND POLICY REVIEW,0167-5923;1573-7829,true,,
Porta Linguarum,1697-7467,true,,
Portugaliae Mathematica,0032-5155;1662-2758,true,,
PORTUGUESE STUDIES,0267-5315;2222-4270,true,,
POSITIVITY,1385-1292;1572-9281,true,,
Postępy Dermatologii i Alergologii,1642-395X,true,,
Postępy Psychiatrii i Neurologii,1230-2813,true,,
POSTGRADUATE MEDICAL JOURNAL,0032-5473;1469-0756,true,,
POSTGRADUATE MEDICINE,0032-5481;1941-9260,true,,
Postmedieval-A Journal of Medieval Cultural Studies,2040-5960;2040-5979,true,,
POTATO RESEARCH,0014-3065;1871-4528,true,,
Poznan Studies in Contemporary Linguistics,1897-7499;1732-0747,true,,
Pragmatics,1018-2101,true,,
Pragmatics & Cognition,0929-0907;1569-9943,true,,
Pragmatics and Society,1878-9714;1878-9722,true,,
PRENATAL DIAGNOSIS,0197-3851;1097-0223,true,,
Preternature-Critical and Historical Studies on the Preternatural,2161-2196;2161-2188,true,,
Preventing School Failure,1045-988X;1940-4387,true,,
Prilozi Instituta za Arheologiju u Zagrebu,1330-0644,true,,
PRIMARY CARE,0095-4543;1558-299X,true,,
Primary Care Diabetes,1751-9918;1878-0210,true,,
PRIMATES,0032-8332;1610-7365,true,,
Prion,1933-6896;1933-690X,true,,
PRISON JOURNAL,0032-8855;1552-7522,true,,
Probability and Mathematical Statistics-Poland,0208-4147;2300-8113,true,,
Probiotics and Antimicrobial Proteins,1867-1306;1867-1314,true,,
PROBUS,0921-4771;1613-4079,true,,
PROCEEDINGS OF THE ACADEMY OF NATURAL SCIENCES OF PHILADELPHIA,0097-3157,true,,
PROCEEDINGS OF THE EDINBURGH MATHEMATICAL SOCIETY,0013-0915;1464-3839,true,,
PROCEEDINGS OF THE GEOLOGISTS ASSOCIATION,0016-7878,true,,
PROCEEDINGS OF THE INSTITUTION OF CIVIL ENGINEERS-GEOTECHNICAL ENGINEERING,1353-2618,true,,
PROCEEDINGS OF THE INSTITUTION OF MECHANICAL ENGINEERS PART A-JOURNAL OF POWER AND ENERGY,0957-6509;2041-2967,true,,
PROCEEDINGS OF THE INSTITUTION OF MECHANICAL ENGINEERS PART B-JOURNAL OF ENGINEERING MANUFACTURE,0954-4054;2041-2975,true,,
PROCEEDINGS OF THE INSTITUTION OF MECHANICAL ENGINEERS PART C-JOURNAL OF MECHANICAL ENGINEERING SCIENCE,0954-4062;2041-2983,true,,
PROCEEDINGS OF THE INSTITUTION OF MECHANICAL ENGINEERS PART D-JOURNAL OF AUTOMOBILE ENGINEERING,0954-4070;2041-2991,true,,
PROCEEDINGS OF THE INSTITUTION OF MECHANICAL ENGINEERS PART E-JOURNAL OF PROCESS MECHANICAL ENGINEERING,0954-4089;2041-3009,true,,
PROCEEDINGS OF THE INSTITUTION OF MECHANICAL ENGINEERS PART F-JOURNAL OF RAIL AND RAPID TRANSIT,0954-4097;2041-3017,true,,
PROCEEDINGS OF THE INSTITUTION OF MECHANICAL ENGINEERS PART J-JOURNAL OF ENGINEERING TRIBOLOGY,1350-6501;2041-305X,true,,
Proceedings of the Institution of Mechanical Engineers Part M-Journal of Engineering for the Maritime Environment,1475-0902;2041-3084,true,,
Proceedings of the Institution of Mechanical Engineers Part O-Journal of Risk and Reliability,1748-006X;1748-0078,true,,
Proceedings of the Institution of Mechanical Engineers Part P-Journal of Sports Engineering and Technology,1754-3371;1754-338X,true,,
PROCEEDINGS OF THE JAPAN ACADEMY SERIES A-MATHEMATICAL SCIENCES,0386-2194,true,,
PROCEEDINGS OF THE JAPAN ACADEMY SERIES B-PHYSICAL AND BIOLOGICAL SCIENCES,0386-2208;1349-2896,true,,
Proceedings of the Romanian Academy Series A-Mathematics Physics Technical Sciences Information Science,1454-9069,true,,
PROCESS BIOCHEMISTRY,1359-5113;1873-3298,true,,
PROCESS SAFETY PROGRESS,1066-8527;1547-5913,true,,
Processes,2227-9717,true,,
Processing and Application of Ceramics,1820-6131;2406-1034,true,,
Production and Manufacturing Research-An Open Access Journal,2169-3277,true,,
Production Engineering-Research and Development,0944-6524;1863-7353,true,,
PROFESSIONAL GEOGRAPHER,0033-0124;1467-9272,true,,
PROFESSIONAL PSYCHOLOGY-RESEARCH AND PRACTICE,0735-7028;1939-1323,true,,
Progress in Biomaterials,2194-0509;2194-0517,true,,
Progress in Development Studies,1464-9934;1477-027X,true,,
Progress of Theoretical and Experimental Physics,2050-3911,true,,
Progress on Chemistry and Application of Chitin and its Derivatives,1896-5644,true,,
PROPELLANTS EXPLOSIVES PYROTECHNICS,0721-3115;1521-4087,true,,
Propulsion and Power Research,2212-540X,true,,
Prose Studies-History Theory Criticism,0144-0357;1743-9426,true,,
Prostate Cancer,2090-3111;2090-312X,true,,
PROSTHETICS AND ORTHOTICS INTERNATIONAL,0309-3646;1746-1553,true,,
PROTEIN ENGINEERING DESIGN & SELECTION,1741-0126;1741-0134,true,,
PROTEIN EXPRESSION AND PURIFICATION,1046-5928;1096-0279,true,,
Proteome Science,1477-5956,true,,
PROTOPLASMA,0033-183X;1615-6102,true,,
Przegląd Elektrotechniczny,0033-2097,true,,
PRZEMYSŁ CHEMICZNY,0033-2496,true,,
PSICOTHEMA,0214-9915;1886-144X,true,,
PSYCHIATRIC CLINICS OF NORTH AMERICA,0193-953X;1558-3147,true,,
PSYCHIATRIC GENETICS,0955-8829;1473-5873,true,,
PSYCHIATRIC QUARTERLY,0033-2720;1573-6709,true,,
PSYCHIATRIC REHABILITATION JOURNAL,1095-158X;1559-3126,true,,
PSYCHIATRIE DE L ENFANT,0079-726X;2102-5320,true,,
Psychiatry Investigation,1738-3684;1976-3026,true,,
Psychiatry Psychology and Law,1321-8719;1934-1687,true,,
PSYCHIATRY RESEARCH-NEUROIMAGING,0925-4927;1872-7506,true,,
PSYCHOANALYTIC PSYCHOLOGY,0736-9735;1939-1331,true,,
Psychoanalytic Psychotherapy,0266-8734;1474-9734,true,,
PSYCHOANALYTIC QUARTERLY,0033-2828;2167-4086,true,,
PSYCHOLOGICAL RESEARCH-PSYCHOLOGISCHE FORSCHUNG,0340-0727;1430-2772,true,,
Psychological Services,1541-1559;1939-148X,true,,
PSYCHOLOGY & HEALTH,0887-0446;1476-8321,true,,
PSYCHOLOGY AND PSYCHOTHERAPY-THEORY RESEARCH AND PRACTICE,1476-0835;2044-8341,true,,
Psychology Health & Medicine,1354-8506;1465-3966,true,,
PSYCHOLOGY IN THE SCHOOLS,0033-3085;1520-6807,true,,
Psychology of Men & Masculinity,1524-9220;1939-151X,true,,
PSYCHOPATHOLOGY,0254-4962;1423-033X,true,,
Psychosocial Intervention,1132-0559;2173-4712,true,,
PSYCHOSOMATICS,0033-3182;1545-7206,true,,
PUBLIC ADMINISTRATION AND DEVELOPMENT,0271-2075;1099-162X,true,,
Public Archaeology,1465-5187;1753-5530,true,,
PUBLIC HEALTH,0033-3506;1476-5616,true,,
Public Health Genomics,1662-4246;1662-8063,true,,
PUBLIC HEALTH NUTRITION,1368-9800;1475-2727,true,,
PUBLIC HEALTH REPORTS,0033-3549;1468-2877,true,,
PUBLIC HEALTH REVIEWS,2107-6952;0301-0422,true,,
PUBLIC HISTORIAN,0272-3433,true,,
Public History Review,1833-4989,true,,
Public Law Review,1034-3024,true,,
PUBLIC MONEY & MANAGEMENT,0954-0962;1467-9302,true,,
PUBLIC PERSONNEL MANAGEMENT,0091-0260;1945-7421,true,,
PUBLIC RELATIONS REVIEW,0363-8111;1873-4537,true,,
Public Transport,1866-749X;1613-7159,true,,
Public Works Management & Policy,1087-724X;1552-7549,true,,
PUBLICATIONS OF THE ASTRONOMICAL SOCIETY OF JAPAN,0004-6264;2053-051X,true,,
Pulmonary Circulation,2045-8932;2045-8940,true,,
Pulmonary Medicine,2090-1836;2090-1844,true,,
PULMONARY PHARMACOLOGY & THERAPEUTICS,1094-5539;1522-9629,true,,
PURE AND APPLIED GEOPHYSICS,0033-4553;1420-9136,true,,
Purinergic Signalling,1573-9538;1573-9546,true,,
QJM-AN INTERNATIONAL JOURNAL OF MEDICINE,1460-2725;1460-2393,true,,
QUADERNI STORICI,0301-6307,true,,
Quaestio Rossica,2311-911X;2313-6871,true,,
Qualitative Market Research,1352-2752;1758-7646,true,,
Qualitative Report,2160-3715;1052-0147,true,,
Qualitative Research in Accounting and Management,1176-6093;1758-7654,true,,
Qualitative Research in Education,2014-6418,true,,
Qualitative Research in financial Markets,1755-4179;1755-4187,true,,
Qualitative Research in Organizations and Management,1746-5648;1746-5656,true,,
Qualitative Research in Psychology,1478-0887;1478-0895,true,,
Qualitative Social Work,1473-3250;1741-3117,true,,
QUALITY AND RELIABILITY ENGINEERING INTERNATIONAL,0748-8017;1099-1638,true,,
Quality Engineering,0898-2112;1532-4222,true,,
Quality in Higher Education,1353-8322;1470-1081,true,,
QUANTITATIVE FINANCE,1469-7688;1469-7696,true,,
Quantitative Imaging in Medicine and Surgery,2223-4292;2223-4306,true,,
QUANTUM ELECTRONICS,1063-7818;1468-4799,true,,
Quantum Science and Technology,2058-9565,true,,
QUARTERLY JOURNAL OF ENGINEERING GEOLOGY AND HYDROGEOLOGY,1470-9236,true,,
QUARTERLY JOURNAL OF MECHANICS AND APPLIED MATHEMATICS,0033-5614;1464-3855,true,,
QUARTERLY JOURNAL OF NUCLEAR MEDICINE AND MOLECULAR IMAGING,1824-4785;1827-1936,true,,
QUARTERLY JOURNAL OF SPEECH,0033-5630;1479-5779,true,,
QUARTERLY OF APPLIED MATHEMATICS,0033-569X;1552-4485,true,,
QUARTERLY REVIEW OF ECONOMICS AND FINANCE,1062-9769;1878-4259,true,,
QUATERNAIRE,1142-2904,true,,
QUEENS LAW JOURNAL,0316-778X,true,,
QUEST,0033-6297;1543-2750,true,,
QUEUEING SYSTEMS,0257-0130;1572-9443,true,,
QUT Law Review,2201-7275,true,,
RACE & CLASS,0306-3968;1741-3125,true,,
Race and Justice,2153-3687,true,,
RADIATION AND ENVIRONMENTAL BIOPHYSICS,0301-634X;1432-2099,true,,
RADIATION MEASUREMENTS,1350-4487,true,,
Radiation Oncology Journal,2234-3156;2234-1900,true,,
RADIATION PHYSICS AND CHEMISTRY,0969-806X,true,,
RADIATION RESEARCH,0033-7587;1938-5404,true,,
RADICAL PHILOSOPHY,0300-211X;0030-211X,true,,
RADIO SCIENCE,0048-6604;1944-799X,true,,
Radiologia Medica,0033-8362;1826-6983,true,,
Radiology and Oncology,1318-2099;1581-3207,true,,
Radiology Research and Practice,2090-1941;2090-195X,true,,
Radiophysics and Quantum Electronics,0033-8443;1573-9120,true,,
Range Management and Agroforestry,0971-2070,true,,
RAPID COMMUNICATIONS IN MASS SPECTROMETRY,0951-4198;1097-0231,true,,
RARE METALS,1001-0521;1867-7185,true,,
RARITAN-A QUARTERLY REVIEW,0275-1607,true,,
Ratio Juris,1794-6638;0952-1917,true,,
RATIONALITY AND SOCIETY,1043-4631;1461-7358,true,,
REACTIVE & FUNCTIONAL POLYMERS,1381-5148;1873-166X,true,,
Reading in a Foreign Language,1539-0578,true,,
Reading Psychology,0270-2711;1521-0685,true,,
READING TEACHER,0034-0561;1936-2714,true,,
Recent Patents on Anti-Cancer Drug Discovery,1574-8928;2212-3970,true,,
Reception-Texts Readers Audiences History,2168-0604;2155-7888,true,,
Recherches de Theologie et Philosophie Medievales,1370-7493;1783-1717,true,,
Records Management Journal,0956-5698;1758-7689,true,,
REDOX REPORT,1351-0002;1743-2928,true,,
REFERENCE & USER SERVICES QUARTERLY,1094-9054;2163-5242,true,,
Reflective Practice,1462-3943;1470-1103,true,,
REFORMATION & RENAISSANCE REVIEW,1462-2459;1743-1727,true,,
REFRACTORIES AND INDUSTRIAL CERAMICS,1083-4877;1573-9139,true,,
Refuge,0229-5113;1920-7336,true,,
Refugee Survey Quarterly,1020-4067;1471-695X,true,,
Regenerative Medicine,1746-0751;1746-076X,true,,
Regional and Federal Studies,1359-7566;1743-9434,true,,
Regional Studies Regional Science,2168-1376,true,,
REGULAR & CHAOTIC DYNAMICS,1560-3547;1468-4845,true,,
REGULATORY TOXICOLOGY AND PHARMACOLOGY,0273-2300;1096-0295,true,,
REHABILITATION COUNSELING BULLETIN,0034-3552;1538-4853,true,,
REHABILITATION PSYCHOLOGY,0090-5550;1939-1544,true,,
Rehabilitation Research and Practice,2090-2867;2090-2875,true,,
REJUVENATION RESEARCH,1549-1684;1557-8577,true,,
RELC Journal,0033-6882;1745-526X,true,,
RELIGION & LITERATURE,0888-3769;0029-4500,true,,
Religion and Society-Advances in Research,2150-9298;2150-9301,true,,
Religion Brain & Behavior,2153-599X;2153-5981,true,,
Religion State & Society,0963-7494;1465-3974,true,,
Remote Sensing Letters,2150-704X;2150-7058,true,,
RENAISSANCE AND REFORMATION,0034-429X,true,,
Renaissance Studies,0269-1213;1477-4658,true,,
RENDICONTI LINCEI-SCIENZE FISICHE E NATURALI,2037-4631;1720-0776;1120-6349,true,,
Reports on Geodesy and Geoinformatics,2391-8365;2391-8152,true,,
REPORTS ON MATHEMATICAL PHYSICS,0034-4877,true,,
REPRODUCTIVE HEALTH MATTERS,0968-8080;1460-9576,true,,
Reproductive Sciences,1933-7191;1933-7205,true,,
REPRODUCTIVE TOXICOLOGY,0890-6238,true,,
Res Philosophica,2168-9105;2168-9113,true,,
Res Publica-A Journal of Moral Legal and Political Philosophy,1356-4765;1572-8692,true,,
RESEARCH AND PRACTICE FOR PERSONS WITH SEVERE DISABILITIES,1540-7969;2169-2408,true,,
Research and Practice in Intellectual and Developmental Disabilities,2329-7018;2329-7026,true,,
Research and Reports in Urology,2253-2447,true,,
Research in Astronomy and Astrophysics,1674-4527,true,,
Research in Comparative and International Education,1745-4999,true,,
Research in Dance Education,1464-7893;1470-1111,true,,
Research in Economics,1090-9443;1090-9451,true,,
Research in Human Development,1542-7609;1542-7617,true,,
Research in Learning Technology,2156-7069;2156-7077,true,,
RESEARCH IN MICROBIOLOGY,0923-2508;1769-7123,true,,
RESEARCH IN NONDESTRUCTIVE EVALUATION,0934-9847;1432-2110,true,,
Research in Number Theory,2522-0160;2363-9555,true,,
Research in Pharmaceutical Sciences,1735-5362;1735-9414,true,,
Research in Post-Compulsory Education,1359-6748;1747-5112,true,,
Research in Science & Technological Education,0263-5143;1470-1138,true,,
Research in Sports Medicine,1543-8627;1543-8635,true,,
Research in Transportation Economics,0739-8859;1875-7979,true,,
RESEARCH ON AGING,0164-0275;1552-7573,true,,
RESEARCH QUARTERLY FOR EXERCISE AND SPORT,0270-1367;2168-3824;0364-9857,true,,
RESEARCH-TECHNOLOGY MANAGEMENT,0895-6308;1930-0166,true,,
Resonancias,0717-3474;0719-5702,true,,
RESOURCE GEOLOGY,1344-1698;1751-3928,true,,
Respiratory Care,0020-1324;1943-3654,true,,
Respiratory Investigation,2212-5345;2212-5353,true,,
RESPIRATORY PHYSIOLOGY & NEUROBIOLOGY,1569-9048;1878-1519,true,,
RESTORATION ECOLOGY,1061-2971;1526-100X,true,,
Restorative Justice-An International Journal,2050-4721;2050-473X,true,,
RESTORATIVE NEUROLOGY AND NEUROSCIENCE,0922-6028;1878-3627,true,,
Results in Physics,2211-3797,true,,
Rethinking Marxism-A Journal of Economics Culture & Society,0893-5696;1475-8059,true,,
Review Journal of Autism and Developmental Disorders,2195-7177;2195-7185,true,,
Review of Asset Pricing Studies,2045-9920;2045-9939,true,,
Review of Behavioral Economics,2326-6198;2326-6201,true,,
Review of Central and East European Law,0925-9880;1573-0352,true,,
Review of Faith & International Affairs,1557-0274;1931-7743,true,,
Review of Financial Economics,1058-3300;1873-5924,true,,
Review of Keynesian Economics,2049-5323;2049-5331,true,,
Review of Managerial Science,1863-6683;1863-6691,true,,
REVIEW OF METAPHYSICS,0034-6632;1549-4853,true,,
REVIEW OF PALAEOBOTANY AND PALYNOLOGY,0034-6667;1879-0615,true,,
Review of Political Economy,0953-8259;1465-3982,true,,
Review of Quantitative Finance and Accounting,0924-865X;1573-7179,true,,
Review of Rabbinic Judaism,1568-4857;1570-0704,true,,
REVIEW OF RADICAL POLITICAL ECONOMICS,0486-6134;1552-8502,true,,
REVIEW OF SCIENTIFIC INSTRUMENTS,0034-6748;1089-7623,true,,
REVIEW-LITERATURE AND ARTS OF THE AMERICAS,0890-5762;1743-0666,true,,
REVIEWS IN AMERICAN HISTORY,0048-7511;1080-6628,true,,
REVIEWS IN INORGANIC CHEMISTRY,0193-4929;2191-0227,true,,
REVIEWS IN THE NEUROSCIENCES,0334-1763;1607-8470;2191-0200,true,,
Revija za Kriminalistiko in Kriminologijo,0034-690X,true,,
Revija za Socijalnu Politiku,1330-2965,true,,
Revista Brasileira de Farmacognosia-Brazilian Journal of Pharmacognosy,0102-695X;1981-528X,true,,
REVISTA BRASILEIRA DE PARASITOLOGIA VETERINARIA,1984-2961;0103-846X,true,,
Revista Brasileira de Politica Internacional,0034-7329,true,,
REVISTA BRASILEIRA DE PSIQUIATRIA,1516-4446;1809-452X,true,,
REVISTA BRASILEIRA DE ZOOTECNIA-BRAZILIAN JOURNAL OF ANIMAL SCIENCE,1806-9290;1516-3598,true,,
Revista da Sociedade Brasileira de Medicina Tropical,0037-8682,true,,
Revista de Cercetare si Interventie Sociala,1583-3410;1584-5397,true,,
Revista de Ciencia Politica,0718-090X;0716-1417,true,,
Revista de Contabilidad-Spanish Accounting Review,1138-4891;1988-4672,true,,
Revista de Derecho Politico,0211-979X;2174-5625,true,,
Revista de Educacion,0034-8082;1988-592X,true,,
Revista de Filosofia Aurora,0104-4443;1980-5934,true,,
Revista de Geografia Norte Grande,0718-3402;0379-8682,true,,
Revista de Historia Industrial,1132-7200,true,,
Revista de Historiografia,1885-2718;2445-0057,true,,
Revista de Humanidades,1130-5029;2340-8995,true,,
Revista de la Construccion,0718-915X;0717-7925,true,,
REVISTA DE LITERATURA,0034-849X;1988-4192,true,,
Revista de Musicologia,0210-1459;1578-5297,true,,
Revista de Psicodidactica,1136-1034;2254-4372,true,,
Revista de Psicologia del Deporte,1132-239X,true,,
Revista de Psiquiatria y Salud Mental,1888-9891;1989-4600,true,,
Revista Digital de Iconografia Medieval,2254-7312;2254-853X,true,,
REVISTA DO INSTITUTO DE MEDICINA TROPICAL DE SAO PAULO,0036-4665;1678-9946,true,,
Revista Espanola de Derecho Constitucional,0211-5743;1989-0648,true,,
Revista Espanola de Sociologia,1578-2824,true,,
Revista Eureka sobre Ensenanza y Divulgacion de las Ciencias,1697-011X,true,,
Revista General de Derecho Administrativo,1696-9650,true,,
Revista General de Derecho Europeo,1696-9634,true,,
REVISTA IBEROAMERICANA,0034-9631;2154-4794,true,,
Revista Internacional de Sociologia,0034-9712;1988-429X,true,,
Revista Latina de Comunicacion Social,1138-5820,true,,
Revista Mexicana de Ciencias Politicas y Sociales,0185-1918;2448-492X,true,,
Revolutionary Russia,0954-6545;1743-7873,true,,
REVSTAT-Statistical Journal,1645-6726,true,,
REVUE BIBLIQUE,0035-0907,true,,
Revue d Histoire des Mathematiques,1262-022X,true,,
REVUE D HISTOIRE ECCLESIASTIQUE,0035-2381;2294-1088,true,,
REVUE D HISTOIRE LITTERAIRE DE LA FRANCE,0035-2411;2105-2689,true,,
REVUE DE L ART,0035-1326;1953-812X,true,,
REVUE DE L HISTOIRE DES RELIGIONS,0035-1423;2105-2573,true,,
REVUE DE LINGUISTIQUE ROMANE,0035-1458,true,,
REVUE DE PHILOLOGIE DE LITTERATURE ET D HISTOIRE ANCIENNES,0035-1652;1760-8430,true,,
Revue de Synthese,0035-1776;1955-2343,true,,
REVUE FRANCAISE DE SOCIOLOGIE,0035-2969,true,,
REVUE ROMANE,0035-3906,true,,
Revue Roumaine des Sciences Techniques-Serie Electrotechnique et Energetique,0035-4066,true,,
REVUE SCIENTIFIQUE ET TECHNIQUE-OFFICE INTERNATIONAL DES EPIZOOTIES,0253-1933,true,,
Rhetoric & Public Affairs,1094-8392;1534-5238,true,,
RHETORICA-A JOURNAL OF THE HISTORY OF RHETORIC,0734-8584;1533-8541,true,,
RHEUMATOLOGY INTERNATIONAL,0172-8172;1437-160X,true,,
Rice Science,1672-6308;1876-4762,true,,
RICERCHE DI MATEMATICA,0035-5038;1827-3491,true,,
Ricerche di Storia Politica,1120-9526,true,,
Risk Management and Healthcare Policy,1179-1594,true,,
Risk Management-Journal of Risk Crisis and Disaster,1460-3799;1743-4637,true,,
Risks,2227-9091,true,,
RIVER RESEARCH AND APPLICATIONS,1535-1459;1535-1467,true,,
Rivista di Estetica,0035-6212;2421-5864,true,,
RIVISTA DI LETTERATURA ITALIANA,0392-825X;1724-0638,true,,
Rivista Storica Dell Antichita,0300-340X,true,,
Roads and Bridges-Drogi i Mosty,1643-1618;2449-769X,true,,
ROBOTICA,0263-5747;1469-8668,true,,
ROMANCE NOTES,0035-7995;2165-7599,true,,
Romance Studies,0263-9904;1745-8153,true,,
Romanian Journal of Physics,1221-146X,true,,
Romanian Reports in Physics,1221-1451;1841-8759,true,,
Rossiiskaya Istoriya,0869-5687,true,,
RUBBER CHEMISTRY AND TECHNOLOGY,0035-9475;1943-4804,true,,
Rural and Remote Health,1445-6354,true,,
Rural History-Economy Society Culture,0956-7933;1474-0656,true,,
Rusin,1857-2685;2345-1149,true,,
RUSSELL-THE JOURNAL OF THE BERTRAND RUSSELL STUDIES,0036-0163,true,,
RUSSIAN HISTORY-HISTOIRE RUSSE,0094-288X,true,,
RUSSIAN JOURNAL OF MATHEMATICAL PHYSICS,1061-9208;1555-6638,true,,
RUSSIAN JOURNAL OF NONDESTRUCTIVE TESTING,1061-8309;1608-3385,true,,
Rutgers University Law Review,2374-3859,true,,
SAE International Journal of Aerospace,1946-3855;1946-3901,true,,
SAE International Journal of Materials and Manufacturing,1946-3979;1946-3987,true,,
SAECULUM,0080-5319,true,,
SAGE Open,2158-2440,true,,
SAR AND QSAR IN ENVIRONMENTAL RESEARCH,1062-936X;1029-046X,true,,
Saudi Journal of Ophthalmology,1319-4534,true,,
SAUDI PHARMACEUTICAL JOURNAL,1319-0164;2213-7475,true,,
SBORNIK MATHEMATICS,1064-5616;1468-4802,true,,
Scandinavian Actuarial Journal,0346-1238;1651-2030,true,,
Scandinavian Economic History Review,0358-5522;1750-2837,true,,
SCANDINAVIAN JOURNAL OF CARING SCIENCES,0283-9318;1471-6712,true,,
SCANDINAVIAN JOURNAL OF CLINICAL & LABORATORY INVESTIGATION,0036-5513;1502-7686,true,,
SCANDINAVIAN JOURNAL OF GASTROENTEROLOGY,0036-5521;1502-7708,true,,
Scandinavian Journal of Hospitality and Tourism,1502-2250;1502-2269,true,,
SCANDINAVIAN JOURNAL OF IMMUNOLOGY,0300-9475;1365-3083,true,,
Scandinavian Journal of Management,0956-5221;1873-3387,true,,
Scandinavian Journal of Occupational Therapy,1103-8128;1651-2014,true,,
SCANDINAVIAN JOURNAL OF PSYCHOLOGY,0036-5564;1467-9450,true,,
SCANDINAVIAN JOURNAL OF PUBLIC HEALTH,1403-4948;1651-1905,true,,
Scandinavian Journal of the Old Testament,0901-8328;1502-7244,true,,
SCANDINAVIAN POLITICAL STUDIES,0080-6757;1467-9477,true,,
SCANDINAVIAN STUDIES,0036-5637;2163-8195,true,,
Schizophrenia Research and Treatment,2090-2085;2090-2093,true,,
Schole-Filosofskoe Antikovedenie i Klassicheskaya Traditsiya-Schole-Ancient Philosophy and the Classical Tradition,1995-4328;1995-4336,true,,
School Leadership & Management,1363-2434;1364-2626,true,,
SCHOOL PSYCHOLOGY INTERNATIONAL,0143-0343;1461-7374,true,,
SCIENCE AND ENGINEERING ETHICS,1353-3452;1471-5546,true,,
SCIENCE AND ENGINEERING OF COMPOSITE MATERIALS,0792-1233;2191-0359;0334-181X,true,,
Science and Public Policy,0302-3427;1471-5430,true,,
Science and Technology for the Built Environment,2374-4731;2374-474X,true,,
SCIENCE AS CULTURE,0950-5431;1470-1189,true,,
Science China-Earth Sciences,1674-7313;1869-1897,true,,
Science China-Information Sciences,1674-733X;1869-1919;1862-2836,true,,
Science China-Life Sciences,1674-7305;1869-1889,true,,
Science China-Mathematics,1674-7283;1869-1862,true,,
Science China-Physics Mechanics & Astronomy,1674-7348;1869-1927,true,,
Science China-Technological Sciences,1674-7321;1869-1900,true,,
Science Editing,2288-7474;2288-8063,true,,
SCIENCE IN CONTEXT,0269-8897;1474-0664,true,,
Science of Gymnastics Journal,1855-7171,true,,
Science of Nature,0028-1042;1432-1904,true,,
SCIENCE-FICTION STUDIES,0091-7729,true,,
SCIENCES SOCIALES ET SANTE,0294-0337;1777-5914,true,,
SCIENTIA AGRICOLA,1678-992X;0103-9016,true,,
SCIENTIA MARINA,0214-8358;1886-8134,true,,
SCIENTIFIC AMERICAN,0036-8733,true,,
Scientific Drilling,1816-8957;1816-3459,true,,
Scientific Journals of the Maritime University of Szczecin-Zeszyty Naukowe Akademii Morskiej w Szczecinie,1733-8670;2392-0378,true,,
Scoliosis and Spinal Disorders,2397-1789,true,,
SCREEN,0036-9543;1460-2474,true,,
SCRIPTORIUM,0036-9772,true,,
Sculpture Journal,1366-2724;1756-9923,true,,
SEFARAD,0037-0894;1988-320X,true,,
SEMICONDUCTOR SCIENCE AND TECHNOLOGY,0268-1242;1361-6641,true,,
SEMICONDUCTORS,1063-7826;1090-6479,true,,
SEMIGROUP FORUM,0037-1912;1432-2137,true,,
SEMINAR-A JOURNAL OF GERMANIC STUDIES,0037-1939;1911-026X,true,,
SEMINARS IN DIALYSIS,0894-0959;1525-139X,true,,
SEMINARS IN NEUROLOGY,0271-8235;1098-9021,true,,
Seminars in Oncology Nursing,0749-2081;1878-3449,true,,
Seminars in Ophthalmology,0882-0538;1744-5205,true,,
Seminars in Pediatric Neurology,1071-9091;1558-0776,true,,
Seminars in Plastic Surgery,1535-2188;1536-0067,true,,
SEMINARS IN REPRODUCTIVE MEDICINE,1526-8004;1526-4564,true,,
SEMINARS IN SPEECH AND LANGUAGE,0734-0478;1098-9056,true,,
SEMINARS IN ULTRASOUND CT AND MRI,0887-2171;1558-5034,true,,
Seminars in Vascular Surgery,0895-7967;1558-4518,true,,
SEMIOTICA,0037-1998;1613-3692,true,,
Sendebar-Revista de Traduccion e Interpretacion,1130-5509;2340-2415,true,,
Senses & Society,1745-8927;1745-8935,true,,
Sensor Review,0260-2288;1758-6828,true,,
Series-Journal of the Spanish Economic Association,1869-4187;1869-4195,true,,
SERVICE INDUSTRIES JOURNAL,0264-2069;1743-9507,true,,
Service Oriented Computing and Applications,1863-2386;1863-2394,true,,
Settler Colonial Studies,2201-473X;1838-0743,true,,
Set-Valued and Variational Analysis,1877-0533;1877-0541,true,,
SEWANEE REVIEW,0037-3052;1934-421X,true,,
Sex Education-Sexuality Society and Learning,1468-1811;1472-0825,true,,
Sexual & Reproductive Healthcare,1877-5756;1877-5764,true,,
Sexual Addiction & Compulsivity-The Journal of Treatment and Prevention,1072-0162;1532-5318,true,,
Sexual Health,1448-5028;1449-8987,true,,
Sexual Medicine,2050-1161,true,,
Sexuality and Culture,1095-5143;1936-4822,true,,
SEXUALITY AND DISABILITY,0146-1044;1573-6717,true,,
SHOCK AND VIBRATION,1070-9622;1875-9203,true,,
Short Film Studies,2042-7824;2042-7832,true,,
SIAM-ASA Journal on Uncertainty Quantification,2166-2525,true,,
SIBERIAN MATHEMATICAL JOURNAL,0037-4466;1573-9260,true,,
Sibirica-Interdisciplinary journal of Siberian Studies,1361-7362;1476-6787,true,,
SIGMOD RECORD,0163-5808;1943-5835,true,,
Sign Language & Linguistics,1387-9316;1569-996X,true,,
Signal Image and Video Processing,1863-1703;1863-1711,true,,
Signa-Revista de la Asociacion Espanola de Semiotica,1133-3634,true,,
Sikh Formations-Religion Culture Theory,1744-8727;1744-8735,true,,
SILVA FENNICA,0037-5330;2242-4075,true,,
SIMIOLUS-NETHERLANDS QUARTERLY FOR THE HISTORY OF ART,0037-5411,true,,
SIMULATION & GAMING,1046-8781;1552-826X,true,,
Simulation in Healthcare-Journal of the Society for Simulation in Healthcare,1559-2332;1559-713X,true,,
SIMULATION-TRANSACTIONS OF THE SOCIETY FOR MODELING AND SIMULATION INTERNATIONAL,0037-5497;1741-3133,true,,
SINN UND FORM,0037-5756,true,,
SIXTEENTH CENTURY JOURNAL,0361-0160;2326-0726,true,,
SKELETAL RADIOLOGY,0364-2348;1432-2161,true,,
SKIN RESEARCH AND TECHNOLOGY,0909-752X;1600-0846,true,,
Slavia Meridionalis,2392-2400,true,,
Slavia-Casopis pro Slovanskou Filologii,0037-6736,true,,
SLAVIC AND EAST EUROPEAN JOURNAL,0037-6752,true,,
SLAVONIC AND EAST EUROPEAN REVIEW,0037-6795;2222-4327,true,,
Sleep and Breathing,1520-9512;1522-1709,true,,
Sleep Medicine Clinics,1556-407X;1556-4088,true,,
Sleep Science,1984-0659;1984-0063,true,,
SMALL GROUP RESEARCH,1046-4964;1552-8278,true,,
Smart Structures and Systems,1738-1584;1738-1991,true,,
Social and Personality Psychology Compass,1751-9004,true,,
Social Anthropology,0964-0282;1469-8676,true,,
SOCIAL CHOICE AND WELFARE,0176-1714;1432-217X,true,,
Social Identities,1350-4630;1363-0296,true,,
Social Inclusion,2183-2803,true,,
Social Influence,1553-4510;1553-4529,true,,
Social Marketing Quarterly,1524-5004;1539-4093,true,,
Social Policy and Society,1474-7464;1475-3073,true,,
Social Psychology of Education,1381-2890;1573-1928,true,,
Social Responsibility Journal,1747-1117;1758-857X,true,,
Social Science Japan Journal,1369-1465;1468-2680,true,,
SOCIAL SCIENCE JOURNAL,0362-3319;1873-5355,true,,
SOCIAL SCIENCE QUARTERLY,0038-4941;1540-6237,true,,
Social Theory & Health,1477-8211;1477-822X,true,,
Social Work Education,0261-5479;1470-1227,true,,
SOCIAL WORK IN HEALTH CARE,0098-1389;1541-034X,true,,
SOCIAL WORK RESEARCH,1070-5309;1545-6838,true,,
Socialist Studies,1918-2821,true,,
Society and Mental Health,2156-8693;2156-8731,true,,
SOCIOLOGICAL INQUIRY,0038-0245;1475-682X,true,,
SOCIOLOGICAL PERSPECTIVES,0731-1214;1533-8673,true,,
SOCIOLOGICAL SPECTRUM,0273-2173;1521-0707,true,,
SOCIOLOGIE DU TRAVAIL,0038-0296;1777-5701,true,,
Sociology Compass,1751-9020,true,,
SOFT COMPUTING,1432-7643;1433-7479,true,,
Software and Systems Modeling,1619-1366;1619-1374,true,,
SOFTWARE TESTING VERIFICATION & RELIABILITY,0960-0833;1099-1689,true,,
SOFTWARE-PRACTICE & EXPERIENCE,0038-0644;1097-024X,true,,
Soil Research,1838-675X;1838-6768,true,,
SOIL SCIENCE,0038-075X;1538-9243,true,,
Soil Science Annual,2300-4967;2300-4975,true,,
SOIL USE AND MANAGEMENT,0266-0032;1475-2743,true,,
SOJOURN-Journal of Social Issues in Southeast Asia,0217-9520;1793-2858,true,,
Solar RRL,2367-198X,true,,
SOLDERING & SURFACE MOUNT TECHNOLOGY,0954-0911;1758-6836,true,,
SOLID STATE COMMUNICATIONS,0038-1098;1879-2766,true,,
SOLID STATE IONICS,0167-2738;1872-7689,true,,
SOLID STATE SCIENCES,1293-2558;1873-3085,true,,
SOLID-STATE ELECTRONICS,0038-1101;1879-2405,true,,
SOLVENT EXTRACTION AND ION EXCHANGE,0736-6299;1532-2262,true,,
SORT-Statistics and Operations Research Transactions,1696-2281;2013-8830,true,,
SOTSIOLOGICHESKIE ISSLEDOVANIYA,0132-1625,true,,
Source Code for Biology and Medicine,1751-0473,true,,
SOUTH AFRICAN JOURNAL OF ANIMAL SCIENCE,0375-1589,true,,
South African Journal of International Affairs-SAJIA,1022-0461;1938-0275,true,,
SOUTH AFRICAN JOURNAL OF PHILOSOPHY,0258-0136;2073-4867,true,,
South African Theatre Journal,1013-7548;2163-7660,true,,
South Asia Research,0262-7280;1741-3141,true,,
SOUTH ASIA-JOURNAL OF SOUTH ASIAN STUDIES,0085-6401;1479-0270,true,,
South East Asia Research,0967-828X;2043-6874,true,,
Southeast European and Black Sea Studies,1468-3857;1743-9639,true,,
SOUTHEASTERN EUROPE,0094-4467;1876-3332,true,,
Southern African Business Review,1998-8125,true,,
Southern African Linguistics and Applied Language Studies,1607-3614;1727-9461,true,,
SOUTHERN ECONOMIC JOURNAL,0038-4038;2325-8012,true,,
SOUTHERN HUMANITIES REVIEW,0038-4186,true,,
Spanish in Context,1571-0718;1571-0726,true,,
Spatial and Spatio-Temporal Epidemiology,1877-5845;1877-5853,true,,
Spatial Statistics,2211-6753,true,,
Spiritus-A Journal of Christian Spirituality,1533-1709;1535-3117,true,,
SPORT PSYCHOLOGIST,0888-4781;1543-2793,true,,
Sports Biomechanics,1476-3141;1752-6116,true,,
Sri Lanka Journal of Social Sciences,0258-9710;2478-1169,true,,
SSM-Population Health,2352-8273,true,,
Stability-International Journal of Security and Development,2165-2627,true,,
Standards in Genomic Sciences,1944-3277,true,,
STANFORD JOURNAL OF INTERNATIONAL LAW,0731-5082,true,,
Stanislavski Studies,2056-7790;2054-4170,true,,
STARCH-STARKE,0038-9056;1521-379X,true,,
STATISTICA NEERLANDICA,0039-0402;1467-9574,true,,
Statistical Analysis and Data Mining,1932-1864;1932-1872,true,,
Statistical Methods and Applications,1618-2510;1613-981X,true,,
STATISTICS,0233-1888;1029-4910,true,,
STATISTICS & PROBABILITY LETTERS,0167-7152;1879-2103,true,,
Statistics & Risk Modeling,2193-1402;2196-7040,true,,
STEEL RESEARCH INTERNATIONAL,1611-3683;1869-344X,true,,
Stem Cell Research,1873-5061;1876-7753,true,,
STEREOTACTIC AND FUNCTIONAL NEUROSURGERY,1011-6125;1423-0372,true,,
STEROIDS,0039-128X;1878-5867,true,,
STOCHASTIC ANALYSIS AND APPLICATIONS,0736-2994;1532-9356,true,,
Stochastics-An International Journal of Probability and Stochastic Processes,1744-2508;1744-2516,true,,
Strabismus,0927-3972;1744-5132,true,,
Strategic Change-Briefings in Entrepreneurial Finance,1086-1718;1099-1697,true,,
Strategies in Trauma and Limb Reconstruction,1828-8928;1828-8936,true,,
STRATIGRAPHY AND GEOLOGICAL CORRELATION,0869-5938;1555-6263,true,,
Strength Fracture and Complexity,1567-2069;1875-9262,true,,
STRESS AND HEALTH,1532-3005;1532-2998,true,,
STRESS-THE INTERNATIONAL JOURNAL ON THE BIOLOGY OF STRESS,1025-3890;1607-8888,true,,
Stroke Research and Treatment,2090-8105;2042-0056,true,,
STRUCTURAL CHEMISTRY,1040-0400;1572-9001,true,,
STRUCTURAL ENGINEERING AND MECHANICS,1225-4568;1598-6217,true,,
Structural Monitoring and Maintenance,2288-6605;2288-6613,true,,
Student Success,2205-0795,true,,
STUDI E PROBLEMI DI CRITICA TESTUALE,0049-2361;1826-722X,true,,
STUDI SECENTESCHI,0081-6248;2035-7966,true,,
Studi Slavistici,1824-761X;1824-7601,true,,
Studia Ceranea,2084-140X,true,,
Studia Geotechnica et Mechanica,0137-6365;2083-831X,true,,
Studia Historica-Historia Moderna,0213-2079;2386-3889,true,,
Studia Quaternaria,1641-5558;2300-0384,true,,
Studia Warminskie,0137-6624,true,,
Studia z Filologii Polskiej i Słowiańskiej,2392-2435,true,,
STUDIES IN AMERICAN FICTION,0091-8083;2158-415X,true,,
Studies in American Jewish Literature,0271-9274;1948-5077,true,,
Studies in Australasian Cinema,1750-3175;1750-3183,true,,
STUDIES IN CANADIAN LITERATURE-ETUDES EN LITTERATURE CANADIENNE,0380-6995;1718-7850,true,,
Studies in Christian Ethics,0953-9468;1745-5235,true,,
STUDIES IN CONSERVATION,0039-3630;2047-0584,true,,
Studies in Continuing Education,0158-037X;1470-126X,true,,
Studies in Economics and Finance,1086-7376;1755-6791,true,,
Studies in Ethnicity and Nationalism,1473-8481;1754-9469,true,,
STUDIES IN LANGUAGE,0378-4177,true,,
STUDIES IN PHILOLOGY,0039-3738;1543-0383,true,,
STUDIES IN RELIGION-SCIENCES RELIGIEUSES,0008-4298;2042-0587,true,,
STUDIES IN ROMANTICISM,0039-3762,true,,
Studies in Russian and Soviet Cinema,1750-3132;1750-3140,true,,
Studies in Social Justice,1911-4788,true,,
STUDIES IN THE HISTORY OF GARDENS & DESIGNED LANDSCAPES,1460-1176;1943-2186,true,,
STUDIES IN THE NOVEL,0039-3827;1934-1512,true,,
Studying Teacher Education,1742-5964;1742-5972,true,,
Substance Abuse,0889-7077;1547-0164,true,,
Substance Abuse-Research and Treatment,1178-2218,true,,
SUBSTANCE USE & MISUSE,1082-6084;1532-2491,true,,
SURFACE ENGINEERING,0267-0844;1743-2944,true,,
Surface Topography-Metrology and Properties,2051-672X,true,,
Surfaces and Interfaces,2468-0230,true,,
SURGEON-JOURNAL OF THE ROYAL COLLEGES OF SURGEONS OF EDINBURGH AND IRELAND,1479-666X,true,,
SURGICAL AND RADIOLOGIC ANATOMY,0930-1038;1279-8517,true,,
Surgical Infections,1096-2964;1557-8674,true,,
Surgical Innovation,1553-3506;1553-3514,true,,
SURVEY REVIEW,0039-6265;1752-2706,true,,
Sustainability Accounting Management and Policy Journal,2040-8021;2040-803X,true,,
Sustainable Production and Consumption,2352-5509,true,,
Suvremena Lingvistika,0586-0296;1847-117X,true,,
Swiss Journal of Geosciences,1661-8726;1661-8734,true,,
Swiss Journal of Palaeontology,1664-2376;1664-2384,true,,
SWISS MEDICAL WEEKLY,1424-7860;1424-3997,true,,
Swiss Political Science Review,1424-7755;1662-6370,true,,
SYDNEY LAW REVIEW,0082-0512,true,,
Sylwan,0039-7660,true,,
SYMBIOSIS,0334-5114;1878-7665,true,,
Symmetry Integrability and Geometry-Methods and Applications,1815-0659,true,,
Symmetry-Basel,2073-8994,true,,
SYMPOSIUM-A QUARTERLY JOURNAL IN MODERN LITERATURES,0039-7709;1931-0676,true,,
SYNAPSE,0887-4476;1098-2396,true,,
SYNLETT,0936-5214;1437-2096,true,,
SYNTHESIS-STUTTGART,0039-7881;1437-210X,true,,
Synthetic and Systems Biotechnology,2405-805X,true,,
SYNTHETIC METALS,0379-6779,true,,
SYSTEM DYNAMICS REVIEW,0883-7066;1099-1727,true,,
SYSTEMATIC AND APPLIED ACAROLOGY,1362-1971,true,,
SYSTEMATIC BOTANY,0363-6445;1548-2324,true,,
SYSTEMATIC PARASITOLOGY,0165-5752;1573-5192,true,,
SYSTEMATICS AND BIODIVERSITY,1477-2000;1478-0933,true,,
SYSTEMIC PRACTICE AND ACTION RESEARCH,1094-429X;1573-9295,true,,
Systems Biology in Reproductive Medicine,1939-6368;1939-6376,true,,
TAIWANESE JOURNAL OF MATHEMATICS,1027-5487;2224-6851,true,,
Taller de Letras,0716-0798,true,,
Tarih Incelemeleri Dergisi,0257-4152,true,,
Teacher Development,1366-4530;1747-5120,true,,
Teacher Education and Special Education,0888-4064;1944-4931,true,,
TEACHING AND LEARNING IN MEDICINE,1040-1334;1532-8015,true,,
TEACHING OF PSYCHOLOGY,0098-6283;1532-8023,true,,
Teaching Philosophy,0145-5788;2153-6619,true,,
TEACHING SOCIOLOGY,0092-055X;1939-862X,true,,
Techne-Journal of Technology for Architecture and Environment,2239-0243,true,,
TECHNICAL COMMUNICATION,0049-3155,true,,
TECHNICAL PHYSICS LETTERS,1063-7850;1090-6533,true,,
Technical Services Quarterly,0731-7131;1555-3337,true,,
Techniques in Coloproctology,1123-6337;1128-045X,true,,
Techniques in Vascular and Interventional Radiology,1089-2516;1557-9808,true,,
TECHNOLOGY ANALYSIS & STRATEGIC MANAGEMENT,0953-7325;1465-3990,true,,
TECHNOLOGY AND CULTURE,0040-165X;1097-3729,true,,
TECHNOLOGY IN CANCER RESEARCH & TREATMENT,1533-0346;1533-0338,true,,
TECHNOLOGY IN SOCIETY,0160-791X;1879-3274,true,,
TechTrends,8756-3894;1559-7075,true,,
Telemedicine and e-Health,1530-5627;1556-3669,true,,
TELLUS SERIES A-DYNAMIC METEOROLOGY AND OCEANOGRAPHY,1600-0870;0280-6495,true,,
Tempo e Argumento,2175-1803,true,,
Teologia,0328-1396,true,,
Teoria y Realidad Constitucional,1139-5583,true,,
Territory Politics Governance,2162-2671;2162-268X,true,,
Tertiary Education and Management,1358-3883;1573-1936,true,,
TESOL Journal,1949-3533;1056-7941,true,,
TETRAHEDRON,0040-4020,true,,
TETRAHEDRON LETTERS,0040-4039,true,,
TETSU TO HAGANE-JOURNAL OF THE IRON AND STEEL INSTITUTE OF JAPAN,0021-1575;1883-2954,true,,
TEXAS STUDIES IN LITERATURE AND LANGUAGE,0040-4691;1534-7303,true,,
Text & Talk,1860-7330;1860-7349,true,,
Text Matters-A Journal of Literature Theory and Culture,2083-2931;2084-574X,true,,
TEXTILE PROGRESS,0040-5167;1754-2278,true,,
THEATER,0161-0775;1527-196X,true,,
Theatre Dance and Performance Training,1944-3927;1944-3919,true,,
THEATRE SURVEY,0040-5574;1475-4533,true,,
THEOLOGY TODAY,0040-5736;2044-2556,true,,
THEORETICAL AND APPLIED CLIMATOLOGY,0177-798X;1434-4483,true,,
THEORETICAL AND COMPUTATIONAL FLUID DYNAMICS,0935-4964;1432-2250,true,,
THEORETICAL CHEMISTRY ACCOUNTS,1432-881X;1432-2234,true,,
Theoretical Ecology,1874-1738;1874-1746,true,,
Theoria-A Swedish Journal of Philosophy,0040-5825;1755-2567,true,,
THEORIA-REVISTA DE TEORIA HISTORIA Y FUNDAMENTOS DE LA CIENCIA,0495-4548,true,,
THEORY & PSYCHOLOGY,0959-3543;1461-7447,true,,
Theory and Applications of Categories,1201-561X,true,,
THEORY AND DECISION,0040-5833;1573-7187,true,,
Theory and Practice of Legislation,2050-8840;2050-8859,true,,
THEORY AND PRACTICE OF LOGIC PROGRAMMING,1471-0684;1475-3081,true,,
Theory and Research in Education,1477-8785;1741-3192,true,,
THEORY IN BIOSCIENCES,1431-7613;1611-7530,true,,
THEORY INTO PRACTICE,0040-5841;1543-0421,true,,
Therapeutic Advances in Infectious Disease,2049-9361;2049-937X,true,,
THERAPEUTIC APHERESIS AND DIALYSIS,1744-9979;1744-9987,true,,
Therapeutic Delivery,2041-5990;2041-6008,true,,
THERAPEUTIC DRUG MONITORING,0163-4356;1536-3694,true,,
Therapeutic Hypothermia and Temperature Management,2153-7658;2153-7933,true,,
Therapeutic Innovation & Regulatory Science,2168-4790;2168-4804,true,,
Therapeutics and Clinical Risk Management,1178-203X;1176-6336,true,,
Thermophysics and Aeromechanics,0869-8643;1531-8699,true,,
THIN SOLID FILMS,0040-6090,true,,
Third Text,0952-8822;1475-5297,true,,
THOMAS WOLFE REVIEW,0276-5683,true,,
THOMIST,0040-6325,true,,
Thoracic Cancer,1759-7706;1759-7714,true,,
Thoracic Surgery Clinics,1547-4127,true,,
Thunderbird International Business Review,1096-4762;1520-6874,true,,
TIJDSCHRIFT VOOR ECONOMISCHE EN SOCIALE GEOGRAFIE,0040-747X;1467-9663,true,,
Tilburg Law Review-Journal of International and Comparative Law,2211-0046;2211-2596,true,,
TIME & SOCIETY,0961-463X;1461-7463,true,,
Tissue Engineering Part C-Methods,1937-3384;1937-3392,true,,
TLS-THE TIMES LITERARY SUPPLEMENT,0307-661X;1366-7211,true,,
Tobacco Use Insights,1179-173X,true,,
Tocqueville Review,0730-479X;1918-6649,true,,
TOHOKU JOURNAL OF EXPERIMENTAL MEDICINE,0040-8727;1349-3329,true,,
TOHOKU MATHEMATICAL JOURNAL,0040-8735,true,,
Top,1134-5764;1863-8279,true,,
TOPICS IN CATALYSIS,1022-5528;1572-9028,true,,
Topics in Companion Animal Medicine,1938-9736;1946-9837,true,,
TOPICS IN EARLY CHILDHOOD SPECIAL EDUCATION,0271-1214;1538-4845,true,,
Topics in Linguistics,1337-7590;2199-6504,true,,
Topics in Stroke Rehabilitation,1074-9357;1945-5119,true,,
TOPOLOGY AND ITS APPLICATIONS,0166-8641;1879-3207,true,,
Tort Law Review,1039-3285,true,,
TOTAL QUALITY MANAGEMENT & BUSINESS EXCELLENCE,1478-3363;1478-3371,true,,
TOUNG PAO,0082-5433;1568-5322,true,,
Tourism and Hospitality Research,1467-3584;1742-9692,true,,
Tourism Economics,1354-8166;2044-0375,true,,
Tourism Planning & Development,2156-8316;2156-8324,true,,
Tourist Studies,1468-7976;1741-3206,true,,
TOXICOLOGIC PATHOLOGY,0192-6233;1533-1601,true,,
Toxics,2305-6304,true,,
Tradition & Discovery,1057-1027;2154-1566,true,,
TRADITIO-STUDIES IN ANCIENT AND MEDIEVAL HISTORY THOUGHT AND RELIGION,0362-1529;2166-5508,true,,
Traffic Injury Prevention,1538-9588;1538-957X,true,,
Training and Education in Professional Psychology,1931-3918;1931-3926,true,,
Transactions of FAMENA,1333-1124,true,,
TRANSACTIONS OF THE AMERICAN FISHERIES SOCIETY,0002-8487;1548-8659,true,,
TRANSACTIONS OF THE INSTITUTE OF MEASUREMENT AND CONTROL,0142-3312;1477-0369,true,,
TRANSACTIONS OF THE ROYAL SOCIETY OF TROPICAL MEDICINE AND HYGIENE,0035-9203;1878-3503,true,,
Transactions on Emerging Telecommunications Technologies,2161-3915,true,,
Transcultural Studies,2191-6411,true,,
Transfer-European Review of Labour and Research,1024-2589;1996-7284,true,,
Transfers-Interdisciplinary Journal of Mobility Studies,2045-4813;2045-4821,true,,
Transforming Anthropology,1051-0559;1548-7466,true,,
Transforming Government- People Process and Policy,1750-6166;1750-6174,true,,
TRANSFUSION MEDICINE,0958-7578;1365-3148,true,,
TRANSFUSION MEDICINE AND HEMOTHERAPY,1660-3796;1660-3818;1424-5493,true,,
TRANSGENIC RESEARCH,0962-8819;1573-9368,true,,
Translation and Literature,0968-1361;1750-0214,true,,
TRANSLATION REVIEW,0737-4836;2164-0564,true,,
Translation Spaces,2211-3711;2211-372X,true,,
Translational Andrology and Urology,2223-4683;2223-4691,true,,
Transnational Environmental Law,2047-1025;2047-1033,true,,
TransNav-International Journal on Marine Navigation and Safety of Sea Transportation,2083-6473;2083-6481,true,,
TRANSPLANT IMMUNOLOGY,0966-3274;1878-5492,true,,
Transplant Infectious Disease,1398-2273;1399-3062,true,,
Transplantation Research,2047-1440,true,,
Transplantation Reviews,0955-470X,true,,
Transport,1648-4142;1648-3480,true,,
TRANSPORT IN POROUS MEDIA,0169-3913;1573-1634,true,,
TRANSPORTATION JOURNAL,0041-1612;2157-328X,true,,
TRAVAIL HUMAIN,0041-1868;2104-3663,true,,
Tree Genetics & Genomes,1614-2942;1614-2950,true,,
Tree-Ring Research,1536-1098;2162-4585,true,,
Trends in Neuroscience and Education,2452-0837;2211-9493,true,,
Tribology Online,1881-2198;1881-218X,true,,
TRIPLEC-Communication Capitalism & Critique,1726-670X,true,,
TROPICAL ANIMAL HEALTH AND PRODUCTION,0049-4747;1573-7438,true,,
TROPICAL ECOLOGY,0564-3295,true,,
Tropical Grasslands-Forrajes Tropicales,2346-3775,true,,
Tropical Medicine and Health,1348-8945;1349-4147,true,,
Tropical Plant Biology,1935-9756;1935-9764,true,,
TSINGHUA SCIENCE AND TECHNOLOGY,1007-0214;1878-7606,true,,
Tuberculosis and Respiratory Diseases,1738-3536;2005-6184,true,,
TUEXENIA,0722-494X,true,,
Turkish Studies,1468-3849;1743-9663,true,,
Twin Research and Human Genetics,1832-4274;1839-2628,true,,
Tyche,1010-9161;2409-5540,true,,
Tydskrif Vir Geesteswetenskappe,0041-4751,true,,
Tyndale Bulletin,0082-7118,true,,
ULTRASONIC IMAGING,0161-7346;1096-0910,true,,
ULTRASOUND IN MEDICINE AND BIOLOGY,0301-5629;1879-291X,true,,
Umeni-Art,0049-5123,true,,
Universal Access in the Information Society,1615-5289;1615-5297,true,,
Universe,2218-1997,true,,
UNIVERSITY OF CINCINNATI LAW REVIEW,0009-6881;1942-8391,true,,
UNIVERSITY OF ILLINOIS LAW REVIEW,0276-9948;1942-9231,true,,
UNIVERSITY OF NEW SOUTH WALES LAW JOURNAL,0313-0096;1839-2881,true,,
University of Pennsylvania Journal of International Law,1938-0283,true,,
Updates in Surgery,2038-131X;2038-3312,true,,
UPSALA JOURNAL OF MEDICAL SCIENCES,0300-9734;2000-1967,true,,
URBAN ECOSYSTEMS,1083-8155;1573-1642,true,,
Urban Planning,2183-7635,true,,
Urban Research & Practice,1753-5069;1753-5077,true,,
UROLOGIA INTERNATIONALIS,0042-1138;1423-0399,true,,
UROLOGIC CLINICS OF NORTH AMERICA,0094-0143;1558-318X,true,,
Urology Annals,0974-7796;0974-7834,true,,
URSUS,1537-6176;1938-5439,true,,
Uspekhi Fiziki Metallov-Progress in Physics of Metals,1608-1021,true,,
VACUUM,0042-207X,true,,
VASCULAR MEDICINE,1358-863X;1477-0377,true,,
VECTOR-BORNE AND ZOONOTIC DISEASES,1530-3667;1557-7759,true,,
Verba-Anuario Galego de Filoloxia,0210-377X;2174-4017,true,,
Verbum,1585-079X;1588-4309,true,,
Vestnik Tomskogo Gosudarstvennogo Universiteta Istoriya-Tomsk State University Journal of History,1998-8613;2311-2387,true,,
Veterinaria Italiana,0505-401X;1828-1427,true,,
VETERINARNI MEDICINA,0375-8427;1805-9392,true,,
VETERINARY CLINICAL PATHOLOGY,0275-6382;1939-165X,true,,
VETERINARY CLINICS OF NORTH AMERICA-SMALL ANIMAL PRACTICE,0195-5616;1878-1306,true,,
VETERINARY IMMUNOLOGY AND IMMUNOPATHOLOGY,0165-2427;1873-2534,true,,
VETERINARY QUARTERLY,0165-2176;1875-5941,true,,
VETERINARY RECORD,0042-4900;2042-7670,true,,
Veterinary World,0972-8988;2231-0916,true,,
VIAL-Vigo International Journal of Applied Linguistics,1697-0381,true,,
Victims & Offenders,1556-4886;1556-4991,true,,
Videosurgery and Other Miniinvasive Techniques,1895-4588;2299-0054,true,,
VIGILIAE CHRISTIANAE,0042-6032;1570-0720,true,,
Vinculos de Historia,2254-6901,true,,
Violence and Victims,0886-6708;1945-7073,true,,
VIRAL IMMUNOLOGY,0882-8245;1557-8976,true,,
VIROLOGICA SINICA,1674-0769;1995-820X,true,,
Virology Journal,1743-422X,true,,
VIRTUAL REALITY,1359-4338;1434-9957,true,,
Virus Evolution,2057-1577,true,,
VIRUS GENES,0920-8569;1572-994X,true,,
VIRUS RESEARCH,0168-1702;1872-7492,true,,
VISION RESEARCH,0042-6989;1878-5646,true,,
Visitor Studies,1064-5578;1934-7715,true,,
Visual Anthropology,0894-9468;1545-5920,true,,
VISUAL COGNITION,1350-6285;1464-0716,true,,
Visual Communication,1470-3572;1741-3214,true,,
VISUAL COMPUTER,0178-2789;1432-2315,true,,
VISUAL NEUROSCIENCE,0952-5238;1469-8714,true,,
VLC Arquitectura-Research Journal,2341-3050;2341-2747,true,,
VOIX & IMAGES,0318-9201,true,,
VOLKSKUNDE,0042-8523;0775-3128,true,,
Voluntas,0957-8765;1573-7888,true,,
VOX SANGUINIS,0042-9007;1423-0410,true,,
VSWG-Vierteljahrschrift fur Sozial-und Wirtschaftsgeschichte,0340-8728,true,,
Wacana-Jurnal Ilmu Pengetahuan Budaya-Journal of the Humanities of Indonesia,1411-2272;2407-6899,true,,
WAR IN HISTORY,0968-3445;1477-0385,true,,
Washington International Law Journal,2377-0872,true,,
Waste and Biomass Valorization,1877-2641;1877-265X,true,,
WASTE MANAGEMENT & RESEARCH,0734-242X;1096-3669,true,,
WATER AIR AND SOIL POLLUTION,0049-6979;1573-2932,true,,
Water Economics and Policy,2382-624X;2382-6258,true,,
WATER INTERNATIONAL,0250-8060;1941-1707,true,,
Water Policy,1366-7017,true,,
Water Resources and Economics,2212-4284,true,,
Water Science and Engineering,1674-2370;2405-8106,true,,
WATERBIRDS,1524-4695;1938-5390,true,,
WEED SCIENCE,0043-1745;1550-2759,true,,
WEED TECHNOLOGY,0890-037X;1550-2740,true,,
WEIMARER BEITRAGE,0043-2199,true,,
WELDING JOURNAL,0043-2296,true,,
Welt des Islams,0043-2539;1570-0607,true,,
WESTERN HISTORICAL QUARTERLY,0043-3810;1939-8603,true,,
WESTERN JOURNAL OF COMMUNICATION,1057-0314;1745-1027,true,,
Western Journal of Emergency Medicine,1936-900X;1936-9018,true,,
WESTERN JOURNAL OF NURSING RESEARCH,0193-9459;1552-8456,true,,
Western Pacific Surveillance and Response,2094-7321;2094-7313,true,,
WETLANDS,0277-5212;1943-6246,true,,
WETLANDS ECOLOGY AND MANAGEMENT,0923-4861;1572-9834,true,,
WILDERNESS & ENVIRONMENTAL MEDICINE,1080-6032;1545-1534,true,,
WILDLIFE BIOLOGY,0909-6396;1903-220X,true,,
Willdenowia,0511-9618,true,,
WIND AND STRUCTURES,1226-6116;1598-6225,true,,
WIRELESS NETWORKS,1022-0038;1572-8196,true,,
WISCONSIN LAW REVIEW,0043-650X;1943-1120,true,,
Women & Criminal Justice,0897-4454;1541-0323,true,,
WOMEN & HEALTH,0363-0242;1541-0331,true,,
Women and Birth,1871-5192;1878-1799,true,,
WOMENS HISTORY REVIEW,0961-2025;1747-583X,true,,
Womens Studies in Communication,0749-1409;2152-999X,true,,
WOMENS STUDIES INTERNATIONAL FORUM,0277-5395,true,,
WOMENS STUDIES-AN INTERDISCIPLINARY JOURNAL,0049-7878;1547-7045,true,,
Womens Writing,0969-9082;1747-5848,true,,
WOOD AND FIBER SCIENCE,0735-6161,true,,
WOOD RESEARCH,1336-4561,true,,
WORDSWORTH CIRCLE,0043-8006,true,,
WORLD ECONOMY,0378-5920;1467-9701,true,,
World Journal of Gastrointestinal Oncology,1948-5204,true,,
WORLD JOURNAL OF MICROBIOLOGY & BIOTECHNOLOGY,0959-3993;1573-0972,true,,
World Journal of Surgical Oncology,1477-7819,true,,
World Literature Studies,1337-9275;1337-9690,true,,
WORLD LITERATURE TODAY,0196-3570;1945-8134,true,,
World Neurosurgery,1878-8750;1878-8769,true,,
World Patent Information,0172-2190;1874-690X,true,,
World Rabbit Science,1257-5011,true,,
World Trade Review,1474-7456;1475-3138,true,,
WORLDS POULTRY SCIENCE JOURNAL,0043-9339;1743-4777,true,,
Worldviews-Global Religions Culture and Ecology,1363-5247;1568-5357,true,,
Written Language and Literacy,1387-6732;1570-6001,true,,
Współczesna Onkologia-Contemporary Oncology,1428-2526;1897-4309,true,,
X-RAY SPECTROMETRY,0049-8246;1097-4539,true,,
YEARBOOK FOR TRADITIONAL MUSIC,0740-1558,true,,
Yearbook of Phraseology,1868-632X;1868-6338,true,,
YEAST,0749-503X;1097-0061,true,,
YONSEI MEDICAL JOURNAL,0513-5796;1976-2437,true,,
Young,1103-3088;1741-3222,true,,
Young Consumers,1758-7212;1747-3616,true,,
Youth Justice-An International Journal,1473-2254;1747-6283,true,,
ZAMM-Zeitschrift fur Angewandte Mathematik und Mechanik,0044-2267;1521-4001,true,,
ZDM-Mathematics Education,1863-9690;1863-9704,true,,
ZEITSCHRIFT FUR AGYPTISCHE SPRACHE UND ALTERTUMSKUNDE,0044-216X,true,,
ZEITSCHRIFT FUR ANALYSIS UND IHRE ANWENDUNGEN,0232-2064;1661-4534,true,,
ZEITSCHRIFT FUR ANGEWANDTE MATHEMATIK UND PHYSIK,0044-2275;1420-9039,true,,
ZEITSCHRIFT FUR ANGLISTIK UND AMERIKANISTIK,0044-2305;2196-4726,true,,
ZEITSCHRIFT FUR DIE ALTTESTAMENTLICHE WISSENSCHAFT,0044-2526;1613-0103,true,,
ZEITSCHRIFT FUR DIE NEUTESTAMENTLICHE WISSENSCHAFT UND DIE KUNDE DER ALTEREN KIRCHE,0044-2615;1613-009X,true,,
Zeitschrift fur Erziehungswissenschaft,1434-663X;1862-5215,true,,
ZEITSCHRIFT FUR EVANGELISCHE ETHIK,0044-2674;2197-912X,true,,
ZEITSCHRIFT FUR GERMANISTIK,0323-7982,true,,
ZEITSCHRIFT FUR GERMANISTISCHE LINGUISTIK,0301-3294;1613-0626,true,,
ZEITSCHRIFT FUR GESCHICHTSWISSENSCHAFT,0044-2828,true,,
ZEITSCHRIFT FUR HISTORISCHE FORSCHUNG,0340-0174;1865-5599,true,,
Zeitschrift fur Interkulturelle Germanistik,1869-3660;2198-0330,true,,
Zeitschrift fur Kristallographie-Crystalline Materials,2194-4946;2196-7105,true,,
ZEITSCHRIFT FUR KUNSTGESCHICHTE,0044-2992,true,,
Zeitschrift fur Medizinische Physik,0939-3889,true,,
ZEITSCHRIFT FUR PADAGOGIK,0044-3247,true,,
ZEITSCHRIFT FUR PHYSIKALISCHE CHEMIE-INTERNATIONAL JOURNAL OF RESEARCH IN PHYSICAL CHEMISTRY & CHEMICAL PHYSICS,0942-9352,true,,
ZEITSCHRIFT FUR RELIGIONS-UND GEISTESGESCHICHTE,0044-3441;1570-0739,true,,
ZEITSCHRIFT FUR SLAWISTIK,0044-3506,true,,
ZEITSCHRIFT FUR SOZIOLOGIE,0340-1804,true,,
Zeitschrift fur Sprachwissenschaft,0721-9067;1613-3706,true,,
ZEITSCHRIFT FUR THEOLOGIE UND KIRCHE,0044-3549;1868-7377,true,,
Zeitschrift fur Vergleichende Politikwissenschaft,1865-2646;1865-2654,true,,
Zephyrus-Revista de Prehistoria y Arqueologia,0514-7336;2386-3943,true,,
Zolotoordynskoe Obozrenie-Golden Horde Review,2308-152X;2313-6197,true,,
ZooKeys,1313-2989;1313-2970,true,,
ZOOLOGICAL STUDIES,1021-5506;1810-522X,true,,
ZOOLOGISCHER ANZEIGER,0044-5231,true,,
ZOOMORPHOLOGY,0720-213X;1432-234X,true,,
Zoosystematics and Evolution,1860-0743;1435-1935,true,,
ZOOTAXA,1175-5326;1175-5334,true,,
ZYGON,0591-2385;1467-9744,true,,
,2365-6271,true,,
,1302-8324,true,,
,1844-8143;1844-9166,true,,
,0094-6354,true,,
,0375-5444,true,,
,0001-5717,true,,
,1408-0419,true,,
,2559-8201,true,,
,0374-0463,true,,
,0894-0525,true,,
,1128-2460,true,,
,0001-6594;2082-0259,true,,
,0300-5402;2336-1980,true,,
,2352-8532,true,,
,1934-4287,true,,
,1687-8027;1687-8035,true,,
,1687-9104;1687-9112,true,,
,0065-2725,true,,
,2190-5215,true,,
,1536-2426;1936-0835,true,,
,0001-9046;1827-7888,true,,
,2193-7532,true,,
,2329-4515;2329-4523,true,,
,2352-8737,true,,
,1224-5712,true,,
,0171-5860,true,,
,2196-6753,true,,
,1584-8574,true,,
,0066-1554;1875-6654,true,,
,0066-1619;1783-1334,true,,
,0003-3006,true,,
,2228-7523;2228-7531,true,,
,1932-2275,true,,
,2050-3385,true,,
,0066-2062,true,,
,1750-1164,true,,
,0146-6453,true,,
,0570-2259,true,,
,2374-4642;2374-4650,true,,
,0003-5459,true,,
,1898-6773,true,,
,0003-5688,true,,
,0956-3202,true,,
,2196-4351,true,,
,1687-7667;1687-7675,true,,
,2212-0661,true,,
,1578-4487,true,,
,1350-486X;1466-4313,true,,
,1310-9537,true,,
,0391-8165,true,,
,0390-0592,true,,
,0153-9337,true,,
,0003-9837;1965-0531,true,,
,1897-2764;2300-8679,true,,
,0004-0207,true,,
,0324-8267,true,,
,0066-7668,true,,
,1641-9278;2451-0327,true,,
,1063-2913;1940-4395,true,,
,1444-1683;1447-056X,true,,
,1559-0968;1559-2960,true,,
,0092-7678,true,,
,1513-7368;2476-762X,true,,
,1479-9855,true,,
,1477-7622;1557-2943,true,,
,0004-8003,true,,
,2238-6912,true,,
,0818-8149,true,,
,0137-5520,true,,
Basic and Clinical Andrology,2051-4190;1166-2654,true,,
,0163-9269;1544-4546,true,,
,0774-5141,true,,
,2212-6198,true,,
,1488-8386,true,,
,2055-7124,true,,
,1868-5021;1868-503X,true,,
,1867-2450;1867-2469,true,,
,0860-7796,true,,
,0264-8725,true,,
,2352-5738,true,,
,1542-0752;1542-0760,true,,
,1472-6793,true,,
,2050-7283,true,,
,1756-0500,true,,
,2055-8074;2055-642X,true,,
,0759-1063,true,,
,1642-9893,true,,
,0123-3068,true,,
,0007-0335,true,,
British Journal of Pain,2049-4637;2049-4645,true,,
Bulletin de la Societe Prehistorique Francaise,0249-7638;1760-7361,true,,
,0255-0962,true,,
,0007-1595,true,,
,1343-8670,true,,
,0138-0680;2449-836X,true,,
,0037-8984;1777-5469,true,,
,0007-6899,true,,
,0716-2138,true,,
,0378-2506,true,,
,0100-1574,true,,
,0104-8333,true,,
,0153-3320,true,,
,1298-6046;1968-3928,true,,
,2054-3581,true,,
,0765-7846,true,,
,0927-3042,true,,
,1045-5752;1548-3290,true,,
,2351-9886,true,,
,1356-191X,true,,
,1869-5582;1869-5590,true,,
,0862-6111;2570-9208,true,,
Chemical and Biological Technologies in Agriculture,2196-5641,true,,
,0009-6067,true,,
,2046-2530,true,,
,1877-9166,true,,
,2048-8505;2048-8513,true,,
,2233-8233;2233-8241,true,,
,0159-8090,true,,
,1745-0179,true,,
,1935-1232,true,,
,2045-0915,true,,
,1752-1882;1752-1890,true,,
,1467-0100,true,,
Cold Spring Harbor Molecular Case Studies,2373-2873,true,,
,1559-6095,true,,
,0091-7451,true,,
,0160-4953,true,,
,1335-4205,true,,
,1942-0889,true,,
,0094-2065,true,,
,8755-4615,true,,
,0188-252X,true,,
,0091-4509,true,,
,2324-8823;2324-8831,true,,
,2193-7680,true,,
,0887-4034,true,,
,0734-0168,true,,
,1542-7587,true,,
,2333-7486;2333-7494,true,,
,0893-9675,true,,
Cuadernos Info,0719-3661;0719-367X,true,,
,0391-5654,true,,
,1743-2197,true,,
,2000-1525,true,,
,2213-9885,true,,
,1874-4737;1874-4745,true,,
,1522-8037;1534-312X,true,,
,2161-3311,true,,
,2198-641X,true,,
Current Plant Biology,2214-6628,true,,
,1421-5721,true,,
,2081-3910;2353-8627,true,,
,1934-2500;1934-2616,true,,
,2160-4762,true,,
,1948-3430,true,,
,1934-8266;1934-8258,true,,
,1934-8525;1934-8533,true,,
,2161-2617,true,,
,1934-8584;1934-8576,true,,
,1934-8282;1934-8290,true,,
,1934-3655;1934-3663,true,,
,1941-7322;1938-8969,true,,
,0045-9453,true,,
,1804-6746;1804-8285,true,,
,1854-3405,true,,
,0102-4450,true,,
,2176-9451;2177-6709,true,,
,1735-3327;2008-0255,true,,
,2090-1321;2090-133X,true,,
,2166-5095,true,,
,1040-9165,true,,
,1000-6753,true,,
,1674-3415,true,,
,1006-6047,true,,
,1559-5692,true,,
,1000-2383,true,,
Diversity-Basel,1424-2818,true,,
,0769-3362;1969-6973,true,,
,1740-6749,true,,
,1005-2321,true,,
,0012-9976,true,,
,2324-6200,true,,
,0101-7330,true,,
,1068-2341,true,,
,1736-8987;2228-1339,true,,
Egyptian Journal of Aquatic Research,1687-4285;2090-3278,true,,
,2090-536X;2090-5939,true,,
,1110-0621;2090-2468,true,,
,1040-6190,true,,
,1400-6529;1403-6835,true,,
,1582-5175,true,,
,2199-3629;2199-3637,true,,
,1877-6337;1877-6345,true,,
,1421-7082,true,,
,1708-6310,true,,
,0867-888X;2450-8071,true,,
,2194-5403;2194-5411,true,,
,0013-9572,true,,
,2090-1348;2090-1356,true,,
,0071-1365,true,,
,0014-1437,true,,
,0104-026X;1806-9584,true,,
,0266-688X,true,,
,1547-3465,true,,
,0071-1861,true,,
,0850-5780,true,,
,2212-9685,true,,
,1305-8215;1305-8223,true,,
,2072-0823,true,,
,1650-9544,true,,
,2374-5118;2374-5126,true,,
Evolution Medicine and Public Health,2050-6201,true,,
,2330-2925;2330-2933,true,,
,0940-2993,true,,
,2040-7378,true,,
,1023-294X,true,,
,2046-1402,true,,
,0360-3695;1548-9922,true,,
,0449-363X,true,,
,0963-8008;1468-0416,true,,
,1687-1820;1687-1812,true,,
,0015-3826;1982-4688,true,,
,1406-2070;1736-7786,true,,
,0071-6677,true,,
,0015-5616,true,,
,2405-6766,true,,
,2352-2496,true,,
,0958-2592,true,,
,1938-6400;1938-7636,true,,
,1042-7201,true,,
,1438-5627,true,,
,1945-0494;1945-0508,true,,
,1945-0516;1945-0524,true,,
Frontiers in Veterinary Science,2297-1769,true,,
,1554-7914,true,,
,2008-2258;2008-4234,true,,
,1052-5157,true,,
,1355-2074;1364-9221,true,,
,1052-2166,true,,
,1947-6019;1947-6027,true,,
,0016-6758,true,,
,2169-8287,true,,
,0305-8719,true,,
Geoscience Letters,2196-4092,true,,
,0882-4983,true,,
,0317-4956,true,,
,0351-2908,true,,
,1328-3154,true,,
,0972-2696,true,,
,1875-9858;1875-984X,true,,
,0017-4114,true,,
,1004-924X,true,,
,1087-688X,true,,
,2075-1087;2075-1109,true,,
,1558-9447,true,,
,2194-7899,true,,
,2090-1364;2090-1372,true,,
,0018-0599,true,,
,0904-1699,true,,
,1935-2212,true,,
,0719-0719,true,,
Historia Contemporanea,1130-2402;2340-0277,true,,
,1558-643X,true,,
,0439-4216,true,,
,2154-1663;2154-1671,true,,
,0894-8569;1607-8462,true,,
,1402-1501;1402-151X,true,,
,0385-4213;1348-8147,true,,
,2472-5579;2472-5587,true,,
,0123-3432,true,,
,0019-2082,true,,
,0894-203X,true,,
,0019-5014,true,,
,2230-8210;2230-9500,true,,
,1064-7449;1098-0997,true,,
,1570-1255;1875-8754,true,,
,2214-3173,true,,
,1687-708X;1687-7098,true,,
,2297-3508;2297-3486,true,,
,2333-5432,true,,
,0272-6122,true,,
,2110-7017,true,,
,2213-1027;2213-1035,true,,
,1755-0386;1755-0394,true,,
,2008-3556;2008-6695,true,,
,1741-9174;1741-9182,true,,
,2090-8024;2090-0252,true,,
,1753-0563;1753-0571,true,,
,1745-4832,true,,
International Journal of Automation Technology,1881-7629;1883-8022,true,,
,2151-3732;2151-3740,true,,
,1756-0047;1756-0055,true,,
,2212-8689,true,,
,1550-3984,true,,
,1755-7437,true,,
,2325-128X;2325-1298,true,,
,0020-7187,true,,
,2088-8708,true,,
,2146-4553,true,,
,1476-1297;1741-8054,true,,
,1735-1243;2008-2207,true,,
,1740-0562;1740-0570,true,,
,1923-2926;1923-2934,true,,
,2200-4270,true,,
,1748-5711;1748-572X,true,,
,1590-8844,true,,
,1687-918X;1687-9198,true,,
,1687-5826;1687-5834,true,,
,1746-725X,true,,
,2067-3604,true,,
,1479-4713;2040-0934,true,,
,1744-7550;1744-7569,true,,
,2088-8694,true,,
,2153-2648,true,,
,2251-7715,true,,
,0956-0599,true,,
,2470-8542;2470-8550,true,,
,0960-1406;1741-5268,true,,
,2246-2929,true,,
,1835-2014,true,,
,1179-1403,true,,
,1740-8938;1740-8946,true,,
,2088-5334;2460-6952,true,,
,2039-5086,true,,
,1229-4659,true,,
,1363-5387,true,,
,1087-5301;1540-4749,true,,
,1591-4127,true,,
,1827-000X,true,,
,1028-852X,true,,
,0193-7758,true,,
,1547-0423,true,,
,1558-6847,true,,
,1013-2511,true,,
,0717-2877;0718-0012,true,,
,2193-9012,true,,
,2405-5018;2405-500X,true,,
,1832-4215,true,,
,1002-0446,true,,
,0577-6686,true,,
,2326-3296;1537-5137,true,,
,0267-7806,true,,
,1734-8412;2300-892X,true,,
,1559-1646;1936-4741,true,,
,2090-2204;2090-2212,true,,
,1166-3081;1958-5780,true,,
,1897-8649;2080-2145,true,,
,2198-4220;2198-4239,true,,
,1087-0571,true,,
,1076-9005,true,,
,1094-799X,true,,
,2352-6734,true,,
,1477-3163,true,,
Journal of Central Banking Theory and Practice,1800-9581;2336-9205,true,,
,1079-6126,true,,
,1941-2789,true,,
,1989-5488,true,,
,2405-5794,true,,
,1079-0195;2332-7413,true,,
,0972-0707;0974-5203,true,,
,1868-4874,true,,
,0974-0333;0975-1947,true,,
,1868-1034;1868-4882,true,,
,1939-0211,true,,
,1050-2556,true,,
,2199-7446;2199-7454,true,,
,0747-9662,true,,
,2218-0648,true,,
,1472-4049,true,,
,2041-6938;2041-6946,true,,
,1891-5469,true,,
,1941-126X;1941-1278,true,,
,2068-7729,true,,
,1340-3516;1347-7501,true,,
,1879-3665,true,,
,1756-5383,true,,
,1179-1454,true,,
,1687-157X;2090-5920,true,,
,1990-8326,true,,
,1089-9995,true,,
,1744-9626,true,,
,1526-1719,true,,
,1047-8310,true,,
,0974-1208,true,,
,1533-2845;1533-2853,true,,
,1735-5702;2251-712X,true,,
,2008-2053;2008-4072,true,,
,2352-4588,true,,
,1559-9493,true,,
,1747-5759,true,,
Journal of Interdisciplinary Economics,0260-1079,true,,
,1061-9518,true,,
,2169-9763;2169-978X,true,,
,1309-100X,true,,
,1018-3639,true,,
,2211-0682,true,,
,1895-7595;2391-8071,true,,
,1352-7266;1466-4445,true,,
,0023-608X,true,,
,1757-7632;1757-7640,true,,
,1342-8810,true,,
,0309-1902,true,,
,2476-5406,true,,
,1947-6574;2152-9272,true,,
,1381-1177,true,,
,1750-2187,true,,
,2251-8363;2251-8819,true,,
,2214-3599;2214-3602,true,,
,2155-1197;2155-1200,true,,
,2310-3604,true,,
,1551-7489,true,,
,0973-029X;1998-393X,true,,
,2212-4268;2212-4276,true,,
,2229-5089;2153-3539,true,,
Journal of Personalized Medicine,2075-4426,true,,
,2052-3211,true,,
,2247-8051;2247-806X,true,,
,1675-3402;2180-4230,true,,
,0928-4257,true,,
,1090-4999,true,,
,1047-7845,true,,
,2210-464X;2210-4690,true,,
,1558-2159;1558-2167,true,,
,2090-1739;2090-1747,true,,
,2195-3325,true,,
,1684-5307,true,,
,2324-7797;2324-7800,true,,
,0094-1700,true,,
,1340-4202;1881-8153,true,,
,1346-8235,true,,
,2213-5103,true,,
,1815-3852;2213-1574,true,,
CUAJ-Canadian Urological Association Journal,1920-1214;1911-6470,true,,
,0970-4388,true,,
,2325-9574,true,,
,2152-0844;2152-0852,true,,
,1935-1984;1935-1933,true,,
,1441-8126;1441-8142,true,,
,1940-0764,true,,
,1754-9175;1754-9183,true,,
,2008-2525;2251-6190,true,,
,1473-2971;2051-6231,true,,
,2093-5374;2093-5382,true,,
,1569-1829;1875-0931,true,,
,0131-1441,true,,
,1794-7111,true,,
,1616-1203,true,,
,0181-4095,true,,
,2383-0816,true,,
,0066-2399,true,,
,1744-2222;1744-2230,true,,
,1669-7316;1851-4979,true,,
,1387-1579;1573-1855,true,,
,2213-0489,true,,
,1879-7865;1879-7873,true,,
,1435-5205,true,,
,0024-2535,true,,
,0024-3019;2075-1729,true,,
,1539-607X;1539-6088,true,,
,0079-4740,true,,
,1841-2394,true,,
,1132-0214;2079-312X,true,,
,0929-7332,true,,
,0716-5811,true,,
,1865-035X,true,,
,0076-1435,true,,
,1213-2489,true,,
,0276-3869;1540-9597,true,,
,0076-6127,true,,
,0253-9993,true,,
,2214-0301,true,,
,1064-3745,true,,
,2211-1220,true,,
,2061-2710,true,,
,0076-8820,true,,
,1899-8291;1899-8526,true,,
,0256-9507,true,,
,0342-1279,true,,
,0342-1295,true,,
,0341-9142,true,,
,1025-6555;1814-2036,true,,
,2380-8950;2380-8942,true,,
,2159-2543;2159-256X,true,,
,1259-5977,true,,
,1938-1247,true,,
,1357-6275,true,,
,0547-2504,true,,
,2214-7845,true,,
,2213-3852;2213-3860,true,,
,2052-2975,true,,
,1073-6700,true,,
,2000-1452;2000-9607,true,,
,1502-7694,true,,
,0902-7351;1571-8107,true,,
,1890-2138;1890-2146,true,,
,0202-3776,true,,
,2472-5730,true,,
,0774-2827;1783-1652,true,,
,1874-6136,true,,
,1911-2092,true,,
,1874-2858,true,,
,0104-6276,true,,
,1941-7519;1941-7527,true,,
,0301-0074,true,,
,2210-9099;2210-9110,true,,
,2055-5563;2055-5571,true,,
,1120-0650,true,,
,2042-003X,true,,
,1079-7440,true,,
,0161-956X;1532-7930,true,,
,1092-9126,true,,
,2081-237X,true,,
,0163-5999,true,,
,0303-7800,true,,
,1876-3804,true,,
Phainomena,1318-3362;2232-6650,true,,
,0273-8139,true,,
,1885-642X;1886-3655,true,,
,0379-8402;2295-9084,true,,
,0276-2080,true,,
,2210-5433;2210-5441,true,,
,1050-2947;1094-1622,true,,
,2352-4510,true,,
,2544-4395,true,,
,2352-4073,true,,
Plants-Basel,2223-7747,true,,
,2224-9893;2226-1869,true,,
,2154-896X;2154-8978,true,,
,1527-1544;1552-7468,true,,
,0370-0747;2451-2699,true,,
,1899-1998;2082-8799,true,,
,0079-2993;1641-7844,true,,
,0718-3399,true,,
,1591-4798;2280-6784,true,,
,0032-5422,true,,
,0152-0768;2101-0390,true,,
,1000-3673,true,,
,2352-5517,true,,
,1474-7758;1474-7766,true,,
,0950-3153;1742-4909,true,,
,2211-3355,true,,
,0202-3822,true,,
,2191-7043,true,,
,2296-1887,true,,
,0391-2698;2281-1044,true,,
,0033-2143,true,,
,2084-6991,true,,
,1425-6851;1689-1864,true,,
,1644-6763,true,,
,0718-6924,true,,
,1566-7170;1573-7098,true,,
,0253-8253,true,,
,0392-6664;1973-8188,true,,
,2326-3598;2326-3601,true,,
,1733-8077,true,,
,2095-4689;2095-4697,true,,
,0033-9008,true,,
,0814-3021;1839-339X,true,,
,1476-4504;2040-1388,true,,
,0100-3984,true,,
,2300-5289,true,,
,1876-1429,true,,
,0862-6901;2533-7637,true,,
,0486-3739,true,,
,0034-4893;1749-4001,true,,
,2251-9572;2251-9580,true,,
,1731-7533;2083-4616,true,,
,2211-2839,true,,
,0034-6446,true,,
,1841-5261,true,,
,1613-6071;1614-0575,true,,
,0091-732X,true,,
,1415-790X,true,,
,0034-7612;1982-3134,true,,
,0716-9132;0718-0950,true,,
,0101-3157,true,,
,0717-0491,true,,
,0104-4478,true,,
,2007-2872,true,,
,0103-0582,true,,
,0035-0737,true,,
REVUE DE MICROPALEONTOLOGIE,0035-1598,true,,
,0297-1194;1776-2863,true,,
,0035-1849,true,,
,0035-2004,true,,
,0373-5729,true,,
,0373-6075,true,,
,1265-1354;1777-5329,true,,
,0035-2950;1950-6686,true,,
,0484-8942,true,,
,1581-7652,true,,
,0034-6233;2084-9834,true,,
,1646-9895,true,,
,1507-7888,true,,
,0370-6583;2175-7860,true,,
,1068-798X,true,,
,1425-5960,true,,
,1546-2366,true,,
,0972-7671,true,,
,1357-714X;1369-1643,true,,
,2352-0035;2352-0043,true,,
,2215-0013,true,,
,8755-6839,true,,
,1817-7530;1817-7565,true,,
,1343-4349,true,,
,2214-1804,true,,
,1336-7811,true,,
,1456-8438;1796-279X,true,,
,0037-6744,true,,
Soccer & Society,1466-0970;1743-9590,true,,
,0037-7910,true,,
,1474-6689;1474-6697,true,,
,2052-8396,true,,
,2150-1173,true,,
,1234-7655,true,,
,1608-9057;1857-3533,true,,
,1580-8122,true,,
,0585-5292;1958-5705,true,,
,1506-9729;2450-0100,true,,
,1897-1059,true,,
,0039-3371,true,,
,1524-0657,true,,
,0926-2326;1783-1806,true,,
,1732-8160;2300-5920,true,,
,0306-0225,true,,
,2409-6008;2313-8734,true,,
,2212-6139,true,,
,0347-9994,true,,
,1724-0700;2260-8087,true,,
,0049-2949,true,,
,0899-8086,true,,
,0003-1232,true,,
Journal of Frailty & Aging,2260-1341;2273-4309,true,,
,1060-8265;1933-0251,true,,
,0022-2984,true,,
,1537-744X,true,,
,2011-219X,true,,
,1565-1509;1565-3404,true,,
,1000-0976,true,,
,1082-0744,true,,
,1754-2731,true,,
,2041-4005;2041-4013,true,,
,0780-2285,true,,
,0354-8996,true,,
,2055-0936,true,,
,2229-5070;2229-7758,true,,
,1301-8566,true,,
,1306-8253,true,,
,0340-4099,true,,
,1015-3802,true,,
,1406-6564,true,,
,2090-8113;2042-0048,true,,
,0860-6897,true,,
,2166-0107,true,,
,0042-6806,true,,
,1178-122X,true,,
,0042-8639,true,,
,1735-188X,true,,
,2398-502X,true,,
,0084-005X;1813-3924,true,,
,0937-6429,true,,
,0260-4027,true,,
,2363-4782,true,,
,1446-2257,true,,
,1758-6801;1758-681X,true,,
,1109-9526,true,,
,0044-0086;1551-4056,true,,
,1000-4548,true,,
,1389-1359;1574-096X,true,,
,1230-7483,true,,
,0084-5388,true,,
,0350-5774,true,,
,0258-8013,true,,
,1000-1964,true,,
,1001-4632,true,,
Ekonomia i Prawo-Economics and Law,1898-2255;2392-1625,true,,
Ergo-An Open Access Journal of Philosophy,2330-4014,true,,
Gospodarka Narodowa. The Polish Journal of Economics,0867-0005;2300-5238,true,,
IEEE Transactions on Games,2475-1502;2475-1510,true,,
International Journal of Forest Engineering,1494-2119;1913-2220,true,,
,1899-9417;2353-9763,true,,
,1991-2773,true,,
,2084-7696;2084-1558,true,,
,1507-7241,true,,
,2543-6597;2543-912X,true,,
,0867-8286;2451-0602,true,,
,0867-2148,true,,
,1689-5150,true,,
,0208-4589,true,,
,0078-8562,true,,
"Images. The International Journal of European Film, Performing Arts and Audiovisual Communication",1731-450X,true,,
Studies in Ancient Art and Civilization (SAAC),1899-1548;2449-867X,true,,
,2300-3960,true,,
Baltic Journal of English Language Literature and Culture,1691-9971;2501-0395,true,,
BMC Chemistry,2661-801X,true,,
Photobiomodulation Photomedicine and Laser Surgery,2578-5478,true,,
,1644-0749;2450-0771,true,,
,0970-3772,true,,
,0073-0327,true,,
,1644-857X;2450-7660,true,,
,0065-1249;2451-0319,true,,
,1234-5792;1689-3816,true,,
,0076-0382;2450-5544,true,,
,1732-0917,true,,
Economics of Transition and Institutional Change,2577-6975;2577-6983,true,,
Research Integrity and Peer Review,2058-8615,true,,
Minerva-Revista de Filologia Clasica,0213-9634;2530-6480,true,,
,2385-2526,true,,
,2637-9112;2637-9120,true,,
,2082-7539;2300-9004,true,,
,2567-6776;2567-6814,true,,
,2353-5156;2353-7779,true,,
,2353-6977,true,,
,2084-5308;2300-7338,true,,
Geomatics and Environmental Engineering,1898-1135;2300-7095,true,,
HORYZONTY WYCHOWANIA,1643-9171;2391-9485,true,,
Edukacja Elementarna w Teorii i Praktyce,1896-2327;2353-7787,true,,
Krytyka prawa.Niezależne studia nad prawem,2080-1084;2450-7938,true,,
Rocznik Bezpieczeństwa Morskiego,1898-3189,true,,
Polilog. Studia Neofilologiczne,2083-5485,true,,
Security and Defence Quarterly,2300-8741;2544-994X,true,,
Świat i Słowo,1731-3317,true,,
Forum Scientiae Oeconomia,2300-5947;2353-4435,true,,
Journal of Kinesiology and Exercise Sciences,2956-4581;1731-0652;2353-3986,true,,
Inżynieria Bezpieczeństwa Obiektów Antropogenicznych,2450-1859,true,,
Safety & Defense,2450-551X,true,,
Studia Politologiczne,1640-8888,true,,
Kwartalnik Naukowy Fides et Ratio,2082-7067,true,,
FORUM PRAWNICZE,2081-688X,true,,
Wiadomości Statystyczne,0043-518X;2543-8476,true,,
Archaeologia Polona,0066-5924,true,,
Ethnologia Polona,0137-4079,true,,
Fasciculi Archaeologiae Historicae,0860-0007,true,,
„Polska 1944/45-1989. Studia i Materiały”,2450-8357;2450-8365,true,,
Roczniki Historyczne,0324-8585;2451-134X,true,,
Studia Geohistorica,2300-2875,true,,
Onomastica,0078-4648,true,,
Polonica,0137-9712;2545-045X,true,,
Socjolingwistyka,0208-6808;2545-0468,true,,
Archiwum Kryminologii,0066-6890,true,,
Czasopismo Naukowe Instytutu Studiów Kobiecych,2451-3539;2543-7011,true,,
Kultura i Spoleczenstwo [Culture and Society],0023-5172,true,,
Rocznik Polsko-Niemiecki,1230-4360,true,,
SPRAWY MIĘDZYNARODOWE,0038-853X,true,,
Review of European and Comparative Law,2657-5949;2545-384X;0860-8156;2545-3874,true,,
Studia z Prawa Wyznaniowego,2081-8882;2544-3003,true,,
Zeszyty Naukowe KUL,0044-4405;2543-9715,true,,
Quêtes littéraires,2084-8099;2657-487X,true,,
Studia Prawnicze KUL,1897-7146,true,,
Studia Nauk Teologicznych PAN,1896-3226;2719-3101,true,,
PRZEGLĄD SOCJOLOGICZNY,0033-2356;2450-9361,true,,
Fontes Archaeologici Posnanienses,0071-6863,true,,
Polish Cartographical Review,2450-6974;2450-6966,true,,
Instal,1640-8160,true,,
Wiadomosci Archeologiczne,0043-5082,true,,
STUDIA BOBOLANUM,1642-5650,true,,
Warszawskie Studia Teologiczne,0209-3782,true,,
Wrocławski Przegląd Teologiczny,1231-1731;2544-6460,true,,
Humanities and Social Sciences,2300-5327;2300-9918,true,,
Zeszyty Naukowe Politechniki Śląskiej. Seria Organizacja i Zarządzanie,1641-3466;2720-751X,true,,
Architectus,1429-7507;2084-5227,true,,
Farmacja Polska,0014-8261;2544-8552,true,,
Biuletyn Polskiego Towarzystwa Językoznawczego,0032-3802,true,,
Combustion Engines,2300-9896,true,,
NEOFILOLOG,1429-2173;2545-3971,true,,
Pielęgniarstwo Neurologiczne i Neurochirurgiczne,2084-8021;2299-0321,true,,
Przegląd Prawa Wyznaniowego,2080-3788,true,,
Przegląd Rusycystyczny,0137-298X,true,,
ROCZNIKI NAUKOWE POLSKIEGO TOWARZYSTWA ZOOTECHNICZNEGO,1733-7305;2719-3734,true,,
Gwary Dziś,1898-9276,true,,
Pomiary Automatyka Robotyka,1427-9126,true,,
Przegląd Biblioteczny,0033-202X;2545-2487,true,,
TRIBOLOGIA,0208-7774;1732-422X,true,,
Zeszyty Teoretyczne Rachunkowości,1641-4381;2391-677X,true,,
Studia Demograficzne,0039-3134;2300-2549,true,,
Analizy i Studia CASP,2451-0203;2451-0475,true,,
Studia z Polityki Publicznej,2391-6389,true,,
Wschodni Rocznik Humanistyczny,1731-982X,true,,
Seminare. Poszukiwania naukowe,1232-8766;2450-1328,true,,
Roczniki Pedagogiczne,2080-850X,true,,
Studia Polonijne,0137-5210,true,,
Zapiski Historyczne. Poświęcone Historii Pomorza i Krajów Bałtyckich,0044-1791;2449-8637,true,,
Financial Law Review,2299-6834,true,,
"Etnografia. Praktyki, Teorie, Doświadczenia",2392-0971;2543-9537,true,,
Edukacyjna Analiza Transakcyjna,2299-7466,true,,
Podstawy edukacji,2081-2264,true,,
Transfer. Reception studies,2451-3334,true,,
Artium Quaestiones,0239-202X,true,,
Czasopismo Prawno-Historyczne,0070-2471,true,,
PRZEGLĄD PRAWA ROLNEGO,1897-7626,true,,
Teologia i Moralność,1898-2964;2450-4602,true,,
Forum Poetyki / Forum of Poetics,2451-1404,true,,
POZNAŃSKIE STUDIA SLAWISTYCZNE,2084-3011;2450-2731,true,,
Folia Praehistorica Posnaniensia,0239-8524;2450-5846,true,,
Przegląd Politologiczny,1426-8876,true,,
ŚRODKOWOEUROPEJSKIE STUDIA POLITYCZNE,1731-7517,true,,
"Ruch Prawniczy, Ekonomiczny i Socjologiczny",0035-9629;2543-9170,true,,
Krakowskie Studia z Historii Państwa i Prawa,2084-4115;2084-4131,true,,
Studia z zakresu prawa pracy i polityki społecznej,1429-9585;2544-4654,true,,
"Zeszyty Naukowe Uniwersytetu Jagiellońskiego, Prace Historyczne",0083-4351;2084-4069,true,,
Transformacje Prawa Prywatnego,1641-1609,true,,
PRZEGLĄD KULTUROZNAWCZY,1895-975X;2084-3860,true,,
Almanach Historyczny,1642-4530,true,,
Studia Philosophiae Christianae,0585-5470,true,,
"CHRZEŚCIJAŃSTWO, ŚWIAT, POLITYKA",1896-9038,true,,
Forum Pedagogiczne,2083-6325;2449-7142,true,,
Zeszyty Prawnicze,1643-8183;2353-8139,true,,
Prawo Kanoniczne,0551-911X;2353-8104,true,,
PRZEGLĄD SOCJOLOGII JAKOŚCIOWEJ,1733-8069,true,,
Annales UMCS Sectio FF Philologiae,0239-426X;2449-853X,true,,
"Annales Universitatis Mariae Curie-Skłodowska, sec.F",0239-4251;2083-361X,true,,
Lublin Studies in Modern Languages and Literature,0137-4699;2450-4580,true,,
Etnolingwistyka. Problemy języka i kultury,0860-8032;2449-8335,true,,
LUBELSKI ROCZNIK PEDAGOGICZNY,0137-6136;2449-8327,true,,
"Annales Universitatis Mariae Curie-Sklodowska, sectio M – Balcaniensis et Carpathiensis",2450-6354;2543-9359,true,,
Biuletyn Polskiej Misji Historycznej = Bulletin der Polnischen Historischen Mission,2083-7755;2391-792X,true,,
Historia i Polityka,1899-5160;2391-7652,true,,
PAEDAGOGIA CHRISTIANA,1505-6872;2451-1951,true,,
Studi polacco-italiani di Toruń / Toruńskie studia polsko-włoskie,2083-1986;2391-7865,true,,
Studia z Historii Filozofii,2083-1978;2391-775X,true,,
Teologia i Człowiek,1731-5638;2391-7598,true,,
Studia Oecumenica,1643-2762;2391-940X,true,,
Folia Historica Cracoviensia,0867-8294;2391-6702,true,,
Logos i Ethos,0867-8308;2391-6834,true,,
"Annales Universitatis Paedagogicae Cracoviensis, Studia Linguistica",2083-1765,true,,
Annales Universitatis Paedagogicae Cracoviensis. Studia Historicolitteraria,2081-1853;2300-5831,true,,
ARGUMENT: Biannual Philosophical Journal,2083-6635;2084-1043,true,,
Agronomy Science,2544-4476;2544-798X,true,,
Galicja. Studia i materiały,2450-5854,true,,
UR JOURNAL OF HUMANITIES AND SOCIAL SCIENCES,2543-8379,true,,
Polityka i Społeczeństwo,1732-9639,true,,
Przegląd Zachodniopomorski,0552-4245;2353-3021,true,,
Przeszłość Demograficzna Polski,0079-7189;2719-4345,true,,
International Journal of Research in E-learning,2451-2583;2543-6155,true,,
POSTSCRIPTUM POLONISTYCZNE,1898-1593,true,,
Problemy Prawa Prywatnego Międzynarodowego,1896-7604;2353-9852,true,,
Średniowiecze Polskie i Powszechne,2080-492X;2353-9720,true,,
Eastern European Journal of Transnational Relations,2544-9214;2544-9737,true,,
Optimum. Economic Studies,1506-7637,true,,
STUDIA PRAWNOUSTROJOWE,1644-0412,true,,
Anglica. An International Journal of English Studies,0860-5734,true,,
Central and Eastern European Migration Review,2300-1682,true,,
Prace Filologiczne,0138-0567,true,,
Przegląd Europejski,1641-2478,true,,
Przegląd Prawniczy Uniwersytetu Warszawskiego,1644-0242,true,,
Studia Europejskie-Studies in European Affairs,1428-149X,true,,
Studia Wschodnioeuropejskie,2450-0267,true,,
Światowit,0082-044X,true,,
U schyłku starożytności. Studia źródłoznawcze,2080-8097,true,,
Przegląd Filozoficzny - Nowa Seria,1230-1493;2300-2573,true,,
Journal of Banking and Financial Economics,2353-6845,true,,
"Wroclaw Review of Law, Administration & Economics",2084-1264,true,,
Quart. Kwartalnik Instytutu Historii Sztuki Uniwersytetu Wrocławskiego,1896-4133;2449-9285,true,,
Dyskursy Młodych Andragogów,2084-2740,true,,
Ophthalmology Journal,2450-7873;2450-9930,true,,
Palliative Medicine in Practice,2545-0425;2545-1359;1898-0678;1689-4898,true,,
WIDOK. TEORIE I PRAKTYKI KULTURY WIZUALNEJ,2300-200X,true,,
Art of the Orient,2299-811X,true,,
Italica Wratislaviensia,2084-4514;2450-5943,true,,
Nowa Polityka Wschodnia,2084-3291,true,,
Polish Biographical Studies,2353-9291,true,,
Acta Universitatis Wratislaviensis : Neerlandica Wratislaviensia,0860-0716,true,,
HETEROGLOSSIA - STUDIA KULTUROZNAWCZO-FILOLOGICZNE,2084-1302;2657-7461,true,,
Roczniki Administracji i Prawa,1644-9126,true,,
Internal Security,2080-5268,true,,
PRZEGLĄD POLICYJNY,0867-5708,true,,
Computer Assisted Methods in Engineering and Science (CAMES),2299-3649,true,,
"Annales Universitatis Mariae Curie-Skłodowska, Sec. H Oeconomia",0459-9586;2449-8513,true,,
Archeion,0066-6041;2658-1264,true,,
Metryka,2084-0195,true,,
"Fides, Ratio et Patria. Studia Toruńskie",2392-1463,true,,
Systemy Logistyczne Wojsk,1508-5430;2719-7689,true,,
Dyskurs Prawniczy i Administracyjny,2657-926X,true,,
Studia Sieci Uniwersytetow Pogranicza,2544-5790,true,,
Bibliotheca Orientalis,0006-1913;1875-659X,true,,
Chiron,0069-3715,true,,
Harvard Studies in Classical Philology,0073-0688;2325-9353,true,,
Jahrbuch der Østerreichischen Byzantinistik,0378-8660;1810-536X,true,,
Kernos: Revue internationale et pluridisciplinaire de religion grecque antique,0776-3824;2034-7871,true,,
Meander,0025-6285,true,,
Nietzsche-Studien,0342-1422;1613-0790,true,,
Oral Tradition,0883-5365;1542-4308,true,,
Oxford Studies in Ancient Philosophy,0265-7651,true,,
Revue des études byzantines,0766-5598;2261-060X,true,,
Вопросы литературы,0042-8795,true,,
Storia della Storiografia,0392-8926;2281-1141,true,,
Amsterdamer Beiträge zur älteren Germanistik,0165-7305;1875-6719,true,,
ORIGINI. Preistoria e Protostoria delle civiltà antiche,0474-6805,true,,
Revue Belge de numismatique et de sigillographie,0774-5885,true,,
Acta praehistorica et archaeologica,0341-1184,true,,
L'Homme,1016-362X;2194-5071,true,,
Image [&] Narrative,1780-678X,true,,
Postcolonial Text,1705-9100,true,,
Tabula Rasa,1794-2489;2011-2742,true,,
Social Theory and Practice,0037-802X;2154-123X,true,,
"Syria. Archéologie, art et histoire",0039-7946;2076-8435,true,,
Journal of Cognitive Historiography,2051-9672;2051-9680,true,,
Manuscripta,0025-2603;2031-0226,true,,
Acta Archaeologica Carpathica,0001-5229,true,,
IRAQ,0021-0889;2053-4744,true,,
Rivista di Scienze Preistoriche,0035-6514;2282-457X,true,,
Schweizerische Zeitschrift für Geschichte = Revue suisse d'histoire = Rivista storica svizzera,0036-7834;2296-6013,true,,
Slovanský přehled,0037-6922,true,,
Organon,0078-6500,true,,
Paléorient,0153-9345;1957-701X,true,,
Linguistica silesiana,0208-4228,true,,
Les Nouvelles de l'Archéologie,0242-7702;2425-1941,true,,
Przegląd Tomistyczny: Filozofia - Teologia - Kultura duchowa średniowiecza,0860-0015,true,,
DIKE - Rivista di storia del diritto greco ed ellenistico,1128-8221,true,,
Paleo,1145-3370;2101-0420,true,,
Medycyna Nowożytna. Studia nad Kulturą Medyczną,1231-1960,true,,
Estudios Hispánicos,2084-2546;2545-0980,true,,
Historyka. Studia Metodologiczne,0073-277X,true,,
Musica Disciplina,0077-2461,true,,
Rocznik Orientalistyczny,0080-3545,true,,
Poznańskie Studia Teologiczne,0209-3472,true,,
Transformacje,1230-0292,true,,
Człowiek w Kulturze,1230-4492,true,,
"Kultura Współczesna. Teoria, Interpretacje, Praktyka",1230-4808;2300-1704,true,,
Roczniki Nauk Prawnych,1507-7896,true,,
Studia Historica Gedanensia,2081-3309;2391-6001,true,,
Archivum Historiae Pontificiae,0066-6785,true,,
Revue d’histoire des sciences humaines,1622-468X;1963-1022,true,,
Studia Iranica,0221-5004;1783-1784,true,,
Journal of Abbasid Studies,2214-2363;2214-2371,true,,
LingVaria,1896-2122;2392-1226,true,,
Gdańskie Studia Prawnicze,1734-5669,true,,
Studia Migracyjne - Przegląd Polonijny,2081-4488,true,,
Rocznik Historii Prasy Polskiej,1509-1074;2084-8552,true,,
Annales Universitatis Paedagogicae Cracoviensis | Studia ad Bibliothecarum Scientiam Pertinentia,2081-1861;2300-3057,true,,
Roczniki Kulturoznawcze,2082-8578;2544-5219,true,,
Biuletyn Stowarzyszenia Absolwentów i Przyjaciół Wydziału Prawa Katolickiego Uniwersytetu Lubelskiego,2719-3128;2719-7336,true,,
Przegląd Zachodni,0033-2437,true,,
Studia Philosophica Wratislaviensia,1895-8001,true,,
Roczniki Nauk Społecznych,0137-4176;2544-5812,true,,
Prace Geograficzne,1644-3586;2083-3113,true,,
Wielogłos - Pismo Wydziału Polonistyki Uniwersytetu Jagiellońskiego,1897-1962;2084-395X,true,,
Przegląd Geopolityczny,2080-8836;2392-067X,true,,
Acta Universitatis Carolinae. Historia Universitatis Carolinae Pragensis,0323-0562,true,,
Prace Etnograficzne. Zeszyty Naukowe Uniwersytetu Jagiellońskiego,0083-4327;2299-9558,true,,
Analecta. Studia i Materiały z Dziejów Nauki,1509-0957,true,,
Rozprawy z Dziejów Oświaty,0080-4754,true,,
Intellectual History of the Islamicate World,2212-9421;2212-943X,true,,
Ecumeny and Law,2353-4877;2391-4327,true,,
Studia Paedagogica Ignatiana,2299-4890;2450-5358;2450-5366,true,,
Polonia Sacra,1428-5673;2391-6575,true,,
Ekonomia – Wroclaw Economic Review,2084-4093,true,,
Studia Iuridica Toruniensia,1689-5258;2391-7873,true,,
Komunikaty Mazursko-Warmińskie,0023-3196,true,,
ИСТОРИЈСКИ ЧАСОПИС,0350-0802,true,,
Balcanica Posnaniensia. Acta et studia,0239-4278,true,,
Rocznik Filozoficzny Ignatianum,2300-1402,true,,
International Journal of Contemporary Management,2449-8920;2449-8939,true,,
Symbolae Philologorum Posnaniensium Graecae et Latinae,0302-7384,true,,
"INTERNATIONAL JOURNAL OF PUBLIC ADMINISTRATION, MANAGEMENT AND ECONOMIC DEVELOPMENT",2533-4077,true,,
Notae Numismaticae - Zapiski Numizmatyczne,1426-5435,true,,
Prace Komisji Geografii Komunikacji PTG,1426-5915;2543-859X,true,,
Zeitschrift für Orient-Archäologie,1868-9078,true,,
Studia Środkowoeuropejskie i Bałkanistyczne,1233-0558;2543-733X,true,,
Central European Economic Journal,2543-6821,true,,
Rocznik Tomistyczny,2300-1976,true,,
"Emotions: History, Culture, Society",2206-7485;2208-522X,true,,
Przegląd Prawa i Administracji,0137-1134,true,,
Rocznik Teologiczny,0239-2550,true,,
Ruch Filozoficzny,0035-9599,true,,
Wychowanie w Rodzinie,2082-9019;2300-5866,true,,
Roczniki Teologiczne,2353-7272;2543-5973,true,,
Collectanea Philologica,1733-0319;2353-0901,true,,
Rozwój Regionalny i Polityka Regionalna,2353-1428,true,,
Cracow Review of Economics and Management,1898-6447;2545-3238,true,,
Wiadomości Ubezpieczeniowe,0137-7264,true,,
Zeszyty Naukowe Uniwersytetu Jagiellońskiego. Prace z Prawa Własności Intelektualnej,1689-7080,true,,
Beiträge zur allgemeinen und vergleichenden Sprachwissenschaft,2299-4122,true,,
Studia Niemcoznawcze,0208-4597,true,,
Przegląd Sądowy,0867-7255,true,,
Państwo i Prawo,0031-0980,true,,
Glosa - Prawo Gospodarcze w orzeczeniach i komentarzach,1233-4634,true,,
Przegląd Prawa Handlowego,1230-2996,true,,
Polski Proces Cywilny,2082-1743,true,,
Przegląd Prawa Publicznego,1896-8996,true,,
Studia Pelplińskie,0239-4456;2391-8713,true,,
Przegląd Konstytucyjny,2544-2031,true,,
Wiedza Obronna,0209-0031,true,,
Kwartalnik Prawa Prywatnego,1230-7173,true,,
Przegląd Prawa Medycznego,2657-8573;2719-3748,true,,
Doradztwo Podatkowe Biuletyn Instytutu Studiów Podatkowych,1427-2008;2449-7584,true,,
Glaukopis,1730-3419,true,,
Studia z Dziejów Państwa i Prawa Polskiego,1733-0335;2450-6095,true,,
Polityka Społeczna,0137-4729,true,,
Gubernaculum et Administratio,1730-2889;2719-7360,true,,
Advances in Methods and Practices in Psychological Science,2515-2459;2515-2467,true,,
Journal of Cognitive Enhancement,2509-3290;2509-3304,true,,
Textus et Studia,2300-3839,true,,
Zeszyty Naukowe Akademii Górnośląskiej,2956-6673;2956-6681,true,,
Pedagogika Katolicka,1898-3685,true,,
Zeszyty Naukowe SGSP,0239-5223;2720-0799,true,,
Niepełnosprawność i Rehabilitacja,1642-1981,true,,
Cybersecurity and Law,2658-1493,true,,
Landform Analysis,1429-799X;2081-5980,true,,
Facta Simonidis,1899-3109,true,,
Studia Żydowskie. Almanach,2083-5574,true,,
Zeszyty Naukowe Wyzszej Szkoly Finansów i Prawa w Bielsku-Bialej,2543-9103;2543-411X,true,,
"The Polish Journal of Aviation Medicine, Bioengineering and Psychology",2451-3512,true,,
Gastroenterologia Kliniczna,2081-1020;2081-5115,true,,
Teki archiwalne,0494-9986,true,,
Niepodległość,0272-0280,true,,
Research in Organizational Behavior,0191-3085,true,,
