name,issns,active,withdrawn_date,withdrawal_reason
2D Materials,2053-1583,true,,
AAPG BULLETIN,0149-1423;1558-9153,true,,
ACADEMIC MEDICINE,1040-2446;1938-808X,true,,
Academic Pediatrics,1876-2859;1876-2867,true,,
Academy of Management Learning & Education,1537-260X,true,,
Academy of Management Perspectives,1558-9080;1943-4529,true,,
ACCIDENT ANALYSIS AND PREVENTION,0001-4575;1879-2057,true,,
Accounting Auditing & Accountability Journal,0951-3574;1758-4205,true,,
ACCOUNTING ORGANIZATIONS AND SOCIETY,0361-3682;1873-6289,true,,
ACI STRUCTURAL JOURNAL,0889-3241;1944-7361,true,,
ACM SIGCOMM Computer Communication Review,0146-4833;1943-5819,true,,
ACM Transactions on Algorithms,1549-6325;1549-6333,true,,
ACM Transactions on Computer-Human Interaction,1073-0516;1557-7325,true,,
ACM TRANSACTIONS ON GRAPHICS,0730-0301;1557-7368,true,,
ACM TRANSACTIONS ON INFORMATION SYSTEMS,1046-8188;1558-2868,true,,
ACM Transactions on Intelligent Systems and Technology,2157-6904;2157-6912,true,,
ACM Transactions on Internet Technology,1533-5399;1557-6051,true,,
ACM TRANSACTIONS ON PROGRAMMING LANGUAGES AND SYSTEMS,0164-0925;1558-4593,true,,
ACM Transactions on Sensor Networks,1550-4859;1550-4867,true,,
ACS Biomaterials Science & Engineering,2373-9878,true,,
ACS Macro Letters,2161-1653,true,,
ACS Medicinal Chemistry Letters,1948-5875,true,,
ACS Photonics,2330-4022,true,,
ACS Sensors,2379-3694,true,,
ACS Sustainable Chemistry & Engineering,2168-0485,true,,
ACS Synthetic Biology,2161-5063,true,,
ACTA ASTRONAUTICA,0094-5765;1879-2030,true,,
ACTA ASTRONOMICA,0001-5237,true,,
Acta Biomaterialia,1742-7061;1878-7568,true,,
Acta Crystallographica Section B-Structural Science Crystal Engineering and Materials,2052-5206,true,,
Acta Crystallographica Section C-Structural Chemistry,2053-2296,true,,
Acta Geotechnica,1861-1125;1861-1133,true,,
Acta Kinesiologica,1840-2976;1840-3700,true,,
Acta Neuropathologica Communications,2051-5960,true,,
ACTA OPHTHALMOLOGICA,1755-375X;1755-3768,true,,
Acta Orthopaedica,1745-3674;1745-3682,true,,
Acta Pharmaceutica Sinica B,2211-3835;2211-3843,true,,
Acta Physiologica,1748-1708;1748-1716,true,,
ACTA PSYCHIATRICA SCANDINAVICA,0001-690X;1600-0447,true,,
Active Learning in Higher Education,1469-7874;1741-2625,true,,
Adaptation-The Journal of Literature on Screen Studies,1755-0637;1755-0645,true,,
ADDICTION,0965-2140;1360-0443,true,,
ADDICTION BIOLOGY,1355-6215;1369-1600,true,,
Advanced Electronic Materials,2199-160X,true,,
ADVANCED ENGINEERING INFORMATICS,1474-0346;1873-5320,true,,
Advanced Healthcare Materials,2192-2640;2192-2659,true,,
Advanced Optical Materials,2195-1071,true,,
ADVANCED SYNTHESIS & CATALYSIS,1615-4150;1615-4169,true,,
Advances in Calculus of Variations,1864-8258;1864-8266,true,,
Advances in Differential Equations,1079-9389,true,,
ADVANCES IN ENGINEERING SOFTWARE,0965-9978;1873-5339,true,,
Advances in Nutrition,2161-8313;2156-5376,true,,
ADVANCES IN WATER RESOURCES,0309-1708;1872-9657,true,,
Advances in Wound Care,2162-1918;2162-1934,true,,
AFRICAN AFFAIRS,0001-9909;1468-2621,true,,
AGE AND AGEING,0002-0729;1468-2834,true,,
AGEING & SOCIETY,0144-686X;1469-1779,true,,
AGEING RESEARCH REVIEWS,1568-1637;1872-9649,true,,
AGGRESSION AND VIOLENT BEHAVIOR,1359-1789;1873-6335,true,,
Aging and Disease,2152-5250,true,,
AGING CELL,1474-9726;1474-9718,true,,
Aging-US,1945-4589,true,,
AGRICULTURAL ECONOMICS,0169-5150;1574-0862,true,,
AGRICULTURAL SYSTEMS,0308-521X;1873-2267,true,,
AGRICULTURAL WATER MANAGEMENT,0378-3774;1873-2283,true,,
AGRICULTURE AND HUMAN VALUES,0889-048X;1572-8366,true,,
AIAA JOURNAL,0001-1452;1533-385X,true,,
AICHE JOURNAL,0001-1541;1547-5905,true,,
Alcohol Research-Current Reviews,1535-7414;1930-0573,true,,
ALDRICHIMICA ACTA,0002-5100,true,,
Alea-Estudos Neolatinos,1517-106X;1807-0299,true,,
Algebra & Number Theory,1937-0652;1944-7833,true,,
ALLERGOLOGY INTERNATIONAL,1323-8930;1440-1592,true,,
ALLERGY,0105-4538;1398-9995,true,,
Alzheimers Research & Therapy,1758-9193,true,,
AMBIO,0044-7447;1654-7209,true,,
AMERICAN ETHNOLOGIST,0094-0496;1548-1425,true,,
AMERICAN JOURNAL OF AGRICULTURAL ECONOMICS,0002-9092;1467-8276,true,,
AMERICAN JOURNAL OF ARCHAEOLOGY,0002-9114;1939-828X,true,,
AMERICAN JOURNAL OF CLINICAL NUTRITION,0002-9165;1938-3207,true,,
AMERICAN JOURNAL OF EPIDEMIOLOGY,0002-9262;1476-6256,true,,
American Journal of Health Economics,2332-3493;2332-3507,true,,
AMERICAN JOURNAL OF HEMATOLOGY,0361-8609;1096-8652,true,,
AMERICAN JOURNAL OF INTERNATIONAL LAW,0002-9300;2161-7953,true,,
AMERICAN JOURNAL OF KIDNEY DISEASES,0272-6386;1523-6838,true,,
AMERICAN JOURNAL OF MEDICAL GENETICS PART C-SEMINARS IN MEDICAL GENETICS,1552-4868;1552-4876,true,,
AMERICAN JOURNAL OF MEDICINE,0002-9343;1555-7162,true,,
AMERICAN JOURNAL OF OBSTETRICS AND GYNECOLOGY,0002-9378;1097-6868,true,,
AMERICAN JOURNAL OF OPHTHALMOLOGY,0002-9394;1879-1891,true,,
AMERICAN JOURNAL OF PATHOLOGY,0002-9440;1525-2191,true,,
AMERICAN JOURNAL OF PHILOLOGY,0002-9475;1086-3168,true,,
AMERICAN JOURNAL OF PREVENTIVE MEDICINE,0749-3797;1873-2607,true,,
AMERICAN JOURNAL OF PUBLIC HEALTH,0090-0036;1541-0048,true,,
AMERICAN JOURNAL OF SCIENCE,0002-9599;1945-452X,true,,
AMERICAN JOURNAL OF TRANSPLANTATION,1600-6135;1600-6143,true,,
AMERICAN PHILOSOPHICAL QUARTERLY,0003-0481;2152-1123,true,,
AMERICAN PSYCHOLOGIST,0003-066X;1935-990X,true,,
AMERICAN QUARTERLY,0003-0678;1080-6490,true,,
AMERICAN REVIEW OF PUBLIC ADMINISTRATION,0275-0740;1552-3357,true,,
ANAESTHESIA,0003-2409;1365-2044,true,,
ANALYTICAL CHEMISTRY,0003-2700;1520-6882,true,,
Anatolian Studies,0066-1546;2048-0849,true,,
Andrology,2047-2919;2047-2927,true,,
ANESTHESIOLOGY,0003-3022;1528-1175,true,,
ANGLE ORTHODONTIST,0003-3219;1945-7103,true,,
ANIMAL BEHAVIOUR,0003-3472;1095-8282,true,,
ANIMAL COGNITION,1435-9448;1435-9456,true,,
ANIMAL GENETICS,0268-9146;1365-2052,true,,
ANIMAL REPRODUCTION SCIENCE,0378-4320;1873-2232,true,,
ANNALES DE L INSTITUT FOURIER,0373-0956,true,,
ANNALES DE L INSTITUT HENRI POINCARE-ANALYSE NON LINEAIRE,0294-1449;1873-1430,true,,
ANNALES DE L INSTITUT HENRI POINCARE-PROBABILITES ET STATISTIQUES,0246-0203,true,,
ANNALI DELLA SCUOLA NORMALE SUPERIORE DI PISA-CLASSE DI SCIENZE,0391-173X;2036-2145,true,,
Annals of Animal Science,2300-8733;1642-3402,true,,
ANNALS OF APPLIED PROBABILITY,1050-5164,true,,
Annals of Applied Statistics,1932-6157,true,,
ANNALS OF EMERGENCY MEDICINE,0196-0644;1097-6760,true,,
ANNALS OF FOREST SCIENCE,1286-4560;1297-966X,true,,
Annals of Intensive Care,2110-5820,true,,
ANNALS OF PROBABILITY,0091-1798,true,,
ANNALS OF PURE AND APPLIED LOGIC,0168-0072;1873-2461,true,,
ANNALS OF THE AMERICAN ACADEMY OF POLITICAL AND SOCIAL SCIENCE,0002-7162;1552-3349,true,,
Annals of the American Association of Geographers,2469-4452;2469-4460,true,,
Annals of the New York Academy of Sciences,0077-8923;1749-6632,true,,
ANNALS OF TOURISM RESEARCH,0160-7383,true,,
Annals of Transplantation,1425-9524;2329-0358,true,,
ANTIMICROBIAL AGENTS AND CHEMOTHERAPY,0066-4804;1098-6596,true,,
ANTIOXIDANTS & REDOX SIGNALING,1523-0864;1557-7716,true,,
ANTITRUST LAW JOURNAL,0003-6056;2326-9774,true,,
ANTIVIRAL RESEARCH,0166-3542;1872-9096,true,,
ANTIVIRAL THERAPY,1359-6535,true,,
APIDOLOGIE,0044-8435;1297-9678,true,,
APPLIED AND COMPUTATIONAL HARMONIC ANALYSIS,1063-5203;1096-603X,true,,
APPLIED ERGONOMICS,0003-6870;1872-9126,true,,
Applied Materials Today,2352-9407,true,,
Applied Psychology-Health and Well Being,1758-0846;1758-0854,true,,
APPLIED SOIL ECOLOGY,0929-1393;1873-0272,true,,
APPLIED SURFACE SCIENCE,0169-4332;1873-5584,true,,
APPLIED THERMAL ENGINEERING,1359-4311,true,,
AQUACULTURE,0044-8486;1873-5622,true,,
AQUATIC TOXICOLOGY,0166-445X;1879-1514,true,,
Archaeological Prospection,1075-2196;1099-0763,true,,
ARCHIV FUR GESCHICHTE DER PHILOSOPHIE,0003-9101;1613-0650,true,,
ARCHIVAL SCIENCE,1389-0166,true,,
ARCHIVE FOR MATHEMATICAL LOGIC,0933-5846;1432-0665,true,,
ARCHIVE FOR RATIONAL MECHANICS AND ANALYSIS,0003-9527;1432-0673,true,,
Archives of Budo,1643-8698,true,,
Archives of Civil and Mechanical Engineering,1644-9665;2083-3318,true,,
ARCHIVES OF DISEASE IN CHILDHOOD,0003-9888;1468-2044,true,,
Archives of Disease in Childhood-Fetal and Neonatal Edition,1359-2998;1468-2052,true,,
ARCHIVES OF PHYSICAL MEDICINE AND REHABILITATION,0003-9993;1532-821X,true,,
ARCHIVES OF SEXUAL BEHAVIOR,0004-0002;1573-2800,true,,
ARCHIVES OF TOXICOLOGY,0340-5761;1432-0738,true,,
ARCHIVUM IMMUNOLOGIAE ET THERAPIAE EXPERIMENTALIS,0004-069X;1661-4917,true,,
Argument & Computation,1946-2166;1946-2174,true,,
Aries-Journal for the Study of Western Esotericism,1567-9896;1570-0593,true,,
ART HISTORY,0141-6790;1467-8365,true,,
ARTERIOSCLEROSIS THROMBOSIS AND VASCULAR BIOLOGY,1079-5642;1524-4636,true,,
ARTHRITIS CARE & RESEARCH,2151-464X;2151-4658,true,,
ARTHRITIS RESEARCH & THERAPY,1478-6354;1478-6362,true,,
Arthur Miller Journal,1558-8831;2333-3154,true,,
Artificial Intelligence and Law,0924-8463;1572-8382,true,,
ARTIFICIAL INTELLIGENCE REVIEW,0269-2821;1573-7462,true,,
Arts,2076-0752,true,,
Assessment & Evaluation in Higher Education,0260-2938;1469-297X,true,,
ASTERISQUE,0303-1179,true,,
ASTRONOMICAL JOURNAL,0004-6256;1538-3881,true,,
ASTRONOMY & ASTROPHYSICS,1432-0746;0004-6361,true,,
ASTROPHYSICAL JOURNAL,0004-637X;1538-4357,true,,
ATHEROSCLEROSIS,0021-9150;1879-1484,true,,
ATMOSPHERIC CHEMISTRY AND PHYSICS,1680-7316;1680-7324,true,,
Atmospheric Measurement Techniques,1867-1381;1867-8548,true,,
AUDITING-A JOURNAL OF PRACTICE & THEORY,0278-0380;1558-7991,true,,
Augmentative and Alternative Communication,0743-4618;1477-3848,true,,
Augustinian Studies,0094-5323;2153-7917,true,,
AUK,0004-8038;1938-4254,true,,
AUSTRALIAN AND NEW ZEALAND JOURNAL OF PSYCHIATRY,0004-8674;1440-1614,true,,
Autex Research Journal,1470-9589;2300-0929,true,,
AUTISM,1362-3613;1461-7005,true,,
AUTOIMMUNITY REVIEWS,1568-9972;1873-0183,true,,
AUTOMATION IN CONSTRUCTION,0926-5805;1872-7891,true,,
Azania-Archaeological Research in Africa,0067-270X;1945-5534,true,,
BASIC RESEARCH IN CARDIOLOGY,0300-8428;1435-1803,true,,
BASIN RESEARCH,0950-091X;1365-2117,true,,
Bayesian Analysis,1931-6690;1936-0975,true,,
Behavior Research Methods,1554-351X;1554-3528,true,,
BEHAVIORAL ECOLOGY,1045-2249;1465-7279,true,,
BEHAVIOUR RESEARCH AND THERAPY,0005-7967;1873-622X,true,,
BERNOULLI,1350-7265;1573-9759,true,,
BEST PRACTICE & RESEARCH CLINICAL ENDOCRINOLOGY & METABOLISM,1521-690X;1532-1908,true,,
BEST PRACTICE & RESEARCH IN CLINICAL RHEUMATOLOGY,1521-6942;1521-1770,true,,
Big Data Research,2214-5796,true,,
Bilingualism-Language and Cognition,1366-7289;1469-1841,true,,
Biochemia Medica,1330-0962;1846-7482,true,,
Biochimica et Biophysica Acta-Gene Regulatory Mechanisms,1874-9399,true,,
BIOCHIMICA ET BIOPHYSICA ACTA-MOLECULAR AND CELL BIOLOGY OF LIPIDS,1388-1981,true,,
BIOCHIMICA ET BIOPHYSICA ACTA-MOLECULAR BASIS OF DISEASE,0925-4439,true,,
BIOCHIMICA ET BIOPHYSICA ACTA-MOLECULAR CELL RESEARCH,0167-4889,true,,
Biocybernetics and Biomedical Engineering,0208-5216,true,,
Biofabrication,1758-5082;1758-5090,true,,
Biogeosciences,1726-4170;1726-4189,true,,
BIOLOGICAL CONSERVATION,0006-3207;1873-2917,true,,
BIOLOGICAL RESEARCH,0716-9760;0717-6287,true,,
BIOLOGY & PHILOSOPHY,0169-3867;1572-8404,true,,
Biology Letters,1744-9561;1744-957X,true,,
BIOLOGY OF SPORT,0860-021X;2083-1862,true,,
BIOMACROMOLECULES,1525-7797;1526-4602,true,,
Biomaterials Science,2047-4830;2047-4849,true,,
Biomedical Optics Express,2156-7085,true,,
Biomedical Signal Processing and Control,1746-8094;1746-8108,true,,
BIOMETRIKA,0006-3444;1464-3510,true,,
BIORESOURCE TECHNOLOGY,0960-8524;1873-2976,true,,
BIOSCIENCE,0006-3568;1525-3244,true,,
BIPOLAR DISORDERS,1398-5647;1399-5618,true,,
BJOG-AN INTERNATIONAL JOURNAL OF OBSTETRICS AND GYNAECOLOGY,1470-0328;1471-0528,true,,
BJU INTERNATIONAL,1464-4096;1464-410X,true,,
Blood Cancer Journal,2044-5385,true,,
BLOOD REVIEWS,0268-960X;1532-1681,true,,
BMC BIOLOGY,1741-7007,true,,
BMC GENOMICS,1471-2164,true,,
BMC Medical Education,1472-6920,true,,
BMC Medical Research Methodology,1471-2288,true,,
BMC PLANT BIOLOGY,1471-2229,true,,
BMC Veterinary Research,1746-6148,true,,
BOLETIN DE LA REAL ACADEMIA ESPANOLA,0210-4822,true,,
Boletin de Literatura Oral,2173-0695,true,,
Bone & Joint Journal,2049-4394;2049-4408,true,,
BONE MARROW TRANSPLANTATION,0268-3369;1476-5365,true,,
BOSTON UNIVERSITY LAW REVIEW,0006-8047,true,,
BRAIN AND LANGUAGE,0093-934X;1090-2155,true,,
BRAIN BEHAVIOR AND IMMUNITY,0889-1591;1090-2139,true,,
BRAIN PATHOLOGY,1015-6305;1750-3639,true,,
Brain Stimulation,1935-861X;1876-4754,true,,
Brain Structure & Function,1863-2653;1863-2661,true,,
BREAST CANCER RESEARCH,1465-542X;1465-5411,true,,
BREAST CANCER RESEARCH AND TREATMENT,0167-6806;1573-7217,true,,
BRIEFINGS IN BIOINFORMATICS,1467-5463;1477-4054,true,,
Briefings in Functional Genomics,2041-2649;2041-2657,true,,
British Accounting Review,0890-8389;1095-8347,true,,
BRITISH EDUCATIONAL RESEARCH JOURNAL,0141-1926;1469-3518,true,,
British Journal for the History of Philosophy,0960-8788;1469-3526,true,,
BRITISH JOURNAL FOR THE HISTORY OF SCIENCE,0007-0874;1474-001X,true,,
BRITISH JOURNAL OF ANAESTHESIA,0007-0912;1471-6771,true,,
BRITISH JOURNAL OF CANCER,0007-0920;1532-1827,true,,
BRITISH JOURNAL OF CRIMINOLOGY,0007-0955;1464-3529,true,,
BRITISH JOURNAL OF DERMATOLOGY,0007-0963;1365-2133,true,,
BRITISH JOURNAL OF EDUCATIONAL PSYCHOLOGY,0007-0998;2044-8279,true,,
BRITISH JOURNAL OF EDUCATIONAL TECHNOLOGY,0007-1013;1467-8535,true,,
BRITISH JOURNAL OF HAEMATOLOGY,0007-1048;1365-2141,true,,
BRITISH JOURNAL OF MATHEMATICAL & STATISTICAL PSYCHOLOGY,0007-1102;2044-8317,true,,
BRITISH JOURNAL OF OPHTHALMOLOGY,0007-1161;1468-2079,true,,
BRITISH JOURNAL OF PHARMACOLOGY,0007-1188;1476-5381,true,,
British Journal of Politics & International Relations,1369-1481;1467-856X,true,,
BRITISH JOURNAL OF PSYCHIATRY,0007-1250;1472-1465,true,,
British Journal of Religious Education,0141-6200;1740-7931,true,,
BRITISH JOURNAL OF SOCIOLOGY,0007-1315;1468-4446,true,,
BRITISH JOURNAL OF SOCIOLOGY OF EDUCATION,0142-5692;1465-3346,true,,
BUILDING RESEARCH AND INFORMATION,0961-3218;1466-4321,true,,
Bulletin of Earthquake Engineering,1570-761X;1573-1456,true,,
Bulletin of Mathematical Sciences,1664-3607;1664-3615,true,,
BURNS,0305-4179;1879-1409,true,,
Business & Information Systems Engineering,2363-7005;1867-0202,true,,
Business & Society,0007-6503;1552-4205,true,,
Business and Human Rights Journal,2057-0198;2057-0201,true,,
Business Strategy and the Environment,0964-4733;1099-0836,true,,
CAHIERS DE CIVILISATION MEDIEVALE,0007-9731;2119-1026,true,,
CALIFORNIA MANAGEMENT REVIEW,0008-1256;2162-8564,true,,
CAMBRIDGE ARCHAEOLOGICAL JOURNAL,0959-7743;1474-0540,true,,
CAMBRIDGE JOURNAL OF ECONOMICS,0309-166X;1464-3545,true,,
Cambridge Journal of Regions Economy and Society,1752-1378;1752-1386,true,,
Cambridge Law Journal,0008-1973;1469-2139,true,,
CANADIAN GEOTECHNICAL JOURNAL,0008-3674;1208-6010,true,,
CANADIAN JOURNAL OF PHILOSOPHY,0045-5091;1911-0820,true,,
CANADIAN MEDICAL ASSOCIATION JOURNAL,0820-3946;1488-2329,true,,
CANCER,0008-543X;1097-0142,true,,
CANCER AND METASTASIS REVIEWS,0167-7659;1573-7233,true,,
CANCER EPIDEMIOLOGY BIOMARKERS & PREVENTION,1055-9965;1538-7755,true,,
CANCER IMMUNOLOGY IMMUNOTHERAPY,0340-7004;1432-0851,true,,
CANCER LETTERS,0304-3835;1872-7980,true,,
Cancer Management and Research,1179-1322,true,,
Cancer Prevention Research,1940-6207;1940-6215,true,,
CANCER TREATMENT REVIEWS,0305-7372;1532-1967,true,,
Cancers,2072-6694,true,,
CARBOHYDRATE POLYMERS,0144-8617;1879-1344,true,,
CARBON,0008-6223;1873-3891,true,,
CARCINOGENESIS,0143-3334;1460-2180,true,,
Cardiovascular Diabetology,1475-2840,true,,
CARDIOVASCULAR RESEARCH,0008-6363;1755-3245,true,,
CARIES RESEARCH,0008-6568;1421-976X,true,,
CATALYSIS REVIEWS-SCIENCE AND ENGINEERING,0161-4940;1520-5703,true,,
Catalysis Science & Technology,2044-4753;2044-4761,true,,
CATALYSIS TODAY,0920-5861;1873-4308,true,,
CATENA,0341-8162;1872-6887,true,,
CBE-Life Sciences Education,1931-7913,true,,
CELL CALCIUM,0143-4160;1532-1991,true,,
Cell Chemical Biology,2451-9448;2451-9456,true,,
Cell Communication and Signaling,1478-811X,true,,
Cell Death & Disease,2041-4889,true,,
CELL DEATH AND DIFFERENTIATION,1350-9047;1476-5403,true,,
Cells,2073-4409,true,,
Cellular & Molecular Immunology,1672-7681;2042-0226,true,,
CELLULAR AND MOLECULAR LIFE SCIENCES,1420-682X;1420-9071,true,,
CELLULAR MICROBIOLOGY,1462-5814;1462-5822,true,,
CELLULAR PHYSIOLOGY AND BIOCHEMISTRY,1015-8987;1421-9778,true,,
CEREBRAL CORTEX,1047-3211;1460-2199,true,,
CESKA LITERATURA,0009-0468,true,,
CHAOS,1054-1500;1089-7682,true,,
CHAUCER REVIEW,0009-2002;1528-4204,true,,
CHEMICAL ENGINEERING AND PROCESSING,0255-2701;1873-3204,true,,
CHEMICAL ENGINEERING RESEARCH & DESIGN,0263-8762;1744-3563,true,,
CHEMICAL GEOLOGY,0009-2541;1878-5999,true,,
CHEMISTRY-A EUROPEAN JOURNAL,0947-6539;1521-3765,true,,
CHEMOSPHERE,0045-6535;1879-1298,true,,
ChemSusChem,1864-5631;1864-564X,true,,
CHEST,0012-3692,true,,
CHILD ABUSE & NEGLECT,0145-2134;1873-7757,true,,
Child Abuse Review,0952-9136;1099-0852,true,,
Child Development Perspectives,1750-8592;1750-8606,true,,
CHILD MALTREATMENT,1077-5595;1552-6119,true,,
CHILDRENS LITERATURE IN EDUCATION,0045-6713;1573-1693,true,,
CHINA JOURNAL,1324-9347;1835-8535,true,,
CHINA QUARTERLY,0305-7410;1468-2648,true,,
Chinese Physics C,1674-1137;2058-6132,true,,
Choreographic Practices,2040-5669;2040-5677,true,,
Christian Bioethics,1380-3603;1744-4195,true,,
CINEMA JOURNAL,0009-7101;1527-2087,true,,
Circulation-Arrhythmia and Electrophysiology,1941-3149;1941-3084,true,,
Circulation-Cardiovascular Imaging,1941-9651;1942-0080,true,,
Circulation-Cardiovascular Interventions,1941-7640;1941-7632,true,,
Circulation-Heart Failure,1941-3289;1941-3297,true,,
CLADISTICS,0748-3007;1096-0031,true,,
CLASSICAL AND QUANTUM GRAVITY,0264-9381;1361-6382,true,,
CLASSICAL PHILOLOGY,0009-837X;1546-072X,true,,
CLASSICAL QUARTERLY,0009-8388;1471-6844,true,,
CLIMATE POLICY,1469-3062;1752-7457,true,,
CLIMATIC CHANGE,0165-0009;1573-1480,true,,
CLINICAL ANATOMY,0897-3806;1098-2353,true,,
CLINICAL AND EXPERIMENTAL ALLERGY,0954-7894;1365-2222,true,,
Clinical and Translational Gastroenterology,2155-384X,true,,
CLINICAL CHEMISTRY,0009-9147;1530-8561,true,,
CLINICAL CHILD AND FAMILY PSYCHOLOGY REVIEW,1096-4037;1573-2827,true,,
Clinical Epidemiology,1179-1349,true,,
Clinical Epigenetics,1868-7083;1868-7075,true,,
Clinical Gastroenterology and Hepatology,1542-3565;1542-7714,true,,
Clinical Journal of the American Society of Nephrology,1555-9041;1555-905X,true,,
CLINICAL MICROBIOLOGY AND INFECTION,1198-743X;1469-0691,true,,
CLINICAL NUCLEAR MEDICINE,0363-9762;1536-0229,true,,
CLINICAL NUTRITION,0261-5614;1532-1983,true,,
CLINICAL ORAL IMPLANTS RESEARCH,0905-7161;1600-0501,true,,
Clinical Oral Investigations,1432-6981;1436-3771,true,,
CLINICAL ORTHOPAEDICS AND RELATED RESEARCH,0009-921X;1528-1132,true,,
CLINICAL OTOLARYNGOLOGY,1749-4478;1749-4486,true,,
CLINICAL PHARMACOKINETICS,0312-5963;1179-1926,true,,
CLINICAL PHARMACOLOGY & THERAPEUTICS,0009-9236;1532-6535,true,,
CLINICAL REVIEWS IN ALLERGY & IMMUNOLOGY,1080-0549;1559-0267,true,,
CLINICAL SCIENCE,0143-5221;1470-8736,true,,
CLINICAL TOXICOLOGY,1556-3650;1556-9519,true,,
Clinical Trials,1740-7745;1740-7753,true,,
Cliometrica,1863-2505;1863-2513,true,,
COASTAL ENGINEERING,0378-3839;1872-7379,true,,
Cochrane Database of Systematic Reviews,1469-493X;1361-6137,true,,
COGNITION,0010-0277;1873-7838,true,,
COGNITIVE PSYCHOLOGY,0010-0285;1095-5623,true,,
Cold War History,1468-2745;1743-7962,true,,
COLLEGE & RESEARCH LIBRARIES,0010-0870;2150-6701,true,,
COLLEGE LITERATURE,0093-3139;1542-4286,true,,
COMBINATORICA,0209-9683;1439-6912,true,,
COMBUSTION AND FLAME,0010-2180;1556-2921,true,,
Comics Grid-Journal of Comics Scholarship,2048-0792,true,,
COMMENTARII MATHEMATICI HELVETICI,0010-2571;1420-8946,true,,
COMMON MARKET LAW REVIEW,0165-0750;1875-8320,true,,
COMMUNICATION EDUCATION,0363-4523;1479-5795,true,,
COMMUNICATION MONOGRAPHS,0363-7751;1479-5787,true,,
COMMUNICATION RESEARCH,0093-6502;1552-3810,true,,
COMMUNICATIONS IN ANALYSIS AND GEOMETRY,1019-8385;1944-9992,true,,
COMMUNICATIONS IN CONTEMPORARY MATHEMATICS,0219-1997;1793-6683,true,,
COMMUNICATIONS IN MATHEMATICAL PHYSICS,0010-3616;1432-0916,true,,
COMMUNICATIONS IN PARTIAL DIFFERENTIAL EQUATIONS,0360-5302;1532-4133,true,,
COMMUNICATIONS OF THE ACM,0001-0782;1557-7317,true,,
Community College Review,0091-5521;1940-2325,true,,
COMPOSITE STRUCTURES,0263-8223;1879-1085,true,,
COMPOSITES PART A-APPLIED SCIENCE AND MANUFACTURING,1359-835X;1878-5840,true,,
COMPTES RENDUS PALEVOL,1631-0683;1777-571X,true,,
COMPUTATIONAL LINGUISTICS,0891-2017;1530-9312,true,,
COMPUTATIONAL MECHANICS,0178-7675;1432-0924,true,,
COMPUTER COMMUNICATIONS,0140-3664;1873-703X,true,,
COMPUTER PHYSICS COMMUNICATIONS,0010-4655;1879-2944,true,,
Computer Science Review,1574-0137;1876-7745,true,,
COMPUTER-AIDED CIVIL AND INFRASTRUCTURE ENGINEERING,1093-9687;1467-8667,true,,
COMPUTER-AIDED DESIGN,0010-4485;1879-2685,true,,
COMPUTERS & INDUSTRIAL ENGINEERING,0360-8352;1879-0550,true,,
COMPUTERS & MATHEMATICS WITH APPLICATIONS,0898-1221;1873-7668,true,,
COMPUTERS & OPERATIONS RESEARCH,0305-0548;1873-765X,true,,
COMPUTERS & SECURITY,0167-4048;1872-6208,true,,
COMPUTERS & STRUCTURES,0045-7949;1879-2243,true,,
COMPUTERS ENVIRONMENT AND URBAN SYSTEMS,0198-9715;1873-7587,true,,
COMPUTERS IN HUMAN BEHAVIOR,0747-5632;1873-7692,true,,
Comunicar,1134-3478;1988-3293,true,,
Conflict and Health,1752-1505,true,,
CONFLICT MANAGEMENT AND PEACE SCIENCE,0738-8942;1549-9219,true,,
CONSERVATION BIOLOGY,0888-8892;1523-1739,true,,
CONSTRUCTION AND BUILDING MATERIALS,0950-0618;1879-0526,true,,
CONTEMPORARY ACCOUNTING RESEARCH,0823-9150;1911-3846,true,,
Contemporary British History,1361-9462;1743-7997,true,,
CONTEMPORARY EDUCATIONAL PSYCHOLOGY,0361-476X;1090-2384,true,,
Contemporary European History,0960-7773;1469-2171,true,,
Contemporary Security Policy,1352-3260;1743-8764,true,,
CORAL REEFS,0722-4028;1432-0975,true,,
Cormac McCarthy Journal,2333-3073;2333-3065,true,,
CORNELL LAW REVIEW,0010-8847,true,,
CORPORATE GOVERNANCE-AN INTERNATIONAL REVIEW,0964-8410;1467-8683,true,,
Corporate Social Responsibility and Environmental Management,1535-3958;1535-3966,true,,
Corpus Linguistics and Linguistic Theory,1613-7027;1613-7035,true,,
CORROSION SCIENCE,0010-938X;1879-0496,true,,
CORTEX,0010-9452;1973-8102,true,,
CRIME & DELINQUENCY,0011-1287;1552-387X,true,,
CRIMINAL JUSTICE AND BEHAVIOR,0093-8548;1552-3594,true,,
Criminology & Criminal Justice,1748-8958;1748-8966,true,,
Criminology & Public Policy,1538-6473;1745-9133,true,,
CRITICAL CARE,1466-609X;1364-8535,true,,
CRITICAL CARE MEDICINE,0090-3493;1530-0293,true,,
CRITICAL INQUIRY,0093-1896;1539-7858,true,,
Critical Perspectives on Accounting,1045-2354;1095-9955,true,,
Critical Public Health,0958-1596;1469-3682,true,,
CRITICAL QUARTERLY,0011-1562;1467-8705,true,,
CRITICAL REVIEWS IN BIOCHEMISTRY AND MOLECULAR BIOLOGY,1040-9238;1549-7798,true,,
CRITICAL REVIEWS IN BIOTECHNOLOGY,0738-8551;1549-7801,true,,
CRITICAL REVIEWS IN CLINICAL LABORATORY SCIENCES,1040-8363;1549-781X,true,,
CRITICAL REVIEWS IN PLANT SCIENCES,0735-2689;1549-7836,true,,
CRITICAL REVIEWS IN SOLID STATE AND MATERIALS SCIENCES,1040-8436;1547-6561,true,,
Critical Studies in Education,1750-8487;1750-8495,true,,
CRITIQUE,0011-1600;1968-3901,true,,
CRITIQUE OF ANTHROPOLOGY,0308-275X;1460-3721,true,,
Crop Journal,2095-5421;2214-5141,true,,
Cryosphere,1994-0416;1994-0424,true,,
CULTURAL ANTHROPOLOGY,0886-7356;1548-1360,true,,
Culture and Religion,1475-5610;1475-5629,true,,
CURRENT ANTHROPOLOGY,0011-3204;1537-5382,true,,
Current HIV/AIDS Reports,1548-3568;1548-3576,true,,
Current Issues in Tourism,1368-3500;1747-7603,true,,
Current Neuropharmacology,1570-159X;1875-6190,true,,
CURRENT OPINION IN BIOTECHNOLOGY,0958-1669;1879-0429,true,,
CURRENT OPINION IN COLLOID & INTERFACE SCIENCE,1359-0294;1879-0399,true,,
Current Opinion in Environmental Sustainability,1877-3435;1877-3443,true,,
CURRENT OPINION IN GENETICS & DEVELOPMENT,0959-437X;1879-0380,true,,
CURRENT OPINION IN MICROBIOLOGY,1369-5274;1879-0364,true,,
CURRENT OPINION IN NEUROBIOLOGY,0959-4388;1873-6882,true,,
CURRENT OPINION IN OPHTHALMOLOGY,1040-8738;1531-7021,true,,
CURRENT OPINION IN PHARMACOLOGY,1471-4892;1471-4973,true,,
CURRENT OPINION IN PLANT BIOLOGY,1369-5266;1879-0356,true,,
CURRENT OPINION IN SOLID STATE & MATERIALS SCIENCE,1359-0286;1879-0348,true,,
CURRENT OPINION IN STRUCTURAL BIOLOGY,0959-440X;1879-033X,true,,
Current Opinion in Virology,1879-6257,true,,
CURRENT SOCIOLOGY,0011-3921;1461-7064,true,,
CYTOKINE & GROWTH FACTOR REVIEWS,1359-6101;1879-0305,true,,
DAEDALUS,0011-5266;1548-6192,true,,
DALTON TRANSACTIONS,1477-9226;1477-9234,true,,
DANCE RESEARCH JOURNAL,0149-7677;1940-509X,true,,
Dao-A Journal of Comparative Philosophy,1540-3009;1569-7274,true,,
DATA MINING AND KNOWLEDGE DISCOVERY,1384-5810;1573-756X,true,,
Dead Sea Discoveries,0929-0761;1568-5179,true,,
DECISION SUPPORT SYSTEMS,0167-9236;1873-5797,true,,
DEMOGRAPHY,0070-3370;1533-7790,true,,
DENTAL MATERIALS,0109-5641;1879-0097,true,,
DEPRESSION AND ANXIETY,1091-4269;1520-6394,true,,
DESIGN STUDIES,0142-694X;1872-6909,true,,
DEUTSCHE VIERTELJAHRSSCHRIFT FUR LITERATURWISSENSCHAFT UND GEISTESGESCHICHTE,0012-0936;2365-9521,true,,
DEVELOPMENT,0950-1991;1477-9129,true,,
DEVELOPMENT AND PSYCHOPATHOLOGY,0954-5794;1469-2198,true,,
DEVELOPMENTAL AND COMPARATIVE IMMUNOLOGY,0145-305X;1879-0089,true,,
Developmental Cognitive Neuroscience,1878-9293;1878-9307,true,,
DEVELOPMENTAL PSYCHOLOGY,0012-1649;1939-0599,true,,
DEVELOPMENTAL REVIEW,0273-2297;1090-2406,true,,
DEVELOPMENTAL SCIENCE,1363-755X;1467-7687,true,,
DIABETES,0012-1797;1939-327X,true,,
DIABETES OBESITY & METABOLISM,1462-8902;1463-1326,true,,
DIABETOLOGIA,0012-186X;1432-0428,true,,
DIACRITICS-A REVIEW OF CONTEMPORARY CRITICISM,0300-7162;1080-6539,true,,
Dialogues in Clinical Neuroscience,1294-8322;1958-5969,true,,
DICKENS QUARTERLY,0742-5473,true,,
DICKENSIAN,0012-2440,true,,
DIPLOMATIC HISTORY,0145-2096;1467-7709,true,,
Distance Education,0158-7919;1475-0198,true,,
DIVERSITY AND DISTRIBUTIONS,1366-9516;1472-4642,true,,
DNA REPAIR,1568-7864;1568-7856,true,,
DNA RESEARCH,1340-2838;1756-1663,true,,
Documenta Mathematica,1431-0643;1431-0635,true,,
Drama Therapy Review,2054-7668;2054-7676,true,,
DUKE LAW JOURNAL,0012-7086;1939-9111,true,,
Dutch Crossing-Journal of Low Countries Studies,0309-6564;1759-7854,true,,
EARLY CHILDHOOD RESEARCH QUARTERLY,0885-2006;1873-7706,true,,
EARTH AND PLANETARY SCIENCE LETTERS,0012-821X;1385-013X,true,,
Earth System Dynamics,2190-4979;2190-4987,true,,
EARTHQUAKE ENGINEERING & STRUCTURAL DYNAMICS,0098-8847;1096-9845,true,,
Earths Future,2328-4277,true,,
EBioMedicine,2352-3964,true,,
ECOLOGICAL ECONOMICS,0921-8009;1873-6106,true,,
ECOLOGY AND SOCIETY,1708-3087,true,,
ECONOMETRIC THEORY,0266-4666;1469-4360,true,,
Econometrics Journal,1368-4221;1368-423X,true,,
ECONOMIC GEOGRAPHY,0013-0095;1944-8287,true,,
ECONOMIC GEOLOGY,0361-0128;1554-0774,true,,
ECONOMIC HISTORY REVIEW,0013-0117;1468-0289,true,,
ECONOMIC POLICY,0266-4658;1468-0327,true,,
ECONOMIC THEORY,0938-2259;1432-0479,true,,
ECONOMICA,0013-0427;1468-0335,true,,
Economics & Human Biology,1570-677X;1873-6130,true,,
Ecosystem Services,2212-0416,true,,
ECOSYSTEMS,1432-9840;1435-0629,true,,
Education Finance and Policy,1557-3060;1557-3079,true,,
EDUCATIONAL ADMINISTRATION QUARTERLY,0013-161X;1552-3519,true,,
Educational Measurement-Issues and Practice,0731-1745;1745-3992,true,,
EDUCATIONAL POLICY,0895-9048;1552-3896,true,,
EDUCATIONAL PSYCHOLOGY REVIEW,1040-726X;1573-336X,true,,
Eksploatacja i Niezawodnosc-Maintenance and Reliability,1507-2711,true,,
Electronic Markets,1019-6781;1422-8890,true,,
ELEMENTARY SCHOOL JOURNAL,0013-5984;1554-8279,true,,
Elementa-Science of the Anthropocene,2325-1026,true,,
Elements,1811-5209;1811-5217,true,,
ELH,0013-8304;1080-6547,true,,
ELT Journal,0951-0893;1477-4526,true,,
EMBO REPORTS,1469-221X;1469-3178,true,,
Emergency,2345-4571;2345-4563,true,,
EMERGING INFECTIOUS DISEASES,1080-6040;1080-6059,true,,
Emerging Microbes & Infections,2222-1751,true,,
EMOTION,1528-3542;1931-1516,true,,
Emotion Review,1754-0739;1754-0747,true,,
EMPIRICAL SOFTWARE ENGINEERING,1382-3256;1573-7616,true,,
ENDOCRINE-RELATED CANCER,1351-0088;1479-6821,true,,
ENDOSCOPY,0013-726X;1438-8812,true,,
Energies,1996-1073,true,,
ENERGY AND BUILDINGS,0378-7788;1872-6178,true,,
ENERGY POLICY,0301-4215;1873-6777,true,,
Energy Research & Social Science,2214-6296;2214-6326,true,,
ENGINEERING APPLICATIONS OF ARTIFICIAL INTELLIGENCE,0952-1976;1873-6769,true,,
ENGINEERING FRACTURE MECHANICS,0013-7944;1873-7315,true,,
ENGINEERING STRUCTURES,0141-0296;1873-7323,true,,
ENVIRONMENT AND PLANNING D-SOCIETY & SPACE,0263-7758;1472-3433,true,,
ENVIRONMENT INTERNATIONAL,0160-4120;1873-6750,true,,
ENVIRONMENTAL ARCHAEOLOGY,1461-4103;1749-6314,true,,
ENVIRONMENTAL HEALTH PERSPECTIVES,0091-6765;1552-9924,true,,
ENVIRONMENTAL HISTORY,1084-5453;1930-8892,true,,
ENVIRONMENTAL IMPACT ASSESSMENT REVIEW,0195-9255;1873-6432,true,,
Environmental Innovation and Societal Transitions,2210-4224;2210-4232,true,,
ENVIRONMENTAL MICROBIOLOGY,1462-2912;1462-2920,true,,
ENVIRONMENTAL MODELLING & SOFTWARE,1364-8152;1873-6726,true,,
Environmental Research Letters,1748-9326,true,,
ENVIRONMENTAL SCIENCE & POLICY,1462-9011;1873-6416,true,,
ENVIRONMENTAL SCIENCE & TECHNOLOGY,0013-936X;1520-5851,true,,
Environmental Science & Technology Letters,2328-8930,true,,
Environmental Science-Nano,2051-8153;2051-8161,true,,
EPIDEMIOLOGY,1044-3983;1531-5487,true,,
Epidemiology and Psychiatric Sciences,2045-7960;2045-7979,true,,
Epigenetics & Chromatin,1756-8935,true,,
EPILEPSIA,0013-9580;1528-1167,true,,
Epilepsy Currents,1535-7597;1535-7511,true,,
Episteme-A Journal of Individual and Social Epistemology,1742-3600;1750-0117,true,,
Erasmus Studies,0276-2854;1874-9275,true,,
ERGODIC THEORY AND DYNAMICAL SYSTEMS,0143-3857;1469-4417,true,,
ERKENNTNIS,0165-0106;1572-8420,true,,
ETHICS,0014-1704;1539-297X,true,,
Ethics and Information Technology,1388-1957;1572-8439,true,,
ETHNOMUSICOLOGY,0014-1836;2156-7417,true,,
ETHOS,0091-2131;1548-1352,true,,
ETR&D-EDUCATIONAL TECHNOLOGY RESEARCH AND DEVELOPMENT,1042-1629;1556-6501,true,,
EUROPACE,1099-5129;1532-2092,true,,
European Constitutional Law Review,1574-0196;1744-5515,true,,
EUROPEAN ECONOMIC REVIEW,0014-2921;1873-572X,true,,
European Educational Research Journal,1474-9041,true,,
European Heart Journal-Cardiovascular Imaging,2047-2404;2047-2412,true,,
EUROPEAN JOURNAL OF AGRONOMY,1161-0301;1873-7331,true,,
European Journal of Archaeology,1461-9571;1741-2722,true,,
EUROPEAN JOURNAL OF CANCER,0959-8049;1879-0852,true,,
EUROPEAN JOURNAL OF CONTROL,0947-3580;1435-5671,true,,
EUROPEAN JOURNAL OF ENDOCRINOLOGY,0804-4643;1479-683X,true,,
EUROPEAN JOURNAL OF EPIDEMIOLOGY,0393-2990;1573-7284,true,,
EUROPEAN JOURNAL OF IMMUNOLOGY,0014-2980;1521-4141,true,,
EUROPEAN JOURNAL OF INFORMATION SYSTEMS,0960-085X;1476-9344,true,,
EUROPEAN JOURNAL OF MEDICINAL CHEMISTRY,0223-5234;1768-3254,true,,
EUROPEAN JOURNAL OF NUCLEAR MEDICINE AND MOLECULAR IMAGING,1619-7070;1619-7089,true,,
EUROPEAN JOURNAL OF OPERATIONAL RESEARCH,0377-2217;1872-6860,true,,
European Journal of Oral Implantology,1756-2406;1756-2414,true,,
EUROPEAN JOURNAL OF ORTHODONTICS,0141-5387;1460-2210,true,,
EUROPEAN JOURNAL OF PERSONALITY,0890-2070;1099-0984,true,,
EUROPEAN JOURNAL OF PHILOSOPHY,0966-8373;1468-0378,true,,
EUROPEAN JOURNAL OF POLITICAL RESEARCH,0304-4130;1475-6765,true,,
European Journal of Preventive Cardiology,2047-4873;2047-4881,true,,
European Journal of Psychology Applied to Legal Context,1889-1861;1989-4007,true,,
EUROPEAN JOURNAL OF VASCULAR AND ENDOVASCULAR SURGERY,1078-5884;1532-2165,true,,
European Journal of Wood and Wood Products,0018-3768;1436-736X,true,,
European Law Journal,1351-5993;1468-0386,true,,
European Management Journal,0263-2373;1873-5681,true,,
EUROPEAN NEUROPSYCHOPHARMACOLOGY,0924-977X;1873-7862,true,,
EUROPEAN PHYSICAL JOURNAL C,1434-6044;1434-6052,true,,
EUROPEAN RADIOLOGY,0938-7994;1432-1084,true,,
European Respiratory Review,0905-9180;1600-0617,true,,
European Review of Aging and Physical Activity,1813-7253;1861-6909,true,,
EUROPEAN SOCIETIES,1461-6696;1469-8307,true,,
EUROPEAN SOCIOLOGICAL REVIEW,0266-7215;1468-2672,true,,
European Zoological Journal,2475-0263,true,,
Eurosurveillance,1560-7917;1025-496X,true,,
Evaluation,1356-3890;1461-7153,true,,
EVOLUTION AND HUMAN BEHAVIOR,1090-5138;1879-0607,true,,
Evolutionary Applications,1752-4571;1752-4563,true,,
EXCEPTIONAL CHILDREN,0014-4029;2163-5560,true,,
EXERCISE AND SPORT SCIENCES REVIEWS,0091-6331;1538-3008,true,,
EXPERIMENTAL AND MOLECULAR MEDICINE,1226-3613;2092-6413,true,,
EXPERIMENTAL ECONOMICS,1386-4157;1573-6938,true,,
EXPERIMENTAL NEUROLOGY,0014-4886;1090-2430,true,,
EXPERIMENTAL THERMAL AND FLUID SCIENCE,0894-1777;1879-2286,true,,
Expert Opinion on Drug Delivery,1742-5247;1744-7593,true,,
Exposure and Health,2451-9766;2451-9685,true,,
Extreme Mechanics Letters,2352-4316,true,,
Extreme Physiology & Medicine,2046-7648,true,,
FABULA,0014-6242;1613-0464,true,,
Faith and Philosophy,0739-7046;2153-3393,true,,
FASEB JOURNAL,0892-6638;1530-6860,true,,
Feminist Theory,1464-7001;1741-2773,true,,
FERTILITY AND STERILITY,0015-0282;1556-5653,true,,
FIELD CROPS RESEARCH,0378-4290;1872-6852,true,,
FINANCE AND STOCHASTICS,0949-2984;1432-1122,true,,
FIRE SAFETY JOURNAL,0379-7112;1873-7226,true,,
FISH & SHELLFISH IMMUNOLOGY,1050-4648;1095-9947,true,,
Fluids and Barriers of the CNS,2045-8118,true,,
FOLIA LINGUISTICA HISTORICA,0168-647X,true,,
FOOD AND BIOPRODUCTS PROCESSING,0960-3085;1744-3571,true,,
FOOD CONTROL,0956-7135;1873-7129,true,,
FOOD HYDROCOLLOIDS,0268-005X;1873-7137,true,,
FOOD MICROBIOLOGY,0740-0020;1095-9998,true,,
FOOD QUALITY AND PREFERENCE,0950-3293;1873-6343,true,,
FOOD RESEARCH INTERNATIONAL,0963-9969;1873-7145,true,,
Food Security,1876-4517;1876-4525,true,,
FOOT & ANKLE INTERNATIONAL,1071-1007;1944-7876,true,,
FORDHAM LAW REVIEW,0015-704X,true,,
FOREIGN AFFAIRS,0015-7120,true,,
Forensic Science International-Genetics,1872-4973;1878-0326,true,,
Forest Ecosystems,2095-6355;2197-5620,true,,
FORESTRY,0015-752X;1464-3626,true,,
Foundations and Trends in Communications and Information Theory,1567-2190;1567-2328,true,,
Foundations and Trends in Computer Graphics and Vision,1572-2740;1572-2759,true,,
Foundations and Trends in Information Retrieval,1554-0669;1554-0677,true,,
Foundations and Trends in Machine Learning,1935-8237;1935-8245,true,,
Foundations of Science,1233-1821;1572-8471,true,,
FREE RADICAL BIOLOGY AND MEDICINE,0891-5849;1873-4596,true,,
FRONTIERS IN ECOLOGY AND THE ENVIRONMENT,1540-9295;1540-9309,true,,
Frontiers in Immunology,1664-3224,true,,
Frontiers in Molecular Neuroscience,1662-5099,true,,
FRONTIERS IN NEUROENDOCRINOLOGY,0091-3022;1095-6808,true,,
Frontiers in Neuroinformatics,1662-5196,true,,
Frontiers in Zoology,1742-9994,true,,
FUEL,0016-2361;1873-7153,true,,
FUEL PROCESSING TECHNOLOGY,0378-3820;1873-7188,true,,
FUNCTIONAL ECOLOGY,0269-8463;1365-2435,true,,
Future Generation Computer Systems-The International Journal of eScience,0167-739X;1872-7115,true,,
FUZZY SETS AND SYSTEMS,0165-0114;1872-6801,true,,
GAIT & POSTURE,0966-6362;1879-2219,true,,
GAMES AND ECONOMIC BEHAVIOR,0899-8256;1090-2473,true,,
GASTROINTESTINAL ENDOSCOPY,0016-5107;1097-6779,true,,
Genes & Diseases,2352-3042,true,,
GENES BRAIN AND BEHAVIOR,1601-1848;1601-183X,true,,
GENES CHROMOSOMES & CANCER,1045-2257;1098-2264,true,,
GENETICS,0016-6731;1943-2631,true,,
Genome Medicine,1756-994X,true,,
GENOMICS PROTEOMICS & BIOINFORMATICS,1672-0229;2210-3244,true,,
GEOARCHAEOLOGY-AN INTERNATIONAL JOURNAL,0883-6353;1520-6548,true,,
Geobiology,1472-4677;1472-4669,true,,
GEOCHEMISTRY GEOPHYSICS GEOSYSTEMS,1525-2027,true,,
GEOFORUM,0016-7185;1872-9398,true,,
GEOLOGICAL SOCIETY OF AMERICA BULLETIN,0016-7606;1943-2674,true,,
GEOPHYSICAL RESEARCH LETTERS,0094-8276;1944-8007,true,,
GEORGE WASHINGTON LAW REVIEW,0016-8076,true,,
Geoscience Frontiers,1674-9871,true,,
Geoscientific Model Development,1991-959X;1991-9603,true,,
Geosphere,1553-040X,true,,
GEOSTANDARDS AND GEOANALYTICAL RESEARCH,1639-4488;1751-908X,true,,
GEOTECHNIQUE,0016-8505;1751-7656,true,,
GEOTEXTILES AND GEOMEMBRANES,0266-1144;1879-3584,true,,
GERMAN LIFE AND LETTERS,0016-8777;1468-0483,true,,
GERONTOLOGIST,0016-9013;1758-5341,true,,
GESTA-INTERNATIONAL CENTER OF MEDIEVAL ART,0016-920X;2169-3099,true,,
GLIA,0894-1491;1098-1136,true,,
GLOBAL AND PLANETARY CHANGE,0921-8181;1872-6364,true,,
GLOBAL BIOGEOCHEMICAL CYCLES,0886-6236;1944-9224,true,,
Global Change Biology Bioenergy,1757-1693;1757-1707,true,,
GLOBAL ECOLOGY AND BIOGEOGRAPHY,1466-822X;1466-8238,true,,
Global Environmental Politics,1526-3800;1536-0091,true,,
Global Food Security-Agriculture Policy Economics and Environment,2211-9124,true,,
Global Strategy Journal,2042-5791;2042-5805,true,,
GPS SOLUTIONS,1080-5370;1521-1886,true,,
GREEK ROMAN AND BYZANTINE STUDIES,0017-3916;2159-3159,true,,
Grotiana,0167-3831;1876-0759,true,,
Groups Geometry and Dynamics,1661-7207;1661-7215,true,,
GYNECOLOGIC ONCOLOGY,0090-8258;1095-6859,true,,
HAEMATOLOGICA,0390-6078;1592-8721,true,,
HAHR-Hispanic American Historical Review,0018-2168;1527-1900,true,,
Health Psychology Review,1743-7199;1743-7202,true,,
HEALTH TECHNOLOGY ASSESSMENT,1366-5278;2046-4924,true,,
HEART,1355-6037;1468-201X,true,,
HEART RHYTHM,1547-5271;1556-3871,true,,
HENRY JAMES REVIEW,0273-0340;1080-6555,true,,
HEREDITY,0018-067X;1365-2540,true,,
Heritage Science,2050-7445,true,,
Hermeneus,1139-7489,true,,
HESPERIA,0018-098X;1553-5622,true,,
HIGHER EDUCATION,0018-1560;1573-174X,true,,
Higher Education Research & Development,0729-4360;1469-8366,true,,
HISPANIA-A JOURNAL DEVOTED TO THE TEACHING OF SPANISH AND PORTUGUESE,0018-2133;2153-6414,true,,
HISTORICAL JOURNAL,0018-246X;1469-5103,true,,
History & Memory,0935-560X;1527-1994,true,,
HISTORY WORKSHOP JOURNAL,1363-3554;1477-4569,true,,
HOLOCENE,0959-6836;1477-0911,true,,
Home Cultures,1740-6315;1751-7427,true,,
HOUSING STUDIES,0267-3037;1466-1810,true,,
HUMAN COMMUNICATION RESEARCH,0360-3989;1468-2958,true,,
HUMAN MOLECULAR GENETICS,0964-6906;1460-2083,true,,
HUMAN MUTATION,1059-7794;1098-1004,true,,
HUMAN RELATIONS,0018-7267;1741-282X,true,,
HUMAN REPRODUCTION,0268-1161;1460-2350,true,,
Human Resource Management Journal,0954-5395;1748-8583,true,,
HUMAN RESOURCE MANAGEMENT REVIEW,1053-4822;1873-7889,true,,
Human Rights Law Review,1461-7781;1744-1021,true,,
HUMAN-COMPUTER INTERACTION,0737-0024;1532-7051,true,,
HYDROLOGY AND EARTH SYSTEM SCIENCES,1027-5606;1607-7938,true,,
HYDROMETALLURGY,0304-386X;1879-1158,true,,
HYPERTENSION,0194-911X;1524-4563,true,,
HYSTRIX-Italian Journal of Mammalogy,0394-1914;1825-5272,true,,
Iberica,1139-7241;2340-2784,true,,
Ibsen Studies,1502-1866;1741-8720,true,,
ICARUS,0019-1035;1090-2643,true,,
ICSID Review-Foreign Investment Law Journal,0258-3690;2049-1999,true,,
IEEE Antennas and Wireless Propagation Letters,1536-1225;1548-5757,true,,
IEEE Computational Intelligence Magazine,1556-603X;1556-6048,true,,
IEEE CONTROL SYSTEMS MAGAZINE,1066-033X;1941-000X,true,,
IEEE ELECTRON DEVICE LETTERS,0741-3106;1558-0563,true,,
IEEE Geoscience and Remote Sensing Letters,1545-598X;1558-0571,true,,
IEEE Geoscience and Remote Sensing Magazine,2168-6831,true,,
IEEE Industrial Electronics Magazine,1932-4529;1941-0115,true,,
IEEE INTELLIGENT SYSTEMS,1541-1672;1941-1294,true,,
IEEE Intelligent Transportation Systems Magazine,1939-1390,true,,
IEEE Journal of Biomedical and Health Informatics,2168-2194;2168-2208,true,,
IEEE Journal of Emerging and Selected Topics in Power Electronics,2168-6777;2168-6785,true,,
IEEE JOURNAL OF OCEANIC ENGINEERING,0364-9059;1558-1691,true,,
IEEE Journal of Selected Topics in Applied Earth Observations and Remote Sensing,1939-1404;2151-1535,true,,
IEEE JOURNAL OF SELECTED TOPICS IN QUANTUM ELECTRONICS,1077-260X;1558-4542,true,,
IEEE JOURNAL OF SOLID-STATE CIRCUITS,0018-9200;1558-173X,true,,
IEEE Journal on Emerging and Selected Topics in Circuits and Systems,2156-3357,true,,
IEEE MICRO,0272-1732;1937-4143,true,,
IEEE MICROWAVE MAGAZINE,1527-3342;1557-9581,true,,
IEEE MULTIMEDIA,1070-986X;1941-0166,true,,
IEEE PERVASIVE COMPUTING,1536-1268;1558-2590,true,,
IEEE Power Electronics Magazine,2329-9207;2329-9215,true,,
IEEE ROBOTICS & AUTOMATION MAGAZINE,1070-9932;1558-223X,true,,
IEEE Systems Journal,1932-8184;1937-9234,true,,
IEEE TRANSACTIONS ON AEROSPACE AND ELECTRONIC SYSTEMS,0018-9251;1557-9603,true,,
IEEE Transactions on Affective Computing,1949-3045,true,,
IEEE TRANSACTIONS ON ANTENNAS AND PROPAGATION,0018-926X;1558-2221,true,,
IEEE Transactions on Automation Science and Engineering,1545-5955;1558-3783,true,,
IEEE Transactions on Biomedical Circuits and Systems,1932-4545;1940-9990,true,,
IEEE TRANSACTIONS ON BROADCASTING,0018-9316;1557-9611,true,,
IEEE TRANSACTIONS ON CIRCUITS AND SYSTEMS FOR VIDEO TECHNOLOGY,1051-8215;1558-2205,true,,
IEEE TRANSACTIONS ON CIRCUITS AND SYSTEMS II-EXPRESS BRIEFS,1549-7747;1558-3791,true,,
IEEE TRANSACTIONS ON CIRCUITS AND SYSTEMS I-REGULAR PAPERS,1549-8328;1558-0806,true,,
IEEE TRANSACTIONS ON COMMUNICATIONS,0090-6778;1558-0857,true,,
IEEE TRANSACTIONS ON COMPUTERS,0018-9340;1557-9956,true,,
IEEE Transactions on Control of Network Systems,2325-5870;2372-2533,true,,
IEEE TRANSACTIONS ON CONTROL SYSTEMS TECHNOLOGY,1063-6536;1558-0865,true,,
IEEE Transactions on Dependable and Secure Computing,1545-5971;1941-0018,true,,
IEEE Transactions on Emerging Topics in Computing,2168-6750,true,,
IEEE TRANSACTIONS ON ENERGY CONVERSION,0885-8969;1558-0059,true,,
IEEE TRANSACTIONS ON INDUSTRY APPLICATIONS,0093-9994;1939-9367,true,,
IEEE TRANSACTIONS ON INTELLIGENT TRANSPORTATION SYSTEMS,1524-9050;1558-0016,true,,
IEEE TRANSACTIONS ON MEDICAL IMAGING,0278-0062;1558-254X,true,,
IEEE TRANSACTIONS ON MICROWAVE THEORY AND TECHNIQUES,0018-9480;1557-9670,true,,
IEEE TRANSACTIONS ON MOBILE COMPUTING,1536-1233;1558-0660,true,,
IEEE TRANSACTIONS ON MULTIMEDIA,1520-9210;1941-0077,true,,
IEEE Transactions on Network and Service Management,1932-4537,true,,
IEEE TRANSACTIONS ON NEURAL SYSTEMS AND REHABILITATION ENGINEERING,1534-4320;1558-0210,true,,
IEEE TRANSACTIONS ON PARALLEL AND DISTRIBUTED SYSTEMS,1045-9219;1558-2183,true,,
IEEE TRANSACTIONS ON POWER DELIVERY,0885-8977;1937-4208,true,,
IEEE TRANSACTIONS ON RELIABILITY,0018-9529;1558-1721,true,,
IEEE Transactions on Services Computing,1939-1374,true,,
IEEE TRANSACTIONS ON SIGNAL PROCESSING,1053-587X;1941-0476,true,,
IEEE TRANSACTIONS ON SOFTWARE ENGINEERING,0098-5589;1939-3520,true,,
IEEE TRANSACTIONS ON VEHICULAR TECHNOLOGY,0018-9545;1939-9359,true,,
IEEE TRANSACTIONS ON VISUALIZATION AND COMPUTER GRAPHICS,1077-2626;1941-0506,true,,
IEEE TRANSACTIONS ON WIRELESS COMMUNICATIONS,1536-1276;1558-2248,true,,
IEEE Vehicular Technology Magazine,1556-6072;1556-6080,true,,
IEEE-ACM Transactions on Audio Speech and Language Processing,2329-9290;2329-9304,true,,
IEEE-ACM TRANSACTIONS ON NETWORKING,1063-6692;1558-2566,true,,
IEEE-ASME TRANSACTIONS ON MECHATRONICS,1083-4435;1941-014X,true,,
ILR Review,0019-7939;2162-271X,true,,
IMA Fungus,2210-6340;2210-6359,true,,
IMA JOURNAL OF NUMERICAL ANALYSIS,0272-4979;1464-3642,true,,
IMMUNOLOGICAL REVIEWS,0105-2896;1600-065X,true,,
IMMUNOLOGY AND CELL BIOLOGY,0818-9641;1440-1711,true,,
Implementation Science,1748-5908,true,,
INDIAN ECONOMIC AND SOCIAL HISTORY REVIEW,0019-4646;0973-0893,true,,
INDIANA UNIVERSITY MATHEMATICS JOURNAL,0022-2518;1943-5258,true,,
INDOOR AIR,0905-6947;1600-0668,true,,
INDUSTRIAL & ENGINEERING CHEMISTRY RESEARCH,0888-5885;1520-5045,true,,
INDUSTRIAL AND CORPORATE CHANGE,0960-6491;1464-3650,true,,
INDUSTRIAL MARKETING MANAGEMENT,0019-8501;1873-2062,true,,
INFECTION CONTROL AND HOSPITAL EPIDEMIOLOGY,0899-823X;1559-6834,true,,
INFECTIOUS DISEASE CLINICS OF NORTH AMERICA,0891-5520;1557-9824,true,,
INFLAMMATORY BOWEL DISEASES,1078-0998;1536-4844,true,,
INFORMATION & MANAGEMENT,0378-7206;1872-7530,true,,
Information and Organization,1471-7727;1873-7919,true,,
INFORMATION AND SOFTWARE TECHNOLOGY,0950-5849;1873-6025,true,,
Information Communication & Society,1369-118X;1468-4462,true,,
INFORMATION PROCESSING & MANAGEMENT,0306-4573;1873-5371,true,,
INFORMATION SYSTEMS JOURNAL,1350-1917;1365-2575,true,,
Innovative Food Science & Emerging Technologies,1466-8564;1878-5522,true,,
Innovative Higher Education,0742-5627;1573-1758,true,,
INORGANIC CHEMISTRY,0020-1669;1520-510X,true,,
Inorganic Chemistry Frontiers,2052-1553,true,,
INQUIRY-AN INTERDISCIPLINARY JOURNAL OF PHILOSOPHY,0020-174X;1502-3923,true,,
Insights into Imaging,1869-4101,true,,
INTELLIGENCE,0160-2896;1873-7935,true,,
INTERACTIVE LEARNING ENVIRONMENTS,1049-4820;1744-5191,true,,
INTERNATIONAL BIODETERIORATION & BIODEGRADATION,0964-8305;1879-0208,true,,
INTERNATIONAL COMMUNICATIONS IN HEAT AND MASS TRANSFER,0735-1933;1879-0178,true,,
INTERNATIONAL ECONOMIC REVIEW,0020-6598;1468-2354,true,,
INTERNATIONAL ENDODONTIC JOURNAL,0143-2885;1365-2591,true,,
INTERNATIONAL GEOLOGY REVIEW,0020-6814;1938-2839,true,,
INTERNATIONAL HISTORY REVIEW,0707-5332;1949-6540,true,,
INTERNATIONAL IMMUNOLOGY,0953-8178;1460-2377,true,,
INTERNATIONAL INTERACTIONS,0305-0629;1547-7444,true,,
INTERNATIONAL JOURNAL FOR NUMERICAL AND ANALYTICAL METHODS IN GEOMECHANICS,0363-9061;1096-9853,true,,
INTERNATIONAL JOURNAL FOR PHILOSOPHY OF RELIGION,0020-7047;1572-8684,true,,
International Journal of Advertising,0265-0487;1759-3948,true,,
International Journal of Applied Earth Observation and Geoinformation,0303-2434;1569-8432,true,,
INTERNATIONAL JOURNAL OF APPROXIMATE REASONING,0888-613X;1873-4731,true,,
International Journal of Architectural Heritage,1558-3058;1558-3066,true,,
International Journal of Behavioral Nutrition and Physical Activity,1479-5868,true,,
INTERNATIONAL JOURNAL OF CANCER,0020-7136;1097-0215,true,,
International Journal of Central Banking,1815-4654;1815-7556,true,,
INTERNATIONAL JOURNAL OF CLIMATOLOGY,0899-8418;1097-0088,true,,
INTERNATIONAL JOURNAL OF COAL GEOLOGY,0166-5162;1872-7840,true,,
INTERNATIONAL JOURNAL OF COLORECTAL DISEASE,0179-1958;1432-1262,true,,
International Journal of Community Music,1752-6299;1752-6302,true,,
INTERNATIONAL JOURNAL OF COMPARATIVE SOCIOLOGY,0020-7152;1745-2554,true,,
International Journal of Computer-Supported Collaborative Learning,1556-1607;1556-1615,true,,
International Journal of Conservation Science,2067-533X;2067-8223,true,,
International Journal of Contemporary Hospitality Management,0959-6119;1757-1049,true,,
International Journal of Corpus Linguistics,1384-6655;1569-9811,true,,
International Journal of Critical Infrastructure Protection,1874-5482;2212-2087,true,,
International Journal of Cultural Policy,1028-6632;1477-2833,true,,
INTERNATIONAL JOURNAL OF EATING DISORDERS,0276-3478;1098-108X,true,,
INTERNATIONAL JOURNAL OF FATIGUE,0142-1123;1879-3452,true,,
INTERNATIONAL JOURNAL OF FORECASTING,0169-2070;1872-8200,true,,
International Journal of Greenhouse Gas Control,1750-5836;1878-0148,true,,
International Journal of Heritage Studies,1352-7258;1470-3610,true,,
International Journal of Hospitality Management,0278-4319;1873-4693,true,,
INTERNATIONAL JOURNAL OF HUMAN-COMPUTER STUDIES,1071-5819;1095-9300,true,,
INTERNATIONAL JOURNAL OF HYDROGEN ENERGY,0360-3199;1879-3487,true,,
INTERNATIONAL JOURNAL OF HYGIENE AND ENVIRONMENTAL HEALTH,1438-4639;1618-131X,true,,
INTERNATIONAL JOURNAL OF IMPACT ENGINEERING,0734-743X;1879-3509,true,,
International Journal of Inflammation,2090-8040;2042-0099,true,,
INTERNATIONAL JOURNAL OF INFORMATION MANAGEMENT,0268-4012;1873-4707,true,,
INTERNATIONAL JOURNAL OF LAW AND PSYCHIATRY,0160-2527;1873-6386,true,,
INTERNATIONAL JOURNAL OF LEXICOGRAPHY,0950-3846;1477-4577,true,,
INTERNATIONAL JOURNAL OF LIFE CYCLE ASSESSMENT,0948-3349;1614-7502,true,,
INTERNATIONAL JOURNAL OF MECHANICAL SCIENCES,0020-7403;1879-2162,true,,
INTERNATIONAL JOURNAL OF MEDICAL INFORMATICS,1386-5056;1872-8243,true,,
INTERNATIONAL JOURNAL OF MOLECULAR SCIENCES,1422-0067,true,,
International Journal of Nanomedicine,1178-2013;1176-9114,true,,
International Journal of Neural Systems,0129-0657;1793-6462,true,,
INTERNATIONAL JOURNAL OF OPERATIONS & PRODUCTION MANAGEMENT,0144-3577;1758-6593,true,,
International Journal of Oral Science,1674-2818;2049-3169,true,,
INTERNATIONAL JOURNAL OF OSTEOARCHAEOLOGY,1047-482X;1099-1212,true,,
INTERNATIONAL JOURNAL OF PHYSICAL DISTRIBUTION & LOGISTICS MANAGEMENT,0960-0035;1758-664X,true,,
International Journal of Practical Theology,1430-6921;1612-9768,true,,
INTERNATIONAL JOURNAL OF PRESSURE VESSELS AND PIPING,0308-0161;1879-3541,true,,
INTERNATIONAL JOURNAL OF PRODUCTION ECONOMICS,0925-5273;1873-7579,true,,
INTERNATIONAL JOURNAL OF PRODUCTION RESEARCH,0020-7543;1366-588X,true,,
INTERNATIONAL JOURNAL OF PUBLIC OPINION RESEARCH,0954-2892;1471-6909,true,,
INTERNATIONAL JOURNAL OF RADIATION ONCOLOGY BIOLOGY PHYSICS,0360-3016;1879-355X,true,,
INTERNATIONAL JOURNAL OF REFRACTORY METALS & HARD MATERIALS,0263-4368;0958-0611,true,,
INTERNATIONAL JOURNAL OF REFRIGERATION-REVUE INTERNATIONALE DU FROID,0140-7007;1879-2081,true,,
INTERNATIONAL JOURNAL OF ROBUST AND NONLINEAR CONTROL,1049-8923;1099-1239,true,,
INTERNATIONAL JOURNAL OF ROCK MECHANICS AND MINING SCIENCES,1365-1609;1873-4545,true,,
International Journal of Science and Mathematics Education,1571-0068;1573-1774,true,,
International Journal of Social Robotics,1875-4791;1875-4805,true,,
INTERNATIONAL JOURNAL OF SOLIDS AND STRUCTURES,0020-7683;1879-2146,true,,
International Journal of Surgery,1743-9191;1743-9159,true,,
INTERNATIONAL JOURNAL OF THERMAL SCIENCES,1290-0729;1778-4166,true,,
International Journal of Transitional Justice,1752-7716;1752-7724,true,,
INTERNATIONAL JOURNAL OF URBAN AND REGIONAL RESEARCH,0309-1317;1468-2427,true,,
INTERNATIONAL MATHEMATICS RESEARCH NOTICES,1073-7928;1687-0247,true,,
INTERNATIONAL MIGRATION REVIEW,0197-9183;1747-7379,true,,
International Multilingual Research Journal,1931-3152;1931-3160,true,,
International Political Sociology,1749-5679;1749-5687,true,,
International Public Management Journal,1096-7494;1559-3169,true,,
International Review for the Sociology of Sport,1012-6902;1461-7218,true,,
INTERNATIONAL REVIEWS IN PHYSICAL CHEMISTRY,0144-235X;1366-591X,true,,
International Shipbuilding Progress,0020-868X;1566-2829,true,,
International Small Business Journal-Researching Entrepreneurship,0266-2426;1741-2870,true,,
INTERNATIONAL STATISTICAL REVIEW,0306-7734;1751-5823,true,,
INTERNATIONALES ARCHIV FUR SOZIALGESCHICHTE DER DEUTSCHEN LITERATUR,0340-4528;1612-0442,true,,
Internet Research,1066-2243,true,,
Interpreter and Translator Trainer,1750-399X;1757-0417,true,,
Interpreting,1384-6647;1569-982X,true,,
INVESTIGATIVE OPHTHALMOLOGY & VISUAL SCIENCE,0146-0404;1552-5783,true,,
INVESTIGATIVE RADIOLOGY,0020-9996;1536-0210,true,,
IOWA LAW REVIEW,0021-0552,true,,
Irish Economic and Social History,0332-4893;2050-4918,true,,
IRISH UNIVERSITY REVIEW,0021-1427;2047-2153,true,,
ISA TRANSACTIONS,0019-0578;1879-2022,true,,
ISME Journal,1751-7362;1751-7370,true,,
IUCrJ,2052-2525,true,,
J19-The Journal of Nineteenth-Century Americanists,2166-742X;2166-7438,true,,
JAIDS-JOURNAL OF ACQUIRED IMMUNE DEFICIENCY SYNDROMES,1525-4135;1077-9450,true,,
JAMA Dermatology,2168-6068;2168-6084,true,,
JAMA Ophthalmology,2168-6165;2168-6173,true,,
JAMA Otolaryngology-Head & Neck Surgery,2168-6181;2168-619X,true,,
Japanese Journal of Mathematics,0289-2316;1861-3624,true,,
JCMS-Journal of Common Market Studies,0021-9886;1468-5965,true,,
JOGNN-JOURNAL OF OBSTETRIC GYNECOLOGIC AND NEONATAL NURSING,0884-2175;1552-6909,true,,
Journal for ImmunoTherapy of Cancer,2051-1426,true,,
JOURNAL FOR THE STUDY OF RELIGIONS AND IDEOLOGIES,1583-0039,true,,
JOURNAL OF ABNORMAL CHILD PSYCHOLOGY,0091-0627;1573-2835,true,,
JOURNAL OF ADOLESCENT HEALTH,1054-139X;1879-1972,true,,
Journal of Advanced Ceramics,2226-4108;2227-8508,true,,
JOURNAL OF ADVANCED NURSING,0309-2402;1365-2648,true,,
Journal of Advanced Research,2090-1232;2090-1224,true,,
JOURNAL OF ADVERTISING,0091-3367;1557-7805,true,,
JOURNAL OF AESTHETICS AND ART CRITICISM,0021-8529;1540-6245,true,,
JOURNAL OF AFFECTIVE DISORDERS,0165-0327;1573-2517,true,,
Journal of African Archaeology,1612-1651;2191-5784,true,,
Journal of African Cinemas,1754-9221;1754-923X,true,,
JOURNAL OF AGRICULTURAL AND FOOD CHEMISTRY,0021-8561;1520-5118,true,,
JOURNAL OF AGRICULTURAL ECONOMICS,0021-857X;1477-9552,true,,
JOURNAL OF AGRONOMY AND CROP SCIENCE,0931-2250;1439-037X,true,,
Journal of Allergy and Clinical Immunology-In Practice,2213-2198;2213-2201,true,,
JOURNAL OF AMERICAN HISTORY,0021-8723;1945-2314,true,,
JOURNAL OF ANATOMY,0021-8782;1469-7580,true,,
JOURNAL OF ANIMAL BREEDING AND GENETICS,0931-2668;1439-0388,true,,
JOURNAL OF ANIMAL ECOLOGY,0021-8790;1365-2656,true,,
JOURNAL OF ANTIMICROBIAL CHEMOTHERAPY,0305-7453;1460-2091,true,,
JOURNAL OF ANXIETY DISORDERS,0887-6185;1873-7897,true,,
JOURNAL OF APPLIED ECOLOGY,0021-8901;1365-2664,true,,
JOURNAL OF APPLIED GENETICS,1234-1983;2190-3883,true,,
Journal of Applied Philosophy,0264-3758;1468-5930,true,,
Journal of Archaeological Science-Reports,2352-409X,true,,
JOURNAL OF ARTHROPLASTY,0883-5403;1532-8406,true,,
Journal of Artificial Intelligence and Soft Computing Research,2083-2567;2449-6499,true,,
JOURNAL OF ARTIFICIAL INTELLIGENCE RESEARCH,1076-9757;1943-5037,true,,
JOURNAL OF ASIAN STUDIES,0021-9118;1752-0401,true,,
Journal of Astronomical Telescopes Instruments and Systems,2329-4124;2329-4221,true,,
Journal of Attention Disorders,1087-0547;1557-1246,true,,
JOURNAL OF AUTISM AND DEVELOPMENTAL DISORDERS,0162-3257;1573-3432,true,,
JOURNAL OF AUTOMATED REASONING,0168-7433;1573-0670,true,,
JOURNAL OF BANKING & FINANCE,0378-4266;1872-6372,true,,
JOURNAL OF BECKETT STUDIES,0309-5207;1759-7811,true,,
Journal of Behavioral Addictions,2062-5871;2063-5303,true,,
JOURNAL OF BIBLICAL LITERATURE,0021-9231;1934-3876,true,,
JOURNAL OF BIOGEOGRAPHY,0305-0270;1365-2699,true,,
Journal of Biological Engineering,1754-1611,true,,
JOURNAL OF BIOMEDICAL MATERIALS RESEARCH PART B-APPLIED BIOMATERIALS,1552-4973;1552-4981,true,,
JOURNAL OF BONE AND MINERAL RESEARCH,0884-0431;1523-4681,true,,
JOURNAL OF BROADCASTING & ELECTRONIC MEDIA,0883-8151;1550-6878,true,,
Journal of Building Engineering,2352-7102,true,,
JOURNAL OF BUSINESS ETHICS,0167-4544;1573-0697,true,,
Journal of Business Logistics,0735-3766;2158-1592,true,,
JOURNAL OF BUSINESS RESEARCH,0148-2963;1873-7978,true,,
JOURNAL OF CARDIOVASCULAR MAGNETIC RESONANCE,1097-6647;1532-429X,true,,
JOURNAL OF CATALYSIS,0021-9517;1090-2694,true,,
JOURNAL OF CATARACT AND REFRACTIVE SURGERY,0886-3350;1873-4502,true,,
JOURNAL OF CELL BIOLOGY,0021-9525;1540-8140,true,,
JOURNAL OF CELL SCIENCE,0021-9533;1477-9137,true,,
JOURNAL OF CEREAL SCIENCE,0733-5210;1095-9963,true,,
JOURNAL OF CEREBRAL BLOOD FLOW AND METABOLISM,0271-678X;1559-7016,true,,
Journal of Chemical Theory and Computation,1549-9618;1549-9626,true,,
JOURNAL OF CHILD PSYCHOLOGY AND PSYCHIATRY,0021-9630;1469-7610,true,,
JOURNAL OF CLASSIFICATION,0176-4268;1432-1343,true,,
JOURNAL OF CLEANER PRODUCTION,0959-6526;1879-1786,true,,
JOURNAL OF CLINICAL CHILD AND ADOLESCENT PSYCHOLOGY,1537-4416;1537-4424,true,,
JOURNAL OF CLINICAL ENDOCRINOLOGY & METABOLISM,0021-972X;1945-7197,true,,
JOURNAL OF CLINICAL EPIDEMIOLOGY,0895-4356;1878-5921,true,,
Journal of Clinical Medicine,2077-0383,true,,
JOURNAL OF CLINICAL PERIODONTOLOGY,0303-6979;1600-051X,true,,
JOURNAL OF CLINICAL PSYCHIATRY,0160-6689;1555-2101,true,,
Journal of CO2 Utilization,2212-9820;2212-9839,true,,
JOURNAL OF COGNITIVE NEUROSCIENCE,0898-929X;1530-8898,true,,
JOURNAL OF COMBINATORIAL THEORY SERIES B,0095-8956;1096-0902,true,,
JOURNAL OF COMMONWEALTH LITERATURE,0021-9894;1741-6442,true,,
Journal of Comparative Germanic Linguistics,1383-4924;1572-8552,true,,
JOURNAL OF COMPARATIVE NEUROLOGY,0021-9967;1096-9861,true,,
Journal of Comparative Physiology B-Biochemical Systems and Environmental Physiology,0174-1578;1432-136X,true,,
JOURNAL OF COMPOSITES FOR CONSTRUCTION,1090-0268;1943-5614,true,,
JOURNAL OF COMPUTATIONAL PHYSICS,0021-9991;1090-2716,true,,
JOURNAL OF COMPUTER ASSISTED LEARNING,0266-4909;1365-2729,true,,
Journal of Computing in Higher Education,1042-1726;1867-1233,true,,
JOURNAL OF CONSTRUCTIONAL STEEL RESEARCH,0143-974X;1873-5983,true,,
JOURNAL OF CONSULTING AND CLINICAL PSYCHOLOGY,0022-006X;1939-2117,true,,
Journal of Consumer Culture,1469-5405;1741-2900,true,,
JOURNAL OF CONSUMER PSYCHOLOGY,1057-7408;1532-7663,true,,
Journal of Contemporary China,1067-0564;1469-9400,true,,
JOURNAL OF CONTEMPORARY ETHNOGRAPHY,0891-2416;1552-5414,true,,
Journal of Contemporary Religion,1353-7903;1469-9419,true,,
JOURNAL OF CONTROLLED RELEASE,0168-3659;1873-4995,true,,
JOURNAL OF CORPORATE FINANCE,0929-1199;1872-6313,true,,
Journal of Crime & Justice,0735-648X;2158-9119,true,,
JOURNAL OF CRIMINAL JUSTICE,0047-2352;1873-6203,true,,
Journal of Crohns & Colitis,1873-9946;1876-4479,true,,
Journal of Cybersecurity,2057-2085;2057-2093,true,,
JOURNAL OF DEMOCRACY,1045-5736;1086-3214,true,,
JOURNAL OF DENTAL RESEARCH,0022-0345;1544-0591,true,,
JOURNAL OF DENTISTRY,0300-5712;1879-176X,true,,
Journal of Design History,0952-4649;1741-7279,true,,
Journal of Destination Marketing & Management,2212-571X,true,,
JOURNAL OF DEVELOPMENT ECONOMICS,0304-3878;1872-6089,true,,
JOURNAL OF DIFFERENTIAL EQUATIONS,0022-0396;1090-2732,true,,
JOURNAL OF EARLY CHRISTIAN STUDIES,1067-6341;1086-3184,true,,
Journal of Early Modern History,1385-3783;1570-0658,true,,
JOURNAL OF ECOLOGY,0022-0477;1365-2745,true,,
JOURNAL OF ECONOMIC DYNAMICS & CONTROL,0165-1889;1879-1743,true,,
JOURNAL OF ECONOMIC GEOGRAPHY,1468-2702;1468-2710,true,,
JOURNAL OF ECONOMIC HISTORY,0022-0507;1471-6372,true,,
JOURNAL OF ECONOMIC SURVEYS,0950-0804;1467-6419,true,,
JOURNAL OF EDUCATIONAL AND BEHAVIORAL STATISTICS,1076-9986;1935-1054,true,,
JOURNAL OF EDUCATIONAL PSYCHOLOGY,0022-0663;1939-2176,true,,
Journal of Empirical Legal Studies,1740-1453;1740-1461,true,,
JOURNAL OF ENDOCRINOLOGY,0022-0795;1479-6805,true,,
JOURNAL OF ENDODONTICS,0099-2399;1878-3554,true,,
JOURNAL OF ENGINEERING AND TECHNOLOGY MANAGEMENT,0923-4748;1879-1719,true,,
Journal of English for Academic Purposes,1475-1585;1878-1497,true,,
Journal of Enterprise Information Management,1741-0398;1758-7409,true,,
JOURNAL OF ENVIRONMENTAL ECONOMICS AND MANAGEMENT,0095-0696;1096-0449,true,,
Journal of Environmental Informatics,1726-2135;1684-8799,true,,
JOURNAL OF ENVIRONMENTAL PSYCHOLOGY,0272-4944;1522-9610,true,,
JOURNAL OF ENVIRONMENTAL SCIENCE AND HEALTH PART C-ENVIRONMENTAL CARCINOGENESIS & ECOTOXICOLOGY REVIEWS,1059-0501;1532-4095,true,,
JOURNAL OF ENZYME INHIBITION AND MEDICINAL CHEMISTRY,1475-6366;1475-6374,true,,
JOURNAL OF EPIDEMIOLOGY AND COMMUNITY HEALTH,0143-005X;1470-2738,true,,
JOURNAL OF ETHNIC AND MIGRATION STUDIES,1369-183X;1469-9451,true,,
JOURNAL OF ETHNOPHARMACOLOGY,0378-8741,true,,
JOURNAL OF EUROPEAN SOCIAL POLICY,0958-9287;1461-7269,true,,
JOURNAL OF EXPERIMENTAL & CLINICAL CANCER RESEARCH,1756-9966;0392-9078,true,,
JOURNAL OF EXPERIMENTAL BOTANY,0022-0957;1460-2431,true,,
JOURNAL OF EXPERIMENTAL CHILD PSYCHOLOGY,0022-0965;1096-0457,true,,
Journal of Experimental Criminology,1573-3750;1572-8315,true,,
JOURNAL OF EXPERIMENTAL EDUCATION,0022-0973;1940-0683,true,,
JOURNAL OF EXPERIMENTAL PSYCHOLOGY-GENERAL,0096-3445;1939-2222,true,,
JOURNAL OF EXPERIMENTAL PSYCHOLOGY-LEARNING MEMORY AND COGNITION,0278-7393;1939-1285,true,,
JOURNAL OF EXPERIMENTAL SOCIAL PSYCHOLOGY,0022-1031;1096-0465,true,,
Journal of Family Nursing,1074-8407;1552-549X,true,,
Journal of Field Robotics,1556-4959;1556-4967,true,,
JOURNAL OF FINANCIAL AND QUANTITATIVE ANALYSIS,0022-1090;1756-6916,true,,
Journal of Financial Econometrics,1479-8409;1479-8417,true,,
JOURNAL OF FINANCIAL INTERMEDIATION,1042-9573;1096-0473,true,,
Journal of Financial Stability,1572-3089;1878-0962,true,,
JOURNAL OF FLUENCY DISORDERS,0094-730X;1873-801X,true,,
JOURNAL OF FLUID MECHANICS,0022-1120;1469-7645,true,,
JOURNAL OF FLUIDS AND STRUCTURES,0889-9746;1095-8622,true,,
JOURNAL OF FOOD AND DRUG ANALYSIS,1021-9498,true,,
JOURNAL OF FOOD ENGINEERING,0260-8774;1873-5770,true,,
JOURNAL OF FUNCTIONAL ANALYSIS,0022-1236;1096-0783,true,,
JOURNAL OF GASTROENTEROLOGY,0944-1174;1435-5922,true,,
JOURNAL OF GENERAL PHYSIOLOGY,0022-1295;1540-7748,true,,
JOURNAL OF GEODESY,0949-7714;1432-1394,true,,
JOURNAL OF GEOPHYSICAL RESEARCH-EARTH SURFACE,2169-9003;2169-9011,true,,
JOURNAL OF GEOPHYSICAL RESEARCH-PLANETS,2169-9097;2169-9100,true,,
JOURNAL OF GEOPHYSICAL RESEARCH-SOLID EARTH,2169-9313;2169-9356,true,,
JOURNAL OF GLACIOLOGY,0022-1430;1727-5652,true,,
JOURNAL OF GRAPH THEORY,0364-9024;1097-0118,true,,
JOURNAL OF GUIDANCE CONTROL AND DYNAMICS,0731-5090;1533-3884,true,,
JOURNAL OF HEAD TRAUMA REHABILITATION,0885-9701;1550-509X,true,,
JOURNAL OF HEALTH AND SOCIAL BEHAVIOR,0022-1465;2150-6000,true,,
JOURNAL OF HEALTH ECONOMICS,0167-6296;1879-1646,true,,
JOURNAL OF HEART VALVE DISEASE,0966-8519,true,,
Journal of Hematology & Oncology,1756-8722,true,,
Journal of High Energy Astrophysics,2214-4048;2214-4056,true,,
JOURNAL OF HIGH ENERGY PHYSICS,1029-8479;1126-6708,true,,
JOURNAL OF HIGHER EDUCATION,0022-1546;1538-4640,true,,
JOURNAL OF HISTORICAL GEOGRAPHY,0305-7488;1095-8614,true,,
Journal of Hospitality & Tourism Research,1096-3480;1557-7554,true,,
Journal of Housing and the Built Environment,1566-4910;1573-7772,true,,
Journal of Human Kinetics,1640-5544;1899-7562,true,,
JOURNAL OF HYDROLOGY,0022-1694;1879-2707,true,,
JOURNAL OF HYDROMETEOROLOGY,1525-755X;1525-7541,true,,
JOURNAL OF IMMUNOLOGY,0022-1767;1550-6606,true,,
JOURNAL OF IMPERIAL AND COMMONWEALTH HISTORY,0308-6534;1743-9329,true,,
Journal of Industrial Information Integration,2467-964X;2452-414X,true,,
JOURNAL OF INFECTIOUS DISEASES,0022-1899;1537-6613,true,,
Journal of Inflammation Research,1178-7031,true,,
JOURNAL OF INFORMATION TECHNOLOGY,0268-3962;1466-4437,true,,
Journal of Information Technology & Politics,1933-1681;1933-169X,true,,
Journal of Informetrics,1751-1577;1875-5879,true,,
Journal of Intellectual Capital,1469-1930;1758-7468,true,,
JOURNAL OF INTELLIGENT MANUFACTURING,0956-5515;1572-8145,true,,
JOURNAL OF INTERDISCIPLINARY HISTORY,0022-1953;1530-9169,true,,
JOURNAL OF INTERNAL MEDICINE,0954-6820;1365-2796,true,,
JOURNAL OF INTERNATIONAL ECONOMIC LAW,1369-3034;1464-3758,true,,
JOURNAL OF INTERNATIONAL ECONOMICS,0022-1996;1873-0353,true,,
JOURNAL OF INTERNATIONAL MARKETING,1069-031X;1547-7215,true,,
JOURNAL OF INVERTEBRATE PATHOLOGY,0022-2011;1096-0805,true,,
JOURNAL OF INVESTIGATIVE DERMATOLOGY,0022-202X;1523-1747,true,,
Journal of Knowledge Management,1367-3270;1758-7484,true,,
Journal of Latin American and Caribbean Anthropology,1935-4932;1935-4940,true,,
JOURNAL OF LAW & ECONOMICS,0022-2186;1537-5285,true,,
JOURNAL OF LAW AND SOCIETY,0263-323X;1467-6478,true,,
Journal of Law and the Biosciences,2053-9711,true,,
JOURNAL OF LAW ECONOMICS & ORGANIZATION,8756-6222;1465-7341,true,,
JOURNAL OF LEARNING DISABILITIES,0022-2194;1538-4780,true,,
Journal of Legal Analysis,1946-5319;2161-7201,true,,
JOURNAL OF LEGAL STUDIES,0047-2530;1537-5366,true,,
JOURNAL OF LIGHTWAVE TECHNOLOGY,0733-8724;1558-2213,true,,
JOURNAL OF LINGUISTICS,0022-2267;1469-7742,true,,
JOURNAL OF LIPID RESEARCH,0022-2275;1539-7262,true,,
JOURNAL OF LITERACY RESEARCH,1086-296X;1554-8430,true,,
JOURNAL OF LITERARY SEMANTICS,0341-7638;1613-3838,true,,
JOURNAL OF MACHINE LEARNING RESEARCH,1532-4435;1533-7928,true,,
JOURNAL OF MANAGEMENT STUDIES,0022-2380;1467-6486,true,,
Journal of Manufacturing Processes,1526-6125,true,,
JOURNAL OF MANUFACTURING SYSTEMS,0278-6125;1878-6642,true,,
Journal of Marketing Education,0273-4753;1552-6550,true,,
Journal of Materials Chemistry A,2050-7488;2050-7496,true,,
Journal of Materials Chemistry B,2050-750X;2050-7518,true,,
Journal of Materials Chemistry C,2050-7526;2050-7534,true,,
JOURNAL OF MATERIALS PROCESSING TECHNOLOGY,0924-0136,true,,
Journal of Materiomics,2352-8478;2352-8486,true,,
Journal of Mathematical Fluid Mechanics,1422-6928;1422-6952,true,,
JOURNAL OF MEDICAL ETHICS,0306-6800;1473-4257,true,,
JOURNAL OF MEDICAL GENETICS,0022-2593;1468-6244,true,,
JOURNAL OF MEDICAL INTERNET RESEARCH,1438-8871,true,,
JOURNAL OF MEDICINE AND PHILOSOPHY,0360-5310;1744-5019,true,,
JOURNAL OF MEDIEVAL AND EARLY MODERN STUDIES,1082-9636;1527-8263,true,,
JOURNAL OF MEDIEVAL HISTORY,0304-4181;1873-1279,true,,
Journal of Medieval Iberian Studies,1754-6559;1754-6567,true,,
JOURNAL OF MEMBRANE SCIENCE,0376-7388;1873-3123,true,,
JOURNAL OF MEMORY AND LANGUAGE,0749-596X;1096-0821,true,,
Journal of Mixed Methods Research,1558-6898;1558-6901,true,,
Journal of Modern Dynamics,1930-5311;1930-532X,true,,
JOURNAL OF MOLECULAR AND CELLULAR CARDIOLOGY,0022-2828;1095-8584,true,,
JOURNAL OF MOLECULAR BIOLOGY,0022-2836;1089-8638,true,,
Journal of Molecular Cell Biology,1674-2788;1759-4685,true,,
JOURNAL OF MOLECULAR DIAGNOSTICS,1525-1578;1943-7811,true,,
JOURNAL OF MOLECULAR MEDICINE-JMM,0946-2716;1432-1440,true,,
JOURNAL OF MONEY CREDIT AND BANKING,0022-2879;1538-4616,true,,
JOURNAL OF NANOBIOTECHNOLOGY,1477-3155,true,,
Journal of Natural Fibers,1544-0478;1544-046X,true,,
JOURNAL OF NETWORK AND COMPUTER APPLICATIONS,1084-8045;1095-8592,true,,
Journal of Neural Engineering,1741-2560;1741-2552,true,,
JOURNAL OF NEUROCHEMISTRY,0022-3042;1471-4159,true,,
Journal of NeuroEngineering and Rehabilitation,1743-0003,true,,
JOURNAL OF NEUROLOGY NEUROSURGERY AND PSYCHIATRY,0022-3050;1468-330X,true,,
JOURNAL OF NEUROSCIENCE,0270-6474;1529-2401,true,,
JOURNAL OF NEUROSURGERY,0022-3085;1933-0693,true,,
JOURNAL OF NEUROSURGERY-SPINE,1547-5654;1547-5646,true,,
JOURNAL OF NUCLEAR MEDICINE,0161-5505;1535-5667,true,,
Journal of Numerical Mathematics,1570-2820;1569-3953,true,,
JOURNAL OF NURSING SCHOLARSHIP,1527-6546;1547-5069,true,,
JOURNAL OF NUTRITION,0022-3166;1541-6100,true,,
JOURNAL OF OCCUPATIONAL AND ORGANIZATIONAL PSYCHOLOGY,0963-1798;2044-8325,true,,
Journal of Occupational Health Psychology,1076-8998;1939-1307,true,,
JOURNAL OF ORGANIC CHEMISTRY,0022-3263;1520-6904,true,,
JOURNAL OF ORNITHOLOGY,0021-8375;1439-0361,true,,
JOURNAL OF ORTHOPAEDIC TRAUMA,0890-5339;1531-2291,true,,
JOURNAL OF PACIFIC HISTORY,0022-3344;1469-9605,true,,
JOURNAL OF PAIN,1526-5900,true,,
JOURNAL OF PATHOLOGY,0022-3417;1096-9896,true,,
Journal of Pathology Clinical Research,2056-4538,true,,
Journal of Pediatric Nursing-Nursing Care of Children & Families,0882-5963;1532-8449,true,,
JOURNAL OF PEDIATRIC ORTHOPAEDICS,0271-6798;1539-2570,true,,
Journal of Pediatric Urology,1477-5131;1873-4898,true,,
JOURNAL OF PEDIATRICS,0022-3476;1097-6833,true,,
JOURNAL OF PERIODONTOLOGY,0022-3492;1943-3670,true,,
JOURNAL OF PERSONALITY,0022-3506;1467-6494,true,,
Journal of Pharmaceutical Analysis,2095-1779;2214-0883,true,,
JOURNAL OF PHARMACOLOGY AND EXPERIMENTAL THERAPEUTICS,0022-3565;1521-0103,true,,
JOURNAL OF PHILOSOPHICAL LOGIC,0022-3611;1573-0433,true,,
JOURNAL OF PHYSICAL CHEMISTRY B,1520-6106;1520-5207,true,,
Journal of Physical Chemistry C,1932-7447;1932-7455,true,,
JOURNAL OF PHYSICAL OCEANOGRAPHY,0022-3670;1520-0485,true,,
Journal of Physiotherapy,1836-9553;1836-9561,true,,
JOURNAL OF POLICY ANALYSIS AND MANAGEMENT,0276-8739;1520-6688,true,,
Journal of Political Ecology,1073-0451,true,,
Journal of Political Ideologies,1356-9317;1469-9613,true,,
JOURNAL OF POLITICS,0022-3816;1468-2508,true,,
JOURNAL OF POWER SOURCES,0378-7753;1873-2755,true,,
JOURNAL OF PRAGMATICS,0378-2166;1879-1387,true,,
Journal of Problem Solving,1932-6246,true,,
JOURNAL OF PROCESS CONTROL,0959-1524;1873-2771,true,,
JOURNAL OF PRODUCT INNOVATION MANAGEMENT,0737-6782;1540-5885,true,,
Journal of Prosthodontic Research,1883-1958;2212-4632,true,,
JOURNAL OF PSYCHIATRIC RESEARCH,0022-3956;1879-1379,true,,
JOURNAL OF PSYCHIATRY & NEUROSCIENCE,1180-4882;1488-2434,true,,
JOURNAL OF PSYCHOPHARMACOLOGY,0269-8811;1461-7285,true,,
JOURNAL OF PUBLIC ECONOMICS,0047-2727,true,,
Journal of Public Relations Research,1062-726X;1532-754X,true,,
JOURNAL OF QUALITY TECHNOLOGY,0022-4065;2575-6230,true,,
JOURNAL OF RESEARCH IN PERSONALITY,0092-6566;1095-7251,true,,
Journal of Research on Educational Effectiveness,1934-5747;1934-5739,true,,
Journal of Research on Technology in Education,1539-1523;1945-0818,true,,
JOURNAL OF RETAILING,0022-4359;1873-3271,true,,
JOURNAL OF RISK AND INSURANCE,0022-4367;1539-6975,true,,
Journal of Roman Archaeology,1047-7594;2331-5709,true,,
JOURNAL OF SCHOOL PSYCHOLOGY,0022-4405;1873-3506,true,,
JOURNAL OF SCIENCE AND MEDICINE IN SPORT,1440-2440;1878-1861,true,,
Journal of Science Teacher Education,1046-560X;1573-1847,true,,
Journal of Screenwriting,1759-7137;1759-7145,true,,
JOURNAL OF SEMITIC STUDIES,0022-4480;1477-8556,true,,
Journal of Service Management,1757-5818;1757-5826,true,,
JOURNAL OF SEX RESEARCH,0022-4499;1559-8519,true,,
Journal of Sexual Medicine,1743-6095;1743-6109,true,,
JOURNAL OF SHOULDER AND ELBOW SURGERY,1058-2746;1532-6500,true,,
JOURNAL OF SOCIAL ISSUES,0022-4537;1540-4560,true,,
Journal of Space Weather and Space Climate,2115-7251,true,,
JOURNAL OF STRATEGIC INFORMATION SYSTEMS,0963-8687;1873-1198,true,,
JOURNAL OF STRUCTURAL ENGINEERING,0733-9445;1943-541X,true,,
Journal of Survey Statistics and Methodology,2325-0984;2325-0992,true,,
Journal of Sustainable Tourism,0966-9582;1747-7646,true,,
JOURNAL OF TECHNOLOGY TRANSFER,0892-9912;1573-7047,true,,
JOURNAL OF TERRAMECHANICS,0022-4898;1879-1204,true,,
JOURNAL OF THE ACADEMY OF MARKETING SCIENCE,0092-0703;1552-7824,true,,
JOURNAL OF THE AMERICAN ACADEMY OF CHILD AND ADOLESCENT PSYCHIATRY,0890-8567;1527-5418,true,,
JOURNAL OF THE AMERICAN ACADEMY OF DERMATOLOGY,0190-9622;1097-6787,true,,
JOURNAL OF THE AMERICAN ACADEMY OF ORTHOPAEDIC SURGEONS,1067-151X;1940-5480,true,,
JOURNAL OF THE AMERICAN COLLEGE OF SURGEONS,1072-7515;1879-1190,true,,
JOURNAL OF THE AMERICAN GERIATRICS SOCIETY,0002-8614;1532-5415,true,,
Journal of the American Heart Association,2047-9980,true,,
JOURNAL OF THE AMERICAN HELICOPTER SOCIETY,0002-8711;2161-6027,true,,
Journal of the American Medical Directors Association,1525-8610;1538-9375,true,,
JOURNAL OF THE AMERICAN MEDICAL INFORMATICS ASSOCIATION,1067-5027;1527-974X,true,,
JOURNAL OF THE AMERICAN ORIENTAL SOCIETY,0003-0279;2169-2289,true,,
Journal of the Association for Information Science and Technology,2330-1635;2330-1643,true,,
Journal of the Association for Information Systems,1536-9323;1558-3457,true,,
Journal of the Association of Environmental and Resource Economists,2333-5955;2333-5963,true,,
JOURNAL OF THE ATMOSPHERIC SCIENCES,0022-4928;1520-0469,true,,
JOURNAL OF THE EUROPEAN ACADEMY OF DERMATOLOGY AND VENEREOLOGY,0926-9959;1468-3083,true,,
JOURNAL OF THE EUROPEAN CERAMIC SOCIETY,0955-2219;1873-619X,true,,
JOURNAL OF THE GEOLOGICAL SOCIETY,0016-7649;2041-479X,true,,
Journal of the Institute of Mathematics of Jussieu,1474-7480;1475-3030,true,,
JOURNAL OF THE LONDON MATHEMATICAL SOCIETY-SECOND SERIES,0024-6107;1469-7750,true,,
JOURNAL OF THE MECHANICS AND PHYSICS OF SOLIDS,0022-5096;1873-4782,true,,
Journal of the National Comprehensive Cancer Network,1540-1405;1540-1413,true,,
JOURNAL OF THE ROYAL STATISTICAL SOCIETY SERIES A-STATISTICS IN SOCIETY,0964-1998;1467-985X,true,,
JOURNAL OF THE ROYAL STATISTICAL SOCIETY SERIES C-APPLIED STATISTICS,0035-9254;1467-9876,true,,
JOURNAL OF THEOLOGICAL STUDIES,0022-5185;1477-4607,true,,
JOURNAL OF THEORETICAL POLITICS,0951-6298;1460-3667,true,,
JOURNAL OF THERMAL SPRAY TECHNOLOGY,1059-9630;1544-1016,true,,
JOURNAL OF THORACIC AND CARDIOVASCULAR SURGERY,0022-5223;1097-685X,true,,
Journal of Thoracic Oncology,1556-0864;1556-1380,true,,
JOURNAL OF THROMBOSIS AND HAEMOSTASIS,1538-7933;1538-7836,true,,
Journal of Tissue Engineering and Regenerative Medicine,1932-6254;1932-7005,true,,
Journal of Topology,1753-8416;1753-8424,true,,
Journal of Transport Geography,0966-6923;1873-1236,true,,
Journal of Trauma and Acute Care Surgery,2163-0755;2163-0763,true,,
JOURNAL OF TURBOMACHINERY-TRANSACTIONS OF THE ASME,0889-504X;1528-8900,true,,
Journal of Unconventional Oil and Gas Resources,2213-3976,true,,
JOURNAL OF URBAN ECONOMICS,0094-1190;1095-9068,true,,
JOURNAL OF UROLOGY,0022-5347;1527-3792,true,,
JOURNAL OF VASCULAR SURGERY,0741-5214;1097-6809,true,,
JOURNAL OF VESTIBULAR RESEARCH-EQUILIBRIUM & ORIENTATION,0957-4271;1878-6464,true,,
Journal of Veterinary Research,2450-7393;2450-8608,true,,
JOURNAL OF VIROLOGY,0022-538X;1098-5514,true,,
JOURNAL OF VOCATIONAL BEHAVIOR,0001-8791;1095-9084,true,,
JOURNAL OF VOLCANOLOGY AND GEOTHERMAL RESEARCH,0377-0273;1872-6097,true,,
JOURNAL OF WATER RESOURCES PLANNING AND MANAGEMENT,0733-9496;1943-5452,true,,
JOURNAL OF WIND ENGINEERING AND INDUSTRIAL AERODYNAMICS,0167-6105;1872-8197,true,,
JOURNAL OF WOOD CHEMISTRY AND TECHNOLOGY,0277-3813;1532-2319,true,,
JOURNAL OF WORLD BUSINESS,1090-9516;1878-5573,true,,
JOURNAL OF WORLD HISTORY,1045-6007;1527-8050,true,,
JOURNAL OF WORLD PREHISTORY,0892-7537;1573-7802,true,,
JOURNAL OF YOUTH AND ADOLESCENCE,0047-2891;1573-6601,true,,
JOURNALS OF GERONTOLOGY SERIES A-BIOLOGICAL SCIENCES AND MEDICAL SCIENCES,1079-5006;1758-535X,true,,
JUSTICE QUARTERLY,0741-8825;1745-9109,true,,
Kantian Review,1369-4154;2044-2394,true,,
KIDNEY INTERNATIONAL,0085-2538;1523-1755,true,,
Kidney International Supplements,2157-1716;2157-1724,true,,
KRITIKA-EXPLORATIONS IN RUSSIAN AND EURASIAN HISTORY,1531-023X;1538-5000,true,,
LAB ON A CHIP,1473-0197;1473-0189,true,,
Laboratory Phonology,1868-6346;1868-6354,true,,
LABOUR ECONOMICS,0927-5371;1879-1034,true,,
LAND USE POLICY,0264-8377;1873-5754,true,,
LANDFALL,0023-7930,true,,
LANDSCAPE ECOLOGY,0921-2973;1572-9761,true,,
Landslides,1612-510X;1612-5118,true,,
LANGUAGE & COMMUNICATION,0271-5309,true,,
Language & History,1759-7536;1759-7544,true,,
Language and Intercultural Communication,1470-8477;1747-759X,true,,
Language and Linguistics Compass,1749-818X,true,,
LANGUAGE AND SPEECH,0023-8309;1756-6053,true,,
Language Awareness,0965-8416;1747-7565,true,,
Language Culture and Curriculum,0790-8318;1747-7573,true,,
Language Learning and Development,1547-5441;1547-3341,true,,
Language Policy,1568-4555;1573-1863,true,,
LAW AND HUMAN BEHAVIOR,0147-7307;1573-661X,true,,
LAW AND SOCIAL INQUIRY-JOURNAL OF THE AMERICAN BAR FOUNDATION,0897-6546;1747-4469;1545-696X,true,,
Leadership,1742-7150;1742-7169,true,,
LEARNING & MEMORY,1072-0502;1549-5485,true,,
Learning Media and Technology,1743-9884;1743-9892,true,,
Leukos,1550-2724;1550-2716,true,,
Leviathan-A Journal of Melville Studies,1525-6995;1750-1849,true,,
LIBRARY QUARTERLY,0024-2519;1549-652X,true,,
LILI-ZEITSCHRIFT FUR LITERATURWISSENSCHAFT UND LINGUISTIK,0049-8653;2365-953X,true,,
LIMNOLOGY AND OCEANOGRAPHY,0024-3590;1939-5590,true,,
Linguistic Approaches to Bilingualism,1879-9264;1879-9272,true,,
Lithic Technology,0197-7261;2051-6185,true,,
LITHOS,0024-4937;1872-6143,true,,
Lithosphere,1941-8264;1947-4253,true,,
LIT-Literature Interpretation Theory,1043-6928;1545-5866,true,,
Liver Cancer,2235-1795;1664-5553,true,,
Livestock Science,1871-1413;1878-0490,true,,
LONG RANGE PLANNING,0024-6301;1873-1872,true,,
MACHINE LEARNING,0885-6125;1573-0565,true,,
MACROMOLECULES,0024-9297;1520-5835,true,,
Madrygal-Revista de Estudios Gallegos,1138-9664;1988-3285,true,,
MAMMAL REVIEW,0305-1838;1365-2907,true,,
Management Accounting Research,1044-5005;1096-1224,true,,
MARINE AND PETROLEUM GEOLOGY,0264-8172;1873-4073,true,,
MARINE CHEMISTRY,0304-4203;1872-7581,true,,
MASS SPECTROMETRY REVIEWS,0277-7037;1098-2787,true,,
Materials,1996-1944,true,,
MATERIALS & DESIGN,0264-1275;1873-4197,true,,
Materials Research Letters,2166-3831,true,,
MATERIALS SCIENCE AND ENGINEERING A-STRUCTURAL MATERIALS PROPERTIES MICROSTRUCTURE AND PROCESSING,0921-5093;1873-4936,true,,
MATHEMATICAL FINANCE,0960-1627;1467-9965,true,,
MATHEMATICAL MODELS & METHODS IN APPLIED SCIENCES,0218-2025;1793-6314,true,,
MATHEMATICAL PROGRAMMING,0025-5610;1436-4646,true,,
MATHEMATICS OF COMPUTATION,0025-5718;1088-6842,true,,
MATRIX BIOLOGY,0945-053X;1569-1802,true,,
MAYO CLINIC PROCEEDINGS,0025-6196;1942-5546,true,,
mBio,2150-7511;2161-2129,true,,
MEAT SCIENCE,0309-1740;1873-4138,true,,
MEDIA PSYCHOLOGY,1521-3269;1532-785X,true,,
Media War and Conflict,1750-6352;1750-6360,true,,
MEDICAL AND VETERINARY ENTOMOLOGY,0269-283X;1365-2915,true,,
MEDICAL CARE,0025-7079;1537-1948,true,,
MEDICAL EDUCATION,0308-0110;1365-2923,true,,
MEDICAL SCIENCE MONITOR,1643-3750;1234-1010,true,,
MEDICINAL RESEARCH REVIEWS,0198-6325;1098-1128,true,,
MEDICINE AND SCIENCE IN SPORTS AND EXERCISE,0195-9131;1530-0315,true,,
Meditari Accountancy Research,2049-372X;2049-3738,true,,
Mediterranean Historical Review,0951-8967;1743-940X,true,,
MEDIUM AEVUM,0025-8385,true,,
MEMORY & COGNITION,0090-502X;1532-5946,true,,
METABOLIC ENGINEERING,1096-7176;1096-7184,true,,
METABOLISM-CLINICAL AND EXPERIMENTAL,0026-0495;1532-8600,true,,
METAPHOR AND SYMBOL,1092-6488;1532-7868,true,,
Method & Theory in the Study of Religion,0943-3058;1570-0682,true,,
Methods in Ecology and Evolution,2041-210X;2041-2096,true,,
Microbiome,2049-2618,true,,
MICROCHIMICA ACTA,0026-3672;1436-5073,true,,
Microsystems & Nanoengineering,2055-7434,true,,
Middle Eastern Literatures,1475-262X;1475-2638,true,,
Migration Studies,2049-5838;2049-5846,true,,
MILBANK QUARTERLY,0887-378X;1468-0009,true,,
MILTON QUARTERLY,0026-4326;1094-348X,true,,
Mind Brain and Education,1751-2271;1751-228X,true,,
MINNESOTA LAW REVIEW,0026-5535,true,,
MIS Quarterly Executive,1540-1960;1540-1979,true,,
Mission Studies,0168-9789;1573-3831,true,,
Mobile DNA,1759-8753,true,,
MOBILE NETWORKS & APPLICATIONS,1383-469X;1572-8153,true,,
Mobilities,1745-0101;1745-011X,true,,
MODERN DRAMA,0026-7694;1712-5286,true,,
MODERN PATHOLOGY,0893-3952;1530-0285,true,,
Modern Theology,0266-7177;1468-0025,true,,
MOLECULAR & CELLULAR PROTEOMICS,1535-9476;1535-9484,true,,
MOLECULAR AND CELLULAR BIOLOGY,0270-7306;1098-5549,true,,
MOLECULAR ASPECTS OF MEDICINE,0098-2997;1872-9452,true,,
Molecular Autism,2040-2392,true,,
Molecular Cancer,1476-4598,true,,
MOLECULAR CANCER RESEARCH,1541-7786;1557-3125,true,,
MOLECULAR CANCER THERAPEUTICS,1535-7163;1538-8514,true,,
MOLECULAR ECOLOGY,0962-1083;1365-294X,true,,
Molecular Ecology Resources,1755-098X;1755-0998,true,,
Molecular Metabolism,2212-8778,true,,
Molecular Neurodegeneration,1750-1326,true,,
Molecular Oncology,1878-0261;1574-7891,true,,
MOLECULAR PHARMACEUTICS,1543-8384;1543-8392,true,,
MOLECULAR PHARMACOLOGY,0026-895X;1521-0111,true,,
MOLECULAR PHYLOGENETICS AND EVOLUTION,1055-7903;1095-9513,true,,
Molecular Plant,1674-2052;1752-9867,true,,
MOLECULAR PLANT-MICROBE INTERACTIONS,0894-0282;1943-7706,true,,
MOLECULAR THERAPY,1525-0016;1525-0024,true,,
Molecular Therapy-Nucleic Acids,2162-2531,true,,
MOLECULES,1420-3049,true,,
MONTHLY NOTICES OF THE ROYAL ASTRONOMICAL SOCIETY,0035-8711;1365-2966,true,,
MONTHLY WEATHER REVIEW,0027-0644;1520-0493,true,,
MOVEMENT DISORDERS,0885-3185;1531-8257,true,,
mSystems,2379-5077,true,,
MULTIBODY SYSTEM DYNAMICS,1384-5640;1573-272X,true,,
MULTIVARIATE BEHAVIORAL RESEARCH,0027-3171;1532-7906,true,,
MUSIC ANALYSIS,0262-5245;1468-2249,true,,
MUSIC PERCEPTION,0730-7829,true,,
MUSICAE SCIENTIAE,1029-8649;2045-4147,true,,
MUSICAL QUARTERLY,0027-4631;1741-8399,true,,
Nano Research,1998-0124;1998-0000,true,,
Nanomedicine-Nanotechnology Biology and Medicine,1549-9634;1549-9642,true,,
Nano-Micro Letters,2311-6706;2150-5551,true,,
Nanophotonics,2192-8606;2192-8614,true,,
Nanoscale,2040-3364;2040-3372,true,,
Nanotoxicology,1743-5390;1743-5404,true,,
NATURAL LANGUAGE & LINGUISTIC THEORY,0167-806X;1573-0859,true,,
Natural Language Engineering,1351-3249;1469-8110,true,,
Natural Language Semantics,0925-854X;1572-865X,true,,
Nature Reviews Urology,1759-4812;1759-4820,true,,
NDT & E INTERNATIONAL,0963-8695;1879-1174,true,,
NeoBiota,1619-0033;1314-2488,true,,
NEOPLASIA,1476-5586;1522-8002,true,,
NEPHROLOGY DIALYSIS TRANSPLANTATION,0931-0509;1460-2385,true,,
Network Science,2050-1242;2050-1250,true,,
NETWORKS,0028-3045;1097-0037,true,,
NEURAL COMPUTATION,0899-7667;1530-888X,true,,
Neurobiology of Stress,2352-2895,true,,
NEUROCOMPUTING,0925-2312;1872-8286,true,,
NEUROEPIDEMIOLOGY,0251-5350;1423-0208,true,,
NEUROGASTROENTEROLOGY AND MOTILITY,1350-1925;1365-2982,true,,
NEUROIMAGE,1053-8119;1095-9572,true,,
NeuroImage-Clinical,2213-1582,true,,
NEUROINFORMATICS,1539-2791;1559-0089,true,,
NEUROLOGY,0028-3878;1526-632X,true,,
Neurology-Neuroimmunology & Neuroinflammation,2332-7812,true,,
NEURO-ONCOLOGY,1522-8517;1523-5866,true,,
NEUROPATHOLOGY AND APPLIED NEUROBIOLOGY,0305-1846;1365-2990,true,,
NEUROPHARMACOLOGY,0028-3908;1873-7064,true,,
NEUROPSYCHOLOGY REVIEW,1040-7308;1573-6660,true,,
NEUROPSYCHOPHARMACOLOGY,0893-133X;1740-634X,true,,
NEUROREHABILITATION AND NEURAL REPAIR,1545-9683;1552-6844,true,,
NEUROSCIENCE,0306-4522;1873-7544,true,,
NEUROSCIENTIST,1073-8584;1089-4098,true,,
Neurotherapeutics,1933-7213;1878-7479,true,,
NEUROUROLOGY AND URODYNAMICS,0733-2467;1520-6777,true,,
NEW ASTRONOMY REVIEWS,1387-6473;1872-9630,true,,
NEW GERMAN CRITIQUE,0094-033X;1558-1462,true,,
NEW JOURNAL OF PHYSICS,1367-2630,true,,
NEW LEFT REVIEW,0028-6060;2044-0480,true,,
NEW PHYTOLOGIST,0028-646X;1469-8137,true,,
NEW POLITICAL ECONOMY,1356-3467;1469-9923,true,,
NEW TESTAMENT STUDIES,0028-6885;1469-8145,true,,
NEW YORK UNIVERSITY LAW REVIEW,0028-7881,true,,
NEWSLETTERS ON STRATIGRAPHY,0078-0421,true,,
NINETEENTH-CENTURY LITERATURE,0891-9356;1067-8352,true,,
Nonlinear Analysis-Hybrid Systems,1751-570X;1878-7460,true,,
NONLINEAR ANALYSIS-THEORY METHODS & APPLICATIONS,0362-546X;1873-5215,true,,
NONLINEAR DYNAMICS,0924-090X;1573-269X,true,,
NORTHWESTERN UNIVERSITY LAW REVIEW,0029-3571,true,,
Notre Dame Journal of Formal Logic,0029-4527;1939-0726,true,,
NPG Asia Materials,1884-4049;1884-4057,true,,
NUCLEAR FUSION,0029-5515;1741-4326,true,,
NUCLEAR PHYSICS B,0550-3213;1873-1562,true,,
NUMERISCHE MATHEMATIK,0029-599X;0945-3245,true,,
Nutrients,2072-6643,true,,
NUTRITION,0899-9007;1873-1244,true,,
Nutrition Journal,1475-2891,true,,
NUTRITION RESEARCH REVIEWS,0954-4224;1475-2700,true,,
NUTRITION REVIEWS,0029-6643;1753-4887,true,,
OBSTETRICS AND GYNECOLOGY,0029-7844,true,,
OCCUPATIONAL AND ENVIRONMENTAL MEDICINE,1351-0711;1470-7926,true,,
OCEAN ENGINEERING,0029-8018,true,,
Ocular Surface,1542-0124;1937-5913,true,,
OMEGA-INTERNATIONAL JOURNAL OF MANAGEMENT SCIENCE,0305-0483,true,,
ONCOGENE,0950-9232;1476-5594,true,,
OncoImmunology,2162-402X;2162-4011,true,,
ONCOLOGIST,1083-7159;1549-490X,true,,
OPERA QUARTERLY,0736-0053;1476-2870,true,,
OPERATIONS RESEARCH,0030-364X;1526-5463,true,,
OPTICS AND LASERS IN ENGINEERING,0143-8166;1873-0302,true,,
OPTICS EXPRESS,1094-4087,true,,
OPTICS LETTERS,0146-9592;1539-4794,true,,
ORAL ONCOLOGY,1368-8375;1879-0593,true,,
ORBIS LITTERARUM,0105-7510;1600-0730,true,,
ORE GEOLOGY REVIEWS,0169-1368;1872-7360,true,,
Organic Chemistry Frontiers,2052-4129;2052-4110,true,,
ORGANIC LETTERS,1523-7060;1523-7052,true,,
ORGANIZATION,1350-5084;1461-7323,true,,
ORGANIZATION & ENVIRONMENT,1086-0266;1552-7417,true,,
ORGANIZATION STUDIES,0170-8406;1741-3044,true,,
ORGANIZATIONAL BEHAVIOR AND HUMAN DECISION PROCESSES,0749-5978;1095-9920,true,,
Organizational Psychology Review,2041-3866;2041-3874,true,,
Orthodontics & Craniofacial Research,1601-6335;1601-6343,true,,
ORTHOPEDIC CLINICS OF NORTH AMERICA,0030-5898;1558-1373,true,,
OSTEOARTHRITIS AND CARTILAGE,1063-4584;1522-9653,true,,
OSTEOPOROSIS INTERNATIONAL,0937-941X;1433-2965,true,,
OXFORD ART JOURNAL,0142-6540;1741-7287,true,,
Oxford Journal of Law and Religion,2047-0770;2047-0789,true,,
OXFORD LITERARY REVIEW,0305-1498;1757-1634,true,,
PACIFIC PHILOSOPHICAL QUARTERLY,0279-0750;1468-0114,true,,
PACIFIC REVIEW,0951-2748;1470-1332,true,,
PAIN,0304-3959;1872-6623,true,,
PALLIATIVE MEDICINE,0269-2163;1477-030X,true,,
PARIS REVIEW,0031-2037,true,,
Particle and Fibre Toxicology,1743-8977,true,,
PATIENT EDUCATION AND COUNSELING,0738-3991,true,,
PATTERN RECOGNITION,0031-3203;1873-5142,true,,
PEDIATRIC DIABETES,1399-543X;1399-5448,true,,
PEDIATRIC NEPHROLOGY,0931-041X;1432-198X,true,,
PERSONALITY AND SOCIAL PSYCHOLOGY BULLETIN,0146-1672;1552-7433,true,,
Personality Disorders-Theory Research and Treatment,1949-2715;1949-2723,true,,
Perspectives on Politics,1537-5927;1541-0986,true,,
Perspectives-Studies in Translation Theory and Practice,0907-676X;1747-6623,true,,
PEST MANAGEMENT SCIENCE,1526-498X;1526-4998,true,,
Petroleum Exploration and Development,1000-0747,true,,
PHARMACOECONOMICS,1170-7690;1179-2027,true,,
PHARMACOGENOMICS JOURNAL,1470-269X;1473-1150,true,,
Philosophia Mathematica,0031-8019;1744-6406,true,,
Philosophical Explorations,1386-9795;1741-5918,true,,
PHILOSOPHICAL TRANSACTIONS OF THE ROYAL SOCIETY B-BIOLOGICAL SCIENCES,0962-8436;1471-2970,true,,
PHILOSOPHY AND LITERATURE,0190-0013;1086-329X,true,,
Philosophy Compass,1747-9991,true,,
Photoacoustics,2213-5979,true,,
PHOTOGRAMMETRIC ENGINEERING AND REMOTE SENSING,0099-1112;2374-8079,true,,
Photonics Research,2327-9125,true,,
Physical Education and Sport Pedagogy,1740-8989;1742-5786,true,,
Physical Mesomechanics,1029-9599;1990-5424,true,,
Physical Review Applied,2331-7019,true,,
PHYSICAL REVIEW B,2469-9950;2469-9969,true,,
PHYSICAL REVIEW C,2469-9985;2469-9993,true,,
PHYSICAL REVIEW D,2470-0010;2470-0029,true,,
PHYSICAL REVIEW E,2470-0045;2470-0053,true,,
PHYSICS LETTERS B,0370-2693;1873-2445,true,,
Physics of Life Reviews,1571-0645;1873-1457,true,,
Physics of the Dark Universe,2212-6864,true,,
PHYSIOLOGY,1548-9213;1548-9221,true,,
PHYTOMEDICINE,0944-7113,true,,
Pigment Cell & Melanoma Research,1755-1471;1755-148X,true,,
PLACENTA,0143-4004;1532-3102,true,,
PLANT AND CELL PHYSIOLOGY,0032-0781;1471-9053,true,,
PLANT AND SOIL,0032-079X;1573-5036,true,,
PLANT BIOTECHNOLOGY JOURNAL,1467-7644;1467-7652,true,,
PLANT CELL AND ENVIRONMENT,0140-7791;1365-3040,true,,
PLANT JOURNAL,0960-7412;1365-313X,true,,
Plant Methods,1746-4811,true,,
PLANT PATHOLOGY,0032-0862;1365-3059,true,,
PLANT PHYSIOLOGY,0032-0889;1532-2548,true,,
PLASMA SOURCES SCIENCE & TECHNOLOGY,0963-0252;1361-6595,true,,
PLASTIC AND RECONSTRUCTIVE SURGERY,0032-1052;1529-4242,true,,
PLoS Computational Biology,1553-7358;1553-734X,true,,
PLoS Genetics,1553-7404;1553-7390,true,,
PLoS Neglected Tropical Diseases,1935-2735;1935-2727,true,,
PLoS Pathogens,1553-7366;1553-7374,true,,
POETICS TODAY,0333-5372,true,,
Policing & Society,1043-9463;1477-2728,true,,
POLICY SCIENCES,0032-2687;1573-0891,true,,
POLICY STUDIES JOURNAL,0190-292X;1541-0072,true,,
POLITICAL COMMUNICATION,1058-4609;1091-7675,true,,
POLITICAL GEOGRAPHY,0962-6298;1873-5096,true,,
POLITICAL PSYCHOLOGY,0162-895X;1467-9221,true,,
POLITICAL STUDIES,0032-3217;1467-9248,true,,
POLITICAL THEORY,0090-5917;1552-7476,true,,
Polymer Chemistry,1759-9954;1759-9962,true,,
Polymer Reviews,1558-3724;1558-3716,true,,
POPULATION AND DEVELOPMENT REVIEW,0098-7921;1728-4457,true,,
POPULATION AND ENVIRONMENT,0199-0039;1573-7810,true,,
Population Health Metrics,1478-7954,true,,
Population Space and Place,1544-8444;1544-8452,true,,
POSTHARVEST BIOLOGY AND TECHNOLOGY,0925-5214;1873-2356,true,,
POULTRY SCIENCE,0032-5791;1525-3171,true,,
POWDER TECHNOLOGY,0032-5910;1873-328X,true,,
Practical Theology,1756-073X;1756-0748,true,,
PRECISION AGRICULTURE,1385-2256;1573-1618,true,,
PREVENTIVE VETERINARY MEDICINE,0167-5877;1873-1716,true,,
PRINT QUARTERLY,0265-8305,true,,
PROBABILITY THEORY AND RELATED FIELDS,0178-8051;1432-2064,true,,
PROCEEDINGS OF THE LONDON MATHEMATICAL SOCIETY,0024-6115;1460-244X,true,,
PROCEEDINGS OF THE NUTRITION SOCIETY,0029-6651;1475-2719,true,,
PROCEEDINGS OF THE ROYAL SOCIETY B-BIOLOGICAL SCIENCES,0962-8452;1471-2954,true,,
PROGRESS IN CARDIOVASCULAR DISEASES,0033-0620;1873-1740;1532-8643,true,,
Progress in Earth and Planetary Science,2197-4284,true,,
PROGRESS IN NUCLEAR MAGNETIC RESONANCE SPECTROSCOPY,0079-6565,true,,
PROGRESS IN OCEANOGRAPHY,0079-6611,true,,
PROGRESS IN PHOTOVOLTAICS,1062-7995;1099-159X,true,,
PROGRESS IN PHYSICAL GEOGRAPHY,0309-1333;1477-0296,true,,
Project Management Journal,8756-9728;1938-9507,true,,
Protein & Cell,1674-800X;1674-8018,true,,
PSYCHOLOGICAL ASSESSMENT,1040-3590;1939-134X,true,,
PSYCHOLOGICAL MEDICINE,0033-2917;1469-8978,true,,
PSYCHOLOGY CRIME & LAW,1068-316X;1477-2744,true,,
Psychology of Violence,2152-0828;2152-081X,true,,
PSYCHOLOGY OF WOMEN QUARTERLY,0361-6843;1471-6402,true,,
PSYCHOLOGY PUBLIC POLICY AND LAW,1076-8971;1939-1528,true,,
PSYCHOMETRIKA,0033-3123;1860-0980,true,,
PSYCHONEUROENDOCRINOLOGY,0306-4530,true,,
PSYCHOPHARMACOLOGY,0033-3158;1432-2072,true,,
PUBLIC ADMINISTRATION,0033-3298;1467-9299,true,,
PUBLIC CULTURE,0899-2363;1527-8018,true,,
Public Management Review,1471-9037;1471-9045,true,,
PUBLICATIONS OF THE ASTRONOMICAL SOCIETY OF THE PACIFIC,0004-6280;1538-3873,true,,
PUNISHMENT & SOCIETY-INTERNATIONAL JOURNAL OF PENOLOGY,1462-4745;1741-3095,true,,
PURE AND APPLIED CHEMISTRY,0033-4545;1365-3075,true,,
QME-Quantitative Marketing and Economics,1570-7156;1573-711X,true,,
Qualitative Research,1468-7941;1741-3109,true,,
Qualitative Sociology,0162-0436;1573-7837,true,,
Quantitative Economics,1759-7323;1759-7331,true,,
Quantitative InfraRed Thermography Journal,1768-6733;2116-7176,true,,
Quantum,2521-327X,true,,
Quantum Topology,1663-487X;1664-073X,true,,
QUARTERLY REVIEWS OF BIOPHYSICS,0033-5835;1469-8994,true,,
QUATERNARY SCIENCE REVIEWS,0277-3791,true,,
RADIOCARBON,0033-8222;1945-5755,true,,
RADIOGRAPHICS,0271-5333;1527-1323,true,,
RADIOTHERAPY AND ONCOLOGY,0167-8140;1879-0887,true,,
RAND JOURNAL OF ECONOMICS,0741-6261;1756-2171,true,,
Random Matrices-Theory and Applications,2010-3263;2010-3271,true,,
READING RESEARCH QUARTERLY,0034-0553;1936-2722,true,,
Redox Biology,2213-2317,true,,
REGIONAL ANESTHESIA AND PAIN MEDICINE,1098-7339;1532-8651,true,,
REGIONAL SCIENCE AND URBAN ECONOMICS,0166-0462;1879-2308,true,,
REGIONAL STUDIES,0034-3404;1360-0591,true,,
RELIABILITY ENGINEERING & SYSTEM SAFETY,0951-8320;1879-0836,true,,
Remote Sensing in Ecology and Conservation,2056-3485,true,,
RENEWABLE ENERGY,0960-1481,true,,
Representation Theory,1088-4165,true,,
REPRODUCTION FERTILITY AND DEVELOPMENT,1031-3613;1448-5990,true,,
Reproductive Biology and Endocrinology,1477-7827,true,,
RESEARCH EVALUATION,0958-2029;1471-5449,true,,
RESEARCH IN AFRICAN LITERATURES,0034-5210;1527-2044,true,,
Research in Autism Spectrum Disorders,1750-9467;1878-0237,true,,
RESEARCH IN ENGINEERING DESIGN,0934-9839;1435-6066,true,,
RESEARCH IN HIGHER EDUCATION,0361-0365;1573-188X,true,,
RESEARCH IN NURSING & HEALTH,0160-6891;1098-240X,true,,
RESEARCH IN THE TEACHING OF ENGLISH,0034-527X,true,,
RESEARCH ON LANGUAGE AND SOCIAL INTERACTION,0835-1813;1532-7973,true,,
RESOURCES CONSERVATION AND RECYCLING,0921-3449;1879-0658,true,,
RESOURCES POLICY,0301-4207;1873-7641,true,,
RETHINKING HISTORY,1364-2529;1470-1154,true,,
RETINA-THE JOURNAL OF RETINAL AND VITREOUS DISEASES,0275-004X;1539-2864,true,,
REVIEW OF ENGLISH STUDIES,0034-6551;1471-6968,true,,
Review of Finance,1572-3097;1573-692X,true,,
REVIEW OF HIGHER EDUCATION,0162-5748;1090-7009,true,,
REVIEW OF INTERNATIONAL POLITICAL ECONOMY,0969-2290;1466-4526,true,,
Review of Philosophy and Psychology,1878-5158;1878-5166,true,,
Review of Symbolic Logic,1755-0203;1755-0211,true,,
REVIEWS IN CHEMICAL ENGINEERING,0167-8299;2191-0235,true,,
REVIEWS IN ENDOCRINE & METABOLIC DISORDERS,1389-9155;1573-2606,true,,
REVIEWS IN ENVIRONMENTAL SCIENCE AND BIO-TECHNOLOGY,1569-1705;1572-9826,true,,
REVIEWS IN FISH BIOLOGY AND FISHERIES,0960-3166;1573-5184,true,,
Reviews in Fisheries Science & Aquaculture,2330-8249;2330-8257,true,,
REVISTA DE DIALECTOLOGIA Y TRADICIONES POPULARES,0034-7981;1988-8457,true,,
REVUE D HISTOIRE MODERNE ET CONTEMPORAINE,0048-8003,true,,
REVUE DE MUSICOLOGIE,0035-1601,true,,
Rhetoric Society Quarterly,0277-3945;1930-322X,true,,
RHEUMATOLOGY,1462-0324;1462-0332,true,,
Rice,1939-8425;1939-8433,true,,
RMD Open,2056-5933,true,,
RNA,1355-8382;1469-9001,true,,
Road Materials and Pavement Design,1468-0629;2164-7402,true,,
ROBOTICS AND AUTONOMOUS SYSTEMS,0921-8890;1872-793X,true,,
ROBOTICS AND COMPUTER-INTEGRATED MANUFACTURING,0736-5845;1879-2537,true,,
Rock Art Research,0813-0426,true,,
ROMANISCHE FORSCHUNGEN,0035-8126;1864-0737,true,,
RURAL SOCIOLOGY,0036-0112;1549-0831,true,,
SAFETY SCIENCE,0925-7535;1879-1042,true,,
SCANDINAVIAN JOURNAL OF MEDICINE & SCIENCE IN SPORTS,0905-7188;1600-0838,true,,
SCANDINAVIAN JOURNAL OF STATISTICS,0303-6898;1467-9469,true,,
SCANDINAVIAN JOURNAL OF WORK ENVIRONMENT & HEALTH,0355-3140;1795-990X,true,,
Scando-Slavica,0080-6765;1600-082X,true,,
SCHIZOPHRENIA RESEARCH,0920-9964;1573-2509,true,,
SCHOOL EFFECTIVENESS AND SCHOOL IMPROVEMENT,0924-3453;1744-5124,true,,
Science Bulletin,2095-9273;2095-9281,true,,
Science Signaling,1945-0877;1937-9145,true,,
SCIENCE TECHNOLOGY & HUMAN VALUES,0162-2439;1552-8251,true,,
SCIENTIA HORTICULTURAE,0304-4238;1879-1018,true,,
Scientific Data,2052-4463,true,,
Scientific Reports,2045-2322,true,,
SCRIPTA MATERIALIA,1359-6462,true,,
SECURITY DIALOGUE,0967-0106;1460-3640,true,,
SEDIMENTOLOGY,0037-0746;1365-3091,true,,
SEISMOLOGICAL RESEARCH LETTERS,0895-0695;1938-2057,true,,
Selecta Mathematica-New Series,1022-1824;1420-9020,true,,
Semantic Web,1570-0844;2210-4968,true,,
Semantics & Pragmatics,1937-8912,true,,
SEMINARS IN ARTHRITIS AND RHEUMATISM,0049-0172;1532-866X,true,,
SEMINARS IN CANCER BIOLOGY,1044-579X;1096-3650,true,,
SEMINARS IN CELL & DEVELOPMENTAL BIOLOGY,1084-9521;1096-3634,true,,
Seminars in Fetal & Neonatal Medicine,1744-165X;1878-0946,true,,
SEMINARS IN IMMUNOLOGY,1044-5323;1096-3618,true,,
Seminars in Immunopathology,1863-2297;1863-2300,true,,
SEPARATION AND PURIFICATION REVIEWS,1542-2119;1542-2127,true,,
SEPARATION AND PURIFICATION TECHNOLOGY,1383-5866;1873-3794,true,,
Shakespeare,1745-0918;1745-0926,true,,
SIAM Journal on Imaging Sciences,1936-4954,true,,
SIAM JOURNAL ON MATHEMATICAL ANALYSIS,0036-1410;1095-7154,true,,
SIAM JOURNAL ON MATRIX ANALYSIS AND APPLICATIONS,0895-4798;1095-7162,true,,
SIAM JOURNAL ON NUMERICAL ANALYSIS,0036-1429;1095-7170,true,,
SIAM JOURNAL ON OPTIMIZATION,1052-6234;1095-7189,true,,
SIAM JOURNAL ON SCIENTIFIC COMPUTING,1064-8275;1095-7197,true,,
Sign Systems Studies,1406-4243;1736-7409,true,,
SIGNAL PROCESSING,0165-1684;1872-7557,true,,
Skandinavskaya Filologiya,0202-2397;2618-9518,true,,
Slavery & Abolition,0144-039X;1743-9523,true,,
SLAVIC REVIEW,0037-6779;2325-7784,true,,
SLEEP,1550-9109;0161-8105,true,,
Sleep Health,2352-7218;2352-7226,true,,
SMALL BUSINESS ECONOMICS,0921-898X;1573-0913,true,,
SOCIAL & CULTURAL GEOGRAPHY,1464-9365;1470-1197,true,,
Social Movement Studies,1474-2837;1474-2829,true,,
SOCIAL PROBLEMS,0037-7791;1533-8533,true,,
Social Psychology,1864-9335;2151-2590,true,,
SOCIAL PSYCHOLOGY QUARTERLY,0190-2725;1939-8999,true,,
SOCIAL SCIENCE & MEDICINE,0277-9536,true,,
SOCIAL SCIENCE COMPUTER REVIEW,0894-4393;1552-8286,true,,
Socio-Economic Review,1475-1461;1475-147X,true,,
SOCIOLOGICAL REVIEW,0038-0261;1467-954X,true,,
SOCIOLOGY OF SPORT JOURNAL,0741-1235;1543-2785,true,,
SOCIOLOGY-THE JOURNAL OF THE BRITISH SOCIOLOGICAL ASSOCIATION,0038-0385;1469-8684,true,,
SOIL & TILLAGE RESEARCH,0167-1987;1879-3444,true,,
SOILS AND FOUNDATIONS,0038-0806,true,,
SOLAR ENERGY,0038-092X,true,,
SOLAR ENERGY MATERIALS AND SOLAR CELLS,0927-0248;1879-3398,true,,
Solid Earth,1869-9510;1869-9529,true,,
SOUTH AFRICAN HISTORICAL JOURNAL,0258-2473;1726-1686,true,,
SOUTHERN CALIFORNIA LAW REVIEW,0038-3910,true,,
SPACE SCIENCE REVIEWS,0038-6308;1572-9672,true,,
SPE JOURNAL,1086-055X;1930-0220,true,,
SPECTROCHIMICA ACTA PART A-MOLECULAR AND BIOMOLECULAR SPECTROSCOPY,1386-1425,true,,
SPEECH COMMUNICATION,0167-6393;1872-7182,true,,
SPINE,0362-2436;1528-1159,true,,
Spine Journal,1529-9430;1878-1632,true,,
Sport Management Review,1441-3523,true,,
Stata Journal,1536-867X,true,,
State Politics & Policy Quarterly,1532-4400;1946-1607,true,,
STATISTICA SINICA,1017-0405;1996-8507,true,,
STATISTICS AND COMPUTING,0960-3174;1573-1375,true,,
Statistics Surveys,1935-7516,true,,
Stem Cell Reports,2213-6711,true,,
STEM CELLS,1066-5099;1549-4918,true,,
Storica,1125-0194;1973-2236,true,,
STROKE,0039-2499;1524-4628,true,,
Structural Control & Health Monitoring,1545-2255;1545-2263,true,,
STRUCTURAL EQUATION MODELING-A MULTIDISCIPLINARY JOURNAL,1070-5511;1532-8007,true,,
STRUCTURAL SAFETY,0167-4730;1879-3355,true,,
Studia Historica-Historia Medieval,0213-2060,true,,
Studia Logica,0039-3215,true,,
STUDIA NEOPHILOLOGICA,0039-3274;1651-2308,true,,
Studies in American Indian Literatures,0730-3238;1548-9590,true,,
STUDIES IN ENGLISH LITERATURE 1500-1900,0039-3657;1522-9270,true,,
STUDIES IN FAMILY PLANNING,0039-3665;1728-4465,true,,
STUDIES IN HIGHER EDUCATION,0307-5079;1470-174X,true,,
STUDIES IN HISTORY AND PHILOSOPHY OF SCIENCE,0039-3681;1879-2510,true,,
Studies in History and Philosophy of Science Part C-Studies in History and Philosophy of Biological and Biomedial Sciences,1369-8486;1879-2499,true,,
STUDIES IN PHILOSOPHY AND EDUCATION,0039-3746;1573-191X,true,,
Studies in Spanish & Latin American Cinemas,2050-4837;2050-4845,true,,
Studies in Theatre and Performance,1468-2761;2040-0616,true,,
SUICIDE AND LIFE-THREATENING BEHAVIOR,0363-0234;1943-278X,true,,
Sungkyun Journal of East Asian Studies,1598-2661,true,,
SUPPLY CHAIN MANAGEMENT-AN INTERNATIONAL JOURNAL,1359-8546;1758-6852,true,,
SURGICAL ENDOSCOPY AND OTHER INTERVENTIONAL TECHNIQUES,0930-2794;1432-2218,true,,
SURVEY OF OPHTHALMOLOGY,0039-6257;1879-3304,true,,
Survey Research Methods,1864-3361,true,,
SURVEYS IN GEOPHYSICS,0169-3298;1573-0956,true,,
Sustainability Science,1862-4065;1862-4057,true,,
Sustainable Energy Technologies and Assessments,2213-1388;2213-1396,true,,
Swarm and Evolutionary Computation,2210-6502;2210-6510,true,,
SYMBOLIC INTERACTION,0195-6086;1533-8665,true,,
SYSTEMATIC ENTOMOLOGY,0307-6970;1365-3113,true,,
TDR-The Drama Review-The Journal of Performance Studies,1054-2043;1531-4715,true,,
Teachers and Teaching,1354-0602;1470-1278,true,,
Teaching Theology and Religion,1368-4868;1467-9647,true,,
Technological and Economic Development of Economy,2029-4913;2029-4921,true,,
TECHNOLOGICAL FORECASTING AND SOCIAL CHANGE,0040-1625;1873-5509,true,,
TECHNOMETRICS,0040-1706;1537-2723,true,,
TECHNOVATION,0166-4972;1879-2383,true,,
TECTONICS,0278-7407;1944-9194,true,,
TECTONOPHYSICS,0040-1951;1879-3266,true,,
TELEMATICS AND INFORMATICS,0736-5853,true,,
Television & New Media,1527-4764;1552-8316,true,,
TELLUS SERIES B-CHEMICAL AND PHYSICAL METEOROLOGY,1600-0889;0280-6509,true,,
TERRORISM AND POLITICAL VIOLENCE,0954-6553;1556-1836,true,,
THEATRE RESEARCH INTERNATIONAL,0307-8833;1474-0672,true,,
Theology & Sexuality,1355-8358;1745-5170,true,,
Theology and Science,1474-6700;1474-6719,true,,
THEORETICAL CRIMINOLOGY,1362-4806;1461-7439,true,,
Theoretical Economics,1555-7561,true,,
THEORY AND RESEARCH IN SOCIAL EDUCATION,0093-3104;2163-1654,true,,
THEORY CULTURE & SOCIETY,0263-2764;1460-3616,true,,
Theory of Computing,1557-2862,true,,
Theranostics,1838-7640,true,,
Therapeutic Advances in Chronic Disease,2040-6223;2040-6231,true,,
Therapeutic Advances in Medical Oncology,1758-8340;1758-8359,true,,
Therapeutic Advances in Musculoskeletal Disease,1759-720X;1759-7218,true,,
THERIOGENOLOGY,0093-691X;1879-3231,true,,
THINKING & REASONING,1354-6783;1464-0708,true,,
Thinking Skills and Creativity,1871-1871;1878-0423,true,,
THIN-WALLED STRUCTURES,0263-8231;1879-3223,true,,
THORAX,0040-6376;1468-3296,true,,
Thought-A Journal of Philosophy,2161-2234,true,,
THROMBOSIS AND HAEMOSTASIS,0340-6245;2567-689X,true,,
TIJDSCHRIFT VOOR NEDERLANDSE TAAL-EN LETTERKUNDE,0040-7550,true,,
Tissue Engineering Part A,1937-3341;1937-335X,true,,
Tissue Engineering Part B-Reviews,1937-3368;1937-3376,true,,
Topics in Current Chemistry,2365-0869;2364-8961,true,,
TOPICS IN LANGUAGE DISORDERS,0271-8294;1550-3259,true,,
TOPOI-AN INTERNATIONAL REVIEW OF PHILOSOPHY,0167-7411;1572-8749,true,,
TOXICOLOGY AND APPLIED PHARMACOLOGY,0041-008X;1096-0333,true,,
TRAC-TRENDS IN ANALYTICAL CHEMISTRY,0165-9936;1879-3142,true,,
TRANSACTIONS OF THE AMERICAN MATHEMATICAL SOCIETY,0002-9947;1088-6850,true,,
Transactions of the American Philological Association,0360-5949;1533-0699,true,,
TRANSFORMATION GROUPS,1083-4362;1531-586X,true,,
TRANSFUSION MEDICINE REVIEWS,0887-7963;1532-9496,true,,
Translation Studies,1478-1700;1751-2921,true,,
Translational Lung Cancer Research,2218-6751;2226-4477,true,,
Translational Neurodegeneration,2047-9158,true,,
Translational Research,1931-5244;1878-1810,true,,
Translational Stroke Research,1868-4483;1868-601X,true,,
TRANSPORT REVIEWS,0144-1647;1464-5327,true,,
TRANSPORTATION RESEARCH PART A-POLICY AND PRACTICE,0965-8564,true,,
TRANSPORTATION RESEARCH PART D-TRANSPORT AND ENVIRONMENT,1361-9209,true,,
TRANSPORTATION RESEARCH PART E-LOGISTICS AND TRANSPORTATION REVIEW,1366-5545,true,,
Travel Medicine and Infectious Disease,1477-8939;1873-0442,true,,
TREE PHYSIOLOGY,0829-318X;1758-4469,true,,
Trends in Cancer,2405-8025;2405-8033,true,,
TRENDS IN PARASITOLOGY,1471-4922;1471-5007,true,,
TUNNELLING AND UNDERGROUND SPACE TECHNOLOGY,0886-7798,true,,
Twentieth Century British History,0955-2359;1477-4674,true,,
TWENTIETH CENTURY LITERATURE,0041-462X;2325-8101,true,,
ULTRAMICROSCOPY,0304-3991;1879-2723,true,,
ULTRASONICS,0041-624X;1874-9968,true,,
ULTRASONICS SONOCHEMISTRY,1350-4177;1873-2828,true,,
ULTRASOUND IN OBSTETRICS & GYNECOLOGY,0960-7692;1469-0705,true,,
Urban Design International,1357-5317;1468-4519,true,,
URBAN STUDIES,0042-0980;1360-063X,true,,
Vaccines,2076-393X,true,,
VALUE IN HEALTH,1098-3015;1524-4733,true,,
VANDERBILT LAW REVIEW,0042-2533;1942-9886,true,,
VEHICLE SYSTEM DYNAMICS,0042-3114;1744-5159,true,,
Vehicular Communications,2214-2096,true,,
VETERINARY ANAESTHESIA AND ANALGESIA,1467-2987;1467-2995,true,,
VETERINARY JOURNAL,1090-0233;1532-2971,true,,
VETERINARY PARASITOLOGY,0304-4017;1873-2550,true,,
VETERINARY PATHOLOGY,0300-9858;1544-2217,true,,
VETUS TESTAMENTUM,0042-4935;1568-5330,true,,
VICTORIAN POETRY,0042-5206;1530-7190,true,,
VICTORIAN STUDIES,0042-5222;1527-2052,true,,
Virtual and Physical Prototyping,1745-2759;1745-2767,true,,
VLDB JOURNAL,1066-8888;0949-877X,true,,
WATER RESEARCH,0043-1354,true,,
WATER RESOURCES RESEARCH,0043-1397;1944-7973,true,,
Weather and Climate Extremes,2212-0947,true,,
WEATHER AND FORECASTING,0882-8156;1520-0434,true,,
WESTERN FOLKLORE,0043-373X,true,,
WILDLIFE MONOGRAPHS,0084-0173;1938-5455,true,,
Wiley Interdisciplinary Reviews-Climate Change,1757-7780;1757-7799,true,,
Wiley Interdisciplinary Reviews-Energy and Environment,2041-8396;2041-840X,true,,
Wiley Interdisciplinary Reviews-Nanomedicine and Nanobiotechnology,1939-5116;1939-0041,true,,
Wiley Interdisciplinary Reviews-RNA,1757-7004;1757-7012,true,,
Wiley Interdisciplinary Reviews-Water,2049-1948,true,,
WIND ENERGY,1095-4244;1099-1824,true,,
WINTERTHUR PORTFOLIO-A JOURNAL OF AMERICAN MATERIAL CULTURE,0084-0416;1545-6927,true,,
WORK AND OCCUPATIONS,0730-8884;1552-8464,true,,
WORK AND STRESS,0267-8373;1464-5335,true,,
WORK EMPLOYMENT AND SOCIETY,0950-0170;1469-8722,true,,
World Allergy Organization Journal,1939-4551,true,,
WORLD BANK RESEARCH OBSERVER,0257-3032;1564-6971,true,,
WORLD DEVELOPMENT,0305-750X,true,,
World Journal Of Emergency Medicine,1920-8642,true,,
World Journal of Emergency Surgery,1749-7922,true,,
World Journal of Orthopedics,2218-5836,true,,
ZEITSCHRIFT DER DEUTSCHEN MORGENLANDISCHEN GESELLSCHAFT,0341-0137,true,,
ZEITSCHRIFT FUR ANTIKES CHRISTENTUM-JOURNAL OF ANCIENT CHRISTIANITY,0949-9571;1612-961X,true,,
Zeitschrift fur Assyriologie und Vorderasiatische Archaologie,0084-5299;1613-1150,true,,
ZEITSCHRIFT FUR DEUTSCHE PHILOLOGIE,0044-2496,true,,
ZEITSCHRIFT FUR DEUTSCHES ALTERTUM UND DEUTSCHE LITERATUR,0044-2518,true,,
ZEITSCHRIFT FUR SLAVISCHE PHILOLOGIE,0044-3492,true,,
ZOOLOGICAL JOURNAL OF THE LINNEAN SOCIETY,0024-4082;1096-3642,true,,
Zoological Letters,2056-306X,true,,
,1094-9224,true,,
,1221-4973;2344-150X,true,,
,1240-4543,true,,
,2168-3492;2169-4796,true,,
,0360-9081,true,,
,0263-6751,true,,
,0066-2313,true,,
,2165-8102;2165-8110,true,,
,0084-6570;1545-4290,true,,
,1947-5438;1947-5446,true,,
,2333-9683;2333-9691,true,,
,2327-056X;2327-0578,true,,
,2214-7535,true,,
,2405-8866,true,,
,0067-9674;0718-9303,true,,
,0003-097X,true,,
,1470-3629;1360-4813,true,,
,0277-5921,true,,
,2196-5412,true,,
,1934-3396;1934-340X,true,,
,1408-967X,true,,
,1738-5997,true,,
,2215-1532,true,,
Fachsprache-Journal of Professional and Scientific Communication,1017-3285;2523-9201,true,,
,1551-3076;1551-3084,true,,
,1551-3955;1551-3963,true,,
,2296-889X,true,,
,1795-6889,true,,
,2352-6467,true,,
,2041-2223,true,,
,2196-1115,true,,
,2352-1775,true,,
,2212-7445;2212-7453,true,,
,0148-0227,true,,
,1756-4905;1756-4913,true,,
,1536-0652;1539-2465,true,,
,1052-6773,true,,
,1522-6379,true,,
,0104-9313,true,,
,2213-8463,true,,
,0076-5872,true,,
,1745-3933,true,,
,2164-8344,true,,
,1384-5829,true,,
,2352-3646,true,,
,0066-7374;1467-9264,true,,
,0762-1000,true,,
,1768-9260,true,,
,2199-3971;2199-398X,true,,
,0190-2407,true,,
Systematic Reviews,2046-4053,true,,
,1382-4554,true,,
,1609-9982;2074-7705,true,,
,0049-8114,true,,
,1337-8384,true,,
,1853-1296;2408-3801,true,,
Przegląd Sejmowy,1230-5502,true,,
Critique,0301-7605;1748-8605,true,,
Białostockie Studia Prawnicze,1689-7404,true,,
Annual Review of Genomics and Human Genetics,1527-8204;1545-293X,true,,
Reviews of Environmental Contamination and Toxicology,0179-5953;2197-6554,true,,
Annual Review of Cell and Developmental Biology,1081-0706;1530-8995,true,,
