name,issns,active,withdrawn_date,withdrawal_reason
20 ET 21 - REVUE D HISTOIRE,2649-664X;2649-6100,true,,
3 BIOTECH,2190-5738;2190-572X,true,,
4OR - A QUARTERLY JOURNAL OF OPERATIONS RESEARCH,1619-4500;1614-2411,true,,
AAA - ARBEITEN AUS ANGLISTIK UND AMERIKANISTIK,0171-5410,true,,
AACN ADVANCED CRITICAL CARE,1559-7776;1559-7768,true,,
AAPS JOURNAL,1550-7416,true,,
AAPS PHARMSCITECH,1530-9932,true,,
AB IMPERIO - STUDIES OF NEW IMPERIAL HISTORY AND NATIONALISM IN THE POST-SOVIET SPACE,2166-4072;2164-9731,true,,
ABCD - ARQUIVOS BRASILEIROS DE CIRURGIA DIGESTIVA - BRAZILIAN ARCHIVES OF DIGESTIVE SURGERY,2317-6326;0102-6720,true,,
ABDOMINAL RADIOLOGY,2366-0058;2366-004X,true,,
ACADEMIA - REVISTA LATINOAMERICANA DE ADMINISTRACION,2056-5127;1012-8255,true,,
ACAROLOGIA,2107-7207;0044-586X,true,,
ACCESS TO JUSTICE IN EASTERN EUROPE,2663-0583;2663-0575,true,,
ACCOUNTING AND FINANCE,1467-629X;0810-5391,true,,
ACCOUNTING HISTORY,1749-3374;1032-3732,true,,
ACCOUNTING HISTORY REVIEW,2155-286X;2155-2851,true,,
ACCOUNTING HORIZONS,1558-7975;0888-7993,true,,
ACCOUNTING IN EUROPE,1744-9499;1744-9480,true,,
ACCOUNTING RESEARCH JOURNAL,1839-5465;1030-9616,true,,
ACI MATERIALS JOURNAL,1944-737X;0889-325X,true,,
ACI STRUCTURAL JOURNAL,1944-7361;0889-3241,true,,
ACM JOURNAL OF DATA AND INFORMATION QUALITY,1936-1963;1936-1955,true,,
ACM JOURNAL ON EMERGING TECHNOLOGIES IN COMPUTING SYSTEMS,1550-4840;1550-4832,true,,
ACM SIGCOMM COMPUTER COMMUNICATION REVIEW,1943-5819;0146-4833,true,,
ACM TRANSACTIONS ON ACCESSIBLE COMPUTING,1936-7236;1936-7228,true,,
ACM TRANSACTIONS ON ASIAN AND LOW-RESOURCE LANGUAGE INFORMATION PROCESSING,2375-4702;2375-4699,true,,
ACM TRANSACTIONS ON AUTONOMOUS AND ADAPTIVE SYSTEMS,1556-4703;1556-4665,true,,
ACM TRANSACTIONS ON DATABASE SYSTEMS,1557-4644;0362-5915,true,,
ACM TRANSACTIONS ON EMBEDDED COMPUTING SYSTEMS,1558-3465;1539-9087,true,,
ACM TRANSACTIONS ON MODELING AND PERFORMANCE EVALUATION OF COMPUTING SYSTEMS,2376-3647;2376-3639,true,,
ACM TRANSACTIONS ON PARALLEL COMPUTING,2329-4957;2329-4949,true,,
ACM TRANSACTIONS ON PROGRAMMING LANGUAGES AND SYSTEMS,1558-4593;0164-0925,true,,
ACM TRANSACTIONS ON SENSOR NETWORKS,1550-4867;1550-4859,true,,
ACOUSTICAL PHYSICS,1562-6865;1063-7710,true,,
ACOUSTICS,2624-599X,true,,
ACOUSTICS AUSTRALIA,1839-2571;0814-6039,true,,
ACS APPLIED BIO MATERIALS,2576-6422,true,,
ACS BIOMATERIAL SCIENCE AND ENGINEERING,2373-9878,true,,
ACSM'S HEALTH AND FITNESS JOURNAL,1536-593X;1091-5397,true,,
ACTA ACUSTICA,2681-4617;1022-4793,true,,
ACTA AGRICULTURAE SCANDINAVICA - SECTION A: ANIMAL SCIENCE,1651-1972;0906-4702,true,,
ACTA AGRICULTURAE SCANDINAVICA - SECTION B SOIL AND PLANT SCIENCE,1651-1913;0906-4710,true,,
ACTA AGROBOTANICA,2300-357X;0065-0951,true,,
ACTA AMAZONICA,1809-4392;0044-5967,true,,
ACTA ANAESTHESIOLOGICA SCANDINAVICA,1399-6576;0001-5172,true,,
ACTA APPLICANDAE MATHEMATICAE,1572-9036;0167-8019,true,,
ACTA ARCHAEOLOGICA,1600-0390;0065-101X,true,,
ACTA ASTRONOMICA,0001-5237,true,,
ACTA BIOCHIMICA ET BIOPHYSICA SINICA,1745-7270;1672-9145,true,,
ACTA BIOLOGICA CRACOVIENSIA SERIES BOTANICA,1898-0295;0001-5296,true,,
ACTA BIOTHEORETICA,1572-8358;0001-5342,true,,
ACTA BOTANICA BRASILICA,1677-941X;0102-3306,true,,
ACTA BOTANICA CROATICA,1847-8476;0365-0588,true,,
ACTA CARDIOLOGICA SINICA,1011-6842,true,,
ACTA CHIMICA SINICA,0567-7351,true,,
ACTA CHIMICA SLOVENICA,1580-3155;1318-0207,true,,
ACTA CHIROPTEROLOGICA,1733-5329;1508-1109,true,,
ACTA CHROMATOGRAPHICA,2083-5736;1233-2356,true,,
ACTA CIRURGICA BRASILEIRA,1678-2674;0102-8650,true,,
ACTA CLINICA BELGICA,2295-3337;1784-3286,true,,
ACTA CLINICA CROATICA,1333-9451;0353-9466,true,,
ACTA CRYSTALLOGRAPHICA SECTION A: FOUNDATIONS AND ADVANCES,2053-2733,true,,
"ACTA CRYSTALLOGRAPHICA. SECTION C, STRUCTURAL CHEMISTRY",2053-2296,true,,
ACTA CYTOLOGICA,1938-2650;0001-5547,true,,
ACTA DIABETOLOGICA,1432-5233;0940-5429,true,,
ACTA ET COMMENTATIONES UNIVERSITATIS TARTUENSIS DE MATHEMATICA,2228-4699;1406-2283,true,,
ACTA ETHOLOGICA,1437-9546;0873-9749,true,,
ACTA FACULTATIS XYLOLOGIAE ZVOLEN,1336-3824,true,,
ACTA GEOCHIMICA,2365-7499;2096-0956,true,,
ACTA GEODAETICA ET GEOPHYSICA,2213-5820;2213-5812,true,,
ACTA GEOLOGICA POLONICA,2300-1887;0001-5709,true,,
ACTA GEOPHYSICA,1895-7455;1895-6572,true,,
ACTA HAEMATOLOGICA,1421-9662;0001-5792,true,,
ACTA HERPETOLOGICA,1827-9643;1827-9635,true,,
ACTA ICHTHYOLOGICA ET PISCATORIA,1734-1515;0137-1592,true,,
ACTA LITERARIA,0717-6848;0716-0909,true,,
ACTA MATHEMATICA HUNGARICA,1588-2632;0236-5294,true,,
ACTA MATHEMATICA SCIENTIA,1572-9087;0252-9602,true,,
"ACTA MATHEMATICA SINICA, ENGLISH SERIES",1439-8516;1439-7617,true,,
ACTA MECHANICA,1619-6937;0001-5970,true,,
ACTA MECHANICA SOLIDA SINICA,1860-2134;0894-9166,true,,
ACTA MEDICA INDONESIANA,2338-2732;0125-9326,true,,
ACTA MEDICA OKAYAMA,0386-300X,true,,
ACTA MEDICA PORTUGUESA,1646-0758;0870-399X,true,,
JINSHU XUEBAO/ACTA METALLURGICA SINICA,0412-1961,true,,
ACTA METALLURGICA SLOVACA,1338-1156;1335-1532,true,,
ACTA MONTANISTICA SLOVACA,1335-1788;1339-3103,true,,
ACTA MUSICOLOGICA,0001-6241,true,,
ACTA NEOPHILOLOGICA,2350-417X;0567-784X,true,,
ACTA NEUROLOGICA SCANDINAVICA,1600-0404;0001-6314,true,,
ACTA OCEANOLOGICA SINICA,1869-1099;0253-505X,true,,
ACTA ODONTOLOGICA SCANDINAVICA,1502-3850;0001-6357,true,,
ACTA OECOLOGICA - INTERNATIONAL JOURNAL OF ECOLOGY,1873-6238;1146-609X,true,,
ACTA OECONOMICA,1588-2659;0001-6373,true,,
ACTA ONCOLOGICA,1651-226X;0284-186X,true,,
ACTA ORNITHOLOGICA,1734-8471;0001-6454,true,,
ACTA ORTHOPAEDICA ET TRAUMATOLOGICA TURCICA,1017-995X,true,,
ACTA OTO-LARYNGOLOGICA,1651-2251;0001-6489,true,,
ACTA PETROLOGICA SINICA,2095-8927;1000-0569,true,,
ACTA PHARMACEUTICA,1846-9558;1330-0075,true,,
ACTA POLYMERICA SINICA,1000-3304,true,,
ACTA PROTOZOOLOGICA,1689-0027;0065-1583,true,,
ACTA PSYCHOLOGICA,1873-6297;0001-6918,false,2024-07-11,removed from the White List
ACTA RADIOLOGICA,1600-0455;0284-1851,true,,
ACTA SCIENTIARUM - AGRONOMY,1807-8621;1679-9275,true,,
ACTA SCIENTIARUM - TECHNOLOGY,1807-8664;1806-2563,true,,
ACTA SOCIETATIS BOTANICORUM POLONIAE,2083-9480;0001-6977,true,,
ACTA THEOLOGICA,2309-9089;1015-8758,true,,
ACTA VETERINARIA - BEOGRAD,1820-7448;0567-8315,true,,
ACTA VETERINARIA HUNGARICA,1588-2705;0236-6290,true,,
ACTA ZOOLOGICA,1463-6395;0001-7272,true,,
ACTAS DERMO - SIFILIOGRAFICAS,1578-2190;0001-7310,true,,
ACTES DE LA RECHERCHE EN SCIENCES SOCIALES,1955-2564;0335-5322,true,,
ACTION RESEARCH,1741-2617;1476-7503,true,,
ACTUATORS,2076-0825,true,,
ACUPUNCTURE IN MEDICINE,1759-9873;0964-5284,true,,
ACUTE AND CRITICAL CARE,2586-6060;2586-6052,true,,
ACUTE MEDICINE & SURGERY,2052-8817,true,,
AD - MINISTER,2256-4322;1692-0279,true,,
ADAPTIVE BEHAVIOR,1741-2633;1059-7123,true,,
ADAPTIVE HUMAN BEHAVIOR AND PHYSIOLOGY,2198-7335,true,,
ADIPOCYTE,2162-397X;2162-3945,true,,
ADMINISTRATIVE SCIENCES,2076-3387,true,,
"ADOLESCENT HEALTH, MEDICINE AND THERAPEUTICS",1179-318X,true,,
ADSORPTION - JOURNAL OF THE INTERNATIONAL ADSORPTION SOCIETY,1572-8757;0929-5607,true,,
ADULT EDUCATION QUARTERLY,1552-3047;0741-7136,true,,
ADULT LEARNING,2162-4070;1045-1595,true,,
ADVANCED BIOLOGY,2701-0198,true,,
ADVANCED COMPOSITE MATERIALS,1568-5519;0924-3046,true,,
ADVANCED OPTICAL TECHNOLOGIES,2192-8576;2192-8584,true,,
ADVANCED ROBOTICS,1568-5535;0169-1864,true,,
ADVANCED STEEL CONSTRUCTION,1816-112X,true,,
ADVANCES IN ACCOUNTING,0882-6110,true,,
ADVANCES IN AERODYNAMICS,2524-6992,true,,
ADVANCES IN AGRICULTURE,2356-654X;2314-7539,true,,
ADVANCES IN AIRCRAFT AND SPACECRAFT SCIENCE,2287-528X;2287-5271,true,,
ADVANCES IN APPLIED CLIFFORD ALGEBRAS,1661-4909;0188-7009,true,,
ADVANCES IN APPLIED MATHEMATICS AND MECHANICS,2075-1354;2070-0733,true,,
ADVANCES IN ATMOSPHERIC SCIENCES,1861-9533;0256-1530,true,,
ADVANCES IN BUILDING ENERGY RESEARCH,1756-2201;1751-2549,true,,
ADVANCES IN CEMENT RESEARCH,1751-7605;0951-7197,true,,
ADVANCES IN CIVIL ENGINEERING,1687-8094;1687-8086,true,,
ADVANCES IN CIVIL ENGINEERING MATERIALS,2379-1357;2165-3984,true,,
ADVANCES IN CLINICAL AND EXPERIMENTAL MEDICINE,2451-2680;1899-5276,true,,
ADVANCES IN COMPLEX SYSTEMS,1793-6802;0219-5259,true,,
ADVANCES IN COMPUTATIONAL MATHEMATICS,1572-9044;1019-7168,true,,
ADVANCES IN CONCRETE CONSTRUCTION,2287-531X;2287-5301,true,,
ADVANCES IN DATA ANALYSIS AND CLASSIFICATION,1862-5355;1862-5347,true,,
ADVANCES IN DEVELOPING HUMAN RESOURCES,1552-3055;1523-4223,true,,
ADVANCES IN ELECTRICAL AND COMPUTER ENGINEERING,1844-7600;1582-7445,true,,
ADVANCES IN HIGH ENERGY PHYSICS,1687-7365;1687-7357,true,,
ADVANCES IN MATERIALS AND PROCESSING TECHNOLOGIES,2374-0698;2374-068X,true,,
ADVANCES IN MATERIALS SCIENCE,1730-2439;2083-4799,true,,
ADVANCES IN MECHANICAL ENGINEERING,1687-8140;1687-8132,true,,
ADVANCES IN MEDICAL EDUCATION AND PRACTICE,1179-7258,true,,
ADVANCES IN MENTAL HEALTH,1838-7357;1837-4905,true,,
ADVANCES IN METEOROLOGY,1687-9317;1687-9309,true,,
ADVANCES IN NATURAL SCIENCES - NANOSCIENCE AND NANOTECHNOLOGY,2043-6254;2043-6262,true,,
ADVANCES IN OPERATIONS RESEARCH,1687-9155;1687-9147,true,,
ADVANCES IN OPERATOR THEORY,2662-2009;2538-225X,true,,
ADVANCES IN ORTHOPEDICS,2090-3472;2090-3464,true,,
ADVANCES IN PHARMACOLOGICAL AND PHARMACEUTICAL SCIENCES,2633-4690,true,,
ADVANCES IN PURE AND APPLIED MATHEMATICS,1869-6090;1867-1152,true,,
ADVANCES IN RADIATION ONCOLOGY,2452-1094,false,2024-07-11,removed from the White List
ADVANCES IN SKIN AND WOUND CARE,1538-8654;1527-7941,true,,
ADVANCES IN STRUCTURAL ENGINEERING,2048-4011;1369-4332,true,,
ADVANCES IN THERAPY,1865-8652;0741-238X,true,,
ADVANCES IN TRADITIONAL MEDICINE,2662-4060;2662-4052,true,,
ADVANCES IN WEED SCIENCE,2675-9462,true,,
AEM EDUCATION AND TRAINING,2472-5390,true,,
AEQUATIONES MATHEMATICAE,1420-8903;0001-9054,true,,
AERONAUTICAL JOURNAL,2059-6464;0001-9240,true,,
AEROSPACE MEDICINE AND HUMAN PERFORMANCE,2375-6322;2375-6314,true,,
AESTHETIC PLASTIC SURGERY,1432-5241;0364-216X,true,,
AESTIMUM,1724-2118;1592-6117,true,,
AFRICA,1750-0184;0001-9720,true,,
AFRICA JOURNAL OF MANAGEMENT,2332-2381;2332-2373,true,,
AFRICAN AND ASIAN STUDIES,1569-2108;1569-2094,true,,
AFRICAN DIASPORA,1872-5465;1872-5457,true,,
AFRICAN ENTOMOLOGY,1021-3589,true,,
AFRICAN HEALTH SCIENCES,1729-0503;1680-6905,true,,
AFRICAN JOURNAL OF DISABILITY,2226-7220;2223-9170,true,,
AFRICAN JOURNAL OF ECOLOGY,1365-2028;0141-6707,true,,
AFRICAN JOURNAL OF ECONOMIC AND MANAGEMENT STUDIES,2040-0713;2040-0705,true,,
AFRICAN JOURNAL OF EMERGENCY MEDICINE,2211-4203;2211-419X,false,2024-07-11,removed from the White List
AFRICAN JOURNAL OF PRIMARY HEALTH CARE AND FAMILY MEDICINE,2071-2936;2071-2928,true,,
AFRICAN JOURNAL OF RANGE AND FORAGE SCIENCE,1727-9380;1022-0119,true,,
"AFRICAN JOURNAL OF SCIENCE, TECHNOLOGY, INNOVATION AND DEVELOPMENT",2042-1346;2042-1338,true,,
AFRICAN JOURNAL OF WILDLIFE RESEARCH,2410-8200;2410-7220,true,,
AFRICAN JOURNALISM STUDIES,2374-3689;2374-3670,true,,
AFRICAN REVIEW OF PHYSICS,2223-6589,true,,
AFRICAN SECURITY REVIEW,2154-0128;1024-6029,true,,
AFRICAN ZOOLOGY,2224-073X;1562-7020,true,,
AFRICANA LINGUISTICA,2034-8436;2033-8732,true,,
AFRIKA MATEMATIKA,2190-7668;1012-9405,true,,
AGEING AND SOCIETY,1469-1779;0144-686X,true,,
AGEING INTERNATIONAL,1936-606X;0163-5158,true,,
AGER - REVISTA DE ESTUDIOS SOBRE DESPOBLACION Y DESARROLLO RURAL,2340-4655;1578-7168,true,,
AGGRESSIVE BEHAVIOR,1098-2337;0096-140X,true,,
AGING MALE,1473-0790;1368-5538,true,,
"AGING, NEUROPSYCHOLOGY, AND COGNITION",1744-4128;1382-5585,true,,
AGORA - ESTUDOS CLASSICOS EM DEBATE,0874-5498,true,,
AGRICULTURAL AND RESOURCE ECONOMICS - INTERNATIONAL SCIENTIFIC E-JOURNAL,2414-584X,true,,
AGRICULTURAL RESEARCH,2249-7218;2249-720X,true,,
AGRIVITA,0126-0537,true,,
"AGROSYSTEMS, GEOSCIENCES AND ENVIRONMENT",2639-6696,true,,
AGUA Y TERRITORIO,2340-7743;2340-8472,true,,
AI AND SOCIETY,1435-5655;0951-5666,true,,
AI COMMUNICATIONS,1875-8452;0921-7126,true,,
AI EDAM - ARTIFICIAL INTELLIGENCE FOR ENGINEERING DESIGN ANALYSIS AND MANUFACTURING,1469-1760;0890-0604,true,,
AI MAGAZINE,2371-9621;0738-4602,true,,
AIDS CARE - PSYCHOLOGICAL AND SOCIO-MEDICAL ASPECTS OF AIDS/HIV,1360-0451;0954-0121,true,,
AIDS EDUCATION AND PREVENTION,1943-2755;0899-9546,true,,
AIDS RESEARCH AND HUMAN RETROVIRUSES,1931-8405;0889-2229,true,,
AIDS RESEARCH AND THERAPY,1742-6405,true,,
AIDS RESEARCH AND TREATMENT,2090-1259;2090-1240,true,,
AIMS BIOENGINEERING,2375-1495,true,,
AIMS GEOSCIENCES,2471-2132,true,,
AIMS MATERIALS SCIENCE,2372-0484;2372-0468,true,,
AIMS MICROBIOLOGY,2471-1888,true,,
AIMS PUBLIC HEALTH,2327-8994,true,,
AIP ADVANCES,2158-3226,true,,
"AIR, SOIL AND WATER RESEARCH",1178-6221,true,,
AIRCRAFT ENGINEERING AND AEROSPACE TECHNOLOGY,1758-4213;1748-8842,true,,
AJIDD - AMERICAN JOURNAL ON INTELLECTUAL AND DEVELOPMENTAL DISABILITIES,1944-7558;1944-7515,true,,
AJS REVIEW - THE JOURNAL OF THE ASSOCIATION FOR JEWISH STUDIES,1475-4541;0364-0094,true,,
AKCE INTERNATIONAL JOURNAL OF GRAPHS AND COMBINATORICS,2543-3474;0972-8600,true,,
AL-JAMIAH - JOURNAL OF ISLAMIC STUDIES,2338-557X;0126-012X,true,,
AL-MASAQ - JOURNAL OF THE MEDIEVAL MEDITERRANEAN,1473-348X;0950-3110,true,,
AL-SHAJARAH,1394-6870,true,,
ALCHERINGA,1752-0754;0311-5518,true,,
ALEXANDRIA JOURNAL OF MEDICINE,2090-5076;2090-5068,true,,
ALGEBRA AND NUMBER THEORY,1944-7833;1937-0652,true,,
ALGEBRA AND LOGIC,1573-8302;0002-5232,true,,
ALGEBRAIC AND GEOMETRIC TOPOLOGY,1472-2739;1472-2747,true,,
ALGEBRAS AND REPRESENTATION THEORY,1572-9079;1386-923X,true,,
ALGORITHMICA,1432-0541;0178-4617,true,,
ALGORITHMS,1999-4893,true,,
ALGORITHMS FOR MOLECULAR BIOLOGY,1748-7188,true,,
ALL AZIMUTH - A JOURNAL OF FOREIGN POLICY AND PEACE,2146-7757,true,,
ALL LIFE,2689-5307;2689-5293,true,,
THERAPEUTIC ADVANCES IN ALLERGY AND RHINOLOGY,2753-4030,true,,
"ALLERGY, ASTHMA AND IMMUNOLOGY RESEARCH",2092-7363;2092-7355,true,,
ALMATOURISM - JOURNAL OF TOURISM CULTURE AND TERRITORIAL DEVELOPMENT,2036-5195,true,,
ALTERIDAD - REVISTA DE EDUCACION,1390-8642;1390-325X,true,,
ALTERNATIVE LAW JOURNAL,2398-9084;1037-969X,true,,
ALTERNATIVE THERAPIES IN HEALTH AND MEDICINE,1078-6791,true,,
AMB EXPRESS,2191-0855,true,,
AMBIX,1745-8234;0002-6980,true,,
AMERICAN ART,1549-6503;1073-9300,true,,
AMERICAN BOOK REVIEW,2153-4578;0149-9408,true,,
AMERICAN CATHOLIC PHILOSOPHICAL QUARTERLY,2153-8441;1051-3558,true,,
BULLETIN OF THE AMERICAN CERAMIC SOCIETY,0002-7812,true,,
AMERICAN JOURNAL OF ALZHEIMER'S DISEASE AND OTHER DEMENTIAS,1938-2731;1533-3175,true,,
AMERICAN JOURNAL OF AUDIOLOGY,1558-9137;1059-0889,true,,
AMERICAN JOURNAL OF BUSINESS,1935-519X;1935-5181,true,,
AMERICAN JOURNAL OF CARDIOLOGY,1879-1913;0002-9149,true,,
AMERICAN JOURNAL OF CASE REPORTS,1941-5923,true,,
AMERICAN JOURNAL OF CLINICAL AND EXPERIMENTAL UROLOGY,2330-1910,true,,
AMERICAN JOURNAL OF CLINICAL HYPNOSIS,2160-0562;0002-9157,true,,
AMERICAN JOURNAL OF CLINICAL ONCOLOGY,1537-453X;0277-3732,true,,
AMERICAN JOURNAL OF COMPARATIVE LAW,2326-9197;0002-919X,true,,
AMERICAN JOURNAL OF DENTISTRY,0894-8275,true,,
AMERICAN JOURNAL OF DRUG AND ALCOHOL ABUSE,1097-9891;0095-2990,true,,
AMERICAN JOURNAL OF ECONOMICS AND SOCIOLOGY,1536-7150;0002-9246,true,,
AMERICAN JOURNAL OF HEALTH-SYSTEM PHARMACY,1535-2900;1079-2082,true,,
AMERICAN JOURNAL OF HEALTH BEHAVIOR,1945-7359;1087-3244,true,,
AMERICAN JOURNAL OF INDUSTRIAL MEDICINE,1097-0274;0271-3586,true,,
AMERICAN JOURNAL OF LAW AND MEDICINE,2375-835X;0098-8588,true,,
AMERICAN JOURNAL OF LEGAL HISTORY,2161-797X;0002-9319,true,,
AMERICAN JOURNAL OF LIFESTYLE MEDICINE,1559-8284;1559-8276,true,,
AMERICAN JOURNAL OF MEDICAL GENETICS PART C - SEMINARS IN MEDICAL GENETICS,1552-4876;1552-4868,true,,
AMERICAN JOURNAL OF MEDICAL QUALITY,1555-824X;1062-8606,true,,
AMERICAN JOURNAL OF NUCLEAR MEDICINE AND MOLECULAR IMAGING,2160-8407,true,,
AMERICAN JOURNAL OF PHYSIOLOGY - REGULATORY INTEGRATIVE AND COMPARATIVE PHYSIOLOGY,1522-1490;0363-6119,true,,
AMERICAN JOURNAL OF PLAY,1938-0402;1938-0399,true,,
AMERICAN JOURNAL OF POTATO RESEARCH,1874-9380;1099-209X,true,,
AMERICAN JOURNAL OF PSYCHOTHERAPY,2575-6559;0002-9564,true,,
AMERICAN JOURNAL OF REPRODUCTIVE IMMUNOLOGY,1600-0897;1046-7408,true,,
AMERICAN JOURNAL OF SEXUALITY EDUCATION,1554-6136;1554-6128,true,,
AMERICAN JOURNAL OF THERAPEUTICS,1536-3686;1075-2765,true,,
AMERICAN JOURNAL OF VETERINARY RESEARCH,1943-5681;0002-9645,true,,
AMERICAN JOURNAL ON ADDICTIONS,1521-0391;1055-0496,true,,
AMERICAN LAW AND ECONOMICS REVIEW,1465-7260;1465-7252,true,,
AMERICAN LITERARY REALISM,2326-9235;1540-3084,true,,
AMERICAN MUSIC,1945-2349;0734-4392,true,,
THE AMERICAN SOCIOLOGIST,1936-4784;0003-1232,true,,
AMERICAN SURGEON,1555-9823;0003-1348,true,,
AMINO ACIDS,1438-2199;0939-4451,true,,
AMPHIBIAN & REPTILE CONSERVATION,1525-9153;1083-446X,true,,
AMYOTROPHIC LATERAL SCLEROSIS AND FRONTOTEMPORAL DEGENERATION,2167-9223;2167-8421,true,,
ANAEROBE,1095-8274;1075-9964,true,,
ANAESTHESIA AND INTENSIVE CARE,1448-0271;0310-057X,true,,
ANAESTHESIOLOGIE,2731-6866;2731-6858,true,,
ANAESTHESIOLOGY INTENSIVE THERAPY,1731-2531;1642-5758,true,,
ANAIS BRASILEIROS DE DERMATOLOGIA,1806-4841;0365-0596,false,2024-07-11,removed from the White List
ANAIS DA ACADEMIA BRASILEIRA DE CIENCIAS,1678-2690;0001-3765,true,,
ANALELE STIINTIFICE ALE UNIVERSITATII OVIDIUS CONSTANTA - SERIA MATEMATICA,1844-0835;1224-1784,true,,
ANALES DE PEDIATRIA,1695-9531;1695-4033,true,,
ANALES DE PSICOLOGIA,1695-2294;0212-9728,true,,
ANALES DEL SEMINARIO DE HISTORIA DE LA FILOSOFIA,1988-2564;0211-2337,true,,
ANALES DEL SISTEMA SANITARIO DE NAVARRA,2340-3527;1137-6627,true,,
ANALES GALDOSIANOS,2161-301X;0569-9924,true,,
ANALISI - QUADERNS DE COMUNICACIO I CULTURA,0211-2175;2340-5236,true,,
ANALISIS FILOSOFICO,1851-9636;0326-1301,true,,
ANALOG INTEGRATED CIRCUITS AND SIGNAL PROCESSING,1573-1979;0925-1030,true,,
ANALYSES - REVUE DE CRITIQUE ET DE THEORIE LITTERAIRE,1715-9261,true,,
ANALYSES OF SOCIAL ISSUES AND PUBLIC POLICY,1530-2415;1529-7489,true,,
ANALYSIS AND GEOMETRY IN METRIC SPACES,2299-3274,true,,
ANALYTICAL BIOCHEMISTRY,1096-0309;0003-2697,true,,
JOURNAL OF VETERINARY MEDICINE SERIES C: ANATOMIA HISTOLOGIA EMBRYOLOGIA,1439-0264;0340-2096,true,,
ANATOMICAL SCIENCE INTERNATIONAL,1447-6959;1447-073X,true,,
ANATOMY AND CELL BIOLOGY,2093-3665;2093-3673,true,,
ANCIENT NEAR EASTERN STUDIES,1783-1326;1378-4641,true,,
ANEMIA,2090-1275;2090-1267,true,,
ANESTHESIOLOGY RESEARCH AND PRACTICE,1687-6970;1687-6962,true,,
ANGLIA - ZEITSCHRIFT FUR ENGLISCHE PHILOLOGIE,1865-8938;0340-5222,true,,
ANIL AGGRAWAL'S INTERNET JOURNAL OF FORENSIC MEDICINE AND TOXICOLOGY,0972-8066;0972-8074,true,,
ANIMAL BIODIVERSITY AND CONSERVATION,2014-928X;1578-665X,true,,
ANIMAL COGNITION,1435-9456;1435-9448,true,,
ANIMAL GENETICS,1365-2052;0268-9146,true,,
ANIMAL MODELS AND EXPERIMENTAL MEDICINE,2576-2095;2096-5451,true,,
ANIMAL SCIENCE PAPERS AND REPORTS,0860-4037;2300-8342,true,,
ANIMATION - AN INTERDISCIPLINARY JOURNAL,1746-8485;1746-8477,true,,
ANNALES D'ENDOCRINOLOGIE,2213-3941;0003-4266,true,,
ANNALES DE L'INSTITUT FOURIER,1777-5310;0373-0956,true,,
ANNALES DE L'INSTITUT HENRI POINCARE (B) PROBABILITY AND STATISTICS,0246-0203,true,,
ANNALES DE LA SOCIETE ENTOMOLOGIQUE DE FRANCE,2168-6351;0037-9271,true,,
ANNALES GEOPHYSICAE,1432-0576;0992-7689,true,,
ANNALES HENRI POINCARE,1424-0661;1424-0637,true,,
ANNALES HISTORIQUES DE LA REVOLUTION FRANCAISE,1952-403X;0003-4436,true,,
ANNALES SOCIETATIS GEOLOGORUM POLONIAE,0079-3663;0208-9068,true,,
ANNALES ZOOLOGICI,1734-1833;0003-4541,true,,
ANNALES ZOOLOGICI FENNICI,1797-2450;0003-455X,true,,
ANNALI DELL'ISTITUTO SUPERIORE DI SANITA,2384-8553;0021-2571,true,,
ANNALI DI BOTANICA,2239-3129;0365-0812,true,,
ANNALI DI IGIENE MEDICINA PREVENTIVA E DI COMUNITA,1120-9135,true,,
ANNALS OF ACTUARIAL SCIENCE,1748-5002;1748-4995,true,,
ANNALS OF AFRICAN MEDICINE,1596-3519;0975-5764,true,,
ANNALS OF AGRICULTURAL AND ENVIRONMENTAL MEDICINE,1898-2263;1232-1966,true,,
ANNALS OF ANTHROPOLOGICAL PRACTICE,2153-9588;2153-957X,true,,
ANNALS OF BIOMEDICAL ENGINEERING,1573-9686;0090-6964;1521-6047,true,,
ANNALS OF CARDIAC ANAESTHESIA,0974-5181;0971-9784,true,,
ANNALS OF CARNEGIE MUSEUM,1943-6300;0097-4463,true,,
ANNALS OF CLINICAL PSYCHIATRY,1547-3325;1040-1237,true,,
ANNALS OF COLOPROCTOLOGY,2287-9722;2287-9714,true,,
ANNALS OF COMBINATORICS,0219-3094;0218-0006,true,,
ANNALS OF CORPORATE GOVERNANCE,2381-6732;2381-6724,true,,
ANNALS OF DIAGNOSTIC PATHOLOGY,1532-8198;1092-9134,true,,
ANNALS OF FINANCIAL ECONOMICS,2010-4960;2010-4952,true,,
ANNALS OF FOREST RESEARCH,2065-2445;1844-8135,true,,
ANNALS OF FUNCTIONAL ANALYSIS,2639-7390;2008-8752,true,,
ANNALS OF GASTROENTEROLOGICAL SURGERY,2475-0328,true,,
ANNALS OF GASTROENTEROLOGY,1792-7463;1108-7471,true,,
ANNALS OF GENERAL PSYCHIATRY,1744-859X,true,,
ANNALS OF GEOPHYSICS,2037-416X;1593-5213,true,,
ANNALS OF GERIATRIC MEDICINE AND RESEARCH,2508-4909;2508-4798,true,,
ANNALS OF GLOBAL ANALYSIS AND GEOMETRY,1572-9060;0232-704X,true,,
ANNALS OF HEMATOLOGY,1432-0584;0939-5555,true,,
ANNALS OF HEPATOLOGY,1665-2681,false,2024-07-11,removed from the White List
ANNALS OF HUMAN BIOLOGY,1464-5033;0301-4460,true,,
ANNALS OF K-THEORY,2379-1691;2379-1683,true,,
ANNALS OF LEISURE RESEARCH,2159-6816;1174-5398,true,,
ANNALS OF LIBRARY AND INFORMATION STUDIES,0975-2404;0972-5423,true,,
ANNALS OF MATHEMATICAL SCIENCES AND APPLICATIONS,2380-2898;2380-288X,true,,
ANNALS OF MATHEMATICS AND ARTIFICIAL INTELLIGENCE,1573-7470;1012-2443,true,,
ANNALS OF MEDICINE AND SURGERY,2049-0801,true,,
ANNALS OF MICROBIOLOGY,1869-2044;1590-4261,true,,
ANNALS OF NONINVASIVE ELECTROCARDIOLOGY,1542-474X;1082-720X,true,,
ANNALS OF NUCLEAR MEDICINE,1864-6433;0914-7187,true,,
ANNALS OF OCCUPATIONAL AND ENVIRONMENTAL MEDICINE,2052-4374,true,,
"ANNALS OF OTOLOGY, RHINOLOGY AND LARYNGOLOGY",1943-572X;0003-4894,true,,
ANNALS OF PEDIATRIC ENDOCRINOLOGY AND METABOLISM,2287-1292;2287-1012,true,,
ANNALS OF PHARMACOTHERAPY,1542-6270;1060-0280,true,,
ANNALS OF PLASTIC SURGERY,1536-3708;0148-7043,true,,
ANNALS OF PURE AND APPLIED LOGIC,1873-2461;0168-0072,true,,
ANNALS OF REHABILITATION MEDICINE,2234-0653;2234-0645,true,,
ANNALS OF SAUDI MEDICINE,1319-9226;0256-4947;0975-4466,true,,
ANNALS OF SURGICAL TREATMENT AND RESEARCH,2288-6796;2288-6575,true,,
ANNALES DES TELECOMMUNICATIONS/ANNALS OF TELECOMMUNICATIONS,1958-9395;0003-4347,true,,
ANNALS OF THE INSTITUTE OF STATISTICAL MATHEMATICS,1572-9052;0020-3157,true,,
ANNALS OF THE MISSOURI BOTANICAL GARDEN,2162-4372;0026-6493,true,,
ANNALS OF THE ROYAL COLLEGE OF SURGEONS OF ENGLAND,1478-7083;0035-8843,true,,
ANNALS OF THORACIC AND CARDIOVASCULAR SURGERY,2186-1005;1341-1098,true,,
ANNALS OF THORACIC MEDICINE,1998-3557;1817-1737,true,,
ANNALS OF TRANSPLANTATION,2329-0358;1425-9524,true,,
ANNALS OF VASCULAR SURGERY,1615-5947;0890-5096,true,,
ANNALS OF WORK EXPOSURES AND HEALTH,2398-7316;2398-7308,true,,
ANNUAL OF THE BRITISH SCHOOL AT ATHENS,2045-2403;0068-2454,true,,
ANQ - A QUARTERLY JOURNAL OF SHORT ARTICLES NOTES AND REVIEWS,1940-3364;0895-769X,true,,
ANTARCTIC SCIENCE,1365-2079;0954-1020,true,,
ANTHROPOLOGICAL JOURNAL OF EUROPEAN CULTURES,1755-2931;1755-2923,true,,
ANTHROPOLOGICAL MEASUREMENTS OF PHILOSOPHICAL RESEARCH,2304-9685;2227-7242,true,,
ANTHROPOLOGICAL QUARTERLY,1534-1518;0003-5491,false,2026-01-19,removed from the White List
ANTHROPOLOGICAL SCIENCE,1348-8570;0918-7960,true,,
ANTHROPOLOGIE,1873-5827;0003-5521,true,,
ANTHROPOLOGY IN ACTION - JOURNAL FOR APPLIED ANTHROPOLOGY IN POLICY AND PRACTICE,1752-2285;0967-201X,true,,
ANTHROPOLOGY OF CONSCIOUSNESS,1556-3537;1053-4202,true,,
ANTHROPOLOGY OF WORK REVIEW,1548-1417;0883-024X,true,,
ANTHROPOLOGY SOUTHERN AFRICA,2332-3264;2332-3256,true,,
ANTHROPOZOOLOGICA,2107-0881;0761-3032,true,,
ANTI-CANCER DRUGS,1473-5741;0959-4973,true,,
ANTI - CORROSION METHODS AND MATERIALS,1758-4221;0003-5599,true,,
ANTIBIOTICS - BASEL,2079-6382,true,,
ANTIGUO ORIENTE,1667-9202,true,,
ANTIOXIDANTS,2076-3921,true,,
ANTIQUARIES JOURNAL,1758-5309;0003-5815,true,,
ANTIVIRAL THERAPY,2040-2058;1359-6535,true,,
ANUARIO COLOMBIANO DE HISTORIA SOCIAL Y DE LA CULTURA,2256-5647;0120-2456,true,,
ANUARIO DE ESTUDIOS AMERICANOS,1988-4273;0210-5810,true,,
ANUARIO DE ESTUDIOS MEDIEVALES,1988-4230;0066-5061,true,,
ANZ JOURNAL OF SURGERY,1445-2197;1445-1433,true,,
AOTEAROA NEW ZEALAND SOCIAL WORK,1178-5527;2463-4131,true,,
APPLICABLE ANALYSIS,1563-504X;0003-6811;1026-7360,true,,
APPLIED ARTIFICIAL INTELLIGENCE,1087-6545;0883-9514,true,,
APPLIED BIOCHEMISTRY AND BIOTECHNOLOGY,1559-0291;0273-2289,true,,
APPLIED BIOCHEMISTRY AND MICROBIOLOGY,1608-3024;0003-6838,true,,
APPLIED BIOLOGICAL CHEMISTRY,2468-0842;2468-0834,true,,
APPLIED BIOSAFETY,2470-1246;1535-6760,true,,
APPLIED CATEGORICAL STRUCTURES,1572-9095;0927-2852,true,,
APPLIED CLINICAL INFORMATICS,1869-0327,true,,
APPLIED COGNITIVE PSYCHOLOGY,1099-0720;0888-4080,true,,
APPLIED COMPOSITE MATERIALS,1573-4897;0929-189X,true,,
APPLIED EARTH SCIENCE - TRANSACTIONS OF THE INSTITUTIONS OF MINING AND METALLURGY,2572-6846;2572-6838,true,,
APPLIED ECONOMIC ANALYSIS,2632-7627,true,,
APPLIED ECONOMICS LETTERS,1466-4291;1350-4851,true,,
APPLIED ENTOMOLOGY AND ZOOLOGY,1347-605X;0003-6862,true,,
APPLIED FOOD BIOTECHNOLOGY,2423-4214;2345-5357,true,,
APPLIED GENERAL TOPOLOGY,1989-4147;1576-9402,true,,
APPLIED GEOMATICS,1866-9298;1866-928X,true,,
APPLIED IMMUNOHISTOCHEMISTRY AND MOLECULAR MORPHOLOGY,1541-2016;1533-4058,true,,
APPLIED MATHEMATICS AND OPTIMIZATION,1432-0606;0095-4616,true,,
APPLIED MATHEMATICS E - NOTES,1607-2510,true,,
APPLIED MATHEMATICS IN SCIENCE AND ENGINEERING,2769-0911,true,,
APPLIED MEASUREMENT IN EDUCATION,1532-4818;0895-7347,true,,
APPLIED NEUROPSYCHOLOGY - ADULT,2327-9109;2327-9095,true,,
APPLIED NEUROPSYCHOLOGY - CHILD,2162-2973;2162-2965,true,,
APPLIED ONTOLOGY,1875-8533;1570-5838,true,,
APPLIED OPTICS,2155-3165;1559-128X,true,,
APPLIED PHYSICS A: MATERIALS SCIENCE AND PROCESSING,1432-0630;0947-8396,true,,
APPLIED PHYSICS B - LASERS AND OPTICS,1432-0649;0946-2171,true,,
"APPLIED PHYSIOLOGY, NUTRITION AND METABOLISM",1715-5320;1715-5312,true,,
APPLIED PSYCHOPHYSIOLOGY BIOFEEDBACK,1573-3270;1090-0586,true,,
APPLIED RHEOLOGY,1430-6395,true,,
APPLIED SCIENCES (SWITZERLAND),2076-3417,true,,
APPLIED STOCHASTIC MODELS IN BUSINESS AND INDUSTRY,1526-4025;1524-1904,true,,
APPLIED SURFACE SCIENCE ADVANCES,2666-5239,false,2024-07-11,removed from the White List
APPLIED SYSTEM INNOVATION,2571-5577,true,,
APUNTS. EDUCACION FISICA Y DEPORTES,2014-0983;1577-4015,true,,
AQUATIC BIOLOGY,1864-7790;1864-7782,true,,
AQUATIC ECOLOGY,1573-5125;1386-2588,true,,
AQUATIC GEOCHEMISTRY,1573-1421;1380-6165,true,,
AQUATIC INSECTS,1744-4152;0165-0424,true,,
AQUATIC LIVING RESOURCES,1765-2952;0990-7440,true,,
AQUATIC MAMMALS,1996-7292;0167-5427,true,,
AQUATIC MICROBIAL ECOLOGY,1616-1564;0948-3055,true,,
AQUATIC SCIENCES,1420-9055;1015-1621,true,,
ARAB STUDIES QUARTERLY,2043-6920;0271-3519,true,,
ARAB WORLD ENGLISH JOURNAL,2229-9327,true,,
ARABIAN JOURNAL OF MATHEMATICS,2193-5351;2193-5343,true,,
ARABICA,1570-0585;0570-5398,true,,
ARCHAEA - AN INTERNATIONAL MICROBIOLOGICAL JOURNAL,1472-3654;1472-3646,true,,
ARCHAEOFAUNA,1132-6891,true,,
ARCHAEOLOGICA AUSTRIACA,1816-2959;0003-8008,true,,
ARCHAEOLOGIA BALTICA,2351-6534;1392-5520,true,,
ARCHAEOLOGICAL JOURNAL,2373-2288;0066-5983,true,,
ARCHAEOLOGICAL REPORTS - LONDON,2041-4102;0570-6084,true,,
ARCHAEOLOGY,1943-5746;0003-8113,true,,
ARCHEOLOGICKE ROZHLEDY,2570-9151;0323-1267,true,,
ARCHIPEL - ETUDES INTERDISCIPLINAIRES SUR LE MONDE INSULINDIEN,2104-3655;0044-8613,true,,
ARCHITECTURAL DESIGN,1554-2769;0003-8504,true,,
ARCHITECTURAL ENGINEERING AND DESIGN MANAGEMENT,1752-7589;1745-2007,true,,
ARCHITECTURAL HISTORIES,2050-5833,true,,
ARCHITECTURAL THEORY REVIEW,1755-0475;1326-4826,true,,
ARCHITECTURE AND CULTURE,2050-7836;2050-7828,true,,
ARCHIV DER PHARMAZIE,1521-4184;0365-6233,true,,
ARCHIV FUR GESCHICHTE DER PHILOSOPHIE,0003-9101,true,,
ARCHIV FÜR RELIGIONSGESCHICHTE,1868-8888;1436-3038,true,,
ARCHIVE FOR HISTORY OF EXACT SCIENCES,1432-0657;0003-9519,true,,
ARCHIVE OF APPLIED MECHANICS,1432-0681;0939-1533,true,,
ARCHIVES AND MANUSCRIPTS,2164-6058;0157-6895,true,,
ARCHIVES DE PEDIATRIE,1769-664X;0929-693X,true,,
ARCHIVES EUROPEENNES DE SOCIOLOGIE,1474-0583;0003-9756,true,,
ARCHIVES ITALIENNES DE BIOLOGIE,0003-9829,true,,
ARCHIVES OF ASIAN ART,1944-6497;0066-6637,true,,
ARCHIVES OF BIOLOGICAL SCIENCES,1821-4339;0354-4664,true,,
ARCHIVES OF BONE AND JOINT SURGERY - ABJS,2345-4644;2345-461X,true,,
ARCHIVES OF BUDO,1643-8698,true,,
ARCHIVES OF BUDO SCIENCE OF MARTIAL ARTS AND EXTREME SPORTS,2300-8822,true,,
ARCHIVES OF CARDIOVASCULAR DISEASES,1875-2128;1875-2136,true,,
ARCHIVES OF CONTROL SCIENCES,2300-2611;1230-2384,true,,
ARCHIVES OF ENVIRONMENTAL AND OCCUPATIONAL HEALTH,2154-4700;1933-8244,true,,
ARCHIVES OF ENVIRONMENTAL CONTAMINATION AND TOXICOLOGY,1432-0703;0090-4341,true,,
ARCHIVES OF MECHANICS,0373-2029,true,,
ARCHIVES OF MINING SCIENCES,1689-0469;0860-7001,true,,
ARCHIVES OF NATURAL HISTORY,1755-6260;0260-9541,true,,
ARCHIVES OF PHYSIOLOGY AND BIOCHEMISTRY,1744-4160;1381-3455,true,,
ARCHIVES OF PLASTIC SURGERY - APS,2234-6171;2234-6163,true,,
ARCHIVES OF PSYCHIATRIC NURSING,1532-8228;0883-9417,true,,
ARCHIVES OF PUBLIC HEALTH,2049-3258;0778-7367,true,,
ARCHIVES OF SUICIDE RESEARCH,1543-6136;1381-1118,true,,
ARCHIVIO STORICO ITALIANO,2036-4660;0391-7770,true,,
ARCHIVO ESPANOL DE ARQUEOLOGIA,1988-3110;0066-6742,true,,
ARCHIVO ESPANOL DE ARTE,1988-8511;0004-0428,true,,
ARCHIVUM IMMUNOLOGIAE ET THERAPIAE EXPERIMENTALIS,1661-4917;0004-069X,true,,
ARCTIC,1923-1245;0004-0843,true,,
"ARCTIC, ANTARCTIC, AND ALPINE RESEARCH",1938-4246;1523-0430,true,,
ARCTIC ANTHROPOLOGY,1933-8139;0066-6939,true,,
ARCTIC SCIENCE,2368-7460,true,,
ARDEA,2213-1175;0373-2266,true,,
ARDIN - ARTE DISENO E INGENIERIA,2254-8319,true,,
ARENAL - REVISTA DE HISTORIA DE LAS MUJERES,1134-6396,true,,
ARETHUSA,1080-6504;0004-0975,true,,
ARGUMENT AND COMPUTATION,1946-2174;1946-2166,true,,
ARGUMENTATION AND ADVOCACY,2576-8476;1051-1431,true,,
ARHEOLOSKI VESTNIK,0570-8966;1581-1204,true,,
ARHIV ZA HIGIJENU RADA I TOKSIKOLOGIJU - ARCHIVES OF INDUSTRIAL HYGIENE AND TOXICOLOGY,1848-6312;0004-1254,true,,
ARID ECOSYSTEMS,2079-0988;2079-0961,true,,
ARID LAND RESEARCH AND MANAGEMENT,1532-4990;1532-4982,true,,
ARIEL - A REVIEW OF INTERNATIONAL ENGLISH LITERATURE,1920-1222;0004-1327,true,,
ARIZONA QUARTERLY,1558-9595;0004-1610,true,,
ARQUEOLOGIA,1853-8126;0327-5159,true,,
ARQUEOLOGIA DE LA ARQUITECTURA,1989-5313;1695-2731,true,,
ARQUEOLOGIA IBEROAMERICANA,1989-4104,true,,
ARQUIVOS BRASILEIROS DE CARDIOLOGIA,1678-4170;0066-782X,true,,
ARQUIVOS DE NEURO-PSIQUIATRIA,1678-4227;0004-282X,true,,
ARS MATHEMATICA CONTEMPORANEA,1855-3974;1855-3966,true,,
ART - SANAT DERGISI,2148-3582,true,,
ART JOURNAL,2325-5307;0004-3249,true,,
ARTE Y POLITICAS DE IDENTIDAD,1989-8452;1889-979X,true,,
ARTIFICIAL LIFE,1530-9185;1064-5462,true,,
ARTIFICIAL ORGANS,1525-1594;0160-564X,true,,
ARTMARGINS,2162-2582;2162-2574,true,,
ARTNODES,1695-5951,true,,
ARTS,2076-0752,true,,
ARTS AND HUMANITIES IN HIGHER EDUCATION,1741-265X;1474-0222,true,,
ARTS IN PSYCHOTHERAPY,1873-5878;0197-4556,true,,
ARTSEDUCA,2254-0709,true,,
ASAIO JOURNAL,1538-943X;1058-2916,true,,
"ASCE-ASME JOURNAL OF RISK AND UNCERTAINTY IN ENGINEERING SYSTEMS, PART B: MECHANICAL ENGINEERING",2332-9025;2332-9017,true,,
ASIA-PACIFIC FINANCIAL MARKETS,1573-6946;1387-2834,true,,
ASIA - PASIFIC JOURNAL: JAPAN FOCUS,1557-4660,true,,
ASIA-PACIFIC JOURNAL OF ACCOUNTING AND ECONOMICS,2164-2257;1608-1625,true,,
ASIA-PACIFIC JOURNAL OF CHEMICAL ENGINEERING,1932-2143;1932-2135,true,,
INTERNATIONAL JOURNAL OF WORK-INTEGRATED LEARNING,2538-1032,true,,
ASIA-PACIFIC JOURNAL OF FINANCIAL STUDIES,2041-9945;2041-6156,true,,
ASIA-PACIFIC JOURNAL OF PUBLIC HEALTH,1941-2479;1010-5395,true,,
ASIA-PACIFIC JOURNAL OF REGIONAL SCIENCE,2509-7946;2509-7954,true,,
"ASIA-PACIFIC JOURNAL OF SPORTS MEDICINE, ARTHROSCOPY, REHABILITATION AND TECHNOLOGY",2214-6873,true,,
ASIA-PACIFIC PSYCHIATRY,1758-5872;1758-5864,true,,
ASIA PACIFIC ALLERGY,2233-8276;2233-8268,true,,
ASIA PACIFIC EDUCATION REVIEW,1876-407X;1598-1037,true,,
ASIA PACIFIC JOURNAL OF ANTHROPOLOGY,1740-9314;1444-2213,true,,
ASIA PACIFIC JOURNAL OF CLINICAL NUTRITION,1440-6047;0964-7058,true,,
ASIA PACIFIC JOURNAL OF EDUCATION,1742-6855;0218-8791,true,,
ASIAN PACIFIC JOURNAL OF PUBLIC ADMINISTRATION,2327-6673;2327-6665,true,,
ASIA PACIFIC JOURNAL OF SOCIAL WORK AND DEVELOPMENT,2165-0993;0218-5385,true,,
ASIA PACIFIC LAW REVIEW,1875-8444;1019-2557,true,,
ASIA PACIFIC VIEWPOINT,1467-8373;1360-7456,true,,
ASIAN-PACIFIC ECONOMIC LITERATURE,1467-8411;0818-9935,true,,
ASIAN AMERICAN JOURNAL OF PSYCHOLOGY,1948-1993;1948-1985,true,,
ASIAN AND AFRICAN STUDIES,2585-8793;1335-1257,true,,
ASIAN AND PACIFIC MIGRATION JOURNAL,2057-049X;0117-1968,true,,
ASIAN BIOMEDICINE,1875-855X;1905-7415,true,,
ASIAN ECONOMIC JOURNAL,1467-8381;1351-3958,true,,
ASIAN ECONOMIC PAPERS,1536-0083;1535-3516,true,,
ASIAN EDUCATION AND DEVELOPMENT STUDIES,2046-3170;2046-3162,true,,
ASIAN HERPETOLOGICAL RESEARCH,2095-0357,true,,
ASIAN JOURNAL OF AGRICULTURE AND BIOLOGY,2307-8553,true,,
ASIAN JOURNAL OF AGRICULTURE AND DEVELOPMENT,1656-4383,true,,
ASIAN JOURNAL OF COMPARATIVE POLITICS,2057-892X;2057-8911,true,,
ASIAN JOURNAL OF CONTROL,1934-6093;1561-8625,true,,
ASIAN JOURNAL OF ENDOSCOPIC SURGERY,1758-5910;1758-5902,true,,
ASIAN JOURNAL OF INTERNATIONAL LAW,2044-2521;2044-2513,true,,
ASIAN JOURNAL OF LAW AND ECONOMICS,2194-6086;2154-4611,true,,
ASIAN JOURNAL OF LAW AND SOCIETY,2052-9023;2052-9015,true,,
ASIAN JOURNAL OF POLITICAL SCIENCE,1750-7812;0218-5377,true,,
ASIAN JOURNAL OF SOCIAL HEALTH AND BEHAVIOR,2772-4204,true,,
ASIAN JOURNAL OF SOCIAL PSYCHOLOGY,1467-839X;1367-2223,true,,
ASIAN JOURNAL OF SOCIAL SCIENCE,1568-4849,true,,
ASIAN JOURNAL OF TECHNOLOGY INNOVATION,2158-6721;1976-1597,true,,
ASIAN JOURNAL OF WTO AND INTERNATIONAL HEALTH LAW AND POLICY,1819-5164,true,,
ASIAN PERSPECTIVE,0258-9184,true,,
ASIAN PERSPECTIVES - THE JOURNAL OF ARCHAEOLOGY FOR ASIA AND THE PACIFIC,1535-8283;0066-8435,true,,
ASIAN PHILOSOPHY,1469-2961;0955-2367,true,,
ASIAN POLITICS AND POLICY,1943-0787;1943-0779,true,,
ASIAN REVIEW OF ACCOUNTING,1758-8863;1321-7348,true,,
ASIAN REVIEW OF WORLD HISTORIES,2287-9811;2287-965X,true,,
ASIAN SOCIAL WORK AND POLICY REVIEW,1753-1411;1753-1403,true,,
ASIAN SURVEY,1533-838X;0004-4687,true,,
ASIAN THEATRE JOURNAL,1527-2109;0742-5457,true,,
ASIASCAPE - DIGITAL ASIA,2214-2312;2214-2304,true,,
ASSAY AND DRUG DEVELOPMENT TECHNOLOGIES,1557-8127;1540-658X,true,,
ROBOTIC INTELLIGENCE AND AUTOMATION (RIA),2754-6977;2754-6969,true,,
ASSESSMENT FOR EFFECTIVE INTERVENTION,1938-7458;1534-5084,true,,
ASTA - ADVANCES IN STATISTICAL ANALYSIS,1863-818X;1863-8171,true,,
ASTIM ALLERJI IMMUNOLOJI,1308-9234,true,,
ASTRONOMY AND COMPUTING,2213-1345;2213-1337,true,,
ASTRONOMY LETTERS - A JOURNAL OF ASTRONOMY AND SPACE ASTROPHYSICS,1562-6873;1063-7737,true,,
ASTRONOMY REPORTS,1562-6881;1063-7729,true,,
ASTROPHYSICAL BULLETIN,1990-3421;1990-3413,true,,
ASYMPTOTIC ANALYSIS,1875-8576;0921-7134,true,,
ATALANTA - REVISTA DE LAS LETRAS BARROCAS,2340-1176,true,,
ATALANTE - REVISTA DE ESTUDIOS CINEMATOGRAFICOS,2340-6992;1885-3730,true,,
ATENCION PRIMARIA,1578-1275;0212-6567,false,2024-07-11,removed from the White List
ATLANTIC JOURNAL OF COMMUNICATION,1545-6889;1545-6870,true,,
ATMOSPHERE,2073-4433,true,,
ATMOSPHERE - OCEAN,1480-9214;0705-5900,true,,
ATMOSPHERIC AND OCEANIC OPTICS,2070-0393;1024-8560,true,,
ATMOSPHERIC AND OCEANIC SCIENCE LETTERS,2376-6123;1674-2834,true,,
ATMOSPHERIC SCIENCE LETTERS,1530-261X,true,,
ATOMS,2218-2004,true,,
"ATTENTION, PERCEPTION & PSYCHOPHYSICS",1943-393X;1943-3921,true,,
AUDIOLOGY RESEARCH,2039-4349;2039-4330,true,,
AULA ABIERTA,2341-2313;0210-2773,true,,
AUSTRAL ECOLOGY,1442-9993;1442-9985,true,,
AUSTRAL ENTOMOLOGY,2052-1758;2052-174X,true,,
AUSTRAL JOURNAL OF VETERINARY SCIENCES,0719-8000;0719-8132,true,,
"AUSTRALASIAN ACCOUNTING, BUSINESS AND FINANCE JOURNAL",1834-2019;1834-2000,true,,
AUSTRALASIAN DRAMA STUDIES,0810-4123,true,,
AUSTRALASIAN EMERGENCY CARE,2588-994X;2589-1375,true,,
AUSTRALASIAN JOURNAL OF DERMATOLOGY,1440-0960;0004-8380,true,,
AUSTRALASIAN JOURNAL OF EARLY CHILDHOOD,1839-5961;1836-9391,true,,
AUSTRALASIAN JOURNAL OF INFORMATION SYSTEMS,1039-7841;1449-8618;1326-2238,true,,
AUSTRALASIAN JOURNAL OF WATER RESOURCES,2204-227X;1324-1583,true,,
AUSTRALASIAN PLANT PATHOLOGY,1448-6032;0815-3191,true,,
AUSTRALASIAN PSYCHIATRY,1440-1665;1039-8562,true,,
AUSTRALIAN AND NEW ZEALAND JOURNAL OF OBSTETRICS AND GYNAECOLOGY,1479-828X;0004-8666,true,,
AUSTRALIAN AND NEW ZEALAND JOURNAL OF FAMILY THERAPY,1467-8438;0814-723X,true,,
AUSTRALIAN DENTAL JOURNAL,1834-7819;0045-0421,true,,
AUSTRALIAN ECONOMIC PAPERS,1467-8454;0004-900X,true,,
AUSTRALIAN ENDODONTIC JOURNAL,1747-4477;1329-1947,true,,
AUSTRALIAN FEMINIST LAW JOURNAL,2204-0064;1320-0968,true,,
AUSTRALIAN FEMINIST STUDIES,1465-3303;0816-4649,true,,
AUSTRALIAN HEALTH REVIEW,1449-8944;0156-5788,true,,
AUSTRALIAN JOURNAL OF ADMINISTRATIVE LAW,1320-7105,true,,
AUSTRALIAN JOURNAL OF ADVANCED NURSING,1447-4328;0813-0531,true,,
THE AUSTRALIAN JOURNAL OF ANTHROPOLOGY,1757-6547;1035-8811,true,,
AUSTRALIAN JOURNAL OF BOTANY,1444-9862;0067-1924,true,,
AUSTRALIAN JOURNAL OF CAREER DEVELOPMENT,1038-4162;2200-6974,true,,
AUSTRALIAN JOURNAL OF CIVIL ENGINEERING,2204-2245;1448-8353,true,,
AUSTRALIAN JOURNAL OF EARTH SCIENCES,1440-0952;0812-0099,true,,
AUSTRALIAN JOURNAL OF ENVIRONMENTAL EDUCATION,2049-775X;0814-0626,true,,
AUSTRALIAN JOURNAL OF FORENSIC SCIENCES,1834-562X;0045-0618,true,,
AUSTRALIAN JOURNAL OF GENERAL PRACTICE,2208-7958;2208-794X,true,,
AUSTRALIAN JOURNAL OF INDIGENOUS EDUCATION,2049-7784;1326-0111,true,,
AUSTRALIAN JOURNAL OF INTERNATIONAL AFFAIRS,1465-332X;1035-7718,true,,
AUSTRALIAN JOURNAL OF MANAGEMENT,1327-2020;0312-8962,true,,
AUSTRALIAN JOURNAL OF MECHANICAL ENGINEERING,2204-2253;1448-4846,true,,
AUSTRALIAN JOURNAL OF POLITICAL SCIENCE,1363-030X;1036-1146,true,,
AUSTRALIAN JOURNAL OF POLITICS AND HISTORY,1467-8497;0004-9522,true,,
AUSTRALIAN JOURNAL OF PRIMARY HEALTH,1836-7399;1448-7527,true,,
AUSTRALIAN JOURNAL OF PSYCHOLOGY,1742-9536;0004-9530,true,,
AUSTRALIAN JOURNAL OF RURAL HEALTH,1440-1584;1038-5282,true,,
AUSTRALIAN JOURNAL OF STRUCTURAL ENGINEERING,2204-2261;1328-7982,true,,
AUSTRALIAN JOURNAL OF TEACHER EDUCATION,1835-517X;0313-5373,true,,
AUSTRALIAN JOURNAL OF ZOOLOGY,1446-5698;0004-959X,true,,
AUSTRALIAN OCCUPATIONAL THERAPY JOURNAL,1440-1630;0045-0766,true,,
AUSTRALIAN PLANNER,2150-6841;0729-3682,true,,
AUSTRALIAN PRESCRIBER,1839-3942;0312-8008,true,,
AUSTRALIAN PSYCHOLOGIST,1742-9544;0005-0067,true,,
AUSTRALIAN UNIVERSITIES REVIEW,0818-8068;2208-5394,true,,
AUSTRALIAN VETERINARY JOURNAL,1751-0813;0005-0423,true,,
AUSTRIAN JOURNAL OF EARTH SCIENCES,2072-7151;0251-7493,true,,
AUSTRIAN JOURNAL OF POLITICAL SCIENCE,1615-5548;2313-5433,true,,
AUTEX RESEARCH JOURNAL,2300-0929;1470-9589,true,,
AUTOIMMUNE DISEASES,2090-0430;2090-0422,true,,
AUTOMATIKA,1848-3380;0005-1144,true,,
AUTOMATION AND REMOTE CONTROL,1608-3032;0005-1179,true,,
AUTOMOTIVE INNOVATION,2522-8765;2096-4250,true,,
AUTONOMIC NEUROSCIENCE: BASIC AND CLINICAL,1872-7484;1566-0702,true,,
AUTONOMOUS AGENTS AND MULTI - AGENT SYSTEMS,1573-7454;1387-2532,true,,
AVANCES DEL CESOR,2422-6580;1514-3899,true,,
AVANT,2082-7598;2082-6710,true,,
AVIAN CONSERVATION AND ECOLOGY,1712-6576;1712-6568,true,,
AVIATION,1822-4180;1648-7788,true,,
AVICENNA JOURNAL OF PHYTOMEDICINE,2228-7949;2228-7930,true,,
GLOBAL PHILOSOPHY,2948-152X;2948-1538,true,,
AXIOMS,2075-1680,true,,
AYER,2255-5838;1134-2277,true,,
B - ENT.,2684-4907;1781-782X,true,,
BABEL - REVUE INTERNATIONALE DE LA TRADUCTION - INTERNATIONAL JOURNAL OF TRANSLATION,1569-9668;0521-9744,true,,
BACH,0005-3600,true,,
BAGHDAD SCIENCE JOURNAL,2411-7986;2078-8665,true,,
"BALTIC JOURNAL OF ENGLISH LANGUAGE, LITERATURE AND CULTURE",2501-0395;1691-9971,true,,
BALTIC JOURNAL OF MANAGEMENT,1746-5273;1746-5265,true,,
BANACH JOURNAL OF MATHEMATICAL ANALYSIS,2662-2033;1735-8787,true,,
BANGLADESH JOURNAL OF MEDICAL SCIENCE,2223-4721;2076-0299,true,,
BASIC AND CLINICAL PHARMACOLOGY AND TOXICOLOGY,1742-7843;1742-7835,true,,
BASIC AND CLINICAL ANDROLOGY,2051-4190,true,,
BASIC INCOME STUDIES,2194-6094;1932-0183,true,,
BDJ OPEN,2056-807X,true,,
BEHAVIOR ANALYSIS IN PRACTICE,2196-8934;1998-1929,true,,
BEHAVIOR AND SOCIAL ISSUES,2376-6786;1064-9506,true,,
BEHAVIOR MODIFICATION,1552-4167;0145-4455,true,,
BEHAVIORAL RESEARCH IN ACCOUNTING,1558-8009;1050-4753,true,,
BEHAVIORAL SCIENCES,2076-328X,true,,
BEHAVIORAL SLEEP MEDICINE,1540-2010;1540-2002,true,,
BEHAVIOUR,1568-539X;0005-7959,true,,
BEHAVIOURAL AND COGNITIVE PSYCHOTHERAPY,1469-1833;1352-4658,true,,
BEHAVIOURAL BRAIN RESEARCH,1872-7549;0166-4328,true,,
BEHAVIOURAL NEUROLOGY,1875-8584;0953-4180,true,,
BEHAVIOURAL PHARMACOLOGY,1473-5849;0955-8810,true,,
BEILSTEIN JOURNAL OF ORGANIC CHEMISTRY,1860-5397,true,,
BELGIAN JOURNAL OF ZOOLOGY,2295-0451;0777-6276,true,,
BELPHEGOR,1499-7185,true,,
BENI - SUEF UNIVERSITY JOURNAL OF BASIC AND APPLIED SCIENCES,2314-8543;2314-8535,true,,
BEREAVEMENT - JOURNAL OF GRIEF AND RESPONSES TO DEATH,2754-7833,true,,
BERNOULLI,1573-9759;1350-7265,true,,
BEST PRACTICE AND RESEARCH IN CLINICAL GASTROENTEROLOGY,1532-1916;1521-6918,true,,
BEST PRACTICE AND RESEARCH IN CLINICAL HAEMATOLOGY,1532-1924;1521-6926,true,,
BEYOND BEHAVIOR,2163-5323;1074-2956,true,,
BIBLICA,0006-0887;2385-2062,true,,
BIBLICAL INTERPRETATION - A JOURNAL OF CONTEMPORARY APPROACHES,1568-5152;0927-2569,true,,
"BIJDRAGEN TOT DE TAAL - , LAND - EN VOLKENKUNDE",2213-4379;0006-2294,true,,
BIO-BASED AND APPLIED ECONOMICS,2280-6180;2280-6172,true,,
BIOCATALYSIS AND AGRICULTURAL BIOTECHNOLOGY,1878-8181,true,,
BIOCATALYSIS AND BIOTRANSFORMATION,1029-2446;1024-2422,true,,
BIOCELL,1667-5746;0327-9545,true,,
BIOCHEMIA MEDICA,1846-7482;1330-0962,true,,
BIOCHEMICAL JOURNAL,1470-8728;0264-6021,true,,
BIOCHEMICAL SOCIETY TRANSACTIONS,1470-8752;0300-5127,true,,
BIOCHEMICAL SYSTEMATICS AND ECOLOGY,1873-2925;0305-1978,true,,
BIOCHEMISTRY,1943-295X;0006-2960;1520-4995,true,,
BIOCHEMISTRY (MOSCOW),1608-3040;0006-2979,true,,
BIOCHEMISTRY AND CELL BIOLOGY,1208-6002;0829-8211,true,,
BIOCHIMIE,1638-6183;0300-9084,true,,
BIOCONTROL SCIENCE AND TECHNOLOGY,1360-0478;0958-3157,true,,
BIODEGRADATION,1572-9729;0923-9820,true,,
BIODEMOGRAPHY AND SOCIAL BIOLOGY,1948-5573;1948-5565,true,,
BIODIVERSITY DATA JOURNAL,1314-2836;1314-2828,true,,
BIOELECTRICITY,2576-3113;2576-3105,true,,
BIOENERGY RESEARCH,1939-1242;1939-1234,true,,
BIOESSAYS,1521-1878;0265-9247,true,,
BIOFUELS - UK,1759-7277;1759-7269,true,,
BIOIMPACTS,2228-5660;2228-5652,true,,
BIOINFORMATION,0973-8894;0973-2063,true,,
BIOINVASIONS RECORDS,2242-1300,true,,
BIOLOGIA (POLAND),1336-9563;0006-3088,true,,
BIOLOGIA FUTURA,2676-8615;2676-8607,true,,
BIOLOGICAL AND PHARMACEUTICAL BULLETIN,1347-5215;0918-6158,true,,
BIOLOGICAL BULLETIN,1939-8697;0006-3185,true,,
BIOLOGICAL CHEMISTRY,1437-4315;1431-6730,true,,
BIOLOGICAL JOURNAL OF THE LINNEAN SOCIETY,1095-8312;0024-4066,true,,
BIOLOGICAL TRACE ELEMENT RESEARCH,1559-0720;0163-4984,true,,
BIOLOGICALS,1095-8320;1045-1056,true,,
BIOLOGY BULLETIN,1608-3059;1062-3590,true,,
BIOLOGY OF THE CELL,1768-322X;0248-4900,true,,
BIOMARKERS IN MEDICINE,1752-0371;1752-0363,true,,
BIOMASS CONVERSION AND BIOREFINERY,2190-6823;2190-6815,true,,
BIOMEDICAL AND ENVIRONMENTAL SCIENCES,2214-0190;0895-3988,true,,
BIOMEDICAL ENGINEERING ONLINE,1475-925X,true,,
BIOMEDICAL MATERIALS (BRISTOL),1748-605X;1748-6041,true,,
BIOMEDICAL MICRODEVICES,1572-8781;1387-2176,true,,
BIOMEDICAL SPECTROSCOPY AND IMAGING,2212-8808;2212-8794,true,,
BIOMEDICINE (TAIWAN),2211-8039;2211-8020,true,,
BIOMEDICINES,2227-9059,true,,
BIOMETALS,1572-8773;0966-0844,true,,
BIOMETRICAL JOURNAL,1521-4036;0323-3847,true,,
BIONANOSCIENCE,2191-1649;2191-1630,true,,
BIOORGANIC AND MEDICINAL CHEMISTRY LETTERS,1464-3405;0960-894X,true,,
BIOPHYSICAL CHEMISTRY,1873-4200;0301-4622,true,,
BIOPHYSICAL JOURNAL,1542-0086;0006-3495,true,,
BIOPOLYMERS,1097-0282;0006-3525,true,,
BIOPROCESS AND BIOSYSTEMS ENGINEERING,1615-7605;1615-7591,true,,
BIOPSYCHOSOCIAL MEDICINE,1751-0759,true,,
"BIOSCIENCE OF MICROBIOTA, FOOD AND HEALTH",2186-6953;2186-3342,true,,
BIOSCIENCE REPORTS,1573-4935;0144-8463,true,,
BIOSOCIETIES,1745-8560;1745-8552,true,,
BIOTA NEOTROPICA,1676-0611;1676-0603,true,,
BIOTECHNIQUES,1940-9818;0736-6205,true,,
"BIOTECHNOLOGY, AGRONOMY, SOCIETY AND ENVIRONMENT",1780-4507;1370-6233,true,,
BIOTECHNOLOGY AND APPLIED BIOCHEMISTRY,1470-8744;0885-4513,true,,
BIOTECHNOLOGY AND BIOPROCESS ENGINEERING,1976-3816;1226-8372,true,,
BIOTECHNOLOGY LETTERS,1573-6776;0141-5492,true,,
BIOTECHNOLOGY PROGRESS,8756-7938;1520-6033,true,,
BIRD STUDY,1944-6705;0006-3657,true,,
BIRTH DEFECTS RESEARCH,2472-1727,true,,
BIT NUMERICAL MATHEMATICS,1572-9125;0006-3835,true,,
BIZNES INFORMATIKA - BUSINESS INFORMATICS|БИЗНЕС-ИНФОРМАТИКА,2587-8158;2587-814X;1998-0663;2587-8166,true,,
BJA EDUCATION,2058-5357;2058-5349,true,,
BJPSYCH BULLETIN,2056-4708;2056-4694,true,,
BLACK SCHOLAR,2162-5387;0006-4246,true,,
BLACK THEOLOGY,1743-1670;1476-9948,true,,
BLADDER CANCER,2352-3735;2352-3727,true,,
"BLOOD CELLS, MOLECULES, AND DISEASES",1096-0961;1079-9796,true,,
BLOOD PURIFICATION,1421-9735;0253-5068,true,,
BLUMEA,0006-5196,true,,
BMB REPORTS,1976-670X;1976-6696,true,,
BMC ANESTHESIOLOGY,1471-2253,true,,
BMC BIOTECHNOLOGY,1472-6750,true,,
BMC CANCER,1471-2407,true,,
BMC CARDIOVASCULAR DISORDERS,1471-2261,true,,
BMC EMERGENCY MEDICINE,1471-227X,true,,
BMC GENOMIC DATA,2730-6844,true,,
BMC GERIATRICS,1471-2318,true,,
BMC INFECTIOUS DISEASES,1471-2334,true,,
BMC MEDICAL GENOMICS,1755-8794,true,,
BMC MEDICAL IMAGING,1471-2342,true,,
BMC MEDICAL INFORMATICS AND DECISION MAKING,1472-6947,true,,
BMC MICROBIOLOGY,1471-2180,true,,
BMC MUSCULOSKELETAL DISORDERS,1471-2474,true,,
BMC NEPHROLOGY,1471-2369,true,,
BMC NEUROLOGY,1471-2377,true,,
BMC NEUROSCIENCE,1471-2202,true,,
BMC NUTRITION,2055-0928,true,,
BMC OPHTHALMOLOGY,1471-2415,true,,
BMC PEDIATRICS,1471-2431,true,,
BMC PHARMACOLOGY & TOXICOLOGY,2050-6511,true,,
BMC PRIMARY CARE,2731-4553,true,,
BMC PSYCHOLOGY,2050-7283,true,,
BMC PULMONARY MEDICINE,1471-2466,true,,
BMC RHEUMATOLOGY,2520-1026,true,,
BMC SURGERY,1471-2482,true,,
BMC UROLOGY,1471-2490,true,,
BMC WOMEN'S HEALTH,1472-6874,true,,
BMJ CASE REPORTS,1757-790X,true,,
BMJ HEALTH AND CARE INFORMATICS,2632-1009,true,,
BMJ INNOVATIONS,2055-8074;2055-642X,true,,
BMJ OPEN DIABETES RESEARCH AND CARE,2052-4897,true,,
BMJ OPEN GASTROENTEROLOGY,2054-4774,true,,
BMJ OPEN OPHTHALMOLOGY,2397-3269,true,,
BMJ PAEDIATRICS OPEN,2399-9772,true,,
BMJ SEXUAL AND REPRODUCTIVE HEALTH,2515-2009;2515-1991,true,,
BMS - BULLETIN OF SOCIOLOGICAL METHODOLOGY - BULLETIN DE METHODOLOGIE SOCIOLOGIQUE,2070-2779;0759-1063,true,,
BOLETIM DO ARQUIVO DA UNIVERSIDADE DE COIMBRA,2182-7974;0872-5632,true,,
BOLETIM DO INSTITUTO DE PESCA,1678-2305;0046-9939,true,,
BOLETIM DA SOCIEDADE PARANAENSE DE MATEMATICA,2175-1188;0037-8712,true,,
BOLETIN AMERICANISTA,2014-993X;0520-4100,true,,
BOLETIN DE LA ASOCIACION DE GEOGRAFOS ESPANOLES,2605-3322;0212-9426,true,,
BOLETIN DE LA ASOCIACION INTERNACIONAL DE DERECHO COOPERATIVO - INTERNATIONAL ASSOCIATION OF COOPERATIVE LAW JOURNAL,2386-4893;1134-993X,true,,
BOLETIN DE LITERATURA ORAL,2173-0695,true,,
BOLLETTINO DELLA SOCIETA PALEONTOLOGICA ITALIANA,0375-7633,true,,
BOLLETINO DELL UNIONE MATEMATICA ITALIANA,2198-2759;1972-6724,true,,
BONE REPORTS,2352-1872,false,2024-07-11,removed from the White List
BOOK HISTORY,1529-1499;1098-7371,true,,
BOOKBIRD - A JOURNAL OF INTERNATIONAL CHILDRENS LITERATURE,1918-6983;0006-7377,true,,
BOTANICA MARINA,1437-4323;0006-8055,true,,
BOTANY,1916-2804;1916-2790,true,,
BOTHALIA,2311-9284;0006-8241,true,,
BRACHYTHERAPY,1873-1449;1538-4721,true,,
BRADLEYA,0265-086X,true,,
BRAIN AND DEVELOPMENT,1872-7131;0387-7604,true,,
BRAIN AND BEHAVIOR,2162-3279,true,,
BRAIN AND COGNITION,1090-2147;0278-2626,true,,
BRAIN CIRCULATION,2455-4626;2394-8108,true,,
BRAIN CONNECTIVITY,2158-0022;2158-0014,true,,
BRAIN RESEARCH,1872-6240;0006-8993,true,,
BRAIN RESEARCH BULLETIN,1873-2747;0361-9230,false,2024-07-11,removed from the White List
BRAIN TUMOR PATHOLOGY,1861-387X;1433-7398,true,,
BRATISLAVA MEDICAL JOURNAL / BRATISLAVSKE LEKARSKE LISTY,1336-0345;0006-9248,true,,
BRAZILIAN ARCHIVES OF BIOLOGY AND TECHNOLOGY,1678-4324;1516-8913,true,,
BRAZILIAN JOURNAL OF ANESTHESIOLOGY,2352-2291;0104-0014,true,,
REVISTA BRASILEIRA DE BOTANICA,1806-9959;0100-8404,true,,
BRAZILIAN JOURNAL OF CARDIOVASCULAR SURGERY,1678-9741;0102-7638,true,,
BRAZILIAN JOURNAL OF CHEMICAL ENGINEERING,1678-4383;0104-6632,true,,
BRAZILIAN JOURNAL OF GEOLOGY,2317-4889;2317-4692,true,,
BRAZILIAN JOURNAL OF INFECTIOUS DISEASES,1678-4391;1413-8670,false,2024-07-11,removed from the White List
REVISTA BRASILEIRA DE OTORRINOLARINGOLOGIA (ENGLISH ED.),1808-8686;1808-8694,false,2024-07-11,removed from the White List
BRAZILIAN JOURNAL OF PHYSICS,1678-4448;0103-9733,true,,
REVISTA BRASILEIRA DE CIENCIA AVICOLA,1806-9061;1516-635X,true,,
BREAST CANCER,1880-4233;1340-6868,true,,
BREAST CANCER - TARGETS AND THERAPY,1179-1314,true,,
BREASTFEEDING MEDICINE,1556-8342;1556-8253,true,,
BREATHE,2073-4735;1810-6838,true,,
BRILL'S JOURNAL OF AFROASIATIC LANGUAGES AND LINGUISTICS,1877-6930;1876-6633,true,,
BRITAIN AND THE WORLD,2043-8575;2043-8567,true,,
BRITISH CATHOLIC HISTORY,2055-7981;2055-7973,true,,
BRITISH DENTAL JOURNAL,1476-5373;0007-0610,true,,
BRITISH FOOD JOURNAL,1758-4108;0007-070X,true,,
BRITISH JOURNAL OF BIOMEDICAL SCIENCE,2474-0896;0967-4845,true,,
BRITISH JOURNAL OF CLINICAL PHARMACOLOGY,1365-2125;0306-5251,true,,
BRITISH JOURNAL OF CLINICAL PSYCHOLOGY,2044-8260;0144-6657,true,,
BRITISH JOURNAL OF DEVELOPMENTAL PSYCHOLOGY,2044-835X;0261-510X,true,,
BRITISH JOURNAL OF EDUCATIONAL STUDIES,1467-8527;0007-1005,true,,
"BRITISH JOURNAL OF HOSPITAL MEDICINE (LONDON, ENGLAND : 2005)",1759-7390;1750-8460,true,,
BRITISH JOURNAL OF NEUROSURGERY,1360-046X;0268-8697,true,,
BRITISH JOURNAL OF OCCUPATIONAL THERAPY,1477-6006;0308-0226,true,,
BRITISH JOURNAL OF ORAL AND MAXILLOFACIAL SURGERY,1532-1940;0266-4356,true,,
BRITISH JOURNAL OF PAIN,2049-4645;2049-4637,true,,
BRITISH JOURNAL OF SOCIOLOGY OF EDUCATION,1465-3346;0142-5692,true,,
BRITISH JOURNAL OF SPECIAL EDUCATION,1467-8578;0952-3383,true,,
BRONTE STUDIES,1745-8226;1474-8932,true,,
BRYOLOGIST,1938-4378;0007-2745,true,,
BUDDHIST STUDIES REVIEW,1747-9681;0265-2897,true,,
BUFFALO LAW REVIEW,0023-9356,true,,
BUILDING ACOUSTICS,2059-8025;1351-010X,true,,
BUILDING SERVICES ENGINEERING RESEARCH AND TECHNOLOGY,1477-0849;0143-6244,true,,
BUILDINGS & LANDSCAPES - JOURNAL OF THE VERNACULAR ARCHITECTURE FORUM,1936-0886;1934-6832,true,,
BUILT ENVIRONMENT PROJECT AND ASSET MANAGEMENT,2044-1258;2044-124X,true,,
BULGARSKO E - SPISANIE ZA ARKHEOLOGIYA - BULGARIAN E-JOURNAL OF ARCHAEOLOGY,1314-5088,true,,
BULLETIN DE LA SOCIETE PREHISTORIQUE FRANCAISE,1760-7361;0249-7638,true,,
BULLETIN DES SCIENCES MATHEMATIQUES,1952-4773;0007-4497,true,,
BULLETIN OF ENTOMOLOGICAL RESEARCH,1475-2670;0007-4853,true,,
BULLETIN OF ENVIRONMENTAL CONTAMINATION AND TOXICOLOGY,1432-0800;0007-4861,true,,
BULLETIN OF EXPERIMENTAL BIOLOGY AND MEDICINE,1573-8221;0007-4888,true,,
BULLETIN OF GEOGRAPHY - PHYSICAL GEOGRAPHY SERIES,2300-8490;2080-7686,true,,
BULLETIN OF GEOGRAPHY - SOCIO-ECONOMIC SERIES,2083-8298;1732-4254;2083-8289,true,,
BULLETIN OF GEOPHYSICS AND OCEANOGRAPHY,2785-339X;2785-2970,true,,
BULLETIN OF GEOSCIENCES,1802-8225;1214-1119,true,,
BULLETIN OF GLACIOLOGICAL RESEARCH,1884-8044;1345-3807,true,,
BULLETIN OF INSECTOLOGY,2283-0332;1721-8861,true,,
BULLETIN OF LATIN AMERICAN RESEARCH,1470-9856;0261-3050,true,,
BULLETIN OF MARINE SCIENCE,1553-6955;0007-4977,true,,
BULLETIN OF MATERIALS SCIENCE,0973-7669;0250-4707,true,,
BULLETIN OF RUSSIAN STATE MEDICAL UNIVERSITY|ВЕСТНИК РОССИЙСКОГО ГОСУДАРСТВЕННОГО МЕДИЦИНСКОГО УНИВЕРСИТЕТА,2542-1204;2500-1094;2070-7320;2070-7339,true,,
BULLETIN OF THE BRAZILIAN MATHEMATICAL SOCIETY,1678-7714;1678-7544,true,,
BULLETIN OF THE COMEDIANTES,1944-0928;0007-5108,true,,
BULLETIN OF THE GEOLOGICAL SOCIETY OF DENMARK,2245-7070;0011-6297,true,,
BULLETIN OF THE GEOLOGICAL SOCIETY OF FINLAND,1799-4632;0367-5211,true,,
BULLETIN OF THE HISTORY OF ARCHAEOLOGY,2047-6930;1062-4740,true,,
BULLETIN OF THE HISTORY OF MEDICINE,1086-3176;0007-5140,true,,
BULLETIN OF THE IRANIAN MATHEMATICAL SOCIETY,1017-060X;1735-8515;1018-6301,true,,
BULLETIN OF THE PEABODY MUSEUM OF NATURAL HISTORY,2162-4135;0079-032X,false,2026-03-02,removed from the White List
BULLETIN OF THE POLISH ACADEMY OF SCIENCES: TECHNICAL SCIENCES,2300-1917;0239-7528,true,,
BULLETIN OF THE SCHOOL OF ORIENTAL AND AFRICAN STUDIES - UNIVERSITY OF LONDON,1474-0699;0041-977X,true,,
BULLETIN OF THE TOMSK POLYTECHNIC UNIVERSITY - GEO ASSETS ENGINEERING|ИЗВЕСТИЯ ТОМСКОГО ПОЛИТЕХНИЧЕСКОГО УНИВЕРСИТЕТА. ИНЖИНИРИНГ ГЕОРЕСУРСОВ,2500-1019;2413-1830,true,,
BUNDESGESUNDHEITSBLATT - GESUNDHEITSFORSCHUNG - GESUNDHEITSSCHUTZ,1437-1588,true,,
BURLINGTON MAGAZINE,2044-9925;0007-6287,true,,
BUSINESS AND SOCIETY REVIEW,1467-8594;0045-3609,true,,
BUSINESS SYSTEMS RESEARCH JOURNAL,1847-8344;1847-9375,true,,
BYZANTINISCHE ZEITSCHRIFT,1868-9027;0007-7704,true,,
CAHIERS/AGRICULTURES,1777-5949;1166-7699,true,,
CAHIERS D'ETUDES AFRICAINES,1777-5353;0008-0055,true,,
CAHIERS ELISABETHAINS,2054-4715;0184-7678,true,,
CALICO JOURNAL,0742-7778;2056-9017,true,,
CAMBRIDGE INTERNATIONAL LAW JOURNAL,2398-9181;2398-9173,true,,
CAMBRIDGE JOURNAL OF ANTHROPOLOGY,2047-7716;0305-7674,true,,
CAMBRIDGE OPERA JOURNAL,1474-0621;0954-5867,true,,
CAMBRIDGE QUARTERLY,1471-6836;0008-199X,true,,
CAMERA OBSCURA,1529-1510;0270-5346,true,,
CANADIAN ENTOMOLOGIST,1918-3240;0008-347X,true,,
CANADIAN FOREIGN POLICY JOURNAL,2157-0817;1192-6422,true,,
CANADIAN GEOGRAPHER / GEOGRAPHIE CANADIEN,1541-0064;0008-3658,true,,
CANADIAN GERIATRICS JOURNAL,1925-8348,true,,
CANADIAN JOURNAL OF ADDICTION,2368-4739;2368-4720,true,,
CANADIAN JOURNAL OF ADMINISTRATIVE SCIENCES - REVUE CANADIENNE DES SCIENCES DE L ADMINISTRATION,1936-4490;0825-0383,true,,
CANADIAN JOURNAL OF ANIMAL SCIENCE,1918-1825;0008-3984,true,,
CANADIAN JOURNAL OF APPLIED LINGUISTICS,1481-868X,true,,
CANADIAN JOURNAL OF CHEMICAL ENGINEERING,1939-019X;0008-4034,true,,
CANADIAN JOURNAL OF CIVIL ENGINEERING,1208-6029;0315-1468,true,,
CANADIAN JOURNAL OF COMMUNICATION,1499-6642;0705-3657,true,,
CANADIAN JOURNAL OF DIABETES,2352-3840;1499-2671,true,,
CANADIAN JOURNAL OF EARTH SCIENCES,1480-3313;0008-4077,true,,
CANADIAN JOURNAL OF ECONOMICS - REVUE CANADIENNE D ECONOMIQUE,1540-5982;0008-4085,true,,
CANADIAN JOURNAL OF EMERGENCY MEDICINE,1481-8043;1481-8035,true,,
CANADIAN JOURNAL OF GASTROENTEROLOGY AND HEPATOLOGY,2291-2797;2291-2789,true,,
CANADIAN JOURNAL OF HIGHER EDUCATION,0316-1218;2293-6602,true,,
JOURNAL OF HISTORY,2292-8502;0008-4107,true,,
CANADIAN JOURNAL OF INFECTIOUS DISEASES AND MEDICAL MICROBIOLOGY,1918-1493;1712-9532,true,,
CANADIAN JOURNAL OF KIDNEY HEALTH AND DISEASE,2054-3581,true,,
CANADIAN JOURNAL OF LAW AND SOCIETY,1911-0227;0829-3201,true,,
CANADIAN JOURNAL OF LINGUISTICS - REVUE CANADIENNE DE LINGUISTIQUE,1710-1115;0008-4131,true,,
CANADIAN JOURNAL OF MICROBIOLOGY,1480-3275;0008-4166,true,,
CANADIAN JOURNAL OF NEUROLOGICAL SCIENCES,2057-0155;0317-1671,true,,
CANADIAN JOURNAL OF NONPROFIT AND SOCIAL ECONOMY RESEARCH,1920-9355,true,,
CANADIAN JOURNAL OF OCCUPATIONAL THERAPY - REVUE CANADIENNE D ERGOTHERAPIE,1911-9828;0008-4174,true,,
CANADIAN JOURNAL OF OPHTHALMOLOGY,1715-3360;0008-4182,true,,
CANADIAN JOURNAL OF PAIN - REVUE CANADIENNE DE LA DOULEUR,2474-0527,true,,
CANADIAN JOURNAL OF PHYSICS,1208-6045;0008-4204,true,,
CANADIAN JOURNAL OF PHYSIOLOGY AND PHARMACOLOGY,1205-7541;0008-4212,true,,
CANADIAN JOURNAL OF PLANT SCIENCE,1918-1833;0008-4220,true,,
CANADIAN JOURNAL OF REMOTE SENSING,1712-7971;0703-8992,true,,
CANADIAN JOURNAL OF RURAL MEDICINE : THE OFFICIAL JOURNAL OF THE SOCIETY OF RURAL PHYSICIANS OF CANADA = JOURNAL CANADIEN DE LA MEDECINE RURALE : LE JOURNAL OFFICIEL DE LA SOCIETE DE MEDECINE RURALE DU CANADA,1488-237X;1203-7796,true,,
CANADIAN JOURNAL OF SCHOOL PSYCHOLOGY,2154-3984;0829-5735,true,,
"CANADIAN JOURNAL OF SCIENCE, MATHEMATICS AND TECHNOLOGY EDUCATION",1942-4051;1492-6156,true,,
CANADIAN JOURNAL OF SOCIOLOGY - CAHIERS CANADIENS DE SOCIOLOGIE,0318-6431;1710-1123,true,,
CANADIAN JOURNAL OF SOIL SCIENCE,1918-1841;0008-4271,true,,
CANADIAN JOURNAL OF SPEECH-LANGUAGE PATHOLOGY AND AUDIOLOGY,1913-2018;1913-200X,true,,
CANADIAN JOURNAL OF SURGERY,1488-2310;0008-428X,true,,
CANADIAN JOURNAL OF VETERINARY RESEARCH,1928-9022;0830-9000,true,,
CANADIAN JOURNAL OF WOMEN AND THE LAW,1911-0235;0832-8781,true,,
CANADIAN MATHEMATICAL BULLETIN - BULLETIN CANADIEN DE MATHEMATIQUES,1496-4287;0008-4395,true,,
CANADIAN METALLURGICAL QUARTERLY,1879-1395;0008-4433,true,,
THE CANADIAN JOURNAL OF MINERALOGY AND PETROLOGY,2817-1713,true,,
CANADIAN PSYCHOLOGY - PSYCHOLOGIE CANADIENNE,1878-7304;0708-5591,true,,
CANADIAN PUBLIC ADMINISTRATION - ADMINISTRATION PUBLIQUE DU CANADA,1754-7121;0008-4840,true,,
CANADIAN REVIEW OF AMERICAN STUDIES,1710-114X;0007-7720,true,,
CANADIAN REVIEW OF COMPARATIVE LITERATURE - REVUE CANADIENNE DE LITTERATURE COMPAREE,1913-9659;0319-051X,true,,
CANADIAN THEATRE REVIEW,1920-941X;0315-0836,true,,
CANADIAN VETERINARY JOURNAL - REVUE VETERINAIRE CANADIENNE,0008-5286,true,,
CANADIAN WATER RESOURCES JOURNAL,1918-1817;0701-1784,true,,
CANCER & METABOLISM,2049-3002,true,,
CANCER BIOLOGY AND MEDICINE,2095-3941,true,,
CANCER CYTOPATHOLOGY,1934-6638;1934-662X,true,,
CANCER JOURNAL,1540-336X;1528-9117,true,,
CANCER MANAGEMENT AND RESEARCH,1179-1322,true,,
CANCER MEDICINE,2045-7634,true,,
CANCER PREVENTION RESEARCH,1940-6215;1940-6207,true,,
CAPITAL AND CLASS,2041-0980;0309-8168,true,,
CAPITAL MARKETS LAW JOURNAL,1750-7227;1750-7219,true,,
CAPITALE CULTURALE - STUDIES ON THE VALUE OF CULTURAL HERITAGE,2039-2362,true,,
CARBOHYDRATE RESEARCH,1873-426X;0008-6215,true,,
CARBON BALANCE AND MANAGEMENT,1750-0680,true,,
CARBON LETTERS,2233-4998;1976-4251,true,,
CARBON MANAGEMENT,1758-3012;1758-3004,true,,
CARBONATES AND EVAPORITES,1878-5212;0891-2556,true,,
CARDIO-ONCOLOGY,2057-3804,true,,
CARDIOLOGY,1421-9751;0008-6312,true,,
CARDIOLOGY AND THERAPY,2193-8261;2193-6544,true,,
CARDIOLOGY CLINICS,1558-2264;0733-8651,true,,
CARDIOLOGY IN REVIEW,1538-4683;1061-5377,true,,
CARDIOLOGY JOURNAL,1898-018X;1897-5593,true,,
CARDIOVASCULAR AND INTERVENTIONAL RADIOLOGY,0174-1551,true,,
CARDIOVASCULAR DIAGNOSIS AND THERAPY,2223-3660;2223-3652,true,,
CARDIOVASCULAR ENDOCRINOLOGY AND METABOLISM,2574-0954,true,,
CARDIOVASCULAR ENGINEERING AND TECHNOLOGY,1869-4098;1869-408X,true,,
CARDIOVASCULAR INTERVENTION AND THERAPEUTICS,1868-4300;1868-4297,true,,
CARDIOVASCULAR THERAPEUTICS,1755-5922;1755-5914,true,,
CARDIOVASCULAR TOXICOLOGY,1559-0259;1530-7905,true,,
CARDIOVASCULAR ULTRASOUND,1476-7120,true,,
CAREER DEVELOPMENT QUARTERLY,2161-0045;0889-4019,true,,
CARNETS DE GEOLOGIE,1765-2553;1634-0744,true,,
CARTOGRAPHIC JOURNAL,1743-2774;0008-7041,true,,
CARTOGRAPHICA,1911-9925;0317-7173,true,,
CASE REPORTS IN MEDICINE,1687-9635;1687-9627,true,,
CASE STUDIES ON TRANSPORT POLICY,2213-6258;2213-624X,true,,
CASOPIS ZA SUVREMENU POVIJEST,1848-9079;0590-9597,true,,
CASPIAN JOURNAL OF INTERNAL MEDICINE,2008-6172;2008-6164,true,,
CASTILLA - ESTUDIOS DE LITERATURA,1989-7383,true,,
CATALAN JOURNAL OF COMMUNICATION AND CULTURAL STUDIES,1757-1901;1757-1898,true,,
APPLIED CATALYSIS O: OPEN,2950-6484,true,,
CATALYSIS IN INDUSTRY,2070-0555;2070-0504,true,,
CATALYSIS LETTERS,1572-879X;1011-372X,true,,
CATALYSIS SURVEYS FROM ASIA,1574-9266;1571-1013,true,,
CATALYSTS,2073-4344,true,,
CATHETERIZATION AND CARDIOVASCULAR INTERVENTIONS,1522-726X;1522-1946,true,,
CATHOLIC BIBLICAL QUARTERLY,2163-2529;0008-7912,true,,
CCF TRANSACTIONS ON PERVASIVE COMPUTING AND INTERACTION,2524-5228;2524-521X,true,,
CEAS SPACE JOURNAL,1868-2510;1868-2502,true,,
CELL ADHESION AND MIGRATION,1933-6926;1933-6918,true,,
CELL AND TISSUE RESEARCH,1432-0878;0302-766X,true,,
CELL BIOCHEMISTRY AND BIOPHYSICS,1559-0283;1085-9195,true,,
CELL BIOCHEMISTRY AND FUNCTION,1099-0844;0263-6484,true,,
CELL BIOLOGY INTERNATIONAL,1095-8355;1065-6995,true,,
CELL CYCLE,1551-4005;1538-4101,true,,
CELL DIVISION,1747-1028,true,,
CELL STRESS AND CHAPERONES,1466-1268;1355-8145,false,2024-07-11,removed from the White List
CELLULAR AND MOLECULAR BIOLOGY,1165-158X;0145-5680,true,,
CELLULAR IMMUNOLOGY,1090-2163;0008-8749,true,,
CELLULAR MICROBIOLOGY,1462-5822;1462-5814,true,,
CELLULAR POLYMERS,1478-2421;0262-4893,true,,
CELLULAR SIGNALLING,1873-3913;0898-6568,true,,
CELLULOSE CHEMISTRY AND TECHNOLOGY,0576-9787,true,,
CENTRAL EUROPEAN BUSINESS REVIEW,1805-4862;1805-4854,true,,
CENTRAL EUROPEAN FORESTRY JOURNAL,2454-0358;2454-034X,true,,
CENTRAL EUROPEAN MANAGEMENT JOURNAL,2658-2430;2658-0845,true,,
CERAMICS - SWITZERLAND,2571-6131,true,,
CEREAL CHEMISTRY,1943-3638;0009-0352,true,,
CEREAL RESEARCH COMMUNICATIONS,1788-9170;0133-3720,true,,
CEREBROVASCULAR DISEASES,1421-9786;1015-9770,true,,
CEREBROVASCULAR DISEASES EXTRA,1664-5456,true,,
CERNE,2317-6342;0104-7760,true,,
CESIFO ECONOMIC STUDIES,1612-7501;1610-241X,true,,
CESKA LITERATURA,2571-094X;0009-0468,true,,
CHANGE OVER TIME - AN INTERNATIONAL JOURNAL OF CONSERVATION AND THE BUILT ENVIRONMENT,2153-0548;2153-053X,true,,
CHANGING SOCIETIES AND PERSONALITIES,2587-8964;2587-6104,true,,
"CHANNELS (AUSTIN, TEX.)",1933-6969;1933-6950,true,,
CHELONIAN CONSERVATION AND BIOLOGY,1943-3956;1071-8443,true,,
CHEMBIOCHEM,1439-7633;1439-4227,true,,
CHEMENGINEERING,2305-7084,true,,
CHEMICAL AND PHARMACEUTICAL BULLETIN,1347-5223;0009-2363,true,,
CHEMICAL AND BIOCHEMICAL ENGINEERING QUARTERLY,1846-5153;0352-9568,true,,
CHEMICAL BIOLOGY AND DRUG DESIGN,1747-0285;1747-0277,true,,
CHEMICAL ENGINEERING AND TECHNOLOGY,1521-4125;0930-7516,true,,
CHEMICAL ENGINEERING COMMUNICATIONS,1563-5201;0098-6445,true,,
CHEMICAL PAPERS,2585-7290;0366-6352,true,,
CHEMICAL PHYSICS,1873-4421;0301-0104,true,,
CHEMICAL PHYSICS LETTERS,1873-4448;0009-2614,true,,
CHEMICAL RESEARCH IN CHINESE UNIVERSITIES,2210-3171;1005-9040,true,,
CHEMICAL RESEARCH IN TOXICOLOGY,1520-5010;0893-228X,true,,
CHEMIE-INGENIEUR-TECHNIK,1522-2640;0009-286X,true,,
CHEMISTRY - DIDACTICS - ECOLOGY - METROLOGY,2084-4506;1640-9019,true,,
CHEMISTRY (SWITZERLAND),2624-8549,true,,
CHEMISTRY AND BIODIVERSITY,1612-1880;1612-1872,true,,
CHEMISTRY AFRICA - A JOURNAL OF THE TUNISIAN CHEMICAL SOCIETY,2522-5766;2522-5758,true,,
CHEMISTRY AND ECOLOGY,1029-0370;0275-7540,true,,
CHEMISTRY AND PHYSICS OF LIPIDS,1873-2941;0009-3084,true,,
CHEMISTRY FOR SUSTAINABLE DEVELOPMENT|ХИМИЯ В ИНТЕРЕСАХ УСТОЙЧИВОГО РАЗВИТИЯ,0869-8538,true,,
CHEMISTRY LETTERS,1348-0715;0366-7022,true,,
CHEMISTRYOPEN,2191-1363,true,,
CHEMISTRYSELECT,2365-6549,true,,
CHEMMEDCHEM,1860-7187;1860-7179,true,,
CHEMOECOLOGY,1423-0445;0937-7409,true,,
CHEMOSENSORS,2227-9040,true,,
CHEMOTHERAPY,1421-9794;0009-3157,true,,
CHEMPHOTOCHEM,2367-0932,true,,
CHEMPHYSCHEM,1439-7641;1439-4235,true,,
CHEMPLUSCHEM,2192-6506,true,,
CHEMTEXTS,2199-3793,true,,
CHIANG MAI JOURNAL OF SCIENCE,0125-2526,true,,
CHICAGO REVIEW,2327-5804;0009-3696,true,,
CHILD AND YOUTH SERVICES,1545-2298;0145-935X,true,,
CHILD AND ADOLESCENT PSYCHIATRIC CLINICS OF NORTH AMERICA,1558-0490;1056-4993,true,,
CHILD PSYCHIATRY AND HUMAN DEVELOPMENT,1573-3327;0009-398X,true,,
CHILDREN - BASEL,2227-9067,true,,
CHILDREN'S HEALTH CARE,1532-6888;0273-9615,true,,
CHILD'S NERVOUS SYSTEM,1433-0350;0256-7040,true,,
CHILEAN JOURNAL OF AGRICULTURAL RESEARCH,0718-5839;0718-5820,true,,
CHIMIA,0009-4293,true,,
CHINA - AN INTERNATIONAL JOURNAL,0219-8614;0219-7472,true,,
CHINA ECONOMIC JOURNAL,1753-8971;1753-8963,true,,
CHINA FOUNDRY,2365-9459;1672-6421,true,,
CHINA OCEAN ENGINEERING,2191-8945;0890-5487,true,,
CHINA QUARTERLY OF INTERNATIONAL STRATEGIC STUDIES,2377-7400;2377-7419,true,,
CHINA REPORT,0973-063X;0009-4455,true,,
CHINESE ECONOMY,1558-0954;1097-1475,true,,
CHINESE HERBAL MEDICINES,1674-6384,false,2024-07-11,removed from the White List
CHINESE HISTORICAL REVIEW,2048-7827;1547-402X,true,,
CHINESE JOURNAL OF CHEMICAL PHYSICS,2327-2244;1674-0068,true,,
CHINESE JOURNAL OF COMPARATIVE LAW,2050-4810;2050-4802,true,,
CHINESE JOURNAL OF ENVIRONMENTAL LAW,2468-6042;2468-6034,true,,
CHINESE JOURNAL OF INTERNATIONAL LAW,1746-9937;1540-1650,true,,
CHINESE JOURNAL OF SOCIOLOGY,2057-1518;2057-150X,true,,
CHINESE JOURNAL OF TRAUMATOLOGY - ENGLISH EDITION,1008-1275,true,,
CHINESE LANGUAGE AND DISCOURSE,1877-8798;1877-7031,true,,
CHINESE MANAGEMENT STUDIES,1750-6158;1750-614X,true,,
CHINESE OPTICS LETTERS,1671-7694,true,,
CHINESE PHYSICS B,2058-3834;1674-1056,true,,
CHINESE PHYSICS C,1674-1137,true,,
CHINESE PHYSICS LETTERS,1741-3540;0256-307X,true,,
KEXUE TONGBAO/CHINESE SCIENCE BULLETIN,2095-9419;0023-074X,true,,
CHINESE SEMIOTIC STUDIES,2198-9613;2198-9605,true,,
CHINESE STUDIES IN HISTORY,1558-0407;0009-4633,true,,
CHIRALITY,1520-636X;0899-0042,true,,
CHOREOGRAPHIC PRACTICES,2040-5677;2040-5669,true,,
CHRONIC OBSTRUCTIVE PULMONARY DISEASES - JOURNAL OF THE COPD FOUNDATION,2372-952X,true,,
CHRONIC RESPIRATORY DISEASE,1479-9731;1479-9723,true,,
CHRONOBIOLOGY INTERNATIONAL,1525-6073;0742-0528,true,,
CHUNGARA - REVISTA DE ANTROPOLOGIA CHILENA,0717-7356;0716-1182,true,,
CIENCIA E SAUDE COLETIVA,1678-4561;1413-8123,true,,
CINEJ CINEMA JOURNAL,2159-2411;2158-8724,true,,
CINEMA - JOURNAL OF PHILOSOPHY AND THE MOVING IMAGE,1647-8991,true,,
"CIRCUITS, SYSTEMS, AND SIGNAL PROCESSING",1531-5878;0278-081X,true,,
CIRCULO DE LINGUISTICA APLICADA A LA COMUNICACION,1576-4737,true,,
CIRUGIA ESPANOLA,1578-147X;0009-739X,true,,
CITY AND SOCIETY,1548-744X;0893-0465,true,,
CIVIL ENGINEERING AND ENVIRONMENTAL SYSTEMS,1029-0249;1028-6608,true,,
CIVIL WARS,1743-968X;1369-8249,true,,
CLASSICAL WORLD,1558-9234;0009-8418,true,,
CLAYS AND CLAY MINERALS,1552-8367;0009-8604,true,,
CLCWEB - COMPARATIVE LITERATURE AND CULTURE,1481-4374,true,,
"CLEAN - SOIL, AIR, WATER",1863-0669;1863-0650,true,,
CLEAN ENERGY,2515-4230;2515-396X,true,,
CLEANER ENVIRONMENTAL SYSTEMS,2666-7894,false,2024-07-11,removed from the White List
CLEFT PALATE - CRANIOFACIAL JOURNAL,1545-1569;1055-6656,true,,
CLIMATE,2225-1154,true,,
CLIMATE LAW,1878-6561;1878-6553,true,,
CLIMATE RESEARCH,1616-1572;0936-577X,true,,
CLINICA E INVESTIGACION EN ARTERIOSCLEROSIS,1578-1879;0214-9168,true,,
CLINICA Y SALUD,2174-0550;1130-5274,true,,
CLINICAL AND TRANSLATIONAL IMMUNOLOGY,2050-0068,true,,
CLINICAL AND TRANSLATIONAL ONCOLOGY,1699-3055;1699-048X,true,,
CLINICAL AND APPLIED THROMBOSIS - HEMOSTASIS,1938-2723;1076-0296,true,,
CLINICAL AND EXPERIMENTAL ALLERGY,1365-2222;0954-7894,true,,
CLINICAL AND EXPERIMENTAL EMERGENCY MEDICINE,2383-4625,true,,
CLINICAL AND EXPERIMENTAL GASTROENTEROLOGY,1178-7023,true,,
CLINICAL AND EXPERIMENTAL IMMUNOLOGY,1365-2249;0009-9104,true,,
CLINICAL AND EXPERIMENTAL NEPHROLOGY,1437-7799;1342-1751,true,,
CLINICAL AND EXPERIMENTAL PHARMACOLOGY AND PHYSIOLOGY,1440-1681;0305-1870,true,,
CLINICAL AND EXPERIMENTAL REPRODUCTIVE MEDICINE,2233-8233,true,,
CLINICAL AND INVESTIGATIVE MEDICINE,1488-2353;0147-958X,true,,
CLINICAL AND TRANSLATIONAL GASTROENTEROLOGY,2155-384X,true,,
CLINICAL AND TRANSLATIONAL IMAGING,2281-7565;2281-5872,true,,
CLINICAL BIOMECHANICS,1879-1271;0268-0033,true,,
CLINICAL BREAST CANCER,1938-0666;1526-8209,true,,
CLINICAL CARDIOLOGY,1932-8737;0160-9289,true,,
CLINICAL CHILD PSYCHOLOGY AND PSYCHIATRY,1461-7021;1359-1045,true,,
"CLINICAL, COSMETIC AND INVESTIGATIONAL DENTISTRY",1179-1357,true,,
"CLINICAL, COSMETIC AND INVESTIGATIONAL DERMATOLOGY",1178-7015,true,,
CLINICAL DRUG INVESTIGATION,1179-1918;1173-2563,true,,
CLINICAL EEG AND NEUROSCIENCE,2169-5202;1550-0594,true,,
CLINICAL ENDOCRINOLOGY,1365-2265;0300-0664,true,,
CLINICAL EPIDEMIOLOGY AND GLOBAL HEALTH,2452-0918;2213-3984,false,2024-07-11,removed from the White List
CLINICAL GERONTOLOGIST,1545-2301;0731-7115,true,,
CLINICAL IMAGING,1873-4499;0899-7071,true,,
CLINICAL MEDICINE AND RESEARCH,1554-6179;1539-4182,true,,
CLINICAL MEDICINE INSIGHTS - ARTHRITIS AND MUSCULOSKELETAL DISORDERS,1179-5441,true,,
CLINICAL MEDICINE INSIGHTS - CARDIOLOGY,1179-5468,true,,
"CLINICAL MEDICINE INSIGHTS: CIRCULATORY, RESPIRATORY AND PULMONARY MEDICINE",1179-5484,true,,
CLINICAL MEDICINE INSIGHTS - ENDOCRINOLOGY AND DIABETES,1179-5514,true,,
CLINICAL MEDICINE INSIGHTS - PEDIATRICS,1179-5565,true,,
CLINICAL NEUROLOGY AND NEUROSURGERY,1872-6968;0303-8467,true,,
CLINICAL NEUROPHYSIOLOGY PRACTICE,2467-981X,false,2024-07-11,removed from the White List
CLINICAL NURSE SPECIALIST,1538-9782;0887-6274,true,,
CLINICAL NUTRITION ESPEN,2405-4577,true,,
CLINICAL OBESITY,1758-8111;1758-8103,true,,
CLINICAL OBSTETRICS AND GYNECOLOGY,1532-5520;0009-9201,true,,
CLINICAL ONCOLOGY,1433-2981;0936-6555,true,,
CLINICAL OPHTHALMOLOGY,1177-5483;1177-5467,true,,
CLINICAL OPTOMETRY,1179-2752,true,,
CLINICAL PEDIATRICS,1938-2707;0009-9228,true,,
CLINICAL PHARMACOLOGY - ADVANCES AND APPLICATIONS,1179-1438,true,,
CLINICAL PHARMACOLOGY IN DRUG DEVELOPMENT,2160-7648;2160-763X,true,,
CLINICAL PHYSIOLOGY AND FUNCTIONAL IMAGING,1475-097X;1475-0961,true,,
CLINICAL PRACTICE IN PEDIATRIC PSYCHOLOGY,2169-4834;2169-4826,true,,
CLINICAL PSYCHOLOGY AND PSYCHOTHERAPY,1099-0879;1063-3995,true,,
CLINICAL PSYCHOPHARMACOLOGY AND NEUROSCIENCE,2093-4327;1738-1088,true,,
CLINICAL RADIOLOGY,1365-229X;0009-9260,true,,
CLINICAL RESPIRATORY JOURNAL,1752-699X;1752-6981,true,,
CLINICAL RHEUMATOLOGY,1434-9949;0770-3198,true,,
CLINICAL SPINE SURGERY,2380-0186;2380-0194,true,,
CLINICAL TEACHER,1743-498X;1743-4971,true,,
CLINICAL THERAPEUTICS,1879-114X;0149-2918,true,,
CLINICAL TOXICOLOGY,1556-9519;1556-3650,true,,
CLINICAL TRANSPLANTATION,1399-0012;0902-0063,true,,
CLINICOECONOMICS AND OUTCOMES RESEARCH,1178-6981,true,,
CLINICS AND PRACTICE,2039-7283;2039-7275,true,,
CLINICS AND RESEARCH IN HEPATOLOGY AND GASTROENTEROLOGY,2210-741X;2210-7401,true,,
CLINICS IN COLON AND RECTAL SURGERY,1531-0043;1530-9681,true,,
CLINICS IN LABORATORY MEDICINE,1557-9832;0272-2712,true,,
CLINICS IN PLASTIC SURGERY,1558-0504;0094-1298,true,,
CLINICS IN SPORTS MEDICINE,1556-228X;0278-5919,true,,
CLOCKS AND SLEEP,2624-5175,true,,
CLUSTER COMPUTING - THE JOURNAL OF NETWORKS SOFTWARE TOOLS AND APPLICATIONS,1573-7543;1386-7857,true,,
CMES - COMPUTER MODELING IN ENGINEERING AND SCIENCES,1526-1506;1526-1492,true,,
CO-HERENCIA,2539-1208;1794-5887,true,,
COACHING - AN INTERNATIONAL JOURNAL OF THEORY RESEARCH AND PRACTICE,1752-1890;1752-1882,true,,
COASTAL MANAGEMENT,1521-0421;0892-0753,true,,
COATINGS,2079-6412,true,,
COCHLEAR IMPLANTS INTERNATIONAL,1754-7628;1467-0100,true,,
CODEX AQUILARENSIS,2386-6454;0214-896X,true,,
COGENT BUSINESS AND MANAGEMENT,2331-1975,true,,
COGENT ECONOMICS AND FINANCE,2332-2039,true,,
COGENT EDUCATION,2331-186X,true,,
COGENT ENGINEERING,2331-1916,true,,
COGENT SOCIAL SCIENCES,2331-1886,true,,
COGNITEXTES,1958-5322,true,,
"COGNITIVE, AFFECTIVE AND BEHAVIORAL NEUROSCIENCE",1531-135X;1530-7026,true,,
COGNITIVE AND BEHAVIORAL PRACTICE,1878-187X;1077-7229,true,,
COGNITIVE DEVELOPMENT,1879-226X;0885-2014,true,,
COGNITIVE NEUROPSYCHIATRY,1464-0619;1354-6805,true,,
COGNITIVE PROCESSING,1612-4790;1612-4782,true,,
COGNITIVE SCIENCE,1551-6709;0364-0213,true,,
COGNITIVE THERAPY AND RESEARCH,1573-2819;0147-5916,true,,
COLLECTANEA CHRISTIANA ORIENTALIA,2386-7442;1697-2104,true,,
COLLECTION AND CURATION,2514-9326,true,,
COLLECTION MANAGEMENT,1545-2549;0146-2679,true,,
COLLECTIVUS - REVISTA DE CIENCIAS SOCIALES,2382-4018,true,,
COLLEGE AND UNDERGRADUATE LIBRARIES,1545-2530;1069-1316,true,,
COLLEGE LITERATURE,1542-4286;0093-3139,true,,
COLLNET JOURNAL OF SCIENTOMETRICS AND INFORMATION MANAGEMENT,2168-930X;0973-7766,true,,
COLLOID AND POLYMER SCIENCE,1435-1536;0303-402X,true,,
COLLOID JOURNAL OF THE RUSSIAN ACADEMY OF SCIENCES: KOLLOIDNYI ZHURNAL,1608-3067;1061-933X,true,,
COLLOIDS AND INTERFACES,2504-5377,true,,
COLLOQUY - TEXT THEORY CRITIQUE,1447-0950,true,,
COLOMBIA MEDICA,1657-9534;0120-8322,true,,
COLONIAL LATIN AMERICAN REVIEW,1466-1802;1060-9164,true,,
COLOR RESEARCH AND APPLICATION,1520-6378;0361-2317,true,,
COLORATION TECHNOLOGY,1478-4408;1472-3581,true,,
COLORECTAL DISEASE,1463-1318;1462-8910,true,,
COLUMBIA JOURNAL OF TRANSNATIONAL LAW,2159-1814;0010-1931,true,,
COMBINATORICS PROBABILITY AND COMPUTING,1469-2163;0963-5483,true,,
"COMBUSTION, EXPLOSION AND SHOCK WAVES",1573-8345;0010-5082,true,,
COMBUSTION SCIENCE AND TECHNOLOGY,1563-521X;0010-2202,true,,
COMMENTARII MATHEMATICI HELVETICI,1420-8946;0010-2571,true,,
COMMONWEALTH AND COMPARATIVE POLITICS,1743-9094;1466-2043,true,,
COMMUNICABLE DISEASES INTELLIGENCE (2018),0725-3141;2209-6051,true,,
COMMUNICATION & SOCIETY,2386-7876,true,,
COMMUNICATION AND THE PUBLIC,2057-0473;2057-0481,true,,
COMMUNICATION QUARTERLY,1746-4102;0146-3373,true,,
COMMUNICATION RESEARCH REPORTS,1746-4099;0882-4096,true,,
COMMUNICATION REVIEW,1547-7487;1071-4421,true,,
COMMUNICATION TODAY,1338-130X,true,,
COMMUNICATIONS - EUROPEAN JOURNAL OF COMMUNICATION RESEARCH,1613-4087;0341-2059,true,,
COMMUNICATIONS IN ANALYSIS AND GEOMETRY,1944-9992;1019-8385,true,,
COMMUNICATIONS IN APPLIED MATHEMATICS AND COMPUTATIONAL SCIENCE,2157-5452;1559-3940,true,,
COMMUNICATIONS IN INFORMATION LITERACY,1933-5954,true,,
COMMUNICATIONS IN MATHEMATICAL BIOLOGY AND NEUROSCIENCE,2052-2541,true,,
COMMUNICATIONS IN SOIL SCIENCE AND PLANT ANALYSIS,1532-2416;0010-3624,true,,
COMMUNICATIONS IN STATISTICS PART B: SIMULATION AND COMPUTATION,1532-4141;0361-0918,true,,
COMMUNICATIONS IN THEORETICAL PHYSICS,1572-9494;0253-6102,true,,
COMMUNICATIONS OF THE ASSOCIATION FOR INFORMATION SYSTEMS,1529-3181,true,,
COMMUNIST AND POST-COMMUNIST STUDIES,1873-6920;0967-067X,true,,
COMMUNITY COLLEGE REVIEW,1940-2325;0091-5521,true,,
COMMUNITY DEVELOPMENT: JOURNAL OF THE COMMUNITY DEVELOPMENT SOCIETY,1944-7485;1557-5330,true,,
COMMUNITY DEVELOPMENT JOURNAL,1468-2656;0010-3802,true,,
COMMUNITY ECOLOGY,1588-2756;1585-8553,true,,
COMMUNITY MENTAL HEALTH JOURNAL,1573-2789;0010-3853,true,,
COMPARATIST,1559-0887;0195-7678,true,,
"COMPARATIVE BIOCHEMISTRY AND PHYSIOLOGY. PART A, MOLECULAR & INTEGRATIVE PHYSIOLOGY",1531-4332;1095-6433,true,,
COMPARATIVE BIOCHEMISTRY AND PHYSIOLOGY - PART D: GENOMICS AND PROTEOMICS,1878-0407;1744-117X,true,,
COMPARATIVE ECONOMIC STUDIES,1478-3320;0888-7233,true,,
COMPARATIVE EDUCATION REVIEW,1545-701X;0010-4086,true,,
COMPARATIVE LEGAL HISTORY,2049-6788;2049-677X,true,,
COMPARATIVE LITERATURE STUDIES,1528-4212;0010-4132,true,,
COMPARATIVE MEDICINE,1532-0820,true,,
COMPARATIVE POPULATION STUDIES,1869-8999;1869-8980,true,,
COMPEL - THE INTERNATIONAL JOURNAL FOR COMPUTATION AND MATHEMATICS IN ELECTRICAL AND ELECTRONIC ENGINEERING,0332-1649,true,,
COMPLEMENTARY MEDICINE RESEARCH,2504-2106;2504-2092,true,,
COMPLEX VARIABLES AND ELLIPTIC EQUATIONS,1747-6941;1747-6933,true,,
COMPLUTUM,1988-2327;1131-6993,true,,
COMPOSITE INTERFACES,1568-5543;0927-6440,true,,
COMPOST SCIENCE AND UTILIZATION,2326-2397;1065-657X,true,,
COMPREHENSIVE CHILD AND ADOLESCENT NURSING - BUILDING EVIDENCE FOR PRACTICE,2469-4207;2469-4193,true,,
COMPTES RENDUS - BIOLOGIES,1768-3238;1631-0691,true,,
COMPTES RENDUS CHIMIE,1878-1543;1631-0748,true,,
COMPTES RENDUS - GEOSCIENCE,1778-7025;1631-0713,true,,
COMPTES RENDUS MATHEMATIQUE,1778-3569;1631-073X,true,,
COMPTES RENDUS - PALEVOL,1777-571X;1631-0683,true,,
COMPTES RENDUS PHYSIQUE,1878-1535;1631-0705,true,,
COMPUTATION,2079-3197,true,,
COMPUTATIONAL CONDENSED MATTER,2352-2143,true,,
COMPUTATIONAL GEOMETRY - THEORY AND APPLICATIONS,1879-081X;0925-7721,true,,
COMPUTATIONAL GEOSCIENCES,1573-1499;1420-0597,true,,
COMPUTATIONAL INTELLIGENCE,1467-8640;0824-7935,true,,
COMPUTATIONAL MATHEMATICS AND MATHEMATICAL PHYSICS,1555-6662;0965-5425,true,,
COMPUTATIONAL METHODS AND FUNCTION THEORY,2195-3724;1617-9447,true,,
COMPUTATIONAL METHODS IN APPLIED MATHEMATICS,1609-9389;1609-4840,true,,
COMPUTATIONAL OPTIMIZATION AND APPLICATIONS,1573-2894;0926-6003,true,,
COMPUTATIONAL STATISTICS,1613-9658;0943-4062,true,,
COMPUTATIONAL STATISTICS AND DATA ANALYSIS,1872-7352;0167-9473,true,,
COMPUTER AIDED GEOMETRIC DESIGN,1879-2332;0167-8396,true,,
COMPUTER JOURNAL,1460-2067;0010-4620,true,,
COMPUTER METHODS IN BIOMECHANICS AND BIOMEDICAL ENGINEERING,1476-8259;1025-5842,true,,
COMPUTER METHODS IN BIOMECHANICS AND BIOMEDICAL ENGINEERING - IMAGING AND VISUALIZATION,2168-1171;2168-1163,true,,
COMPUTERS,2073-431X,true,,
COMPUTERS IN THE SCHOOLS,1528-7033;0738-0569,true,,
COMPUTING IN SCIENCE AND ENGINEERING,1558-366X;1521-9615,true,,
CONCENTRIC - LITERARY AND CULTURAL STUDIES,1729-8792;1729-6897,true,,
CONCEPTS IN MAGNETIC RESONANCE PART B - MAGNETIC RESONANCE ENGINEERING,1552-504X;1552-5031,true,,
CONCRETE OPERATORS,2299-3282,true,,
CONCURRENCY AND COMPUTATION - PRACTICE & EXPERIENCE,1532-0634;1532-0626,true,,
CONDENSED MATTER,2410-3896,true,,
"CONFLICT, SECURITY AND DEVELOPMENT",1478-1174;1467-8802,true,,
CONFLUENCIA - REVISTA HISPANICA DE CULTURA Y LITERATURA,2328-6962;0888-6091,true,,
CONGENITAL HEART DISEASE,1747-0803;1747-079X,true,,
CONNECTION SCIENCE,1360-0494;0954-0091,true,,
CONSCIOUSNESS AND COGNITION,1090-2376;1053-8100,true,,
CONSERVATION GENETICS,1572-9737;1566-0621,true,,
CONSTELLATIONS - AN INTERNATIONAL JOURNAL OF CRITICAL AND DEMOCRATIC THEORY,1467-8675;1351-0487,true,,
CONSTITUTIONAL POLITICAL ECONOMY,1572-9966;1043-4062,true,,
CONSTRUCTION ECONOMICS AND BUILDING,2204-9029,true,,
CONSULTING PSYCHOLOGY JOURNAL - PRACTICE AND RESEARCH,1939-0149;1065-9293,true,,
CONTEMPORANEA,1127-3070,true,,
CONTEMPORARY CLINICAL DENTISTRY,0976-237X;0976-2361,true,,
CONTEMPORARY CLINICAL TRIALS COMMUNICATIONS,2451-8654,false,2024-07-11,removed from the White List
CONTEMPORARY ECONOMIC POLICY,1465-7287;1074-3529,true,,
CONTEMPORARY ECONOMICS,2300-8814;2084-0845,true,,
CONTEMPORARY FRENCH AND FRANCOPHONE STUDIES,1740-9306;1740-9292,true,,
CONTEMPORARY ISSUES IN EARLY CHILDHOOD,1463-9491,true,,
CONTEMPORARY LITERATURE,1548-9949;0010-7484,true,,
CONTEMPORARY NURSE,1839-3535;1037-6178,true,,
CONTEMPORARY PACIFIC,1527-9464;1043-898X,true,,
CONTEMPORARY POLITICAL THEORY,1476-9336;1470-8914,true,,
CONTEMPORARY PRAGMATISM,1875-8185;1572-3429,true,,
CONTEMPORARY PROBLEMS OF ECOLOGY,1995-4263;1995-4255,true,,
CONTEMPORARY SOCIOLOGY - A JOURNAL OF REVIEWS,1939-8638;0094-3061,true,,
CONTEMPORARY SOUTHEAST ASIA,1793-284X;0129-797X,true,,
CONTEMPORARY THEATRE REVIEW,1477-2264;1048-6801,true,,
CONTEMPORARY WOMEN'S WRITING,1754-1484;1754-1476,true,,
CONTEXTO,2610-7902;1315-9453,true,,
CONTINENTAL SHELF RESEARCH,1873-6955;0278-4343,true,,
CONTINUITY AND CHANGE,1469-218X;0268-4160,true,,
CONTRACEPTION AND REPRODUCTIVE MEDICINE,2055-7426,true,,
CONTRIBUTIONS TO INDIAN SOCIOLOGY,0973-0648;0069-9667,true,,
CONTROL ENGINEERING AND APPLIED INFORMATICS,1454-8658,true,,
CONVERGENCIA - REVISTA DE CIENCIAS SOCIALES,2448-5799;1405-1435,true,,
CORNELL INTERNATIONAL LAW JOURNAL,1930-7977;0010-8812,true,,
CORONARY ARTERY DISEASE,1473-5830;0954-6928,true,,
CORPORATE REPUTATION REVIEW,1479-1889;1363-3589,true,,
CORROSION,1938-159X;0010-9312,true,,
CORROSION ENGINEERING SCIENCE AND TECHNOLOGY,1743-2782;1478-422X,true,,
COSMETICS,2079-9284,true,,
COSMIC RESEARCH (ENGLISH TRANSLATION OF KOSIMICHESKIE ISSLEDOVANIYA),1608-3075;0010-9525,true,,
COSMOS AND HISTORY - THE JOURNAL OF NATURAL AND SOCIAL PHILOSOPHY,1832-9101,true,,
COST EFFECTIVENESS AND RESOURCE ALLOCATION,1478-7547,true,,
COSTUME - THE JOURNAL OF THE COSTUME SOCIETY,1749-6306;0590-8876,true,,
COUNSELLING PSYCHOLOGY QUARTERLY,1469-3674;0951-5070,true,,
COUNSELOR EDUCATION AND SUPERVISION,1556-6978;0011-0035,true,,
COUPLE AND FAMILY PSYCHOLOGY - RESEARCH AND PRACTICE,2160-410X;2160-4096,true,,
COUPLED SYSTEMS MECHANICS,2234-2192;2234-2184,true,,
CR - THE NEW CENTENNIAL REVIEW,1539-6630;1532-687X,true,,
CRANIO - JOURNAL OF CRANIOMANDIBULAR PRACTICE,2151-0903;0886-9634,true,,
"CRIME, LAW AND SOCIAL CHANGE",1573-0751;0925-4994,true,,
CRIME PREVENTION AND COMMUNITY SAFETY,1743-4629;1460-3780,true,,
CRIMINAL BEHAVIOUR AND MENTAL HEALTH,1471-2857;0957-9664,true,,
CRIMINAL LAW AND PHILOSOPHY,1871-9805;1871-9791,true,,
CRIMINAL LAW FORUM,1572-9850;1046-8374,true,,
CRIMINAL LAW JOURNAL,0314-1160,true,,
CRISIS,2151-2396;0227-5910,true,,
CRISPR JOURNAL,2573-1602;2573-1599,true,,
CRITICA - REVISTA HISPANOAMERICANA DE FILOSOFIA,1870-4905;0011-1503,true,,
CRITICAL AND RADICAL SOCIAL WORK,2049-8675;2049-8608,true,,
CRITICAL CARE NURSING CLINICS OF NORTH AMERICA,1558-3481;0899-5885,true,,
CRITICAL CARE NURSING QUARTERLY,1550-5111;0887-9303,true,,
CRITICAL CARE RESEARCH AND PRACTICE,2090-1313;2090-1305,true,,
CRITICAL FINANCE REVIEW,2164-5760;2164-5744,true,,
CRITICAL PERSPECTIVES ON INTERNATIONAL BUSINESS,1758-6062;1742-2043,true,,
CRITICAL QUARTERLY,1467-8705;0011-1562,true,,
CRITICAL REVIEW,1933-8007;0891-3811,true,,
CRITICAL REVIEW OF INTERNATIONAL SOCIAL AND POLITICAL PHILOSOPHY (CRISPP),1743-8772;1369-8230,true,,
CRITICAL STUDIES IN FASHION AND BEAUTY,2040-4425;2040-4417,true,,
CRITICAL STUDIES IN MEDIA COMMUNICATION,1479-5809;1529-5036,true,,
CRITICAL STUDIES ON SECURITY,2162-4909;2162-4887,true,,
CRITICAL SURVEY,1752-2293;0011-1570,true,,
CROATIAN ECONOMIC SURVEY,1846-3878;1330-4860,true,,
CROATIAN INTERNATIONAL RELATIONS REVIEW,1848-5782;1331-1182,true,,
CROATIAN JOURNAL OF PHILOSOPHY,1847-6139;1333-1108,true,,
CROATIAN MEDICAL JOURNAL,1332-8166;0353-9504,true,,
CROATIAN YEARBOOK OF EUROPEAN LAW AND POLICY,1845-5662,true,,
CROP BREEDING AND APPLIED BIOTECHNOLOGY,1984-7033;1518-7853,true,,
CROSS - CURRENTS - EAST ASIAN HISTORY AND CULTURE REVIEW,2158-9674;2158-9666,false,2025-07-11,removed from the White List
CROSS CULTURAL AND STRATEGIC MANAGEMENT,2059-5794,true,,
CRYOGENICS,1879-2235;0011-2275,true,,
CRYO - LETTERS,1742-0644;0143-2044,true,,
"CRYPTOGAMIE, ALGOLOGIE",1776-0984;0181-1568,true,,
"CRYPTOGAMIE, BRYOLOGIE",1776-0992;1290-0796,true,,
"CRYPTOGAMIE, MYCOLOGIE",1776-100X;0181-1584,true,,
CRYPTOGRAPHY,2410-387X,true,,
CRYPTOGRAPHY AND COMMUNICATIONS - DISCRETE - STRUCTURES BOOLEAN FUNCTIONS AND SEQUENCES,1936-2455;1936-2447,true,,
CRYSTAL RESEARCH AND TECHNOLOGY,1521-4079;0232-1300,true,,
CRYSTALLOGRAPHY REPORTS,1562-689X;1063-7745,true,,
CRYSTALS,2073-4352,true,,
CUADERNOS DE ECONOMIA (SPAIN),2340-6704;0210-0266,true,,
CUADERNOS DE FILOLOGIA ITALIANA,1988-2394;1133-9527,true,,
CUADERNOS DE GESTION,1988-2157;1131-6837,true,,
CUADERNOS DE HISTORIA MODERNA,1988-2475;0214-4018,true,,
"CUADERNOS DE MUSICA, ARTES VISUALES Y ARTES ESCENICAS",2215-9959;1794-6670,true,,
CUADERNOS GEOGRAFICOS,2340-0129;0210-5462,true,,
CUADERNOS LIRICO,2263-2158;2262-8339,true,,
"CULTURA, CIENCIA Y DEPORTE",1989-7413;1696-5043,true,,
CULTURAL CRITIQUE,1460-2458;0882-4371;1534-5203,true,,
CULTURAL HISTORY,2045-2918;2045-290X,true,,
CULTURE AND HISTORY DIGITAL JOURNAL,2253-797X,true,,
"CULTURE, AGRICULTURE, FOOD AND ENVIRONMENT",2153-9561;2153-9553,true,,
CUREUS JOURNAL OF MEDICAL SCIENCE,2168-8184,true,,
CURRENT ALLERGY AND ASTHMA REPORTS,1534-6315;1529-7322,true,,
CURRENT BEHAVIORAL NEUROSCIENCE REPORTS,2196-2979,true,,
CURRENT CANCER DRUG TARGETS,1873-5576;1568-0096,true,,
CURRENT CARDIOLOGY REVIEWS,1875-6557;1573-403X,true,,
CURRENT CLINICAL MICROBIOLOGY REPORTS,2196-5471,true,,
CURRENT COMPUTER-AIDED DRUG DESIGN,1875-6697;1573-4099,true,,
CURRENT DERMATOLOGY REPORTS,2162-4933,true,,
CURRENT DEVELOPMENTAL DISORDERS REPORTS,2196-2987,true,,
CURRENT DRUG DELIVERY,1875-5704;1567-2018,true,,
CURRENT DRUG TARGETS,1873-5592;1389-4501,true,,
CURRENT EPIDEMIOLOGY REPORTS,2196-2995,true,,
CURRENT EYE RESEARCH,1460-2202;0271-3683,true,,
CURRENT GENE THERAPY,1875-5631;1566-5232,true,,
CURRENT GENETICS,1432-0983;0172-8083,true,,
CURRENT GENOMICS,1875-5488;1389-2029,true,,
CURRENT GREEN CHEMISTRY,2213-347X;2213-3461,true,,
CURRENT HEART FAILURE REPORTS,1546-9549;1546-9530,true,,
CURRENT HYPERTENSION REVIEWS,1875-6506;1573-4021,true,,
CURRENT ISSUES IN AUDITING,1936-1270,true,,
CURRENT ISSUES IN CRIMINAL JUSTICE,2206-9542;1034-5329,true,,
CURRENT MEDICAL SCIENCE,2523-899X;2096-5230,true,,
CURRENT MICROWAVE CHEMISTRY,2213-3364;2213-3356,true,,
CURRENT MOLECULAR PHARMACOLOGY,1874-4672;1874-4702,true,,
CURRENT OPINION IN BIOMEDICAL ENGINEERING,2468-4511,true,,
CURRENT OPINION IN CARDIOLOGY,1531-7080;0268-4705,true,,
"CURRENT OPINION IN ENDOCRINOLOGY, DIABETES AND OBESITY",1752-2978;1752-296X,true,,
CURRENT OPINION IN GASTROENTEROLOGY,1531-7056;0267-1379,true,,
CURRENT OPINION IN HEMATOLOGY,1531-7048;1065-6251,true,,
CURRENT OPINION IN OBSTETRICS AND GYNECOLOGY,1473-656X;1040-872X,true,,
CURRENT OPINION IN ONCOLOGY,1531-703X;1040-8746,true,,
CURRENT OPINION IN ORGAN TRANSPLANTATION,1531-7013;1087-2418,true,,
CURRENT OPINION IN OTOLARYNGOLOGY AND HEAD AND NECK SURGERY,1531-6998;1068-9508,true,,
CURRENT OPINION IN PHYSIOLOGY,2468-8673;2468-8681,true,,
CURRENT OPINION IN PULMONARY MEDICINE,1531-6971;1070-5287,true,,
CURRENT OPINION IN SYSTEMS BIOLOGY,2452-3100,true,,
CURRENT OPINION IN UROLOGY,1473-6586;0963-0643,true,,
CURRENT ORGANIC CHEMISTRY,1875-5348;1385-2728,true,,
CURRENT PHARMACEUTICAL BIOTECHNOLOGY,1873-4316;1389-2010,true,,
CURRENT PHARMACEUTICAL DESIGN,1873-4286;1381-6128,true,,
CURRENT PROBLEMS IN CANCER,1535-6345;0147-0272,true,,
CURRENT PROBLEMS IN SURGERY,1535-6337;0011-3840,true,,
CURRENT PROTEIN AND PEPTIDE SCIENCE,1875-5550;1389-2037,true,,
CURRENT PSYCHOLOGY,1936-4733;1046-1310,true,,
CURRENT REVIEWS IN CLINICAL AND EXPERIMENTAL PHARMACOLOGY,2772-4336;2772-4328,true,,
CURRENT SCIENCE,0011-3891,true,,
CURRENT STEM CELL REPORTS,2198-7866,true,,
CURRENT THERAPEUTIC RESEARCH - CLINICAL AND EXPERIMENTAL,1879-0313;0011-393X,false,2024-07-11,removed from the White List
CURRENT TRANSPLANTATION REPORTS,2196-3029,true,,
CURRENT TREATMENT OPTIONS IN ALLERGY,2196-3053,true,,
CURRENT TREATMENT OPTIONS IN CARDIOVASCULAR MEDICINE,1534-3189;1092-8464,true,,
CURRENT TREATMENT OPTIONS IN ONCOLOGY,1534-6277;1527-2729,true,,
CURRENT VASCULAR PHARMACOLOGY,1875-6212;1570-1611,true,,
CURRENTS IN BIBLICAL RESEARCH,1745-5200;1476-993X,true,,
CURRENTS IN PHARMACY TEACHING AND LEARNING,1877-1300;1877-1297,true,,
CURRICULUM INQUIRY,1467-873X;0362-6784,true,,
CURRICULUM JOURNAL,1469-3704;0958-5176,true,,
CURRICULUM STUDIES IN HEALTH AND PHYSICAL EDUCATION,2574-299X;2574-2981,true,,
CURVED AND LAYERED STRUCTURES,2353-7396,true,,
CYBERGEO - EUROPEAN JOURNAL OF GEOGRAPHY,1278-3366,true,,
CYBERNETICS AND INFORMATION TECHNOLOGIES,1314-4081;1311-9702,true,,
CYBERNETICS AND SYSTEMS,1087-6553;0196-9722,true,,
CYTA - JOURNAL OF FOOD,1947-6345;1947-6337,true,,
CYTOJOURNAL,1742-6413;0974-5963,true,,
CYTOKINE,1096-0023;1043-4666,true,,
CYTOMETRY PART A,1552-4930;1552-4922,true,,
CYTOPATHOLOGY,1365-2303;0956-5507,true,,
CYTOTECHNOLOGY,1573-0778;0920-9069,true,,
CZECH JOURNAL OF GENETICS AND PLANT BREEDING,1805-9325;1212-1975,true,,
DANCE CHRONICLE,1532-4257;0147-2526,true,,
DANISH MEDICAL JOURNAL,2245-1919,true,,
DAO - A JOURNAL OF COMPARATIVE PHILOSOPHY,1569-7274;1540-3009,true,,
DAPHNIS - ZEITSCHRIFT FUR MITTLERE DEUTSCHE LITERATUR,1879-6583;0300-693X,true,,
DARU - JOURNAL OF PHARMACEUTICAL SCIENCES,2008-2231;1560-8115,true,,
DATA,2306-5729,true,,
DATA AND KNOWLEDGE ENGINEERING,1872-6933;0169-023X,true,,
DATA IN BRIEF,2352-3409,false,2024-07-11,removed from the White List
DATA INTELLIGENCE,2641-435X;2096-7004,true,,
DATA TECHNOLOGIES AND APPLICATIONS,2514-9318;2514-9288,true,,
DE COMPUTIS - REVISTA ESPANOLA DE HISTORIA DE LA CONTABILIDAD,1886-1881,true,,
DE MEDIO AEVO,2255-5889,true,,
DEAD SEA DISCOVERIES,1568-5179;0929-0761,true,,
DEAFNESS AND EDUCATION INTERNATIONAL,1557-069X;1464-3154,true,,
DEBATE UNIVERSITARIO,2314-2138;2314-1530,true,,
DEBATES,2359-1056;1414-7939,true,,
DECISION,2197-1722;0304-0941,true,,
DECISION - WASHINGTON,2325-9973;2325-9965,true,,
DECISION ANALYSIS,1545-8504;1545-8490,true,,
DECISION SCIENCES - JOURNAL OF INNOVATIVE EDUCATION,1540-4609;1540-4595,true,,
DECISIONS IN ECONOMICS AND FINANCE,1129-6569;1593-8883,true,,
DEFENSE AND SECURITY ANALYSIS,1475-1801;1475-1798,true,,
DEFENCE SCIENCE JOURNAL,0976-464X;0011-748X,true,,
DELEUZE AND GUATTARI STUDIES,2398-9785;2398-9777,true,,
DEMENTIA AND GERIATRIC COGNITIVE DISORDERS,1421-9824;1420-8008,true,,
DEMENTIA AND GERIATRIC COGNITIVE DISORDERS EXTRA,1664-5464,true,,
DENDROBIOLOGY,2083-8387;1641-1307,true,,
DENTAL AND MEDICAL PROBLEMS,2300-9020;1644-387X,true,,
DENTAL MATERIALS JOURNAL,0287-4547,true,,
DENTISTRY JOURNAL,2304-6767,true,,
DENVER LAW REVIEW,2469-6463;2469-6471,true,,
DEPARTURES IN CRITICAL QUALITATIVE RESEARCH,2333-9497;2333-9489,true,,
DERMATOLOGY PRACTICAL AND CONCEPTUAL,2160-9381,true,,
DERMATOLOGY RESEARCH AND PRACTICE,1687-6113;1687-6105,true,,
DESIDOC JOURNAL OF LIBRARY AND INFORMATION TECHNOLOGY,0976-4658;0974-0643,true,,
"DESIGNS, CODES, AND CRYPTOGRAPHY",1573-7586;0925-1022,true,,
DETRITUS,2611-4135;2611-4127,true,,
DEUTSCHE VIERTELJAHRSSCHRIFT FUR LITERATURWISSENSCHAFT UND GEISTESGESCHICHTE,2365-9521;0012-0936,true,,
DEVELOPING ECONOMIES,1746-1049;0012-1533,true,,
DEVELOPMENT GROWTH AND DIFFERENTIATION,1440-169X;0012-1592,true,,
DEVELOPMENT IN PRACTICE,1364-9213;0961-4524,true,,
DEVELOPMENT SOUTHERN AFRICA,1470-3637;0376-835X,true,,
DEVELOPMENTAL AND COMPARATIVE IMMUNOLOGY,1879-0089;0145-305X,true,,
DEVELOPMENTAL NEUROPSYCHOLOGY,8756-5641;1532-6942,true,,
DEVELOPMENTAL NEUROSCIENCE,1421-9859;0378-5866,true,,
DEVELOPMENTAL PSYCHOBIOLOGY,1098-2302;0012-1630,true,,
DEVIANT BEHAVIOR,1521-0456;0163-9625,true,,
DIABETES AND VASCULAR DISEASE RESEARCH,1752-8984;1479-1641,true,,
DIABETES THERAPY,1869-6961;1869-6953,true,,
DIABETIC MEDICINE,1464-5491;0742-3071,true,,
DIABETOLOGY AND METABOLIC SYNDROME,1758-5996,true,,
DIACHRONICA,1569-9714;0176-4225,true,,
DIAGNOSTIC AND INTERVENTIONAL RADIOLOGY,1305-3612;1305-3825,true,,
DIAGNOSTIC MICROBIOLOGY AND INFECTIOUS DISEASE,1879-0070;0732-8893,true,,
DIAGNOSTIC PATHOLOGY,1746-1596,true,,
DIALECTOLOGIA ET GEOLINGUISTICA,1867-0903;0942-4040,true,,
DIALOGUE - CANADIAN PHILOSOPHICAL REVIEW,1759-0949;0012-2173,true,,
DIATOM RESEARCH,2159-8347;0269-249X,true,,
DICENDA ESTUDIOS DE LENGUA Y LITERATURA ESPANOLAS,1988-2556;0212-2952,true,,
DIFFERENTIAL EQUATIONS AND DYNAMICAL SYSTEMS,0974-6870;0971-3514,true,,
DIGESTION,1421-9867;0012-2823,true,,
DIGESTIVE DISEASES,1421-9875;0257-2753,true,,
DIGESTIVE DISEASES AND SCIENCES,1573-2568;0163-2116,true,,
DIGITAL EDUCATION REVIEW,2013-9144,true,,
DIGITAL HUMANITIES QUARTERLY,1938-4122,true,,
DIGITAL LIBRARY PERSPECTIVES,2059-5816,true,,
DIMENSIONS OF CRITICAL CARE NURSING,1538-8646;0730-4625,true,,
DISASTER PREVENTION AND MANAGEMENT,1758-6100;0965-3562,true,,
DISCOURS - REVUE DE LINGUISTIQUE PSYCHOLINGUISTIQUE ET INFORMATIQUE,1963-1723,true,,
DISCOURSE AND COMMUNICATION,1750-4821;1750-4813,true,,
DISCOURSE AND SOCIETY,1460-3624;0957-9265,true,,
DISCOVER ONCOLOGY,2730-6011,true,,
DISCOVERY MEDICINE,1944-7930;1539-6509,true,,
DISCRETE AND COMPUTATIONAL GEOMETRY,1432-0444;0179-5376,true,,
DISCRETE ANALYSIS,2397-3129,true,,
DISCRETE AND CONTINUOUS DYNAMICAL SYSTEMS - SERIES B,1553-524X;1531-3492,true,,
DISCRETE AND CONTINUOUS DYNAMICAL SYSTEMS - SERIES S,1937-1179;1937-1632,true,,
DISCRETE DYNAMICS IN NATURE AND SOCIETY,1607-887X;1026-0226,true,,
DISCRETE EVENT DYNAMIC SYSTEMS - THEORY AND APPLICATIONS,1573-7594;0924-6703,true,,
DISCRETE MATHEMATICS,1872-681X;0012-365X,true,,
"DISCRETE MATHEMATICS, ALGORITHMS AND APPLICATIONS",1793-8317;1793-8309,true,,
DISCRETE MATHEMATICS AND THEORETICAL COMPUTER SCIENCE,1462-7264;1365-8050,true,,
DISCRETE OPTIMIZATION,1873-636X;1572-5286,true,,
DISCUSSIONES MATHEMATICAE - GRAPH THEORY,2083-5892;1234-3099,true,,
DISEASES,2079-9721,true,,
DISEASES OF THE ESOPHAGUS,1442-2050;1120-8694,true,,
DISEGNARECON,1828-5961,true,,
DISP,0251-3625,true,,
DISTINKTION - JOURNAL OF SOCIAL THEORY,2159-9149;1600-910X,true,,
DISTRIBUTED COMPUTING,1432-0452;0178-2770,true,,
DIX - NEUF,1478-7318,true,,
DIXI,2357-5891;0124-7255,true,,
DNA AND CELL BIOLOGY,1557-7430;1044-5498,true,,
DOCUMENTA MATHEMATICA,1431-0643;1431-0635,true,,
DOCUMENTA OPHTHALMOLOGICA,1573-2622;0012-4486,true,,
DOCUMENTS D' ANALISI GEOGRAFICA,2014-4512;0212-1573,true,,
DOKLADY MATHEMATICS,1531-8362;1064-5624,true,,
DOSE-RESPONSE,1559-3258,true,,
DREAMING,1573-3351;1053-0797,true,,
DRESS - THE JOURNAL OF THE COSTUME SOCIETY OF AMERICA,2042-1729;0361-2112,true,,
DREWNO,1644-3985,true,,
DRUG AND CHEMICAL TOXICOLOGY,1525-6014;0148-0545,true,,
DRUG DEVELOPMENT AND INDUSTRIAL PHARMACY,1520-5762;0363-9045,true,,
DRUG DISCOVERIES AND THERAPEUTICS,1881-784X;1881-7831,true,,
DRUG METABOLISM AND PHARMACOKINETICS,1880-0920;1347-4367,true,,
DRUG RESEARCH,2194-9387;2194-9379,true,,
DRUG TARGET INSIGHTS,1177-3928,true,,
"DRUGS: EDUCATION, PREVENTION AND POLICY",1465-3370;0968-7637,true,,
DRUGS IN R AND D,1179-6901;1174-5886,true,,
DRVNA INDUSTRIJA,1847-1153;0012-6772,true,,
DUBAI MEDICAL JOURNAL,2571-726X,true,,
DUTCH CROSSING - JOURNAL OF LOW COUNTRIES STUDIES,1759-7854;0309-6564,true,,
DUTCH JOURNAL OF APPLIED LINGUISTICS,2211-7253;2211-7245,true,,
DYNA (SPAIN),1989-1490;0012-7361,true,,
DYNAMICS OF ATMOSPHERES AND OCEANS,1872-6879;0377-0265,true,,
DYNAMIS,2340-7948;0211-9536,true,,
E-POLYMERS,2197-4586;1618-7229,true,,
E A M: EKONOMIE A MANAGEMENT,2336-5064;1212-3609,true,,
E AND G QUATERNARY SCIENCE JOURNAL,2199-9090;0424-7116,true,,
EARLY AMERICAN STUDIES,1559-0895;1543-4273,true,,
EARLY CHILD DEVELOPMENT AND CARE,1476-8275;0300-4430,true,,
EARLY CHILDHOOD EDUCATION JOURNAL,1573-1707;1082-3301,true,,
EARLY CHRISTIANITY,1868-8020;1868-7032,true,,
EARLY HUMAN DEVELOPMENT,1872-6232;0378-3782,true,,
EARLY INTERVENTION IN PSYCHIATRY,1751-7893;1751-7885,true,,
EARLY MUSIC,1741-7260;0306-1078,true,,
EARLY MUSIC HISTORY,1474-0559;0261-1279,true,,
EARLY POPULAR VISUAL CULTURE,1746-0662;1746-0654,true,,
EARLY SCIENCE AND MEDICINE,1573-3823;1383-7427,true,,
EARLY YEARS,1472-4421;0957-5146,true,,
EARTH AND PLANETARY PHYSICS,2096-3955,true,,
DISCOVER SPACE,2948-295X,true,,
EARTHQUAKE ENGINEERING AND ENGINEERING VIBRATION,1993-503X;1671-3664,true,,
EARTHQUAKES AND STRUCTURES,2092-7622;2092-7614,true,,
EAST ASIA,1874-6284;1096-6838,true,,
EAST ASIAN JOURNAL ON APPLIED MATHEMATICS,2079-7370;2079-7362,true,,
EAST ASIAN PRAGMATICS,2055-7752;2055-7760,true,,
EAST CENTRAL EUROPE,1876-3308;0094-3037,true,,
EAST EUROPEAN POLITICS AND SOCIETIES,1533-8371;0888-3254,true,,
EASTERN EUROPEAN COUNTRYSIDE,2300-8717;1232-8855,true,,
EASTERN EUROPEAN ECONOMICS,1557-9298;0012-8775,true,,
EASTERN MEDITERRANEAN HEALTH JOURNAL,1687-1634,true,,
EATING BEHAVIORS,1873-7358;1471-0153,true,,
EC TAX REVIEW,1875-8363;0928-2750,true,,
ECCLESIASTICAL LAW JOURNAL,1751-8539;0956-618X,true,,
ECOLOGICAL MANAGEMENT AND RESTORATION,1839-3330;1442-8903;1442-7001,true,,
ECOLOGICAL PSYCHOLOGY,1532-6969;1040-7413,true,,
ECOLOGICAL QUESTIONS,2083-5469;1644-7298,true,,
ECOLOGICAL RESEARCH,1440-1703;0912-3814,true,,
ECOLOGY LAW QUARTERLY,0046-1121,false,2026-03-02,removed from the White List
ECOLOGY OF FOOD AND NUTRITION,1543-5237;0367-0244,true,,
ECONOMETRICS,2225-1146,true,,
ECONOMETRICS AND STATISTICS,2468-0389;2452-3062,true,,
ECONOMIA AGRARIA Y RECURSOS NATURALES,2174-7350;1578-0732,true,,
ECONOMIA POLITICA,1973-820X;1120-2890,true,,
ECONOMIC AFFAIRS,1468-0270;0265-0665,true,,
ECONOMIC ANTHROPOLOGY,2330-4847,true,,
ECONOMIC COMPUTATION AND ECONOMIC CYBERNETICS STUDIES AND RESEARCH,1842-3264;0424-267X,true,,
ECONOMIC DEVELOPMENT AND CULTURAL CHANGE,1539-2988;0013-0079,true,,
ECONOMIC DEVELOPMENT QUARTERLY,1552-3543;0891-2424,true,,
ECONOMIC ISSUES,1363-7029,true,,
ECONOMIC NOTES,1468-0300;0391-5026,true,,
ECONOMIC PAPERS,1759-3441;0812-0439,true,,
ECONOMIC RECORD,1475-4932;0013-0249,true,,
ECONOMIC THEORY,1432-0479;0938-2259,true,,
ECONOMICS - THE OPEN ACCESS OPEN - ASSESSMENT E-JOURNAL,1864-6042,true,,
ECONOMICS AND PHILOSOPHY,1474-0028;0266-2671,true,,
ECONOMICS OF TRANSITION AND INSTITUTIONAL CHANGE,2577-6983;2577-6975,true,,
ECONOMIST - NETHERLANDS,1572-9982;0013-063X,true,,
ECOPSYCHOLOGY,1942-9347,true,,
ECOSCIENCE,2376-7626;1195-6860,true,,
ECOTOXICOLOGY,1573-3017;0963-9292,true,,
ECS JOURNAL OF SOLID STATE SCIENCE AND TECHNOLOGY,2162-8777;2162-8769,true,,
EDGAR ALLAN POE REVIEW,2166-2932;2150-0428,true,,
EDMETIC,2254-0059,true,,
EDUCAR,2014-8801;0211-819X,true,,
EDUCATION 3-13,1475-7575;0300-4279,true,,
EDUCATION AND TRAINING IN AUTISM AND DEVELOPMENTAL DISABILITIES,2154-1647,true,,
EDUCATION AND TREATMENT OF CHILDREN,1934-8924;0748-8491,true,,
EDUCATION AND URBAN SOCIETY,1552-3535;0013-1245,true,,
"EDUCATION, CITIZENSHIP AND SOCIAL JUSTICE",1746-1987;1746-1979,true,,
EDUCATION ECONOMICS,1469-5782;0964-5292,true,,
EDUCATIONAL ACTION RESEARCH,1747-5074;0965-0792,true,,
EDUCATIONAL ASSESSMENT,1532-6977;1062-7197,true,,
EDUCATIONAL GERONTOLOGY,1521-0472;0360-1277,true,,
EDUCATIONAL MEASUREMENT - ISSUES AND PRACTICE,1745-3992;0731-1745,true,,
EDUCATIONAL MEDIA INTERNATIONAL,0952-3987,true,,
EDUCATIONAL PHILOSOPHY AND THEORY,1469-5812;0013-1857,true,,
EDUCATIONAL RESEARCH AND EVALUATION,1744-4187;1380-3611,true,,
EDUCATIONAL RESEARCH FOR POLICY AND PRACTICE,1573-1723;1570-2081,true,,
EDUCATIONAL STUDIES,1465-3400;0305-5698,true,,
EESTI JA SOOME - UGRI KEELETEADUSE AJAKIRI - JOURNAL OF ESTONIAN AND FINNO-UGRIC LINGUISTICS,2228-1339;1736-8987,true,,
EFSA JOURNAL,1831-4732,true,,
EGYPTIAN JOURNAL OF BIOLOGICAL PEST CONTROL,2536-9342;1110-1768,true,,
EGYPTIAN JOURNAL OF SOIL SCIENCE,0302-6701,true,,
EIGHTEENTH CENTURY - THEORY AND INTERPRETATION,1935-0201;0193-5380,true,,
"EINSTEIN (SÃO PAULO, BRAZIL)",2317-6385;1679-4508,true,,
EIRE - IRELAND,1550-5162;0013-2683,true,,
EJNMMI RESEARCH,2191-219X,true,,
ELECTRIC POWER COMPONENTS AND SYSTEMS,1532-5016;1532-5008,true,,
ELECTRICAL ENGINEERING,1432-0487;0948-7921,true,,
ELECTROANALYSIS,1521-4109;1040-0397,true,,
ELECTROCATALYSIS,1868-5994;1868-2529,true,,
ELECTRONIC JOURNAL OF BIOTECHNOLOGY,0717-3458,false,2024-07-11,removed from the White List
ELECTRONIC JOURNAL OF COMBINATORICS,1077-8926;1097-1440,true,,
ELECTRONIC JOURNAL OF DIFFERENTIAL EQUATIONS,1072-6691;1550-6150,true,,
ELECTRONIC JOURNAL OF LINEAR ALGEBRA,1537-9582;1081-3810,true,,
ELECTRONIC JOURNAL OF STATISTICS,1935-7524,true,,
ELECTRONIC MATERIALS LETTERS,2093-6788;1738-8090,true,,
ELECTRONIC NEWS,1931-244X;1931-2431,true,,
ELECTRONIC STRUCTURE,2516-1075,true,,
ELECTRONICS (SWITZERLAND),2079-9292,true,,
ELECTRONICS LETTERS,1350-911X;0013-5194,true,,
ELEKTRONIKA IR ELEKTROTECHNIKA,2029-5731;1392-1215,true,,
ELEMENTARY SCHOOL JOURNAL,1554-8279;0013-5984,true,,
EMA - EMERGENCY MEDICINE AUSTRALASIA,1742-6731;1742-6723,true,,
EMERGENCY MEDICINE CLINICS OF NORTH AMERICA,1558-0539;0733-8627,true,,
EMERGENCY MEDICINE INTERNATIONAL,2090-2859;2090-2840,true,,
EMERGENCY RADIOLOGY,1438-1435;1070-3004,true,,
EMERGING ADULTHOOD,2167-6984;2167-6968,true,,
EMERGING MATERIALS RESEARCH,2046-0155;2046-0147,true,,
EMERITA,1988-8384;0013-6662,true,,
EMILY DICKINSON JOURNAL,1096-858X;1059-6879,true,,
EMIRATES JOURNAL OF FOOD AND AGRICULTURE,2079-0538;2079-052X,true,,
EMISSION CONTROL SCIENCE AND TECHNOLOGY,2199-3637;2199-3629,true,,
EMOTIONAL AND BEHAVIOURAL DIFFICULTIES,1741-2692;1363-2752,true,,
"EMOTIONS: HISTORY, CULTURE, SOCIETY",2208-522X;2206-7485,true,,
EMOTIONS AND SOCIETY,2631-6900;2631-6897,true,,
EMPEDOCLES - EUROPEAN JOURNAL FOR THE PHILOSOPHY OF COMMUNICATION,1757-1960;1757-1952,true,,
EMPIRIA,2174-0682;1139-5737,true,,
EMPIRICA,1573-6911;0340-8744,true,,
EMPIRICAL MUSICOLOGY REVIEW,1559-5749,true,,
EMPIRICAL RESEARCH IN VOCATIONAL EDUCATION AND TRAINING,1877-6345;1877-6337,true,,
EMU - AUSTRAL ORNITHOLOGY,1448-5540;0158-4197,true,,
ENCEPHALE - REVUE DE PSYCHIATRIE CLINIQUE BIOLOGIQUE ET THERAPEUTIQUE,2589-4935;0013-7006,true,,
ENDEAVOUR,1873-1929;0160-9327,true,,
ENDOCRINE,1355-008X,true,,
ENDOCRINE CONNECTIONS,2049-3614,true,,
ENDOCRINE PRACTICE,1934-2403;1530-891X,true,,
ENDOCRINOLOGY AND METABOLISM,2093-5978;2093-596X,true,,
ENERGIES,1996-1073,true,,
ENERGY EFFICIENCY,1570-6478;1570-646X,true,,
ENERGY EXPLORATION AND EXPLOITATION,2048-4054;0144-5987,true,,
ENERGY SCIENCE AND ENGINEERING,2050-0505,true,,
"ENERGY SOURCES, PART A: RECOVERY, UTILIZATION AND ENVIRONMENTAL EFFECTS",1556-7230;1556-7036,true,,
"ENERGY SOURCES, PART B: ECONOMICS, PLANNING AND POLICY",1556-7257;1556-7249,true,,
ENERGY STORAGE,2578-4862,true,,
"ENERGY, SUSTAINABILITY AND SOCIETY",2192-0567,true,,
ENERGY SYSTEMS - OPTIMIZATION MODELING SIMULATION AND ECONOMIC ASPECTS,1868-3975;1868-3967,true,,
ENERGY TECHNOLOGY,2194-4296;2194-4288,true,,
ENEURO,2373-2822,true,,
ENFERMERIA INTENSIVA,1578-1291;1130-2399,true,,
ENGENHARIA AGRICOLA,1809-4430;0100-6916,true,,
ENGINEERING COMPUTATIONS,1758-7077;0264-4401,true,,
ENGINEERING IN LIFE SCIENCES,1618-2863;1618-0240,true,,
EMJ - ENGINEERING MANAGEMENT JOURNAL,2377-0643;1042-9247,true,,
ENGINEERING REPORTS,2577-8196,true,,
ENGLISH ACADEMY REVIEW - SOUTHERN AFRICAN JOURNAL OF ENGLISH STUDIES,1753-5360;1013-1752,true,,
ENGLISH STUDIES IN AFRICA,1943-8117;0013-8398,true,,
ENGLISH TEXT CONSTRUCTION,1874-8775;1874-8767,true,,
ENSENANZA DE LAS CIENCIAS,2174-6486;0212-4521,true,,
"EAR, NOSE AND THROAT JOURNAL",1942-7522;0145-5613,true,,
ENTERTAINMENT COMPUTING,1875-953X;1875-9521,true,,
ENTOMOLOGICA AMERICANA,1947-5144;1947-5136,true,,
ENTOMOLOGICAL RESEARCH,1748-5967;1738-2297,true,,
ENTOMOLOGICAL SCIENCE,1479-8298;1343-8786,true,,
ENTROPY,1099-4300,true,,
ENVIRONMENT,1939-9154;0013-9157,true,,
ENVIRONMENTAL AND SOCIO-ECONOMIC STUDIES,2354-0079,true,,
ENVIRONMENTAL AND CLIMATE TECHNOLOGIES,2255-8837;1691-5208,true,,
ENVIRONMENTAL AND MOLECULAR MUTAGENESIS,1098-2280;0893-6692,true,,
ENVIRONMENTAL AND PLANNING LAW JOURNAL,0813-300X,true,,
ENVIRONMENTAL BIOLOGY OF FISHES,1573-5133;0378-1909,true,,
ENVIRONMENTAL CHEMISTRY,1449-8979;1448-2517,true,,
ENVIRONMENTAL ENGINEERING SCIENCE,1557-9018;1092-8758,true,,
ENVIRONMENTAL EPIDEMIOLOGY,2474-7882,true,,
ENVIRONMENTAL EPIGENETICS,2058-5888,true,,
ENVIRONMENTAL FLUID MECHANICS,1573-1510;1567-7419,true,,
ENVIRONMENTAL GEOTECHNICS,2051-803X,true,,
ENVIRONMENTAL MANAGEMENT,1432-1009;0364-152X,true,,
ENVIRONMENTAL MODELING AND ASSESSMENT,1573-2967;1420-2026,true,,
ENVIRONMENTAL MONITORING AND ASSESSMENT,1573-2959;0167-6369,true,,
ENVIRONMENTAL POLLUTANTS AND BIOAVAILABILITY,2639-5940;2639-5932,true,,
ENVIRONMENTAL PROCESSES - AN INTERNATIONAL JOURNAL,2198-7505;2198-7491,true,,
ENVIRONMENTAL PROGRESS AND SUSTAINABLE ENERGY,1944-7450;1944-7442,true,,
ENVIRONMENTAL RESEARCH COMMUNICATIONS,2515-7620,true,,
ENVIRONMENTAL TECHNOLOGY (UNITED KINGDOM),1479-487X;0959-3330,true,,
ENVIRONMENTAL TOXICOLOGY,1522-7278;1520-4081,true,,
ENVIRONMENTS - MDPI,2076-3298,true,,
ENVIRONMETRICS,1180-4009;1099-095X,true,,
ENZYME AND MICROBIAL TECHNOLOGY,1879-0909;0141-0229,true,,
EPIGENETICS INSIGHTS,2516-8657,true,,
EPIGENOMICS,1750-192X;1750-1911,true,,
EPILEPSY AND BEHAVIOR,1525-5069;1525-5050,true,,
EPILEPSY RESEARCH,1872-6844;0920-1211,true,,
EPISODES,0705-3797,true,,
EPJ APPLIED METAMATERIALS,2272-2394,true,,
EPJ NUCLEAR SCIENCES AND TECHNOLOGY,2491-9292,true,,
EPJ PHOTOVOLTAICS,2105-0716,true,,
EUROPHYSICS LETTERS,1286-4854;0295-5075,true,,
EQUINE VETERINARY EDUCATION,2042-3292;0957-7734,true,,
EQUITY & EXCELLENCE IN EDUCATION,1547-3457;1066-5684,true,,
DIE ERDE,0013-9998,true,,
ERGONOMICS IN DESIGN,2169-5083;1064-8046,true,,
ERJ OPEN RESEARCH,2312-0541,true,,
ERUDITION AND THE REPUBLIC OF LETTERS,2405-5069;2405-5050,true,,
APPLIED FRUIT SCIENCE,2948-2623;2948-2631,true,,
"ESAIM - CONTROL, OPTIMISATION AND CALCULUS OF VARIATIONS",1292-8119;1262-3377,true,,
ESAIM: MATHEMATICAL MODELLING AND NUMERICAL ANALYSIS,2822-7840;2804-7214,true,,
ESC HEART FAILURE,2055-5822,true,,
ESOPHAGUS,1612-9067;1612-9059,true,,
ESPACIO TIEMPO Y FORMA - SERIE III - HISTORIA MEDIEVAL,2340-1362;0214-9745,true,,
ESPIRITU,0014-0716,true,,
ESPRIT,2111-4579;0014-0759,true,,
ESPRIT CREATEUR,1931-0234;0014-0767,true,,
ESSAYS IN CRITICISM,1471-6852;0014-0856,true,,
ESTETIKA : THE CENTRAL EUROPEAN JOURNAL OF AESTHETICS,2571-0915;0014-1291,true,,
ESTONIAN JOURNAL OF ARCHAEOLOGY,1736-7484;1406-2933,true,,
ESTUDIOS DE ECONOMIA,0718-5286;0304-2758,true,,
ESTUDIOS IRLANDESES,1699-311X,true,,
ESTUDIOS SOBRE EDUCACION,2386-6292;1578-7001,true,,
ESTUDOS DE LINGUISTICA GALEGA,1989-578X;1889-2566,true,,
ESTUDOS HISTORICOS,2178-1494;0103-2186,true,,
ETHICAL PERSPECTIVES,1783-1431;1370-0049,true,,
ETHICS AND BEHAVIOR,1532-7019;1050-8422,true,,
ETHICS AND BIOETHICS (IN CENTRAL EUROPE),2453-7829;1338-5615,true,,
ETHICS AND GLOBAL POLITICS,1654-6369;1654-4951,true,,
ETHICS AND INTERNATIONAL AFFAIRS,1747-7093;0892-6794,true,,
ETHICS AND EDUCATION,1744-9650;1744-9642,true,,
ETHIOPIAN JOURNAL OF HEALTH SCIENCES,2413-7170;1029-1857,true,,
ETHNICITY AND DISEASE,1945-0826;1049-510X,true,,
ETHNOBIOLOGY AND CONSERVATION,2238-4782,true,,
ETHNOGRAPHY AND EDUCATION,1745-7831;1745-7823,true,,
ETHOLOGY ECOLOGY AND EVOLUTION,1828-7131;0394-9370,true,,
ETIKK I PRAKSIS,1890-4009;1890-3991,true,,
ETNOLOSKA TRIBINA,1848-9540;0351-1944,true,,
ETRI JOURNAL,2233-7326;1225-6463,true,,
EURASIAN JOURNAL OF EDUCATIONAL RESEARCH,2528-8911;1302-597X,true,,
EURASIAN JOURNAL OF MEDICINE,1308-8742;1308-8734,true,,
EURASIAN MATHEMATICAL JOURNAL,2077-9879,true,,
EURASIP JOURNAL ON ADVANCES IN SIGNAL PROCESSING,1687-6180;1687-6172,true,,
"EURASIP JOURNAL ON AUDIO, SPEECH, AND MUSIC PROCESSING",1687-4722;1687-4714,true,,
EURE - REVISTA LATINOAMERICANA DE ESTUDIOS URBANO REGIONALES,0717-6236;0250-7161,true,,
EURO JOURNAL ON DECISION PROCESSES,2193-9446;2193-9438,false,2024-07-11,removed from the White List
EURO JOURNAL ON TRANSPORTATION AND LOGISTICS,2192-4384;2192-4376,false,2024-07-11,removed from the White List
EUROBIOTECH JOURNAL,2564-615X,true,,
EUROPEAN ACTUARIAL JOURNAL,2190-9741;2190-9733,true,,
EUROPEAN ARCHIVES OF PAEDIATRIC DENTISTRY,1996-9805;1818-6300,true,,
EUROPEAN COMIC ART,1754-3800;1754-3797,true,,
EUROPEAN COMPANY AND FINANCIAL LAW REVIEW,1613-2556;1613-2548,true,,
EUROPEAN COUNTRYSIDE,1803-8417,true,,
EUROPEAN CYTOKINE NETWORK,1952-4005;1148-5493,true,,
EUROPEAN EARLY CHILDHOOD EDUCATION RESEARCH JOURNAL,1752-1807;1350-293X,true,,
EUROPEAN EDUCATIONAL RESEARCH JOURNAL,1474-9041,true,,
EUROPEAN FINANCIAL MANAGEMENT,1468-036X;1354-7798,true,,
EUROPEAN FOOD RESEARCH AND TECHNOLOGY,1438-2385;1438-2377,true,,
EUROPEAN GERIATRIC MEDICINE,1878-7657;1878-7649,true,,
EUROPEAN JOURNAL FOR PHILOSOPHY OF RELIGION,1689-8311,true,,
EUROPEAN JOURNAL OF AGEING,1613-9380;1613-9372,true,,
EUROPEAN JOURNAL OF AMERICAN STUDIES,1991-9336,true,,
EUROPEAN JOURNAL OF APPLIED MATHEMATICS,1469-4425;0956-7925,true,,
EUROPEAN JOURNAL OF APPLIED PHYSIOLOGY,1439-6327;1439-6319,true,,
EUROPEAN JOURNAL OF CANCER CARE,1365-2354;0961-5423,true,,
EUROPEAN JOURNAL OF CANCER PREVENTION,1473-5709;0959-8278,true,,
EUROPEAN JOURNAL OF CELL BIOLOGY,1618-1298;0171-9335,false,2024-07-11,removed from the White List
EUROPEAN JOURNAL OF CLINICAL PHARMACOLOGY,1432-1041;0031-6970,true,,
EUROPEAN JOURNAL OF COMBINATORICS,1095-9971;0195-6698,true,,
EUROPEAN JOURNAL OF COMPARATIVE ECONOMICS,1824-2979,true,,
EUROPEAN JOURNAL OF COMPARATIVE LAW AND GOVERNANCE,2213-4514;2213-4506,true,,
EUROPEAN JOURNAL OF CONTRACEPTION AND REPRODUCTIVE HEALTH CARE,1473-0782;1362-5187,true,,
EUROPEAN JOURNAL OF CONTROL,1435-5671;0947-3580,true,,
"EUROPEAN JOURNAL OF CRIME, CRIMINAL LAW AND CRIMINAL JUSTICE",1571-8174;0928-9569,true,,
EUROPEAN JOURNAL OF DERMATOLOGY,1952-4013;1167-1122,true,,
EUROPEAN JOURNAL OF DEVELOPMENTAL PSYCHOLOGY,1740-5629;1740-5610,true,,
EUROPEAN JOURNAL OF DRUG METABOLISM AND PHARMACOKINETICS,2107-0180;0378-7966,true,,
EUROPEAN JOURNAL OF EDUCATION AND PSYCHOLOGY,1989-2209;1888-8992,true,,
EUROPEAN JOURNAL OF ENTOMOLOGY,1802-8829;1210-5759,true,,
EUROPEAN JOURNAL OF ENVIRONMENTAL AND CIVIL ENGINEERING,2116-7214;1964-8189,true,,
EUROPEAN JOURNAL OF GASTROENTEROLOGY AND HEPATOLOGY,1473-5687;0954-691X,true,,
EUROPEAN JOURNAL OF HAEMATOLOGY,1600-0609;0902-4441,true,,
EUROPEAN JOURNAL OF HEALTH LAW,1571-8093;0929-0273,true,,
EUROPEAN JOURNAL OF HORTICULTURAL SCIENCE,1611-4434;1611-4426,true,,
EUROPEAN JOURNAL OF HOSPITAL PHARMACY: SCIENCE AND PRACTICE,2047-9964;2047-9956,true,,
EUROPEAN JOURNAL OF INDUSTRIAL ENGINEERING,1751-5262;1751-5254,true,,
EUROPEAN JOURNAL OF INORGANIC CHEMISTRY,1099-0682;1434-1948,true,,
EUROPEAN JOURNAL OF INTEGRATIVE MEDICINE,1876-3839;1876-3820,true,,
EUROPEAN JOURNAL OF JEWISH STUDIES,1872-471X;1025-9996,true,,
EUROPEAN JOURNAL OF KOREAN STUDIES,2631-4134;2516-5399,true,,
EUROPEAN JOURNAL OF LEGAL STUDIES,1973-2937,true,,
EUROPEAN JOURNAL OF LIPID SCIENCE AND TECHNOLOGY,1438-9312;1438-7697,true,,
EUROPEAN JOURNAL OF MASS SPECTROMETRY,1751-6838;1469-0667,true,,
EUROPEAN JOURNAL OF MICROBIOLOGY AND IMMUNOLOGY,2062-509X;2062-8633,true,,
EUROPEAN JOURNAL OF MIGRATION AND LAW,1571-8166;1388-364X,true,,
EUROPEAN JOURNAL OF NEUROSCIENCE,1460-9568;0953-816X,true,,
EUROPEAN JOURNAL OF OBSTETRICS & GYNECOLOGY AND REPRODUCTIVE BIOLOGY,1872-7654;0301-2115,true,,
EUROPEAN JOURNAL OF OPHTHALMOLOGY,1724-6016;1120-6721,true,,
EUROPEAN JOURNAL OF ORGANIC CHEMISTRY,1099-0690;1434-193X,true,,
EUROPEAN JOURNAL OF ORTHOPAEDIC SURGERY AND TRAUMATOLOGY,1633-8065;1432-1068,true,,
EUROPEAN JOURNAL OF PEDIATRIC SURGERY,1439-359X;0939-7248,true,,
EUROPEAN JOURNAL OF POLITICAL THEORY,1741-2730;1474-8851,true,,
EUROPEAN JOURNAL OF PRAGMATISM AND AMERICAN PHILOSOPHY,2036-4091,true,,
EUROPEAN JOURNAL OF PROBATION,2066-2203,true,,
THE EUROPEAN JOURNAL OF PROSTHODONTICS AND RESTORATIVE DENTISTRY,2396-8893;0965-7452,true,,
EUROPEAN JOURNAL OF PROTISTOLOGY,1618-0429;0932-4739,true,,
EUROPEAN JOURNAL OF PSYCHOLOGICAL ASSESSMENT,2151-2426;1015-5759,true,,
EUROPEAN JOURNAL OF RADIOLOGY OPEN,2352-0477,false,2024-07-11,removed from the White List
EUROPEAN JOURNAL OF SOCIAL SECURITY,2399-2948;1388-2627,true,,
EUROPEAN JOURNAL OF SOIL BIOLOGY,1778-3615;1164-5563,true,,
EUROPEAN JOURNAL OF TAXONOMY,2118-9773,true,,
EUROPEAN JOURNAL OF TOURISM HOSPITALITY AND RECREATION,2182-4924;2182-4916,true,,
EUROPEAN JOURNAL OF TOURISM RESEARCH,1994-7658;1314-0817,true,,
EUROPEAN JOURNAL OF TRAINING AND DEVELOPMENT,2046-9020;2046-9012,true,,
EUROPEAN JOURNAL OF TRANSPORT AND INFRASTRUCTURE RESEARCH,1567-7133;1567-7141,true,,
EUROPEAN JOURNAL OF WILDLIFE RESEARCH,1439-0574;1612-4642,true,,
EUROPEAN LABOUR LAW JOURNAL,2399-5556;2031-9525,true,,
EUROPEAN LAW REVIEW,0307-5400,true,,
EUROPEAN LEGACY - TOWARD NEW PARADIGMS,1470-1316;1084-8770,true,,
EUROPEAN MANAGEMENT REVIEW,1740-4762;1740-4754,true,,
EUROPEAN PHYSICAL JOURNAL A,1434-601X;1434-6001,true,,
EUROPEAN PHYSICAL JOURNAL E,1292-895X;1292-8941,true,,
EUROPEAN POULTRY SCIENCE,0003-9098;1612-9199,true,,
EUROPEAN PUBLIC LAW,1875-8207;1354-3725,true,,
EUROPEAN REVIEW FOR MEDICAL AND PHARMACOLOGICAL SCIENCES,2284-0729;1128-3602,true,,
EUROPEAN ROMANTIC REVIEW,1740-4657;1050-9585,true,,
EUROPEAN SPATIAL RESEARCH AND POLICY,1896-1525;1231-1952,true,,
EUROPEAN SURGICAL RESEARCH,1421-9921;0014-312X,true,,
EUROPEAN THYROID JOURNAL,2235-0802;2235-0640,true,,
EUROPEAN UROLOGY OPEN SCIENCE,2666-1691;2666-1683,false,2024-07-11,removed from the White List
EUROPEAN ZOOLOGICAL JOURNAL,2475-0263,true,,
EUROPE'S JOURNAL OF PSYCHOLOGY,1841-0413,true,,
EVALUATION AND THE HEALTH PROFESSIONS,1552-3918;0163-2787,true,,
EVIDENCE-BASED HRM - A GLOBAL FORUM FOR EMPIRICAL SCHOLARSHIP,2049-3991;2049-3983,true,,
EVIDENCE BASED LIBRARY AND INFORMATION PRACTICE,1715-720X,true,,
EVODEVO,2041-9139,true,,
EVOLUTION AND DEVELOPMENT,1525-142X;1520-541X,true,,
EVOLUTIONARY BEHAVIORAL SCIENCES,2330-2933;2330-2925,true,,
EVOLUTIONARY BIOINFORMATICS,1176-9343,true,,
EVOLUTIONARY ECOLOGY,1573-8477;0269-7653,true,,
EVOLUTIONARY ECOLOGY RESEARCH,1937-3791;1522-0613,true,,
EVOLUTIONARY INTELLIGENCE,1864-5917;1864-5909,true,,
EVOLUTIONARY PSYCHOLOGICAL SCIENCE,2198-9885,true,,
EXCEPTIONALITY,1532-7035;0936-2835,true,,
EXCHANGE - JOURNAL OF CONTEMPORARY CHRISTIANITIES IN CONTEXT,1572-543X;0166-2740,true,,
EXPERIMENTAL AGING RESEARCH,1096-4657;0361-073X,true,,
EXPERIMENTAL AND CLINICAL ENDOCRINOLOGY AND DIABETES,1439-3646;0947-7349,true,,
EXPERIMENTAL AND CLINICAL PSYCHOPHARMACOLOGY,1936-2293;1064-1297,true,,
EXPERIMENTAL ASTRONOMY,1572-9508;0922-6435,true,,
EXPERIMENTAL BIOLOGY AND MEDICINE,1535-3702;1535-3699,true,,
EXPERIMENTAL CELL RESEARCH,1090-2422;0014-4827,true,,
EXPERIMENTAL HEMATOLOGY,1873-2399;0301-472X,true,,
EXPERIMENTAL MATHEMATICS,1944-950X;1058-6458,true,,
EXPERIMENTAL NEUROBIOLOGY,2093-8144;1226-2560,true,,
EXPERIMENTAL PARASITOLOGY,1090-2449;0014-4894,true,,
EXPERIMENTAL PHYSIOLOGY,1469-445X;0958-0670,true,,
EXPERIMENTAL TECHNIQUES,1747-1567;0732-8818,true,,
EXPERT OPINION ON DRUG SAFETY,1744-764X;1474-0338,true,,
EXPERT OPINION ON EMERGING DRUGS,1744-7623;1472-8214,true,,
EXPERT OPINION ON PHARMACOTHERAPY,1744-7666;1465-6566,true,,
EXPERT REVIEW OF CARDIOVASCULAR THERAPY,1744-8344;1477-9072,true,,
EXPERT REVIEW OF ANTICANCER THERAPY,1744-8328;1473-7140,true,,
EXPERT REVIEW OF CLINICAL IMMUNOLOGY,1744-8409;1744-666X,true,,
EXPERT REVIEW OF ENDOCRINOLOGY AND METABOLISM,1744-8417;1744-6651,true,,
EXPERT REVIEW OF HEMATOLOGY,1747-4094;1747-4086,true,,
EXPERT REVIEW OF MEDICAL DEVICES,1745-2422;1743-4440,true,,
EXPERT REVIEW OF PHARMACOECONOMICS AND OUTCOMES RESEARCH,1744-8379;1473-7167,true,,
EXPERT REVIEW OF RESPIRATORY MEDICINE,1747-6356;1747-6348,true,,
EXPERT REVIEW OF VACCINES,1744-8395;1476-0584,true,,
EXPLORE - THE JOURNAL OF SCIENCE AND HEALING,1878-7541;1550-8307,true,,
EXTREMES,1572-915X;1386-1999,true,,
EXTREMOPHILES,1433-4909;1431-0651,true,,
FABULA,1613-0464;0014-6242,true,,
FACHSPRACHE - JOURNAL OF PROFESSIONAL AND SCIENTIFIC COMMUNICATION,2523-9201;1017-3285,true,,
FACIAL PLASTIC SURGERY CLINICS OF NORTH AMERICA,1558-1926;1064-7406,true,,
FACTS VIEWS AND VISION IN OBGYN,2032-0418,true,,
FAMILIAL CANCER,1573-7292;1389-9600,true,,
FAMILIES IN SOCIETY - THE JOURNAL OF CONTEMPORARY SOCIAL SERVICES,1945-1350;1044-3894,true,,
"FAMILIES, RELATIONSHIPS AND SOCIETIES",2046-7443;2046-7435,true,,
"FAMILIES, SYSTEMS AND HEALTH",1939-0602;1091-7527,true,,
FAMILY AND COMMUNITY HEALTH,1550-5057;0160-6379,true,,
FAMILY AND COMMUNITY HISTORY,1751-3812;1463-1180,true,,
FAMILY COURT REVIEW,1744-1617;1531-2445,true,,
FAMILY JOURNAL,1552-3950;1066-4807,true,,
FAMILY MEDICINE,1938-3800;0742-3225,true,,
FAMILY PROCESS,1545-5300;0014-7370,true,,
"FASHION, STYLE AND POPULAR CULTURE",2050-0734;2050-0726,true,,
"FATIGUE: BIOMEDICINE, HEALTH AND BEHAVIOR",2164-1862;2164-1846,true,,
FEDERAL RESERVE BANK OF ST. LOUIS REVIEW,2163-4505;0014-9187,true,,
FEMINIST LEGAL STUDIES,1572-8455;0966-3622,true,,
FEMINIST THEORY,1741-2773;1464-7001,true,,
FEMS MICROBIOLOGY ECOLOGY,1574-6941;0168-6496,true,,
FEMS YEAST RESEARCH,1567-1364;1567-1356,true,,
FETAL AND PEDIATRIC PATHOLOGY,1551-3823;1551-3815,true,,
FEW - BODY SYSTEMS,1432-5411;0177-7963,true,,
FIBERS AND POLYMERS,1875-0052;1229-9197,true,,
FIBRES AND TEXTILES IN EASTERN EUROPE,1230-3666,true,,
FIELDWORK IN RELIGION,1743-0623;1743-0615,true,,
FILM HISTORY: AN INTERNATIONAL JOURNAL,1553-3905;0892-2160,true,,
FILOLOGICHESKIE NAUKI - NAUCHNYE DOKLADY VYSSHEI SHKOLY - PHILOLOGICAL SCIENCES - SCIENTIFIC ESSAYS OF HIGHER EDUCATION|ФИЛОЛОГИЧЕСКИЕ НАУКИ. НАУЧНЫЕ ДОКЛАДЫ ВЫСШЕЙ ШКОЛЫ,2310-4287,true,,
FILOMAT,0354-5180;2406-0933,true,,
FILOSOFIJA - SOCIOLOGIJA,0235-7186,true,,
FILOZOFIA,2585-7061;0046-385X,true,,
FINANCIAL AND CREDIT ACTIVITY - PROBLEMS OF THEORY AND PRACTICE,2310-8770;2306-4994,true,,
FINANCIAL MARKETS AND PORTFOLIO MANAGEMENT,1934-4554;2373-8529,true,,
FINANCIAL REVIEW,1540-6288;0732-8516,true,,
FIRE AND MATERIALS,1099-1018;0308-0501,true,,
FIRE TECHNOLOGY,1572-8099;0015-2684,true,,
FIRST PEOPLES CHILD & FAMILY REVIEW,1708-489X,true,,
FISH PHYSIOLOGY AND BIOCHEMISTRY,1573-5168;0920-1742,true,,
FISHERY BULLETIN,1937-4518;0090-0656,true,,
FITOTERAPIA,1873-6971;0367-326X,true,,
FLAVOUR AND FRAGRANCE JOURNAL,1099-1026;0882-5734,true,,
FLORIDA ENTOMOLOGIST,1938-5102;0015-4040,true,,
FLOW MEASUREMENT AND INSTRUMENTATION,1873-6998;0955-5986,true,,
FLUCTUATION AND NOISE LETTERS,1793-6780;0219-4775,true,,
FLUID DYNAMICS RESEARCH,1873-7005;0169-5983,true,,
FLUID PHASE EQUILIBRIA,1879-0224;0378-3812,true,,
FLUIDS,2311-5521,true,,
FME TRANSACTIONS,2406-128X;1451-2092,true,,
FOLIA BIOLOGICA,0015-5500;2533-7602,true,,
FOLIA GEOBOTANICA,1874-9348;1211-9520,true,,
FOLIA GEOGRAPHICA,2454-1001;1336-6157,true,,
FOLIA MORPHOLOGICA,1644-3284;0015-5659,true,,
FOLIA NEUROPATHOLOGICA,1509-572X;1641-4640,true,,
FOLIA OECOLOGICA,1338-7014;1336-5266,true,,
FOLIA PRIMATOLOGICA,1421-9980;0015-5713,true,,
FOOD AND FOODWAYS,1542-3484;0740-9710,true,,
FOOD AND NUTRITION BULLETIN,1564-8265;0379-5721,true,,
FOOD BIOPHYSICS,1557-1866;1557-1858,true,,
FOOD BIOTECHNOLOGY,1532-4249;0890-5436,true,,
"FOOD PRODUCTION, PROCESSING AND NUTRITION",2661-8974,true,,
FOOD SCIENCE AND NUTRITION,2048-7177,true,,
FOOD SCIENCE AND BIOTECHNOLOGY,2092-6456;1226-7708,true,,
FOOD SCIENCE AND TECHNOLOGY INTERNATIONAL,1532-1738;1082-0132,true,,
FOOD SCIENCE OF ANIMAL RESOURCES,2636-0780;2636-0772,true,,
FOOT AND ANKLE SPECIALIST,1938-7636;1938-6400,true,,
FOOT AND ANKLE CLINICS,1558-1934;1083-7515,true,,
FOOTWEAR SCIENCE,1942-4299;1942-4280,true,,
FORDHAM LAW REVIEW,0015-704X,true,,
FOREIGN TRADE REVIEW,0971-7625;0015-7325,true,,
FORENSIC CHEMISTRY,2468-1709,true,,
FORENSIC SCIENCE INTERNATIONAL - DIGITAL INVESTIGATION,2666-2817;2666-2825,true,,
"FORENSIC SCIENCE, MEDICINE, AND PATHOLOGY",1556-2891;1547-769X,true,,
FORENSIC TOXICOLOGY,1860-8973;1860-8965,true,,
FOREST AND SOCIETY,2549-4724;2549-4333,true,,
FOREST PATHOLOGY,1439-0329;1437-4781,true,,
FOREST SCIENCE,1938-3738;0015-749X,true,,
FOREST SCIENCE AND TECHNOLOGY,2158-0715;2158-0103,true,,
FOREST SYSTEMS,2171-9845;2171-5068,true,,
FORESTRY CHRONICLE,1499-9315;0015-7546,true,,
FORESTS TREES AND LIVELIHOODS,2164-3075;1472-8028,true,,
FORMAL METHODS IN SYSTEM DESIGN,1572-8102;0925-9856,true,,
FORNVANNEN - JOURNAL OF SWEDISH ANTIQUARIAN RESEARCH,1404-9430;0015-7813,true,,
FORUM - A JOURNAL OF APPLIED RESEARCH IN CONTEMPORARY POLITICS,2194-6183;1540-8884,true,,
FORUM FOR DEVELOPMENT STUDIES,1891-1765;0803-9410,true,,
THE FORUM FOR SOCIAL ECONOMICS,1874-6381;0736-0932,true,,
FORUM MATHEMATICUM,1435-5337;0933-7741,true,,
FOSSIL RECORD,2193-0074;2193-0066,true,,
FOUNDATIONS AND TRENDS IN DATABASES,1931-7891;1931-7883,true,,
FOUNDATIONS AND TRENDS IN PROGRAMMING LANGUAGES,2325-1131;2325-1107,true,,
FOUNDATIONS OF PHYSICS,1572-9516;0015-9018,true,,
FRANTSUZSKII EZHEGODNIK - ANNUAIRE D ETUDES FRANCAISES|ФРАНЦУЗСКИЙ ЕЖЕГОДНИК,0235-4349,true,,
FRATTURA ED INTEGRITA STRUTTURALE - FRACTURE AND STRUCTURAL INTEGRITY,1971-8993,true,,
FREE RADICAL RESEARCH,1029-2470;1071-5762,true,,
FRENCH CULTURAL STUDIES,1740-2352;0957-1558,true,,
FRENCH FORUM,1534-1836;0098-9355,true,,
FRENCH HISTORICAL STUDIES,1527-5493;0016-1071,true,,
FRENCH HISTORY,1477-4542;0269-1191,true,,
FRENCH POLITICS,1476-3427;1476-3419,true,,
FRENCH SCREEN STUDIES,2643-895X;2643-8941,true,,
FRESHWATER CRAYFISH,2076-4332;2076-4324,true,,
FRESHWATER SCIENCE,2161-9565;2161-9549,true,,
FRONTERAS DE LA HISTORIA,2539-4711;2027-4688,true,,
FRONTIERS IN BIG DATA,2624-909X,true,,
FRONTIERS IN BIOSCIENCE - LANDMARK,2768-6701;2768-6698,true,,
FRONTIERS IN BLOCKCHAIN,2624-7852,true,,
FRONTIERS IN COMPUTATIONAL NEUROSCIENCE,1662-5188,true,,
FRONTIERS IN COMPUTER SCIENCE,2624-9898,true,,
FRONTIERS IN EDUCATION,2504-284X,true,,
FRONTIERS IN ENERGY,2095-1701;2095-1698,true,,
FRONTIERS IN ENERGY RESEARCH,2296-598X,true,,
FRONTIERS IN GENETICS,1664-8021,true,,
FRONTIERS IN HEAT AND MASS TRANSFER,2151-8629,true,,
FRONTIERS IN INTEGRATIVE NEUROSCIENCE,1662-5145,true,,
FRONTIERS IN MECHANICAL ENGINEERING - SWITZERLAND,2297-3079,true,,
FRONTIERS IN NEURAL CIRCUITS,1662-5110,true,,
FRONTIERS IN NEUROLOGY,1664-2295,true,,
FRONTIERS IN SPORTS AND ACTIVE LIVING,2624-9367,true,,
FRONTIERS IN SURGERY,2296-875X,true,,
FRONTIERS IN SYNAPTIC NEUROSCIENCE,1663-3563,true,,
FRONTIERS IN SYSTEMS NEUROSCIENCE,1662-5137,true,,
FRONTIERS IN WATER,2624-9375,true,,
FRONTIERS OF EARTH SCIENCE IN CHINA,2095-0209;2095-0195,true,,
FRONTIERS OF EDUCATION IN CHINA,1673-3533;1673-341X,true,,
FRONTIERS OF MATERIALS SCIENCE,2095-0268;2095-025X,true,,
FRONTIERS OF MATHEMATICS,2731-8648;2731-8656,true,,
FRONTLINE GASTROENTEROLOGY,2041-4145;2041-4137,true,,
FUDAN JOURNAL OF THE HUMANITIES AND SOCIAL SCIENCES,2198-2600;1674-0750,true,,
FUEL CELLS,1615-6854;1615-6846,true,,
FUKUSHIMA JOURNAL OF MEDICAL SCIENCES,2185-4610;0016-2590,true,,
FULLERENES NANOTUBES AND CARBON NANOSTRUCTURES,1536-4046;1536-383X,true,,
FUNCTIONAL AND INTEGRATIVE GENOMICS,1438-7948;1438-793X,true,,
FUNCTIONAL MATERIALS LETTERS,1793-7213;1793-6047,true,,
FUNDAMENTAL AND CLINICAL PHARMACOLOGY,1472-8206;0767-3981,true,,
FUNDAMENTAL RESEARCH,2096-9457;2667-3258,true,,
FUNGAL GENETICS AND BIOLOGY,1096-0937;1087-1845,true,,
FUSION ENGINEERING AND DESIGN,1873-7196;0920-3796,true,,
FUSION SCIENCE AND TECHNOLOGY,1536-1055,true,,
FUTURE BUSINESS JOURNAL,2314-7210;2314-7202,true,,
FUTURE INTERNET,1999-5903,true,,
FUTURE MICROBIOLOGY,1746-0921;1746-0913,true,,
FUTURE NEUROLOGY,1748-6971;1479-6708,true,,
FUTURE ONCOLOGY,1744-8301;1479-6694,true,,
FUTURE SCIENCE OA,2056-5623,true,,
FUZZY INFORMATION AND ENGINEERING,1616-8666;1616-8658,true,,
"G3: GENES, GENOMES, GENETICS",2160-1836,true,,
GACETA SANITARIA,1578-1283;0213-9111,true,,
GADJAH MADA INTERNATIONAL JOURNAL OF BUSINESS,2338-7238;1411-1128,true,,
GALAXIES,2075-4434,true,,
GAMES AND ECONOMIC BEHAVIOR,1090-2473;0899-8256,true,,
GASTROENTEROLOGY CLINICS OF NORTH AMERICA,1558-1942;0889-8553,true,,
GASTROENTEROLOGY NURSING,1538-9766;1042-895X,true,,
GASTROENTEROLOGY REPORT,2304-1412;2052-0034,true,,
GATEWAYS - INTERNATIONAL JOURNAL OF COMMUNITY RESEARCH AND ENGAGEMENT,1836-3393,true,,
GAYANA - BOTANICA,0717-6643;0016-5301,true,,
GEBURTSHILFE UND FRAUENHEILKUNDE,1438-8804;0016-5751,true,,
GENE,1879-0038;0378-1119,true,,
GENEALOGY,2313-5778,true,,
GENERAL AND COMPARATIVE ENDOCRINOLOGY,1095-6840;0016-6480,true,,
GENERAL THORACIC AND CARDIOVASCULAR SURGERY,1863-6713;1863-6705,true,,
GENES,2073-4425,true,,
GENES AND IMMUNITY,1476-5470;1466-4879,true,,
GENETIC PROGRAMMING AND EVOLVABLE MACHINES,1573-7632;1389-2576,true,,
GENETIC RESOURCES AND CROP EVOLUTION,1573-5109;0925-9864,true,,
GENEVA PAPERS ON RISK AND INSURANCE - ISSUES AND PRACTICE,1468-0440;1018-5895,true,,
GENEVA RISK AND INSURANCE REVIEW,1554-9658;1554-964X,true,,
GENOME,1480-3321;0831-2796,true,,
GENOME BIOLOGY AND EVOLUTION,1759-6653,true,,
GENOMICS,1089-8646;0888-7543,false,2024-07-11,removed from the White List
GEO-MARINE LETTERS,1432-1157;0276-0460,true,,
GEOBIOS,1777-5728;0016-6995,true,,
GEOCHEMICAL JOURNAL,1880-5973;0016-7002,true,,
"GEOCHEMISTRY: EXPLORATION, ENVIRONMENT, ANALYSIS",2041-4943;1467-7873,true,,
GEOCHEMISTRY INTERNATIONAL,1556-1968;0016-7029,true,,
GEOCHRONOMETRIA,1897-1695;1733-8387,true,,
GEODESY AND GEODYNAMICS,1674-9847,true,,
GEODIVERSITAS,1638-9395;1280-9659,true,,
GEOFIZIKA,1846-6346;0352-3659,true,,
GEOFLUIDS,1468-8123;1468-8115,true,,
GEOGRAFICKY CASOPIS - GEOGRAPHICAL JOURNAL,2453-8787;0016-7193,true,,
GEOGRAFIE - SBORNIK CGS,1212-0014;2571-421X,true,,
"GEOGRAFISKA ANNALER, SERIES A: PHYSICAL GEOGRAPHY",1468-0459;0435-3676,true,,
GEOGRAPHIA TECHNICA,2065-4421;1842-5135,true,,
GEOGRAPHICA PANNONICA,1820-7138;0354-8724,true,,
GEOGRAPHICAL REVIEW,1931-0846;0016-7428,true,,
GEOGRAPHY,2043-6564;0016-7487,true,,
GEOGRAPHY AND NATURAL RESOURCES,1875-371X;1875-3728,true,,
GEOHUMANITIES,2373-5678;2373-566X,true,,
GEOINFORMATICA,1573-7624;1384-6175,true,,
GEOLOGIA CROATICA,1333-4875;1330-030X,true,,
GEOLOGICA ACTA,1696-5728;1695-6133,true,,
GEOLOGICA CARPATHICA,1336-8052,true,,
GEOLOGICAL QUARTERLY,2082-5099;1641-7291,true,,
GEOLOGOS,2080-6574;1426-8981,true,,
GEOMAGNETISM AND AERONOMY,1555-645X;0016-7932,true,,
GEOMECHANICS AND GEOENGINEERING - AN INTERNATIONAL JOURNAL,1748-6033;1748-6025,true,,
GEOPERSIA,2228-7817;2228-7825,true,,
GEOPHYSICAL AND ASTROPHYSICAL FLUID DYNAMICS,1029-0419;0309-1929,true,,
GEOPHYSICAL PROSPECTING,1365-2478;0016-8025,true,,
GEOPOLITICAS - REVISTA DE ESTUDIOS SOBRE ESPACIO Y PODER,2172-7155;2172-3958,true,,
GEORGE ELIOT - GEORGE HENRY LEWES STUDIES,2372-191X;2372-1901,true,,
GEORGIAN MATHEMATICAL JOURNAL,1572-9176;1072-947X,true,,
GEOSCAPE,1802-1115,true,,
GEOSCIENCE CANADA,1911-4850;0315-0941,true,,
GEOSCIENCES JOURNAL,1598-7477;1226-4806,true,,
GEOSPATIAL HEALTH,1970-7096;1827-1987,true,,
GEOSYSTEM ENGINEERING,2166-3394;1226-9328,true,,
GEOTECHNICAL AND GEOLOGICAL ENGINEERING,1573-1529;0960-3182,true,,
GEOTECHNICAL RESEARCH,2052-6156,true,,
GEOTECHNICAL TESTING JOURNAL,1945-7545;0149-6115,true,,
GEOTECHNIQUE LETTERS,2049-825X;2045-2543,true,,
GERIATRIC NURSING,1528-3984;0197-4572,true,,
GERIATRIC ORTHOPAEDIC SURGERY AND REHABILITATION,2151-4593;2151-4585,true,,
GERIATRICS AND GERONTOLOGY INTERNATIONAL,1444-1586;1447-0594,true,,
GERMAN ECONOMIC REVIEW,1468-0475;1465-6485,true,,
GERMAN HISTORY,1477-089X;0266-3554,true,,
GERMAN JOURNAL OF EXERCISE AND SPORT RESEARCH,2509-3150;2509-3142,true,,
THE GERMAN QUARTERLY,1756-1183;0016-8831,true,,
GERMAN STUDIES REVIEW,2164-8646;0149-7952,true,,
GERMANOSLAVICA - ZEITSCHRIFT FUR GERMANO-SLAWISCHE STUDIEN,1210-9029,true,,
GERONTOLOGY AND GERIATRICS EDUCATION,1545-3847;0270-1960,true,,
GERONTOLOGY AND GERIATRIC MEDICINE,2333-7214,true,,
GESCHICHTE UND GESELLSCHAFT,2196-9000;0340-613X,true,,
GESTA - INTERNATIONAL CENTER OF MEDIEVAL ART,2169-3099;0016-920X,true,,
GESTURE,1569-9773;1568-1475,true,,
JOURNAL OF CROP HEALTH,2948-2658,true,,
GFF,2000-0863;1103-5897,true,,
GIRLHOOD STUDIES - AN INTERDISCIPLINARY JOURNAL,1938-8322;1938-8209,true,,
GLAND SURGERY,2227-8575;2227-684X,true,,
GLASS PHYSICS AND CHEMISTRY,1608-313X,true,,
GLASS STRUCTURES AND ENGINEERING,2363-5150;2363-5142,true,,
"GLOBAL CHANGE, PEACE AND SECURITY",1478-1166;1478-1158,true,,
GLOBAL ECONOMIC REVIEW,1744-3873;1226-508X,true,,
GLOBAL GOVERNANCE,1942-6720;1075-2846,true,,
GLOBAL HEALTH PROMOTION,1757-9767;1757-9759,true,,
GLOBAL HEART,2211-8179;2211-8160,true,,
GLOBAL JOURNAL AL-THAQAFAH,2232-0482;2232-0474,true,,
GLOBAL JOURNAL OF ENVIRONMENTAL SCIENCE AND MANAGEMENT - GJESM,2383-3866;2383-3572,true,,
"GLOBAL KNOWLEDGE, MEMORY AND COMMUNICATION",2514-9350;2514-9342,true,,
GLOBAL LABOUR JOURNAL,1918-6711,true,,
GLOBAL MEDIA AND CHINA,2059-4364;2059-4372,true,,
GLOBAL MEDIA AND COMMUNICATION,1742-7673;1742-7665,true,,
GLOBAL MENTAL HEALTH,2054-4251,true,,
GLOBAL QUALITATIVE NURSING RESEARCH,2333-3936,true,,
GLOBAL RESPONSIBILITY TO PROTECT,1875-9858;1875-984X,true,,
GLOBAL SOCIAL POLICY,1741-2803;1468-0181,true,,
GLOBAL SOCIAL WELFARE,2196-8799,true,,
GLOBAL SOCIETY,1469-798X;1360-0826,true,,
GLOTTA - ZEITSCHRIFT FUR GRIECHISCHE UND LATEINISCHE SPRACHE,2196-9043;0017-1298,true,,
GLOTTOMETRICS,2625-8226;1617-8351,true,,
GM CROPS & FOOD - BIOTECHNOLOGY IN AGRICULTURE AND THE FOOD CHAIN,2164-5701;2164-5698,true,,
GMS JOURNAL FOR MEDICAL EDUCATION,2366-5017,true,,
GOLD BULLETIN,2364-821X;2190-7579,true,,
GOMAL JOURNAL OF MEDICAL SCIENCES,1997-2067;1819-7973,true,,
GOSPODARKA SUROWCAMI MINERALNYMI / MINERAL RESOURCES MANAGEMENT,2299-2324;0860-0953,true,,
GRAFICA - JOURNAL OF GRAPHIC DESIGN,2014-9298;2339-7500,true,,
GRANA,1651-2049;0017-3134,true,,
GRASSLAND SCIENCE,1744-697X;1744-6961,true,,
GREAT PLAINS QUARTERLY,2333-5092;0275-7664,true,,
GREECE AND ROME,1477-4550;0017-3835,true,,
GREENHOUSE GASES - SCIENCE AND TECHNOLOGY,2152-3878,true,,
GREY SYSTEMS - THEORY AND APPLICATION,2043-9385;2043-9377,true,,
GRIFFITH LAW REVIEW,1839-4205;1038-3441,true,,
GROTIANA,1876-0759;0167-3831,true,,
GROUND WATER MONITORING AND REMEDIATION,1745-6592;1069-3629,true,,
GROUND WATER,1745-6584;0017-467X,true,,
"GROUPS, COMPLEXITY, CRYPTOLOGY",1869-6104;1867-1144,true,,
GROWTH FACTORS,1029-2292;0897-7194,true,,
GYMNASIUM,2567-6555;0342-5231,true,,
GYNECOLOGIC AND OBSTETRIC INVESTIGATION,1423-002X;0378-7346,true,,
GYNECOLOGICAL ENDOCRINOLOGY,1473-0766;0951-3590,true,,
HACETTEPE JOURNAL OF MATHEMATICS AND STATISTICS,2651-477X;1303-5010,true,,
HACQUETIA,1854-9829;1581-4661,true,,
HAEMOPHILIA,1365-2516;1351-8216,true,,
THE HAGUE JOURNAL OF DIPLOMACY,1871-191X;1871-1901,true,,
HAND CLINICS,1558-1969;0749-0712,true,,
HAND THERAPY,1758-9991;1758-9983,true,,
HAROLD PINTER REVIEW - ESSAYS ON CONTEMPORARY DRAMA,2473-8441;2473-8433,true,,
HARVARD JOURNAL OF LAW AND PUBLIC POLICY,0193-4872,true,,
HASELTONIA,1938-2898;1070-0048,true,,
HASTINGS LAW JOURNAL,0017-8322,true,,
HAU - JOURNAL OF ETHNOGRAPHIC THEORY,2575-1433;2049-1115,true,,
HAWWA,1569-2086;1569-2078,true,,
HEAD AND FACE MEDICINE,1746-160X,true,,
HEAD AND NECK PATHOLOGY,1936-0568;1936-055X,true,,
HEALTH,1461-7196;1363-4593,true,,
HEALTH AND JUSTICE,2194-7899,true,,
HEALTH AND SOCIAL WORK,1545-6854;0360-7283,true,,
HEALTH AND HUMAN RIGHTS,2150-4113;1079-0969,true,,
HEALTH AND TECHNOLOGY,2190-7196;2190-7188,true,,
HEALTH CARE FOR WOMEN INTERNATIONAL,1096-4665;0739-9332,true,,
"HEALTH ECONOMICS, POLICY AND LAW",1744-134X;1744-1331,true,,
HEALTH ECONOMICS REVIEW,2191-1991,true,,
HEALTH EDUCATION JOURNAL,1748-8176;0017-8969,true,,
HEALTH EDUCATION RESEARCH,1465-3648;0268-1153,true,,
HEALTH EQUITY,2473-1242,true,,
HEALTH INFORMATICS JOURNAL,1741-2811;1460-4582,true,,
HEALTH PHYSICS,1538-5159;0017-9078,true,,
HEALTH PROMOTION JOURNAL OF AUSTRALIA,2201-1617;1036-1073,true,,
HEALTH PROMOTION PRACTICE,1552-6372;1524-8399,true,,
HEALTH PSYCHOLOGY OPEN,2055-1029,true,,
"HEALTH, RISK AND SOCIETY",1469-8331;1369-8575,true,,
HEALTH SECURITY,2326-5108;2326-5094,true,,
HEALTH SERVICES AND OUTCOMES RESEARCH METHODOLOGY,1572-9400;1387-3741,true,,
HEALTH SERVICES INSIGHTS,1178-6329,true,,
HEALTH SYSTEMS,2047-6973;2047-6965,true,,
HEALTHCARE,2213-0772,true,,
HEALTHCARE INFORMATICS RESEARCH,2093-369X;2093-3681,true,,
HEART AND LUNG: JOURNAL OF ACUTE AND CRITICAL CARE,1527-3288;0147-9563,true,,
HEART AND VESSELS,1615-2573;0910-8327,true,,
HEART LUNG AND CIRCULATION,1444-2892;1443-9506,true,,
HEAT AND MASS TRANSFER/WAERME - UND STOFFUEBERTRAGUNG,1432-1181;0947-7411,true,,
HEAT TRANSFER ENGINEERING,1521-0537;0145-7632,true,,
HEAT TRANSFER RESEARCH,2162-6561;1064-2285,true,,
HELIOS,1935-0228;0160-0923,true,,
HELMINTHOLOGIA,1336-9083;0440-6605,true,,
HELVETICA CHIMICA ACTA,1522-2675;0018-019X,true,,
HEMATOLOGICAL ONCOLOGY,1099-1069;0278-0232,true,,
HEMATOLOGY. AMERICAN SOCIETY OF HEMATOLOGY. EDUCATION PROGRAM,1520-4391;1520-4383,true,,
HEMATOLOGY/ONCOLOGY CLINICS OF NORTH AMERICA,1558-1977;0889-8588,true,,
HEMODIALYSIS INTERNATIONAL,1542-4758;1492-7535,true,,
HENRY JAMES REVIEW,1080-6555;0273-0340,true,,
HEPATIC ONCOLOGY,2045-0931;2045-0923,true,,
HEPATOBILIARY AND PANCREATIC DISEASES INTERNATIONAL,2352-9377;1499-3872,true,,
HERALD OF AN ARCHIVIST|ВЕСТНИК АРХИВИСТА,2073-0101,true,,
HERD - HEALTH ENVIRONMENTS RESEARCH & DESIGN JOURNAL,2167-5112;1937-5867,true,,
HEREDITY,1365-2540;0018-067X,true,,
HERPETOLOGICAL CONSERVATION AND BIOLOGY,2151-0733;1931-7603,true,,
HERPETOLOGICAL JOURNAL,0268-0130,true,,
HERPETOZOA,1013-4425,true,,
HESPERIA,1553-5622;0018-098X,true,,
HETEROATOM CHEMISTRY,1098-1071;1042-7163,true,,
HEYTHROP JOURNAL,1468-2265;0018-1196,true,,
HIGH ABILITY STUDIES,1469-834X;1359-8139,true,,
HIGH ALTITUDE MEDICINE AND BIOLOGY,1557-8682;1527-0297,true,,
HIGH BLOOD PRESSURE AND CARDIOVASCULAR PREVENTION,1179-1985;1120-9879,true,,
HIGH PERFORMANCE POLYMERS,1361-6412;0954-0083,true,,
HIGH PRESSURE RESEARCH,1477-2299;0895-7959,true,,
HIGH TEMPERATURES - HIGH PRESSURES,1472-3441;0018-1544,true,,
HIGHER EDUCATION PEDAGOGIES,2375-2696,true,,
"HIGHER EDUCATION, SKILLS AND WORK - BASED LEARNING",2042-390X;2042-3896,true,,
HIMALAYAN GEOLOGY,0971-8966,true,,
HIP INTERNATIONAL,1724-6067;1120-7000,true,,
HIPOGRIFO - REVISTA DE LITERATURA Y CULTURA DEL SIGLO DE ORO,2328-1308,true,,
HIPPOCAMPUS,1098-1063;1050-9631,true,,
HISPANIA NOVA,1138-7319,true,,
HISPANIA SACRA,1988-4265;0018-215X,true,,
HISPANIC RESEARCH JOURNAL - IBERIAN AND LATIN AMERICAN STUDIES,1745-820X;1468-2737,true,,
HISPANIC REVIEW,1553-0639;0018-2176,true,,
HISPANOFILA,2165-6185;0018-2206,true,,
HISTOCHEMISTRY AND CELL BIOLOGY,1432-119X;0948-6143,true,,
HISTOLOGY AND HISTOPATHOLOGY,1699-5848;0213-3911,true,,
HISTORIA - ZEITSCHRIFT FUR ALTE GESCHICHTE,0018-2311,true,,
HISTORIA CARIBE,2322-6889;0122-8803,true,,
HISTORIA CONSTITUCIONAL,1576-4729,true,,
HISTORIA CONTEMPORANEA,2340-0277;1130-2402,true,,
HISTORIA DA HISTORIOGRAFIA,1983-9928,true,,
HISTORIA MEXICANA,2448-6531;0185-0172,true,,
HISTORIA SOCIAL,0214-2570,true,,
HISTORIA UNISINOS,2236-1782;1519-3861,true,,
HISTORIA Y MEMORIA,2322-777X;2027-5137,true,,
HISTORICAL ARCHAEOLOGY,2328-1103;0440-9213,true,,
HISTORICAL MATERIALISM - RESEARCH IN CRITICAL MARXIST THEORY,1569-206X;1465-4466,true,,
HISTORICAL RECORDS OF AUSTRALIAN SCIENCE,1448-5508;0727-3061,true,,
HISTORICAL RESEARCH,1468-2281;0950-3471,true,,
HISTORICAL STUDIES IN THE NATURAL SCIENCES,1939-182X;1939-1811,true,,
HISTORICKA SOCIOLOGIE,2336-3525;1804-0616,true,,
HISTORISCHE ZEITSCHRIFT,2196-680X;0018-2613,true,,
HISTORISK TIDSKRIFT,0345-469X,true,,
HISTORY AND PHILOSOPHY OF LOGIC,1464-5149;0144-5340,true,,
HISTORY COMPASS,1478-0542,true,,
HISTORY OF EDUCATION QUARTERLY,1748-5959;0018-2680,true,,
HISTORY OF EUROPEAN IDEAS,1873-541X;0191-6599,true,,
HISTORY OF GEO - AND SPACE SCIENCES,2190-5029;2190-5010,true,,
HISTORY OF PHOTOGRAPHY,2150-7295;0308-7298,true,,
HISTORY OF SCIENCE,1753-8564;0073-2753,true,,
HITOTSUBASHI JOURNAL OF ECONOMICS,0018-280X;2436-097X,true,,
HIV MEDICINE,1468-1293;1464-2662,true,,
HNO,1433-0458;0017-6192,true,,
HOBBES STUDIES,1875-0257;0921-5891,true,,
HOKKAIDO MATHEMATICAL JOURNAL,0385-4035,true,,
HOLISTIC NURSING PRACTICE,1550-5138;0887-9311,true,,
HOLOCAUST AND GENOCIDE STUDIES,8756-6583;1476-7937,true,,
HOME HEALTH CARE MANAGEMENT AND PRACTICE,1552-6739;1084-8223,true,,
HOMEOPATHY : THE JOURNAL OF THE FACULTY OF HOMEOPATHY,1476-4245;1475-4916,true,,
HOMO - JOURNAL OF COMPARATIVE HUMAN BIOLOGY,1618-1301;0018-442X,true,,
HONG KONG JOURNAL OF OCCUPATIONAL THERAPY,1876-4398;1569-1861,true,,
HONG KONG PHYSIOTHERAPY JOURNAL,1876-441X;1013-7025,true,,
HOPOS - THE JOURNAL OF THE INTERNATIONAL SOCIETY FOR THE HISTORY OF PHILOSOPHY OF SCIENCE,2156-6240;2152-5188,true,,
HORIZONS,2050-8557;0360-9669,true,,
HORIZONS IN BIBLICAL THEOLOGY,1871-2207;0195-9085,true,,
HORMONE AND METABOLIC RESEARCH,1439-4286;0018-5043,true,,
HORMONES - INTERNATIONAL JOURNAL OF ENDOCRINOLOGY AND METABOLISM,2520-8721;1109-3099,true,,
HORMONES AND BEHAVIOR,1095-6867;0018-506X,true,,
HORTICULTURAL SCIENCE,1805-9333;0862-867X,true,,
HORTICULTURE JOURNAL,2189-0110;2189-0102,true,,
HORTTECHNOLOGY,1943-7714;1063-0198,true,,
HOSPITALITY AND SOCIETY,2042-7921;2042-7913,true,,
"HOUSING, CARE AND SUPPORT",2042-8375;1460-8790,true,,
HOWARD JOURNAL OF COMMUNICATIONS,1096-4649;1064-6175,true,,
HPB,1477-2574;1365-182X,true,,
HSS JOURNAL,1556-3324;1556-3316,true,,
HTM - JOURNAL OF HEAT TREATMENT AND MATERIALS,2194-1831;1867-2493,true,,
HUDEBNI VEDA,0018-7003,true,,
HUMAN-WILDLIFE INTERACTIONS,2155-3858,true,,
HUMAN CELL,1749-0774;0914-7470,true,,
HUMAN ECOLOGY REVIEW,2204-0919;1074-4827,true,,
HUMAN FACTORS AND ERGONOMICS IN MANUFACTURING & SERVICE INDUSTRIES,1520-6564;1090-8471,true,,
HUMAN MOVEMENT SCIENCE,1872-7646;0167-9457,true,,
HUMAN PERFORMANCE,1532-7043;0895-9285,true,,
HUMAN PSYCHOPHARMACOLOGY - CLINICAL AND EXPERIMENTAL,1099-1077;0885-6222,true,,
HUMAN RIGHTS LAW REVIEW,1744-1021;1461-7781,true,,
HUMAN RIGHTS QUARTERLY,1085-794X;0275-0392,true,,
"HUMAN SERVICE ORGANIZATIONS MANAGEMENT, LEADERSHIP AND GOVERNANCE",2330-314X;2330-3131,true,,
HUMAN SYSTEMS MANAGEMENT,1875-8703;0167-2533,true,,
HUMAN VACCINES AND IMMUNOTHERAPEUTICS,2164-554X;2164-5515,true,,
HUMANA MENTE - JOURNAL OF PHILOSOPHICAL STUDIES,1972-1293,true,,
HUMANITIES - BASEL,2076-0787,true,,
HUMANITY - AN INTERNATIONAL JOURNAL OF HUMAN RIGHTS HUMANITARIANISM AND DEVELOPMENT,2151-4372;2151-4364,true,,
HYDROLOGY,2306-5338,true,,
HYDROLOGY RESEARCH,2224-7955;1998-9563,true,,
HYPERTENSION IN PREGNANCY,1525-6065;1064-1955,true,,
HYPNOS,2177-5346;1413-9138,true,,
I-PERCEPTION,2041-6695,true,,
IACR TRANSACTIONS ON SYMMETRIC CRYPTOLOGY,2519-173X,true,,
IBEROAMERICANA. AMERICA LATINA - ESPANA - PORTUGAL,2255-520X;1577-3388,true,,
ICHNOS - AN INTERNATIONAL JOURNAL FOR PLANT AND ANIMAL TRACES,1026-7999;1563-5236;1042-0940,true,,
ICHTHYOLOGICAL RESEARCH,1616-3915;1341-8998,true,,
ICHTHYOLOGY AND HERPETOLOGY,2766-1520;2766-1512,true,,
ICSID REVIEW - FOREIGN INVESTMENT LAW JOURNAL,2049-1999;0258-3690,true,,
IDENTITY - AN INTERNATIONAL JOURNAL OF THEORY AND RESEARCH,1532-706X;1528-3488,true,,
IEEE ANNALS OF THE HISTORY OF COMPUTING,1934-1547;1058-6180,true,,
IEEE CANADIAN JOURNAL OF ELECTRICAL AND COMPUTER ENGINEERING,2694-1783;0840-8688,true,,
IEEE COMPUTER ARCHITECTURE LETTERS,1556-6064;1556-6056,true,,
IEEE COMPUTER GRAPHICS AND APPLICATIONS,1558-1756;0272-1716,true,,
IEEE CONTROL SYSTEMS LETTERS,2475-1456,true,,
IEEE DESIGN AND TEST,2168-2364;2168-2356,true,,
IEEE ELECTRIFICATION MAGAZINE,2325-5897;2325-5889,true,,
IEEE EMBEDDED SYSTEMS LETTERS,1943-0671;1943-0663,true,,
IEEE INSTRUMENTATION AND MEASUREMENT MAGAZINE,1941-0123;1094-6969,true,,
IEEE JOURNAL OF QUANTUM ELECTRONICS,1558-1713;0018-9197,true,,
IEEE JOURNAL OF THE ELECTRON DEVICES SOCIETY,2168-6734,true,,
IEEE JOURNAL OF TRANSLATIONAL ENGINEERING IN HEALTH AND MEDICINE,2168-2372,true,,
IEEE JOURNAL ON EXPLORATORY SOLID-STATE COMPUTATIONAL DEVICES AND CIRCUITS,2329-9231,true,,
IEEE JOURNAL ON MULTISCALE AND MULTIPHYSICS COMPUTATIONAL TECHNIQUES,2379-8793,true,,
IEEE MAGNETICS LETTERS,1949-3088;1949-307X,true,,
IEEE OPEN JOURNAL OF ANTENNAS AND PROPAGATION,2637-6431,true,,
IEEE OPEN JOURNAL OF CIRCUITS AND SYSTEMS,2644-1225,true,,
IEEE OPEN JOURNAL OF INTELLIGENT TRANSPORTATION SYSTEMS,2687-7813,true,,
IEEE OPEN JOURNAL OF NANOTECHNOLOGY,2644-1292,true,,
IEEE OPEN JOURNAL OF POWER ELECTRONICS,2644-1314,true,,
IEEE POWER ELECTRONICS MAGAZINE,2329-9215;2329-9207,true,,
IEEE REVISTA IBEROAMERICANA DE TECNOLOGIAS DEL APRENDIZAJE - IEEE RITA,1932-8540,true,,
IEEE SENSORS LETTERS,2475-1472,true,,
IEEE SOLID-STATE CIRCUITS LETTERS,2573-9603,true,,
"IEEE SYSTEMS, MAN AND CYBERNETICS MAGAZINE",2380-1298;2333-942X,true,,
IEEE TRANSACTIONS ON APPLIED SUPERCONDUCTIVITY,1558-2515;1051-8223,true,,
IEEE TRANSACTIONS ON COMPUTERS,1557-9956;0018-9340,true,,
IEEE TRANSACTIONS ON DEVICE AND MATERIALS RELIABILITY,1558-2574;1530-4388,true,,
IEEE TRANSACTIONS ON ELECTROMAGNETIC COMPATIBILITY,1558-187X;0018-9375,true,,
IEEE TRANSACTIONS ON HAPTICS,2329-4051;1939-1412,true,,
IEEE TRANSACTIONS ON MAGNETICS,1941-0069;0018-9464,true,,
"IEEE TRANSACTIONS ON MOLECULAR, BIOLOGICAL, AND MULTI-SCALE COMMUNICATIONS",2332-7804,true,,
IEEJ JOURNAL OF INDUSTRY APPLICATIONS,2187-1108;2187-1094,true,,
"IET CIRCUITS, DEVICES AND SYSTEMS",1751-8598;1751-858X,true,,
IET COLLABORATIVE INTELLIGENT MANUFACTURING,2516-8398,true,,
IET COMMUNICATIONS,1751-8636;1751-8628,true,,
IET CYBER-PHYSICAL SYSTEMS: THEORY AND APPLICATIONS,2398-3396,true,,
IET ELECTRIC POWER APPLICATIONS,1751-8679;1751-8660,true,,
IET ENERGY SYSTEMS INTEGRATION,2516-8401,true,,
IET IMAGE PROCESSING,1751-9667;1751-9659,true,,
IET INFORMATION SECURITY,1751-8717;1751-8709,true,,
"IET MICROWAVES, ANTENNAS AND PROPAGATION",1751-8733;1751-8725,true,,
IET OPTOELECTRONICS,1751-8776;1751-8768,true,,
"IET RADAR, SONAR AND NAVIGATION",1751-8792;1751-8784,true,,
"IET SCIENCE, MEASUREMENT AND TECHNOLOGY",1751-8830;1751-8822,true,,
IET SIGNAL PROCESSING,1751-9683;1751-9675,true,,
IET SMART CITIES,2631-7680,true,,
IET SOFTWARE,1751-8814;1751-8806,true,,
IETE JOURNAL OF RESEARCH,0974-780X;0377-2063,true,,
"IETE TECHNICAL REVIEW (INSTITUTION OF ELECTRONICS AND TELECOMMUNICATION ENGINEERS, INDIA)",0974-5971;0256-4602,true,,
IFLA JOURNAL - INTERNATIONAL FEDERATION OF LIBRARY ASSOCIATIONS,1745-2651;0340-0352,true,,
IFOREST - BIOGEOSCIENCES AND FORESTRY,1971-7458,true,,
IIC - INTERNATIONAL REVIEW OF INTELLECTUAL PROPERTY AND COMPETITION LAW,0016-9420;2195-0237;0018-9855,true,,
IIM KOZHIKODE SOCIETY AND MANAGEMENT REVIEW,2321-029X;2277-9752,true,,
IIMB MANAGEMENT REVIEW,2212-4446;0970-3896,false,2024-07-11,removed from the White List
IJC HEART AND VASCULATURE,2352-9067,false,2024-07-11,removed from the White List
IJISPM - INTERNATIONAL JOURNAL OF INFORMATION SYSTEMS AND PROJECT MANAGEMENT,2182-7796;2182-7788,true,,
IJOLE - INTERNATIONAL JOURNAL OF LANGUAGE EDUCATION,2548-8465;2548-8457,true,,
ILHA DO DESTERRO - A JOURNAL OF ENGLISH LANGUAGE LITERATURES IN ENGLISH AND CULTURAL STUDIES,2175-8026;0101-4846,true,,
ILLES I IMPERIS,2385-4219;1575-0698,true,,
IMA JOURNAL MANAGEMENT MATHEMATICS,1471-6798;1471-678X,true,,
IMA JOURNAL OF MATHEMATICAL CONTROL AND INFORMATION,1471-6887;0265-0754,true,,
IMAGES,1871-8000;1871-7993,true,,
IMAGING,2732-0960,true,,
IMAGING SCIENCE IN DENTISTRY,2233-7830;2233-7822,true,,
IMAGING SCIENCE JOURNAL,1743-131X;1368-2199,true,,
IMAGO - REVISTA DE EMBLEMATICA Y CULTURA VISUAL,2254-9633;2171-0147,true,,
IMAGO MUNDI - THE INTERNATIONAL JOURNAL FOR THE HISTORY OF CARTOGRAPHY,1479-7801;0308-5694,true,,
IMAGO TEMPORIS - MEDIUM AEVUM,2340-7778;1888-3931,true,,
IMMUNOBIOLOGY,1878-3279;0171-2985,false,2024-07-11,removed from the White List
IMMUNOGENETICS,1432-1211;0093-7711,true,,
IMMUNOLOGIC RESEARCH,1559-0755;0257-277X,true,,
IMMUNOLOGICAL MEDICINE,2578-5826,true,,
IMMUNOLOGY AND ALLERGY CLINICS OF NORTH AMERICA,1557-8607;0889-8561,true,,
IMMUNOLOGY LETTERS,1879-0542;0165-2478,true,,
IMMUNOPHARMACOLOGY AND IMMUNOTOXICOLOGY,1532-2513;0892-3973,true,,
IMMUNOTHERAPY,1750-7448;1750-743X,true,,
IMPLANT DENTISTRY,1056-6163,true,,
IMPLICIT RELIGION,1743-1697;1463-9955,true,,
IMPROVING SCHOOLS,1475-7583;1365-4802,true,,
IN VITRO CELLULAR AND DEVELOPMENTAL BIOLOGY - ANIMAL,1543-706X;1071-2690,true,,
IN VIVO,1791-7549;0258-851X,true,,
INDAGATIONES MATHEMATICAE - NEW SERIES,1872-6100;0019-3577,true,,
INDIA REVIEW,1557-3036;1473-6489,true,,
INDIAN GROWTH AND DEVELOPMENT REVIEW,1753-8262;1753-8254,true,,
INDIAN HEART JOURNAL,2213-3763;0019-4832,false,2024-07-11,removed from the White List
INDIAN JOURNAL OF CRITICAL CARE MEDICINE,1998-359X;0972-5229,true,,
"INDIAN JOURNAL OF DERMATOLOGY, VENEREOLOGY AND LEPROLOGY",0973-3922;0378-6323,true,,
INDIAN JOURNAL OF GENETICS AND PLANT BREEDING,0975-6906;0019-5200,true,,
INDIAN JOURNAL OF LABOUR ECONOMICS,0971-7927;0019-5308,true,,
INDIAN JOURNAL OF MICROBIOLOGY,0973-7715;0046-8991,true,,
INDIAN JOURNAL OF OCCUPATIONAL AND ENVIRONMENTAL MEDICINE,0973-2284;1998-3670,true,,
INDIAN JOURNAL OF OPHTHALMOLOGY,1998-3689;0301-4738,true,,
INDIAN JOURNAL OF PHARMACOLOGY,1998-3751;0253-7613,true,,
INDIAN JOURNAL OF PHYSICS,0019-5480;0974-9845;0973-1458,true,,
INDIAN JOURNAL OF PSYCHIATRY,1998-3794;0019-5545,true,,
INDIAN JOURNAL OF PSYCHOLOGICAL MEDICINE,0975-1564;0253-7176,true,,
INDIAN JOURNAL OF PUBLIC HEALTH,2229-7693;0019-557X,true,,
INDIAN JOURNAL OF TRADITIONAL KNOWLEDGE,0975-1068;0972-5938,true,,
INDIANA UNIVERSITY MATHEMATICS JOURNAL,1943-5258;0022-2518,true,,
INDO-IRANIAN JOURNAL,1572-8536;0019-7246,true,,
INDOGERMANISCHEN FORSCHUNGEN,1613-0405;0019-7262,true,,
INDONESIAN JOURNAL OF SUSTAINABILITY ACCOUNTING AND MANAGEMENT,2597-6222;2597-6214,true,,
INDUSTRIA TEXTILA,1222-5347,true,,
INDUSTRIAL AND COMMERCIAL TRAINING,1758-5767;0019-7858,true,,
INDUSTRIAL HEALTH,1880-8026;0019-8366,true,,
INDUSTRIAL LAW JOURNAL,1464-3669;0305-9332,true,,
INDUSTRIAL LUBRICATION AND TRIBOLOGY,1758-5775;0036-8792,true,,
INDUSTRIAL RELATIONS,1468-232X;0019-8676,true,,
INDUSTRIAL RELATIONS JOURNAL,1468-2338;0019-8692,true,,
INDUSTRIAL ROBOT - THE INTERNATIONAL JOURNAL OF ROBOTICS RESEARCH AND APPLICATION,1758-5791;0143-991X,true,,
INDUSTRY AND HIGHER EDUCATION,2043-6858;0950-4222,true,,
INFANCY,1532-7078;1525-0008,true,,
INFANT AND CHILD DEVELOPMENT,1522-7227;1522-7219,true,,
INFANT BEHAVIOR AND DEVELOPMENT,1879-0453;0163-6383,true,,
INFANT MENTAL HEALTH JOURNAL,1097-0355;0163-9641,true,,
INFECTION AND CHEMOTHERAPY,2093-2340,true,,
INFECTION AND DRUG RESISTANCE,1178-6973,true,,
INFECTIOUS AGENTS AND CANCER,1750-9378,true,,
INFECTIOUS DISEASES NOW,2666-9927;2666-9919,true,,
INFLAMMATION,1573-2576;0360-3997,true,,
INFLAMMOPHARMACOLOGY,1568-5608;0925-4692,true,,
INFOCOMMUNICATIONS JOURNAL,0018-2028;2061-2125;2061-2079,true,,
INFOR: INFORMATION SYSTEMS AND OPERATIONAL RESEARCH,1916-0615;0315-5986,true,,
INFORMATION (SWITZERLAND),2078-2489,true,,
INFORMATION AND CULTURE,2166-3033;2164-8034,true,,
INFORMATION AND COMPUTER SECURITY,2056-4961,true,,
INFORMATION RESEARCH - AN INTERNATIONAL ELECTRONIC JOURNAL,1368-1613,true,,
INFORMATION RESOURCES MANAGEMENT JOURNAL,1533-7979;1040-1628,true,,
INFORMATION SECURITY JOURNAL,1939-3547;1939-3555,true,,
INFORMATION TECHNOLOGY AND LIBRARIES,2163-5226;0730-9295,true,,
INFORMATION VISUALIZATION,1473-8724;1473-8716,true,,
INFORMS JOURNAL ON APPLIED ANALYTICS,2644-0873;2644-0865,true,,
INFORMS JOURNAL ON COMPUTING,1526-5528;1091-9856,true,,
INFRARED PHYSICS AND TECHNOLOGY,1879-0275;1350-4495,true,,
INFRASTRUCTURE ASSET MANAGEMENT,2053-0250;2053-0242,true,,
INFRASTRUCTURES,2412-3811,true,,
INJURY EPIDEMIOLOGY,2197-1714,true,,
INNATE IMMUNITY,1753-4267;1753-4259,true,,
"INNOVATION: MANAGEMENT, POLICY AND PRACTICE",2204-0226;1447-9338,true,,
INNOVATION AND MANAGEMENT REVIEW,2515-8961,true,,
INNOVATIONS - TECHNOLOGY AND TECHNIQUES IN CARDIOTHORACIC AND VASCULAR SURGERY,1559-0879;1556-9845,true,,
INNOVATIVE HIGHER EDUCATION,1573-1758;0742-5627,true,,
INNOVATIVE INFRASTRUCTURE SOLUTIONS,2364-4184;2364-4176,true,,
INNOVATIVE MARKETING,1816-6326;1814-2427,true,,
INNOVATIVE SURGICAL SCIENCES,2364-7485,true,,
INORGANIC CHEMISTRY COMMUNICATIONS,1879-0259;1387-7003,true,,
INORGANIC MATERIALS,1608-3172;0020-1685,true,,
INORGANICA CHIMICA ACTA,1873-3255;0020-1693,true,,
INORGANICS,2304-6740,true,,
INQUIRY - THE JOURNAL OF HEALTH CARE ORGANIZATION PROVISION AND FINANCING,1945-7243;0046-9580,true,,
INRAE PRODUCTIONS ANIMALES,2824-3633,true,,
INSECT SYSTEMATICS AND EVOLUTION,1876-312X;1399-560X,true,,
INSECTES SOCIAUX,1420-9098;0020-1812,true,,
INSIGHT: NON - DESTRUCTIVE TESTING AND CONDITION MONITORING,1754-4904;1354-2575,true,,
INSIGHT TURKEY,1302-177X,true,,
INSIGHTS - THE UKSG JOURNAL,2048-7754,true,,
INSTRUMENTATION SCIENCE AND TECHNOLOGY,1525-6030;1073-9149,true,,
INSTRUMENTS AND EXPERIMENTAL TECHNIQUES,1608-3180;0020-4412,true,,
INTANGIBLE CAPITAL,2014-3214;1697-9818,true,,
INTEGRAL EQUATIONS AND OPERATOR THEORY,1420-8989;0378-620X,true,,
INTEGRAL TRANSFORMS AND SPECIAL FUNCTIONS,1476-8291;1065-2469,true,,
INTEGRATED BLOOD PRESSURE CONTROL,1178-7104,true,,
INTEGRATED ENVIRONMENTAL ASSESSMENT AND MANAGEMENT,1551-3793;1551-3777,true,,
INTEGRATED PHARMACY RESEARCH AND PRACTICE,2230-5254,true,,
INTEGRATION - THE VLSI JOURNAL,1872-7522;0167-9260,true,,
INTEGRATIVE BIOLOGY (UNITED KINGDOM),1757-9708;1757-9694,true,,
INTELIGENCIA ARTIFICIAL - IBEROAMERICAL JOURNAL OF ARTIFICIAL INTELLIGENCE,1988-3064;1137-3601,true,,
INTELLECTUAL AND DEVELOPMENTAL DISABILITIES,1934-9556;1934-9491,true,,
INTELLECTUAL DISCOURSE,2289-5639;0128-4878,true,,
INTELLIGENT DATA ANALYSIS,1571-4128;1088-467X,true,,
INTERDISCIPLINARY CARDIOVASCULAR AND THORACIC SURGERY,2753-670X,true,,
INTERACTIVE JOURNAL OF MEDICAL RESEARCH,1929-073X,true,,
INTERCULTURAL EDUCATION,1469-8439;1467-5986,true,,
INTERDISCIPLINARY LITERARY STUDIES,2161-427X;1524-8429,true,,
INTEREST GROUPS AND ADVOCACY,2047-7422;2047-7414,true,,
INTERNAL MEDICINE,1349-7235;0918-2918,true,,
INTERNATIONAL ANGIOLOGY,1827-1839;0392-9590,true,,
INTERNATIONAL AQUATIC RESEARCH,2008-6970;2008-4935,true,,
INTERNATIONAL ARCHIVES OF ALLERGY AND IMMUNOLOGY,1423-0097;1018-2438,true,,
INTERNATIONAL ARCHIVES OF OTORHINOLARYNGOLOGY,1809-9777;1809-4864,true,,
INTERNATIONAL AREA STUDIES REVIEW,2049-1123;2233-8659,true,,
INTERNATIONAL BRAZ J UROL: OFFICIAL JOURNAL OF THE BRAZILIAN SOCIETY OF UROLOGY,1677-6119;1677-5538,true,,
INTERNATIONAL CLINICAL PSYCHOPHARMACOLOGY,1473-5857;0268-1315,true,,
INTERNATIONAL DAIRY JOURNAL,1879-0143;0958-6946,true,,
INTERNATIONAL ECONOMIC JOURNAL,1743-517X;1016-8737,true,,
INTERNATIONAL ECONOMICS AND ECONOMIC POLICY,1612-4812;1612-4804,true,,
INTERNATIONAL FORESTRY REVIEW,2053-7778;1465-5489,true,,
INTERNATIONAL GAMBLING STUDIES,1479-4276;1445-9795,true,,
INTERNATIONAL HEALTH,1876-3405;1876-3413,true,,
INTERNATIONAL HEART JOURNAL,1349-3299;1349-2365,true,,
INTERNATIONAL IMMUNOLOGY,1460-2377;0953-8178,true,,
INTERNATIONAL INDIGENOUS POLICY JOURNAL,1916-5781,true,,
INTERNATIONAL INSOLVENCY REVIEW,1180-0518;1099-1107,true,,
INTERNATIONAL INTERACTIONS,1547-7444;0305-0629,true,,
INTERNATIONAL JOURNAL FOR EDUCATIONAL AND VOCATIONAL GUIDANCE,1873-0388;1573-1782,true,,
INTERNATIONAL JOURNAL FOR LESSON AND LEARNING STUDIES,2016-8261;2046-8253;2046-8261,true,,
INTERNATIONAL JOURNAL FOR MULTISCALE COMPUTATIONAL ENGINEERING,1940-4352;1543-1649,true,,
INTERNATIONAL JOURNAL FOR NUMERICAL METHODS IN FLUIDS,1097-0363;0271-2091,true,,
INTERNATIONAL JOURNAL FOR PARASITOLOGY - PARASITES AND WILDLIFE,2213-2244,false,2024-07-11,removed from the White List
INTERNATIONAL JOURNAL FOR QUALITY IN HEALTH CARE,1464-3677;1353-4505,true,,
INTERNATIONAL JOURNAL FOR THE SEMIOTICS OF LAW - REVUE INTERNATIONALE DE SEMIOTIQUE JURIDIQUE,1572-8722;0952-8059,true,,
INTERNATIONAL JOURNAL FOR THE STUDY OF NEW RELIGIONS,2041-952X;2041-9511,true,,
INTERNATIONAL JOURNAL FOR THE STUDY OF SKEPTICISM,2210-5700;2210-5697,true,,
INTERNATIONAL JOURNAL FOR VITAMIN AND NUTRITION RESEARCH,1664-2821;0300-9831,true,,
INTERNATIONAL JOURNAL OF ACAROLOGY,1945-3892;0164-7954,true,,
INTERNATIONAL JOURNAL OF ADVANCED ROBOTIC SYSTEMS,1729-8814;1729-8806,true,,
INTERNATIONAL JOURNAL OF AEROACOUSTICS,2048-4003;1475-472X,true,,
INTERNATIONAL JOURNAL OF AEROSPACE ENGINEERING,1687-5974;1687-5966,true,,
THE INTERNATIONAL JOURNAL OF AFRICAN HISTORICAL STUDIES,2326-3016;0361-7882,true,,
INTERNATIONAL JOURNAL OF AGING AND HUMAN DEVELOPMENT,1541-3535;0091-4150,true,,
INTERNATIONAL JOURNAL OF AGRICULTURAL AND STATISTICAL SCIENCES,0976-3392;0973-1903,true,,
INTERNATIONAL JOURNAL OF AGRICULTURE AND NATURAL RESOURCES,2452-5731,true,,
INTERNATIONAL JOURNAL OF AGRONOMY,1687-8167;1687-8159,true,,
INTERNATIONAL JOURNAL OF AMERICAN LINGUISTICS,1545-7001;0020-7071,true,,
INTERNATIONAL JOURNAL OF ANALYSIS AND APPLICATIONS,2291-8639,true,,
INTERNATIONAL JOURNAL OF ANTENNAS AND PROPAGATION,1687-5877;1687-5869,true,,
INTERNATIONAL JOURNAL OF APPLIED AND BASIC MEDICAL RESEARCH,2248-9606;2229-516X,true,,
INTERNATIONAL JOURNAL OF APPLIED CERAMIC TECHNOLOGY,1744-7402;1546-542X,true,,
INTERNATIONAL JOURNAL OF APPLIED GEOSPATIAL RESEARCH,1947-9662;1947-9654,true,,
INTERNATIONAL JOURNAL OF APPLIED MATHEMATICS AND COMPUTER SCIENCE,2083-8492;1641-876X,true,,
INTERNATIONAL JOURNAL OF ASIAN BUSINESS AND INFORMATION MANAGEMENT,1947-9646;1947-9638,true,,
INTERNATIONAL JOURNAL OF ASIAN STUDIES,1479-5922;1479-5914,true,,
INTERNATIONAL JOURNAL OF ASTROBIOLOGY,1475-3006;1473-5504,true,,
INTERNATIONAL JOURNAL OF AUDITING,1099-1123;1090-6738,true,,
INTERNATIONAL JOURNAL OF AUTOMATION AND CONTROL,1740-7524;1740-7516,true,,
INTERNATIONAL JOURNAL OF AUTOMOTIVE TECHNOLOGY,1976-3832;1229-9138,true,,
INTERNATIONAL JOURNAL OF BEHAVIORAL DEVELOPMENT,1464-0651;0165-0254,true,,
INTERNATIONAL JOURNAL OF BEHAVIORAL MEDICINE,1532-7558;1070-5503,true,,
INTERNATIONAL JOURNAL OF BIOLOGICAL MARKERS,1724-6008;0393-6155,true,,
INTERNATIONAL JOURNAL OF BIOMATERIALS,1687-8795;1687-8787,true,,
INTERNATIONAL JOURNAL OF BIOSTATISTICS,2194-573X;1557-4679,true,,
INTERNATIONAL JOURNAL OF BUDDHIST THOUGHT & CULTURE,1598-7914,true,,
INTERNATIONAL JOURNAL OF BUILDING PATHOLOGY AND ADAPTATION,2398-4708,true,,
INTERNATIONAL JOURNAL OF BUSINESS,1083-4346,true,,
INTERNATIONAL JOURNAL OF BUSINESS ANALYTICS,2334-4555;2334-4547,true,,
INTERNATIONAL JOURNAL OF BUSINESS AND SOCIETY,1511-6670,true,,
INTERNATIONAL JOURNAL OF BUSINESS ENVIRONMENT,1740-0597;1740-0589,true,,
INTERNATIONAL JOURNAL OF CARDIOVASCULAR IMAGING,1875-8312;1569-5794,true,,
INTERNATIONAL JOURNAL OF CARE AND CARING,2397-883X;2397-8821,true,,
INTERNATIONAL JOURNAL OF CARE COORDINATION,2053-4353;2053-4345,true,,
INTERNATIONAL JOURNAL OF CARTOGRAPHY,2372-9333;2372-9341,true,,
INTERNATIONAL JOURNAL OF CAST METALS RESEARCH,1743-1336;1364-0461,true,,
INTERNATIONAL JOURNAL OF CHEMICAL ENGINEERING,1687-8078;1687-806X,true,,
INTERNATIONAL JOURNAL OF CHILD CARE AND EDUCATION POLICY,2288-6729;1976-5681,true,,
INTERNATIONAL JOURNAL OF CHILDREN'S RIGHTS,1571-8182;0927-5568,true,,
INTERNATIONAL JOURNAL OF CHRISTIANITY AND EDUCATION,2056-998X;2056-9971,true,,
INTERNATIONAL JOURNAL OF CHRONIC OBSTRUCTIVE PULMONARY DISEASE,1178-2005;1176-9106,true,,
INTERNATIONAL JOURNAL OF CIRCUIT THEORY AND APPLICATIONS,1097-007X;0098-9886,true,,
INTERNATIONAL JOURNAL OF CIRCUMPOLAR HEALTH,2242-3982;1239-9736,true,,
INTERNATIONAL JOURNAL OF CIVIL ENGINEERING,2383-3874;1735-0522,true,,
INTERNATIONAL JOURNAL OF CLINICAL ONCOLOGY,1437-7772,true,,
INTERNATIONAL JOURNAL OF CLOTHING SCIENCE AND TECHNOLOGY,1758-5953;0955-6222,true,,
INTERNATIONAL JOURNAL OF COAL PREPARATION AND UTILIZATION,1939-2702;1939-2699,true,,
INTERNATIONAL JOURNAL OF COGNITIVE BEHAVIORAL THERAPY,3059-3042,true,,
INTERNATIONAL JOURNAL OF COMMUNICATION,1932-8036,true,,
INTERNATIONAL JOURNAL OF COMMUNICATION SYSTEMS,1099-1131;1074-5351,true,,
INTERNATIONAL JOURNAL OF COMPUTATIONAL FLUID DYNAMICS,1026-7417;1061-8562;1029-0257,true,,
INTERNATIONAL JOURNAL OF COMPUTATIONAL INTELLIGENCE AND APPLICATIONS,1757-5885;1469-0268,true,,
INTERNATIONAL JOURNAL OF COMPUTATIONAL INTELLIGENCE SYSTEMS,1875-6891;1875-6883,true,,
INTERNATIONAL JOURNAL OF COMPUTATIONAL METHODS,1793-6969;0219-8762,true,,
INTERNATIONAL JOURNAL OF COMPUTATIONAL SCIENCE AND ENGINEERING,1742-7193;1742-7185,true,,
INTERNATIONAL JOURNAL OF COMPUTER-ASSISTED LANGUAGE LEARNING AND TEACHING,2155-7101;2155-7098,true,,
INTERNATIONAL JOURNAL OF COMPUTER MATHEMATICS,1029-0265;0020-7160,true,,
"INTERNATIONAL JOURNAL OF COMPUTERS, COMMUNICATIONS AND CONTROL",1841-9844;1841-9836,true,,
INTERNATIONAL JOURNAL OF CONTROL,1366-5820;0020-7179,true,,
INTERNATIONAL JOURNAL OF COOPERATIVE INFORMATION SYSTEMS,1793-6365;0218-8430,true,,
INTERNATIONAL JOURNAL OF CORROSION,1687-9333;1687-9325,true,,
INTERNATIONAL JOURNAL OF CRASHWORTHINESS,1754-2111;1358-8265;1573-8965,true,,
INTERNATIONAL JOURNAL OF CRITICAL INFRASTRUCTURES,1741-8038;1475-3219,true,,
INTERNATIONAL JOURNAL OF CUBAN STUDIES,1756-347X;1756-3461,true,,
CONSUMER BEHAVIOR IN TOURISM AND HOSPITALITY,2752-6674;2752-6666,true,,
INTERNATIONAL JOURNAL OF DATA SCIENCE AND ANALYTICS,2364-4168;2364-415X,true,,
INTERNATIONAL JOURNAL OF DENTISTRY,1687-8736;1687-8728,true,,
INTERNATIONAL JOURNAL OF DERMATOLOGY,1365-4632;0011-9059,true,,
INTERNATIONAL JOURNAL OF DESIGN CREATIVITY AND INNOVATION,2165-0357;2165-0349,true,,
INTERNATIONAL JOURNAL OF DEVELOPMENTAL NEUROSCIENCE,1873-474X;0736-5748,true,,
INTERNATIONAL JOURNAL OF DIGITAL MULTIMEDIA BROADCASTING,1687-7586;1687-7578,true,,
"INTERNATIONAL JOURNAL OF DISABILITY, DEVELOPMENT AND EDUCATION",1465-346X;1034-912X,true,,
INTERNATIONAL JOURNAL OF DISCLOSURE AND GOVERNANCE,1746-6539;1741-3591,true,,
INTERNATIONAL JOURNAL OF DISCRIMINATION AND THE LAW,2047-9468;1358-2291,true,,
INTERNATIONAL JOURNAL OF DISTRIBUTED SENSOR NETWORKS,1550-1477;1550-1329,true,,
INTERNATIONAL JOURNAL OF E-BUSINESS RESEARCH,1548-114X;1548-1131,true,,
INTERNATIONAL JOURNAL OF E-COLLABORATION,1548-3681;1548-3673,true,,
"INTERNATIONAL JOURNAL OF EDUCATION IN MATHEMATICS, SCIENCE AND TECHNOLOGY",2147-611X,true,,
INTERNATIONAL JOURNAL OF EDUCATIONAL DEVELOPMENT,1873-4871;0738-0593,true,,
INTERNATIONAL JOURNAL OF EDUCATIONAL MANAGEMENT,1758-6518;0951-354X,true,,
INTERNATIONAL JOURNAL OF EDUCATIONAL PSYCHOLOGY,2014-3591,true,,
INTERNATIONAL JOURNAL OF ELECTRONIC GOVERNMENT RESEARCH,1548-3894;1548-3886,true,,
INTERNATIONAL JOURNAL OF ELECTRONICS,1362-3060;0020-7217,true,,
INTERNATIONAL JOURNAL OF EMERGENCY SERVICES,2047-0908;2047-0894,true,,
INTERNATIONAL JOURNAL OF EMOTIONAL EDUCATION,2073-7629,true,,
INTERNATIONAL JOURNAL OF ENDOCRINOLOGY,1687-8345;1687-8337,true,,
INTERNATIONAL JOURNAL OF ENERGY AND ENVIRONMENTAL ENGINEERING,2251-6832;2008-9163,true,,
INTERNATIONAL JOURNAL OF ENERGY SECTOR MANAGEMENT,1750-6239;1750-6220,true,,
INTERNATIONAL JOURNAL OF ENGINEERING,1025-2495;1728-1431;1728-144X;2423-7167;1735-9244,true,,
INTERNATIONAL JOURNAL OF ENGINEERING AND TECHNOLOGY INNOVATION,2226-809X;2223-5329,true,,
INTERNATIONAL JOURNAL OF ENGINEERING EDUCATION,0949-149X,true,,
INTERNATIONAL JOURNAL OF ENGLISH STUDIES,1989-6131;1578-7044,true,,
INTERNATIONAL JOURNAL OF ENTERPRISE INFORMATION SYSTEMS,1548-1123;1548-1115,true,,
INTERNATIONAL JOURNAL OF ENTREPRENEURIAL VENTURING,1742-5379;1742-5360,true,,
INTERNATIONAL JOURNAL OF ENVIRONMENT AND SUSTAINABLE DEVELOPMENT,1478-7466;1474-6778,true,,
INTERNATIONAL JOURNAL OF ENVIRONMENTAL ANALYTICAL CHEMISTRY,1029-0397;0306-7319,true,,
INTERNATIONAL JOURNAL OF ENVIRONMENTAL RESEARCH,2008-2304;1735-6865,true,,
INTERNATIONAL JOURNAL OF ENVIRONMENTAL SCIENCE AND TECHNOLOGY,1735-2630;1735-1472,true,,
THE INTERNATIONAL JOURNAL OF ESTHETIC DENTISTRY,2198-591X,true,,
INTERNATIONAL JOURNAL OF ETHICS AND SYSTEMS,2514-9377;2514-9369,true,,
INTERNATIONAL JOURNAL OF EVENT AND FESTIVAL MANAGEMENT,1758-2962;1758-2954,true,,
INTERNATIONAL JOURNAL OF EXPERIMENTAL PATHOLOGY,1365-2613;0959-9673,true,,
INTERNATIONAL JOURNAL OF FERTILITY AND STERILITY,2008-0778;2008-076X,true,,
INTERNATIONAL JOURNAL OF FINANCE AND ECONOMICS,1099-1158;1076-9307,true,,
INTERNATIONAL JOURNAL OF FINANCIAL STUDIES,2227-7072,true,,
INTERNATIONAL JOURNAL OF FLUID MECHANICS RESEARCH,2152-5110;2152-5102,true,,
INTERNATIONAL JOURNAL OF FOOD ENGINEERING,2194-5764;1556-3758,true,,
INTERNATIONAL JOURNAL OF FOOD PROPERTIES,1532-2386;1094-2912,true,,
INTERNATIONAL JOURNAL OF FOOD SCIENCE,2356-7015;2314-5765,true,,
INTERNATIONAL JOURNAL OF FOOD SCIENCE AND TECHNOLOGY,1365-2621;0950-5423,true,,
INTERNATIONAL JOURNAL OF FOREST ENGINEERING,1913-2220;1494-2119,true,,
INTERNATIONAL JOURNAL OF FRANCOPHONE STUDIES,1758-9142;1368-2679,true,,
INTERNATIONAL JOURNAL OF FRUIT SCIENCE,1553-8621;1553-8362,true,,
INTERNATIONAL JOURNAL OF FUZZY LOGIC AND INTELLIGENT SYSTEMS,2093-744X;1598-2645,true,,
INTERNATIONAL JOURNAL OF GAME-BASED LEARNING,2155-6857;2155-6849,true,,
INTERNATIONAL JOURNAL OF GAME THEORY,1432-1270;0020-7276,true,,
INTERNATIONAL JOURNAL OF GASTRONOMY AND FOOD SCIENCE,1878-4518;1878-450X,true,,
INTERNATIONAL JOURNAL OF GENERAL MEDICINE,1178-7074,true,,
INTERNATIONAL JOURNAL OF GENERAL SYSTEMS,1563-5104;0308-1079,true,,
INTERNATIONAL JOURNAL OF GENOMICS,2314-4378;2314-436X,true,,
INTERNATIONAL JOURNAL OF GEO-ENGINEERING,2198-2783;2092-9196,true,,
INTERNATIONAL JOURNAL OF GEOMETRIC METHODS IN MODERN PHYSICS,1793-6977;0219-8878,true,,
INTERNATIONAL JOURNAL OF GEOPHYSICS,1687-8868;1687-885X,true,,
INTERNATIONAL JOURNAL OF GEOSYNTHETICS AND GROUND ENGINEERING,2199-9279;2199-9260,true,,
INTERNATIONAL JOURNAL OF GEOTECHNICAL ENGINEERING,1939-7879;1938-6362,true,,
INTERNATIONAL JOURNAL OF GREEN ENERGY,1543-5083;1543-5075,true,,
INTERNATIONAL JOURNAL OF HEALTH CARE QUALITY ASSURANCE,1758-6542;0952-6862,true,,
INTERNATIONAL JOURNAL OF HEALTH PLANNING AND MANAGEMENT,1099-1751;0749-6753,true,,
INTERNATIONAL JOURNAL OF HEALTH PROMOTION AND EDUCATION,2164-9545;1463-5240,true,,
INTERNATIONAL JOURNAL OF HEALTH SCIENCES - IJHS,1658-7774;1658-3639,true,,
INTERNATIONAL JOURNAL OF SOCIAL DETERMINANTS OF HEALTH AND HEALTH SERVICES,2755-1946;2755-1938,true,,
INTERNATIONAL JOURNAL OF HEALTHCARE INFORMATION SYSTEMS AND INFORMATICS,1555-340X;1555-3396,true,,
INTERNATIONAL JOURNAL OF HEALTHCARE MANAGEMENT,2047-9719;2047-9700,true,,
INTERNATIONAL JOURNAL OF HEMATOLOGY,1865-3774;0925-5710,true,,
INTERNATIONAL JOURNAL OF HEPATOLOGY,2090-3456;2090-3448,true,,
INTERNATIONAL JOURNAL OF HOUSING MARKETS AND ANALYSIS,1753-8289;1753-8270,true,,
INTERNATIONAL JOURNAL OF HUMAN CAPITAL AND INFORMATION TECHNOLOGY PROFESSIONALS,1947-3486;1947-3478,true,,
INTERNATIONAL JOURNAL OF HUMANOID ROBOTICS,1793-6942;0219-8436,true,,
INTERNATIONAL JOURNAL OF HYPERTENSION,2090-0392;2090-0384,true,,
INTERNATIONAL JOURNAL OF HYPERTHERMIA,1464-5157;0265-6736,true,,
INTERNATIONAL JOURNAL OF IBERIAN STUDIES,1758-9150;1364-971X,true,,
INTERNATIONAL JOURNAL OF IMAGE AND DATA FUSION,1947-9832;1947-9824,true,,
INTERNATIONAL JOURNAL OF IMAGING SYSTEMS AND TECHNOLOGY,1098-1098;0899-9457,true,,
INTERNATIONAL JOURNAL OF IMMUNOPATHOLOGY AND PHARMACOLOGY,2058-7384;0394-6320,true,,
INTERNATIONAL JOURNAL OF IMPLANT DENTISTRY,2198-4034,true,,
INTERNATIONAL JOURNAL OF IMPOTENCE RESEARCH,1476-5489;0955-9930,true,,
INTERNATIONAL JOURNAL OF INDIAN CULTURE AND BUSINESS MANAGEMENT,1753-0814;1753-0806,true,,
INTERNATIONAL JOURNAL OF INDUSTRIAL ENGINEERING AND MANAGEMENT,2683-345X;2217-2661,true,,
INTERNATIONAL JOURNAL OF INFORMATION AND COMMUNICATION TECHNOLOGY EDUCATION,1550-1876;1550-1337,true,,
INTERNATIONAL JOURNAL OF INFORMATION AND LEARNING TECHNOLOGY,2056-4880;2056-4899,true,,
INTERNATIONAL JOURNAL OF INFORMATION SECURITY,1615-5270;1615-5262,true,,
INTERNATIONAL JOURNAL OF INJURY CONTROL AND SAFETY PROMOTION,1745-7319;1745-7300,true,,
INTERNATIONAL JOURNAL OF INNOVATION,2318-9975,true,,
INTERNATIONAL JOURNAL OF INNOVATION AND SUSTAINABLE DEVELOPMENT,1740-8830;1740-8822,true,,
INTERNATIONAL JOURNAL OF INNOVATION MANAGEMENT,1757-5877;1363-9196,true,,
INTERNATIONAL JOURNAL OF INTEGRATED CARE,1568-4156,true,,
INTERNATIONAL JOURNAL OF INTELLIGENT ENGINEERING INFORMATICS,1758-8723;1758-8715,true,,
INTERNATIONAL JOURNAL OF INTELLIGENT ROBOTICS AND APPLICATIONS,2366-598X;2366-5971,true,,
INTERNATIONAL JOURNAL OF INTELLIGENT TRANSPORTATION SYSTEMS RESEARCH,1348-8503;1868-8659,true,,
INTERNATIONAL JOURNAL OF INTERCULTURAL RELATIONS,1873-7552;0147-1767,true,,
INTERNATIONAL JOURNAL OF ISLAMIC ARCHITECTURE,2045-5909;2045-5895,true,,
INTERNATIONAL JOURNAL OF KNOWLEDGE-BASED DEVELOPMENT,2040-4476;2040-4468,true,,
INTERNATIONAL JOURNAL OF KNOWLEDGE AND SYSTEMS SCIENCE,1947-8216;1947-8208,true,,
INTERNATIONAL JOURNAL OF KNOWLEDGE MANAGEMENT,1548-0658;1548-0666,true,,
INTERNATIONAL JOURNAL OF LABORATORY HEMATOLOGY,1751-553X;1751-5521,true,,
"INTERNATIONAL JOURNAL OF LAW, POLICY AND THE FAMILY",1464-3707;1360-9939,true,,
INTERNATIONAL JOURNAL OF LEGAL DISCOURSE,2364-883X;2364-8821,true,,
INTERNATIONAL JOURNAL OF LIFELONG EDUCATION,1464-519X;0260-1370,true,,
INTERNATIONAL JOURNAL OF MANAGEMENT STUDIES,2232-1608;2180-2467,true,,
INTERNATIONAL JOURNAL OF MANAGERIAL AND FINANCIAL ACCOUNTING,1753-6723;1753-6715,true,,
INTERNATIONAL JOURNAL OF MANAGERIAL FINANCE,1758-6569;1743-9132,true,,
TRANSACTIONS OF THE ROYAL INSTITUTION OF NAVAL ARCHITECTS PART A: INTERNATIONALJOURNAL OF MARITIME ENGINEERING,1740-0716;1479-8751,true,,
INTERNATIONAL JOURNAL OF MASONRY RESEARCH AND INNOVATION,2056-9467;2056-9459,true,,
INTERNATIONAL JOURNAL OF MASS SPECTROMETRY,1873-2798;1387-3806,true,,
INTERNATIONAL JOURNAL OF MATERIAL FORMING,1960-6214;1960-6206,true,,
INTERNATIONAL JOURNAL OF MATHEMATICAL EDUCATION IN SCIENCE AND TECHNOLOGY,1464-5211;0020-739X,true,,
"INTERNATIONAL JOURNAL OF MATHEMATICAL, ENGINEERING AND MANAGEMENT SCIENCES",2455-7749,true,,
INTERNATIONAL JOURNAL OF MATHEMATICS AND MATHEMATICAL SCIENCES,1687-0425;0161-1712,true,,
INTERNATIONAL JOURNAL OF MECHANICAL ENGINEERING EDUCATION,2050-4586;0306-4190,true,,
INTERNATIONAL JOURNAL OF MENTAL HEALTH SYSTEMS,1752-4458,true,,
INTERNATIONAL JOURNAL OF MENTORING AND COACHING IN EDUCATION,2046-6854;2046-6862,true,,
INTERNATIONAL JOURNAL OF METALCASTING,2163-3193;1939-5981,true,,
INTERNATIONAL JOURNAL OF MICRO AIR VEHICLES,1756-8307;1756-8293,true,,
INTERNATIONAL JOURNAL OF MICROBIOLOGY,1687-9198;1687-918X,true,,
INTERNATIONAL JOURNAL OF MICROWAVE AND WIRELESS TECHNOLOGIES,1759-0795;1759-0787,true,,
INTERNATIONAL JOURNAL OF MOBILE AND BLENDED LEARNING,1941-8655;1941-8647,true,,
INTERNATIONAL JOURNAL OF MOBILE HUMAN COMPUTER INTERACTION,1942-3918;1942-390X,true,,
"INTERNATIONAL JOURNAL OF MODELING, SIMULATION, AND SCIENTIFIC COMPUTING",1793-9623;1793-9615,true,,
"INTERNATIONAL JOURNAL OF MODELLING, IDENTIFICATION AND CONTROL",1746-6180;1746-6172,true,,
INTERNATIONAL JOURNAL OF MODERN PHYSICS B,1793-6578;0217-9792,true,,
INTERNATIONAL JOURNAL OF MODERN PHYSICS D,1793-6594;0218-2718,true,,
INTERNATIONAL JOURNAL OF MOLECULAR AND CELLULAR MEDICINE,2251-9645;2251-9637,true,,
INTERNATIONAL JOURNAL OF MULTICULTURAL EDUCATION,1934-5267,true,,
INTERNATIONAL JOURNAL OF NEPHROLOGY AND RENOVASCULAR DISEASE,1178-7058,true,,
INTERNATIONAL JOURNAL OF NETWORK MANAGEMENT,1099-1190;1055-7148,true,,
INTERNATIONAL JOURNAL OF NEUROSCIENCE,1563-5279;0020-7454,true,,
INTERNATIONAL JOURNAL OF NONLINEAR SCIENCES AND NUMERICAL SIMULATION,2191-0294;1565-1339,true,,
"INTERNATIONAL JOURNAL OF NUMERICAL MODELLING: ELECTRONIC NETWORKS, DEVICES AND FIELDS",1099-1204;0894-3370,true,,
INTERNATIONAL JOURNAL OF NURSING KNOWLEDGE,2047-3095;2047-3087,true,,
INTERNATIONAL JOURNAL OF OCCUPATIONAL MEDICINE AND ENVIRONMENTAL HEALTH,1896-494X;1232-1087,true,,
INTERNATIONAL JOURNAL OF OFFENDER THERAPY AND COMPARATIVE CRIMINOLOGY,1552-6933;0306-624X,true,,
INTERNATIONAL JOURNAL OF OLDER PEOPLE NURSING,1748-3743;1748-3735,true,,
INTERNATIONAL JOURNAL OF OPHTHALMOLOGY,2227-4898;2222-3959,true,,
INTERNATIONAL JOURNAL OF OPTIMIZATION AND CONTROL - THEORIES & APPLICATIONS - IJOCTA,2146-5703;2146-0957,true,,
INTERNATIONAL JOURNAL OF ORGANIZATIONAL ANALYSIS,1758-8561;1934-8835,true,,
INTERNATIONAL JOURNAL OF ORTHOPAEDIC AND TRAUMA NURSING,1878-1292;1878-1241,true,,
INTERNATIONAL JOURNAL OF OSTEOPATHIC MEDICINE,1878-0164;1746-0689,true,,
INTERNATIONAL JOURNAL OF PALEOPATHOLOGY,1879-9825;1879-9817,true,,
INTERNATIONAL JOURNAL OF PALLIATIVE NURSING,1357-6321,true,,
"INTERNATIONAL JOURNAL OF PARALLEL, EMERGENT AND DISTRIBUTED SYSTEMS",1744-5779;1744-5760,true,,
INTERNATIONAL JOURNAL OF PARALLEL PROGRAMMING,1573-7640;0885-7458,true,,
INTERNATIONAL JOURNAL OF PATTERN RECOGNITION AND ARTIFICIAL INTELLIGENCE,1793-6381;0218-0014,true,,
INTERNATIONAL JOURNAL OF PEDIATRIC OTORHINOLARYNGOLOGY,1872-8464;0165-5876,true,,
INTERNATIONAL JOURNAL OF PEDIATRICS (UNITED KINGDOM),1687-9759;1687-9740,true,,
INTERNATIONAL JOURNAL OF PERIODONTICS AND RESTORATIVE DENTISTRY,1945-3388;0198-7569,true,,
INTERNATIONAL JOURNAL OF PEST MANAGEMENT,1366-5863;0967-0874,true,,
INTERNATIONAL JOURNAL OF PHILOSOPHY AND THEOLOGY,2169-2335;2169-2327,true,,
INTERNATIONAL JOURNAL OF PHOTOENERGY,1687-529X;1110-662X,true,,
INTERNATIONAL JOURNAL OF PHYSICAL MODELLING IN GEOTECHNICS,2042-6550;1346-213X,true,,
INTERNATIONAL JOURNAL OF PHYTOREMEDIATION,1549-7879;1522-6514,true,,
INTERNATIONAL JOURNAL OF PLAY,2159-4937;2159-4953,true,,
INTERNATIONAL JOURNAL OF POLITICAL ECONOMY,1558-0970;0891-1916,true,,
"INTERNATIONAL JOURNAL OF POLITICS, CULTURE AND SOCIETY",1573-3416;0891-4486,true,,
INTERNATIONAL JOURNAL OF POLYMER ANALYSIS AND CHARACTERIZATION,1563-5341;1023-666X,true,,
INTERNATIONAL JOURNAL OF POLYMER SCIENCE,1687-9430;1687-9422,true,,
INTERNATIONAL JOURNAL OF PRACTICAL THEOLOGY,1612-9768;1430-6921,true,,
INTERNATIONAL JOURNAL OF PRECISION ENGINEERING AND MANUFACTURING,2234-7593,true,,
INTERNATIONAL JOURNAL OF PRESSURE VESSELS AND PIPING,1879-3541;0308-0161,true,,
INTERNATIONAL JOURNAL OF PRISONER HEALTH,1744-9219;1744-9200,true,,
INTERNATIONAL JOURNAL OF PROGNOSTICS AND HEALTH MANAGEMENT,2153-2648,true,,
INTERNATIONAL JOURNAL OF PROSTHODONTICS,1942-4426;0893-2174;1139-9791,true,,
INTERNATIONAL JOURNAL OF PROTECTIVE STRUCTURES,2041-420X;2041-4196,true,,
INTERNATIONAL JOURNAL OF PSYCHIATRY IN CLINICAL PRACTICE,1471-1788;1365-1501,true,,
INTERNATIONAL JOURNAL OF PSYCHOLOGY,1464-066X;0020-7594,true,,
INTERNATIONAL JOURNAL OF PUBLIC LEADERSHIP,2056-4929;2056-4937,true,,
INTERNATIONAL JOURNAL OF QUALITATIVE STUDIES IN EDUCATION,1366-5898;0951-8398,true,,
INTERNATIONAL JOURNAL OF QUANTUM CHEMISTRY,1097-461X;0020-7608,true,,
INTERNATIONAL JOURNAL OF RADIATION BIOLOGY,1362-3095;0955-3002,true,,
INTERNATIONAL JOURNAL OF RECONFIGURABLE COMPUTING,1687-7209;1687-7195,true,,
INTERNATIONAL JOURNAL OF RECYCLING OF ORGANIC WASTE IN AGRICULTURE,2195-3228;2251-7715,true,,
INTERNATIONAL JOURNAL OF RENEWABLE ENERGY RESEARCH,1309-0127,true,,
INTERNATIONAL JOURNAL OF REPRODUCTIVE BIOMEDICINE,2476-4108;2476-3772,true,,
INTERNATIONAL JOURNAL OF RESEARCH IN UNDERGRADUATE MATHEMATICS EDUCATION,2198-9745;2198-9753,true,,
INTERNATIONAL JOURNAL OF RETINA AND VITREOUS,2056-9920,true,,
INTERNATIONAL JOURNAL OF RF AND MICROWAVE COMPUTER-AIDED ENGINEERING,1099-047X;1096-4290,true,,
INTERNATIONAL JOURNAL OF RF TECHNOLOGIES - RESEARCH AND APPLICATIONS,1754-5749;1754-5730,true,,
INTERNATIONAL JOURNAL OF RHEUMATIC DISEASES,1756-185X;1756-1841,true,,
INTERNATIONAL JOURNAL OF RHEUMATOLOGY,1687-9279;1687-9260,true,,
INTERNATIONAL JOURNAL OF RISK AND SAFETY IN MEDICINE,1878-6847;0924-6479,true,,
INTERNATIONAL JOURNAL OF RIVER BASIN MANAGEMENT,1814-2060;1571-5124,true,,
INTERNATIONAL JOURNAL OF SELECTION AND ASSESSMENT,1468-2389;0965-075X,true,,
INTERNATIONAL JOURNAL OF SEXUAL HEALTH,1931-762X;1931-7611,true,,
INTERNATIONAL JOURNAL OF SHIPPING AND TRANSPORT LOGISTICS,1756-6525;1756-6517,true,,
INTERNATIONAL JOURNAL OF SOCIAL ECONOMICS,1758-6712;0306-8293,true,,
INTERNATIONAL JOURNAL OF SOCIAL PSYCHOLOGY,1579-3680;0213-4748,true,,
INTERNATIONAL JOURNAL OF SOFTWARE ENGINEERING AND KNOWLEDGE ENGINEERING,1793-6403;0218-1940,true,,
INTERNATIONAL JOURNAL OF SOFTWARE SCIENCE AND COMPUTATIONAL INTELLIGENCE - IJSSCI,1942-9045;1942-9037,true,,
INTERNATIONAL JOURNAL OF SPATIAL DATA INFRASTRUCTURES RESEARCH,1725-0463,true,,
INTERNATIONAL JOURNAL OF SPELEOLOGY,1827-806X;0392-6672,true,,
INTERNATIONAL JOURNAL OF SPORT FINANCE,1930-076X;1558-6235,true,,
INTERNATIONAL JOURNAL OF SPORT POLICY AND POLITICS,1940-6959;1940-6940,true,,
INTERNATIONAL JOURNAL OF SPORTS PHYSICAL THERAPY,2159-2896,true,,
INTERNATIONAL JOURNAL OF STEEL STRUCTURES,2093-6311;1598-2351,true,,
INTERNATIONAL JOURNAL OF STRATEGIC PROPERTY MANAGEMENT,1648-9179;1648-715X,true,,
INTERNATIONAL JOURNAL OF STRUCTURAL INTEGRITY,1757-9872;1757-9864,true,,
INTERNATIONAL JOURNAL OF SURFACE SCIENCE AND ENGINEERING,1749-7868;1749-785X,true,,
INTERNATIONAL JOURNAL OF SUSTAINABLE AGRICULTURAL MANAGEMENT AND INFORMATICS,2054-5827;2054-5819,true,,
INTERNATIONAL JOURNAL OF SUSTAINABLE ENERGY,1478-646X;1478-6451,true,,
INTERNATIONAL JOURNAL OF SWARM INTELLIGENCE RESEARCH,1947-9271;1947-9263,true,,
INTERNATIONAL JOURNAL OF SYSTEM DYNAMICS APPLICATIONS,2160-9799;2160-9772,true,,
INTERNATIONAL JOURNAL OF TECHNOETHICS,1947-346X;1947-3451,true,,
INTERNATIONAL JOURNAL OF TECHNOLOGY AND HUMAN INTERACTION,1548-3916;1548-3908,true,,
INTERNATIONAL JOURNAL OF TECHNOLOGY ASSESSMENT IN HEALTH CARE,1471-6348;0266-4623,true,,
INTERNATIONAL JOURNAL OF TECHNOLOGY MANAGEMENT,1741-5276;0267-5730,true,,
INTERNATIONAL JOURNAL OF THE ECONOMICS OF BUSINESS,1466-1829;1357-1516,true,,
INTERNATIONAL JOURNAL OF THE LEGAL PROFESSION,1469-9257;0969-5958,true,,
INTERNATIONAL JOURNAL OF THE PLATONIC TRADITION,1872-5473;1872-5082,true,,
INTERNATIONAL JOURNAL OF THEORETICAL PHYSICS,1572-9575;0020-7748,true,,
INTERNATIONAL JOURNAL OF THERMOPHYSICS,1572-9567;0195-928X,true,,
INTERNATIONAL JOURNAL OF TRAINING RESEARCH,2204-0544;1448-0220,true,,
INTERNATIONAL JOURNAL OF TUBERCULOSIS AND LUNG DISEASE,1815-7920;1027-3719,true,,
INTERNATIONAL JOURNAL OF TURBO AND JET ENGINES,2191-0332;0334-0082,true,,
"INTERNATIONAL JOURNAL OF TURBOMACHINERY, PROPULSION AND POWER",2504-186X,true,,
"INTERNATIONAL JOURNAL OF UNCERTAINTY, FUZZINESS AND KNOWLEGE-BASED SYSTEMS",1793-6411;0218-4885,true,,
INTERNATIONAL JOURNAL OF VASCULAR MEDICINE,2090-2832;2090-2824,true,,
INTERNATIONAL JOURNAL OF VEHICLE DESIGN,1741-5314;0143-3369,true,,
INTERNATIONAL JOURNAL OF VENTILATION,2044-4044;1473-3315,true,,
INTERNATIONAL JOURNAL OF WOMEN'S HEALTH,1179-1411,true,,
INTERNATIONAL JOURNAL OF WOMEN'S HEALTH AND REPRODUCTION SCIENCES,2330-4456,true,,
INTERNATIONAL JOURNAL OF WORKPLACE HEALTH MANAGEMENT,1753-836X;1753-8351,true,,
INTERNATIONAL JOURNAL OF YOGA,2231-2714;0973-6131,true,,
INTERNATIONAL JOURNAL ON ARTIFICIAL INTELLIGENCE TOOLS,1793-6349;0218-2130,true,,
INTERNATIONAL JOURNAL ON SOFTWARE TOOLS FOR TECHNOLOGY TRANSFER,1433-2787;1433-2779,true,,
INTERNATIONAL LABOUR REVIEW,1564-913X;0020-7780,true,,
INTERNATIONAL MARITIME HEALTH,2081-3252;1641-9251,true,,
INTERNATIONAL MICROBIOLOGY,1618-1905;1139-6709,true,,
INTERNATIONAL NEGOTIATION - A JOURNAL OF THEORY AND PRACTICE,1571-8069;1382-340X,true,,
INTERNATIONAL NEUROUROLOGY JOURNAL,2093-6931;2093-4777,true,,
INTERNATIONAL OPHTHALMOLOGY,1573-2630;0165-5701,true,,
INTERNATIONAL ORGANIZATIONS LAW REVIEW,1572-3747;1572-3739,true,,
INTERNATIONAL POLITICS,1740-3898;1384-5748,true,,
INTERNATIONAL RESEARCH IN CHILDREN'S LITERATURE,1755-6201;1755-6198,true,,
INTERNATIONAL REVIEW FOR SPATIAL PLANNING AND SUSTAINABLE DEVELOPMENT,2187-3666,true,,
INTERNATIONAL REVIEW OF APPLIED ECONOMICS,1465-3486;0269-2171,true,,
INTERNATIONAL REVIEW OF ECONOMICS EDUCATION,2352-4421;1477-3880,true,,
INTERNATIONAL REVIEW OF ENTREPRENEURSHIP,2009-2822,true,,
INTERNATIONAL REVIEW OF FINANCE,1468-2443;1369-412X,true,,
INTERNATIONAL REVIEW OF HYDROBIOLOGY,1522-2632;1434-2944,true,,
INTERNATIONAL REVIEW OF LAW AND ECONOMICS,1873-6394;0144-8188,true,,
INTERNATIONAL REVIEW OF SOCIOLOGY - REVUE INTERNATIONALE DE SOCIOLOGIE,1469-9273;0390-6701,true,,
INTERNATIONAL REVIEW ON PUBLIC AND NONPROFIT MARKETING,1865-1992;1865-1984,true,,
INTERNATIONAL SHIPBUILDING PROGRESS,1566-2829;0020-868X,true,,
INTERNATIONAL SOCIAL SECURITY REVIEW,1468-246X;0020-871X,true,,
INTERNATIONAL SPECTATOR,1751-9721;0393-2729,true,,
INTERNATIONAL SPORTS LAW JOURNAL,2213-5154;1567-7559,true,,
INTERNATIONAL SPORTS STUDIES,1443-0770,true,,
INTERNATIONAL STUDIES IN SOCIOLOGY OF EDUCATION,1747-5066;0962-0214,true,,
INTERNATIONAL STUDIES OF MANAGEMENT AND ORGANIZATION,1558-0911;0020-8825,true,,
INTERNATIONAL TAX AND PUBLIC FINANCE,1573-6970;0927-5940,true,,
INTERNATIONAL TRANSACTIONS ON ELECTRICAL ENERGY SYSTEMS,2050-7038,true,,
INTERNATIONAL UROGYNECOLOGY JOURNAL AND PELVIC FLOOR DYSFUNCTION,1433-3023;0937-3462,true,,
INTERNATIONAL UROLOGY AND NEPHROLOGY,1573-2584;0301-1623,true,,
INTERNATIONAL WOOD PRODUCTS JOURNAL,2042-6453;2042-6445,true,,
INTERNATIONALES ARCHIV FUER SOZIALGESCHICHTE DER DEUTSCHEN LITERATUR,1865-9128;0340-4528,true,,
INTERNET TECHNOLOGY LETTERS,2476-1508,true,,
INTERPRETATION - A JOURNAL OF BIBLE AND THEOLOGY,2159-340X;0020-9643,true,,
INTERPRETATION - A JOURNAL OF SUBSURFACE CHARACTERIZATION,2324-8866;2324-8858,true,,
INTERSECCIONES EN ANTROPOLOGIA,1850-373X;1666-2105,true,,
INTERSECTIONALITIES - A GLOBAL JOURNAL OF SOCIAL WORK ANALYSIS RESEARCH POLITY AND PRACTICE,1925-1270,true,,
INTERTAX,1875-8347;0165-2826,true,,
INTERVENTION IN SCHOOL AND CLINIC,1538-4810;1053-4512,true,,
INTERVENTIONAL NEURORADIOLOGY,2385-2011;1591-0199,true,,
INTESTINAL RESEARCH,1598-9100;2288-1956,true,,
INTRACTABLE AND RARE DISEASES RESEARCH,2186-3644;2186-361X,true,,
INVASIVE PLANT SCIENCE AND MANAGEMENT,1939-747X;1939-7291,true,,
INVERSE PROBLEMS AND IMAGING,1930-8345;1930-8337,true,,
INVERTEBRATE BIOLOGY,1744-7410;1077-8306,true,,
INVERTEBRATE REPRODUCTION AND DEVELOPMENT,2157-0272;0792-4259,true,,
INVESTIGACIONES REGIONALES - JOURNAL OF REGIONAL RESEARCH,2340-2717;1695-7253,true,,
INVESTIGATIVE AND CLINICAL UROLOGY,2466-054X;2466-0493,true,,
IRAN AND THE CAUCASUS,1573-384X;1609-8498,true,,
IRANIAN JOURNAL OF APPLIED ANIMAL SCIENCE,2251-631X;2251-628X,true,,
IRANIAN JOURNAL OF BASIC MEDICAL SCIENCES,2008-3874;2008-3866,true,,
IRANIAN JOURNAL OF CHEMISTRY & CHEMICAL ENGINEERING - INTERNATIONAL ENGLISH EDITION,1021-9986,true,,
IRANIAN JOURNAL OF EARTH SCIENCES,2228-785X;2008-8779,true,,
IRANIAN JOURNAL OF FISHERIES SCIENCES,1562-2916,true,,
IRANIAN JOURNAL OF LANGUAGE TEACHING RESEARCH,2322-1291,true,,
IRANIAN JOURNAL OF NURSING AND MIDWIFERY RESEARCH,2228-5504;1735-9066,true,,
IRANIAN JOURNAL OF PHARMACEUTICAL RESEARCH,1726-6882;1735-0328;1726-6890,true,,
IRANIAN JOURNAL OF PUBLIC HEALTH,2251-6093;2251-6085,true,,
IRANIAN JOURNAL OF SCIENCE AND TECHNOLOGY - TRANSACTIONS OF CIVIL ENGINEERING,2364-1843;2228-6160,true,,
IRANIAN JOURNAL OF SCIENCE AND TECHNOLOGY - TRANSACTIONS OF ELECTRICAL ENGINEERING,2364-1827;2228-6179,true,,
IRANIAN JOURNAL OF SCIENCE AND TECHNOLOGY - TRANSACTIONS OF MECHANICAL ENGINEERING,2364-1835;2228-6187,true,,
IRANIAN JOURNAL OF VETERINARY RESEARCH,2252-0589;1728-1997,true,,
IRANIAN POLYMER JOURNAL (ENGLISH EDITION),1735-5265;1026-1265,true,,
IRAQI JOURNAL OF AGRICULTURAL SCIENCES,2410-0862;0075-0530,true,,
IRISH EDUCATIONAL STUDIES,1747-4965;0332-3315,true,,
IRISH JOURNAL OF AGRICULTURAL AND FOOD RESEARCH,2009-9029;0791-6833,true,,
IRISH JOURNAL OF MEDICAL SCIENCE,1863-4362;0021-1265,true,,
IRISH POLITICAL STUDIES,1743-9078;0790-7184,true,,
IRISH STUDIES REVIEW,1469-9303;0967-0882,true,,
IRISH THEOLOGICAL QUARTERLY,1752-4989;0021-1400,true,,
IRONMAKING AND STEELMAKING,1743-2812;0301-9233,true,,
IRRIGATION AND DRAINAGE,1531-0361;1531-0353,true,,
ISEGORIA,1988-8376;1130-2097,true,,
ISIJ INTERNATIONAL,1347-5460;0915-1559,true,,
ISIS,1545-6994;0021-1753,true,,
ISJ - INVERTEBRATE SURVIVAL JOURNAL,1824-307X,true,,
ISLAM - ZEITSCHRIFT FUR GESCHICHTE UND KULTUR DES ISLAMISCHEN ORIENTS,1613-0928;0021-1818,true,,
ISLAMIC AFRICA,2154-0993,true,,
ISLAMIYYAT - THE INTERNATIONAL JOURNAL OF ISLAMIC STUDIES,0126-5636,true,,
ISLETS,1938-2022;1938-2014,true,,
ISRA INTERNATIONAL JOURNAL OF ISLAMIC FINANCE,2289-4365;0128-1976,true,,
ISRAEL EXPLORATION JOURNAL,0021-2059,true,,
ISRAEL JOURNAL OF ECOLOGY AND EVOLUTION,2224-4662;1565-9801,true,,
ISRAEL JOURNAL OF HEALTH POLICY RESEARCH,2045-4015,true,,
ISRAEL JOURNAL OF MATHEMATICS,1565-8511;0021-2172,true,,
ISRAEL JOURNAL OF PLANT SCIENCES,2223-8980;0792-9978,true,,
ISRAEL LAW REVIEW,2047-9336;0021-2237,true,,
ISRAEL MEDICAL ASSOCIATION JOURNAL,1565-1088,true,,
ISRAEL STUDIES REVIEW,2159-0389;2159-0370,true,,
ISSUES IN EDUCATIONAL RESEARCH,1837-6290,true,,
ISSUES IN LAW AND MEDICINE,2377-6463;8756-8160,true,,
ISSUES IN MENTAL HEALTH NURSING,1096-4673;0161-2840,true,,
IT PROFESSIONAL,1941-045X;1520-9202,true,,
ITALIAN ECONOMIC JOURNAL,2199-3238;2199-322X,true,,
ITALIAN JOURNAL OF DERMATOLOGY AND VENEREOLOGY,2784-8671;2784-8450,true,,
ITALIAN JOURNAL OF GEOSCIENCES,2038-1727;2038-1719,true,,
ITALIAN JOURNAL OF LINGUISTICS,2499-8125;2499-8117,true,,
ITALIAN JOURNAL OF PLANNING PRACTICE,2239-267X,true,,
ITALIAN POLITICAL SCIENCE REVIEW - RIVISTA ITALIANA DI SCIENZA POLITICA,2057-4908;0048-8402,true,,
ITALIAN STUDIES,1748-6181;0075-1634,true,,
ITINERARIOS - REVISTA DE LITERATURA,0103-815X,true,,
IUBMB LIFE,1521-6551;1521-6543,true,,
IUS CANONICUM,2254-6219;0021-325X,true,,
IUS HUMANI - REVISTA DE DERECHO,1390-7794;1390-440X,true,,
IZA JOURNAL OF LABOR POLICY,2193-9004,true,,
IZVESTIYA - PHYSICS OF THE SOLID EARTH,1555-6506;1069-3513,true,,
IZVESTIYA - ATMOSPHERIC AND OCEAN PHYSICS,1555-628X;0001-4338,true,,
IZVESTIYA VYSSHIKH UCHEBNYKH ZAVEDENIY - PRIKLADNAYA NELINEYNAYA DINAMIKA|ИЗВЕСТИЯ ВЫСШИХ УЧЕБНЫХ ЗАВЕДЕНИЙ. ПРИКЛАДНАЯ НЕЛИНЕЙНАЯ ДИНАМИКА,2542-1905;0869-6632,true,,
JAAPA - JOURNAL OF THE AMERICAN ACADEMY OF PHYSICIAN ASSISTANTS,0893-7400;1547-1896,true,,
JAHRBUCHER FÜR GESCHICHTE OSTEUROPAS,0021-4019,true,,
JAIDS - JOURNAL OF ACQUIRED IMMUNE DEFICIENCY SYNDROMES,1077-9450;1525-4135,true,,
JAMBA - JOURNAL OF DISASTER RISK STUDIES,2072-845X;1996-1421,true,,
JANAC - JOURNAL OF THE ASSOCIATION OF NURSES IN AIDS CARE,1552-6917;1055-3290,true,,
JAPAN AND THE WORLD ECONOMY,1879-2006;0922-1425,true,,
JAPAN ARCHITECTURAL REVIEW,2475-8876,true,,
JAPAN JOURNAL OF NURSING SCIENCE,1742-7932;1742-7924,true,,
JAPANESE JOURNAL OF APPLIED PHYSICS,1347-4065;0021-4922,true,,
JAPANESE JOURNAL OF INFECTIOUS DISEASES,1884-2836;1344-6304,true,,
JAPANESE JOURNAL OF OPHTHALMOLOGY,1613-2246;0021-5155,true,,
JAPANESE JOURNAL OF POLITICAL SCIENCE,1474-0060;1468-1099,true,,
JAPANESE JOURNAL OF RADIOLOGY,1867-108X;1867-1071,true,,
JAPANESE PSYCHOLOGICAL RESEARCH,1468-5884;0021-5368,true,,
JAPANESE STUDIES,1469-9338;1037-1397,true,,
JAVMA - JOURNAL OF THE AMERICAN VETERINARY MEDICAL ASSOCIATION,1943-569X;0003-1488,true,,
JBI EVIDENCE SYNTHESIS,2689-8381,true,,
JBJS REVIEWS,2329-9185,true,,
JBMR PLUS,2473-4039,true,,
JCO GLOBAL ONCOLOGY,2687-8941,true,,
JCO PRECISION ONCOLOGY,2473-4284,true,,
JOURNAL OF THE COLLEGE OF PHYSICIANS AND SURGEONS - - PAKISTAN : JCPSP,1681-7168;1022-386X,true,,
JCR - JOURNAL OF CLINICAL RHEUMATOLOGY,1536-7355;1076-1608,true,,
"JEUNESSE: YOUNG PEOPLE, TEXTS, CULTURES",1920-261X;1920-2601,true,,
JEWISH FILM & NEW MEDIA - AN INTERNATIONAL JOURNAL,2169-0332;2169-0324,true,,
THE JEWISH QUARTERLY REVIEW,1553-0604;0021-6682,true,,
JEWISH SOCIAL STUDIES,1527-2028;0021-6704,true,,
JEZIKOSLOVLJE,1848-9001;1331-7202,true,,
JMIR AGING,2561-7605,true,,
JMIR HUMAN FACTORS,2292-9495,true,,
JMIR MEDICAL INFORMATICS,2291-9694,true,,
JMIR PEDIATRICS AND PARENTING,2561-6722,true,,
JMIR RESEARCH PROTOCOLS,1929-0748,true,,
JNCI CANCER SPECTRUM,2515-5091,true,,
JNT - JOURNAL OF NARRATIVE THEORY,1548-9248;1549-0815,true,,
JOINT COMMISSION JOURNAL ON QUALITY AND PATIENT SAFETY,1938-131X;1553-7250,true,,
JOINT DISEASES AND RELATED SURGERY,2687-4792;2687-4784,true,,
JOM,1543-1851;1047-4838,true,,
JORNAL BRASILEIRO DE NEFROLOGIA : ORGÃO OFICIAL DE SOCIEDADES BRASILEIRA E LATINO-AMERICANA DE NEFROLOGIA,0101-2800;2175-8239,true,,
JORNAL BRASILEIRO DE REPRODUCAO ASSISTIDA,1518-0557;1517-5693,true,,
JOURNAL D'ANALYSE MATHEMATIQUE,1565-8538;0021-7670,true,,
JOURNAL DE MYCOLOGIE MEDICALE,1773-0449;1156-5233,true,,
JOURNAL FOR EIGHTEENTH-CENTURY STUDIES,1754-0194;1754-0208,true,,
JOURNAL FOR EUROPEAN ENVIRONMENTAL AND PLANNING LAW,1876-0104;1613-7272,true,,
JOURNAL FOR GENERAL PHILOSOPHY OF SCIENCE,0925-4560,true,,
JOURNAL FOR INTERNATIONAL BUSINESS AND ENTREPRENEURSHIP DEVELOPMENT,1747-6763;1549-9324,true,,
JOURNAL FOR LABOUR MARKET RESEARCH,2510-5027;2510-5019,true,,
JOURNAL FOR PEACE AND NUCLEAR DISARMAMENT,2575-1654,true,,
JOURNAL FOR SPECIALISTS IN GROUP WORK,1549-6295;0193-3922,true,,
JOURNAL FOR SPECIALISTS IN PEDIATRIC NURSING : JSPN,1744-6155;1539-0136,true,,
JOURNAL FOR THE ACADEMIC STUDY OF RELIGION,2047-7058;2047-704X,true,,
JOURNAL FOR THE EDUCATION OF THE GIFTED,2162-9501;0162-3532,true,,
JOURNAL FOR THE HISTORY OF ASTRONOMY,1753-8556;0021-8286,true,,
JOURNAL FOR THE STUDY OF JUDAISM,1570-0631;0047-2212,true,,
JOURNAL FOR THE STUDY OF PAUL AND HIS LETTERS,2576-7941;2159-2063,true,,
"JOURNAL FOR THE STUDY OF RELIGION, NATURE AND CULTURE",1749-4915;1749-4907,true,,
JOURNAL FOR THE STUDY OF THE NEW TESTAMENT,1745-5294;0142-064X,true,,
JOURNAL FOR THE STUDY OF THE OLD TESTAMENT,1476-6728;0309-0892,true,,
JOURNAL FÜR MATHEMATIK - DIDAKTIK,1869-2699;0173-5322,true,,
JOURNAL OF APPLIED SECURITY RESEARCH,1936-1629;1936-1610,true,,
JOURNAL OF AAPOS,1528-3933;1091-8531,true,,
JOURNAL OF ACCOUNTING AND ORGANIZATIONAL CHANGE,1839-5473;1832-5912,true,,
"JOURNAL OF ACCOUNTING, AUDITING AND FINANCE",2160-4061;0148-558X,true,,
JAMS JOURNAL OF ACUPUNCTURE AND MERIDIAN STUDIES,2093-8152;2005-2901,true,,
JOURNAL OF ADDICTIONS NURSING,1548-7148;1088-4602,true,,
JOURNAL OF ADDICTIVE DISEASES,1545-0848;1055-0887,true,,
JOURNAL OF ADHESION,1545-5823;0021-8464;1563-518X,true,,
JOURNAL OF ADHESION SCIENCE AND TECHNOLOGY,1568-5616;0169-4243,true,,
JOURNAL OF ADOLESCENT AND ADULT LITERACY,1936-2706;1081-3004,true,,
JOURNAL OF ADOLESCENT RESEARCH,1552-6895;0743-5584,true,,
JOURNAL OF ADULT AND CONTINUING EDUCATION,1479-7194;1477-9714,true,,
JOURNAL OF ADULT DEVELOPMENT,1573-3440;1068-0667,true,,
THE JOURNAL OF ADULT PROTECTION,2042-8669;1466-8203,true,,
JOURNAL OF ADVANCED CONCRETE TECHNOLOGY,1347-3913;1346-8014,true,,
JOURNAL OF ADVANCED DIELECTRICS,2010-1368;2010-135X,true,,
JOURNAL OF ADVANCED JOINING PROCESSES,2666-3309,false,2024-07-11,removed from the White List
JOURNAL OF ADVANCED MANUFACTURING SYSTEMS,1793-6896;0219-6867,true,,
JOURNAL OF ADVANCED PROSTHODONTICS,2005-7814;2005-7806,true,,
JOURNAL OF ADVANCED VETERINARY AND ANIMAL RESEARCH,2311-7710,true,,
JOURNAL OF ADVENTURE EDUCATION AND OUTDOOR LEARNING,1754-0402;1472-9679,true,,
JOURNAL OF AEROSOL MEDICINE AND PULMONARY DRUG DELIVERY,1941-2703;1941-2711,true,,
JOURNAL OF AEROSPACE ENGINEERING,1943-5525;0893-1321,true,,
JOURNAL OF AEROSPACE INFORMATION SYSTEMS,2327-3097,true,,
JOURNAL OF AESTHETIC EDUCATION,1543-7809;0021-8510,true,,
JOURNAL OF AFRICAN AMERICAN STUDIES,1936-4741;1559-1646,true,,
JOURNAL OF AFRICAN EARTH SCIENCES,1879-1956;1464-343X,true,,
JOURNAL OF AFRICAN LANGUAGES AND LINGUISTICS,1613-3811;0167-6164,true,,
JOURNAL OF AFRICANA RELIGIONS,2165-5413;2165-5405,true,,
"JOURNAL OF AGGRESSION, MALTREATMENT AND TRAUMA",1545-083X;1092-6771,true,,
JOURNAL OF AGING AND HEALTH,1552-6887;0898-2643,true,,
JOURNAL OF AGING AND PHYSICAL ACTIVITY,1543-267X;1063-8652,true,,
JOURNAL OF AGING RESEARCH,2090-2212;2090-2204,true,,
JOURNAL OF AGRICULTURAL AND ENVIRONMENTAL ETHICS,1573-322X;1187-7863,true,,
JOURNAL OF AGRICULTURAL AND FOOD INFORMATION,1540-4722;1049-6505,true,,
JOURNAL OF AGRICULTURAL AND RESOURCE ECONOMICS,2327-8285;1068-5502,true,,
JOURNAL OF AGRICULTURAL ENGINEERING,2239-6268;1974-7071,true,,
JOURNAL OF AGRICULTURAL SCIENCES - SRI LANKA,2386-1363;1391-9318,true,,
JOURNAL OF AGRICULTURAL SCIENCES - TARIM BILIMLERI DERGISI,2148-9297;1300-7580,true,,
JOURNAL OF AGRICULTURE AND ENVIRONMENT FOR INTERNATIONAL DEVELOPMENT,1590-7198;2240-2802,true,,
JOURNAL OF AGRICULTURE AND FOOD RESEARCH,2666-1543,false,2024-07-11,removed from the White List
JOURNAL OF AGROMEDICINE,1545-0813;1059-924X,true,,
JOURNAL OF ALGEBRA,1090-266X;0021-8693,true,,
JOURNAL OF ALGEBRA AND ITS APPLICATIONS,1793-6829;0219-4988,true,,
JOURNAL OF ALGEBRAIC COMBINATORICS,1572-9192;0925-9899,true,,
JOURNAL OF ALGORITHMS AND COMPUTATIONAL TECHNOLOGY,1748-3026;1748-3018,true,,
JOURNAL OF ALTERNATIVE INVESTMENTS,2168-8435;1520-3255,true,,
JOURNAL OF ALZHEIMER'S DISEASE REPORTS,2542-4823,true,,
JOURNAL OF AMBIENT INTELLIGENCE AND SMART ENVIRONMENTS,1876-1372;1876-1364,true,,
JOURNAL OF AMBULATORY CARE MANAGEMENT,1550-3267;0148-9917,true,,
JOURNAL OF AMERICAN - EAST ASIAN RELATIONS,1876-5610;1058-3947,true,,
JOURNAL OF AMERICAN COLLEGE HEALTH,1940-3208;0744-8481,true,,
THE JOURNAL OF AMERICAN CULTURE,1542-734X;1542-7331,true,,
JOURNAL OF AMERICAN STUDIES,1469-5154;0021-8758,true,,
JOURNAL OF ANALYSIS AND TESTING,2509-4696;2096-241X,true,,
JOURNAL OF ANALYTICAL TOXICOLOGY,1945-2403;0146-4760,true,,
JOURNAL OF ANCIENT NEAR EASTERN RELIGIONS,1569-2124;1569-2116,true,,
JOURNAL OF ANESTHESIA,1438-8359;0913-8668,true,,
JOURNAL OF ANIMAL AND PLANT SCIENCES - JAPS,2309-8694;1018-7081,true,,
JOURNAL OF ANIMAL BEHAVIOUR AND BIOMETEOROLOGY,2318-1265,true,,
JOURNAL OF ANIMAL SCIENCE AND TECHNOLOGY,2672-0191;2055-0391,true,,
JOURNAL OF ANTIBIOTICS,1881-1469;0021-8820,true,,
JOURNAL OF ANTITRUST ENFORCEMENT,2050-0696;2050-0688,true,,
JOURNAL OF AOAC INTERNATIONAL,1944-7922;1060-3271,true,,
JOURNAL OF APICULTURAL SCIENCE,2299-4831;1643-4439,true,,
JOURNAL OF APPLIED ACCOUNTING RESEARCH,1758-8855;0967-5426,true,,
JOURNAL OF APPLIED ANIMAL WELFARE SCIENCE,1532-7604;1088-8705,true,,
JOURNAL OF APPLIED AQUACULTURE,1545-0805;1045-4438,true,,
THE JOURNAL OF APPLIED BEHAVIORAL SCIENCE,1552-6879;0021-8863,true,,
JOURNAL OF APPLIED BIOMATERIALS AND FUNCTIONAL MATERIALS,2280-8000,true,,
JOURNAL OF APPLIED BIOMECHANICS,1543-2688;1065-8483,true,,
JOURNAL OF APPLIED BOTANY AND FOOD QUALITY,1439-040X;1613-9216,true,,
JOURNAL OF APPLIED CLINICAL MEDICAL PHYSICS,1526-9914,true,,
JOURNAL OF APPLIED CORPORATE FINANCE,1936-8216;1745-6622,true,,
JOURNAL OF APPLIED DEVELOPMENTAL PSYCHOLOGY,1873-7900;0193-3973,true,,
JOURNAL OF APPLIED ECONOMICS,1667-6726;1514-0326,true,,
JOURNAL OF APPLIED ELECTROCHEMISTRY,1572-8838;0021-891X,true,,
JOURNAL OF APPLIED ENGINEERING SCIENCES,2284-7197;2247-3769,true,,
JOURNAL OF APPLIED FLUID MECHANICS,1735-3645;1735-3572,true,,
JOURNAL OF APPLIED GENETICS,2190-3883;1234-1983,true,,
JOURNAL OF APPLIED GERONTOLOGY,1552-4523;0733-4648,true,,
JOURNAL OF APPLIED JOURNALISM AND MEDIA STUDIES,2049-9531;2001-0818,true,,
THE JOURNAL OF APPLIED LABORATORY MEDICINE,2576-9456;2475-7241,true,,
JOURNAL OF APPLIED MATHEMATICS AND COMPUTATIONAL MECHANICS,2353-0588;2299-9965,true,,
JOURNAL OF APPLIED MATHEMATICS AND COMPUTING,1865-2085;1598-5865,true,,
JOURNAL OF APPLIED MECHANICS AND TECHNICAL PHYSICS,1573-8620;0021-8944,true,,
JOURNAL OF APPLIED METEOROLOGY AND CLIMATOLOGY,1558-8432;1558-8424,true,,
JOURNAL OF APPLIED REMOTE SENSING,1931-3195,true,,
JOURNAL OF APPLIED RESEARCH IN HIGHER EDUCATION,2050-7003;1758-1184,true,,
JOURNAL OF APPLIED SCHOOL PSYCHOLOGY,1537-7911;1537-7903,true,,
JOURNAL OF APPLIED SOCIAL PSYCHOLOGY,1559-1816;0021-9029,true,,
JOURNAL OF APPLIED STATISTICS,1360-0532;0266-4763,true,,
JOURNAL OF APPROXIMATION THEORY,1096-0430;0021-9045,true,,
JOURNAL OF AQUATIC FOOD PRODUCT TECHNOLOGY,1547-0636;1049-8850,true,,
JOURNAL OF ARACHNOLOGY,1937-2396;0161-8202,true,,
JOURNAL OF ARCHITECTURAL ENGINEERING,1943-5568;1076-0431,true,,
JOURNAL OF ARCHITECTURE,1466-4410;1360-2365,true,,
JOURNAL OF ARCHITECTURE AND URBANISM,2029-7955;2029-7947,true,,
JOURNAL OF ARGUMENTATION IN CONTEXT,2211-4750;2211-4742,true,,
JOURNAL OF ARID ENVIRONMENTS,1095-922X;0140-1963,true,,
JOURNAL OF ARID LAND,2194-7783;1674-6767,true,,
JOURNAL OF ASIA-PACIFIC BIODIVERSITY,2287-9544;2287-884X,true,,
JOURNAL OF ASIA-PACIFIC ENTOMOLOGY,1876-7990;1226-8615,true,,
JOURNAL OF ASIAN AND AFRICAN STUDIES,1745-2538;0021-9096,true,,
JOURNAL OF ASIAN CERAMIC SOCIETIES,2187-0764,true,,
JOURNAL OF ASSET MANAGEMENT,1479-179X;1470-8272,true,,
JOURNAL OF ASTHMA,1532-4303;0277-0903,true,,
JOURNAL OF ASTHMA AND ALLERGY,1178-6965,true,,
JOURNAL OF ASTRONOMICAL INSTRUMENTATION,2251-1725;2251-1717,true,,
"JOURNAL OF ASTRONOMICAL TELESCOPES, INSTRUMENTS, AND SYSTEMS",2329-4221;2329-4124,true,,
JOURNAL OF ATMOSPHERIC AND SOLAR-TERRESTRIAL PHYSICS,1879-1824;1364-6826,true,,
JOURNAL OF ATMOSPHERIC CHEMISTRY,1573-0662;0167-7764,true,,
JOURNAL OF AUDIOLOGY AND OTOLOGY,2384-1710;2384-1621,true,,
JOURNAL OF AUTOMATED REASONING,1573-0670;0168-7433,true,,
JOURNAL OF BACK AND MUSCULOSKELETAL REHABILITATION,1878-6324;1053-8127,true,,
JOURNAL OF BACTERIOLOGY,1098-5530;0021-9193,true,,
JOURNAL OF BALTIC SCIENCE EDUCATION,1648-3898;2538-7138,true,,
JOURNAL OF BECKETT STUDIES,1759-7811;0309-5207,true,,
JOURNAL OF BEHAVIOR THERAPY AND EXPERIMENTAL PSYCHIATRY,1873-7943;0005-7916,true,,
JOURNAL OF BEHAVIORAL AND EXPERIMENTAL ECONOMICS,2214-8051;2214-8043,true,,
JOURNAL OF BEHAVIORAL DECISION MAKING,1099-0771;0894-3257,true,,
JOURNAL OF BEHAVIORAL FINANCE,1542-7579;1542-7560,true,,
JOURNAL OF BEHAVIORAL HEALTH SERVICES AND RESEARCH,1556-3308;1094-3412,true,,
JOURNAL OF BEHAVIORAL SCIENCE,1906-4675,true,,
JOURNAL OF BERRY RESEARCH,1878-5123;1878-5093,true,,
JOURNAL OF BIOACTIVE AND COMPATIBLE POLYMERS,1530-8030;0883-9115,true,,
JOURNAL OF BIOCHEMICAL AND MOLECULAR TOXICOLOGY,1099-0461;1095-6670,true,,
JOURNAL OF BIOCHEMISTRY,1756-2651;0021-924X,true,,
JOURNAL OF BIOENERGETICS AND BIOMEMBRANES,1573-6881;0145-479X,true,,
JOURNAL OF BIOENERGY AND FOOD SCIENCE,2359-2710,true,,
JOURNAL OF BIOINFORMATICS AND COMPUTATIONAL BIOLOGY,1757-6334;0219-7200,true,,
JOURNAL OF BIOLOGICAL EDUCATION,2157-6009;0021-9266,true,,
JOURNAL OF BIOLOGICAL REGULATORS AND HOMEOSTATIC AGENTS,1724-6083;0393-974X,true,,
JOURNAL OF BIOLOGICAL RESEARCH - BOLLETTINO DELLA SOCIETA ITALIANA DI BIOLOGIA SPERIMENTALE,2284-0230;1826-8838,true,,
JOURNAL OF BIOLOGICAL RHYTHMS,1552-4531;0748-7304,true,,
JOURNAL OF BIOMATERIALS APPLICATIONS,1530-8022;0885-3282,true,,
JOURNAL OF BIOMATERIALS SCIENCE - POLYMER EDITION,1568-5624;0920-5063,true,,
JOURNAL OF BIOMECHANICS,1873-2380;0021-9290,true,,
JOURNAL OF BIOMEDICAL MATERIALS RESEARCH - PART B APPLIED BIOMATERIALS,1552-4981;1552-4973,true,,
JOURNAL OF BIOMEDICAL NANOTECHNOLOGY,1550-7041;1550-7033,true,,
JOURNAL OF BIOPHARMACEUTICAL STATISTICS,1520-5711;1054-3406,true,,
JOURNAL OF BIOPHOTONICS,1864-0648;1864-063X,true,,
JOURNAL OF BIOSCIENCE AND BIOENGINEERING,1389-1723;1347-4421,true,,
JOURNAL OF BIOTECHNOLOGY,1873-4863;0168-1656,true,,
THE JOURNAL OF BLACK PSYCHOLOGY,1552-4558;0095-7984,true,,
JOURNAL OF BODYWORK AND MOVEMENT THERAPIES,1532-9283;1360-8592,true,,
JOURNAL OF BONE AND MINERAL METABOLISM,1435-5604;0914-8779,true,,
JOURNAL OF BONE ONCOLOGY,2212-1374;2212-1366,false,2024-07-11,removed from the White List
JOURNAL OF BORDERLANDS STUDIES,2159-1229;0886-5655,true,,
JOURNAL OF BREAST CANCER,2092-9900;1738-6756,true,,
JOURNAL OF BRONCHOLOGY AND INTERVENTIONAL PULMONOLOGY,1948-8270;1944-6586,true,,
JOURNAL OF BRYOLOGY,1743-2820;0373-6687,true,,
JOURNAL OF BURN CARE & RESEARCH : OFFICIAL PUBLICATION OF THE AMERICAN BURN ASSOCIATION.,1559-0488;1559-047X,true,,
JOURNAL OF CANADIAN STUDIES - REVUE D ETUDES CANADIENNES,1911-0251;0021-9495,true,,
JOURNAL OF CANCER,1837-9664,true,,
JOURNAL OF CANCER EDUCATION,1543-0154;0885-8195,true,,
JOURNAL OF CANCER EPIDEMIOLOGY,1687-8566;1687-8558,true,,
JOURNAL OF CANCER RESEARCH AND CLINICAL ONCOLOGY,1432-1335;0171-5216,true,,
JOURNAL OF CANCER SURVIVORSHIP,1932-2267;1932-2259,true,,
JOURNAL OF CARDIAC SURGERY,1540-8191;0886-0440,true,,
JOURNAL OF CARDIOLOGY,1876-4738;0914-5087,true,,
JOURNAL OF CARDIOPULMONARY REHABILITATION AND PREVENTION,1932-751X;1932-7501,true,,
JOURNAL OF CARDIOTHORACIC SURGERY,1749-8090,true,,
JOURNAL OF CARDIOVASCULAR ELECTROPHYSIOLOGY,1540-8167;1045-3873,true,,
JOURNAL OF CARDIOVASCULAR MEDICINE,1558-2035;1558-2027,true,,
JOURNAL OF CARDIOVASCULAR PHARMACOLOGY,1533-4023;0160-2446,true,,
JOURNAL OF CARDIOVASCULAR PHARMACOLOGY AND THERAPEUTICS,1940-4034;1074-2484,true,,
JOURNAL OF CARDIOVASCULAR SURGERY,1827-191X;0021-9509,true,,
JOURNAL OF CAREER DEVELOPMENT,1556-0856;0894-8453;1573-3548,true,,
JOURNAL OF CASES ON INFORMATION TECHNOLOGY,1548-7725;1548-7717,true,,
JOURNAL OF CAVE AND KARST STUDIES,2331-3714;1090-6924,true,,
JOURNAL OF CELL SCIENCE,1477-9137;0021-9533,true,,
JOURNAL OF CELLULAR AND MOLECULAR MEDICINE,1582-4934;1582-1838,true,,
JOURNAL OF CELLULAR PLASTICS,1530-7999;0021-955X,true,,
JOURNAL OF CENTRAL BANKING THEORY AND PRACTICE,1800-9581;2336-9205,true,,
JOURNAL OF CENTRAL EUROPEAN AGRICULTURE,1332-9049,true,,
JOURNAL OF CENTRAL NERVOUS SYSTEM DISEASE,1179-5735,true,,
JOURNAL OF CERAMIC SCIENCE AND TECHNOLOGY,2190-9385,true,,
JOURNAL OF CHANGE MANAGEMENT,1479-1811;1469-7017,true,,
JOURNAL OF CHEMICAL AND ENGINEERING DATA,1520-5134;0021-9568,true,,
JOURNAL OF CHEMICAL NEUROANATOMY,1873-6300;0891-0618,true,,
JOURNAL OF CHEMICAL PHYSICS,1089-7690;0021-9606,true,,
JOURNAL OF CHEMICAL SCIENCES,0974-3626;0973-7103,true,,
JOURNAL OF CHEMICAL THERMODYNAMICS,1096-3626;0021-9614,true,,
JOURNAL OF CHEMISTRY,2090-9071;2090-9063,true,,
JOURNAL OF CHEMOTHERAPY,1973-9478;1120-009X,true,,
JOURNAL OF CHILD AND ADOLESCENT SUBSTANCE USE,2997-3376,true,,
JOURNAL OF CHILD AND ADOLESCENT PSYCHIATRIC NURSING,1744-6171;1073-6077,true,,
JOURNAL OF CHILD AND FAMILY STUDIES,1573-2843;1062-1024,true,,
JOURNAL OF CHILD HEALTH CARE,1741-2889;1367-4935,true,,
JOURNAL OF CHILD NEUROLOGY,1708-8283;0883-0738,true,,
JOURNAL OF CHILDREN'S ORTHOPAEDICS,1863-2548;1863-2521,true,,
JOURNAL OF CHINA TOURISM RESEARCH,1938-8179;1938-8160,true,,
JOURNAL OF CHINESE ECONOMIC AND BUSINESS STUDIES,1476-5292;1476-5284,true,,
JOURNAL OF CHINESE ECONOMIC AND FOREIGN TRADE STUDIES,1754-4416;1754-4408,true,,
JOURNAL OF CHINESE HISTORY,2059-1640;2059-1632,true,,
JOURNAL OF CHINESE LINGUISTICS,0091-3723,true,,
JOURNAL OF CHINESE MILITARY HISTORY,2212-7453;2212-7445,true,,
JOURNAL OF CHINESE OVERSEAS,1793-2548;1793-0391,true,,
JOURNAL OF CHINESE PHILOSOPHY,1540-6253;0301-8121,true,,
JOURNAL OF CHINESE SOCIOLOGY,2198-2635,true,,
JOURNAL OF CHIROPRACTIC EDUCATION,2374-250X;1042-5055,true,,
JOURNAL OF CHIROPRACTIC MEDICINE,1556-3715;1556-3707,true,,
JOURNAL OF CHROMATOGRAPHY B - ANALYTICAL TECHNOLOGIES IN THE BIOMEDICAL AND LIFE SCIENCES,1873-376X;1570-0232,true,,
"JOURNAL OF CIRCUITS, SYSTEMS AND COMPUTERS",1793-6454;0218-1266,true,,
JOURNAL OF CLASSICAL SOCIOLOGY,1741-2897;1468-795X,true,,
JOURNAL OF CLINICAL AND EXPERIMENTAL HEMATOPATHOLOGY : JCEH,1880-9952;1346-4280,true,,
JOURNAL OF CLINICAL AND EXPERIMENTAL HEPATOLOGY,2213-3453;0973-6883,true,,
JOURNAL OF CLINICAL AND EXPERIMENTAL NEUROPSYCHOLOGY,1744-411X;1380-3395,true,,
JOURNAL OF CLINICAL AND TRANSLATIONAL SCIENCE,2059-8661,true,,
JOURNAL OF CLINICAL BIOCHEMISTRY AND NUTRITION,1880-5086;0912-0009,true,,
JOURNAL OF CLINICAL DENSITOMETRY,1559-0747;1094-6950,true,,
JOURNAL OF CLINICAL GASTROENTEROLOGY,1539-2031;0192-0790,true,,
JOURNAL OF CLINICAL LABORATORY ANALYSIS,1098-2825;0887-8013,true,,
JOURNAL OF CLINICAL MONITORING AND COMPUTING,1573-2614;1387-1307,true,,
JOURNAL OF CLINICAL NEUROLOGY (KOREA),2005-5013;1738-6586,true,,
JOURNAL OF CLINICAL NEUROPHYSIOLOGY,1537-1603;0736-0258,true,,
JOURNAL OF CLINICAL PEDIATRIC DENTISTRY,1557-5268;1053-4628,true,,
JOURNAL OF CLINICAL PHARMACOLOGY,1552-4604;0091-2700,true,,
JOURNAL OF CLINICAL PSYCHOLOGY,1097-4679;0021-9762,true,,
JOURNAL OF CLINICAL PSYCHOPHARMACOLOGY,1533-712X;0271-0749,true,,
JCRPE JOURNAL OF CLINICAL RESEARCH IN PEDIATRIC ENDOCRINOLOGY,1308-5735;1308-5727,true,,
JOURNAL OF CLINICAL SLEEP MEDICINE,1550-9397;1550-9389,true,,
JOURNAL OF CLINICAL SPORT PSYCHOLOGY,1932-927X;1932-9261,true,,
JOURNAL OF CO-OPERATIVE ORGANIZATION AND MANAGEMENT,2213-2988;2213-297X,true,,
JOURNAL OF COATINGS TECHNOLOGY AND RESEARCH,1935-3804;1547-0091,true,,
JOURNAL OF COGNITION AND DEVELOPMENT,1532-7647;1524-8372,true,,
JOURNAL OF COGNITIVE NEUROSCIENCE,1530-8898;0898-929X,true,,
JOURNAL OF COGNITIVE SCIENCE,1598-2327;1976-6939,true,,
JOURNAL OF COLD REGIONS ENGINEERING - ASCE,1943-5495;0887-381X,true,,
JOURNAL OF COLLEGE COUNSELING,2161-1882;1099-0399,true,,
JOURNAL OF COLLEGE OF SHARIA AND ISLAMIC STUDIES,2523-1715;2305-5545,true,,
JOURNAL OF COLLEGE STUDENT DEVELOPMENT,1543-3382;0897-5264,true,,
JOURNAL OF COMBINATORIAL DESIGNS,1520-6610;1063-8539,true,,
JOURNAL OF COMBUSTION,2090-1976;2090-1968,true,,
JOURNAL OF COMMUNICATION INQUIRY,1552-4612;0196-8599,true,,
JOURNAL OF COMMUNICATIONS SOFTWARE AND SYSTEMS,1846-6079;1845-6421,true,,
JOURNAL OF COMMUNITY AND APPLIED SOCIAL PSYCHOLOGY,1099-1298;1052-9284,true,,
JOURNAL OF COMMUNITY HEALTH NURSING,1532-7655;0737-0016,true,,
JOURNAL OF COMMUNITY HOSPITAL INTERNAL MEDICINE PERSPECTIVES,2000-9666,true,,
JOURNAL OF COMMUNITY PRACTICE,1543-3706;1070-5422,true,,
JOURNAL OF COMMUNITY PSYCHOLOGY,1520-6629;0090-4392,true,,
JOURNAL OF COMPARATIVE EFFECTIVENESS RESEARCH,2042-6313;2042-6305,true,,
JOURNAL OF COMPARATIVE NEUROLOGY,1096-9861;0021-9967,true,,
JOURNAL OF COMPARATIVE PATHOLOGY,1532-3129;0021-9975,true,,
JOURNAL OF COMPARATIVE POLITICS,1337-7477;1338-1385,true,,
JOURNAL OF COMPARATIVE PSYCHOLOGY,0093-4127;1939-2087;0735-7036,true,,
JOURNAL OF COMPETITION LAW AND ECONOMICS,1744-6422;1744-6414,true,,
JOURNAL OF COMPOSITE MATERIALS,1530-793X;0021-9983,true,,
JOURNAL OF COMPOSITES SCIENCE,2504-477X,true,,
JOURNAL OF COMPUTATIONAL APPLIED MECHANICS,2423-6713;2423-6705,true,,
JOURNAL OF COMPUTATIONAL BIOPHYSICS AND CHEMISTRY,2737-4173;2737-4165,true,,
JOURNAL OF COMPUTATIONAL ELECTRONICS,1572-8137;1569-8025,true,,
JOURNAL OF COMPUTER AND SYSTEM SCIENCES,1090-2724;0022-0000,true,,
JOURNAL OF COMPUTER AND SYSTEMS SCIENCES INTERNATIONAL,1555-6530;1064-2307,true,,
JOURNAL OF COMPUTER ASSISTED TOMOGRAPHY,1532-3145;0363-8715,true,,
JOURNAL OF COMPUTER LANGUAGES,2665-9182;2590-1184,true,,
JOURNAL OF COMPUTER SCIENCE AND TECHNOLOGY,1860-4749;1000-9000,true,,
JOURNAL OF COMPUTING AND INFORMATION SCIENCE IN ENGINEERING,1944-7078;1530-9827,true,,
JOURNAL OF CONFLICT AND SECURITY LAW,1467-7962;1467-7954,true,,
JOURNAL OF CONFLICT ARCHAEOLOGY,1574-0781;1574-0773,true,,
JOURNAL FÜR VERBRAUCHERSCHUTZ UND LEBENSMITTELSICHERHEIT,1661-5867;1661-5751,true,,
JOURNAL OF CONTEMPORARY AFRICAN STUDIES,1469-9397;0258-9001,true,,
JOURNAL OF CONTEMPORARY BRACHYTHERAPY,2081-2841;1689-832X,true,,
JOURNAL OF CONTEMPORARY CHINESE ART,2051-705X;2051-7041,true,,
JOURNAL OF CONTEMPORARY EUROPEAN RESEARCH,1815-347X,true,,
JOURNAL OF CONTEMPORARY EUROPEAN STUDIES,1478-2804;1478-2790,true,,
JOURNAL OF CONTEMPORARY PAINTING,2052-6709;2052-6695,true,,
JOURNAL OF CONTEMPORARY PSYCHOTHERAPY,1573-3564;0022-0116,true,,
JOURNAL OF CONTINUING EDUCATION IN NURSING,1938-2472;0022-0124,true,,
JOURNAL OF CONTROL AND DECISION,2330-7714;2330-7706,true,,
"JOURNAL OF CONTROL, AUTOMATION AND ELECTRICAL SYSTEMS",2195-3899;2195-3880,true,,
JOURNAL OF CONTROL SCIENCE AND ENGINEERING,1687-5257;1687-5249,true,,
JOURNAL OF CONVEX ANALYSIS,0944-6532,true,,
JOURNAL OF COORDINATION CHEMISTRY,1029-0389;0095-8972,true,,
JOURNAL OF CORPORATE LAW STUDIES,1757-8426;1473-5970,true,,
JOURNAL OF CORPORATE REAL ESTATE,1479-1048;1463-001X,true,,
JOURNAL OF COSMETIC AND LASER THERAPY,1476-4180;1476-4172,true,,
JOURNAL OF COSMETIC DERMATOLOGY,1473-2165;1473-2130,true,,
JOURNAL OF COSMETIC SCIENCE,1525-7886,true,,
JOURNAL OF COUNSELING AND DEVELOPMENT,1556-6676;0748-9633,true,,
JOURNAL OF COUPLE AND RELATIONSHIP THERAPY,1533-2691;1533-2683,true,,
JOURNAL OF CREATIVE COMMUNICATIONS,0973-2594;0973-2586,true,,
JOURNAL OF CRIMINAL LAW,1740-5580;0022-0183,true,,
"JOURNAL OF CRIMINOLOGICAL RESEARCH, POLICY AND PRACTICE",2056-385X;2056-3841,true,,
JOURNAL OF CROP IMPROVEMENT,1542-7536;1542-7528,true,,
JOURNAL OF CRYSTAL GROWTH,1873-5002;0022-0248,true,,
JOURNAL OF CULTURAL GEOGRAPHY,1940-6320;0887-3631,true,,
JOURNAL OF CURATORIAL STUDIES,2045-5844;2045-5836,true,,
JOURNAL OF CURRENT OPHTHALMOLOGY,2452-2325,true,,
JOURNAL OF CUTANEOUS MEDICINE AND SURGERY,1615-7109,true,,
JOURNAL OF DAIRY RESEARCH,1469-7629;0022-0299,true,,
JOURNAL OF DANCE AND SOMATIC PRACTICES,1757-188X;1757-1871,true,,
JOURNAL OF DANCE MEDICINE & SCIENCE : OFFICIAL PUBLICATION OF THE INTERNATIONAL ASSOCIATION FOR DANCE MEDICINE & SCIENCE,2374-8060;1089-313X,true,,
JOURNAL OF DATABASE MANAGEMENT,1533-8010;1063-8016,true,,
JOURNAL OF DEAF STUDIES AND DEAF EDUCATION,1465-7325;1081-4159,true,,
JOURNAL OF DEMOGRAPHIC ECONOMICS,2054-0906;2054-0892,true,,
JOURNAL OF DENTAL EDUCATION,1930-7837;0022-0337,true,,
JOURNAL OF DEVELOPMENT EFFECTIVENESS,1943-9407;1943-9342,true,,
JOURNAL OF DEVELOPMENTAL BIOLOGY,2221-3759,true,,
JOURNAL OF DEVELOPMENTAL ENTREPRENEURSHIP,1793-706X;1084-9467,true,,
JOURNAL OF DEVELOPMENTAL ORIGINS OF HEALTH AND DISEASE,2040-1752;2040-1744,true,,
JOURNAL OF DIABETES,1753-0407;1753-0393,true,,
JOURNAL OF DIABETES AND ITS COMPLICATIONS,1873-460X;1056-8727,true,,
JOURNAL OF DIABETES INVESTIGATION,2040-1124;2040-1116,true,,
JOURNAL OF DIABETES RESEARCH,2314-6753;2314-6745,true,,
JOURNAL OF DIETARY SUPPLEMENTS,1939-022X;1939-0211,true,,
JOURNAL OF DIGESTIVE DISEASES,1751-2980;1751-2972,true,,
JOURNAL OF DIGITAL MEDIA AND POLICY,2516-3531;2516-3523,true,,
JOURNAL OF DISCRETE MATHEMATICAL SCIENCES AND CRYPTOGRAPHY,2169-0065;0972-0529,true,,
JOURNAL OF DISPERSION SCIENCE AND TECHNOLOGY,1532-2351;0193-2691,true,,
JOURNAL OF DRUG ASSESSMENT,2155-6660;1369-9474,true,,
JOURNAL OF DRUG EDUCATION,1541-4159;0047-2379,true,,
JOURNAL OF DRUG ISSUES,1945-1369;0022-0426,true,,
JOURNAL OF DRUGS IN DERMATOLOGY,1545-9616,true,,
JOURNAL OF DUAL DIAGNOSIS,1550-4271;1550-4263,true,,
JOURNAL OF DYNAMIC BEHAVIOR OF MATERIALS,2199-7454;2199-7446,true,,
"JOURNAL OF DYNAMIC SYSTEMS, MEASUREMENT AND CONTROL, TRANSACTIONS OF THE ASME",1528-9028;0022-0434,true,,
JOURNAL OF DYNAMICAL AND CONTROL SYSTEMS,1573-8698;1079-2724,true,,
JOURNAL OF DYNAMICS AND GAMES,2164-6066;2164-6074,true,,
JOURNAL OF EARLY ADOLESCENCE,1552-5449;0272-4316,true,,
JOURNAL OF EARLY AMERICAN HISTORY,1877-0703;1877-0223,true,,
JOURNAL OF EARLY CHILDHOOD RESEARCH,1741-2927;1476-718X,true,,
JOURNAL OF EARLY CHILDHOOD TEACHER EDUCATION,1745-5642;1090-1027,true,,
JOURNAL OF EARLY INTERVENTION,2154-3992;1053-8151,true,,
JOURNAL OF EARLY MODERN HISTORY,1570-0658;1385-3783,true,,
JOURNAL OF EARLY MODERN STUDIES,2279-7149,true,,
JOURNAL OF EARTH SYSTEM SCIENCE,2347-4327;0973-774X,true,,
JOURNAL OF EAST-WEST BUSINESS,1528-6959;1066-9868,true,,
JOURNAL OF EAST ASIAN LINGUISTICS,1572-8560;0925-8558,true,,
JOURNAL OF EAST ASIAN STUDIES,2234-6643;1598-2408,true,,
JOURNAL OF EASTERN EUROPEAN AND CENTRAL ASIAN RESEARCH,2328-8280;2328-8272,true,,
JOURNAL OF EASTERN MEDITERRANEAN ARCHAEOLOGY AND HERITAGE STUDIES,2166-3556;2166-3548,true,,
JOURNAL OF ECCLESIASTICAL HISTORY,1469-7637;0022-0469,true,,
JOURNAL OF ECHOCARDIOGRAPHY,1880-344X;1349-0222,true,,
JOURNAL OF ECONOMIC DYNAMICS AND CONTROL,1879-1743;0165-1889,true,,
JOURNAL OF ECONOMIC EDUCATION,2152-4068;0022-0485,true,,
JOURNAL OF ECONOMIC INEQUALITY,1573-8701;1569-1721,true,,
JOURNAL OF ECONOMIC INTEGRATION,1976-5525;1225-651X,true,,
JOURNAL OF ECONOMIC INTERACTION AND COORDINATION,1860-7128;1860-711X,true,,
JOURNAL OF ECONOMIC METHODOLOGY,1469-9427;1350-178X,true,,
JOURNAL OF ECONOMIC THEORY,1095-7235;0022-0531,true,,
JOURNAL OF ECONOMICS/ ZEITSCHRIFT FÜR NATIONALOKONOMIE,1617-7134;0931-8658,true,,
JOURNAL OF ECUMENICAL STUDIES,2162-3937;0022-0558,true,,
JOURNAL OF EDUCATION AND HEALTH PROMOTION,2319-6440;2277-9531,true,,
JOURNAL OF EDUCATION AND WORK,1469-9435;1363-9080,true,,
JOURNAL OF EDUCATION FOR BUSINESS,1940-3356;0883-2323,true,,
JOURNAL OF EDUCATIONAL ADMINISTRATION AND HISTORY,1478-7431;0022-0620,true,,
JOURNAL OF EDUCATIONAL AND PSYCHOLOGICAL CONSULTATION,1532-768X;1047-4412,true,,
JOURNAL OF EDUCATIONAL EVALUATION FOR HEALTH PROFESSIONS,1975-5937,true,,
JOURNAL OF EDUCATIONAL MEASUREMENT,1745-3984;0022-0655,true,,
JOURNAL OF ELASTICITY,1573-2681;0374-3535,true,,
JOURNAL OF ELASTOMERS AND PLASTICS,1530-8006;0095-2443,true,,
JOURNAL OF ELECTRICAL AND COMPUTER ENGINEERING,2090-0155;2090-0147,true,,
JOURNAL OF ELECTRICAL ENGINEERING AND TECHNOLOGY,2093-7423;1975-0102,true,,
JOURNAL OF ELECTROCERAMICS,1573-8663;1385-3449,true,,
JOURNAL OF ELECTROCHEMICAL ENERGY CONVERSION AND STORAGE,2381-6910;2381-6872,true,,
JOURNAL OF ELECTROMAGNETIC ENGINEERING AND SCIENCE,2671-7263;2671-7255,true,,
JOURNAL OF ELECTROMAGNETIC WAVES AND APPLICATIONS,1569-3937;0920-5071,true,,
JOURNAL OF ELECTROMYOGRAPHY AND KINESIOLOGY,1873-5711;1050-6411,true,,
JOURNAL OF ELECTRON SPECTROSCOPY AND RELATED PHENOMENA,1873-2526;0368-2048,true,,
JOURNAL OF ELECTRONIC COMMERCE IN ORGANIZATIONS,1539-2929;1539-2937,true,,
JOURNAL OF ELECTRONIC IMAGING,1560-229X;1017-9909,true,,
JOURNAL OF ELECTRONIC MATERIALS,1543-186X;0361-5235,true,,
"JOURNAL OF ELECTRONIC PACKAGING, TRANSACTIONS OF THE ASME",1528-9044;1043-7398,true,,
JOURNAL OF ELECTROSTATICS,1873-5738;0304-3886,true,,
JOURNAL OF ELLIPTIC AND PARABOLIC EQUATIONS,2296-9039;2296-9020,true,,
"JOURNAL OF EMERGENCIES, TRAUMA AND SHOCK",0974-519X;0974-2700,true,,
JOURNAL OF EMERGENCY MEDICINE,0736-4679,true,,
JOURNAL OF EMERGENCY NURSING,1527-2966;0099-1767,true,,
JOURNAL OF EMERGING TECHNOLOGIES IN ACCOUNTING,1558-7940;1554-1908,true,,
JOURNAL OF EMPLOYMENT COUNSELING,2161-1920;0022-0787,true,,
JOURNAL OF ENABLING TECHNOLOGIES,2398-6263,true,,
JOURNAL OF ENDOCRINOLOGICAL INVESTIGATION,1720-8386;0391-4097,true,,
JOURNAL OF ENDOUROLOGY,1557-900X;0892-7790,true,,
JOURNAL OF ENERGY ENGINEERING - ASCE,1943-7897;0733-9402,true,,
JOURNAL OF ENERGY RESOURCES TECHNOLOGY - TRANSACTIONS OF THE ASME,1528-8994;0195-0738,true,,
JOURNAL OF ENGINEERED FIBERS AND FABRICS,1558-9250,true,,
"JOURNAL OF ENGINEERING, DESIGN AND TECHNOLOGY",1726-0531,true,,
JOURNAL OF ENGINEERING FOR GAS TURBINES AND POWER - TRANSACTIONS OF THE ASME,1528-8919;0742-4795,true,,
JOURNAL OF ENGINEERING MATERIALS AND TECHNOLOGY - TRANSACTIONS OF THE ASME,1528-8889;0094-4289,true,,
JOURNAL OF ENGINEERING MATHEMATICS,1573-2703;0022-0833,true,,
JOURNAL OF ENGINEERING RESEARCH,2307-1885;2307-1877,false,2024-07-11,removed from the White List
JOURNAL OF ENGINEERING THERMOPHYSICS,1990-5432;1810-2328,true,,
JOURNAL OF ENGLISH AND GERMANIC PHILOLOGY,0363-6941,true,,
JOURNAL OF ENHANCED HEAT TRANSFER,1563-5074;1065-5131;1026-5511,true,,
JOURNAL OF ENTERPRISING CULTURE,1793-6330;0218-4958,true,,
JOURNAL OF ENTREPRENEURSHIP AND PUBLIC POLICY,2045-2101;2045-211X,true,,
"JOURNAL OF ENTREPRENEURSHIP, MANAGEMENT AND INNOVATION",2299-7326;2299-7075,true,,
JOURNAL OF ENVIRONMENTAL ACCOUNTING AND MANAGEMENT,2325-6206;2325-6192,true,,
JOURNAL OF ENVIRONMENTAL AND ENGINEERING GEOPHYSICS,1943-2658;1083-1363,true,,
"JOURNAL OF ENVIRONMENTAL ENGINEERING, ASCE",1943-7870;0733-9372,true,,
JOURNAL OF ENVIRONMENTAL ENGINEERING AND LANDSCAPE MANAGEMENT,1822-4199;1648-6897,true,,
JOURNAL OF ENVIRONMENTAL HEALTH,0022-0892,true,,
JOURNAL OF ENVIRONMENTAL QUALITY,1537-2537;0047-2425,true,,
JOURNAL OF ENVIRONMENTAL RADIOACTIVITY,1879-1700;0265-931X,true,,
JOURNAL OF ENVIRONMENTAL SCIENCE AND HEALTH - PART A TOXIC/HAZARDOUS SUBSTANCES AND ENVIRONMENTAL ENGINEERING,1532-4117;1093-4529,true,,
"JOURNAL OF ENVIRONMENTAL SCIENCE AND HEALTH - PART B PESTICIDES, FOOD CONTAMINANTS, AND AGRICULTURAL WASTES",1532-4109;0360-1234,true,,
"JOURNAL OF ENVIRONMENTAL SCIENCE AND HEALTH, PART C: TOXICOLOGY AND CARCINOGENESIS",2689-6591;2689-6583,true,,
JOURNAL OF EQUINE VETERINARY SCIENCE,1542-7412;0737-0806,true,,
JOURNAL OF ESSENTIAL OIL - BEARING PLANTS,0976-5026;0972-060X,true,,
JOURNAL OF ESSENTIAL OIL RESEARCH,2163-8152;1041-2905,true,,
JOURNAL OF ETHNICITY IN CRIMINAL JUSTICE,1537-7946;1537-7938,true,,
JOURNAL OF ETHNICITY IN SUBSTANCE ABUSE,1533-2659;1533-2640,true,,
JOURNAL OF ETHOLOGY,1439-5444;0289-0771,true,,
JOURNAL OF EUKARYOTIC MICROBIOLOGY,1550-7408;1066-5234,true,,
JOURNAL OF EUROPEAN COMPETITION LAW AND PRACTICE,2041-7772;2041-7764,true,,
JOURNAL OF EUROPEAN REAL ESTATE RESEARCH,1753-9277;1753-9269,true,,
JOURNAL OF EUROPEAN STUDIES,1740-2379;0047-2441,true,,
JOURNAL OF EXPERIENTIAL EDUCATION,2169-009X;1053-8259,true,,
JOURNAL OF EXPERIMENTAL AND THEORETICAL PHYSICS,1090-6509;1063-7761,true,,
JOURNAL OF EXPERIMENTAL CHILD PSYCHOLOGY,1096-0457;0022-0965,true,,
JOURNAL OF EXPERIMENTAL NANOSCIENCE,1745-8099;1745-8080,true,,
JOURNAL OF EXPERIMENTAL ORTHOPAEDICS,2197-1153,true,,
JOURNAL OF EXPERIMENTAL PSYCHOLOGY - ANIMAL LEARNING AND COGNITION,2329-8464;2329-8456,true,,
JOURNAL OF EXPERIMENTAL PSYCHOLOGY - APPLIED,1939-2192;1076-898X,true,,
JOURNAL OF EXPERIMENTAL PSYCHOPATHOLOGY,2043-8087,true,,
JOURNAL OF EYE MOVEMENT RESEARCH,1995-8692,true,,
JOURNAL OF FACILITIES MANAGEMENT,1741-0983;1472-5967,true,,
JOURNAL OF FAMILY BUSINESS MANAGEMENT,2043-6246;2043-6238,true,,
JOURNAL OF FAMILY SOCIAL WORK,1540-4072;1052-2158,true,,
JOURNAL OF FAMILY VIOLENCE,1573-2851;0885-7482,true,,
JOURNAL OF FEMINIST FAMILY THERAPY,1540-4099;0895-2833,true,,
JOURNAL OF FEMINIST STUDIES IN RELIGION,8755-4178;1553-3913,true,,
JOURNAL OF FIELD ORNITHOLOGY,1557-9263;0273-8570,true,,
JOURNAL OF FINANCIAL ECONOMIC POLICY,1757-6393;1757-6385,true,,
JOURNAL OF FINANCIAL MANAGEMENT OF PROPERTY AND CONSTRUCTION,1759-8443;1366-4387,true,,
JOURNAL OF FINANCIAL REGULATION AND COMPLIANCE,1740-0279;1358-1988,true,,
JOURNAL OF FINANCIAL REPORTING,2380-2154;2380-2146,true,,
JOURNAL OF FINANCIAL REPORTING AND ACCOUNTING,2042-5856;1985-2517,true,,
JOURNAL OF FINANCIAL SERVICES RESEARCH,1573-0735;0920-8550,true,,
JOURNAL OF FIRE SCIENCES,1530-8049;0734-9041,true,,
JOURNAL OF FISH BIOLOGY,1095-8649;0022-1112,true,,
JOURNAL OF FLOW CHEMISTRY,2063-0212;2062-249X,true,,
JOURNAL OF FLUIDS ENGINEERING - TRANSACTIONS OF THE ASME,1528-901X;0098-2202,true,,
JOURNAL OF FLUORINE CHEMISTRY,1873-3328;0022-1139,true,,
JOURNAL OF FOOD BIOCHEMISTRY,1745-4514;0145-8884,true,,
JOURNAL OF FOOD MEASUREMENT AND CHARACTERIZATION,2193-4134;2193-4126,true,,
JOURNAL OF FOOD PROCESS ENGINEERING,1745-4530;0145-8876,true,,
JOURNAL OF FOOD PROCESSING AND PRESERVATION,1745-4549;0145-8892,true,,
JOURNAL OF FOOD PROTECTION,1944-9097;0362-028X,false,2024-07-11,removed from the White List
JOURNAL OF FOOD QUALITY,1745-4557;0146-9428,true,,
JOURNAL OF FOOD SAFETY,1745-4565;0149-6085,true,,
JOURNAL OF FOOD SCIENCE,1750-3841;0022-1147,true,,
JOURNAL OF FOOD SCIENCE AND TECHNOLOGY - MYSORE,0975-8402;0022-1155,true,,
JOURNAL OF FOOT AND ANKLE SURGERY,1542-2224;1067-2516,true,,
JOURNAL OF FORECASTING,1099-131X;0277-6693,true,,
JOURNAL OF FORENSIC NURSING,1939-3938;1556-3693,true,,
JOURNAL OF FORENSIC PRACTICE,2050-8808;2050-8794,true,,
JOURNAL OF FORENSIC SCIENCES,1556-4029;0022-1198,true,,
JOURNAL OF FOREST RESEARCH,1610-7403;1341-6979,true,,
JOURNAL OF FOREST SCIENCE,1805-935X;1212-4834,true,,
JOURNAL OF FORMALIZED REASONING,1972-5787,true,,
JOURNAL OF FORMATIVE DESIGN IN LEARNING,2509-8039,true,,
JOURNAL OF FRENCH AND FRANCOPHONE PHILOSOPHY,2155-1162,true,,
JOURNAL OF FRENCH LANGUAGE STUDIES,1474-0079;0959-2695,true,,
JOURNAL OF FRESHWATER ECOLOGY,2156-6941;0270-5060,true,,
JOURNAL OF FUSION ENERGY,1572-9591;0164-0313,true,,
JOURNAL OF FUTURES MARKETS,1096-9934;0270-7314,true,,
JOURNAL OF FUTURES STUDIES,1027-6084,true,,
JOURNAL OF GASTRIC CANCER,1598-1320;2093-582X;2093-5641,true,,
JOURNAL OF GASTROENTEROLOGY AND HEPATOLOGY,1440-1746;0815-9319,true,,
JOURNAL OF GEMMOLOGY,2632-1718;1355-4565,true,,
JOURNAL OF GENE MEDICINE,1521-2254;1099-498X,true,,
JOURNAL OF GENERAL AND FAMILY MEDICINE,2189-7948;2189-6577,true,,
JOURNAL OF GENERAL PLANT PATHOLOGY,1610-739X;1345-2630,true,,
JOURNAL OF GENERAL PSYCHOLOGY,1940-0888;0022-1309,true,,
JOURNAL OF GENERAL VIROLOGY,1465-2099;0022-1317,true,,
JOURNAL OF GENETIC ENGINEERING AND BIOTECHNOLOGY,2090-5920;1687-157X,false,2024-07-11,removed from the White List
JOURNAL OF GENOCIDE RESEARCH,1469-9494;1462-3528,true,,
JOURNAL OF GEOGRAPHY (CHIGAKU ZASSHI),1884-0884;0022-135X,true,,
JOURNAL OF GEOMETRIC ANALYSIS,1559-002X;1050-6926,true,,
JOURNAL OF GEOMETRY,1420-8997;0047-2468,true,,
JOURNAL OF GEOPHYSICAL RESEARCH - SPACE PHYSICS,2169-9402;2169-9380,true,,
JOURNAL OF GEOPHYSICS AND ENGINEERING,1742-2140;1742-2132,true,,
JOURNAL OF GERIATRIC CARDIOLOGY,1671-5411,true,,
JOURNAL OF GERIATRIC ONCOLOGY,1879-4076;1879-4068,true,,
JOURNAL OF GERIATRIC PSYCHIATRY AND NEUROLOGY,1552-5708;0891-9887,true,,
JOURNAL OF GERMANIC LINGUISTICS,1475-3014;1470-5427,true,,
JOURNAL OF GERONTOLOGICAL NURSING,1938-243X;0098-9134,true,,
JOURNAL OF GLAUCOMA,1536-481X;1057-0829,true,,
JOURNAL OF GLOBAL ANTIMICROBIAL RESISTANCE,2213-7173;2213-7165,false,2024-07-11,removed from the White List
JOURNAL OF GLOBAL INFECTIOUS DISEASES,0974-8245;0974-777X,true,,
JOURNAL OF GLOBAL MOBILITY - THE HOME OF EXPATRIATE MANAGEMENT RESEARCH,2049-8802;2049-8799,true,,
JOURNAL OF GLOBAL OPERATIONS AND STRATEGIC SOURCING,2398-5364,true,,
JOURNAL OF GLOBAL SPORT MANAGEMENT,2470-4075;2470-4067,true,,
JOURNAL OF GRAPH THEORY,1097-0118;0364-9024,true,,
JOURNAL OF GREEK LINGUISTICS,1569-9846;1566-5844,true,,
JOURNAL OF GYNECOLOGY OBSTETRICS AND HUMAN REPRODUCTION,2468-7847,true,,
JOURNAL OF HAND SURGERY - AMERICAN VOLUME,1531-6564;0363-5023,true,,
JOURNAL OF HAND SURGERY: EUROPEAN VOLUME,2043-6289;1753-1934,true,,
JOURNAL OF HAND THERAPY,1545-004X;0894-1130,true,,
"JOURNAL OF HAZARDOUS, TOXIC, AND RADIOACTIVE WASTE",2153-5515;2153-5493,true,,
JOURNAL OF HEALTH MANAGEMENT,0973-0729;0972-0634,true,,
JOURNAL OF HEALTH ORGANIZATION AND MANAGEMENT,1758-7247;1477-7266,true,,
"JOURNAL OF HEALTH POLITICS, POLICY AND LAW",1527-1927;0361-6878,true,,
"JOURNAL OF HEALTH, POPULATION AND NUTRITION",2072-1315;1606-0997,true,,
JOURNAL OF HEALTHCARE MANAGEMENT,1944-7396;1096-9012,true,,
ASME JOURNAL OF HEAT AND MASS TRANSFER,2832-8450;2832-8469,true,,
JOURNAL OF HEPATOCELLULAR CARCINOMA,2253-5969,true,,
JOURNAL OF HEREDITY,1465-7333;0022-1503,true,,
JOURNAL OF HERPETOLOGY,1937-2418;0022-1511,true,,
JOURNAL OF HETEROCYCLIC CHEMISTRY,1943-5193;0022-152X,true,,
JOURNAL OF HEURISTICS,1572-9397;1381-1231,true,,
JOURNAL OF HINDU STUDIES,1756-4263;1756-4255,true,,
JOURNAL OF HIP PRESERVATION SURGERY,2054-8397,true,,
JOURNAL OF HISTOCHEMISTRY AND CYTOCHEMISTRY,1551-5044;0022-1554,true,,
JOURNAL OF HISTORICAL PRAGMATICS,1569-9854;1566-5852,true,,
JOURNAL OF HISTORICAL SOCIOLINGUISTICS,2199-2894;2199-2908,true,,
JOURNAL OF HIV/AIDS AND SOCIAL SERVICES,1538-151X;1538-1501,true,,
JOURNAL OF HOSPICE AND PALLIATIVE NURSING,1539-0705;1522-2179,true,,
JOURNAL OF HOSPITALITY AND TOURISM INSIGHTS,2514-9806;2514-9792,true,,
JOURNAL OF HUMAN CAPITAL,1932-8664;1932-8575,true,,
JOURNAL OF HUMAN GENETICS,1435-232X;1434-5161,true,,
JOURNAL OF HUMAN HYPERTENSION,1476-5527;0950-9240,true,,
JOURNAL OF HUMAN LACTATION,1552-5732;0890-3344,true,,
JOURNAL OF HUMAN NUTRITION AND DIETETICS,1365-277X,true,,
JOURNAL OF HUMAN RIGHTS,1475-4843;1475-4835,true,,
JOURNAL OF HUMAN RIGHTS AND SOCIAL WORK,2365-1792,true,,
JOURNAL OF HUMAN RIGHTS AND THE ENVIRONMENT,1759-7196;1759-7188,true,,
JOURNAL OF HUMAN RIGHTS PRACTICE,1757-9627;1757-9619,true,,
JOURNAL OF HUMANISTIC PSYCHOLOGY,1552-650X;0022-1678,true,,
JOURNAL OF HUNGER AND ENVIRONMENTAL NUTRITION,1932-0256;1932-0248,true,,
JOURNAL OF HUNTINGTON'S DISEASE,1879-6400;1879-6397,true,,
JOURNAL OF HYDROLOGIC ENGINEERING - ASCE,1943-5584;1084-0699,true,,
JOURNAL OF HYMENOPTERA RESEARCH,1314-2607;1070-9428,true,,
JOURNAL OF HYPERBOLIC DIFFERENTIAL EQUATIONS,1793-6993;0219-8916,true,,
JOURNAL OF IBERIAN AND LATIN AMERICAN STUDIES,1470-1847;1469-9524,true,,
JOURNAL OF IBERIAN GEOLOGY,1886-7995;1698-6180,true,,
JOURNAL OF IMMIGRANT AND MINORITY HEALTH,1557-1920;1557-1912,true,,
JOURNAL OF IMMUNOLOGY RESEARCH,2314-8861;2314-7156,true,,
JOURNAL OF INCLUSION PHENOMENA AND MACROCYCLIC CHEMISTRY,1573-1111;1388-3127,true,,
JOURNAL OF INDIAN BUSINESS RESEARCH,1755-4209;1755-4195,true,,
JOURNAL OF INDIAN PHILOSOPHY,1573-0395;0022-1791,true,,
JOURNAL OF INDIVIDUAL DIFFERENCES,2151-2299;1614-0001,true,,
JOURNAL OF INDUSTRIAL AND MANAGEMENT OPTIMIZATION,1553-166X;1547-5816,true,,
JOURNAL OF INDUSTRIAL AND PRODUCTION ENGINEERING,2168-1023;2168-1015,true,,
JOURNAL OF INDUSTRIAL ECONOMICS,1467-6451;0022-1821,true,,
JOURNAL OF INDUSTRIAL ENGINEERING AND MANAGEMENT - JIEM,2013-8423;2013-0953,true,,
"JOURNAL OF INDUSTRY, COMPETITION AND TRADE",1573-7012;1566-1679,true,,
JOURNAL OF INFECTION AND CHEMOTHERAPY,1437-7780;1341-321X,true,,
JOURNAL OF INFECTION IN DEVELOPING COUNTRIES,1972-2680,true,,
JOURNAL OF INFLAMMATION RESEARCH,1178-7031,true,,
JOURNAL OF INFORMATION AND KNOWLEDGE MANAGEMENT,1793-6926;0219-6492,true,,
JOURNAL OF INFORMATION AND COMMUNICATION TECHNOLOGY - MALAYSIA,2180-3862;1675-414X,true,,
JOURNAL OF INFORMATION AND TELECOMMUNICATION,2475-1847;2475-1839,true,,
JOURNAL OF INFORMATION POLICY,2381-5892;2158-3897,true,,
JOURNAL OF INFORMATION PROCESSING SYSTEMS,2092-805X;1976-913X,true,,
JOURNAL OF INFORMATION SCIENCE AND ENGINEERING,1016-2364,true,,
JOURNAL OF INFORMATION SYSTEMS,1558-7959;0888-7985,true,,
JOURNAL OF INFORMATION TECHNOLOGY EDUCATION - INNOVATIONS IN PRACTICE,2165-316X;2165-3151,true,,
"JOURNAL OF INFRARED, MILLIMETER, AND TERAHERTZ WAVES",1866-6906;1866-6892,true,,
JOURNAL OF INFUSION NURSING,1539-0667;1533-1458,true,,
JOURNAL OF INNOVATIVE OPTICAL HEALTH SCIENCES,1793-7205;1793-5458,true,,
JOURNAL OF INSECT BEHAVIOR,1572-8889;0892-7553,true,,
JOURNAL OF INSECT SCIENCE,1536-2442,true,,
JOURNAL OF INSTRUMENTATION,1748-0221,true,,
JOURNAL OF INTEGRATED CARE,2042-8685;1476-9018,true,,
JOURNAL OF INTEGRATIVE ENVIRONMENTAL SCIENCES,1943-8168;1943-815X,true,,
JOURNAL OF INTELLECTUAL PROPERTY LAW AND PRACTICE,1747-1540;1747-1532,true,,
JOURNAL OF INTELLIGENCE,2079-3200,true,,
JOURNAL OF INTELLIGENCE STUDIES IN BUSINESS,2001-015X,true,,
JOURNAL OF INTELLIGENT AND FUZZY SYSTEMS,1875-8967;1064-1246,true,,
JOURNAL OF INTELLIGENT SYSTEMS,2191-026X;0334-1860,true,,
JOURNAL OF INTERDISCIPLINARY ECONOMICS,2321-5305;0260-1079,true,,
JOURNAL OF INTERNATIONAL ADVANCED OTOLOGY,2148-3817;1308-7649,true,,
JOURNAL OF INTERNATIONAL AND INTERCULTURAL COMMUNICATION,1751-3065;1751-3057,true,,
JOURNAL OF INTERNATIONAL CRIMINAL JUSTICE,1478-1395;1478-1387,true,,
JOURNAL OF INTERNATIONAL DISPUTE SETTLEMENT,2040-3593;2040-3585,true,,
JOURNAL OF INTERNATIONAL EDUCATION IN BUSINESS,2046-469X;1836-3261,true,,
JOURNAL OF INTERNATIONAL HUMANITARIAN LEGAL STUDIES,1878-1527;1878-1373,true,,
JOURNAL OF INTERNATIONAL MEDICAL RESEARCH,1473-2300;0300-0605,true,,
JOURNAL OF INTERNATIONAL MIGRATION AND INTEGRATION,1874-6365;1488-3473,true,,
JOURNAL OF INTERNATIONAL POLITICAL THEORY,1755-1722;1755-0882,true,,
JOURNAL OF INTERNATIONAL STUDENTS,2166-3750;2162-3104,true,,
JOURNAL OF INTERNATIONAL TRADE LAW AND POLICY,2045-4376;1477-0024,true,,
JOURNAL OF INTERPERSONAL VIOLENCE,1552-6518;0886-2605,true,,
JOURNAL OF INTERVENTIONAL CARDIAC ELECTROPHYSIOLOGY,1572-8595;1383-875X,true,,
JOURNAL OF INTERVENTIONAL CARDIOLOGY,1540-8183;0896-4327,true,,
JOURNAL OF INVERSE AND ILL - POSED PROBLEMS,1569-3945;0928-0219,true,,
JOURNAL OF INVESTIGATIVE MEDICINE HIGH IMPACT CASE REPORTS,2324-7096,true,,
JOURNAL OF INVESTIGATIVE SURGERY,1521-0553;0894-1939,true,,
JOURNAL OF IRON AND STEEL RESEARCH INTERNATIONAL,2210-3988;1006-706X,true,,
JOURNAL OF IRRIGATION AND DRAINAGE ENGINEERING - ASCE,1943-4774;0733-9437,true,,
JOURNAL OF ISLAMIC ACCOUNTING AND BUSINESS RESEARCH,1759-0825;1759-0817,true,,
JOURNAL OF ISLAMIC ARCHAEOLOGY,2051-9729;2051-9710,true,,
JOURNAL OF ISLAMIC MANUSCRIPTS,1878-464X;1878-4631,true,,
JOURNAL OF ISRAELI HISTORY,1744-0548;1353-1042,true,,
JOURNAL OF JAPANESE STUDIES,1549-4721;0095-6848,true,,
JOURNAL OF JESUIT STUDIES,2214-1332;2214-1324,true,,
JOURNAL OF JEWISH LANGUAGES,2213-4638;2213-4387,true,,
JOURNAL OF JEWISH THOUGHT AND PHILOSOPHY,1477-285X;1053-699X,true,,
JOURNAL OF KOREAN ACADEMY OF NURSING,2093-758X;2005-3673,true,,
JOURNAL OF KOREAN NEUROSURGICAL SOCIETY,2005-3711;1598-7876;1225-8245,true,,
JOURNAL OF KOREAN SOCIETY FOR ATMOSPHERIC ENVIRONMENT,2383-5346;1598-7132,true,,
JOURNAL OF LABELLED COMPOUNDS AND RADIOPHARMACEUTICALS,1099-1344;0362-4803,true,,
JOURNAL OF LABORATORY PHYSICIANS,0974-7826;0974-2727,true,,
JOURNAL OF LANGUAGE CONTACT,1877-4091;1955-2629,true,,
"JOURNAL OF LANGUAGE, LITERATURE AND CULTURE",2051-2864;2051-2856,true,,
JOURNAL OF LAPAROENDOSCOPIC AND ADVANCED SURGICAL TECHNIQUES - PART A,1557-9034;1092-6429,true,,
JOURNAL OF LARYNGOLOGY AND OTOLOGY,1748-5460;0022-2151,true,,
JOURNAL OF LASER APPLICATIONS,1938-1387;1042-346X,true,,
JOURNAL OF LASER MICRO NANOENGINEERING,1880-0688,true,,
JOURNAL OF LASERS IN MEDICAL SCIENCES,2228-6721;2008-9783,true,,
JOURNAL OF LATIN AMERICAN AND CARIBBEAN ANTHROPOLOGY,1935-4940;1935-4932,true,,
JOURNAL OF LATIN AMERICAN CULTURAL STUDIES,1469-9575;1356-9325,true,,
JOURNAL OF LATIN AMERICAN GEOGRAPHY,1548-5811;1545-2476,true,,
JOURNAL OF LATIN LINGUISTICS,2194-8747;2194-8739,true,,
JOURNAL OF LATINOS AND EDUCATION,1532-771X;1534-8431,true,,
JOURNAL OF LATINX PSYCHOLOGY,2578-8094;2578-8086,true,,
JOURNAL OF LAW AND COURTS,2164-6589;2164-6570,true,,
JOURNAL OF LAW AND MEDICINE,1320-159X,true,,
"JOURNAL OF LAW, FINANCE, AND ACCOUNTING",2380-5013;2380-5005,true,,
JOURNAL OF LEADERSHIP STUDIES,1935-262X;1935-2611,true,,
JOURNAL OF LEGAL ANALYSIS,2161-7201;1946-5319,true,,
THE JOURNAL OF LEGAL MEDICINE,1521-057X;0194-7648,true,,
LEGAL PLURALISM AND CRITICAL SOCIAL ANALYSIS,2770-6877;2770-6869,true,,
THE JOURNAL OF LEGISLATIVE STUDIES,1743-9337;1357-2334,true,,
JOURNAL OF LEISURE RESEARCH,2159-6417;0022-2216,true,,
JOURNAL OF LEVANTINE STUDIES,2222-9981;2222-9973,true,,
JOURNAL OF LIBRARY ADMINISTRATION,1540-3564;0193-0826,true,,
JOURNAL OF LITERARY STUDIES,1753-5387;0256-4718,true,,
JOURNAL OF LITHIC STUDIES,2055-0472,true,,
JOURNAL OF LIVESTOCK SCIENCE,2277-6214,true,,
JOURNAL OF LOGIC AND COMPUTATION,1465-363X;0955-792X,true,,
JOURNAL OF LOW POWER ELECTRONICS AND APPLICATIONS,2079-9268,true,,
JOURNAL OF LOW TEMPERATURE PHYSICS,1573-7357;0022-2291,true,,
JOURNAL OF MACROMOLECULAR SCIENCE PART A - PURE AND APPLIED CHEMISTRY,1520-5738;1060-1325,true,,
JOURNAL OF MACROMOLECULAR SCIENCE PART B - PHYSICS,1525-609X;0022-2348,true,,
JOURNAL OF MANAGED CARE & SPECIALTY PHARMACY,2376-1032;2376-0540,true,,
JOURNAL OF MANAGEMENT ACCOUNTING RESEARCH,1558-8033;1049-2127,true,,
JOURNAL OF MANAGEMENT CONTROL,2191-477X;2191-4761,true,,
JOURNAL OF MANAGEMENT SCIENCE AND ENGINEERING,2589-5532;2096-2320,true,,
JOURNAL OF MANIPULATIVE AND PHYSIOLOGICAL THERAPEUTICS,1532-6586;0161-4754,true,,
JOURNAL OF MANUAL AND MANIPULATIVE THERAPY,2042-6186;1066-9817,true,,
JOURNAL OF MAP AND GEOGRAPHY LIBRARIES,1542-0361;1542-0353,true,,
JOURNAL OF MARINE SCIENCE AND APPLICATION,1993-5048;1671-9433,true,,
JOURNAL OF MARINE SCIENCE AND ENGINEERING,2077-1312,true,,
JOURNAL OF MARITAL AND FAMILY THERAPY,1752-0606;0194-472X,true,,
JOURNAL OF MASS SPECTROMETRY,1096-9888;1076-5174,true,,
JOURNAL OF MASS SPECTROMETRY AND ADVANCES IN THE CLINICAL LAB,2667-145X;2667-1468,false,2026-04-07,removed from the White List
JOURNAL OF MATERIAL CYCLES AND WASTE MANAGEMENT,1611-8227;1438-4957,true,,
JOURNAL OF MATERIALS ENGINEERING AND PERFORMANCE,1544-1024;1059-9495,true,,
JOURNAL OF MATERIALS RESEARCH,0884-1616;2044-5326;0884-2914,true,,
JOURNAL OF MATERIALS SCIENCE - MATERIALS IN MEDICINE,1573-4838;0957-4530,true,,
JOURNAL OF MATHEMATICAL AND FUNDAMENTAL SCIENCES,2338-5510;2337-5760,true,,
JOURNAL OF MATHEMATICAL FLUID MECHANICS,1422-6952;1422-6928,true,,
JOURNAL OF MATHEMATICAL INEQUALITIES,1846-579X,true,,
JOURNAL OF MATHEMATICAL LOGIC,1793-6691;0219-0613,true,,
JOURNAL OF MATHEMATICAL PHYSICS,1089-7658;0022-2488,true,,
JOURNAL OF MATHEMATICAL PSYCHOLOGY,1096-0880;0022-2496,true,,
JOURNAL OF MATHEMATICS AND COMPUTER SCIENCE - JMCS,2008-949X,true,,
JOURNAL OF MATHEMATICS AND THE ARTS,1751-3480;1751-3472,true,,
JOURNAL OF MATHEMATICS IN INDUSTRY,2190-5983,true,,
JOURNAL OF MECHANICAL SCIENCE AND TECHNOLOGY,1976-3824;1738-494X,true,,
JOURNAL OF MECHANICS,1811-8216;1727-7191,true,,
JOURNAL OF MECHANICS OF MATERIALS AND STRUCTURES,2157-5428;1559-3959,true,,
JOURNAL OF MEDIA ETHICS: EXPLORING QUESTIONS OF MEDIA MORALITY,2373-700X;2373-6992,true,,
JOURNAL OF MEDICAL CASE REPORTS,1752-1947,true,,
JOURNAL OF MEDICAL ECONOMICS,1941-837X;1369-6998,true,,
JOURNAL OF MEDICAL INVESTIGATION,1349-6867;1343-1420,true,,
JOURNAL OF MEDICAL MICROBIOLOGY,1473-5644;0022-2615,true,,
JOURNAL OF MEDICAL RADIATION SCIENCES,2051-3909;2051-3895,true,,
JOURNAL OF MEDICINAL FOOD,1557-7600;1096-620X,true,,
JOURNAL OF MEDICINE AND PHILOSOPHY,1744-5019;0360-5310,true,,
JOURNAL OF MEDIEVAL AND EARLY MODERN STUDIES,1082-9636;1527-8263,true,,
JOURNAL OF MEDITERRANEAN STUDIES,2523-9465;1016-3476,true,,
JOURNAL OF MEMBRANE BIOLOGY,1432-1424;0022-2631,true,,
JOURNAL OF MENTAL HEALTH POLICY AND ECONOMICS,1099-176X;1091-4358,true,,
JOURNAL OF MENTAL HEALTH RESEARCH IN INTELLECTUAL DISABILITIES,1931-5872;1931-5864,true,,
JOURNAL OF METEOROLOGICAL RESEARCH,2198-0934;2095-6037,true,,
JOURNAL OF MICRO-BIO ROBOTICS,2194-6426;2194-6418,true,,
"JOURNAL OF MICRO/NANOPATTERNING MATERIALS, AND METROLOGY (JM3)",1932-5150;2708-8340,true,,
JOURNAL OF MICRO AND NANO-MANUFACTURING,2166-0476;2166-0468,true,,
JOURNAL OF MICROBIOLOGY,1976-3794;1225-8873,true,,
JOURNAL OF MICROBIOLOGY AND BIOLOGY EDUCATION,1935-7885;1935-7877,true,,
JOURNAL OF MICROBIOLOGY AND BIOTECHNOLOGY,1738-8872;1017-7825,true,,
JOURNAL OF MICROENCAPSULATION,1464-5246;0265-2048,true,,
JOURNAL OF MICROMECHANICS AND MICROENGINEERING,1361-6439;0960-1317,true,,
JOURNAL OF MICROPALAEONTOLOGY,2041-4978;0262-821X,true,,
JOURNAL OF MICROSCOPY,1365-2818;0022-2720,true,,
JOURNAL OF MICROWAVE POWER AND ELECTROMAGNETIC ENERGY,0832-7823,true,,
JOURNAL OF MILITARY AND VETERANS' HEALTH,1839-2733;1835-1271,true,,
"JOURNAL OF MILITARY, VETERAN AND FAMILY HEALTH",2368-7924,true,,
JOURNAL OF MIND AND MEDICAL SCIENCES,2392-7674,true,,
JOURNAL OF MINERALOGICAL AND PETROLOGICAL SCIENCES,1349-3825;1345-6296,true,,
"JOURNAL OF MINING AND METALLURGY, SECTION B: METALLURGY",2217-7175;1450-5339,true,,
JOURNAL OF MINING SCIENCE,1573-8736;1062-7391,true,,
JOURNAL OF MODELLING IN MANAGEMENT,1746-5672;1746-5664,true,,
JOURNAL OF MODERN CRAFT,1749-6780;1749-6772,true,,
JOURNAL OF MODERN EUROPEAN HISTORY,2631-9764;1611-8944,true,,
JOURNAL OF MODERN GREEK STUDIES,1086-3265;0738-1727,true,,
JOURNAL OF MODERN JEWISH STUDIES,1472-5894;1472-5886,true,,
JOURNAL OF MODERN LITERATURE,1529-1464;0022-281X,true,,
JOURNAL OF MODERN OPTICS,1362-3044;0950-0340,true,,
JOURNAL OF MOLECULAR AND ENGINEERING MATERIALS,2251-2381;2251-2373,true,,
JOURNAL OF MOLECULAR EVOLUTION,1432-1432;0022-2844,true,,
JOURNAL OF MOLECULAR MODELING,1610-2940;0948-5023,true,,
JOURNAL OF MOLECULAR NEUROSCIENCE,1559-1166;0895-8696,true,,
JOURNAL OF MOLECULAR SPECTROSCOPY,1096-083X;0022-2852,true,,
JOURNAL OF MOLLUSCAN STUDIES,1464-3766;0260-1230,true,,
"JOURNAL OF MONEY, CREDIT AND BANKING",1538-4616;0022-2879,true,,
JOURNAL OF MONEY LAUNDERING CONTROL,1758-7808;1368-5201,true,,
JOURNAL OF MORAL PHILOSOPHY,1745-5243;1740-4681,true,,
JOURNAL OF MOTOR BEHAVIOR,1940-1027;0022-2895,true,,
JOURNAL OF MOTOR LEARNING AND DEVELOPMENT,2325-3215;2325-3193,true,,
JOURNAL OF MOUNTAIN SCIENCE,1672-6316,true,,
JOURNAL OF MOVEMENT DISORDERS,2093-4939;2005-940X,true,,
JOURNAL OF MULTI-CRITERIA DECISION ANALYSIS,1099-1360;1057-9214,true,,
JOURNAL OF MULTIPLE-VALUED LOGIC AND SOFT COMPUTING,1542-3999;1542-3980,true,,
JOURNAL OF MULTIVARIATE ANALYSIS,1095-7243;0047-259X,true,,
JOURNAL OF NANO RESEARCH,1661-9889;1661-9897;1662-5250,true,,
JOURNAL OF NANOPARTICLE RESEARCH,1572-896X;1388-0764,true,,
JOURNAL OF NANOPHOTONICS,1934-2608,true,,
JOURNAL OF NANOSTRUCTURES,2251-788X;2251-7871,true,,
JOURNAL OF NATURAL MEDICINES,1340-3443;1861-0293,true,,
JOURNAL OF NAVAL ARCHITECTURE AND MARINE ENGINEERING,2070-8998;1813-8535,true,,
JOURNAL OF NEAR INFRARED SPECTROSCOPY,1751-6552;0967-0335,true,,
JOURNAL OF NEMATOLOGY,2640-396X;0022-300X,true,,
JOURNAL OF NERVOUS AND MENTAL DISEASE,1539-736X;0022-3018,true,,
JOURNAL OF NETWORK AND SYSTEMS MANAGEMENT,1573-7705;1064-7570,true,,
JOURNAL OF NEUROIMAGING,1552-6569;1051-2284,true,,
JOURNAL OF NEUROIMMUNOLOGY,1872-8421;0165-5728,true,,
JOURNAL OF NEUROLOGICAL SURGERY. PART A: CENTRAL EUROPEAN NEUROSURGERY,2193-6323;2193-6315,true,,
JOURNAL OF NEUROPHYSIOLOGY,1522-1598;0022-3077,true,,
JOURNAL OF NEUROPSYCHIATRY AND CLINICAL NEUROSCIENCES,1545-7222;0895-0172,true,,
JOURNAL OF NEURORESTORATOLOGY,2324-2426,false,2024-07-11,removed from the White List
JOURNAL OF NEUROSCIENCE METHODS,1872-678X;0165-0270,true,,
JOURNAL OF NEUROSCIENCE NURSING,1945-2810;0888-0395,true,,
"JOURNAL OF NEUROSCIENCE, PSYCHOLOGY, AND ECONOMICS",2151-318X;1937-321X,true,,
JOURNAL OF NEUROVIROLOGY,1538-2443;1355-0284,true,,
JOURNAL OF NIPPON MEDICAL SCHOOL = NIHON IKA DAIGAKU ZASSHI,1347-3409;1345-4676,true,,
"JOURNAL OF NONDESTRUCTIVE EVALUATION, DIAGNOSTICS AND PROGNOSTICS OF ENGINEERING SYSTEMS",2572-3901;2572-3898,true,,
JOURNAL OF NONLINEAR AND CONVEX ANALYSIS,1880-5221;1345-4773,true,,
JOURNAL OF NONLINEAR OPTICAL PHYSICS AND MATERIALS,1793-6624;0218-8635,true,,
JOURNAL OF NONPROFIT AND PUBLIC SECTOR MARKETING,1540-6997;1049-5142,true,,
JOURNAL OF NORTH AFRICAN STUDIES,1743-9345;1362-9387,true,,
JOURNAL OF NUCLEAR SCIENCE AND TECHNOLOGY,1881-1248;0022-3131,true,,
JOURNAL OF NUCLEIC ACIDS,2090-021X;2090-0201,true,,
JOURNAL OF NURSING ADMINISTRATION,1539-0721;0002-0443,true,,
JOURNAL OF NURSING CARE QUALITY,1550-5065;1057-3631,true,,
JOURNAL OF NURSING REGULATION,2155-8264;2155-8256,true,,
JOURNAL OF NUTRITION AND METABOLISM,2090-0732;2090-0724,true,,
JOURNAL OF NUTRITION EDUCATION AND BEHAVIOR,1878-2620;1499-4046,true,,
JOURNAL OF NUTRITIONAL SCIENCE,2048-6790,true,,
JOURNAL OF NUTRITIONAL SCIENCE AND VITAMINOLOGY,1881-7742;0301-4800,true,,
JOURNAL OF OBESITY,2090-0716;2090-0708,true,,
JOURNAL OF OBSESSIVE-COMPULSIVE AND RELATED DISORDERS,2211-3657;2211-3649,true,,
JOURNAL OF OBSTETRICS AND GYNAECOLOGY,1364-6893;0144-3615,true,,
JOURNAL OF OBSTETRICS AND GYNAECOLOGY CANADA,1701-2163,true,,
JOURNAL OF OBSTETRICS AND GYNAECOLOGY RESEARCH,1447-0756;1341-8076,true,,
JOURNAL OF OCCUPATIONAL AND ENVIRONMENTAL MEDICINE,1536-5948;1076-2752,true,,
JOURNAL OF OCCUPATIONAL HEALTH,1348-9585;1341-9145,true,,
JOURNAL OF OCCUPATIONAL MEDICINE AND TOXICOLOGY,1745-6673,true,,
JOURNAL OF OCEANOGRAPHY,1573-868X;0916-8370,true,,
JOURNAL OF OCEANOLOGY AND LIMNOLOGY,2523-3521;2096-5508,true,,
"JUSTICE, OPPORTUNITIES, AND REHABILITATION",2997-9668,true,,
JOURNAL OF OFFSHORE MECHANICS AND ARCTIC ENGINEERING - TRANSACTIONS OF THE ASME,1528-896X;0892-7219,true,,
JOURNAL OF OIL PALM RESEARCH,1511-2780,true,,
JOURNAL OF OLEO SCIENCE,1347-3352,true,,
JOURNAL OF OPERATOR THEORY,1841-7744;0379-4024,true,,
JOURNAL OF OPHTHALMIC AND VISION RESEARCH,2008-322X;2008-2010,true,,
JOURNAL OF OPHTHALMIC INFLAMMATION AND INFECTION,1869-5760,true,,
JOURNAL OF OPHTHALMOLOGY,2090-0058;2090-004X,true,,
JOURNAL OF OPTICS (UNITED KINGDOM),2040-8986;2040-8978,true,,
JOURNAL OF OPTOMETRY,1989-1342;1888-4296,false,2024-07-11,removed from the White List
JOURNAL OF ORAL AND FACIAL PAIN AND HEADACHE,2333-0384;2333-0376,true,,
JOURNAL OF ORAL AND MAXILLOFACIAL SURGERY,1531-5053;0278-2391,true,,
JOURNAL OF ORAL BIOSCIENCES,1880-3865;1349-0079,true,,
JOURNAL OF ORAL IMPLANTOLOGY,1548-1336;0160-6972,true,,
JOURNAL OF ORAL SCIENCE,1880-4926;1343-4934,true,,
JOURNAL OF ORGANIZATIONAL BEHAVIOR MANAGEMENT,1540-8604;0160-8061,true,,
JOURNAL OF ORGANIZATIONAL CHANGE MANAGEMENT,1758-7816;0953-4814,true,,
JOURNAL OF ORGANIZATIONAL COMPUTING AND ELECTRONIC COMMERCE,1532-7744;1091-9392,true,,
JOURNAL OF ORGANOMETALLIC CHEMISTRY,1872-8561;0022-328X,true,,
JOURNAL OF OROFACIAL ORTHOPEDICS,1615-6714;1434-5293,true,,
JOURNAL OF ORTHOPAEDIC SCIENCE,1436-2023;0949-2658,true,,
JOURNAL OF ORTHOPAEDIC SURGERY,2309-4990;1022-5536,true,,
JOURNAL OF ORTHOPAEDIC SURGERY AND RESEARCH,1749-799X,true,,
JOURNAL OF ORTHOPAEDICS,0972-978X,true,,
JOURNAL OF OSTEOPATHIC MEDICINE,2702-3648,true,,
JOURNAL OF OTOLOGY,1672-2930,true,,
JOURNAL OF OUTDOOR AND ENVIRONMENTAL EDUCATION,2522-879X;2206-3110,true,,
JOURNAL OF OUTDOOR RECREATION AND TOURISM - RESEARCH PLANNING AND MANAGEMENT,2213-0799;2213-0780,true,,
JOURNAL OF OUTDOOR RECREATION EDUCATION AND LEADERSHIP,2381-0696;1948-5123,true,,
JOURNAL OF OVONIC RESEARCH,1842-2403;1584-9953,true,,
JOURNAL OF PACIFIC ARCHAEOLOGY,1179-4712;1179-4704,true,,
JOURNAL OF PAEDIATRICS AND CHILD HEALTH,1440-1754;1034-4810,true,,
JOURNAL OF PAIN AND PALLIATIVE CARE PHARMACOTHERAPY,1536-0539;1536-0288,true,,
JOURNAL OF PALEOLIMNOLOGY,1573-0417;0921-2728,true,,
JOURNAL OF PALEONTOLOGY,1937-2337;0022-3360,true,,
JOURNAL OF PALESTINE STUDIES,1533-8614;0377-919X,true,,
JOURNAL OF PASTORAL THEOLOGY,2161-4504;1064-9867,true,,
JOURNAL OF PATHOLOGY AND TRANSLATIONAL MEDICINE,2383-7845;2383-7837,true,,
JOURNAL OF PATIENT-REPORTED OUTCOMES,2509-8020,true,,
JOURNAL OF PATIENT SAFETY,1549-8425;1549-8417,true,,
JOURNAL OF PEACE EDUCATION,1740-021X;1740-0201,true,,
JOURNAL OF PEDIATRIC AND ADOLESCENT GYNECOLOGY,1873-4332;1083-3188,true,,
JOURNAL OF PEDIATRIC ENDOCRINOLOGY AND METABOLISM,2191-0251;0334-018X,true,,
JOURNAL OF PEDIATRIC HEALTH CARE,1532-656X;0891-5245,true,,
JOURNAL OF PEDIATRIC HEMATOLOGY/ONCOLOGY,1536-3678;1077-4114,true,,
JOURNAL OF PEDIATRIC NURSING - NURSING CARE OF CHILDREN & FAMILIES,0882-5963;1532-8449,true,,
JOURNAL OF PEDIATRIC ORTHOPAEDICS - PART B,1473-5865;1060-152X,true,,
JOURNAL OF PEDIATRIC REHABILITATION MEDICINE,1875-8894;1874-5393,true,,
JOURNAL OF PEDIATRIC UROLOGY,1873-4898;1477-5131,true,,
JOURNAL OF PERFORMANCE OF CONSTRUCTED FACILITIES,1943-5509;0887-3828,true,,
JOURNAL OF PERIANESTHESIA NURSING,1532-8473;1089-9472,true,,
JOURNAL OF PERIODONTAL AND IMPLANT SCIENCE,2093-2286;2093-2278,true,,
JOURNAL OF PERSIANATE STUDIES,1874-7167;1874-7094,true,,
JOURNAL OF PERSONALITY DISORDERS,1943-2763;0885-579X,true,,
JOURNAL OF PETROLEUM EXPLORATION AND PRODUCTION TECHNOLOGY,2190-0566;2190-0558,true,,
JOURNAL OF PHARMACEUTICAL HEALTH SERVICES RESEARCH,1759-8893;1759-8885,true,,
JOURNAL OF PHARMACEUTICAL INNOVATION,1939-8042;1872-5120,true,,
JOURNAL OF PHARMACEUTICAL SCIENCES,1520-6017;0022-3549,true,,
JOURNAL OF PHARMACOKINETICS AND PHARMACODYNAMICS,1573-8744;1567-567X,true,,
JOURNAL OF PHARMACOLOGICAL AND TOXICOLOGICAL METHODS,1873-488X;1056-8719,true,,
JOURNAL OF PHARMACOLOGICAL SCIENCES,1347-8648;1347-8613,false,2024-07-11,removed from the White List
JOURNAL OF PHARMACY AND PHARMACEUTICAL SCIENCES,1482-1826,true,,
JOURNAL OF PHASE EQUILIBRIA AND DIFFUSION,1863-7345;1547-7037,true,,
JOURNAL OF PHILANTHROPY AND MARKETING,2691-1361,true,,
JOURNAL OF PHILOSOPHICAL RESEARCH,2153-7984;1053-8364,true,,
JOURNAL OF PHOTONICS FOR ENERGY,1947-7988,true,,
JOURNAL OF PHYSICAL CHEMISTRY A,1520-5215;1089-5639,true,,
JOURNAL OF PHYSICAL CHEMISTRY B,1520-6106;1520-5207,true,,
"JOURNAL OF PHYSICAL EDUCATION, RECREATION AND DANCE",2168-3816;0730-3084,true,,
JOURNAL OF PHYSICAL ORGANIC CHEMISTRY,1099-1395;0894-3230,true,,
JOURNAL OF PHYSICAL SCIENCE,2180-4230;1675-3402,true,,
JOURNAL OF PHYSICS - CONDENSED MATTER,1361-648X;0953-8984,true,,
"JOURNAL OF PHYSICS B: ATOMIC, MOLECULAR AND OPTICAL PHYSICS",1361-6455;0953-4075,true,,
JOURNAL OF PHYSICS COMMUNICATIONS,2399-6528,true,,
JOURNAL OF PHYSIOLOGICAL ANTHROPOLOGY,1880-6805;1880-6791,true,,
JOURNAL OF PHYSIOLOGICAL SCIENCES,1880-6562;1880-6546,true,,
JOURNAL OF PHYSIOLOGY AND PHARMACOLOGY,1899-1505;0867-5910,true,,
JOURNAL OF PHYTOPATHOLOGY,1439-0434;0931-1785,true,,
JOURNAL OF PIDGIN AND CREOLE LANGUAGES,1569-9870;0920-9034,true,,
JOURNAL OF PIPELINE SYSTEMS ENGINEERING AND PRACTICE,1949-1204;1949-1190,true,,
JOURNAL OF PLACE MANAGEMENT AND DEVELOPMENT,1753-8343;1753-8335,true,,
JOURNAL OF PLANKTON RESEARCH,1464-3774;0142-7873,true,,
JOURNAL OF PLANT BIOCHEMISTRY AND BIOTECHNOLOGY,0974-1275;0971-7811,true,,
JOURNAL OF PLANT DISEASES AND PROTECTION,1861-3837;1861-3829,true,,
JOURNAL OF PLANT ECOLOGY,1752-993X;1752-9921,true,,
JOURNAL OF PLASMA PHYSICS,1469-7807;0022-3778,true,,
JOURNAL OF PLASTIC SURGERY AND HAND SURGERY,2000-6764;2000-656X,true,,
JOURNAL OF POLICY AND PRACTICE IN INTELLECTUAL DISABILITIES,1741-1130;1741-1122,true,,
"JOURNAL OF POLICY RESEARCH IN TOURISM, LEISURE AND EVENTS",1940-7971;1940-7963,true,,
JOURNAL OF POLITICAL IDEOLOGIES,1469-9613;1356-9317,true,,
JOURNAL OF POLITICAL POWER,2158-3803;2158-379X,true,,
JOURNAL OF POLITICAL SCIENCE EDUCATION,1551-2177;1551-2169,true,,
JOURNAL OF POLITICS IN LATIN AMERICA,1868-4890;1866-802X,true,,
JOURNAL OF POLYMER ENGINEERING,2191-0340;0334-6447,true,,
JOURNAL OF POLYMER RESEARCH,1572-8935;1022-9760,true,,
JOURNAL OF POLYMER SCIENCE,2642-4169;2642-4150,true,,
JOURNAL OF POPULAR CULTURE,1540-5931;0022-3840,true,,
JOURNAL OF POPULAR FILM AND TELEVISION,1930-6458;0195-6051,true,,
JOURNAL OF POPULAR MUSIC STUDIES,1533-1598;1524-2226,true,,
JOURNAL OF POPULAR TELEVISION,2046-987X;2046-9861,true,,
JOURNAL OF POPULATION AGEING,1874-7884;1874-7876,true,,
JOURNAL OF POROUS MATERIALS,1573-4854;1380-2224,true,,
JOURNAL OF POROUS MEDIA,1934-0508;1091-028X,true,,
JOURNAL OF PORPHYRINS AND PHTHALOCYANINES,1099-1409;1088-4246,true,,
JOURNAL OF PORTFOLIO MANAGEMENT,2168-8656;0095-4918,true,,
JOURNAL OF PORTUGUESE LINGUISTICS,1645-4537;2397-5563,true,,
JOURNAL OF POST KEYNESIAN ECONOMICS,1557-7821;0160-3477,true,,
JOURNAL OF POSTGRADUATE MEDICINE,0972-2823;0022-3859,true,,
JOURNAL OF POSTHUMAN STUDIES - PHILOSOPHY TECHNOLOGY MEDIA,2472-4513;2471-4461,true,,
JOURNAL OF POVERTY,1540-7608;1087-5549,true,,
THE JOURNAL OF POVERTY AND SOCIAL JUSTICE,1759-8281;1759-8273,true,,
JOURNAL OF PREVENTION,2731-5541;2731-5533,true,,
JOURNAL OF PRIMARY HEALTH CARE,1172-6164;1172-6156,true,,
JOURNAL OF PROGRESSIVE HUMAN SERVICES,1540-7616;1042-8232,true,,
JOURNAL OF PROJECT MANAGEMENT (CANADA),2371-8374;2371-8366,true,,
JOURNAL OF PROPERTY INVESTMENT AND FINANCE,1470-2002;1463-578X,true,,
"JOURNAL OF PROPERTY, PLANNING AND ENVIRONMENTAL LAW",2514-9415;2514-9407,true,,
JOURNAL OF PROSTHETICS AND ORTHOTICS,1534-6331;1040-8800,true,,
JOURNAL OF PSYCHIATRIC AND MENTAL HEALTH NURSING,1365-2850;1351-0126,true,,
JOURNAL OF PSYCHIATRIC PRACTICE,1538-1145;1527-4160,true,,
JOURNAL OF PSYCHOEDUCATIONAL ASSESSMENT,1557-5144;0734-2829,true,,
JOURNAL OF PSYCHOSOCIAL NURSING AND MENTAL HEALTH SERVICES,1938-2413;0279-3695,true,,
JOURNAL OF PSYCHOSOCIAL ONCOLOGY,1540-7586;0734-7332,true,,
JOURNAL OF PSYCHOTHERAPY INTEGRATION,1573-3696;1053-0479,true,,
JOURNAL OF PUBLIC AND NONPROFIT AFFAIRS,2381-3717,true,,
JOURNAL OF PUBLIC ECONOMIC THEORY,1467-9779;1097-3923,true,,
ZEITSCHRIFT FÜR GESUNDHEITSWISSENSCHAFTEN,2198-1833;1613-2238;0943-1853,true,,
JOURNAL OF PUBLIC HEALTH DENTISTRY,1752-7325;0022-4006,true,,
JOURNAL OF PUBLIC HEALTH MANAGEMENT AND PRACTICE : JPHMP,1550-5022;1078-4659,true,,
JOURNAL OF PUBLIC HEALTH RESEARCH,2279-9036;2279-9028,true,,
JOURNAL OF PUBLIC PROCUREMENT,2150-6930;1535-0118,true,,
JOURNAL OF PURE AND APPLIED ALGEBRA,1873-1376;0022-4049,true,,
JOURNAL OF QUALITY ASSURANCE IN HOSPITALITY AND TOURISM,1528-0098;1528-008X,true,,
JOURNAL OF QUALITY IN MAINTENANCE ENGINEERING,1758-7832;1355-2511,true,,
JOURNAL OF QUR'ANIC STUDIES,1755-1730;1465-3591,true,,
JOURNAL OF RADIATION RESEARCH,1349-9157;0449-3060,true,,
JOURNAL OF RADIATION RESEARCH AND APPLIED SCIENCES,1687-8507,false,2024-07-11,removed from the White List
JOURNAL OF RADIO AND AUDIO MEDIA,1937-6537;1937-6529,true,,
JOURNAL OF RADIOANALYTICAL AND NUCLEAR CHEMISTRY,1588-2780;0236-5731,true,,
JOURNAL OF RADIOLOGICAL PROTECTION,1361-6498;0952-4746,true,,
JOURNAL OF RADIOSURGERY AND SBRT,2156-4647;2156-4639,true,,
JOURNAL OF RAIL TRANSPORT PLANNING AND MANAGEMENT,2210-9714;2210-9706,true,,
JOURNAL OF RAPTOR RESEARCH,2162-4569;0892-1016,true,,
JOURNAL OF REAL-TIME IMAGE PROCESSING,1861-8219;1861-8200,true,,
JOURNAL OF REAL ESTATE FINANCE AND ECONOMICS,1573-045X;0895-5638,true,,
JOURNAL OF REAL ESTATE RESEARCH,2691-1175;0896-5803,true,,
JOURNAL OF RECONSTRUCTIVE MICROSURGERY,1098-8947;0743-684X,true,,
JOURNAL OF REGIONAL AND CITY PLANNING,2502-6429,true,,
JOURNAL OF REGULATORY ECONOMICS,1573-0468;0922-680X,true,,
JOURNAL OF RELIGION IN AFRICA,1570-0666;0022-4200,true,,
JOURNAL OF RELIGION IN EUROPE,1874-8929;1874-8910,true,,
JOURNAL OF RELIGION IN JAPAN,2211-8349;2211-8330,true,,
JOURNAL OF RELIGIOUS HISTORY,1467-9809;0022-4227,true,,
JOURNAL OF RENAL CARE,1755-6686;1755-6678,true,,
JOURNAL OF RENEWABLE AND SUSTAINABLE ENERGY,1941-7012,true,,
JOURNAL OF REPRODUCTIVE AND INFANT PSYCHOLOGY,1469-672X;0264-6838,true,,
JOURNAL OF REPRODUCTIVE IMMUNOLOGY,1872-7603;0165-0378,true,,
JOURNAL OF RESEARCH IN CHILDHOOD EDUCATION,2150-2641;0256-8543,true,,
JOURNAL OF RESEARCH IN HEALTH SCIENCES,2228-7809;2228-7795,true,,
JOURNAL OF RESEARCH IN INTERNATIONAL EDUCATION,1741-2943;1475-2409,true,,
JOURNAL OF RESEARCH IN MEDICAL SCIENCES,1735-7136;1735-1995,true,,
JOURNAL OF RESEARCH IN NURSING,1744-988X;1744-9871,true,,
JOURNAL OF RESEARCH OF THE NATIONAL INSTITUTE OF STANDARDS AND TECHNOLOGY,2165-7254;1044-677X,true,,
JOURNAL OF RESEARCH ON LEADERSHIP EDUCATION,1942-7751,true,,
JOURNAL OF RISK FINANCE,2331-2947;1526-5943,true,,
JOURNAL OF ROBOTICS,1687-9619;1687-9600,true,,
JOURNAL OF ROMAN ARCHAEOLOGY,2331-5709;1047-7594,true,,
JOURNAL OF SCANDINAVIAN CINEMA,2042-7905;2042-7891,true,,
JOURNAL OF SCHEDULING,1099-1425;1094-6136,true,,
JOURNAL OF SCIENCE AND TECHNOLOGY OF THE ARTS,2183-0088;1646-9798,true,,
JOURNAL OF SCIENCE TEACHER EDUCATION,1573-1847;1046-560X,true,,
JOURNAL OF SCIENTIFIC AND INDUSTRIAL RESEARCH,0975-1084;0022-4456,true,,
JOURNAL OF SCIENTOMETRIC RESEARCH,2321-6654;2320-0057,true,,
JOURNAL OF SCLERODERMA AND RELATED DISORDERS,2397-1991;2397-1983,true,,
JOURNAL OF SEA RESEARCH,1873-1414;1385-1101,false,2024-07-11,removed from the White List
JOURNAL OF SEED SCIENCE,2317-1545;2317-1537,true,,
JOURNAL OF SEISMOLOGY,1573-157X;1383-4649,true,,
JOURNAL OF SEMICONDUCTORS,1674-4926,true,,
JOURNAL OF SENSORS,1687-7268;1687-725X,true,,
JOURNAL OF SENSORS AND SENSOR SYSTEMS,2194-878X;2194-8771,true,,
JOURNAL OF SENSORY STUDIES,1745-459X;0887-8250,true,,
JOURNAL OF SEPARATION SCIENCE,1615-9314;1615-9306,true,,
JOURNAL OF SEX AND MARITAL THERAPY,1521-0715;0092-623X,true,,
JOURNAL OF SHIP PRODUCTION AND DESIGN,2158-2874;2158-2866,true,,
JOURNAL OF SIBERIAN FEDERAL UNIVERSITY - MATHEMATICS AND PHYSICS|ЖУРНАЛ СИБИРСКОГО ФЕДЕРАЛЬНОГО УНИВЕРСИТЕТА. СЕРИЯ: МАТЕМАТИКА И ФИЗИКА,1997-1397;2313-6022,true,,
JOURNAL OF SIGNAL PROCESSING SYSTEMS FOR SIGNAL IMAGE AND VIDEO TECHNOLOGY,1939-8115;1939-8018,true,,
JOURNAL OF SLAVIC LINGUISTICS,1543-0391;1068-2090,true,,
JOURNAL OF SMALL ANIMAL PRACTICE,1748-5827;0022-4510,true,,
JOURNAL OF SOCIAL AND CLINICAL PSYCHOLOGY,1943-2771;0736-7236,true,,
JOURNAL OF SOCIAL AND POLITICAL PSYCHOLOGY,2195-3325,true,,
JOURNAL OF SOCIAL INCLUSION,1836-8808,true,,
JOURNAL OF SOCIAL PSYCHOLOGY,1940-1183;0022-4545,true,,
JOURNAL OF SOCIAL SERVICE RESEARCH,1540-7314;0148-8376,true,,
JOURNAL OF SOCIAL WELFARE AND FAMILY LAW,1469-9621;0964-9069,true,,
JOURNAL OF SOCIAL WORK PRACTICE,1465-3885;0265-0533,true,,
JOURNAL OF SOCIAL WORK PRACTICE IN THE ADDICTIONS,1533-2578;1533-256X,true,,
JOURNAL OF SOFTWARE - EVOLUTION AND PROCESS,2047-7473;2047-7481,true,,
JOURNAL OF SOILS AND WATER CONSERVATION,1941-3300;0022-4561,true,,
JOURNAL OF SOLAR ENERGY ENGINEERING - TRANSACTIONS OF THE ASME,1528-8986;0199-6231,true,,
JOURNAL OF SOLID STATE CHEMISTRY,1095-726X;0022-4596,true,,
JOURNAL OF SOLID STATE ELECTROCHEMISTRY,1433-0768;1432-8488,true,,
JOURNAL OF SOUTH AMERICAN EARTH SCIENCES,1873-0647;0895-9811,true,,
JOURNAL OF SOUTHEAST ASIAN ECONOMIES,2339-5206;2339-5095,true,,
JOURNAL OF SOUTHERN HEMISPHERE EARTH SYSTEMS SCIENCE,2206-5865,true,,
JOURNAL OF SOUTHERN HISTORY,2325-6893;0022-4642,true,,
JOURNAL OF SPANISH CULTURAL STUDIES,1469-9818;1463-6204,true,,
JOURNAL OF SPECTROSCOPY,2314-4939;2314-4920,true,,
JOURNAL OF SPECULATIVE PHILOSOPHY,1527-9383;0891-625X,true,,
JOURNAL OF SPIRITUAL FORMATION AND SOUL CARE,2328-1030;1939-7909,true,,
JOURNAL OF SPORT AND EXERCISE PSYCHOLOGY,1543-2904;0895-2779,true,,
JOURNAL OF SPORT PSYCHOLOGY IN ACTION,2152-0712;2152-0704,true,,
JOURNAL OF SPORTS ANALYTICS,2215-0218;2215-020X,true,,
JOURNAL OF SPORTS MEDICINE AND PHYSICAL FITNESS,1827-1928;0022-4707,true,,
JOURNAL OF STATISTICAL COMPUTATION AND SIMULATION,1563-5163;0094-9655,true,,
JOURNAL OF STATISTICAL PHYSICS,1572-9613;0022-4715,true,,
JOURNAL OF STATISTICS AND DATA SCIENCE EDUCATION,2693-9169,true,,
JOURNAL OF STATISTICS AND MANAGEMENT SYSTEMS,2169-0014;0972-0510,true,,
"JOURNAL OF STOMATOLOGY, ORAL AND MAXILLOFACIAL SURGERY",2468-8509;2468-7855,true,,
JOURNAL OF STRAIN ANALYSIS FOR ENGINEERING DESIGN,2041-3130;0309-3247,true,,
JOURNAL OF STRATEGY AND MANAGEMENT,1755-425X;1755-4268,true,,
JOURNAL OF STRUCTURAL BIOLOGY,1095-8657;1047-8477,true,,
JOURNAL OF STRUCTURAL BIOLOGY - X,2590-1524,false,2024-07-11,removed from the White List
JOURNAL OF STRUCTURAL INTEGRITY AND MAINTENANCE,2470-5322;2470-5314,true,,
JOURNAL OF SUBSTANCE USE & ADDICTION TREATMENT,2949-8767;2949-8759,true,,
JOURNAL OF SULFUR CHEMISTRY,1741-6000;1741-5993,true,,
JOURNAL OF SUPERCONDUCTIVITY AND NOVEL MAGNETISM,1557-1947;1557-1939,true,,
JOURNAL OF SUPREME COURT HISTORY,1540-5818;1059-4329,true,,
JOURNAL OF SURFACTANTS AND DETERGENTS,1558-9293;1097-3958,true,,
JOURNAL OF SURGICAL RESEARCH,1095-8673;0022-4804,true,,
"JOURNAL OF SURVEYING ENGINEERING, - ASCE",1943-5428;0733-9453,true,,
JOURNAL OF SUSTAINABLE FORESTRY,1540-756X;1054-9811,true,,
JOURNAL OF SUSTAINABLE WATER IN THE BUILT ENVIRONMENT,2379-6111,true,,
JOURNAL OF SYMBOLIC LOGIC,1943-5886;0022-4812,true,,
JOURNAL OF SYMPLECTIC GEOMETRY,1540-2347;1527-5256,true,,
JOURNAL OF SYSTEMS ENGINEERING AND ELECTRONICS,1671-1793;1004-4132,true,,
JOURNAL OF SYSTEMS SCIENCE AND COMPLEXITY,1559-7067;1009-6124,true,,
JOURNAL OF SYSTEMS SCIENCE AND SYSTEMS ENGINEERING,1861-9576;1004-3756,true,,
JOURNAL OF TAIBAH UNIVERSITY MEDICAL SCIENCES,1658-3612,false,2024-07-11,removed from the White List
JOURNAL OF TEACHING IN INTERNATIONAL BUSINESS,1528-6991;0897-5930,true,,
JOURNAL OF TEACHING IN SOCIAL WORK,1540-7349;0884-1233,true,,
JOURNAL OF TEACHING IN TRAVEL AND TOURISM,1531-3239;1531-3220,true,,
JOURNAL OF TESTING AND EVALUATION,1945-7553;0090-3973,true,,
JOURNAL OF THE ACADEMY OF CONSULTATION - LIAISON PSYCHIATRY,2667-2960;2667-2979,true,,
JOURNAL OF THE ACOUSTICAL SOCIETY OF AMERICA,1520-8524;0001-4966,true,,
JOURNAL OF THE AIR AND WASTE MANAGEMENT ASSOCIATION,2162-2906;1096-2247,true,,
JOURNAL OF THE AMERICAN ACADEMY OF AUDIOLOGY,2157-3107;1050-0545,true,,
JOURNAL OF THE AMERICAN ACADEMY OF ORTHOPAEDIC SURGEONS GLOBAL RESEARCH AND REVIEWS,2474-7661,true,,
JOURNAL OF THE AMERICAN ACADEMY OF PSYCHIATRY AND THE LAW,1943-3662;1093-6793,true,,
JOURNAL OF THE AMERICAN ANIMAL HOSPITAL ASSOCIATION,1547-3317;0587-2871,true,,
JOURNAL OF THE AMERICAN ASSOCIATION FOR LABORATORY ANIMAL SCIENCE,1559-6109,true,,
JOURNAL OF THE AMERICAN ASSOCIATION OF NURSE PRACTITIONERS,2327-6924;2327-6886,true,,
JOURNAL OF THE AMERICAN BOARD OF FAMILY MEDICINE,1558-7118;1557-2625,true,,
JOURNAL OF THE AMERICAN COLLEGE OF EMERGENCY PHYSICIANS OPEN,2688-1152,true,,
JOURNAL OF THE AMERICAN NUTRITION ASSOCIATION,2769-707X;2769-7061,true,,
"JAOCS, JOURNAL OF THE AMERICAN OIL CHEMISTS' SOCIETY",1558-9331;0003-021X,true,,
JOURNAL OF THE AMERICAN POMOLOGICAL SOCIETY,1527-3741,true,,
JOURNAL OF THE AMERICAN PSYCHIATRIC NURSES ASSOCIATION,1532-5725;1078-3903,true,,
JOURNAL OF THE AMERICAN SOCIETY OF BREWING CHEMISTS,1943-7854;0361-0470,true,,
JOURNAL OF THE AMERICAN TAXATION ASSOCIATION,1558-8017;0198-9073,true,,
JOURNAL OF THE ANUS RECTUM AND COLON,2432-3853,true,,
JOURNAL OF THE ASABE,2769-3295;2769-3287,true,,
JOURNAL OF THE ASTRONAUTICAL SCIENCES,2195-0571;0021-9142,true,,
JOURNALS OF THE ATMOSPHERIC SCIENCES,1520-0469;0022-4928,true,,
AES: JOURNAL OF THE AUDIO ENGINEERING SOCIETY,1549-4950,true,,
JOURNAL OF THE AUSTRALIAN CERAMIC SOCIETY,2510-1579;2510-1560,true,,
JOURNAL OF THE AUSTRALIAN LIBRARY AND INFORMATION ASSOCIATION,2475-0166;2475-0158,true,,
JOURNAL OF THE AUSTRALIAN MATHEMATICAL SOCIETY,1446-8107;1446-7887,true,,
JOURNAL OF THE BRAZILIAN CHEMICAL SOCIETY,1678-4790;0103-5053,true,,
JOURNAL OF THE BRAZILIAN SOCIETY OF MECHANICAL SCIENCES AND ENGINEERING,1806-3691;1678-5878,true,,
JOURNAL OF THE BRITISH ARCHAEOLOGICAL ASSOCIATION,1747-6704;0068-1288,true,,
JOURNAL OF THE BRITISH SOCIETY FOR PHENOMENOLOGY,2332-0486;0007-1773,true,,
JOURNAL OF THE CHINESE CHEMICAL SOCIETY,2192-6549;0009-4536,true,,
JOURNAL OF THE ECONOMIC SCIENCE ASSOCIATION - JESA,2199-6784;2199-6776,true,,
JOURNAL OF THE EGYPTIAN PUBLIC HEALTH ASSOCIATION,2090-262X;0013-2446,true,,
JOURNAL OF THE ENDOCRINE SOCIETY,2472-1972,true,,
JOURNAL OF THE EUROPEAN OPTICAL SOCIETY - RAPID PUBLICATIONS,1990-2573,true,,
JOURNAL OF THE EXPERIMENTAL ANALYSIS OF BEHAVIOR,1938-3711;0022-5002,true,,
JOURNAL OF THE GEOGRAPHICAL INSTITUTE JOVAN CVIJIC SASA,1821-2808;0350-7599,true,,
JOURNAL OF THE GEOLOGICAL SOCIETY OF INDIA,0974-6889;0016-7622,true,,
JOURNAL OF THE GILDED AGE AND PROGRESSIVE ERA,1943-3557;1537-7814,true,,
JOURNAL OF THE HISTORY OF COLLECTIONS,1477-8564;0954-6650,true,,
JOURNAL OF THE HISTORY OF IDEAS,1086-3222;0022-5037,true,,
JOURNAL OF THE HISTORY OF INTERNATIONAL LAW,1571-8050;1388-199X,true,,
JOURNAL OF THE HISTORY OF SEXUALITY,1535-3605;1043-4070,true,,
JOURNAL OF THE HISTORY OF THE NEUROSCIENCES,1744-5213;0964-704X,true,,
JOURNAL OF THE INDONESIAN TROPICAL ANIMAL AGRICULTURE,2460-6278;2087-8273,true,,
JOURNAL OF THE INSTITUTE OF BREWING,2050-0416;0046-9750,true,,
JOURNAL OF THE INTERNATIONAL NEUROPSYCHOLOGICAL SOCIETY,1469-7661;1355-6177,true,,
JOURNAL OF THE IRANIAN CHEMICAL SOCIETY,1735-2428;1735-207X,true,,
JOURNAL OF THE KOREAN CERAMIC SOCIETY,2234-0491;1229-7801,true,,
JOURNAL OF THE LONDON MATHEMATICAL SOCIETY - SECOND SERIES,1469-7750;0024-6107,true,,
JOURNAL OF THE MARINE BIOLOGICAL ASSOCIATION OF THE UNITED KINGDOM,1469-7769;0025-3154,true,,
JOURNAL OF THE MATHEMATICAL SOCIETY OF JAPAN,0025-5645,true,,
JOURNAL OF THE MECHANICAL BEHAVIOR OF BIOMEDICAL MATERIALS,1878-0180;1751-6161,true,,
JOURNAL OF THE MECHANICAL BEHAVIOR OF MATERIALS,2191-0243;0334-8938,true,,
JOURNAL OF THE METEOROLOGICAL SOCIETY OF JAPAN,2186-9057,true,,
JOURNAL OF THE NATIONAL SCIENCE FOUNDATION OF SRI LANKA,2362-0161;1391-4588,true,,
JOURNAL OF THE NEUROLOGICAL SCIENCES,1878-5883;0022-510X,true,,
"JOURNAL OF THE OPTICAL SOCIETY OF AMERICA A: OPTICS AND IMAGE SCIENCE, AND VISION",1520-8532;1084-7529,true,,
JOURNAL OF THE OPTICAL SOCIETY OF AMERICA B - OPTICAL PHYSICS,1520-8540;0740-3224,true,,
JPMA. THE JOURNAL OF THE PAKISTAN MEDICAL ASSOCIATION,0030-9982,true,,
JOURNAL OF THE PHILOSOPHY OF SPORT,1543-2939;0094-8705,true,,
JOURNAL OF THE PHYSICAL SOCIETY OF JAPAN,1347-4073,true,,
WAKA KUAKA : JOURNAL OF THE POLYNESIAN SOCIETY,2816-1599;2816-1580,true,,
JOURNAL OF THE PROFESSIONAL ASSOCIATION FOR CACTUS DEVELOPMENT,1938-6648;1938-663X,true,,
JRAAS - JOURNAL OF THE RENIN - ANGIOTENSIN - ALDOSTERONE SYSTEM,1752-8976;1470-3203,true,,
JOURNAL OF THE ROYAL ASIATIC SOCIETY,1474-0591;1356-1863,true,,
THE JOURNAL OF THE ROYAL COLLEGE OF PHYSICIANS OF EDINBURGH,2042-8189;1478-2715,true,,
JOURNAL OF THE ROYAL MUSICAL ASSOCIATION,1471-6933;0269-0403,true,,
JOURNAL OF THE ROYAL STATISTICAL SOCIETY. SERIES C: APPLIED STATISTICS,1467-9876;0035-9254,true,,
JOURNAL OF THE SERBIAN SOCIETY FOR COMPUTATIONAL MECHANICS,1820-6530,true,,
JOURNAL OF THE SOCIETY OF ARCHITECTURAL HISTORIANS,2150-5926;0037-9808,true,,
JOURNAL OF THE SOUTH AFRICAN VETERINARY ASSOCIATION,2224-9435;1019-9128,true,,
JOURNAL OF THE SOUTHERN AFRICAN INSTITUTE OF MINING AND METALLURGY,0038-223X;2411-9717;2225-6253,true,,
JOURNAL OF THE TEXTILE INSTITUTE,1754-2340;0040-5000,true,,
JOURNAL OF THE WARBURG AND COURTAULD INSTITUTES,2044-0014;0075-4390,true,,
JOURNAL OF THEORETICAL AND PHILOSOPHICAL PSYCHOLOGY,2151-3341;1068-8471,true,,
JOURNAL OF THEORETICAL POLITICS,1460-3667;0951-6298,true,,
JOURNAL OF THERMAL SCIENCE,1993-033X;1003-2169,true,,
JOURNAL OF THERMOPHYSICS AND HEAT TRANSFER,1533-6808;0887-8722,true,,
JOURNAL OF THERMOPLASTIC COMPOSITE MATERIALS,1530-7980;0892-7057,true,,
JOURNAL OF THORACIC DISEASE,2077-6624;2072-1439,true,,
JOURNAL OF TIME SERIES ANALYSIS,1467-9892;0143-9782,true,,
JOURNAL OF TISSUE VIABILITY,1876-4746;0965-206X,true,,
JOURNAL OF TOURISM AND CULTURAL CHANGE,1747-7654;1476-6825,true,,
JOURNAL OF TOXICOLOGIC PATHOLOGY,1881-915X;0914-9198,true,,
JOURNAL OF TOXICOLOGY AND ENVIRONMENTAL HEALTH - PART A - CURRENT ISSUES,1528-7394,true,,
JOURNAL OF TRACE ELEMENTS IN MEDICINE AND BIOLOGY,1878-3252;0946-672X,true,,
JOURNAL OF TRADITIONAL CHINESE MEDICINE,1577-6999;1577-7014;0255-2922,true,,
JOURNAL OF TRANSFORMATIVE EDUCATION,1552-7840;1541-3446,true,,
JOURNAL OF TRANSLATIONAL AUTOIMMUNITY,2589-9090,false,2024-07-11,removed from the White List
JOURNAL OF TRANSPLANTATION,2090-0015;2090-0007,true,,
JOURNAL OF TRANSPORT AND LAND USE,1938-7849,true,,
JOURNAL OF TRANSPORT ECONOMICS AND POLICY,1754-5951;0022-5258,true,,
JOURNAL OF TRANSPORTATION ENGINEERING PART A - SYSTEMS,2473-2907;2473-2893,true,,
JOURNAL OF TRANSPORTATION ENGINEERING PART B - PAVEMENTS,2573-5438,true,,
JOURNAL OF TRANSPORTATION SAFETY AND SECURITY,1943-9970;1943-9962,true,,
JOURNAL OF TRAUMA AND DISSOCIATION,1529-9740;1529-9732,true,,
JOURNAL OF TRIBOLOGY,1528-8897;0742-4787,true,,
JOURNAL OF TROPICAL ECOLOGY,1469-7831;0266-4674,true,,
JOURNAL OF TROPICAL PEDIATRICS,1465-3664;0142-6338,true,,
JOURNAL OF TRUST RESEARCH,2151-559X;2151-5581,true,,
JOURNAL OF TURBULENCE,1468-5248,true,,
JOURNAL OF ULTRASOUND,1876-7931;1971-3495,true,,
JOURNAL OF ULTRASOUND IN MEDICINE,1550-9613;0278-4297,true,,
JOURNAL OF UNIVERSAL COMPUTER SCIENCE,0948-6968;0948-695X,true,,
JOURNAL OF UNIVERSITY TEACHING AND LEARNING PRACTICE,1449-9789,true,,
JOURNAL OF URBAN AND REGIONAL ANALYSIS,2068-9969;2067-4082,true,,
JOURNAL OF VACUUM SCIENCE AND TECHNOLOGY B,2166-2746;2166-2754,true,,
JOURNAL OF VALUE INQUIRY,1573-0492;0022-5363,true,,
JOURNAL OF VASCULAR ACCESS,1724-6032;1129-7298,true,,
JOURNAL OF VASCULAR AND INTERVENTIONAL RADIOLOGY,1535-7732;1051-0443,true,,
JOURNAL OF VASCULAR NURSING,1532-6578;1062-0303,true,,
JOURNAL OF VECTOR ECOLOGY,1081-1710,true,,
JOURNAL OF VERTEBRATE BIOLOGY,2694-7684,true,,
JOURNAL OF VESTIBULAR RESEARCH: EQUILIBRIUM AND ORIENTATION,1878-6464;0957-4271,true,,
JOURNAL OF VETERINARY CARDIOLOGY,1875-0834;1760-2734,true,,
JOURNAL OF VETERINARY DENTISTRY,2470-4083;0898-7564,true,,
JOURNAL OF VETERINARY DIAGNOSTIC INVESTIGATION,1943-4936;1040-6387,true,,
JOURNAL OF VETERINARY EMERGENCY AND CRITICAL CARE,1479-3261;1476-4431,true,,
JOURNAL OF VETERINARY MEDICAL EDUCATION,1943-7218;0748-321X,true,,
JOURNAL OF VETERINARY MEDICAL SCIENCE,1347-7439;0916-7250,true,,
JOURNAL OF VETERINARY SCIENCE,1976-555X;1229-845X,true,,
"JOURNAL OF VIBRATION AND ACOUSTICS, TRANSACTIONS OF THE ASME",1528-8927;1048-9002,true,,
JOURNAL OF VIBRATION ENGINEERING AND TECHNOLOGIES,2321-3558;2523-3939;2523-3920,true,,
JOURNAL OF VINYL AND ADDITIVE TECHNOLOGY,1548-0585;1083-5601,true,,
JOURNAL OF VISION,1534-7362,true,,
JOURNAL OF VISUAL IMPAIRMENT AND BLINDNESS,1559-1476;0145-482X,true,,
JOURNAL OF VISUALIZATION,1875-8975;1343-8875;1386-6478,true,,
JOURNAL OF VOCATIONAL REHABILITATION,1878-6316;1052-2263,true,,
JOURNAL OF VOICE,1873-4588;0892-1997,true,,
JOURNAL OF VOLCANOLOGY AND SEISMOLOGY,1819-7108;0742-0463,true,,
JOURNAL OF WAR AND CULTURE STUDIES,1752-6280;1752-6272,true,,
JOURNAL OF WATER AND CLIMATE CHANGE,2408-9354;2040-2244,true,,
"JOURNAL OF WATERWAY, PORT, COASTAL AND OCEAN ENGINEERING",1943-5460;0733-950X,true,,
JOURNAL OF WEB LIBRARIANSHIP,1932-2917;1932-2909,true,,
JOURNAL OF WILDLIFE DISEASES,0090-3558,true,,
JOURNAL OF WINE ECONOMICS,1931-437X;1931-4361,true,,
JOURNAL OF WOMEN'S HISTORY,1527-2036;1042-7961,true,,
JOURNAL OF WORKPLACE LEARNING,1758-7859;1366-5626,true,,
JOURNAL OF WORLD-SYSTEMS RESEARCH,1076-156X,true,,
JOURNAL OF WORLD ENERGY LAW AND BUSINESS,1754-9965;1754-9957,true,,
JOURNAL OF WORLD INTELLECTUAL PROPERTY,1747-1796;1422-2213,true,,
JOURNAL OF WORLD TRADE,2210-2795;1011-6702,true,,
JOURNAL OF X-RAY SCIENCE AND TECHNOLOGY,1095-9114;0895-3996,true,,
JOURNAL OF ZOO AND AQUARIUM RESEARCH,2214-7594,true,,
JOURNAL ON EFFICIENCY AND RESPONSIBILITY IN EDUCATION AND SCIENCE,2336-2375;1803-1617,true,,
JOURNAL ON MULTIMODAL USER INTERFACES,1783-8738;1783-7677,true,,
JOURNEYS - THE INTERNATIONAL JOURNAL OF TRAVEL AND TRAVEL WRITING,1752-2358;1465-2609,true,,
JOVE - JOURNAL OF VISUALIZED EXPERIMENTS,1940-087X,true,,
JSLS - JOURNAL OF THE SOCIETY OF LAPAROENDOSCOPIC SURGEONS,1938-3797;1086-8089,true,,
JTCVS TECHNIQUES,2666-2507,false,2024-07-11,removed from the White List
JUDGMENT AND DECISION MAKING,1930-2975,true,,
JURISPRUDENCE - AN INTERNATIONAL JOURNAL OF LEGAL AND POLITICAL THOUGHT,2040-3321;2040-3313,true,,
JURNAL KOMUNIKASI - MALAYSIAN JOURNAL OF COMMUNICATION,2289-1528;2289-151X,true,,
JUVENILE AND FAMILY COURT JOURNAL,1755-6988;0161-7109,true,,
KAMCHATKA - REVISTA DE ANALISIS CULTURAL,2340-1869,true,,
KANT-STUDIEN,1613-1134;0022-8877,true,,
KARDIOLOGIA POLSKA,1897-4279;0022-9032,true,,
KEIO JOURNAL OF MEDICINE,1880-1293;0022-9717,true,,
KENYON REVIEW,2327-8307;0163-075X,true,,
KEW BULLETIN,1874-933X;0075-5974,true,,
KIDNEY DISEASES,2296-9381;2296-9357,true,,
KIDNEY MEDICINE,2590-0595,false,2024-07-11,removed from the White List
KINESIOLOGY,1848-638X;1331-1441,true,,
KINETIC AND RELATED MODELS,1937-5093;1937-5077,true,,
KINETICS AND CATALYSIS,1608-3210;0023-1584,true,,
KNEE,1873-5800;0968-0160,true,,
KNOWLEDGE AND MANAGEMENT OF AQUATIC ECOSYSTEMS,1961-9502,true,,
KNOWLEDGE AND PROCESS MANAGEMENT,1099-1441;1092-4604,true,,
KNOWLEDGE ORGANIZATION,0943-7444,true,,
KOEDOE,2071-0771;0075-6458,true,,
KOME - AN INTERNATIONAL JOURNAL OF PURE COMMUNICATION INQUIRY,2063-7330,true,,
KONSTANTINOVE LISTY - CONSTANTINES LETTERS,2453-7675;1337-8740,true,,
KOREA - AUSTRALIA RHEOLOGY JOURNAL,2093-7660;1226-119X,true,,
KOREAN CIRCULATION JOURNAL,1738-5555;1738-5520,true,,
KOREAN JOURNAL OF CHEMICAL ENGINEERING,1975-7220;0256-1115,true,,
KOREAN JOURNAL OF FAMILY MEDICINE,2092-6715;2005-6443,true,,
JOURNAL OF KOREAN INSTITUTE OF METALS AND MATERIALS,2288-8241;1738-8228,true,,
KOREAN JOURNAL OF ORTHODONTICS,2234-7518,true,,
KOREAN JOURNAL OF PAIN,2093-0569;2005-9159,true,,
KOREAN JOURNAL OF PHYSIOLOGY AND PHARMACOLOGY,2093-3827;1226-4512,true,,
KOREAN LANGUAGE IN AMERICA,2374-670X;2332-0346,true,,
KOVOVE MATERIALY - METALLIC MATERIALS,1338-4252;0023-432X,true,,
KRAGUJEVAC JOURNAL OF MATHEMATICS,1450-9628,true,,
KRITIKA - EXPLORATIONS IN RUSSIAN AND EURASIAN HISTORY,1538-5000;1531-023X,true,,
KSCE JOURNAL OF CIVIL ENGINEERING,1976-3808;1226-7988,true,,
KI - KUNSTLICHE INTELLIGENZ,1610-1987;0933-1875,true,,
KUWAIT JOURNAL OF SCIENCE,2307-4116;2307-4108,false,2024-07-11,removed from the White List
KYIV - MOHYLA HUMANITIES JOURNAL,2313-4895,true,,
KYOTO JOURNAL OF MATHEMATICS,2156-2261;2154-3321,true,,
KYUNGPOOK MATHEMATICAL JOURNAL,1225-6951;0454-8124,true,,
L1 EDUCATIONAL STUDIES IN LANGUAGE AND LITERATURE,1573-1731;1567-6617,true,,
LABORATORIUM - RUSSIAN REVIEW OF SOCIAL RESEARCH|LABORATORIUM: ЖУРНАЛ СОЦИАЛЬНЫХ ИССЛЕДОВАНИЙ,2078-1938;2076-8214,true,,
LABORATORY ANIMAL RESEARCH,2233-7660;1738-6055,true,,
LABORATORY MEDICINE,1943-7730;0007-5027,true,,
LABOUR - ENGLAND,1467-9914;1121-7081,true,,
LABOUR & INDUSTRY - A JOURNAL OF THE SOCIAL AND ECONOMIC RELATIONS OF WORK,2325-5676;1030-1763,true,,
LABOUR ECONOMICS,1879-1034;0927-5371,true,,
LABOUR HISTORY REVIEW,1745-8188;0961-5652,true,,
LAKE AND RESERVOIR MANAGEMENT,2151-5530;1040-2381,true,,
LANDBAUFORSCHUNG - JOURNAL OF SUSTAINABLE AND ORGANIC AGRICULTURAL SYSTEMS,2194-3605;2700-8711,true,,
LANDSCAPE AND ECOLOGICAL ENGINEERING,1860-188X;1860-1871,true,,
LANDSCAPE JOURNAL,1553-2704;0277-2426,true,,
LANGAGES,1958-9549;0458-726X,true,,
LANGSTON HUGHES REVIEW,2576-649X;0737-0555,true,,
LANGUAGE AND HISTORY,1759-7544;1759-7536,true,,
LANGUAGE AND LINGUISTICS,2309-5067;1606-822X,true,,
LANGUAGE AND LITERATURE,1461-7293;0963-9470,true,,
LANGUAGE AND SOCIOCULTURAL THEORY,2051-9702;2051-9699,true,,
LANGUAGE CONTEXT AND TEXT - THE SOCIAL SEMIOTICS FORUM,2589-7241;2589-7233,true,,
LANGUAGE DOCUMENTATION AND CONSERVATION,1934-5275,true,,
LANGUAGE MATTERS,1753-5395;1022-8195,true,,
LANGUAGES IN CONTRAST,1569-9897;1387-6759,true,,
LANGUE FRANCAISE,1957-7982;0023-8368,true,,
LARYNGO - RHINO - OTOLOGIE,1438-8685;0935-8943,true,,
LARYNGOSCOPE INVESTIGATIVE OTOLARYNGOLOGY,2378-8038,true,,
LASER AND PARTICLE BEAMS,1469-803X;0263-0346,true,,
LASER PHYSICS,1555-6611;1054-660X,true,,
LASER PHYSICS LETTERS,1612-202X;1612-2011,true,,
LATE IMPERIAL CHINA = CH'ING SHIH WEN T'I,1086-3257;0884-3236,true,,
LATERALITY,1464-0678;1357-650X,true,,
LATIN AMERICAN JOURNAL OF SOLIDS AND STRUCTURES,1679-7825;1679-7817,true,,
LATIN AMERICAN MUSIC REVIEW - REVISTA DE MUSICA LATINOAMERICANA,1536-0199;0163-0350,true,,
LATIN AMERICAN PERSPECTIVES,1552-678X;0094-582X,true,,
LATIN AMERICAN POLITICS AND SOCIETY,1548-2456;1531-426X,true,,
LATIN AMERICANIST,1557-203X;1557-2021,true,,
LATOMUS,2294-4427;0023-8856,true,,
LAW AND LITERATURE,1541-2601;1535-685X,true,,
LAW AND DEVELOPMENT REVIEW,2194-6523;1943-3867,true,,
LAW AND FINANCIAL MARKETS REVIEW,1752-1459;1752-1440,true,,
LAW AND HUMANITIES,1752-1491;1752-1483,true,,
LAW AND PHILOSOPHY,1573-0522;0167-5249,true,,
"LAW, CULTURE AND THE HUMANITIES",1743-9752;1743-8721,true,,
LAWS,2075-471X,true,,
LEADERSHIP,1742-7169;1742-7150,true,,
LEADERSHIP AND POLICY IN SCHOOLS,1744-5043;1570-0763,true,,
LEADERSHIP IN HEALTH SERVICES,1751-1887;1751-1879,true,,
LEARNING AND BEHAVIOR,1543-4508;1543-4494,true,,
LEARNING AND MEMORY,1549-5485;1072-0502,true,,
"LEARNING, CULTURE AND SOCIAL INTERACTION",2210-657X;2210-6561,true,,
LEARNING DISABILITY QUARTERLY,2168-376X;0731-9487,true,,
LEGAL AND CRIMINOLOGICAL PSYCHOLOGY,2044-8333;1355-3259,true,,
LEGAL ETHICS,1757-8450;1460-728X,true,,
LEGAL ISSUES OF ECONOMIC INTEGRATION,1875-6433;1566-6573,true,,
LEGAL MEDICINE,1873-4162;1344-6223,true,,
LEGAL STUDIES,1748-121X;0261-3875,true,,
LEGAL THEORY,1469-8048;1352-3252,true,,
LEGISLATIVE STUDIES QUARTERLY,1939-9162;0362-9805,true,,
LEISURE STUDIES,1466-4496;0261-4367,true,,
LEONARDO MUSIC JOURNAL,1531-4812;0961-1215,true,,
LETTERS IN APPLIED MICROBIOLOGY,1472-765X;0266-8254,true,,
LETTERS IN MATHEMATICAL PHYSICS,1573-0530;0377-9017,true,,
LETTERS IN SPATIAL AND RESOURCE SCIENCES,1864-404X;1864-4031,true,,
LEUKEMIA AND LYMPHOMA,1026-8022;1042-8194;1029-2403,true,,
LEUKEMIA RESEARCH,1873-5835;0145-2126,true,,
LEXIKOS,2224-0039;1684-4904,true,,
LIAS - JOURNAL OF EARLY MODERN INTELLECTUAL CULTURE AND ITS SOURCES,0304-0003;2033-5016;2033-4753,true,,
LIBERTE,0024-2020,true,,
LIBRARY MANAGEMENT,1758-7921;0143-5124,true,,
LIBRARY QUARTERLY,1549-652X;0024-2519,true,,
LIBRARY TRENDS,1559-0682;0024-2594,true,,
LIBRI - INTERNATIONAL JOURNAL OF LIBRARIES AND INFORMATION STUDIES,1865-8423;0024-2667,true,,
LIBYAN JOURNAL OF MEDICINE,1993-2820;1819-6357,true,,
LIFE SCIENCES IN SPACE RESEARCH,2214-5532;2214-5524,true,,
LIFE SPAN AND DISABILITY,1721-0151;2035-5963,true,,
LIFESTYLE GENOMICS,2504-3188;2504-3161,true,,
LIFETIME DATA ANALYSIS,1572-9249;1380-7870,true,,
LIMNETICA,1989-1806;0213-8409,true,,
LINACRE QUARTERLY,2050-8549;0024-3639,true,,
LINGUAMATICA,1647-0818,true,,
LINGUE E LINGUAGGIO,1720-9331,true,,
LINGUISTIC RESEARCH,1229-1374,true,,
LINGUISTIC REVIEW,1613-3676;0167-6318,true,,
LINGUISTIC VARIATION,2211-6842;2211-6834,true,,
"LINGUISTICA ANTVERPIENSIA, NEW SERIES - THEMES IN TRANSLATION STUDIES",2295-5739,true,,
LINGUISTICS OF THE TIBETO-BURMAN AREA,2214-5907;0731-3500,true,,
LION AND THE UNICORN,1080-6563;0147-2593,true,,
LIPIDS IN HEALTH AND DISEASE,1476-511X,true,,
ZHIDKIE KRISTALLY I IKH PRAKTICHESKOE ISPOL'ZOVANIE|ЖИДКИЕ КРИСТАЛЛЫ И ИХ ПРАКТИЧЕСКОЕ ИСПОЛЬЗОВАНИЕ,1991-3966;2499-9644,true,,
LISTY FILOLOGICKE,2570-9410;0024-4457,true,,
LIT - LITERATURE INTERPRETATION THEORY,1545-5866;1043-6928,true,,
LITERACY RESEARCH AND INSTRUCTION,1938-8071;1938-8063,true,,
LITERARY VOICE,2277-4521,true,,
"LITERATURA: TEORIA, HISTORIA, CRITICA",2256-5450;0123-5931,true,,
LITERATURE & HISTORY - THIRD SERIES,2050-4594;0306-1973,true,,
LITHOLOGY AND MINERAL RESOURCES,1608-3229;0024-4902,true,,
LITURGY,1557-3001;0458-063X,true,,
LIVERPOOL LAW REVIEW,1572-8625;0144-932X,true,,
LOBACHEVSKII JOURNAL OF MATHEMATICS,1995-0802;1818-9962,true,,
LOCAL AND REGIONAL ANESTHESIA,1178-7112,true,,
LOCAL ECONOMY,1470-9325;0269-0942,true,,
LOGIC JOURNAL OF THE IGPL,1368-9894;1367-0751,true,,
LOGICA UNIVERSALIS,1661-8300;1661-8297,true,,
LOGOS (RUSSIAN FEDERATION)|ЛОГОС,2499-9628;0869-5377,true,,
"LOGOS: REVISTA DE LINGUISTICA, FILOSOFIA Y LITERATURA",0719-3262;0716-7520,true,,
LOGOS (LITHUANIA),0868-7692,true,,
LOISIR ET SOCIETE,1705-0154;0705-3436,true,,
LONDON JOURNAL,1749-6322;0305-8034,true,,
LONDON REVIEW OF EDUCATION,1474-8479;1474-8460,true,,
LONDON REVIEW OF INTERNATIONAL LAW,2050-6333;2050-6325,true,,
LONGITUDINAL AND LIFE COURSE STUDIES,1757-9597,true,,
LOQUENS,2386-2637,true,,
LUBRICATION SCIENCE,1557-6833;0954-0075,true,,
LUCENTUM,1989-9904;0213-2338,true,,
LUMINESCENCE,1522-7243;1522-7235,true,,
LUNG,1432-1750;0341-2040,true,,
LUNG CANCER - TARGETS AND THERAPY,1179-2728,true,,
LUNG CANCER MANAGEMENT,1758-1974;1758-1966,true,,
LUPUS,1477-0962;0961-2033,true,,
LUPUS SCIENCE AND MEDICINE,2053-8790,true,,
LUTS - LOWER URINARY TRACT SYMPTOMS,1757-5672;1757-5664,true,,
LYMPHATIC RESEARCH AND BIOLOGY,1557-8585;1539-6851,true,,
M+A - REVISTA ELECTRONICA DE MEDIO AMBIENTE,1886-3329,true,,
MACROECONOMIC DYNAMICS,1469-8056;1365-1005,true,,
MACROMOLECULAR CHEMISTRY AND PHYSICS,1521-3935;1022-1352,true,,
MACROMOLECULAR REACTION ENGINEERING,1862-8338;1862-832X,true,,
MACROMOLECULAR RESEARCH,2092-7673;1598-5032,true,,
MACROMOLECULAR THEORY AND SIMULATIONS,1521-3919;1022-1344,true,,
MADERAS - CIENCIA Y TECNOLOGIA,0718-221X;0717-3644,true,,
MAGALLANIA,0718-2244;0718-0209,true,,
"MAGIC, RITUAL, AND WITCHCRAFT",1940-5111;1556-8547,true,,
MAGNETIC RESONANCE IMAGING,1873-5894;0730-725X,true,,
MAGNETIC RESONANCE IMAGING CLINICS OF NORTH AMERICA,1557-9786;1064-9689,true,,
MAGNETIC RESONANCE IN CHEMISTRY,1097-458X;0749-1581,true,,
MAGNETIC RESONANCE IN MEDICAL SCIENCES,1880-2206;1347-3182,true,,
"MAGNETIC RESONANCE MATERIALS IN PHYSICS, BIOLOGY, AND MEDICINE",1352-8661;0968-5243,true,,
MAGNETOCHEMISTRY,2312-7481,true,,
MAGNIFICAT CULTURA I LITERATURA MEDIEVALS,2386-8295,true,,
MAIN GROUP METAL CHEMISTRY,2191-0219;0792-1241,true,,
MALAWI MEDICAL JOURNAL,1995-7270;1995-7262,true,,
MALAYSIAN JOURNAL OF LEARNING AND INSTRUCTION,2180-2483;1675-8110,true,,
MALAYSIAN JOURNAL OF LIBRARY AND INFORMATION SCIENCE,1394-6234,true,,
MALAYSIAN JOURNAL OF MEDICAL SCIENCES,2180-4303;1394-195X,true,,
MALAYSIAN JOURNAL OF MUSIC,2600-9366;2600-9331,true,,
MALAYSIAN JOURNAL OF PATHOLOGY,0126-8635,true,,
MAMMALIA,1864-1547;0025-1461,true,,
MAMMALIAN GENOME,1432-1777;0938-8990,true,,
MANAGEMENT (FRANCE),1286-4692,true,,
MANAGEMENT AND PRODUCTION ENGINEERING REVIEW,2082-1344;2080-8208,true,,
MANAGEMENT RESEARCH - THE JOURNAL OF THE IBEROAMERICAN ACADEMY OF MANAGEMENT,1558-0946;1536-5433,true,,
MANAGEMENT SYSTEMS IN PRODUCTION ENGINEERING,2450-5781;2299-0461,true,,
MANAGERIAL AUDITING JOURNAL,1758-7735;0268-6902,true,,
MANCHESTER SCHOOL,1467-9957;1463-6786,true,,
MANDENKAN - BULLETIN SEMESTRIEL D ETUDES LINGUISTIQUES MANDE,0752-5443;2104-371X,true,,
MANUFACTURING REVIEW,2265-4224,true,,
MANUSCRIPT STUDIES - A JOURNAL OF THE SCHOENBERG INSTITUTE FOR MANUSCRIPT STUDIES,2381-5329;2380-1190,true,,
MANUSCRIPTA MATHEMATICA,1432-1785;0025-2611,true,,
MANZAR - THE SCIENTIFIC JOURNAL OF LANDSCAPE,2008-7446;2008-2169,true,,
MAPAN - JOURNAL OF METROLOGY SOCIETY OF INDIA,0974-9853;0970-3950,true,,
MARGIN - JOURNAL OF APPLIED ECONOMIC RESEARCH,0025-2921;0973-8029;0973-8010,true,,
MARINE AND COASTAL FISHERIES,1942-5120,true,,
MARINE AND FRESHWATER RESEARCH,1448-6059;1323-1650,true,,
MARINE BIODIVERSITY,1867-1624;1867-1616,true,,
MARINE BIOLOGY RESEARCH,1745-1019;1745-1000,true,,
MARINE GEODESY,1521-060X;0149-0419,true,,
MARINE MAMMAL SCIENCE,1748-7692;0824-0469,true,,
MARITIME ECONOMICS AND LOGISTICS,1479-294X;1479-2931,true,,
MARKETING AND MANAGEMENT OF INNOVATIONS,2218-4511,true,,
MARKOV PROCESSES AND RELATED FIELDS,1024-2953,true,,
MASSACHUSETTS REVIEW,2330-0485;0025-4878,true,,
MASTER DRAWINGS,0025-5025,true,,
MATERIALES DE CONSTRUCCION,1988-3226;0465-2746,true,,
MATERIALIA,2589-1529,true,,
MATERIALS ADVANCES,2633-5409,true,,
MATERIALS AND CORROSION - WERKSTOFFE UND KORROSION,0947-5117;1521-4176,true,,
MATERIALS AT HIGH TEMPERATURES,1878-6413;0960-3409,true,,
MATERIALS LETTERS - X,2590-1508,false,2024-07-11,removed from the White List
MATERIALS RESEARCH - IBERO - AMERICAN JOURNAL OF MATERIALS,1980-5373;1516-1439,true,,
MATERIALS RESEARCH EXPRESS,2053-1591,true,,
MATERIALS SCIENCE & ENGINEERING B: SOLID-STATE MATERIALS FOR ADVANCED TECHNOLOGY,1873-4944;0921-5107,true,,
MATERIALS SCIENCE AND TECHNOLOGY,1743-2847;0267-0836,true,,
MATERIALS TECHNOLOGY,1066-7857,true,,
MATERIALS TODAY COMMUNICATIONS,2352-4928,true,,
MATERNAL AND CHILD HEALTH JOURNAL,1573-6628;1092-7875,true,,
MATHEMATICA SLOVACA,1337-2211;0139-9918,true,,
MATHEMATICAL BIOSCIENCES AND ENGINEERING,1551-0018;1547-1063,true,,
MATHEMATICAL COMMUNICATIONS,1331-0623;1848-8013,true,,
MATHEMATICAL CONTROL AND RELATED FIELDS,2156-8499;2156-8472,true,,
MATHEMATICAL GEOSCIENCES,1874-8953;1874-8961,true,,
MATHEMATICAL NOTES,1573-8876;0001-4346,true,,
MATHEMATICAL POPULATION STUDIES,1547-724X;0889-8480,true,,
MATHEMATICAL PROCEEDINGS OF THE CAMBRIDGE PHILOSOPHICAL SOCIETY,1469-8064;0305-0041,true,,
MATHEMATICAL RESEARCH LETTERS,1945-001X;1073-2780,true,,
MATHEMATICAL SOCIAL SCIENCES,1879-3118;0165-4896,true,,
MATHEMATICAL THINKING AND LEARNING,1532-7833;1098-6065,true,,
MATHEMATICS AND MECHANICS OF SOLIDS,1741-3028;1081-2865,true,,
MATHEMATICS EDUCATION RESEARCH JOURNAL,2211-050X;1033-2170,true,,
"MATHEMATICS OF CONTROL, SIGNALS, AND SYSTEMS",1435-568X;0932-4194,true,,
MATHEMATICS OF OPERATIONS RESEARCH,1526-5471;0364-765X,true,,
MATHEMATIKA,2041-7942;0025-5793,true,,
MATHEMATISCHE NACHRICHTEN,1522-2616;0025-584X,true,,
MATHEMATISCHE ZEITSCHRIFT,1432-1823;0025-5874;1432-8232,true,,
MAXILLOFACIAL PLASTIC AND RECONSTRUCTIVE SURGERY,2288-8586;2288-8101,true,,
MCGILL JOURNAL OF LAW AND HEALTH,1920-4825,true,,
MCN - THE AMERICAN JOURNAL OF MATERNAL - CHILD NURSING,1539-0683;0361-929X,true,,
MEASUREMENT AND CONTROL,2051-8730;0020-2940,true,,
MEASUREMENT AND EVALUATION IN COUNSELING AND DEVELOPMENT,1947-6302;0748-1756,true,,
MEASUREMENT SCIENCE AND TECHNOLOGY,1361-6501;0957-0233,true,,
MEASUREMENT SCIENCE REVIEW,1335-8871,true,,
MECHANICAL SCIENCES,2191-916X;2191-9151,true,,
MECHANICS OF COMPOSITE MATERIALS,1573-8922;0191-5665,true,,
MECHANICS OF TIME - DEPENDENT MATERIALS,1573-2738;1385-2000,true,,
MEDCOMM,2688-2663,true,,
MEDIA LITERACY AND ACADEMIC RESEARCH,2585-9188;2585-8726,true,,
"MEDIA, WAR AND CONFLICT",1750-6360;1750-6352,true,,
MEDIATORS OF INFLAMMATION,1466-1861;0962-9351,true,,
MEDICAL ENGINEERING AND PHYSICS,1873-4030;1350-4533,true,,
MEDICAL MICROBIOLOGY AND IMMUNOLOGY,1432-1831;0300-8584,true,,
MEDICAL MOLECULAR MORPHOLOGY,1860-1499;1860-1480,true,,
MEDICAL MYCOLOGY CASE REPORTS,2211-7539,false,2024-07-11,removed from the White List
MEDICAL ONCOLOGY,1559-131X;1357-0560,true,,
MEDICAL ULTRASONOGRAPHY,2066-8643;1844-4172,true,,
MEDICC REVIEW,1555-7960;1527-3172,true,,
MEDICINA - BUENOS AIRES,1669-9106;0025-7680,true,,
MEDICINA DEL LAVORO,0025-7818,true,,
MEDICINA INTENSIVA,1578-6749;0210-5691,true,,
MEDICINAL CHEMISTRY,1875-6638;1573-4064,true,,
MEDICINAL CHEMISTRY RESEARCH,1554-8120;1054-2523,true,,
MEDICINE (UNITED STATES),1536-5964;0025-7974,true,,
MEDIEVAL HISTORY JOURNAL,0973-0753;0971-9458,true,,
MEDIEVALISMO,1989-8312;1131-8155,true,,
MEDITERRANEAN BOTANY,2603-9109,true,,
MEDITERRANEAN JOURNAL OF CLINICAL PSYCHOLOGY,2282-1619,true,,
MEDITERRANEAN JOURNAL OF HEMATOLOGY AND INFECTIOUS DISEASES,2035-3006,true,,
MEDIUM AEVUM,0025-8385,true,,
MEDIZINHISTORISCHES JOURNAL,1611-4477;0025-8431,true,,
MEDIZINISCHE KLINIK - INTENSIVMEDIZIN UND NOTFALLMEDIZIN,2193-6226;2193-6218,true,,
MELANGES DE LA CASA DE VELAZQUEZ,2173-1306;0076-230X,true,,
MELBOURNE JOURNAL OF INTERNATIONAL LAW,1444-8610;1444-8602,true,,
MELBOURNE UNIVERSITY LAW REVIEW,1839-3810;0025-8938,true,,
MELUS,1946-3170;0163-755X,true,,
MEMBRANES AND MEMBRANE TECHNOLOGIES,2517-7524;2517-7516,true,,
MEMORIA Y CIVILIZACION - ANUARIO DE HISTORIA,2254-6367;1139-0107,true,,
MEMORY,1464-0686;0965-8211,true,,
MEMORY AND COGNITION,1532-5946;0090-502X,true,,
MENOPAUSE REVIEW - PRZEGLAD MENOPAUZALNY,2299-0038;1643-8876,true,,
MENTAL HEALTH AND SOCIAL INCLUSION,2042-8316;2042-8308,true,,
"MENTAL HEALTH, RELIGION AND CULTURE",1469-9737;1367-4676,true,,
MENTAL ILLNESS,2036-7465;2036-7457,true,,
META (CANADA),0026-0452,true,,
METABOLIC BRAIN DISEASE,1573-7365;0885-7490,true,,
METABOLIC SYNDROME AND RELATED DISORDERS,1557-8518;1540-4196,true,,
METACRITIC JOURNAL FOR COMPARATIVE STUDIES AND THEORY,2457-8827,true,,
METAL SCIENCE AND HEAT TREATMENT,1573-8973;0026-0673,true,,
"METALLOGRAPHY, MICROSTRUCTURE, AND ANALYSIS",2192-9270;2192-9262,true,,
METALLURGICAL RESEARCH AND TECHNOLOGY,2271-3654;2271-3646,true,,
METALLURGIST,1573-8892;0026-0894,true,,
METAPHYSICA - INTERNATIONAL JOURNAL FOR ONTOLOGY & METAPHYSICS,1874-6373;1437-2053,true,,
METEOROLOGICAL APPLICATIONS,1469-8080;1350-4827,true,,
METEOROLOGISCHE ZEITSCHRIFT,1610-1227;0941-2948,true,,
METEOROLOGY AND ATMOSPHERIC PHYSICS,1436-5065;0177-7971,true,,
METHODS AND PROTOCOLS,2409-9279,true,,
METHODSX,2215-0161,false,2024-07-11,removed from the White List
METROECONOMICA,1467-999X;0026-1386,true,,
METROLOGIA,1681-7575;0026-1394,true,,
METROLOGY AND MEASUREMENT SYSTEMS,2300-1941;0860-8229,true,,
METROPOLITAN MUSEUM OF ART BULLETIN,2325-6915;0026-1521,true,,
METU JOURNAL OF THE FACULTY OF ARCHITECTURE,0258-5316,true,,
MFS - MODERN FICTION STUDIES,1080-658X;0026-7724,true,,
MICHIGAN MATHEMATICAL JOURNAL,1945-2365;0026-2285,true,,
MICRO AND NANO LETTERS,1750-0443,true,,
MICRO AND NANO SYSTEMS LETTERS,2213-9621,true,,
MICROBIAL DRUG RESISTANCE,1931-8448;1076-6294,true,,
MICROBIAL PATHOGENESIS,1096-1208;0882-4010,true,,
MICROBIOLOGY (RUSSIAN FEDERATION),1608-3237;0026-2617,true,,
MICROBIOLOGY (UNITED KINGDOM),1465-2080;1350-0872,true,,
MICROBIOLOGYOPEN,2045-8827,true,,
MICROELECTRONICS JOURNAL,1879-2391;0959-8324,true,,
MICROELECTRONICS RELIABILITY,1872-941X;0026-2714,true,,
MICROLOGUS - NATURE SCIENCE AND MEDIEVAL SOCIETIES,1123-2560,true,,
MICROORGANISMS,2076-2607,true,,
MICROPALEONTOLOGY,1937-2795;0026-2803,true,,
MICROPROCESSORS AND MICROSYSTEMS,1872-9436;0141-9331,true,,
"MICROSCOPY (OXFORD, ENGLAND)",2050-5701;2050-5698,true,,
MICROSURGERY,1098-2752;0738-1085,true,,
MICROWAVE AND OPTICAL TECHNOLOGY LETTERS,1098-2760;0895-2477,true,,
MIDDLE EAST FERTILITY SOCIETY JOURNAL,2090-3251;1110-5690,true,,
THE MIDDLE EAST JOURNAL,1940-3461;0026-3141,true,,
MIDDLE EAST JOURNAL OF CULTURE AND COMMUNICATION,1873-9865;1873-9857,true,,
MIDDLE EAST LAW AND GOVERNANCE,1876-3375;1876-3367,true,,
MIGRATION LETTERS,1741-8992;1741-8984,true,,
MILITARY MEDICINE,1930-613X;0026-4075,true,,
MILLI FOLKLOR,2146-8087;1300-3984,true,,
MILTON QUARTERLY,1094-348X;0026-4326,true,,
MILTON STUDIES,2330-796X;0076-8820,true,,
"MIND, BRAIN, AND EDUCATION",1751-228X;1751-2271,true,,
MINERAL PROCESSING AND EXTRACTIVE METALLURGY - TRANSACTIONS OF THE INSTITUTIONS OF MINING AND METALLURGY,2572-665X;2572-6641,true,,
MINERALOGY AND PETROLOGY,0930-0708,true,,
MINERVA - REVISTA DE FILOLOGIA CLASICA,0213-9634;2530-6480,true,,
MINERVA GASTROENTEROLOGY,2724-5985;2724-5365,true,,
MINERVA OBSTETRICS AND GYNECOLOGY,2724-6450;2724-606X,true,,
MINERVA PEDIATRICS,2724-5780;2724-5276,true,,
MING QING YANJIU,2468-4791;1724-8574,true,,
MING STUDIES,1759-7595;0147-037X,true,,
MINI-REVIEWS IN ORGANIC CHEMISTRY,1875-6298;1570-193X,true,,
MINIMALLY INVASIVE SURGERY,2090-1453;2090-1445,true,,
MINIMALLY INVASIVE THERAPY AND ALLIED TECHNOLOGIES,1365-2931;1364-5706,true,,
"MINING, METALLURGY AND EXPLORATION",2524-3470;2524-3462,true,,
MINING OF MINERAL DEPOSITS,2415-3443;2415-3435,true,,
MINING SCIENCE,2353-5423;2300-9586,true,,
MINING TECHNOLOGY - TRANSACTIONS OF THE INSTITUTIONS OF MINING AND METALLURGY,2572-6676;2572-6668,true,,
MIRES AND PEAT,1819-754X,true,,
MISCELLANEA GEOGRAPHICA,2084-6118;0867-6046,true,,
MISKOLC MATHEMATICAL NOTES,1586-8850;1787-2413;1787-2405,true,,
MISSION STUDIES,1573-3831;0168-9789,true,,
MISSISSIPPI QUARTERLY,2689-517X;0026-637X,true,,
MITOCHONDRION,1872-8278;1567-7249,true,,
MLJEKARSTVO,0026-704X;1846-4025,true,,
"MLN, MODERN LANGUAGE NOTES",1080-6598;0026-7910,true,,
MNEMOSYNE,1568-525X;0026-7074,true,,
MODELING EARTH SYSTEMS AND ENVIRONMENT,2363-6211;2363-6203,true,,
MODELLING AND SIMULATION IN ENGINEERING,1687-5605;1687-5591,true,,
MODELLING AND SIMULATION IN MATERIALS SCIENCE AND ENGINEERING,1361-651X;0965-0393,true,,
MODERN CHINESE LITERATURE AND CULTURE,2328-966X;1520-9857,true,,
MODERN DRAMA,1712-5286;0026-7694,true,,
MODERN JUDAISM,1086-3273;0276-1114,true,,
MODERN LANGUAGE REVIEW,2222-4319;0026-7937,true,,
MODERN PHILOLOGY,1545-6951;0026-8232,true,,
MODERN PHYSICS LETTERS A,1793-6632;0217-7323,true,,
MODERN PHYSICS LETTERS B,1793-6640;0217-9849,true,,
MODERN RHEUMATOLOGY,1439-7609;1439-7595,true,,
MODERN THEOLOGY,1468-0025;0266-7177,true,,
MODERNISM - MODERNITY,1080-6601;1071-6068,true,,
MOLECULAR AND BIOCHEMICAL PARASITOLOGY,1872-9428;0166-6851,true,,
MOLECULAR AND CELLULAR BIOCHEMISTRY,1573-4919;0300-8177,true,,
MOLECULAR AND CELLULAR PROBES,1096-1194;0890-8508,false,2024-07-11,removed from the White List
MOLECULAR BIOLOGY OF THE CELL,1939-4586;1059-1524,true,,
MOLECULAR BIOTECHNOLOGY,1559-0305;1073-6085,true,,
MOLECULAR BRAIN,1756-6606,true,,
MOLECULAR GENETICS AND GENOMICS,1617-4623;1617-4615,true,,
MOLECULAR IMMUNOLOGY,1872-9142;0161-5890,true,,
MOLECULAR MEDICINE REPORTS,1791-3004;1791-2997,true,,
MOLECULAR MICROBIOLOGY,1365-2958;0950-382X,true,,
MOLECULAR OMICS,2515-4184,true,,
MOLECULAR PAIN,1744-8069,true,,
MOLECULAR REPRODUCTION AND DEVELOPMENT,1098-2795;1040-452X,true,,
MOLECULAR VISION,1090-0535,true,,
MOLECULES AND CELLS,1016-8478;0219-1032,false,2024-07-11,removed from the White List
MOLLUSCAN RESEARCH,1448-6067;1323-5818,true,,
MONASH BIOETHICS REVIEW,1836-6716;1321-2753,true,,
MONATSHEFTE FÜR CHEMIE,1434-4475;0026-9247,true,,
MONATSHEFTE FÜR MATHEMATIK,1436-5081;0026-9255,true,,
MONTANA : THE MAGAZINE OF WESTERN HISTORY,2328-4293;0026-9891,true,,
MONTENEGRIN JOURNAL OF SPORTS SCIENCE AND MEDICINE,1800-8763;1800-8755,true,,
MONTHLY LABOR REVIEW,1937-4658;0098-1818,true,,
MONTHLY REVIEW - AN INDEPENDENT SOCIALIST MAGAZINE,0027-0520,true,,
MONOGRAFIAS DE TRADUCCION E INTERPRETACION,1989-9335;1889-4178,true,,
MONUMENTA SERICA - JOURNAL OF ORIENTAL STUDIES,2057-1690;0254-9948,true,,
MOREANA,2398-4961;0047-8105,true,,
MOSAIC - AN INTERDISCIPLINARY CRITICAL JOURNAL,1925-5683;0027-1276,true,,
MOSCOW MATHEMATICAL JOURNAL,1609-4514;1609-3321,true,,
MOTIVATION SCIENCE,2333-8121;2333-8113,true,,
MOTOR CONTROL,1543-2696;1087-1640,true,,
MOUSEION - JOURNAL OF THE CLASSICAL ASSOCIATION OF CANADA,1913-5416;1496-9343,true,,
MOUVEMENT SOCIAL,1961-8646;0027-2671,true,,
MOVEMENT DISORDERS CLINICAL PRACTICE,2330-1619,true,,
MRS ENERGY AND SUSTAINABILITY,2329-2237;2329-2229,true,,
MSPHERE,2379-5042,true,,
MULTICULTURAL SHAKESPEARE - TRANSLATION APPROPRIATION AND PERFORMANCE,2083-8530;2300-7605,true,,
MULTIDIMENSIONAL SYSTEMS AND SIGNAL PROCESSING,1573-0824;0923-6082,true,,
MULTIDISCIPLINARY JOURNAL FOR EDUCATION SOCIAL AND TECHNOLOGICAL SCIENCES,2341-2593,true,,
MULTIDISCIPLINARY RESPIRATORY MEDICINE,2049-6958;1828-695X,true,,
MULTIMEDIA SYSTEMS,1432-1882;0942-4962,true,,
MULTIMODAL TECHNOLOGIES AND INTERACTION,2414-4088,true,,
"MULTISCALE AND MULTIDISCIPLINARY MODELING, EXPERIMENTS AND DESIGN",2520-8160;2520-8179,true,,
MULTISCALE MODELING AND SIMULATION,1540-3467;1540-3459,true,,
MULTISENSORY RESEARCH,2213-4808;2213-4794,true,,
MUNDO AGRARIO,1515-5994,true,,
MUSCLE AND NERVE,1097-4598;0148-639X,true,,
MUSEOLOGIA SCIENTIFICA,1123-265X,true,,
MUSEON,1783-158X;0771-6494,true,,
MUSEUM ANTHROPOLOGY,1548-1379;0892-8339,true,,
MUSIC AND LETTERS,1477-4631;0027-4224,true,,
MUSIC ANALYSIS,1468-2249;0262-5245,true,,
"MUSIC, SOUND AND THE MOVING IMAGE",1753-0776;1753-0768,true,,
MUSICAL QUARTERLY,1741-8399;0027-4631,true,,
MUSICOLOGICA BRUNENSIA,2336-436X;1212-0391,true,,
MUSICOLOGY AUSTRALIA,1949-453X;0814-5857,true,,
MUTAGENESIS,1464-3804;0267-8357,true,,
MUTATION RESEARCH - GENETIC TOXICOLOGY AND ENVIRONMENTAL MUTAGENESIS,1879-3592;1383-5718,true,,
MUZEOLOGIA A KULTURNE DEDICSTVO - MUSEOLOGY AND CULTURAL HERITAGE,2453-9759;1339-2204,true,,
MUZIKI - JOURNAL OF MUSIC RESEARCH IN AFRICA,1812-5980;1753-593X,true,,
MYCOSCIENCE,1618-2545,true,,
MYCOTOXIN RESEARCH,1867-1632;0178-7888,true,,
NAFTA - GAZ,0867-8871,true,,
NAGOYA JOURNAL OF MEDICAL SCIENCE,2186-3326;0027-7622,true,,
NAGOYA MATHEMATICAL JOURNAL,2152-6842;0027-7630,true,,
"NAN NU: MEN, WOMEN AND GENDER IN EARLY AND IMPERIAL CHINA",1568-5268;1387-6805,true,,
NANO EXPRESS,2632-959X,true,,
NANOMATERIALS AND ENERGY,2045-984X;2045-9831,true,,
NANOMATERIALS AND NANOTECHNOLOGY,1847-9804,true,,
NANOMEDICINE JOURNAL,2322-5904;2322-3049,true,,
NANOTECHNOLOGIES IN CONSTRUCTION - A SCIENTIFIC INTERNET - JOURNAL|НАНОТЕХНОЛОГИИ В СТРОИТЕЛЬСТВЕ: НАУЧНЫЙ ИНТЕРНЕТ-ЖУРНАЛ,2075-8545,true,,
NANOTECHNOLOGY AND PRECISION ENGINEERING: NAMI JISHU YU JINGMI GONGCHENG,2589-5540;1672-6030,true,,
NAR GENOMICS AND BIOINFORMATICS,2631-9268,true,,
NATION,0027-8378,true,,
NATIONAL ACADEMY SCIENCE LETTERS - INDIA,2250-1754;0250-541X,true,,
NATIONAL INSTITUTE ECONOMIC REVIEW,1741-3036;0027-9501,true,,
NATIONAL TAX JOURNAL,1944-7477;0028-0283,true,,
NATURAL COMPUTING,1572-9796;1567-7818,true,,
NATURAL PRODUCT COMMUNICATIONS,1934-578X;1555-9475,true,,
NATURAL RESOURCES FORUM,1477-8947;0165-0203,true,,
NATURE AND CULTURE,1558-6073;1558-5468,true,,
NATURE AND SCIENCE OF SLEEP,1179-1608,true,,
NAUKA I TEHNOLOGII TRUBOPROVODNOGO TRANSPORTA NEFTI I NEFTEPRODUKTOV - SCIENCE & TECHNOLOGIES - OIL AND OIL PRODUCTS PIPELINE TRANSPORTATION|НАУКА И ТЕХНОЛОГИИ ТРУБОПРОВОДНОГО ТРАНСПОРТА НЕФТИ И НЕФТЕПРОДУКТОВ,2541-9595;2221-2701,true,,
NAUKA TELEVIDENIYA - THE ART AND SCIENCE OF TELEVISION|НАУКА ТЕЛЕВИДЕНИЯ,2587-9782;1994-9529,true,,
NAUNYN - SCHMIEDEBERG'S ARCHIVES OF PHARMACOLOGY,1432-1912;0028-1298,true,,
NAVAL RESEARCH LOGISTICS,1520-6750;0894-069X,true,,
NAZARIYAT - JOURNAL FOR THE HISTORY OF ISLAMIC PHILOSOPHY AND SCIENCES,2148-8088;2547-9415;2528-8563,true,,
NEAR EASTERN ARCHAEOLOGY,2325-5404;1094-2076,true,,
NEAR SURFACE GEOPHYSICS,1873-0604;1569-4445,true,,
NEFROLOGIA,1989-2284;0211-6995,true,,
NEGOTIATION AND CONFLICT MANAGEMENT RESEARCH,1750-4716;1750-4708,true,,
NEGOTIATION JOURNAL,1571-9979;0748-4526,true,,
NEOHELICON,1588-2810;0324-4652,true,,
NEOPHILOLOGUS,1572-8668;0028-2677,true,,
NEOTESTAMENTICA,2518-4628;0254-8356,true,,
NEOTROPICAL ENTOMOLOGY,1678-8052;1519-566X,true,,
NEPHROLOGY,1440-1797;1320-5358,true,,
NETHERLANDS HEART JOURNAL,1876-6250;1568-5888,true,,
NETHERLANDS INTERNATIONAL LAW REVIEW,1741-6191;0165-070X,true,,
NETHERLANDS QUARTERLY OF HUMAN RIGHTS,2214-7357;0924-0519,true,,
NETHERLANDS YEARBOOK FOR HISTORY OF ART - NEDERLANDS KUNSTHISTORISCH JAARBOEK,2214-5966;0169-6726,true,,
NETWORK MODELING AND ANALYSIS IN HEALTH INFORMATICS AND BIOINFORMATICS,2192-6670;2192-6662,true,,
NETWORKS,1097-0037;0028-3045,true,,
NETWORKS AND HETEROGENEOUS MEDIA,1556-181X;1556-1801,true,,
NEUE ZEITSCHRIFT FUR SYSTEMATISCHE THEOLOGIE UND RELIGIONSPHILOSOPHIE,1612-9520;0028-3517,true,,
NEURAL NETWORK WORLD,2336-4335;1210-0552,true,,
NEURAL PLASTICITY,2090-5904;1687-5443,true,,
NEURAL PROCESSING LETTERS,1573-773X;1370-4621,true,,
NEURO-ONCOLOGY PRACTICE,2054-2585;2054-2577,true,,
NEUROCHIRURGIE,1773-0619;0028-3770,true,,
NEURODEGENERATIVE DISEASE MANAGEMENT,1758-2032;1758-2024,true,,
NEURODEGENERATIVE DISEASES,1660-2862;1660-2854,true,,
NEUROGENETICS,1364-6753;1364-6745,true,,
NEUROIMAGING CLINICS OF NORTH AMERICA,1557-9867;1052-5149,true,,
NEUROIMMUNOMODULATION,1423-0216;1021-7401,true,,
NEUROLOGIA MEDICO-CHIRURGICA,1349-8029;0470-8105,true,,
NEUROLOGICAL RESEARCH,1743-1328;0161-6412,true,,
NEUROLOGICAL SCIENCES,1590-3478;1590-1874,true,,
NEUROLOGY - CLINICAL PRACTICE,2163-0933;2163-0402,true,,
NEUROLOGY - GENETICS,2376-7839,true,,
NEUROLOGY AND THERAPY,2193-8253;2193-6536,true,,
NEUROMUSCULAR DISORDERS,1873-2364;0960-8966,true,,
NEUROPATHOLOGY,1440-1789,true,,
NEUROPEDIATRICS,1439-1899;0174-304X,true,,
NEUROPEPTIDES,1532-2785;0143-4179,true,,
NEUROPSYCHIATRIC DISEASE AND TREATMENT,1176-6328;1178-2021,true,,
NEUROPSYCHIATRIE,2194-1327;0948-6259,true,,
NEURORADIOLOGY,1432-1920;0028-3940,true,,
NEURORADIOLOGY JOURNAL,2385-1996;1971-4009,true,,
NEUROREPORT,1473-558X;0959-4965,true,,
NEUROSCIENCE INSIGHTS,2633-1055,true,,
NEUROSCIENCE LETTERS,1872-7972;0304-3940,true,,
NEUROSCIENCE RESEARCH,1872-8111;0168-0102,false,2024-07-11,removed from the White List
NEUROTOXICOLOGY AND TERATOLOGY,1872-9738;0892-0362,true,,
NEUROUROLOGY AND URODYNAMICS,1520-6777;0733-2467,true,,
NEW CARBON MATERIALS,1007-8827;1872-5805,true,,
NEW CRIMINAL LAW REVIEW,1933-4206;1933-4192,true,,
NEW DIRECTIONS FOR CHILD AND ADOLESCENT DEVELOPMENT,1534-8687;1520-3247,true,,
NEW GENERATION COMPUTING,1882-7055;0288-3635,true,,
NEW GLOBAL STUDIES,1940-0004,true,,
NEW IDEAS IN PSYCHOLOGY,1873-3522;0732-118X,true,,
NEW MEDIT,2611-1128;1594-5685,true,,
NEW POLITICAL SCIENCE,1469-9931;0739-3148,true,,
NEW PROPOSALS - JOURNAL OF MARXISM AND INTERDISCIPLINARY INQUIRY,1715-6718,true,,
NEW REPUBLIC,0028-6583,true,,
NEW REVIEW OF FILM AND TELEVISION STUDIES,1740-7923;1740-0309,true,,
NEW SOLUTIONS - A JOURNAL OF ENVIRONMENTAL AND OCCUPATIONAL HEALTH POLICY,1541-3772;1048-2911,true,,
NEW THEATRE QUARTERLY,1474-0613;0266-464X,true,,
NEW ZEALAND GEOGRAPHER,1745-7939;0028-8144,true,,
NEW ZEALAND JOURNAL OF BOTANY,1175-8643;0028-825X,true,,
NEW ZEALAND JOURNAL OF CROP AND HORTICULTURAL SCIENCE,1175-8783;0114-0671,true,,
NEW ZEALAND JOURNAL OF ECOLOGY,1177-7788;0110-6465,true,,
NEW ZEALAND JOURNAL OF FORESTRY SCIENCE,1179-5395;0048-0134,true,,
NEW ZEALAND JOURNAL OF HISTORY,0028-8322,true,,
NEW ZEALAND JOURNAL OF MARINE AND FRESHWATER RESEARCH,1175-8805;0028-8330,true,,
NEW ZEALAND JOURNAL OF ZOOLOGY,1175-8821;0301-4223,true,,
NEW ZEALAND MEDICAL JOURNAL,1175-8716;0028-8446,true,,
NEXUS NETWORK JOURNAL,1590-5896;1522-4600,true,,
NIGERIAN JOURNAL OF CLINICAL PRACTICE,2229-7731;1119-3077,true,,
THE NIGERIAN POSTGRADUATE MEDICAL JOURNAL,2468-6875;1117-1936,true,,
NINETEENTH-CENTURY MUSIC REVIEW,2044-8414;1479-4098,true,,
NISPACEE JOURNAL OF PUBLIC ADMINISTRATION AND POLICY,1338-4309;1337-9038,true,,
NJ - DRAMA AUSTRALIA JOURNAL,2200-775X;1445-2294,true,,
NKA - JOURNAL OF CONTEMPORARY AFRICAN ART,2152-7792;1075-7163,true,,
NOEMA - RIVISTA ONLINE DI FILOSOFIA,2239-5474,true,,
NOISE AND HEALTH,1998-4030;1463-1741,true,,
NOMADIC PEOPLES,1752-2366;0822-7942,true,,
NON-FERROUS METALS,2414-0155;2072-0807,true,,
"NONLINEAR DYNAMICS, PSYCHOLOGY, AND LIFE SCIENCES",1573-6652;1090-0578,true,,
NONLINEARITY,1361-6544;0951-7715,true,,
NONPROFIT MANAGEMENT & LEADERSHIP,1542-7854;1048-6682,true,,
NONPROFIT POLICY FORUM,2194-6035;2154-3348,true,,
NORA - NORDIC JOURNAL OF FEMINIST AND GENDER RESEARCH,1502-394X;0803-8740,true,,
NORDIC JOURNAL OF BOTANY,1756-1051;0107-055X,true,,
NORDIC JOURNAL OF DIGITAL LITERACY,1891-943X,true,,
NORDIC JOURNAL OF HUMAN RIGHTS,1891-814X;1891-8131,true,,
NORDIC JOURNAL OF LINGUISTICS,1502-4717;0332-5865,true,,
NORDIC JOURNAL OF PSYCHIATRY,1502-4725;0803-9488,true,,
NORDIC JOURNAL OF WORKING LIFE STUDIES,2245-0157,true,,
NORDIC PULP AND PAPER RESEARCH JOURNAL,2000-0669;0283-2631,true,,
NAD NORDIC STUDIES ON ALCOHOL AND DRUGS,1458-6126;1455-0725,true,,
NORDIC THEATRE STUDIES,2002-3898;0904-6380,true,,
NORDICOM REVIEW,2001-5119;1403-1108,true,,
NORSK GEOGRAFISK TIDSSKRIFT - NORWEGIAN JOURNAL OF GEOGRAPHY,1502-5292;0029-1951,true,,
NORTH AMERICAN ACTUARIAL JOURNAL,2325-0453;1092-0277,true,,
NORTH AMERICAN ARCHAEOLOGIST,1541-3543;0197-6931,true,,
NORTH AMERICAN JOURNAL OF FISHERIES MANAGEMENT,1548-8675;0275-5947,true,,
NORTHERN CLINICS OF ISTANBUL,2536-4553;2148-4902,true,,
NORTHERN SCOTLAND,2042-2717;0306-5278,true,,
NORTHWESTERN JOURNAL OF INTERNATIONAL LAW AND BUSINESS,0196-3228,true,,
NORWEGIAN JOURNAL OF GEOLOGY,2387-5844;2387-5852,true,,
NOTES AND RECORDS - THE ROYAL SOCIETY JOURNAL OF THE HISTORY OF SCIENCE,1743-0178;0035-9149,true,,
NOTORNIS,1177-7680;0029-4470,true,,
NOTRE DAME LAW REVIEW,0745-3515,true,,
NOTTINGHAM FRENCH STUDIES,2047-7236;0029-4586,true,,
NOTULAE BOTANICAE HORTI AGROBOTANICI CLUJ - NAPOCA,1842-4309;0255-965X,true,,
NOVA HEDWIGIA,2363-7188;0029-5035,true,,
NOVA PRISUTNOST,1848-8676;1334-2312,true,,
NOVEISHAYA ISTORIYA ROSSII - MODERN HISTORY OF RUSSIA|НОВЕЙШАЯ ИСТОРИЯ РОССИИ,2309-7973;2219-9659,true,,
NOVOE LITERATURNOE OBOZRENIE|НОВОЕ ЛИТЕРАТУРНОЕ ОБОЗРЕНИЕ,0869-6365;2309-9968,true,,
NOVYI ISTORICHESKII VESTNIK - THE NEW HISTORICAL BULLETIN,2072-9286,true,,
NPJ PRIMARY CARE RESPIRATORY MEDICINE,2055-1010,true,,
"NUCLEAR INSTRUMENTS AND METHODS IN PHYSICS RESEARCH, SECTION A: ACCELERATORS, SPECTROMETERS, DETECTORS AND ASSOCIATED EQUIPMENT",1872-9576;0168-9002,true,,
"NUCLEAR INSTRUMENTS AND METHODS IN PHYSICS RESEARCH, SECTION B: BEAM INTERACTIONS WITH MATERIALS AND ATOMS",1872-9584;0168-583X,true,,
NUCLEAR MEDICINE AND BIOLOGY,1872-9614;0969-8051,true,,
NUCLEAR MEDICINE AND MOLECULAR IMAGING,1869-3482;1869-3474,true,,
NUCLEAR MEDICINE COMMUNICATIONS,1473-5628;0143-3636,true,,
NUCLEAR PHYSICS A,1873-1554;0375-9474,true,,
NUCLEAR SCIENCE AND ENGINEERING,1943-748X;0029-5639,true,,
NUCLEAR TECHNOLOGY,1943-7471;0029-5450,true,,
NUCLEAR TECHNOLOGY AND RADIATION PROTECTION,1452-8185;1451-3994,true,,
NUCLEUS,1949-1042;1949-1034,true,,
"NUMERICAL HEAT TRANSFER, PART B: FUNDAMENTALS",1521-0626;1040-7790,true,,
NUMERICAL MATHEMATICS - THEORY METHODS AND APPLICATIONS,2079-7338;1004-8979,true,,
NURSE RESEARCHER,2047-8992;1351-5578,true,,
NURSING CLINICS OF NORTH AMERICA,1558-1357;0029-6465,true,,
NURSING ECONOMICS,0746-1739,true,,
NURSING EDUCATION PERSPECTIVES,1943-4685;1536-5026,true,,
NURSING OPEN,2054-1058,true,,
NURSING PHILOSOPHY,1466-769X;1466-7681,true,,
NURSING SCIENCE QUARTERLY,1552-7409;0894-3184,true,,
NUTRITION AND DIETETICS,1747-0080;1446-6368,true,,
NUTRITION AND CANCER - AN INTERNATIONAL JOURNAL,1532-7914;0163-5581,true,,
NUTRITION BULLETIN,1471-9827;1467-3010,true,,
NUTRITION IN CLINICAL PRACTICE,1941-2452;0884-5336,true,,
NUTRITION RESEARCH AND PRACTICE,2005-6168;1976-1457,true,,
"OBRABOTKA METALLOV - METAL WORKING AND MATERIAL SCIENCE|ОБРАБОТКА МЕТАЛЛОВ (ТЕХНОЛОГИЯ, ОБОРУДОВАНИЕ, ИНСТРУМЕНТЫ)",2541-819X;1994-6309,true,,
OBSTETRIC MEDICINE,1753-4968;1753-495X,true,,
OBSTETRICAL AND GYNECOLOGICAL SURVEY,1533-9866;0029-7828,true,,
OBSTETRICS AND GYNECOLOGY INTERNATIONAL,1687-9597;1687-9589,true,,
OCCUPATIONAL THERAPY IN HEALTH CARE,1541-3098;0738-0577,true,,
OCCUPATIONAL THERAPY IN MENTAL HEALTH,1541-3101;0164-212X,true,,
OCCUPATIONAL THERAPY INTERNATIONAL,1557-0703;0966-7903,true,,
OCEAN DYNAMICS,1616-7341;1616-7228,true,,
OCEAN YEARBOOK ONLINE,0191-8575;2211-6001,true,,
OCEANIC LINGUISTICS,1527-9421;0029-8115,true,,
OCEANOLOGY,1531-8508;0001-4370,true,,
OCHSNER JOURNAL,1524-5012,true,,
"OCL - OILSEEDS AND FATS, CROPS AND LIPIDS",2272-6977;2257-6614,true,,
OCTOBER,1536-013X;0162-2870,true,,
OCULAR ONCOLOGY AND PATHOLOGY,2296-4681;2296-4657,true,,
OENO ONE,2494-1271,true,,
OFIOLITI,0391-2612,true,,
OGIGIA - REVISTA ELECTRONICA DE ESTUDIOS HISPANICOS,1887-3731,true,,
OIDO PENSANTE,2250-7116,true,,
OMEGA - JOURNAL OF DEATH AND DYING,1541-3764;0030-2228,true,,
OMICS - A JOURNAL OF INTEGRATIVE BIOLOGY,1557-8100;1536-2310,true,,
ONCOLOGY,1423-0232;0030-2414,true,,
ONCOLOGY LETTERS,1792-1082;1792-1074,true,,
ONCOLOGY REVIEWS,1970-5565;1970-5557,true,,
ONCOLYTIC VIROTHERAPY,2253-1572,true,,
ONCOTARGETS AND THERAPY,1178-6930,true,,
ONDERSTEPOORT JOURNAL OF VETERINARY RESEARCH,2219-0635;0030-2465,true,,
ONOMAZEIN,0718-5758;0717-1285,true,,
OPEC ENERGY REVIEW,1753-0237;1753-0229,true,,
OPEN ACCESS EMERGENCY MEDICINE,1179-1500,true,,
OPEN ACCESS JOURNAL OF SPORTS MEDICINE,1179-1543,true,,
OPEN CHEMISTRY,2391-5420,true,,
OPEN CULTURAL STUDIES,2451-3474,true,,
OPEN DENTISTRY JOURNAL,1874-2106,true,,
OPEN ECONOMIES REVIEW,1573-708X;0923-7992,true,,
OPEN ENGINEERING,2391-5439,true,,
OPEN FORUM INFECTIOUS DISEASES,2328-8957,true,,
OPEN GEOSCIENCES,2391-5447,true,,
OPEN HEART,2053-3624,true,,
OPEN HOUSE INTERNATIONAL,2633-9838;0168-2601,true,,
OPEN LIFE SCIENCES,2391-5412,true,,
OPEN LINGUISTICS,2300-9969,true,,
OPEN MATHEMATICS,2391-5455,true,,
OPEN MEDICINE (POLAND),2391-5463,true,,
OPEN PHYSICS,2391-5471,true,,
OPEN PRAXIS,1369-9997;2304-070X,true,,
OPEN VETERINARY JOURNAL,2226-4485;2218-6050,true,,
OPERA QUARTERLY,1476-2870;0736-0053,true,,
OPERATIONAL RESEARCH,1866-1505;1109-2858,true,,
OPERATIONS AND SUPPLY CHAIN MANAGEMENT - AN INTERNATIONAL JOURNAL,2579-9363;1979-3561,true,,
OPERATIVE NEUROSURGERY,2332-4260;2332-4252,true,,
OPHTHALMIC EPIDEMIOLOGY,1744-5086;0928-6586,true,,
OPHTHALMIC GENETICS,1744-5094;1381-6810,true,,
OPHTHALMIC PLASTIC AND RECONSTRUCTIVE SURGERY,1537-2677;0740-9303,true,,
OPHTHALMIC RESEARCH,1423-0259;0030-3747,true,,
OPHTHALMIC SURGERY LASERS AND IMAGING RETINA,2325-8179;2325-8160,true,,
OPSEARCH,0975-0320;0030-3887,true,,
OPTICAL AND QUANTUM ELECTRONICS,1572-817X;0306-8919,true,,
OPTICAL MEMORY AND NEURAL NETWORKS (INFORMATION OPTICS),1934-7898;1060-992X,true,,
OPTICS AND SPECTROSCOPY (ENGLISH TRANSLATION OF OPTIKA I SPEKTROSKOPIYA),1562-6911;0030-400X,false,2025-10-29,removed from the White List
OPTICS COMMUNICATIONS,1873-0310;0030-4018,true,,
OPTICS CONTINUUM,2770-0208,true,,
OPTIK,1618-1336;0030-4026,true,,
OPTIMIZATION LETTERS,1862-4480;1862-4472,true,,
OPTO-ELECTRONICS REVIEW,1896-3757;1230-3402,true,,
"OPTOELECTRONICS, INSTRUMENTATION AND DATA PROCESSING (ENGLISH TRANSLATION OF AVTOMETRIYA)",1934-7944;8756-6990,true,,
OPTOMETRY AND VISION SCIENCE,1538-9235;1040-5488,true,,
OR SPECTRUM,1436-6304;0171-6468,true,,
ORAL AND MAXILLOFACIAL SURGERY - HEIDELBERG,1865-1569;1865-1550,true,,
ORAL RADIOLOGY,1613-9674;0911-6028,true,,
ORAL SCIENCE INTERNATIONAL,1881-4204;1348-8643,true,,
ORBIS LITTERARUM,1600-0730;0105-7510,true,,
ORBIS TERTIUS,0328-8188;1851-7811,true,,
OREGON HISTORICAL QUARTERLY,0030-4727,true,,
ORGANIZACIJA,1581-1832;1318-5454,true,,
ORGANON F,2585-7150;1335-0668,true,,
ORL,1423-0275;0301-1569,true,,
ORNIS FENNICA,0030-5685,true,,
ORPHANET JOURNAL OF RARE DISEASES,1750-1172,true,,
ORTHODONTICS AND CRANIOFACIAL RESEARCH,1601-6343;1601-6335,true,,
ORTHOPAEDIC SURGERY,1757-7861;1757-7853,true,,
ORTHOPEDIC RESEARCH AND REVIEWS,1179-1462,true,,
ORTHOPEDIC REVIEWS,2035-8237;2035-8164,true,,
ORTHOPEDICS,1938-2367;0147-7447,true,,
OSGOODE HALL LAW JOURNAL,0030-6185,true,,
OSIRIS,1933-8287;0369-7827,true,,
OSTERREICHISCHE ZEITSCHRIFT FUER SOZIOLOGIE,1862-2585;1011-0070,true,,
OSTERREICHISCHE ZEITSCHRIFT FUR VOLKSKUNDE,0029-9669,true,,
OSTRICH,1727-947X;0030-6525,true,,
"OTJR OCCUPATION, PARTICIPATION AND HEALTH",1938-2383;1539-4492,true,,
OUD HOLLAND,1875-0176;0030-672X,true,,
OXFORD ECONOMIC PAPERS - NEW SERIES,1464-3812;0030-7653,true,,
OXFORD GERMAN STUDIES,1745-9214;0078-7191,true,,
OXFORD JOURNAL OF ARCHAEOLOGY,1468-0092;0262-5253,true,,
OXFORD JOURNAL OF LAW AND RELIGION,2047-0789;2047-0770,true,,
OXFORD LITERARY REVIEW,1757-1634;0305-1498,true,,
OZONE: SCIENCE AND ENGINEERING,1547-6545;0191-9512,true,,
"P-ADIC NUMBERS, ULTRAMETRIC ANALYSIS, AND APPLICATIONS",2070-0474;2070-0466,true,,
PACIFIC ACCOUNTING REVIEW,2041-5494;0114-0582,true,,
PACIFIC ASIA JOURNAL OF THE ASSOCIATION FOR INFORMATION SYSTEMS,1943-7544;1943-7536,true,,
PACIFIC CONSERVATION BIOLOGY,2204-4604;1038-2097,true,,
PACIFIC ECONOMIC REVIEW,1468-0106;1361-374X,true,,
PACIFIC HISTORICAL REVIEW,1533-8584;0030-8684,true,,
PACIFIC JOURNALISM REVIEW,2324-2035;1023-9499,true,,
PACIFIC RIM PROPERTY RESEARCH JOURNAL,2201-6716;1444-5921,true,,
PACIFIC SCIENCE,1534-6188;0030-8870,true,,
PADDY AND WATER ENVIRONMENT,1611-2504;1611-2490,true,,
PAEDIATRICS AND CHILD HEALTH,1918-1485;1205-7088,true,,
PAEDIATRICS AND INTERNATIONAL CHILD HEALTH,2046-9055;2046-9047,true,,
PAIN AND THERAPY,2193-8237;2193-651X,true,,
PAIN RESEARCH AND MANAGEMENT,1918-1523;1203-6765,true,,
PAKISTAN JOURNAL OF AGRICULTURAL SCIENCES,2076-0906;0552-9034,true,,
PAKISTAN JOURNAL OF BOTANY,2070-3368;0556-3321,true,,
PAKISTAN JOURNAL OF MEDICAL SCIENCES,1682-024X;1681-715X,true,,
PAKISTAN JOURNAL OF STATISTICS AND OPERATION RESEARCH,2220-5810;1816-2711,true,,
PAKISTAN JOURNAL OF ZOOLOGY,0030-9923,true,,
PAKISTAN VETERINARY JOURNAL,2074-7764;0253-8318,true,,
PALABRA,2346-3864;0121-8530,true,,
PALABRA CLAVE,2027-534X;0122-8285,true,,
PALAEOBIODIVERSITY AND PALAEOENVIRONMENTS,1867-1608;1867-1594,true,,
PALAEONTOGRAPHICA ABTEILUNG B - PALAEOPHYTOLOGIE PALAEOBOTANY - PALAEOPHYTOLOGY,0375-0299;2194-900X;2509-839X,true,,
PALAEONTOLOGIA ELECTRONICA,1935-3952;1094-8074,true,,
PALAIOS,1938-5323;0883-1351,true,,
PALLIATIVE MEDICINE REPORTS,2689-2820,true,,
PALAONTOLOGISCHE ZEITSCHRIFT,1867-6812;0031-0220,true,,
PAN AFRICAN MEDICAL JOURNAL,1937-8688,true,,
PANCREAS,1536-4828;0885-3177,true,,
PANCREATOLOGY,1424-3911;1424-3903,true,,
PANORAMA,2145-308X;1909-7433,true,,
PANTA REI - REVISTA DIGITAL DE CIENCIA Y DIDACTICA DE LA HISTORIA,2386-8864;1136-2464,true,,
PAPELES DEL CEIC - INTERNATIONAL JOURNAL ON COLLECTIVE IDENTITY RESEARCH,1695-6494,true,,
PAPERS - REVISTA DE SOCIOLOGIA,2013-9004;0210-2862,true,,
PAPERS ON LANGUAGE AND LITERATURE,0031-1294,true,,
PARAGRAPH,1750-0176;0264-8334,true,,
PARALLEL COMPUTING,1872-7336;0167-8191,true,,
PARASITE,1776-1042;1252-607X,true,,
PARASITE EPIDEMIOLOGY AND CONTROL,2405-6731,false,2024-07-11,removed from the White List
PARASITE IMMUNOLOGY,1365-3024;0141-9838,true,,
PARASITOLOGY INTERNATIONAL,1873-0329;1383-5769,true,,
PARASITOLOGY RESEARCH,1432-1955;0932-0113,true,,
PARENTING - SCIENCE AND PRACTICE,1532-7922;1529-5192,true,,
PARERGON,1832-8334;0313-6221,true,,
PARKINSON'S DISEASE,2090-8083;2042-0080,true,,
PARLIAMENTARY HISTORY,1750-0206;0264-2824,true,,
PARTECIPAZIONE E CONFLITTO,1972-7623;2035-6609,true,,
PARTICLES,2571-712X,true,,
PARTICULATE SCIENCE AND TECHNOLOGY,1548-0046;0272-6351,true,,
PARTICUOLOGY,2210-4291;1674-2001,true,,
PARTNER ABUSE,1946-6579;1946-6560,true,,
PASAVENTO - REVISTA DE ESTUDIOS HISPANICOS,2255-4505,true,,
PASOS - REVISTA DE TURISMO Y PATRIMONIO CULTURAL,1695-7121,true,,
PASTORAL CARE IN EDUCATION,1468-0122;0264-3944,true,,
PATHOGENS,2076-0817,true,,
PATHOGENS AND DISEASE,2049-632X,true,,
PATHOLOGICA,1591-951X;0031-2983,true,,
PATHOLOGY INTERNATIONAL,1440-1827;1320-5463,true,,
PATIENT - RELATED OUTCOME MEASURES,1179-271X,true,,
PATTERN ANALYSIS AND APPLICATIONS,1433-755X;1433-7541,true,,
"PEACE ECONOMICS, PEACE SCIENCE AND PUBLIC POLICY",1554-8597;1079-2457,true,,
PEACE REVIEW - A JOURNAL OF SOCIAL JUSTICE,1469-9982;1040-2659,true,,
PEDAGOGY OF PHYSICAL CULTURE AND SPORTS,2664-9837,true,,
"PEDIATRIC, ALLERGY, IMMUNOLOGY, AND PULMONOLOGY",2151-3228;2151-321X,true,,
PEDIATRIC AND DEVELOPMENTAL PATHOLOGY,1615-5742;1093-5266,true,,
PAEDIATRIC ANAESTHESIA,1460-9592;1155-5645,true,,
PEDIATRIC ANNALS,1938-2359;0090-4481,true,,
PEDIATRIC CARDIOLOGY,1432-1971;0172-0643,true,,
PEDIATRIC DERMATOLOGY,1525-1470;0736-8046,true,,
PEDIATRIC EMERGENCY CARE,1535-1815;0749-5161,true,,
"PEDIATRIC GASTROENTEROLOGY, HEPATOLOGY AND NUTRITION",2234-8840;2234-8646,true,,
PEDIATRIC HEALTH MEDICINE AND THERAPEUTICS,1179-9927,true,,
PEDIATRIC HEMATOLOGY AND ONCOLOGY,1521-0669;0888-0018,true,,
PEDIATRIC INVESTIGATION,2574-2272;2096-3726,true,,
PEDIATRIC PHYSICAL THERAPY,1538-005X;0898-5669,true,,
PEDIATRIC SURGERY INTERNATIONAL,1437-9813;0179-0358,true,,
PEDIATRIC TRANSPLANTATION,1399-3046;1397-3142,true,,
PEDIATRICS AND NEONATOLOGY,2212-1692,true,,
PEDIATRICS IN REVIEW,1526-3347;0191-9601,true,,
PEDIATRICS INTERNATIONAL,1442-200X;1328-8067,true,,
PEDOBIOLOGIA,1873-1511;0031-4056,true,,
PEERJ COMPUTER SCIENCE,2376-5992,true,,
PENSAMIENTO,2386-5822;0031-4749,true,,
PENTECOSTUDIES - AN INTERDISCIPLINARY JOURNAL FOR RESEARCH ON THE PENTECOSTAL AND CHARISMATIC MOVEMENTS,2041-3599;1871-7691,true,,
PEPTIDE SCIENCE,2475-8817,true,,
PEPTIDES,1873-5169;0196-9781,true,,
PERCEPTUAL AND MOTOR SKILLS,1558-688X;0031-5125,true,,
PERFORMANCE EVALUATION,1872-745X;0166-5316,true,,
PERFORMANCE MEASUREMENT AND METRICS,1758-6925;1467-8047,true,,
PERFUSION - UK,1477-111X;0267-6591,true,,
PERIFRASIS - REVISTA DE LITERATURA TEORIA Y CRITICA,2145-9045;2145-8987,true,,
PERIODICA MATHEMATICA HUNGARICA,1588-2829;0031-5303,true,,
PERIODICA POLYTECHNICA - CHEMICAL ENGINEERING,1587-3765;0324-5853,true,,
PERIODICA POLYTECHNICA - CIVIL ENGINEERING,1587-3773;0553-6626,true,,
PERIODICA POLYTECHNICA - MECHANICAL ENGINEERING,1587-379X;0324-6051,true,,
PERIPLO SUSTENTABLE,1870-9036,true,,
PERITONEAL DIALYSIS INTERNATIONAL,1718-4304;0896-8608,true,,
PERSIAN JOURNAL OF ACAROLOGY,2251-8169,true,,
PERSONALITY AND MENTAL HEALTH,1932-863X;1932-8621,true,,
PERSONALIZED MEDICINE,1744-828X;1741-0541,true,,
PERSPECTIVES IN PSYCHIATRIC CARE,1744-6163;0031-5990,true,,
PERSPECTIVES ON BEHAVIOR SCIENCE,2520-8977;2520-8969,true,,
PERTANIKA JOURNAL OF SCIENCE AND TECHNOLOGY,0128-7680,true,,
PERTANIKA JOURNAL OF TROPICAL AGRICULTURAL SCIENCE,2231-8542;1511-3701,true,,
PESQUISA AGROPECUARIA BRASILEIRA,1678-3921;0100-204X,true,,
PESQUISA AGROPECUARIA TROPICAL,1983-4063;1517-6398,true,,
PET CLINICS,1559-7814;1556-8598,true,,
PETROLEUM CHEMISTRY,1555-6239;0965-5441,true,,
PETROLEUM SCIENCE AND TECHNOLOGY,1532-2459;1091-6466,true,,
PFLEGE,1664-283X;1012-5302,true,,
PHARMACEUTICAL BIOLOGY,1744-5116;1388-0209,true,,
PHARMACEUTICAL DEVELOPMENT AND TECHNOLOGY,1097-9867;1083-7450,true,,
PHARMACEUTICAL MEDICINE,1179-1993;1178-2595,true,,
PHARMACEUTICAL STATISTICS,1539-1612;1539-1604,true,,
PHARMACOECONOMICS - OPEN,2509-4262;2509-4254,true,,
PHARMACOGENETICS AND GENOMICS,1744-6880;1744-6872,true,,
PHARMACOGENOMICS,1744-8042;1462-2416,true,,
PHARMACOLOGICAL REPORTS,2299-5684;1734-1140,true,,
PHARMACOLOGY,1423-0313;0031-7012,true,,
PHARMACOLOGY BIOCHEMISTRY AND BEHAVIOR,1873-5177;0091-3057,true,,
PHARMACOLOGY RESEARCH AND PERSPECTIVES,2052-1707,true,,
PHARMANUTRITION,2213-4344,true,,
PHASE TRANSITIONS,1029-0338;0141-1594,true,,
PHENOMENOLOGY & PRACTICE,1913-4711,true,,
PHILIPPINE STUDIES - HISTORICAL AND ETHNOGRAPHIC VIEWPOINTS,2244-1638;2244-1093,true,,
PHILOLOGICA CANARIENSIA,1136-3169;2386-8635,true,,
PHILOLOGICAL CLASS|ФИЛОЛОГИЧЕСКИЙ КЛАСС,2071-2405,true,,
PHILOLOGUS,2196-7008;0031-7985,true,,
PHILOSOPHIA,1574-9274;0048-3893,true,,
PHILOSOPHIA - A JOURNAL OF CONTINENTAL FEMINISM,2155-0905;2155-0891,true,,
PHILOSOPHIA AFRICANA,1944-7914;1539-8250,true,,
PHILOSOPHICAL INVESTIGATIONS,1467-9205;0190-0536,true,,
PHILOSOPHICAL MAGAZINE,1478-6443;1478-6435,true,,
PHILOSOPHISCHES JAHRBUCH,0031-8183,true,,
PHILOSOPHY AND RHETORIC,1527-2079;0031-8213,true,,
PHILOSOPHY EAST & WEST,1529-1898;0031-8221,true,,
PHILOSOPHY OF MANAGEMENT,2052-9597;1740-3812,true,,
PHILOSOPHY TODAY,2329-8596;0031-8256,true,,
PHLEBOLOGY,1758-1125;0268-3555;1433-3031,true,,
PHOENIX - THE JOURNAL OF THE CLASSICAL ASSOCIATION OF CANADA,1929-4883;0031-8299,true,,
"PHOTOBIOMODULATION, PHOTOMEDICINE, AND LASER SURGERY",2578-5478,true,,
PHOTOCHEMISTRY AND PHOTOBIOLOGY,1751-1097;0031-8655,true,,
PHOTODIAGNOSIS AND PHOTODYNAMIC THERAPY,1873-1597;1572-1000,false,2024-07-11,removed from the White List
PHOTOGRAMMETRIC ENGINEERING AND REMOTE SENSING,2374-8079;0099-1112,true,,
PHOTONIC NETWORK COMMUNICATIONS,1572-8188;1387-974X,true,,
PHOTONIC SENSORS,2190-7439;1674-9251,true,,
PHOTONICS,2304-6732,true,,
PHRONIMON,2413-3086;1561-4018,true,,
PHYCOLOGICAL RESEARCH,1440-1835;1322-0829,true,,
PHYSICA B - CONDENSED MATTER,1873-2135;0921-4526,true,,
PHYSICA MEDICA - EUROPEAN JOURNAL OF MEDICAL PHYSICS,1724-191X;1120-1797,true,,
PHYSICA STATUS SOLIDI - RAPID RESEARCH LETETRS,1862-6270;1862-6254,true,,
PHYSICA STATUS SOLIDI A - APPLICATIONS AND MATERIALS SCIENCE,1862-6319;1862-6300,true,,
PHYSICA STATUS SOLIDI B - BASIC SOLID STATE PHYSICS,1521-3951;0370-1972,true,,
PHYSICAL ACTIVITY REVIEW,2300-5076,true,,
"PHYSICAL AND CHEMICAL ASPECTS OF THE STUDY OF CLUSTERS NANOSTRUCTURES AND NANOMATERIALS|ФИЗИКО-ХИМИЧЕСКИЕ АСПЕКТЫ ИЗУЧЕНИЯ КЛАСТЕРОВ, НАНОСТРУКТУР И НАНОМАТЕРИАЛОВ",2658-4360;2226-4442,true,,
PHYSICAL BIOLOGY,1478-3975;1478-3967,true,,
PHYSICAL CHEMISTRY CHEMICAL PHYSICS,1463-9084;1463-9076,true,,
PHYSICAL CHEMISTRY RESEARCH,2345-2625;2322-5521,true,,
PHYSICAL COMMUNICATION,1874-4907,true,,
PHYSICAL GEOGRAPHY,1930-0557;0272-3646,true,,
PHYSICAL OCEANOGRAPHY,0928-5105;1573-160X,true,,
PHYSICAL REVIEW ACCELERATORS AND BEAMS,2469-9888,true,,
PHYSICS AND IMAGING IN RADIATION ONCOLOGY,2405-6316,false,2024-07-11,removed from the White List
PHYSICS AND CHEMISTRY OF LIQUIDS,1029-0451;0031-9104,true,,
PHYSICS AND CHEMISTRY OF MINERALS,1432-2021;0342-1791,true,,
PHYSICS IN PERSPECTIVE,1422-6960;1422-6944,true,,
"PHYSICS LETTERS, SECTION A: GENERAL, ATOMIC AND SOLID STATE PHYSICS",1873-2429;0375-9601,true,,
PHYSICS OF METALS AND METALLOGRAPHY,1555-6190;0031-918X,true,,
PHYSICS OF PLASMAS,1089-7674;1070-664X,true,,
PHYSICS OF THE EARTH AND PLANETARY INTERIORS,1872-7395;0031-9201,true,,
PHYSICS OF THE SOLID STATE,1090-6460;1063-7834,false,2025-10-29,removed from the White List
PHYSICS OF WAVE PHENOMENA,1934-807X;1541-308X,true,,
PHYSIOLOGICAL ENTOMOLOGY,1365-3032;0307-6962,true,,
PHYSIOLOGICAL MEASUREMENT,1361-6579;0967-3334,true,,
PHYSIOLOGICAL REPORTS,2051-817X,true,,
PHYSIOTHERAPY CANADA. PHYSIOTHERAPIE CANADA,1708-8313;0300-0508,true,,
PHYSIOTHERAPY RESEARCH INTERNATIONAL,1471-2865;1358-2267,true,,
PHYTOCHEMISTRY LETTERS,1876-7486;1874-3900,true,,
PHYTOKEYS,1314-2011;1314-2003,true,,
PHYTOPARASITICA,1876-7184;0334-2123,true,,
PHYTOTAXA,1179-3163;1179-3155,true,,
PIGMENT AND RESIN TECHNOLOGY,1758-6941;0369-9420,true,,
PILOT AND FEASIBILITY STUDIES,2055-5784,true,,
PITUITARY,1573-7403;1386-341X,true,,
PLANETARY AND SPACE SCIENCE,1873-5088;0032-0633,true,,
PLANNING PRACTICE AND RESEARCH,1360-0583;0269-7459,true,,
PLANT BIOTECHNOLOGY,1342-4580;1347-6114,true,,
PLANT ECOLOGY,1573-5052;1385-0237,true,,
PLANT ECOLOGY AND EVOLUTION,2032-3921;2032-3913,true,,
PLANT GENETIC RESOURCES: CHARACTERISATION AND UTILISATION,1479-263X;1479-2621,true,,
PLANT HEALTH PROGRESS,1535-1025,true,,
PLANT MOLECULAR BIOLOGY REPORTER,1572-9818;0735-9640,true,,
PLANT PHYSIOLOGY REPORTS,2662-2548;2662-253X,true,,
PLANT PROTECTION SCIENCE,1805-9341;1212-2580,true,,
PLANT SPECIES BIOLOGY,1442-1984;0913-557X,true,,
PLANT SYSTEMATICS AND EVOLUTION,1615-6110;0378-2697,true,,
PLASMA CHEMISTRY AND PLASMA PROCESSING,1572-8986;0272-4324,true,,
PLASMA MEDICINE,1947-5772;1947-5764,true,,
PLASMA SCIENCE AND TECHNOLOGY,2058-6272;1009-0630,true,,
PLASMID,1095-9890;0147-619X,true,,
PLASMONICS,1557-1963;1557-1955,true,,
PLASTIC AND RECONSTRUCTIVE SURGERY - GLOBAL OPEN,2169-7574,true,,
"PLASTICS, RUBBER AND COMPOSITES",1743-2898;1465-8011,true,,
PLATELETS,1369-1635;0953-7104,true,,
PLURALIST,1944-6489;1930-7365,true,,
PNEUMA,1570-0747;0272-0965,true,,
POLAR RESEARCH,1751-8369;0800-0395,true,,
POLAR SCIENCE,1876-4428;1873-9652,true,,
POLICY FUTURES IN EDUCATION,1478-2103,true,,
POLICY INSIGHTS FROM THE BEHAVIORAL AND BRAIN SCIENCES,2372-7330;2372-7322,true,,
"POLICY, POLITICS, AND NURSING PRACTICE",1552-7468;1527-1544,true,,
POLIMEROS - CIENCIA E TECNOLOGIA,1678-5169;0104-1428,true,,
POLIMERY,0032-2725,true,,
POLISH JOURNAL OF FOOD AND NUTRITION SCIENCES,2083-6007;1230-0322,true,,
POLISH JOURNAL OF MANAGEMENT STUDIES,2081-7452,true,,
POLISH POLAR RESEARCH,2081-8262;0138-0338,true,,
POLITEIA - JOURNAL OF POLITICAL THEORY POLITICAL PHILOSOPHY AND SOCIOLOGY OF POLITICS|ПОЛИТИЯ: АНАЛИЗ. ХРОНИКА. ПРОГНОЗ (ЖУРНАЛ ПОЛИТИЧЕСКОЙ ФИЛОСОФИИ И СОЦИОЛОГИИ ПОЛИТИКИ),2587-5914;2078-5089,true,,
POLITICA Y GOBIERNO,1665-2037;1405-1060,true,,
POLITICAL SCIENCE,2041-0611;0032-3187,true,,
POLITICAL THEORY,1552-7476;0090-5917,true,,
POLITICS AND POLICY,1747-1346;1555-5623,true,,
POLITICS AND RELIGION JOURNAL,1820-659X;1820-6581,true,,
"POLITICS, PHILOSOPHY AND ECONOMICS",1741-3060;1470-594X,true,,
POLITIKON,1470-1014;0258-9346,true,,
POLITISCHE VIERTELJAHRESSCHRIFT,1862-2860;0032-3470,true,,
POLITOLOGICKY CASOPIS - CZECH JOURNAL OF POLITICAL SCIENCE,1805-9503;1211-3247,true,,
POLJOPRIVREDA,1848-8080;1330-7142,true,,
POLYHEDRON,1873-3719;0277-5387,true,,
POLYMER BULLETIN,1436-2449;0170-0839,true,,
POLYMER CRYSTALLIZATION,2573-7619,true,,
POLYMER ENGINEERING AND SCIENCE,0032-3888,true,,
POLYMER SCIENCE - SERIES A,1757-1820;1555-6107;0965-545X,true,,
POLYMER SCIENCE - SERIES B,1555-6123;1560-0904,true,,
POLYMER SCIENCE - SERIES C,1555-614X;1811-2382,true,,
POLYMERS AND POLYMER COMPOSITES,1478-2391;0967-3911,true,,
POPULAR ENTERTAINMENT STUDIES,1837-9303,true,,
POPULATION HEALTH MANAGEMENT,1942-7905;1942-7891,true,,
POPULATION HEALTH METRICS,1478-7954,true,,
PORTAL - GODISNJAK HRVATSKOG RESTAURATORSKOG ZAVODA,1848-6681;1847-9464,true,,
PORTAL - LIBRARIES AND THE ACADEMY,1531-2542;1530-7131,true,,
PORTUGUESE ECONOMIC JOURNAL,1617-9838;1617-982X,true,,
POSITIF,0048-4911,true,,
POSITIVITY,1572-9281;1385-1292,true,,
POST - MEDIEVAL ARCHAEOLOGY,1745-8137;0079-4236,true,,
POTENTIAL ANALYSIS,1572-929X;0926-2601,true,,
POVERTY & PUBLIC POLICY,1944-2858,true,,
POWDER METALLURGY AND METAL CERAMICS,1573-9066;1068-1302,true,,
POWER AND EDUCATION,1757-7438,true,,
POZNAN STUDIES IN CONTEMPORARY LINGUISTICS,1897-7499;1732-0747,true,,
PRACTICAL LABORATORY MEDICINE,2352-5517,false,2024-07-11,removed from the White List
PRACTICAL RADIATION ONCOLOGY,1879-8500,true,,
JOURNAL OF STRUCTURAL DESIGN AND CONSTRUCTION PRACTICE,2996-5136;2996-5144,true,,
PRAEHISTORISCHE ZEITSCHRIFT,1613-0804;0079-4848,true,,
PRAGMATICS AND COGNITION,1569-9943;0929-0907,true,,
PRAGMATICS AND SOCIETY,1878-9722;1878-9714,true,,
PRAMANA - JOURNAL OF PHYSICS,0973-7111;0304-4289,true,,
PRECISION AND FUTURE MEDICINE,2508-7959;2508-7940,true,,
PREHOSPITAL AND DISASTER MEDICINE,1945-1938;1049-023X,true,,
PREPARATIVE BIOCHEMISTRY AND BIOTECHNOLOGY,1532-2297;1082-6068,true,,
PRESENCE: TELEOPERATORS AND VIRTUAL ENVIRONMENTS,1531-3263;1054-7460,true,,
PRESIDENTIAL STUDIES QUARTERLY,1741-5705;0360-4918,true,,
PRESSE MEDICALE,2213-0276;0755-4982,true,,
PREVENTIVE MEDICINE REPORTS,2211-3355,false,2024-07-11,removed from the White List
PRIKLADNAYA DISKRETNAYA MATEMATIKA|ПРИКЛАДНАЯ ДИСКРЕТНАЯ МАТЕМАТИКА,2311-2263;2071-0410,true,,
PRILOZI INSTITUTA ZA ARHEOLOGIJU U ZAGREBU,1848-6371;1330-0644,true,,
PRIMARY CARE DIABETES,1878-0210;1751-9918,true,,
PRIMARY HEALTH CARE RESEARCH AND DEVELOPMENT,1477-1128;1463-4236,true,,
PRIMERJALNA KNJIZEVNOST,0351-1189,true,,
PRISM - THEORY AND MODERN CHINESE LITERATURE,2578-3505;2578-3491,true,,
PRISMA SOCIAL,1989-3469,true,,
PROBABILITY IN THE ENGINEERING AND INFORMATIONAL SCIENCES,1469-8951;0269-9648,true,,
PROBLEMS OF INFORMATION TRANSMISSION,1608-3253;0032-9460,true,,
PROBLEMY EKOROZWOJU,2080-1971;1895-6912,true,,
RUSSIAN MUSICOLOGY,3034-3836,true,,
PROCEEDINGS OF THE ACADEMY OF NATURAL SCIENCES OF PHILADELPHIA,1938-5293;0097-3157,true,,
PROCEEDINGS OF THE ACM ON COMPUTER GRAPHICS AND INTERACTIVE TECHNIQUES,2577-6193,true,,
PROCEEDINGS OF THE AMERICAN MATHEMATICAL SOCIETY,1088-6826;0002-9939,true,,
PROCEEDINGS OF THE EDINBURGH MATHEMATICAL SOCIETY,1464-3839;0013-0915,true,,
PROCEEDINGS OF THE ESTONIAN ACADEMY OF SCIENCES,1736-7530;1736-6046,true,,
PROCEEDINGS OF THE GEOLOGISTS' ASSOCIATION,0016-7878,true,,
PROCEEDINGS OF THE INSTITUTION OF CIVIL ENGINEERS - BRIDGE ENGINEERING,1751-7664;1478-4637,true,,
PROCEEDINGS OF THE INSTITUTION OF CIVIL ENGINEERS - CIVIL ENGINEERING,1751-7672;0965-089X,true,,
PROCEEDINGS OF THE INSTITUTION OF CIVIL ENGINEERS - CONSTRUCTION MATERIALS,1747-6518;1747-650X,true,,
PROCEEDINGS OF THE INSTITUTION OF CIVIL ENGINEERS - ENGINEERING SUSTAINABILITY,1751-7680;1478-4629,true,,
PROCEEDINGS OF THE INSTITUTION OF CIVIL ENGINEERS - GEOTECHNICAL ENGINEERING,1751-8563;1353-2618,true,,
PROCEEDINGS OF THE INSTITUTION OF CIVIL ENGINEERS: GROUND IMPROVEMENT,1755-0769;1755-0750,true,,
PROCEEDINGS OF THE INSTITUTION OF CIVIL ENGINEERS - MANAGEMENT PROCUREMENT AND LAW,1751-4312;1751-4304,true,,
PROCEEDINGS OF THE INSTITUTION OF CIVIL ENGINEERS - MUNICIPAL ENGINEER,1751-7699;0965-0903,true,,
PROCEEDINGS OF THE INSTITUTION OF CIVIL ENGINEERS - STRUCTURES AND BUILDINGS,1751-7702;0965-0911,true,,
PROCEEDINGS OF THE INSTITUTION OF CIVIL ENGINEERS - TRANSPORT,1751-7710;0965-092X,true,,
"PROCEEDINGS OF THE INSTITUTION OF MECHANICAL ENGINEERS, PART A: JOURNAL OF POWER AND ENERGY",2041-2967;0957-6509,true,,
"PROCEEDINGS OF THE INSTITUTION OF MECHANICAL ENGINEERS, PART C: JOURNAL OF MECHANICAL ENGINEERING SCIENCE",2041-2983;0954-4062,true,,
"PROCEEDINGS OF THE INSTITUTION OF MECHANICAL ENGINEERS, PART D: JOURNAL OF AUTOMOBILE ENGINEERING",2041-2991;0954-4070,true,,
"PROCEEDINGS OF THE INSTITUTION OF MECHANICAL ENGINEERS, PART E: JOURNAL OF PROCESS MECHANICAL ENGINEERING",2041-3009;0954-4089,true,,
"PROCEEDINGS OF THE INSTITUTION OF MECHANICAL ENGINEERS, PART G: JOURNAL OF AEROSPACE ENGINEERING",2041-3025;0954-4100,true,,
"PROCEEDINGS OF THE INSTITUTION OF MECHANICAL ENGINEERS, PART H: JOURNAL OF ENGINEERING IN MEDICINE",2041-3033;0954-4119,true,,
"PROCEEDINGS OF THE INSTITUTION OF MECHANICAL ENGINEERS, PART I: JOURNAL OF SYSTEMS AND CONTROL ENGINEERING",2041-3041;0959-6518,true,,
"PROCEEDINGS OF THE INSTITUTION OF MECHANICAL ENGINEERS, PART J: JOURNAL OF ENGINEERING TRIBOLOGY",2041-305X;1350-6501,true,,
"PROCEEDINGS OF THE INSTITUTION OF MECHANICAL ENGINEERS, PART K: JOURNAL OF MULTI - BODY DYNAMICS",2041-3068;1464-4193,true,,
PROCEEDINGS OF THE INSTITUTION OF MECHANICAL ENGINEERS PART L - JOURNAL OF MATERIALS - DESIGN AND APPLICATIONS,2041-3076;1464-4207,true,,
"PROCEEDINGS OF THE INSTITUTION OF MECHANICAL ENGINEERS, PART P: JOURNAL OF SPORTS ENGINEERING AND TECHNOLOGY",1754-338X;1754-3371,true,,
PROCEEDINGS OF THE NATIONAL ACADEMY OF SCIENCES INDIA SECTION A - PHYSICAL SCIENCES,2250-1762;0369-8203,true,,
"PROCEEDINGS OF THE ROYAL IRISH ACADEMY, SECTION C: ARCHAEOLOGY, CELTIC STUDIES, HISTORY, LINGUISTICS AND LITERATURE",2009-0048;0035-8991,true,,
PROCEEDINGS OF THE STEKLOV INSTITUTE OF MATHEMATICS,1531-8605;0081-5438,true,,
PROCESS INTEGRATION AND OPTIMIZATION FOR SUSTAINABILITY,2509-4246;2509-4238,true,,
PROCESSES,2227-9717,true,,
PROCESSING AND APPLICATION OF CERAMICS,2406-1034;1820-6131,true,,
PRODUCTION ENGINEERING - RESEARCH AND DEVELOPMENT,1863-7353;0944-6524,true,,
PRODUCTION ENGINEERING ARCHIVES,2353-7779;2353-5156,true,,
PROFESORADO - REVISTA DE CURRICULUM Y FORMACION DE PROFESORADO,1989-6395;1138-414X,true,,
PROFILE: ISSUES IN TEACHERS' PROFESSIONAL DEVELOPMENT,2256-5760;1657-0790,true,,
PROGRAMMING AND COMPUTER SOFTWARE,1608-3261;0361-7688,true,,
PROGRESS IN BIOMATERIALS,2194-0517;2194-0509,true,,
PROGRESS IN BIOMEDICAL ENGINEERING,2516-1091,true,,
PROGRESS IN DEVELOPMENT STUDIES,1477-027X;1464-9934,true,,
PROGRESS IN ELECTROMAGNETICS RESEARCH LETTERS,1937-6480,true,,
PROGRESS IN ELECTROMAGNETICS RESEARCH M,1937-8726,true,,
PROGRESS IN PALLIATIVE CARE,1743-291X;0969-9260,true,,
PROGRESS IN RUBBER PLASTICS AND RECYCLING TECHNOLOGY,1478-2413;1477-7606,true,,
"PROPELLANTS, EXPLOSIVES, PYROTECHNICS",1521-4087;0721-3115,true,,
PROPERTY MANAGEMENT,1758-731X;0263-7472,true,,
PROSPECTIVA,2389-993X;0122-1213,true,,
PROSTAGLANDINS AND OTHER LIPID MEDIATORS,2212-196X;1098-8823,true,,
PROSTAGLANDINS LEUKOTRIENES AND ESSENTIAL FATTY ACIDS,1532-2823;0952-3278,true,,
PROSTATE INTERNATIONAL,2287-903X;2287-8882,false,2024-07-11,removed from the White List
PROSTHESIS,2673-1592,true,,
PROTECTION OF METALS AND PHYSICAL CHEMISTRY OF SURFACES,2070-206X;2070-2051,true,,
PROTEIN JOURNAL,1875-8355;1572-3887,true,,
"PROTEINS: STRUCTURE, FUNCTION AND BIOINFORMATICS",1097-0134;0887-3585,true,,
PROTEOME SCIENCE,1477-5956,true,,
PROTEOMES,2227-7382,true,,
PROTIST,1618-0941;1434-4610,true,,
"REVISTA PROYECTO, PROGRESO, ARQUITECTURA",2173-1616;2171-6897,true,,
PSICOLOGIA EDUCATIVA,2174-0526;1135-755X,true,,
PSL QUARTERLY REVIEW,2037-3643;2037-3635,true,,
PSORIASIS: TARGETS AND THERAPY,2230-326X,true,,
PSYCHIATRIA POLSKA,2391-5854;0033-2674,true,,
PSYCHIATRIC QUARTERLY,1573-6709;0033-2720,true,,
PSYCHIATRISCHE PRAXIS,1439-0876;0303-4259,true,,
PSYCHIATRY - INTERPERSONAL AND BIOLOGICAL PROCESSES,1943-281X;0033-2747,true,,
PSYCHIATRY INVESTIGATION,1976-3026;1738-3684,true,,
PSYCHIATRY RESEARCH - NEUROIMAGING,1872-7506;0925-4927,true,,
PSYCHOGERIATRICS,1479-8301;1346-3500,true,,
PSYCHOLOGICAL REPORTS,1558-691X;0033-2941,true,,
PSYCHOLOGICAL RESEARCH,1430-2772;0340-0727,true,,
PSYCHOLOGICAL SERVICES,1939-148X;1541-1559,true,,
PSYCHOLOGY IN THE SCHOOLS,1520-6807;0033-3085,true,,
PSYCHOLOGY LEARNING AND TEACHING - PLAT,1475-7257,true,,
"PSYCHOLOGY OF CONSCIOUSNESS: THEORY RESEARCH, AND PRACTICE",2326-5531;2326-5523,true,,
PSYCHOLOGY OF MEN AND MASCULINITY,1939-151X;1524-9220,true,,
PSYCHOMETRIKA,1860-0980;0033-3123,true,,
PSYCHOPATHOLOGY,1423-033X;0254-4962,true,,
PSYECOLOGY - REVISTA BILINGUE DE PSICOLOGIA AMBIENTAL,2171-1976;1989-9386,true,,
PUBLIC - ART CULTURE IDEAS,2048-6928;0845-4450,true,,
PUBLIC ADMINISTRATION AND DEVELOPMENT,1099-162X;0271-2075,true,,
PUBLIC ADMINISTRATION AND POLICY - AN ASIA-PACIFIC JOURNAL,2517-679X;1727-2645,true,,
PUBLIC ARCHAEOLOGY,1753-5530;1465-5187,true,,
PUBLIC BUDGETING AND FINANCE,1540-5850;0275-1100,true,,
PUBLIC FINANCE REVIEW,1552-7530;1091-1421,true,,
PUBLIC HEALTH GENOMICS,1662-8063;1662-4246,true,,
PUBLIC HEALTH NURSING,1525-1446;0737-1209,true,,
PUBLIC HEALTH REPORTS,1468-2877;0033-3549,true,,
PUBLIC HISTORY REVIEW,1833-4989;1037-9851,true,,
PUBLIC INTEGRITY,1558-0989;1099-9922,true,,
PUBLIC LAW REVIEW,1034-3024,true,,
PUBLIC LIBRARY QUARTERLY,1541-1540;0161-6846,true,,
PUBLIC RELATIONS INQUIRY,2046-1488;2046-147X,true,,
PUBLIC WORKS MANAGEMENT AND POLICY,1552-7549;1087-724X,true,,
PUBLICATIONS OF THE RESEARCH INSTITUTE FOR MATHEMATICAL SCIENCES,1663-4926;0034-5318,true,,
PUBLISHING RESEARCH QUARTERLY,1936-4792;1053-8801,true,,
PULMONARY CIRCULATION,2045-8940;2045-8932,true,,
PUNJAB UNIVERSITY JOURNAL OF MATHEMATICS,1016-2526,true,,
PURE AND APPLIED CHEMISTRY,1365-3075;0033-4545,true,,
PURE AND APPLIED GEOPHYSICS,1420-9136;0033-4553,true,,
PURINERGIC SIGNALLING,1573-9546;1573-9538,true,,
QME - QUANTITATIVE MARKETING AND ECONOMICS,1573-711X;1570-7156,true,,
QUADERNS - REVISTA DE TRADUCCIO,2014-9735;1138-5790,true,,
QUADERNS DE FILOLOGIA - ESTUDIS LITERARIS,2444-1457;1135-4178,true,,
QUAESTIONES GEOGRAPHICAE,2082-2103;2081-6383,true,,
QUAESTIONES MATHEMATICAE,1727-933X;1607-3606,true,,
QUALITATIVE PSYCHOLOGY,2326-3601;2326-3598,true,,
QUALITATIVE RESEARCH IN ACCOUNTING AND MANAGEMENT,1758-7654;1176-6093,true,,
QUALITATIVE RESEARCH IN FINANCIAL MARKETS,1755-4179;1755-4187,true,,
QUALITATIVE RESEARCH IN ORGANIZATIONS AND MANAGEMENT,1746-5656;1746-5648,true,,
QUALITATIVE RESEARCH JOURNAL,1448-0980;1443-9883,true,,
QUALITATIVE THEORY OF DYNAMICAL SYSTEMS,1662-3592;1575-5460,true,,
QUALITY AND RELIABILITY ENGINEERING INTERNATIONAL,1099-1638;0748-8017,true,,
QUALITY ASSURANCE IN EDUCATION,1758-7662;0968-4883,true,,
QUALITY ENGINEERING,1532-4222;0898-2112,true,,
QUALITY IN HIGHER EDUCATION,1470-1081;1353-8322,true,,
QUALITY INNOVATION PROSPERITY - KVALITA INOVACIA PROSPERITA,1335-1745;1338-984X,true,,
QUANTITATIVE INFRARED THERMOGRAPHY JOURNAL,2116-7176;1768-6733,true,,
QUANTITATIVE METHODS FOR PSYCHOLOGY,2292-1354;1913-4126,true,,
QUANTUM BEAM SCIENCE,2412-382X,true,,
QUANTUM ELECTRONICS,1468-4799;1063-7818,true,,
QUANTUM INFORMATION AND COMPUTATION,1533-7146,true,,
QUANTUM INFORMATION PROCESSING,1573-1332;1570-0755,true,,
QUANTUM STUDIES - MATHEMATICS AND FOUNDATIONS,2196-5617;2196-5609,true,,
QUARTERLY JOURNAL OF ENGINEERING GEOLOGY AND HYDROGEOLOGY,2041-4803;1470-9236,true,,
QUARTERLY JOURNAL OF EXPERIMENTAL PSYCHOLOGY,1747-0226;1747-0218,true,,
QUARTERLY JOURNAL OF NUCLEAR MEDICINE AND MOLECULAR IMAGING,1827-1936;1824-4785,true,,
QUEENSLAND REVIEW,2049-7792;1321-8166,true,,
QUINTESSENCE INTERNATIONAL,1936-7163;0033-6572,true,,
RADIATION AND ENVIRONMENTAL BIOPHYSICS,1432-2099;0301-634X,true,,
RADIATION RESEARCH,1938-5404;0033-7587,true,,
RADIOCHIMICA ACTA,2193-3405;0033-8230,true,,
RADIOGRAPHY,1532-2831;1078-8174,true,,
RADIOLOGIC CLINICS OF NORTH AMERICA,1557-8275;0033-8389,true,,
RADIOLOGY - ARTIFICIAL INTELLIGENCE,2638-6100,true,,
RADIOLOGY RESEARCH AND PRACTICE,2090-195X;2090-1941,true,,
"RADIOPHYSICS AND QUANTUM ELECTRONICS (ENGLISH TRANSLATION OF IZVESTIYA VYSSHIKH UCHEBNYKH ZAVEDENII, RADIOFIZIKA)",1573-9120;0033-8443,true,,
RADIOPROTECTION,1769-700X;0033-8451,true,,
RADOVI-ZAVODA ZA POVIJESNE ZNANOSTI HAZU U ZADRU,1330-0474,true,,
RAE - REVISTA DE ADMINISTRACAO DE EMPRESAS,2178-938X;0034-7590,true,,
RAFFLES BULLETIN OF ZOOLOGY,2345-7600;0217-2445,true,,
RAMANUJAN JOURNAL,1572-9303;1382-4090,true,,
RAMBAM MAIMONIDES MEDICAL JOURNAL,2076-9172,true,,
RAMUS - CRITICAL STUDIES IN GREEK AND ROMAN LITERATURE,2202-932X;0048-671X,true,,
RANDOM MATRICES - THEORY AND APPLICATIONS,2010-3271;2010-3263,true,,
RANDOM STRUCTURES AND ALGORITHMS,1098-2418;1042-9832,true,,
RANGELAND ECOLOGY AND MANAGEMENT,1551-5028;1550-7424,true,,
RANGELAND JOURNAL,1834-7541;1036-9872,true,,
RAPID COMMUNICATIONS IN MASS SPECTROMETRY,1097-0231;0951-4198,true,,
RATIONALITY AND SOCIETY,1461-7358;1043-4631,true,,
RAUSP MANAGEMENT JOURNAL,2531-0488,true,,
REVISTA BRASILEIRA DE GESTAO DE NEGOCIOS,1983-0807;1806-4892,true,,
READING AND WRITING QUARTERLY,1521-0693;1057-3569,true,,
RECENT PATENTS ON NANOTECHNOLOGY,2212-4020;1872-2105,true,,
RECHERCHE ET APPLICATIONS EN MARKETING - ENGLISH EDITION,2051-5707,true,,
RECHERCHES DE THEOLOGIE ET PHILOSOPHIE MEDIEVALES,1783-1717;1370-7493,true,,
RECORDS MANAGEMENT JOURNAL,1758-7689;0956-5698,true,,
RECYCLING,2313-4321,true,,
RED - REVISTA DE EDUCACION A DISTANCIA,1578-7680,true,,
REFERENCE AND USER SERVICES QUARTERLY,2163-5242;1094-9054,true,,
REFERENCE SERVICES REVIEW,2054-1716;0090-7324,true,,
REFORMATION,1752-0738;1357-4175,true,,
REFORMATION AND RENAISSANCE REVIEW,1743-1727;1462-2459,true,,
REFUGE,1920-7336;0229-5113,true,,
REFUGEE SURVEY QUARTERLY,1471-695X;1020-4067,true,,
REVISTA DE GESTAO,2177-8736;1809-2276,true,,
REGENERATIVE BIOMATERIALS,2056-3426;2056-3418,true,,
REGENERATIVE MEDICINE,1746-076X;1746-0751,true,,
REGENERATIVE THERAPY,2352-3204,false,2024-07-11,removed from the White List
REGIONAL STUDIES IN MARINE SCIENCE,2352-4855,true,,
REGULATORY TOXICOLOGY AND PHARMACOLOGY,1096-0295;0273-2300,true,,
REHABILITATION COUNSELING BULLETIN,1538-4853;0034-3552,true,,
REHABILITATION NURSING,2048-7940;0278-4807,true,,
REHABILITATION RESEARCH AND PRACTICE,2090-2875;2090-2867,true,,
"REICE. REVISTA IBEROAMERICANA SOBRE CALIDAD, EFICACIA Y CAMBIO EN EDUCACION",1696-4713,true,,
RELIEVE - REVISTA ELECTRONICA DE INVESTIGACION Y EVALUACION EDUCATIVA,1134-4032,true,,
RELIGION COMPASS,1749-8171,true,,
RELIGIOUS EDUCATION,1547-3201;0034-4087,true,,
RELIGIOUS STUDIES REVIEW,1748-0922;0319-485X,true,,
RENAISSANCE STUDIES,1477-4658;0269-1213,true,,
RENAL FAILURE,1525-6049;0886-022X,true,,
RENDICONTI DEL CIRCOLO MATEMATICO DI PALERMO,1973-4409;0009-725X,true,,
"ATTI DELLA ACCADEMIA NAZIONALE DEI LINCEI, CLASSE DI SCIENZE FISICHE, MATEMATICHE E NATURALI, RENDICONTI LINCEI MATEMATICA E APPLICAZIONI",1720-0768;1120-6330,true,,
REPORTS,2571-841X,true,,
REPRESENTATIONS,1533-855X;0734-6018,true,,
REPRODUCTIVE TOXICOLOGY,1873-1708;0890-6238,true,,
RES MOBILIS - INTERNATIONAL RESEARCH JOURNAL OF FURNITURE AND DECORATIVE OBJECTS,2255-2057,true,,
RESEARCH AND REPORTS IN NEONATOLOGY,1179-9935,true,,
RESEARCH AND REPORTS IN TROPICAL MEDICINE,1179-7282,true,,
RESEARCH IN AUTISM SPECTRUM DISORDERS,1878-0237;1750-9467,true,,
RESEARCH IN COMPARATIVE AND INTERNATIONAL EDUCATION,1745-4999,true,,
RESEARCH IN ECONOMICS,1090-9451;1090-9443,true,,
RESEARCH IN GERONTOLOGICAL NURSING,1940-4921;1938-2464,true,,
RESEARCH IN NONDESTRUCTIVE EVALUATION,1432-2110;0934-9847,true,,
RESEARCH IN PHENOMENOLOGY,1569-1640;0085-5553,true,,
RESEARCH JOURNAL OF TEXTILE AND APPAREL,1560-6074;2515-8090,true,,
RESEARCH ON AGING,1552-7573;0164-0275,true,,
RESEARCH ON CHEMICAL INTERMEDIATES,1568-5675;0922-6168,true,,
RESIDENTIAL TREATMENT FOR CHILDREN AND YOUTH,1541-0358;0886-571X,true,,
RESONANCIAS,0719-5702;0717-3474,true,,
RESOURCE GEOLOGY,1751-3928;1344-1698,true,,
RESPIRATORY CARE,1943-3654;0020-1324,true,,
RESPIRATORY INVESTIGATION,2212-5353;2212-5345,true,,
RESPIRATORY MEDICINE AND RESEARCH,2590-0412,true,,
RESPIRATORY PHYSIOLOGY AND NEUROBIOLOGY,1878-1519;1569-9048,true,,
RESTORATIVE NEUROLOGY AND NEUROSCIENCE,1878-3627;0922-6028,true,,
RESULTS IN APPLIED MATHEMATICS,2590-0374,false,2024-07-11,removed from the White List
RESUSCITATION PLUS,2666-5204,false,2024-07-11,removed from the White List
RETI SAPERI LINGUAGGI - ITALIAN JOURNAL OF COGNITIVE SCIENCES,2279-7777;1826-8889,true,,
RETOS - REVISTA DE CIENCIAS DE LA ADMINISTRACION Y ECONOMIA,1390-8618;1390-6291,true,,
REVESCO - REVISTA DE ESTUDIOS COOPERATIVOS,1885-8031;1135-6618,true,,
REVIEW OF AGRARIAN STUDIES,2249-4405;2248-9002,true,,
REVIEW OF AUSTRIAN ECONOMICS,1573-7128;0889-3047,true,,
REVIEW OF BEHAVIORAL ECONOMICS,2326-6201;2326-6198,true,,
REVIEW OF CENTRAL AND EAST EUROPEAN LAW,0925-9880;1573-0352,true,,
REVIEW OF COGNITIVE LINGUISTICS,1877-976X;1877-9751,true,,
REVIEW OF DEVELOPMENT ECONOMICS,1467-9361;1363-6669,true,,
REVIEW OF DEVELOPMENT FINANCE,1879-9337,true,,
REVIEW OF INDUSTRIAL ORGANIZATION,1573-7160;0889-938X,true,,
REVIEW OF INTERNATIONAL ECONOMICS,1467-9396;0965-7576,true,,
REVIEW OF KEYNESIAN ECONOMICS,2049-5331;2049-5323,true,,
REVIEW OF LAW AND ECONOMICS,2194-6000;1555-5879,true,,
REVIEW OF PHILOSOPHY AND PSYCHOLOGY,1878-5166;1878-5158,true,,
REVIEW OF POLITICAL ECONOMY,1465-3982;0953-8259,true,,
REVIEW OF QUANTITATIVE FINANCE AND ACCOUNTING,1573-7179;0924-865X,true,,
REVIEW OF RADICAL POLITICAL ECONOMICS,1552-8502;0486-6134,true,,
REVIEW OF REGIONAL STUDIES,1553-0892;0048-749X,true,,
REVIEW OF SCIENTIFIC INSTRUMENTS,1089-7623;0034-6748,true,,
REVIEW OF SOCIAL ECONOMY,1470-1162;0034-6764,true,,
REVIEW OF WORLD ECONOMICS,1610-2886;1610-2878,true,,
REVIEWS IN ANTHROPOLOGY,1556-3014;0093-8157,true,,
REVIEWS IN INORGANIC CHEMISTRY,2191-0227;0193-4929,true,,
REVIEWS IN MATHEMATICAL PHYSICS,1793-6659;0129-055X,true,,
REVIEWS OF ADHESION AND ADHESIVES,2168-0973;2168-0965,true,,
REVISTA 180,0718-2309,true,,
REVISTA BRASILEIRA DE CIENCIA DO SOLO,1806-9657;0100-0683,true,,
REVISTA BRASILEIRA DE ENFERMAGEM,1984-0446;0034-7167,true,,
REVISTA BRASILEIRA DE ENGENHARIA AGRICOLA E AMBIENTAL,1807-1929;1415-4366,true,,
REVISTA BRASILEIRA DE ENTOMOLOGIA,1806-9665;0085-5626,true,,
REVISTA BRASILEIRA DE FARMACOGNOSIA - BRAZILIAN JOURNAL OF PHARMACOGNOSY,1981-528X;0102-695X,true,,
REVISTA BRASILEIRA DE FRUTICULTURA,1806-9967;0100-2945,true,,
REVISTA BRASILEIRA DE GEOMORFOLOGIA,2236-5664;1519-1540,true,,
REVISTA BRASILEIRA DE HISTORIA,1806-9347;0102-0188,true,,
REVISTA BRASILEIRA DE PARASITOLOGIA VETERINARIA,1984-2961;0103-846X,true,,
REVISTA BRASILEIRA DE POLITICA INTERNACIONAL,1983-3121;0034-7329,true,,
REVISTA BRASILEIRA DE ZOOTECNIA - BRAZILIAN JOURNAL OF ANIMAL SCIENCE,1806-9290;1516-3598,true,,
REVISTA CHILENA DE DERECHO,0718-3437;0716-0747,true,,
REVISTA CHILENA DE HISTORIA NATURAL,0717-6317;0716-078X,true,,
REVISTA CHILENA DE LITERATURA,0718-2295;0048-7651,true,,
REVISTA CIENCIA AGRONOMICA,0045-6888;1806-6690,true,,
REVISTA COLOMBIANA DE SOCIOLOGIA,2256-5485;0120-159X,true,,
REVISTA COMPLUTENSE DE EDUCACION,1988-2793;1130-2496,true,,
REVISTA CRIMINALIDAD,2256-5531;1794-3108,true,,
REVISTA DA ASSOCIACAO MEDICA BRASILEIRA,1806-9282;0104-4230,true,,
REVISTA DA ESCOLA DE ENFERMAGEM DA U S P,1980-220X;0080-6234,true,,
REVISTA DE ADMINISTRACAO PUBLICA,1982-3134;0034-7612,true,,
REVISTA DE ANTROPOLOGIA SOCIAL,1988-2831;1131-558X,true,,
REVISTA DE ARQUITECTURA - BOGOTA,2357-626X;1657-0308,true,,
REVISTA DE CIENCIA POLITICA,0718-090X;0716-1417,true,,
REVISTA DE COMUNICACION - PERU,2227-1465;1684-0933,true,,
REVISTA DE COMUNICACION DE LA SEECI,2695-5156,true,,
REVISTA DE CONTABILIDAD - SPANISH ACCOUNTING REVIEW,1988-4672;1138-4891,true,,
REVISTA DE DERECHO CIVIL,2341-2216,true,,
REVISTA DE EDUCACION,1988-592X;0034-8082,true,,
REVISTA DE ESTUDIOS HISPANICOS,0034-818X,true,,
REVISTA DE ESTUDIOS SOCIALES,1900-5180;0123-885X,true,,
REVISTA DE FILOSOFIA (CHILE),0718-4360;0034-8236,true,,
REVISTA DE HISTORIA INDUSTRIAL,2385-3247;1132-7200,true,,
REVISTA DE HUMANIDADES (SPAIN),2340-8995;1130-5029,true,,
REVISTA DE INDIAS,1988-3188;0034-8341,true,,
REVISTA DE INVESTIGACION EN LOGOPEDIA,2174-5218,true,,
REVISTA DE INVESTIGACOES CONSTITUCIONAIS - JOURNAL OF CONSTITUTIONAL RESEARCH,2359-5639,true,,
REVISTA DE LA FACULTAD DE CIENCIAS AGRARIAS,1853-8665;0370-4661,true,,
REVISTA DE LA SOCIEDAD GEOLOGICA DE ESPANA,2255-1379;0214-2708,true,,
REVISTA DE LINGUISTICA Y LENGUAS APLICADAS,1886-2438;1886-6298,true,,
REVISTA DE PSICOLOGIA CLINICA CON NINOS Y ADOLESCENTES,2340-8340,true,,
REVISTA DE SAUDE PUBLICA,1518-8787;0034-8910,true,,
REVISTA DE TELEDETECCION,1988-8740;1133-0953,true,,
REVISTA ELECTRONICA DE INVESTIGACION EDUCATIVA,1607-4041,true,,
REVISTA ELECTRONICA INTERUNIVERSITARIA DE FORMACION DEL PROFESORADO,1575-0965,true,,
REVISTA ESPANOLA DE ANESTESIOLOGIA Y REANIMACION,2340-3284;0034-9356,true,,
REVISTA ESPANOLA DE CIENCIA POLITICA - RECP,2173-9870;1575-6548,true,,
REVISTA ESPANOLA DE COMUNICACION EN SALUD,1989-9882,true,,
REVISTA ESPANOLA DE DERECHO CONSTITUCIONAL,1989-0648;0211-5743,true,,
REVISTA ESPANOLA DE DOCUMENTACION CIENTIFICA,1988-4621;0210-0614,true,,
REVISTA ESPANOLA DE INVESTIGACIONES SOCIOLOGICAS,1988-5903;0210-5233,true,,
REVISTA ESPANOLA DE LINGUISTICA APLICADA,2254-6774;0213-2028,true,,
REVISTA ESPANOLA DE PEDAGOGIA,2174-0909;0034-9461,true,,
REVISTA ESPANOLA DE QUIMIOTERAPIA,1988-9518;0214-3429,true,,
REVISTA ESPANOLA DE SALUD PUBLICA,2173-9110;1135-5727,true,,
REVISTA ESPANOLA DE SOCIOLOGIA,1578-2824,true,,
REVISTA ESTUDOS INSTITUCIONAIS - JOURNAL OF INSTITUTIONAL STUDIES,2447-5467,true,,
REVISTA EUREKA SOBRE ENSENANZA Y DIVULGACION DE LAS CIENCIAS,1697-011X,true,,
REVISTA HISTORIA AUTONOMA,2254-8726,true,,
RIAI - REVISTA IBEROAMERICANA DE AUTOMATICA E INFORMATICA INDUSTRIAL,1697-7920;1697-7912,true,,
REVISTA IBEROAMERICANA DE PSICOLOGIA Y SALUD,2171-2069;1989-9246,true,,
REVISTA ICONO 14 - REVISTA CIENTIFICA DE COMUNICACION Y TECNOLOGIAS,1697-8293,true,,
REVISTA INTERNACIONAL DE EDUCACION MUSICAL,2307-4841,true,,
REVISTA INTERNACIONAL DE MEDICINA Y CIENCIAS DE LA ACTIVIDAD FISICA Y DEL DEPORTE,1577-0354,true,,
REVISTA INTERNACIONAL DE SOCIOLOGIA,1988-429X;0034-9712,true,,
REVISTA INVI,0718-8358;0718-1299,true,,
REVISTA LATINO-AMERICANA DE ENFERMAGEM,1518-8345;0104-1169,true,,
REVISTA MATEMATICA COMPLUTENSE,1988-2807;1139-1138,true,,
REVISTA MEDITERRANEA COMUNICACION - JOURNAL OF COMMUNICATION,1989-872X;2530-0024,true,,
REVISTA MEXICANA DE CIENCIAS GEOLOGICAS,2007-2902;1026-8774,true,,
REVISTA MEXICANA DE CIENCIAS PECUARIAS,2448-6698;2007-1124,true,,
REVISTA MEXICANA DE FISICA,0035-001X,true,,
REVISTA MEXICANA DE INGENIERIA QUIMICA,2395-8472;1665-2738,true,,
REVISTA PANAMERICANA DE SALUD PUBLICA - PAN AMERICAN JOURNAL OF PUBLIC HEALTH,1680-5348;1020-4989,true,,
REVISTA REPUBLICANA,2256-5027;1909-4450,true,,
REVISTA ROMANEASCA PENTRU EDUCATIE MULTIDIMENSIONALA,2067-9270;2066-7329,true,,
REVISTA SIGNOS,0718-0934;0035-0451,true,,
REVUE D'ANTHROPOLOGIE DES CONNAISSANCES,1760-5393,true,,
REVUE D'HISTOIRE DU THEATRE,1291-2530,true,,
REVUE D'HISTOIRE MODERNE ET CONTEMPORAINE,1776-3045;0048-8003,true,,
REVUE DE MICROPALEONTOLOGIE,0035-1598,true,,
REVUE FRANCAISE D'ALLERGOLOGIE,1877-0320;1877-0312,true,,
REVUE FRANCAISE DE SOCIOLOGIE,1958-5691;0035-2969,true,,
REVUE LISA - LISA E-JOURNAL,1762-6153,true,,
REVUE NEUROLOGIQUE,2213-0004;0035-3787,true,,
REVUE ROMANE,1600-0811;0035-3906,true,,
REVUE SCIENTIFIQUE ET TECHNIQUE - OFFICE INTERNATIONAL DES EPIZOOTIES,1608-0637;0253-1933,true,,
RHETORIC AND PUBLIC AFFAIRS,1534-5238;1094-8392,true,,
RSQ - RHETORIC SOCIETY QUARTERLY,1930-322X;0277-3945,true,,
RHEUMATIC DISEASE CLINICS OF NORTH AMERICA,1558-3163;0889-857X,true,,
RHEUMATOLOGY AND THERAPY,2198-6584;2198-6576,true,,
RHEUMATOLOGY INTERNATIONAL,1437-160X;0172-8172,true,,
RHIZOMATA - A JOURNAL FOR ANCIENT PHILOSOPHY AND SCIENCE,2196-5110;2196-5102,true,,
RHYTHMICA - REVISTA ESPANOLA DE METRICA COMPARADA,1696-5744,true,,
RICYDE - REVISTA INTERNACIONAL DE CIENCIAS DEL DEPORTE,1885-3137,true,,
RILCE - REVISTA DE FILOLOGIA HISPANICA,2174-0917;0213-2370,true,,
RISK MANAGEMENT AND INSURANCE REVIEW,1540-6296;1098-1616,true,,
RISKS,2227-9091,true,,
RIVER RESEARCH AND APPLICATIONS,1535-1467;1535-1459,true,,
RIVISTA DI FILOSOFIA DEL DIRITTO - JOURNAL OF LEGAL PHILOSOPHY,2280-482X,true,,
RIVISTA DI MATEMATICA DELLA UNIVERSITA DI PARMA,0035-6298;2284-2578,true,,
RIVISTA DI PSICHIATRIA,2038-2502;0035-6484,true,,
"RIVISTA, ITALIANA DI PALEONTOLOGIIA E STRATIGRAFIA",2039-4942;0035-6883,true,,
RLA - REVISTA DE LINGUISTICA TEORICA Y APLICADA,0718-4883;0033-698X,true,,
RNA BIOLOGY,1555-8584;1547-6286,true,,
ROBOMECH JOURNAL,2197-4225,true,,
YANTU LIXUE/ROCK AND SOIL MECHANICS,1000-7598,true,,
ROCKY MOUNTAIN JOURNAL OF MATHEMATICS,1945-3795;0035-7596,true,,
ROEPER REVIEW - A JOURNAL ON GIFTED EDUCATION,1940-865X;0278-3193,true,,
ROMANCE QUARTERLY,1940-3216;0883-1157,true,,
ROMANIAN JOURNAL OF ECONOMIC FORECASTING,2537-6071;1582-6163,true,,
ROMANIAN JOURNAL OF INTERNAL MEDICINE = REVUE ROUMAINE DE MEDECINE INTERNE,2501-062X;1582-3296,true,,
ROMANIAN JOURNAL OF PHYSICS,1221-146X,true,,
ROMANIAN REPORTS IN PHYSICS,1841-8759;1221-1451,true,,
RSC CHEMICAL BIOLOGY,2633-0679,true,,
RSC MEDICINAL CHEMISTRY,2632-8682,true,,
RUBBER CHEMISTRY AND TECHNOLOGY,1943-4804;0035-9475,true,,
RUDARSKO-GEOLOSKO- NAFTNI ZBORNIK,1849-0409;0353-4529,true,,
RURAL AND REMOTE HEALTH,1445-6354,true,,
RURAL SPECIAL EDUCATION QUARTERLY,8756-8705;2168-8605,true,,
RUSI JOURNAL,1744-0378;0307-1847,true,,
RUSSELL - THE JOURNAL OF THE BERTRAND RUSSELL STUDIES,1913-8032;0036-0163,true,,
RUSSIAN CHEMICAL BULLETIN,1573-9171;1066-5285,true,,
RUSSIAN GEOLOGY AND GEOPHYSICS,1878-030X;1068-7971,true,,
RUSSIAN HISTORY - HISTOIRE RUSSE,0094-288X,true,,
RUSSIAN JOURNAL OF APPLIED CHEMISTRY,1608-3296;1070-4272,true,,
RUSSIAN JOURNAL OF BIOLOGICAL INVASIONS,2075-1125;2075-1117,true,,
RUSSIAN JOURNAL OF BIOORGANIC CHEMISTRY,1608-330X;1068-1620,true,,
RUSSIAN JOURNAL OF COORDINATION CHEMISTRY/KOORDINATSIONNAYA KHIMIYA,1608-3318;1070-3284,true,,
ВСЕРОССИЙСКИЙ КРИМИНОЛОГИЧЕСКИЙ ЖУРНАЛ,2500-1442;2500-4255,true,,
RUSSIAN JOURNAL OF ECOLOGY,1608-3334;1067-4136,true,,
RUSSIAN JOURNAL OF GENERAL CHEMISTRY,1608-3350;1070-3632,true,,
RUSSIAN JOURNAL OF HERPETOLOGY,1026-2296,true,,
RUSSIAN JOURNAL OF INORGANIC CHEMISTRY,1531-8613;0036-0236,true,,
RUSSIAN JOURNAL OF NEMATOLOGY,0869-6918,true,,
RUSSIAN JOURNAL OF NONDESTRUCTIVE TESTING,1608-3385;1061-8309,true,,
RUSSIAN JOURNAL OF NUMERICAL ANALYSIS AND MATHEMATICAL MODELLING,1569-3988;0927-6467,true,,
RUSSIAN JOURNAL OF PACIFIC GEOLOGY,1819-7159;1819-7140,true,,
RUSSIAN JOURNAL OF PHYSICAL CHEMISTRY B,1990-7923;1990-7931,true,,
RUSSIAN JOURNAL OF VIETNAMESE STUDIES - VYETNAMSKIYE ISSLEDOVANIYA|ВЬЕТНАМСКИЕ ИССЛЕДОВАНИЯ: ЭЛЕКТРОННЫЙ НАУЧНЫЙ ЖУРНАЛ,2618-9453,true,,
RUSSIAN LAW JOURNAL,2312-3605;2309-8678,true,,
RUSSIAN LINGUISTICS,1572-8714;0304-3487,true,,
RUSSIAN METEOROLOGY AND HYDROLOGY,1934-8096;1068-3739,true,,
RUSSIAN PHYSICS JOURNAL,1573-9228;1064-8887,true,,
RUSSIAN POLITICS,2451-8921;2451-8913,true,,
SA JOURNAL OF HUMAN RESOURCE MANAGEMENT,2071-078X;1683-7584,true,,
SABRAO JOURNAL OF BREEDING AND GENETICS,2224-8978;1029-7073,true,,
SADHANA - ACADEMY PROCEEDINGS IN ENGINEERING SCIENCES,0973-7677;0256-2499,true,,
SAE INTERNATIONAL JOURNAL OF ELECTRIFIED VEHICLES,2691-3755;2691-3747,true,,
SAE INTERNATIONAL JOURNAL OF ENGINES,1946-3944;1946-3936,true,,
SAE INTERNATIONAL JOURNAL OF FUELS AND LUBRICANTS,1946-3960;1946-3952,true,,
SAFETY,2313-576X,true,,
SAGE OPEN NURSING,2377-9608,true,,
SAGVNTVM - PAPELES DEL LABORATORIO DE ARQUEOLOGIA DE VALENCIA,2174-517X;0210-3729,true,,
SAHARA J - JOURNAL OF SOCIAL ASPECTS OF HIV - AIDS,1813-4424;1729-0376,true,,
SAINS MALAYSIANA,2735-0118;0126-6039,true,,
SAKARYA UNIVERSITESI ILAHIYAT FAKULTESI DERGISI - JOURNAL OF SAKARYA UNIVERSITY FACULTY OF THEOLOGY,2146-9806;1304-6535,true,,
SALUD PUBLICA DE MEXICO,0036-3634,true,,
SOUTH AFRICAN MEDICAL JOURNAL,0256-9574,true,,
SAMUEL BECKETT TODAY - AUJOURD HUI,1875-7405;0927-3131,true,,
SAO PAULO MEDICAL JOURNAL,1806-9460;1516-3180,true,,
SARE - SOUTHEAST ASIAN REVIEW OF ENGLISH,0127-046X,true,,
SAUDI DENTAL JOURNAL,1658-3558;1013-9052,false,2024-07-11,removed from the White List
SAUDI JOURNAL OF ANAESTHESIA,1658-354X;0975-3125,true,,
SAUDI JOURNAL OF GASTROENTEROLOGY,1998-4049;1319-3767,true,,
SAUDI JOURNAL OF MEDICINE AND MEDICAL SCIENCES,2321-4856;1658-631X,true,,
SAUDI MEDICAL JOURNAL,0379-5284;1658-3175,true,,
SCALABLE COMPUTING - PRACTICE AND EXPERIENCE,1895-1767,true,,
SCANDIA,0036-5483;2002-4339,true,,
SCANDINAVIAN ACTUARIAL JOURNAL,1651-2030;0346-1238,true,,
SCANDINAVIAN JOURNAL OF DISABILITY RESEARCH,1745-3011;1501-7419,true,,
SCANDINAVIAN JOURNAL OF ECONOMICS,1467-9442;0347-0520,true,,
SCANDINAVIAN JOURNAL OF IMMUNOLOGY,1365-3083;0300-9475,true,,
SCANDINAVIAN JOURNAL OF MANAGEMENT,1873-3387;0956-5221,true,,
SCANDINAVIAN JOURNAL OF PSYCHOLOGY,1467-9450;0036-5564,true,,
SCANDINAVIAN JOURNAL OF RHEUMATOLOGY,1502-7732;0300-9742,true,,
SCANDINAVIAN JOURNAL OF STATISTICS,1467-9469;0303-6898,true,,
SCANDINAVIAN JOURNAL OF SURGERY,1799-7267;1457-4969,true,,
SCANDINAVIAN JOURNAL OF THE OLD TESTAMENT,1502-7244;0901-8328,true,,
SCANDINAVIAN POLITICAL STUDIES,1467-9477;0080-6757,true,,
SCANDO-SLAVICA,1600-082X;0080-6765,true,,
SCHIZOPHRENIA RESEARCH - COGNITION,2215-0013,false,2024-07-11,removed from the White List
SCHIZOPHRENIA RESEARCH AND TREATMENT,2090-2093;2090-2085,true,,
SCHMERZ,1432-2129;0932-433X,true,,
SCHOLE - FILOSOFSKOE ANTIKOVEDENIE I KLASSICHESKAYA TRADITSIYA - SCHOLE - ANCIENT PHILOSOPHY AND THE CLASSICAL TRADITION|SCHOLE. ФИЛОСОФСКОЕ АНТИКОВЕДЕНИЕ И КЛАССИЧЕСКАЯ ТРАДИЦИЯ,1995-4336;1995-4328,true,,
SCHOOL SCIENCE AND MATHEMATICS,1949-8594;0036-6803,true,,
SCHWEIZERISCHES ARCHIV FUR VOLKSKUNDE,0036-794X,true,,
SCIENCE AND JUSTICE - JOURNAL OF THE FORENSIC SCIENCE SOCIETY,1876-4452;1355-0306,true,,
SCIENCE AND SOCIETY,1943-2801;0036-8237,true,,
SCIENCE AND ENGINEERING OF COMPOSITE MATERIALS,0792-1233;2191-0359,true,,
SCIENCE AND TECHNOLOGY FOR ENERGY TRANSITION (STET),2804-7699,true,,
SCIENCE AND TECHNOLOGY FOR THE BUILT ENVIRONMENT,2374-474X;2374-4731,true,,
SCIENCE EDITING,2288-8063;2288-7474,true,,
SCIENCE IN CONTEXT,1474-0664;0269-8897,true,,
SCIENCE OF COMPUTER PROGRAMMING,1872-7964;0167-6423,true,,
SCIENCE OF SINTERING,1820-7413;0350-820X,true,,
SCIENCE PROGRESS,2047-7163;0036-8504,true,,
"SCIENCE, TECHNOLOGY AND SOCIETY",0973-0796;0971-7218,true,,
SCIENTIA AGROPECUARIA,2306-6741;2077-9917,true,,
SCIENTIA IRANICA,2345-3605;1026-3098,true,,
SCIENTIA MARINA,1886-8134;0214-8358,true,,
SCIENTIFIC AFRICAN,2468-2276,false,2024-07-11,removed from the White List
SCIENTIFIC DRILLING,1816-8957;1816-3459,true,,
SCIENTIFIC PAPERS - SERIES MANAGEMENT ECONOMIC ENGINEERING IN AGRICULTURE AND RURAL DEVELOPMENT,2247-3572;2285-3952;2284-7995,true,,
SCM STUDIES IN COMMUNICATION AND MEDIA,2192-4007,true,,
SCOTTISH AFFAIRS,2053-888X;0966-0356,true,,
SCOTTISH GEOGRAPHICAL JOURNAL,1751-665X;1470-2541,true,,
SCOTTISH JOURNAL OF GEOLOGY,2041-4951;0036-9276,true,,
SCOTTISH JOURNAL OF POLITICAL ECONOMY,1467-9485;0036-9292,true,,
SCOTTISH JOURNAL OF THEOLOGY,1475-3065;0036-9306,true,,
SCOTTISH LITERARY REVIEW,1756-5634,true,,
SCOTTISH MEDICAL JOURNAL,2045-6441;0036-9330,true,,
SCREEN,1460-2474;0036-9543,true,,
SCRIPTORIUM,2795-8159;0036-9772,true,,
SCRIPTURA - INTERNATIONAL JOURNAL OF BIBLE RELIGION AND THEOLOGY IN SOUTHERN AFRICA,2305-445X;0254-1807,true,,
SEARCH - JOURNAL OF MEDIA AND COMMUNICATION RESEARCH,2672-7080;2229-872X,true,,
SECURITY AND PRIVACY,2475-6725,true,,
SEED SCIENCE RESEARCH,1475-2735;0960-2585,true,,
SEISMIC INSTRUMENTS,1934-7871;0747-9239,true,,
SEIZURE : THE JOURNAL OF THE BRITISH EPILEPSY ASSOCIATION,1532-2688;1059-1311,true,,
SELF AND IDENTITY,1529-8876;1529-8868,true,,
SEMICONDUCTOR SCIENCE AND TECHNOLOGY,1361-6641;0268-1242,true,,
SEMINA - CIENCIAS AGRARIAS,1679-0359;1676-546X,true,,
SEMINARS IN CARDIOTHORACIC AND VASCULAR ANESTHESIA,1940-5596;1089-2532,true,,
SEMINARS IN DIALYSIS,1525-139X;0894-0959,true,,
SEMINARS IN NEUROLOGY,1098-9021;0271-8235,true,,
SEMINARS IN ONCOLOGY NURSING,1878-3449;0749-2081,true,,
SEMINARS IN OPHTHALMOLOGY,1744-5205;0882-0538,true,,
SEMINARS IN PLASTIC SURGERY,1536-0067;1535-2188,true,,
SEMINARS IN REPRODUCTIVE MEDICINE,1526-8004;1526-4564,true,,
SEMINARS IN SPEECH AND LANGUAGE,1098-9056;0734-0478,true,,
SEMINARS IN THORACIC AND CARDIOVASCULAR SURGERY,1532-9488;1043-0679,true,,
"SEMINARS IN ULTRASOUND, CT AND MRI",1558-5034;0887-2171,true,,
SENSING AND IMAGING,1557-2072;1557-2064,true,,
SENSOR REVIEW,1758-6828;0260-2288,true,,
SEPARATION SCIENCE AND TECHNOLOGY,1520-5754;0149-6395,true,,
SEPARATIONS,2297-8739,true,,
SERIES - JOURNAL OF THE SPANISH ECONOMIC ASSOCIATION,1869-4195;1869-4187,true,,
SET-VALUED AND VARIATIONAL ANALYSIS,1877-0541;1877-0533,true,,
SEXUAL HEALTH,1449-8987;1448-5028,true,,
SEXUAL MEDICINE,2050-1161,true,,
SEXUALITY AND DISABILITY,1573-6717;0146-1044,true,,
SEXUALLY TRANSMITTED DISEASES,1537-4521;0148-5717,true,,
SEXUALLY TRANSMITTED INFECTIONS,1472-3263;1368-4973,true,,
SHAKESPEARE,1745-0926;1745-0918,true,,
SHAPE MEMORY AND SUPERELASTICITY,2199-3858;2199-384X,true,,
SHIMA - THE INTERNATIONAL JOURNAL OF RESEARCH INTO ISLAND CULTURES,1834-6057;1834-6049,true,,
SHOCK AND VIBRATION,1875-9203;1070-9622,true,,
SHOCK WAVES,1432-2153;0938-1287,true,,
SHOFAR - AN INTERDISCIPLINARY JOURNAL OF JEWISH STUDIES,1534-5165;0882-8539,true,,
SIAM JOURNAL ON APPLIED ALGEBRA AND GEOMETRY,2470-6566,true,,
SIAM JOURNAL ON APPLIED MATHEMATICS,0036-1399,true,,
SIAM JOURNAL ON DISCRETE MATHEMATICS,1095-7146;0895-4801,true,,
SIAM JOURNAL ON FINANCIAL MATHEMATICS,1945-497X,true,,
SIAM JOURNAL ON MATHEMATICAL ANALYSIS,1095-7154;0036-1410,true,,
SIBERIAN ELECTRONIC MATHEMATICAL REPORTS - SIBIRSKIE ELEKTRONNYE MATEMATICHESKIE IZVESTIYA|СИБИРСКИЕ ЭЛЕКТРОННЫЕ МАТЕМАТИЧЕСКИЕ ИЗВЕСТИЯ,1813-3304,true,,
SIBERIAN MATHEMATICAL JOURNAL,1573-9260;0037-4466,true,,
SIBIRSKIY PSIKHOLOGICHESKIY ZHURNAL - SIBERIAN JOURNAL OF PSYCHOLOGY|СИБИРСКИЙ ПСИХОЛОГИЧЕСКИЙ ЖУРНАЛ,2411-0809;1726-7080,true,,
SICOT-J,2426-8887,true,,
SIGHT AND SOUND,0037-4806,true,,
SIGMOD RECORD,1943-5835;0163-5808,true,,
SIGN LANGUAGE & LINGUISTICS,1569-996X;1387-9316,true,,
"SIGNAL, IMAGE AND VIDEO PROCESSING",1863-1711;1863-1703,true,,
SILICON,1876-9918;1876-990X,true,,
SILVA FENNICA,2242-4075;0037-5330,true,,
SILVAE GENETICA,2509-8934;0037-5349,true,,
SIMIOLUS - NETHERLANDS QUARTERLY FOR THE HISTORY OF ART,0037-5411,true,,
SIMULATION - TRANSACTIONS OF THE SOCIETY FOR MODELING AND SIMULATION INTERNATIONAL,1741-3133;0037-5497,true,,
SINGAPORE ECONOMIC REVIEW,1793-6837;0217-5908,true,,
SKASE JOURNAL OF THEORETICAL LINGUISTICS,1336-782X,true,,
SKELETAL MUSCLE,2044-5040,true,,
SKELETAL RADIOLOGY,1432-2161;0364-2348,true,,
SKIN APPENDAGE DISORDERS,2296-9195;2296-9160,true,,
SKIN RESEARCH AND TECHNOLOGY,1600-0846;0909-752X,true,,
SLAS DISCOVERY,2472-5560;2472-5552,false,2024-07-11,removed from the White List
SLAVONIC AND EAST EUROPEAN REVIEW,2222-4327;0037-6795,true,,
SLEEP AND BREATHING,1522-1709;1520-9512,true,,
SLEEP SCIENCE,1984-0659;1984-0063,true,,
SLOVENIAN VETERINARY RESEARCH,1580-4003;2385-8761,true,,
SLOVO,0954-6839,true,,
SMALL-SCALE FORESTRY,1873-7854;1873-7617,true,,
SMALL ENTERPRISE RESEARCH,1321-5906;1175-0979,true,,
SMALL GROUP RESEARCH,1552-8278;1046-4964,true,,
SMALL WARS AND INSURGENCIES,1743-9558;0959-2318,true,,
SMART AND SUSTAINABLE MANUFACTURING SYSTEMS,2572-3928;2520-6478,true,,
SMITH COLLEGE STUDIES IN SOCIAL WORK,1553-0426;0037-7317,true,,
DISCOVER APPLIED SCIENCES,3004-9261,true,,
SOCAR PROCEEDINGS,2218-8622;2218-6867,true,,
SOCIAL ANALYSIS,1558-5727;0155-977X,true,,
SOCIAL CHOICE AND WELFARE,1432-217X;0176-1714,true,,
SOCIAL DEVELOPMENT,1467-9507;0961-205X,true,,
SOCIAL DYNAMICS - A JOURNAL OF AFRICAN STUDIES,1940-7874;0253-3952,true,,
SOCIAL NETWORK ANALYSIS AND MINING,1869-5469;1869-5450,true,,
SOCIAL NEUROSCIENCE,1747-0927;1747-0919,true,,
SOCIAL PSYCHOLOGY QUARTERLY,1939-8999;0190-2725,true,,
SOCIAL RESEARCH,0037-783X,true,,
SOCIAL RESPONSIBILITY JOURNAL,1758-857X;1747-1117,true,,
SOCIAL SCIENCE INFORMATION SUR LES SCIENCES SOCIALES,1461-7412;0539-0184,true,,
SOCIAL SCIENCE JAPAN JOURNAL,1468-2680;1369-1465,true,,
SOCIAL SCIENCES IN CHINA,1940-5952;0252-9203,true,,
SOCIAL WORK - MAATSKAPLIKE WERK,2312-7198;0037-8054,true,,
SOCIAL WORK EDUCATION,1470-1227;0261-5479,true,,
SOCIAL WORK IN MENTAL HEALTH,1533-2993;1533-2985,true,,
SOCIAL WORK IN PUBLIC HEALTH,1937-1918;1937-190X,true,,
SOCIETY,1936-4725;0147-2011,true,,
SOCIETY AND ANIMALS,1568-5306;1063-1119,true,,
SOCIETY AND BUSINESS REVIEW,1746-5699;1746-5680,true,,
SOCIOBIOLOGY,2447-8067;0361-6525,true,,
SOCIOLOGIA,1336-8613;0049-1225,true,,
SOCIOLOGIA NAUKI I TEHNOLOGIJ - SOCIOLOGY OF SCIENCE & TECHNOLOGY|СОЦИОЛОГИЯ НАУКИ И ТЕХНОЛОГИЙ,2414-9225;2079-0910,true,,
SOCIOLOGICAL SPECTRUM,1521-0707;0273-2173,true,,
SOCIOLOGICKY CASOPIS - CZECH SOCIOLOGICAL REVIEW,2336-128X;0038-0288,true,,
SOCIOLOGISK FORSKNING,0038-0342,true,,
SOCIOLOGUS,0038-0377,true,,
SOCIOLOGY OF DEVELOPMENT,2374-538X,true,,
SOCIOLOGY OF SPORT JOURNAL,1543-2785;0741-1235,true,,
SOCIUS,2378-0231,true,,
SOFT MATERIALS,1539-4468;1539-445X,true,,
SOFTWARE QUALITY JOURNAL,1573-1367;0963-9314,true,,
SOFTWARE TESTING VERIFICATION AND RELIABILITY,1099-1689;0960-0833,true,,
SOFTWAREX,2352-7110,false,2024-07-11,removed from the White List
SOIL AND ENVIRONMENT,2074-9546;2075-1141,true,,
SOIL AND SEDIMENT CONTAMINATION,1549-7887;1532-0383,true,,
SOIL AND WATER RESEARCH,1805-9384;1801-5395,true,,
SOIL MECHANICS AND FOUNDATION ENGINEERING,1573-9279;0038-0741,true,,
SOIL RESEARCH,1838-6768;1838-675X,true,,
SOIL SCIENCE,1538-9243;0038-075X,true,,
SOIL SCIENCE ANNUAL,2300-4967,true,,
SOIL SCIENCE SOCIETY OF AMERICA JOURNAL,1435-0661;0361-5995,true,,
SOJOURN - JOURNAL OF SOCIAL ISSUES IN SOUTHEAST ASIA,1793-2858;0217-9520,true,,
SCIENTIFIC ONLINE LETTERS ON THE ATMOSPHERE,1349-6476,true,,
SOLAR-TERRESTRIAL PHYSICS|СОЛНЕЧНО-ЗЕМНАЯ ФИЗИКА,2712-9640;2412-4737;2500-0535,true,,
SOLAR PHYSICS,1573-093X;0038-0938,true,,
SOLDERING AND SURFACE MOUNT TECHNOLOGY,1758-6836;0954-0911,true,,
SOLID-STATE ELECTRONICS,1879-2405;0038-1101,true,,
SOLID FUEL CHEMISTRY (ENGLISH TRANSLATION OF KHIMIYA TVERDOGO TOPLIVA),1934-8029;0361-5219,true,,
SOLID STATE COMMUNICATIONS,1879-2766;0038-1098,true,,
SOLVENT EXTRACTION AND ION EXCHANGE,1532-2262;0736-6299,true,,
SOMATECHNICS,2044-0146;2044-0138,true,,
SOPHIA,1873-930X;0038-1527,true,,
SOPHIA - COLECCION DE FILOSOFIA DE LA EDUCACION,1390-8626;1390-3861,true,,
SORT,2013-8830;1696-2281,true,,
SOUTH AFRICAN ARCHAEOLOGICAL BULLETIN,2224-4654;0038-1969,true,,
"SOUTH AFRICAN JOURNAL FOR RESEARCH IN SPORT, PHYSICAL EDUCATION AND RECREATION",0379-9069,true,,
SOUTH AFRICAN JOURNAL OF ANIMAL SCIENCES,2221-4062;0375-1589,true,,
SOUTH AFRICAN JOURNAL OF BIOETHICS AND LAW,1999-7639,true,,
SOUTH AFRICAN JOURNAL OF BUSINESS MANAGEMENT,2078-5976;2078-5585,true,,
SOUTH AFRICAN JOURNAL OF CLINICAL NUTRITION,2221-1268;1607-0658,true,,
SOUTH AFRICAN JOURNAL OF ECONOMIC AND MANAGEMENT SCIENCES,2222-3436;1015-8812,true,,
SOUTH AFRICAN JOURNAL OF ECONOMICS,1813-6982;0038-2280,true,,
SOUTH AFRICAN JOURNAL OF EDUCATION,2076-3433;0256-0100,true,,
SOUTH AFRICAN JOURNAL OF ENOLOGY AND VITICULTURE,2224-7904;0253-939X,true,,
SOUTH AFRICAN JOURNAL OF GEOLOGY,1996-8590;1012-0750,true,,
SOUTH AFRICAN JOURNAL OF INFORMATION MANAGEMENT,2078-1865;1560-683X,true,,
SOUTH AFRICAN JOURNAL OF INTERNATIONAL AFFAIRS - SAJIA,1938-0275;1022-0461,true,,
SOUTH AFRICAN JOURNAL OF PHILOSOPHY,2073-4867;0258-0136,true,,
SOUTH AFRICAN JOURNAL OF PHYSIOTHERAPY,2410-8219;0379-6175,true,,
SOUTH AFRICAN JOURNAL OF PLANT AND SOIL,2167-034X;0257-1862,true,,
SOUTH AFRICAN JOURNAL OF SCIENCE,1996-7489;0038-2353,true,,
SOUTH AFRICAN JOURNAL ON HUMAN RIGHTS,1996-2126;0258-7203,true,,
SOUTH AMERICAN JOURNAL OF HERPETOLOGY,1808-9798;1982-355X,true,,
SOUTH ASIAN HISTORY AND CULTURE,1947-2501;1947-2498,true,,
SOUTH ASIAN JOURNAL OF HUMAN RESOURCES MANAGEMENT,2349-5790;2322-0937,true,,
SOUTH EAST ASIA RESEARCH,2043-6874;0967-828X,true,,
SOUTH EAST EUROPEAN JOURNAL OF ECONOMICS AND BUSINESS,2233-1999;1840-118X,true,,
SOUTHEASTERN GEOGRAPHER,1549-6929;0038-366X,true,,
SOUTHERN AFRICAN LINGUISTICS AND APPLIED LANGUAGE STUDIES,1727-9461;1607-3614,true,,
THE SOUTHERN COMMUNICATION JOURNAL,1930-3203;1041-794X,true,,
SOUTHERN ECONOMIC JOURNAL,2325-8012;0038-4038,true,,
SOUTHERN FORESTS,2070-2639;2070-2620,true,,
SOUTHERN MEDICAL JOURNAL,1541-8243;0038-4348,true,,
SOZIALE WELT - ZEITSCHRIFT FUR SOZIALWISSENSCHAFTLICHE FORSCHUNG UND PRAXIS,0038-6073,true,,
SPACE AND CULTURE,1552-8308;1206-3312,true,,
SPAL,2255-3924;1133-4525,true,,
SPANISH JOURNAL OF FINANCE AND ACCOUNTING - REVISTA ESPANOLA DE FINANCIACION Y CONTABILIDAD,2332-0753;0210-2412,true,,
SPATIAL INFORMATION RESEARCH,2366-3286;2366-3294,true,,
SPE RESERVOIR EVALUATION AND ENGINEERING,1930-0212;1094-6470,true,,
SPECIAL TOPICS & REVIEWS IN POROUS MEDIA - AN INTERNATIONAL JOURNAL,2151-562X;2151-4798,true,,
SPECTROSCOPY LETTERS,1532-2289;0038-7010,true,,
SPEECH COMMUNICATION,1872-7182;0167-6393,true,,
SPIN,2010-3255;2010-3247,true,,
SPINAL CORD,1476-5624;1362-4393,true,,
SPINE DEFORMITY,2212-1358;2212-134X,true,,
SPINE SURGERY AND RELATED RESEARCH,2432-261X,true,,
SPIRITUALITY STUDIES,1339-9578,true,,
SPIRITUS - A JOURNAL OF CHRISTIAN SPIRITUALITY,1535-3117;1533-1709,true,,
SPORT BUSINESS AND MANAGEMENT - AN INTERNATIONAL JOURNAL,2042-6798;2042-678X,true,,
SPORT HISTORY REVIEW,1543-2947;1087-1659,true,,
SPORT SCIENCES FOR HEALTH,1825-1234;1824-7490,true,,
SPORTS COACHING REVIEW,2164-0637;2164-0629,true,,
SPORTS ENGINEERING,1460-2687;1369-7072,true,,
SPORTVERLETZUNG - SPORTSCHADEN,1439-1236;0932-0555,true,,
STABILITY - INTERNATIONAL JOURNAL OF SECURITY AND DEVELOPMENT,2165-2627,true,,
STARCH - STARKE,1521-379X;0038-9056,true,,
STATE CRIME JOURNAL,2046-6064;2046-6056,true,,
STATE POLITICS AND POLICY QUARTERLY,1946-1607;1532-4400,true,,
STATISTICA,1973-2201;0390-590X,true,,
STATISTICA NEERLANDICA,1467-9574;0039-0402,true,,
STATISTICA SINICA,1996-8507;1017-0405,true,,
STATISTICAL INFERENCE FOR STOCHASTIC PROCESSES,1572-9311;1387-0874,true,,
STATISTICAL METHODS AND APPLICATIONS,1618-2510;1613-981X,true,,
STATISTICAL MODELLING,1477-0342;1471-082X,true,,
STATISTICAL PAPERS,1613-9798;0932-5026,true,,
STATISTICS IN BIOPHARMACEUTICAL RESEARCH,1946-6315,true,,
STATISTICS IN BIOSCIENCES,1867-1772;1867-1764,true,,
STEEL CONSTRUCTION - DESIGN AND RESEARCH,1867-0539;1867-0520,true,,
STEEL RESEARCH INTERNATIONAL,1869-344X;1611-3683,true,,
STEM CELLS AND CLONING - ADVANCES AND APPLICATIONS,1178-6957,true,,
STEREOTACTIC AND FUNCTIONAL NEUROSURGERY,1423-0372;1011-6125,true,,
STEROIDS,1878-5867;0039-128X,true,,
STIGMA AND HEALTH,2376-6972;2376-6964,true,,
STOCHASTIC ANALYSIS AND APPLICATIONS,1532-9356;0736-2994,true,,
STOCHASTIC PROCESSES AND THEIR APPLICATIONS,1879-209X;0304-4149,true,,
STOCHASTICS AND DYNAMICS,1793-6799;0219-4937,true,,
STOCHASTICS AND PARTIAL DIFFERENTIAL EQUATIONS - ANALYSIS AND COMPUTATIONS,2194-041X;2194-0401,true,,
STRATEGIC ANALYSIS,1754-0054;0970-0161,true,,
STRATEGIC CHANGE - BRIEFINGS IN ENTREPRENEURIAL FINANCE,1086-1718;1099-1697,true,,
STRATEGY SCIENCE,2333-2077;2333-2050,true,,
STRATIGRAPHY AND GEOLOGICAL CORRELATION,1555-6263;0869-5938,true,,
STROJNISKI VESTNIK - JOURNAL OF MECHANICAL ENGINEERING,0039-2480,true,,
STRUCTURAL DESIGN OF TALL AND SPECIAL BUILDINGS,1541-7808;1541-7794,true,,
STRUCTURAL INTEGRITY AND LIFE - INTEGRITET I VEK KONSTRUKCIJA,1820-7863;1451-3749,true,,
"STRUCTURAL MONITORING AND MAINTENANCE, AN INTERNATIONAL JOURNAL",2288-6613;2288-6605,true,,
STUDENT SUCCESS,2205-0795,true,,
STUDI E SAGGI LINGUISTICI,0085-6827;2281-9142,true,,
STUDI SLAVISTICI,1824-761X;1824-7601,true,,
STUDIA ET DOCUMENTA,1970-4879,true,,
STUDIA GEOPHYSICA ET GEODAETICA,1573-1626;0039-3169,true,,
STUDIA HISTORICA - HISTORIA MEDIEVAL,0213-2060,true,,
STUDIA HISTORICA - HISTORIA MODERNA,2386-3889;0213-2079,true,,
STUDIA LINGUISTICA,1467-9582;0039-3193,true,,
STUDIA LOGICA,1572-8730;0039-3215,true,,
STUDIA MATHEMATICA,1730-6337;0039-3223,true,,
STUDIA METRICA ET POETICA,2346-691X;2346-6901,true,,
STUDIA NEOPHILOLOGICA,1651-2308;0039-3274,true,,
STUDIA PHAENOMENOLOGICA,2069-0061;1582-5647,true,,
STUDIA PHILOSOPHICA KANTIANA,1338-7758,true,,
STUDIA THEOLOGICA - NORDIC JOURNAL OF THEOLOGY,1502-7791;0039-338X,true,,
STUDIA WARMINSKIE,0137-6624,true,,
STUDIES IN AGRICULTURAL ECONOMICS,2063-0476;1418-2106,true,,
STUDIES IN AMERICAN FICTION,0735-0392;2158-415X;0091-8083,true,,
STUDIES IN AMERICAN INDIAN LITERATURES,1548-9590;0730-3238,true,,
STUDIES IN AMERICAN POLITICAL DEVELOPMENT,1469-8692;0898-588X,true,,
STUDIES IN CHRISTIAN ETHICS,1745-5235;0953-9468,true,,
STUDIES IN COMICS,2040-3240;2040-3232,true,,
STUDIES IN EAST EUROPEAN THOUGHT,1573-0948;0925-9392,true,,
STUDIES IN EASTERN EUROPEAN CINEMA,2040-3518;2040-350X,true,,
STUDIES IN ECONOMICS AND FINANCE,1755-6791;1086-7376,true,,
STUDIES IN ETHNICITY AND NATIONALISM,1473-8481;1754-9469,true,,
STUDIES IN GRADUATE AND POSTDOCTORAL EDUCATION,2398-4694;2398-4686,true,,
STUDIES IN INDIAN POLITICS,2321-7472;2321-0230,true,,
STUDIES IN LANGUAGE,1569-9978;0378-4177,true,,
STUDIES IN NONLINEAR DYNAMICS AND ECONOMETRICS,1558-3708;1081-1826,true,,
STUDIES IN PHILOLOGY,1543-0383;0039-3738,true,,
STUDIES IN RELIGION - SCIENCES RELIGIEUSES,2042-0587;0008-4298,true,,
STUDIES IN ROMANTICISM,2330-118X;0039-3762,true,,
STUDIES IN RUSSIAN AND SOVIET CINEMA,1750-3140;1750-3132,true,,
STUDIES IN THE EDUCATION OF ADULTS - NIACE,1478-9833;0266-0830,true,,
STUDIES IN THE HISTORY OF GARDENS AND DESIGNED LANDSCAPES,1943-2186;1460-1176,true,,
STUDIES IN WORLD CHRISTIANITY,1750-0230;1354-9901,true,,
STUDIES ON NEOTROPICAL FAUNA AND ENVIRONMENT,1744-5140;0165-0521,true,,
STUDYING TEACHER EDUCATION,1742-5972;1742-5964,true,,
STUF - LANGUAGE TYPOLOGY AND UNIVERSALS,2196-7148;1867-8319,true,,
SUBJECTIVITY,1755-635X;1755-6341,true,,
SUBSTANCE USE: RESEARCH AND TREATMENT,2976-8357,true,,
SUBSTANCE USE AND MISUSE,1532-2491;1082-6084,true,,
SUBTERRANEAN BIOLOGY,1768-1448;1314-2615,true,,
SUGAR TECH,0974-0740;0972-1525,true,,
SUPPORTIVE CARE IN CANCER,1433-7339;0941-4355,true,,
SUPRAMOLECULAR CHEMISTRY,1026-7816;1029-0478;1061-0278,true,,
SURFACE SCIENCE,1879-2758;0039-6028,true,,
SURFACE SCIENCE SPECTRA,1520-8575;1055-5269,true,,
SURFACE TOPOGRAPHY - METROLOGY AND PROPERTIES,2051-672X,true,,
SURFACES,2571-9637,true,,
SURGEON - JOURNAL OF THE ROYAL COLLEGES OF SURGEONS OF EDINBURGH AND IRELAND,2405-5840;1479-666X,true,,
SURGERY TODAY,1436-2813;0941-1291,true,,
SURGICAL AND RADIOLOGIC ANATOMY,1279-8517;0930-1038,true,,
SURGICAL INFECTIONS,1557-8674;1096-2964,true,,
SURGICAL INNOVATION,1553-3514;1553-3506,true,,
"SURGICAL LAPAROSCOPY, ENDOSCOPY AND PERCUTANEOUS TECHNIQUES",1534-4908;1530-4515,true,,
SURVEY REVIEW,1752-2706;0039-6265,true,,
SURVIVAL,1468-2699;0039-6338,true,,
SUSTAINABLE WATER RESOURCES MANAGEMENT,2363-5045;2363-5037,true,,
SUVREMENA LINGVISTIKA,1847-117X;0586-0296,true,,
SWISS JOURNAL OF PALAEONTOLOGY,1664-2384;1664-2376,true,,
SWISS POLITICAL SCIENCE REVIEW,1662-6370;1424-7755,true,,
SYDNEY LAW REVIEW,1444-9528;0082-0512,true,,
SYDOWIA,0082-0598,true,,
SYMPOSIUM - A QUARTERLY JOURNAL IN MODERN LITERATURES,1931-0676;0039-7709,true,,
SYNAPSE,1098-2396;0887-4476,true,,
SYNLETT,1437-2096;0936-5214,true,,
SYNTHESIS - LA PLATA,1851-779X;0328-1205,true,,
SYNTHESIS - STUTTGART,1437-210X;0039-7881,true,,
SYNTHETIC BIOLOGY,2397-7000;1939-7267,true,,
SYNTHETIC COMMUNICATIONS,1532-2432;0039-7911,true,,
SYSTEMATIC AND APPLIED ACAROLOGY,2056-6069;1362-1971,true,,
SYSTEMATIC BOTANY,1548-2324;0363-6445,true,,
SYSTEMIC PRACTICE AND ACTION RESEARCH,1573-9295;1094-429X,true,,
SYSTEMS AND CONTROL LETTERS,1872-7956;0167-6911,true,,
SYSTEMS SCIENCE AND CONTROL ENGINEERING,2164-2583,true,,
TAIWAN JOURNAL OF LINGUISTICS,1994-2559;1729-4649,true,,
TAIWANESE JOURNAL OF MATHEMATICS,2224-6851;1027-5487,true,,
TAIWANESE JOURNAL OF OBSTETRICS AND GYNECOLOGY,1875-6263;1028-4559,true,,
TAIWANIA,0372-333X,true,,
TALTECH JOURNAL OF EUROPEAN STUDIES,2674-4600;2674-4619,true,,
TAMKANG JOURNAL OF MATHEMATICS,2073-9826;0049-2930,true,,
TEACHER DEVELOPMENT,1747-5120;1366-4530,true,,
TEACHERS COLLEGE RECORD,1467-9620;0161-4681,true,,
TEACHING & LEARNING INQUIRY - THE ISSOTL JOURNAL,2167-4779;2167-4787,true,,
TEACHING AND LEARNING IN NURSING,1557-3087;1557-2013,true,,
TEACHING EDUCATION,1470-1286;1047-6210,true,,
TEACHING EXCEPTIONAL CHILDREN,2163-5684;0040-0599,true,,
TEACHING MATHEMATICS AND ITS APPLICATIONS,1471-6976;0268-3679,true,,
TEACHING OF PSYCHOLOGY,1532-8023;0098-6283,true,,
TEACHING PHILOSOPHY,2153-6619;0145-5788,true,,
TEACHING SOCIOLOGY,1939-862X;0092-055X,true,,
TEAM PERFORMANCE MANAGEMENT,1758-6860;1352-7592,true,,
TECHNE - JOURNAL OF TECHNOLOGY FOR ARCHITECTURE AND ENVIRONMENT,2239-0243,true,,
TECHNICAL COMMUNICATION,0049-3155,true,,
TECHNICAL COMMUNICATION QUARTERLY,1542-7625;1057-2252,true,,
TECHNICAL PHYSICS,1090-6525;1063-7842,false,2025-10-29,removed from the White List
TECHNICAL PHYSICS LETTERS,1090-6533;1063-7850,false,2025-10-29,removed from the White List
TECHNIQUES IN VASCULAR AND INTERVENTIONAL RADIOLOGY,1557-9808;1089-2516,true,,
TECHNOETIC ARTS: A JOURNAL OF SPECULATIVE RESEARCH,1758-9533;1477-965X,true,,
TECHNOLOGIES,2227-7080,true,,
SMART GRIDS AND SUSTAINABLE ENERGY,2731-8087,true,,
TECHNOLOGY INNOVATION MANAGEMENT REVIEW,1927-0321,true,,
TEKNOKULTURA: REVISTA DE CULTURA DIGITAL Y MOVIMIENTOS SOCIALES,1549-2230,true,,
TEKSTILEC,2350-3696;0351-3386,true,,
"TELLUS, SERIES A: DYNAMIC METEOROLOGY AND OCEANOGRAPHY",1600-0870;0280-6495,true,,
"TELLUS, SERIES B: CHEMICAL AND PHYSICAL METEOROLOGY",1600-0889;0280-6509,true,,
TEMPO SOCIAL: REVISTA DE SOCIOLOGIA DA USP,1809-4554;0103-2070,true,,
TEOLOGIA Y VIDA,0717-6295;0049-3449,true,,
TEOREMA,0210-1602,true,,
TERRAE INCOGNITAE - THE JOURNAL OF THE SOCIETY FOR THE HISTORY OF DISCOVERIES,2040-8706;0082-2884,true,,
"TERRESTRIAL, ATMOSPHERIC AND OCEANIC SCIENCES",2311-7680;1017-0839,true,,
TERTIARY EDUCATION AND MANAGEMENT,1573-1936;1358-3883,true,,
TESOL JOURNAL,1949-3533;1056-7941,true,,
TEST,1863-8260;1133-0686,true,,
TETRAHEDRON,1464-5416;0040-4020,true,,
TETRAHEDRON LETTERS,1873-3581;0040-4039,true,,
TEXTILE: THE JOURNAL OF CLOTH AND CULTURE,1751-8350;1475-9756,true,,
TEXTILE HISTORY,1743-2952;0040-4969,true,,
TEXTO LIVRE - LINGUAGEM E TECNOLOGIA,1983-3652,true,,
TEXTUAL PRACTICE,1470-1308;0950-236X,true,,
THEATRE RESEARCH INTERNATIONAL,1474-0672;0307-8833,true,,
THEATRE SURVEY,1475-4533;0040-5574,true,,
THEOLOGY,2044-2696;0040-571X,true,,
THEORETICAL AND APPLIED CLIMATOLOGY,1434-4483;0177-798X,true,,
THEORETICAL AND APPLIED ECOLOGY|ТЕОРЕТИЧЕСКАЯ И ПРИКЛАДНАЯ ЭКОЛОГИЯ,2618-8406;1995-4301,true,,
THEORETICAL AND APPLIED MECHANICS LETTERS,2095-0349,false,2024-07-11,removed from the White List
THEORETICAL AND MATHEMATICAL PHYSICS,1573-9333;0040-5779,true,,
THEORETICAL ECOLOGY,1874-1746;1874-1738,true,,
THEORETICAL ECONOMICS,1933-6837;1555-7561,true,,
THEORETICAL FOUNDATIONS OF CHEMICAL ENGINEERING,1608-3431;0040-5795,true,,
THEORETICAL ISSUES IN ERGONOMICS SCIENCE,1464-536X;1463-922X,true,,
THEORETICAL MEDICINE AND BIOETHICS,1386-7415,true,,
THEORETICAL POPULATION BIOLOGY,1096-0325;0040-5809,true,,
THEORIA - A SWEDISH JOURNAL OF PHILOSOPHY,1755-2567;0040-5825,true,,
"THEORIA: REVISTA DE TEORIA, HISTORIA Y FUNDAMENTOS DE LA CIENCIA",2171-679X;0495-4548,true,,
THEORY AND PSYCHOLOGY,1461-7447;0959-3543,true,,
THEORY AND DECISION,1573-7187;0040-5833,true,,
THEORY AND PRACTICE OF LOGIC PROGRAMMING,1475-3081;1471-0684,true,,
THEORY AND RESEARCH IN EDUCATION,1741-3192;1477-8785,true,,
THEORY IN BIOSCIENCES,1611-7530;1431-7613,true,,
THEORY OF COMPUTING,1557-2862,true,,
THEORY OF PROBABILITY AND ITS APPLICATIONS,1095-7219;0040-585X,true,,
THERAPEUTIC ADVANCES IN DRUG SAFETY,2042-0994;2042-0986,true,,
THERAPEUTIC ADVANCES IN ENDOCRINOLOGY AND METABOLISM,2042-0196;2042-0188,true,,
THERAPEUTIC ADVANCES IN GASTROENTEROLOGY,1756-2848;1756-283X,true,,
THERAPEUTIC ADVANCES IN INFECTIOUS DISEASE,2049-937X;2049-9361,true,,
THERAPEUTIC ADVANCES IN MUSCULOSKELETAL DISEASE,1759-7218;1759-720X,true,,
THERAPEUTIC ADVANCES IN OPHTHALMOLOGY,2515-8414,true,,
THERAPEUTIC ADVANCES IN REPRODUCTIVE HEALTH,2633-4941,true,,
THERAPEUTIC ADVANCES IN UROLOGY,1756-2880;1756-2872,true,,
THERAPEUTIC APHERESIS AND DIALYSIS,1744-9987;1744-9979,true,,
THERAPEUTIC DRUG MONITORING,1536-3694;0163-4356,true,,
THERAPEUTIC HYPOTHERMIA AND TEMPERATURE MANAGEMENT,2153-7933;2153-7658,true,,
THERAPIE,1958-5578;0040-5957,true,,
THERMAL ENGINEERING (ENGLISH TRANSLATION OF TEPLOENERGETIKA),1555-6301;0040-6015,true,,
THERMOCHIMICA ACTA,1872-762X;0040-6031,true,,
THOMIST,0040-6325,true,,
THORACIC AND CARDIOVASCULAR SURGEON,1439-1902;0171-6425,true,,
THORACIC CANCER,1759-7714;1759-7706,true,,
TISSUE ENGINEERING AND REGENERATIVE MEDICINE,2212-5469;1738-2696,true,,
TISSUE ENGINEERING - PART C: METHODS,1937-3392;1937-3384,true,,
TOBACCO PREVENTION AND CESSATION,2459-3087,true,,
TOHOKU JOURNAL OF EXPERIMENTAL MEDICINE,1349-3329;0040-8727,true,,
TOMOGRAPHY,2379-139X;2379-1381,true,,
TOMSK STATE UNIVERSITY JOURNAL|ВЕСТНИК ТОМСКОГО ГОСУДАРСТВЕННОГО УНИВЕРСИТЕТА,1561-803X;1561-7793,true,,
TOP,1863-8279;1134-5764,true,,
TOPIA - CANADIAN JOURNAL OF CULTURAL STUDIES,1916-0194;1206-0143,true,,
TOPICS IN COMPANION ANIMAL MEDICINE,1946-9837;1938-9736,true,,
TOPICS IN LINGUISTICS,2199-6504;1337-7590,true,,
TOPICS IN SPINAL CORD INJURY REHABILITATION,1945-5763;1082-0744,true,,
TOPOLOGICAL METHODS IN NONLINEAR ANALYSIS,1230-3429,true,,
TOURISM,1849-1545;1332-7461,true,,
TOURISM ANALYSIS,1943-3999;1083-5423,true,,
TOURISM AND HOSPITALITY MANAGEMENT - CROATIA,1847-3377;1330-7533,true,,
TOURISM REVIEW INTERNATIONAL,1943-4421;1544-2721,true,,
TOURIST STUDIES,1741-3206;1468-7976,true,,
TOWN PLANNING REVIEW,1478-341X;0041-0020,true,,
TOXICOLOGIC PATHOLOGY,1533-1601;0192-6233,true,,
TOXICOLOGICAL RESEARCH,2234-2753;1976-8257,true,,
TOXICOLOGY AND INDUSTRIAL HEALTH,1477-0393;0748-2337,true,,
TOXICOLOGY MECHANISMS AND METHODS,1537-6524;1537-6516,true,,
TOXICOLOGY RESEARCH,2045-4538;2045-452X,true,,
TRAFFIC INJURY PREVENTION,1538-9588;1538-957X,true,,
TAL TRAITEMENT AUTOMATIQUE DES LANGUES,1965-0906;1248-9433,true,,
TRAITEMENT DU SIGNAL,1958-5608;0765-0019,true,,
TRANS - FORM - ACAO,1980-539X;0101-3173,true,,
TRANSACTIONS OF THE CANADIAN SOCIETY FOR MECHANICAL ENGINEERING,2816-5691;0315-8977,true,,
TRANSACTIONS OF THE CHARLES S. PEIRCE SOCIETY,1558-9587;0009-1774,true,,
TRANSACTIONS OF THE INDIAN CERAMIC SOCIETY,2165-5456;0371-750X,true,,
TRANSACTIONS OF THE INDIAN INSTITUTE OF METALS,0975-1645;0972-2815,true,,
TRANSACTIONS OF THE INSTITUTE OF MEASUREMENT AND CONTROL,1477-0369;0142-3312,true,,
TRANSACTIONS OF THE INSTITUTE OF METAL FINISHING,1745-9192;0020-2967,true,,
TRANSACTIONS OF THE PHILOLOGICAL SOCIETY,1467-968X;0079-1636,true,,
TRANSACTIONS OF THE ROYAL SOCIETY OF SOUTH AUSTRALIA,0372-1426,true,,
TRANSACTIONS OF THE ROYAL SOCIETY OF TROPICAL MEDICINE AND HYGIENE,1878-3503;0035-9203,true,,
TRANSACTIONS ON DATA PRIVACY,2013-1631;1888-5063,true,,
TRANSACTIONS ON ELECTRICAL AND ELECTRONIC MATERIALS,2092-7592;1229-7607,true,,
TRANSACTIONS ON MARITIME SCIENCE - TOMS,1848-3313;1848-3305,true,,
TRANSCULTURAL PSYCHIATRY,1461-7471;1363-4615,true,,
TRANSFER - EUROPEAN REVIEW OF LABOUR AND RESEARCH,1996-7284;1024-2589,true,,
TRANSFORMATION GROUPS,1531-586X;1083-4362,true,,
TRANSFORMATIONS IN BUSINESS AND ECONOMICS,1648-4460,true,,
TRANSFUSION,1537-2995;0041-1132,true,,
TRANSFUSION MEDICINE AND HEMOTHERAPY,1660-3818;1660-3796,true,,
TRANSGENIC RESEARCH,1573-9368;0962-8819,true,,
TRANSLATION AND LITERATURE,1750-0214;0968-1361,true,,
TRANSLATION REVIEW,2164-0564;0737-4836,true,,
TRANSLATIONAL ANDROLOGY AND UROLOGY,2223-4691;2223-4683,true,,
TRANSLATIONAL GASTROENTEROLOGY AND HEPATOLOGY,2415-1289,true,,
TRANSLATIONAL ISSUES IN PSYCHOLOGICAL SCIENCE,2332-2179;2332-2136,true,,
TRANSLATIONAL JOURNAL OF THE AMERICAN COLLEGE OF SPORTS MEDICINE,2379-2868,true,,
TRANSLATIONAL LUNG CANCER RESEARCH,2226-4477;2218-6751,true,,
TRANSLATIONAL ONCOLOGY,1936-5233,false,2024-07-11,removed from the White List
TRANSLATIONAL SPORTS MEDICINE,2573-8488,true,,
TRANSLATIONAL VISION SCIENCE AND TECHNOLOGY,2164-2591,true,,
TRANSLATOR,1757-0409;1355-6509,true,,
TRANSPLANT IMMUNOLOGY,1878-5492;0966-3274,true,,
TRANSPLANT INFECTIOUS DISEASE,1399-3062;1398-2273,true,,
TRANSPLANT INTERNATIONAL,1432-2277;0934-0874,true,,
TRANSPLANTATION DIRECT,2373-8731,true,,
TRANSPORT AND TELECOMMUNICATION JOURNAL,1407-6179;1407-6160,true,,
TRANSPORT PROBLEMS,2300-861X;1896-0596,true,,
TRANSPORTATION INFRASTRUCTURE GEOTECHNOLOGY,2196-7210;2196-7202,true,,
TRANSPORTATION LETTERS - THE INTERNATIONAL JOURNAL OF TRANSPORTATION RESEARCH,1942-7875;1942-7867,true,,
TRANSPORTATION PLANNING AND TECHNOLOGY,1029-0354;0308-1060,true,,
TRANSPORTATION RESEARCH RECORD,2169-4052;0361-1981,true,,
TRANSYLVANIAN REVIEW,1221-1249;1584-9422,true,,
TRANSYLVANIAN REVIEW OF ADMINISTRATIVE SCIENCES,2247-8310;1842-2845,true,,
TRASHUMANTE - REVISTA AMERICANA DE HISTORIA SOCIAL,2322-9675;2322-9381,true,,
TRAUMA SURGERY AND ACUTE CARE OPEN,2397-5776,true,,
TREBALLS DE SOCIOLINGUISTICA CATALANA,2013-9136;0211-0784,true,,
TREE - RING RESEARCH,2162-4585;1536-1098,true,,
"TREES, FORESTS AND PEOPLE",2666-7193,false,2024-07-11,removed from the White List
TRENDS IN ANAESTHESIA AND CRITICAL CARE,2210-8467;2210-8440,true,,
TRENDS IN CLASSICS,1866-7481;1866-7473,true,,
TRENDS IN NEUROSCIENCE AND EDUCATION,2452-0837;2211-9493,true,,
TRENDS IN PSYCHIATRY AND PSYCHOTHERAPY,2238-0019;2237-6089,true,,
TRIALS,1745-6215,true,,
TRIBOLOGY TRANSACTIONS,1547-397X;1040-2004,true,,
TRIPLEC - COMMUNICATION CAPITALISM & CRITIQUE,1726-670X,true,,
TRIPODOS,2340-5007;1138-3305,true,,
TROPICAL ANIMAL SCIENCE JOURNAL,2615-790X;2615-787X,true,,
TROPICAL CYCLONE RESEARCH AND REVIEW,2589-3025;2225-6032,true,,
TROPICAL ECOLOGY,2661-8982;0564-3295,true,,
TROPICAL GRASSLANDS - FORRAJES TROPICALES,2346-3775,true,,
TROPICAL LIFE SCIENCES RESEARCH,1985-3718;2180-4249;1985-8345,true,,
TROPICAL MEDICINE AND INFECTIOUS DISEASE,2414-6366,true,,
TROPICAL PLANT BIOLOGY,1935-9764;1935-9756,true,,
TROPICAL ZOOLOGY,1970-9528;0394-6975,true,,
TRUDY INSTITUTA MATEMATIKI I MEKHANIKI URO RAN|ТРУДЫ ИНСТИТУТА МАТЕМАТИКИ И МЕХАНИКИ УРО РАН,0134-4889;2658-4786,true,,
TUBERCULOSIS,1873-281X;1472-9792,true,,
TUBERCULOSIS AND RESPIRATORY DISEASES,2005-6184;1738-3536,true,,
TUEXENIA,0722-494X,true,,
TULSA STUDIES IN WOMENS LITERATURE,1936-1645;0732-7730,true,,
TUMOUR VIRUS RESEARCH,2666-6790,false,2024-07-11,removed from the White List
TUNISIAN JOURNAL OF MATHEMATICS,2576-7666;2576-7658,true,,
TURKISH HISTORICAL REVIEW,1877-5462;1877-5454,true,,
TURKISH JOURNAL OF ANAESTHESIOLOGY AND REANIMATION,2667-6370;2667-677X,true,,
"DOGA, TURKISH JOURNAL OF BOTANY",1303-6106;1300-008X,true,,
TURKISH JOURNAL OF EARTH SCIENCES,1300-0985,true,,
TURKISH JOURNAL OF FISHERIES AND AQUATIC SCIENCES,2149-181X;1303-2712,true,,
TURKISH JOURNAL OF MATHEMATICS,1303-6149;1300-0098,true,,
TURKISH JOURNAL OF PHYSICAL MEDICINE AND REHABILITATION,2587-1250;2587-0823,true,,
TURKISH JOURNAL OF ZOOLOGY,1303-6114;1300-0179,true,,
TURKISH NEUROSURGERY,1019-5149,true,,
TURKISH ONLINE JOURNAL OF DISTANCE EDUCATION,1302-6488,true,,
TWENTIETH-CENTURY CHINA,1940-5065;1521-5385,true,,
TWIN RESEARCH AND HUMAN GENETICS,1839-2628;1832-4274,true,,
TYDSKRIF VIR GEESTESWETENSKAPPE,2224-7912;0041-4751,true,,
TYDSKRIF VIR LETTERKUNDE,2309-9070;0041-476X,true,,
TZU CHI MEDICAL JOURNAL,2223-8956;1016-3190,true,,
УЧЕНЫЕ ЗАПИСКИ КАЗАНСКОГО УНИВЕРСИТЕТА. СЕРИЯ: ФИЗИКО-МАТЕМАТИЧЕСКИЕ НАУКИ,2541-7746,true,,
ULTRASONIC IMAGING,1096-0910;0161-7346,true,,
UNDERSEA AND HYPERBARIC MEDICINE,1066-2936,true,,
UNIFORM LAW REVIEW,2050-9065;1124-3694,true,,
UNIVERSE,2218-1997,true,,
UNIVERSITY OF ILLINOIS LAW REVIEW,1942-9231;0276-9948,true,,
THE UNIVERSITY OF NEW SOUTH WALES LAW JOURNAL,1839-2881;0313-0096,true,,
UNIVERSITY OF PENNSYLVANIA JOURNAL OF INTERNATIONAL LAW,1938-0283,true,,
UNTERRICHTSPRAXIS - TEACHING GERMAN,1756-1221;0042-062X,true,,
UPDATES IN SURGERY,2038-3312;2038-131X,true,,
URBAN FORUM,1874-6330;1015-3802,true,,
URBAN HISTORY REVIEW - REVUE D HISTOIRE URBAINE,1918-5138;0703-0428,true,,
URBAN PLANNING,2183-7635,true,,
URBAN WATER JOURNAL,1744-9006;1573-062X,true,,
URBANI IZZIV - URBAN CHALLENGE,1855-8399;0353-6483,true,,
UROLOGIA INTERNATIONALIS,1423-0399;0042-1138,true,,
UROLOGIA JOURNAL,1724-6075;0391-5603,true,,
UROLOGIC CLINICS OF NORTH AMERICA,1558-318X;0094-0143,true,,
UROLOGIC ONCOLOGY - SEMINARS AND ORIGINAL INVESTIGATIONS,1873-2496;1078-1439,true,,
UROLOGY,1527-9995;0090-4295,true,,
URSUS,1938-5439;1537-6176,true,,
USPEKHI FIZIKI METALLOV - PROGRESS IN PHYSICS OF METALS,2617-0795;1608-1021,true,,
UTOPIAN STUDIES,2154-9648;1045-991X,true,,
UTRECHT JOURNAL OF INTERNATIONAL AND EUROPEAN LAW,2053-5341,true,,
UTRECHT LAW REVIEW,1871-515X,true,,
VACCINE,1873-2518;0264-410X;1358-8745,true,,
VACCINES,2076-393X,true,,
VALENCIANA,2448-7295;2007-2538,true,,
VALUE IN HEALTH REGIONAL ISSUES,2212-1099;2212-1102,true,,
VASA - JOURNAL OF VASCULAR MEDICINE,1664-2872;0301-1526,true,,
VASCULAR,1708-539X;1708-5381,true,,
VECTOR - BORNE AND ZOONOTIC DISEASES,1557-7759;1530-3667,true,,
VEGUETA - ANUARIO DE LA FACULTAD DE GEOGRAFIA E HISTORIA,2341-1112;1133-598X,true,,
VERBUM,1588-4309;1585-079X,true,,
VESTNIK OF SAINT PETERSBURG UNIVERSITY. EARTH SCIENCES|ВЕСТНИК САНКТ-ПЕТЕРБУРГСКОГО УНИВЕРСИТЕТА. НАУКИ О ЗЕМЛЕ,2587-585X;2541-9668,true,,
VESTNIK PERMSKOGO UNIVERSITETA - JURIDICHESKIE NAUKI|ВЕСТНИК ПЕРМСКОГО УНИВЕРСИТЕТА. ЮРИДИЧЕСКИЕ НАУКИ,1995-4190,true,,
VESTNIK SLAVIANSKIKH KULTUR - BULLETIN OF SLAVIC CULTURES - SCIENTIFIC AND INFORMATIONAL JOURNAL|ВЕСТНИК СЛАВЯНСКИХ КУЛЬТУР,2073-9567,true,,
VESTNIK TOMSKOGO GOSUDARSTVENNOGO UNIVERSITETA - BIOLOGIYA|ВЕСТНИК ТОМСКОГО ГОСУДАРСТВЕННОГО УНИВЕРСИТЕТА. БИОЛОГИЯ,2311-2077;1998-8591,true,,
VESTNIK TOMSKOGO GOSUDARSTVENNOGO UNIVERSITETA - FILOSOFIYA - SOTSIOLOGIYA - POLITOLOGIYA - TOMSK STATE UNIVERSITY JOURNAL OF PHILOSOPHY SOCIOLOGY AND POLITICAL SCIENCE|ВЕСТНИК ТОМСКОГО ГОСУДАРСТВЕННОГО УНИВЕРСИТЕТА. ФИЛОСОФИЯ. СОЦИОЛОГИЯ. ПОЛИТОЛОГИЯ,2311-2395;1998-863X,true,,
VESTNIK TOMSKOGO GOSUDARSTVENNOGO UNIVERSITETA - MATEMATIKA I MEKHANIKA - TOMSK STATE UNIVERSITY JOURNAL OF MATHEMATICS AND MECHANICS|ВЕСТНИК ТОМСКОГО ГОСУДАРСТВЕННОГО УНИВЕРСИТЕТА. МАТЕМАТИКА И МЕХАНИКА,2311-2255;1998-8621,true,,
VESTNIK TOMSKOGO GOSUDARSTVENNOGO UNIVERSITETA - PRAVO - TOMSK STATE UNIVERSITY JOURNAL OF LAW|ВЕСТНИК ТОМСКОГО ГОСУДАРСТВЕННОГО УНИВЕРСИТЕТА. ПРАВО,2311-3693;2225-3513,true,,
VESTNIK TOMSKOGO GOSUDARSTVENNOGO UNIVERSITETA FILOLOGIYA - TOMSK STATE UNIVERSITY JOURNAL OF PHILOLOGY|ВЕСТНИК ТОМСКОГО ГОСУДАРСТВЕННОГО УНИВЕРСИТЕТА. ФИЛОЛОГИЯ,2310-5046;1998-6645,true,,
VESTNIK TOMSKOGO GOSUDARSTVENNOGO UNIVERSITETA ISTORIYA - TOMSK STATE UNIVERSITY JOURNAL OF HISTORY|ВЕСТНИК ТОМСКОГО ГОСУДАРСТВЕННОГО УНИВЕРСИТЕТА. ИСТОРИЯ,2311-2387;1998-8613,true,,
"VESTNIK UDMURTSKOGO UNIVERSITETA: MATEMATIKA, MEKHANIKA, KOMP'YUTERNYE NAUKI|ВЕСТНИК УДМУРТСКОГО УНИВЕРСИТЕТА. МАТЕМАТИКА. МЕХАНИКА. КОМПЬЮТЕРНЫЕ НАУКИ",2076-5959;1994-9197,true,,
VETERINARIA ITALIANA,1828-1427;0505-401X,true,,
VETERINARY ANAESTHESIA AND ANALGESIA,1467-2995;1467-2987,true,,
VETERINARY AND COMPARATIVE ORTHOPAEDICS AND TRAUMATOLOGY,2567-6911;0932-0814,true,,
VETERINARY CLINICAL PATHOLOGY,1939-165X;0275-6382,true,,
VETERINARY DERMATOLOGY,1365-3164;0959-4493,true,,
VETERINARY MEDICINE AND SCIENCE,2053-1095,true,,
VETERINARY MEDICINE INTERNATIONAL,2090-8113;2042-0048,true,,
VETERINARY OPHTHALMOLOGY,1463-5224;1463-5216,true,,
VETERINARY RADIOLOGY AND ULTRASOUND,1740-8261;1058-8183,true,,
VETERINARY RESEARCH FORUM,2322-3618;2008-8140,true,,
VETERINARY SURGERY,1532-950X;0161-3499,true,,
VETERINARY WORLD,2231-0916;0972-8988,true,,
VETUS TESTAMENTUM,1568-5330;0042-4935,true,,
VIBRATION,2571-631X,true,,
VIBRATIONAL SPECTROSCOPY,1873-3697;0924-2031,true,,
VIDEOSURGERY AND OTHER MINIINVASIVE TECHNIQUES,2299-0054;1895-4588,true,,
VIE ET MILIEU - LIFE AND ENVIRONMENT,0240-8759,true,,
VIERTELJAHRSHEFTE FÜR ZEITGESCHICHTE,2196-7121;0042-5702,true,,
VIETNAM JOURNAL OF EARTH SCIENCES,2615-9783;0866-7187,true,,
VIETNAM JOURNAL OF MATHEMATICS,2305-2228;2305-221X,true,,
VIGILIAE CHRISTIANAE,1570-0720;0042-6032,true,,
VINCULOS DE HISTORIA,2254-6901,true,,
VIROLOGY,1089-862X;0042-6822,true,,
VIROLOGY JOURNAL,1743-422X,true,,
VIRUS EVOLUTION,2057-1577,true,,
VIRUSES - BASEL,1999-4915,true,,
VISCERAL MEDICINE,2297-475X;2297-4725,true,,
VISION - THE JOURNAL OF BUSINESS PERSPECTIVE,2249-5304;0972-2629,true,,
VISION RESEARCH,1878-5646;0042-6989,true,,
VISUAL ANTHROPOLOGY,1545-5920;0894-9468,true,,
VISUAL ANTHROPOLOGY REVIEW,1548-7458;1058-7187,true,,
VISUAL COGNITION,1464-0716;1350-6285,true,,
VISUAL COMPUTER,1432-2315;0178-2789,true,,
VITIS - JOURNAL OF GRAPEVINE RESEARCH,0042-7500,true,,
VITRUVIO - INTERNATIONAL JOURNAL OF ARCHITECTURAL TECHNOLOGY AND SUSTAINABILITY,2444-9091,true,,
VIVAT ACADEMIA,1575-2844,true,,
VJESNIK ARHEOLOSKOG MUZEJA U ZAGREBU,0350-7165;1849-1561,true,,
VOLUNTARY SECTOR REVIEW,2040-8064;2040-8056,true,,
VOPROSY LEKSIKOGRAFII - RUSSIAN JOURNAL OF LEXICOGRAPHY|ВОПРОСЫ ЛЕКСИКОГРАФИИ,2311-3758;2227-4200,true,,
VOX SANGUINIS,1423-0410;0042-9007,true,,
VSWG - VIERTELJAHRSCHRIFT FUR SOZIAL - UND WIRTSCHAFTSGESCHICHTE,0340-8728,true,,
VULCAN,2213-4603;2213-459X,true,,
WACANA - JURNAL ILMU PENGETAHUAN BUDAYA - JOURNAL OF THE HUMANITIES OF INDONESIA,2407-6899;1411-2272,true,,
WAR IN HISTORY,1477-0385;0968-3445,true,,
WASAFIRI,1747-1508;0269-0055,true,,
WASHINGTON INTERNATIONAL LAW JOURNAL,2377-0872,true,,
WASHINGTON LAW REVIEW,0043-0617,true,,
WASTE AND BIOMASS VALORIZATION,1877-265X;1877-2641,true,,
"WATER, AIR, AND SOIL POLLUTION",1573-2932;0049-6979,true,,
WATER ALTERNATIVES - AN INTERDISCIPLINARY JOURNAL ON WATER POLITICS AND DEVELOPMENT,1965-0175,true,,
WATER AND ENVIRONMENT JOURNAL,1747-6593;1747-6585,true,,
WATER CONSERVATION SCIENCE AND ENGINEERING,2366-3340;2364-5687,true,,
WATER ECONOMICS AND POLICY,2382-6258;2382-624X,true,,
WATER ENVIRONMENT RESEARCH,1554-7531;1061-4303,true,,
WATER QUALITY RESEARCH JOURNAL,2709-8052;2709-8044,true,,
WATER RESOURCES,1608-344X;0097-8078,true,,
WATER SCIENCE AND TECHNOLOGY,1996-9732;0273-1223,true,,
WAVE MOTION,1878-433X;0165-2125,true,,
WEATHER,1477-8696;0043-1656,true,,
WEATHER AND FORECASTING,1520-0434;0882-8156,true,,
"WEATHER, CLIMATE, AND SOCIETY",1948-8335;1948-8327,true,,
WEB ECOLOGY,2193-3081;1399-1183,true,,
WEED BIOLOGY AND MANAGEMENT,1445-6664;1444-6162,true,,
WEED TECHNOLOGY,1550-2740;0890-037X,true,,
WELDING JOURNAL,0043-2296,true,,
DIE WELT DES ISLAMS,0043-2539;1570-0607,true,,
WEST 86TH,2153-5558;2153-5531,true,,
WESTERLY,0043-342X,true,,
WESTERN JOURNAL OF COMMUNICATION,1745-1027;1057-0314,true,,
WESTERN PACIFIC SURVEILLANCE AND RESPONSE JOURNAL : WPSAR,2094-7321;2094-7313,true,,
WESTMINSTER PAPERS IN COMMUNICATION AND CULTURE,1744-6708;1744-6716,true,,
WETLANDS,1943-6246;0277-5212,true,,
WETLANDS ECOLOGY AND MANAGEMENT,1572-9834;0923-4861,true,,
WIENER KLINISCHE WOCHENSCHRIFT,1613-7671;0043-5325,true,,
WIENER MEDIZINISCHE WOCHENSCHRIFT,1563-258X;0043-5341,true,,
WILDERNESS AND ENVIRONMENTAL MEDICINE,1545-1534;1080-6032,true,,
WILDFOWL,2052-6458;0954-6324,true,,
WILDLIFE BIOLOGY,1903-220X;0909-6396,true,,
WILDLIFE RESEARCH,1448-5494;1035-3712,true,,
WILDLIFE SOCIETY BULLETIN,2328-5540,true,,
WILLDENOWIA,1868-6397;0511-9618,true,,
"WIND AND STRUCTURES, AN INTERNATIONAL JOURNAL",1598-6225;1226-6116,true,,
WIND ENERGY,1099-1824;1095-4244,true,,
WIRELESS NETWORKS,1572-8196;1022-0038,true,,
WISCONSIN LAW REVIEW,1943-1120;0043-650X,true,,
WMU JOURNAL OF MARITIME AFFAIRS,1654-1642;1651-436X,true,,
WOMEN AND CRIMINAL JUSTICE,1541-0323;0897-4454,true,,
WOMEN AND HEALTH,1541-0331;0363-0242,true,,
WOMEN AND THERAPY,1541-0315;0270-3149,true,,
WOOD RESEARCH,1336-4561,true,,
WORD - JOURNAL OF THE INTERNATIONAL LINGUISTIC ASSOCIATION,2373-5112;0043-7956,true,,
WORD AND IMAGE,1943-2178;0266-6286,true,,
WORK - A JOURNAL OF PREVENTION ASSESSMENT & REHABILITATION,1875-9270;1051-9815,true,,
WORLD ALLERGY ORGANIZATION JOURNAL,1939-4551,false,2024-07-11,removed from the White List
WORLD ELECTRIC VEHICLE JOURNAL,2032-6653,true,,
WORLD JOURNAL OF DIABETES,1948-9358,true,,
WORLD JOURNAL OF ENGINEERING,1708-5284,true,,
"WORLD JOURNAL OF ENTREPRENEURSHIP, MANAGEMENT AND SUSTAINABLE DEVELOPMENT",2042-597X;2042-5961,true,,
WORLD JOURNAL OF GASTROINTESTINAL ONCOLOGY,1948-5204,true,,
WORLD JOURNAL OF GASTROINTESTINAL SURGERY,1948-9366,true,,
WORLD JOURNAL OF HEPATOLOGY,1948-5182,true,,
WORLD JOURNAL OF MICROBIOLOGY AND BIOTECHNOLOGY,1573-0972;0959-3993,true,,
WORLD JOURNAL OF ORTHOPEDICS,2218-5836,true,,
WORLD JOURNAL OF PSYCHIATRY,2220-3206,true,,
WORLD JOURNAL OF RADIOLOGY,1949-8470,true,,
"WORLD JOURNAL OF SCIENCE, TECHNOLOGY AND SUSTAINABLE DEVELOPMENT",2042-5953;2042-5945,true,,
WORLD JOURNAL OF STEM CELLS,1948-0210,true,,
WORLD JOURNAL OF TRADITIONAL CHINESE MEDICINE,2589-2894;2311-8571,true,,
WORLD LEISURE JOURNAL,2333-4509;1607-8055,true,,
WORLD LITERATURE STUDIES,1337-9690;1337-9275,true,,
WORLD LITERATURE TODAY,1945-8134;0196-3570,true,,
WORLD OF MUSIC - NEW SERIES,0043-8774,true,,
WORLD PATENT INFORMATION,1874-690X;0172-2190,true,,
WORLDWIDE HOSPITALITY AND TOURISM THEMES,1755-4225;1755-4217,true,,
WOUND MANAGEMENT AND PREVENTION,2640-5245;2640-5237,true,,
WOUNDS - A COMPENDIUM OF CLINICAL RESEARCH AND PRACTICE,1943-2704;1044-7946,true,,
WPOM - WORKING PAPERS ON OPERATIONS MANAGEMENT,1989-9068,true,,
WRITTEN LANGUAGE AND LITERACY,1570-6001;1387-6732,true,,
X-RAY SPECTROMETRY,1097-4539;0049-8246,true,,
YAKUT MEDICAL JOURNAL|ЯКУТСКИЙ МЕДИЦИНСКИЙ ЖУРНАЛ,2312-1017;1813-1905,true,,
YEARBOOK OF PHRASEOLOGY,1868-6338;1868-632X,true,,
YONAGO ACTA MEDICA,1346-8049;0513-5710,true,,
ZAGADNIENIA FILOZOFICZNE W NAUCE - PHILOSOPHICAL PROBLEMS IN SCIENCE,2451-0602;0867-8286,true,,
ZAMM - ZEITSCHRIFT FUR ANGEWANDTE MATHEMATIK UND MECHANIK,1521-4001;0044-2267,true,,
ZBORNIK RADOVA EKONOMSKOG FAKULTETA U RIJECI - PROCEEDINGS OF RIJEKA FACULTY OF ECONOMICS,1846-7520;1331-8004,true,,
ZDRAVSTVENO VARSTVO,1854-2476;0351-0026,true,,
ZEITGESCHICHTE,2569-5304;0256-5250,true,,
ZEITSCHRIFT DER DEUTSCHEN GESELLSCHAFT FUR GEOWISSENSCHAFTEN,1861-4094;1860-1804,true,,
ZEITSCHRIFT DES DEUTSCHEN PALASTINA - VEREINS,0012-1169,true,,
ZEITSCHRIFT FUR ANALYSIS UND IHRE ANWENDUNGEN,1661-4534;0232-2064,true,,
ZEITSCHRIFT FÜR ANGEWANDTE MATHEMATIK UND PHYSIK,1420-9039;0044-2275,true,,
ZEITSCHRIFT FUR ASSYRIOLOGIE UND VORDERASIASTISCHE ARCHAEOLOGIE,1613-1150;0084-5299,true,,
ZEITSCHRIFT FUR DEUTSCHES ALTERTUM UND DEUTSCHE LITERATUR,0044-2518,true,,
ZEITSCHRIFT FÜR DIALEKTOLOGIE UND LINGUISTIK,2366-2395;0044-1449,true,,
ZEITSCHRIFT FUR DIE NEUTESTAMENTLICHE WISSENSCHAFT UND DIE KUNDE DER ALTEREN KIRCHE,1613-009X;0044-2615,true,,
ZEITSCHRIFT FUR ERZIEHUNGSWISSENSCHAFT,1862-5215;1434-663X,true,,
ZEITSCHRIFT FUR FRANZOSISCHE SPRACHE UND LITERATUR,2366-2425;0044-2747,true,,
ZEITSCHRIFT FÜR GEOMORPHOLOGIE,1864-1687;0372-8854,true,,
ZEITSCHRIFT FUR GERMANISTIK,0323-7982,true,,
ZEITSCHRIFT FÜR GERMANISTISCHE LINGUISTIK,1613-0626;0301-3294,true,,
ZEITSCHRIFT FUR HISTORISCHE FORSCHUNG,1865-5599;0340-0174,true,,
ZEITSCHRIFT FUR KRISTALLOGRAPHIE - CRYSTALLINE MATERIALS,2194-4946;2196-7105,true,,
ZEITSCHRIFT FÜR NATURFORSCHUNG - SECTION A JOURNAL OF PHYSICAL SCIENCES,1865-7109;0932-0784,true,,
ZEITSCHRIFT FÜR PADAGOGISCHE PSYCHOLOGIE,1664-2910;1010-0652,true,,
ZEITSCHRIFT FUR PHYSIKALISCHE CHEMIE - INTERNATIONAL JOURNAL OF RESEARCH IN PHYSICAL CHEMISTRY & CHEMICAL PHYSICS,2196-7156;0942-9352,true,,
ZEITSCHRIFT FUR PSYCHOLOGIE/JOURNAL OF PSYCHOLOGY,2190-8370;2151-2604,true,,
ZEITSCHRIFT FÜR SEXUALFORSCHUNG,1438-9460;0932-8114,true,,
ZEITSCHRIFT FÜR SLAVISCHE PHILOLOGIE,2509-7482;0044-3492,true,,
ZEITSCHRIFT FÜR SPRACHWISSENSCHAFT,1613-3706;0721-9067,true,,
ZEITSCHRIFT FUR TOURISMUSWISSENSCHAFT,2366-0406;1867-9501,true,,
ZEITSCHRIFT FUR VERGLEICHENDE POLITIKWISSENSCHAFT,1865-2654;1865-2646,true,,
ZEITSCHRIFT FUR EMPIRISCHE KULTURWISSENSCHAFT,2752-1591;2752-1605,true,,
ZEPHYRUS - REVISTA DE PREHISTORIA Y ARQUEOLOGIA,2386-3943;0514-7336,true,,
ZHURNAL NOVAYA EKONOMICHESKAYA ASSOTSIATSIYA - JOURNAL OF THE NEW ECONOMIC ASSOCIATION|ЖУРНАЛ НОВОЙ ЭКОНОМИЧЕСКОЙ АССОЦИАЦИИ,2221-2264,true,,
ZOLOTOORDYNSKOE OBOZRENIE - GOLDEN HORDE REVIEW|ЗОЛОТООРДЫНСКОЕ ОБОЗРЕНИЕ,2313-6197;2308-152X,true,,
ZOO BIOLOGY,1098-2361;0733-3188,true,,
ZOOLOGIA,1984-4689;1984-4670,true,,
ZOOLOGICAL SCIENCE,0289-0003,true,,
ZOOLOGY IN THE MIDDLE EAST,2326-2680;0939-7140,true,,
ZOOMORPHOLOGY,1432-234X;0720-213X,true,,
ZOOSYSTEMA,1638-9387;1280-9551,true,,
ZOOTAXA,1175-5334;1175-5326,true,,
AACL BIOFLUX,1844-9166;1844-8143,true,,
ABSTRACT AND APPLIED ANALYSIS,1687-0409;1085-3375,true,,
ACADEMICA TURISTICA,2335-4194;1855-3303,true,,
ACM SIGBED REVIEW,1551-3688,true,,
ACM TRANSACTIONS ON COMPUTING FOR HEALTHCARE,2691-1957;2637-8051,true,,
ACME,1492-9732,true,,
ACTA ACADEMICA,0587-2405,true,,
ACTA AGRONOMICA SINICA(CHINA),0496-3490,true,,
ACTA ARCHAEOLOGICA LODZIENSIA,2451-0300;0065-0986,true,,
ACTA BALTICA HISTORIAE ET PHILOSOPHIAE SCIENTIARUM,2228-2017;2228-2009,true,,
ACTA BIOMEDICA,0392-4203,true,,
ACTA BOTANICA HUNGARICA,1588-2578;0236-6495,true,,
SHENGTAI XUEBAO,1000-0933,true,,
ACTA ETHNOGRAPHICA HUNGARICA,1588-2586;1216-9803,true,,
ACTA GEODAETICA ET CARTOGRAPHICA SINICA,1001-1595,true,,
ACTA GEOSCIENTICA SINICA,1006-3021,true,,
ACTA INFORMATICA MEDICA,0353-8109,true,,
ACTA LIMNOLOGICA BRASILIENSIA,2179-975X;0102-6712,true,,
ACTA LINGUISTICA ASIATICA,2232-3317,true,,
ACTA LINGUISTICA HAFNIENSIA,0374-0463,true,,
ACTA MYCOLOGICA,2353-074X;0001-625X,true,,
ACTA MYOLOGICA,1128-2460,true,,
"ACTA NEUROCHIRURGICA, SUPPLEMENT",0065-1419,true,,
ACTA PEDOLOGICA SINICA,0564-3929,true,,
ACTA PHYSIOLOGICA SINICA,0371-0874,true,,
ACTA PRATACULTURAE SINICA,1004-5759,true,,
ACTA SCIENTIARUM - ANIMAL SCIENCES,1807-8672;1806-2636,true,,
ACTA SCIENTIARUM LANGUAGE AND CULTURE,1983-4683;1983-4675,true,,
ACTUAL PROBLEMS OF THEORY AND HISTORY OF ART|АКТУАЛЬНЫЕ ПРОБЛЕМЫ ТЕОРИИ И ИСТОРИИ ИСКУССТВА,2312-2129,true,,
ADVANCES AND APPLICATIONS IN BIOINFORMATICS AND CHEMISTRY,1178-6949,true,,
ADVANCES IN DECISION SCIENCES,2090-3367;2090-3359,true,,
ADVANCES IN GEOSCIENCES,1680-7340,true,,
"ADVANCES IN GERONTOLOGY = USPEKHI GERONTOLOGII / ROSSIISKAIA AKADEMIIA NAUK, GERONTOLOGICHESKOE OBSHCHESTVO|УСПЕХИ ГЕРОНТОЛОГИИ",1561-9125,true,,
ADVANCES IN MECHANICS,1000-0992,true,,
ADVANCES IN NEUROBIOLOGY,2190-5223;2190-5215,true,,
ADVANCES IN OCEANOGRAPHY AND LIMNOLOGY,1947-573X;1947-5721,true,,
"ADVANCES IN STATISTICAL CLIMATOLOGY, METEOROLOGY AND OCEANOGRAPHY",2364-3587;2364-3579,true,,
ADVANCES IN THE THEORY OF NONLINEAR ANALYSIS AND ITS APPLICATIONS,2587-2648,true,,
AEROSPACE SYSTEMS,2523-3947;2523-3955,true,,
AFRICA TODAY,1527-1978;0001-9887,true,,
AFRICAN EVALUATION JOURNAL,2310-4988;2306-5133,true,,
AFRICAN FINANCE JOURNAL,1605-9786,true,,
AFRICAN JOURNAL OF SOCIAL WORK,1563-3934;2409-5605,true,,
AGING MEDICINE,2475-0360,true,,
AGRICULTURAL ENGINEERING INTERNATIONAL: CIGR JOURNAL,1682-1130,true,,
AGRICULTURE,1338-4376;0551-3677,true,,
AGRICULTURE AND FORESTRY,0554-5579,true,,
AGRICULTURE AND NATURAL RESOURCES,2452-316X,true,,
AGRIS ON-LINE PAPERS IN ECONOMICS AND INFORMATICS,1804-1930,true,,
AHKAM: JURNAL ILMU SYARIAH,2407-8646;1412-4734,true,,
AKROPOLIS,2536-5738;2536-572X,true,,
AL-IHKAM: JURNAL HUKUM DAN PRANATA SOSIAL,2442-3084;1907-591X,true,,
ALASKA JOURNAL OF ANTHROPOLOGY,1544-9793,true,,
ALIF,1110-8673,true,,
ALTORIENTALISCHE FORSCHUNGEN,0232-8461,true,,
AMA JOURNAL OF ETHICS,2376-6980,true,,
AMBIENTE & SOCIEDADE,1414-753X,true,,
AMERICA LATINA EN LA HISTORIA ECONOMICA,1405-2253,true,,
AMERICAN COMMUNIST HISTORY,1474-3906;1474-3892,true,,
AMERICAN ENTOMOLOGIST,2155-9902;1046-2821,true,,
AMERICAN JOURNAL OF MATHEMATICAL AND MANAGEMENT SCIENCES,0196-6324,true,,
"ANALELE UNIVERSITATII DIN CRAIOVA, SERIA FILOZOFIE",1841-8325,true,,
ANALISI LINGUISTICA E LETTERARIA,1827-7985;1122-1917,true,,
ANALITIKA I KONTROL|АНАЛИТИКА И КОНТРОЛЬ,2073-1450;2073-1442,true,,
ANALYSIS-INTERNATIONAL MATHEMATICAL JOURNAL OF ANALYSIS AND ITS APPLICATIONS,2196-6753;0174-4747,true,,
ANALYTICAL METHODS IN ENVIRONMENTAL CHEMISTRY JOURNAL,2645-5552;2645-5382,true,,
ANATOLICA,1875-6654;0066-1554,true,,
ANDROLOGIA I GENITAL'NAA HIRURGIA|АНДРОЛОГИЯ И ГЕНИТАЛЬНАЯ ХИРУРГИЯ,2412-8902;2070-9781,true,,
ANESTHESIOLOGY AND PAIN MEDICINE,2228-7531;2228-7523,true,,
ANESTHESIOLOGY CLINICS.,1932-2275,true,,
ANGIOLOGIIA I SOSUDISTAIA KHIRURGIIA = ANGIOLOGY AND VASCULAR SURGERY|АНГИОЛОГИЯ И СОСУДИСТАЯ ХИРУРГИЯ,1027-6661,true,,
ANGLO SAXONICA,0873-0628,true,,
ANNALES FENNICI MATHEMATICI,2737-114X;2737-0690,true,,
ANNALS OF BURNS AND FIRE DISASTERS,1592-9558;1592-9566,true,,
ANNALS OF EMERGING TECHNOLOGIES IN COMPUTING,2516-029X;2516-0281,true,,
ANNALS OF MAXILLOFACIAL SURGERY,2249-3816;2231-0746,true,,
ANNALS OF THE ICRP (INTERNATIONAL COMMISSION ON RADIOLOGICAL PROTECTION),0146-6453,true,,
ANNALS OF TOURISM RESEARCH EMPIRICAL INSIGHTS,2666-9579,false,2024-07-11,removed from the White List
ANTHROPOLOGICAL LINGUISTICS,0003-5483,true,,
ANTHROPOLOGICAL REVIEW,2083-4594;1898-6773,true,,
ANTI-INFLAMMATORY AND ANTI-ALLERGY AGENTS IN MEDICINAL CHEMISTRY,1871-5230,true,,
ANTIBODY THERAPEUTICS,2516-4236,true,,
ANTICHNAYA DREVNOST' I SREDNIE VEKA|АНТИЧНАЯ ДРЕВНОСТЬ И СРЕДНИЕ ВЕКА,2687-0398;0320-4472,true,,
ANUARIO DE ESTUDIOS FILOLOGICOS,0210-8178,true,,
APPARATUS,2365-7758,true,,
APPLIED COMPUTING AND GEOSCIENCES,2590-1974,false,2024-07-11,removed from the White List
APPLIED ENVIRONMENTAL BIOTECHNOLOGY,2424-9092;2382-6436,true,,
APPLIED ENVIRONMENTAL EDUCATION AND COMMUNICATION,1533-0389;1533-015X,true,,
APPLIED MATHEMATICAL FINANCE,1466-4313;1350-486X,true,,
APPLIED MATHEMATICS AND INFORMATION SCIENCES,1935-0090,true,,
APPLIED PHYSICS|ПРИКЛАДНАЯ ФИЗИКА,1996-0948,true,,
APPLIED RESEARCH ON ENGLISH LANGUAGE,2322-5343;2252-0198,true,,
APPLIED SCIENCES,1454-5101,true,,
APPLIED SOLAR ENERGY (ENGLISH TRANSLATION OF GELIOTEKHNIKA),0003-701X,true,,
ARAB JOURNAL OF MATHEMATICAL SCIENCES,2588-9214;1319-5166,true,,
ARAB MEDIA AND SOCIETY,1687-7721,true,,
ARBEIDERHISTORIE,0801-7778,true,,
ARBORICULTURE AND URBAN FORESTRY,1935-5297,true,,
ARCHAEOLOGIA BULGARICA,1310-9537,true,,
ARCHAEOLOGIA HISTORICA,2336-4386;0231-5823,true,,
ARCHAEOLOGIA POLONA,2719-6542;0066-5924,true,,
ARCHAEOLOGIAI ERTESITO,1589-486X;0003-8032,true,,
ARCHEO - NIL,1161-0492,true,,
ARCHEOLOGIA MEDIEVALE,0390-0592,true,,
ARCHEOMETRIAI MUHELY,1786-271X,true,,
ARCHIDOCT,2309-0103,true,,
ARCHITECTURE AND ENGINEERING,2500-0055,true,,
ARCHIVES D'HISTOIRE DOCTRINALE ET LITTERAIRE DU MOYEN - AGE,2109-9529;0373-5478,true,,
ARCHIVES DE SCIENCES SOCIALES DES RELIGIONS,1777-5825;0335-5985,true,,
FISHERIES & AQUATIC LIFE,2545-0255;2545-059X,true,,
ARCHIVES OF TRANSPORT,2300-8830;0866-9546,true,,
ARCHIVIO DI STUDI URBANI E REGIONALI,1971-8519;0004-0177,true,,
ARCHIVOS DE HISTORIA DEL MOVIMIENTO OBRERO Y LA IZQUIERDA,2683-9601;2313-9749,true,,
ARKIV FOR NORDISK FILOLOGI,0066-7668,true,,
ARS LONGA,1130-7099,true,,
ART INQUIRY,2451-0327;1641-9278,true,,
ARTHROPLASTY TODAY,2352-3441,false,2024-07-11,removed from the White List
ARTICULO - JOURNAL OF URBAN RESEARCH,1661-4941,true,,
ASIA-PACIFIC SCIENCE EDUCATION,2364-1177,true,,
ASIAN ANTHROPOLOGY,2168-4227;1683-478X,true,,
ASIAN DEVELOPMENT REVIEW,0116-1105,true,,
ASIAN ECONOMIC AND FINANCIAL REVIEW,2305-2147;2222-6737,true,,
ASIAN FISHERIES SCIENCE,2073-3720;0116-6514,true,,
ASIAN INTERNATIONAL STUDIES REVIEW,1226-8240,true,,
ASIAN JOURNAL OF ACCOUNTING RESEARCH,2459-9700;2443-4175,true,,
ASIAN JOURNAL OF APPLIED LINGUISTICS,2308-6262,true,,
ASIAN JOURNAL OF BUSINESS RESEARCH,1178-8933;2463-4522,true,,
ASIAN JOURNAL OF CIVIL ENGINEERING,1563-0854,true,,
ASIAN JOURNAL OF COMPARATIVE LAW,1932-0205,true,,
ASIAN JOURNAL OF PLANT SCIENCES,1812-5697;1682-3974,true,,
ASIAN JOURNAL OF UNIVERSITY EDUCATION,2600-9749;1823-7797,true,,
ASIAN PACIFIC JOURNAL OF CANCER PREVENTION,2476-762X;1513-7368,true,,
AUDIOLOGY AND SPEECH RESEARCH,2635-5027;2635-5019,true,,
AUGUSTINIANA,0004-8003,true,,
AUS,0718-7262;0718-204X,true,,
AUSTRALASIAN JOURNAL OF GIFTED EDUCATION,1323-9686,true,,
AUSTRALIAN JOURNAL OF CROP SCIENCE,1835-2707;1835-2693,true,,
AUSTRALIAN JOURNAL OF MARITIME AND OCEAN AFFAIRS,1836-6503,true,,
AUSTRALIAN SLAVONIC AND EAST EUROPEAN STUDIES,0818-8149,true,,
AUSTRALIAN ZOOLOGIST,0067-2238,true,,
AUTOIMMUNITY HIGHLIGHTS,2038-3274;2038-0305,true,,
AVIAKOSMICHESKAIA I EKOLOGICHESKAIA MEDITSINA = AEROSPACE AND ENVIRONMENTAL MEDICINE|АВИАКОСМИЧЕСКАЯ И ЭКОЛОГИЧЕСКАЯ МЕДИЦИНА,0233-528X,true,,
AXON (ITALY),2532-6848,true,,
BAKHTINIANA,2176-4573,true,,
BAR - BRAZILIAN ADMINISTRATION REVIEW,1807-7692,true,,
BARNBOKEN,0347-772X;2000-4389,true,,
BASIC AND APPLIED HERPETOLOGY,2255-1476;2255-1468,true,,
BEHAVIORAL SCIENCE AND POLICY,2379-4615;2379-4607,true,,
BEITRAGE ZUR TABAKFORSCHUNG INTERNATIONAL/ CONTRIBUTIONS TO TOBACCO RESEARCH,0173-783X,true,,
BEZOPASNOST' TRUDA V PROMYSHLENNOSTI = OCCUPATIONAL SAFETY IN INDUSTRY|БЕЗОПАСНОСТЬ ТРУДА В ПРОМЫШЛЕННОСТИ,0409-2961,true,,
BIBLICA ET PATRISTICA THORUNIENSIA,2450-7059;1689-5150,true,,
BIBLICAL ANNALS,2451-2168;2083-2222,true,,
BIOACTIVE CARBOHYDRATES AND DIETARY FIBRE,2212-6198,true,,
BIOARCHAEOLOGY OF THE NEAR EAST,1899-962X;1898-9403,true,,
BIODIVERSITAS,2085-4722;1412-033X,true,,
BIODIVERSITY,1488-8386,true,,
BIODIVERSITY SCIENCE,1005-0094,true,,
BIOGEOGRAPHIA,1594-7629;2475-5257,true,,
BIOMARKERS IN NEUROPSYCHIATRY,2666-1446,false,2024-07-11,removed from the White List
BIORISK,1313-2652;1313-2644,true,,
BIOTECH,2673-6284,true,,
BIOTRIBOLOGY,2352-5738,true,,
BJGP OPEN,2398-3795,true,,
BJPSYCH INTERNATIONAL,2058-6264;2056-4740,true,,
BMC DERMATOLOGY,1471-5945,true,,
BMC DEVELOPMENTAL BIOLOGY,1471-213X,true,,
"BODY, SPACE AND TECHNOLOGY",1470-9120,true,,
BONN ZOOLOGICAL BULLETIN,2190-7307,true,,
BRAZILIAN BUSINESS REVIEW,1808-2386,true,,
BRAZILIAN DENTAL JOURNAL,0103-6440,true,,
BRAZILIAN JOURNAL OF BIOLOGY = REVISTA BRASLEIRA DE BIOLOGIA,1519-6984,true,,
BREAST DISEASE,0888-6008,true,,
BRIDGE CONSTRUCTION,1003-4722,true,,
BRITISH ACTUARIAL JOURNAL,2044-0456;1357-3217,true,,
BRITISH JOURNAL OF NURSING,0966-0461,true,,
BUILT ENVIRONMENT,0263-7960,true,,
BULETIN EKONOMI MONETER DAN PERBANKAN,2460-9196;1410-8046,true,,
BULLETIN OF ELECTRICAL ENGINEERING AND INFORMATICS,2302-9285;2089-3191,true,,
BULLETIN OF THE SECTION OF LOGIC,2449-836X;0138-0680,true,,
"BULLETIN OF THE TRANSILVANIA UNIVERSITY OF BRASOV, SERIES II: FORESTRY, WOOD INDUSTRY, AGRICULTURAL FOOD ENGINEERING",2065-2135,true,,
BUSINESS INFORMATION REVIEW,0266-3821,true,,
BUSINESS PERSPECTIVES AND RESEARCH,2394-9937;2278-5337,true,,
BYZANTION: REVUE INTERNATIONALE DES ETUDES BYZANTINES,0378-2506,true,,
"CAB REVIEWS: PERSPECTIVES IN AGRICULTURE, VETERINARY SCIENCE, NUTRITION AND NATURAL RESOURCES",1749-8848,true,,
CADERNO CRH,0103-4979,true,,
CADERNOS DE PESQUISA,0100-1574,true,,
CAIKUANG YU ANQUAN GONGCHENG XUEBAO/JOURNAL OF MINING AND SAFETY ENGINEERING,1673-3363,true,,
CAKRAWALA PENDIDIKAN,2442-8620;0216-1370,true,,
CAMBRIDGE YEARBOOK OF EUROPEAN LEGAL STUDIES,2049-7636;1528-8870,true,,
CANADIAN JOURNAL OF RESPIRATORY THERAPY,1205-9838,true,,
CARBON AND CLIMATE LAW REVIEW,2190-8230;1864-9904,true,,
CARDIOVASCULAR AND HEMATOLOGICAL AGENTS IN MEDICINAL CHEMISTRY,1871-5257,true,,
CARDIOVASCULAR AND HEMATOLOGICAL DISORDERS - DRUG TARGETS,1871-529X,true,,
CARIBBEAN QUARTERLY,0008-6495,true,,
CARTOGRAPHIC PERSPECTIVES,1048-9053,true,,
CATALAN REVIEW,2053-339X;0213-5949,true,,
CELL SURFACE,2468-2330,false,2024-07-11,removed from the White List
CESKY LID,2570-9216;0009-0794,true,,
CHEM CATALYSIS,2667-1107;2667-1093,true,,
CHEMICAL DATA COLLECTIONS,2405-8300,true,,
CHEMICAL ENGINEERING JOURNAL ADVANCES,2666-8211,false,2024-07-11,removed from the White List
CHERNYE METALLY|ЧЕРНЫЕ МЕТАЛЛЫ,2414-0104;0132-0890,true,,
CHILDREN AUSTRALIA,2049-7776;1035-0772,true,,
CHIMICA TECHNO ACTA,2411-1414;2409-5613,true,,
CHINA INTERNATIONAL STRATEGY REVIEW,2524-5635;2524-5627,true,,
CHINA WELDING (ENGLISH EDITION),1004-5341,true,,
CHINESE JOURNAL OF APPLIED ECOLOGY,1001-9332,true,,
CHINESE JOURNAL OF ONCOLOGY,0253-3766,true,,
CHINESE JOURNAL OF PLANT ECOLOGY,1005-264X,true,,
CHINESE JOURNAL OF RICE SCIENCE,1001-7216,true,,
CHINESE MEDICAL SCIENCES JOURNAL,1001-9294,true,,
CHINOPERL: JOURNAL OF CHINESE ORAL AND PERFORMING LITERATURE,2835-3188;2835-317X,true,,
CITIES AND HEALTH,2374-8834,true,,
CITIZEN SCIENCE: THEORY AND PRACTICE,2057-4991,true,,
CITIZENSHIP TEACHING AND LEARNING,1751-1925;1751-1917,true,,
CIVITAS,1984-7289;1519-6089,true,,
CLEAN AIR JOURNAL,2410-972X;1017-1703,true,,
CLEANER AND RESPONSIBLE CONSUMPTION,2666-7843,false,2024-07-11,removed from the White List
CLINICA TERAPEUTICA,0009-9074,true,,
CLINICAL AND EXPERIMENTAL MORPHOLOGY|КЛИНИЧЕСКАЯ И ЭКСПЕРИМЕНТАЛЬНАЯ МОРФОЛОГИЯ,2686-6749;2226-5988,true,,
CLINICAL AND EXPERIMENTAL SURGERY|КЛИНИЧЕСКАЯ И ЭКСПЕРИМЕНТАЛЬНАЯ ХИРУРГИЯ. ЖУРНАЛ ИМЕНИ АКАДЕМИКА Б.В. ПЕТРОВСКОГО,2308-1198,true,,
CLINICAL AND MOLECULAR ALLERGY,1476-7961,true,,
CLINICAL ARCHIVES OF COMMUNICATION DISORDERS,2508-5948,true,,
CLINICAL DIABETES,0891-8929,true,,
CLINICAL NUTRITION OPEN SCIENCE,2667-2685,false,2024-07-11,removed from the White List
CMAJ OPEN,2291-0026,true,,
COGNITIVE SEMANTICS,2352-6416;2352-6408,true,,
COLLECTANEA THEOLOGICA,2720-1481;0137-6985,true,,
COLLEGIUM ANTROPOLOGICUM,0350-6134,true,,
COMMUNICATIVE AND INTEGRATIVE BIOLOGY,1942-0889,true,,
COMPARATIVE CLINICAL PATHOLOGY,1618-565X;1618-5641,true,,
COMPARATIVE LEGILINGUISTICS,2391-4491;2080-5926,true,,
COMPARATIVE ORIENTAL MANUSCRIPT STUDIES BULLETIN,2410-0951,true,,
COMPREHENSIVE RESULTS IN SOCIAL PSYCHOLOGY,2374-3603;2374-3611,true,,
COMPUTER RESEARCH AND MODELING|КОМПЬЮТЕРНЫЕ ИССЛЕДОВАНИЯ И МОДЕЛИРОВАНИЕ,2077-6853;2076-7633,true,,
COMUNICACAO E SOCIEDADE,2183-3575;1645-2089,true,,
COMUNICAZIONI SOCIALI,1827-7969;0392-8667,true,,
CONSERVATION EVIDENCE,1758-2067,true,,
CONTEMPORARY JUSTICE REVIEW,1028-2580,true,,
CONTEMPORARY MANAGEMENT RESEARCH,1813-5498,true,,
CONTINUITY IN EDUCATION,2631-9179,true,,
CONTINUUM LIFELONG LEARNING IN NEUROLOGY,1080-2371,true,,
CONTRACEPTION: X,2590-1516,false,2024-07-11,removed from the White List
CONTRIBUTIONS TO POLITICAL ECONOMY,0277-5921,true,,
CORNELL JOURNAL OF LAW AND PUBLIC POLICY,1069-0565,true,,
CRACOW INDOLOGICAL STUDIES,1732-0917,true,,
"CRIMINOLOGY, CRIMINAL JUSTICE, LAW AND SOCIETY",2332-886X,true,,
CRITICAL HOUSING ANALYSIS,2336-2839,true,,
CRITIQUE,1748-8605;0301-7605,true,,
CROSSINGS,2040-4352;2040-4344,true,,
"CUADERNOS DE HISTORIA (SANTIAGO, CHILE)",0716-1832,true,,
CUADERNOS DIECIOCHISTAS,2341-1902;1576-7914,true,,
CURATIONIS,0379-8577,true,,
CURRENT AGING SCIENCE,1874-6098;1874-6128,true,,
CURRENT DRUG DISCOVERY TECHNOLOGIES,1570-1638,true,,
CURRENT GERONTOLOGY AND GERIATRICS RESEARCH,1687-7071;1687-7063,true,,
CURRENT ORAL HEALTH REPORTS,2196-3002,true,,
CURRENT PROBLEMS IN DERMATOLOGY,1421-5721,true,,
CURRENT RESEARCH IN BIOTECHNOLOGY,2590-2628,false,2024-07-11,removed from the White List
CURRENT RESEARCH IN ENVIRONMENTAL AND APPLIED MYCOLOGY,2229-2225,true,,
CURRENT RESEARCH IN GREEN AND SUSTAINABLE CHEMISTRY,2666-0865,false,2024-07-11,removed from the White List
CURRENT SUSTAINABLE/RENEWABLE ENERGY REPORTS,2196-3010,true,,
CURRENT TREATMENT OPTIONS IN PSYCHIATRY,2196-3061,true,,
CURRENT UROLOGY,1661-7657;1661-7649,true,,
CURRICULUM PERSPECTIVES,0159-7868,true,,
CYBER-PHYSICAL SYSTEMS,2333-5777;2333-5785,true,,
CYBERNETICS AND PHYSICS,2226-4116;2223-7038,true,,
CYTOKINE: X,2590-1532,true,,
DATA SCIENCE JOURNAL,1683-1470,true,,
DEFECT AND DIFFUSION FORUM,1662-9507;1012-0386,true,,
DEMENTIA E NEUROPSYCHOLOGIA,1980-5764,true,,
DEMOKRATIZATSIYA,1074-6846,false,2026-01-19,removed from the White List
DENTAL RESEARCH JOURNAL,2008-0255;1735-3327,true,,
DEPRESSION RESEARCH AND TREATMENT,2090-133X;2090-1321,true,,
DERMATOLOGY ONLINE JOURNAL,1087-2108,true,,
DESIGN PRINCIPLES AND PRACTICES,1833-1874,true,,
DESIGNS,2411-9660,true,,
DETSKIE CHTENIA|ДЕТСКИЕ ЧТЕНИЯ,2686-7052;2304-5817,true,,
DEUTSCHE ZEITSCHRIFT FÜR SPORTMEDIZIN,0344-5925,true,,
DEVELOPMENT STUDIES RESEARCH,2166-5095,true,,
DIANGONG JISHU XUEBAO/TRANSACTIONS OF CHINA ELECTROTECHNICAL SOCIETY,1000-6753,true,,
DIANLI JIANSHE/ELECTRIC POWER CONSTRUCTION,1000-7229,true,,
DIANLI XITONG BAOHU YU KONGZHI/POWER SYSTEM PROTECTION AND CONTROL,1674-3415,true,,
DIANLI ZIDONGHUA SHEBEI / ELECTRIC POWER AUTOMATION EQUIPMENT,1006-6047,true,,
DICTIONARIES,2160-5076;0197-6745,true,,
DIFFERENCIALNIE URAVNENIA I PROTSESY UPRAVLENIA|ДИФФЕРЕНЦИАЛЬНЫЕ УРАВНЕНИЯ И ПРОЦЕССЫ УПРАВЛЕНИЯ,1817-2172,true,,
DIGITAL EVIDENCE AND ELECTRONIC SIGNATURE LAW REVIEW,1756-4611,true,,
DIGITAL JOURNAL OF OPHTHALMOLOGY : DJO,1542-8958,true,,
DIGITAL STUDIES/ LE CHAMP NUMERIQUE,1918-3666,true,,
DIGITAL THREATS: RESEARCH AND PRACTICE,2576-5337,true,,
DISCOURSE AND INTERACTION,1805-952X;1802-9930,true,,
DISCRETE MATHEMATICS LETTERS,2664-2557,true,,
DISCURSO Y SOCIEDAD,1887-4606,true,,
DISCURSOS FOTOGRAFICOS,1984-7939;1808-5652,true,,
DISEGNO,2533-2899,true,,
DOCUMENTA PRAEHISTORICA,1408-967X,true,,
DOG BEHAVIOR,2421-5678;2421-0684,true,,
DOKLADY BIOLOGICAL SCIENCES,1608-3105;0012-4966,true,,
DRINKING WATER ENGINEERING AND SCIENCE,1996-9465;1996-9457,true,,
DRUG DISCOVERY TODAY: DISEASE MODELS,1740-6757,true,,
DRUG METABOLISM AND BIOANALYSIS LETTERS,2949-6829;2949-6810,true,,
DUKE ENVIRONMENTAL LAW AND POLICY FORUM,1064-3958,true,,
E-REVIEW OF TOURISM RESEARCH,1941-5842,true,,
EAI ENDORSED TRANSACTIONS ON PERVASIVE HEALTH AND TECHNOLOGY,2411-7145,true,,
EARLY MODERN LOW COUNTRIES,2543-1587,true,,
EARTH'S CRYOSPHERE|КРИОСФЕРА ЗЕМЛИ,1560-7496,true,,
EARTH SCIENCE FRONTIERS,1005-2321,true,,
EAST ASIAN JOURNAL OF POPULAR CULTURE,2051-7092;2051-7084,true,,
EAST EUROPEAN JOURNAL OF PSYCHOLINGUISTICS,2313-2116;2312-3265,true,,
EASTERN AFRICAN LITERARY AND CULTURAL STUDIES,2327-7416;2327-7408,true,,
ECNU REVIEW OF EDUCATION,2632-1742;2096-5311,true,,
ECOLOGICA MONTENEGRINA,2337-0173;2336-9744,true,,
ECOLOGICAL GENETICS AND GENOMICS,2405-9854,true,,
ECONOMIA,2358-2820;1517-7580,true,,
ECONOMIA AGRO-ALIMENTARE,1972-4802;1126-1668,true,,
ECONOMIA Y POLITICA,0719-4803;0719-4714,true,,
ECONOMIE ET STATISTIQUE,0336-1454,true,,
ECOSYSTEM TRANSFORMATION|ТРАНСФОРМАЦИЯ ЭКОСИСТЕМ,2619-094X;2619-0931,true,,
EDINBURGH JOURNAL OF BOTANY,1474-0036;0960-4286,true,,
EDUCACAO AND REALIDADE,2175-6236;0100-3143,true,,
EDUCACION MEDICA,1575-1813,false,2024-07-11,removed from the White List
EDUCATION AND CULTURE,1559-1786;1085-4908,true,,
EDUCATION AND HEALTH,0265-1602,true,,
EDUCATION AND SELF DEVELOPMENT|ОБРАЗОВАНИЕ И САМОРАЗВИТИЕ,1991-7740,true,,
EESTI RAKENDUSLINGVISTIKA UHINGU AASTARAAMAT,1736-2563,true,,
EGYPTIAN JOURNAL OF IMMUNOLOGY,1110-4902,true,,
EJOURNAL OF EDEMOCRACY AND OPEN GOVERNMENT,2075-9517,true,,
EKONOMIAZ,2340-4051;0213-3865,true,,
EKSPERIMENTAL'NAYA I KLINICHESKAYA FARMAKOLOGIYA|ЭКСПЕРИМЕНТАЛЬНАЯ И КЛИНИЧЕСКАЯ ФАРМАКОЛОГИЯ,0869-2092,true,,
ELECTRONIC GOVERNMENT- AN INTERNATIONAL JOURNAL,1740-7508;1740-7494,true,,
ELECTRONIC GREEN JOURNAL,1076-7975,true,,
ELECTRONIC JOURNAL OF FOREIGN LANGUAGE TEACHING,0219-9874,true,,
ELECTRONIC JOURNAL OF KNOWLEDGE MANAGEMENT,1479-4411,true,,
ELECTRUM,2084-3909;1897-3426,true,,
ELOPE: ENGLISH LANGUAGE OVERSEAS PERSPECTIVES AND ENQUIRIES,2386-0316;1581-8918,true,,
EMERGENCY MEDICINE PRACTICE,1559-3908;1524-1971,true,,
ENDOSCOPIC SURGERY|ЭНДОСКОПИЧЕСКАЯ ХИРУРГИЯ,2309-5636;1025-7209,true,,
ENERGETIC MATERIALS FRONTIERS,2666-6472,true,,
ENERGETIKA,0235-7208,true,,
ENERGETIKA. PROCEEDINGS OF CIS HIGHER EDUCATION INSTITUTIONS AND POWER ENGINEERING ASSOCIATIONS,2414-0341;1029-7448,true,,
ENGINEERING SOLID MECHANICS,2291-8744;2291-8752,true,,
ENGLISH SCHOLARSHIP BEYOND BORDERS,2410-9096,true,,
ENTANGLED RELIGIONS,2363-6696,true,,
ENTREPRISES ET HISTOIRE,1161-2770,true,,
ENVIRONMENT SYSTEMS & DECISIONS,2194-5411;2194-5403,true,,
ENVIRONMENTAL ADVANCES,2666-7657,false,2024-07-11,removed from the White List
ENVIRONMENTAL CONTROL IN BIOLOGY,1883-0986;1880-554X,true,,
ENVIRONMENTAL GEOSCIENCES,1526-0984;1075-9565,true,,
"ENVIRONMENTAL RESEARCH, ENGINEERING AND MANAGEMENT",2029-2139;1392-1649,true,,
EPHEMERIDES LITURGICAE,0013-9505,true,,
EPIDEMIOLOGIC METHODS,2194-9263;2161-962X,true,,
EPILEPSY AND PAROXYSMAL CONDITIONS|ЭПИЛЕПСИЯ И ПАРОКСИЗМАЛЬНЫЕ СОСТОЯНИЯ,2311-4088;2077-8333,true,,
EPITES - EPITESZETTUDOMANY,1588-2764;0013-9661,true,,
ERA FORUM,1863-9038;1612-3093,true,,
ERASMUS JOURNAL FOR PHILOSOPHY AND ECONOMICS,1876-9098,true,,
ERGA - LOGOI,2282-3212;2280-9678,true,,
ES REVIEW,2531-1654;2531-1646,true,,
ESBOCOS,2175-7976;1414-722X,true,,
ESTUDIOS CONSTITUCIONALES,0718-5200;0718-0195,true,,
ESTUDIOS DE FONETICA EXPERIMENTAL,2385-3573;1575-5533,true,,
ESTUDIOS ECLESIASTICOS,0210-1610,true,,
ETHICAL THOUGHT|ЭТИЧЕСКАЯ МЫСЛЬ,2074-4897;2074-4870,true,,
ETHICS & HUMAN RESEARCH,2578-2355;2578-2363,true,,
ETHICS AND MEDICINE,0266-688X,true,,
ETHNOLOGIE FRANCAISE,0046-2616,true,,
ETNOGRAFIA E RICERCA QUALITATIVA,1973-3194,true,,
ETNOGRAFICA,2182-2891;0873-6561,true,,
JOURNAL OF AFRICAN POPULATION STUDIES (JAPS),2961-0052,true,,
ETUDES RURALES,0014-2182,true,,
EUROPEAN BUSINESS LAW REVIEW,1875-841X;0959-6941,true,,
EUROPEAN COMPETITION JOURNAL,1757-8396;1744-1056,true,,
EUROPEAN ENDOCRINOLOGY,1758-3772,true,,
EUROPEAN ENERGY AND ENVIRONMENTAL LAW REVIEW,2589-0387;1879-3886,true,,
EUROPEAN JOURNAL OF ADAPTED PHYSICAL ACTIVITY,1803-3857,true,,
EUROPEAN JOURNAL OF AMERICAN CULTURE,1466-0407,true,,
EUROPEAN JOURNAL OF ANALYTIC PHILOSOPHY,1849-0514;1845-8475,true,,
EUROPEAN JOURNAL OF APPLIED LINGUISTICS AND TEFL,2192-1032,true,,
EUROPEAN JOURNAL OF BEHAVIOR ANALYSIS,1502-1149;2377-729X,true,,
EUROPEAN JOURNAL OF EDUCATIONAL RESEARCH,2165-8714,true,,
EUROPEAN JOURNAL OF GEOGRAPHY,2410-7433;1792-1341,true,,
EUROPEAN JOURNAL OF OBSTETRICS AND GYNECOLOGY AND REPRODUCTIVE BIOLOGY: X,2590-1613,false,2024-07-11,removed from the White List
EUROPEAN JOURNAL OF POST - CLASSICAL ARCHAEOLOGIES,2039-7895,true,,
EUROPEAN SCIENCE EDITING,0258-3127,true,,
EUROPEAN YEARBOOK OF MINORITY ISSUES,2211-6117;1570-7865,true,,
EUROPEAN YEARBOOK OF THE HISTORY OF PSYCHOLOGY,2507-0304;2295-5267,true,,
EVALUATION JOURNAL OF AUSTRALASIA,1035-719X,true,,
EVIDENCE-BASED COMMUNICATION ASSESSMENT AND INTERVENTION,1748-9547;1748-9539,true,,
CULTURE AND EVOLUTION,2939-7375,true,,
EVOLUTIONARY SYSTEMATICS,2535-0730,true,,
EXPERIENTIA SUPPLEMENTUM (2012),1664-431X,true,,
EXPLORATIONS IN MEDIA ECOLOGY,2048-0717;1539-7785,true,,
EXRNA,2398-0060,true,,
FAUNA NORVEGICA,1502-4873,true,,
FEDERAL PROBATION,0014-9128,true,,
FIELD ACTIONS SCIENCE REPORT,1867-8521;1867-139X,true,,
FILOSOFIYA NAUKI I TEHNIKI|ФИЛОСОФИЯ НАУКИ И ТЕХНИКИ,2658-7297;2413-9084,true,,
FILOSOFIYA. ZHURNAL VYSSHEY SHKOLY EKONOMIKI|ФИЛОСОФИЯ. ЖУРНАЛ ВЫСШЕЙ ШКОЛЫ ЭКОНОМИКИ,2587-8719,true,,
"FINANCIAL MARKETS, INSTITUTIONS AND INSTRUMENTS",1468-0416;0963-8008,true,,
FISHERIES AND AQUATIC SCIENCES,2234-1757;2234-1749,true,,
FLEBOLOGIYA|ФЛЕБОЛОГИЯ,2309-5601;1997-6976,true,,
FLUX,1154-2721,true,,
FOG - FREIBERG ONLINE GEOSCIENCE,1434-7512,true,,
FOLIA MEDICA,1314-2143;0204-8043,true,,
FOLIA MEDICA CRACOVIENSIA,0015-5616,true,,
FOLIA ONOMASTICA CROATICA,1330-0695,true,,
FOOT,0958-2592,true,,
FORENSIC SCIENCE INTERNATIONAL: MIND AND LAW,2666-3538,false,2024-07-11,removed from the White List
FORENSIC SCIENCE REVIEW,1042-7201,true,,
FORUM FOR HEALTH ECONOMICS AND POLICY,2194-6191;1558-9544,true,,
FOSSIL IMPRINT,2533-4069;2533-4050,true,,
FRONTIERS IN CLIMATE,2624-9553,true,,
FRONTIERS OF ECONOMICS IN CHINA,1673-3568;1673-3444,true,,
FRONTLINE LEARNING RESEARCH,2295-3159,true,,
FUZZY ECONOMIC REVIEW,1136-0593,true,,
GAODIANYA JISHU/HIGH VOLTAGE ENGINEERING,1003-6520,true,,
GASTROENTEROLOGY AND HEPATOLOGY,1554-7914,true,,
GASTROINTESTINAL ENDOSCOPY CLINICS OF NORTH AMERICA,1052-5157,true,,
GENDER AND DEVELOPMENT,1364-9221;1355-2074,true,,
GENOMICS AND INFORMATICS,1598-866X;2234-0742,true,,
GENRE,0016-6928,true,,
GEOCHRONOLOGY,2628-3719;2628-3697,true,,
GEODESY AND CARTOGRAPHY,2029-7009;2029-6991,true,,
GEOGRAFSKI VESTNIK,0350-3895,true,,
GEOGRAPHICA HELVETICA,2194-8798;0016-7312,true,,
GEOGRAPHISCHE ZEITSCHRIFT,0016-7479,true,,
GEOLOGY AND MINERAL RESOURCES OF SIBERIA|ГЕОЛОГИЯ И МИНЕРАЛЬНО-СЫРЬЕВЫЕ РЕСУРСЫ СИБИРИ,2311-9594;2078-0575,true,,
WU-TAN HUA-TAN YAOGAN DIZHI WENZHAI,1003-2908,true,,
GEOMATICA,1195-1036,false,2024-07-11,removed from the White List
GEOMATICS AND ENVIRONMENTAL ENGINEERING,2300-7095;1898-1135,true,,
GEOSCIENCE COMMUNICATION,2569-7110;2569-7102,true,,
GIFTED CHILD TODAY,2162-951X;1076-2175,true,,
GIFTED EDUCATION INTERNATIONAL,2047-9077;0261-4294,true,,
GIORNALE DI STORIA COSTITUZIONALE,1593-0793,true,,
GLOBAL ADVANCES IN INTEGRATIVE MEDICINE AND HEALTH,2753-6130,true,,
GLOBAL BUSINESS AND ORGANIZATIONAL EXCELLENCE,1932-2054,true,,
GLOBAL CHINESE,2199-4382;2199-4374,true,,
GLOBAL EPIDEMIOLOGY,2590-1133,false,2024-07-11,removed from the White List
GLOBAL INTELLECTUAL HISTORY,2380-1891;2380-1883,true,,
GLOBAL JOURNAL OF EMERGING MARKET ECONOMIES,0975-2730;0974-9101,true,,
GLOBAL JOURNAL OF ENGINEERING EDUCATION,1328-3154,true,,
GLOBAL JURIST,1934-2640,true,,
GLOTTOTHEORY,2196-6907;1337-7892,true,,
GMS GERMAN MEDICAL SCIENCE,1612-3174,true,,
GREKOV'S BULLETIN OF SURGERY|ВЕСТНИК ХИРУРГИИ ИМ. И.И. ГРЕКОВА,0042-4625;2686-7370,true,,
GUANGXUE JINGMI GONGCHENG/OPTICS AND PRECISION ENGINEERING,1004-924X,true,,
GYNECOLOGICAL SURGERY,1613-2084;1613-2076,true,,
GYROSCOPY AND NAVIGATION,2075-1109;2075-1087,true,,
HALDUSKULTUUR,1736-6070,true,,
HAND-AMERICAN ASSOCIATION FOR HAND SURGERY,1558-9447,true,,
HANGKONG XUEBAO/ACTA AERONAUTICA ET ASTRONAUTICA SINICA,1000-6893,true,,
HARMONIA: JOURNAL OF ARTS RESEARCH AND EDUCATION,2541-1683;2541-2426,true,,
HEAD AND NECK RUSSIAN JOURNAL|HEAD AND NECK / ГОЛОВА И ШЕЯ,2414-9713;2310-5194,true,,
HEALTH LITERACY RESEARCH AND PRACTICE,2474-8307,true,,
HEALTH MARKETING QUARTERLY,1545-0864;0735-9683,true,,
HEALTHCARE PAPERS,1488-917X,true,,
HEARING JOURNAL,0745-7472,true,,
HEBREW STUDIES,0146-4094,true,,
HELLENIC PLANT PROTECTION JOURNAL,1791-3691,true,,
"HERALD OF THE BAUMAN MOSCOW STATE TECHNICAL UNIVERSITY, SERIES NATURAL SCIENCES|ВЕСТНИК МОСКОВСКОГО ГОСУДАРСТВЕННОГО ТЕХНИЧЕСКОГО УНИВЕРСИТЕТА ИМ. Н.Э. БАУМАНА. СЕРИЯ ЕСТЕСТВЕННЫЕ НАУКИ",1812-3368;2686-8768,true,,
HERBA POLONICA,0018-0599,true,,
HERMES (DENMARK),0904-1699,true,,
HERPETOLOGY NOTES,2071-5773,true,,
HIMALAYA,1935-2212,true,,
HISTOIRE EPISTEMOLOGIE LANGAGE,0750-8069,true,,
HISTORIA AMBIENTAL LATINOAMERICANA Y CARIBENA,2237-2717,true,,
HISTORIA DEL PRESENTE,1579-8135,true,,
HISTORICAL GEOGRAPHY,1091-6458,true,,
HISTORICAL STUDIES IN INDUSTRIAL RELATIONS,2049-4459;1362-1572,true,,
HISTORICKA DEMOGRAFIE,2570-9259;0323-0937,true,,
HISTORY IN AFRICA,1558-2744;0361-5413,true,,
HISTORY OF MEDICINE,2500-2910;2409-5834,true,,
HISTORY OF PHILOSOPHY QUARTERLY,2152-1026;0740-0675,true,,
HOMME,0439-4216,true,,
HOSPITAL PEDIATRICS,2154-1671;2154-1663,true,,
HOSPITAL PRACTICE (1995),2154-8331,true,,
HOSPITAL TOPICS,0018-5868,true,,
HOUSING AND SOCIETY,2376-0923;0888-2746,true,,
HOWARD JOURNAL OF CRIME AND JUSTICE,2059-1101;2059-1098,true,,
HUMAN ANTIBODIES,1093-2607,true,,
HUMAN FACTORS AND MECHANICAL ENGINEERING FOR DEFENSE AND SAFETY,2509-8004;2367-2544,true,,
HUMAN GEOGRAPHIES,2067-2284;1843-6587,true,,
HUMAN MOVEMENT,1899-1955;1732-3991,true,,
HUMAN NUTRITION AND METABOLISM,2666-1497,false,2024-07-11,removed from the White List
HUPO KEXUE/JOURNAL OF LAKE SCIENCES,1003-5427,true,,
INTERACTIONS,3005-0731,true,,
I-COM,2196-6826;1618-162X,true,,
IAENG INTERNATIONAL JOURNAL OF APPLIED MATHEMATICS,1992-9986;1992-9978,true,,
IAENG INTERNATIONAL JOURNAL OF COMPUTER SCIENCE,1819-9224;1819-656X,true,,
IAES INTERNATIONAL JOURNAL OF ARTIFICIAL INTELLIGENCE,2252-8938;2089-4872,true,,
IASPM JOURNAL,2079-3871,true,,
IBEROAMERICA (RUSSIAN FEDERATION),2076-8400;2075-9711,true,,
IEEE POTENTIALS,0278-6648,true,,
"IEEE TRANSACTIONS ON BIOMETRICS, BEHAVIOR, AND IDENTITY SCIENCE",2637-6407,true,,
IEEE TRANSACTIONS ON MEDICAL ROBOTICS AND BIONICS,2576-3202,true,,
IISE TRANSACTIONS ON HEALTHCARE SYSTEMS ENGINEERING,2472-5587;2472-5579,true,,
IKALA,0123-3432,true,,
ILLNESS CRISIS AND LOSS,1054-1373,true,,
ILUMINACE,2570-9267;0862-397X,true,,
IN MONTE ARTIUM,2507-0312;2031-3098,true,,
IN SILICO BIOLOGY,1434-3207;1386-6338,true,,
INDEXER,1756-0632;0019-4131,true,,
INDIAN ECONOMIC REVIEW,2520-1778;0019-4670,true,,
INDIAN JOURNAL OF FINANCE,0973-8711,true,,
INDIAN JOURNAL OF MARKETING,0973-8703,true,,
INDIAN JOURNAL OF MATHEMATICS,0019-5324,true,,
INDIAN JOURNAL OF MEDICAL ETHICS,0974-8466,true,,
INDIAN PHYTOPATHOLOGY,2248-9800;0367-973X,true,,
INDIANA JOURNAL OF GLOBAL LEGAL STUDIES,1080-0727,true,,
INDONESIAN JOURNAL OF ELECTRICAL ENGINEERING AND COMPUTER SCIENCE,2502-4760;2502-4752,true,,
INDONESIAN JOURNAL OF GEOGRAPHY,0024-9521,true,,
INDUSTRIA,1973-8137;0019-7416,true,,
INFECTION PREVENTION IN PRACTICE,2590-0889,false,2024-07-11,removed from the White List
INFECTIOUS DISEASES IN OBSTETRICS AND GYNECOLOGY,1098-0997;1064-7449,true,,
INFECTIOUS DISORDERS - DRUG TARGETS,1871-5265,true,,
INFORMATICS AND AUTOMATION|ИНФОРМАТИКА И АВТОМАТИЗАЦИЯ,2713-3206;2713-3192,true,,
INFORMATIKA I EE PRIMENENIYA|ИНФОРМАТИКА И ЕЕ ПРИМЕНЕНИЯ,2310-9912;1992-2264,true,,
INFORMATION SCIENCES LETTERS,2090-956X;2090-9551,true,,
INFORMATION TECHNOLOGIES AND INTERNATIONAL DEVELOPMENT,1544-7537;1544-7529,true,,
INFORMING SCIENCE,1547-9684;1521-4672,true,,
INGENIERIE DES SYSTEMES D'INFORMATION,1633-1311,true,,
INNOVAR,0121-5051,true,,
INNOVATIONS IN CLINICAL NEUROSCIENCE,2158-8341;2158-8333,true,,
INNOVATIVE MEDICINE OF KUBAN|ИННОВАЦИОННАЯ МЕДИЦИНА КУБАНИ,2541-9897,true,,
INSTRUMENTS,2410-390X,true,,
INTELLECTUAL HISTORY REVIEW,1749-6985;1749-6977,true,,
INTERDISCIPLINARIA ARCHAEOLOGICA-NATURAL SCIENCES IN ARCHAEOLOGY,2336-1220;1804-848X,true,,
INTERDISCIPLINARY PERSPECTIVES ON INFECTIOUS DISEASES,1687-7098;1687-708X,true,,
INTERDISCIPLINARY TOPICS IN GERONTOLOGY AND GERIATRICS,2297-3508;2297-3486,true,,
INTERDISCIPLINARY TOXICOLOGY,1337-9569;1337-6853,true,,
INTERECONOMICS,0020-5346,true,,
INTERNATIONAL BIOMECHANICS,2333-5432,true,,
INTERNATIONAL ELECTRONIC JOURNAL OF ENVIRONMENTAL EDUCATION,2146-0329,true,,
INTERNATIONAL INFORMATION AND LIBRARY REVIEW,1095-9297;1057-2317,true,,
INTERNATIONAL JOURNAL FOR ION MOBILITY SPECTROMETRY,1865-4584;1435-6163,true,,
INTERNATIONAL JOURNAL FOR RESEARCH IN VOCATIONAL EDUCATION AND TRAINING-IJRVET,2197-8646;2197-8638,true,,
INTERNATIONAL JOURNAL OF ADOLESCENT MEDICINE AND HEALTH,2191-0278;0334-0139,true,,
INTERNATIONAL JOURNAL OF ADVANCED OPERATIONS MANAGEMENT,1758-9398;1758-938X,true,,
INTERNATIONAL JOURNAL OF ADVANCES IN INTELLIGENT INFORMATICS,2548-3161;2442-6571,true,,
INTERNATIONAL JOURNAL OF AFRICA NURSING SCIENCES,2214-1391,false,2024-07-11,removed from the White List
INTERNATIONAL JOURNAL OF AGILE SYSTEMS AND MANAGEMENT,1741-9182;1741-9174,true,,
INTERNATIONAL JOURNAL OF AGRICULTURAL MANAGEMENT,2047-3710,true,,
INTERNATIONAL JOURNAL OF AMBIENT COMPUTING AND INTELLIGENCE,1941-6245;1941-6237,true,,
INTERNATIONAL JOURNAL OF APPLIED DECISION SCIENCES,1755-8085;1755-8077,true,,
INTERNATIONAL JOURNAL OF AUTOMOTIVE TECHNOLOGY AND MANAGEMENT,1470-9511,true,,
INTERNATIONAL JOURNAL OF BUSINESS EXCELLENCE,1756-0055;1756-0047,true,,
INTERNATIONAL JOURNAL OF BUSINESS GOVERNANCE AND ETHICS,1741-802X;1477-9048,true,,
INTERNATIONAL JOURNAL OF BUSINESS INFORMATION SYSTEMS,1746-0980;1746-0972,true,,
INTERNATIONAL JOURNAL OF BUSINESS INNOVATION AND RESEARCH,1751-0252,true,,
INTERNATIONAL JOURNAL OF BUSINESS INTELLIGENCE RESEARCH,1947-3605;1947-3591,true,,
INTERNATIONAL JOURNAL OF BUSINESS PERFORMANCE AND SUPPLY CHAIN MODELLING,1758-941X;1758-9401,true,,
INTERNATIONAL JOURNAL OF CELL BIOLOGY,1687-8884;1687-8876,true,,
INTERNATIONAL JOURNAL OF CLIMATE CHANGE: IMPACTS AND RESPONSES,2833-4140;1835-7156,true,,
INTERNATIONAL JOURNAL OF COMMUNICATION NETWORKS AND INFORMATION SECURITY,2076-0930;2073-607X,true,,
INTERNATIONAL JOURNAL OF COMMUNITY DIVERSITY,2327-2147;2327-0004,true,,
INTERNATIONAL JOURNAL OF COMPUTATIONAL METHODS AND EXPERIMENTAL MEASUREMENTS,2046-0554;2046-0546,true,,
INTERNATIONAL JOURNAL OF COMPUTER INFORMATION SYSTEMS AND INDUSTRIAL MANAGEMENT APPLICATIONS,2150-7988,true,,
INTERNATIONAL JOURNAL OF COMPUTER NETWORK AND INFORMATION SECURITY,2074-9104;2074-9090,true,,
INTERNATIONAL JOURNAL OF COMPUTER SCIENCE IN SPORT,1684-4769,true,,
INTERNATIONAL JOURNAL OF COMPUTERS AND APPLICATIONS,1206-212X,true,,
INTERNATIONAL JOURNAL OF COMPUTING,2312-5381;1727-6209,true,,
INTERNATIONAL JOURNAL OF CONSTRUCTION EDUCATION AND RESEARCH,1550-3984,true,,
INTERNATIONAL JOURNAL OF CROWD SCIENCE,2398-7294,true,,
INTERNATIONAL JOURNAL OF DAIRY SCIENCE,1811-9751;1811-9743,true,,
INTERNATIONAL JOURNAL OF DATA AND NETWORK SCIENCE,2561-8148,true,,
INTERNATIONAL JOURNAL OF DESIGN EDUCATION,2325-1298;2325-128X,true,,
INTERNATIONAL JOURNAL OF DESIGN MANAGEMENT AND PROFESSIONAL PRACTICE,2325-1638;2325-162X,true,,
INTERNATIONAL JOURNAL OF DESIGNED OBJECTS,2325-1395;2325-1379,true,,
INTERNATIONAL JOURNAL OF DEVELOPMENT ISSUES,1758-8553;1446-8956,true,,
INTERNATIONAL JOURNAL OF DIVERSITY IN EDUCATION,2327-0020,true,,
INTERNATIONAL JOURNAL OF DOCTORAL STUDIES,1556-8865;1556-8881;1556-8873,true,,
INTERNATIONAL JOURNAL OF E-SERVICES AND MOBILE APPLICATIONS,1941-6288;1941-627X,true,,
INTERNATIONAL JOURNAL OF EBUSINESS AND EGOVERNMENT STUDIES,2146-0744,true,,
INTERNATIONAL JOURNAL OF ECONOMIC POLICY IN EMERGING ECONOMIES,1752-0460;1752-0452,true,,
INTERNATIONAL JOURNAL OF ECONOMICS AND FINANCE STUDIES,1309-8055,true,,
INTERNATIONAL JOURNAL OF EDUCATION AND PRACTICE,2311-6897;2310-3868,true,,
INTERNATIONAL JOURNAL OF EDUCATIONAL REFORM,2631-9675;1056-7879,true,,
INTERNATIONAL JOURNAL OF ELECTRICAL AND COMPUTER ENGINEERING,2088-8708,true,,
INTERNATIONAL JOURNAL OF ELECTRICAL AND ELECTRONIC ENGINEERING AND TELECOMMUNICATIONS,2319-2518,true,,
INTERNATIONAL JOURNAL OF ELECTRICAL ENGINEERING AND EDUCATION,0020-7209,true,,
INTERNATIONAL JOURNAL OF ELECTRONIC BUSINESS,1741-5063;1470-6067,true,,
INTERNATIONAL JOURNAL OF ELECTRONIC CUSTOMER RELATIONSHIP MANAGEMENT,1750-0672;1750-0664,true,,
INTERNATIONAL JOURNAL OF ELECTRONIC GOVERNANCE,1742-7509,true,,
INTERNATIONAL JOURNAL OF ELECTRONIC MARKETING AND RETAILING,1741-1033;1741-1025,true,,
INTERNATIONAL JOURNAL OF ELECTRONICS LETTERS,2168-1732;2168-1724,true,,
INTERNATIONAL JOURNAL OF ENERGY FOR A CLEAN ENVIRONMENT,2150-363X;2150-3621,true,,
INTERNATIONAL JOURNAL OF ENERGY PRODUCTION AND MANAGEMENT,2056-3280;2056-3272,true,,
INTERNATIONAL JOURNAL OF ENERGY TECHNOLOGY AND POLICY,1741-508X;1472-8923,true,,
INTERNATIONAL JOURNAL OF ENTREPRENEURSHIP AND SMALL BUSINESS,1741-8054;1476-1297,true,,
INTERNATIONAL JOURNAL OF EURO-MEDITERRANEAN STUDIES,2232-6022;1855-3362,true,,
INTERNATIONAL JOURNAL OF FORESIGHT AND INNOVATION POLICY,1740-2816,true,,
INTERNATIONAL JOURNAL OF FUZZY SYSTEM APPLICATIONS,2156-177X;2156-1761,true,,
INTERNATIONAL JOURNAL OF GLOBAL ENVIRONMENTAL ISSUES,1741-5136;1466-6650,true,,
INTERNATIONAL JOURNAL OF HUMAN RESOURCES DEVELOPMENT AND MANAGEMENT,1741-5160;1465-6612,true,,
INTERNATIONAL JOURNAL OF HYDROLOGY SCIENCE AND TECHNOLOGY,2042-7816;2042-7808,true,,
INTERNATIONAL JOURNAL OF INDUSTRIAL ENGINEERING AND PRODUCTION RESEARCH,2345-363X;2008-4889,true,,
INTERNATIONAL JOURNAL OF INFORMATION SYSTEMS AND CHANGE MANAGEMENT,1479-313X;1479-3121,true,,
INTERNATIONAL JOURNAL OF INTEGRATED SUPPLY MANAGEMENT,1741-8097;1477-5360,true,,
INTERNATIONAL JOURNAL OF INTELLECTUAL PROPERTY MANAGEMENT,1478-9655;1478-9647,true,,
INTERNATIONAL JOURNAL OF INTELLIGENT ENGINEERING AND SYSTEMS,1882-708X;2185-3118;2185-310X,true,,
INTERNATIONAL JOURNAL OF INTERDISCIPLINARY ENVIRONMENTAL STUDIES,2329-1621;2329-1559,true,,
INTERNATIONAL JOURNAL OF INTERDISCIPLINARY ORGANIZATIONAL STUDIES,2324-7657;2324-7649,true,,
INTERNATIONAL JOURNAL OF INTERNET MARKETING AND ADVERTISING,1741-8100;1477-5212,true,,
INTERNATIONAL JOURNAL OF LANGUAGE TESTING,2476-5880,true,,
INTERNATIONAL JOURNAL OF LEARNING AND CHANGE,1740-2883;1740-2875,true,,
INTERNATIONAL JOURNAL OF LEARNING AND INTELLECTUAL CAPITAL,1479-4861;1479-4853,true,,
INTERNATIONAL JOURNAL OF LITERARY HUMANITIES,2327-8676;2327-7912,true,,
INTERNATIONAL JOURNAL OF LOGISTICS SYSTEMS AND MANAGEMENT,1742-7975;1742-7967,true,,
INTERNATIONAL JOURNAL OF MACHINING AND MACHINABILITY OF MATERIALS,1748-572X;1748-5711,true,,
INTERNATIONAL JOURNAL OF MANAGEMENT AND DECISION MAKING,1741-5187;1462-4621,true,,
INTERNATIONAL JOURNAL OF MANAGEMENT IN EDUCATION,1750-3868;1750-385X,true,,
INTERNATIONAL JOURNAL OF MARKETING SEMIOTICS,2195-2280,true,,
INTERNATIONAL JOURNAL OF MATHEMATICAL MODELLING AND NUMERICAL OPTIMISATION,2040-3615;2040-3607,true,,
INTERNATIONAL JOURNAL OF MATHEMATICS IN OPERATIONAL RESEARCH,1757-5869;1757-5850,true,,
INTERNATIONAL JOURNAL OF MEDIA AND INFORMATION LITERACY,2500-106X,true,,
INTERNATIONAL JOURNAL OF MEN'S SOCIAL AND COMMUNITY HEALTH,2561-9179,true,,
INTERNATIONAL JOURNAL OF MICROSIMULATION,1747-5864,true,,
INTERNATIONAL JOURNAL OF MONETARY ECONOMICS AND FINANCE,1752-0479,true,,
INTERNATIONAL JOURNAL OF MULTICRITERIA DECISION MAKING,2040-106X,true,,
INTERNATIONAL JOURNAL OF NANOSCIENCE AND NANOTECHNOLOGY,2423-5911;1735-7004,true,,
INTERNATIONAL JOURNAL OF NURSING EDUCATION SCHOLARSHIP,1548-923X,true,,
INTERNATIONAL JOURNAL OF NURSING STUDIES ADVANCES,2666-142X,false,2024-07-11,removed from the White List
INTERNATIONAL JOURNAL OF ONE HEALTH,2455-8931;2455-5673,true,,
INTERNATIONAL JOURNAL OF OPERATIONAL RESEARCH,1745-7653;1745-7645,true,,
INTERNATIONAL JOURNAL OF ORGANIZATION THEORY AND BEHAVIOR,1093-4537,true,,
INTERNATIONAL JOURNAL OF ORGANIZATIONAL DIVERSITY,2328-6261,true,,
INTERNATIONAL JOURNAL OF PLASTICS TECHNOLOGY,0975-072X;0972-656X,true,,
INTERNATIONAL JOURNAL OF PLAY THERAPY,1555-6824,true,,
INTERNATIONAL JOURNAL OF POLICE SCIENCE AND MANAGEMENT,1478-1603;1461-3557,true,,
INTERNATIONAL JOURNAL OF POWER ELECTRONICS AND DRIVE SYSTEMS,2088-8694,true,,
INTERNATIONAL JOURNAL OF PROBIOTICS AND PREBIOTICS,1555-1431,true,,
INTERNATIONAL JOURNAL OF PROCESS MANAGEMENT AND BENCHMARKING,1741-816X;1460-6739,true,,
INTERNATIONAL JOURNAL OF PROCUREMENT MANAGEMENT,1753-8440;1753-8432,true,,
INTERNATIONAL JOURNAL OF PRODUCT LIFECYCLE MANAGEMENT,1743-5129;1743-5110,true,,
INTERNATIONAL JOURNAL OF PRODUCTIVITY AND QUALITY MANAGEMENT,1746-6482;1746-6474,true,,
INTERNATIONAL JOURNAL OF PROJECT ORGANISATION AND MANAGEMENT,1740-2905;1740-2891,true,,
INTERNATIONAL JOURNAL OF RELIABILITY AND SAFETY,1479-3903;1479-389X,true,,
INTERNATIONAL JOURNAL OF RISK ASSESSMENT AND MANAGEMENT,1741-5241;1466-8297,true,,
INTERNATIONAL JOURNAL OF RURAL MANAGEMENT,0973-0052,true,,
INTERNATIONAL JOURNAL OF SERVICES AND OPERATIONS MANAGEMENT,1744-2389;1744-2370,true,,
"INTERNATIONAL JOURNAL OF SERVICES, ECONOMICS AND MANAGEMENT",1753-0830;1753-0822,true,,
INTERNATIONAL JOURNAL OF SIX SIGMA AND COMPETITIVE ADVANTAGE,1479-2753;1479-2494,true,,
INTERNATIONAL JOURNAL OF SOCIAL ECOLOGY AND SUSTAINABLE DEVELOPMENT,1947-8410;1947-8402,true,,
INTERNATIONAL JOURNAL OF SOCIOTECHNOLOGY AND KNOWLEDGE DEVELOPMENT,1941-6261;1941-6253,true,,
INTERNATIONAL JOURNAL OF STANDARDIZATION RESEARCH,2470-8550;2470-8542,true,,
INTERNATIONAL JOURNAL OF SUPPLY AND OPERATIONS MANAGEMENT,2383-2525;2383-1359,true,,
INTERNATIONAL JOURNAL OF SUSTAINABLE DEVELOPMENT,1741-5268;0960-1406,true,,
INTERNATIONAL JOURNAL OF SUSTAINABLE DEVELOPMENT AND PLANNING,1743-761X;1743-7601,true,,
INTERNATIONAL JOURNAL OF SUSTAINABLE ECONOMY,1756-5812;1756-5804,true,,
INTERNATIONAL JOURNAL OF SUSTAINABLE SOCIETY,1756-2546;1756-2538,true,,
"INTERNATIONAL JOURNAL OF TECHNOLOGICAL LEARNING, INNOVATION AND DEVELOPMENT",1753-1950;1753-1942,true,,
INTERNATIONAL JOURNAL OF TECHNOLOGY INTELLIGENCE AND PLANNING,1740-2832,true,,
INTERNATIONAL JOURNAL OF TECHNOLOGY MANAGEMENT AND SUSTAINABLE DEVELOPMENT,1474-2748,true,,
INTERNATIONAL JOURNAL OF THE ANALYTIC HIERACHY PROCESS,1936-6744,true,,
INTERNATIONAL JOURNAL OF THE INCLUSIVE MUSEUM,1835-2014,true,,
INTERNATIONAL JOURNAL OF THERMOFLUID SCIENCE AND TECHNOLOGY,2706-9885,true,,
INTERNATIONAL JOURNAL OF TOURISM ANTHROPOLOGY,1759-0450;1759-0442,true,,
INTERNATIONAL JOURNAL OF TOURISM POLICY,1750-4104;1750-4090,true,,
INTERNATIONAL JOURNAL OF TRADE AND GLOBAL MARKETS,1742-755X;1742-7541,true,,
INTERNATIONAL JOURNAL OF TRICHOLOGY,0974-7753,true,,
INTERNATIONAL JOURNAL OF VEHICLE PERFORMANCE,1745-3208;1745-3194,true,,
INTERNATIONAL JOURNAL OF VISUAL DESIGN,2325-1581,true,,
INTERNATIONAL JOURNAL OF WATER,1741-5322;1465-6620,true,,
INTERNATIONAL JOURNAL OF WEB BASED COMMUNITIES,1741-8216;1477-8394,true,,
INTERNATIONAL JOURNAL OF WEB PORTALS,1938-0208;1938-0194,true,,
INTERNATIONAL JOURNAL OF WELLBEING,1179-8602,true,,
INTERNATIONAL JOURNAL OF WOMEN'S DERMATOLOGY,2352-6475,true,,
INTERNATIONAL JOURNAL OF YOGA THERAPY,1531-2054,true,,
INTERNATIONAL JOURNAL OF ZOOLOGY,1687-8477,true,,
"INTERNATIONAL JOURNAL ON ADVANCED SCIENCE, ENGINEERING AND INFORMATION TECHNOLOGY",2460-6952;2088-5334,true,,
INTERNATIONAL JOURNAL ON COMMUNICATIONS ANTENNA AND PROPAGATION,2533-2929;2039-5086,true,,
INTERNATIONAL JOURNAL ON FOOD SYSTEM DYNAMICS,1869-6945,true,,
INTERNATIONAL JOURNAL ON INFORMATICS VISUALIZATION,2549-9610;2549-9904,true,,
INTERNATIONAL MARINE ENERGY JOURNAL,2631-5548,true,,
INTERNATIONAL REVIEW OF ECONOMICS,1865-1704;1863-4613,true,,
INTERNATIONAL REVIEW OF MECHANICAL ENGINEERING,2532-5655;1970-8734,true,,
INTERNATIONAL REVIEW OF PUBLIC ADMINISTRATION,1229-4659,true,,
INTERNATIONAL TRADE JOURNAL,1521-0545;0885-3908,true,,
INTERVENTIONAL CARDIOLOGY CLINICS,2211-7458,true,,
INVESTIGACION Y EDUCACION EN ENFERMERIA,2216-0280;0120-5307,true,,
INVESTMENT MANAGEMENT AND FINANCIAL INNOVATIONS,1812-9358;1810-4967,true,,
IRANIAN ENDODONTIC JOURNAL,2008-2746;1735-7497,true,,
"IRANIAN JOURNAL OF OBSTETRICS, GYNECOLOGY AND INFERTILITY",1680-2993,true,,
IRANIAN JOURNAL OF PSYCHIATRY,2008-2215;1735-4587,true,,
IRAQI JOURNAL OF VETERINARY SCIENCES,1607-3894,true,,
IRISH GEOGRAPHY,0075-0778,true,,
IRISH JOURNAL OF SOCIOLOGY,2050-5280;0791-6035,true,,
ISTORIJA 20 VEKA,2560-3647;0352-3160,true,,
ITALIAN LAW JOURNAL,2421-2156,true,,
IUP JOURNAL OF ENGLISH STUDIES,0973-3728,true,,
IWMI RESEARCH REPORT,1026-0862,true,,
IZA JOURNAL OF DEVELOPMENT AND MIGRATION,2520-1786,true,,
IZA JOURNAL OF LABOR ECONOMICS,2193-8997,true,,
"IZVESTIYA OF SARATOV UNIVERSITY, NEW SERIES: PHYSICS|ИЗВЕСТИЯ САРАТОВСКОГО УНИВЕРСИТЕТА. НОВАЯ СЕРИЯ. СЕРИЯ: ФИЗИКА",2542-193X;1817-3020,true,,
JAHRBUCH FUR WIRTSCHAFTSGESCHICHTE,0075-2800,true,,
JERUSALEM REVIEW OF LEGAL STUDIES,2219-7125;2219-7117,true,,
JEZIKOSLOVNI ZAPISKI,0354-0448,true,,
JISUANJI XUEBAO/CHINESE JOURNAL OF COMPUTERS,0254-4164,true,,
JISUANJI YANJIU YU FAZHAN/COMPUTER RESEARCH AND DEVELOPMENT,1000-1239,true,,
JMIR CARDIO,2561-1011,true,,
JORDAN JOURNAL OF BIOLOGICAL SCIENCES,1995-6673;2307-7166,true,,
JOURNAL DE LA SOCIETE DES OCEANISTES,1760-7256;0300-953X,true,,
JOURNAL FOR GLOBAL BUSINESS ADVANCEMENT,1746-9678;1746-966X,true,,
JOURNAL FOR SOCIAL ACTION IN COUNSELING AND PSYCHOLOGY,2159-8142,true,,
JOURNAL FOR THE STUDY OF RADICALISM,1930-1189,true,,
JOURNAL OF ACHIEVEMENTS IN MATERIALS AND MANUFACTURING ENGINEERING,2300-892X;1734-8412,true,,
JOURNAL OF ADVANCES IN INFORMATION TECHNOLOGY,1798-2340,true,,
JOURNAL OF AGRICULTURAL AND FOOD INDUSTRIAL ORGANIZATION,1542-0485,true,,
JOURNAL OF AGRICULTURE AND RURAL DEVELOPMENT IN THE TROPICS AND SUBTROPICS,1612-9830,true,,
JOURNAL OF AGRO-ENVIRONMENT SCIENCE,1672-2043,true,,
JOURNAL OF AGROMETEOROLOGY,0972-1665,true,,
JOURNAL OF APPLIED ARTS AND HEALTH,2040-2465;2040-2457,true,,
JOURNAL OF APPLIED BIOLOGY AND BIOTECHNOLOGY,2347-212X,true,,
JOURNAL OF APPLIED LINGUISTICS AND PROFESSIONAL PRACTICE,2040-3666;2040-3658,true,,
JOURNAL OF APPLIED PHARMACEUTICAL SCIENCE,2231-3354,true,,
JOURNAL OF APPLIED PROBABILITY AND STATISTICS,1930-6792,true,,
JOURNAL OF APPLIED STRUCTURAL EQUATION MODELING,2590-4221,true,,
JOURNAL OF APPLIED YOUTH STUDIES,2204-9207;2204-9193,true,,
JOURNAL OF ARAB AND MUSLIM MEDIA RESEARCH,1751-942X;1751-9411,true,,
JOURNAL OF ASEAN STUDIES,2338-1361;2338-1353,true,,
JOURNAL OF ASIA-PACIFIC BUSINESS,1528-6940;1059-9231,true,,
JOURNAL OF ASIAN EARTH SCIENCES: X,2590-0560,false,2024-07-11,removed from the White List
JOURNAL OF ASIAN HUMANITIES AT KYUSHU UNIVERSITY,2433-4855;2433-4391,true,,
"JOURNAL OF AUTOMATA, LANGUAGES AND COMBINATORICS",2567-3785;1430-189X,true,,
JOURNAL OF B.U.ON.,1107-0625,true,,
JOURNAL OF BASIC AND CLINICAL PHYSIOLOGY AND PHARMACOLOGY,2191-0286;0792-6855,true,,
JOURNAL OF BELARUSIAN STUDIES,2052-6512;0075-4161,true,,
JOURNAL OF BIOECONOMICS,1573-6989;1387-6996,true,,
JOURNAL OF BIOLOGICALLY ACTIVE PRODUCTS FROM NATURE,2231-1874;2231-1866,true,,
JOURNAL OF BIOMEDICAL PHOTONICS AND ENGINEERING,2411-2844,true,,
JOURNAL OF BIOSYSTEMS ENGINEERING,2234-1862;1738-1266,true,,
JOURNAL OF BUFFALO SCIENCE,1927-520X,true,,
JOURNAL OF BUSINESS STRATEGY,0275-6668,true,,
JOURNAL OF CARCINOGENESIS,1477-3163,true,,
JOURNAL OF CARDIOVASCULAR IMAGING,2586-7296;2586-7210,true,,
JOURNAL OF CELLULAR AND MOLECULAR ANESTHESIA,2538-2462;2476-5120,true,,
JOURNAL OF CELTIC LINGUISTICS,0962-1377,true,,
JOURNAL OF CETACEAN RESEARCH AND MANAGEMENT,1561-0713,true,,
JOURNAL OF CHILDREN AND POVERTY,1079-6126,true,,
JOURNAL OF CIRCADIAN RHYTHMS,1740-3391,true,,
JOURNAL OF CLINICAL AND AESTHETIC DERMATOLOGY,1941-2789,true,,
JOURNAL OF CLINICAL AND EXPERIMENTAL DENTISTRY,1989-5488,true,,
JOURNAL OF CLINICAL ETHICS,1046-7890,true,,
JOURNAL OF CLINICAL NEUROMUSCULAR DISEASE,1522-0443,true,,
JOURNAL OF CLINICAL ORTHOPAEDICS AND TRAUMA,0976-5662,true,,
JOURNAL OF COMMUNICATION IN HEALTHCARE,1753-8076;1753-8068,true,,
JOURNAL OF COMMUNITY ARCHAEOLOGY AND HERITAGE,2051-820X;2051-8196,true,,
JOURNAL OF COMPLEMENTARY AND INTEGRATIVE MEDICINE,1553-3840,true,,
JOURNAL OF COMPUTATIONAL TECHNOLOGIES|ВЫЧИСЛИТЕЛЬНЫЕ ТЕХНОЛОГИИ,2313-691X;1560-7534,true,,
JOURNAL OF CONTEMPORARY EASTERN ASIA,2383-9449,true,,
JOURNAL OF COPTIC STUDIES,1016-5584,true,,
JOURNAL OF COUNSELOR LEADERSHIP AND ADVOCACY,2326-716X;2326-7178,true,,
JOURNAL OF CREATING VALUE,2454-213X;2394-9643,true,,
JOURNAL OF CROP PROTECTION,2251-905X;2251-9041,true,,
JOURNAL OF CURRENT CHINESE AFFAIRS,1868-1026;1868-4874,true,,
JOURNAL OF DAYLIGHTING,2383-8701,true,,
JOURNAL OF DESIGN,1606-8327,true,,
JOURNAL OF DHARMA STUDIES,2522-0934;2522-0926,true,,
JOURNAL OF DISABILITY AND RELIGION,2331-253X;2331-2521,true,,
JOURNAL OF DISTRIBUTION SCIENCE,2093-7717;1738-3110,true,,
JOURNAL OF DRUG POLICY ANALYSIS,1941-2851,true,,
JOURNAL OF ECOLOGY AND ENVIRONMENT,2288-1220;2287-8327,true,,
JOURNAL OF ECOLOGY AND RURAL ENVIRONMENT,1673-4831,true,,
JOURNAL OF ECONOMIC AND SOCIAL MEASUREMENT,0747-9662,true,,
JOURNAL OF ECONOMIC COOPERATION AND DEVELOPMENT,2980-1125;1308-7800,true,,
JOURNAL OF ECONOMICS AND FINANCE,1938-9744;1055-0925,true,,
"JOURNAL OF ECONOMICS, FINANCE AND ADMINISTRATIVE SCIENCE",2077-1886;2218-0648,true,,
JOURNAL OF EDUCATION FOR LIBRARY AND INFORMATION SCIENCE,2328-2967;0748-5786,true,,
JOURNAL OF EDUCATIONAL DATA MINING,2157-2100,true,,
JOURNAL OF EDUCATORS ONLINE,1547-500X,true,,
JOURNAL OF ELECTRONIC SCIENCE AND TECHNOLOGY,1674-862X,true,,
JOURNAL OF ENERGY SYSTEMS,2602-2052,true,,
JOURNAL OF ENGLISH STUDIES,1695-4300;1576-6357,true,,
JOURNAL OF ENTOMOLOGICAL AND ACAROLOGICAL RESEARCH,2279-7084;2038-324X,true,,
JOURNAL OF ENVIRONMENTAL HORTICULTURE,2573-5586;0738-2898,true,,
JOURNAL OF ETHNOLOGY AND FOLKLORISTICS,2228-0987;1736-6518,true,,
JOURNAL OF EUROPEAN ECONOMIC HISTORY,0391-5115,true,,
JOURNAL OF EUROPEAN INTEGRATION HISTORY,0947-9511,true,,
JOURNAL OF EXPERIMENTAL ALGORITHMICS,1084-6654,true,,
JOURNAL OF EXPERIMENTAL PHARMACOLOGY,1179-1454,true,,
JOURNAL OF FINANCIAL CRIME,1758-7239;1359-0790,true,,
JOURNAL OF FISH TAXONOMY,2458-942X,true,,
JOURNAL OF FOODSERVICE BUSINESS RESEARCH,1537-8039;1537-8020,true,,
JOURNAL OF GANG RESEARCH,1079-3062,true,,
JOURNAL OF GEOENGINEERING,1990-8326,true,,
JOURNAL OF GEOSCIENCE EDUCATION,1089-9995,true,,
JOURNAL OF GLOBAL BUDDHISM,1527-6457,true,,
JOURNAL OF GRADUATE MEDICAL EDUCATION,1949-8357;1949-8349,true,,
JOURNAL OF GRAPH ALGORITHMS AND APPLICATIONS,1526-1719,true,,
JOURNAL OF HEALTHCARE RISK MANAGEMENT : THE JOURNAL OF THE AMERICAN SOCIETY FOR HEALTHCARE RISK MANAGEMENT,1074-4797,true,,
JOURNAL OF HERBMED PHARMACOLOGY,2345-5004,true,,
"JOURNAL OF HERBS, SPICES AND MEDICINAL PLANTS",1540-3580;1049-6475,true,,
JOURNAL OF HORTICULTURAL RESEARCH,2353-3978;2300-5009,true,,
JOURNAL OF HUMAN REPRODUCTIVE SCIENCES,1998-4766;0974-1208,true,,
JOURNAL OF HUMAN SECURITY,1835-3800,true,,
JOURNAL OF IMMUNOASSAY AND IMMUNOCHEMISTRY,1532-4230;1532-1819,true,,
JOURNAL OF INFORMATION LITERACY,1750-5968,true,,
JOURNAL OF INFORMATION SYSTEMS EDUCATION,1055-3096,true,,
JOURNAL OF INFORMATION TECHNOLOGY CASE AND APPLICATION RESEARCH,2333-6897;1522-8053,true,,
JOURNAL OF INNOVATION MANAGEMENT,2183-0606,true,,
"JOURNAL OF INSTITUTE OF CONTROL, ROBOTICS AND SYSTEMS",1976-5622,true,,
"JOURNAL OF INSURANCE MEDICINE (NEW YORK, N.Y.)",0743-6661,true,,
JOURNAL OF INTEGRATED COASTAL ZONE MANAGEMENT,1646-8872,true,,
JOURNAL OF INTERACTIVE LEARNING RESEARCH,1093-023X,true,,
JOURNAL OF INTERCULTURAL COMMUNICATION,1404-1634,true,,
JOURNAL OF INTERNATIONAL COMMUNICATION,2162-7177;1321-6597,true,,
JOURNAL OF INTERNATIONAL WILDLIFE LAW AND POLICY,1548-1476;1388-0292,true,,
JOURNAL OF INTERNET SERVICES AND INFORMATION SECURITY,2182-2077;2182-2069,true,,
JOURNAL OF ISLAMIC ETHICS,2468-5542;2468-5534,true,,
JOURNAL OF JAPANESE LINGUISTICS,0197-3150;2512-1413,true,,
JOURNAL OF KOREAN ACADEMY OF NURSING ADMINISTRATION,2288-4955;1225-9330,true,,
JOURNAL OF LANGUAGE RELATIONSHIP,2219-4029;2219-3820,true,,
"JOURNAL OF LAW, RELIGION AND STATE",2212-6465;2212-4810,true,,
JOURNAL OF LIBRARY AND INFORMATION SERVICES IN DISTANCE LEARNING,1533-2918;1533-290X,true,,
JOURNAL OF LIBRARY METADATA,1938-6389;1937-5034,true,,
JOURNAL OF MACHINE ENGINEERING,2391-8071;1895-7595,true,,
JOURNAL OF MARITIME LAW AND COMMERCE,0022-2410,true,,
JOURNAL OF MATHEMATICAL MODELING,2382-9869;2345-394X,true,,
JOURNAL OF MEDIA LAW,1757-7640;1757-7632,true,,
JOURNAL OF MEDICAL ARTIFICIAL INTELLIGENCE,2617-2496,true,,
JOURNAL OF MEDICAL ENGINEERING AND TECHNOLOGY,0309-1902,true,,
JOURNAL OF MEDICINE AND LIFE,1844-3117;1844-122X,true,,
JOURNAL OF MEDITERRANEAN EARTH SCIENCES,2280-6148;2037-2272,true,,
JOURNAL OF MEKONG SOCIETIES,2697-6056;1686-6541,true,,
JOURNAL OF MEMBRANE SCIENCE AND RESEARCH,2476-5406,true,,
JOURNAL OF MICROMECHANICS AND MOLECULAR PHYSICS,2424-9149;2424-9130,true,,
JOURNAL OF MIGRATION HISTORY,2351-9924;2351-9916,true,,
JOURNAL OF MIND AND BEHAVIOR,0271-0137,true,,
JOURNAL OF MOBILE MULTIMEDIA,1550-4646,true,,
JOURNAL OF MODERN PROJECT MANAGEMENT,2317-3963,true,,
JOURNAL OF MONOLINGUAL AND BILINGUAL SPEECH,2631-8415;2631-8407,true,,
JOURNAL OF MUSLIM PHILANTHROPY AND CIVIL SOCIETY,2572-6544,true,,
JOURNAL OF NARRATIVE AND LANGUAGE STUDIES,2148-4066,true,,
"JOURNAL OF NATURAL SCIENCE, BIOLOGY AND MEDICINE",2229-7707;0976-9668,true,,
JOURNAL OF NEONATAL - PERINATAL MEDICINE,1934-5798;1878-4429,true,,
JOURNAL OF NEONATAL NURSING,1355-1841,true,,
JOURNAL OF NETWORK INTELLIGENCE,2414-8105,true,,
JOURNAL OF NEW ZEALAND AND PACIFIC STUDIES,2050-4047;2050-4039,true,,
"JOURNAL OF NUMERICAL ANALYSIS, INDUSTRIAL AND APPLIED MATHEMATICS",1790-8159;1790-8140,true,,
JOURNAL OF NUMERICAL COGNITION,2363-8761,true,,
JOURNAL OF NUTRITION IN GERONTOLOGY AND GERIATRICS,2155-1200;2155-1197,true,,
JOURNAL OF OPTICAL COMMUNICATIONS,0173-4911,true,,
JOURNAL OF OPTIMIZATION IN INDUSTRIAL ENGINEERING,2423-3935;2251-9904,true,,
JOURNAL OF ORAL AND MAXILLOFACIAL PATHOLOGY,1998-393X;0973-029X,true,,
JOURNAL OF ORTHODONTIC SCIENCE,2278-1897;2278-0203,true,,
JOURNAL OF PEDIATRIC PHARMACOLOGY AND THERAPEUTICS,2331-348X;1551-6776,true,,
JOURNAL OF PHYSICAL EDUCATION AND SPORT,2247-806X;2247-8051,true,,
JOURNAL OF PLANT BIOTECHNOLOGY,1229-2818,true,,
JOURNAL OF POPULATION AND SOCIAL STUDIES,2465-4418,true,,
JOURNAL OF PRE-COLLEGE ENGINEERING EDUCATION RESEARCH,2157-9288,true,,
JOURNAL OF PREVENTIVE MEDICINE AND HYGIENE,1121-2233,true,,
JOURNAL OF PREVENTIVE MEDICINE AND PUBLIC HEALTH,2233-4521;1975-8375,true,,
JOURNAL OF PSYCHEDELIC STUDIES,2559-9283,true,,
JOURNAL OF RADARS,2095-283X,true,,
JOURNAL OF RANGELAND SCIENCE,2423-642X;2008-9996,true,,
JOURNAL OF REAL ESTATE PORTFOLIO MANAGEMENT,1083-5547,true,,
JOURNAL OF ROBOTICS AND CONTROL (JRC),2715-5072;2715-5056,true,,
JOURNAL OF SCHOOL CHOICE,1558-2167;1558-2159,true,,
JOURNAL OF SCIENCE IN SPORT AND EXERCISE,2662-1371;2096-6709,true,,
JOURNAL OF SHANGHAI JIAOTONG UNIVERSITY (SCIENCE),1995-8188;1007-1172,true,,
JOURNAL OF SILK,1001-7003,true,,
JOURNAL OF SLAVIC MILITARY STUDIES,1351-8046,true,,
JOURNAL OF SMALL BUSINESS STRATEGY,2380-1751;1081-8510,true,,
JOURNAL OF SMOOTH MUSCLE RESEARCH,0916-8737,true,,
JOURNAL OF SOCIAL ONTOLOGY,2196-9663,true,,
JOURNAL OF SOCIAL STRUCTURE,1529-1227,true,,
JOURNAL OF SOFT COMPUTING IN CIVIL ENGINEERING,2588-2872,true,,
JOURNAL OF SPACE SAFETY ENGINEERING,2468-8975;2468-8967,true,,
JOURNAL OF SPECTRAL IMAGING,2040-4565,true,,
JOURNAL OF SPINE SURGERY,2414-469X;2414-4630,true,,
JOURNAL OF STRATEGIC SECURITY,1944-0472;1944-0464,true,,
JOURNAL OF STRUCTURAL AND CONSTRUCTION ENGINEERING,1881-8153;1340-4202,true,,
JOURNAL OF SUSTAINABILITY SCIENCE AND MANAGEMENT,2672-7226;1823-8556,true,,
JOURNAL OF SUSTAINABLE ARCHITECTURE AND CIVIL ENGINEERING,2335-2000;2029-9990,true,,
JOURNAL OF SYSTEM AND MANAGEMENT SCIENCES,1818-0523;1816-6075,true,,
JOURNAL OF SYSTEMS AND INFORMATION TECHNOLOGY,1328-7265,true,,
JOURNAL OF TEACHING AND LEARNING FOR GRADUATE EMPLOYABILITY,1838-3815,true,,
JOURNAL OF TECHNOLOGY AND SCIENCE EDUCATION,2014-5349;2013-6374,true,,
JOURNAL OF TECHNOLOGY MANAGEMENT AND INNOVATION,0718-2724,true,,
JOURNAL OF TELECOMMUNICATIONS AND THE DIGITAL ECONOMY,2203-1693,true,,
JOURNAL OF THE AMERICAN SOCIETY OF CYTOPATHOLOGY,2213-2945,true,,
JOURNAL OF THE BRAZILIAN COMPUTER SOCIETY,0104-6500,true,,
JOURNAL OF PENTECOSTAL & CHARISMATIC CHRISTIANITY,2769-1616;2769-1624,true,,
JOURNAL OF THE HISTORY OF ANALYTICAL PHILOSOPHY,2159-0303,true,,
JOURNAL OF THE INDIAN SOCIETY OF PEDODONTICS AND PREVENTIVE DENTISTRY,0970-4388,true,,
JOURNAL OF THE INSTITUTION OF ENGINEERS (INDIA): SERIES C,2250-0553;2250-0545,true,,
JOURNAL OF THE INSTITUTION OF ENGINEERS (INDIA): SERIES D,2250-2130;2250-2122,true,,
JOURNAL OF THE KOREAN SOCIETY OF CLOTHING AND TEXTILES,2234-0793;1225-1151,true,,
JOURNAL OF THE KOREAN WOOD SCIENCE AND TECHNOLOGY,1017-0715,true,,
JOURNAL OF THE MIDDLE EAST AND AFRICA,2152-0852;2152-0844,true,,
JOURNAL OF THE NATIONAL CANCER INSTITUTE. MONOGRAPHS,1052-6773,true,,
JOURNAL OF THE ROYAL SOCIETY OF WESTERN AUSTRALIA,0035-922X,true,,
JOURNAL OF TOURISM AND DEVELOPMENT,2182-1453;1645-9261,true,,
JOURNAL OF TRANSATLANTIC STUDIES,1754-1018;1479-4012,true,,
JOURNAL OF TRANSNATIONAL MANAGEMENT,1547-5786;1547-5778,true,,
JOURNAL OF TURKISH SCIENCE EDUCATION,1304-6020,true,,
JOURNAL OF UOEH,0387-821X,true,,
JOURNAL OF VISUAL ART PRACTICE,1470-2029,true,,
JOURNAL OF WATER AND ENVIRONMENT TECHNOLOGY,1348-2165,true,,
JOURNAL OF WATER AND LAND DEVELOPMENT,2083-4535;1429-7426,true,,
JOURNAL OF WOMEN AND MINORITIES IN SCIENCE AND ENGINEERING,1072-8325,true,,
JOURNAL OF WORLD PHILOSOPHIES,2474-1795,true,,
JOURNAL OF YOUTH AND THEOLOGY,2405-5093;1741-0819,true,,
JOURNALISM AND MASS COMMUNICATION EDUCATOR,2161-4326;1077-6958,true,,
JSES INTERNATIONAL,2666-6383,false,2024-07-11,removed from the White List
JTCVS OPEN,2666-2736,false,2024-07-11,removed from the White List
KADMOS,1613-0723;0022-7498,true,,
KANG T'IEH/IRON AND STEEL (PEKING),0449-749X,true,,
KANTIAN JOURNAL|КАНТОВСКИЙ СБОРНИК,2310-3701;0207-6918,true,,
KARSTENIA,0453-3402,true,,
KAVKAZSKIJ ENTOMOLOGICESKIJ BULLETEN|КАВКАЗСКИЙ ЭНТОМОЛОГИЧЕСКИЙ БЮЛЛЕТЕНЬ,2713-1785;1814-3326,true,,
KEPES,1794-7111,true,,
KERVAN,1825-263X,true,,
KHAYYAM JOURNAL OF MATHEMATICS,2423-4788,true,,
KHIMIYA RASTITEL'NOGO SYR'YA|ХИМИЯ РАСТИТЕЛЬНОГО СЫРЬЯ,1029-5151;1029-5143,true,,
KINESIOLOGY REVIEW,2163-0453;2161-6035,true,,
KING'S LAW JOURNAL,0961-5768,true,,
KLINICHESKAYA ONKOGEMATOLOGIYA/CLINICAL ONCOHEMATOLOGY|КЛИНИЧЕСКАЯ ОНКОГЕМАТОЛОГИЯ. ФУНДАМЕНТАЛЬНЫЕ ИССЛЕДОВАНИЯ И КЛИНИЧЕСКАЯ ПРАКТИКА,2500-2139;1997-6933,true,,
KNYGOTYRA,2345-0053;0204-2061,true,,
KOBE JOURNAL OF MEDICAL SCIENCES,0023-2513,true,,
KOREAN JOURNAL OF MEDICAL EDUCATION,2005-7288;2005-727X,true,,
KRISIS,1875-7103;0168-275X,true,,
L'ANNEE SOCIOLOGIQUE,0066-2399,true,,
LAHIVORDLUSI LAHIVERTAILUJA,2228-3854;1736-9290,true,,
LANDSCAPE ONLINE,1865-1542,true,,
LANGAGE ET SOCIETE,0181-4095,true,,
LASER THERAPY,0898-5901,true,,
LAW AND ETHICS OF HUMAN RIGHTS,1938-2545,true,,
"LE INFEZIONI IN MEDICINA : RIVISTA PERIODICA DI EZIOLOGIA, EPIDEMIOLOGIA, DIAGNOSTICA, CLINICA E TERAPIA DELLE PATOLOGIE INFETTIVE",1124-9390,true,,
LEAN CONSTRUCTION JOURNAL,1555-1369,true,,
LEARN JOURNAL: LANGUAGE EDUCATION AND ACQUISITION RESEARCH NETWORK,2672-9431;2630-0672,true,,
LEARNING DISABILITIES,1937-6936;1937-6928,true,,
LEARNING: RESEARCH AND PRACTICE,2373-5090;2373-5082,true,,
LEGUME SCIENCE,2639-6181,true,,
LEISURE/ LOISIR,2151-2221;1492-7713,true,,
LER HISTORIA,0870-6182,true,,
LETTERS IN HIGH ENERGY PHYSICS,2632-2714,true,,
LEVIATHAN (GERMANY),1861-8588;0340-0425,true,,
LEXICOGRAPHY,2197-4306;2197-4292,true,,
LEXIS (PERU),0254-9239,true,,
"LIA LANGUAGE, INTERACTION AND ACQUISITION",1879-7873;1879-7865,true,,
LIBER QUARTERLY,2213-056X;1435-5205,true,,
LIBRARY HI TECH NEWS,0741-9058,true,,
LIBYAN STUDIES,2052-6148;0263-7189,true,,
LINDBERGIA,2001-5909;0105-0761,true,,
LINGUISTICA URALICA,1736-7506;0868-4731,true,,
LINGUISTICS IN THE NETHERLANDS,0929-7332,true,,
LIVER RESEARCH,2542-5684,true,,
LIVESTOCK RESEARCH FOR RURAL DEVELOPMENT,0121-3784,true,,
LOCAL POPULATION STUDIES,0143-2974,true,,
LOGICAL INVESTIGATIONS|ЛОГИЧЕСКИЕ ИССЛЕДОВАНИЯ,2413-2713;2074-1472,true,,
LOGISTICS RESEARCH,1865-035X,true,,
LOGOS AND EPISTEME,2069-3052;2069-0533,true,,
MAASTRICHT JOURNAL OF EUROPEAN AND COMPARATIVE LAW,2399-5548;1023-263X,true,,
MAETAGUSED,1406-9938;1406-992X,true,,
MANA: ESTUDOS DE ANTROPOLOGIA SOCIAL,0104-9313,true,,
MANAGEMENT IN EDUCATION,0892-0206,true,,
MANKIND QUARTERLY,0025-2344,true,,
MANUSCRIPTA ORIENTALIA,2415-3613;1238-5018,true,,
MARINE SYSTEMS AND OCEAN TECHNOLOGY,2199-4749;1679-396X,true,,
MARKETING EDUCATION REVIEW,2153-9987;1052-8008,true,,
MASARYK UNIVERSITY JOURNAL OF LAW AND TECHNOLOGY,1802-5951;1802-5943,true,,
MASTOZOOLOGIA NEOTROPICAL,0327-9383,true,,
MATERIAL DESIGN AND PROCESSING COMMUNICATIONS,2577-6576,true,,
MATERIALE SI CERCETARI ARHEOLOGICE,0076-5147,true,,
"MATHEMATICS IN ENGINEERING, SCIENCE AND AEROSPACE",2041-3173;2041-3165,true,,
MATRIX BIOLOGY PLUS,2590-0285,false,2024-07-11,removed from the White List
MDM POLICY AND PRACTICE,2381-4683,true,,
MEDIA ASIA,0129-6612,true,,
MEDIAEVAL STUDIES,0076-5872,true,,
MEDICAL JOURNAL ARMED FORCES INDIA,0377-1237,true,,
MEDICAL JOURNAL OF THE ISLAMIC REPUBLIC OF IRAN,1016-1430,true,,
MEDICAL LAW INTERNATIONAL,0968-5332,true,,
MEDICAL RADIOLOGY AND RADIATION SAFETY|МЕДИЦИНСКАЯ РАДИОЛОГИЯ И РАДИАЦИОННАЯ БЕЗОПАСНОСТЬ,1024-6177;2618-9615,true,,
MEDICAL VISUALIZATION|МЕДИЦИНСКАЯ ВИЗУАЛИЗАЦИЯ,2408-9516;1607-0763,true,,
MEDICINA E MORALE,2282-5940;0025-7834,true,,
MEDICINA KATASTROF|МЕДИЦИНА КАТАСТРОФ,2686-7966;2070-1004,true,,
MEDICINE AND PHARMACY REPORTS,2668-0572;2602-0807,true,,
MEDICINE IN DRUG DISCOVERY,2590-0986,false,2024-07-11,removed from the White List
MEDICINSKI ARHIV,0350-199X,true,,
MEDICINSKI GLASNIK,1840-2445;1840-0132,true,,
MEDICO-LEGAL JOURNAL,0025-8172,true,,
MEDIEKULTUR,0900-9671;1901-9726,true,,
MEDIEN UND KOMMUNIKATIONSWISSENSCHAFT,1615-634X,true,,
MEDIEVAL ENCOUNTERS,1380-7854,true,,
"MEKHATRONIKA, AVTOMATIZATSIYA, UPRAVLENIE|МЕХАТРОНИКА, АВТОМАТИЗАЦИЯ, УПРАВЛЕНИЕ",2619-1253;1684-6427,true,,
MEMOIRS OF MUSEUM VICTORIA,1447-2554;1447-2546,true,,
MENTAL HEALTH AND PREVENTION,2212-6570,true,,
MENTAL HEALTH CLINICIAN,2168-9709,true,,
METAL POWDER REPORT,1873-4065;0026-0657,true,,
METALLOPHYSICS AND ADVANCED TECHNOLOGIES,2617-1511;1024-1809,true,,
METHIS,2228-4745;1736-6852,true,,
METHODIST DEBAKEY CARDIOVASCULAR JOURNAL,1947-6108;1947-6094,true,,
METHODOLOGICAL INNOVATIONS,2059-7991,true,,
METODOLOSKI ZVEZKI,1854-0031;1854-0023,true,,
MEXTESOL JOURNAL,2395-9908,true,,
MIDDLE ATLANTIC REVIEW OF LATIN AMERICAN STUDIES,2474-9621,true,,
MILITARY BEHAVIORAL HEALTH,2163-5803;2163-5781,true,,
MINERAL DEPOSITS,0258-7106,true,,
MODERN AFRICA,2570-7558;2336-3274,true,,
MODERN AMERICAN HISTORY,2515-0456;2397-1851,true,,
MONGOLIAN STUDIES|МОНГОЛОВЕДЕНИЕ (МОНГОЛ СУДЛАЛ),2712-8059;2500-1523,true,,
MONOGRAPHS IN ORAL SCIENCE,0077-0892,true,,
MORPHOLOGIE,1286-0115,true,,
MOSCOW UNIVERSITY BIOLOGICAL SCIENCES BULLETIN,1934-791X;0096-3925,true,,
MSMR,2158-0111;2152-8217,true,,
MULTICULTURAL EDUCATION,1068-3844,true,,
MUSIC REFERENCE SERVICES QUARTERLY,1058-8167,true,,
MUSICAL ART AND EDUCATION|МУЗЫКАЛЬНОЕ ИСКУССТВО И ОБРАЗОВАНИЕ,2309-1428,true,,
NANOMEDICINE RESEARCH JOURNAL,2476-7123;2476-3489,true,,
NANOTECHNOLOGY FOR ENVIRONMENTAL ENGINEERING,2365-6387;2365-6379,true,,
NARODNA UMJETNOST,0547-2504,true,,
NATURA CROATICA,1330-0520,true,,
NATURAL GAS GEOSCIENCE,1672-1926,true,,
NATURAL GAS INDUSTRY B,2352-8559;2352-8540,true,,
NATURAL PRODUCT SCIENCES,1226-3907,true,,
NATURAL SCIENCES EDUCATION,2168-8281;2168-8273,true,,
NATURE COMPUTATIONAL SCIENCE,2662-8457,true,,
NAUKOVYI VISNYK NATSIONALNOHO HIRNYCHOHO UNIVERSYTETU,2071-2227,true,,
NEDERLANDSE LETTERKUNDE,1384-5829,true,,
NEUROPSYCHOPHARMACOLOGY REPORTS,2574-173X,true,,
NEUROSIGNALS,1424-8638;1424-862X,true,,
NEW DIRECTIONS FOR EVALUATION,1097-6736,true,,
NEW EDUCATOR,1547-688X;1549-9243,true,,
NEW ENGLAND JOURNAL OF ENTREPRENEURSHIP,1550-333X;2574-8904,true,,
NEW REVIEW OF ACADEMIC LIBRARIANSHIP,1740-7834;1361-4533,true,,
NEW VOICES IN TRANSLATION STUDIES,1819-5644,true,,
NEW ZEALAND ECONOMIC PAPERS,1943-4863;0077-9954,true,,
NEW ZEALAND PLANT PROTECTION,0370-0968;1175-9003,true,,
NEW ZEALAND SOCIOLOGY,1173-1036;0112-921X,true,,
"NEWS OF THE NATIONAL ACADEMY OF SCIENCES OF THE REPUBLIC OF KAZAKHSTAN, SERIES OF GEOLOGY AND TECHNICAL SCIENCES",2518-170X;2224-5278,true,,
NEWSPAPER RESEARCH JOURNAL,2376-4791;0739-5329,true,,
NIZHNEVOLZHSKIY ARKHEOLOGICHESKIY VESTNIK|НИЖНЕВОЛЖСКИЙ АРХЕОЛОГИЧЕСКИЙ ВЕСТНИК,2658-5995;2587-8123,true,,
NOISE AND VIBRATION WORLDWIDE,0957-4565,true,,
NONGYE GONGCHENG XUEBAO/TRANSACTIONS OF THE CHINESE SOCIETY OF AGRICULTURAL ENGINEERING,1002-6819,true,,
NONGYE JIXIE XUEBAO/TRANSACTIONS OF THE CHINESE SOCIETY OF AGRICULTURAL MACHINERY,1000-1298,true,,
NONLINEAR DYNAMICS AND SYSTEMS THEORY,1562-8353,true,,
NORDIC JOURNAL OF ARCHITECTURAL RESEARCH,1893-5281,true,,
NORDIC JOURNAL OF CRIMINOLOGY,2578-983X;2578-9821,true,,
NORDIC JOURNAL OF EDUCATIONAL HISTORY,2001-9076;2001-7766,true,,
NORDIC JOURNAL OF ENGLISH STUDIES,1654-6970;1502-7694,true,,
NORDIC JOURNAL OF STUDIES IN EDUCATIONAL POLICY,2002-0317,true,,
NORDIC SOCIAL WORK RESEARCH,2156-8588;2156-857X,true,,
NORTH CAROLINA MEDICAL JOURNAL,0029-2559,true,,
NOVOS ESTUDOS CEBRAP,1980-5403;0101-3300,true,,
NOVOSTI SISTEMATIKI NIZSHIKH RASTENII|НОВОСТИ СИСТЕМАТИКИ НИЗШИХ РАСТЕНИЙ,0568-5435,true,,
NOVOSTI SISTEMATIKI VYSSHIKH RASTENII|НОВОСТИ СИСТЕМАТИКИ ВЫСШИХ РАСТЕНИЙ,2687-1564;0568-5443,true,,
NURSING ADMINISTRATION QUARTERLY,1550-5103;0363-9568,true,,
NURSING FOR WOMEN'S HEALTH,1751-486X;1751-4851,true,,
NUTRIRE,2316-7874;1519-8928,true,,
NUTRITION AND HEALTH,0260-1060,true,,
OBESITY MEDICINE,2451-8476,true,,
OBSTETRICS AND GYNECOLOGY SCIENCE,2287-8580;2287-8572,true,,
OFTALMOLOGIYA|ОФТАЛЬМОЛОГИЯ,2500-0845;1816-5095,true,,
OLD TESTAMENT ESSAYS,2312-3621;1010-9919,true,,
OMAN MEDICAL JOURNAL,2070-5204;1999-768X,true,,
ONLINE JOURNAL MODELLING THE NEW EUROPE,2247-0514,true,,
ONLINE JOURNAL OF ANALYTIC COMBINATORICS,1931-3365,true,,
OPEN CONSTRUCTION AND BUILDING TECHNOLOGY JOURNAL,1874-8368,true,,
OPEN EDUCATION STUDIES,2544-7831,true,,
OPEN INFORMATION SCIENCE,2451-1781,true,,
OPEN JOURNAL OF BIORESOURCES,2056-5542,true,,
OPEN MEDICINAL CHEMISTRY JOURNAL,1874-1045,true,,
OPEN MICROBIOLOGY JOURNAL,1874-2858,true,,
OPEN NURSING JOURNAL,1874-4346,true,,
OPEN ORNITHOLOGY JOURNAL,1874-4532,true,,
OPEN TRANSPORTATION JOURNAL,1874-4478,true,,
OPUHOLI GOLOVY I SEI|ОПУХОЛИ ГОЛОВЫ И ШЕИ,2411-4634;2222-1468,true,,
OPUHOLI ZENSKOJ REPRODUKTIVNOJ SISTEMY|ОПУХОЛИ ЖЕНСКОЙ РЕПРОДУКТИВНОЙ СИСТЕМЫ,1999-8627;1994-4098,true,,
ORAL AND IMPLANTOLOGY,2035-2468;1974-5648,true,,
ORBIT: A JOURNAL OF AMERICAN LITERATURE,2398-6786,true,,
ORGANIC AGRICULTURE,1879-4238,true,,
ORGANIC FARMING,2297-6485,true,,
ORGANISATION MANAGEMENT JOURNAL,1541-6518,true,,
ORIENTAL STUDIES,2619-1008;2619-0990,true,,
ORIENTALIA CHRISTIANA PERIODICA,0030-5375,true,,
ORIENTE MODERNO,2213-8617;0030-5472,true,,
PAKISTAN DEVELOPMENT REVIEW,0030-9729,true,,
PAKISTAN JOURNAL OF BIOLOGICAL SCIENCES,1812-5735;1028-8880,true,,
PAKISTAN JOURNAL OF LIFE AND SOCIAL SCIENCES,2221-7630;1727-4915,true,,
PALADYN,2081-4836,true,,
PALLAS,0031-0387,true,,
PAPEIS AVULSOS DE ZOOLOGIA,1807-0205;0031-1049,true,,
PAPERS IN APPLIED GEOGRAPHY,2375-494X;2375-4931,true,,
PARKS,2411-2119;0960-233X,true,,
"PARLIAMENTS, ESTATES AND REPRESENTATION",0260-6755,true,,
PASAA,2287-0024;0125-2488,true,,
PATHOGENS AND IMMUNITY,2469-2964,true,,
PATHOPHYSIOLOGY,0928-4680,true,,
PEABODY JOURNAL OF EDUCATION,1532-7930;0161-956X,true,,
PEDIATRIC CARDIAC SURGERY ANNUAL,1092-9126,true,,
PEDIATRIC ENDOCRINOLOGY REVIEWS,1565-4753,true,,
PEDIATRIC HEMATOLOGY/ONCOLOGY AND IMMUNOPATHOLOGY|ВОПРОСЫ ГЕМАТОЛОГИИ/ОНКОЛОГИИ И ИММУНОПАТОЛОГИИ В ПЕДИАТРИИ,1726-1708,true,,
PEDIATRIC NURSING,0097-9805,true,,
PERIODICA POLYTECHNICA ELECTRICAL ENGINEERING AND COMPUTER SCIENCE,2064-5279;2064-5260,true,,
"PERIODICA POLYTECHNICA, SOCIAL AND MANAGEMENT SCIENCES",1416-3837,true,,
PERSONALITY NEUROSCIENCE,2513-9886,true,,
PERSPECTIVES IN CLINICAL RESEARCH,2229-5488;2229-3485,true,,
PERSPECTIVES: POLICY AND PRACTICE IN HIGHER EDUCATION,1460-7018;1360-3108,true,,
PERSPEKTIVY NAUKI I OBRAZOVANIA|ПЕРСПЕКТИВЫ НАУКИ И ОБРАЗОВАНИЯ,2307-2334,true,,
PESQUISA OPERACIONAL,0101-7438,true,,
PETROLEUM GEOLOGY AND EXPERIMENT,2363-7625;1001-6112,true,,
PHARMACEUTICAL NANOTECHNOLOGY,2211-7385;2211-7393,true,,
PHENOMENOLOGY AND MIND,2280-7853;2239-4028,true,,
PHILIP ROTH STUDIES,1940-5278;1547-3929,true,,
PHILOSOPHIA CHRISTI,1529-1634,true,,
PHILOSOPHIA REFORMATA,0031-8035,true,,
PHILOSOPHY OF RELIGION: ANALYTIC RESEARCHES|ФИЛОСОФИЯ РЕЛИГИИ: АНАЛИТИЧЕСКИЕ ИССЛЕДОВАНИЯ,2658-4891;2587-683X,true,,
PHOTOGRAPHIES,1754-0763,true,,
PHOTONICS RUSSIA|ФОТОНИКА,2686-844X;1993-7296,true,,
PHYSICAL ACTIVITY AND HEALTH,2515-2270,true,,
PIRINEOS,0373-2568,true,,
PLAINS ANTHROPOLOGIST,0032-0447,true,,
PLANNING MALAYSIA,0128-0945;1675-6215,true,,
PLANT AND FUNGAL SYSTEMATICS,2544-7459,true,,
PLANT BREEDING AND BIOTECHNOLOGY,2287-9366;2287-9358,true,,
PLANT GENE,2352-4073,true,,
PLANT OMICS,1836-3644;1836-0661,true,,
PLASMA RESEARCH EXPRESS,2516-1067,true,,
PLURAL. HISTORY. CULTURE. SOCIETY,2345-184X;2345-1262,true,,
POLAND'S DEMOGRAPHIC PAST,2719-4345;0079-7189,true,,
POLICY AND PRACTICE IN HEALTH AND SAFETY,1477-4003;1477-3996,true,,
POLISH JOURNAL OF SPORT AND TOURISM,2082-8799;1899-1998,true,,
POLITICA CRIMINAL,0718-3399,true,,
POLITICS AND THE LIFE SCIENCES,1471-5457;0730-9384,true,,
POLITICS IN CENTRAL EUROPE,1801-3422,true,,
POPOLAZIONE E STORIA,2280-6784;1591-4798,true,,
POPULISM,2588-8072;2588-8064,true,,
POST REPRODUCTIVE HEALTH,2053-3705;2053-3691,true,,
POVOLZHSKAYA ARKHEOLOGIYA|ПОВОЛЖСКАЯ АРХЕОЛОГИЯ,2500-2856;2306-4099,true,,
PRABANDHAN: INDIAN JOURNAL OF MANAGEMENT,0975-2854,true,,
"PRACTICAL ASSESSMENT, RESEARCH AND EVALUATION",1531-7714,true,,
PRACTICE (UK),1742-4909;0950-3153,true,,
PRAKTYKA TEORETYCZNA,2081-8130,true,,
PREHLED VYZKUMU,1211-7250,true,,
PREVENTIVE NUTRITION AND FOOD SCIENCE,2287-8602;2287-1098,true,,
PRIMATE BIOLOGY,2363-4715;2363-4707,true,,
PRIMATE CONSERVATION,0898-6207,true,,
PROBLEMI,0555-2419,true,,
"PROBLEMS OF ATOMIC SCIENCE AND TECHNOLOGY, SERIES THERMONUCLEAR FUSION|ВОПРОСЫ АТОМНОЙ НАУКИ И ТЕХНИКИ. СЕРИЯ: ТЕРМОЯДЕРНЫЙ СИНТЕЗ",0202-3822,true,,
PROBLEMS OF STRENGTH AND PLASTICITY|ПРОБЛЕМЫ ПРОЧНОСТИ И ПЛАСТИЧНОСТИ,1814-9146,true,,
PROCEEDINGS OF THE ACM ON INTERACTIVE MOBILE WEARABLE AND UBIQUITOUS TECHNOLOGIES-IMWUT,2474-9567,true,,
PROCEEDINGS OF THE NATIONAL ACADEMY OF SCIENCES INDIA SECTION B - BIOLOGICAL SCIENCES,2250-1746;0369-8211,true,,
PROCEEDINGS OF THE ZOOLOGICAL SOCIETY,0974-6919;0373-5893,true,,
PRODUCTION,1980-5411;0103-6513,true,,
PROFESSIONS AND PROFESSIONALISM,1893-1049,true,,
PROGRESS IN BRAIN RESEARCH,0079-6123,true,,
"PROGRESS IN COLOR, COLORANTS AND COATINGS",2383-1790;2008-2134,true,,
PROGRESS IN ELECTROMAGNETICS RESEARCH B,1937-6472,true,,
PROGRESS IN ELECTROMAGNETICS RESEARCH C,1937-8718,true,,
PROGRESS IN THE CHEMISTRY OF ORGANIC NATURAL PRODUCTS,2191-7043,true,,
PROJECT BAIKAL|ПРОЕКТ БАЙКАЛ,2309-3072;2307-4485,true,,
PRZEGLAD GEOGRAFICZNY,0033-2143,true,,
PSICOPERSPECTIVAS,0717-7798;0718-6924,true,,
PSYCHIATRIKE = PSYCHIATRIKI,1105-2333,true,,
QINGHUA DAXUE XUEBAO/JOURNAL OF TSINGHUA UNIVERSITY,1000-0054,true,,
QUADERNI COSTITUZIONALI,1973-8188;0392-6664,true,,
QUANTUM REPORTS,2624-960X,true,,
QUARTERLY REVIEW OF FILM AND VIDEO,1050-9208,true,,
QUATERNARY AND ENVIRONMENTAL GEOSCIENCES,2176-6142,true,,
QUATERNARY SCIENCE ADVANCES,2666-0334,false,2024-07-11,removed from the White List
QUEESTE,2667-1689;0929-8592,true,,
QUEUE,1542-7749;1542-7730,true,,
QUINTO SOL,1851-2879;0329-2665,true,,
R-ECONOMY,2412-0731,true,,
RAPTOR JOURNAL,2644-5247,true,,
RASSEGNA ITALIANA DI CRIMINOLOGIA,2240-8053;1121-1717,true,,
REC: INTERVENTIONAL CARDIOLOGY,2604-7322;2604-7306,true,,
RECENT ADVANCES IN ANTI-INFECTIVE DRUG DISCOVERY,2772-4352;2772-4344,true,,
RECENT ADVANCES IN DRUG DELIVERY AND FORMULATION,2667-3886;2667-3878,true,,
RECENT PATENTS ON BIOTECHNOLOGY,1872-2083,true,,
RECENT RESULTS IN CANCER RESEARCH,0080-0015,true,,
REFERENCE LIBRARIAN,0276-3877,true,,
REFLECTIONS,2651-1479;1513-5934,true,,
REGION,2409-5370,true,,
REGIONAL RESEARCH OF RUSSIA,2079-9713;2079-9705,true,,
REGIONAL SCIENCE INQUIRY,1791-7735;1791-5961,true,,
REGIONAL SUSTAINABILITY,2666-660X,true,,
RELATIONS. BEYOND ANTHROPOCENTRISM,2283-3196;2280-9643,true,,
RELIGIONSVIDENSKABELIGT TIDSSKRIFT,1904-8181;0108-1993,true,,
RELIGIOVEDENIE|РЕЛИГИОВЕДЕНИЕ,2712-7575;2072-8662,true,,
RENAISSANCE DRAMA,0486-3739,true,,
REORIENT,2055-561X;2055-5601,true,,
REPRESENTATION,1749-4001;0034-4893,true,,
RESEARCH DATA JOURNAL FOR THE HUMANITIES AND SOCIAL SCIENCES,2452-3666,true,,
RESEARCH IN LANGUAGE,2083-4616;1731-7533,true,,
RESEARCH OF ENVIRONMENTAL SCIENCES,1001-6929,true,,
RESEARCH RESULTS IN BIOMEDICINE|НАУЧНЫЕ РЕЗУЛЬТАТЫ БИОМЕДИЦИНСКИХ ИССЛЕДОВАНИЙ,2658-6533,true,,
RESEAUX,1777-5809;0751-7971,true,,
"RESOURCES, ENVIRONMENT AND SUSTAINABILITY",2666-9161,false,2024-07-11,removed from the White List
RESPECTUS PHILOLOGICUS,2335-2388;1392-8295,true,,
RETINAL CASES AND BRIEF REPORTS,1937-1578;1935-1089,true,,
REVIEW OF COMMUNICATION,1535-8593,true,,
REVIEW OF ECONOMICS,2366-035X;0948-5139,true,,
REVIEW OF INTERNATIONAL AMERICAN STUDIES,1991-2773,true,,
REVIEWS IN AGRICULTURAL SCIENCE,2187-090X,true,,
REVISTA AMBIENTE E AGUA,1980-993X,true,,
REVISTA ARTA,2537-6136;2345-1181,true,,
REVISTA BRASILEIRA DE CRESCIMENTO E DESENVOLVIMENTO HUMANO,0104-1282,true,,
REVISTA BRASILEIRA DE EPIDEMIOLOGIA,1415-790X,true,,
REVISTA BRASILEIRA DE LINGUISTICA APLICADA,1984-6398;1676-0786,true,,
THE CRITICAL CARE SCIENCE,2965-2774,true,,
REVISTA COLOMBIANA DE ANTROPOLOGIA,0486-6525,true,,
REVISTA COLOMBIANA DE PSICOLOGIA,0121-5469,true,,
REVISTA DE ANTROPOLOGIA,1678-9857;0034-7701,true,,
REVISTA DE CERCETARE SI INTERVENTIE SOCIALA,1584-5397;1583-3410,true,,
REVISTA DE DEMOGRAFIA HISTORICA,1696-702X,true,,
"REVISTA DE DIREITO, ESTADO E TELECOMUNICACOES",1984-8161;1984-9729,true,,
REVISTA DE ECONOMIA E SOCIOLOGIA RURAL,0103-2003,true,,
REVISTA DE FILOLOGIA ROMANICA,1988-2815;0212-999X,true,,
REVISTA DE HISTORIA (CHILE),0717-8832;0716-9108,true,,
"REVISTA DE LOGOPEDIA, FONIATRIA Y AUDIOLOGIA",0214-4603,true,,
"REVISTA DEL MUSEO ARGENTINO DE CIENCIAS NATURALES, NUEVA SERIE",1514-5158,true,,
REVISTA DO COLEGIO BRASILEIRO DE CIRURGIOES,0100-6991,true,,
REVISTA ESPANOLA DE FILOSOFIA MEDIEVAL,2530-7878;1133-0902,true,,
REVISTA FACULTAD NACIONAL DE AGRONOMIA MEDELLIN,2248-7026;0304-2847,true,,
REVISTA LETRAL,1989-3302,true,,
REVISTA PERUANA DE MEDICINA EXPERIMENTAL Y SALUD PUBLICA,1726-4642;1726-4634,true,,
REVUE BENEDICTINE,0035-0893,true,,
REVUE D'ASSYRIOLOGIE ET D'ARCHEOLOGIE ORIENTALE,0373-6032,true,,
REVUE D'HISTOIRE DES SCIENCES HUMAINES,1622-468X,true,,
REVUE D'HISTOIRE DES TEXTES,0373-6075,true,,
REVUE DE PALEOBIOLOGIE,0253-6730,true,,
REVUE DE PHILOSOPHIE ANCIENNE,0771-5420,true,,
REVUE DE QUMRAN,0035-1725,true,,
REVUE FRANCAISE DE PEDAGOGIE,0556-7807,true,,
REVUE FRANCAISE DE SCIENCE POLITIQUE,1950-6686;0035-2950,true,,
REVUS,1581-7652,true,,
"RIBARSTVO, CROATIAN JOURNAL OF FISHERIES",1848-0586;1330-061X,true,,
RILEM TECHNICAL LETTERS,2518-0231,true,,
RIVISTA ITALIANA DI POLITICHE PUBBLICHE,1722-1137,true,,
RMLE ONLINE,1940-4476,true,,
ROCZNIKI FILOZOFICZNE,2450-002X;0035-7685,true,,
ROCZNIKI PANSTWOWEGO ZAKLADU HIGIENY,0035-7715,true,,
RODRIGUESIA,2175-7860;0370-6583,true,,
ROSSIJSKIJ OSTEOPATICESKIJ ZURNAL|РОССИЙСКИЙ ОСТЕОПАТИЧЕСКИЙ ЖУРНАЛ,2220-0975,true,,
ROSSIJSKIJ PSIHIATRICESKIJ ZURNAL|РОССИЙСКИЙ ПСИХИАТРИЧЕСКИЙ ЖУРНАЛ,1560-957X,true,,
ROUND TABLE,0035-8533,true,,
RUSSIA IN GLOBAL AFFAIRS|РОССИЯ В ГЛОБАЛЬНОЙ ПОЛИТИКЕ,1810-6447;1810-6439;2618-9844;1810-6374,true,,
RUSSIAN ELECTRICAL ENGINEERING,1068-3712,true,,
RUSSIAN JOURNAL OF BIOMECHANICS|РОССИЙСКИЙ ЖУРНАЛ БИОМЕХАНИКИ,2410-065X;1812-5123;2409-6601;2410-0609,true,,
RUSSIAN JOURNAL OF CLINICAL OPHTHALMOLOGY|РМЖ. КЛИНИЧЕСКАЯ ОФТАЛЬМОЛОГИЯ,2619-1571;2311-7729,true,,
RUSSIAN JOURNAL OF COMMUNICATION,1940-9427;1940-9419,true,,
RUSSIAN JOURNAL OF EVIDENCE-BASED GASTROENTEROLOGY|ДОКАЗАТЕЛЬНАЯ ГАСТРОЭНТЕРОЛОГИЯ,2309-1363;2305-2260,true,,
RUSSIAN JOURNAL OF FORENSIC MEDICINE|СУДЕБНАЯ МЕДИЦИНА,2411-8729;2409-4161,true,,
RUSSIAN JOURNAL OF NONLINEAR DYNAMICS,2658-5324;2658-5316,true,,
RUSSIAN JOURNAL OF PEDIATRIC HEMATOLOGY AND ONCOLOGY|РОССИЙСКИЙ ЖУРНАЛ ДЕТСКОЙ ГЕМАТОЛОГИИ И ОНКОЛОГИИ,2413-5496;2311-1267,true,,
RUSSIAN LANGUAGE STUDIES|РУСИСТИКА,2618-8171;2618-8163,true,,
RUSSIAN MICROELECTRONICS,1608-3415;1063-7397,true,,
RUSSIAN NEUROLOGICAL JOURNAL|РОССИЙСКИЙ НЕВРОЛОГИЧЕСКИЙ ЖУРНАЛ,2686-7192;2658-7947,true,,
RUSSIAN PEASANT STUDIES|КРЕСТЬЯНОВЕДЕНИЕ,2500-1809,true,,
RUSSIAN PSYCHOLOGICAL JOURNAL|РОССИЙСКИЙ ПСИХОЛОГИЧЕСКИЙ ЖУРНАЛ,2411-5789;1812-1853,true,,
RUSSKII ZHUNAL DETSKOI NEVROLOGII|РУССКИЙ ЖУРНАЛ ДЕТСКОЙ НЕВРОЛОГИИ,2412-9178;2073-8803,true,,
RUTHENICA|RUTHENICA: РУССКИЙ МАЛАКОЛОГИЧЕСКИЙ ЖУРНАЛ,2307-7336;0136-0027,true,,
SAINS TANAH,2356-1424;1412-3606,true,,
SANTANDER ART AND CULTURE LAW REVIEW,2450-050X;2391-7997,true,,
SARCOMA,1369-1643;1357-714X,true,,
SCHOLARLY ASSESSMENT REPORTS,2689-5870,true,,
SCHWEIZERISCHE ZEITSCHRIFT FUR SOZIOLOGIE/REVUE SUISSE DE SOCIOLOGIE,0379-3664,true,,
SCIENCE AND TECHNOLOGY LIBRARIES,1541-1109;0194-262X,true,,
FRONTIER MATERIALS AND TECHNOLOGIES,2782-6074;2782-4039,true,,
SCIENTIA AGRICULTURA SINICA,0578-1752,true,,
"SCIENTIFIC AND TECHNICAL JOURNAL OF INFORMATION TECHNOLOGIES, MECHANICS AND OPTICS|НАУЧНО-ТЕХНИЧЕСКИЙ ВЕСТНИК ИНФОРМАЦИОННЫХ ТЕХНОЛОГИЙ, МЕХАНИКИ И ОПТИКИ",2500-0373;2226-1494,true,,
SERVICES MARKETING QUARTERLY,1533-2977;1533-2969,true,,
SEVER I RYNOK: FORMIROVANIE EKONOMICESKOGO PORADKA|СЕВЕР И РЫНОК: ФОРМИРОВАНИЕ ЭКОНОМИЧЕСКОГО ПОРЯДКА,2220-802X,true,,
SHAKESPEARE STUDIES,0582-9399,true,,
SHEDET,2536-9954;2356-8704,true,,
SHIYOU DIQIU WULI KANTAN/OIL GEOPHYSICAL PROSPECTING,1000-7210,true,,
SHIYOU XUEBAO/ACTA PETROLEI SINICA,0253-2697,true,,
SHORT FICTION IN THEORY AND PRACTICE,2043-071X;2043-0701,true,,
SHOULDER AND ELBOW,1758-5740;1758-5732,true,,
SHUIKEXUE JINZHAN/ADVANCES IN WATER SCIENCE,1001-6791,true,,
SIBERIAN ADVANCES IN MATHEMATICS,1934-8126;1055-1344,true,,
SIBERIAN JOURNAL OF LIFE SCIENCES AND AGRICULTURE,2658-6657;2658-6649,true,,
SIBERIAN MEDICAL REVIEW|СИБИРСКОЕ МЕДИЦИНСКОЕ ОБОЗРЕНИЕ,2500-0136;1819-9496,true,,
SIGLO CERO,0210-1696,true,,
SISTEMI INTELLIGENTI,1120-9550,true,,
SKLIFOSOVSKY JOURNAL EMERGENCY MEDICAL CARE|ЖУРНАЛ ИМ. Н.В. СКЛИФОСОВСКОГО НЕОТЛОЖНАЯ МЕДИЦИНСКАЯ ПОМОЩЬ,2541-8017;2223-9022,true,,
FINNISH JOURNAL OF LINGUISTICS,2814-4376,true,,
SLEEP AND HYPNOSIS,1302-1192,true,,
SLEEP MEDICINE: X,2590-1427,false,2024-07-11,removed from the White List
SLOVAK JOURNAL OF POLITICAL SCIENCES,1335-9096,true,,
SLOVENSKA REC,0037-6981,true,,
SLOVENSKE DIVADLO,1336-8605;0037-699X,true,,
SLOVENSKI JEZIK,1581-1271;1408-2616,true,,
SMAI JOURNAL OF COMPUTATIONAL MATHEMATICS,2426-8399,true,,
SMART AGRICULTURE,2096-8094,true,,
SMART ENERGY,2666-9552,false,2024-07-11,removed from the White List
SMART MATERIALS IN MEDICINE,2590-1834,true,,
SOCIAL SCIENCE FORUM,0352-3608,true,,
SOCIAL SECURITY BULLETIN,0037-7910,true,,
SOCIAL WORK WITH GROUPS,1540-9481;0160-9513,true,,
SOCIALNI PRACE,1805-885X;1213-6204,true,,
SOCIETY AND CULTURE IN SOUTH ASIA,2394-9872;2393-8617,true,,
SOCIETY AND ECONOMY,1588-9726;1588-970X,true,,
SOCIOLOGIA E ANTROPOLOGIA,2236-7527;2238-3875,true,,
SOCIOLOGICAL FOCUS,0038-0237,true,,
SOLOV'EVSKIE ISSLEDOVANIA|СОЛОВЬЕВСКИЕ ИССЛЕДОВАНИЯ,2076-9210,true,,
SOUTH ASIA ECONOMIC JOURNAL,1391-5614,true,,
SOUTH ASIAN REVIEW,2573-9476;0275-9527,true,,
SOUTHERN AFRICAN JOURNAL OF SOCIAL WORK AND SOCIAL DEVELOPMENT,2520-0097;2708-9355,true,,
SPAFA JOURNAL,2586-8721;0858-1975,true,,
SPORT SCIENCE,1840-3670;1840-3662,true,,
STAPP CAR CRASH JOURNAL,1532-8546,true,,
STARINAR,2406-0739;0350-0241,true,,
STASIS,2500-0721;2310-3817,true,,
"STATISTICS, OPTIMIZATION AND INFORMATION COMPUTING",2311-004X;2310-5070,true,,
STATO E MERCATO,0392-9701,true,,
STOCHASTICS AND QUALITY CONTROL,2367-2404;2367-2390,true,,
STOMATOLOGIJA / ISSUED BY PUBLIC INSTITUTION 'ODONTOLOGIJOS STUDIJA' ... [ET AL.].,1392-8589,true,,
STRATEGY AND LEADERSHIP,1087-8572,true,,
STRED,1803-9243,true,,
STRING RESEARCH JOURNAL,2164-0661;1948-4992,true,,
STROJNICKY CASOPIS,2450-5471;0039-2472,true,,
STUDIA ANTIQUA ET ARCHAEOLOGICA,1224-2284,true,,
STUDIA GILSONIANA,2577-0314;2300-0066,true,,
STUDIA HISTORICA NITRIENSIA,1338-7219,true,,
STUDIA LINGUISTICA UNIVERSITATIS IAGELLONICAE CRACOVIENSIS,1897-1059,true,,
STUDIA ORIENTALIA SLOVACA,1336-3786,true,,
STUDIA POLIANA,1139-6660;2387-1830,true,,
STUDIES ABOUT LANGUAGES,2029-7203;1648-2824,true,,
STUDIES IN AFRICAN LANGUAGES AND CULTURES,2545-2134,true,,
STUDIES IN AFRICAN LINGUISTICS,2154-428X;0039-3533,true,,
STUDIES IN POLISH LINGUISTICS,2300-5920;1732-8160,true,,
STUDIES IN POLITICAL ECONOMY,0707-8552,true,,
STUDIES IN TRAVEL WRITING,1364-5145,true,,
STUDIES OF TRANSITION STATES AND SOCIETIES,1736-8758;1736-874X,true,,
STUDIES ON ETHNO - MEDICINE,0973-5070,true,,
STUDIES ON RUSSIAN ECONOMIC DEVELOPMENT,1075-7007,true,,
STUDII DE PREISTORIE,2065-2534;2065-2526,true,,
SULTAN QABOOS UNIVERSITY MEDICAL JOURNAL,2075-0528;2075-051X,true,,
SUPERCOMPUTING FRONTIERS AND INNOVATIONS,2409-6008;2313-8734,true,,
SUSTAINABLE DEVELOPMENT OF MOUNTAIN TERRITORIES|УСТОЙЧИВОЕ РАЗВИТИЕ ГОРНЫХ ТЕРРИТОРИЙ,2499-975X;1998-4502,true,,
SYMPOSION,2392-6260;1584-174X,true,,
SYNCHROTRON RADIATION NEWS,0894-0886,true,,
SYNERGIES EUROPE,2260-653X;1951-6088,true,,
SYNERGY,2213-7130,true,,
TANZANIA JOURNAL OF HEALTH RESEARCH,1821-9241;1821-6404,true,,
"TAPUYA: LATIN AMERICAN SCIENCE, TECHNOLOGY AND SOCIETY",2572-9861,true,,
TECHNICAL INNOVATIONS AND PATIENT SUPPORT IN RADIATION ONCOLOGY,2405-6324,false,2024-07-11,removed from the White List
TEFLIN JOURNAL,2356-2641;0215-773X,true,,
TELKOMNIKA (TELECOMMUNICATION COMPUTING ELECTRONICS AND CONTROL),2302-9293;1693-6930,true,,
TEORIA TA METODIKA FIZICNOGO VIHOVANNA,1993-7997;1993-7989,true,,
TERRA SEBVS,2066-9143,true,,
TESL - EJ,1072-4303,true,,
TEXTO E CONTEXTO ENFERMAGEM,0104-0707,true,,
THE AMERICAN JOURNAL OF JURISPRUDENCE,0065-8995,true,,
THE IOWA ORTHOPAEDIC JOURNAL,1541-5457,true,,
THE JOURNAL OF AYN RAND STUDIES,1526-1018,true,,
THE PERMANENTE JOURNAL,1552-5775;1552-5767,true,,
THE SCIENTIFIC WORLD JOURNAL,1537-744X,true,,
THEATRE AND PERFORMANCE DESIGN,2332-2578;2332-2551,true,,
THEOLOGICA,2593-0265,true,,
THEORETICAL AND EMPIRICAL RESEARCHES IN URBAN MANAGEMENT,2065-3921;2065-3913,true,,
THEORY AND PRACTICE OF SECOND LANGUAGE ACQUISITION,2451-2125;2450-5455,true,,
THERYA,2007-3364,true,,
TIANRANQI GONGYE/NATURAL GAS INDUSTRY,1000-0976,true,,
TOPICS IN ANTIVIRAL MEDICINE,2161-5853,true,,
TOPICS IN MAGNETIC RESONANCE IMAGING,0899-3459,true,,
"TRAINING, LANGUAGE AND CULTURE",2521-442X;2520-2073,true,,
TRANSACTIONS OF THE MOSCOW MATHEMATICAL SOCIETY,1547-738X;0077-1554,true,,
TRANSACTIONS OF THE ROYAL SOCIETY OF SOUTH AFRICA,0035-919X,true,,
TRANSACTIONS ON TRANSPORT SCIENCES,1802-971X;1802-9876,true,,
TRANSLATIONAL MEDICINE OF AGING,2468-5011,true,,
TRANSLATIONAL RESEARCH IN ANATOMY,2214-854X,false,2024-07-11,removed from the White List
TRANSNATIONAL LEGAL THEORY,2041-4013;2041-4005,true,,
TRANSPLANTOLOGIYA. THE RUSSIAN JOURNAL OF TRANSPLANTATION|ТРАНСПЛАНТОЛОГИЯ,2542-0909;2074-0506,true,,
TRANSPORTATION ENGINEERING,2666-691X,false,2024-07-11,removed from the White List
TRIBOLOGY IN INDUSTRY,0354-8996,true,,
"TROMBOZ, GEMOSTAZ I REOLOGIYA|ТРОМБОЗ, ГЕМОСТАЗ И РЕОЛОГИЯ",2687-1483;2078-1008,true,,
TROPICAL NATURAL HISTORY,1513-9700,true,,
TUMU YU HUANJING GONGCHENG XUEBAO/JOURNAL OF CIVIL AND ENVIRONMENTAL ENGINEERING,2096-6717,true,,
TURKISH COMPUTATIONAL AND THEORETICAL CHEMISTRY,2602-3237;2587-1722,true,,
U.S. GEOLOGICAL SURVEY TECHNIQUES AND METHODS,2328-7055;2328-7047,true,,
ULTIMATE REALITY AND MEANING,0709-549X,true,,
UNITY AND DIALOGUE,2385-8907;2335-4127,true,,
UNIVERSITAS SCIENTIARUM,0122-7483,true,,
UNTERRICHTSWISSENSCHAFT,2520-873X;0340-4099,true,,
URAL MATHEMATICAL JOURNAL,2414-3952,true,,
USDA FOREST SERVICE - GENERAL TECHNICAL REPORT RMRS - GTR,0277-5786,true,,
USPEHI MOLEKULARNOJ ONKOLOGII|УСПЕХИ МОЛЕКУЛЯРНОЙ ОНКОЛОГИИ,2413-3787;2313-805X,true,,
VARIA HISTORIA,1982-4343;0104-8775,true,,
VERBUM VITAE,2451-280X;1644-8561,true,,
"VESTNIK ARCHEOLOGII, ANTROPOLOGII I ETNOGRAFII|ВЕСТНИК АРХЕОЛОГИИ, АНТРОПОЛОГИИ И ЭТНОГРАФИИ",2071-0437;1811-7465,true,,
VESTNIK SANKT-PETERBURGSKOGO UNIVERSITETA VOSTOKOVEDENIE I AFRIKANISTIKA|ВЕСТНИК САНКТ-ПЕТЕРБУРГСКОГО УНИВЕРСИТЕТА. ВОСТОКОВЕДЕНИЕ И АФРИКАНИСТИКА,2587-5892;2074-1227,true,,
VETERINARY CLINICS OF NORTH AMERICA - EXOTIC ANIMAL PRACTICE,1094-9194,true,,
VIBRANT VIRTUAL BRAZILIAN ANTHROPOLOGY,1809-4341,true,,
VICTORIAN POPULAR FICTIONS,2632-4253,true,,
VIKALPA,2395-3799;0256-0909,true,,
VIRITTAJA,0042-6806,true,,
VIRTUAL REALITY AND INTELLIGENT HARDWARE,2666-1209;2096-5796,true,,
VIRUSDISEASE,2347-3584;2347-3517,true,,
VLADIKAVKAZ MATHEMATICAL JOURNAL|ВЛАДИКАВКАЗСКИЙ МАТЕМАТИЧЕСКИЙ ЖУРНАЛ,1814-0807;1683-3414,true,,
VOLCANICA,2610-3540,true,,
VOLUMINA JURASSICA,1896-7876,true,,
VOPROSY DETSKOI DIETOLOGII|ВОПРОСЫ ДЕТСКОЙ ДИЕТОЛОГИИ,2414-9519;1727-5784,true,,
VOPROSY PRAKTICHESKOI PEDIATRII|ВОПРОСЫ ПРАКТИЧЕСКОЙ ПЕДИАТРИИ,2414-9705;1817-7646,true,,
VOX ROMANICA,0042-899X,true,,
WADER STUDY,2058-8410,true,,
WASTE DISPOSAL AND SUSTAINABLE ENERGY,2524-7980;2524-7891,true,,
WATER CYCLE,2666-4453,true,,
WATER SCIENCE,2357-0008;1110-4929,true,,
WEBBIA,0083-7792,true,,
WIADOMOSCI KONSERWATORSKIE,2544-8870;0860-2395,true,,
WIENER STUDIEN,1813-3924;0084-005X,true,,
WISCONSIN MEDICAL JOURNAL,1098-1861,true,,
WOMAN IN RUSSIAN SOCIETY|ЖЕНЩИНА В РОССИЙСКОМ ОБЩЕСТВЕ,2500-221X;1992-2892,true,,
WOMEN IN SPORT AND PHYSICAL ACTIVITY JOURNAL,1938-1581;1063-6161,true,,
"WORK ORGANISATION, LABOUR AND GLOBALISATION",1745-6428;1745-641X,true,,
WORLD ACADEMY OF SCIENCES JOURNAL,2632-2919;2632-2900,true,,
WORLD AFFAIRS,1940-1582;0043-8200,true,,
WORLD OF MEDIA,2686-8016;2307-1605,true,,
WORLD REVIEW OF INTERMODAL TRANSPORTATION RESEARCH,1749-4737;1749-4729,true,,
"WORLD REVIEW OF SCIENCE, TECHNOLOGY AND SUSTAINABLE DEVELOPMENT",1741-2242;1741-2234,true,,
WORLD TRANSACTIONS ON ENGINEERING AND TECHNOLOGY EDUCATION,1446-2257,true,,
WSEAS TRANSACTIONS ON BUSINESS AND ECONOMICS,1109-9526,true,,
WUHAN DAXUE XUEBAO (XINXI KEXUE BAN)/GEOMATICS AND INFORMATION SCIENCE OF WUHAN UNIVERSITY,1671-8860,true,,
XI'AN JIANZHU KEJI DAXUE XUEBAO/JOURNAL OF XI'AN UNIVERSITY OF ARCHITECTURE & TECHNOLOGY,1006-7930,true,,
XITONG GONGCHENG LILUN YU SHIJIAN/SYSTEM ENGINEERING THEORY AND PRACTICE,1000-6788,true,,
YANSHILIXUE YU GONGCHENG XUEBAO/CHINESE JOURNAL OF ROCK MECHANICS AND ENGINEERING,1000-6915,true,,
YANTU GONGCHENG XUEBAO/CHINESE JOURNAL OF GEOTECHNICAL ENGINEERING,1000-4548,true,,
YUGOSLAV JOURNAL OF OPERATIONS RESEARCH,0354-0243,true,,
ZEITSCHRIFT FUR ANGEWANDTE LINGUISTIK,2190-0191;1433-9889,true,,
ZEITSCHRIFT FUR RELIGIONSWISSENSCHAFT,0943-8610,true,,
ZEITSCHRIFT FUR UNTERNEHMENSGESCHICHTE,2367-2293;0342-2852,true,,
ZHEJIANG DA XUE XUE BAO. YI XUE BAN = JOURNAL OF ZHEJIANG UNIVERSITY. MEDICAL SCIENCES,1008-9292,true,,
ZHONGGUO DIANJI GONGCHENG XUEBAO/PROCEEDINGS OF THE CHINESE SOCIETY OF ELECTRICAL ENGINEERING,0258-8013,true,,
ZHONGGUO GONGLU XUEBAO/CHINA JOURNAL OF HIGHWAY AND TRANSPORT,1001-7372,true,,
ZHONGGUO KEXUE JISHU KEXUE/SCIENTIA SINICA TECHNOLOGICA,2095-946X;1674-7259,true,,
ZHONGGUO ZAOZHI XUEBAO/TRANSACTIONS OF CHINA PULP AND PAPER,1000-6842,true,,
ZIDONGHUA XUEBAO/ACTA AUTOMATICA SINICA,0254-4156,true,,
ZOODIVERSITY,2707-7268;2707-725X,true,,
ZOOLOGY AND ECOLOGY,2165-8013;2165-8005,true,,
ACADEMIA. АРХИТЕКТУРА И СТРОИТЕЛЬСТВО,2077-9038,true,,
ARS ADMINISTRANDI. ИСКУССТВО УПРАВЛЕНИЯ,2218-9173,true,,
CONSTRUCTION AND GEOTECHNICS,2687-0908;2687-0894,true,,
АВИАЦИОННЫЕ МАТЕРИАЛЫ И ТЕХНОЛОГИИ,2713-0193;2071-9140,true,,
AVTOMETRIYA|АВТОМЕТРИЯ,0320-7102,true,,
АГРАРНАЯ НАУКА,2686-701X;0869-8155,true,,
АГРАРНЫЙ НАУЧНЫЙ ЖУРНАЛ,2587-9944;2313-8432,true,,
АГРОФИЗИКА,2222-0666,true,,
АКТУАЛЬНЫЕ ПРОБЛЕМЫ ЕВРОПЫ,0235-5620,true,,
АЛГЕБРА И ЛОГИКА,0373-9252,true,,
АННАЛЫ АРИТМОЛОГИИ,2307-6313;1814-6791,true,,
АНТИНОМИИ,2686-925X;2686-7206,true,,
АРИДНЫЕ ЭКОСИСТЕМЫ,1993-3916,true,,
АРКТИКА И СЕВЕР,2221-2698,true,,
АТЕРОСКЛЕРОЗ И ДИСЛИПИДЕМИИ,2409-2355;2219-8202,true,,
БИОМЕДИЦИНА,2074-5982,true,,
БИОМЕДИЦИНСКАЯ РАДИОЭЛЕКТРОНИКА,1560-4136,true,,
"БИОПРЕПАРАТЫ. ПРОФИЛАКТИКА, ДИАГНОСТИКА, ЛЕЧЕНИЕ",2619-1156;2221-996X,true,,
БИОСФЕРА,2077-1460;2077-1371,true,,
БЮЛЛЕТЕНЬ ФИЗИОЛОГИИ И ПАТОЛОГИИ ДЫХАНИЯ,1998-5029,true,,
РЕГУЛЯТОРНЫЕ ИССЛЕДОВАНИЯ И ЭКСПЕРТИЗА ЛЕКАРСТВЕННЫХ СРЕДСТВ,3034-3453;3034-3062,true,,
ВЕСТНИК АСТРАХАНСКОГО ГОСУДАРСТВЕННОГО ТЕХНИЧЕСКОГО УНИВЕРСИТЕТА. СЕРИЯ: РЫБНОЕ ХОЗЯЙСТВО,2309-978X;2073-5529,true,,
ВЕСТНИК ВОЛГОГРАДСКОГО ГОСУДАРСТВЕННОГО МЕДИЦИНСКОГО УНИВЕРСИТЕТА,1994-9499;1994-9480,true,,
ВЕСТНИК ВОРОНЕЖСКОГО ГОСУДАРСТВЕННОГО АГРАРНОГО УНИВЕРСИТЕТА,2071-2243,true,,
ВЕСТНИК ВОРОНЕЖСКОГО ГОСУДАРСТВЕННОГО УНИВЕРСИТЕТА. СЕРИЯ: ГЕОГРАФИЯ. ГЕОЭКОЛОГИЯ,1609-0683,true,,
ВЕСТНИК ВОРОНЕЖСКОГО ГОСУДАРСТВЕННОГО УНИВЕРСИТЕТА. СЕРИЯ: ГЕОЛОГИЯ,1609-0691,true,,
ВЕСТНИК ГРАЖДАНСКОГО ПРАВА,1992-2043,true,,
ВЕСТНИК КАЗАНСКОГО ГОСУДАРСТВЕННОГО АГРАРНОГО УНИВЕРСИТЕТА,2073-0462,true,,
ВЕСТНИК МАГНИТОГОРСКОГО ГОСУДАРСТВЕННОГО ТЕХНИЧЕСКОГО УНИВЕРСИТЕТА ИМ. Г.И. НОСОВА,2412-9003;1995-2732,true,,
ВЕСТНИК МОСКОВСКОГО АВИАЦИОННОГО ИНСТИТУТА,0869-6101,true,,
ВЕСТНИК МОСКОВСКОГО ГОСУДАРСТВЕННОГО ТЕХНИЧЕСКОГО УНИВЕРСИТЕТА ИМ. Н.Э. БАУМАНА. СЕРИЯ МАШИНОСТРОЕНИЕ,2413-6247;0236-3941,true,,
VESTNIK MOSKOVSKOGO UNIVERSITETA. SER. 1 MATEMATIKA MEKHANIKA|ВЕСТНИК МОСКОВСКОГО УНИВЕРСИТЕТА. СЕРИЯ 1: МАТЕМАТИКА. МЕХАНИКА,0579-9368,true,,
ВЕСТНИК МОСКОВСКОГО УНИВЕРСИТЕТА. СЕРИЯ 12: ПОЛИТИЧЕСКИЕ НАУКИ,0868-4871,true,,
VESTNIK MOSKOVSKOGO UNIVERSITETA SERIYA 2 KHIMIYA|ВЕСТНИК МОСКОВСКОГО УНИВЕРСИТЕТА. СЕРИЯ 2: ХИМИЯ,1728-2101;0579-9384,true,,
VESTNIK MOSKOVSKOGO UNIVERSITA. SER. 3 FIZIKA ASTRONOMIYA|ВЕСТНИК МОСКОВСКОГО УНИВЕРСИТЕТА. СЕРИЯ 3: ФИЗИКА. АСТРОНОМИЯ,0579-9392,true,,
"VESTNIK-MOSKVOSKOGO UNIVERSITETA, SERIYA GEOLOGIYA|ВЕСТНИК МОСКОВСКОГО УНИВЕРСИТЕТА. СЕРИЯ 4: ГЕОЛОГИЯ",0579-9406,true,,
ВЕСТНИК МОСКОВСКОГО УНИВЕРСИТЕТА. СЕРИЯ 9: ФИЛОЛОГИЯ,0130-0075,true,,
ВЕСТНИК НАЦИОНАЛЬНОГО МЕДИКО-ХИРУРГИЧЕСКОГО ЦЕНТРА ИМ. Н.И. ПИРОГОВА,2782-3628;2072-8255,true,,
ВЕСТНИК УНИВЕРСИТЕТА БИОТЕХНОЛОГИЙ,3033-8433,true,,
"ВЕСТНИК НЕВРОЛОГИИ, ПСИХИАТРИИ И НЕЙРОХИРУРГИИ",2074-6822,true,,
ВЕСТНИК ОМСКОГО УНИВЕРСИТЕТА. СЕРИЯ: ИСТОРИЧЕСКИЕ НАУКИ,2312-1300,true,,
ВЕСТНИК ПЕРМСКОГО УНИВЕРСИТЕТА. ПОЛИТОЛОГИЯ,2218-1067,true,,
ВЕСТНИК ПРАВОСЛАВНОГО СВЯТО-ТИХОНОВСКОГО ГУМАНИТАРНОГО УНИВЕРСИТЕТА. СЕРИЯ 2: ИСТОРИЯ. ИСТОРИЯ РУССКОЙ ПРАВОСЛАВНОЙ ЦЕРКВИ,2409-4811;1991-6434,true,,
ВЕСТНИК ПРАВОСЛАВНОГО СВЯТО-ТИХОНОВСКОГО ГУМАНИТАРНОГО УНИВЕРСИТЕТА. СЕРИЯ 3: ФИЛОЛОГИЯ,2409-4897;1991-6485,true,,
VESTNIK RENTGENOLOGII I RADIOLOGII|ВЕСТНИК РЕНТГЕНОЛОГИИ И РАДИОЛОГИИ,2619-0478;0042-4676,true,,
ВЕСТНИК РОССИЙСКОГО УНИВЕРСИТЕТА ДРУЖБЫ НАРОДОВ. СЕРИЯ: АГРОНОМИЯ И ЖИВОТНОВОДСТВО,2312-7988;2312-797X,true,,
ВЕСТНИК РОССИЙСКОГО ФОНДА ФУНДАМЕНТАЛЬНЫХ ИССЛЕДОВАНИЙ. ГУМАНИТАРНЫЕ И ОБЩЕСТВЕННЫЕ НАУКИ,2587-8956;2587-6090,true,,
"ВЕСТНИК САМАРСКОГО УНИВЕРСИТЕТА. АЭРОКОСМИЧЕСКАЯ ТЕХНИКА, ТЕХНОЛОГИИ И МАШИНОСТРОЕНИЕ",2542-0453;2541-7533,true,,
VESTNIK SANKT-PETERBURGSKOGO UNIVERSITETA. SER 1. MATEMATIKA MEKHANIKA ASTRONOMIYA|ВЕСТНИК САНКТ-ПЕТЕРБУРГСКОГО УНИВЕРСИТЕТА. МАТЕМАТИКА. МЕХАНИКА. АСТРОНОМИЯ,2587-5884;1025-3106,true,,
ВЕСТНИК САНКТ-ПЕТЕРБУРГСКОГО УНИВЕРСИТЕТА. МЕДИЦИНА,2587-5876;1818-2909,true,,
ВЕСТНИК САНКТ-ПЕТЕРБУРГСКОГО УНИВЕРСИТЕТА. МЕНЕДЖМЕНТ,2587-5868;1605-7953,true,,
ВЕСТНИК САНКТ-ПЕТЕРБУРГСКОГО УНИВЕРСИТЕТА. СОЦИОЛОГИЯ,2587-5809;2541-9374,true,,
ВЕСТНИК СГУГИТ (СИБИРСКОГО ГОСУДАРСТВЕННОГО УНИВЕРСИТЕТА ГЕОСИСТЕМ И ТЕХНОЛОГИЙ),2411-1759,true,,
ВЕСТНИК УЛЬЯНОВСКОЙ ГОСУДАРСТВЕННОЙ СЕЛЬСКОХОЗЯЙСТВЕННОЙ АКАДЕМИИ,1816-4501,true,,
ВЕСТНИК ЭКОНОМИЧЕСКОГО ПРАВОСУДИЯ РОССИЙСКОЙ ФЕДЕРАЦИИ,2500-2643,true,,
ВЕСТНИК ЮЖНО-УРАЛЬСКОГО ГОСУДАРСТВЕННОГО УНИВЕРСИТЕТА. СЕРИЯ: ЭНЕРГЕТИКА,2409-1057;1990-8512,true,,
ВЕТЕРИНАРИЯ КУБАНИ,2071-8020,true,,
ВЕТЕРИНАРИЯ СЕГОДНЯ,2658-6959;2304-196X,true,,
VOENNO-MEDITSINSKII ZHURNAL|ВОЕННО-МЕДИЦИНСКИЙ ЖУРНАЛ,0026-9050,true,,
"ВОПРОСЫ БИОЛОГИЧЕСКОЙ, МЕДИЦИНСКОЙ И ФАРМАЦЕВТИЧЕСКОЙ ХИМИИ",2587-7313;1560-9596,true,,
ВОПРОСЫ КИБЕРБЕЗОПАСНОСТИ,2311-3456,true,,
ВОПРОСЫ НАРКОЛОГИИ,0234-0623,true,,
ВСЕ О МЯСЕ,2071-2499,true,,
ВЫЧИСЛИТЕЛЬНЫЕ МЕТОДЫ И ПРОГРАММИРОВАНИЕ,0507-5386;1726-3522,true,,
ГЕОГРАФИЧЕСКИЙ ВЕСТНИК,2079-7877,true,,
"ГЕОЛОГИЯ, ГЕОФИЗИКА И РАЗРАБОТКА НЕФТЯНЫХ И ГАЗОВЫХ МЕСТОРОЖДЕНИЙ",2413-5011,true,,
ГЕОФИЗИЧЕСКИЕ ПРОЦЕССЫ И БИОСФЕРА,2311-9578;1811-0045,true,,
ДАЛЬНЕВОСТОЧНЫЙ МАТЕМАТИЧЕСКИЙ ЖУРНАЛ,1608-845X,true,,
ДЕТСКАЯ ХИРУРГИЯ,2412-0677;1560-9510,true,,
ДЕТСКИЕ ИНФЕКЦИИ,2618-8139;2072-8107,true,,
ДЕФОРМАЦИЯ И РАЗРУШЕНИЕ МАТЕРИАЛОВ,1814-4632,true,,
ДИСКРЕТНЫЙ АНАЛИЗ И ИССЛЕДОВАНИЕ ОПЕРАЦИЙ,2949-5598,true,,
ДИСКУРС - ПИ,1817-9568,true,,
ДОСТИЖЕНИЯ НАУКИ И ТЕХНИКИ АПК,0235-2451,true,,
ЖУРНАЛ СИБИРСКОГО ФЕДЕРАЛЬНОГО УНИВЕРСИТЕТА. СЕРИЯ: ТЕХНИКА И ТЕХНОЛОГИИ,2313-6057;1999-494X,true,,
ЗАКОН,0869-4400,true,,
ЗЕМЛЕДЕЛИЕ,0044-3913,true,,
ЗООТЕХНИЯ,0235-2478,true,,
ИЗВЕСТИЯ ВЫСШИХ УЧЕБНЫХ ЗАВЕДЕНИЙ РОССИИ. РАДИОЭЛЕКТРОНИКА,2658-4794;1993-8985,true,,
IZVESTIYA VYSSHIKH UCHEBNYKH ZAVEDENIJ. AVIATSIONNAYA TEKHNIKA|ИЗВЕСТИЯ ВЫСШИХ УЧЕБНЫХ ЗАВЕДЕНИЙ. АВИАЦИОННАЯ ТЕХНИКА,0579-2975,true,,
ИЗВЕСТИЯ ВЫСШИХ УЧЕБНЫХ ЗАВЕДЕНИЙ. МАТЕМАТИКА,2076-4626;0021-3446,true,,
ИЗВЕСТИЯ ВЫСШИХ УЧЕБНЫХ ЗАВЕДЕНИЙ. ПИЩЕВАЯ ТЕХНОЛОГИЯ,0579-3009,true,,
ИЗВЕСТИЯ ВЫСШИХ УЧЕБНЫХ ЗАВЕДЕНИЙ. СЕВЕРО-КАВКАЗСКИЙ РЕГИОН. СЕРИЯ: ЕСТЕСТВЕННЫЕ НАУКИ,1026-2237,true,,
ИЗВЕСТИЯ ВЫСШИХ УЧЕБНЫХ ЗАВЕДЕНИЙ. СТРОИТЕЛЬСТВО,0536-1052,true,,
ИЗВЕСТИЯ ВЫСШИХ УЧЕБНЫХ ЗАВЕДЕНИЙ. ФИЗИКА,0021-3411,true,,
IZVESTIYA VYSSHIKH UCHEBNYKH ZAVEDENIJ. TSVETNAYA METALLURGIYA|ИЗВЕСТИЯ ВЫСШИХ УЧЕБНЫХ ЗАВЕДЕНИЙ. ЦВЕТНАЯ МЕТАЛЛУРГИЯ,2412-8783;0021-3438,true,,
ИЗВЕСТИЯ ВЫСШИХ УЧЕБНЫХ ЗАВЕДЕНИЙ. ЭЛЕКТРОНИКА,2587-9960;1561-5405,true,,
ИЗВЕСТИЯ ИРКУТСКОГО ГОСУДАРСТВЕННОГО УНИВЕРСИТЕТА.СЕРИЯ: НАУКИ О ЗЕМЛЕ,2073-3402,true,,
ИЗВЕСТИЯ НИЖНЕВОЛЖСКОГО АГРОУНИВЕРСИТЕТСКОГО КОМПЛЕКСА: НАУКА И ВЫСШЕЕ ПРОФЕССИОНАЛЬНОЕ ОБРАЗОВАНИЕ,2071-9485,true,,
ИЗВЕСТИЯ САНКТ-ПЕТЕРБУРГСКОЙ ЛЕСОТЕХНИЧЕСКОЙ АКАДЕМИИ,2658-5871;2079-4304,true,,
ИЗМЕРИТЕЛЬНАЯ ТЕХНИКА,0368-1025,true,,
ИНЖЕНЕРНАЯ ГЕОЛОГИЯ,2587-8247;1993-5056,true,,
ИНФОРМАЦИОННОЕ ОБЩЕСТВО,1606-1330;1605-9921,true,,
ИНФОРМАЦИОННЫЕ ПРОЦЕССЫ,1819-5822,true,,
ИНЭОС OPEN,2658-5618,true,,
ИССЛЕДОВАНИЯ И ПРАКТИКА В МЕДИЦИНЕ,2410-1893;2409-2231,true,,
КЛЕТОЧНЫЕ ТЕХНОЛОГИИ В БИОЛОГИИ И МЕДИЦИНЕ,2413-4678;1814-3490,true,,
KLINICHESKAYA MEDITSINA|КЛИНИЧЕСКАЯ МЕДИЦИНА,2412-1339;0023-2149,true,,
CLINICAL DENTISTRY (RUSSIA)|КЛИНИЧЕСКАЯ СТОМАТОЛОГИЯ,2713-2846;1811-153X,true,,
КЛИНИЧЕСКАЯ ФАРМАКОЛОГИЯ И ТЕРАПИЯ,0869-5490,true,,
КЛИНИЧЕСКАЯ ФИЗИОЛОГИЯ КРОВООБРАЩЕНИЯ,2410-9134;1814-6910,true,,
КОНСТРУКЦИИ ИЗ КОМПОЗИЦИОННЫХ МАТЕРИАЛОВ,2073-2562,true,,
КОРМОПРОИЗВОДСТВО,1562-0417,true,,
ЛАЗЕРНАЯ МЕДИЦИНА,2686-8644;2071-8004,true,,
ЛЕЧЕБНОЕ ДЕЛО,2071-5315,true,,
МАТЕМАТИЧЕСКАЯ ТЕОРИЯ ИГР И ЕЕ ПРИЛОЖЕНИЯ,2074-9872,true,,
МАТЕМАТИЧЕСКИЕ ТРУДЫ,1560-750X,true,,
МАТЕРИАЛОВЕДЕНИЕ,1684-579X,true,,
МЕДИКО-СОЦИАЛЬНАЯ ЭКСПЕРТИЗА И РЕАБИЛИТАЦИЯ,2412-2092;1560-9537,true,,
МЕДИЦИНСКАЯ ГЕНЕТИКА,2073-7998,true,,
MEDITSINSKAYA PARAZITOLOGIYA I PARAZITARNYE BOLEZNI|МЕДИЦИНСКАЯ ПАРАЗИТОЛОГИЯ И ПАРАЗИТАРНЫЕ БОЛЕЗНИ,2713-1777;0025-8326,true,,
BIOMEDICAL ENGINEERING (NEW YORK) (ENGLISH TRANSLATION OF MEDITSINSKAYA TEKHNIKA)|МЕДИЦИНСКАЯ ТЕХНИКА,0025-8075,true,,
МЕЖДУНАРОДНОЕ ПРАВОСУДИЕ,2541-8548;2226-2059,true,,
МЕЖДУНАРОДНЫЙ ВЕСТНИК ВЕТЕРИНАРИИ,2072-2419,true,,
МЕЖДУНАРОДНЫЙ ЖУРНАЛ ИССЛЕДОВАНИЙ КУЛЬТУРЫ,2079-1100,true,,
МЕЖДУНАРОДНЫЙ СЕЛЬСКОХОЗЯЙСТВЕННЫЙ ЖУРНАЛ,2587-6740,true,,
METALLOVEDENIE I TERMICHESKAYA OBRABOTKA METALLOV|МЕТАЛЛОВЕДЕНИЕ И ТЕРМИЧЕСКАЯ ОБРАБОТКА МЕТАЛЛОВ,0026-0819,true,,
МЕТАЛЛУРГ,0026-0827,true,,
МИР (МОДЕРНИЗАЦИЯ. ИННОВАЦИИ. РАЗВИТИЕ),2411-796X;2079-4665,true,,
МОДЕЛИРОВАНИЕ И АНАЛИЗ ИНФОРМАЦИОННЫХ СИСТЕМ,2313-5417;1818-1015,true,,
МОЛОЧНАЯ ПРОМЫШЛЕННОСТЬ,1019-8946,true,,
"MORFOLOGIIA (SAINT PETERSBURG, RUSSIA)|МОРФОЛОГИЯ",1026-3543,true,,
МЯСНАЯ ИНДУСТРИЯ,2618-8252,true,,
НАНОИНДУСТРИЯ,2687-0282;1993-8578,true,,
НЕРВНЫЕ БОЛЕЗНИ,2226-0757,true,,
НЕФТЕГАЗОВОЕ ДЕЛО,2073-0128,true,,
OPHTHALMOLOGY JOURNAL|ОФТАЛЬМОЛОГИЧЕСКИЕ ВЕДОМОСТИ,2412-5423;1998-7102,true,,
PATOLOGICHESKAYA FIZIOLOGIYA I EKSPERIMENTALNAYA TERAPIYA|ПАТОЛОГИЧЕСКАЯ ФИЗИОЛОГИЯ И ЭКСПЕРИМЕНТАЛЬНАЯ ТЕРАПИЯ,0031-2991,true,,
ПИЩЕВАЯ ПРОМЫШЛЕННОСТЬ,0235-2486,true,,
PLASTICHESKIE MASSY: SINTEZ SVOJSTVA PERERABOTKA PRIMENENIE|ПЛАСТИЧЕСКИЕ МАССЫ,0554-2901,true,,
ПОЛЗУНОВСКИЙ ВЕСТНИК,2072-8921,true,,
ПРАВОВЕДЕНИЕ,2658-6037;2658-3623,true,,
"ПРИБОРЫ И СИСТЕМЫ. УПРАВЛЕНИЕ, КОНТРОЛЬ, ДИАГНОСТИКА",2073-0004,true,,
ПРИКЛАДНАЯ ИНФОРМАТИКА,2687-0649;1993-8314,true,,
ПРИКЛАДНАЯ МЕХАНИКА И ТЕХНИЧЕСКАЯ ФИЗИКА,0869-5032,true,,
ПРИРОДНЫЕ РЕСУРСЫ АРКТИКИ И СУБАРКТИКИ,2686-9683;2618-9712,true,,
ПРИРОДООБУСТРОЙСТВО,1997-6011,true,,
ПРОБЛЕМЫ МАШИНОСТРОЕНИЯ И АВТОМАТИЗАЦИИ,0234-6206,true,,
ПРОБЛЕМЫ УПРАВЛЕНИЯ,1819-3161;2712-8687,true,,
ПСИХИАТРИЯ И ПСИХОФАРМАКОТЕРАПИЯ,2075-1761,true,,
ПТИЦЕВОДСТВО,0033-3239,true,,
ПУТИ К МИРУ И БЕЗОПАСНОСТИ,2311-5238;2307-1494,true,,
РЕГИОН: ЭКОНОМИКА И СОЦИОЛОГИЯ,0868-5169,true,,
РЕГИОНАЛЬНАЯ АРХИТЕКТУРА И СТРОИТЕЛЬСТВО,2072-2958,true,,
РОБОТОТЕХНИКА И ТЕХНИЧЕСКАЯ КИБЕРНЕТИКА,2312-6612;2310-5305,true,,
RUSSIAN STOMATOLOGY|РОССИЙСКАЯ СТОМАТОЛОГИЯ,2309-5156;2072-6406,true,,
"RUSSIAN JOURNAL OF PEDIATRIC SURGERY, ANESTHESIA AND INTENSIVE CARE|РОССИЙСКИЙ ВЕСТНИК ДЕТСКОЙ ХИРУРГИИ, АНЕСТЕЗИОЛОГИИ И РЕАНИМАТОЛОГИИ",2587-6554;2219-4061,true,,
"РОССИЙСКИЙ ЖУРНАЛ ПРОБЛЕМЫ ВЕТЕРИНАРНОЙ САНИТАРИИ, ГИГИЕНЫ И ЭКОЛОГИИ",2075-1818,true,,
RUSSIAN JOURNAL OF IMMUNOLOGY : RJI : OFFICIAL JOURNAL OF RUSSIAN SOCIETY OF IMMUNOLOGY|РОССИЙСКИЙ ИММУНОЛОГИЧЕСКИЙ ЖУРНАЛ,2782-7291;1028-7221,true,,
РОССИЙСКИЙ ОНКОЛОГИЧЕСКИЙ ЖУРНАЛ,2412-9119;1028-9984,true,,
РОССИЙСКИЙ ПЕДИАТРИЧЕСКИЙ ЖУРНАЛ,2413-2918;1560-9561,true,,
РОССИЙСКИЙ СТОМАТОЛОГИЧЕСКИЙ ЖУРНАЛ,2413-2934;1728-2802,true,,
ROSSIJSKIJ KHIMICHESKIJ ZHURNAL (ZHURNAL ROSSIJSKOGO KHIMICHESKOGO OBSHCHESTVA IM. D.I. MENDELEEVA)|РОССИЙСКИЙ ХИМИЧЕСКИЙ ЖУРНАЛ,1819-3986;1024-6215,true,,
РОССИЙСКИЙ ЭКОНОМИЧЕСКИЙ ЖУРНАЛ,0130-9757,true,,
RUSSIAN LANGUAGE AT SCHOOL|РУССКИЙ ЯЗЫК В ШКОЛЕ,2619-0966;0131-6141,true,,
СЕЙСМОСТОЙКОЕ СТРОИТЕЛЬСТВО. БЕЗОПАСНОСТЬ СООРУЖЕНИЙ,2618-9283;1681-6560,true,,
СИБИРСКИЙ ВЕСТНИК СЕЛЬСКОХОЗЯЙСТВЕННОЙ НАУКИ,2658-462X;0370-8799,true,,
СИБИРСКИЙ ЖУРНАЛ ИНДУСТРИАЛЬНОЙ МАТЕМАТИКИ,1560-7518,true,,
СИБИРСКИЙ ЭКОЛОГИЧЕСКИЙ ЖУРНАЛ,0869-8619,true,,
СИСТЕМЫ И СРЕДСТВА ИНФОРМАТИКИ,2311-0325;0869-6527,true,,
СОВРЕМЕННАЯ ГЕРПЕТОЛОГИЯ,2542-1964;1814-6090,true,,
"СОЦИОЛОГИЯ: МЕТОДОЛОГИЯ, МЕТОДЫ, МАТЕМАТИЧЕСКОЕ МОДЕЛИРОВАНИЕ",1994-8964,true,,
СРАВНИТЕЛЬНОЕ КОНСТИТУЦИОННОЕ ОБОЗРЕНИЕ,2542-1417;1812-7126,true,,
STAL'|СТАЛЬ,0038-920X,true,,
СТРОИТЕЛЬНАЯ МЕХАНИКА И РАСЧЕТ СООРУЖЕНИЙ,0039-2383,true,,
STROITEL'NYE MATERIALY|СТРОИТЕЛЬНЫЕ МАТЕРИАЛЫ,2658-6991;0585-430X,true,,
СТРОИТЕЛЬСТВО УНИКАЛЬНЫХ ЗДАНИЙ И СООРУЖЕНИЙ,2304-6295,true,,
ТЕХНИКА И ОБОРУДОВАНИЕ ДЛЯ СЕЛА,2072-9642,true,,
ТЕХНИКА И ТЕХНОЛОГИЯ СИЛИКАТОВ,2076-0655,true,,
ТЕХНОЛОГИЯ МЕТАЛЛОВ,1684-2499,true,,
ТРАНСЛЯЦИОННАЯ МЕДИЦИНА,2410-5155;2311-4495,true,,
ТРУДЫ ВИАМ,2307-6046,true,,
ТРУДЫ ГЛАВНОЙ ГЕОФИЗИЧЕСКОЙ ОБСЕРВАТОРИИ ИМ. А.И. ВОЕЙКОВА,0376-1274,true,,
ТРУДЫ ИНСТИТУТА СИСТЕМНОГО ПРОГРАММИРОВАНИЯ РАН,2220-6426;2079-8156,true,,
ТРУДЫ КРЫЛОВСКОГО ГОСУДАРСТВЕННОГО НАУЧНОГО ЦЕНТРА,2618-8244;2542-2324,true,,
ТРУДЫ КУБАНСКОГО ГОСУДАРСТВЕННОГО АГРАРНОГО УНИВЕРСИТЕТА,1999-1703,true,,
ТРУДЫ РОССИЙСКОГО ГОСУДАРСТВЕННОГО УНИВЕРСИТЕТА НЕФТИ И ГАЗА ИМЕНИ И.М. ГУБКИНА,2073-9028,true,,
ФАРМАКОЭКОНОМИКА: ТЕОРИЯ И ПРАКТИКА,2312-2862,true,,
ФИЗИКО-ХИМИЧЕСКАЯ КИНЕТИКА В ГАЗОВОЙ ДИНАМИКЕ,1991-6396,true,,
FIZICHESKAYA MEZOMEKHANIKA|ФИЗИЧЕСКАЯ МЕЗОМЕХАНИКА,1683-805X,true,,
ФИЛОСОФИЯ И ОБЩЕСТВО,1681-4339,true,,
ФИЛОСОФИЯ НАУКИ,1560-7488,true,,
ФИНАНСОВЫЙ ЖУРНАЛ,2658-5332;2075-1990,true,,
FINNO-UGRIC WORLD|ФИННО-УГОРСКИЙ МИР,2541-982X;2076-2577,true,,
KHIMIYA I TEKHNOLOGIYA TOPLIV I MASEL|ХИМИЯ И ТЕХНОЛОГИЯ ТОПЛИВ И МАСЕЛ,0023-1169,true,,
ЧЕЛОВЕК И ЕГО ЗДОРОВЬЕ,1998-5754;1998-5746,true,,
ЭКО,2686-7605;0131-7652,true,,
ЭКОНОМИКА СЕЛЬСКОГО ХОЗЯЙСТВА РОССИИ,2070-0288,true,,
ЭКСПЕРИМЕНТАЛЬНАЯ И КЛИНИЧЕСКАЯ УРОЛОГИЯ,2712-8571;2222-8543,true,,
ELEKTROTEKHNIKA|ЭЛЕКТРОТЕХНИКА,0013-5860,true,,
ЭПИДЕМИОЛОГИЯ И ИНФЕКЦИОННЫЕ БОЛЕЗНИ,3034-2007;3034-2015,true,,
ЭПИДЕМИОЛОГИЯ И ИНФЕКЦИОННЫЕ БОЛЕЗНИ. АКТУАЛЬНЫЕ ВОПРОСЫ,2414-9640;2226-6976,true,,
ЭТАЛОНЫ. СТАНДАРТНЫЕ ОБРАЗЦЫ,2687-0886,true,,
MUTATION RESEARCH - FUNDAMENTAL AND MOLECULAR MECHANISMS OF MUTAGENESIS,1386-1964;1879-2871,true,,
АКУШЕРСТВО И ГИНЕКОЛОГИЯ. НОВОСТИ. МНЕНИЯ. ОБУЧЕНИЕ,2303-9698;2658-7408,true,,
ТУБЕРКУЛЕЗ И СОЦИАЛЬНО-ЗНАЧИМЫЕ ЗАБОЛЕВАНИЯ,2413-0346;2413-0354,true,,
СОВРЕМЕННЫЕ НАУКОЕМКИЕ ТЕХНОЛОГИИ,1812-7320,true,,
ТЕРАПИЯ,2412-4036;2713-1823,true,,
МИР ЭКОНОМИКИ И УПРАВЛЕНИЯ,2542-0429;2658-5375,true,,
СИБИРСКИЙ ФИЛОСОФСКИЙ ЖУРНАЛ,2541-7517,true,,
РАЗВИТИЕ ТЕРРИТОРИЙ,2412-8945,true,,
УЧЕНЫЕ ЗАПИСКИ ПЕТРОЗАВОДСКОГО ГОСУДАРСТВЕННОГО УНИВЕРСИТЕТА,2542-1077;1994-5973,true,,
ВЕСТНИК НИЖЕГОРОДСКОГО УНИВЕРСИТЕТА ИМ. Н.И. ЛОБАЧЕВСКОГО,1993-1778,true,,
ФУНДАМЕНТАЛЬНАЯ И КЛИНИЧЕСКАЯ МЕДИЦИНА,2500-0764;2542-0941,true,,
ИЗВЕСТИЯ БАЙКАЛЬСКОГО ГОСУДАРСТВЕННОГО УНИВЕРСИТЕТА,2500-2759,true,,
СТАТИСТИКА И ЭКОНОМИКА,2500-3925,true,,
ИЗВЕСТИЯ САМАРСКОГО НАУЧНОГО ЦЕНТРА РОССИЙСКОЙ АКАДЕМИИ НАУК,1990-5378,true,,
РОССИЙСКИЙ ВЕТЕРИНАРНЫЙ ЖУРНАЛ,2500-4379,true,,
МЕЖДУНАРОДНАЯ АНАЛИТИКА,2587-8476;2541-9633,true,,
ИЗВЕСТИЯ РОССИЙСКОЙ ВОЕННО-МЕДИЦИНСКОЙ АКАДЕМИИ,2713-2315;2713-2323,true,,
ВЕСТНИК ВОРОНЕЖСКОГО ГОСУДАРСТВЕННОГО УНИВЕРСИТЕТА. СЕРИЯ ЭКОНОМИКА И УПРАВЛЕНИЕ,1814-2966,true,,
ЮРИДИЧЕСКИЙ ВЕСТНИК САМАРСКОГО УНИВЕРСИТЕТА,2542-047X;2782-2990,true,,
АКТУАЛЬНЫЕ ПРОБЛЕМЫ НЕФТИ И ГАЗА,2687-0312,true,,
ИНФОРМАЦИЯ И ИННОВАЦИИ,1994-2443;2949-2157,true,,
ВЕСТНИК ВОРОНЕЖСКОГО ГОСУДАРСТВЕННОГО УНИВЕРСИТЕТА. СЕРИЯ ПРАВО,1995-5502,true,,
ВЕСТНИК ГРАЖДАНСКИХ ИНЖЕНЕРОВ,1999-5571,true,,
ГЕОСИСТЕМЫ ПЕРЕХОДНЫХ ЗОН,2541-8912;2713-2161,true,,
ГОРОДСКИЕ ИССЛЕДОВАНИЯ И ПРАКТИКИ,2500-1604;2542-0003,true,,
ХИМИЧЕСКАЯ БЕЗОПАСНОСТЬ,2541-9811,true,,
ЭКОСИСТЕМЫ: ЭКОЛОГИЯ И ДИНАМИКА,2542-2006,true,,
НАРОДЫ И РЕЛИГИИ ЕВРАЗИИ,2542-2332;2686-8040,true,,
ИСТОРИЧЕСКАЯ ИНФОРМАТИКА,2585-7797,true,,
HISTORIA PROVINCIAE – ЖУРНАЛ РЕГИОНАЛЬНОЙ ИСТОРИИ,2587-8344,true,,
ЖУРНАЛ ПОЛИТИЧЕСКИХ ИССЛЕДОВАНИЙ,2587-6295,true,,
ТЕХНОЛОГИИ И КАЧЕСТВО,2587-6147,true,,
РМЖ. МЕДИЦИНСКОЕ ОБОЗРЕНИЕ,2587-6821;2686-9918,true,,
РОССИЙСКО-КИТАЙСКИЕ ИССЛЕДОВАНИЯ,2587-7445,true,,
ВЕСТНИК РОССИЙСКОГО УНИВЕРСИТЕТА ДРУЖБЫ НАРОДОВ. СЕРИЯ: ЭКОНОМИКА,2313-2329;2408-8986,true,,
ОПЕРАТИВНАЯ ХИРУРГИЯ И КЛИНИЧЕСКАЯ АНАТОМИЯ (ПИРОГОВСКИЙ НАУЧНЫЙ ЖУРНАЛ),2587-7755;2588-042X,true,,
НАУЧНЫЙ РЕЗУЛЬТАТ. СОЦИОЛОГИЯ И УПРАВЛЕНИЕ,2408-9338,true,,
REFLEXIO,2658-4506;2658-6894,true,,
ОКЕАНОЛОГИЧЕСКИЕ ИССЛЕДОВАНИЯ,1564-2291;2587-9634,true,,
ВОПРОСЫ ТЕОРЕТИЧЕСКОЙ ЭКОНОМИКИ,2587-7666,true,,
СОВРЕМЕННЫЕ ПРОБЛЕМЫ МУЗЫКОЗНАНИЯ,2587-9731,true,,
СТРАТЕГИЧЕСКИЕ РЕШЕНИЯ И РИСК-МЕНЕДЖМЕНТ,2618-947X;2618-9984,true,,
АГРАРНО-ПИЩЕВЫЕ ИННОВАЦИИ,2618-7353,true,,
SOCIETY AND SECURITY INSIGHTS,2619-0249;2619-0230,true,,
BIOMEDICAL CHEMISTRY RESEARCH AND METHODS,2618-7531,true,,
ОРИЕНТАЛИСТИКА,2618-7043;2687-0738,true,,
ENERGY SYSTEMS RESEARCH,2618-9992,true,,
ВЕСТНИК СИБИРСКОГО ГОСУДАРСТВЕННОГО АВТОМОБИЛЬНО-ДОРОЖНОГО УНИВЕРСИТЕТА,2071-7296;2658-5626,true,,
ТЕХНИКА И ТЕХНОЛОГИЯ ГОРНОГО ДЕЛА,2618-7434;2949-0626,true,,
ЖИВОТНОВОДСТВО И КОРМОПРОИЗВОДСТВО,2658-3135;2782-408X,true,,
РОССИЙСКАЯ АРКТИКА,2658-4255,true,,
ВЕСТНИК ИНСТИТУТА ВОСТОКОВЕДЕНИЯ РАН,2618-7302,true,,
ЮЖНО-РОССИЙСКИЙ ЖУРНАЛ СОЦИАЛЬНЫХ НАУК,2619-0567;2618-8007,true,,
РМЖ. МАТЬ И ДИТЯ,2618-8430;2686-7184,true,,
КУНСТКАМЕРА,2618-8619;2712-8636,true,,
ВЕСТНИК ВОЙСК РХБ ЗАЩИТЫ,2587-5728;3034-2791,true,,
RUSSIAN JOURNAL OF EDUCATION AND PSYCHOLOGY,2658-4034;2782-3563,true,,
ИСТОРИЯ И АРХИВЫ,2658-6541,true,,
ЦИФРОВАЯ СОЦИОЛОГИЯ,2658-347X;2713-1653,true,,
E-MANAGEMENT,2658-3445;2686-8407,true,,
ПЕДИАТРИЯ. CONSILIUM MEDICUM,2658-6630;2658-6622,true,,
БИОТЕХНОЛОГИЯ И СЕЛЕКЦИЯ РАСТЕНИЙ,2658-6266;2658-6258,true,,
ФОЛЬКЛОР И АНТРОПОЛОГИЯ ГОРОДА,2658-3895,true,,
ФИЛОСОФИЧЕСКИЕ ПИСЬМА. РУССКО-ЕВРОПЕЙСКИЙ ДИАЛОГ,2658-5413,true,,
ВЕСТНИК ПЕРМСКОГО ФЕДЕРАЛЬНОГО ИССЛЕДОВАТЕЛЬСКОГО ЦЕНТРА,2658-705X,true,,
ВЕСТНИК САНКТ-ПЕТЕРБУРГСКОГО УНИВЕРСИТЕТА. МЕЖДУНАРОДНЫЕ ОТНОШЕНИЯ,2658-6029;2658-3615,true,,
CAMERA PRAEHISTORICA,2658-3828;2658-6665,true,,
ЭРГОДИЗАЙН,2619-1512;2658-4026,true,,
"ФИЗИЧЕСКАЯ И РЕАБИЛИТАЦИОННАЯ МЕДИЦИНА, МЕДИЦИНСКАЯ РЕАБИЛИТАЦИЯ",2658-6843;2949-1436,true,,
ВОПРОСЫ ТЕОЛОГИИ,2658-5200;2658-7564,true,,
JOURNAL OF NEW ECONOMY,2658-5081;2687-0002,true,,
THE EYE ГЛАЗ,2222-4408;2686-8083,true,,
ИЗВЕСТИЯ МГТУ МАМИ,2074-0530,true,,
УПРАВЛЕНИЕ НАУКОЙ И НАУКОМЕТРИЯ,2686-6706;2686-6714,true,,
НАУКИ О ЗЕМЛЕ И НЕДРОПОЛЬЗОВАНИЕ,2686-9993;2686-7931,true,,
ИЗВЕСТИЯ ТИНРО,1606-9919;2658-5510,true,,
АРХИТЕКТУРНАЯ АРХЕОЛОГИЯ,2686-6900,true,,
ПСИХОЛОГИЯ ЧЕЛОВЕКА В ОБРАЗОВАНИИ,2686-9527,true,,
ПЕНИТЕНЦИАРНАЯ НАУКА,2686-9764;2782-1986,true,,
ТИПОЛОГИЯ МОРФОСИНТАКСИЧЕСКИХ ПАРАМЕТРОВ,2686-7419,true,,
РАЗНООБРАЗИЕ РАСТИТЕЛЬНОГО МИРА,2686-9713,true,,
УПРАВЛЕНИЕ НАУКОЙ ТЕОРИЯ И ПРАКТИКА,2686-827X,true,,
АНАЛИЗ И ПРОГНОЗ. ЖУРНАЛ ИМЭМО РАН,2713-170X,true,,
ВЕСТНИК ВОЛГОГРАДСКОГО ГОСУДАРСТВЕННОГО УНИВЕРСИТЕТА. ЭКОНОМИКА,2713-1599;2713-1580,true,,
РОССИЙСКИЙ ЖУРНАЛ ГЕРИАТРИЧЕСКОЙ МЕДИЦИНЫ,2686-8636;2686-8709,true,,
РОССИЙСКИЙ ЖУРНАЛ ИСТОРИИ ЦЕРКВИ,2686-973X;2687-069X,true,,
"ИННОВАЦИОННАЯ НАУКА ПСИХОЛОГИЯ, ПЕДАГОГИКА, ДЕФЕКТОЛОГИЯ",2658-7165,true,,
ЦИФРОВОЕ ПРАВО,2686-9136,true,,
РЕГИОНАЛЬНЫЕ ГЕОСИСТЕМЫ,2712-7443,true,,
ГЕОГРАФИЧЕСКАЯ СРЕДА И ЖИВЫЕ СИСТЕМЫ,2712-7613;2712-7621,true,,
СЛОВЕСНОСТЬ И ИСТОРИЯ,2712-7591,true,,
НЕДРОПОЛЬЗОВАНИЕ,2712-8008;2687-1513,true,,
BRICS JOURNAL OF ECONOMICS,2712-7702;2712-7508,true,,
ADVANCED ENGINEERING RESEARCH (ROSTOV-ON-DON),2687-1653,true,,
City Healthcare|ЗДОРОВЬЕ МЕГАПОЛИСА,2713-2617,true,,
ТЕХНОЛОГИИ В ИНФОСФЕРЕ,2712-9934,true,,
СОЦИОЛИНГВИСТИКА,2713-2951,true,,
ЮЖНО-РОССИЙСКИЙ ЖУРНАЛ ТЕРАПЕВТИЧЕСКОЙ ПРАКТИКИ,2712-8156,true,,
СФЕРА КУЛЬТУРЫ,2713-301X,true,,
RUSSIAN JAPANOLOGY REVIEW,2658-6789;2658-6444,true,,
САРАТОВСКИЙ НАУЧНО-МЕДИЦИНСКИЙ ЖУРНАЛ,1995-0039;2076-2518,true,,
СОЦИАЛЬНЫЕ НАУКИ И ДЕТСТВО,2713-0584,true,,
ИЗВЕСТИЯ ВЫСШИХ УЧЕБНЫХ ЗАВЕДЕНИЙ. СЕВЕРО-КАВКАЗСКИЙ РЕГИОН. ТЕХНИЧЕСКИЕ НАУКИ,1560-3644,true,,
ВЕСТНИК НИЖЕГОРОДСКОГО УНИВЕРСИТЕТА ИМ. Н.И. ЛОБАЧЕВСКОГО. СЕРИЯ СОЦИАЛЬНЫЕ НАУКИ,1811-5942,true,,
DIGITAL DIAGNOSTICS,2712-8490;2712-8962,true,,
ДЕМИС. ДЕМОГРАФИЧЕСКИЕ ИССЛЕДОВАНИЯ,2782-2303;2782-229X,true,,
ВЕСТНИК СЕКТОРА ДРЕВНЕРУССКОГО ИСКУССТВА,2658-543X,true,,
СИБИРСКИЙ АЭРОКОСМИЧЕСКИЙ ЖУРНАЛ,2712-8970,true,,
ТРУДЫ ИНСТИТУТА ГОСУДАРСТВА И ПРАВА РОССИЙСКОЙ АКАДЕМИИ НАУК,2073-4522,true,,
ГУМАНИТАРНЫЕ НАУКИ В СИБИРИ,0869-8651;2686-9632,true,,
ПРАВО И БИЗНЕС,2712-8865,true,,
LEGAL ISSUES IN THE DIGITAL AGE,2713-2749,true,,
РОССИЙСКИЙ ДЕВИАНТОЛОГИЧЕСКИЙ ЖУРНАЛ,2713-0622,true,,
ВОПРОСЫ ТЕАТРА,0507-3952,true,,
ОБЩЕСТВЕННОЕ ЗДОРОВЬЕ,2782-1676;2949-1274,true,,
АМБУЛАТОРНАЯ ХИРУРГИЯ,2712-8741;2782-2591,true,,
ИЗВЕСТИЯ ВЫСШИХ УЧЕБНЫХ ЗАВЕДЕНИЙ. ПРОБЛЕМЫ ЭНЕРГЕТИКИ,1998-9903;2658-5456,true,,
PERSONALIZED PSYCHIATRY AND NEUROLOGY,2712-9179,true,,
ВСПОМОГАТЕЛЬНЫЕ ИСТОРИЧЕСКИЕ ДИСЦИПЛИНЫ,0130-0865,true,,
ГОРНЫЙ ЖУРНАЛ,0017-2278;2413-9793,true,,
РЕАЛЬНАЯ КЛИНИЧЕСКАЯ ПРАКТИКА ДАННЫЕ И ДОКАЗАТЕЛЬСТВА,2782-3784,true,,
Π-ECONOMY,2782-6015,true,,
ИЗВЕСТИЯ ВЫСШИХ УЧЕБНЫХ ЗАВЕДЕНИЙ. ГЕОЛОГИЯ И РАЗВЕДКА,0016-7762;2618-8708,true,,
ИНТЕРАКЦИЯ. ИНТЕРВЬЮ. ИНТЕРПРЕТАЦИЯ,2307-2075;2687-0401,true,,
ПРОБЛЕМЫ АНАЛИЗА РИСКА,1812-5220;2658-7882,true,,
IPOLYTECH JOURNAL,2782-4004;2782-6341,true,,
УЧЕНЫЕ ЗАПИСКИ ИНСТИТУТА ПСИХОЛОГИИ РАН,3034-378X,true,,
ПРИРОДА,0032-874X,true,,
ALTERECONOMICS,2782-6201;2782-6198,true,,
GRAPHOSPHAERA: ПИСЬМО И ПИСЬМЕННЫЕ ПРАКТИКИ,2782-5310;2782-5272,true,,
ЭПОСОВЕДЕНИЕ,2782-4861,true,,
ХУДОЖЕСТВЕННОЕ НАСЛЕДИЕ. ИССЛЕДОВАНИЯ. РЕСТАВРАЦИЯ. ХРАНЕНИЕ,2782-5027,true,,
"СОВРЕМЕННЫЕ ТЕНДЕНЦИИ В СТРОИТЕЛЬСТВЕ, ГРАДОСТРОИТЕЛЬСТВЕ И ПЛАНИРОВКЕ ТЕРРИТОРИЙ",2949-1835,true,,
ТИМИРЯЗЕВСКИЙ БИОЛОГИЧЕСКИЙ ЖУРНАЛ,2949-4710,true,,
ПИЩЕВАЯ МЕТАИНЖЕНЕРИЯ,2949-6497,true,,
ПСИХОЛОГИЧЕСКИЕ НАУКИ,3033-6414;3033-6430,true,,
МОСКОВСКИЙ ПЕДАГОГИЧЕСКИЙ ЖУРНАЛ,2949-4990;2949-4974,true,,
ВЕСТНИК ГОСУДАРСТВЕННОГО УНИВЕРСИТЕТА ПРОСВЕЩЕНИЯ. СЕРИЯ ЭКОНОМИКА,2949-5040;2949-5024,true,,
ФИНАНСОВАЯ АНАЛИТИКА ПРОБЛЕМЫ И РЕШЕНИЯ,2073-4484;2311-8768,true,,
МОСКОВСКИЙ ЮРИДИЧЕСКИЙ ЖУРНАЛ,2949-5091;2949-513X,true,,
СПРАВОЧНИК. ИНЖЕНЕРНЫЙ ЖУРНАЛ,0203-347X,true,,
ЦВЕТНЫЕ МЕТАЛЛЫ,0372-2929,true,,
ЭКОНОМИЧЕСКАЯ НАУКА СОВРЕМЕННОЙ РОССИИ,1609-1442;2618-8996,true,,
ВЕСТНИК МОСКОВСКОГО УНИВЕРСИТЕТА. СЕРИЯ 20 ПЕДАГОГИЧЕСКОЕ ОБРАЗОВАНИЕ,2073-2635;2949-270X,true,,
ВЕСТНИК МОСКОВСКОГО УНИВЕРСИТЕТА. СЕРИЯ 18. СОЦИОЛОГИЯ И ПОЛИТОЛОГИЯ,1029-3736;2541-8769,true,,
МЕЖДУНАРОДНЫЙ НАУЧНЫЙ ЖУРНАЛ АЛЬТЕРНАТИВНАЯ ЭНЕРГЕТИКА И ЭКОЛОГИЯ,1608-8298,true,,
АРБИТРАЖНЫЙ И ГРАЖДАНСКИЙ ПРОЦЕСС,1812-383X,true,,
АУДИТОР,1998-0701,true,,
БЕТОН И ЖЕЛЕЗОБЕТОН,0005-9889;3034-1302,true,,
БИБЛИОТЕКОВЕДЕНИЕ,0869-608X;2587-7372,true,,
ВЕСТНИК МОСКОВСКОГО УНИВЕРСИТЕТА. СЕРИЯ 21 УПРАВЛЕНИЕ (ГОСУДАРСТВО И ОБЩЕСТВО),2073-2643,true,,
ВЕСТНИК МГТУ. ТРУДЫ МУРМАНСКОГО ГОСУДАРСТВЕННОГО ТЕХНИЧЕСКОГО УНИВЕРСИТЕТА,1560-9278;1997-4736,true,,
ВЕСТНИК ОМСКОГО УНИВЕРСИТЕТА,1812-3996;3034-3844,true,,
ВЕСТНИК ТОМСКОГО ГОСУДАРСТВЕННОГО ПЕДАГОГИЧЕСКОГО УНИВЕРСИТЕТА,1609-624X,true,,
ВРАЧ,0236-3054;2587-7305,true,,
ДЕФЕКТОЛОГИЯ,0130-3074;2686-8954,true,,
ИЗВЕСТИЯ АЛТАЙСКОГО ГОСУДАРСТВЕННОГО УНИВЕРСИТЕТА,1561-9443;1561-9451,true,,
ИСКУССТВОЗНАНИЕ,2073-316X,true,,
КОНСТИТУЦИОННОЕ И МУНИЦИПАЛЬНОЕ ПРАВО,1812-3767,true,,
ЛЕЧАЩИЙ ВРАЧ,1560-5175;2687-1181,true,,
МЕЖДУНАРОДНОЕ ПУБЛИЧНОЕ И ЧАСТНОЕ ПРАВО,1812-3910,true,,
МЕЖДУНАРОДНЫЙ БУХГАЛТЕРСКИЙ УЧЕТ,2073-5081;2311-9381,true,,
МИР ПСИХОЛОГИИ,2073-8528,true,,
МУЗЫКАЛЬНАЯ АКАДЕМИЯ,0869-4516;2686-9284,true,,
НАУЧНЫЙ ВЕСТНИК МОСКОВСКОГО ГОСУДАРСТВЕННОГО ТЕХНИЧЕСКОГО УНИВЕРСИТЕТА ГРАЖДАНСКОЙ АВИАЦИИ,2079-0619;2542-0119,true,,
ОБОЗРЕВАТЕЛЬ,2074-2975,true,,
ОСТЕОПОРОЗ И ОСТЕОПАТИИ,2072-2680;2311-0716,true,,
ПЕРМСКИЙ МЕДИЦИНСКИЙ ЖУРНАЛ,0136-1449;2687-1408,true,,
ПОЖАРОВЗРЫВОБЕЗОПАСНОСТЬ,0869-7493;2587-6201,true,,
РЕГИОНАЛЬНАЯ ГЕОЛОГИЯ И МЕТАЛЛОГЕНИЯ,0869-7892,true,,
РЕГИОНАЛЬНАЯ ЭКОНОМИКА ТЕОРИЯ И ПРАКТИКА,2073-1477;2311-8733,true,,
РОССИЙСКАЯ ЮСТИЦИЯ,0131-6761,true,,
РМЖ,2225-2282;1682-4024,true,,
РОССИЙСКИЙ СЕМЕЙНЫЙ ВРАЧ,2072-1668;2713-2331,true,,
РОССИЙСКИЙ СЛЕДОВАТЕЛЬ,1812-3783,true,,
РОССИЙСКИЙ СУДЬЯ,1812-3791,true,,
"ТРАНСПОРТ РОССИЙСКОЙ ФЕДЕРАЦИИ. ЖУРНАЛ О НАУКЕ, ПРАКТИКЕ, ЭКОНОМИКЕ",1994-831X;2658-3674,true,,
СИБИРСКИЙ ВЕСТНИК ПСИХИАТРИИ И НАРКОЛОГИИ,1810-3111;2587-6716,true,,
ТОКСИКОЛОГИЧЕСКИЙ ВЕСТНИК,0869-7922,true,,
ТРАДИЦИОННАЯ МЕДИЦИНА,1818-6173,true,,
ВЕСТНИК БЕЛГОРОДСКОГО ГОСУДАРСТВЕННОГО ТЕХНОЛОГИЧЕСКОГО УНИВЕРСИТЕТА ИМ. В.Г. ШУХОВА,2071-7318,true,,
ТРУДЫ МАИ,1727-6942,true,,
УРОВЕНЬ ЖИЗНИ НАСЕЛЕНИЯ РЕГИОНОВ РОССИИ,1999-9836;2713-3397,true,,
ФАРМАЦИЯ,0367-3014;2541-9218,true,,
ФИЗИКА ЭЛЕМЕНТАРНЫХ ЧАСТИЦ И АТОМНОГО ЯДРА,0367-2026;1814-7445,true,,
ФИНАНСЫ И КРЕДИТ,2071-4688;2311-8709,true,,
КЛИНИЦИСТ,1818-8338;2412-8775,true,,
ХОЗЯЙСТВО И ПРАВО,0134-2398,true,,
ЭКОЛОГИЧЕСКОЕ ПРАВО,1812-3775,true,,
ЭКОНОМИКА И УПРАВЛЕНИЕ,1998-1627;3033-7984,true,,
ЭКОНОМИКА СЕЛЬСКОХОЗЯЙСТВЕННЫХ И ПЕРЕРАБАТЫВАЮЩИХ ПРЕДПРИЯТИЙ,0235-2494,true,,
ЭКОНОМИЧЕСКИЙ АНАЛИЗ ТЕОРИЯ И ПРАКТИКА,2073-039X;2311-8725,true,,
ЮРИДИЧЕСКОЕ ОБРАЗОВАНИЕ И НАУКА,1813-1190,true,,
СОВРЕМЕННАЯ МАТЕМАТИКА. ФУНДАМЕНТАЛЬНЫЕ НАПРАВЛЕНИЯ,2413-3639;2949-0618,true,,
МЕДИЦИНСКИЙ АЛФАВИТ,2078-5631;2949-2807,true,,
РЕГИОНАРНОЕ КРОВООБРАЩЕНИЕ И МИКРОЦИРКУЛЯЦИЯ,1682-6655;2712-9756,true,,
ВЕСТНИК РОССИЙСКОГО УНИВЕРСИТЕТА ДРУЖБЫ НАРОДОВ. СЕРИЯ: МЕДИЦИНА,2313-0245;2313-0261,true,,
ГОСУДАРСТВЕННОЕ УПРАВЛЕНИЕ. ЭЛЕКТРОННЫЙ ВЕСТНИК,2070-1381,true,,
ВЕСТНИК ЗАЩИТЫ РАСТЕНИЙ,1727-1320;2308-6459,true,,
ЭМИГРАНТИКА,3034-3518;3034-3526,true,,
ВЛАСТЬ,2071-5358;2071-5366,true,,
КАЧЕСТВЕННАЯ КЛИНИЧЕСКАЯ ПРАКТИКА,2588-0519;2618-8473,true,,
ЕЖЕГОДНИК ГОД ПЛАНЕТЫ,0235-6627,true,,
ИЗВЕСТИЯ КАЗАНСКОГО ГОСУДАРСТВЕННОГО АРХИТЕКТУРНО-СТРОИТЕЛЬНОГО УНИВЕРСИТЕТА,2073-1523;2073-154X,true,,
ПРАВОВОЕ ГОСУДАРСТВО ТЕОРИЯ И ПРАКТИКА,2500-0217,true,,
T-COMM ТЕЛЕКОММУНИКАЦИИ И ТРАНСПОРТ,2072-8735;2072-8743,true,,
ТЕАТР. ЖИВОПИСЬ. КИНО. МУЗЫКА,1998-8745;2588-0144,true,,
ТЕОРИЯ И ПРАКТИКА СУДЕБНОЙ ЭКСПЕРТИЗЫ,1819-2785;2587-7275,true,,
ТРУДЫ НАМИ,0135-3152,true,,
ЗАПИСКИ ИНСТИТУТА ИСТОРИИ МАТЕРИАЛЬНОЙ КУЛЬТУРЫ,2310-6557,true,,
НОВЫЕ ТЕХНОЛОГИИ,2072-0920,true,,
ИЗВЕСТИЯ КГТУ,1997-3071,true,,
"УГОЛОВНО-ИСПОЛНИТЕЛЬНАЯ СИСТЕМА ПРАВО, ЭКОНОМИКА, УПРАВЛЕНИЕ",2072-4438,true,,
ГРАЖДАНСКОЕ ПРАВО,2070-2140,true,,
СОЦИАЛЬНОЕ И ПЕНСИОННОЕ ПРАВО,2070-2167,true,,
ПСИХОФАРМАКОЛОГИЯ И БИОЛОГИЧЕСКАЯ НАРКОЛОГИЯ,1606-8181;2070-5670,true,,
ФИНАНСОВОЕ ПРАВО,1813-1220,true,,
СОЦИАЛЬНЫЕ И ГУМАНИТАРНЫЕ НАУКИ. ОТЕЧЕСТВЕННАЯ И ЗАРУБЕЖНАЯ ЛИТЕРАТУРА. СЕРИЯ 9 ВОСТОКОВЕДЕНИЕ И АФРИКАНИСТИКА,2219-8822,true,,
НАЦИОНАЛЬНЫЕ ИНТЕРЕСЫ ПРИОРИТЕТЫ И БЕЗОПАСНОСТЬ,2073-2872;2311-875X,true,,
ИЗВЕСТИЯ САМАРСКОЙ ГОСУДАРСТВЕННОЙ СЕЛЬСКОХОЗЯЙСТВЕННОЙ АКАДЕМИИ,1997-3225,true,,
АДМИНИСТРАТИВНОЕ ПРАВО И ПРОЦЕСС,2071-1166,true,,
ЮГО-ВОСТОЧНАЯ АЗИЯ АКТУАЛЬНЫЕ ПРОБЛЕМЫ РАЗВИТИЯ,2072-8271,true,,
ВЕСТНИК ЮЖНО-УРАЛЬСКОГО ГОСУДАРСТВЕННОГО УНИВЕРСИТЕТА. СЕРИЯ ОБРАЗОВАНИЕ. ПЕДАГОГИЧЕСКИЕ НАУКИ,2073-7602;2412-0553,true,,
ИССЛЕДОВАНИЯ ВОДНЫХ БИОЛОГИЧЕСКИХ РЕСУРСОВ КАМЧАТКИ И СЕВЕРО-ЗАПАДНОЙ ЧАСТИ ТИХОГО ОКЕАНА,2072-8212;2782-6236,true,,
МЕДИАСКОП,2074-8051,true,,
СИСТЕМЫ ВЫСОКОЙ ДОСТУПНОСТИ,2072-9472,true,,
ВЕСТНИК АСТРАХАНСКОГО ГОСУДАРСТВЕННОГО ТЕХНИЧЕСКОГО УНИВЕРСИТЕТА. СЕРИЯ ЭКОНОМИКА,2073-5537;2309-9798,true,,
АСТРАХАНСКИЙ МЕДИЦИНСКИЙ ЖУРНАЛ,1992-6499,true,,
"ЕВРАЗИЙСКАЯ ИНТЕГРАЦИЯ ЭКОНОМИКА, ПРАВО, ПОЛИТИКА",2073-2929,true,,
ОВОЩИ РОССИИ,2072-9146;2618-7132,true,,
ВЕСТНИК САМАРСКОГО ГОСУДАРСТВЕННОГО ТЕХНИЧЕСКОГО УНИВЕРСИТЕТА. СЕРИЯ ПСИХОЛОГО-ПЕДАГОГИЧЕСКИЕ НАУКИ,1991-8569;2712-892X,true,,
АУТИЗМ И НАРУШЕНИЯ РАЗВИТИЯ,1994-1617;2413-4317,true,,
УЧЕНЫЕ ЗАПИСКИ КАЗАНСКОГО УНИВЕРСИТЕТА. СЕРИЯ: ГУМАНИТАРНЫЕ НАУКИ,2541-7738;2500-2171,true,,
ВЕСТНИК ПЕРМСКОГО УНИВЕРСИТЕТА. СЕРИЯ ЭКОНОМИКА,1994-9960;2658-624X,true,,
АДМИНИСТРАТОР СУДА,2072-3636,true,,
ВЕСТНИК РОССИЙСКОГО УНИВЕРСИТЕТА ДРУЖБЫ НАРОДОВ. СЕРИЯ: ВСЕОБЩАЯ ИСТОРИЯ,2312-8127;2312-833X,true,,
МЕНЕДЖМЕНТ И БИЗНЕС-АДМИНИСТРИРОВАНИЕ,2075-1826,true,,
ВЕСТНИК БИОТЕХНОЛОГИИ И ФИЗИКО-ХИМИЧЕСКОЙ БИОЛОГИИ ИМ. Ю.А. ОВЧИННИКОВА,1996-4741,true,,
ИСТОРИКО-ФИЛОСОФСКИЙ ЕЖЕГОДНИК,0134-8655;2782-6538,true,,
НАУЧНЫЕ ТРУДЫ ИНСТИТУТ НАРОДНОХОЗЯЙСТВЕННОГО ПРОГНОЗИРОВАНИЯ РАН,2076-3182;2949-1754,true,,
ПСИХОЛОГИЧЕСКИЕ ИССЛЕДОВАНИЯ,2075-7999,true,,
ЭНДОДОНТИЯ TODAY,1683-2981;1726-7242,true,,
БИОЭТИКА,2070-1586;2782-6589,true,,
ФИЗИОТЕРАПЕВТ,2074-9961,true,,
БУХУЧЕТ В СЕЛЬСКОМ ХОЗЯЙСТВЕ,2075-0250;2687-167X,true,,
ПСКОВСКИЙ РЕГИОНОЛОГИЧЕСКИЙ ЖУРНАЛ,2219-7931,true,,
РЕГИОНАРНАЯ АНЕСТЕЗИЯ И ЛЕЧЕНИЕ ОСТРОЙ БОЛИ,1993-6508;2687-1394,true,,
АКТУАЛЬНЫЕ ПРОБЛЕМЫ РОССИЙСКОГО ПРАВА,1994-1471;2782-1862,true,,
OPERA MUSICOLOGICA,2075-4078,true,,
ВЕСТНИК ТОМСКОГО ГОСУДАРСТВЕННОГО АРХИТЕКТУРНО-СТРОИТЕЛЬНОГО УНИВЕРСИТЕТА,1607-1859;2310-0044,true,,
ПРОБЛЕМЫ РАЗВИТИЯ ТЕРРИТОРИИ,2076-8915;2409-9007,true,,
ПЕДАГОГИЧЕСКОЕ ОБРАЗОВАНИЕ В РОССИИ,2079-8717,true,,
ЗНАК ПРОБЛЕМНОЕ ПОЛЕ МЕДИАОБРАЗОВАНИЯ,2070-0695;2949-3641,true,,
JOURNAL OF ECONOMIC REGULATION,2078-5429;2412-6047,true,,
ВЕСТНИК ЮГОРСКОГО ГОСУДАРСТВЕННОГО УНИВЕРСИТЕТА,1816-9228;2078-9114,true,,
КОРМЛЕНИЕ СЕЛЬСКОХОЗЯЙСТВЕННЫХ ЖИВОТНЫХ И КОРМОПРОИЗВОДСТВО,2075-1524,true,,
ВЕСТНИК НГУЭУ,2073-6495,true,,
НАЦИОНАЛЬНЫЙ ЖУРНАЛ ГЛАУКОМА,2078-4104;2311-6862,true,,
"САРКОМЫ КОСТЕЙ, МЯГКИХ ТКАНЕЙ И ОПУХОЛИ КОЖИ",2219-4614;2782-3687,true,,
ИЗВЕСТИЯ КОМИ НАУЧНОГО ЦЕНТРА УРО РАН,1994-5655,true,,
СОВРЕМЕННАЯ ТЕРАПИЯ ПСИХИЧЕСКИХ РАССТРОЙСТВ,2306-4137,true,,
СЕВЕРНОРУССКИЕ ГОВОРЫ,0134-8515,true,,
ИШРАК. ЖУРНАЛ ИСЛАМСКОЙ ФИЛОСОФИИ,2949-1126;3034-1841,true,,
CARDIOСОМАТИКА,2221-7185;2658-5707,true,,
АТЕРОСКЛЕРОЗ,2078-256X;2949-3633,true,,
ТРУДОВОЕ ПРАВО В РОССИИ И ЗА РУБЕЖОМ,2221-3295,true,,
НАУКА И ТЕХНОЛОГИЧЕСКИЕ РАЗРАБОТКИ,2410-7948;2079-5165,true,,
ВОПРОСЫ ИННОВАЦИОННОЙ ЭКОНОМИКИ,2222-0372,true,,
"ЭКОНОМИКА, ПРЕДПРИНИМАТЕЛЬСТВО И ПРАВО",2222-534X,true,,
НАУЧНЫЕ ИССЛЕДОВАНИЯ ЭКОНОМИЧЕСКОГО ФАКУЛЬТЕТА. ЭЛЕКТРОННЫЙ ЖУРНАЛ,2078-3809,true,,
ЛЕСОТЕХНИЧЕСКИЙ ЖУРНАЛ,2222-7962,true,,
ВРЕМЕННИК ЗУБОВСКОГО ИНСТИТУТА,2221-8130,true,,
ХИРУРГИЯ И ОНКОЛОГИЯ,2949-5857,true,,
НАУКОЕМКИЕ ТЕХНОЛОГИИ В МАШИНОСТРОЕНИИ,2223-4608,true,,
ПРОФЕССИОНАЛЬНОЕ ОБРАЗОВАНИЕ В СОВРЕМЕННОМ МИРЕ,2224-1841;2712-7923,true,,
ВЕСТНИК БУРЯТСКОГО НАУЧНОГО ЦЕНТРА СИБИРСКОГО ОТДЕЛЕНИЯ РОССИЙСКОЙ АКАДЕМИИ НАУК,2222-9175,true,,
ТЕОРЕТИЧЕСКАЯ ЭКОНОМИКА,2221-3260,true,,
МЕДИЦИНСКИЙ ВЕСТНИК ЮГА РОССИИ,2219-8075;2618-7876,true,,
ГЛАВНЫЙ ЗООТЕХНИК,2074-7454,true,,
ИЗВЕСТИЯ ИРКУТСКОГО ГОСУДАРСТВЕННОГО УНИВЕРСИТЕТА. СЕРИЯ ИСТОРИЯ,2222-9124,true,,
ВОРОНЕЖСКИЙ НАУЧНО-ТЕХНИЧЕСКИЙ ВЕСТНИК,2311-8873,true,,
ГУМАНИТАРНЫЕ НАУКИ. ВЕСТНИК ФИНАНСОВОГО УНИВЕРСИТЕТА,2226-7867,true,,
ВЕСТНИК ВОРОНЕЖСКОГО ГОСУДАРСТВЕННОГО УНИВЕРСИТЕТА ИНЖЕНЕРНЫХ ТЕХНОЛОГИЙ,2226-910X;2310-1202,true,,
ИЗВЕСТИЯ ИРКУТСКОГО ГОСУДАРСТВЕННОГО УНИВЕРСИТЕТА. СЕРИЯ ГЕОАРХЕОЛОГИЯ. ЭТНОЛОГИЯ. АНТРОПОЛОГИЯ,2227-2380,true,,
ВЕСТНИК РОССИЙСКОГО ЭКОНОМИЧЕСКОГО УНИВЕРСИТЕТА ИМЕНИ Г.В. ПЛЕХАНОВА,2413-2829;2587-9251,true,,
ЕЖЕГОДНИК ЯПОНИЯ,2687-1432;2687-1440,true,,
УРОЛОГИЧЕСКИЕ ВЕДОМОСТИ,2225-9074;2687-1416,true,,
ИЗВЕСТИЯ ВУЗОВ. ИНВЕСТИЦИИ. СТРОИТЕЛЬСТВО. НЕДВИЖИМОСТЬ,2227-2917;2500-154X,true,,
СОВРЕМЕННОЕ ДОШКОЛЬНОЕ ОБРАЗОВАНИЕ,2782-4519;2949-5962,true,,
ЛАТИНОАМЕРИКАНСКИЙ ИСТОРИЧЕСКИЙ АЛЬМАНАХ,2305-8773;2713-0282,true,,
ИСТОРИКО-ЭКОНОМИЧЕСКИЕ ИССЛЕДОВАНИЯ,2308-2488;2658-7068,true,,
ИСТОРИЧЕСКИЙ ЖУРНАЛ НАУЧНЫЕ ИССЛЕДОВАНИЯ,2222-1972;2454-0609,true,,
МЕЖДУНАРОДНОЕ ПРАВО И МЕЖДУНАРОДНЫЕ ОРГАНИЗАЦИИ,2226-6305;2454-0633,true,,
МИР НОВОЙ ЭКОНОМИКИ,2220-6469;2220-7872,true,,
ТРУДЫ ГПНТБ СО РАН,2618-7515;2712-7915,true,,
ЖУРНАЛ АНАТОМИИ И ГИСТОПАТОЛОГИИ,2225-7357,true,,
ВЕСТНИК СИБИРСКОГО ГОСУДАРСТВЕННОГО ИНДУСТРИАЛЬНОГО УНИВЕРСИТЕТА,2304-4497,true,,
СТРОИТЕЛЬСТВО НАУКА И ОБРАЗОВАНИЕ,2305-5502,true,,
ПОДЛИННИК. ВОПРОСЫ АТРИБУЦИИ И РЕСТАВРАЦИИ,3034-3224,true,,
ВЕСТНИК ПОВОЛЖСКОГО ГОСУДАРСТВЕННОГО ТЕХНОЛОГИЧЕСКОГО УНИВЕРСИТЕТА. СЕРИЯ РАДИОТЕХНИЧЕСКИЕ И ИНФОКОММУНИКАЦИОННЫЕ СИСТЕМЫ,2306-2819,true,,
ИЗВЕСТИЯ САРАТОВСКОГО УНИВЕРСИТЕТА. НОВАЯ СЕРИЯ. СЕРИЯ АКМЕОЛОГИЯ ОБРАЗОВАНИЯ. ПСИХОЛОГИЯ РАЗВИТИЯ,2304-9790;2541-9013,true,,
ВЕСТНИК АКАДЕМИИ НАУК ЧЕЧЕНСКОЙ РЕСПУБЛИКИ,2076-2348,true,,
УПРАВЛЕНЧЕСКИЕ НАУКИ,2304-022X;2618-9941,true,,
ВОПРОСЫ УПРАВЛЕНИЯ,2304-3369;2308-8842,true,,
АТЕРОТРОМБОЗ,2307-1109;2658-5952,true,,
ВОПРОСЫ УРОЛОГИИ И АНДРОЛОГИИ,2307-6631;2414-9527,true,,
НАУЧНЫЕ ИССЛЕДОВАНИЯ И РАЗРАБОТКИ. СОЦИАЛЬНО-ГУМАНИТАРНЫЕ ИССЛЕДОВАНИЯ И ТЕХНОЛОГИИ,2587-912X,true,,
НАУЧНО-ПЕДАГОГИЧЕСКОЕ ОБОЗРЕНИЕ,2307-6127,true,,
ПРИНЦИПЫ ЭКОЛОГИИ,2304-6465,true,,
ВЕСТНИК ПРАКТИЧЕСКОЙ ПСИХОЛОГИИ ОБРАЗОВАНИЯ,2658-3100,true,,
УПРАВЛЕНИЕ,2309-3633;2713-1645,true,,
КЛИНИЧЕСКАЯ ЭНДОСКОПИЯ,2415-7813,true,,
ЕВРАЗИЙСКИЙ КАРДИОЛОГИЧЕСКИЙ ЖУРНАЛ,2225-1685;2305-0748,true,,
ИЗВЕСТИЯ ЮГО-ЗАПАДНОГО ГОСУДАРСТВЕННОГО УНИВЕРСИТЕТА. СЕРИЯ ТЕХНИКА И ТЕХНОЛОГИИ,2223-1528,true,,
ВЕСТНИК ГОСУДАРСТВЕННОГО УНИВЕРСИТЕТА МОРСКОГО И РЕЧНОГО ФЛОТА ИМ. АДМИРАЛА С.О. МАКАРОВА,2309-5180;2500-0551,true,,
REVIEW OF BUSINESS AND ECONOMICS STUDIES,2308-944X;2311-0279,true,,
САМАРСКИЙ НАУЧНЫЙ ВЕСТНИК,2309-4370;2782-3016,true,,
НЕПРЕРЫВНОЕ ОБРАЗОВАНИЕ XXI ВЕК,2308-7234,true,,
ВОЛГОГРАДСКИЙ НАУЧНО-МЕДИЦИНСКИЙ ЖУРНАЛ,2658-4514,true,,
"НЕОНАТОЛОГИЯ НОВОСТИ, МНЕНИЯ, ОБУЧЕНИЕ",2308-2402;2658-7424,true,,
КОММУНИКОЛОГИЯ,2311-3065;2311-3332,true,,
ФАРМАКОКИНЕТИКА И ФАРМАКОДИНАМИКА,2587-7836;2686-8830,true,,
АЛЬМАНАХ ИНСТИТУТА КОРРЕКЦИОННОЙ ПЕДАГОГИКИ,2312-0304,true,,
ВЕСТНИК УНИВЕРСИТЕТА ИМЕНИ О.Е. КУТАФИНА (МГЮА),2311-5998,true,,
ИБЕРОАМЕРИКАНСКИЕ ТЕТРАДИ,2409-3416;2658-5219,true,,
"БИОСФЕРНАЯ СОВМЕСТИМОСТЬ: ЧЕЛОВЕК, РЕГИОН, ТЕХНОЛОГИИ",2311-1518,true,,
ВЕСТНИК ДОНЕЦКОЙ АКАДЕМИИ ТРАНСПОРТА,3034-6681,true,,
ЭЛЕКТРОННЫЕ БИБЛИОТЕКИ,1562-5419,true,,
ЗЛОКАЧЕСТВЕННЫЕ ОПУХОЛИ,2224-5057;2587-6813,true,,
АРХИВ АКУШЕРСТВА И ГИНЕКОЛОГИИ ИМ. В.Ф. СНЕГИРЕВА,2313-8726;2687-1386,true,,
УФИМСКИЙ АРХЕОЛОГИЧЕСКИЙ ВЕСТНИК,1814-1692;2782-2842,true,,
РЕГИОНАЛИСТИКА,2313-0881,true,,
УЧЕТ. АНАЛИЗ. АУДИТ,2408-9303;2619-130X,true,,
ОБСЕРВАТОРИЯ КУЛЬТУРЫ,2072-3156;2588-0047,true,,
ПРОФЕССИОНАЛЬНОЕ ОБРАЗОВАНИЕ И РЫНОК ТРУДА,2307-4264;2712-9268,true,,
ИСКУССТВЕННЫЕ ОБЩЕСТВА,2077-5180,true,,
ПРЕДПРИНИМАТЕЛЬСКОЕ ПРАВО,1999-4788,true,,
ФУНДАМЕНТАЛЬНЫЕ ИССЛЕДОВАНИЯ,1812-7339,true,,
ВЕСТНИК МОСКОВСКОГО УНИВЕРСИТЕТА. СЕРИЯ 27 ГЛОБАЛИСТИКА И ГЕОПОЛИТИКА,2414-4894,true,,
ВЕСТНИК ТЮМЕНСКОГО ГОСУДАРСТВЕННОГО УНИВЕРСИТЕТА. СОЦИАЛЬНО-ЭКОНОМИЧЕСКИЕ И ПРАВОВЫЕ ИССЛЕДОВАНИЯ,2411-7897;2500-3534,true,,
ПРОБЛЕМЫ ПОСТСОВЕТСКОГО ПРОСТРАНСТВА,2313-8920;2587-8174,true,,
БИБЛИОГРАФИЯ И КНИГОВЕДЕНИЕ,2411-2305,true,,
СЛАВЯНСКИЙ МИР В ТРЕТЬЕМ ТЫСЯЧЕЛЕТИИ,2412-6446,true,,
"НАУЧНЫЙ ВЕСТНИК ФИНАНСЫ, БАНКИ, ИНВЕСТИЦИИ",2312-5330,true,,
ХУДОЖЕСТВЕННАЯ КУЛЬТУРА,2226-0072,true,,
СЕМЕЙНОЕ И ЖИЛИЩНОЕ ПРАВО,1999-477X,true,,
ФАРМАКОГЕНЕТИКА И ФАРМАКОГЕНОМИКА,2588-0527;2686-8849,true,,
МЕЖДУНАРОДНАЯ ТОРГОВЛЯ И ТОРГОВАЯ ПОЛИТИКА,2410-7395;2414-4649,true,,
ПРОДОВОЛЬСТВЕННАЯ ПОЛИТИКА И БЕЗОПАСНОСТЬ,2499-9431;2412-8694,true,,
МИНЕРАЛОГИЯ,2313-545X;2782-2044,true,,
ЭКОНОМИКА НАУКИ,2410-132X,true,,
АВТОМАТИКА НА ТРАНСПОРТЕ,2412-9186,true,,
ЛЕТНЯЯ ШКОЛА ПО РУССКОЙ ЛИТЕРАТУРЕ,2587-8190,true,,
ФУНДАМЕНТАЛЬНАЯ И ПРИКЛАДНАЯ КЛИМАТОЛОГИЯ,2410-8758,true,,
ЭКОНОМИКА. ПРОФЕССИЯ. БИЗНЕС,2413-8584,true,,
ВЕСТНИК РГГУ. СЕРИЯ ФИЛОСОФИЯ. СОЦИОЛОГИЯ. ИСКУССТВОВЕДЕНИЕ,2073-6401,true,,
ВЕСТНИК РГГУ. СЕРИЯ ПСИХОЛОГИЯ. ПЕДАГОГИКА. ОБРАЗОВАНИЕ,2073-6398,true,,
ЭКОЛОГИЧЕСКАЯ БЕЗОПАСНОСТЬ ПРИБРЕЖНОЙ И ШЕЛЬФОВОЙ ЗОН МОРЯ,2413-5577,true,,
РЫБНОЕ ХОЗЯЙСТВО,0131-6184,true,,
UNIVERSUM HUMANITARIUM,2713-1165;2499-9997,true,,
АДВОКАТСКАЯ ПРАКТИКА,1999-4826,true,,
АРХИВ ПЕДИАТРИИ И ДЕТСКОЙ ХИРУРГИИ,2949-4664,true,,
ВЕСТНИК ГЕОНАУК,2712-7761,true,,
ВЕСТНИК КОСТРОМСКОГО ГОСУДАРСТВЕННОГО УНИВЕРСИТЕТА. СЕРИЯ ПЕДАГОГИКА. ПСИХОЛОГИЯ. СОЦИОКИНЕТИКА,2073-1426,true,,
ГОСУДАРСТВЕННАЯ ВЛАСТЬ И МЕСТНОЕ САМОУПРАВЛЕНИЕ,1813-1247,true,,
МЕЖДУНАРОДНОЕ УГОЛОВНОЕ ПРАВО И МЕЖДУНАРОДНАЯ ЮСТИЦИЯ,2071-1190,true,,
СИБИРСКИЙ ПЕДАГОГИЧЕСКИЙ ЖУРНАЛ,1813-4718,true,,
СЮЖЕТОЛОГИЯ И СЮЖЕТОГРАФИЯ,2713-3133,true,,
ЮРИДИЧЕСКИЙ МИР,1811-1475,true,,
МУЛЬТИДИСЦИПЛИНАРНЫЕ ИССЛЕДОВАНИЯ В АРХЕОЛОГИИ,2658-3550,true,,
