name,issns,active,withdrawn_date,withdrawal_reason
2D MATERIALS,2053-1583,true,,
3D PRINTING AND ADDITIVE MANUFACTURING,2329-7670;2329-7662,true,,
3D PRINTING IN MEDICINE,2365-6271,true,,
3L - LANGUAGE LINGUISTICS LITERATURE - THE SOUTHEAST ASIAN JOURNAL OF ENGLISH LANGUAGE STUDIES,2550-2247;0128-5157,true,,
AAPG BULLETIN,1558-9153;0149-1423,true,,
ABACUS - A JOURNAL OF ACCOUNTING FINANCE AND BUSINESS STUDIES,1467-6281;0001-3072,true,,
ACADEMIC EMERGENCY MEDICINE,1553-2712;1069-6563,true,,
ACADEMIC MEDICINE,1938-808X;1040-2446,true,,
ACADEMIC PEDIATRICS,1876-2867;1876-2859,true,,
ACADEMIC PSYCHIATRY,1545-7230;1042-9670,true,,
ACADEMIC RADIOLOGY,1878-4046;1076-6332,true,,
ACADEMY OF MANAGEMENT ANNALS,1941-6520;1941-6067,true,,
ACADEMY OF MANAGEMENT DISCOVERIES,2168-1007,true,,
ACADEMY OF MANAGEMENT JOURNAL,1948-0989;0001-4273,true,,
ACADEMY OF MANAGEMENT LEARNING AND EDUCATION,1944-9585;1537-260X,true,,
ACADEMY OF MANAGEMENT PERSPECTIVES,1943-4529;1558-9080,true,,
ACADEMY OF MANAGEMENT REVIEW,1930-3807;0363-7425,true,,
ACADIENSIS,1712-7432;0044-5851,true,,
ACCIDENT ANALYSIS AND PREVENTION,1879-2057;0001-4575,true,,
ACCOUNTABILITY IN RESEARCH-POLICIES AND QUALITY ASSURANCE,1545-5815;0898-9621,true,,
ACCOUNTING AND BUSINESS RESEARCH,2159-4260;0001-4788,true,,
"ACCOUNTING, AUDITING AND ACCOUNTABILITY JOURNAL",1368-0668,true,,
ACCOUNTING EDUCATION,1468-4489;0963-9284,true,,
ACCOUNTING FORUM,1467-6303;0155-9982,true,,
"ACCOUNTING, ORGANIZATIONS AND SOCIETY",1873-6289;0361-3682,true,,
ACCOUNTING REVIEW,1558-7967;0001-4826,true,,
ACCOUNTS OF CHEMICAL RESEARCH,1520-4898;0001-4842,true,,
ACCOUNTS OF MATERIALS RESEARCH,2643-6728,true,,
ACE - ARCHITECTURE CITY AND ENVIRONMENT,1886-4805;1887-7052,true,,
ACM COMPUTING SURVEYS,1557-7341;0360-0300,true,,
ACM JOURNAL ON COMPUTING AND CULTURAL HERITAGE,1556-4711;1556-4673,true,,
ACM TRANSACTIONS ON ALGORITHMS,1549-6333;1549-6325,true,,
ACM TRANSACTIONS ON APPLIED PERCEPTION,1544-3965;1544-3558,true,,
ACM TRANSACTIONS ON COMPUTATIONAL LOGIC,1557-945X;1529-3785,true,,
ACM TRANSACTIONS ON COMPUTER-HUMAN INTERACTION,1557-7325;1073-0516,true,,
ACM TRANSACTIONS ON COMPUTER SYSTEMS,1557-7333;0734-2071,true,,
ACM TRANSACTIONS ON COMPUTING EDUCATION,1946-6226,true,,
ACM TRANSACTIONS ON CYBER-PHYSICAL SYSTEMS,2378-9638;2378-962X,true,,
ACM TRANSACTIONS ON ECONOMICS AND COMPUTATION,2167-8383;2167-8375,true,,
ACM TRANSACTIONS ON GRAPHICS,1557-7368;0730-0301,true,,
ACM TRANSACTIONS ON HUMAN-ROBOT INTERACTION,2573-9522,true,,
ACM TRANSACTIONS ON INFORMATION SYSTEMS,1558-2868;1046-8188,true,,
ACM TRANSACTIONS ON INTELLIGENT SYSTEMS AND TECHNOLOGY,2157-6912;2157-6904,true,,
ACM TRANSACTIONS ON INTERACTIVE INTELLIGENT SYSTEMS,2160-6463;2160-6455,true,,
ACM TRANSACTIONS ON INTERNET TECHNOLOGY,1557-6051;1533-5399,true,,
ACM TRANSACTIONS ON KNOWLEDGE DISCOVERY FROM DATA,1556-472X;1556-4681,true,,
ACM TRANSACTIONS ON MANAGEMENT INFORMATION SYSTEMS,2158-6578;2158-656X,true,,
ACM TRANSACTIONS ON MATHEMATICAL SOFTWARE,1557-7295;0098-3500,true,,
ACM TRANSACTIONS ON MODELING AND COMPUTER SIMULATION,1558-1195;1049-3301,true,,
"ACM TRANSACTIONS ON MULTIMEDIA COMPUTING, COMMUNICATIONS AND APPLICATIONS",1551-6865;1551-6857,true,,
ACM TRANSACTIONS ON PRIVACY AND SECURITY,2471-2574;2471-2566,true,,
ACM TRANSACTIONS ON RECONFIGURABLE TECHNOLOGY AND SYSTEMS,1936-7414;1936-7406,true,,
ACM TRANSACTIONS ON SOFTWARE ENGINEERING AND METHODOLOGY,1557-7392;1049-331X,true,,
ACM TRANSACTIONS ON SPATIAL ALGORITHMS AND SYSTEMS,2374-0361;2374-0353,true,,
ACM TRANSACTIONS ON THE WEB,1559-114X;1559-1131,true,,
ACROSS LANGUAGES AND CULTURES,1588-2519;1585-1923,true,,
ACS APPLIED ELECTRONIC MATERIALS,2637-6113,true,,
ACS APPLIED ENERGY MATERIALS,2574-0962,true,,
ACS APPLIED MATERIALS & INTERFACES,1944-8252;1944-8244,true,,
ACS APPLIED NANO MATERIALS,2574-0970,true,,
ACS APPLIED POLYMER MATERIALS,2637-6105,true,,
ACS CATALYSIS,2155-5435,true,,
ACS CENTRAL SCIENCE,2374-7951;2374-7943,true,,
ACS CHEMICAL BIOLOGY,1554-8937;1554-8929,true,,
JOURNAL OF CHEMICAL HEALTH AND SAFETY,1878-0504;1871-5532,true,,
ACS CHEMICAL NEUROSCIENCE,1948-7193,true,,
ACS EARTH AND SPACE CHEMISTRY,2472-3452,true,,
ACS ENERGY LETTERS,2380-8195,true,,
ACS INFECTIOUS DISEASES,2373-8227,true,,
ACS MACRO LETTERS,2161-1653,true,,
ACS MATERIALS LETTERS,2639-4979,true,,
ACS MEDICINAL CHEMISTRY LETTERS,1948-5875,true,,
ACS NANO,1936-086X;1936-0851,true,,
ACS OMEGA,2470-1343,true,,
ACS PHARMACOLOGY AND TRANSLATIONAL SCIENCE,2575-9108,true,,
ACS PHOTONICS,2330-4022,true,,
ACS SENSORS,2379-3694,true,,
ACS SUSTAINABLE CHEMISTRY & ENGINEERING,2168-0485,true,,
ACS SYNTHETIC BIOLOGY,2161-5063,true,,
ACTA ANALYTICA - INTERNATIONAL PERIODICAL FOR PHILOSOPHY IN THE ANALYTICAL TRADITION,1874-6349;0353-5150,true,,
ACTA ASTRONAUTICA,1879-2030;0094-5765,true,,
ACTA BIOMATERIALIA,1878-7568;1742-7061,true,,
ACTA BOREALIA,1503-111X,true,,
"ACTA CRYSTALLOGRAPHICA SECTION B: STRUCTURAL SCIENCE, CRYSTAL ENGINEERING AND MATERIALS",2052-5192;2052-5206,true,,
ACTA CRYSTALLOGRAPHICA SECTION D: STRUCTURAL BIOLOGY,2059-7983,true,,
ACTA DERMATO - VENEREOLOGICA,1651-2057;0001-5555,true,,
ACTA GEOGRAPHICA SLOVENICA - GEOGRAFSKI ZBORNIK,1854-5106;1581-6613;1581-8314,true,,
ACTA GEOLOGICA SINICA - ENGLISH EDITION,1755-6724;1000-9515,true,,
ACTA GEOTECHNICA,1861-1133;1861-1125,true,,
ACTA HISTRIAE,2591-1767;1318-0185,true,,
ACTA LINGUISTICA ACADEMICA,2560-1016;2559-8201,true,,
ACTA MATERIALIA,1873-2453;1359-6454,true,,
ACTA MATHEMATICA,1871-2509;0001-5962,true,,
ACTA MECHANICA SINICA/LIXUE XUEBAO,1614-3116;0567-7718,true,,
ACTA METALLURGICA SINICA (ENGLISH LETTERS),2194-1289;1006-7191,true,,
ACTA MISSIOLOGICA,1337-7515;2453-7160,true,,
ACTA NATURAE|ACTA NATURAE (РУССКОЯЗЫЧНАЯ ВЕРСИЯ),2075-8243;2075-8251,true,,
ACTA NEUROCHIRURGICA,0942-0940;0001-6268,true,,
ACTA NEUROPATHOLOGICA,1432-0533;0001-6322,true,,
ACTA NEUROPATHOLOGICA COMMUNICATIONS,2051-5960,true,,
ACTA NEUROPSYCHIATRICA,1601-5215;0924-2708,true,,
ACTA NUMERICA,1474-0508;0962-4929,true,,
ACTA OBSTETRICIA ET GYNECOLOGICA SCANDINAVICA,1600-0412;0001-6349,true,,
ACTA OPHTHALMOLOGICA,1755-3768;1755-375X,true,,
ACTA ORTHOPAEDICA,1745-3682;1745-3674,true,,
ACTA OTORHINOLARYNGOLOGICA ITALICA,1827-675X;0392-100X,true,,
"ACTA PAEDIATRICA, INTERNATIONAL JOURNAL OF PAEDIATRICS",1651-2227;0803-5253,true,,
ACTA PALAEONTOLOGICA POLONICA,1732-2421;0567-7920,true,,
ACTA PHARMACEUTICA SINICA B,2211-3843;2211-3835,false,2024-07-11,removed from the White List
ACTA PHARMACOLOGICA SINICA,1745-7254;1671-4083,true,,
ACTA PHYSICO-CHIMICA SINICA,1000-6818,true,,
ACTA PHYSIOLOGIAE PLANTARUM,1861-1664;0137-5881,true,,
ACTA PHYSIOLOGICA,1748-1716;1748-1708,true,,
ACTA POLITICA,1741-1416;0001-6810,true,,
ACTA POLYTECHNICA HUNGARICA,1785-8860;2064-2687,true,,
ACTA PSYCHIATRICA SCANDINAVICA,1600-0447;0001-690X,true,,
ACTA SOCIOLOGICA,1502-3869;0001-6993,true,,
ACTA TECHNOLOGICA AGRICULTURAE,1338-5267;1335-2555,true,,
ACTA TROPICA,1873-6254;0001-706X,true,,
ACTA VETERINARIA SCANDINAVICA,1751-0147;0044-605X,true,,
ACTIVE LEARNING IN HIGHER EDUCATION,1741-2625;1469-7874,true,,
AD HOC NETWORKS,1570-8713;1570-8705,true,,
ADAPTATION - THE JOURNAL OF LITERATURE ON SCREEN STUDIES,1755-0645;1755-0637,true,,
ADAPTED PHYSICAL ACTIVITY QUARTERLY,1543-2777;0736-5829,true,,
ADDICTION,1360-0443;0965-2140,true,,
ADDICTION BIOLOGY,1369-1600;1355-6215,true,,
ADDICTION RESEARCH AND THEORY,1606-6359;1476-7392,true,,
ADDICTION SCIENCE & CLINICAL PRACTICE,1940-0640;1940-0632,true,,
ADDICTIVE BEHAVIORS,1873-6327;0306-4603,true,,
ADDITIVE MANUFACTURING,2214-7810;2214-8604,true,,
ADICCIONES,0214-4840,true,,
ADMINISTRATION AND SOCIETY,1552-3039;0095-3997,true,,
ADMINISTRATION AND POLICY IN MENTAL HEALTH AND MENTAL HEALTH SERVICES RESEARCH,1573-3289;0894-587X,true,,
ADMINISTRATIVE LAW REVIEW,2326-9154;0001-8368,true,,
ADMINISTRATIVE SCIENCE QUARTERLY,1930-3815;0001-8392,true,,
ADOLESCENT RESEARCH REVIEW,2363-8354;2363-8346,true,,
ADOPTION AND FOSTERING,1740-469X;0308-5759,true,,
ADOPTION QUARTERLY,1544-452X;1092-6755,true,,
ADSORPTION SCIENCE AND TECHNOLOGY,2048-4038;0263-6174,true,,
ADVANCED COMPOSITES AND HYBRID MATERIALS,2522-0136;2522-0128,true,,
ADVANCED DRUG DELIVERY REVIEWS,1872-8294;0169-409X,true,,
ADVANCED ELECTRONIC MATERIALS,2199-160X,true,,
ADVANCED ENERGY MATERIALS,1614-6840;1614-6832,true,,
ADVANCED ENGINEERING INFORMATICS,1873-5320;1474-0346,true,,
ADVANCED ENGINEERING MATERIALS,1527-2648;1438-1656,true,,
ADVANCED FIBER MATERIALS,2524-793X;2524-7921,true,,
ADVANCED FUNCTIONAL MATERIALS,1616-3028;1616-301X,true,,
ADVANCED HEALTHCARE MATERIALS,2192-2659;2192-2640,true,,
ADVANCED INTELLIGENT SYSTEMS,2640-4567,true,,
ADVANCED MANUFACTURING: POLYMER AND COMPOSITES SCIENCE,2055-0340;2055-0359,true,,
ADVANCED MATERIALS,1521-4095;0935-9648,true,,
ADVANCED MATERIALS INTERFACES,2196-7350,true,,
ADVANCED MATERIALS TECHNOLOGIES,2365-709X,true,,
ADVANCED NONLINEAR STUDIES,2169-0375;1536-1365,true,,
ADVANCED OPTICAL MATERIALS,2195-1071,true,,
ADVANCED PHARMACEUTICAL BULLETIN,2251-7308;2228-5881,true,,
ADVANCED PHOTONICS,2577-5421,true,,
ADVANCED POWDER TECHNOLOGY,1568-5527;0921-8831,true,,
ADVANCED QUANTUM TECHNOLOGIES,2511-9044,true,,
ADVANCED SCIENCE,2198-3844,true,,
ADVANCED SUSTAINABLE SYSTEMS,2366-7486,true,,
ADVANCED SYNTHESIS AND CATALYSIS,1615-4169;1615-4150,true,,
ADVANCED THEORY AND SIMULATIONS,2513-0390,true,,
ADVANCED THERAPEUTICS,2366-3987,true,,
ADVANCES IN ANATOMIC PATHOLOGY,1533-4031;1072-4109,true,,
ADVANCES IN APPLIED CERAMICS,1743-6761;1743-6753,true,,
ADVANCES IN ARCHAEOLOGICAL PRACTICE,2326-3768,true,,
ADVANCES IN CALCULUS OF VARIATIONS,1864-8266;1864-8258,true,,
ADVANCES IN KIDNEY DISEASE AND HEALTH,2949-8147;2949-8139,true,,
ADVANCES IN CLIMATE CHANGE RESEARCH,1674-9278,true,,
ADVANCES IN COLLOID AND INTERFACE SCIENCE,1873-3727;0001-8686,true,,
"ADVANCES IN COMPUTATIONAL DESIGN, AN INTERNATIONAL JOURNAL",2466-0523;2383-8477,true,,
ADVANCES IN CONTINUOUS AND DISCRETE MODELS,2731-4235,true,,
ADVANCES IN DIFFERENTIAL EQUATIONS,1079-9389,true,,
ADVANCES IN ENGINEERING SOFTWARE,1873-5339;0965-9978,true,,
ADVANCES IN FUZZY SYSTEMS,1687-711X;1687-7101,true,,
ADVANCES IN HEALTH SCIENCES EDUCATION,1573-1677;1382-4996,true,,
ADVANCES IN HUMAN-COMPUTER INTERACTION,1687-5907;1687-5893,true,,
ADVANCES IN LIFE COURSE RESEARCH,1879-6974;1569-4909,true,,
ADVANCES IN MANUFACTURING,2195-3597;2095-3127,true,,
ADVANCES IN MATERIALS RESEARCH - AN INTERNATIONAL JOURNAL,2234-179X;2234-0912,true,,
ADVANCES IN MATHEMATICS,1090-2082;0001-8708,true,,
ADVANCES IN MEDICAL SCIENCES,1898-4002;1896-1126,true,,
ADVANCES IN METHODS AND PRACTICES IN PSYCHOLOGICAL SCIENCE,2515-2467;2515-2459,true,,
ADVANCES IN NANO RESEARCH,2287-2388;2287-237X,true,,
ADVANCES IN NEONATAL CARE,1536-0911;1536-0903,true,,
ADVANCES IN NONLINEAR ANALYSIS,2191-950X;2191-9496,true,,
ADVANCES IN NURSING SCIENCE,1550-5014;0161-9268,true,,
ADVANCES IN NUTRITION,2161-8313;2156-5376,false,2024-07-11,removed from the White List
ADVANCES IN OPTICS AND PHOTONICS,1943-8206,true,,
ADVANCES IN PHYSICS,1460-6976;0001-8732,true,,
ADVANCES IN PHYSICS - X,2374-6149,true,,
AMERICAN JOURNAL OF PHYSIOLOGY - ADVANCES IN PHYSIOLOGY EDUCATION,1522-1229;1043-4046,true,,
ADVANCES IN POLYMER TECHNOLOGY,1098-2329;0730-6679,true,,
ADVANCES IN PRODUCTION ENGINEERING AND MANAGEMENT,1855-6531;1854-6250,true,,
ADVANCES IN SPACE RESEARCH,1879-1948;0273-1177,true,,
ADVANCES IN THEORETICAL AND MATHEMATICAL PHYSICS,1095-0753;1095-0761,true,,
ADVANCES IN TRIBOLOGY,1687-5923;1687-5915,true,,
ADVANCES IN UROLOGY,1687-6377;1687-6369,true,,
ADVANCES IN WATER RESOURCES,1872-9657;0309-1708,true,,
ADVANCES IN WOUND CARE,2162-1934;2162-1918,true,,
AEOLIAN RESEARCH,2212-1684;1875-9637,true,,
AERA OPEN,2332-8584,true,,
AEROBIOLOGIA,1573-3025;0393-5965,true,,
AEROSOL AND AIR QUALITY RESEARCH,2071-1409;1680-8584,true,,
AEROSOL SCIENCE AND TECHNOLOGY,1521-7388;0278-6826,true,,
AEROSPACE,2226-4310,true,,
AEROSPACE SCIENCE AND TECHNOLOGY,1626-3219;1270-9638,true,,
AESTHETIC SURGERY JOURNAL,1527-330X;1090-820X,true,,
AEU - INTERNATIONAL JOURNAL OF ELECTRONICS AND COMMUNICATIONS,1618-0399;1434-8411,true,,
AFFILIA - JOURNAL OF WOMEN AND SOCIAL WORK,1552-3020;0886-1099,true,,
AFGHANISTAN,2399-3588;2399-357X,true,,
AFRICA REVIEW,0974-4061;0974-4053,true,,
AFRIKA SPECTRUM,1868-6869;0002-0397,true,,
AFRICAN AFFAIRS,1468-2621;0001-9909,true,,
AFRICAN AMERICAN REVIEW,1945-6182;1062-4783,true,,
AFRICAN ARCHAEOLOGICAL REVIEW,1572-9842;0263-0338,true,,
AFRICAN ARTS,1937-2108;0001-9933,true,,
AFRICAN DEVELOPMENT REVIEW - REVUE AFRICAINE DE DEVELOPPEMENT,1467-8268;1017-6772,true,,
AFRICAN GEOGRAPHICAL REVIEW,2163-2642;1937-6812,true,,
AFRICAN JOURNAL OF HERPETOLOGY,2156-4574;2153-3660,true,,
AFRICAN SECURITY,1939-2214;1939-2206,true,,
AFRICAN STUDIES,1469-2872;0002-0184,true,,
AFRICAN STUDIES REVIEW,1555-2462;0002-0206,true,,
AGE AND AGEING,1468-2834;0002-0729,true,,
AGEING RESEARCH REVIEWS,1872-9649;1568-1637,true,,
AGENDA,0002-0796,true,,
AGGREGATE,2692-4560,true,,
AGGRESSION AND VIOLENT BEHAVIOR,1873-6335;1359-1789,true,,
AGING - US,1945-4589,true,,
AGING AND MENTAL HEALTH,1364-6915;1360-7863,true,,
AGING AND DISEASE,2152-5250,true,,
AGING CELL,1474-9726;1474-9718,true,,
AGING - CLINICAL AND EXPERIMENTAL RESEARCH,1720-8319;1594-0667,true,,
AGREKON,2078-0400;0303-1853,true,,
AGRIBUSINESS,1520-6297;0742-4477,true,,
AGRICULTURAL AND ENVIRONMENTAL LETTERS,2471-9625,true,,
AGRICULTURAL AND FOOD ECONOMICS,2193-7532,true,,
AGRICULTURAL AND FOREST ENTOMOLOGY,1461-9563;1461-9555,true,,
AGRICULTURAL AND FOREST METEOROLOGY,1873-2240;0168-1923,true,,
AGRICULTURAL AND RESOURCE ECONOMICS REVIEW,2372-2614;1068-2805,true,,
AGRICULTURAL ECONOMICS,1574-0862;0169-5150,true,,
AGRICULTURAL ECONOMICS - ZEMEDELSKA EKONOMIKA,1805-9295;0139-570X,true,,
AGRICULTURAL FINANCE REVIEW,2041-6326;0002-1466,true,,
AGRICULTURAL HISTORY,1533-8290;0002-1482,true,,
AGRICULTURAL HISTORY REVIEW,0002-1490,true,,
AGRICULTURAL SYSTEMS,1873-2267;0308-521X,true,,
AGRICULTURAL WATER MANAGEMENT,1873-2283;0378-3774,false,2024-07-11,removed from the White List
AGRICULTURE (SWITZERLAND),2077-0472,true,,
AGRICULTURE AND HUMAN VALUES,1572-8366;0889-048X,true,,
"AGRICULTURE, ECOSYSTEMS AND ENVIRONMENT",1873-2305;0167-8809,true,,
AGRIENGINEERING,2624-7402,true,,
AGROECOLOGY AND SUSTAINABLE FOOD SYSTEMS,2168-3573;2168-3565,true,,
AGROFORESTRY SYSTEMS,1572-9680;0167-4366,true,,
AGRONOMY - BASEL,2073-4395,true,,
AGRONOMY FOR SUSTAINABLE DEVELOPMENT,1774-0746;1773-0155,true,,
AGRONOMY JOURNAL,1435-0645;0002-1962,true,,
AGU ADVANCES,2576-604X,true,,
AIAA JOURNAL,1533-385X;0001-1452,true,,
AICHE JOURNAL,1547-5905;0001-1541,true,,
AIDS,1473-5571;0269-9370,true,,
AIDS AND BEHAVIOR,1573-3254;1090-7165,true,,
AIDS PATIENT CARE AND STDS,1557-7449;1087-2914,true,,
AILA REVIEW,1570-5595;1461-0213,true,,
AIMS MATHEMATICS,2473-6988,true,,
AIN SHAMS ENGINEERING JOURNAL,2090-4495;2090-4479,false,2024-07-11,removed from the White List
"AIR QUALITY, ATMOSPHERE AND HEALTH",1873-9326;1873-9318,true,,
AJIL UNBOUND,2398-7723,true,,
ALABE - REVISTA DE INVESTIGACION SOBRE LECTURA Y ESCRITURA,2171-9624,true,,
ALCOHOL AND ALCOHOLISM,1464-3502;0735-0414,true,,
ALCOHOL: CLINICAL AND EXPERIMENTAL RESEARCH,2993-7175,true,,
ALDRICHIMICA ACTA,0002-5100,true,,
ALEA - ESTUDOS NEOLATINOS,1807-0299;1517-106X,true,,
ALEPH - HISTORICAL STUDIES IN SCIENCE & JUDAISM,1565-5423;1565-1525;1553-3956,true,,
AEJ - ALEXANDRIA ENGINEERING JOURNAL,2090-2670;1110-0168,false,2024-07-11,removed from the White List
ALGAE,2093-0860;1226-2617,true,,
ALGAL RESEARCH - BIOMASS BIOFUELS AND BIOPRODUCTS,2211-9264,true,,
ALGEBRAIC GEOMETRY,2313-1691;2214-2584,true,,
ALIMENTARY PHARMACOLOGY AND THERAPEUTICS,1365-2036;0269-2813,true,,
ALL EARTH,2766-9645,true,,
ALLERGO JOURNAL,2195-6405;0941-8849,true,,
ALLERGOLOGY INTERNATIONAL,1440-1592;1323-8930,false,2024-07-11,removed from the White List
ALLERGY: EUROPEAN JOURNAL OF ALLERGY AND CLINICAL IMMUNOLOGY,1398-9995;0105-4538,true,,
ALLERGY AND ASTHMA PROCEEDINGS,1539-6304;1088-5412,true,,
ALPINE BOTANY,1664-221X;1664-2201,true,,
ALTERNATIVE - AN INTERNATIONAL JOURNAL OF INDIGENOUS PEOPLES,1177-1801;1174-1740,true,,
ALTERNATIVES,2163-3150;0304-3754,true,,
ALTEX,1868-596X,true,,
"ALZHEIMER'S AND DEMENTIA: DIAGNOSIS, ASSESSMENT AND DISEASE MONITORING",2352-8729,true,,
ALZHEIMER DISEASE AND ASSOCIATED DISORDERS,0893-0341;1546-4156,true,,
ALZHEIMER'S AND DEMENTIA,1552-5279;1552-5260,true,,
ALZHEIMER'S AND DEMENTIA: TRANSLATIONAL RESEARCH AND CLINICAL INTERVENTIONS,2352-8737,true,,
ALZHEIMER'S RESEARCH AND THERAPY,1758-9193,true,,
AMBIO,1654-7209;0044-7447,true,,
AMERASIA JOURNAL,0044-7471,true,,
AMERICA SIN NOMBRE,1989-9831;1577-3442,true,,
AMERICAN ANTHROPOLOGIST,1548-1433;0002-7294,true,,
AMERICAN ANTIQUITY,2325-5064;0002-7316,true,,
AMERICAN BEHAVIORAL SCIENTIST,1552-3381;0002-7642,true,,
AMERICAN BUSINESS LAW JOURNAL,1744-1714;0002-7766,true,,
AMERICAN ECONOMIC JOURNAL - APPLIED ECONOMICS,1945-7790;1945-7782,true,,
AMERICAN ECONOMIC JOURNAL - ECONOMIC POLICY,1945-774X;1945-7731,true,,
AMERICAN ECONOMIC JOURNAL - MACROECONOMICS,1945-7715;1945-7707,true,,
AMERICAN ECONOMIC JOURNAL - MICROECONOMICS,1945-7685;1945-7669,true,,
AMERICAN ECONOMIC REVIEW,1944-7981;0002-8282,true,,
AMERICAN ECONOMIC REVIEW - INSIGHTS,2640-2068;2640-205X,true,,
AMERICAN EDUCATIONAL RESEARCH JOURNAL,1935-1011;0002-8312,true,,
AMERICAN ETHNOLOGIST,1548-1425;0094-0496,true,,
AMERICAN FAMILY PHYSICIAN,1532-0650;0002-838X,true,,
AMERICAN HEALTH AND DRUG BENEFITS,1942-2970;1942-2962,true,,
AMERICAN HEART JOURNAL,1097-6744;0002-8703,true,,
AMERICAN HISTORICAL REVIEW,1937-5239;0002-8762,true,,
AMERICAN IMAGO,1085-7931;0065-860X,true,,
AMERICAN INDIAN AND ALASKA NATIVE MENTAL HEALTH RESEARCH,1533-7731;0893-5394,true,,
AMERICAN JOURNAL OF AGRICULTURAL ECONOMICS,1467-8276;0002-9092,true,,
AMERICAN JOURNAL OF ARCHAEOLOGY,1939-828X;0002-9114,true,,
AMERICAN JOURNAL OF BIOETHICS,1536-0075;1526-5161,true,,
AMERICAN JOURNAL OF BIOLOGICAL ANTHROPOLOGY,2692-7691,true,,
AMERICAN JOURNAL OF BOTANY,1537-2197;0002-9122,true,,
AMERICAN JOURNAL OF CARDIOVASCULAR DRUGS,1179-187X;1175-3277,true,,
AMERICAN JOURNAL OF CHINESE MEDICINE,1793-6853;0192-415X,true,,
AMERICAN JOURNAL OF CLINICAL DERMATOLOGY,1179-1888;1175-0561,true,,
AMERICAN JOURNAL OF CLINICAL NUTRITION,1938-3207;0002-9165,true,,
AMERICAN JOURNAL OF CLINICAL PATHOLOGY,1943-7722;0002-9173,true,,
AMERICAN JOURNAL OF COMMUNITY PSYCHOLOGY,1573-2770;0091-0562,true,,
AMERICAN JOURNAL OF CRIMINAL JUSTICE,1936-1351;1066-2316,true,,
AMERICAN JOURNAL OF CRITICAL CARE,1937-710X;1062-3264,true,,
AMERICAN JOURNAL OF CULTURAL SOCIOLOGY,2049-7113;2049-7121,true,,
AMERICAN JOURNAL OF DISTANCE EDUCATION,1538-9286;0892-3647,true,,
AMERICAN JOURNAL OF EDUCATION,1549-6511;0195-6744,true,,
AMERICAN JOURNAL OF EMERGENCY MEDICINE,1532-8171;0735-6757,true,,
AMERICAN JOURNAL OF ENOLOGY AND VITICULTURE,1943-7749;0002-9254,true,,
AMERICAN JOURNAL OF EPIDEMIOLOGY,1476-6256;0002-9262,true,,
AMERICAN JOURNAL OF EVALUATION,1557-0878;1098-2140,true,,
AMERICAN JOURNAL OF GASTROENTEROLOGY,1572-0241;0002-9270,true,,
AMERICAN JOURNAL OF GERIATRIC PSYCHIATRY,1545-7214;1064-7481,true,,
AMERICAN JOURNAL OF HEALTH ECONOMICS,2332-3507;2332-3493,true,,
AMERICAN JOURNAL OF HEALTH PROMOTION,2168-6602;0890-1171,true,,
AMERICAN JOURNAL OF HEMATOLOGY,1096-8652;0361-8609,true,,
AMERICAN JOURNAL OF HOSPICE AND PALLIATIVE MEDICINE,1049-9091,true,,
AMERICAN JOURNAL OF HUMAN BIOLOGY,1520-6300;1042-0533,true,,
AMERICAN JOURNAL OF HUMAN GENETICS,1537-6605;0002-9297,true,,
AMERICAN JOURNAL OF HYPERTENSION,1941-7225;0895-7061,true,,
AMERICAN JOURNAL OF INFECTION CONTROL,1527-3296;0196-6553,true,,
AMERICAN JOURNAL OF INTERNATIONAL LAW,2161-7953;0002-9300,true,,
AMERICAN JOURNAL OF KIDNEY DISEASES,1523-6838;0272-6386,true,,
AMERICAN JOURNAL OF MANAGED CARE,1088-0224;1936-2692;1096-1860,true,,
AMERICAN JOURNAL OF MATHEMATICS,1080-6377;0002-9327,true,,
"AMERICAN JOURNAL OF MEDICAL GENETICS, PART B, NEUROPSYCHIATRIC GENETICS",1552-485X;1552-4841,true,,
AMERICAN JOURNAL OF MEDICINE,1555-7162;0002-9343,true,,
AMERICAN JOURNAL OF MEN'S HEALTH,1557-9891;1557-9883,true,,
AMERICAN JOURNAL OF NEPHROLOGY,1421-9670;0250-8095,true,,
AMERICAN JOURNAL OF NEURORADIOLOGY,1936-959X;0195-6108,true,,
AMERICAN JOURNAL OF NURSING,1538-7488;0002-936X,true,,
AMERICAN JOURNAL OF OBSTETRICS AND GYNECOLOGY MFM,2589-9333,true,,
AMERICAN JOURNAL OF OBSTETRICS AND GYNECOLOGY,1097-6868;0002-9378,true,,
AMERICAN JOURNAL OF OCCUPATIONAL THERAPY,1943-7676;0272-9490,true,,
AMERICAN JOURNAL OF OPHTHALMOLOGY,1879-1891;0002-9394,true,,
AMERICAN JOURNAL OF ORTHODONTICS AND DENTOFACIAL ORTHOPEDICS,1097-6752;0889-5406,true,,
AMERICAN JOURNAL OF ORTHOPSYCHIATRY,1939-0025;0002-9432,true,,
AMERICAN JOURNAL OF OTOLARYNGOLOGY - HEAD AND NECK MEDICINE AND SURGERY,1532-818X;0196-0709,true,,
AMERICAN JOURNAL OF PATHOLOGY,1525-2191;0002-9440,true,,
AMERICAN JOURNAL OF PERINATOLOGY,1098-8785;0735-1631,true,,
AMERICAN JOURNAL OF PHARMACEUTICAL EDUCATION,1553-6467;0002-9459,true,,
AMERICAN JOURNAL OF PHILOLOGY,1086-3168;0002-9475,true,,
AMERICAN JOURNAL OF PHYSICAL MEDICINE AND REHABILITATION,1537-7385;0894-9115,true,,
AMERICAN JOURNAL OF PHYSIOLOGY - CELL PHYSIOLOGY,1522-1563;0363-6143,true,,
AMERICAN JOURNAL OF PHYSIOLOGY - ENDOCRINOLOGY AND METABOLISM,1522-1555;0193-1849,true,,
AMERICAN JOURNAL OF PHYSIOLOGY - GASTROINTESTINAL AND LIVER PHYSIOLOGY,1522-1547;0193-1857,true,,
AMERICAN JOURNAL OF PHYSIOLOGY - HEART AND CIRCULATORY PHYSIOLOGY,1522-1539;0363-6135,true,,
AMERICAN JOURNAL OF PHYSIOLOGY - LUNG CELLULAR AND MOLECULAR PHYSIOLOGY,1522-1504;1040-0605,true,,
AMERICAN JOURNAL OF PHYSIOLOGY - RENAL PHYSIOLOGY,1522-1466;1931-857X,true,,
AMERICAN JOURNAL OF POLITICAL SCIENCE,1540-5907;0092-5853,true,,
AMERICAN JOURNAL OF PREVENTIVE MEDICINE,1873-2607;0749-3797,true,,
AMERICAN JOURNAL OF PRIMATOLOGY,1098-2345;0275-2565,true,,
AMERICAN JOURNAL OF PSYCHIATRY,1535-7228;0002-953X,true,,
AMERICAN JOURNAL OF PUBLIC HEALTH,1541-0048;0090-0036,true,,
AMERICAN JOURNAL OF RESPIRATORY AND CRITICAL CARE MEDICINE,1535-4970;1073-449X,true,,
AMERICAN JOURNAL OF RESPIRATORY CELL AND MOLECULAR BIOLOGY,1535-4989;1044-1549,true,,
AMERICAN JOURNAL OF RHINOLOGY & ALLERGY,1945-8932;1945-8924,true,,
AMERICAN JOURNAL OF ROENTGENOLOGY,1546-3141;0361-803X,true,,
AMERICAN JOURNAL OF SCIENCE,1945-452X;0002-9599,false,2025-07-11,removed from the White List
AMERICAN JOURNAL OF SOCIOLOGY,1537-5390;0002-9602,true,,
AMERICAN JOURNAL OF SPEECH-LANGUAGE PATHOLOGY,1558-9110;1058-0360,true,,
AMERICAN JOURNAL OF SPORTS MEDICINE,1552-3365;0363-5465,true,,
AMERICAN JOURNAL OF SURGERY,1879-1883;0002-9610,true,,
AMERICAN JOURNAL OF SURGICAL PATHOLOGY,1532-0979;0147-5185,true,,
AMERICAN JOURNAL OF THE MEDICAL SCIENCES,1538-2990;0002-9629,true,,
AMERICAN JOURNAL OF TRANSPLANTATION,1600-6143;1600-6135,true,,
AMERICAN JOURNAL OF TROPICAL MEDICINE AND HYGIENE,1476-1645;0002-9637,true,,
AMERICAN LITERARY HISTORY,1468-4365;0896-7148,true,,
AMERICAN LITERATURE,1527-2117;0002-9831,true,,
AMERICAN MINERALOGIST,1945-3027;0003-004X,true,,
AMERICAN MUSEUM NOVITATES,1937-352X;0003-0082,true,,
AMERICAN NATURALIST,1537-5323;0003-0147,true,,
AMERICAN PERIODICALS,1548-4238;1054-7479,true,,
AMERICAN PHILOSOPHICAL QUARTERLY,2152-1123;0003-0481,true,,
AMERICAN POLITICAL SCIENCE REVIEW,1537-5943;0003-0554,true,,
AMERICAN POLITICS RESEARCH,1552-3373;1532-673X,true,,
AMERICAN PSYCHOLOGIST,1935-990X;0003-066X,true,,
AMERICAN QUARTERLY,1080-6490;0003-0678,true,,
AMERICAN REVIEW OF PUBLIC ADMINISTRATION,1552-3357;0275-0740,true,,
AMERICAN SOCIOLOGICAL REVIEW,1939-8271;0003-1224,true,,
AMERICAN SPEECH,1527-2133;0003-1283,true,,
AMERICAN STATISTICIAN,1537-2731;0003-1305,true,,
AMERICAS,1533-6247;0003-1615,true,,
AMFITEATRU ECONOMIC,2247-9104;1582-9146,true,,
AMPHIBIA-REPTILIA,1568-5381;0173-5373,true,,
AMYLOID : THE INTERNATIONAL JOURNAL OF EXPERIMENTAL AND CLINICAL INVESTIGATION : THE OFFICIAL JOURNAL OF THE INTERNATIONAL SOCIETY OF AMYLOIDOSIS,1744-2818;1350-6129,true,,
ANAESTHESIA,1365-2044;0003-2409,true,,
"ANAESTHESIA, CRITICAL CARE & PAIN MEDICINE",2352-5568,true,,
ANALES CERVANTINOS,1988-8325;0569-9878,true,,
ANALYSIS,1467-8284;0003-2638,true,,
ANALYSIS AND PDE,1948-206X;2157-5045,true,,
ANALYSIS AND APPLICATIONS,1793-6861;0219-5305,true,,
ANALYSIS AND MATHEMATICAL PHYSICS,1664-2368;1664-235X,true,,
THE ANALYST,1364-5528;0003-2654,true,,
ANALYTIC METHODS IN ACCIDENT RESEARCH,2213-6665;2213-6657,true,,
ANALYTIC PHILOSOPHY,2153-960X;2153-9596,true,,
ANALYTICA CHIMICA ACTA,1873-4324;0003-2670,true,,
ANALYTICAL AND BIOANALYTICAL CHEMISTRY,1618-2650;1618-2642,true,,
ANALYTICAL CELLULAR PATHOLOGY,2210-7185;2210-7177,true,,
ANALYTICAL CHEMISTRY,1520-6882;0003-2700,true,,
ANALYTICAL METHODS,1759-9679;1759-9660,true,,
ANATOLIA - INTERNATIONAL JOURNAL OF TOURISM AND HOSPITALITY RESEARCH,2156-6909;1303-2917,true,,
ANATOLIAN STUDIES,2048-0849;0066-1546,true,,
ANATOMICAL RECORD - ADVANCES IN INTEGRATIVE ANATOMY AND EVOLUTIONARY BIOLOGY,1932-8494;1932-8486,true,,
ANATOMICAL SCIENCES EDUCATION,1935-9780;1935-9772,true,,
ANCIENT CIVILIZATIONS FROM SCYTHIA TO SIBERIA,1570-0577;0929-077X,true,,
ANCIENT MESOAMERICA,1469-1787;0956-5361,true,,
ANCLAJES,1851-4669;0329-3807,true,,
ANDEAN GEOLOGY,0718-7106;0718-7092,true,,
ANDROLOGIA,1439-0272;0303-4569,true,,
ANDROLOGY,2047-2927;2047-2919,true,,
ANESTHESIA AND ANALGESIA,0003-2999;1526-7598,true,,
ANESTHESIOLOGY,1528-1175;0003-3022,true,,
ANGELAKI - JOURNAL OF THE THEORETICAL HUMANITIES,1469-2899;0969-725X,true,,
ANGEWANDTE CHEMIE - INTERNATIONAL EDITION,1521-3773;1433-7851,true,,
ANGIOGENESIS,1573-7209;0969-6970,true,,
ANGIOLOGY,1940-1574;0003-3197,true,,
ANGLE ORTHODONTIST,1945-7103;0003-3219,true,,
ANIMAL,1751-732X;1751-7311,false,2024-07-11,removed from the White List
ANIMAL BEHAVIOUR,1095-8282;0003-3472,true,,
ANIMAL BIOLOGY,1570-7563;1570-7555,true,,
ANIMAL BIOSCIENCE,2765-0235;2765-0189,true,,
ANIMAL BIOTELEMETRY,2050-3385,true,,
ANIMAL CELLS AND SYSTEMS,2151-2485;1976-8354,true,,
ANIMAL CONSERVATION,1469-1795;1367-9430,true,,
ANIMAL FEED SCIENCE AND TECHNOLOGY,1873-2216;0377-8401,true,,
ANIMAL FRONTIERS,2160-6064;2160-6056,true,,
ANIMAL HEALTH RESEARCH REVIEWS,1475-2654;1466-2523,true,,
ANIMAL MICROBIOME,2524-4671,true,,
ANIMAL NUTRITION,2405-6545;2405-6383,true,,
ANIMAL PRODUCTION SCIENCE,1836-5787;1836-0939,true,,
ANIMAL REPRODUCTION,1984-3143;1806-9614,true,,
ANIMAL REPRODUCTION SCIENCE,1873-2232;0378-4320,true,,
ANIMAL SCIENCE JOURNAL,1740-0929;1344-3941,true,,
ANIMAL WELFARE,0962-7286,true,,
ANIMALS,2076-2615,true,,
ANNALEN DER PHYSIK,1521-3889;0003-3804,true,,
ANNALES: ANALI ZA ISTRSKE IN MEDITERANSKE STUDIJE - ANNALI DI STUDI ISTRIANI E MEDITERRANEI - ANNALS FOR ISTRIAN AND MEDITERRANEAN STUDIES. SERIES HISTORIA ET SOCIOLOGIA,2591-1775;1408-5348,true,,
ANNALES DE L'INSTITUT HENRI POINCARE (C) ANALYSE NON LINEAIRE,1873-1430;0294-1449,true,,
ANNALES SCIENTIFIQUES DE L'ECOLE NORMALE SUPERIEURE,1873-2151;0012-9593,true,,
ANNALI DELLA SCUOLA NORMALE SUPERIORE DI PISA - CLASSE DI SCIENZE,2036-2145;0391-173X,true,,
"ANNALS OF THE ACADEMY OF MEDICINE, SINGAPORE",0304-4602,true,,
ANNALS OF AGRICULTURAL SCIENCES,2090-8377;0570-1783,true,,
"ANNALS OF ALLERGY, ASTHMA AND IMMUNOLOGY",1534-4436;1081-1206,true,,
ANNALS OF ANATOMY - ANATOMISCHER ANZEIGER,1618-0402;0940-9602,true,,
ANNALS OF ANIMAL SCIENCE,2300-8733;1642-3402,true,,
ANNALS OF APPLIED BIOLOGY,1744-7348;0003-4746,true,,
ANNALS OF APPLIED PROBABILITY,1050-5164,true,,
ANNALS OF APPLIED STATISTICS,1941-7330;1932-6157,true,,
ANNALS OF BEHAVIORAL MEDICINE,1532-4796;0883-6612,true,,
ANNALS OF BOTANY,1095-8290;0305-7364,true,,
ANNALS OF CARDIOTHORACIC SURGERY,2304-1021;2225-319X,true,,
ANNALS OF CLINICAL AND TRANSLATIONAL NEUROLOGY,2328-9503,true,,
ANNALS OF CLINICAL BIOCHEMISTRY,1758-1001;0004-5632,true,,
ANNALS OF CLINICAL MICROBIOLOGY AND ANTIMICROBIALS,1476-0711,true,,
ANNALS OF DYSLEXIA,1934-7243;0736-9387,true,,
ANNALS OF EMERGENCY MEDICINE,1097-6760;0196-0644,true,,
ANNALS OF EPIDEMIOLOGY,1873-2585;1047-2797,true,,
ANNALS OF FAMILY MEDICINE,1544-1717;1544-1709,true,,
ANNALS OF FOREST SCIENCE,1297-966X;1286-4560,true,,
ANNALS OF GIS,1947-5691;1947-5683,true,,
ANNALS OF GLACIOLOGY,1727-5644;0260-3055,true,,
ANNALS OF GLOBAL HEALTH,2214-9996,true,,
ANNALS OF INTENSIVE CARE,2110-5820,true,,
ANNALS OF INTERNAL MEDICINE,1539-3704;0003-4819,true,,
ANNALS OF LABORATORY MEDICINE,2234-3814;2234-3806,true,,
ANNALS OF MATHEMATICS,1939-8980;0003-486X,true,,
ANNALS OF MEDICINE,1365-2060;0785-3890;1651-2219,true,,
ANNALS OF NEUROLOGY,1531-8249;0364-5134,true,,
ANNALS OF NUCLEAR ENERGY,1873-2100;0306-4549,true,,
ANNALS OF NUTRITION AND METABOLISM,1421-9697;0250-6807,true,,
ANNALS OF ONCOLOGY,1569-8041;0923-7534,true,,
ANNALS OF OPERATIONS RESEARCH,1572-9338;0254-5330,true,,
ANNALS OF PDE,2524-5317;2199-2576,true,,
ANNALS OF PHYSICAL AND REHABILITATION MEDICINE,1877-0665;1877-0657,true,,
ANNALS OF PHYSICS,1096-035X;0003-4916,true,,
ANNALS OF PROBABILITY,2168-894X;0091-1798,true,,
ANNALS OF PUBLIC AND COOPERATIVE ECONOMICS,0770-8548;1467-8292;1370-4788,true,,
ANNALS OF REGIONAL SCIENCE,1432-0592;0570-1864,true,,
ANNALS OF STATISTICS,2168-8966;0090-5364,true,,
ANNALS OF SURGERY,1528-1140;0003-4932,true,,
ANNALS OF SURGICAL ONCOLOGY,1534-4681;1068-9265,true,,
ANNALS OF THE AMERICAN ACADEMY OF POLITICAL AND SOCIAL SCIENCE,1552-3349;0002-7162,true,,
ANNALS OF THE AMERICAN ASSOCIATION OF GEOGRAPHERS,2469-4460;2469-4452,true,,
ANNALS OF THE AMERICAN THORACIC SOCIETY,2325-6621,true,,
ANNALS OF THE ENTOMOLOGICAL SOCIETY OF AMERICA,1938-2901;0013-8746,true,,
ANNALS OF THE NEW YORK ACADEMY OF SCIENCES,1749-6632;0077-8923,true,,
ANNALS OF THE RHEUMATIC DISEASES,1468-2060;0003-4967,true,,
ANNALS OF THORACIC SURGERY,1552-6259;0003-4975,true,,
ANNALS OF TOURISM RESEARCH,1873-7722;0160-7383,true,,
ANNUAL PLANT REVIEWS ONLINE,2639-3832,true,,
ANNUAL REVIEW OF ANALYTICAL CHEMISTRY,1936-1335;1936-1327,true,,
ANNUAL REVIEW OF ANIMAL BIOSCIENCES,2165-8110;2165-8102,true,,
ANNUAL REVIEW OF ANTHROPOLOGY,1545-4290;0084-6570,true,,
ANNUAL REVIEW OF APPLIED LINGUISTICS,1471-6356;0267-1905,true,,
ANNUAL REVIEW OF ASTRONOMY AND ASTROPHYSICS,1545-4282;0066-4146,true,,
ANNUAL REVIEW OF BIOCHEMISTRY,1545-4509;0066-4154,true,,
ANNUAL REVIEW OF BIOMEDICAL ENGINEERING,1545-4274;1523-9829,true,,
ANNUAL REVIEW OF BIOPHYSICS,1936-1238;1936-122X,true,,
ANNUAL REVIEW OF CANCER BIOLOGY,2472-3428,true,,
ANNUAL REVIEW OF CELL AND DEVELOPMENTAL BIOLOGY,1530-8995;1081-0706,true,,
ANNUAL REVIEW OF CHEMICAL AND BIOMOLECULAR ENGINEERING,1947-5446;1947-5438,true,,
ANNUAL REVIEW OF CLINICAL PSYCHOLOGY,1548-5951;1548-5943,true,,
ANNUAL REVIEW OF CONDENSED MATTER PHYSICS,1947-5462;1947-5454,true,,
"ANNUAL REVIEW OF CONTROL, ROBOTICS, AND AUTONOMOUS SYSTEMS",2573-5144,true,,
ANNUAL REVIEW OF CRIMINOLOGY,2572-4568,true,,
ANNUAL REVIEW OF EARTH AND PLANETARY SCIENCES,1545-4495;0084-6597,true,,
"ANNUAL REVIEW OF ECOLOGY, EVOLUTION, AND SYSTEMATICS",1545-2069;1543-592X,true,,
ANNUAL REVIEW OF ECONOMICS,1941-1391;1941-1383,true,,
ANNUAL REVIEW OF ENTOMOLOGY,1545-4487;0066-4170,true,,
ANNUAL REVIEW OF ENVIRONMENT AND RESOURCES,1545-2050;1543-5938,true,,
ANNUAL REVIEW OF FINANCIAL ECONOMICS,1941-1375;1941-1367,true,,
ANNUAL REVIEW OF FLUID MECHANICS,1545-4479;0066-4189,true,,
ANNUAL REVIEW OF FOOD SCIENCE AND TECHNOLOGY,1941-1421;1941-1413,true,,
ANNUAL REVIEW OF GENETICS,1545-2948;0066-4197,true,,
ANNUAL REVIEW OF GENOMICS AND HUMAN GENETICS,1545-293X;1527-8204,true,,
ANNUAL REVIEW OF IMMUNOLOGY,1545-3278;0732-0582,true,,
ANNUAL REVIEW OF LAW AND SOCIAL SCIENCE,1550-3631;1550-3585,true,,
ANNUAL REVIEW OF LINGUISTICS,2333-9691;2333-9683,true,,
ANNUAL REVIEW OF MARINE SCIENCE,1941-1405;1941-0611,true,,
ANNUAL REVIEW OF MATERIALS RESEARCH,1545-4118;1531-7331,true,,
ANNUAL REVIEW OF MEDICINE,1545-326X;0066-4219,true,,
ANNUAL REVIEW OF MICROBIOLOGY,1545-3251;0066-4227,true,,
ANNUAL REVIEW OF NEUROSCIENCE,1545-4126;0147-006X,true,,
ANNUAL REVIEW OF NUCLEAR AND PARTICLE SCIENCE,1545-4134;0163-8998,true,,
ANNUAL REVIEW OF NUTRITION,1545-4312;0199-9885,true,,
ANNUAL REVIEW OF ORGANIZATIONAL PSYCHOLOGY AND ORGANIZATIONAL BEHAVIOR,2327-0616;2327-0608,true,,
ANNUAL REVIEW OF PATHOLOGY - MECHANISMS OF DISEASE,1553-4014;1553-4006,true,,
ANNUAL REVIEW OF PHARMACOLOGY AND TOXICOLOGY,1545-4304;0362-1642,true,,
ANNUAL REVIEW OF PHYSICAL CHEMISTRY,1545-1593;0066-426X,true,,
ANNUAL REVIEW OF PHYSIOLOGY,1545-1585;0066-4278,true,,
ANNUAL REVIEW OF PHYTOPATHOLOGY,1545-2107;0066-4286,true,,
ANNUAL REVIEW OF PLANT BIOLOGY,1545-2123;1543-5008,true,,
ANNUAL REVIEW OF POLITICAL SCIENCE,1545-1577;1094-2939,true,,
ANNUAL REVIEW OF PSYCHOLOGY,1545-2085;0066-4308,true,,
ANNUAL REVIEW OF PUBLIC HEALTH,1545-2093;0163-7525,true,,
ANNUAL REVIEW OF RESOURCE ECONOMICS,1941-1359;1941-1340,true,,
ANNUAL REVIEW OF SOCIOLOGY,1545-2115;0360-0572,true,,
ANNUAL REVIEW OF STATISTICS AND ITS APPLICATION,2326-8298;2326-831X,true,,
ANNUAL REVIEW OF VIROLOGY,2327-0578;2327-056X,true,,
ANNUAL REVIEW OF VISION SCIENCE,2374-4650;2374-4642,true,,
ANNUAL REVIEWS IN CONTROL,1872-9088;1367-5788,true,,
ANTHROPOCENE,2213-3054,true,,
ANTHROPOCENE COASTS,2561-4150,true,,
ANTHROPOCENE REVIEW,2053-020X;2053-0196,true,,
ANTHROPOLOGICAL FORUM,1469-2902;0066-4677,true,,
ANTHROPOLOGICAL THEORY,1741-2641;1463-4996,true,,
ANTHROPOLOGISCHER ANZEIGER,0003-5548,true,,
ANTHROPOLOGY AND EDUCATION QUARTERLY,1548-1492;0161-7761,true,,
ANTHROPOLOGY AND MEDICINE,1469-2910;1364-8470,true,,
ANTHROPOLOGY TODAY,1467-8322;0268-540X,true,,
ANTHROZOOS,1753-0377;0892-7936,true,,
ANTI-TRAFFICKING REVIEW,2287-0113;2286-7511,true,,
ANTIBODIES,2073-4468,true,,
ANTIMICROBIAL AGENTS AND CHEMOTHERAPY,1098-6596;0066-4804,true,,
ANTIMICROBIAL RESISTANCE AND INFECTION CONTROL,2047-2994,true,,
ANTIOXIDANTS AND REDOX SIGNALING,1557-7716;1523-0864,true,,
ANTIPODE,1467-8330;0066-4812,true,,
ANTIQUITY,1745-1744;0003-598X,true,,
ANTIVIRAL RESEARCH,1872-9096;0166-3542,true,,
ANUARIO CALDERONIANO,1888-8046,true,,
ANUARIO DE HISTORIA DE LA IGLESIA,2174-0887;1133-0104,true,,
ANUARIO DE PSICOLOGIA JURIDICA,2174-0542;1133-0740,true,,
ANUARIO LOPE DE VEGA - TEXTO LITERATURA CULTURA,1136-5773;2014-8860,true,,
"ANXIETY, STRESS AND COPING",1477-2205;1061-5806,true,,
AOB PLANTS,2041-2851,true,,
APEIRON - A JOURNAL FOR ANCIENT PHILOSOPHY AND SCIENCE,2156-7093;0003-6390,true,,
APHASIOLOGY,1464-5041;0268-7038,true,,
APIDOLOGIE,1297-9678;0044-8435,true,,
APL BIOENGINEERING,2473-2877,true,,
APL MATERIALS,2166-532X,true,,
APL PHOTONICS,2378-0967,true,,
"APMIS : ACTA PATHOLOGICA, MICROBIOLOGICA, ET IMMUNOLOGICA SCANDINAVICA",1600-0463;0903-4641,true,,
APOPTOSIS : AN INTERNATIONAL JOURNAL ON PROGRAMMED CELL DEATH,1573-675X;1360-8185,true,,
APPEAL,1925-4938;1205-612X,true,,
APPETITE,1095-8304;0195-6663,true,,
APPLICABLE ANALYSIS AND DISCRETE MATHEMATICS,1452-8630;2406-100X,true,,
APPLICATIONS IN PLANT SCIENCES,2168-0450,true,,
APPLIED ACOUSTICS,1872-910X;0003-682X,true,,
APPLIED AND COMPUTATIONAL HARMONIC ANALYSIS,1096-603X;1063-5203,true,,
APPLIED AND COMPUTATIONAL MATHEMATICS,1683-6154;1683-3511,true,,
APPLIED AND ENVIRONMENTAL MICROBIOLOGY,1098-5336;0099-2240,true,,
APPLIED AND ENVIRONMENTAL SOIL SCIENCE,1687-7675;1687-7667,true,,
APPLIED ANIMAL BEHAVIOUR SCIENCE,1872-9045;0168-1591,true,,
APPLIED ANIMAL SCIENCE,2590-2873;2590-2865,false,2024-07-11,removed from the White List
APPLIED CATALYSIS A - GENERAL,1873-3875;0926-860X,true,,
APPLIED CATALYSIS B - ENVIRONMENTAL,1873-3883;0926-3373,true,,
APPLIED CLAY SCIENCE,1872-9053;0169-1317,true,,
APPLIED COMPUTATIONAL INTELLIGENCE AND SOFT COMPUTING,1687-9732;1687-9724,true,,
APPLIED DEVELOPMENTAL SCIENCE,1532-480X;1088-8691,true,,
APPLIED ECONOMIC PERSPECTIVES AND POLICY,2040-5804;2040-5790,true,,
APPLIED ECONOMICS,1466-4283;0003-6846,true,,
APPLIED ENERGY,1872-9118;0306-2619,true,,
APPLIED ERGONOMICS,1872-9126;0003-6870,true,,
APPLIED GEOCHEMISTRY,1872-9134;0883-2927,true,,
APPLIED GEOGRAPHY,1873-7730;0143-6228,true,,
APPLIED HEALTH ECONOMICS AND HEALTH POLICY,1179-1896;1175-5652,true,,
APPLIED INTELLIGENCE,1573-7497;0924-669X,true,,
APPLIED LINGUISTICS,1477-450X;0142-6001,true,,
APPLIED LINGUISTICS REVIEW,1868-6311;1868-6303,true,,
APPLIED MATERIALS TODAY,2352-9407,true,,
APPLIED MATHEMATICAL MODELLING,1872-8480;0307-904X,true,,
APPLIED MATHEMATICS AND COMPUTATION,1873-5649;0096-3003,true,,
APPLIED MATHEMATICS AND MECHANICS (ENGLISH EDITION),1573-2754;0253-4827,true,,
APPLIED MATHEMATICS AND NONLINEAR SCIENCES,2444-8656,true,,
APPLIED MATHEMATICS LETTERS,1873-5452;0893-9659,true,,
APPLIED MECHANICS REVIEWS,2379-0407;0003-6900;1088-8535,true,,
APPLIED MICROBIOLOGY AND BIOTECHNOLOGY,1432-0614;0175-7598,true,,
APPLIED NETWORK SCIENCE,2364-8228,true,,
APPLIED NUMERICAL MATHEMATICS,1873-5460;0168-9274,true,,
APPLIED NURSING RESEARCH,1532-8201;0897-1897,true,,
APPLIED OCEAN RESEARCH,1879-1549;0141-1187,true,,
APPLIED ORGANOMETALLIC CHEMISTRY,1099-0739;0268-2605,true,,
APPLIED PHYSICS EXPRESS,1882-0786;1882-0778,true,,
APPLIED PHYSICS LETTERS,1077-3118;0003-6951,true,,
APPLIED PHYSICS REVIEWS,1931-9401,true,,
APPLIED PSYCHOLINGUISTICS,1469-1817;0142-7164,true,,
APPLIED PSYCHOLOGICAL MEASUREMENT,1552-3497;0146-6216,true,,
APPLIED PSYCHOLOGY,1464-0597;0269-994X,true,,
APPLIED PSYCHOLOGY - HEALTH AND WELL BEING,1758-0854;1758-0846,true,,
APPLIED RESEARCH IN QUALITY OF LIFE,1871-2584;1871-2576,true,,
APPLIED SOFT COMPUTING JOURNAL,1872-9681;1568-4946,true,,
APPLIED SOIL ECOLOGY,1873-0272;0929-1393,true,,
APPLIED SPATIAL ANALYSIS AND POLICY,1874-463X;1874-4621,true,,
APPLIED SPECTROSCOPY,1943-3530;0003-7028,true,,
APPLIED SPECTROSCOPY REVIEWS,1520-569X;0570-4928,true,,
APPLIED SURFACE SCIENCE,1873-5584;0169-4332,true,,
APPLIED THEATRE RESEARCH,2049-3029;2049-3010,true,,
APPLIED THERMAL ENGINEERING,1873-5606;1359-4311,true,,
APPLIED VEGETATION SCIENCE,1654-109X;1402-2001,true,,
APPLIED WATER SCIENCE,2190-5495;2190-5487,true,,
APSIPA TRANSACTIONS ON SIGNAL AND INFORMATION PROCESSING,2048-7703,true,,
AQUACULTURAL ENGINEERING,1873-5614;0144-8609,true,,
AQUACULTURE,1873-5622;0044-8486,true,,
"AQUACULTURE, ECONOMICS AND MANAGEMENT",1551-8663;1365-7305;1365-7313,true,,
AQUACULTURE ENVIRONMENT INTERACTIONS,1869-7534;1869-215X,true,,
AQUACULTURE INTERNATIONAL,1573-143X;0967-6120,true,,
AQUACULTURE NUTRITION,1365-2095;1353-5773,true,,
AQUACULTURE REPORTS,2352-5134,false,2024-07-11,removed from the White List
AQUACULTURE RESEARCH,1365-2109;1355-557X,true,,
AQUATIC BOTANY,1879-1522;0304-3770,true,,
AQUATIC CONSERVATION - MARINE AND FRESHWATER ECOSYSTEMS,1099-0755;1052-7613,true,,
AQUATIC INVASIONS,1818-5487;1798-6540,true,,
AQUATIC TOXICOLOGY,1879-1514;0166-445X,true,,
ARAB JOURNAL OF UROLOGY,2090-5998;2090-598X,true,,
ARABIAN ARCHAEOLOGY AND EPIGRAPHY,1600-0471;0905-7196,true,,
ARABIAN JOURNAL FOR SCIENCE AND ENGINEERING,2193-567X;2191-4281,true,,
ARABIAN JOURNAL OF CHEMISTRY,1878-5379;1878-5352,false,2024-07-11,removed from the White List
ARABIC SCIENCES AND PHILOSOPHY,1474-0524;0957-4239,true,,
ARAMAIC STUDIES,1745-5227;1477-8351,true,,
ARBOR - CIENCIA PENSAMIENTO Y CULTURA,1988-303X;0210-1963,true,,
ARCADIA,1613-0642;0003-7982,true,,
ARCHAEOLOGICAL AND ANTHROPOLOGICAL SCIENCES,1866-9565;1866-9557,true,,
ARCHAEOLOGICAL DIALOGUES,1478-2294;1380-2038,true,,
ARCHAEOLOGICAL PROSPECTION,1099-0763;1075-2196,true,,
ARCHAEOLOGICAL RESEARCH IN ASIA,2352-2275;2352-2267,true,,
ARCHAEOLOGIES - JOURNAL OF THE WORLD ARCHAEOLOGICAL CONGRESS,1935-3987;1555-8622,true,,
"ARCHAEOLOGY, ETHNOLOGY AND ANTHROPOLOGY OF EURASIA",1531-832X;1563-0110,true,,
ARCHAEOLOGY IN OCEANIA,1834-4453;0728-4896,true,,
ARCHAEOMETRY,1475-4754;0003-813X,true,,
ARCHITECTURAL SCIENCE REVIEW,1758-9622;0003-8628,true,,
ARCHIVAL SCIENCE,1573-7500;1389-0166,true,,
ARCHIVE FOR RATIONAL MECHANICS AND ANALYSIS,1432-0673;0003-9527,true,,
ARCHIVE FOR THE PSYCHOLOGY OF RELIGION - ARCHIV FUR RELIGIONSPSYCHOLOGIE,1573-6121;0084-6724,true,,
ARCHIVES AND RECORDS - THE JOURNAL OF THE ARCHIVES AND RECORDS ASSOCIATION,2325-7989;2325-7962,true,,
ARCHIV FÜR TIERZUCHT/ARCHIVES ANIMAL BREEDING,2363-9822;0003-9438,true,,
ARCHIVES OF ACADEMIC EMERGENCY MEDICINE,2645-4904,true,,
ARCHIVES OF AGRONOMY AND SOIL SCIENCE,1476-3567;0365-0340,true,,
ARCHIVES OF ANIMAL NUTRITION,1745-039X;1477-2817,true,,
ARCHIVES OF BIOCHEMISTRY AND BIOPHYSICS,1096-0384;0003-9861,true,,
ARCHIVES OF CIVIL AND MECHANICAL ENGINEERING,2083-3318;1644-9665,true,,
ARCHIVES OF CLINICAL NEUROPSYCHOLOGY,1873-5843;0887-6177,true,,
ARCHIVES OF COMPUTATIONAL METHODS IN ENGINEERING,1886-1784;1134-3060,true,,
ARCHIVES OF DERMATOLOGICAL RESEARCH,1432-069X;0340-3696,true,,
ARCHIVES OF DISEASE IN CHILDHOOD,1468-2044;0003-9888,true,,
ARCHIVES OF DISEASE IN CHILDHOOD - FETAL AND NEONATAL EDITION,1468-2052;1359-2998,true,,
ARCHIVES OF GERONTOLOGY AND GERIATRICS,1872-6976;0167-4943,true,,
ARCHIVES OF GYNECOLOGY AND OBSTETRICS,1432-0711;0932-0067,true,,
ARCHIVES OF INSECT BIOCHEMISTRY AND PHYSIOLOGY,1520-6327;0739-4462,true,,
ARCHIVES OF IRANIAN MEDICINE,1735-3947;1029-2977,true,,
ARCHIVES OF MEDICAL RESEARCH,1873-5487;0188-4409,true,,
ARCHIVES OF MEDICAL SCIENCE,1896-9151;1734-1922,true,,
ARCHIVES OF ORAL BIOLOGY,1879-1506;0003-9969,true,,
ARCHIVES OF ORTHOPAEDIC AND TRAUMA SURGERY,1434-3916;0936-8051,true,,
ARCHIVES OF OSTEOPOROSIS,1862-3522;1862-3514,true,,
ARCHIVES OF PATHOLOGY AND LABORATORY MEDICINE,1543-2165;0003-9985,true,,
ARCHIVES OF PHARMACAL RESEARCH,1976-3786;0253-6269,true,,
ARCHIVES OF PHYSICAL MEDICINE AND REHABILITATION,1532-821X;0003-9993,true,,
ARCHIVES OF SEXUAL BEHAVIOR,1573-2800;0004-0002,true,,
ARCHIVES OF TOXICOLOGY,1432-0738;0340-5761,true,,
ARCHIVES OF WOMEN'S MENTAL HEALTH,1435-1102;1434-1816,true,,
ARCHIVOS DE BRONCONEUMOLOGIA,1579-2129;0300-2896,true,,
ARCHNET - IJAR INTERNATIONAL JOURNAL OF ARCHITECTURAL RESEARCH,2631-6862;1938-7806;1994-6961,true,,
ARDEOLA - INTERNATIONAL JOURNAL OF ORNITHOLOGY,2341-0825;0570-7358,true,,
AREA,1475-4762;0004-0894,true,,
AREA DEVELOPMENT AND POLICY,2379-2949;2379-2957,true,,
ARGUMENTATION,1572-8374;0920-427X,true,,
ARIES - JOURNAL FOR THE STUDY OF WESTERN ESOTERICISM,1570-0593;1567-9896,true,,
ARMED FORCES AND SOCIETY,1556-0848;0095-327X,true,,
ARRHYTHMIA AND ELECTROPHYSIOLOGY REVIEW,2050-3377;2050-3369,true,,
ART AND PERCEPTION,2213-4913;2213-4905,true,,
ART BULLETIN,1559-6478;0004-3079,true,,
"ART, DESIGN & COMMUNICATION IN HIGHER EDUCATION",2040-0896;1474-273X,true,,
ART HISTORY,1467-8365;0141-6790,true,,
"ARTE, INDIVIDUO Y SOCIEDAD",1988-2408;1131-5598,true,,
"ARTERIOSCLEROSIS, THROMBOSIS, AND VASCULAR BIOLOGY",1524-4636;1079-5642,true,,
ARTHRITIS AND RHEUMATOLOGY,2326-5191;2326-5205,true,,
ARTHRITIS CARE AND RESEARCH,2151-4658;2151-464X,true,,
ARTHRITIS RESEARCH AND THERAPY,1478-6362;1478-6354,true,,
ARTHROPOD-PLANT INTERACTIONS,1872-8855;1872-8847,true,,
ARTHROPOD STRUCTURE AND DEVELOPMENT,1873-5495;1467-8039,true,,
ARTHROPOD SYSTEMATICS AND PHYLOGENY,1864-8312;1863-7221,true,,
ARTHROPODA SELECTA|ARTHROPODA SELECTA. РУССКИЙ АРТРОПОДОЛОГИЧЕСКИЙ ЖУРНАЛ,0136-006X,true,,
ARTHROSCOPY - THE JOURNAL OF ARTHROSCOPIC AND RELATED SURGERY,1526-3231;0749-8063,true,,
"ARTIFICIAL CELLS, NANOMEDICINE AND BIOTECHNOLOGY",2169-141X;2169-1401,true,,
ARTIFICIAL INTELLIGENCE,1872-7921;0004-3702,true,,
ARTIFICIAL INTELLIGENCE AND LAW,1572-8382;0924-8463,true,,
ARTIFICIAL INTELLIGENCE IN MEDICINE,1873-2860;0933-3657,true,,
ARTIFICIAL INTELLIGENCE REVIEW,1573-7462;0269-2821,true,,
ARTS AND HEALTH,1753-3023;1753-3015,true,,
"ASCE-ASME JOURNAL OF RISK AND UNCERTAINTY IN ENGINEERING SYSTEMS, PART A: CIVIL ENGINEERING",2376-7642,true,,
ASIA-PACIFIC EDUCATION RESEARCHER,2243-7908;0119-5646,true,,
ASIA-PACIFIC JOURNAL OF ATMOSPHERIC SCIENCES,1976-7951;1976-7633,true,,
ASIA-PACIFIC JOURNAL OF BUSINESS ADMINISTRATION,1757-4331;1757-4323,true,,
ASIA-PACIFIC JOURNAL OF ONCOLOGY NURSING,2349-6673;2347-5625,false,2024-07-11,removed from the White List
ASIA-PACIFIC JOURNAL OF OPHTHALMOLOGY,2162-0989,false,2024-07-11,removed from the White List
ASIA-PACIFIC JOURNAL OF TEACHER EDUCATION,1469-2945;1359-866X,true,,
ASIA AND THE PACIFIC POLICY STUDIES,2050-2680,true,,
ASIA EUROPE JOURNAL,1612-1031;1610-2932,true,,
ASIA PACIFIC BUSINESS REVIEW,1743-792X;1360-2381,true,,
ASIA PACIFIC JOURNAL OF HUMAN RESOURCES,1744-7941;1038-4111,true,,
ASIA PACIFIC JOURNAL OF INNOVATION AND ENTREPRENEURSHIP,2398-7812;2071-1395,true,,
ASIA PACIFIC JOURNAL OF MANAGEMENT,1572-9958;0217-4561,true,,
ASIA PACIFIC JOURNAL OF MARKETING AND LOGISTICS,1355-5855;1758-4248,true,,
ASIA PACIFIC JOURNAL OF TOURISM RESEARCH,1741-6507;1094-1665,true,,
ASIA PACIFIC MANAGEMENT REVIEW,1029-3132,false,2024-07-11,removed from the White List
ASIAN-PACIFIC JOURNAL OF SECOND AND FOREIGN LANGUAGE EDUCATION,2363-5169,true,,
ASIAN AFFAIRS,1477-1500;0306-8374,true,,
ASIAN BIOETHICS REVIEW,1793-9453;1793-8759,true,,
ASIAN BUSINESS AND MANAGEMENT,1476-9328;1472-4782,true,,
ASIAN CINEMA,2049-6710;1059-440X,true,,
ASIAN ECONOMIC POLICY REVIEW,1748-3131;1832-8105,true,,
ASIAN ENGLISHES,2331-2548;1348-8678,true,,
ASIAN ETHNICITY,1469-2953;1463-1369,true,,
ASIAN ETHNOLOGY,1882-6865,true,,
ASIAN GEOGRAPHER,2158-1762;1022-5706,true,,
ASIAN JOURNAL OF ANDROLOGY,1745-7262;1008-682X,true,,
ASIAN JOURNAL OF BUSINESS ETHICS,2210-6731;2210-6723,true,,
ASIAN JOURNAL OF COMMUNICATION,1742-0911;0129-2986,true,,
ASIAN JOURNAL OF CRIMINOLOGY,1871-014X;1871-0131,true,,
ASIAN JOURNAL OF ORGANIC CHEMISTRY,2193-5815;2193-5807,true,,
ASIAN JOURNAL OF PHARMACEUTICAL SCIENCES,1818-0876,true,,
ASIAN JOURNAL OF PSYCHIATRY,1876-2026;1876-2018,true,,
ASIAN JOURNAL OF SHIPPING AND LOGISTICS,2352-4871;2092-5212,false,2024-07-11,removed from the White List
ASIAN JOURNAL OF SURGERY,0219-3108;1015-9584,true,,
ASIAN JOURNAL OF UROLOGY,2214-3890;2214-3882,true,,
ASIAN NURSING RESEARCH,2093-7482;1976-1317,false,2024-07-11,removed from the White List
ASIAN PACIFIC JOURNAL OF ALLERGY AND IMMUNOLOGY,2228-8694;0125-877X,true,,
ASIAN PACIFIC JOURNAL OF TROPICAL BIOMEDICINE,2588-9222;2221-1691,true,,
ASIAN PACIFIC JOURNAL OF TROPICAL MEDICINE,2352-4146;1995-7645,true,,
ASIAN POPULATION STUDIES,1744-1749;1744-1730,true,,
ASIAN SPINE JOURNAL,1976-7846;1976-1902,true,,
ASIAN STUDIES - AZIJSKE STUDIJE,2350-4226;2232-5131,true,,
ASIAN STUDIES REVIEW,1467-8403;1035-7823,true,,
ASIATIC - IIUM JOURNAL OF ENGLISH LANGUAGE AND LITERATURE,1985-3106,true,,
ASLIB JOURNAL OF INFORMATION MANAGEMENT,2050-3806;2050-3814,true,,
ASN NEURO,1759-0914,true,,
ASSESSING WRITING,1873-5916;1075-2935,true,,
ASSESSMENT,1552-3489;1073-1911,true,,
ASSESSMENT & EVALUATION IN HIGHER EDUCATION,1469-297X;0260-2938,true,,
"ASSESSMENT IN EDUCATION: PRINCIPLES, POLICY AND PRACTICE",1465-329X;0969-594X,true,,
ASSISTIVE TECHNOLOGY,1949-3614;1040-0435,true,,
ASTERISQUE,2492-5926;0303-1179,true,,
ASTIN BULLETIN - THE JOURNAL OF THE INTERNATIONAL ACTUARIAL ASSOCIATION,1783-1350;0515-0361,true,,
ASTROBIOLOGY,1557-8070;1531-1074,true,,
ASTRONOMICAL JOURNAL,1538-3881;0004-6256,true,,
ASTRONOMY AND ASTROPHYSICS,1432-0746;0004-6361,true,,
ASTRONOMY AND ASTROPHYSICS REVIEW,1432-0754;0935-4956,true,,
ASTROPARTICLE PHYSICS,1873-2852;0927-6505,true,,
ASTROPHYSICAL JOURNAL,1538-4357;0004-637X,true,,
ASTROPHYSICAL JOURNAL LETTERS,2041-8213;2041-8205,true,,
"ASTROPHYSICAL JOURNAL, SUPPLEMENT SERIES",1538-4365;0067-0049,true,,
ATHENAEUM - STUDI PERIODICI DI LETTERATURA E STORIA DELL ANTICHITA,0004-6574,true,,
ATHEROSCLEROSIS,1879-1484;0021-9150,true,,
ATLA - ALTERNATIVES TO LABORATORY ANIMALS,2632-3559;0261-1929,true,,
ATLANTIC STUDIES - GLOBAL CURRENTS,1740-4649;1478-8810,true,,
ATLANTIS - JOURNAL OF THE SPANISH ASSOCIATION OF ANGLO-AMERICAN STUDIES,1989-6840;0210-6124,true,,
ATMOSPHERIC CHEMISTRY AND PHYSICS,1680-7324;1680-7316,true,,
ATMOSPHERIC ENVIRONMENT,1873-2844;1352-2310,true,,
ATMOSPHERIC ENVIRONMENT - X,2590-1621,false,2024-07-11,removed from the White List
ATMOSPHERIC MEASUREMENT TECHNIQUES,1867-8548;1867-1381,true,,
ATMOSPHERIC POLLUTION RESEARCH,1309-1042,true,,
ATMOSPHERIC RESEARCH,1873-2895;0169-8095,true,,
ATOMIC DATA AND NUCLEAR DATA TABLES,1090-2090;0092-640X,true,,
ATOMIC SPECTROSCOPY,2708-521X;0195-5373,true,,
ATTACHMENT AND HUMAN DEVELOPMENT,1469-2988;1461-6734,true,,
"AAPP ATTI DELLA ACCADEMIA PELORITANA DEI PERICOLANTI, CLASSE DI SCIENZE FISICHE, MATEMATICHE E NATURALI",1825-1242;0365-0359,true,,
AUDIOLOGY AND NEURO-OTOLOGY,1421-9700;1420-3030,true,,
AUDITING - A JOURNAL OF PRACTICE & THEORY,1558-7991;0278-0380,true,,
AAC: AUGMENTATIVE AND ALTERNATIVE COMMUNICATION,1477-3848;0743-4618,true,,
AUGUSTINIAN STUDIES,2153-7917;0094-5323,true,,
AURIS NASUS LARYNX,1879-1476;0385-8146,true,,
AUSTRALASIAN JOURNAL OF EDUCATIONAL TECHNOLOGY,1449-3098;1449-5554,true,,
AUSTRALASIAN JOURNAL OF ENVIRONMENTAL MANAGEMENT,2159-5356;1448-6563,true,,
AUSTRALASIAN JOURNAL OF PHILOSOPHY,1471-6828;0004-8402,true,,
AUSTRALASIAN MARKETING JOURNAL,1839-3349;1441-3582,true,,
AUSTRALASIAN REVIEW OF AFRICAN STUDIES,2203-5184;1447-8420,true,,
AUSTRALIAN ACCOUNTING REVIEW,1835-2561;1035-6908,true,,
AUSTRALIAN AND NEW ZEALAND JOURNAL OF PSYCHIATRY,1440-1614;0004-8674,true,,
AUSTRALIAN AND NEW ZEALAND JOURNAL OF PUBLIC HEALTH,1753-6405;1326-0200,false,2024-07-11,removed from the White List
AUSTRALIAN ARCHAEOLOGY,2470-0363;0312-2417,true,,
AUSTRALIAN CRITICAL CARE,1878-1721;1036-7314,true,,
ASIA‐PACIFIC ECONOMIC HISTORY REVIEW,2832-157X,true,,
AUSTRALIAN EDUCATIONAL RESEARCHER,2210-5328;0311-6999,true,,
AUSTRALIAN FORESTRY,2325-6087;0004-9158,true,,
AUSTRALIAN GEOGRAPHER,1465-3311;0004-9182,true,,
AUSTRALIAN HISTORICAL STUDIES,1940-5049;1031-461X,true,,
AUSTRALIAN JOURNAL OF AGRICULTURAL AND RESOURCE ECONOMICS,1467-8489;1364-985X,true,,
AUSTRALIAN JOURNAL OF EDUCATION,2050-5884;0004-9441,true,,
AUSTRALIAN JOURNAL OF FRENCH STUDIES,2046-2913;0004-9468,true,,
AUSTRALIAN JOURNAL OF GRAPE AND WINE RESEARCH,1755-0238;1322-7130,true,,
AUSTRALIAN JOURNAL OF LEARNING DIFFICULTIES,1940-4166;1940-4158,true,,
AUSTRALIAN JOURNAL OF LINGUISTICS,1469-2996;0726-8602,true,,
AUSTRALIAN JOURNAL OF PUBLIC ADMINISTRATION,1467-8500;0313-6647,true,,
AUSTRALIAN JOURNAL OF SOCIAL ISSUES,1839-4655;0157-6321,true,,
AUSTRALIAN MAMMALOGY,1836-7402;0310-0049,true,,
AUSTRALIAN REVIEW OF APPLIED LINGUISTICS,1833-7139;0155-0640,true,,
AUSTRALIAN SOCIAL WORK,1447-0748;0312-407X,true,,
AUSTRALIAN SYSTEMATIC BOTANY,1446-5701;1030-1887,true,,
AUSTRIAN HISTORY YEARBOOK,1558-5255;0067-2378,true,,
AUTISM,1461-7005;1362-3613,true,,
AUTISM IN ADULTHOOD,2573-959X;2573-9581,true,,
AUTISM RESEARCH,1939-3806;1939-3792,true,,
AUTOIMMUNITY REVIEWS,1873-0183;1568-9972,true,,
AUTOMATED SOFTWARE ENGINEERING,1573-7535;0928-8910,true,,
AUTOMATICA,1873-2836;0005-1098,true,,
AUTOMATION IN CONSTRUCTION,1872-7891;0926-5805,true,,
AUTONOMOUS ROBOTS,1573-7527;0929-5593,true,,
AUTOPHAGY,1554-8635;1554-8627,true,,
AVIAN BIOLOGY RESEARCH,1758-1567;1758-1559,true,,
AVIAN DISEASES,1938-4351;0005-2086,true,,
AVIAN PATHOLOGY,1465-3338;0307-9457,true,,
AVIAN RESEARCH,2053-7166,true,,
AZANIA - ARCHAEOLOGICAL RESEARCH IN AFRICA,1945-5534;0067-270X,true,,
BALKAN MEDICAL JOURNAL,2146-3131;2146-3123,true,,
BALTIC JOURNAL OF ECONOMICS,2334-4385;1406-099X,true,,
BALTIC REGION|БАЛТИЙСКИЙ РЕГИОН,2310-0524;2079-8555;2310-0532;2074-9848,true,,
BAMBOO AND SILK,2468-9246;2468-9238,true,,
BASIC AND APPLIED ECOLOGY,1618-0089;1439-1791,false,2024-07-11,removed from the White List
BASIC RESEARCH IN CARDIOLOGY,1435-1803;0300-8428,true,,
BASIN RESEARCH,1365-2117;0950-091X,true,,
BATTERIES - BASEL,2313-0105,true,,
BATTERIES AND SUPERCAPS,2566-6223,true,,
BAYESIAN ANALYSIS,1936-0975;1931-6690,true,,
BEHAVIOR RESEARCH METHODS,1554-3528;1554-351X,true,,
BEHAVIOR THERAPY,1878-1888;0005-7894,true,,
BEHAVIORAL AND BRAIN FUNCTIONS,1744-9081,true,,
BEHAVIORAL AND BRAIN SCIENCES,1469-1825;0140-525X,true,,
BEHAVIORAL DISORDERS,2163-5307;0198-7429,true,,
BEHAVIORAL ECOLOGY,1465-7279;1045-2249,true,,
BEHAVIORAL ECOLOGY AND SOCIOBIOLOGY,1432-0762;0340-5443,true,,
BEHAVIORAL MEDICINE,1940-4026;0896-4289,true,,
BEHAVIORAL SCIENCES AND THE LAW,1099-0798;0735-3936,true,,
BEHAVIORAL SCIENCES OF TERRORISM AND POLITICAL AGGRESSION,1943-4480;1943-4472,true,,
BEHAVIOUR AND INFORMATION TECHNOLOGY,1362-3001;0144-929X,true,,
BEHAVIOUR RESEARCH AND THERAPY,1873-622X;0005-7967,true,,
BEHAVIOURAL PROCESSES,1872-8308;0376-6357,true,,
BEILSTEIN JOURNAL OF NANOTECHNOLOGY,2190-4286,true,,
BEN JONSON JOURNAL,1755-165X;1079-3453,true,,
BENCHMARKING,1758-4094;1463-5771,true,,
BENEFICIAL MICROBES,1876-2891;1876-2883,true,,
BERLINER JOURNAL FÜR SOZIOLOGIE,1862-2593;0863-1808,true,,
BEST PRACTICE AND RESEARCH IN CLINICAL ANAESTHESIOLOGY,1878-1608;1753-3740,true,,
BEST PRACTICE AND RESEARCH IN CLINICAL ENDOCRINOLOGY AND METABOLISM,1532-1908;1521-690X,true,,
BEST PRACTICE AND RESEARCH IN CLINICAL OBSTETRICS AND GYNAECOLOGY,1532-1932;1521-6934,true,,
BEST PRACTICE AND RESEARCH IN CLINICAL RHEUMATOLOGY,1521-6942,true,,
BEVERAGES,2306-5710,true,,
BIG DATA,2167-647X;2167-6461,true,,
BIG DATA AND SOCIETY,2053-9517,true,,
BIG DATA AND COGNITIVE COMPUTING,2504-2289,true,,
BIG DATA RESEARCH,2214-5796,true,,
BIG EARTH DATA,2574-5417;2096-4471,true,,
BILINGUAL RESEARCH JOURNAL,1523-5890;1523-5882,true,,
BILINGUALISM - LANGUAGE AND COGNITION,1469-1841;1366-7289,true,,
BIO-DESIGN AND MANUFACTURING,2522-8552;2096-5524,true,,
BIOACOUSTICS - THE INTERNATIONAL JOURNAL OF ANIMAL SOUND AND ITS RECORDING,2165-0586;0952-4622,true,,
BIOACTIVE MATERIALS,2452-199X,true,,
BIOCHAR,2524-7972;2524-7867,true,,
BIOCHEMICAL AND BIOPHYSICAL RESEARCH COMMUNICATIONS,1090-2104;0006-291X,true,,
BIOCHEMICAL ENGINEERING JOURNAL,1873-295X;1369-703X,true,,
BIOCHEMICAL PHARMACOLOGY,1873-2968;0006-2952,true,,
BIOCHIMICA ET BIOPHYSICA ACTA - BIOENERGETICS,1879-2650;0005-2728,true,,
BIOCHIMICA ET BIOPHYSICA ACTA - BIOMEMBRANES,1879-2642;0005-2736,true,,
BIOCHIMICA ET BIOPHYSICA ACTA - GENE REGULATORY MECHANISMS,1876-4320;1874-9399,true,,
BIOCHIMICA ET BIOPHYSICA ACTA - GENERAL SUBJECTS,1872-8006;0304-4165,true,,
BIOCHIMICA ET BIOPHYSICA ACTA - MOLECULAR AND CELL BIOLOGY OF LIPIDS,1879-2618;1388-1981,true,,
BIOCHIMICA ET BIOPHYSICA ACTA - MOLECULAR BASIS OF DISEASE,1879-260X;0925-4439,true,,
BIOCHIMICA ET BIOPHYSICA ACTA - MOLECULAR CELL RESEARCH,1879-2596;0167-4889,true,,
BIOCHIMICA ET BIOPHYSICA ACTA - PROTEINS AND PROTEOMICS,1878-1454;1570-9639,true,,
BIOCHIMICA ET BIOPHYSICA ACTA - REVIEWS ON CANCER,1879-2561;0304-419X,true,,
BIOCHIP JOURNAL,2092-7843;1976-0280,true,,
BIOCONJUGATE CHEMISTRY,1520-4812;1043-1802,true,,
BIOCONTROL,1573-8248;1386-6141,true,,
BIOCYBERNETICS AND BIOMEDICAL ENGINEERING,0208-5216,true,,
BIODATA MINING,1756-0381,true,,
BIODIVERSITY AND CONSERVATION,1572-9710;0960-3115,true,,
BIODIVERSITY INFORMATICS,1546-9735,true,,
BIODRUGS,1179-190X;1173-8804,true,,
BIOELECTROCHEMISTRY,1878-562X;1567-5394,true,,
BIOENGINEERED,2165-5987;2165-5979,true,,
BIOENGINEERING - BASEL,2306-5354,true,,
BIOENGINEERING AND TRANSLATIONAL MEDICINE,2380-6761,true,,
BIOETHICS,1467-8519;0269-9702,true,,
BIOFABRICATION,1758-5090;1758-5082,true,,
BIOFACTORS,1872-8081;0951-6433,true,,
BIOFILM,2590-2075,false,2024-07-11,removed from the White List
BIOFOULING,1029-2454;0892-7014,true,,
BIOFUEL RESEARCH JOURNAL - BRJ,2292-8782,true,,
BIOFUELS BIOPRODUCTS & BIOREFINING - BIOFPR,1932-1031;1932-104X,true,,
BIOGEOCHEMISTRY,1573-515X;0168-2563,true,,
BIOGEOSCIENCES,1726-4189;1726-4170,true,,
BIOGERONTOLOGY,1573-6768;1389-5729,true,,
BIOGRAPHY - AN INTERDISCIPLINARY QUARTERLY,1529-1456;0162-4962,true,,
BIOINFORMATICS,1367-4803,true,,
BIOINFORMATICS AND BIOLOGY INSIGHTS,1177-9322,true,,
BIOINORGANIC CHEMISTRY AND APPLICATIONS,1687-479X;1565-3633,true,,
BIOINSPIRATION AND BIOMIMETICS,1748-3190;1748-3182,true,,
BIOLINGUISTICS,1450-3417,true,,
BIOLOGIA PLANTARUM,1573-8264;0006-3134,true,,
BIOLOGICAL AGRICULTURE AND HORTICULTURE,2165-0616;0144-8765,true,,
BIOLOGICAL CONSERVATION,1873-2917;0006-3207,true,,
BIOLOGICAL CONTROL,1090-2112;1049-9644,false,2024-07-11,removed from the White List
BIOLOGICAL CYBERNETICS,1432-0770;0340-1200,true,,
BIOLOGICAL INVASIONS,1573-1464;1387-3547,true,,
BIOLOGICAL PROCEDURES ONLINE,1480-9222,true,,
BIOLOGICAL PSYCHIATRY,1873-2402;0006-3223,true,,
BIOLOGICAL PSYCHIATRY - COGNITIVE NEUROSCIENCE AND NEUROIMAGING,2451-9030;2451-9022,true,,
BIOLOGICAL PSYCHOLOGY,1873-6246;0301-0511,true,,
BIOLOGICAL RESEARCH,0717-6287;0716-9760,true,,
BIOLOGICAL RESEARCH FOR NURSING,1552-4175;1099-8004,true,,
BIOLOGICAL REVIEWS,1464-7931,true,,
BIOLOGICHESKIE MEMBRANY|БИОЛОГИЧЕСКИЕ МЕМБРАНЫ,0233-4755,true,,
BIOLOGICS: TARGETS AND THERAPY,1177-5491;1177-5475,true,,
BIOLOGY - BASEL,2079-7737,true,,
BIOLOGY AND PHILOSOPHY,1572-8404;0169-3867,true,,
BIOLOGY AND FERTILITY OF SOILS,1432-0789;0178-2762,true,,
BIOLOGY DIRECT,1745-6150,true,,
BIOLOGY LETTERS,1744-957X;1744-9561,true,,
BIOLOGY OF REPRODUCTION,1529-7268;0006-3363,true,,
BIOLOGY OF SEX DIFFERENCES,2042-6410,true,,
BIOLOGY OF SPORT,2083-1862;0860-021X,true,,
BIOLOGY OPEN,2046-6390,true,,
BIOMACROMOLECULES,1526-4602;1525-7797,true,,
BIOMARKER INSIGHTS,1177-2719,true,,
BIOMARKER RESEARCH,2050-7771,true,,
BIOMASS AND BIOENERGY,1873-2909;0961-9534,true,,
BIOMATERIALS,1878-5905;0142-9612,true,,
BIOMATERIALS ADVANCES,2772-9508,true,,
BIOMATERIALS RESEARCH,1226-4601;2055-7124,true,,
BIOMATERIALS SCIENCE,2047-4849;2047-4830,true,,
BIOMECHANICS AND MODELING IN MECHANOBIOLOGY,1617-7940;1617-7959,true,,
BIOMEDICAL ENGINEERING LETTERS,2093-9868;2093-985X,true,,
BIOMEDICAL JOURNAL,2320-2890;2319-4170,false,2024-07-11,removed from the White List
BIOMEDICAL OPTICS EXPRESS,2156-7085,true,,
BIOMEDICAL PHYSICS AND ENGINEERING EXPRESS,2057-1976,true,,
BIOMEDICAL REPORTS,2049-9442;2049-9434,true,,
BIOMEDICAL RESEARCH (JAPAN),1880-313X;0388-6107,true,,
BIOMEDICAL SIGNAL PROCESSING AND CONTROL,1746-8108;1746-8094,true,,
BIOMEDICINE AND PHARMACOTHERAPY,1950-6007;0753-3322,false,2024-07-11,removed from the White List
BIOMETRICS,1541-0420;0006-341X,true,,
BIOMETRIKA,1464-3510;0006-3444,true,,
BIOMICROFLUIDICS,1932-1058,true,,
BIOMOLECULES,2218-273X,true,,
BIOMOLECULES AND THERAPEUTICS,2005-4483;1976-9148,true,,
BIOORGANIC AND MEDICINAL CHEMISTRY,1464-3391;0968-0896,true,,
BIOORGANIC CHEMISTRY,1090-2120;0045-2068,true,,
BIORESOURCE TECHNOLOGY,1873-2976;0960-8524,true,,
BIORESOURCES,1930-2126,true,,
BIORESOURCES AND BIOPROCESSING,2197-4365,true,,
BIOSCIENCE,1525-3244;0006-3568,true,,
BIOSCIENCE TRENDS,1881-7823;1881-7815,true,,
BIOSCOPE - SOUTH ASIAN SCREEN STUDIES,0976-352X;0974-9276,true,,
BIOSEMIOTICS,1875-1350;1875-1342,true,,
BIOSENSORS - BASEL,2079-6374,true,,
BIOSENSORS AND BIOELECTRONICS,1873-4235;0956-5663,true,,
BIOSTATISTICS,1468-4357;1465-4644,true,,
BIOSYSTEMS,1872-8324;0303-2647,true,,
BIOSYSTEMS ENGINEERING,1537-5129;1537-5110,true,,
BIOTECHNOLOGY ADVANCES,1873-1899;0734-9750,true,,
BIOTECHNOLOGY AND BIOENGINEERING,1097-0290;0006-3592,true,,
BIOTECHNOLOGY AND GENETIC ENGINEERING REVIEWS,2046-5556;0264-8725,true,,
BIOTECHNOLOGY JOURNAL,1860-7314;1860-6768,true,,
BIOTROPICA,1744-7429;0006-3606,true,,
BIPOLAR DISORDERS,1399-5618;1398-5647,true,,
BIRD CONSERVATION INTERNATIONAL,1474-0001;0959-2709,true,,
BIRTH,1523-536X;0730-7659,true,,
BJOG - AN INTERNATIONAL JOURNAL OF OBSTETRICS AND GYNAECOLOGY,1471-0528;1470-0328,true,,
BJPSYCH OPEN,2056-4724,true,,
BJS OPEN,2474-9842,true,,
BJU INTERNATIONAL,1464-410X;1464-4096,true,,
BLOOD,1528-0020;0006-4971,true,,
BLOOD ADVANCES,2473-9529;2473-9537,false,2024-07-11,removed from the White List
BLOOD CANCER DISCOVERY,2643-3249;2643-3230,true,,
BLOOD CANCER JOURNAL,2044-5385,true,,
BLOOD PRESSURE,1651-1999;0803-7051,true,,
BLOOD PRESSURE MONITORING,1473-5725;1359-5237,true,,
BLOOD REVIEWS,1532-1681;0268-960X,true,,
BLOOD TRANSFUSION,1723-2007;2385-2070,true,,
BLUE - GREEN SYSTEMS,2617-4782,true,,
BMC BIOINFORMATICS,1471-2105,true,,
BMC BIOLOGY,1741-7007,true,,
BMC CHEMISTRY,2661-801X,true,,
BMC COMPLEMENTARY MEDICINE AND THERAPIES,2662-7671,true,,
BMC ECOLOGY AND EVOLUTION,2730-7182,true,,
BMC GENOMICS,1471-2164,true,,
BMC HEALTH SERVICES RESEARCH,1472-6963,true,,
BMC MEDICAL EDUCATION,1472-6920,true,,
BMC MEDICAL ETHICS,1472-6939,true,,
BMC MEDICAL RESEARCH METHODOLOGY,1471-2288,true,,
BMC MEDICINE,1741-7015,true,,
BMC NURSING,1472-6955,true,,
BMC ORAL HEALTH,1472-6831,true,,
BMC PALLIATIVE CARE,1472-684X,true,,
BMC PLANT BIOLOGY,1471-2229,true,,
BMC PREGNANCY AND CHILDBIRTH,1471-2393,true,,
BMC PSYCHIATRY,1471-244X,true,,
BMC PUBLIC HEALTH,1471-2458,true,,
BMC RESEARCH NOTES,1756-0500,true,,
"BMC SPORTS SCIENCE, MEDICINE AND REHABILITATION",2052-1847,true,,
BMC VETERINARY RESEARCH,1746-6148,true,,
BMC ZOOLOGY,2056-3132,true,,
BIJDRAGEN EN MEDEDELINGEN BETREFFENDE DE GESCHIEDENIS DER NEDERLANDEN,2211-2898;0165-0505,true,,
BMJ EVIDENCE-BASED MEDICINE,2515-4478;2515-446X,true,,
BMJ GLOBAL HEALTH,2059-7908,true,,
BMJ LEADER,2398-631X,true,,
BMJ MILITARY HEALTH,2633-3775;2633-3767,true,,
BMJ OPEN,2044-6055,true,,
BMJ OPEN RESPIRATORY RESEARCH,2052-4439,true,,
BMJ OPEN SPORT AND EXERCISE MEDICINE,2055-7647,true,,
BMJ QUALITY AND SAFETY,2044-5423;2044-5415,true,,
BMJ SUPPORTIVE AND PALLIATIVE CARE,2045-4368;2045-435X,true,,
BODY AND SOCIETY,1460-3632;1357-034X,true,,
BODY IMAGE,1873-6807;1740-1445,true,,
BOGOSLOVNI VESTNIK - THEOLOGICAL QUARTERLY - EPHEMERIDES THEOLOGICAE,1581-2987;0006-5722,true,,
BOLETIN DE LA REAL ACADEMIA ESPANOLA,2445-0898;0210-4822,true,,
BOLETIN DE LA SOCIEDAD ESPANOLA DE CERAMICA Y VIDRIO,2173-0431;0366-3175,false,2024-07-11,removed from the White List
BOLETIN DEL MUSEO CHILENO DE ARTE PRECOLOMBINO,0718-6894;0716-1530,true,,
BONE,1873-2763;8756-3282,true,,
BONE AND JOINT JOURNAL,2049-4394;2049-4408,true,,
BONE AND JOINT RESEARCH,2046-3758,true,,
BONE MARROW TRANSPLANTATION,1476-5365;0268-3369,true,,
BONE RESEARCH,2095-6231;2095-4700,true,,
BORDERLINE PERSONALITY DISORDER AND EMOTION DYSREGULATION,2051-6673,true,,
BOREAS,1502-3885;0300-9483,true,,
BORSA ISTANBUL REVIEW,2214-8450;2214-8469,false,2024-07-11,removed from the White List
BIOMOLECULES AND BIOMEDICINE,2831-090X;2831-0896,true,,
BOSTON UNIVERSITY LAW REVIEW,0006-8047,true,,
BOTANICAL JOURNAL OF THE LINNEAN SOCIETY,1095-8339;0024-4074,true,,
THE BOTANICAL REVIEW,1874-9372;0006-8101,true,,
BOTANICAL STUDIES,1999-3110;1817-406X,true,,
BOTANY LETTERS,2381-8115;2381-8107,true,,
BOTTOM LINE,2054-1724;0888-045X,true,,
BOUNDARY - LAYER METEOROLOGY,1573-1472;0006-8314,true,,
BOUNDARY 2 - AN INTERNATIONAL JOURNAL OF LITERATURE AND CULTURE,1527-2141;0190-3659,true,,
BOUNDARY VALUE PROBLEMS,1687-2770;1687-2762,true,,
BOYHOOD STUDIES - AN INTERDISCIPLINARY JOURNAL,2375-9267;2375-9240,true,,
BRAGANTIA,1678-4499;0006-8705,true,,
BRAIN,1460-2156;0006-8950,true,,
BRAIN AND LANGUAGE,1090-2155;0093-934X,true,,
"BRAIN, BEHAVIOR, AND IMMUNITY",1090-2139;0889-1591,true,,
BRAIN COMMUNICATIONS,2632-1297,true,,
BRAIN IMAGING AND BEHAVIOR,1931-7565;1931-7557,true,,
BRAIN PATHOLOGY,1750-3639;1015-6305,true,,
BRAIN STIMULATION,1876-4754;1935-861X,false,2024-07-11,removed from the White List
BRAIN STRUCTURE AND FUNCTION,1863-2661;1863-2653,true,,
BRAIN TOPOGRAPHY,1573-6792;0896-0267,true,,
BRAZILIAN JOURNAL OF MEDICAL AND BIOLOGICAL RESEARCH,1414-431X;0100-879X,true,,
BRAZILIAN JOURNAL OF PHYSICAL THERAPY,1809-9246;1413-3555,true,,
REVISTA BRASILEIRA DE PSIQUIATRIA,1809-452X;1516-4446,true,,
BRAZILIAN ORAL RESEARCH,1806-8324;1807-3107,true,,
BREAST,1532-3080;0960-9776,false,2024-07-11,removed from the White List
BREAST CANCER RESEARCH,1465-542X;1465-5411,true,,
BREAST CANCER RESEARCH AND TREATMENT,1573-7217;0167-6806,true,,
BREEDING SCIENCE,1347-3735;1344-7610,true,,
BRICS LAW JOURNAL,2412-2343;2409-9058,true,,
BRIEFINGS IN BIOINFORMATICS,1477-4054;1467-5463,true,,
BRIEFINGS IN FUNCTIONAL GENOMICS,2041-2657;2041-2649,true,,
BRITANNIA (SOCIETY FOR THE PROMOTION OF ROMAN STUDIES),1753-5352;0068-113X,true,,
BRITISH ACCOUNTING REVIEW,1095-8347;0890-8389,true,,
BRITISH EDUCATIONAL RESEARCH JOURNAL,1469-3518,true,,
BRITISH JOURNAL FOR THE HISTORY OF PHILOSOPHY,1469-3526;0960-8788,true,,
BRITISH JOURNAL FOR THE HISTORY OF SCIENCE,1474-001X;0007-0874,true,,
BRITISH JOURNAL FOR THE PHILOSOPHY OF SCIENCE,1464-3537;0007-0882,true,,
BRITISH JOURNAL OF AESTHETICS,1468-2842;0007-0904,true,,
BRITISH JOURNAL OF ANAESTHESIA,1471-6771;0007-0912,true,,
BRITISH JOURNAL OF CANCER,1532-1827;0007-0920,true,,
BRITISH JOURNAL OF CRIMINOLOGY,1464-3529;0007-0955,true,,
BRITISH JOURNAL OF DERMATOLOGY,1365-2133;0007-0963,true,,
BRITISH JOURNAL OF EDUCATIONAL PSYCHOLOGY,2044-8279;0007-0998,true,,
BRITISH JOURNAL OF EDUCATIONAL TECHNOLOGY,1467-8535;0007-1013,true,,
BRITISH JOURNAL OF GENERAL PRACTICE,1478-5242;0960-1643,true,,
BRITISH JOURNAL OF HAEMATOLOGY,1365-2141;0007-1048,true,,
BRITISH JOURNAL OF HEALTH PSYCHOLOGY,2044-8287;1359-107X,true,,
BRITISH JOURNAL OF INDUSTRIAL RELATIONS,1467-8543;0007-1080,true,,
BRITISH JOURNAL OF MANAGEMENT,1467-8551;1045-3172,true,,
BRITISH JOURNAL OF MATHEMATICAL AND STATISTICAL PSYCHOLOGY,2044-8317;0007-1102,true,,
BRITISH JOURNAL OF MIDDLE EASTERN STUDIES,1469-3542;1353-0194,true,,
BRITISH JOURNAL OF MUSIC EDUCATION,1469-2104;0265-0517,true,,
BRITISH JOURNAL OF NUTRITION,1475-2662;0007-1145,true,,
BRITISH JOURNAL OF OPHTHALMOLOGY,1468-2079;0007-1161,true,,
BRITISH JOURNAL OF PHARMACOLOGY,1476-5381;0007-1188,true,,
BRITISH JOURNAL OF POLITICAL SCIENCE,1469-2112;0007-1234,true,,
BRITISH JOURNAL OF POLITICS AND INTERNATIONAL RELATIONS,1467-856X;1369-1481,true,,
BRITISH JOURNAL OF PSYCHIATRY,1472-1465;0007-1250,true,,
BRITISH JOURNAL OF PSYCHOLOGY,2044-8295;0007-1269,true,,
BRITISH JOURNAL OF RADIOLOGY,1748-880X;0007-1285,true,,
BRITISH JOURNAL OF RELIGIOUS EDUCATION,1740-7931;0141-6200,true,,
BRITISH JOURNAL OF SOCIAL PSYCHOLOGY,2044-8309;0144-6665,true,,
BRITISH JOURNAL OF SOCIAL WORK,1468-263X;0045-3102,true,,
BRITISH JOURNAL OF SOCIOLOGY,1468-4446;0007-1315,true,,
BRITISH JOURNAL OF SPORTS MEDICINE,1473-0480;0306-3674,true,,
BRITISH JOURNAL OF SURGERY,1365-2168;0007-1323,true,,
BRITISH MEDICAL BULLETIN,1471-8391;0007-1420,true,,
BRITISH POLITICS,1746-9198;1746-918X,true,,
BRITISH POULTRY SCIENCE,1466-1799;0007-1668,true,,
BRODOGRADNJA,1845-5859;0007-215X,true,,
BROOKINGS PAPERS ON ECONOMIC ACTIVITY,1533-4465;0007-2303,true,,
BRQ BUSINESS RESEARCH QUARTERLY,2340-9436;2340-9444,true,,
BULLETIN - SOCIETE GEOLOGIQUE DE FRANCE,1777-5817;0037-9409,true,,
BUILDING AND ENVIRONMENT,1873-684X;0360-1323,true,,
BUILDING RESEARCH AND INFORMATION,1466-4321;0961-3218,true,,
BUILDING SIMULATION,1996-8744;1996-3599,true,,
BUILDINGS,2075-5309,true,,
BULLETIN HISPANIQUE,0007-4640,true,,
BULLETIN OF EARTHQUAKE ENGINEERING,1573-1456;1570-761X,true,,
BULLETIN OF ENGINEERING GEOLOGY AND THE ENVIRONMENT,1435-9537;1435-9529,true,,
BULLETIN OF HISPANIC STUDIES,1478-3398;1475-3839,true,,
BULLETIN OF INDONESIAN ECONOMIC STUDIES,1472-7234;0007-4918,true,,
BULLETIN OF MATHEMATICAL BIOLOGY,1522-9602;0092-8240,true,,
BULLETIN OF MATHEMATICAL SCIENCES,1664-3615;1664-3607,true,,
BULLETIN OF SPANISH STUDIES,1478-3428;1475-3820,true,,
BULLETIN OF SYMBOLIC LOGIC,1943-5894;1079-8986,true,,
BULLETIN OF THE AMERICAN MATHEMATICAL SOCIETY,1088-9485;0273-0979,true,,
BULLETIN OF THE AMERICAN METEOROLOGICAL SOCIETY,1520-0477;0003-0007,true,,
BULLETIN OF THE AMERICAN MUSEUM OF NATURAL HISTORY,1937-3546;0003-0090,true,,
BULLETIN OF THE ATOMIC SCIENTISTS,1938-3282;0096-3402,true,,
BULLETIN OF THE CHEMICAL SOCIETY OF JAPAN,1348-0634;0009-2673,true,,
BULLETIN OF THE COUNCIL FOR RESEARCH IN MUSIC EDUCATION,2162-7223;0010-9894,true,,
BULLETIN OF THE INSTITUTE OF CLASSICAL STUDIES,2041-5370;0076-0730,true,,
BULLETIN OF THE LONDON MATHEMATICAL SOCIETY,1469-2120;0024-6093,true,,
BULLETIN OF THE MALAYSIAN MATHEMATICAL SCIENCES SOCIETY,2180-4206;0126-6705,true,,
BULLETIN OF THE SEISMOLOGICAL SOCIETY OF AMERICA,1943-3573;0037-1106,true,,
BULLETIN OF THE WORLD HEALTH ORGANIZATION,1564-0604;0042-9686,true,,
BULLETIN OF VOLCANOLOGY,1432-0819;0258-8900,true,,
BURNS,1879-1409;0305-4179,true,,
BURNS AND TRAUMA,2321-3876;2321-3868,true,,
BUSINESS AND INFORMATION SYSTEMS ENGINEERING,2363-7005;1867-0202,true,,
BUSINESS AND SOCIETY,1552-4205;0007-6503,true,,
BUSINESS AND HUMAN RIGHTS JOURNAL,2057-0201;2057-0198,true,,
BUSINESS AND POLITICS,1469-3569;1369-5258,true,,
BUSINESS AND PROFESSIONAL COMMUNICATION QUARTERLY,2329-4922;2329-4906,true,,
BUSINESS ETHICS QUARTERLY,2153-3326;1052-150X,true,,
BUSINESS ETHICS THE ENVIRONMENT & RESPONSIBILITY,2694-6424;2694-6416,true,,
BUSINESS HISTORY,1743-7938;0007-6791,true,,
BUSINESS HISTORY REVIEW,2044-768X;0007-6805,true,,
BUSINESS HORIZONS,1873-6068;0007-6813,true,,
BUSINESS PROCESS MANAGEMENT JOURNAL,1758-4116;1463-7154,true,,
BUSINESS STRATEGY AND DEVELOPMENT,2572-3170,true,,
BUSINESS STRATEGY AND THE ENVIRONMENT,1099-0836;0964-4733,true,,
BYLYE GODY|БЫЛЫЕ ГОДЫ. РОССИЙСКИЙ ИСТОРИЧЕСКИЙ ЖУРНАЛ,2310-0028;2073-9745,true,,
BULLETIN OF SIBERIAN MEDICINE|БЮЛЛЕТЕНЬ СИБИРСКОЙ МЕДИЦИНЫ,1819-3684;1682-0363,true,,
BYZANTINE AND MODERN GREEK STUDIES,1749-625X;0307-0131,true,,
C - JOURNAL OF CARBON RESEARCH,2311-5629,true,,
CA - A CANCER JOURNAL FOR CLINICIANS,1542-4863;0007-9235,true,,
CAAI TRANSACTIONS ON INTELLIGENCE TECHNOLOGY,2468-6557;2468-2322,true,,
CADERNOS DE SAUDE PUBLICA,1678-4464;0102-311X,true,,
CAHIERS DE CIVILISATION MEDIEVALE,2119-1026;0007-9731,true,,
CAHIERS DES ETUDES ANCIENNES,1923-2713;0317-5065,true,,
CALCIFIED TISSUE INTERNATIONAL,1432-0827;0171-967X,true,,
CALCOLO,1126-5434;0008-0624,true,,
CALCULUS OF VARIATIONS AND PARTIAL DIFFERENTIAL EQUATIONS,1432-0835;0944-2669,true,,
CALIFORNIA AGRICULTURE,2160-8091;0008-0845,true,,
CALIFORNIA ARCHAEOLOGY,1947-4628;1947-461X,true,,
CALIFORNIA LAW REVIEW,1942-6542;0008-1221,false,2026-03-02,removed from the White List
CALIFORNIA MANAGEMENT REVIEW,2162-8564;0008-1256,true,,
CALIOPE - JOURNAL OF THE SOCIETY FOR RENAISSANCE AND BAROQUE HISPANIC POETRY,2377-9551;1084-1490,true,,
CALPHAD - COMPUTER COUPLING OF PHASE DIAGRAMS AND THERMOCHEMISTRY,1873-2984;0364-5916,true,,
CAMBRIDGE ARCHAEOLOGICAL JOURNAL,1474-0540;0959-7743,true,,
CAMBRIDGE CLASSICAL JOURNAL,2047-993X;1750-2705,true,,
CAMBRIDGE JOURNAL OF ECONOMICS,1464-3545;0309-166X,true,,
CAMBRIDGE JOURNAL OF EDUCATION,1469-3577;0305-764X,true,,
CAMBRIDGE JOURNAL OF MATHEMATICS,2168-0949;2168-0930,true,,
CAMBRIDGE JOURNAL OF POSTCOLONIAL LITERARY INQUIRY,2052-2622;2052-2614,true,,
"CAMBRIDGE JOURNAL OF REGIONS, ECONOMY AND SOCIETY",1752-1386;1752-1378,true,,
CAMBRIDGE LAW JOURNAL,1469-2139;0008-1973,true,,
CAMBRIDGE REVIEW OF INTERNATIONAL AFFAIRS,1474-449X;0955-7571,true,,
CAMPBELL SYSTEMATIC REVIEWS,1891-1803,true,,
CANADIAN ASSOCIATION OF RADIOLOGISTS JOURNAL,1488-2361;0846-5371,true,,
CANADIAN ETHNIC STUDIES - ETUDES ETHNIQUES AU CANADA,1913-8253;0008-3496,true,,
CANADIAN FAMILY PHYSICIAN,1715-5258;0008-350X,true,,
CANADIAN GEOTECHNICAL JOURNAL,1208-6010;0008-3674,true,,
THE CANADIAN HISTORICAL REVIEW,1710-1093;0008-3755,true,,
CANADIAN JOURNAL OF LATIN AMERICAN AND CARIBBEAN STUDIES,2333-1461;0826-3663,true,,
CANADIAN JOURNAL OF AFRICAN STUDIES,1923-3051;0008-3968,true,,
CANADIAN JOURNAL OF AGRICULTURAL ECONOMICS - REVUE CANADIENNE D AGROECONOMIE,1744-7976;0008-3976,true,,
CANADIAN JOURNAL OF ANAESTHESIA,1496-8975;0832-610X,true,,
CANADIAN JOURNAL OF BEHAVIOURAL SCIENCE - REVUE CANADIENNE DES SCIENCES DU COMPORTEMENT,1879-2669;0008-400X,true,,
CANADIAN JOURNAL OF BIOETHICS - REVUE CANADIENNE DE BIOETHIQUE,2561-4665,true,,
CANADIAN JOURNAL OF CARDIOLOGY,1916-7075;0828-282X,true,,
CANADIAN JOURNAL OF CRIMINOLOGY AND CRIMINAL JUSTICE,1911-0219;1707-7753,true,,
CANADIAN JOURNAL OF DEVELOPMENT STUDIES - REVUE CANADIENNE D ETUDES DU DEVELOPPEMENT,2158-9100;0225-5189,true,,
CANADIAN JOURNAL OF FISHERIES AND AQUATIC SCIENCES,1205-7533;0706-652X,true,,
CANADIAN JOURNAL OF FOREST RESEARCH,1208-6037;0045-5067,true,,
CANADIAN JOURNAL OF MATHEMATICS - JOURNAL CANADIEN DE MATHEMATIQUES,1496-4279;0008-414X,true,,
CANADIAN JOURNAL OF NURSING RESEARCH,1705-7051;0844-5621,true,,
CANADIAN JOURNAL OF PHILOSOPHY,1911-0820;0045-5091,true,,
CANADIAN JOURNAL OF PLANT PATHOLOGY,1715-2992;0706-0661,true,,
CANADIAN JOURNAL OF POLITICAL SCIENCE - REVUE CANADIENNE DE SCIENCE POLITIQUE,1744-9324;0008-4239,true,,
CANADIAN JOURNAL OF PSYCHIATRY,1497-0015;0706-7437,true,,
CANADIAN JOURNAL OF PUBLIC HEALTH,1920-7476;0008-4263,true,,
CANADIAN JOURNAL OF ZOOLOGY,1480-3283;0008-4301,true,,
CANADIAN LITERATURE,0008-4360,true,,
CMAJ,1488-2329;0820-3946,true,,
CANADIAN MODERN LANGUAGE REVIEW - REVUE CANADIENNE DES LANGUES VIVANTES,1710-1131;0008-4506,true,,
CANADIAN PUBLIC POLICY - ANALYSE DE POLITIQUES,1911-9917;0317-0861,true,,
CANADIAN REVIEW OF SOCIOLOGY - REVUE CANADIENNE DE SOCIOLOGIE,1755-618X;1755-6171,true,,
CANCER,1097-0142;0008-543X,true,,
CANCER AND METASTASIS REVIEWS,1573-7233;0167-7659,true,,
CANCER BIOLOGY AND THERAPY,1555-8576;1538-4047,true,,
CANCER BIOMARKERS,1875-8592;1574-0153,true,,
CANCER BIOTHERAPY AND RADIOPHARMACEUTICALS,1557-8852;1084-9785,true,,
CANCER CELL,1878-3686;1535-6108,true,,
CANCER CELL INTERNATIONAL,1475-2867,true,,
CANCER CHEMOTHERAPY AND PHARMACOLOGY,1432-0843;0344-5704,true,,
CANCER COMMUNICATIONS,2523-3548,true,,
CANCER DISCOVERY,2159-8290;2159-8274,true,,
CANCER EPIDEMIOLOGY,1877-783X;1877-7821,true,,
CANCER EPIDEMIOLOGY BIOMARKERS AND PREVENTION,1538-7755;1055-9965,true,,
CANCER GENE THERAPY,1476-5500;0929-1903,true,,
CANCER GENOMICS AND PROTEOMICS,1790-6245;1109-6535,true,,
CANCER IMAGING,1740-5025;1470-7330,true,,
"CANCER IMMUNOLOGY, IMMUNOTHERAPY",1432-0851;0340-7004,true,,
CANCER IMMUNOLOGY RESEARCH,2326-6074;2326-6066,true,,
CANCER LETTERS,1872-7980;0304-3835,true,,
CANCER NANOTECHNOLOGY,1868-6966;1868-6958,true,,
CANCER RESEARCH,1538-7445;0008-5472,true,,
CANCER RESEARCH AND TREATMENT,2005-9256;1598-2998,true,,
CANCER SCIENCE,1349-7006;1347-9032,true,,
CANCER TREATMENT REVIEWS,1532-1967;0305-7372,true,,
CANCERS,2072-6694,true,,
CANNABIS AND CANNABINOID RESEARCH,2578-5125;2378-8763,true,,
CARBOHYDRATE POLYMERS,1879-1344;0144-8617,true,,
CARBON,1873-3891;0008-6223,true,,
CARBON ENERGY,2637-9368,true,,
CARCINOGENESIS,1460-2180;0143-3334,true,,
CARDIORENAL MEDICINE,1664-5502;1664-3828,true,,
CARDIOVASCULAR DIABETOLOGY,1475-2840,true,,
CARDIOVASCULAR DRUGS AND THERAPY,1573-7241;0920-3206,true,,
CARDIOVASCULAR PATHOLOGY,1879-1336;1054-8807,true,,
CARDIOVASCULAR RESEARCH,1755-3245;0008-6363,true,,
CAREER DEVELOPMENT AND TRANSITION FOR EXCEPTIONAL INDIVIDUALS,2165-1442;2165-1434,true,,
CAREER DEVELOPMENT INTERNATIONAL,1758-6003;1362-0436,true,,
CARIES RESEARCH,1421-976X;0008-6568,true,,
CARPATHIAN JOURNAL OF MATHEMATICS,1843-4401;1584-2851,true,,
CARTILAGE,1947-6043;1947-6035,true,,
CARTOGRAPHY AND GEOGRAPHIC INFORMATION SCIENCE,1545-0465;1523-0406,true,,
CASE STUDIES IN CONSTRUCTION MATERIALS,2214-5095,false,2024-07-11,removed from the White List
CASE STUDIES IN THERMAL ENGINEERING,2214-157X,false,2024-07-11,removed from the White List
CATALAN JOURNAL OF LINGUISTICS,2014-9719;1695-6885,true,,
CATALYSIS REVIEWS - SCIENCE AND ENGINEERING,1520-5703;0161-4940,true,,
CATALYSIS SCIENCE AND TECHNOLOGY,2044-4761;2044-4753,true,,
CATALYSIS TODAY,1873-4308;0920-5861,true,,
CATENA,1872-6887;0341-8162,true,,
CAURIENSIA - REVISTA ANUAL DE CIENCIAS ECLESIASTICAS,2340-4256;1886-4945,true,,
CBE - LIFE SCIENCES EDUCATION,1931-7913,true,,
CCS CHEMISTRY,2096-5745,true,,
CELEBRITY STUDIES,1939-2400;1939-2397,true,,
CELESTIAL MECHANICS AND DYNAMICAL ASTRONOMY,1572-9478;0923-2958,true,,
CELL,1097-4172;0092-8674,true,,
CELL AND BIOSCIENCE,2045-3701,true,,
CELL BIOLOGY AND TOXICOLOGY,1573-6822;0742-2091,true,,
CELL CALCIUM,1532-1991;0143-4160,true,,
CELL CHEMICAL BIOLOGY,2451-9456;2451-9448,true,,
CELL COMMUNICATION AND SIGNALING,1478-811X,true,,
CELL DEATH AND DISEASE,2041-4889,true,,
CELL DEATH AND DIFFERENTIATION,1476-5403;1350-9047,true,,
CELL DEATH DISCOVERY,2058-7716,true,,
CELL DISCOVERY,2056-5968,true,,
CELL HOST AND MICROBE,1934-6069;1931-3128,true,,
CELL METABOLISM,1932-7420;1550-4131,true,,
CELL PROLIFERATION,1365-2184;0960-7722,true,,
CELL REPORTS,2211-1247,false,2024-07-11,removed from the White List
CELL REPORTS MEDICINE,2666-3791,false,2024-07-11,removed from the White List
CELL REPORTS PHYSICAL SCIENCE,2666-3864,false,2024-07-11,removed from the White List
CELL RESEARCH,1748-7838;1001-0602,true,,
CELL STEM CELL,1875-9777;1934-5909,true,,
CELL STRESS,2523-0204,true,,
CELL SYSTEMS,2405-4720;2405-4712,true,,
CELL TRANSPLANTATION,1555-3892;0963-6897,true,,
CELLS,2073-4409,true,,
CELLS TISSUES ORGANS,1422-6421;1422-6405,true,,
CELLULAR AND MOLECULAR BIOLOGY LETTERS,1689-1392;1425-8153,true,,
CELLULAR AND MOLECULAR IMMUNOLOGY,2042-0226;1672-7681,true,,
CELLULAR AND MOLECULAR BIOENGINEERING,1865-5033;1865-5025,true,,
CMGH CELLULAR AND MOLECULAR GASTROENTEROLOGY AND HEPATOLOGY,2352-345X,false,2024-07-11,removed from the White List
CELLULAR AND MOLECULAR LIFE SCIENCES,1420-9071;1420-682X,true,,
CELLULAR AND MOLECULAR NEUROBIOLOGY,1573-6830;0272-4340,true,,
CELLULAR ONCOLOGY,2211-3436;2211-3428,true,,
CELLULOSE,1572-882X;0969-0239,true,,
CEMENT AND CONCRETE COMPOSITES,1873-393X;0958-9465,true,,
CEMENT AND CONCRETE RESEARCH,1873-3948,true,,
CENTAURUS,1600-0498;0008-8994,true,,
CENTRAL ASIAN SURVEY,1465-3354;0263-4937,true,,
CENTRAL BANK REVIEW,1305-8800;1303-0701;2524-1699,false,2024-07-11,removed from the White List
CENTRAL EUROPEAN HISTORY,1569-1616;0008-9389,true,,
CENTRAL EUROPEAN JOURNAL OF OPERATIONS RESEARCH,1613-9178;1435-246X,true,,
CEPHALALGIA,1468-2982;0333-1024,true,,
CERAMICS INTERNATIONAL,1873-3956;0272-8842,true,,
CEREBELLUM,1473-4230;1473-4222,true,,
CEREBRAL CORTEX,1460-2199;1047-3211,true,,
CHALLENGES IN SUSTAINABILITY,2297-6477,true,,
CHAOS,1089-7682;1054-1500,true,,
"CHAOS, SOLITONS AND FRACTALS",1873-2887;0960-0779,true,,
THE CHAUCER REVIEW,1528-4204;0009-2002,true,,
CHEM,2451-9294;2451-9308,true,,
CHEMBIOENG REVIEWS,2196-9744,true,,
CHEMCATCHEM,1867-3899;1867-3880,true,,
CHEMELECTROCHEM,2196-0216,true,,
CHEMICAL AND BIOLOGICAL TECHNOLOGIES IN AGRICULTURE,2196-5641,true,,
CHEMICAL COMMUNICATIONS,1364-548X;1359-7345,true,,
CHEMICAL ENGINEERING AND PROCESSING - PROCESS INTENSIFICATION,1873-3204;0255-2701,true,,
CHEMICAL ENGINEERING JOURNAL,1873-3212;1385-8947,true,,
"TRANSACTIONS OF THE INSTITUTION OF CHEMICAL ENGINEERS. PART A, CHEMICAL ENGINEERING RESEARCH AND DESIGN",1744-3563;0263-8762,true,,
CHEMICAL ENGINEERING SCIENCE,1873-4405;0009-2509,true,,
CHEMICAL GEOLOGY,1872-6836;0009-2541,true,,
CHEMICAL RECORD,1528-0691;1527-8999,true,,
CHEMICAL REVIEWS,1520-6890;0009-2665,true,,
CHEMICAL SCIENCE,2041-6539;2041-6520,true,,
CHEMICAL SENSES,1464-3553;0379-864X,true,,
CHEMICAL SOCIETY REVIEWS,1460-4744;0306-0012,true,,
CHEMICO-BIOLOGICAL INTERACTIONS,1872-7786;0009-2797,true,,
CHEMISTRY - A EUROPEAN JOURNAL,1521-3765;0947-6539,true,,
CHEMISTRY - AN ASIAN JOURNAL,1861-4728;1861-471X,true,,
CHEMISTRY EDUCATION RESEARCH AND PRACTICE,1756-1108,true,,
CHEMISTRY OF MATERIALS,1520-5002;0897-4756,true,,
CHEMNANOMAT,2199-692X,true,,
CHEMOMETRICS AND INTELLIGENT LABORATORY SYSTEMS,1873-3239;0169-7439,true,,
CHEMOSPHERE,1879-1298;0045-6535,true,,
CHEMSUSCHEM,1864-564X;1864-5631,true,,
CHEST,1931-3543;0012-3692,true,,
CHILD AND FAMILY SOCIAL WORK,1365-2206;1356-7500,true,,
CHILD AND YOUTH CARE FORUM,1573-3319;1053-1890,true,,
CHILD ABUSE AND NEGLECT,1873-7757;0145-2134,true,,
CHILD ABUSE REVIEW,1099-0852;0952-9136,true,,
CHILD AND ADOLESCENT MENTAL HEALTH,1475-3588;1475-357X,true,,
CHILD AND ADOLESCENT PSYCHIATRY AND MENTAL HEALTH,1753-2000,true,,
CHILD AND ADOLESCENT SOCIAL WORK JOURNAL,1573-2797;0738-0151,true,,
"CHILD: CARE, HEALTH AND DEVELOPMENT",1365-2214;0305-1862,true,,
CHILD CARE IN PRACTICE,1476-489X;1357-5279,true,,
CHILD DEVELOPMENT,1467-8624;0009-3920,true,,
CHILD DEVELOPMENT PERSPECTIVES,1750-8606;1750-8592,true,,
CHILD INDICATORS RESEARCH,1874-8988;1874-897X,true,,
CHILD LANGUAGE TEACHING AND THERAPY,1477-0865;0265-6590,true,,
CHILD MALTREATMENT,1552-6119;1077-5595,true,,
CHILD NEUROPSYCHOLOGY,1744-4136;0929-7049,true,,
CHILDHOOD - A GLOBAL JOURNAL OF CHILD RESEARCH,1461-7013;0907-5682,true,,
CHILDHOOD OBESITY,2153-2176;2153-2168,true,,
CHILDREN AND SCHOOLS,1545-682X;1532-8759,true,,
CHILDREN AND SOCIETY,1099-0860;0951-0605,true,,
CHILDREN AND YOUTH SERVICES REVIEW,1873-7765;0190-7409,true,,
CHILDREN'S GEOGRAPHIES,1473-3277;1473-3285,true,,
CHILDREN'S LITERATURE,1543-3374;0092-8208,true,,
CHILDREN'S LITERATURE ASSOCIATION QUARTERLY,1553-1201;0885-0429,true,,
CHILDREN'S LITERATURE IN EDUCATION,1573-1693;0045-6713,true,,
CHINA AND WORLD ECONOMY,1749-124X;1671-2234,true,,
CHINA AGRICULTURAL ECONOMIC REVIEW,1756-1388;1756-137X,true,,
CHINA CDC WEEKLY,2096-7071,true,,
CHINA COMMUNICATIONS,1673-5447,true,,
CHINA ECONOMIC REVIEW,1873-7781;1043-951X,true,,
CHINA FINANCE REVIEW INTERNATIONAL,2044-1401;2044-1398,true,,
CHINA GEOLOGY,2589-9430;2096-5192,true,,
CHINA INFORMATION,1741-590X;0920-203X,true,,
CHINA JOURNAL,1835-8535;1324-9347,true,,
CHINA JOURNAL OF ACCOUNTING RESEARCH,1755-3091,false,2024-07-11,removed from the White List
CHINA PERSPECTIVES,1996-4617;2070-3449,true,,
CHINA QUARTERLY,1468-2648;0305-7410,true,,
CHINA REVIEW - AN INTERDISCIPLINARY JOURNAL ON GREATER CHINA,1680-2012,true,,
CHINESE CHEMICAL LETTERS,1878-5964;1001-8417,true,,
CHINESE GEOGRAPHICAL SCIENCE,1993-064X;1002-0063,true,,
CHINESE JOURNAL OF AERONAUTICS,2588-9230;1000-9361,false,2024-07-11,removed from the White List
CHINESE JOURNAL OF APPLIED LINGUISTICS,2192-9513;2192-9505,true,,
CHINESE JOURNAL OF CATALYSIS,1872-2067;0253-9837,true,,
CHINESE JOURNAL OF CHEMICAL ENGINEERING,2210-321X;1004-9541,true,,
CHINESE JOURNAL OF CHEMISTRY,1614-7065,true,,
CHINESE JOURNAL OF COMMUNICATION,1754-4769;1754-4750,true,,
THE CHINESE JOURNAL OF DENTAL RESEARCH : THE OFFICIAL JOURNAL OF THE SCIENTIFIC SECTION OF THE CHINESE STOMATOLOGICAL ASSOCIATION (CSA),1867-5646;1462-6446,true,,
CHINESE JOURNAL OF INTEGRATIVE MEDICINE,1993-0402;1672-0415,true,,
CHINESE JOURNAL OF INTERNATIONAL POLITICS,1750-8924;1750-8916,true,,
CHINESE JOURNAL OF MECHANICAL ENGINEERING (ENGLISH EDITION),2192-8258;1000-9345,true,,
CHINESE JOURNAL OF NATURAL MEDICINES,2095-6975,true,,
CHINESE JOURNAL OF PHYSICS,0577-9073;2309-9097,true,,
CHINESE JOURNAL OF POLYMER SCIENCE (ENGLISH EDITION),1439-6203;0256-7679,true,,
CHINESE MEDICAL JOURNAL,2542-5641;0366-6999,true,,
CHINESE MEDICINE,1749-8546,true,,
CHINESE POLITICAL SCIENCE REVIEW,2365-4252;2365-4244,true,,
CHINESE SOCIOLOGICAL REVIEW,2162-0563;2162-0555,true,,
CHIROPRACTIC AND MANUAL THERAPIES,2045-709X,true,,
CHRISTIAN BIOETHICS,1744-4195;1380-3603,true,,
CHROMOSOMA,1432-0886;0009-5915,true,,
CHROMOSOME RESEARCH,1573-6849;0967-3849,true,,
CHRONIC ILLNESS,1745-9206;1742-3953,true,,
CHRONICA NOVA,2445-1908;0210-9611,true,,
CHURCH HISTORY AND RELIGIOUS CULTURE,1871-2428;1871-241X,true,,
CIENCIA E AGROTECNOLOGIA,1981-1829;1413-7054,true,,
CIN - COMPUTERS INFORMATICS NURSING,1538-9774;1538-2931,true,,
CINEASTE,0009-7004,true,,
CINTA DE MOEBIO,0717-554X,true,,
CIRCULATION,1524-4539;0009-7322,true,,
CIRCULATION - ARRHYTHMIA AND ELECTROPHYSIOLOGY,1941-3149;1941-3084,true,,
CIRCULATION - CARDIOVASCULAR IMAGING,1942-0080;1941-9651,true,,
CIRCULATION - CARDIOVASCULAR INTERVENTIONS,1941-7640;1941-7632,true,,
CIRCULATION - CARDIOVASCULAR QUALITY AND OUTCOMES,1941-7713;1941-7705,true,,
CIRCULATION. GENOMIC AND PRECISION MEDICINE,2574-8300,true,,
CIRCULATION - HEART FAILURE,1941-3297;1941-3289,true,,
CIRCULATION JOURNAL,1347-4820;1346-9843,true,,
CIRCULATION RESEARCH,1524-4571;0009-7330,true,,
"CIRIEC - ESPANA REVISTA DE ECONOMIA PUBLICA, SOCIAL Y COOPERATIVA",0213-8093;1989-6816,true,,
CIRP ANNALS - MANUFACTURING TECHNOLOGY,1726-0604;0007-8506,true,,
CIRP JOURNAL OF MANUFACTURING SCIENCE AND TECHNOLOGY,1755-5817;1878-0016,true,,
CIS IRON AND STEEL REVIEW,2414-1089;2072-0815,true,,
CITIES,1873-6084;0264-2751,true,,
CITIZENSHIP STUDIES,1469-3593;1362-1025,true,,
CITY AND COMMUNITY,1540-6040;1535-6841,true,,
CITY AND ENVIRONMENT INTERACTIONS,2590-2520,false,2024-07-11,removed from the White List
CIVIL ENGINEERING JOURNAL - TEHRAN,2676-6957;2476-3055,true,,
CLADISTICS,1096-0031;0748-3007,true,,
CLASSICAL AND QUANTUM GRAVITY,1361-6382;0264-9381,true,,
CLASSICAL ANTIQUITY,0278-6656;1067-8344,true,,
CLASSICAL JOURNAL,2327-5812;0009-8353,true,,
CLASSICAL PHILOLOGY,1546-072X;0009-837X,true,,
CLASSICAL QUARTERLY,1471-6844;0009-8388,true,,
CLASSICAL RECEPTIONS JOURNAL,1759-5142;1759-5134,true,,
CLASSROOM DISCOURSE,1946-3022;1946-3014,true,,
CLAY MINERALS,1471-8030;0009-8558,true,,
CLEAN TECHNOLOGIES,2571-8797,true,,
CLEAN TECHNOLOGIES AND ENVIRONMENTAL POLICY,1618-9558;1618-954X,true,,
CLEVELAND CLINIC JOURNAL OF MEDICINE,1939-2869;0891-1150,true,,
CLIMACTERIC,1473-0804;1369-7137,true,,
CLIMATE AND DEVELOPMENT,1756-5537;1756-5529,true,,
CLIMATE CHANGE ECONOMICS,2010-0086;2010-0078,true,,
CLIMATE DYNAMICS,1432-0894;0930-7575,true,,
CLIMATE OF THE PAST,1814-9332;1814-9324,true,,
CLIMATE POLICY,1752-7457;1469-3062,true,,
CLIMATE RISK MANAGEMENT,2212-0963,false,2024-07-11,removed from the White List
CLIMATE SERVICES,2405-8807,false,2024-07-11,removed from the White List
CLIMATIC CHANGE,1573-1480;0165-0009,true,,
CLINICA CHIMICA ACTA,1873-3492;0009-8981,true,,
CLINICAL AND EXPERIMENTAL METASTASIS,1573-7276;0262-0898,true,,
CLINICAL ANATOMY,1098-2353;0897-3806,true,,
CLINICAL AND EXPERIMENTAL DERMATOLOGY,1365-2230;0307-6938,true,,
CLINICAL AND EXPERIMENTAL HYPERTENSION,1525-6006;1064-1963,true,,
CLINICAL AND EXPERIMENTAL MEDICINE,1591-9528;1591-8890,true,,
CLINICAL AND EXPERIMENTAL OPHTHALMOLOGY,1442-9071;1442-6404,true,,
CLINICAL AND EXPERIMENTAL OPTOMETRY,1444-0938;0816-4622,true,,
CLINICAL AND EXPERIMENTAL OTORHINOLARYNGOLOGY,2005-0720;1976-8710,true,,
CLINICAL AND EXPERIMENTAL RHEUMATOLOGY,1593-098X;0392-856X,true,,
CLINICAL AND MOLECULAR HEPATOLOGY,2287-285X;2287-2728,true,,
CLINICAL AND TRANSLATIONAL ALLERGY,2045-7022,true,,
CLINICAL AND TRANSLATIONAL MEDICINE,2001-1326,true,,
CLINICAL AND TRANSLATIONAL RADIATION ONCOLOGY,2405-6308,false,2024-07-11,removed from the White List
CLINICAL AUTONOMIC RESEARCH,1619-1560;0959-9851,true,,
CLINICAL BIOCHEMISTRY,1873-2933;0009-9120,true,,
CLINICAL CANCER RESEARCH,1557-3265;1078-0432,true,,
CLINICAL CHEMISTRY,1530-8561;0009-9147,true,,
CLINICAL CHEMISTRY AND LABORATORY MEDICINE,1437-4331;1434-6621,true,,
CLINICAL CHILD AND FAMILY PSYCHOLOGY REVIEW,1573-2827;1096-4037,true,,
CLINICAL COLORECTAL CANCER,1938-0674;1533-0028,true,,
CLINICAL EPIDEMIOLOGY,1179-1349,true,,
CLINICAL EPIGENETICS,1868-7083;1868-7075,true,,
CLINICAL GASTROENTEROLOGY AND HEPATOLOGY,1542-7714;1542-3565,true,,
CLINICAL GENETICS,1399-0004;0009-9163,true,,
CLINICAL GENITOURINARY CANCER,1938-0682;1558-7673,true,,
CLINICAL HYPERTENSION,2056-5909,true,,
CLINICAL IMMUNOLOGY,1521-7035;1521-6616,true,,
CLINICAL IMPLANT DENTISTRY AND RELATED RESEARCH,1708-8208;1523-0899,true,,
CLINICAL INFECTIOUS DISEASES,1537-6591;1058-4838,true,,
CLINICAL INTERVENTIONS IN AGING,1178-1998;1176-9092,true,,
CLINICAL JOURNAL OF PAIN,1536-5409;0749-8047,true,,
CLINICAL JOURNAL OF SPORT MEDICINE,1536-3724;1050-642X,true,,
CLINICAL JOURNAL OF THE AMERICAN SOCIETY OF NEPHROLOGY,1555-905X;1555-9041,true,,
CKJ: CLINICAL KIDNEY JOURNAL,2048-8513;2048-8505,true,,
CLINICAL LINGUISTICS AND PHONETICS,1464-5076;0269-9206,true,,
CLINICAL LUNG CANCER,1938-0690;1525-7304,true,,
CLINICAL MEDICINE,1473-4893;1470-2118,false,2024-07-11,removed from the White List
CLINICAL MICROBIOLOGY AND INFECTION,1469-0691;1198-743X,true,,
CLINICAL MICROBIOLOGY REVIEWS,1098-6618;0893-8512,true,,
CLINICAL NEUROPHYSIOLOGY,1872-8952;1388-2457,true,,
CLINICAL NEUROPSYCHIATRY,2385-0787;1724-4935,true,,
CLINICAL NEUROPSYCHOLOGIST,1744-4144;1385-4046,true,,
CLINICAL NEURORADIOLOGY,1869-1447;1869-1439,true,,
CLINICAL NUCLEAR MEDICINE,1536-0229;0363-9762,true,,
CLINICAL NURSING RESEARCH,1552-3799;1054-7738,true,,
CLINICAL NUTRITION,1532-1983;0261-5614,true,,
CLINICAL ORAL IMPLANTS RESEARCH,1600-0501;0905-7161,true,,
CLINICAL ORAL INVESTIGATIONS,1436-3771;1432-6981,true,,
CLINICAL ORTHOPAEDICS AND RELATED RESEARCH,1528-1132;0009-921X,true,,
CLINICAL OTOLARYNGOLOGY,1749-4486;1749-4478,true,,
CLINICAL PHARMACOKINETICS,1179-1926;0312-5963,true,,
CLINICAL PHARMACOLOGY AND THERAPEUTICS,1532-6535;0009-9236,true,,
CLINICAL PROTEOMICS,1559-0275;1542-6416,true,,
CLINICAL PSYCHOLOGICAL SCIENCE,2167-7034;2167-7026,true,,
CLINICAL PSYCHOLOGY - SCIENCE AND PRACTICE,1468-2850;0969-5893,true,,
CLINICAL PSYCHOLOGY AND SPECIAL EDUCATION|КЛИНИЧЕСКАЯ И СПЕЦИАЛЬНАЯ ПСИХОЛОГИЯ,2304-0394,true,,
CLINICAL PSYCHOLOGY REVIEW,1873-7811;0272-7358,true,,
CLINICAL REHABILITATION,1477-0873;0269-2155,true,,
CLINICAL RESEARCH IN CARDIOLOGY,1861-0692;1861-0684,true,,
CLINICAL REVIEWS IN ALLERGY AND IMMUNOLOGY,1559-0267;1080-0549,true,,
CLINICAL SCIENCE,1470-8736;0143-5221,true,,
CLINICAL SIMULATION IN NURSING,1876-1402;1876-1399,true,,
CLINICAL SOCIAL WORK JOURNAL,1573-3343;0091-1674,true,,
THE CLINICAL SUPERVISOR,1545-231X;0732-5223,true,,
CLINICAL TRIALS,1740-7753;1740-7745,true,,
CLINICS,1980-5322;1807-5932,false,2024-07-11,removed from the White List
CLINICS IN CHEST MEDICINE,1557-8216;0272-5231,true,,
CLINICS IN DERMATOLOGY,1879-1131;0738-081X,true,,
CLINICS IN GERIATRIC MEDICINE,1879-8853;0749-0690,true,,
CLINICS IN LIVER DISEASE,1557-8224;1089-3261,true,,
CIOS CLINICS IN ORTHOPEDIC SURGERY,2005-4408;2005-291X,true,,
CLINICS IN PERINATOLOGY,1557-9840;0095-5108,true,,
CLIO - A JOURNAL OF LITERATURE HISTORY AND THE PHILOSOPHY OF HISTORY,0884-2043,true,,
CLIOMETRICA,1863-2513;1863-2505,true,,
CLOTHING AND TEXTILES RESEARCH JOURNAL,1940-2473;0887-302X,true,,
CLOTHING CULTURES,2050-0750;2050-0742,true,,
CMC - COMPUTERS MATERIALS & CONTINUA,1546-2226;1546-2218,true,,
CNS AND NEUROLOGICAL DISORDERS - DRUG TARGETS,1996-3181;1871-5273,true,,
CNS DRUGS,1179-1934;1172-7047,true,,
CNS NEUROSCIENCE AND THERAPEUTICS,1755-5949;1755-5930,true,,
CNS SPECTRUMS,2165-6509;1092-8529,true,,
COASTAL ENGINEERING,1872-7379;0378-3839,true,,
COASTAL ENGINEERING JOURNAL,2166-4250;1793-6292,true,,
COCHRANE DATABASE OF SYSTEMATIC REVIEWS,1361-6137;1469-493X,true,,
CODESIGN - INTERNATIONAL JOURNAL OF COCREATION IN DESIGN AND THE ARTS,1745-3755;1571-0882,true,,
COGENT ARTS AND HUMANITIES,2331-1983,true,,
COGENT FOOD AND AGRICULTURE,2331-1932,true,,
COGNITION,1873-7838;0010-0277,true,,
COGNITION AND EMOTION,1464-0600;0269-9931,true,,
COGNITION AND INSTRUCTION,1532-690X;0737-0008,true,,
"COGNITION, TECHNOLOGY AND WORK",1435-5566;1435-5558,true,,
COGNITIVE BEHAVIOUR THERAPY,1651-2316;1650-6073,true,,
COGNITIVE COMPUTATION,1866-9964;1866-9956,true,,
COGNITIVE LINGUISTICS,1613-3641;0936-5907,true,,
COGNITIVE NEURODYNAMICS,1871-4099;1871-4080,true,,
COGNITIVE NEUROPSYCHOLOGY,1464-0627;0264-3294,true,,
COGNITIVE PSYCHOLOGY,1095-5623;0010-0285,true,,
COGNITIVE RESEARCH - PRINCIPLES AND IMPLICATIONS,2365-7464,true,,
COGNITIVE STUDIES - ETUDES COGNITIVES,2080-7147;2392-2397,true,,
COGNITIVE SYSTEMS RESEARCH,2214-4366;1389-0417,true,,
COLD REGIONS SCIENCE AND TECHNOLOGY,1872-7441;0165-232X,true,,
COLD SPRING HARBOR MOLECULAR CASE STUDIES,2373-2873,true,,
COLD SPRING HARBOR PERSPECTIVES IN BIOLOGY,1943-0264,true,,
COLD SPRING HARBOR PERSPECTIVES IN MEDICINE,2157-1422,true,,
COLD WAR HISTORY,1743-7962;1468-2745,true,,
COLLABRA - PSYCHOLOGY,2474-7394,true,,
COLLECTANEA MATHEMATICA,2038-4815;0010-0757,true,,
COLLEGE AND RESEARCH LIBRARIES,2150-6701;0010-0870,true,,
COLLEGE COMPOSITION AND COMMUNICATION,1939-9006;0010-096X,true,,
COLLEGE ENGLISH,2161-8178;0010-0994,true,,
COLLEGIAN,1876-7575;1322-7696,true,,
COLLOIDS AND INTERFACE SCIENCE COMMUNICATIONS,2215-0382,false,2024-07-11,removed from the White List
COLLOIDS AND SURFACES A - PHYSICOCHEMICAL AND ENGINEERING ASPECTS,1873-4359;0927-7757,true,,
COLLOIDS AND SURFACES B - BIOINTERFACES,1873-4367;0927-7765,true,,
COLOMBIAN APPLIED LINGUISTICS JOURNAL,2248-7085;0123-4641,true,,
COLUMBIA LAW REVIEW,1945-2268;0010-1958,true,,
COMBINATORICA,1439-6912;0209-9683,true,,
COMBUSTION AND FLAME,1556-2921;0010-2180,true,,
COMBUSTION THEORY AND MODELLING,1741-3559;1364-7830,true,,
COMICS GRID - JOURNAL OF COMICS SCHOLARSHIP,2048-0792,true,,
COMMENTS ON INORGANIC CHEMISTRY,1548-9574;0260-3594,true,,
COMMON KNOWLEDGE,1538-4578;0961-754X,true,,
COMMON MARKET LAW REVIEW,1875-8320;0165-0750,true,,
COMMUNICATION AND SPORT,2167-4809;2167-4795,true,,
COMMUNICATION AND CRITICAL - CULTURAL STUDIES,1479-4233;1479-1420,true,,
"COMMUNICATION, CULTURE AND CRITIQUE",1753-9137;1753-9129,true,,
COMMUNICATION DISORDERS QUARTERLY,1538-4837;1525-7401,true,,
COMMUNICATION EDUCATION,1479-5795;0363-4523,true,,
COMMUNICATION METHODS AND MEASURES,1931-2466;1931-2458,true,,
COMMUNICATION MONOGRAPHS,1479-5787;0363-7751,true,,
COMMUNICATION REPORTS,1745-1043;0893-4215,true,,
COMMUNICATION RESEARCH,1552-3810;0093-6502,true,,
COMMUNICATION RESEARCH AND PRACTICE,2204-1451;2206-3374,true,,
COMMUNICATION STUDIES,1745-1035;1051-0974,true,,
COMMUNICATION THEORY,1468-2885;1050-3293,true,,
COMMUNICATIONS BIOLOGY,2399-3642,true,,
COMMUNICATIONS CHEMISTRY,2399-3669,true,,
COMMUNICATIONS EARTH AND ENVIRONMENT,2662-4435,true,,
COMMUNICATIONS IN APPLIED AND INDUSTRIAL MATHEMATICS,2038-0909,true,,
COMMUNICATIONS IN COMBINATORICS AND OPTIMIZATION,2538-2136;2538-2128,true,,
COMMUNICATIONS IN COMPUTATIONAL PHYSICS,1991-7120;1815-2406,true,,
COMMUNICATIONS IN CONTEMPORARY MATHEMATICS,1793-6683;0219-1997,true,,
COMMUNICATIONS IN MATHEMATICAL PHYSICS,1432-0916;0010-3616,true,,
COMMUNICATIONS IN MATHEMATICS AND STATISTICS,2194-671X;2194-6701,true,,
COMMUNICATIONS IN NONLINEAR SCIENCE AND NUMERICAL SIMULATION,1878-7274;1007-5704,true,,
COMMUNICATIONS IN NUMBER THEORY AND PHYSICS,1931-4531;1931-4523,true,,
COMMUNICATIONS IN PARTIAL DIFFERENTIAL EQUATIONS,1532-4133;0360-5302,true,,
COMMUNICATIONS MATERIALS,2662-4443,true,,
COMMUNICATIONS OF THE ACM,1557-7317;0001-0782,true,,
COMMUNICATIONS ON PURE AND APPLIED ANALYSIS,1553-5258;1534-0392,true,,
COMMUNICATIONS ON PURE AND APPLIED MATHEMATICS,1097-0312;0010-3640,true,,
COMMUNICATIONS PHYSICS,2399-3650,true,,
COMMUNITY DENTISTRY AND ORAL EPIDEMIOLOGY,1600-0528;0301-5661,true,,
"COMMUNITY, WORK AND FAMILY",1469-3615;1366-8803,true,,
COMPARATIVE BIOCHEMISTRY AND PHYSIOLOGY C - TOXICOLOGY & PHARMACOLOGY,1878-1659;1532-0456,true,,
COMPARATIVE COGNITION AND BEHAVIOR REVIEWS,1911-4745,true,,
COMPARATIVE CYTOGENETICS,1993-078X;1993-0771,true,,
COMPARATIVE EDUCATION,1360-0486;0305-0068,true,,
COMPARATIVE EUROPEAN POLITICS,1740-388X;1472-4790,true,,
"COMPARATIVE IMMUNOLOGY, MICROBIOLOGY AND INFECTIOUS DISEASES",1878-1667;0147-9571,true,,
COMPARATIVE LITERATURE,1945-8517;0010-4124,true,,
COMPARATIVE MIGRATION STUDIES,2214-594X,true,,
COMPARATIVE POLITICAL STUDIES,1552-3829;0010-4140,true,,
COMPARATIVE POLITICS,2151-6227;0010-4159,true,,
COMPARATIVE STUDIES IN SOCIETY AND HISTORY,1475-2999;0010-4175,true,,
COMPARE - A JOURNAL OF COMPARATIVE AND INTERNATIONAL EDUCATION,1469-3623;0305-7925,true,,
COMPETITION AND CHANGE,1477-2221;1024-5294,true,,
COMPETITIVENESS REVIEW,2051-3143;1059-5422,true,,
COMPLEMENTARY THERAPIES IN CLINICAL PRACTICE,1873-6947;1744-3881,true,,
COMPLEMENTARY THERAPIES IN MEDICINE,1873-6963;0965-2299,false,2024-07-11,removed from the White List
COMPLEX AND INTELLIGENT SYSTEMS,2199-4536;2198-6053,true,,
COMPLEXITY,1099-0526;1076-2787,true,,
COMPOSITE STRUCTURES,1879-1085;0263-8223,true,,
COMPOSITES COMMUNICATIONS,2452-2139,true,,
COMPOSITES PART A - APPLIED SCIENCE AND MANUFACTURING,1878-5840;1359-835X,true,,
COMPOSITES PART B: ENGINEERING,1879-1069,true,,
COMPOSITES SCIENCE AND TECHNOLOGY,1879-1050;0266-3538,true,,
COMPOSITIO MATHEMATICA,1570-5846;0010-437X,true,,
COMPREHENSIVE PHYSIOLOGY,2040-4603,true,,
COMPREHENSIVE PSYCHIATRY,1532-8384;0010-440X,false,2024-07-11,removed from the White List
COMPREHENSIVE REVIEWS IN FOOD SCIENCE AND FOOD SAFETY,1541-4337,true,,
COMPTES RENDUS - MECANIQUE,1873-7234;1631-0721,true,,
COMPUTATIONAL AND APPLIED MATHEMATICS,2238-3603;1807-0302,true,,
COMPUTATIONAL AND MATHEMATICAL ORGANIZATION THEORY,1572-9346;1381-298X,true,,
COMPUTATIONAL AND STRUCTURAL BIOTECHNOLOGY JOURNAL,2001-0370,false,2024-07-11,removed from the White List
COMPUTATIONAL BIOLOGY AND CHEMISTRY,1476-928X;1476-9271,true,,
COMPUTATIONAL COMPLEXITY,1420-8954;1016-3328,true,,
COMPUTATIONAL ECONOMICS,1572-9974;0927-7099,true,,
COMPUTATIONAL LINGUISTICS,1530-9312;0891-2017,true,,
COMPUTATIONAL MANAGEMENT SCIENCE,1619-6988;1619-697X,true,,
COMPUTATIONAL MATERIALS SCIENCE,1879-0801;0927-0256,true,,
COMPUTATIONAL MECHANICS,1432-0924;0178-7675,true,,
COMPUTATIONAL PARTICLE MECHANICS,2196-4386;2196-4378,true,,
COMPUTATIONAL VISUAL MEDIA,2096-0662;2096-0433,true,,
COMPUTER,1558-0814;0018-9162,true,,
COMPUTER-AIDED CIVIL AND INFRASTRUCTURE ENGINEERING,1467-8667;1093-9687,true,,
CAD COMPUTER AIDED DESIGN,1879-2685;0010-4485,true,,
COMPUTER APPLICATIONS IN ENGINEERING EDUCATION,1099-0542;1061-3773,true,,
COMPUTER ASSISTED LANGUAGE LEARNING,1744-3210;0958-8221,true,,
COMPUTER ASSISTED SURGERY,2469-9322,true,,
COMPUTER COMMUNICATIONS,1873-703X;0140-3664,true,,
COMPUTER GRAPHICS FORUM,1467-8659;0167-7055,true,,
COMPUTER LAW AND SECURITY REVIEW,0267-3649,true,,
COMPUTER METHODS AND PROGRAMS IN BIOMEDICINE,1872-7565;0169-2607,true,,
COMPUTER METHODS IN APPLIED MECHANICS AND ENGINEERING,1879-2138;0045-7825,true,,
COMPUTER MUSIC JOURNAL,1531-5169;0148-9267,true,,
COMPUTER NETWORKS,1872-7069;1389-1286,true,,
COMPUTER OPTICS|КОМПЬЮТЕРНАЯ ОПТИКА,0134-2452;2412-6179,true,,
COMPUTER PHYSICS COMMUNICATIONS,1879-2944;0010-4655,true,,
COMPUTER SCIENCE EDUCATION,1744-5175;0899-3408,true,,
COMPUTER SCIENCE REVIEW,1876-7745;1574-0137,true,,
COMPUTER SPEECH AND LANGUAGE,1095-8363;0885-2308,true,,
COMPUTER STANDARDS AND INTERFACES,1872-7018;0920-5489,true,,
COMPUTER SUPPORTED COOPERATIVE WORK - THE JOURNAL OF COLLABORATIVE COMPUTING AND WORK PRACTICES,1573-7551;0925-9724,true,,
COMPUTER SYSTEMS SCIENCE AND ENGINEERING,0267-6192,true,,
COMPUTER VISION AND IMAGE UNDERSTANDING,1090-235X;1077-3142,true,,
COMPUTERIZED MEDICAL IMAGING AND GRAPHICS,1879-0771;0895-6111,true,,
COMPUTERS AND CHEMICAL ENGINEERING,1873-4375;0098-1354,true,,
COMPUTERS AND EDUCATION,1873-782X;0360-1315,true,,
COMPUTERS AND ELECTRICAL ENGINEERING,1879-0755;0045-7906,true,,
COMPUTERS AND FLUIDS,1879-0747;0045-7930,true,,
COMPUTERS AND GEOSCIENCES,1873-7803;0098-3004,true,,
COMPUTERS & GRAPHICS - UK,1873-7684;0097-8493,true,,
COMPUTERS AND INDUSTRIAL ENGINEERING,1879-0550;0360-8352,true,,
COMPUTERS AND MATHEMATICS WITH APPLICATIONS,1873-7668;0898-1221,true,,
COMPUTERS AND OPERATIONS RESEARCH,1873-765X;0305-0548,true,,
COMPUTERS AND SECURITY,1872-6208;0167-4048,true,,
COMPUTERS AND STRUCTURES,1879-2243;0045-7949,true,,
COMPUTERS AND CONCRETE,1598-8198;1598-818X,true,,
COMPUTERS AND ELECTRONICS IN AGRICULTURE,1872-7107,true,,
COMPUTERS AND GEOTECHNICS,1873-7633;0266-352X,true,,
"COMPUTERS, ENVIRONMENT AND URBAN SYSTEMS",1873-7587;0198-9715,true,,
COMPUTERS IN BIOLOGY AND MEDICINE,1879-0534;0010-4825,true,,
COMPUTERS IN HUMAN BEHAVIOR,1873-7692;0747-5632,true,,
COMPUTERS IN INDUSTRY,1872-6194;0166-3615,true,,
COMPUTING (VIENNA/NEW YORK),1436-5057;0010-485X,true,,
COMUNICAR,1988-3293;1134-3478,true,,
CONFIGURATIONS,1080-6520;1063-1801,true,,
CONFLICT AND HEALTH,1752-1505,true,,
CONFLICT MANAGEMENT AND PEACE SCIENCE,1549-9219;0738-8942,true,,
CONFLICT RESOLUTION QUARTERLY,1541-1508;1536-5581,true,,
CONNECTIVE TISSUE RESEARCH,1607-8438;0300-8207,true,,
CONSERVAR PATRIMONIO,2182-9942;1646-043X,true,,
CONSERVATION AND SOCIETY,0975-3133;0972-4923,true,,
CONSERVATION AND MANAGEMENT OF ARCHAEOLOGICAL SITES,1753-5522;1350-5033,true,,
CONSERVATION BIOLOGY,1523-1739;0888-8892,true,,
CONSERVATION LETTERS,1755-263X,true,,
CONSERVATION PHYSIOLOGY,2051-1434,true,,
CONSERVATION SCIENCE AND PRACTICE,2578-4854,true,,
CONSERVATION SCIENCE IN CULTURAL HERITAGE,1973-9494,true,,
CONSTRAINTS,1572-9354;1383-7133,true,,
CONSTRUCTION AND BUILDING MATERIALS,1879-0526;0950-0618,true,,
CONSTRUCTION INNOVATION,1477-0857;1471-4175,true,,
CONSTRUCTION MANAGEMENT AND ECONOMICS,1466-433X;0144-6193,true,,
CONSTRUCTIONS AND FRAMES,1876-1941;1876-1933,true,,
CONSTRUCTIVE APPROXIMATION,1432-0940;0176-4276,true,,
CONSTRUCTIVIST FOUNDATIONS,1782-348X,true,,
CONSUMPTION MARKETS AND CULTURE,1477-223X;1025-3866,true,,
CONTACT DERMATITIS,1600-0536;0105-1873,true,,
CONTACT LENS AND ANTERIOR EYE,1476-5411;1367-0484,true,,
CONTEMPORARY ACCOUNTING RESEARCH,1911-3846;0823-9150,true,,
CONTEMPORARY BRITISH HISTORY,1743-7997;1361-9462,true,,
CONTEMPORARY BUDDHISM,1476-7953;1463-9947,true,,
CONTEMPORARY EDUCATIONAL PSYCHOLOGY,1090-2384;0361-476X,true,,
CONTEMPORARY EUROPE - SOVREMENNAYA EVROPA|СОВРЕМЕННАЯ ЕВРОПА,0201-7083,true,,
CONTEMPORARY EUROPEAN HISTORY,1469-2171;0960-7773,true,,
CONTEMPORARY ISLAM - DYNAMICS OF MUSLIM LIFE,1872-0226;1872-0218,true,,
CONTEMPORARY MUSIC REVIEW,1477-2256;0749-4467,true,,
CONTEMPORARY PHYSICS,1366-5812;0010-7514,true,,
CONTEMPORARY POLITICS,1469-3631;1356-9775,true,,
CONTEMPORARY SECURITY POLICY,1743-8764;1352-3260,true,,
CONTEMPORARY SOCIAL SCIENCE: JOURNAL OF THE ACADEMY OF SOCIAL SCIENCES,2158-205X;2158-2041,true,,
CONTEMPORARY SOUTH ASIA,1469-364X;0958-4935,true,,
CONTINENTAL PHILOSOPHY REVIEW,1387-2842,true,,
CONTINUUM - JOURNAL OF MEDIA & CULTURAL STUDIES,1469-3666;1030-4312,true,,
CONTINUUM MECHANICS AND THERMODYNAMICS,1432-0959;0935-1175,true,,
CONTRACEPTION,1879-0518;0010-7824,true,,
CONTRIBUTIONS TO MINERALOGY AND PETROLOGY,1432-0967;0010-7999,true,,
CONTRIBUTIONS TO THE HISTORY OF CONCEPTS,1874-656X;1807-9326,true,,
CONTRIBUTIONS TO ZOOLOGY,1875-9866;1383-4517,true,,
CONTROL ENGINEERING PRACTICE,1873-6939;0967-0661,true,,
CONVERGENCE - THE INTERNATIONAL JOURNAL OF RESEARCH INTO NEW MEDIA TECHNOLOGIES,1748-7382;1354-8565,true,,
COOPERATION AND CONFLICT,1460-3691;0010-8367,true,,
COORDINATION CHEMISTRY REVIEWS,1873-3840;0010-8545,true,,
CORAL REEFS,1432-0975;0722-4028,true,,
CORMAC MCCARTHY JOURNAL,2333-3073;2333-3065,true,,
CORNEA,1536-4798;0277-3740,true,,
CORNELL HOSPITALITY QUARTERLY,1938-9663;1938-9655,true,,
CORNELL LAW REVIEW,0010-8847,true,,
CORPORA,1755-1676;1749-5032,true,,
CORPORATE COMMUNICATIONS,1758-6046;1356-3289,true,,
CORPORATE GOVERNANCE - AN INTERNATIONAL REVIEW,1467-8683;0964-8410,true,,
CORPORATE GOVERNANCE - THE INTERNATIONAL JOURNAL OF BUSINESS IN SOCIETY,1758-6054;1472-0701,true,,
CORPORATE SOCIAL RESPONSIBILITY AND ENVIRONMENTAL MANAGEMENT,1535-3966;1535-3958,true,,
CORPUS LINGUISTICS AND LINGUISTIC THEORY,1613-7035;1613-7027,true,,
CORPUS PRAGMATICS,2509-9507;2509-9515,true,,
CORROSION REVIEWS,2191-0316;0334-6005,true,,
CORROSION SCIENCE,1879-0496;0010-938X,true,,
CORTEX,1973-8102;0010-9452,true,,
COSMOPOLITAN CIVIL SOCIETIES - AN INTERDISCIPLINARY JOURNAL,1837-5391,true,,
COUNSELING PSYCHOLOGIST,1552-3861;0011-0000,true,,
COUNTERTEXT - A JOURNAL FOR THE STUDY OF THE POST-LITERARY,2056-4414;2056-4406,true,,
CPT: PHARMACOMETRICS AND SYSTEMS PHARMACOLOGY,2163-8306,true,,
CRAFT RESEARCH,2040-4697;2040-4689,true,,
CREATIVE INDUSTRIES JOURNAL,1751-0708;1751-0694,true,,
CREATIVITY AND INNOVATION MANAGEMENT,1467-8691;0963-1690,true,,
CREATIVITY RESEARCH JOURNAL,1532-6934;1040-0419,true,,
CRETACEOUS RESEARCH,1095-998X;0195-6671,true,,
CRIME AND DELINQUENCY,1552-387X;0011-1287,true,,
CRIME AND JUSTICE - A REVIEW OF RESEARCH,2153-0416;0192-3234,true,,
"CRIME, MEDIA, CULTURE",1741-6604;1741-6590,true,,
CRIME SCIENCE,2193-7680,true,,
CRIMINAL JUSTICE AND BEHAVIOR,1552-3594;0093-8548,true,,
CRIMINAL JUSTICE STUDIES,1478-6028;1478-601X,true,,
CRIMINOLOGY,1745-9125;0011-1384,true,,
CRIMINOLOGY AND CRIMINAL JUSTICE,1748-8966;1748-8958,true,,
CRIMINOLOGY & PUBLIC POLICY,1745-9133;1538-6473,true,,
CRITICAL ARTS - SOUTH - NORTH CULTURAL AND MEDIA STUDIES,1992-6049;0256-0046,true,,
CRITICAL ASIAN STUDIES,1472-6033;1467-2715,true,,
CRITICAL CARE,1466-609X;1364-8535,true,,
CRITICAL CARE AND RESUSCITATION,2652-9335;1441-2772,false,2024-07-11,removed from the White List
CRITICAL CARE CLINICS,1557-8232;0749-0704,true,,
CRITICAL CARE MEDICINE,1530-0293;0090-3493,true,,
CRITICAL CARE NURSE,1940-8250;0279-5442,true,,
CRITICAL CRIMINOLOGY,1572-9877;1205-8629,true,,
CRITICAL DISCOURSE STUDIES,1740-5912;1740-5904,true,,
CRITICAL HISTORICAL STUDIES,2326-4470;2326-4462,true,,
CRITICAL HORIZONS,1568-5160;1440-9917,true,,
CRITICAL INQUIRY,1539-7858;0093-1896,true,,
CRITICAL PERSPECTIVES ON ACCOUNTING,1095-9955;1045-2354,true,,
CRITICAL PHILOSOPHY OF RACE,2165-8692;2165-8684,true,,
CRITICAL POLICY STUDIES,1946-018X;1946-0171,true,,
CRITICAL PUBLIC HEALTH,1469-3682;0958-1596,true,,
CRITICAL RESEARCH ON RELIGION,2050-3040;2050-3032,true,,
CRITICAL REVIEWS IN ANALYTICAL CHEMISTRY,1547-6510;1040-8347,true,,
CRITICAL REVIEWS IN BIOCHEMISTRY AND MOLECULAR BIOLOGY,1549-7798;1040-9238,true,,
CRITICAL REVIEWS IN BIOTECHNOLOGY,1549-7801;0738-8551,true,,
CRITICAL REVIEWS IN CLINICAL LABORATORY SCIENCES,1549-781X;1040-8363,true,,
CRITICAL REVIEWS IN ENVIRONMENTAL SCIENCE AND TECHNOLOGY,1547-6537;1064-3389,true,,
CRITICAL REVIEWS IN FOOD SCIENCE AND NUTRITION,1549-7852;1040-8398,true,,
CRITICAL REVIEWS IN MICROBIOLOGY,1549-7828;1040-841X,true,,
CRITICAL REVIEWS IN ONCOLOGY/HEMATOLOGY,1879-0461;1040-8428,true,,
CRITICAL REVIEWS IN PLANT SCIENCES,1549-7836;0735-2689,true,,
CRITICAL REVIEWS IN SOLID STATE AND MATERIALS SCIENCES,1547-6561;1040-8436,true,,
CRITICAL REVIEWS IN THERAPEUTIC DRUG CARRIER SYSTEMS,2162-660X;0743-4863,true,,
CRITICAL REVIEWS IN TOXICOLOGY,1547-6898;1040-8444,true,,
CRITICAL SOCIAL POLICY,1461-703X;0261-0183,true,,
CRITICAL SOCIOLOGY,1569-1632;0896-9205,true,,
CRITICAL STUDIES IN EDUCATION,1750-8495;1750-8487,true,,
CRITICAL STUDIES IN MEN'S FASHION,2050-0718;2050-070X,true,,
CRITICAL STUDIES IN TELEVISION,1749-6039;1749-6020,true,,
CRITICAL STUDIES ON TERRORISM,1753-9161;1753-9153,true,,
CRITICISM - A QUARTERLY FOR LITERATURE AND THE ARTS,1536-0342;0011-1589,true,,
CRITICON,2272-9852;0247-381X,true,,
CRITIQUE (FRANCE),1968-3901;0011-1600,true,,
CRITIQUE - STUDIES IN CONTEMPORARY FICTION,1939-9138;0011-1619,true,,
CRITIQUE OF ANTHROPOLOGY,1460-3721;0308-275X,true,,
CROATIAN JOURNAL OF FOREST ENGINEERING,1845-5719;1848-9672,true,,
CROP AND PASTURE SCIENCE,1836-5795;1836-0947,true,,
CROP JOURNAL,2214-5141;2095-5421,true,,
CROP PROTECTION,1873-6904;0261-2194,true,,
CROP SCIENCE,1435-0653;0011-183X,true,,
CROSS-CULTURAL RESEARCH,1552-3578;1069-3971,true,,
CRYOBIOLOGY,1090-2392;0011-2240,true,,
CRYOSPHERE,1994-0424;1994-0416,true,,
CRYSTAL GROWTH & DESIGN,1528-7505;1528-7483,true,,
CRYSTALLOGRAPHY REVIEWS,1476-3508;0889-311X,true,,
CRYSTENGCOMM,1466-8033,true,,
CSEE JOURNAL OF POWER AND ENERGY SYSTEMS,2096-0042,true,,
CTS - CLINICAL AND TRANSLATIONAL SCIENCE,1752-8062;1752-8054,true,,
CUADERNOS DE INVESTIGACION GEOGRAFICA,1697-9540;0211-6820,true,,
CULTURA LENGUAJE Y REPRESENTACION - REVISTA DE ESTUDIOS CULTURALES DE LA UNIVERSITAT JAUME I,1697-7750;2340-4981,true,,
CULTURAL AND SOCIAL HISTORY,1478-0046;1478-0038,true,,
CULTURAL ANTHROPOLOGY,1548-1360;0886-7356,true,,
CULTURAL DIVERSITY AND ETHNIC MINORITY PSYCHOLOGY,1939-0106;1099-9809,true,,
CULTURAL DYNAMICS,1461-7048;0921-3740,true,,
CULTURAL GEOGRAPHIES,1477-0881;1474-4740,true,,
CULTURAL SOCIOLOGY,1749-9763;1749-9755,true,,
CULTURAL STUDIES,1466-4348;0950-2386,true,,
CULTURAL STUDIES - CRITICAL METHODOLOGIES,1552-356X;1532-7086,true,,
CULTURAL STUDIES OF SCIENCE EDUCATION,1871-1510;1871-1502,true,,
CULTURAL TRENDS,1469-3690;0954-8963,true,,
CULTURE AND EDUCATION,1578-4118;1135-6405,true,,
CULTURE AND ORGANIZATION,1477-2760;1475-9551,true,,
CULTURE AND RELIGION,1475-5629;1475-5610,true,,
"CULTURE, HEALTH AND SEXUALITY",1464-5351;1369-1058,true,,
"CULTURE, MEDICINE AND PSYCHIATRY",1573-076X;0165-005X,true,,
"CULTURE, THEORY AND CRITIQUE",1473-5784;1473-5776,true,,
CURATOR - THE MUSEUM JOURNAL,0011-3069;2151-6952,true,,
CURRENT ADDICTION REPORTS,2196-2952,true,,
CURRENT ALZHEIMER RESEARCH,1875-5828;1567-2050,true,,
CURRENT ANTHROPOLOGY,1537-5382;0011-3204,true,,
CURRENT APPLIED PHYSICS,1878-1675;1567-1739,true,,
CURRENT ATHEROSCLEROSIS REPORTS,1534-6242;1523-3804,true,,
CURRENT BIOINFORMATICS,2212-392X;1574-8936,true,,
CURRENT BIOLOGY,1879-0445;0960-9822,true,,
CURRENT CARDIOLOGY REPORTS,1534-3170;1523-3782,true,,
CURRENT CLIMATE CHANGE REPORTS,2198-6061,true,,
CURRENT DEVELOPMENTS IN NUTRITION,2475-2991,false,2024-07-11,removed from the White List
CURRENT DIABETES REPORTS,1539-0829;1534-4827,true,,
CURRENT DIRECTIONS IN PSYCHOLOGICAL SCIENCE,1467-8721;0963-7214,true,,
CURRENT DRUG METABOLISM,1875-5453;1389-2002,true,,
CURRENT ENVIRONMENTAL HEALTH REPORTS,2196-5412,true,,
CURRENT FORESTRY REPORTS,2198-6436,true,,
CURRENT HEMATOLOGIC MALIGNANCY REPORTS,1558-822X;1558-8211,true,,
CURRENT HISTORY,1944-785X;0011-3530,true,,
CURRENT HIV/AIDS REPORTS,1548-3576;1548-3568,true,,
CURRENT HYPERTENSION REPORTS,1534-3111;1522-6417,true,,
CURRENT INFECTIOUS DISEASE REPORTS,1534-3146;1523-3847,true,,
CURRENT ISSUES IN LANGUAGE PLANNING,1747-7506;1466-4208,true,,
CURRENT ISSUES IN TOURISM,1747-7603;1368-3500,true,,
CURRENT LEGAL PROBLEMS,2044-8422;0070-1998,true,,
CURRENT MEDICAL RESEARCH AND OPINION,1473-4877;0300-7995,true,,
CURRENT MEDICINAL CHEMISTRY,1875-533X;0929-8673,true,,
CURRENT MOLECULAR MEDICINE,1875-5666;1566-5240,true,,
CURRENT NEUROLOGY AND NEUROSCIENCE REPORTS,1534-6293;1528-4042,true,,
CURRENT NEUROPHARMACOLOGY,1875-6190;1570-159X,true,,
CURRENT NUTRITION REPORTS,2161-3311,true,,
CURRENT OBESITY REPORTS,2162-4968,true,,
CURRENT ONCOLOGY REPORTS,1534-6269;1523-3790,true,,
CURRENT OPINION IN ALLERGY AND CLINICAL IMMUNOLOGY,1528-4050;1473-6322,true,,
CURRENT OPINION IN ANAESTHESIOLOGY,1473-6500;0952-7907,true,,
CURRENT OPINION IN BEHAVIORAL SCIENCES,2352-1554;2352-1546,true,,
CURRENT OPINION IN BIOTECHNOLOGY,1879-0429;0958-1669,true,,
CURRENT OPINION IN CELL BIOLOGY,1879-0410;0955-0674,true,,
CURRENT OPINION IN CHEMICAL BIOLOGY,1879-0402;1367-5931,true,,
CURRENT OPINION IN CHEMICAL ENGINEERING,2211-3398,true,,
CURRENT OPINION IN CLINICAL NUTRITION AND METABOLIC CARE,1473-6519;1363-1950,true,,
CURRENT OPINION IN COLLOID AND INTERFACE SCIENCE,1879-0399;1359-0294,true,,
CURRENT OPINION IN CRITICAL CARE,1531-7072;1070-5295,true,,
CURRENT OPINION IN ELECTROCHEMISTRY,2451-9103;2451-9111,true,,
CURRENT OPINION IN ENVIRONMENTAL SCIENCE AND HEALTH,2468-5844,true,,
CURRENT OPINION IN ENVIRONMENTAL SUSTAINABILITY,1877-3443;1877-3435,true,,
CURRENT OPINION IN FOOD SCIENCE,2214-8000;2214-7993,true,,
CURRENT OPINION IN GENETICS AND DEVELOPMENT,1879-0380;0959-437X,true,,
CURRENT OPINION IN GREEN AND SUSTAINABLE CHEMISTRY,2452-2236,true,,
CURRENT OPINION IN HIV AND AIDS,1746-6318;1746-630X,true,,
CURRENT OPINION IN IMMUNOLOGY,1879-0372;0952-7915,true,,
CURRENT OPINION IN INFECTIOUS DISEASES,1473-6527;0951-7375,true,,
CURRENT OPINION IN INSECT SCIENCE,2214-5753;2214-5745,true,,
CURRENT OPINION IN LIPIDOLOGY,1473-6535;0957-9672,true,,
CURRENT OPINION IN MICROBIOLOGY,1879-0364;1369-5274,true,,
CURRENT OPINION IN NEPHROLOGY AND HYPERTENSION,1473-6543;1062-4821,true,,
CURRENT OPINION IN NEUROBIOLOGY,1873-6882;0959-4388,true,,
CURRENT OPINION IN NEUROLOGY,1473-6551;1350-7540,true,,
CURRENT OPINION IN OPHTHALMOLOGY,1531-7021;1040-8738,true,,
CURRENT OPINION IN PEDIATRICS,1531-698X;1040-8703,true,,
CURRENT OPINION IN PHARMACOLOGY,1471-4973;1471-4892,true,,
CURRENT OPINION IN PLANT BIOLOGY,1879-0356;1369-5266,true,,
CURRENT OPINION IN PSYCHIATRY,1473-6578;0951-7367,true,,
CURRENT OPINION IN PSYCHOLOGY,2352-2518;2352-250X,true,,
CURRENT OPINION IN RHEUMATOLOGY,1531-6963;1040-8711,true,,
CURRENT OPINION IN SOLID STATE AND MATERIALS SCIENCE,1879-0348;1359-0286,true,,
CURRENT OPINION IN STRUCTURAL BIOLOGY,1879-033X;0959-440X,true,,
CURRENT OPINION IN SUPPORTIVE AND PALLIATIVE CARE,1751-4266;1751-4258,true,,
CURRENT OPINION IN TOXICOLOGY,2468-2020,true,,
CURRENT OPINION IN VIROLOGY,1879-6265;1879-6257,true,,
CURRENT OSTEOPOROSIS REPORTS,1544-2241;1544-1873,true,,
CURRENT PAIN AND HEADACHE REPORTS,1534-3081;1531-3433,true,,
CURRENT PEDIATRIC REVIEWS,1875-6336;1573-3963,true,,
CURRENT PLANT BIOLOGY,2214-6628,false,2024-07-11,removed from the White List
CURRENT POLLUTION REPORTS,2198-6592,true,,
CURRENT PROBLEMS IN CARDIOLOGY,1535-6280;0146-2806,true,,
CURRENT PROBLEMS IN PEDIATRIC AND ADOLESCENT HEALTH CARE,1538-5442;1538-3199,true,,
CURRENT PSYCHIATRY REPORTS,1535-1645;1523-3812,true,,
CURRENT RADIOPHARMACEUTICALS,1874-4729;1874-4710,true,,
CURRENT RESEARCH IN FOOD SCIENCE,2665-9271,false,2024-07-11,removed from the White List
CURRENT RESEARCH IN TRANSLATIONAL MEDICINE,2452-3186,true,,
CURRENT REVIEWS IN MUSCULOSKELETAL MEDICINE,1935-973X;1935-9748,true,,
CURRENT RHEUMATOLOGY REPORTS,1534-6307;1523-3774,true,,
CURRENT SOCIOLOGY,1461-7064;0011-3921,true,,
CURRENT SPORTS MEDICINE REPORTS,1537-8918;1537-890X,true,,
CURRENT STEM CELL RESEARCH AND THERAPY,2212-3946;1574-888X,true,,
CURRENT TOPICS IN MEDICINAL CHEMISTRY,1873-4294;1568-0266,true,,
CURRENT TREATMENT OPTIONS IN NEUROLOGY,1534-3138;1092-8480,true,,
CURRENT TROPICAL MEDICINE REPORTS,2196-3045,true,,
CURRENT UROLOGY REPORTS,1534-6285;1527-2737,true,,
CURRENT WRITING - TEXT AND RECEPTION IN SOUTHERN AFRICA,2159-9130;1013-929X,true,,
CURRENT ZOOLOGY,2396-9814;1674-5507,true,,
CYBERPSYCHOLOGY - JOURNAL OF PSYCHOSOCIAL RESEARCH ON CYBERSPACE,1802-7962,true,,
"CYBERPSYCHOLOGY, BEHAVIOR, AND SOCIAL NETWORKING",2152-2723;2152-2715,true,,
CYBERSECURITY,2523-3246;2096-4862,true,,
CYTOKINE AND GROWTH FACTOR REVIEWS,1879-0305;1359-6101,true,,
CYTOMETRY PART B - CLINICAL CYTOMETRY,1552-4957;1552-4949,true,,
CYTOTHERAPY,1477-2566;1465-3249,true,,
CZECH JOURNAL OF ANIMAL SCIENCE,1805-9309;1212-1819,true,,
DAEDALUS,1548-6192;0011-5266,true,,
DALHOUSIE REVIEW,0011-5827,true,,
DALTON TRANSACTIONS,1477-9234;1477-9226,true,,
DANCE RESEARCH JOURNAL,1940-509X;0149-7677,true,,
DATA BASE FOR ADVANCES IN INFORMATION SYSTEMS,1532-0936,true,,
DATA MINING AND KNOWLEDGE DISCOVERY,1573-756X;1384-5810,true,,
DATA SCIENCE AND ENGINEERING,2364-1541;2364-1185,true,,
DATABASE : THE JOURNAL OF BIOLOGICAL DATABASES AND CURATION,1758-0463,true,,
DEATH STUDIES,1091-7683;0748-1187,true,,
DECISION SCIENCE LETTERS,1929-5812;1929-5804,true,,
DECISION SCIENCES,1540-5915;0011-7315,true,,
DECISION SUPPORT SYSTEMS,1873-5797;0167-9236,true,,
DEEP-SEA RESEARCH PART I - OCEANOGRAPHIC RESEARCH PAPERS,1879-0119;0967-0637,true,,
DEEP-SEA RESEARCH PART II - TOPICAL STUDIES IN OCEANOGRAPHY,1879-0100;0967-0645,true,,
DEFENCE AND PEACE ECONOMICS,1476-8267;1024-2694,true,,
DEFENCE TECHNOLOGY,2096-3459;2214-9147,true,,
DEGENERATIVE NEUROLOGICAL AND NEUROMUSCULAR DISEASE,1179-9900,true,,
DEMENTIA - INTERNATIONAL JOURNAL OF SOCIAL RESEARCH AND PRACTICE,1741-2684;1471-3012,true,,
DEMOCRATIC THEORY - AN INTERDISCIPLINARY JOURNAL,2332-8908;2332-8894,true,,
DEMOCRATIZATION,1743-890X;1351-0347,true,,
DEMOGRAPHIC RESEARCH,1435-9871,true,,
DEMOGRAPHY,1533-7790;0070-3370,true,,
DEMONSTRATIO MATHEMATICA,2391-4661;0420-1213,true,,
DENDROCHRONOLOGIA,1612-0051;1125-7865,true,,
DENTAL MATERIALS,1879-0097;0109-5641,true,,
DENTAL TRAUMATOLOGY,1600-9657;1600-4469,true,,
DENTOMAXILLOFACIAL RADIOLOGY,1476-542X;0250-832X,true,,
DEPOSITIONAL RECORD,2055-4877,true,,
DEPRESSION AND ANXIETY,1520-6394;1091-4269,true,,
DERMATITIS,2162-5220;1710-3568,true,,
DERMATOLOGIC CLINICS,1558-0520;0733-8635,true,,
DERMATOLOGIC SURGERY,1524-4725;1076-0512,true,,
DERMATOLOGIC THERAPY,1529-8019;1396-0296,true,,
DERMATOLOGY,1421-9832;1018-8665,true,,
DERMATOLOGY AND THERAPY,2193-8210;2190-9172,true,,
DESALINATION,1873-4464;0011-9164,true,,
DESIGN AND CULTURE,1754-7083;1754-7075,true,,
DESIGN AUTOMATION FOR EMBEDDED SYSTEMS,1572-8080;0929-5585,true,,
DESIGN ISSUES,1531-4790;0747-9360,true,,
DESIGN JOURNAL,1756-3062;1460-6925,true,,
DESIGN SCIENCE,2053-4701,true,,
DESIGN STUDIES,1872-6909;0142-694X,true,,
DESIGNED MONOMERS AND POLYMERS,1568-5551;1385-772X,true,,
DEUTSCHES ÄRZTEBLATT INTERNATIONAL,1866-0452,true,,
DEVELOPING WORLD BIOETHICS,1471-8847;1471-8731,true,,
DEVELOPMENT (CAMBRIDGE),1477-9129;0950-1991,true,,
DEVELOPMENT AND CHANGE,1467-7660;0012-155X,true,,
DEVELOPMENT AND PSYCHOPATHOLOGY,1469-2198;0954-5794,true,,
DEVELOPMENT POLICY REVIEW,1467-7679;0950-6764,true,,
DEVELOPMENTAL BIOLOGY,1095-564X;0012-1606,true,,
DEVELOPMENTAL CELL,1878-1551;1534-5807,true,,
DEVELOPMENTAL COGNITIVE NEUROSCIENCE,1878-9307;1878-9293,false,2024-07-11,removed from the White List
DEVELOPMENTAL DYNAMICS,1097-0177;1058-8388,true,,
DEVELOPMENTAL MEDICINE AND CHILD NEUROLOGY,1469-8749;0012-1622,true,,
DEVELOPMENTAL NEUROBIOLOGY,1932-846X;1932-8451,true,,
DEVELOPMENTAL NEUROREHABILITATION,1751-8431;1751-8423,true,,
DEVELOPMENTAL PSYCHOLOGY,1939-0599;0012-1649,true,,
DEVELOPMENTAL REVIEW,1090-2406;0273-2297,true,,
DEVELOPMENTAL SCIENCE,1467-7687;1363-755X,true,,
DEVELOPMENTS IN THE BUILT ENVIRONMENT,2666-1659,false,2024-07-11,removed from the White List
DIABETES,1939-327X;0012-1797,true,,
DIABETES - METABOLISM RESEARCH AND REVIEWS,1520-7560;1520-7552,true,,
DIABETES AND METABOLIC SYNDROME: CLINICAL RESEARCH AND REVIEWS,1878-0334;1871-4021,true,,
DIABETES AND METABOLISM,1878-1780;1262-3636,true,,
DIABETES AND METABOLISM JOURNAL,2233-6087;2233-6079,true,,
DIABETES CARE,1935-5548;0149-5992,true,,
DIABETES MELLITUS|САХАРНЫЙ ДИАБЕТ,2072-0378;2072-0351,true,,
"DIABETES, OBESITY AND METABOLISM",1463-1326;1462-8902,true,,
DIABETES RESEARCH AND CLINICAL PRACTICE,1872-8227;0168-8227,true,,
DIABETES TECHNOLOGY AND THERAPEUTICS,1557-8593;1520-9156,true,,
DIABETOLOGIA,1432-0428;0012-186X,true,,
DIACRITICS - A REVIEW OF CONTEMPORARY CRITICISM,1080-6539;0300-7162,true,,
DIAGNOSIS,2194-802X;2194-8011,true,,
DIAGNOSTIC AND INTERVENTIONAL IMAGING,2211-5684,true,,
DIAGNOSTICS,2075-4418,true,,
DIALECTICAL ANTHROPOLOGY,1573-0786;0304-4092,true,,
DIALOG SO VREMENEM - DIALOGUE WITH TIME|ДИАЛОГ СО ВРЕМЕНЕМ,2073-7564,true,,
DIALOGUES IN CLINICAL NEUROSCIENCE,1958-5969;1294-8322,true,,
DIALOGUES IN HUMAN GEOGRAPHY,2043-8214;2043-8206,true,,
DIAMETROS,1733-5566,true,,
DIAMOND AND RELATED MATERIALS,1879-0062;0925-9635,true,,
DICKENS QUARTERLY,2169-5377;0742-5473,true,,
DICKENS STUDIES ANNUAL,2167-8510;0084-9812,true,,
DICKENSIAN,0012-2440,true,,
DIFFERENTIAL AND INTEGRAL EQUATIONS,0893-4983,true,,
DIFFERENTIAL EQUATIONS,1608-3083;0012-2661,true,,
DIFFERENTIATION; RESEARCH IN BIOLOGICAL DIVERSITY,1432-0436;0301-4681,true,,
DOMES : DIGEST OF MIDDLE EAST STUDIES,1949-3606;1060-4367,true,,
DIGESTIVE AND LIVER DISEASE,1878-3562;1590-8658,true,,
DIGESTIVE ENDOSCOPY,1443-1661;0915-5635,true,,
DIGESTIVE SURGERY,1421-9883;0253-4886,true,,
DIGITAL COMMUNICATIONS AND NETWORKS,2468-5925;2352-8648,true,,
DIGITAL CREATIVITY,1744-3806;1462-6268,true,,
DIGITAL HEALTH,2055-2076,true,,
DIGITAL JOURNALISM,2167-082X;2167-0811,true,,
"DIGITAL POLICY, REGULATION AND GOVERNANCE",2398-5046;2398-5038,true,,
DIGITAL SCHOLARSHIP IN THE HUMANITIES,2055-768X;2055-7671,true,,
DIGITAL SIGNAL PROCESSING: A REVIEW JOURNAL,1095-4333;1051-2004,true,,
DIGITHUM,1575-2275,true,,
DIPLOMACY AND STATECRAFT,1557-301X;0959-2296,true,,
DIPLOMATIC HISTORY,1467-7709;0145-2096,true,,
DISABILITY AND SOCIETY,1360-0508;0968-7599,true,,
DISABILITY AND HEALTH JOURNAL,1876-7583;1936-6574,true,,
DISABILITY AND REHABILITATION,1464-5165;0963-8288,true,,
DISABILITY AND REHABILITATION - ASSISTIVE TECHNOLOGY,1748-3107;1748-3115,true,,
DISASTER MEDICINE AND PUBLIC HEALTH PREPAREDNESS,1938-744X;1935-7893,true,,
DISASTERS,1467-7717;0361-3666,true,,
DISCOURSE - STUDIES IN THE CULTURAL POLITICS OF EDUCATION,1469-3739;0159-6306,true,,
"DISCOURSE, CONTEXT AND MEDIA",2211-6966;2211-6958,true,,
DISCOURSE PROCESSES,1532-6950;0163-853X,true,,
DISCOURSE STUDIES,1461-7080;1461-4456,true,,
DISCRETE AND CONTINUOUS DYNAMICAL SYSTEMS,1553-5231;1078-0947,true,,
DMM DISEASE MODELS AND MECHANISMS,1754-8411;1754-8403,true,,
DISEASES OF AQUATIC ORGANISMS,1616-1580;0177-5103,true,,
DISEASES OF THE COLON AND RECTUM,1530-0358;0012-3706,true,,
DISPARIDADES. REVISTA DE ANTROPOLOGIA,2659-6881,true,,
DISPLAYS,1872-7387;0141-9382,true,,
DISPUTATIO - INTERNATIONAL JOURNAL OF PHILOSOPHY,2182-2875;0873-626X,true,,
DISSERTATIONES MATHEMATICAE,1730-6310;0012-3862,true,,
DISTANCE EDUCATION,1475-0198;0158-7919,true,,
DIVERSITY - BASEL,1424-2818,true,,
DIVERSITY AND DISTRIBUTIONS,1472-4642;1366-9516,true,,
DM DISEASE-A-MONTH,1557-8194;0011-5029,true,,
DNA REPAIR,1568-7856;1568-7864,true,,
DNA RESEARCH,1756-1663;1340-2838,true,,
DOLOMITES RESEARCH NOTES ON APPROXIMATION,2035-6803,true,,
DOMESTIC ANIMAL ENDOCRINOLOGY,1879-0054;0739-7240,true,,
DRAMA THERAPY REVIEW,2054-7676;2054-7668,true,,
DREVNYAYA RUS - VOPROSY MEDIEVISTIKI|ДРЕВНЯЯ РУСЬ. ВОПРОСЫ МЕДИЕВИСТИКИ,2071-9574;2071-9590,true,,
DRONES,2504-446X,true,,
DRUG AND ALCOHOL DEPENDENCE,1879-0046;0376-8716,true,,
DRUG AND ALCOHOL REVIEW,1465-3362;0959-5236,true,,
DRUG DELIVERY,1521-0464;1071-7544,true,,
DRUG DELIVERY AND TRANSLATIONAL RESEARCH,2190-3948;2190-393X,true,,
"DRUG DESIGN, DEVELOPMENT AND THERAPY",1177-8881,true,,
DRUG DEVELOPMENT RESEARCH,1098-2299;0272-4391,true,,
DRUG DISCOVERY TODAY,1878-5832;1359-6446,true,,
DRUG METABOLISM AND DISPOSITION,1521-009X;0090-9556,true,,
DRUG METABOLISM REVIEWS,1097-9883;0360-2532,true,,
DRUG RESISTANCE UPDATES,1532-2084;1368-7646,true,,
DRUG SAFETY,1179-1942;0114-5916,true,,
DRUG TESTING AND ANALYSIS,1942-7611;1942-7603,true,,
DRUGS,1179-1950;0012-6667,true,,
DRUGS AND AGING,1179-1969;1170-229X,true,,
DRYING TECHNOLOGY,1532-2300;0737-3937,true,,
DU BOIS REVIEW - SOCIAL SCIENCE RESEARCH ON RACE,1742-0598;1742-058X,true,,
DUKE LAW JOURNAL,1939-9111;0012-7086,true,,
DUKE MATHEMATICAL JOURNAL,1547-7398;0012-7094,true,,
DYES AND PIGMENTS,1873-3743;0143-7208,true,,
DYNAMIC GAMES AND APPLICATIONS,2153-0793;2153-0785,true,,
DYSLEXIA,1099-0909;1076-9242,true,,
DYSPHAGIA,1432-0460;0179-051X,true,,
E-LEARNING AND DIGITAL MEDIA,2042-7530,true,,
EAR AND HEARING,1538-4667;0196-0202,true,,
EARI - EDUCACION ARTISTICA - REVISTA DE INVESTIGACION,2254-7592;1695-8403,true,,
EARLY AMERICAN LITERATURE,1534-147X;0012-8163,true,,
EARLY CHILDHOOD RESEARCH QUARTERLY,1873-7706;0885-2006,true,,
EARLY CHINA,2325-2324;0362-5028,true,,
EARLY EDUCATION AND DEVELOPMENT,1556-6935;1040-9289,true,,
EARLY MEDIEVAL EUROPE,1468-0254;0963-9462,true,,
EARTH - SCIENCE REVIEWS,1872-6828;0012-8252,true,,
EARTH AND ENVIRONMENTAL SCIENCE TRANSACTIONS OF THE ROYAL SOCIETY OF EDINBURGH,1755-6929;1755-6910,true,,
EARTH AND PLANETARY SCIENCE LETTERS,1385-013X;0012-821X,true,,
EARTH AND SPACE SCIENCE,2333-5084,true,,
EARTH INTERACTIONS,1087-3562,true,,
"EARTH, PLANETS AND SPACE",1880-5981;1343-8832,true,,
EARTH SCIENCE INFORMATICS,1865-0481;1865-0473,true,,
EARTH SURFACE DYNAMICS,2196-632X;2196-6311,true,,
EARTH SURFACE PROCESSES AND LANDFORMS,1096-9837;0197-9337,true,,
EARTH SYSTEM DYNAMICS,2190-4987;2190-4979,true,,
EARTH SYSTEM GOVERNANCE,2589-8116,false,2024-07-11,removed from the White List
EARTH SYSTEM SCIENCE DATA,1866-3516;1866-3508,true,,
EARTH SYSTEMS AND ENVIRONMENT,2509-9434;2509-9426,true,,
EARTHQUAKE ENGINEERING AND STRUCTURAL DYNAMICS,1096-9845;0098-8847,true,,
EARTHQUAKE SPECTRA,8755-2930;1944-8201,true,,
EARTH'S FUTURE,2328-4277,true,,
EAST ASIAN SCIENCE TECHNOLOGY AND SOCIETY - AN INTERNATIONAL JOURNAL,1875-2160;1875-2152,true,,
EAST EUROPEAN POLITICS,2159-9173;2159-9165,true,,
EASTERN JOURNAL OF EUROPEAN STUDIES,2068-6633;2068-651X,true,,
EATING AND WEIGHT DISORDERS - STUDIES ON ANOREXIA BULIMIA AND OBESITY,1590-1262;1124-4909,true,,
EATING DISORDERS,1532-530X;1064-0266,true,,
EBIOMEDICINE,2352-3964,false,2024-07-11,removed from the White List
ECHO RESEARCH AND PRACTICE,2055-0464,true,,
ECLINICALMEDICINE,2589-5370,false,2024-07-11,removed from the White List
ECOGRAPHY,1600-0587;0906-7590,true,,
ECOHEALTH,1612-9210;1612-9202,true,,
ECOHYDROLOGY,1936-0592;1936-0584,true,,
ECOHYDROLOGY AND HYDROBIOLOGY,2080-3397;1642-3593,true,,
ECOLOGICAL APPLICATIONS,1939-5582;1051-0761,true,,
ECOLOGICAL COMPLEXITY,1476-945X,true,,
ECOLOGICAL ECONOMICS,1873-6106;0921-8009,true,,
ECOLOGICAL ENGINEERING,1872-6992;0925-8574,true,,
ECOLOGICAL ENTOMOLOGY,1365-2311;0307-6946,true,,
ECOLOGICAL INDICATORS,1872-7034;1470-160X,false,2024-07-11,removed from the White List
ECOLOGICAL INFORMATICS,1878-0512;1574-9541,false,2024-07-11,removed from the White List
ECOLOGICAL MODELLING,1872-7026;0304-3800,true,,
ECOLOGICAL MONOGRAPHS,1557-7015;0012-9615,true,,
ECOLOGICAL PROCESSES,2192-1709,true,,
ECOLOGY,1939-9170;0012-9658,true,,
ECOLOGY AND EVOLUTION,2045-7758,true,,
ECOLOGY AND SOCIETY,1708-3087,true,,
ECOLOGY LETTERS,1461-0248;1461-023X,true,,
ECOLOGY OF FRESHWATER FISH,1600-0633;0906-6691,true,,
ECOMAT,2567-3173,true,,
ECONOMETRIC REVIEWS,1532-4168;0747-4938,true,,
ECONOMETRIC THEORY,1469-4360;0266-4666,true,,
ECONOMETRICA,1468-0262;0012-9682,true,,
ECONOMETRICS JOURNAL,1368-423X;1368-4221,true,,
ECONOMIC ANALYSIS AND POLICY,0313-5926,true,,
ECONOMIC AND INDUSTRIAL DEMOCRACY,1461-7099;0143-831X,true,,
ECONOMIC AND LABOUR RELATIONS REVIEW,1838-2673;1035-3046,true,,
ECONOMIC AND POLITICAL STUDIES - EPS,2470-4024;2095-4816,true,,
"ECONOMIC AND SOCIAL CHANGES - FACTS TRENDS FORECAST|ЭКОНОМИЧЕСКИЕ И СОЦИАЛЬНЫЕ ПЕРЕМЕНЫ ФАКТЫ, ТЕНДЕНЦИИ, ПРОГНОЗ",2312-9824;2307-0331;1998-0698;2312-9816,true,,
ECONOMIC BOTANY,1874-9364;0013-0001,true,,
ECONOMIC CHANGE AND RESTRUCTURING,1574-0277;1573-9414,true,,
ECONOMIC GEOGRAPHY,1944-8287;0013-0095,true,,
ECONOMIC GEOLOGY,1554-0774;0361-0128,true,,
ECONOMIC HISTORY OF DEVELOPING REGIONS,2078-0397;2078-0389,true,,
ECONOMIC HISTORY REVIEW,1468-0289;0013-0117,true,,
ECONOMIC INQUIRY,1465-7295;0095-2583,true,,
ECONOMIC JOURNAL,1468-0297;0013-0133,true,,
ECONOMIC MODELLING,1873-6122;0264-9993,true,,
ECONOMIC POLICY,1468-0327;0266-4658,true,,
ECONOMIC SYSTEMS,1878-5433;0939-3625,true,,
ECONOMIC SYSTEMS RESEARCH,1469-5758;0953-5314,true,,
ECONOMICA,1468-0335;0013-0427,true,,
ECONOMICS AND HUMAN BIOLOGY,1873-6130;1570-677X,true,,
ECONOMICS AND POLITICS,1468-0343;0954-1985,true,,
ECONOMICS AND SOCIOLOGY,2306-3459;2071-789X,true,,
ECONOMICS LETTERS,1873-7374;0165-1765,true,,
ECONOMICS OF EDUCATION REVIEW,1873-7382;0272-7757,true,,
ECONOMICS OF ENERGY AND ENVIRONMENTAL POLICY,2160-5890;2160-5882,true,,
ECONOMICS OF INNOVATION AND NEW TECHNOLOGY,1476-8364;1043-8599,true,,
ECONOMICS OF TRANSPORTATION,2212-0130;2212-0122,true,,
ECONOMY AND SOCIETY,1469-5766;0308-5147,true,,
ECONOMY OF REGIONS|ЭКОНОМИКА РЕГИОНА,2411-1406;2072-6414,true,,
ECOSPHERE,2150-8925,true,,
ECOSYSTEM HEALTH AND SUSTAINABILITY,2332-8878;2096-4129,true,,
ECOSYSTEM SERVICES,2212-0416,true,,
ECOSYSTEMS,1435-0629;1432-9840,true,,
ECOSYSTEMS AND PEOPLE,2639-5916;2639-5908,true,,
ECOTOXICOLOGY AND ENVIRONMENTAL SAFETY,1090-2414;0147-6513,false,2024-07-11,removed from the White List
EDUCACION XX1,2174-5374;1139-613X,true,,
EDUCATION AND INFORMATION TECHNOLOGIES,1573-7608;1360-2357,true,,
EDUCATION AND TRAINING,1758-6127;0040-0912,true,,
EDUCATION FINANCE AND POLICY,1557-3079;1557-3060,true,,
EDUCATION FOR CHEMICAL ENGINEERS,1749-7728,true,,
EDUCATION FOR INFORMATION,1875-8649;0167-8329,true,,
EDUCATION INQUIRY,2000-4508,true,,
EDUCATION SCIENCES,2227-7102,true,,
EDUCATIONAL ADMINISTRATION QUARTERLY,1552-3519;0013-161X,true,,
EDUCATIONAL AND PSYCHOLOGICAL MEASUREMENT,1552-3888;0013-1644,true,,
"EDUCATIONAL ASSESSMENT, EVALUATION AND ACCOUNTABILITY",1874-8600;1874-8597,true,,
EDUCATIONAL EVALUATION AND POLICY ANALYSIS,1935-1062;0162-3737,true,,
EDUCATIONAL MANAGEMENT ADMINISTRATION AND LEADERSHIP,1741-1440;1741-1432,true,,
EDUCATIONAL POLICY,1552-3896;0895-9048,true,,
EDUCATIONAL PSYCHOLOGIST,1532-6985;0046-1520,true,,
EDUCATIONAL PSYCHOLOGY,1469-5820;0144-3410,true,,
EDUCATIONAL PSYCHOLOGY REVIEW,1573-336X;1040-726X,true,,
EDUCATIONAL RESEARCH,1469-5847;0013-1881,true,,
EDUCATIONAL RESEARCH REVIEW,1878-0385;1747-938X,true,,
EDUCATIONAL RESEARCHER,1935-102X;0013-189X,true,,
EDUCATIONAL REVIEW,1465-3397;0013-1911,true,,
EDUCATIONAL STUDIES IN MATHEMATICS,1573-0816;0013-1954,true,,
EDUCATIONAL TECHNOLOGY AND SOCIETY|ОБРАЗОВАТЕЛЬНЫЕ ТЕХНОЛОГИИ И ОБЩЕСТВО,1176-3647;1436-4522,true,,
EFORT OPEN REVIEWS,2396-7544;2058-5241,true,,
EGYPTIAN INFORMATICS JOURNAL,2090-4754;1110-8665,false,2024-07-11,removed from the White List
EGYPTIAN JOURNAL OF AQUATIC RESEARCH,2090-3278;1687-4285,false,2024-07-11,removed from the White List
EGYPTIAN JOURNAL OF FORENSIC SCIENCES,2090-5939;2090-536X,true,,
EGYPTIAN JOURNAL OF REMOTE SENSING AND SPACE SCIENCES,2090-2476;1110-9823,false,2024-07-11,removed from the White List
EIGHTEENTH-CENTURY FICTION,1911-0243;0840-6286,true,,
EJNMMI PHYSICS,2197-7364,true,,
EJNMMI RADIOPHARMACY AND CHEMISTRY,2365-421X,true,,
EUROPEAN JOURNAL OF SURGICAL ONCOLOGY,1532-2157;0748-7983,true,,
EKONOMICHESKAYA POLITIKA|ЭКОНОМИЧЕСКАЯ ПОЛИТИКА,2411-2658;1994-5124,true,,
EKONOMIKA I MATEMATICESKIE METODY - ECONOMICS AND MATHEMATICAL METHODS|ЭКОНОМИКА И МАТЕМАТИЧЕСКИЕ МЕТОДЫ,0424-7388,true,,
EXPERIMENTAL PSYCHOLOGY (RUSSIA)|ЭКСПЕРИМЕНТАЛЬНАЯ ПСИХОЛОГИЯ,2311-7036;2072-7593,true,,
EKSPLOATACJA I NIEZAWODNOSC - MAINTENANCE AND RELIABILITY,1507-2711,true,,
"ELECTION LAW JOURNAL: RULES, POLITICS, AND POLICY",1557-8062;1533-1296,true,,
ELECTORAL STUDIES,1873-6890;0261-3794,true,,
ELECTRIC POWER SYSTEMS RESEARCH,1873-2046;0378-7796,true,,
ELECTROCHEMICAL ENERGY REVIEWS,2520-8489;2520-8136,true,,
ELECTROCHEMISTRY COMMUNICATIONS,1873-1902;1388-2481,false,2024-07-11,removed from the White List
ELECTROCHIMICA ACTA,1873-3859;0013-4686,true,,
ELECTRONIC COMMERCE RESEARCH,1572-9362;1389-5753,true,,
ELECTRONIC COMMERCE RESEARCH AND APPLICATIONS,1873-7846;1567-4223,true,,
ELECTRONIC JOURNAL OF E-LEARNING,1479-4403,true,,
ELECTRONIC JOURNAL OF GENERAL MEDICINE,2516-3507,true,,
ELECTRONIC JOURNAL OF INFORMATION SYSTEMS IN DEVELOPING COUNTRIES,1681-4835,true,,
ELECTRONIC LIBRARY,1758-616X;0264-0473,true,,
ELECTRONIC MARKETS,1422-8890;1019-6781,true,,
ELECTRONIC RESEARCH ARCHIVE,2688-1594,true,,
ELECTROPHORESIS,1522-2683;0173-0835,true,,
ELEMENTA - SCIENCE OF THE ANTHROPOCENE,2325-1026,true,,
ELEMENTS,1811-5217;1811-5209,true,,
ELH - ENGLISH LITERARY HISTORY,1080-6547;0013-8304,true,,
ELIFE,2050-084X,true,,
ELT JOURNAL,1477-4526;0951-0893,true,,
EMBO JOURNAL,1460-2075;0261-4189,true,,
EMBO MOLECULAR MEDICINE,1757-4684;1757-4676,true,,
EMBO REPORTS,1469-3178;1469-221X,true,,
EMERGENCIAS,2386-5857;1137-6821,true,,
EMERGENCY MEDICINE JOURNAL,1472-0213;1472-0205,true,,
EMERGENT MATERIALS,2522-574X;2522-5731,true,,
EMERGING INFECTIOUS DISEASES,1080-6059;1080-6040,true,,
EMERGING MARKETS FINANCE AND TRADE,1558-0938;1540-496X,true,,
EMERGING MARKETS REVIEW,1873-6173;1566-0141,true,,
EMERGING MICROBES AND INFECTIONS,2222-1751,true,,
DISCOVER PUBLIC HEALTH,3005-0774,true,,
EMERGING TOPICS IN LIFE SCIENCES,2397-8562;2397-8554,true,,
EMOTION,1931-1516;1528-3542,true,,
EMOTION REVIEW,1754-0747;1754-0739,true,,
"EMOTION, SPACE AND SOCIETY",1878-0040;1755-4586,true,,
EMPIRICAL ECONOMICS,1435-8921;0377-7332,true,,
EMPIRICAL SOFTWARE ENGINEERING,1573-7616;1382-3256,true,,
EMPIRICAL STUDIES OF THE ARTS,1541-4493;0276-2374,true,,
EMPLOYEE RELATIONS,1758-7069;0142-5455,true,,
EMS SURVEYS IN MATHEMATICAL SCIENCES,2308-216X;2308-2151,true,,
ENDANGERED SPECIES RESEARCH,1863-5407;1613-4796,true,,
ENDOCRINE - RELATED CANCER,1479-6821;1351-0088,true,,
ENDOCRINE PATHOLOGY,1559-0097;1046-3976,true,,
ENDOCRINE REVIEWS,1945-7189;0163-769X,true,,
ENDOCRINOLOGY,1945-7170;0013-7227,true,,
ENDOCRINOLOGY AND METABOLISM CLINICS OF NORTH AMERICA,1558-4410;0889-8529,true,,
ENDOSCOPIC ULTRASOUND,2303-9027;2226-7190,true,,
ENDOSCOPY,1438-8812;0013-726X,true,,
ENDOSCOPY INTERNATIONAL OPEN,2364-3722;2196-9736,true,,
ENERGY,1873-6785;0360-5442,true,,
ENERGY AND ENVIRONMENT,2048-4070;0958-305X,true,,
ENERGY AND ENVIRONMENTAL MATERIALS,2575-0356;2575-0348,true,,
ENERGY AND ENVIRONMENTAL SCIENCES,1754-5706;1754-5692,true,,
ENERGY & FUELS,1520-5029;0887-0624,true,,
ENERGY AND BUILDINGS,1872-6178;0378-7788,true,,
ENERGY CONVERSION AND MANAGEMENT,1879-2227;0196-8904,true,,
ENERGY CONVERSION AND MANAGEMENT - X,2590-1745,false,2024-07-11,removed from the White List
"ENERGY, ECOLOGY AND ENVIRONMENT",2363-8338;2363-7692,true,,
ENERGY ECONOMICS,1873-6181;0140-9883,true,,
ENERGY FOR SUSTAINABLE DEVELOPMENT,2352-4669;0973-0826,true,,
ENERGY JOURNAL,1944-9089;0195-6574,true,,
ENERGY POLICY,1873-6777;0301-4215,true,,
ENERGY REPORTS,2352-4847,false,2024-07-11,removed from the White List
ENERGY RESEARCH AND SOCIAL SCIENCE,2214-6326;2214-6296,true,,
ENERGY STORAGE MATERIALS,2405-8289;2405-8297,true,,
ENERGY STRATEGY REVIEWS,2211-4688;2211-467X,false,2024-07-11,removed from the White List
ENERGYCHEM,2589-7780,true,,
ENGAGING SCIENCE TECHNOLOGY AND SOCIETY,2413-8053,true,,
ENGINEERING,2096-0026;2095-8099,false,2024-07-11,removed from the White List
ENGINEERING ANALYSIS WITH BOUNDARY ELEMENTS,1873-197X;0955-7997,true,,
ENGINEERING APPLICATIONS OF ARTIFICIAL INTELLIGENCE,1873-6769;0952-1976,true,,
ENGINEERING APPLICATIONS OF COMPUTATIONAL FLUID MECHANICS,1997-003X;1994-2060,true,,
"ENGINEERING, CONSTRUCTION AND ARCHITECTURAL MANAGEMENT",1365-232X;0969-9988,true,,
ENGINEERING FAILURE ANALYSIS,1873-1961;1350-6307,true,,
ENGINEERING FRACTURE MECHANICS,1873-7315;0013-7944,true,,
ENGINEERING GEOLOGY,1872-6917,true,,
ENGINEERING OPTIMIZATION,1029-0273;0305-215X,true,,
ENGINEERING SCIENCE AND TECHNOLOGY - AN INTERNATIONAL JOURNAL - JESTECH,2215-0986,false,2024-07-11,removed from the White List
ENGINEERING STRUCTURES,1873-7323;0141-0296,true,,
ENGINEERING STUDIES,1940-8374;1937-8629,true,,
ENGINEERING TECHNOLOGIES AND SYSTEMS|ИНЖЕНЕРНЫЕ ТЕХНОЛОГИИ И СИСТЕМЫ,2658-6525;2658-4123,true,,
ENGINEERING WITH COMPUTERS,1435-5663;0177-0667,true,,
ENGLISH,1756-1124;0013-8215,true,,
ENGLISH FOR SPECIFIC PURPOSES,1873-1937;0889-4906,true,,
ENGLISH HISTORICAL REVIEW,1477-4534;0013-8266,true,,
ENGLISH LANGUAGE AND LINGUISTICS,1469-4379;1360-6743,true,,
ENGLISH LANGUAGE NOTES,2573-3575;0013-8282,true,,
ENGLISH LITERARY RENAISSANCE,1475-6757;0013-8312,true,,
ENGLISH STUDIES,1744-4217;0013-838X,true,,
ENGLISH TEACHING - PRACTICE AND CRITIQUE,1175-8708,true,,
ENGLISH TEACHING AND LEARNING,2522-8560;1023-7267,true,,
ENGLISH TODAY,1474-0567;0266-0784,true,,
ENGLISH WORLD-WIDE,1569-9730;0172-8865,true,,
ENTERPRISE AND SOCIETY,1467-2235;1467-2227,true,,
ENTERPRISE INFORMATION SYSTEMS,1751-7583;1751-7575,true,,
ENTOMOLOGIA EXPERIMENTALIS ET APPLICATA,1570-7458;0013-8703,true,,
ENTOMOLOGIA GENERALIS,2363-7102;0171-8177,true,,
ENTREPRENEURIAL BUSINESS AND ECONOMICS REVIEW,2353-883X;2353-8821,true,,
ENTREPRENEURSHIP AND REGIONAL DEVELOPMENT,1464-5114;0898-5626,true,,
ENTREPRENEURSHIP RESEARCH JOURNAL,2194-6175;2157-5665,true,,
ENTREPRENEURSHIP: THEORY AND PRACTICE,1540-6520;1042-2587,true,,
ENVIRONMENT AND BEHAVIOR,1552-390X;0013-9165,true,,
ENVIRONMENT AND DEVELOPMENT ECONOMICS,1469-4395;1355-770X,true,,
ENVIRONMENT AND HISTORY,1752-7023;0967-3407,true,,
ENVIRONMENT AND PLANNING A - ECONOMY AND SPACE,1472-3409;0308-518X,true,,
ENVIRONMENT AND PLANNING B - URBAN ANALYTICS AND CITY SCIENCE,2399-8091;2399-8083,true,,
ENVIRONMENT AND PLANNING C - POLITICS AND SPACE,2399-6552;2399-6544,true,,
ENVIRONMENT AND PLANNING D: SOCIETY AND SPACE,1472-3433;0263-7758,true,,
ENVIRONMENT AND PLANNING E - NATURE AND SPACE,2514-8494;2514-8486,true,,
ENVIRONMENT AND SOCIETY - ADVANCES IN RESEARCH,2150-6787;2150-6779,true,,
ENVIRONMENT AND URBANIZATION,1746-0301;0956-2478,true,,
ENVIRONMENT AND URBANIZATION ASIA,0976-3546;0975-4253,true,,
"ENVIRONMENT, DEVELOPMENT AND SUSTAINABILITY",1573-2975;1387-585X,true,,
ENVIRONMENT INTERNATIONAL,1873-6750;0160-4120,false,2024-07-11,removed from the White List
ENVIRONMENTAL AND RESOURCE ECONOMICS,1573-1502;0924-6460,true,,
ENVIRONMENTAL AND ECOLOGICAL STATISTICS,1573-3009;1352-8505,true,,
ENVIRONMENTAL AND EXPERIMENTAL BOTANY,1873-7307;0098-8472,true,,
ENVIRONMENTAL AND SUSTAINABILITY INDICATORS,2665-9727,false,2024-07-11,removed from the White List
ENVIRONMENTAL ARCHAEOLOGY,1749-6314;1461-4103,true,,
ENVIRONMENTAL CHEMISTRY LETTERS,1610-3661;1610-3653,true,,
ENVIRONMENTAL COMMUNICATION - A JOURNAL OF NATURE AND CULTURE,1752-4040;1752-4032,true,,
ENVIRONMENTAL CONSERVATION,1469-4387;0376-8929,true,,
ENVIRONMENTAL DEVELOPMENT,2211-4653;2211-4645,true,,
ENVIRONMENTAL EARTH SCIENCES,1866-6299;1866-6280,true,,
ENVIRONMENTAL ECONOMICS AND POLICY STUDIES,1867-383X;1432-847X,true,,
ENVIRONMENTAL EDUCATION RESEARCH,1469-5871;1350-4622,true,,
ENVIRONMENTAL ENGINEERING RESEARCH,2005-968X;1226-1025,true,,
ENVIRONMENTAL ENTOMOLOGY,1938-2936;0046-225X,true,,
ENVIRONMENTAL EVIDENCE,2047-2382,true,,
ENVIRONMENTAL GEOCHEMISTRY AND HEALTH,1573-2983;0269-4042,true,,
ENVIRONMENTAL HAZARDS - HUMAN AND POLICY DIMENSIONS,1878-0059;1747-7891,true,,
ENVIRONMENTAL HEALTH: A GLOBAL ACCESS SCIENCE SOURCE,1476-069X,true,,
ENVIRONMENTAL HEALTH AND PREVENTIVE MEDICINE,1347-4715;1342-078X,true,,
ENVIRONMENTAL HEALTH PERSPECTIVES,1552-9924;0091-6765,true,,
ENVIRONMENTAL HISTORY,1930-8892;1084-5453,true,,
ENVIRONMENTAL HUMANITIES,2201-1919,true,,
ENVIRONMENTAL IMPACT ASSESSMENT REVIEW,1873-6432;0195-9255,true,,
ENVIRONMENTAL INNOVATION AND SOCIETAL TRANSITIONS,2210-4232;2210-4224,true,,
ENVIRONMENTAL JUSTICE,1939-4071;1937-5174,true,,
ENVIRONMENTAL MICROBIOLOGY,1462-2920;1462-2912,true,,
ENVIRONMENTAL MICROBIOLOGY REPORTS,1758-2229,true,,
ENVIRONMENTAL MICROBIOMES,2524-6372,true,,
ENVIRONMENTAL MODELLING AND SOFTWARE,1873-6726;1364-8152,true,,
ENVIRONMENTAL POLICY AND GOVERNANCE,1756-9338;1756-932X,true,,
ENVIRONMENTAL POLITICS,1743-8934;0964-4016,true,,
ENVIRONMENTAL POLLUTION,1873-6424;0269-7491,true,,
ENVIRONMENTAL RESEARCH,1096-0953;0013-9351,true,,
ENVIRONMENTAL RESEARCH LETTERS,1748-9326,true,,
ENVIRONMENTAL REVIEWS,1208-6053;1181-8700,true,,
ENVIRONMENTAL SCIENCE - NANO,2051-8161;2051-8153,true,,
ENVIRONMENTAL SCIENCES: PROCESSES AND IMPACTS,2050-7895;2050-7887,true,,
ENVIRONMENTAL SCIENCE: WATER RESEARCH AND TECHNOLOGY,2053-1419;2053-1400,true,,
ENVIRONMENTAL SCIENCE AND POLICY,1873-6416;1462-9011,true,,
ENVIRONMENTAL SCIENCE & TECHNOLOGY,1520-5851,true,,
ENVIRONMENTAL SCIENCE AND TECHNOLOGY LETTERS,2328-8930,true,,
ENVIRONMENTAL SCIENCE AND ECOTECHNOLOGY,2666-4984,false,2024-07-11,removed from the White List
ENVIRONMENTAL SCIENCE AND POLLUTION RESEARCH,1614-7499;0944-1344,true,,
ENVIRONMENTAL SCIENCES EUROPE,2190-4715;2190-4707,true,,
ENVIRONMENTAL SOCIOLOGY,2325-1042,true,,
ENVIRONMENTAL TECHNOLOGY AND INNOVATION,2352-1864,false,2024-07-11,removed from the White List
ENVIRONMENTAL TOXICOLOGY AND CHEMISTRY,1552-8618;0730-7268,true,,
ENVIRONMENTAL TOXICOLOGY AND PHARMACOLOGY,1872-7077;1382-6689,true,,
ENVIRONMENTAL VALUES,1752-7015;0963-2719,true,,
EPIDEMICS,1878-0067;1755-4365,false,2024-07-11,removed from the White List
EPIDEMIOLOGIA E SERVICOS DE SAUDE : REVISTA DO SISTEMA UNICO DE SAUDE DO BRASIL,2237-9622;1679-4974,true,,
EPIDEMIOLOGIC REVIEWS,1478-6729;0193-936X,true,,
EPIDEMIOLOGY,1531-5487;1044-3983,true,,
EPIDEMIOLOGY AND HEALTH,2092-7193,true,,
EPIDEMIOLOGY AND INFECTION,1469-4409;0950-2688,true,,
EPIDEMIOLOGY AND PSYCHIATRIC SCIENCES,2045-7979;2045-7960,true,,
EPIGENETICS,1559-2308;1559-2294,true,,
EPIGENETICS AND CHROMATIN,1756-8935,true,,
EPILEPSIA,1528-1167;0013-9580,true,,
EPILEPSIA OPEN,2470-9239,true,,
EPILEPSY CURRENTS,1535-7597;1535-7511,true,,
EPISTEME - A JOURNAL OF INDIVIDUAL AND SOCIAL EPISTEMOLOGY,1750-0117;1742-3600,true,,
EPISTEMOLOGY & PHILOSOPHY OF SCIENCE - EPISTEMOLOGIYA I FILOSOFIYA NAUKI|ЭПИСТЕМОЛОГИЯ И ФИЛОСОФИЯ НАУКИ,2311-7133;1811-833X,true,,
EPJ DATA SCIENCE,2193-1127,true,,
EPJ QUANTUM TECHNOLOGY,2662-4400;2196-0763,true,,
EPJ TECHNIQUES AND INSTRUMENTATION,2195-7045,true,,
EPMA JOURNAL,1878-5085;1878-5077,true,,
"EQUALITY, DIVERSITY AND INCLUSION",2040-7157;2040-7149,true,,
EQUILIBRIUM - QUARTERLY JOURNAL OF ECONOMICS AND ECONOMIC POLICY,2353-3293;1689-765X,true,,
EQUINE VETERINARY JOURNAL,2042-3306;0425-1644,true,,
ERDKUNDE,0014-0015,true,,
ERGO - AN OPEN ACCESS JOURNAL OF PHILOSOPHY,2330-4014,true,,
ERGODIC THEORY AND DYNAMICAL SYSTEMS,1469-4417;0143-3857,true,,
ERGONOMICS,1366-5847;0014-0139,true,,
ERKENNTNIS,1572-8420;0165-0106,true,,
ESMO OPEN,2059-7029,false,2024-07-11,removed from the White List
ESP TODAY - JOURNAL OF ENGLISH FOR SPECIFIC PURPOSES AT TERTIARY LEVEL,2334-9050,true,,
ESQ - A JOURNAL OF NINETEENTH-CENTURY AMERICAN LITERATURE AND CULTURE,1935-021X;0093-8297,true,,
ESSAYS IN BIOCHEMISTRY,1744-1358;0071-1365,true,,
ESTUARIES AND COASTS,1559-2731;1559-2723,true,,
"ESTUARINE, COASTAL AND SHELF SCIENCE",1096-0015;0272-7714,true,,
ESTUDIOS ATACAMENOS,0718-1043;0716-0925,true,,
ETHICAL THEORY AND MORAL PRACTICE,1572-8447;1386-2820,true,,
ETHICS,1539-297X;0014-1704,true,,
ETHICS AND INFORMATION TECHNOLOGY,1572-8439;1388-1957,true,,
ETHICS AND SOCIAL WELFARE,1749-6543;1749-6535,true,,
ETHICS AND THE ENVIRONMENT,1535-5306;1085-6633,true,,
"ETHICS, POLICY AND ENVIRONMNET",2155-0093;2155-0085,true,,
ETHIK IN DER MEDIZIN,1437-1618;0935-7335,true,,
ETHNIC AND RACIAL STUDIES,1466-4356;0141-9870,true,,
ETHNICITIES,1741-2706;1468-7968,true,,
ETHNICITY AND HEALTH,1465-3419;1355-7858,true,,
ETHNOARCHAEOLOGY,1944-2904;1944-2890,true,,
ETHNOGRAPHY,1741-2714;1466-1381,true,,
ETHNOHISTORY,1527-5477;0014-1801,true,,
ETHNOMUSICOLOGY,2156-7417;0014-1836,true,,
ETHNOMUSICOLOGY FORUM,1741-1920;1741-1912,true,,
ETHNOPOLITICS,1744-9065;1744-9057,true,,
ETHNOS,1469-588X;0014-1844,true,,
ETHOLOGY,1439-0310;0179-1613,true,,
ETHOS,1548-1352;0091-2131,true,,
ETR&D - EDUCATIONAL TECHNOLOGY RESEARCH AND DEVELOPMENT,1556-6501;1042-1629,true,,
ETRANSPORTATION,2590-1168,true,,
EUGENE O'NEILL REVIEW,2161-4318;1040-9483,true,,
EUPHYTICA,1573-5060;0014-2336,true,,
EURASIAN BUSINESS REVIEW,2147-4281;1309-4297,true,,
EURASIAN ECONOMIC REVIEW,2147-429X;1309-422X,true,,
EURASIAN GEOGRAPHY AND ECONOMICS,1938-2863;1538-7216,true,,
EURASIAN JOURNAL OF APPLIED LINGUISTICS,2149-1135,true,,
EURASIAN MINING,2414-0120;2072-0823,true,,
EURASIAN SOIL SCIENCE,1556-195X;1064-2293,true,,
EURASIP JOURNAL ON IMAGE AND VIDEO PROCESSING,1687-5281;1687-5176,true,,
EURASIP JOURNAL ON INFORMATION SECURITY,2510-523X;1687-4161,true,,
EURASIP JOURNAL ON WIRELESS COMMUNICATIONS AND NETWORKING,1687-1499;1687-1472,true,,
EUROCHOICES,1746-692X;1478-0917,true,,
EUROINTERVENTION,1969-6213;1774-024X,true,,
EUROMED JOURNAL OF BUSINESS,1758-888X;1450-2194,true,,
EUROPACE,1532-2092;1099-5129,true,,
EUROPE - ASIA STUDIES,1465-3427;0966-8136,true,,
EUROPEAN ACCOUNTING REVIEW,1468-4497;0963-8180,true,,
EUROPEAN ADDICTION RESEARCH,1421-9891;1022-6877,true,,
EUROPEAN ANNALS OF ALLERGY AND CLINICAL IMMUNOLOGY,1764-1489,true,,
EUROPEAN ANNALS OF OTORHINOLARYNGOLOGY - HEAD AND NECK DISEASES,1879-730X;1879-7296,true,,
EUROPEAN ARCHIVES OF OTO-RHINO-LARYNGOLOGY,1434-4726;0937-4477,true,,
EUROPEAN ARCHIVES OF PSYCHIATRY AND CLINICAL NEUROSCIENCE,1433-8491;0940-1334,true,,
EUROPEAN BUSINESS ORGANIZATION LAW REVIEW,1741-6205;1566-7529,true,,
EUROPEAN BUSINESS REVIEW,1758-7107;0955-534X,true,,
EUROPEAN CARDIOLOGY REVIEW,1758-3756,true,,
EUROPEAN CELLS AND MATERIALS,1473-2262,true,,
EUROPEAN CHILD AND ADOLESCENT PSYCHIATRY,1435-165X;1018-8827,true,,
EUROPEAN CONSTITUTIONAL LAW REVIEW,1744-5515;1574-0196,true,,
EUROPEAN EATING DISORDERS REVIEW,1099-0968;1072-4133,true,,
EUROPEAN ECONOMIC REVIEW,1873-572X;0014-2921,true,,
EUROPEAN HEART JOURNAL,1522-9645;0195-668X,true,,
EUROPEAN HEART JOURNAL - ACUTE CARDIOVASCULAR CARE,2048-8734;2048-8726,true,,
EUROPEAN HEART JOURNAL - CARDIOVASCULAR IMAGING,2047-2412;2047-2404,true,,
EUROPEAN HEART JOURNAL - CARDIOVASCULAR PHARMACOTHERAPY,2055-6845;2055-6837,true,,
EUROPEAN HEART JOURNAL - QUALITY OF CARE AND CLINICAL OUTCOMES,2058-5225;2058-1742,true,,
EUROPEAN HISTORY QUARTERLY,1461-7110;0265-6914,true,,
EUROPEAN JOURNAL FOR PHILOSOPHY OF SCIENCE,1879-4920;1879-4912,true,,
EUROPEAN JOURNAL FOR SPORT AND SOCIETY,2380-5919;1613-8171,true,,
EUROPEAN JOURNAL OF AGRONOMY,1873-7331;1161-0301,true,,
EUROPEAN JOURNAL OF ANAESTHESIOLOGY,1365-2346;0265-0215,true,,
EUROPEAN JOURNAL OF APPLIED LINGUISTICS,2192-953X;2192-9521,true,,
EUROPEAN JOURNAL OF ARCHAEOLOGY,1741-2722;1461-9571,true,,
EUROPEAN JOURNAL OF CANCER,1879-0852;0959-8049,true,,
EUROPEAN JOURNAL OF CARDIO-THORACIC SURGERY,1873-734X;1010-7940,true,,
EUROPEAN JOURNAL OF CARDIOVASCULAR NURSING,1873-1953;1474-5151,true,,
EUROPEAN JOURNAL OF CLINICAL INVESTIGATION,1365-2362;0014-2972,true,,
EUROPEAN JOURNAL OF CLINICAL MICROBIOLOGY AND INFECTIOUS DISEASES,1435-4373;0934-9723,true,,
EUROPEAN JOURNAL OF CLINICAL NUTRITION,1476-5640,true,,
EUROPEAN JOURNAL OF COMMUNICATION,1460-3705;0267-3231,true,,
EUROPEAN JOURNAL OF CONTEMPORARY EDUCATION,2305-6746;2304-9650,true,,
EUROPEAN JOURNAL OF CRIMINOLOGY,1741-2609;1477-3708,true,,
EUROPEAN JOURNAL OF CULTURAL STUDIES,1460-3551;1367-5494,true,,
EUROPEAN JOURNAL OF DENTAL EDUCATION,1600-0579;1396-5883,true,,
EUROPEAN JOURNAL OF DEVELOPMENT RESEARCH,1743-9728;0957-8811,true,,
EUROPEAN JOURNAL OF EDUCATION,1465-3435;0141-8211,true,,
EUROPEAN JOURNAL OF EMERGENCY MEDICINE,1473-5695;0969-9546,true,,
EUROPEAN JOURNAL OF ENDOCRINOLOGY,1479-683X;0804-4643,true,,
EUROPEAN JOURNAL OF ENGINEERING EDUCATION,1469-5898;0304-3797,true,,
EUROPEAN JOURNAL OF ENGLISH STUDIES,1744-4233;1382-5577,true,,
EUROPEAN JOURNAL OF EPIDEMIOLOGY,1573-7284;0393-2990,true,,
EUROPEAN JOURNAL OF FINANCE,1466-4364;1351-847X,true,,
EUROPEAN JOURNAL OF FOREST RESEARCH,1612-4677;1612-4669,true,,
EUROPEAN JOURNAL OF FUTURES RESEARCH,2195-4194;2195-2248,true,,
EUROPEAN JOURNAL OF GENERAL PRACTICE,1751-1402;1381-4788,true,,
EUROPEAN JOURNAL OF HEALTH ECONOMICS,1618-7601;1618-7598,true,,
EUROPEAN JOURNAL OF HEART FAILURE,1879-0844;1388-9842,true,,
EUROPEAN JOURNAL OF HUMAN GENETICS,1476-5438;1018-4813,true,,
EUROPEAN JOURNAL OF IMMUNOLOGY,1521-4141;0014-2980,true,,
EUROPEAN JOURNAL OF INDUSTRIAL RELATIONS,1461-7129;0959-6801,true,,
EUROPEAN JOURNAL OF INFORMATION SYSTEMS,1476-9344;0960-085X,true,,
EUROPEAN JOURNAL OF INNOVATION MANAGEMENT,1758-7115;1460-1060,true,,
EUROPEAN JOURNAL OF INTERNAL MEDICINE,1879-0828;0953-6205,true,,
EUROPEAN JOURNAL OF INTERNATIONAL LAW,1464-3596;0938-5428,true,,
EUROPEAN JOURNAL OF INTERNATIONAL MANAGEMENT,1751-6765;1751-6757,true,,
EUROPEAN JOURNAL OF INTERNATIONAL RELATIONS,1460-3713;1354-0661,true,,
EUROPEAN JOURNAL OF INTERNATIONAL SECURITY,2057-5645;2057-5637,true,,
EUROPEAN JOURNAL OF LAW AND ECONOMICS,1572-9990;0929-1261,true,,
EUROPEAN JOURNAL OF MANAGEMENT AND BUSINESS ECONOMICS,2444-8494;2444-8451,true,,
EUROPEAN JOURNAL OF MARKETING,1758-7123;0309-0566,true,,
EUROPEAN JOURNAL OF MECHANICS A - SOLIDS,1873-7285;0997-7538,true,,
EUROPEAN JOURNAL OF MECHANICS B - FLUIDS,1873-7390;0997-7546,true,,
EUROPEAN JOURNAL OF MEDIA ART AND PHOTOGRAPHY,1339-4940,true,,
EUROPEAN JOURNAL OF MEDICAL RESEARCH,2047-783X;0949-2321,true,,
EUROPEAN JOURNAL OF MEDICINAL CHEMISTRY,1768-3254;0223-5234,true,,
EUROPEAN JOURNAL OF MINERALOGY,1617-4011;0935-1221,true,,
EUROPEAN JOURNAL OF NEUROLOGY,1468-1331;1351-5101,true,,
EUROPEAN JOURNAL OF NUCLEAR MEDICINE AND MOLECULAR IMAGING,1619-7089;1619-7070,true,,
EUROPEAN JOURNAL OF NUTRITION,1436-6215;1436-6207,true,,
EUROPEAN JOURNAL OF OPERATIONAL RESEARCH,1872-6860;0377-2217,true,,
EUROPEAN JOURNAL OF ORAL SCIENCES,1600-0722;0909-8836,true,,
EUROPEAN JOURNAL OF ORTHODONTICS,1460-2210;0141-5387,true,,
EUROPEAN JOURNAL OF PAEDIATRIC DENTISTRY,2035-648X;1591-996X,true,,
EUROPEAN JOURNAL OF PAEDIATRIC NEUROLOGY,1532-2130;1090-3798,true,,
EUROPEAN JOURNAL OF PAIN,1532-2149;1090-3801,true,,
EUROPEAN JOURNAL OF PEDIATRICS,1432-1076;0340-6199,true,,
EUROPEAN JOURNAL OF PERSONALITY,1099-0984;0890-2070,true,,
EUROPEAN JOURNAL OF PHARMACEUTICAL SCIENCES,1879-0720;0928-0987,false,2024-07-11,removed from the White List
EUROPEAN JOURNAL OF PHARMACEUTICS AND BIOPHARMACEUTICS,1873-3441;0939-6411,true,,
EUROPEAN JOURNAL OF PHARMACOLOGY,1879-0712;0014-2999,true,,
EUROPEAN JOURNAL OF PHILOSOPHY,1468-0378;0966-8373,true,,
EUROPEAN JOURNAL OF PHYCOLOGY,1469-4433;0967-0262,true,,
EUROPEAN JOURNAL OF PHYSICAL AND REHABILITATION MEDICINE,1973-9095;1973-9087,true,,
EUROPEAN JOURNAL OF PLANT PATHOLOGY,1573-8469;0929-1873,true,,
EUROPEAN JOURNAL OF POLITICAL ECONOMY,1873-5703;0176-2680,true,,
EUROPEAN JOURNAL OF POLITICAL RESEARCH,1475-6765;0304-4130,true,,
EUROPEAN JOURNAL OF POLITICS AND GENDER,2515-1096;2515-1088,true,,
EUROPEAN JOURNAL OF POPULATION,1572-9885;0168-6577,true,,
EUROPEAN JOURNAL OF PREVENTIVE CARDIOLOGY,2047-4881;2047-4873,true,,
EUROPEAN JOURNAL OF PSYCHOLOGY APPLIED TO LEGAL CONTEXT,1989-4007;1889-1861,true,,
EUROPEAN JOURNAL OF PSYCHOLOGY OF EDUCATION,1878-5174;0256-2928,true,,
EUROPEAN JOURNAL OF PSYCHOTRAUMATOLOGY,2000-8198;2000-8066,true,,
EUROPEAN JOURNAL OF PUBLIC HEALTH,1464-360X;1101-1262,true,,
EUROPEAN JOURNAL OF RADIOLOGY,1872-7727;0720-048X,true,,
EUROPEAN JOURNAL OF REMOTE SENSING,2279-7254,true,,
EUROPEAN JOURNAL OF RISK REGULATION,2190-8249;1867-299X,true,,
EUROPEAN JOURNAL OF SCIENCE AND THEOLOGY,1842-8517;1841-0464,true,,
EUROPEAN JOURNAL OF SOCIAL PSYCHOLOGY,1099-0992;0046-2772,true,,
EUROPEAN JOURNAL OF SOCIAL THEORY,1461-7137;1368-4310,true,,
EUROPEAN JOURNAL OF SOCIAL WORK,1468-2664;1369-1457,true,,
EUROPEAN JOURNAL OF SOIL SCIENCE,1365-2389;1351-0754,true,,
EUROPEAN JOURNAL OF SPECIAL NEEDS EDUCATION,1469-591X;0885-6257,true,,
EUROPEAN JOURNAL OF SPORT SCIENCE,1536-7290;1746-1391,true,,
EUROPEAN JOURNAL OF TEACHER EDUCATION,1469-5928;0261-9768,true,,
EUROPEAN JOURNAL OF TRANSLATIONAL MYOLOGY,2037-7460;2037-7452,true,,
EUROPEAN JOURNAL OF TRAUMA AND EMERGENCY SURGERY,1863-9941;1863-9933,true,,
EUROPEAN JOURNAL OF VASCULAR AND ENDOVASCULAR SURGERY,1532-2165;1078-5884,true,,
EUROPEAN JOURNAL OF WOMEN'S STUDIES,1461-7420;1350-5068,true,,
EUROPEAN JOURNAL OF WOOD AND WOOD PRODUCTS/HOLZ ALS ROH - UND WERKSTOFF,1436-736X;0018-3768,true,,
EUROPEAN JOURNAL OF WORK AND ORGANIZATIONAL PSYCHOLOGY,1464-0643;1359-432X,true,,
EUROPEAN JOURNAL ON CRIMINAL POLICY AND RESEARCH,1572-9869;0928-1371,true,,
EUROPEAN LAW JOURNAL,1468-0386;1351-5993,true,,
EUROPEAN MANAGEMENT JOURNAL,1873-5681;0263-2373,true,,
EUROPEAN NEUROPSYCHOPHARMACOLOGY,1873-7862;0924-977X,true,,
EUROPEAN PHYSICAL EDUCATION REVIEW,1741-2749;1356-336X,true,,
EUROPEAN PHYSICAL JOURNAL - SPECIAL TOPICS,1951-6401;1951-6355,true,,
EUROPEAN PHYSICAL JOURNAL C,1434-6052;1434-6044,true,,
EUROPEAN PHYSICAL JOURNAL PLUS,2190-5444,true,,
EUROPEAN PLANNING STUDIES,1469-5944;0965-4313,true,,
EUROPEAN POLICY ANALYSIS,2380-6567,true,,
EUROPEAN POLITICAL SCIENCE,1682-0983;1680-4333,true,,
EUROPEAN POLITICAL SCIENCE REVIEW,1755-7747;1755-7739,true,,
EUROPEAN POLYMER JOURNAL,1873-1945;0014-3057,true,,
EUROPEAN PSYCHIATRY,1778-3585;0924-9338,true,,
EUROPEAN PSYCHOLOGIST,1878-531X;1016-9040,true,,
EUROPEAN RADIOLOGY,1432-1084;0938-7994,true,,
EUROPEAN RADIOLOGY EXPERIMENTAL,2509-9280,true,,
EUROPEAN RESEARCH ON MANAGEMENT AND BUSINESS ECONOMICS,2444-8842;2444-8834,false,2024-07-11,removed from the White List
EUROPEAN RESPIRATORY JOURNAL,1399-3003;0903-1936,true,,
EUROPEAN RESPIRATORY REVIEW,1600-0617;0905-9180,true,,
EUROPEAN REVIEWS OF AGING AND PHYSICAL ACTIVITY,1861-6909;1813-7253,true,,
EUROPEAN REVIEW OF AGRICULTURAL ECONOMICS,1464-3618;0165-1587,true,,
EUROPEAN REVIEW OF ECONOMIC HISTORY,1474-0044;1361-4916,true,,
EUROPEAN REVIEW OF HISTORY - REVUE EUROPEENNE D HISTOIRE,1469-8293;1350-7486,true,,
EUROPEAN REVIEW OF SOCIAL PSYCHOLOGY,1479-277X;1046-3283,true,,
EUROPEAN SECURITY,1746-1545;0966-2839,true,,
EUROPEAN SOCIETIES,1469-8307;1461-6696,true,,
EUROPEAN SOCIOLOGICAL REVIEW,1468-2672;0266-7215,true,,
EUROPEAN SPINE JOURNAL,1432-0932;0940-6719,true,,
EUROPEAN SPORT MANAGEMENT QUARTERLY,1746-031X;1618-4742,true,,
EUROPEAN STROKE JOURNAL,2396-9881;2396-9873,true,,
EUROPEAN TRANSPORT RESEARCH REVIEW,1867-0717;1866-8887,true,,
EUROPEAN UNION POLITICS,1741-2757;1465-1165,true,,
EUROPEAN URBAN AND REGIONAL STUDIES,1461-7145;0969-7764,true,,
EUROPEAN UROLOGY,1873-7560;0302-2838;1421-993X,true,,
EUROPEAN UROLOGY FOCUS,2405-4569,true,,
EUROPEAN UROLOGY ONCOLOGY,2588-9311,true,,
EUROSURVEILLANCE,1560-7917;1025-496X,true,,
EVALUATION,1461-7153;1356-3890,true,,
EVALUATION AND PROGRAM PLANNING,1873-7870;0149-7189,true,,
EVALUATION REVIEW,1552-3926;0193-841X,true,,
BMJ MENTAL HEALTH,2755-9734,true,,
EVIDENCE AND POLICY,1744-2656;1744-2648,true,,
EVOLUTION; INTERNATIONAL JOURNAL OF ORGANIC EVOLUTION,1558-5646;0014-3820,true,,
EVOLUTION AND HUMAN BEHAVIOR,1879-0607;1090-5138,true,,
EVOLUTION LETTERS,2056-3744,true,,
"EVOLUTION, MEDICINE AND PUBLIC HEALTH",2050-6201,true,,
EVOLUTIONARY ANTHROPOLOGY,1520-6505;1060-1538,true,,
EVOLUTIONARY APPLICATIONS,1752-4571,true,,
EVOLUTIONARY BIOLOGY,1934-2845;0071-3260,true,,
EVOLUTIONARY COMPUTATION,1530-9304;1063-6560,true,,
EVOLUTIONARY HUMAN SCIENCES,2513-843X,true,,
EVOLVING SYSTEMS,1868-6486;1868-6478,true,,
EXCEPTIONAL CHILDREN,2163-5560;0014-4029,true,,
EXCLI JOURNAL,1611-2156,true,,
EXEMPLARIA - MEDIEVAL EARLY MODERN THEORY,1753-3074;1041-2573,true,,
EXERCISE AND SPORT SCIENCES REVIEWS,1538-3008;0091-6331,true,,
EXERCISE IMMUNOLOGY REVIEW,1077-5552,true,,
EXPERIMENTAL AGRICULTURE,1469-4441;0014-4797,true,,
EXPERIMENTAL AND APPLIED ACAROLOGY,1572-9702;0168-8162,true,,
EXPERIMENTAL AND MOLECULAR MEDICINE,2092-6413;1226-3613,true,,
EXPERIMENTAL AND MOLECULAR PATHOLOGY,1096-0945;0014-4800,false,2024-07-11,removed from the White List
EXPERIMENTAL ANIMALS,0007-5124;1881-7122;1341-1357,true,,
EXPERIMENTAL DERMATOLOGY,1600-0625;0906-6705,true,,
EXPERIMENTAL ECONOMICS,1573-6938;1386-4157,true,,
EXPERIMENTAL EYE RESEARCH,1096-0007;0014-4835,true,,
EXPERIMENTAL GERONTOLOGY,1873-6815;0531-5565,false,2024-07-11,removed from the White List
EXPERIMENTAL HEAT TRANSFER,1521-0480;0891-6152,true,,
EXPERIMENTAL HEMATOLOGY AND ONCOLOGY,2162-3619,true,,
EXPERIMENTAL MECHANICS,1741-2765;0014-4851,true,,
EXPERIMENTAL NEUROLOGY,1090-2430;0014-4886,true,,
EXPERIMENTAL THERMAL AND FLUID SCIENCE,1879-2286;0894-1777,true,,
EXPERIMENTS IN FLUIDS,1432-1114;0723-4864,true,,
EXPERT OPINION ON BIOLOGICAL THERAPY,1744-7682;1471-2598,true,,
EXPERT OPINION ON DRUG DELIVERY,1744-7593;1742-5247,true,,
EXPERT OPINION ON DRUG DISCOVERY,1746-045X;1746-0441,true,,
EXPERT OPINION ON DRUG METABOLISM AND TOXICOLOGY,1744-7607;1742-5255,true,,
EXPERT OPINION ON INVESTIGATIONAL DRUGS,1744-7658;1354-3784,true,,
EXPERT OPINION ON THERAPEUTIC PATENTS,1744-7674;1354-3776,true,,
EXPERT OPINION ON THERAPEUTIC TARGETS,1744-7631;1472-8222,true,,
EXPERT REVIEW OF ANTI-INFECTIVE THERAPY,1744-8336;1478-7210,true,,
EXPERT REVIEW OF CLINICAL PHARMACOLOGY,1751-2441;1751-2433,true,,
EXPERT REVIEW OF GASTROENTEROLOGY AND HEPATOLOGY,1747-4132;1747-4124,true,,
EXPERT REVIEW OF MOLECULAR DIAGNOSTICS,1744-8352;1473-7159,true,,
EXPERT REVIEW OF NEUROTHERAPEUTICS,1744-8360;1473-7175,true,,
EXPERT REVIEW OF PROTEOMICS,1744-8387;1478-9450,true,,
EXPERT REVIEWS IN MOLECULAR MEDICINE,1462-3994,true,,
EXPERT SYSTEMS,1468-0394;0266-4720,true,,
EXPERT SYSTEMS WITH APPLICATIONS,1873-6793;0957-4174,true,,
EXPLORATIONS IN ECONOMIC HISTORY,1090-2457;0014-4983,true,,
EXPOSITIONES MATHEMATICAE,1878-0792;0723-0869,true,,
EXPOSURE AND HEALTH,2451-9766;2451-9685,true,,
EXPRESS POLYMER LETTERS,1788-618X,true,,
EXTRACTIVE INDUSTRIES AND SOCIETY - AN INTERNATIONAL JOURNAL,2214-7918;2214-790X,true,,
EXTRAPOLATION,2047-7708;0014-5483,true,,
EXTREME MECHANICS LETTERS,2352-4316,true,,
EYE,1476-5454;0950-222X,true,,
EYE & CONTACT LENS - SCIENCE AND CLINICAL PRACTICE,1542-233X;1542-2321,true,,
EYE AND BRAIN,1179-2744,true,,
EYE AND VISION,2326-0254,true,,
EZHEGODNIK FINNO-UGORSKIKH ISSLEDOVANII - YEARBOOK OF FINNO-UGRIC STUDIES|ЕЖЕГОДНИК ФИННО-УГОРСКИХ ИССЛЕДОВАНИЙ,2311-0333;2224-9443,true,,
FABRICATIONS - THE JOURNAL OF THE SOCIETY OF ARCHITECTURAL HISTORIANS AUSTRALIA AND NEW ZEALAND,2164-4756;1033-1867,true,,
FACETS,2371-1671,true,,
FACIAL PLASTIC SURGERY AND AESTHETIC MEDICINE,2689-3622;2689-3614,true,,
FACIES,1612-4820;0172-9179,true,,
FACILITIES,1758-7131;0263-2772,true,,
"FACTA UNIVERSITATIS, SERIES: MECHANICAL ENGINEERING",2335-0164;0354-2025,true,,
FAITH AND PHILOSOPHY,2153-3393;0739-7046,true,,
FAMILY AND CONSUMER SCIENCES RESEARCH JOURNAL,1552-3934;1077-727X,true,,
FAMILY BUSINESS REVIEW,1741-6248;0894-4865,true,,
FAMILY MEDICINE AND COMMUNITY HEALTH,2305-6983;2009-8774,true,,
FAMILY PRACTICE,1460-2229;0263-2136,true,,
FAMILY RELATIONS,1741-3729;0197-6664,true,,
FARADAY DISCUSSIONS,1364-5498;1359-6640,true,,
FASCISM,2211-6257;2211-6249,true,,
FASEB JOURNAL,1530-6860;0892-6638,true,,
FASHION AND TEXTILES,2198-0802,true,,
FASHION PRACTICE - THE JOURNAL OF DESIGN CREATIVE PROCESS & THE FASHION INDUSTRY,1756-9389;1756-9370,true,,
FASHION THEORY - THE JOURNAL OF DRESS BODY & CULTURE,1751-7419;1362-704X,true,,
FAT STUDIES - AN INTERDISCIPLINARY JOURNAL OF BODY WEIGHT AND SOCIETY,2160-486X;2160-4851,true,,
FATIGUE AND FRACTURE OF ENGINEERING MATERIALS AND STRUCTURES,8756-758X;1460-2695,true,,
FEBS JOURNAL,1742-4658;1742-464X,true,,
FEBS LETTERS,1873-3468;0014-5793,true,,
FEMINISM AND PSYCHOLOGY,1461-7161;0959-3535,true,,
FEMINIST CRIMINOLOGY,1557-086X;1557-0851,true,,
FEMINIST ECONOMICS,1466-4372;1354-5701,true,,
FEMINIST MEDIA STUDIES,1471-5902;1468-0777,true,,
FEMINIST REVIEW,1466-4380;0141-7789,true,,
FEMS MICROBIOLOGY REVIEWS,1574-6976;0168-6445,true,,
FENNIA - INTERNATIONAL JOURNAL OF GEOGRAPHY,1798-5617;0015-0010,true,,
FERMENTATION - BASEL,2311-5637,true,,
FERTILITY AND STERILITY,1556-5653;0015-0282,true,,
FETAL DIAGNOSIS AND THERAPY,1421-9964;1015-3837,true,,
FIBERS,2079-6439,true,,
FIDDLEHEAD,0015-0630,true,,
FIELD CROPS RESEARCH,1872-6852;0378-4290,true,,
FIELD METHODS,1552-3969;1525-822X,true,,
FIIB BUSINESS REVIEW,2455-2658;2319-7145,true,,
FILM QUARTERLY,1533-8630;0015-1386,true,,
FILM STUDIES,2054-2496;1469-0314,true,,
FILOSOFSKII ZHURNAL|ФИЛОСОФСКИЙ ЖУРНАЛ,2658-4883;2072-0726,true,,
FINANCE AND STOCHASTICS,1432-1122;0949-2984,true,,
FINANCE RESEARCH LETTERS,1544-6131;1544-6123,true,,
FINANCIAL ACCOUNTABILITY AND MANAGEMENT,0267-4424;1468-0408,true,,
FINANCIAL ANALYSTS JOURNAL,1938-3312;0015-198X,true,,
FINANCIAL HISTORY REVIEW,1474-0052;0968-5650,true,,
FINANCIAL INNOVATION,2199-4730,true,,
FINANCIAL MANAGEMENT,1755-053X;0046-3892,true,,
FINITE ELEMENTS IN ANALYSIS AND DESIGN,1872-6925;0168-874X,true,,
FINITE FIELDS AND THEIR APPLICATIONS,1090-2465;1071-5797,true,,
FIRE - SWITZERLAND,2571-6255,true,,
FIRE ECOLOGY,1933-9747,true,,
FIRE SAFETY JOURNAL,1873-7226;0379-7112,true,,
FIRST LANGUAGE,1740-2344;0142-7237,true,,
FISCAL STUDIES,1475-5890;0143-5671,true,,
FISH AND SHELLFISH IMMUNOLOGY,1095-9947;1050-4648,true,,
FISH AND FISHERIES,1467-2979;1467-2960,true,,
FISHERIES,1548-8446;0363-2415,true,,
FISHERIES MANAGEMENT AND ECOLOGY,1365-2400;0969-997X,true,,
FISHERIES OCEANOGRAPHY,1365-2419;1054-6006,true,,
FISHERIES RESEARCH,1872-6763;0165-7836,true,,
FISHERIES SCIENCE,1444-2906;0919-9268,true,,
FISHES,2410-3888,true,,
FIXED POINT THEORY,2066-9208;1583-5022,true,,
FLATCHEM,2452-2627,true,,
FLEXIBLE AND PRINTED ELECTRONICS,2058-8585,true,,
FLEXIBLE SERVICES AND MANUFACTURING JOURNAL,1936-6590;1936-6582,true,,
"FLORA: MORPHOLOGY, DISTRIBUTION, FUNCTIONAL ECOLOGY OF PLANTS",1618-0585;0367-2530,true,,
"FLOW, TURBULENCE AND COMBUSTION",1573-1987;1386-6184,true,,
FLUIDS AND BARRIERS OF THE CNS,2045-8118,true,,
FLY,1933-6942;1933-6934,true,,
FOCAAL - JOURNAL OF GLOBAL AND HISTORICAL ANTHROPOLOGY,1558-5263;0920-1297,true,,
FOCUS ON AUTISM AND OTHER DEVELOPMENTAL DISABILITIES,1538-4829;1088-3576,true,,
FOLIA HORTICULTURAE,2083-5965;0867-1761,true,,
FOLIA LINGUISTICA,1614-7308;0165-4004,true,,
FOLK LIFE,1759-670X;0430-8778,true,,
FOLKLORE,1469-8315;0015-587X,true,,
FOLKLORE - ELECTRONIC JOURNAL OF FOLKLORE,1406-0949;1406-0957,true,,
FOOD AND FUNCTION,2042-650X;2042-6496,true,,
FOOD AND NUTRITION RESEARCH,1654-6628;1654-661X,true,,
FOOD ADDITIVES AND CONTAMINANTS: PART B SURVEILLANCE,1939-3229;1939-3210,true,,
"FOOD ADDITIVES AND CONTAMINANTS - PART A CHEMISTRY, ANALYSIS, CONTROL, EXPOSURE AND RISK ASSESSMENT",1944-0057;1944-0049,true,,
FOOD ANALYTICAL METHODS,1936-976X;1936-9751,true,,
FOOD AND AGRICULTURAL IMMUNOLOGY,1465-3443;0954-0105,true,,
FOOD AND BIOPROCESS TECHNOLOGY,1935-5149;1935-5130,true,,
"FOOD AND BIOPRODUCTS PROCESSING: TRANSACTIONS OF THE INSTITUTION OF OF CHEMICAL ENGINEERS, PART C",1744-3571;0960-3085,true,,
FOOD AND CHEMICAL TOXICOLOGY,1873-6351;0278-6915,true,,
FOOD AND DRUG LAW JOURNAL,1064-590X,true,,
FOOD AND ENERGY SECURITY,2048-3694,true,,
FOOD AND ENVIRONMENTAL VIROLOGY,1867-0342;1867-0334,true,,
FOOD AND WATERBORNE PARASITOLOGY,2405-6766,false,2024-07-11,removed from the White List
FOOD BIOSCIENCE,2212-4306;2212-4292,true,,
FOOD CHEMISTRY,1873-7072;0308-8146,true,,
FOOD CHEMISTRY - X,2590-1575,false,2024-07-11,removed from the White List
FOOD CONTROL,1873-7129;0956-7135,true,,
"FOOD, CULTURE & SOCIETY",1751-7443;1552-8014,true,,
FOOD ENGINEERING REVIEWS,1866-7929;1866-7910,true,,
FOOD HYDROCOLLOIDS,1873-7137;0268-005X,true,,
FOOD MICROBIOLOGY,1095-9998;0740-0020,true,,
FOOD PACKAGING AND SHELF LIFE,2214-2894,true,,
FOOD POLICY,1873-5657;0306-9192,true,,
FOOD QUALITY AND PREFERENCE,1873-6343;0950-3293,true,,
FOOD QUALITY AND SAFETY,2399-1402;2399-1399,true,,
FOOD RESEARCH INTERNATIONAL,1873-7145;0963-9969,true,,
FOOD REVIEWS INTERNATIONAL,8755-9129;1525-6103,true,,
FOOD SCIENCE AND HUMAN WELLNESS,2213-4530,true,,
FOOD SECURITY,1876-4525;1876-4517,true,,
FOOD STRUCTURE - NETHERLANDS,2213-3291,true,,
FOOD TECHNOLOGY AND BIOTECHNOLOGY,1334-2606;1330-9862,true,,
FOOD WEBS,2352-2496,true,,
FOODBORNE PATHOGENS AND DISEASE,1556-7125;1535-3141,true,,
FOODS,2304-8158,true,,
FOODS AND RAW MATERIALS,2310-9599;2308-4057,true,,
FOOT AND ANKLE INTERNATIONAL,1944-7876;1071-1007,true,,
FOOT AND ANKLE SURGERY,1460-9584;1268-7731,true,,
FORECASTING,2571-9394,true,,
FOREIGN AFFAIRS,0015-7120,true,,
FOREIGN LANGUAGE ANNALS,1944-9720;0015-718X,true,,
FOREIGN POLICY ANALYSIS,1743-8594;1743-8586,true,,
FORENSIC SCIENCE INTERNATIONAL,1872-6283;0379-0738,true,,
FORENSIC SCIENCE INTERNATIONAL - GENETICS,1878-0326;1872-4973,true,,
FORENSIC SCIENCES RESEARCH,2471-1411;2096-1790,true,,
FORESIGHT,1465-9832;1463-6689,true,,
FORESIGHT AND STI GOVERNANCE|ФОРСАЙТ,2500-2597;1995-459X;2312-9972,true,,
FOREST ECOLOGY AND MANAGEMENT,1872-7042;0378-1127,true,,
FOREST ECOSYSTEMS,2197-5620;2095-6355,true,,
FOREST POLICY AND ECONOMICS,1872-7050;1389-9341,true,,
FORESTRY,1464-3626;0015-752X,true,,
FORESTS,1999-4907,true,,
FORTSCHRITTE DER PHYSIK - PROGRESS OF PHYSICS,1521-3978;0015-8208,true,,
"FORUM OF MATHEMATICS, PI",2050-5086,true,,
"FORUM OF MATHEMATICS, SIGMA",2050-5094,true,,
FOTTEA,1805-4927;1802-5439,true,,
FOUNDATIONS AND TRENDS IN COMMUNICATIONS AND INFORMATION THEORY,1567-2328;1567-2190,true,,
FOUNDATIONS AND TRENDS IN COMPUTER GRAPHICS AND VISION,1572-2759;1572-2740,true,,
FOUNDATIONS AND TRENDS IN ELECTRONIC DESIGN AUTOMATION,1551-3947;1551-3939,true,,
FOUNDATIONS AND TRENDS IN ENTREPRENEURSHIP,1551-3122;1551-3114,true,,
FOUNDATIONS AND TRENDS IN INFORMATION RETRIEVAL,1554-0677;1554-0669,true,,
FOUNDATIONS AND TRENDS IN MACHINE LEARNING,1935-8245;1935-8237,true,,
FOUNDATIONS AND TRENDS IN MARKETING,1555-0761;1555-0753,true,,
FOUNDATIONS AND TRENDS IN SIGNAL PROCESSING,1932-8354;1932-8346,true,,
FOUNDATIONS AND TRENDS IN SYSTEMS AND CONTROL,2325-6826;2325-6818,true,,
FOUNDATIONS OF COMPUTATIONAL MATHEMATICS,1615-3383;1615-3375,true,,
FOUNDATIONS OF DATA SCIENCE,2639-8001,true,,
FOUNDATIONS OF SCIENCE,1572-8471;1233-1821,true,,
FRACTAL AND FRACTIONAL,2504-3110,true,,
FRACTALS - COMPLEX GEOMETRY PATTERNS AND SCALING IN NATURE AND SOCIETY,1793-6543;0218-348X,true,,
FRACTIONAL CALCULUS AND APPLIED ANALYSIS,1314-2224;1311-0454,true,,
FREE RADICAL BIOLOGY AND MEDICINE,1873-4596;0891-5849,true,,
FRENCH STUDIES,1468-2931;0016-1128,true,,
FRESHWATER BIOLOGY,1365-2427;0046-5070,true,,
FRICTION,2223-7704;2223-7690,true,,
FRONTIERS IN AGING NEUROSCIENCE,1663-4365,true,,
FRONTIERS IN APPLIED MATHEMATICS AND STATISTICS,2297-4687,true,,
FRONTIERS IN ARTIFICIAL INTELLIGENCE,2624-8212,true,,
FRONTIERS IN ASTRONOMY AND SPACE SCIENCES,2296-987X,true,,
FRONTIERS IN BEHAVIORAL NEUROSCIENCE,1662-5153,true,,
FRONTIERS IN BIOENGINEERING AND BIOTECHNOLOGY,2296-4185,true,,
FRONTIERS IN BUILT ENVIRONMENT,2297-3362,true,,
FRONTIERS IN CARDIOVASCULAR MEDICINE,2297-055X,true,,
FRONTIERS IN CELL AND DEVELOPMENTAL BIOLOGY,2296-634X,true,,
FRONTIERS IN CELLULAR AND INFECTION MICROBIOLOGY,2235-2988,true,,
FRONTIERS IN CELLULAR NEUROSCIENCE,1662-5102,true,,
FRONTIERS IN CHEMISTRY,2296-2646,true,,
FRONTIERS IN COMMUNICATION,2297-900X,true,,
FRONTIERS IN EARTH SCIENCE,2296-6463,true,,
FRONTIERS IN ECOLOGY AND EVOLUTION,2296-701X,true,,
FRONTIERS IN ECOLOGY AND THE ENVIRONMENT,1540-9309;1540-9295,true,,
FRONTIERS IN ENDOCRINOLOGY,1664-2392,true,,
FRONTIERS IN ENVIRONMENTAL SCIENCE,2296-665X,true,,
FRONTIERS IN FORESTS AND GLOBAL CHANGE,2624-893X,true,,
FRONTIERS IN HUMAN NEUROSCIENCE,1662-5161,true,,
FRONTIERS IN IMMUNOLOGY,1664-3224,true,,
FRONTIERS IN MARINE SCIENCE,2296-7745,true,,
FRONTIERS IN MATERIALS,2296-8016,true,,
FRONTIERS IN MEDICINE,2296-858X,true,,
FRONTIERS IN MICROBIOLOGY,1664-302X,true,,
FRONTIERS IN MOLECULAR NEUROSCIENCE,1662-5099,true,,
FRONTIERS IN NEUROANATOMY,1662-5129,true,,
FRONTIERS IN NEUROENDOCRINOLOGY,1095-6808;0091-3022,true,,
FRONTIERS IN NEUROINFORMATICS,1662-5196,true,,
FRONTIERS IN NEUROROBOTICS,1662-5218,true,,
FRONTIERS IN NEUROSCIENCE,1662-453X;1662-4548,true,,
FRONTIERS IN NUTRITION,2296-861X,true,,
FRONTIERS IN ONCOLOGY,2234-943X,true,,
FRONTIERS IN PEDIATRICS,2296-2360,true,,
FRONTIERS IN PHARMACOLOGY,1663-9812,true,,
FRONTIERS IN PHYSICS,2296-424X,true,,
FRONTIERS IN PHYSIOLOGY,1664-042X,true,,
FRONTIERS IN PLANT SCIENCE,1664-462X,true,,
FRONTIERS IN PSYCHIATRY,1664-0640,true,,
FRONTIERS IN PSYCHOLOGY,1664-1078,true,,
FRONTIERS IN PUBLIC HEALTH,2296-2565,true,,
FRONTIERS IN ROBOTICS AND AI,2296-9144,true,,
FRONTIERS IN SOCIOLOGY,2297-7775,true,,
FRONTIERS IN SUSTAINABLE CITIES,2624-9634,true,,
FRONTIERS IN SUSTAINABLE FOOD SYSTEMS,2571-581X,true,,
FRONTIERS IN VETERINARY SCIENCE,2297-1769,true,,
FRONTIERS IN ZOOLOGY,1742-9994,true,,
FRONTIERS OF AGRICULTURAL SCIENCE AND ENGINEERING,2095-977X;2095-7505,true,,
FRONTIERS OF ARCHITECTURAL RESEARCH,2095-2643;2095-2635,true,,
FRONTIERS OF BUSINESS RESEARCH IN CHINA,1673-7431;1673-7326,true,,
FRONTIERS OF CHEMICAL SCIENCE AND ENGINEERING,2095-0187;2095-0179,true,,
FRONTIERS OF COMPUTER SCIENCE,2095-2236;2095-2228,true,,
FRONTIERS OF ENGINEERING MANAGEMENT,2096-0255;2095-7513,true,,
FRONTIERS OF ENVIRONMENTAL SCIENCE AND ENGINEERING,2095-221X;2095-2201,true,,
FRONTIERS OF INFORMATION TECHNOLOGY AND ELECTRONIC ENGINEERING,2095-9230;2095-9184,true,,
FRONTIERS OF MECHANICAL ENGINEERING,2095-0241;2095-0233,true,,
FRONTIERS OF MEDICINE,2095-0225;2095-0217,true,,
FRONTIERS OF NARRATIVE STUDIES,2509-4890;2509-4882,true,,
FRONTIERS OF OPTOELECTRONICS,2095-2767;2095-2759,true,,
FRONTIERS OF PHYSICS,2095-0470;2095-0462,true,,
FRONTIERS OF STRUCTURAL AND CIVIL ENGINEERING,2095-2449;2095-2430,true,,
FUEL,1873-7153;0016-2361,true,,
FUEL PROCESSING TECHNOLOGY,1873-7188;0378-3820,false,2024-07-11,removed from the White List
FUNCTION,2633-8823,true,,
FUNCTIONAL COMPOSITES AND STRUCTURES,2631-6331,true,,
FUNCTIONAL ECOLOGY,1365-2435;0269-8463,true,,
FUNCTIONAL PLANT BIOLOGY,1445-4416;1445-4408,true,,
FUNCTIONS OF LANGUAGE,1569-9765;0929-998X,true,,
FUNDAMENTA INFORMATICAE,1875-8681;0169-2968,true,,
FUNGAL BIOLOGY,1878-6162;1878-6146,true,,
FUNGAL BIOLOGY REVIEWS,1878-0253;1749-4613,true,,
FUNGAL DIVERSITY,1878-9129;1560-2745,true,,
FUNGAL ECOLOGY,1878-0083;1754-5048,true,,
FUTURE GENERATION COMPUTER SYSTEMS - THE INTERNATIONAL JOURNAL OF ESCIENCE,1872-7115;0167-739X,true,,
FUTURE MEDICINAL CHEMISTRY,1756-8927;1756-8919,true,,
FUTURES,1873-6378;0016-3287,true,,
FUTURO DEL PASADO - REVISTA ELECTRONICA DE HISTORIA,1989-9289,true,,
FUZZY OPTIMIZATION AND DECISION MAKING,1573-2908;1568-4539,true,,
FUZZY SETS AND SYSTEMS,1872-6801;0165-0114,true,,
FWU JOURNAL OF SOCIAL SCIENCES,1995-1272,true,,
GAIA - ECOLOGICAL PERSPECTIVES FOR SCIENCE AND SOCIETY,2625-5413;0940-5550,true,,
GAIT AND POSTURE,1879-2219;0966-6362,true,,
GAMES AND CULTURE,1555-4139;1555-4120,true,,
GAMES FOR HEALTH JOURNAL,2161-7856;2161-783X,true,,
GASTRIC CANCER,1436-3305;1436-3291,true,,
GASTROENTEROLOGIA Y HEPATOLOGIA,0210-5705,true,,
GASTROENTEROLOGY,1528-0012;0016-5085,true,,
GASTROENTEROLOGY REVIEW - PRZEGLAD GASTROENTEROLOGICZNY,1897-4317;1895-5770,true,,
GASTROINTESTINAL ENDOSCOPY,1097-6779;0016-5107,true,,
GELS,2310-2861,true,,
GEM - INTERNATIONAL JOURNAL ON GEOMATHEMATICS,1869-2680;1869-2672,true,,
GEMA ONLINE JOURNAL OF LANGUAGE STUDIES,1675-8021,true,,
GEMATOLOGIYA I TRANSFUZIOLOGIYA|ГЕМАТОЛОГИЯ И ТРАНСФУЗИОЛОГИЯ,0234-5730;2411-3042,true,,
GEMS AND GEMOLOGY,2376-4473;0016-626X,true,,
GENDER AND SOCIETY,1552-3977;0891-2432,true,,
GENDER AND EDUCATION,1360-0516;0954-0253,true,,
GENDER AND HISTORY,1468-0424;0953-5233,true,,
GENDER AND LANGUAGE,1747-633X;1747-6321,true,,
GENDER IN MANAGEMENT,1754-2421;1754-2413,true,,
GENDER ISSUES,1936-4717;1098-092X,true,,
"GENDER, PLACE, AND CULTURE",1360-0524;0966-369X,true,,
"GENDER, TECHNOLOGY AND DEVELOPMENT",0973-0656;0971-8524,true,,
"GENDER, WORK AND ORGANIZATION",1468-0432;0968-6673,true,,
GENE THERAPY,1476-5462;0969-7128,true,,
GENERAL HOSPITAL PSYCHIATRY,1873-7714;0163-8343,true,,
GENERAL PSYCHIATRY,2096-5923;2517-729X,true,,
GENERAL RELATIVITY AND GRAVITATION,1572-9532;0001-7701,true,,
GENES AND DEVELOPMENT,1549-5477;0890-9369,true,,
GENES AND DISEASES,2352-4820;2352-3042,true,,
GENES AND NUTRITION,1865-3499;1555-8932,true,,
"GENES, BRAIN AND BEHAVIOR",1601-1848;1601-183X,true,,
GENES CHROMOSOMES AND CANCER,1098-2264;1045-2257,true,,
GENETICS,1943-2631;0016-6731,true,,
GENETICS IN MEDICINE,1530-0366;1098-3600,true,,
"GENETICS, SELECTION, EVOLUTION",1297-9686;0999-193X,true,,
GENOME BIOLOGY,1474-760X;1474-7596,true,,
GENOME MEDICINE,1756-994X,true,,
GENOME RESEARCH,1549-5469;1088-9051,true,,
"GENOMICS, PROTEOMICS AND BIOINFORMATICS",2210-3244;1672-0229,false,2024-07-11,removed from the White List
GENUS,2035-5556;0016-6987,true,,
GEO - GEOGRAPHY AND ENVIRONMENT,2054-4049,true,,
GEO-SPATIAL INFORMATION SCIENCE,1993-5153;1009-5020,true,,
GEOARCHAEOLOGY - AN INTERNATIONAL JOURNAL,1520-6548;0883-6353,true,,
GEOBIOLOGY,1472-4677;1472-4669,true,,
GEOCARTO IMNTERNATIONAL,1752-0762;1010-6049,true,,
GEOCHEMICAL PERSPECTIVES LETTERS,2410-3403;2410-339X,true,,
GEOCHEMICAL TRANSACTIONS,1467-4866,true,,
CHEMIE DER ERDE,1611-5864;0009-2819,true,,
"GEOCHEMISTRY, GEOPHYSICS, GEOSYSTEMS",1525-2027,true,,
GEOCHIMICA ET COSMOCHIMICA ACTA,1872-9533;0016-7037,true,,
GEODERMA,1872-6259;0016-7061,false,2024-07-11,removed from the White List
GEODERMA REGIONAL,2352-0094,true,,
GEODYNAMICS AND TECTONOPHYSICS|ГЕОДИНАМИКА И ТЕКТОНОФИЗИКА,2078-502X,true,,
GEOENVIRONMENTAL DISASTERS,2197-8670,true,,
GEOFORUM,1872-9398;0016-7185,true,,
GEOGRAFIA FISICA E DINAMICA QUATERNARIA,1724-4781;0391-9838,true,,
GEOGRAFISK TIDSSKRIFT - DANISH JOURNAL OF GEOGRAPHY,1903-2471;0016-7223,true,,
"GEOGRAFISKA ANNALER, SERIES B: HUMAN GEOGRAPHY",1468-0467;0435-3684,true,,
GEOGRAPHIA POLONICA,2300-7362;0016-7282,true,,
GEOGRAPHICAL ANALYSIS,1538-4632;0016-7363,true,,
GEOGRAPHICAL JOURNAL,0016-7398,true,,
GEOGRAPHICAL RESEARCH,1745-5871;1745-5863,true,,
GEOGRAPHY AND SUSTAINABILITY,2666-6839;2096-7438,false,2024-07-11,removed from the White List
GEOGRAPHY COMPASS,1749-8198,true,,
GEOHEALTH,2471-1403,true,,
GEOHERITAGE,1867-2485;1867-2477,true,,
GEO JOURNAL,1572-9893;0343-2521,true,,
GEOLOGICA BELGICA,2034-1954;1374-8505,true,,
GEOLOGICAL JOURNAL,1099-1034;0072-1050,true,,
GEOLOGICAL MAGAZINE,1469-5081;0016-7568,true,,
BULLETIN OF THE GEOLOGICAL SOCIETY OF AMERICA,1943-2674;0016-7606,true,,
GEOLOGY,1943-2682;0091-7613,true,,
GEOLOGY OF ORE DEPOSITS,1555-6476;1075-7015,true,,
"GEOMATICS, NATURAL HAZARDS AND RISK",1947-5713;1947-5705,true,,
GEOMECHANICS AND ENGINEERING,2092-6219;2005-307X,true,,
GEOMECHANICS AND GEOPHYSICS FOR GEO-ENERGY AND GEO-RESOURCES,2363-8427;2363-8419,true,,
GEOMECHANICS FOR ENERGY AND THE ENVIRONMENT,2352-3808,true,,
GEOMETRIC AND FUNCTIONAL ANALYSIS,1420-8970;1016-443X,true,,
GEOMETRY AND TOPOLOGY,1364-0380;1465-3060,true,,
GEOMICROBIOLOGY JOURNAL,1521-0529;0149-0451,true,,
GEOMORPHOLOGY,1872-695X;0169-555X,true,,
GEOPHYSICAL JOURNAL INTERNATIONAL,1365-246X;0956-540X,true,,
GEOPHYSICAL RESEARCH LETTERS,1944-8007;0094-8276,true,,
GEOPHYSICS,1942-2156;0016-8033,true,,
GEOPOLITICS,1557-3028;1465-0045,true,,
GEORESURSY|ГЕОРЕСУРСЫ,1608-5078;1608-5043,true,,
GEORGE WASHINGTON LAW REVIEW,0016-8076,false,2026-01-19,removed from the White List
GEORGETOWN LAW JOURNAL,0016-8092,true,,
GEORISK - ASSESSMENT AND MANAGEMENT OF RISK FOR ENGINEERED SYSTEMS AND GEOHAZARDS,1749-9526;1749-9518,true,,
GEOSCIENCE DATA JOURNAL,2049-6060,true,,
GEOSCIENCE FRONTIERS,1674-9871,false,2024-07-11,removed from the White List
GEOSCIENCE LETTERS,2196-4092,true,,
GEOSCIENCES (SWITZERLAND),2076-3263,true,,
GEOSCIENTIFIC MODEL DEVELOPMENT,1991-9603;1991-959X,true,,
GEOSPHERE,1553-040X,true,,
GEOSTANDARDS AND GEOANALYTICAL RESEARCH,1751-908X;1639-4488,true,,
GEOSYNTHETICS INTERNATIONAL,1751-7613;1072-6349,true,,
GEOTECHNIQUE,1751-7656;0016-8505,true,,
GEOTECTONICS,1556-1976;0016-8521,true,,
GEOTEXTILES AND GEOMEMBRANES,1879-3584;0266-1144,true,,
GEOTHERMAL ENERGY,2195-9706,true,,
GEOTHERMICS,1879-3576;0375-6505,true,,
GERMAN JOURNAL OF HUMAN RESOURCE MANAGEMENT - ZEITSCHRIFT FUR PERSONALFORSCHUNG,2397-0030;2397-0022,true,,
GERMAN LAW JOURNAL,2071-8322,true,,
GERMAN LIFE AND LETTERS,1468-0483;0016-8777,true,,
GERMAN POLITICS,1743-8993;0964-4008,true,,
GERMAN POLITICS AND SOCIETY,1558-5441;1045-0300,true,,
THE GERMANIC REVIEW,1930-6962;0016-8890,true,,
GERODONTOLOGY,1741-2358;0734-0664,true,,
THE GERONTOLOGIST,1758-5341;0016-9013,true,,
GERONTOLOGY,1423-0003;0304-324X,true,,
GEROSCIENCE,2509-2723;2509-2715,true,,
GIANT,2666-5425,false,2024-07-11,removed from the White List
GIFTED CHILD QUARTERLY,1934-9041;0016-9862,true,,
GIGASCIENCE,2047-217X,true,,
GISCIENCE AND REMOTE SENSING,1943-7226;1548-1603,true,,
GLADIUS,1988-4168;0436-029X,true,,
GLIA,1098-1136;0894-1491,true,,
GLOBAL AND PLANETARY CHANGE,1872-6364;0921-8181,true,,
GLOBAL BIOGEOCHEMICAL CYCLES,1944-9224;0886-6236,true,,
GLOBAL BUSINESS REVIEW,0973-0664;0972-1509,true,,
GLOBAL CHALLENGES,2056-6646,true,,
GLOBAL CHANGE BIOLOGY,1365-2486;1354-1013,true,,
GLOBAL CHANGE BIOLOGY BIOENERGY,1757-1707;1757-1693,true,,
GLOBAL CRIME,1744-0580;1744-0572,true,,
GLOBAL DISCOURSE,2326-9995;2043-7897,true,,
GLOBAL ECOLOGY AND BIOGEOGRAPHY,1466-8238;1466-822X,true,,
GLOBAL ECOLOGY AND CONSERVATION,2351-9894,false,2024-07-11,removed from the White List
GLOBAL ENVIRONMENT,2053-7352;1973-3739,true,,
GLOBAL ENVIRONMENTAL CHANGE - HUMAN AND POLICY DIMENSIONS,1872-9495;0959-3780,true,,
GLOBAL ENVIRONMENTAL POLITICS,1536-0091;1526-3800,true,,
GLOBAL FINANCE JOURNAL,1873-5665;1044-0283,true,,
GLOBAL FOOD SECURITY - AGRICULTURE POLICY ECONOMICS AND ENVIRONMENT,2211-9124,true,,
GLOBAL HEALTH - SCIENCE AND PRACTICE,2169-575X,true,,
GLOBAL HEALTH ACTION,1654-9880;1654-9716,true,,
"GLOBAL HEALTH, EPIDEMIOLOGY AND GENOMICS",2054-4200,true,,
GLOBAL HEALTH RESEARCH AND POLICY,2397-0642,true,,
GLOBAL NETWORKS - A JOURNAL OF TRANSNATIONAL AFFAIRS,1471-0374;1470-2266,true,,
GLOBAL POLICY,1758-5899;1758-5880,true,,
GLOBAL PUBLIC HEALTH,1744-1706;1744-1692,true,,
GLOBAL SPINE JOURNAL,2192-5690;2192-5682,true,,
GLOBAL STRATEGY JOURNAL,2042-5805;2042-5791,true,,
GLOBAL SUSTAINABILITY,2059-4798,true,,
"GLOBALISATION, SOCIETIES AND EDUCATION",1476-7732;1476-7724,true,,
GLOBALIZATION AND HEALTH,1744-8603,true,,
GLOBALIZATIONS,1474-774X;1474-7731,true,,
GLOSSA - A JOURNAL OF GENERAL LINGUISTICS,2397-1835,true,,
GLYCOBIOLOGY,1460-2423;0959-6658,true,,
GMS HYGIENE AND INFECTION CONTROL,2196-5226,true,,
GONDWANA RESEARCH,1878-0571;1342-937X,true,,
"GOSUDARSTVO, RELIGIIA, TSERKOV' V ROSSII I ZA RUBEZHOM/STATE, RELIGION AND CHURCH IN RUSSIA AND WORLDWIDE|ГОСУДАРСТВО, РЕЛИГИЯ, ЦЕРКОВЬ В РОССИИ И ЗА РУБЕЖОМ",2073-7211;2073-7203,true,,
GOVERNANCE - AN INTERNATIONAL JOURNAL OF POLICY ADMINISTRATION AND INSTITUTIONS,1468-0491;0952-1895,true,,
GOVERNMENT AND OPPOSITION,1477-7053;0017-257X,true,,
GOVERNMENT INFORMATION QUARTERLY,1872-9517;0740-624X,true,,
GPS SOLUTIONS,1521-1886;1080-5370,true,,
GRAEFE'S ARCHIVE FOR CLINICAL AND EXPERIMENTAL OPHTHALMOLOGY,1435-702X;0721-832X,true,,
GRANULAR COMPUTING,2364-4974;2364-4966,true,,
GRANULAR MATTER,1434-7636;1434-5021,true,,
GRASS AND FORAGE SCIENCE,1365-2494;0142-5242,true,,
GRAZER PHILOSOPHISCHE STUDIEN - INTERNATIONAL JOURNAL FOR ANALYTIC PHILOSOPHY,1875-6735;0165-9227,true,,
"GREEK, ROMAN AND BYZANTINE STUDIES",2159-3159;0017-3916,true,,
GREEN CHEMISTRY,1463-9270;1463-9262,true,,
GREEN CHEMISTRY LETTERS AND REVIEWS,1751-8253;1751-7192,true,,
GREEN ENERGY AND ENVIRONMENT,2468-0257;2096-2797,true,,
GREEN FINANCE,2643-1092,true,,
GREEN MATERIALS,2049-1239;2049-1220,true,,
GREEN PROCESSING AND SYNTHESIS,2191-9550;2191-9542,true,,
GREY ROOM,1536-0105;1526-3819,true,,
GROUNDWATER FOR SUSTAINABLE DEVELOPMENT,2352-801X,true,,
GROUP AND ORGANIZATION MANAGEMENT,1552-3993;1059-6011,true,,
GROUP DECISION AND NEGOTIATION,1572-9907;0926-2644,true,,
GROUP DYNAMICS - THEORY RESEARCH AND PRACTICE,1930-7802;1089-2699,true,,
GROUP PROCESSES AND INTERGROUP RELATIONS,1461-7188;1368-4302,true,,
GROWTH AND CHANGE,1468-2257;0017-4815,true,,
GUT,1468-3288;0017-5749,true,,
GUT AND LIVER,2005-1212;1976-2283,true,,
GUT MICROBES,1949-0984;1949-0976,true,,
GUT PATHOGENS,1757-4749,true,,
GYNECOLOGIC ONCOLOGY,1095-6859;0090-8258,true,,
HABITAT INTERNATIONAL,1873-5428;0197-3975,true,,
HAEMATOLOGICA,1592-8721;0390-6078,true,,
HAGUE JOURNAL ON THE RULE OF LAW,1876-4053;1876-4045,true,,
HAHR - HISPANIC AMERICAN HISTORICAL REVIEW,1527-1900;0018-2168,true,,
HARDWAREX,2468-0672,false,2024-07-11,removed from the White List
HARM REDUCTION JOURNAL,1477-7517,true,,
HARMFUL ALGAE,1878-1470;1568-9883,true,,
HARVARD BUSINESS REVIEW,0017-8012,true,,
HARVARD CIVIL RIGHTS - CIVIL LIBERTIES LAW REVIEW,1943-5061;0017-8039,true,,
HARVARD EDUCATIONAL REVIEW,1943-5045;0017-8055,true,,
HARVARD ENVIRONMENTAL LAW REVIEW,0147-8257,true,,
HARVARD LAW REVIEW,2161-976X;0017-811X,true,,
HARVARD REVIEW OF PSYCHIATRY,1465-7309;1067-3229,true,,
HARVARD THEOLOGICAL REVIEW,1475-4517;0017-8160,true,,
HASTINGS CENTER REPORT,1552-146X;0093-0334,true,,
HEAD AND NECK - JOURNAL FOR THE SCIENCES AND SPECIALTIES OF THE HEAD AND NECK,1097-0347;1043-3074,true,,
HEADACHE,1526-4610;0017-8748,true,,
HEALTH AND PLACE,1873-2054;1353-8292,true,,
HEALTH AND SOCIAL CARE IN THE COMMUNITY,1365-2524;0966-0410,true,,
HEALTH AFFAIRS,0278-2715,true,,
HEALTH AND QUALITY OF LIFE OUTCOMES,1477-7525,true,,
HEALTH CARE ANALYSIS,1573-3394;1065-3058,true,,
HEALTH CARE MANAGEMENT REVIEW,1550-5030;0361-6274,true,,
HEALTH CARE MANAGEMENT SCIENCE,1572-9389;1386-9620,true,,
HEALTH COMMUNICATION,1532-7027;1041-0236,true,,
HEALTH ECONOMICS,1099-1050;1057-9230,true,,
HEALTH EDUCATION AND BEHAVIOR,1552-6127;1090-1981,true,,
HEALTH EXPECTATIONS,1369-7625;1369-6513,true,,
HEALTH INFORMATION AND LIBRARIES JOURNAL,1471-1842;1471-1834,true,,
HEALTH INFORMATION MANAGEMENT JOURNAL,1833-3583;1833-3575,true,,
HEALTH INFORMATION SCIENCE AND SYSTEMS,2047-2501,true,,
HEALTH POLICY,1872-6054;0168-8510,true,,
HEALTH POLICY AND PLANNING,1460-2237;0268-1080,true,,
HEALTH POLICY AND TECHNOLOGY,2211-8845;2211-8837,true,,
"HEALTH PROMOTION AND CHRONIC DISEASE PREVENTION IN CANADA : RESEARCH, POLICY AND PRACTICE",2368-738X,true,,
HEALTH PROMOTION INTERNATIONAL,1460-2245;0957-4824,true,,
HEALTH PROMOTION PERSPECTIVES,2228-6497,true,,
HEALTH PSYCHOLOGY,1930-7810;0278-6133,true,,
HEALTH PSYCHOLOGY REVIEW,1743-7202;1743-7199,true,,
HEALTH REPORTS,1209-1367;0840-6529,true,,
HEALTH RESEARCH POLICY AND SYSTEMS,1478-4505,true,,
HEALTH SCIENCE REPORTS,2398-8835,true,,
HEALTH SERVICES RESEARCH,1475-6773;0017-9124,true,,
HEALTH SOCIOLOGY REVIEW,1839-3551;1446-1242,true,,
HEALTH SYSTEMS AND REFORM,2328-8604;2328-8620,true,,
HEALTH TECHNOLOGY ASSESSMENT,2046-4924;1366-5278,true,,
HEALTHCARE TECHNOLOGY LETTERS,2053-3713,true,,
HEARING RESEARCH,1878-5891;0378-5955,true,,
HEART,1468-201X;1355-6037,true,,
HEART FAILURE CLINICS,1551-7136,true,,
HEART FAILURE REVIEWS,1573-7322;1382-4147,true,,
HEART RHYTHM,1556-3871;1547-5271,true,,
HEAT TRANSFER,2688-4542;2688-4534,true,,
HELICOBACTER,1523-5378;1083-4389,true,,
HELIYON,2405-8440,false,2024-07-11,removed from the White List
HELLENIC JOURNAL OF CARDIOLOGY : HJC = HELLENIKE KARDIOLOGIKE EPITHEORESE,2241-5955;1109-9666,true,,
HEMASPHERE,2572-9241,true,,
HEPATOBILIARY SURGERY AND NUTRITION,2304-389X;2304-3881,true,,
HEPATOLOGY,1527-3350;0270-9139,true,,
HEPATOLOGY COMMUNICATIONS,2471-254X,true,,
HEPATOLOGY INTERNATIONAL,1936-0541;1936-0533,true,,
HEPATOLOGY RESEARCH,1872-034X;1386-6346,true,,
HERALD OF THE RUSSIAN ACADEMY OF SCIENCES,1555-6492;1019-3316,true,,
HERITAGE,2571-9408,true,,
HERITAGE AND SOCIETY,2159-0338;2159-032X,true,,
NPJ HERITAGE SCIENCE,3059-3220,true,,
HERNIA : THE JOURNAL OF HERNIAS AND ABDOMINAL WALL SURGERY,1265-4906;1248-9204,true,,
HERPETOLOGICA,1938-5099;0018-0831,true,,
HERPETOLOGICAL MONOGRAPHS,1938-5137;0733-1347,true,,
HIGH POWER LASER SCIENCE AND ENGINEERING,2095-4719;2052-3289,true,,
HIGH TEMPERATURE,1608-3156;0018-151X,true,,
HIGH VOLTAGE,2397-7264,true,,
HIGHER EDUCATION,1573-174X;0018-1560,true,,
HIGHER EDUCATION POLICY,1740-3863;0952-8733,true,,
HIGHER EDUCATION QUARTERLY,1468-2273;0951-5224,true,,
HIGHER EDUCATION RESEARCH AND DEVELOPMENT,1469-8366;0729-4360,true,,
HISPANIA - REVISTA ESPANOLA DE HISTORIA,1988-8368;0018-2141,true,,
HISTOPATHOLOGY,1365-2559;0309-0167,true,,
HISTORIA - SANTIAGO,0717-7194;0073-2435,true,,
HISTORIA AGRARIA,2340-3659;1139-1472,true,,
HISTORIA CRITICA,1900-6152;0121-1617,true,,
HISTORIA Y COMUNICACION SOCIAL,1988-3056;1137-0734,true,,
HISTORIA Y POLITICA,1989-063X;1575-0361,true,,
HISTORIAN,1540-6563;0018-2370,true,,
HISTORIC ENVIRONMENT: POLICY AND PRACTICE,1756-7513;1756-7505,true,,
HISTORICAL BIOLOGY,1029-2381;0891-2963,true,,
HISTORICAL ENCOUNTERS - A JOURNAL OF HISTORICAL CONSCIOUSNESS HISTORICAL CULTURES AND HISTORY EDUCATION,2203-7543,true,,
HISTORICAL JOURNAL,1469-5103;0018-246X,true,,
"HISTORICAL JOURNAL OF FILM, RADIO AND TELEVISION",1465-3451;0143-9685,true,,
HISTORICAL METHODS,1940-1906;0161-5440,true,,
HISTORICAL SOCIAL RESEARCH - HISTORISCHE SOZIALFORSCHUNG,0172-6404,true,,
HISTORISK TIDSSKRIFT : UDGIVET AF DEN NORSKE HISTORISKE FORENING,1504-2944;0018-263X,true,,
HISTORY,1468-229X;0018-2648,true,,
HISTORY & MEMORY,1527-1994;0935-560X,true,,
HISTORY AND ANTHROPOLOGY,1477-2612;0275-7206,true,,
HISTORY AND PHILOSOPHY OF THE LIFE SCIENCES,1742-6316;0391-9714,true,,
HISTORY AND TECHNOLOGY,1477-2620;0734-1512,true,,
HISTORY AND THEORY,1468-2303;0018-2656,true,,
HISTORY OF EDUCATION REVIEW,0819-8691,true,,
HISTORY OF POLITICAL ECONOMY,1527-1919;0018-2702,true,,
HISTORY OF POLITICAL THOUGHT,2051-2988;0143-781X,true,,
HISTORY OF PSYCHOLOGY,1939-0610;1093-4510,true,,
HISTORY OF RELIGIONS,1545-6935;0018-2710,true,,
HISTORY OF THE FAMILY,1873-5398;1081-602X,true,,
HISTORY OF THE HUMAN SCIENCES,1461-720X;0952-6951,true,,
HISTORY WORKSHOP JOURNAL,1477-4569;1363-3554,true,,
HLA,2059-2310;2059-2302,true,,
HOLOCENE,1477-0911;0959-6836,true,,
HOLZFORSCHUNG,1437-434X;0018-3830,true,,
HOME CULTURES,1751-7427;1740-6315,true,,
HOMICIDE STUDIES,1552-6720;1088-7679,true,,
HONG KONG MEDICAL JOURNAL,1024-2708,true,,
HORMONE RESEARCH IN PAEDIATRICS,1663-2826;1663-2818,true,,
HORROR STUDIES,2040-3283;2040-3275,true,,
HORTICULTURAE,2311-7524,true,,
HORTICULTURAL PLANT JOURNAL,2468-0141;2095-9885,true,,
HORTICULTURE ENVIRONMENT AND BIOTECHNOLOGY,2211-3460;2211-3452,true,,
HORTICULTURE RESEARCH,2662-6810;2052-7276,true,,
HORTSCIENCE,2327-9834;0018-5345,true,,
HOUSING POLICY DEBATE,2152-050X;1051-1482,true,,
HOUSING STUDIES,1466-1810;0267-3037,true,,
"HOUSING, THEORY AND SOCIETY",1651-2278;1403-6096,true,,
HSE - SOCIAL AND EDUCATION HISTORY,2014-3567,true,,
HTS TEOLOGIESE STUDIES / THEOLOGICAL STUDIES,2072-8050;0259-9422,true,,
HUMAN-CENTRIC COMPUTING AND INFORMATION SCIENCES,2192-1962,true,,
HUMAN-COMPUTER INTERACTION,1532-7051;0737-0024,true,,
HUMAN AFFAIRS - POSTDISCIPLINARY HUMANITIES & SOCIAL SCIENCES QUARTERLY,1337-401X;1210-3055,true,,
HUMAN AND ECOLOGICAL RISK ASSESSMENT (HERA),1549-7860;1080-7039,true,,
HUMAN BEHAVIOR AND EMERGING TECHNOLOGIES,2578-1863,true,,
HUMAN BIOLOGY,1534-6617;0018-7143,true,,
HUMAN BRAIN MAPPING,1097-0193;1065-9471,true,,
HUMAN COMMUNICATION RESEARCH,1468-2958;0360-3989,true,,
HUMAN DEVELOPMENT,1423-0054;0018-716X,true,,
HUMAN DIMENSIONS OF WILDLIFE,1533-158X;1087-1209,true,,
HUMAN ECOLOGY,1572-9915;0300-7839,true,,
HUMAN FACTORS,1547-8181;0018-7208,true,,
HUMAN FERTILITY,1742-8149;1464-7273,true,,
HUMAN GENE THERAPY,1557-7422;1043-0342,true,,
HUMAN GENETICS,1432-1203;0340-6717,true,,
HUMAN GENOMICS,1479-7364;1473-9542,true,,
HUMAN MOLECULAR GENETICS,1460-2083;0964-6906,true,,
HUMAN MUTATION,1098-1004;1059-7794,true,,
HUMAN NATURE - AN INTERDISCIPLINARY BIOSOCIAL PERSPECTIVE,1936-4776;1045-6767,true,,
HUMAN ORGANIZATION,1938-3525;0018-7259,true,,
HUMAN PATHOLOGY,1532-8392;0046-8177,true,,
HUMAN RELATIONS,1741-282X;0018-7267,true,,
HUMAN REPRODUCTION,1460-2350;0268-1161,true,,
HUMAN REPRODUCTION OPEN,2399-3529,true,,
HUMAN REPRODUCTION UPDATE,1460-2369;1355-4786,true,,
HUMAN RESOURCE DEVELOPMENT INTERNATIONAL,1469-8374;1367-8868,true,,
HUMAN RESOURCE DEVELOPMENT QUARTERLY,1532-1096;1044-8004,true,,
HUMAN RESOURCE DEVELOPMENT REVIEW,1534-4843;1552-6712,true,,
HUMAN RESOURCE MANAGEMENT,1099-050X;0090-4848,true,,
HUMAN RESOURCE MANAGEMENT JOURNAL,1748-8583;0954-5395,true,,
HUMAN RESOURCE MANAGEMENT REVIEW,1873-7889;1053-4822,true,,
HUMAN RESOURCES FOR HEALTH,1478-4491,true,,
HUMAN RIGHTS REVIEW,1874-6306;1524-8879,true,,
ЧЕЛОВЕК. СПОРТ. МЕДИЦИНА,2500-0209;2500-0195,true,,
HUMAN STUDIES,1572-851X;0163-8548,true,,
HUMANITIES AND SOCIAL SCIENCES COMMUNICATIONS,2662-9992,true,,
HUMOR - INTERNATIONAL JOURNAL OF HUMOR RESEARCH,1613-3722;0933-1719,true,,
HUNTINGTON LIBRARY QUARTERLY,1544-399X;0018-7895,true,,
HUSSERL STUDIES,1572-8501;0167-9848,true,,
HYDROBIOLOGIA,1573-5117;0018-8158,true,,
HYDROGEOLOGY JOURNAL,1435-0157;1431-2174,true,,
HYDROLOGICAL PROCESSES,1099-1085;0885-6087,true,,
HYDROLOGICAL SCIENCES JOURNAL,2150-3435;0262-6667,true,,
HYDROLOGY AND EARTH SYSTEM SCIENCES,1607-7938;1027-5606,true,,
HYDROMETALLURGY,1879-1158;0304-386X,true,,
HYPATIA - A JOURNAL OF FEMINIST PHILOSOPHY,1527-2001;0887-5367,true,,
HYPERTENSION,1524-4563;0194-911X,true,,
HYPERTENSION RESEARCH,1348-4214;0916-9636,true,,
HYSTRIX - ITALIAN JOURNAL OF MAMMALOGY,1825-5272;0394-1914,true,,
IATSS RESEARCH,2210-4240;0386-1112,true,,
IAWA JOURNAL,2294-1924;2294-1932;0928-1541,true,,
IBERICA,2340-2784;1139-7241,true,,
IBIS,1474-919X;0019-1019,true,,
IBM JOURNAL OF RESEARCH AND DEVELOPMENT,2151-8556;0018-8646,true,,
ICARUS,1090-2643;0019-1035,true,,
ICES JOURNAL OF MARINE SCIENCE,1095-9289;1054-3139,true,,
ICHTHYOLOGICAL EXPLORATION OF FRESHWATERS,0936-9902,true,,
ICON - INTERNATIONAL JOURNAL OF CONSTITUTIONAL LAW,1474-2659;1474-2640,true,,
ICT EXPRESS,2405-9595,false,2024-07-11,removed from the White List
IDENTITIES - GLOBAL STUDIES IN CULTURE AND POWER,1547-3384;1070-289X,true,,
IDO MOVEMENT FOR CULTURE - JOURNAL OF MARTIAL ARTS ANTHROPOLOGY,2082-7571;2084-3763,true,,
IEEE - ACM TRANSACTIONS ON AUDIO SPEECH AND LANGUAGE PROCESSING,2329-9304;2329-9290,true,,
IEEE TRANSACTIONS ON COMPUTATIONAL BIOLOGY AND BIOINFORMATICS,2998-4165,true,,
IEEE TRANSACTIONS ON NETWORKING,2998-4157,true,,
IEEE - ASME TRANSACTIONS ON MECHATRONICS,1941-014X;1083-4435,true,,
IEEE - CAA JOURNAL OF AUTOMATICA SINICA,2329-9266;2329-9274,true,,
IEEE ACCESS,2169-3536,true,,
IEEE AEROSPACE AND ELECTRONIC SYSTEMS MAGAZINE,1557-959X;0885-8985,true,,
IEEE ANTENNAS AND PROPAGATION MAGAZINE,1558-4143;1045-9243,true,,
IEEE ANTENNAS AND WIRELESS PROPAGATION LETTERS,1548-5757;1536-1225,true,,
IEEE CIRCUITS AND SYSTEMS MAGAZINE,1558-0830;1531-636X,true,,
IEEE COMMUNICATIONS LETTERS,1558-2558;1089-7798,true,,
IEEE COMMUNICATIONS MAGAZINE,1558-1896;0163-6804,true,,
IEEE COMMUNICATIONS SURVEYS AND TUTORIALS,1553-877X,true,,
IEEE COMPUTATIONAL INTELLIGENCE MAGAZINE,1556-6048;1556-603X,true,,
IEEE CONSUMER ELECTRONICS MAGAZINE,2162-2248;2162-2256,true,,
IEEE CONTROL SYSTEMS MAGAZINE,1941-000X;1066-033X,true,,
IEEE ELECTRICAL INSULATION MAGAZINE,1558-4402;0883-7554,true,,
IEEE ELECTRON DEVICE LETTERS,1558-0563;0741-3106,true,,
IEEE GEOSCIENCE AND REMOTE SENSING LETTERS,1558-0571;1545-598X,true,,
IEEE GEOSCIENCE AND REMOTE SENSING MAGAZINE,2473-2397;2168-6831,true,,
IEEE INDUSTRIAL ELECTRONICS MAGAZINE,1941-0115;1932-4529,true,,
IEEE INTELLIGENT SYSTEMS,1941-1294;1541-1672,true,,
IEEE INTELLIGENT TRANSPORTATION SYSTEMS MAGAZINE,1941-1197;1939-1390,true,,
IEEE INTERNET COMPUTING,1941-0131;1089-7801,true,,
IEEE INTERNET OF THINGS JOURNAL,2327-4662,true,,
IEEE JOURNAL OF BIOMEDICAL AND HEALTH INFORMATICS,2168-2208;2168-2194,true,,
"IEEE JOURNAL OF ELECTROMAGNETICS, RF AND MICROWAVES IN MEDICINE AND BIOLOGY",2469-7257;2469-7249,true,,
IEEE JOURNAL OF EMERGING AND SELECTED TOPICS IN POWER ELECTRONICS,2168-6785;2168-6777,true,,
IEEE JOURNAL OF OCEANIC ENGINEERING,1558-1691;0364-9059,true,,
IEEE JOURNAL OF PHOTOVOLTAICS,2156-3403;2156-3381,true,,
IEEE JOURNAL OF RADIO FREQUENCY IDENTIFICATION,2469-7281,true,,
IEEE JOURNAL OF SELECTED TOPICS IN APPLIED EARTH OBSERVATIONS AND REMOTE SENSING,2151-1535;1939-1404,true,,
IEEE JOURNAL OF SELECTED TOPICS IN QUANTUM ELECTRONICS,1558-4542;1077-260X,true,,
IEEE JOURNAL ON SELECTED TOPICS IN SIGNAL PROCESSING,1941-0484;1932-4553,true,,
IEEE JOURNAL OF SOLID-STATE CIRCUITS,1558-173X;0018-9200,true,,
IEEE JOURNAL ON EMERGING AND SELECTED TOPICS IN CIRCUITS AND SYSTEMS,2156-3365;2156-3357,true,,
IEEE JOURNAL ON SELECTED AREAS IN COMMUNICATIONS,1558-0008;0733-8716,true,,
IEEE MICRO,1937-4143;0272-1732,true,,
IEEE MICROWAVE AND WIRELESS TECHNOLOGY LETTERS,2771-9588;2771-957X,true,,
IEEE MICROWAVE MAGAZINE,1557-9581;1527-3342,true,,
IEEE MULTIMEDIA,1941-0166;1070-986X,true,,
IEEE NANOTECHNOLOGY MAGAZINE,1942-7808;1932-4510,true,,
IEEE NETWORK,1558-156X;0890-8044,true,,
IEEE OPEN ACCESS JOURNAL OF POWER AND ENERGY,2687-7910,true,,
IEEE OPEN JOURNAL OF ENGINEERING IN MEDICINE AND BIOLOGY,2644-1276,true,,
IEEE OPEN JOURNAL OF THE COMMUNICATIONS SOCIETY,2644-125X,true,,
IEEE OPEN JOURNAL OF THE COMPUTER SOCIETY,2644-1268,true,,
IEEE OPEN JOURNAL OF THE INDUSTRIAL ELECTRONICS SOCIETY,2644-1284,true,,
IEEE OPEN JOURNAL OF VEHICULAR TECHNOLOGY,2644-1330,true,,
IEEE PERVASIVE COMPUTING,1558-2590;1536-1268,true,,
IEEE PHOTONICS JOURNAL,1943-0655;1943-0647,true,,
IEEE PHOTONICS TECHNOLOGY LETTERS,1941-0174;1041-1135,true,,
IEEE POWER AND ENERGY MAGAZINE,1558-4216;1540-7977,true,,
IEEE REVIEWS IN BIOMEDICAL ENGINEERING,1941-1189;1937-3333,true,,
IEEE ROBOTICS AND AUTOMATION MAGAZINE,1558-223X;1070-9932,true,,
IEEE ROBOTICS AND AUTOMATION LETTERS,2377-3766,true,,
IEEE SECURITY AND PRIVACY,1558-4046;1540-7993,true,,
IEEE SENSORS JOURNAL,1558-1748;1530-437X,true,,
IEEE SIGNAL PROCESSING LETTERS,1558-2361;1070-9908,true,,
IEEE SIGNAL PROCESSING MAGAZINE,1558-0792;1053-5888,true,,
IEEE SOFTWARE,1937-4194;0740-7459,true,,
IEEE SPECTRUM,1939-9340;0018-9235,true,,
IEEE SYSTEMS JOURNAL,1937-9234;1932-8184,true,,
IEEE TECHNOLOGY AND SOCIETY MAGAZINE,1937-416X;0278-0097,true,,
IEEE TRANSACTIONS ON AEROSPACE AND ELECTRONIC SYSTEMS,1557-9603;0018-9251,true,,
IEEE TRANSACTIONS ON AFFECTIVE COMPUTING,1949-3045,true,,
IEEE TRANSACTIONS ON ANTENNAS AND PROPAGATION,1558-2221;0018-926X,true,,
IEEE TRANSACTIONS ON AUTOMATIC CONTROL,1558-2523;0018-9286,true,,
IEEE TRANSACTIONS ON AUTOMATION SCIENCE AND ENGINEERING,1558-3783;1545-5955,true,,
IEEE TRANSACTIONS ON BIG DATA,2332-7790,true,,
IEEE TRANSACTIONS ON BIOMEDICAL CIRCUITS AND SYSTEMS,1940-9990;1932-4545,true,,
IEEE TRANSACTIONS ON BIOMEDICAL ENGINEERING,1558-2531;0018-9294,true,,
IEEE TRANSACTIONS ON BROADCASTING,1557-9611;0018-9316,true,,
IEEE TRANSACTIONS ON CIRCUITS AND SYSTEMS FOR VIDEO TECHNOLOGY,1558-2205;1051-8215,true,,
IEEE TRANSACTIONS ON CIRCUITS AND SYSTEMS I - REGULAR PAPERS,1558-0806;1549-8328,true,,
IEEE TRANSACTIONS ON CIRCUITS AND SYSTEMS II - EXPRESS BRIEFS,1558-3791;1549-7747,true,,
IEEE TRANSACTIONS ON CLOUD COMPUTING,2168-7161,true,,
IEEE TRANSACTIONS ON COGNITIVE AND DEVELOPMENTAL SYSTEMS,2379-8939;2379-8920,true,,
IEEE TRANSACTIONS ON COGNITIVE COMMUNICATIONS AND NETWORKING,2332-7731,true,,
IEEE TRANSACTIONS ON COMMUNICATIONS,1558-0857;0090-6778,true,,
"IEEE TRANSACTIONS ON COMPONENTS, PACKAGING AND MANUFACTURING TECHNOLOGY",2156-3985;2156-3950,true,,
IEEE TRANSACTIONS ON COMPUTATIONAL IMAGING,2573-0436;2333-9403,true,,
IEEE TRANSACTIONS ON COMPUTATIONAL SOCIAL SYSTEMS,2329-924X,true,,
IEEE TRANSACTIONS ON COMPUTER-AIDED DESIGN OF INTEGRATED CIRCUITS AND SYSTEMS,1937-4151;0278-0070,true,,
IEEE TRANSACTIONS ON CONSUMER ELECTRONICS,1558-4127;0098-3063,true,,
IEEE TRANSACTIONS ON CONTROL OF NETWORK SYSTEMS,2372-2533;2325-5870,true,,
IEEE TRANSACTIONS ON CONTROL SYSTEMS TECHNOLOGY,1558-0865;1063-6536,true,,
IEEE TRANSACTIONS ON CYBERNETICS,2168-2275;2168-2267,true,,
IEEE TRANSACTIONS ON DEPENDABLE AND SECURE COMPUTING,1941-0018;1545-5971,true,,
IEEE TRANSACTIONS ON DIELECTRICS AND ELECTRICAL INSULATION,1558-4135;1070-9878,true,,
IEEE TRANSACTIONS ON EDUCATION,1557-9638;0018-9359,true,,
IEEE TRANSACTIONS ON ELECTRON DEVICES,1557-9646;0018-9383,true,,
IEEE TRANSACTIONS ON EMERGING TOPICS IN COMPUTATIONAL INTELLIGENCE,2471-285X,true,,
IEEE TRANSACTIONS ON EMERGING TOPICS IN COMPUTING,2168-6750,true,,
IEEE TRANSACTIONS ON ENERGY CONVERSION,1558-0059;0885-8969,true,,
IEEE TRANSACTIONS ON ENGINEERING MANAGEMENT,1558-0040;0018-9391,true,,
IEEE TRANSACTIONS ON EVOLUTIONARY COMPUTATION,1941-0026;1089-778X,true,,
IEEE TRANSACTIONS ON FUZZY SYSTEMS,1941-0034;1063-6706,true,,
IEEE TRANSACTIONS ON GAMES,2475-1510;2475-1502,true,,
IEEE TRANSACTIONS ON GEOSCIENCE AND REMOTE SENSING,1558-0644;0196-2892,true,,
IEEE TRANSACTIONS ON GREEN COMMUNICATIONS AND NETWORKING,2473-2400,true,,
IEEE TRANSACTIONS ON HUMAN-MACHINE SYSTEMS,2168-2305;2168-2291,true,,
IEEE TRANSACTIONS ON IMAGE PROCESSING,1941-0042;1057-7149,true,,
IEEE TRANSACTIONS ON INDUSTRIAL ELECTRONICS,1557-9948;0278-0046,true,,
IEEE TRANSACTIONS ON INDUSTRIAL INFORMATICS,1941-0050;1551-3203,true,,
IEEE TRANSACTIONS ON INDUSTRY APPLICATIONS,1939-9367;0093-9994,true,,
IEEE TRANSACTIONS ON INFORMATION FORENSICS AND SECURITY,1556-6021;1556-6013,true,,
IEEE TRANSACTIONS ON INFORMATION THEORY,1557-9654;0018-9448,true,,
IEEE TRANSACTIONS ON INSTRUMENTATION AND MEASUREMENT,1557-9662;0018-9456,true,,
IEEE TRANSACTIONS ON INTELLIGENT TRANSPORTATION SYSTEMS,1558-0016;1524-9050,true,,
IEEE TRANSACTIONS ON INTELLIGENT VEHICLES,2379-8904;2379-8858,true,,
IEEE TRANSACTIONS ON KNOWLEDGE AND DATA ENGINEERING,1558-2191;1041-4347,true,,
IEEE TRANSACTIONS ON LEARNING TECHNOLOGIES,1939-1382,true,,
IEEE TRANSACTIONS ON MEDICAL IMAGING,1558-254X;0278-0062,true,,
IEEE TRANSACTIONS ON MICROWAVE THEORY AND TECHNIQUES,1557-9670;0018-9480,true,,
IEEE TRANSACTIONS ON MOBILE COMPUTING,1558-0660;1536-1233,true,,
IEEE TRANSACTIONS ON MULTIMEDIA,1941-0077;1520-9210,true,,
IEEE TRANSACTIONS ON NANOBIOSCIENCE,1558-2639;1536-1241,true,,
IEEE TRANSACTIONS ON NANOTECHNOLOGY,1941-0085;1536-125X,true,,
IEEE TRANSACTIONS ON NETWORK AND SERVICE MANAGEMENT,1932-4537,true,,
IEEE TRANSACTIONS ON NETWORK SCIENCE AND ENGINEERING,2327-4697,true,,
IEEE TRANSACTIONS ON NEURAL NETWORKS AND LEARNING SYSTEMS,2162-2388;2162-237X,true,,
IEEE TRANSACTIONS ON NEURAL SYSTEMS AND REHABILITATION ENGINEERING,1558-0210;1534-4320,true,,
IEEE TRANSACTIONS ON NUCLEAR SCIENCE,1558-1578;0018-9499,true,,
IEEE TRANSACTIONS ON PARALLEL AND DISTRIBUTED SYSTEMS,1558-2183;1045-9219,true,,
IEEE TRANSACTIONS ON PATTERN ANALYSIS AND MACHINE INTELLIGENCE,1939-3539;0162-8828,true,,
IEEE TRANSACTIONS ON POWER DELIVERY,1937-4208;0885-8977,true,,
IEEE TRANSACTIONS ON POWER ELECTRONICS,1941-0107;0885-8993,true,,
IEEE TRANSACTIONS ON POWER SYSTEMS,1558-0679;0885-8950,true,,
IEEE TRANSACTIONS ON PROFESSIONAL COMMUNICATION,1558-1500;0361-1434,true,,
IEEE TRANSACTIONS ON RADIATION AND PLASMA MEDICAL SCIENCES,2469-7303;2469-7311,true,,
IEEE TRANSACTIONS ON RELIABILITY,1558-1721;0018-9529,true,,
IEEE TRANSACTIONS ON ROBOTICS,1941-0468;1552-3098,true,,
IEEE TRANSACTIONS ON SEMICONDUCTOR MANUFACTURING,1558-2345;0894-6507,true,,
IEEE TRANSACTIONS ON SERVICES COMPUTING,1939-1374,true,,
IEEE TRANSACTIONS ON SIGNAL AND INFORMATION PROCESSING OVER NETWORKS,2373-776X,true,,
IEEE TRANSACTIONS ON SIGNAL PROCESSING,1941-0476;1053-587X,true,,
IEEE TRANSACTIONS ON SMART GRID,1949-3061;1949-3053,true,,
IEEE TRANSACTIONS ON SOFTWARE ENGINEERING,1939-3520;0098-5589,true,,
IEEE TRANSACTIONS ON SUSTAINABLE COMPUTING,2377-3782,true,,
IEEE TRANSACTIONS ON SUSTAINABLE ENERGY,1949-3037;1949-3029,true,,
"IEEE TRANSACTIONS ON SYSTEMS, MAN, AND CYBERNETICS: SYSTEMS",2168-2232;2168-2216,true,,
IEEE TRANSACTIONS ON TERAHERTZ SCIENCE AND TECHNOLOGY,2156-3446;2156-342X,true,,
IEEE TRANSACTIONS ON TRANSPORTATION ELECTRIFICATION,2332-7782,true,,
"IEEE TRANSACTIONS ON ULTRASONICS, FERROELECTRICS, AND FREQUENCY CONTROL",1525-8955;0885-3010,true,,
IEEE TRANSACTIONS ON VEHICULAR TECHNOLOGY,1939-9359;0018-9545,true,,
IEEE TRANSACTIONS ON VERY LARGE SCALE INTEGRATION (VLSI) SYSTEMS,1557-9999;1063-8210,true,,
IEEE TRANSACTIONS ON VISUALIZATION AND COMPUTER GRAPHICS,1941-0506;1077-2626,true,,
IEEE TRANSACTIONS ON WIRELESS COMMUNICATIONS,1558-2248;1536-1276,true,,
IEEE VEHICULAR TECHNOLOGY MAGAZINE,1556-6080;1556-6072,true,,
IEEE WIRELESS COMMUNICATIONS,1558-0687;1536-1284,true,,
IEEE WIRELESS COMMUNICATIONS LETTERS,2162-2345;2162-2337,true,,
IET BIOMETRICS,2047-4946;2047-4938,true,,
IET COMPUTER VISION,1751-9640;1751-9632,true,,
IET CONTROL THEORY AND APPLICATIONS,1751-8652;1751-8644,true,,
IET ELECTRICAL SYSTEMS IN TRANSPORTATION,2042-9746;2042-9738,true,,
"IET GENERATION, TRANSMISSION AND DISTRIBUTION",1751-8695;1751-8687,true,,
IET INTELLIGENT TRANSPORT SYSTEMS,1751-9578;1751-956X,true,,
IET NANOBIOTECHNOLOGY,1751-875X;1751-8741,true,,
IET NANODIELECTRICS,2514-3255,true,,
IET NETWORKS,2047-4954;2047-4962,true,,
IET POWER ELECTRONICS,1755-4543;1755-4535,true,,
IET RENEWABLE POWER GENERATION,1752-1424;1752-1416,true,,
IET SMART GRID,2515-2947,true,,
IET WIRELESS SENSOR SYSTEMS,2043-6394;2043-6386,true,,
IISE TRANSACTIONS,2472-5862;2472-5854,true,,
IISE TRANSACTIONS ON OCCUPATIONAL ERGONOMICS AND HUMAN FACTORS,2472-5846;2472-5838,true,,
ILAR JOURNAL,1930-6180;1084-2020,true,,
INDUSTRIAL AND LABOR RELATIONS REVIEW,2162-271X;0019-7939,true,,
IMA FUNGUS,2210-6359;2210-6340,true,,
IMA JOURNAL OF NUMERICAL ANALYSIS,1464-3642;0272-4979,true,,
IMAGE AND VISION COMPUTING,1872-8138;0262-8856,true,,
IMF ECONOMIC REVIEW,2041-417X;2041-4161,true,,
IMMUNE NETWORK,2092-6685;1598-2629,true,,
IMMUNITY,1097-4180;1074-7613,true,,
IMMUNITY AND AGEING,1742-4933,true,,
IMMUNOLOGICAL REVIEWS,1600-065X;0105-2896,true,,
IMMUNOLOGY,1365-2567;0019-2805,true,,
IMMUNOLOGY AND CELL BIOLOGY,1440-1711;0818-9641,true,,
IMMUNOTARGETS AND THERAPY,2253-1556,true,,
IMPACT ASSESSMENT AND PROJECT APPRAISAL,1471-5465;1461-5517,true,,
IMPLEMENTATION SCIENCE,1748-5908,true,,
IN SILICO PLANTS,2517-5025,true,,
IN VITRO CELLULAR AND DEVELOPMENTAL BIOLOGY - PLANT,1475-2689;1054-5476,true,,
INDIAN ECONOMIC AND SOCIAL HISTORY REVIEW,0973-0893;0019-4646,true,,
INDIAN JOURNAL OF ANAESTHESIA,0976-2817;0019-5049,true,,
INDIAN JOURNAL OF MEDICAL RESEARCH,0971-5916,true,,
INDIAN JOURNAL OF PEDIATRICS,0973-7693;0019-5456,true,,
INDIAN PEDIATRICS,0974-7559;0019-6061,true,,
INDIANA LAW JOURNAL,2169-3218;0019-6665,true,,
INDONESIA AND THE MALAY WORLD,1469-8382;1363-9811,true,,
INDONESIAN JOURNAL OF ISLAM AND MUSLIM SOCIETIES,2406-825X;2089-1490,true,,
INDOOR AIR,1600-0668;0905-6947,true,,
INDOOR AND BUILT ENVIRONMENT,1423-0070;1420-326X,true,,
INDUSTRIAL & ENGINEERING CHEMISTRY RESEARCH,1520-5045;0888-5885,true,,
INDUSTRIAL AND CORPORATE CHANGE,1464-3650;0960-6491,true,,
INDUSTRIAL AND ORGANIZATIONAL PSYCHOLOGY - PERSPECTIVES ON SCIENCE AND PRACTICE,1754-9434;1754-9426,true,,
INDUSTRIAL CROPS AND PRODUCTS,1872-633X;0926-6690,true,,
INDUSTRIAL MANAGEMENT AND DATA SYSTEMS,1758-5783;0263-5577,true,,
INDUSTRIAL MARKETING MANAGEMENT,1873-2062;0019-8501,true,,
INDUSTRY AND INNOVATION,1469-8390;1366-2716,true,,
INFECTION,1439-0973;0300-8126,true,,
INFECTION AND IMMUNITY,1098-5522;0019-9567,true,,
INFECTION CONTROL AND HOSPITAL EPIDEMIOLOGY,1559-6834;0899-823X,true,,
"INFECTION, DISEASE AND HEALTH",2468-0451,true,,
"INFECTION, GENETICS AND EVOLUTION",1567-7257;1567-1348,false,2024-07-11,removed from the White List
INFECTIOUS DISEASE CLINICS OF NORTH AMERICA,1557-9824;0891-5520,true,,
INFECTIOUS DISEASE MODELLING,2468-0427,true,,
INFECTIOUS DISEASES,2374-4243;2374-4235,true,,
INFECTIOUS DISEASES AND THERAPY,2193-8229;2193-6382,true,,
INFECTIOUS DISEASES OF POVERTY,2095-5162;2049-9957,true,,
RUSSIAN JOURNAL OF INFECTION AND IMMUNITY|ИНФЕКЦИЯ И ИММУНИТЕТ,2313-7398;2220-7619,true,,
INFLAMMATION AND REGENERATION,1880-8190;1880-9693,true,,
INFLAMMATION RESEARCH,1420-908X;1023-3830,true,,
INFLAMMATORY BOWEL DISEASES,1536-4844;1078-0998,true,,
INFLUENZA AND OTHER RESPIRATORY VIRUSES,1750-2659;1750-2640,true,,
INFOMAT,2567-3165,true,,
INFORMAL LOGIC,0824-2577,true,,
INFORMATICA,1822-8844;0868-4952,true,,
INFORMATICS - BASEL,2227-9709,true,,
INFORMATICS FOR HEALTH & SOCIAL CARE,1753-8165;1753-8157,true,,
INFORMATICS IN EDUCATION,2335-8971;1648-5831,true,,
INFORMATION AND COMMUNICATIONS TECHNOLOGY LAW,1469-8404;1360-0834,true,,
INFORMATION AND MANAGEMENT,0378-7206,true,,
INFORMATION AND INFERENCE - A JOURNAL OF THE IMA,2049-8764;2049-8772,true,,
INFORMATION AND LEARNING SCIENCES,2398-5348,true,,
INFORMATION AND ORGANIZATION,1873-7919;1471-7727,true,,
INFORMATION AND SOFTWARE TECHNOLOGY,1873-6025;0950-5849,true,,
INFORMATION COMMUNICATION AND SOCIETY,1468-4462;1369-118X,true,,
INFORMATION DEVELOPMENT,1741-6469;0266-6669,true,,
INFORMATION DISCOVERY AND DELIVERY,2398-6255;2398-6247,true,,
INFORMATION ECONOMICS AND POLICY,1873-5975;0167-6245,true,,
INFORMATION FUSION,1872-6305;1566-2535,true,,
INFORMATION POLITY,1875-8754;1570-1255,true,,
INFORMATION PROCESSING AND MANAGEMENT,1873-5371;0306-4573,true,,
DISCOVER COMPUTING,2948-2992,true,,
INFORMATION SCIENCES,1872-6291;0020-0255,true,,
INFORMATION SOCIETY,1087-6537;0197-2243,true,,
INFORMATION SYSTEMS,1873-6076;0306-4379,true,,
INFORMATION SYSTEMS AND E-BUSINESS MANAGEMENT,1617-9854;1617-9846,true,,
INFORMATION SYSTEMS FRONTIERS,1572-9419;1387-3326,true,,
INFORMATION SYSTEMS JOURNAL,1365-2575;1350-1917,true,,
INFORMATION SYSTEMS MANAGEMENT,1934-8703;1058-0530,true,,
INFORMATION SYSTEMS RESEARCH,1526-5536;1047-7047,true,,
INFORMATION TECHNOLOGY AND MANAGEMENT,1573-7667;1385-951X,true,,
INFORMATION TECHNOLOGY AND PEOPLE,1758-5813;0959-3845,true,,
INFORMATION TECHNOLOGY AND TOURISM,1943-4294;1098-3058,true,,
INFORMATION TECHNOLOGY FOR DEVELOPMENT,1554-0170;0268-1102,true,,
INGEGNERIA SISMICA,0393-1420,true,,
INJURY - INTERNATIONAL JOURNAL OF THE CARE OF THE INJURED,1879-0267;0020-1383,true,,
INJURY PREVENTION,1475-5785;1353-8047,true,,
INLAND WATERS,2044-205X;2044-2041,true,,
INNER ASIA,2210-5018;1464-8172,true,,
INNES REVIEW,1745-5219;0020-157X,true,,
THE INNOVATION,2666-6758,false,2024-07-11,removed from the White List
INNOVATION: THE EUROPEAN JOURNAL OF SOCIAL SCIENCE RESEARCH,1469-8412;1351-1610,true,,
INNOVATION AND DEVELOPMENT,2157-9318;2157-930X,true,,
INNOVATION IN AGING,2399-5300,true,,
INNOVATION IN LANGUAGE LEARNING AND TEACHING,1750-1237;1750-1229,true,,
INNOVATIONS IN EDUCATION AND TEACHING INTERNATIONAL,1470-3300;1470-3297,true,,
INNOVATIVE FOOD SCIENCE AND EMERGING TECHNOLOGIES,1878-5522;1466-8564,true,,
INORGANIC CHEMISTRY,1520-510X;0020-1669,true,,
INORGANIC CHEMISTRY FRONTIERS,2052-1545;2052-1553,true,,
INQUIRY - AN INTERDISCIPLINARY JOURNAL OF PHILOSOPHY,1502-3923;0020-174X,true,,
INSECT BIOCHEMISTRY AND MOLECULAR BIOLOGY,1879-0240;0965-1748,true,,
INSECT CONSERVATION AND DIVERSITY,1752-4598;1752-458X,true,,
INSECT MOLECULAR BIOLOGY,1365-2583;0962-1075,true,,
INSECT SCIENCE,1744-7917;1672-9609,true,,
INSECT SYSTEMATICS AND DIVERSITY,2399-3421,true,,
INSECTS,2075-4450,true,,
INSIGHT ON AFRICA,0976-3465;0975-0878,true,,
INSIGHTS INTO IMAGING,1869-4101,true,,
INSTRUCTIONAL SCIENCE,1573-1952;0020-4277,true,,
INSURANCE: MATHEMATICS AND ECONOMICS,1873-5959;0167-6687,true,,
INTEGRATED COMPUTER-AIDED ENGINEERING,1875-8835;1069-2509,true,,
INTEGRATING MATERIALS AND MANUFACTURING INNOVATION,2193-9772;2193-9764,true,,
INTEGRATIVE AND COMPARATIVE BIOLOGY,1557-7023;1540-7063,true,,
INTEGRATIVE CANCER THERAPIES,1552-695X;1534-7354,true,,
INTEGRATIVE MEDICINE RESEARCH,2213-4239;2213-4220,false,2024-07-11,removed from the White List
INTEGRATIVE ORGANISMAL BIOLOGY,2517-4843,true,,
INTEGRATIVE ZOOLOGY,1749-4869;1749-4877,true,,
INTELLIGENCE,1873-7935;0160-2896,true,,
INTELLIGENCE AND NATIONAL SECURITY,1743-9019;0268-4527,true,,
INTELLIGENT AUTOMATION AND SOFT COMPUTING,2326-005X;1079-8587,true,,
INTELLIGENT BUILDINGS INTERNATIONAL,1756-6932;1750-8975,true,,
INTELLIGENT SERVICE ROBOTICS,1861-2784;1861-2776,true,,
INTELLIGENT SYSTEMS IN ACCOUNTING FINANCE AND MANAGEMENT,1550-1949,true,,
INTENSIVE AND CRITICAL CARE NURSING,1532-4036;0964-3397,true,,
INTENSIVE CARE MEDICINE,1432-1238;0342-4642,true,,
INTENSIVE CARE MEDICINE EXPERIMENTAL,2197-425X,true,,
INTER-ASIA CULTURAL STUDIES,1469-8447;1464-9373,true,,
INTERACTING WITH COMPUTERS,1873-7951;0953-5438,true,,
INTERACTION STUDIES,1572-0381;1572-0373,true,,
INTERACTIVE LEARNING ENVIRONMENTS,1744-5191;1049-4820,true,,
INTERACTIVE TECHNOLOGY AND SMART EDUCATION,1758-8510;1741-5659,true,,
INTERCULTURAL PRAGMATICS,1613-365X;1612-295X,true,,
INTERDISCIPLINARY JOURNAL FOR RELIGION AND TRANSFORMATION IN CONTEMPORARY SOCIETY,2365-3140;2364-2807,true,,
INTERDISCIPLINARY JOURNAL OF PROBLEM-BASED LEARNING,1541-5015,true,,
INTERDISCIPLINARY SCIENCE REVIEWS,1743-2790;0308-0188,true,,
INTERDISCIPLINARY SCIENCES - COMPUTATIONAL LIFE SCIENCES,1913-2751;1867-1462,true,,
INTERFACE FOCUS,2042-8901;2042-8898,true,,
INTERMETALLICS,1879-0216;0966-9795,true,,
INTERNAL AND EMERGENCY MEDICINE,1970-9366;1828-0447,true,,
INTERNAL MEDICINE JOURNAL,1445-5994;1444-0903,true,,
INTERNATIONAL AND COMPARATIVE LAW QUARTERLY,1471-6895;0020-5893,true,,
INTERNATIONAL AFFAIRS,1468-2346;0020-5850,true,,
INTERNATIONAL AGROPHYSICS,2300-8725;0236-8722,true,,
INTERNATIONAL AND MULTIDISCIPLINARY JOURNAL OF SOCIAL SCIENCES - RIMCIS,2014-3680,true,,
INTERNATIONAL ARCHIVES OF OCCUPATIONAL AND ENVIRONMENTAL HEALTH,1432-1246;0340-0131,true,,
INTERNATIONAL BIODETERIORATION AND BIODEGRADATION,1879-0208;0964-8305,true,,
INTERNATIONAL BREASTFEEDING JOURNAL,1746-4358,true,,
INTERNATIONAL BUSINESS REVIEW,1873-6149;0969-5931,true,,
INTERNATIONAL COMMUNICATION GAZETTE,1748-0493;1748-0485,true,,
INTERNATIONAL COMMUNICATIONS IN HEAT AND MASS TRANSFER,1879-0178;0735-1933,true,,
INTERNATIONAL CRIMINAL JUSTICE REVIEW,1556-3855;1057-5677,true,,
INTERNATIONAL DATA PRIVACY LAW,2044-4001;2044-3994,true,,
INTERNATIONAL DENTAL JOURNAL,1875-595X;0020-6539,false,2024-07-11,removed from the White List
INTERNATIONAL DEVELOPMENT PLANNING REVIEW,1478-3401;1474-6743,true,,
INTERNATIONAL ECONOMIC REVIEW,1468-2354;0020-6598,true,,
INTERNATIONAL EMERGENCY NURSING,1878-013X;1755-599X,true,,
INTERNATIONAL ENDODONTIC JOURNAL,1365-2591;0143-2885,true,,
INTERNATIONAL ENTREPRENEURSHIP AND MANAGEMENT JOURNAL,1555-1938;1554-7191,true,,
"INTERNATIONAL ENVIRONMENTAL AGREEMENTS: POLITICS, LAW AND ECONOMICS",1573-1553;1567-9764,true,,
INTERNATIONAL FEMINIST JOURNAL OF POLITICS,1468-4470;1461-6742,true,,
INTERNATIONAL FOOD AND AGRIBUSINESS MANAGEMENT REVIEW,1559-2448;1096-7508,true,,
INTERNATIONAL FORUM OF ALLERGY AND RHINOLOGY,2042-6984;2042-6976,true,,
INTERNATIONAL GEOLOGY REVIEW,1938-2839;0020-6814,true,,
INTERNATIONAL HISTORY REVIEW,1949-6540;0707-5332,true,,
INTERNATIONAL IMMUNOPHARMACOLOGY,1878-1705;1567-5769,true,,
INTERNATIONAL JOURNAL,2052-465X;0020-7020,true,,
INTERNATIONAL JOURNAL FOR ACADEMIC DEVELOPMENT,1470-1324;1360-144X,true,,
"INTERNATIONAL JOURNAL FOR CRIME, JUSTICE AND SOCIAL DEMOCRACY",2202-8005;2202-7998,true,,
INTERNATIONAL JOURNAL FOR EDUCATIONAL INTEGRITY,1833-2595,true,,
INTERNATIONAL JOURNAL FOR EQUITY IN HEALTH,1475-9276,true,,
INTERNATIONAL JOURNAL FOR NUMERICAL AND ANALYTICAL METHODS IN GEOMECHANICS,1096-9853;0363-9061,true,,
INTERNATIONAL JOURNAL FOR NUMERICAL METHODS IN BIOMEDICAL ENGINEERING,2040-7947;2040-7939,true,,
INTERNATIONAL JOURNAL FOR NUMERICAL METHODS IN ENGINEERING,1097-0207;0029-5981,true,,
INTERNATIONAL JOURNAL FOR PARASITOLOGY,1879-0135;0020-7519,true,,
INTERNATIONAL JOURNAL FOR PARASITOLOGY - DRUGS AND DRUG RESISTANCE,2211-3207,false,2024-07-11,removed from the White List
INTERNATIONAL JOURNAL FOR PHILOSOPHY OF RELIGION,1572-8684;0020-7047,true,,
THE INTERNATIONAL JOURNAL FOR THE PSYCHOLOGY OF RELIGION,1532-7582;1050-8619,true,,
INTERNATIONAL JOURNAL FOR UNCERTAINTY QUANTIFICATION,2152-5099;2152-5080,true,,
INTERNATIONAL JOURNAL OF ACCOUNTING,2213-3933;1094-4060,true,,
INTERNATIONAL JOURNAL OF ACCOUNTING AND INFORMATION MANAGEMENT,1758-9037;1834-7649,true,,
INTERNATIONAL JOURNAL OF ACCOUNTING INFORMATION SYSTEMS,1873-4723;1467-0895,true,,
INTERNATIONAL JOURNAL OF ADAPTIVE CONTROL AND SIGNAL PROCESSING,1099-1115;0890-6327,true,,
INTERNATIONAL JOURNAL OF ADHESION AND ADHESIVES,1879-0127;0143-7496,true,,
INTERNATIONAL JOURNAL OF ADOLESCENCE AND YOUTH,2164-4527;0267-3843,true,,
INTERNATIONAL JOURNAL OF ADVANCED MANUFACTURING TECHNOLOGY,1433-3015;0268-3768,true,,
INTERNATIONAL JOURNAL OF ADVERTISING,1759-3948;0265-0487,true,,
INTERNATIONAL JOURNAL OF AFRICAN RENAISSANCE STUDIES,1818-6874;1753-7274,true,,
INTERNATIONAL JOURNAL OF AGRICULTURAL AND BIOLOGICAL ENGINEERING,1934-6352;1934-6344,true,,
INTERNATIONAL JOURNAL OF AGRICULTURAL SUSTAINABILITY,1747-762X;1473-5903,true,,
INTERNATIONAL JOURNAL OF ANTIMICROBIAL AGENTS,1872-7913;0924-8579,true,,
INTERNATIONAL JOURNAL OF APPLIED EARTH OBSERVATION AND GEOINFORMATION,1872-826X;1569-8432,false,2024-07-11,removed from the White List
INTERNATIONAL JOURNAL OF APPLIED GLASS SCIENCE,2041-1294;2041-1286,true,,
INTERNATIONAL JOURNAL OF APPLIED LINGUISTICS,1473-4192;0802-6106,true,,
INTERNATIONAL JOURNAL OF APPLIED MECHANICS,1758-826X;1758-8251,true,,
INTERNATIONAL JOURNAL OF APPROXIMATE REASONING,1873-4731;0888-613X,true,,
INTERNATIONAL JOURNAL OF ARCHITECTURAL COMPUTING,2048-3988;1478-0771,true,,
INTERNATIONAL JOURNAL OF ARCHITECTURAL HERITAGE,1558-3066;1558-3058,true,,
INTERNATIONAL JOURNAL OF ART AND DESIGN EDUCATION,1476-8070;1476-8062,true,,
INTERNATIONAL JOURNAL OF ART THERAPY,1745-4840;1745-4832,true,,
INTERNATIONAL JOURNAL OF ARTIFICIAL INTELLIGENCE IN EDUCATION,1560-4306;1560-4292,true,,
INTERNATIONAL JOURNAL OF ARTS MANAGEMENT,1480-8986,true,,
INTERNATIONAL JOURNAL OF ASIA-PACIFIC STUDIES,1823-6243,true,,
INTERNATIONAL JOURNAL OF AUDIOLOGY,1708-8186;1499-2027,true,,
INTERNATIONAL JOURNAL OF BANK MARKETING,1758-5937;0265-2323,true,,
INTERNATIONAL JOURNAL OF BEHAVIORAL NUTRITION AND PHYSICAL ACTIVITY,1479-5868,true,,
INTERNATIONAL JOURNAL OF BIFURCATION AND CHAOS IN APPLIED SCIENCES AND ENGINEERING,1793-6551;0218-1274,true,,
INTERNATIONAL JOURNAL OF BILINGUAL EDUCATION AND BILINGUALISM,1747-7522;1367-0050,true,,
INTERNATIONAL JOURNAL OF BILINGUALISM,1756-6878;1367-0069,true,,
INTERNATIONAL JOURNAL OF BIO-INSPIRED COMPUTATION,1758-0374;1758-0366,true,,
INTERNATIONAL JOURNAL OF BIOCHEMISTRY AND CELL BIOLOGY,1878-5875;1357-2725,true,,
INTERNATIONAL JOURNAL OF BIOLOGICAL MACROMOLECULES,1879-0003;0141-8130,true,,
INTERNATIONAL JOURNAL OF BIOLOGICAL SCIENCES,1449-2288,true,,
INTERNATIONAL JOURNAL OF BIOMATHEMATICS,1793-7159;1793-5245,true,,
INTERNATIONAL JOURNAL OF BIOMEDICAL IMAGING,1687-4196;1687-4188,true,,
INTERNATIONAL JOURNAL OF BIOMETEOROLOGY,1432-1254;0020-7128,true,,
INTERNATIONAL JOURNAL OF BIOPRINTING,2424-7723;2424-8002,true,,
INTERNATIONAL JOURNAL OF BIPOLAR DISORDERS,2194-7511,true,,
INTERNATIONAL JOURNAL OF BUSINESS COMMUNICATION,2329-4892;2329-4884,true,,
INTERNATIONAL JOURNAL OF CANCER,1097-0215;0020-7136,true,,
INTERNATIONAL JOURNAL OF CARDIOLOGY,1874-1754;0167-5273,true,,
INTERNATIONAL JOURNAL OF CHILDREN'S SPIRITUALITY,1469-8455;1364-436X,true,,
INTERNATIONAL JOURNAL OF CLIMATE CHANGE STRATEGIES AND MANAGEMENT,1756-8706;1756-8692,true,,
INTERNATIONAL JOURNAL OF CLIMATOLOGY,1097-0088;0899-8418,true,,
INTERNATIONAL JOURNAL OF CLINICAL AND HEALTH PSYCHOLOGY,1697-2600,false,2024-07-11,removed from the White List
INTERNATIONAL JOURNAL OF CLINICAL PRACTICE,1742-1241;1368-5031,true,,
INTERNATIONAL JOURNAL OF COAL GEOLOGY,1872-7840;0166-5162,true,,
INTERNATIONAL JOURNAL OF COAL SCIENCE AND TECHNOLOGY,2198-7823;2095-8293,true,,
INTERNATIONAL JOURNAL OF COMMUNITY MUSIC,1752-6302;1752-6299,true,,
INTERNATIONAL JOURNAL OF COMPARATIVE AND APPLIED CRIMINAL JUSTICE,2157-6475;0192-4036,true,,
INTERNATIONAL JOURNAL OF COMPARATIVE SOCIOLOGY,1745-2554;0020-7152,true,,
INTERNATIONAL JOURNAL OF COMPUTER - SUPPORTED COLLABORATIVE LEARNING,1556-1615;1556-1607,true,,
INTERNATIONAL JOURNAL OF COMPUTER ASSISTED RADIOLOGY AND SURGERY,1861-6429;1861-6410,true,,
INTERNATIONAL JOURNAL OF COMPUTER GAMES TECHNOLOGY,1687-7055;1687-7047,true,,
INTERNATIONAL JOURNAL OF COMPUTER INTEGRATED MANUFACTURING,1362-3052;0951-192X,true,,
INTERNATIONAL JOURNAL OF COMPUTER VISION,1573-1405;0920-5691,true,,
INTERNATIONAL JOURNAL OF COMPUTERIZED DENTISTRY,1463-4201,true,,
INTERNATIONAL JOURNAL OF CONCRETE STRUCTURES AND MATERIALS,2234-1315;1976-0485,true,,
INTERNATIONAL JOURNAL OF CONFLICT AND VIOLENCE,1864-1385,true,,
INTERNATIONAL JOURNAL OF CONFLICT MANAGEMENT,1758-8545;1044-4068,true,,
INTERNATIONAL JOURNAL OF CONSERVATION SCIENCE,2067-8223;2067-533X,true,,
INTERNATIONAL JOURNAL OF CONSTRUCTION MANAGEMENT,2331-2327;1562-3599,true,,
INTERNATIONAL JOURNAL OF CONSUMER STUDIES,1470-6431;1470-6423,true,,
INTERNATIONAL JOURNAL OF CONTEMPORARY HOSPITALITY MANAGEMENT,1757-1049;0959-6119,true,,
"INTERNATIONAL JOURNAL OF CONTROL, AUTOMATION AND SYSTEMS",2005-4092;1598-6446,true,,
INTERNATIONAL JOURNAL OF CORPUS LINGUISTICS,1569-9811;1384-6655,true,,
INTERNATIONAL JOURNAL OF CORROSION AND SCALE INHIBITION,2305-6894,true,,
INTERNATIONAL JOURNAL OF COSMETIC SCIENCE,1468-2494;0142-5463,true,,
INTERNATIONAL JOURNAL OF CRITICAL INFRASTRUCTURE PROTECTION,2212-2087;1874-5482,true,,
INTERNATIONAL JOURNAL OF CROSS CULTURAL MANAGEMENT,1741-2838;1470-5958,true,,
INTERNATIONAL JOURNAL OF CULTURAL POLICY,1477-2833;1028-6632,true,,
INTERNATIONAL JOURNAL OF CULTURAL PROPERTY,1465-7317;0940-7391,true,,
INTERNATIONAL JOURNAL OF CULTURAL STUDIES,1460-356X;1367-8779,true,,
INTERNATIONAL JOURNAL OF CYBER CRIMINOLOGY,0974-2891,true,,
INTERNATIONAL JOURNAL OF DAIRY TECHNOLOGY,1471-0307;1364-727X,true,,
INTERNATIONAL JOURNAL OF DAMAGE MECHANICS,1530-7921;1056-7895,true,,
INTERNATIONAL JOURNAL OF DENTAL HYGIENE,1601-5037;1601-5029,true,,
INTERNATIONAL JOURNAL OF DESIGN,1994-036X;1991-3761,true,,
INTERNATIONAL JOURNAL OF DEVELOPMENTAL DISABILITIES,2047-3877;2047-3869,true,,
INTERNATIONAL JOURNAL OF DIGITAL EARTH,1753-8955;1753-8947,true,,
INTERNATIONAL JOURNAL OF DISASTER RESILIENCE IN THE BUILT ENVIRONMENT,1759-5916;1759-5908,true,,
INTERNATIONAL JOURNAL OF DISASTER RISK REDUCTION,2212-4209,true,,
INTERNATIONAL JOURNAL OF DISASTER RISK SCIENCE,2192-6395;2095-0055,true,,
INTERNATIONAL JOURNAL OF DISTANCE EDUCATION TECHNOLOGIES,1539-3119;1539-3100,true,,
INTERNATIONAL JOURNAL OF DRUG POLICY,1873-4758;0955-3959,true,,
INTERNATIONAL JOURNAL OF E-PLANNING RESEARCH,2160-9926;2160-9918,true,,
INTERNATIONAL JOURNAL OF EARLY CHILDHOOD,1878-4658;0020-7187,true,,
INTERNATIONAL JOURNAL OF EARLY YEARS EDUCATION,1469-8463;0966-9760,true,,
INTERNATIONAL JOURNAL OF EARTH SCIENCES,1437-3262;1437-3254,true,,
INTERNATIONAL JOURNAL OF EATING DISORDERS,1098-108X;0276-3478,true,,
INTERNATIONAL JOURNAL OF EDUCATIONAL RESEARCH,1873-538X;0883-0355,true,,
INTERNATIONAL JOURNAL OF EDUCATIONAL TECHNOLOGY IN HIGHER EDUCATION,2365-9440,true,,
INTERNATIONAL JOURNAL OF ELECTRICAL POWER AND ENERGY SYSTEMS,1879-3517;0142-0615,false,2024-07-11,removed from the White List
INTERNATIONAL JOURNAL OF ELECTRONIC COMMERCE,1557-9301;1086-4415,true,,
INTERNATIONAL JOURNAL OF EMERGENCY MEDICINE,1865-1380;1865-1372,true,,
INTERNATIONAL JOURNAL OF EMERGING MARKETS,1746-8809;1746-8817,true,,
INTERNATIONAL JOURNAL OF ENERGY RESEARCH,1099-114X;0363-907X,true,,
INTERNATIONAL JOURNAL OF ENGINE RESEARCH,2041-3149;1468-0874,true,,
INTERNATIONAL JOURNAL OF ENGINEERING BUSINESS MANAGEMENT,1847-9790,true,,
INTERNATIONAL JOURNAL OF ENGINEERING PEDAGOGY,2192-4880,true,,
INTERNATIONAL JOURNAL OF ENGINEERING SCIENCE,1879-2197;0020-7225,true,,
INTERNATIONAL JOURNAL OF ENTREPRENEURIAL BEHAVIOUR AND RESEARCH,1758-6534;1355-2554,true,,
INTERNATIONAL JOURNAL OF ENTREPRENEURSHIP AND INNOVATION,2043-6882;1465-7503,true,,
INTERNATIONAL JOURNAL OF ENVIRONMENTAL HEALTH RESEARCH,1369-1619;0960-3123,true,,
INTERNATIONAL JOURNAL OF EPIDEMIOLOGY,1464-3685;0300-5771,true,,
INTERNATIONAL JOURNAL OF EVIDENCE AND PROOF,1740-5572;1365-7127,true,,
INTERNATIONAL JOURNAL OF EXTREME MANUFACTURING,2631-8644;2631-7990,true,,
INTERNATIONAL JOURNAL OF FASHION STUDIES,2051-7114;2051-7106,true,,
INTERNATIONAL JOURNAL OF FATIGUE,1879-3452;0142-1123,true,,
INTERNATIONAL JOURNAL OF FOOD MICROBIOLOGY,1879-3460;0168-1605,true,,
INTERNATIONAL JOURNAL OF FOOD SCIENCES AND NUTRITION,1465-3478;0963-7486,true,,
INTERNATIONAL JOURNAL OF FORECASTING,1872-8200;0169-2070,true,,
INTERNATIONAL JOURNAL OF FRACTURE,1573-2673;0376-9429,true,,
INTERNATIONAL JOURNAL OF FUZZY SYSTEMS,2199-3211;1562-2479,true,,
INTERNATIONAL JOURNAL OF GENDER AND ENTREPRENEURSHIP,1756-6274;1756-6266,true,,
INTERNATIONAL JOURNAL OF GEOGRAPHICAL INFORMATION SCIENCE,1365-8816;1365-8824,true,,
INTERNATIONAL JOURNAL OF GEOMECHANICS,1943-5622;1532-3641,true,,
INTERNATIONAL JOURNAL OF GERIATRIC PSYCHIATRY,1099-1166;0885-6230,true,,
INTERNATIONAL JOURNAL OF GREENHOUSE GAS CONTROL,1878-0148;1750-5836,true,,
INTERNATIONAL JOURNAL OF GYNECOLOGICAL CANCER,1525-1438;1048-891X,true,,
INTERNATIONAL JOURNAL OF GYNECOLOGICAL PATHOLOGY,1538-7151;0277-1691,true,,
INTERNATIONAL JOURNAL OF GYNECOLOGY AND OBSTETRICS,1879-3479;0020-7292,true,,
INTERNATIONAL JOURNAL OF HEALTH ECONOMICS AND MANAGEMENT,2199-9031;2199-9023,true,,
INTERNATIONAL JOURNAL OF HEALTH GEOGRAPHICS,1476-072X,true,,
INTERNATIONAL JOURNAL OF HEALTH POLICY AND MANAGEMENT,2322-5939,true,,
INTERNATIONAL JOURNAL OF HEAT AND FLUID FLOW,1879-2278;0142-727X,true,,
INTERNATIONAL JOURNAL OF HEAT AND MASS TRANSFER,1879-2189;0017-9310,true,,
INTERNATIONAL JOURNAL OF HERITAGE STUDIES,1470-3610;1352-7258,true,,
INTERNATIONAL JOURNAL OF HIGH PERFORMANCE COMPUTING APPLICATIONS,1741-2846;1094-3420,true,,
INTERNATIONAL JOURNAL OF HINDU STUDIES,1574-9282;1022-4556,true,,
INTERNATIONAL JOURNAL OF HISTORICAL ARCHAEOLOGY,1573-7748;1092-7697,true,,
INTERNATIONAL JOURNAL OF HOSPITALITY AND TOURISM ADMINISTRATION,1525-6499;1525-6480,true,,
INTERNATIONAL JOURNAL OF HOSPITALITY MANAGEMENT,1873-4693;0278-4319,true,,
INTERNATIONAL JOURNAL OF HOUSING POLICY,1949-1255;1949-1247,true,,
INTERNATIONAL JOURNAL OF HUMAN-COMPUTER INTERACTION,1532-7590;1044-7318,true,,
INTERNATIONAL JOURNAL OF HUMAN COMPUTER STUDIES,1095-9300;1071-5819,true,,
INTERNATIONAL JOURNAL OF HUMAN RESOURCE MANAGEMENT,1466-4399;0958-5192,true,,
INTERNATIONAL JOURNAL OF HUMAN RIGHTS,1744-053X;1364-2987,true,,
INTERNATIONAL JOURNAL OF HUMANITIES AND ARTS COMPUTING - A JOURNAL OF DIGITAL HUMANITIES,1755-1706;1753-8548,true,,
INTERNATIONAL JOURNAL OF HYDROGEN ENERGY,1879-3487;0360-3199,true,,
INTERNATIONAL JOURNAL OF HYDROMECHATRONICS,2515-0472;2515-0464,true,,
INTERNATIONAL JOURNAL OF HYGIENE AND ENVIRONMENTAL HEALTH,1618-131X;1438-4639,true,,
INTERNATIONAL JOURNAL OF IMPACT ENGINEERING,1879-3509;0734-743X,true,,
INTERNATIONAL JOURNAL OF INCLUSIVE EDUCATION,1464-5173;1360-3116,true,,
INTERNATIONAL JOURNAL OF INDUSTRIAL CHEMISTRY,2228-5970;2228-5547,true,,
INTERNATIONAL JOURNAL OF INDUSTRIAL ENGINEERING COMPUTATIONS,1923-2934;1923-2926,true,,
INTERNATIONAL JOURNAL OF INDUSTRIAL ERGONOMICS,1872-8219;0169-8141,true,,
INTERNATIONAL JOURNAL OF INDUSTRIAL ORGANIZATION,1873-7986;0167-7187,true,,
INTERNATIONAL JOURNAL OF INFECTIOUS DISEASES,1878-3511;1201-9712,false,2024-07-11,removed from the White List
INTERNATIONAL JOURNAL OF INFLAMMATION,2090-8040;2042-0099,true,,
INTERNATIONAL JOURNAL OF INFORMATION MANAGEMENT,1873-4707;0268-4012,true,,
INTERNATIONAL JOURNAL OF INFORMATION TECHNOLOGY AND DECISION MAKING,1793-6845;0219-6220,true,,
INTERNATIONAL JOURNAL OF INNOVATION AND TECHNOLOGY MANAGEMENT,1793-6950;0219-8770,true,,
INTERNATIONAL JOURNAL OF INNOVATION SCIENCE,1757-2231;1757-2223,true,,
INTERNATIONAL JOURNAL OF INTANGIBLE HERITAGE,1975-4019;1975-3586,true,,
INTERNATIONAL JOURNAL OF INTELLIGENT COMPUTING AND CYBERNETICS,1756-3798;1756-378X,true,,
INTERNATIONAL JOURNAL OF INTELLIGENT SYSTEMS,1098-111X;0884-8173,true,,
INTERNATIONAL JOURNAL OF INTELLIGENT UNMANNED SYSTEMS,2049-6427;2049-6435,true,,
INTERNATIONAL JOURNAL OF INTERACTIVE DESIGN AND MANUFACTURING - IJIDEM,1955-2505;1955-2513,true,,
INTERNATIONAL JOURNAL OF INTERACTIVE MULTIMEDIA AND ARTIFICIAL INTELLIGENCE,1989-1660,true,,
INTERNATIONAL JOURNAL OF ISLAMIC AND MIDDLE EASTERN FINANCE AND MANAGEMENT,1753-8408;1753-8394,true,,
INTERNATIONAL JOURNAL OF LANGUAGE AND COMMUNICATION DISORDERS,1460-6984;1368-2822,true,,
INTERNATIONAL JOURNAL OF LATIN AMERICAN RELIGIONS,2509-9957;2509-9965,true,,
INTERNATIONAL JOURNAL OF LAW AND INFORMATION TECHNOLOGY,1464-3693;0967-0769,true,,
INTERNATIONAL JOURNAL OF LAW AND MANAGEMENT,1754-2448;1754-243X,true,,
INTERNATIONAL JOURNAL OF LAW AND PSYCHIATRY,1873-6386;0160-2527,true,,
"INTERNATIONAL JOURNAL OF LAW, CRIME AND JUSTICE",1876-763X;1756-0616,true,,
INTERNATIONAL JOURNAL OF LAW IN CONTEXT,1744-5531;1744-5523,true,,
INTERNATIONAL JOURNAL OF LEADERSHIP IN EDUCATION,1464-5092;1360-3124,true,,
INTERNATIONAL JOURNAL OF LEAN SIX SIGMA,2040-4166;2040-4174,true,,
INTERNATIONAL JOURNAL OF LEGAL MEDICINE,1437-1596;0937-9827,true,,
INTERNATIONAL JOURNAL OF LEXICOGRAPHY,1477-4577;0950-3846,true,,
INTERNATIONAL JOURNAL OF LIFE CYCLE ASSESSMENT,1614-7502;0948-3349,true,,
INTERNATIONAL JOURNAL OF LOGISTICS - RESEARCH AND APPLICATIONS,1469-848X;1367-5567,true,,
INTERNATIONAL JOURNAL OF LOGISTICS MANAGEMENT,1758-6550;0957-4093,true,,
INTERNATIONAL JOURNAL OF LOW - CARBON TECHNOLOGIES,1748-1325;1748-1317,true,,
INTERNATIONAL JOURNAL OF LOWER EXTREMITY WOUNDS,1552-6941;1534-7346,true,,
INTERNATIONAL JOURNAL OF MACHINE LEARNING AND CYBERNETICS,1868-808X;1868-8071,true,,
INTERNATIONAL JOURNAL OF MACHINE TOOLS AND MANUFACTURE,1879-2170;0890-6955,true,,
INTERNATIONAL JOURNAL OF MANAGEMENT EDUCATION,2352-3565;1472-8117,true,,
INTERNATIONAL JOURNAL OF MANAGEMENT REVIEWS,1468-2370;1460-8545,true,,
INTERNATIONAL JOURNAL OF MANAGEMENT SCIENCE AND ENGINEERING MANAGEMENT,1750-9661;1750-9653,true,,
INTERNATIONAL JOURNAL OF MANAGING PROJECTS IN BUSINESS,1753-8386;1753-8378,true,,
INTERNATIONAL JOURNAL OF MANPOWER,1758-6577;0143-7720,true,,
INTERNATIONAL JOURNAL OF MARINE AND COASTAL LAW,1571-8085;0927-3522,true,,
INTERNATIONAL JOURNAL OF MARKET RESEARCH,2515-2173;1470-7853,true,,
JOURNAL OF MATERIALS SCIENCE: MATERIALS IN ENGINEERING,3004-8958,true,,
INTERNATIONAL JOURNAL OF MECHANICAL SCIENCES,1879-2162;0020-7403,true,,
INTERNATIONAL JOURNAL OF MECHANICS AND MATERIALS IN DESIGN,1573-8841;1569-1713,true,,
INTERNATIONAL JOURNAL OF MEDICAL EDUCATION,2042-6372,true,,
INTERNATIONAL JOURNAL OF MEDICAL INFORMATICS,1872-8243;1386-5056,true,,
INTERNATIONAL JOURNAL OF MEDICAL MICROBIOLOGY,1618-0607;1438-4221,false,2024-07-11,removed from the White List
INTERNATIONAL JOURNAL OF MEDICAL ROBOTICS AND COMPUTER ASSISTED SURGERY,1478-596X;1478-5951,true,,
INTERNATIONAL JOURNAL OF MEDICAL SCIENCES,1449-1907,true,,
INTERNATIONAL JOURNAL OF MENTAL HEALTH AND ADDICTION,1557-1882;1557-1874,true,,
INTERNATIONAL JOURNAL OF MENTAL HEALTH NURSING,1447-0349;1445-8330,true,,
INTERNATIONAL JOURNAL OF METHODS IN PSYCHIATRIC RESEARCH,1557-0657;1049-8931,true,,
INTERNATIONAL JOURNAL OF MIDDLE EAST STUDIES,1471-6380;0020-7438,true,,
"INTERNATIONAL JOURNAL OF MINERALS, METALLURGY AND MATERIALS",1869-103X;1674-4799,true,,
"INTERNATIONAL JOURNAL OF MINING, RECLAMATION AND ENVIRONMENT",1748-0949;1748-0930,true,,
INTERNATIONAL JOURNAL OF MINING SCIENCE AND TECHNOLOGY,2095-2686,true,,
INTERNATIONAL JOURNAL OF MODELLING AND SIMULATION,1925-7082;0228-6203,true,,
INTERNATIONAL JOURNAL OF MOLECULAR MEDICINE,1791-244X;1107-3756,true,,
INTERNATIONAL JOURNAL OF MOLECULAR SCIENCES,1422-0067,true,,
INTERNATIONAL JOURNAL OF MULTILINGUALISM,1747-7530;1479-0718,true,,
INTERNATIONAL JOURNAL OF MULTIMEDIA INFORMATION RETRIEVAL,2192-662X;2192-6611,true,,
INTERNATIONAL JOURNAL OF MULTIPHASE FLOW,1879-3533;0301-9322,true,,
INTERNATIONAL JOURNAL OF MUSIC EDUCATION,1744-795X;0255-7614,true,,
INTERNATIONAL JOURNAL OF NANOMEDICINE,1178-2013;1176-9114,true,,
INTERNATIONAL JOURNAL OF NAUTICAL ARCHAEOLOGY,1095-9270;1057-2414,true,,
INTERNATIONAL JOURNAL OF NAVAL ARCHITECTURE AND OCEAN ENGINEERING,2092-6790;2092-6782,false,2024-07-11,removed from the White List
INTERNATIONAL JOURNAL OF NEONATAL SCREENING,2409-515X,true,,
INTERNATIONAL JOURNAL OF NEURAL SYSTEMS,1793-6462;0129-0657,true,,
INTERNATIONAL JOURNAL OF NEUROPSYCHOPHARMACOLOGY,1469-5111;1461-1457,true,,
INTERNATIONAL JOURNAL OF NON-LINEAR MECHANICS,1878-5638;0020-7462,true,,
INTERNATIONAL JOURNAL OF NUMERICAL METHODS FOR HEAT AND FLUID FLOW,1758-6585;0961-5539,true,,
INTERNATIONAL JOURNAL OF NURSING PRACTICE,1440-172X;1322-7114,true,,
INTERNATIONAL JOURNAL OF NURSING SCIENCES,2352-0132,true,,
INTERNATIONAL JOURNAL OF NURSING STUDIES,1873-491X;0020-7489,true,,
INTERNATIONAL JOURNAL OF OBESITY,1476-5497;0307-0565,true,,
INTERNATIONAL JOURNAL OF OBSTETRIC ANESTHESIA,1532-3374;0959-289X,true,,
INTERNATIONAL JOURNAL OF OCCUPATIONAL SAFETY AND ERGONOMICS,2376-9130;1080-3548,true,,
INTERNATIONAL JOURNAL OF ONCOLOGY,1791-2423;1019-6439,true,,
INTERNATIONAL JOURNAL OF OPERATIONS AND PRODUCTION MANAGEMENT,1758-6593;0144-3577,true,,
INTERNATIONAL JOURNAL OF OPTOMECHATRONICS,1559-9620;1559-9612,true,,
INTERNATIONAL JOURNAL OF ORAL AND MAXILLOFACIAL IMPLANTS,1942-4434;0882-2786,true,,
INTERNATIONAL JOURNAL OF ORAL AND MAXILLOFACIAL SURGERY,1399-0020;0901-5027,true,,
"INTERNATIONAL JOURNAL OF ORAL IMPLANTOLOGY (NEW MALDEN, LONDON, ENGLAND)",2631-6439;2631-6420,true,,
INTERNATIONAL JOURNAL OF ORAL SCIENCE,2049-3169;1674-2818,true,,
INTERNATIONAL JOURNAL OF OSTEOARCHAEOLOGY,1099-1212;1047-482X,true,,
INTERNATIONAL JOURNAL OF PAEDIATRIC DENTISTRY,1365-263X;0960-7439,true,,
INTERNATIONAL JOURNAL OF PAVEMENT ENGINEERING,1477-268X;1029-8436,true,,
INTERNATIONAL JOURNAL OF PERFORMANCE ANALYSIS IN SPORT,2474-8668;1474-8185,true,,
INTERNATIONAL JOURNAL OF PERFORMANCE ARTS AND DIGITAL MEDIA,2040-0934;1479-4713,true,,
INTERNATIONAL JOURNAL OF PERVASIVE COMPUTING AND COMMUNICATIONS,1742-738X;1742-7371,true,,
INTERNATIONAL JOURNAL OF PHARMACEUTICS,1873-3476;0378-5173,true,,
INTERNATIONAL JOURNAL OF PHARMACEUTICS - X,2590-1567,false,2024-07-11,removed from the White List
INTERNATIONAL JOURNAL OF PHILOSOPHICAL STUDIES,1466-4542;0967-2559,true,,
INTERNATIONAL JOURNAL OF PHYSICAL DISTRIBUTION AND LOGISTICS MANAGEMENT,1758-664X;0960-0035,true,,
INTERNATIONAL JOURNAL OF PLANT PRODUCTION,1735-8043;1735-6814,true,,
INTERNATIONAL JOURNAL OF PLANT SCIENCES,1537-5315;1058-5893,true,,
INTERNATIONAL JOURNAL OF PLASTICITY,1879-2154;0749-6419,true,,
INTERNATIONAL JOURNAL OF POLYMERIC MATERIALS AND POLYMERIC BIOMATERIALS,1563-535X;0091-4037,true,,
INTERNATIONAL JOURNAL OF PRECISION ENGINEERING AND MANUFACTURING - GREEN TECHNOLOGY,2288-6206;2198-0810,true,,
INTERNATIONAL JOURNAL OF PRESS - POLITICS,1940-1620;1940-1612,true,,
INTERNATIONAL JOURNAL OF PREVENTIVE MEDICINE,2008-8213;2008-7802,true,,
INTERNATIONAL JOURNAL OF PRIMATOLOGY,1573-8604;0164-0291,true,,
INTERNATIONAL JOURNAL OF PRODUCTION ECONOMICS,1873-7579;0925-5273,true,,
INTERNATIONAL JOURNAL OF PRODUCTION RESEARCH,1366-588X;0020-7543,true,,
INTERNATIONAL JOURNAL OF PRODUCTIVITY AND PERFORMANCE MANAGEMENT,1758-6658;1741-0401,true,,
INTERNATIONAL JOURNAL OF PROJECT MANAGEMENT,1873-4634;0263-7863,true,,
INTERNATIONAL JOURNAL OF PSYCHOPHYSIOLOGY,1872-7697;0167-8760,true,,
INTERNATIONAL JOURNAL OF PUBLIC ADMINISTRATION,1532-4265;0190-0692,true,,
INTERNATIONAL JOURNAL OF PUBLIC HEALTH,1661-8564;1661-8556,true,,
INTERNATIONAL JOURNAL OF PUBLIC OPINION RESEARCH,1471-6909;0954-2892,true,,
INTERNATIONAL JOURNAL OF PUBLIC SECTOR MANAGEMENT,1758-6666;0951-3558,true,,
INTERNATIONAL JOURNAL OF PUBLIC THEOLOGY,1872-5171;1569-7320,true,,
THE INTERNATIONAL JOURNAL OF QUALITATIVE METHODS,1609-4069,true,,
INTERNATIONAL JOURNAL OF QUALITATIVE STUDIES ON HEALTH AND WELL-BEING,1748-2631;1748-2623,true,,
INTERNATIONAL JOURNAL OF QUALITY AND RELIABILITY MANAGEMENT,1758-6682;0265-671X,true,,
INTERNATIONAL JOURNAL OF QUALITY AND SERVICE SCIENCES,1756-6703;1756-669X,true,,
INTERNATIONAL JOURNAL OF RADIATION ONCOLOGY BIOLOGY PHYSICS,1879-355X;0360-3016,true,,
INTERNATIONAL JOURNAL OF RAIL TRANSPORTATION,2324-8386;2324-8378,true,,
INTERNATIONAL JOURNAL OF REFRACTORY METALS AND HARD MATERIALS,2213-3917;0958-0611,true,,
INTERNATIONAL JOURNAL OF REFRIGERATION,1879-2081;0140-7007,true,,
INTERNATIONAL JOURNAL OF REFUGEE LAW,1464-3715;0953-8186,true,,
INTERNATIONAL JOURNAL OF REHABILITATION RESEARCH,1473-5660;0342-5282,true,,
INTERNATIONAL JOURNAL OF REMOTE SENSING,1366-5901;0143-1161,true,,
INTERNATIONAL JOURNAL OF RESEARCH AND METHOD IN EDUCATION,1743-7288;1743-727X,true,,
INTERNATIONAL JOURNAL OF RESEARCH IN MARKETING,1873-8001;0167-8116,true,,
INTERNATIONAL JOURNAL OF RETAIL AND DISTRIBUTION MANAGEMENT,1758-6690;0959-0552,true,,
INTERNATIONAL JOURNAL OF ROBOTICS RESEARCH,1741-3176;0278-3649,true,,
INTERNATIONAL JOURNAL OF ROBUST AND NONLINEAR CONTROL,1099-1239;1049-8923,true,,
INTERNATIONAL JOURNAL OF ROCK MECHANICS AND MININGS SCIENCES,1873-4545;1365-1609,true,,
INTERNATIONAL JOURNAL OF SATELLITE COMMUNICATIONS AND NETWORKING,1542-0981;1542-0973,true,,
INTERNATIONAL JOURNAL OF SCIENCE AND MATHEMATICS EDUCATION,1573-1774;1571-0068,true,,
INTERNATIONAL JOURNAL OF SCIENCE EDUCATION,1464-5289;0950-0693,true,,
"INTERNATIONAL JOURNAL OF SCIENCE EDUCATION, PART B: COMMUNICATION AND PUBLIC ENGAGEMENT",2154-8463;2154-8455,true,,
INTERNATIONAL JOURNAL OF SEDIMENT RESEARCH,1001-6279,true,,
INTERNATIONAL JOURNAL OF SIMULATION MODELLING,1996-8566;1726-4529,true,,
INTERNATIONAL JOURNAL OF SMART AND NANO MATERIALS,1947-542X;1947-5411,true,,
INTERNATIONAL JOURNAL OF SOCIAL PSYCHIATRY,1741-2854;0020-7640,true,,
INTERNATIONAL JOURNAL OF SOCIAL RESEARCH METHODOLOGY: THEORY AND PRACTICE,1464-5300;1364-5579,true,,
INTERNATIONAL JOURNAL OF SOCIAL ROBOTICS,1875-4805;1875-4791,true,,
INTERNATIONAL JOURNAL OF SOCIAL WELFARE,1468-2397;1369-6866,true,,
INTERNATIONAL JOURNAL OF SOCIOLOGY,0020-7659;1557-9336,true,,
INTERNATIONAL JOURNAL OF SOCIOLOGY AND SOCIAL POLICY,1758-6720;0144-333X,true,,
INTERNATIONAL JOURNAL OF SOCIOLOGY OF EDUCATION,2014-3575,true,,
INTERNATIONAL JOURNAL OF SOLIDS AND STRUCTURES,1879-2146;0020-7683,true,,
INTERNATIONAL JOURNAL OF SPEECH-LANGUAGE PATHOLOGY,1754-9515;1754-9507,true,,
"INTERNATIONAL JOURNAL OF SPEECH, LANGUAGE AND THE LAW",1748-8893;1748-8885,true,,
INTERNATIONAL JOURNAL OF SPORT AND EXERCISE PSYCHOLOGY,1557-251X;1612-197X,true,,
INTERNATIONAL JOURNAL OF SPORT COMMUNICATION,1936-3915;1936-3907,true,,
INTERNATIONAL JOURNAL OF SPORT NUTRITION AND EXERCISE METABOLISM,1543-2742;1526-484X,true,,
INTERNATIONAL JOURNAL OF SPORTS MARKETING AND SPONSORSHIP,2515-7841;1464-6668,true,,
INTERNATIONAL JOURNAL OF SPORTS MEDICINE,1439-3964;0172-4622,true,,
INTERNATIONAL JOURNAL OF SPORTS PHYSIOLOGY AND PERFORMANCE,1555-0273;1555-0265,true,,
INTERNATIONAL JOURNAL OF SPORTS SCIENCE AND COACHING,2048-397X;1747-9541,true,,
INTERNATIONAL JOURNAL OF SPRAY AND COMBUSTION DYNAMICS,1756-8285;1756-8277,true,,
INTERNATIONAL JOURNAL OF STEM EDUCATION,2196-7822,true,,
INTERNATIONAL JOURNAL OF STRESS MANAGEMENT,1573-3424;1072-5245,true,,
INTERNATIONAL JOURNAL OF STROKE,1747-4949;1747-4930,true,,
INTERNATIONAL JOURNAL OF STRUCTURAL STABILITY AND DYNAMICS,1793-6764;0219-4554,true,,
INTERNATIONAL JOURNAL OF SURGERY,1743-9191;1743-9159,true,,
INTERNATIONAL JOURNAL OF SUSTAINABILITY IN HIGHER EDUCATION,1758-6739;1467-6370,true,,
INTERNATIONAL JOURNAL OF SUSTAINABLE DEVELOPMENT AND WORLD ECOLOGY,1745-2627;1350-4509,true,,
INTERNATIONAL JOURNAL OF SUSTAINABLE ENGINEERING,1939-7046;1939-7038,true,,
INTERNATIONAL JOURNAL OF SUSTAINABLE TRANSPORTATION,1556-8334;1556-8318,true,,
INTERNATIONAL JOURNAL OF SYSTEMATIC THEOLOGY,1468-2400;1463-1652,true,,
INTERNATIONAL JOURNAL OF SYSTEMS SCIENCE,1464-5319;0020-7721,true,,
INTERNATIONAL JOURNAL OF SYSTEMS SCIENCE: OPERATIONS AND LOGISTICS,2330-2682;2330-2674,true,,
INTERNATIONAL JOURNAL OF TAIWAN STUDIES,2468-8800;2468-8797,true,,
INTERNATIONAL JOURNAL OF TECHNOLOGY AND DESIGN EDUCATION,1573-1804;0957-7572,true,,
INTERNATIONAL JOURNAL OF TELEMEDICINE AND APPLICATIONS,1687-6423;1687-6415,true,,
INTERNATIONAL JOURNAL OF TELEREHABILITATION,1945-2020,true,,
INTERNATIONAL JOURNAL OF TESTING,1532-7574;1530-5058,true,,
INTERNATIONAL JOURNAL OF THE CLASSICAL TRADITION,1874-6292;1073-0508,true,,
INTERNATIONAL JOURNAL OF THE COMMONS,1875-0281,true,,
THE INTERNATIONAL JOURNAL OF THE HISTORY OF SPORT,1743-9035;0952-3367,true,,
INTERNATIONAL JOURNAL OF THERMAL SCIENCES,1778-4166;1290-0729,true,,
INTERNATIONAL JOURNAL OF TOURISM CITIES,2056-5615;2056-5607,true,,
INTERNATIONAL JOURNAL OF TOURISM RESEARCH,1522-1970;1099-2340,true,,
INTERNATIONAL JOURNAL OF TRAINING AND DEVELOPMENT,1468-2419;1360-3736,true,,
THE INTERNATIONAL JOURNAL OF TRANSITIONAL JUSTICE,1752-7724;1752-7716,true,,
INTERNATIONAL JOURNAL OF TRYPTOPHAN RESEARCH,1178-6469,true,,
INTERNATIONAL JOURNAL OF URBAN AND REGIONAL RESEARCH,1468-2427;0309-1317,true,,
INTERNATIONAL JOURNAL OF URBAN SCIENCES,2161-6779;1226-5934,true,,
INTERNATIONAL JOURNAL OF URBAN SUSTAINABLE DEVELOPMENT,1946-3146;1946-3138,true,,
INTERNATIONAL JOURNAL OF UROLOGY,1442-2042;0919-8172,true,,
INTERNATIONAL JOURNAL OF VETERINARY SCIENCE AND MEDICINE,2314-4580;2314-4599,true,,
INTERNATIONAL JOURNAL OF WATER RESOURCES DEVELOPMENT,1360-0648;0790-0627,true,,
INTERNATIONAL JOURNAL OF WEB AND GRID SERVICES,1741-1114;1741-1106,true,,
INTERNATIONAL JOURNAL OF WILDLAND FIRE,1448-5516;1049-8001,true,,
INTERNATIONAL JOURNAL OF WINE BUSINESS RESEARCH,1751-1062;1751-1070,true,,
INTERNATIONAL JOURNAL OF WIRELESS INFORMATION NETWORKS,1572-8129;1068-9605,true,,
INTERNATIONAL JOURNAL ON DIGITAL LIBRARIES,1432-1300;1432-5012,true,,
INTERNATIONAL JOURNAL ON DOCUMENT ANALYSIS AND RECOGNITION,1433-2825;1433-2833,true,,
INTERNATIONAL LABOR AND WORKING-CLASS HISTORY,1471-6445;0147-5479,true,,
INTERNATIONAL MARKETING REVIEW,1758-6763;0265-1335,true,,
INTERNATIONAL MATERIALS REVIEWS,1743-2804;0950-6608,true,,
INTERNATIONAL MATHEMATICS RESEARCH NOTICES,1687-0247;1073-7928,true,,
INTERNATIONAL MIGRATION,1468-2435;0020-7985,true,,
INTERNATIONAL MIGRATION REVIEW,1747-7379;0197-9183,true,,
INTERNATIONAL MULTILINGUAL RESEARCH JOURNAL,1931-3160;1931-3152,true,,
INTERNATIONAL NANO LETTERS,2228-5326;2008-9295,true,,
INTERNATIONAL NURSING REVIEW,0020-8132,true,,
INTERNATIONAL ORGANIZATION,1531-5088;0020-8183,true,,
INTERNATIONAL ORTHOPAEDICS,1432-5195;0341-2695,true,,
INTERNATIONAL PEACEKEEPING,1743-906X;1353-3312,true,,
INTERNATIONAL PERSPECTIVES ON SEXUAL AND REPRODUCTIVE HEALTH,1944-0405;1944-0391,true,,
INTERNATIONAL PLANNING STUDIES,1469-9265;1356-3475,true,,
INTERNATIONAL POLITICAL SCIENCE REVIEW,1460-373X;0192-5121,true,,
INTERNATIONAL POLITICAL SOCIOLOGY,1749-5687;1749-5679,true,,
INTERNATIONAL PSYCHOGERIATRICS,1741-203X;1041-6102,true,,
INTERNATIONAL PUBLIC MANAGEMENT JOURNAL,1559-3169;1096-7494,true,,
INTERNATIONAL REGIONAL SCIENCE REVIEW,1552-6925;0160-0176,true,,
INTERNATIONAL RELATIONS,1741-2862;0047-1178,true,,
INTERNATIONAL RELATIONS OF THE ASIA-PACIFIC,1470-4838;1470-482X,true,,
INTERNATIONAL RESEARCH IN GEOGRAPHICAL AND ENVIRONMENTAL EDUCATION,1747-7611;1038-2046,true,,
INTERNATIONAL REVIEW FOR THE SOCIOLOGY OF SPORT,1461-7218;1012-6902,true,,
INTERNATIONAL REVIEW OF ADMINISTRATIVE SCIENCES,1461-7226;0020-8523,true,,
INTERNATIONAL REVIEW OF ECONOMICS AND FINANCE,1873-8036;1059-0560,true,,
INTERNATIONAL REVIEW OF EDUCATION,1573-0638;0020-8566,true,,
INTERNATIONAL REVIEW OF ENVIRONMENTAL AND RESOURCE ECONOMICS,1932-1473;1932-1465,true,,
INTERNATIONAL REVIEW OF FINANCIAL ANALYSIS,1873-8079;1057-5219,true,,
INTERNATIONAL REVIEW OF PRAGMATICS,1877-3109;1877-3095,true,,
INTERNATIONAL REVIEW OF PSYCHIATRY,1369-1627;0954-0261,true,,
INTERNATIONAL REVIEW OF RESEARCH IN OPEN AND DISTRIBUTED LEARNING,1492-3831,true,,
"INTERNATIONAL REVIEW OF RETAIL, DISTRIBUTION AND CONSUMER RESEARCH",1466-4402;0959-3969,true,,
INTERNATIONAL REVIEW OF SOCIAL HISTORY,1469-512X;0020-8590,true,,
INTERNATIONAL REVIEW OF SOCIAL PSYCHOLOGY,2397-8570,true,,
INTERNATIONAL REVIEW OF SPORT AND EXERCISE PSYCHOLOGY,1750-9858;1750-984X,true,,
INTERNATIONAL REVIEW OF VICTIMOLOGY,2047-9433;0269-7580,true,,
INTERNATIONAL REVIEWS IN PHYSICAL CHEMISTRY,1366-591X;0144-235X,true,,
INTERNATIONAL REVIEWS OF IMMUNOLOGY,1563-5244;0883-0185,true,,
INTERNATIONAL SECURITY,1531-4804;0162-2889,true,,
INTERNATIONAL SMALL BUSINESS JOURNAL - RESEARCHING ENTREPRENEURSHIP,1741-2870;0266-2426,true,,
INTERNATIONAL SOCIAL WORK,1461-7234;0020-8728,true,,
INTERNATIONAL SOCIOLOGY,1461-7242;0268-5809,true,,
INTERNATIONAL SOIL AND WATER CONSERVATION RESEARCH,2589-059X;2095-6339,true,,
INTERNATIONAL SPORT COACHING JOURNAL,2328-9198;2328-918X,true,,
INTERNATIONAL STATISTICAL REVIEW,1751-5823;0306-7734,true,,
INTERNATIONAL STUDIES IN CATHOLIC EDUCATION,1942-2547;1942-2539,true,,
INTERNATIONAL STUDIES IN THE PHILOSOPHY OF SCIENCE,1469-9281;0269-8595,true,,
INTERNATIONAL STUDIES PERSPECTIVES,1528-3585;1528-3577,true,,
INTERNATIONAL STUDIES QUARTERLY,1468-2478;0020-8833,true,,
INTERNATIONAL STUDIES REVIEW,1521-9488;1468-2486,true,,
"INTERNATIONAL THEORY: A JOURNAL OF INTERNATIONAL POLITICS, LAW AND PHILOSOPHY",1752-9727;1752-9719,true,,
INTERNATIONAL TRANSACTIONS IN OPERATIONAL RESEARCH,1475-3995;0969-6016,true,,
INTERNATIONAL WOUND JOURNAL,1742-481X;1742-4801,true,,
INTERNET AND HIGHER EDUCATION,1873-5525;1096-7516,true,,
INTERNET HISTORIES,2470-1483;2470-1475,true,,
INTERNET INTERVENTIONS - THE APPLICATION OF INFORMATION TECHNOLOGY IN MENTAL AND BEHAVIOURAL HEALTH,2214-7829,false,2024-07-11,removed from the White List
INTERNET OF THINGS (NETHERLANDS),2543-1536;2542-6605,true,,
INTERNET POLICY REVIEW,2197-6775,true,,
INTERNET PRAGMATICS,2542-386X;2542-3851,true,,
INTERNET RESEARCH,1066-2243,true,,
THE INTERPRETER AND TRANSLATOR TRAINER,1757-0417;1750-399X,true,,
INTERPRETING,1569-982X;1384-6647,true,,
INTERVENTIONS - INTERNATIONAL JOURNAL OF POSTCOLONIAL STUDIES,1469-929X;1369-801X,true,,
INVENTIONES MATHEMATICAE,1432-1297;0020-9910,true,,
INVENTIONS,2411-5134,true,,
INVERSE PROBLEMS,1361-6420;0266-5611,true,,
INVERTEBRATE SYSTEMATICS,1447-2600;1445-5226,true,,
INVESTIGACIONES DE HISTORIA ECONOMICA,2340-3373;1698-6989,true,,
INVESTIGACIONES SOBRE LECTURA,2340-8685,true,,
INVESTIGATIONAL NEW DRUGS,1573-0646;0167-6997,true,,
INVESTIGATIVE OPHTHALMOLOGY AND VISUAL SCIENCE,1552-5783;0146-0404,true,,
INVESTIGATIVE RADIOLOGY,1536-0210;0020-9996,true,,
INZINERINE EKONOMIKA - ENGINEERING ECONOMICS,2029-5839;1392-2785,true,,
IONICS,1862-0760;0947-7047,true,,
IOWA LAW REVIEW,0021-0552,true,,
IRAL - INTERNATIONAL REVIEW OF APPLIED LINGUISTICS IN LANGUAGE TEACHING,1613-4141;0019-042X,true,,
IRAN - JOURNAL OF THE BRITISH INSTITUTE OF PERSIAN STUDIES,2396-9202;0578-6967,true,,
IRANIAN JOURNAL OF FUZZY SYSTEMS,1735-0654,true,,
IRANIAN JOURNAL OF MEDICAL SCIENCES,1735-3688;0253-0716,true,,
IRANIAN JOURNAL OF SCIENCE,2731-8109;2731-8095,true,,
IRANIAN STUDIES,1475-4819;0021-0862,true,,
IRBM,1876-0988;1959-0318,true,,
IRISH ECONOMIC AND SOCIAL HISTORY,2050-4918;0332-4893,true,,
IRISH HISTORICAL STUDIES,2056-4139;0021-1214,true,,
IRISH JOURNAL OF PSYCHOLOGICAL MEDICINE,2051-6967;0790-9667,true,,
IRISH UNIVERSITY REVIEW,2047-2153;0021-1427,true,,
IRISH VETERINARY JOURNAL,2046-0481;0368-0762,true,,
IRRIGATION SCIENCE,1432-1319;0342-7188,true,,
ISA TRANSACTIONS,1879-2022;0019-0578,true,,
ISCIENCE,2589-0042,false,2024-07-11,removed from the White List
ISLAM AND CHRISTIAN - MUSLIM RELATIONS,1469-9311;0959-6410,true,,
ISLAMIC LAW AND SOCIETY,1568-5195;0928-9380,true,,
ISLAND ARC,1440-1738;1038-4871,true,,
ISLAND STUDIES JOURNAL,1715-2593,true,,
ISLE - INTERDISCIPLINARY STUDIES IN LITERATURE AND ENVIRONMENT,1759-1090;1076-0962,true,,
ISME JOURNAL,1751-7370;1751-7362,true,,
ISPRS INTERNATIONAL JOURNAL OF GEO-INFORMATION,2220-9964,true,,
ISPRS JOURNAL OF PHOTOGRAMMETRY AND REMOTE SENSING,1872-8235;0924-2716,true,,
ISRAEL AFFAIRS,1743-9086;1353-7121,true,,
ISRAEL JOURNAL OF CHEMISTRY,1869-5868;0021-2148,true,,
ISSUES IN SCIENCE AND TECHNOLOGY,1938-1557;0748-5492,true,,
"ISTORIYA - ELEKTRONNYI NAUCHNO-OBRAZOVATELNYI ZHURNAL|ЭЛЕКТРОННЫЙ НАУЧНО-ОБРАЗОВАТЕЛЬНЫЙ ЖУРНАЛ """"""""ИСТОРИЯ""""""""",2079-8784,true,,
ITALIAN JOURNAL OF AGRONOMY,2039-6805;1125-4718,true,,
ITALIAN JOURNAL OF ANIMAL SCIENCE,1828-051X;1594-4077,true,,
ITALIAN JOURNAL OF PEDIATRICS,1824-7288;1720-8424,true,,
ITINERARIO - INTERNATIONAL JOURNAL ON THE HISTORY OF EUROPEAN EXPANSION AND GLOBAL INTERACTION,2041-2827;0165-1153,true,,
IUCRJ,2052-2525,true,,
IZVESTIYA MATHEMATICS,1468-4810;1064-5632,true,,
IZVESTIYA OF SARATOV UNIVERSITY. NEW SERIES. SERIES: MATHEMATICS. MECHANICS. INFORMATICS|ИЗВЕСТИЯ САРАТОВСКОГО УНИВЕРСИТЕТА. НОВАЯ СЕРИЯ. СЕРИЯ: МАТЕМАТИКА. МЕХАНИКА. ИНФОРМАТИКА,2541-9005;1816-9791,true,,
IZVESTIYA URALSKOGO FEDERALNOGO UNIVERSITETA - SERIYA 2 - GUMANITARNYE NAUKI|ИЗВЕСТИЯ УРАЛЬСКОГО ФЕДЕРАЛЬНОГО УНИВЕРСИТЕТА. СЕРИЯ 2: ГУМАНИТАРНЫЕ НАУКИ,2587-6929;2227-2283,true,,
IZVESTIYA VUZOV - PRIKLADNAYA KHIMIYA I BIOTEKHNOLOGIYA|ИЗВЕСТИЯ ВУЗОВ. ПРИКЛАДНАЯ ХИМИЯ И БИОТЕХНОЛОГИЯ,2500-1558;2227-2925,true,,
IZVESTIYA VYSSHIKH UCHEBNYKH ZAVEDENII KHIMIYA I KHIMICHESKAYA TEKHNOLOGIYA|ИЗВЕСТИЯ ВЫСШИХ УЧЕБНЫХ ЗАВЕДЕНИЙ. СЕРИЯ: ХИМИЯ И ХИМИЧЕСКАЯ ТЕХНОЛОГИЯ,2500-3070;0579-2991,true,,
J19 - THE JOURNAL OF NINETEENTH-CENTURY AMERICANISTS,2166-7438;2166-742X,true,,
JACC - BASIC TO TRANSLATIONAL SCIENCE,2452-302X,false,2024-07-11,removed from the White List
JACC - CARDIOVASCULAR IMAGING,1876-7591;1936-878X,true,,
JACC - CARDIOVASCULAR INTERVENTIONS,1876-7605;1936-8798,true,,
JACC - CLINICAL ELECTROPHYSIOLOGY,2405-5018;2405-500X,true,,
JACC - HEART FAILURE,2213-1787;2213-1779,true,,
JACC: CARDIOONCOLOGY,2666-0873,false,2024-07-11,removed from the White List
JAHRBUCHER FÜR NATIONALOKONOMIE UND STATISTIK,2366-049X;0021-4027,true,,
JAMA - JOURNAL OF THE AMERICAN MEDICAL ASSOCIATION,1538-3598;0098-7484,true,,
JAMA CARDIOLOGY,2380-6591;2380-6583,true,,
JAMA DERMATOLOGY,2168-6084;2168-6068,true,,
JAMA INTERNAL MEDICINE,2168-6114;2168-6106,true,,
JAMA NETWORK OPEN,2574-3805,true,,
JAMA NEUROLOGY,2168-6157;2168-6149,true,,
JAMA ONCOLOGY,2374-2445;2374-2437,true,,
JAMA OPHTHALMOLOGY,2168-6173;2168-6165,true,,
JAMA OTOLARYNGOLOGY - HEAD AND NECK SURGERY,2168-619X;2168-6181,true,,
JAMA PEDIATRICS,2168-6211;2168-6203,true,,
JAMA PSYCHIATRY,2168-6238;2168-622X,true,,
JAMA SURGERY,2168-6262;2168-6254,true,,
JANUS - ESTUDIOS SOBRE EL SIGLO DE ORO,2254-7290,true,,
JAPAN FORUM,1469-932X;0955-5803,true,,
JAPANESE DENTAL SCIENCE REVIEW,2213-6851;1882-7616,false,2024-07-11,removed from the White List
JAPANESE JOURNAL OF MATHEMATICS,1861-3624;0289-2316,true,,
JAPANESE JOURNAL OF RELIGIOUS STUDIES,0304-1042,true,,
JAPANESE STUDIES IN RUSSIA|ЯПОНСКИЕ ИССЛЕДОВАНИЯ,2500-2872,true,,
JARO - JOURNAL OF THE ASSOCIATION FOR RESEARCH IN OTOLARYNGOLOGY,1525-3961;1438-7573,true,,
JASSS - THE JOURNAL OF ARTIFICIAL SOCIETIES AND SOCIAL SIMULATION,1460-7425,true,,
JAVNOST - THE PUBLIC,1854-8377;1318-3222,true,,
JBI EVIDENCE IMPLEMENTATION,2691-3321,true,,
JBJS ESSENTIAL SURGICAL TECHNIQUES,2160-2204,true,,
JCI INSIGHT,2379-3708,true,,
JOURNAL OF CINEMA AND MEDIA STUDIES,2578-4919;2578-4900,true,,
JCMS - JOURNAL OF COMMON MARKET STUDIES,1468-5965;0021-9886,true,,
JCO CLINICAL CANCER INFORMATICS,2473-4276,true,,
JCOM - JOURNAL OF SCIENCE COMMUNICATION,1824-2049,true,,
JDR CLINICAL AND TRANSLATIONAL RESEARCH,2380-0852;2380-0844,true,,
JETP LETTERS,1090-6487;0021-3640,true,,
JHEP REPORTS,2589-5559,false,2024-07-11,removed from the White List
JMIR MEDICAL EDUCATION,2369-3762,true,,
JMIR MENTAL HEALTH,2368-7959,true,,
JMIR MHEALTH AND UHEALTH,2291-5222,true,,
JMIR PUBLIC HEALTH AND SURVEILLANCE,2369-2960,true,,
JMIR SERIOUS GAMES,2291-9279,true,,
JMM - INTERNATIONAL JOURNAL ON MEDIA MANAGEMENT,1424-1250;1424-1277,true,,
JNCI - JOURNAL OF THE NATIONAL CANCER INSTITUTE,1460-2105;0027-8874,true,,
JOURNAL OF OBSTETRIC GYNECOLOGIC AND NEONATAL NURSING,1552-6909;0884-2175,true,,
JOHNSON MATTHEY TECHNOLOGY REVIEW,2056-5135,true,,
JOINT BONE SPINE,1778-7254;1297-319X,true,,
JOR SPINE,2572-1143,true,,
JORNAL DE PEDIATRIA,1678-4782;0021-7557,true,,
JOULE,2542-4351,true,,
JOURNAL ASIATIQUE,1783-1504;0021-762X,true,,
JOURNAL DE L'ECOLE POLYTECHNIQUE - MATHEMATIQUES,2429-7100;2270-518X,true,,
JOURNAL DES MATHEMATIQUES PURES ET APPLIQUEES,1776-3371;0021-7824,true,,
JDDG - JOURNAL OF THE GERMAN SOCIETY OF DERMATOLOGY,1610-0387;1610-0379,true,,
JOURNAL FOR CULTURAL RESEARCH,1740-1666;1479-7585,true,,
JOURNAL FOR IMMUNOTHERAPY OF CANCER,2051-1426,true,,
JOURNAL FOR NATURE CONSERVATION,1618-1093;1617-1381,true,,
JOURNAL FOR RESEARCH IN MATHEMATICS EDUCATION,1945-2306;0021-8251,true,,
JOURNAL FOR THE SCIENTIFIC STUDY OF RELIGION,1468-5906;0021-8294,true,,
JOURNAL FOR THE STUDY OF RELIGIONS AND IDEOLOGIES,1583-0039,true,,
JOURNAL FOR THE STUDY OF SPIRITUALITY,2044-0251;2044-0243,true,,
JOURNAL FÜR DIE REINE UND ANGEWANDTE MATHEMATIK,1435-5345;0075-4102,true,,
JOURNAL OF PSYCHOPATHOLOGY AND CLINICAL SCIENCE,2769-755X;2769-7541,true,,
JOURNAL OF ACADEMIC ETHICS,1572-8544;1570-1727,true,,
JOURNAL OF ACADEMIC LIBRARIANSHIP,1879-1999;0099-1333,true,,
JOURNAL OF ACCOUNTING AND ECONOMICS,1879-1980;0165-4101,true,,
JOURNAL OF ACCOUNTING AND PUBLIC POLICY,1873-2070;0278-4254,true,,
JOURNAL OF ACCOUNTING IN EMERGING ECONOMIES,2042-1176;2042-1168,true,,
JOURNAL OF ACCOUNTING RESEARCH,1475-679X;0021-8456,true,,
JOURNAL OF ADDICTION MEDICINE,1935-3227;1932-0620,true,,
JOURNAL OF ADHESIVE DENTISTRY,1757-9988;1461-5185,true,,
JOURNAL OF ADOLESCENCE,1095-9254;0140-1971,true,,
JOURNAL OF ADOLESCENT HEALTH,1879-1972;1054-139X,true,,
JOURNAL OF ADVANCED ACADEMICS,2162-9536;1932-202X,true,,
JOURNAL OF ADVANCED CERAMICS,2227-8508;2226-4108,true,,
JOURNAL OF ADVANCED NURSING,1365-2648;0309-2402,true,,
JOURNAL OF ADVANCED RESEARCH,2090-1224;2090-1232,false,2024-07-11,removed from the White List
JOURNAL OF ADVANCED TRANSPORTATION,2042-3195;0197-6729,true,,
JOURNAL OF ADVANCES IN MANAGEMENT RESEARCH,2049-3207;0972-7981,true,,
JOURNAL OF ADVANCES IN MODELING EARTH SYSTEMS,1942-2466,true,,
JOURNAL OF ADVERTISING,1557-7805;0091-3367,true,,
JOURNAL OF ADVERTISING RESEARCH,1740-1909;0021-8499,true,,
JOURNAL OF AEROSOL SCIENCE,1879-1964;0021-8502,true,,
JOURNAL OF AESTHETICS AND CULTURE,2000-4214,true,,
JOURNAL OF AESTHETICS AND ART CRITICISM,1540-6245;0021-8529,true,,
JOURNAL OF AFFECTIVE DISORDERS,1573-2517;0165-0327,true,,
JOURNAL OF AFRICAN ARCHAEOLOGY,2191-5784;1612-1651,true,,
JOURNAL OF AFRICAN BUSINESS,1522-9076;1522-8916,true,,
JOURNAL OF AFRICAN CINEMAS,1754-923X;1754-9221,true,,
JOURNAL OF AFRICAN CULTURAL STUDIES,1469-9346;1369-6815,true,,
JOURNAL OF AFRICAN ECONOMIES,1464-3723;0963-8024,true,,
JOURNAL OF AFRICAN HISTORY,1469-5138;0021-8537,true,,
"JOURNAL OF AGGRESSION, CONFLICT AND PEACE RESEARCH",2042-8715;1759-6599,true,,
JOURNAL OF AGING AND SOCIAL POLICY,1545-0821;0895-9420,true,,
JOURNAL OF AGING STUDIES,1879-193X;0890-4065,true,,
JOURNAL OF AGRARIAN CHANGE,1471-0366;1471-0358,true,,
JOURNAL OF AGRIBUSINESS IN DEVELOPING AND EMERGING ECONOMIES,2044-0847;2044-0839,true,,
JOURNAL OF AGRICULTURAL AND APPLIED ECONOMICS,2056-7405;1074-0708,true,,
JOURNAL OF AGRICULTURAL AND FOOD CHEMISTRY,1520-5118;0021-8561,true,,
"JOURNAL OF AGRICULTURAL, BIOLOGICAL, AND ENVIRONMENTAL STATISTICS",1537-2693;1085-7117,true,,
JOURNAL OF AGRICULTURAL ECONOMICS,1477-9552;0021-857X,true,,
JOURNAL OF AGRICULTURAL EDUCATION AND EXTENSION,1750-8622;1389-224X,true,,
JOURNAL OF AGRICULTURAL SCIENCE,1469-5146;0021-8596,true,,
JOURNAL OF AGRICULTURAL SCIENCE AND TECHNOLOGY,2345-3737;1680-7073,true,,
"JOURNAL OF AGRICULTURE, FOOD SYSTEMS, AND COMMUNITY DEVELOPMENT",2152-0801;2152-0798,true,,
JOURNAL OF AGRONOMY AND CROP SCIENCE,1439-037X;0931-2250,true,,
JOURNAL OF AIR TRANSPORT MANAGEMENT,1873-2089;0969-6997,true,,
JOURNAL OF AIRCRAFT,1533-3868;0021-8669,true,,
JOURNAL OF ALGEBRAIC GEOMETRY,1534-7486;1056-3911,true,,
JOURNAL OF ALLERGY AND CLINICAL IMMUNOLOGY,1097-6825;0091-6749,true,,
JOURNAL OF ALLERGY AND CLINICAL IMMUNOLOGY - IN PRACTICE,2213-2201;2213-2198,true,,
JOURNAL OF ALLOYS AND COMPOUNDS,1873-4669;0925-8388,true,,
JOURNAL OF ALZHEIMER'S DISEASE,1875-8908;1387-2877,true,,
JOURNAL OF AMERICAN ETHNIC HISTORY,1936-4695;0278-5927,true,,
JOURNAL OF AMERICAN FOLKLORE,1535-1882;0021-8715,true,,
JOURNAL OF AMERICAN HISTORY,1945-2314;0021-8723,true,,
JOURNAL OF ANALYTICAL AND APPLIED PYROLYSIS,1873-250X;0165-2370,true,,
JOURNAL OF ANALYTICAL ATOMIC SPECTROMETRY,1364-5544;0267-9477,true,,
JOURNAL OF ANALYTICAL SCIENCE AND TECHNOLOGY,2093-3371;2093-3134,true,,
JOURNAL OF ANATOMY,1469-7580;0021-8782,true,,
JOURNAL OF ANGLICAN STUDIES,1745-5278;1740-3553,true,,
JOURNAL OF ANIMAL AND FEED SCIENCES,1230-1388;2719-8448,true,,
JOURNAL OF ANIMAL BREEDING AND GENETICS,1439-0388;0931-2668,true,,
JOURNAL OF ANIMAL ECOLOGY,1365-2656;0021-8790,true,,
JOURNAL OF ANIMAL PHYSIOLOGY AND ANIMAL NUTRITION,1439-0396;0931-2439,true,,
JOURNAL OF ANIMAL SCIENCE,1525-3163;0021-8812,true,,
JOURNAL OF ANIMAL SCIENCE AND BIOTECHNOLOGY,2049-1891;1674-9782,true,,
JOURNAL OF ANTHROPOLOGICAL ARCHAEOLOGY,1090-2686;0278-4165,true,,
JOURNAL OF ANTHROPOLOGICAL RESEARCH,2153-3806;0091-7710,true,,
JOURNAL OF ANTHROPOLOGICAL SCIENCES,2037-0644;1827-4765,true,,
JOURNAL OF ANTIMICROBIAL CHEMOTHERAPY,1460-2091;0305-7453,true,,
JOURNAL OF ANXIETY DISORDERS,1873-7897;0887-6185,true,,
JOURNAL OF APICULTURAL RESEARCH,2078-6913;0021-8839,true,,
JOURNAL OF APPLIED ANALYSIS AND COMPUTATION,2158-5644;2156-907X,true,,
JOURNAL OF APPLIED AND COMPUTATIONAL MECHANICS,2383-4536,true,,
JOURNAL OF APPLIED ANIMAL RESEARCH,0974-1844;0971-2119,true,,
JOURNAL OF APPLIED BEHAVIOR ANALYSIS,1938-3703;0021-8855,true,,
JOURNAL OF APPLIED COMMUNICATION RESEARCH,1479-5752;0090-9882,true,,
JOURNAL OF APPLIED CRYSTALLOGRAPHY,1600-5767;0021-8898,true,,
JOURNAL OF APPLIED ECOLOGY,1365-2664;0021-8901,true,,
JOURNAL OF APPLIED ECONOMETRICS,1099-1255;0883-7252,true,,
JOURNAL OF APPLIED ENTOMOLOGY,1439-0418;0931-2048,true,,
JOURNAL OF APPLIED GEOPHYSICS,1879-1859;0926-9851,true,,
JOURNAL OF APPLIED HERMENEUTICS,1927-4416,true,,
"JOURNAL OF APPLIED MECHANICS, TRANSACTIONS ASME",0021-8936,true,,
JOURNAL OF APPLIED MICROBIOLOGY,1365-2672;1364-5072,true,,
JOURNAL OF APPLIED ORAL SCIENCE,1678-7765;1678-7757,true,,
JOURNAL OF APPLIED PHILOSOPHY,1468-5930;0264-3758,true,,
JOURNAL OF APPLIED PHYCOLOGY,1573-5176;0921-8971,true,,
JOURNAL OF APPLIED PHYSICS,1089-7550;0021-8979,true,,
JOURNAL OF APPLIED PHYSIOLOGY,8750-7587;1522-1601,true,,
JOURNAL OF APPLIED POLYMER SCIENCE,1097-4628;0021-8995,true,,
JOURNAL OF APPLIED POULTRY RESEARCH,1537-0437;1056-6171,false,2024-07-11,removed from the White List
JOURNAL OF APPLIED PSYCHOLOGY,1939-1854;0021-9010,true,,
JOURNAL OF APPLIED RESEARCH IN INTELLECTUAL DISABILITIES,1468-3148;1360-2322,true,,
JOURNAL OF APPLIED RESEARCH IN MEMORY AND COGNITION,2211-369X;2211-3681,true,,
JOURNAL OF APPLIED RESEARCH ON MEDICINAL AND AROMATIC PLANTS,2214-7861,true,,
JOURNAL OF APPLIED SPORT PSYCHOLOGY,1533-1571;1041-3200,true,,
JOURNAL OF APPLIED TOXICOLOGY,1099-1263;0260-437X,true,,
JOURNAL OF AQUATIC ANIMAL HEALTH,1548-8667;0899-7659,true,,
JOURNAL OF ARABIC LITERATURE,1570-064X;0085-2376,true,,
JOURNAL OF ARCHAEOLOGICAL METHOD AND THEORY,1573-7764;1072-5369,true,,
JOURNAL OF ARCHAEOLOGICAL RESEARCH,1573-7756;1059-0161,true,,
JOURNAL OF ARCHAEOLOGICAL SCIENCE,1095-9238;0305-4403,true,,
JOURNAL OF ARCHAEOLOGICAL SCIENCE - REPORTS,2352-409X,true,,
JOURNAL OF ARCHITECTURAL CONSERVATION,2326-6384;1355-6207,true,,
JOURNAL OF ARTHROPLASTY,1532-8406;0883-5403,true,,
JOURNAL OF ARTIFICIAL INTELLIGENCE AND SOFT COMPUTING RESEARCH,2449-6499;2083-2567,true,,
JOURNAL OF ARTIFICIAL INTELLIGENCE RESEARCH,1943-5037;1076-9757,true,,
"JOURNAL OF ARTS MANAGEMENT, LAW AND SOCIETY",1930-7799;1063-2921,true,,
JOURNAL OF ASIA BUSINESS STUDIES,1559-2243;1558-7894,true,,
JOURNAL OF ASIAN ARCHITECTURE AND BUILDING ENGINEERING,1347-2852;1346-7581,true,,
JOURNAL OF ASIAN BUSINESS AND ECONOMIC STUDIES,2515-964X,true,,
JOURNAL OF ASIAN EARTH SCIENCES,1878-5786;1367-9120,true,,
JOURNAL OF ASIAN ECONOMICS,1873-7927;1049-0078,true,,
JOURNAL OF ASIAN HISTORY,0021-910X,true,,
JOURNAL OF ASIAN PUBLIC POLICY,1751-6242;1751-6234,true,,
JOURNAL OF ASIAN STUDIES,1752-0401;0021-9118,true,,
JOURNAL OF ASSISTED REPRODUCTION AND GENETICS,1573-7330;1058-0468,true,,
JOURNAL OF ATHEROSCLEROSIS AND THROMBOSIS,1880-3873,true,,
JOURNAL OF ATHLETIC TRAINING,1938-162X;1062-6050,true,,
JOURNAL OF ATMOSPHERIC AND OCEANIC TECHNOLOGY,1520-0426;0739-0572,true,,
JOURNAL OF ATTENTION DISORDERS,1557-1246;1087-0547,true,,
JOURNAL OF AUSTRALIAN POLITICAL ECONOMY,1839-3675;0156-5826,true,,
JOURNAL OF AUSTRALIAN STUDIES,1835-6419;1444-3058;0314-769X,true,,
JOURNAL OF AUTISM AND DEVELOPMENTAL DISORDERS,1573-3432;0162-3257,true,,
JOURNAL OF AUTOIMMUNITY,1095-9157;0896-8411,true,,
JOURNAL OF AVIAN BIOLOGY,1600-048X;0908-8857,true,,
JOURNAL OF AYURVEDA AND INTEGRATIVE MEDICINE,0976-2809;0975-9476,false,2024-07-11,removed from the White List
JOURNAL OF BALKAN AND NEAR EASTERN STUDIES,1944-8961;1944-8953,true,,
JOURNAL OF BALTIC STUDIES,1751-7877;0162-9778,true,,
JOURNAL OF BANKING AND FINANCE,1872-6372;0378-4266,true,,
JOURNAL OF BASIC MICROBIOLOGY,1521-4028;0233-111X,true,,
JOURNAL OF BEHAVIORAL ADDICTIONS,2063-5303;2062-5871,true,,
JOURNAL OF BEHAVIORAL AND EXPERIMENTAL FINANCE,2214-6369;2214-6350,true,,
JOURNAL OF BEHAVIORAL EDUCATION,1573-3513;1053-0819,true,,
JOURNAL OF BEHAVIORAL MEDICINE,1573-3521;0160-7715,true,,
JOURNAL OF BELIEFS & VALUES - STUDIES IN RELIGION & EDUCATION,1469-9362;1361-7672,true,,
JOURNAL OF BENEFIT - COST ANALYSIS,2194-5888;2152-2812,true,,
JOURNAL OF BIBLICAL LITERATURE,1934-3876;0021-9231,true,,
JOURNAL OF BIG DATA,2196-1115,true,,
JOURNAL OF BIOETHICAL INQUIRY.,1872-4353;1176-7529,true,,
JOURNAL OF BIOGEOGRAPHY,1365-2699;0305-0270,true,,
JOURNAL OF BIOLOGICAL CHEMISTRY,1083-351X;0021-9258,false,2024-07-11,removed from the White List
JOURNAL OF BIOLOGICAL DYNAMICS,1751-3766;1751-3758,true,,
JOURNAL OF BIOLOGICAL ENGINEERING,1754-1611,true,,
JOURNAL OF BIOLOGICAL INORGANIC CHEMISTRY,1432-1327;0949-8257,true,,
JOURNAL OF BIOLOGICAL RESEARCH - THESSALONIKI,2241-5793;1790-045X,true,,
JOURNAL OF BIOLOGICAL SYSTEMS,1793-6470;0218-3390,true,,
JOURNAL OF BIOMEDICAL INFORMATICS,1532-0480;1532-0464,true,,
JOURNAL OF BIOMEDICAL MATERIALS RESEARCH - PART A,1552-4965;1549-3296,true,,
JOURNAL OF BIOMEDICAL OPTICS,1560-2281;1083-3668,true,,
JOURNAL OF BIOMEDICAL RESEARCH,1674-8301;2352-4685,true,,
JOURNAL OF BIOMEDICAL SCIENCE,1423-0127;1021-7770,true,,
JOURNAL OF BIOMEDICAL SEMANTICS,2041-1480,true,,
JOURNAL OF BIOMOLECULAR NMR,1573-5001;0925-2738,true,,
JOURNAL OF BIOMOLECULAR STRUCTURE AND DYNAMICS,1538-0254;0739-1102,true,,
JOURNAL OF BIONIC ENGINEERING,2543-2141;1672-6529,true,,
JOURNAL OF BIOSCIENCES,0973-7138;0250-5991,true,,
JOURNAL OF BIOSOCIAL SCIENCE,1469-7599,true,,
JOURNAL OF BISEXUALITY,1529-9724;1529-9716,true,,
JOURNAL OF BLACK STUDIES,1552-4566;0021-9347,true,,
JOURNAL OF BONE AND JOINT SURGERY - AMERICAN VOLUME,1535-1386;0021-9355,true,,
JOURNAL OF BONE AND MINERAL RESEARCH,1523-4681;0884-0431,true,,
JOURNAL OF BRAND MANAGEMENT,1479-1803;1350-231X,true,,
JOURNAL OF BREATH RESEARCH,1752-7163;1752-7155,true,,
JOURNAL OF BRIDGE ENGINEERING,1943-5592;1084-0702,true,,
JOURNAL OF BRITISH CINEMA AND TELEVISION,1755-1714;1743-4521,true,,
JOURNAL OF BRITISH STUDIES,1545-6986;0021-9371,true,,
JOURNAL OF BROADCASTING AND ELECTRONIC MEDIA,1550-6878;0883-8151,true,,
JOURNAL OF BUILDING ENGINEERING,2352-7102,true,,
JOURNAL OF BUILDING PERFORMANCE SIMULATION,1940-1507;1940-1493,true,,
JOURNAL OF BUILDING PHYSICS,1744-2583;1744-2591,true,,
JOURNAL OF BUSINESS-TO-BUSINESS MARKETING,1547-0628;1051-712X,true,,
JOURNAL OF BUSINESS AND ECONOMIC STATISTICS,1537-2707;0735-0015,true,,
JOURNAL OF BUSINESS AND INDUSTRIAL MARKETING,2052-1189;0885-8624,true,,
JOURNAL OF BUSINESS AND PSYCHOLOGY,1573-353X;0889-3268,true,,
JOURNAL OF BUSINESS AND TECHNICAL COMMUNICATION,1552-4574;1050-6519,true,,
JOURNAL OF BUSINESS ECONOMICS AND MANAGEMENT,2029-4433;1611-1699,true,,
JOURNAL OF BUSINESS ETHICS,1573-0697;0167-4544,true,,
JOURNAL OF BUSINESS FINANCE AND ACCOUNTING,1468-5957;0306-686X,true,,
JOURNAL OF BUSINESS LOGISTICS,2158-1592;0735-3766,true,,
JOURNAL OF BUSINESS RESEARCH,1873-7978;0148-2963,true,,
JOURNAL OF BUSINESS VENTURING,1873-2003;0883-9026,true,,
"JOURNAL OF CACHEXIA, SARCOPENIA AND MUSCLE",2190-6009;2190-5991,true,,
JOURNAL OF CAFFEINE AND ADENOSINE RESEARCH,2573-3400;2573-3397,true,,
JOURNAL OF CARDIAC FAILURE,1532-8414;1071-9164,true,,
JOURNAL OF CARDIOTHORACIC AND VASCULAR ANESTHESIA,1532-8422;1053-0770,true,,
JOURNAL OF CARDIOVASCULAR COMPUTED TOMOGRAPHY,1876-861X;1934-5925,true,,
JOURNAL OF CARDIOVASCULAR DEVELOPMENT AND DISEASE,2308-3425,true,,
JOURNAL OF CARDIOVASCULAR MAGNETIC RESONANCE,1532-429X;1097-6647,false,2024-07-11,removed from the White List
JOURNAL OF CARDIOVASCULAR NURSING,1550-5049;0889-4655,true,,
JOURNAL OF CARDIOVASCULAR TRANSLATIONAL RESEARCH,1937-5395;1937-5387,true,,
JOURNAL OF CAREER ASSESSMENT,1552-4590;1069-0727,true,,
JOURNAL OF CATALYSIS,1090-2694;0021-9517,true,,
JOURNAL OF CATARACT AND REFRACTIVE SURGERY,1873-4502;0886-3350,true,,
JOURNAL OF CAUSAL INFERENCE,2193-3685;2193-3677,true,,
JOURNAL OF CELL BIOLOGY,1540-8140;0021-9525,true,,
JOURNAL OF CELL COMMUNICATION AND SIGNALING,1873-961X;1873-9601,true,,
JOURNAL OF CELLULAR BIOCHEMISTRY,1097-4644;0730-2312,true,,
JOURNAL OF CELLULAR PHYSIOLOGY,1097-4652;0021-9541,true,,
JOURNAL OF CENTRAL SOUTH UNIVERSITY,2227-5223;2095-2899,true,,
JOURNAL OF CEREAL SCIENCE,1095-9963;0733-5210,true,,
JOURNAL OF CEREBRAL BLOOD FLOW AND METABOLISM,1559-7016;0271-678X,true,,
JOURNAL OF CHEMICAL ECOLOGY,1573-1561;0098-0331,true,,
JOURNAL OF CHEMICAL EDUCATION,1938-1328;0021-9584,true,,
JOURNAL OF CHEMICAL INFORMATION AND MODELING,1549-960X;1549-9596,true,,
JOURNAL OF CHEMICAL TECHNOLOGY AND BIOTECHNOLOGY,1097-4660;0268-2575,true,,
JOURNAL OF CHEMICAL THEORY AND COMPUTATION,1549-9626;1549-9618,true,,
JOURNAL OF CHEMINFORMATICS,1758-2946,true,,
JOURNAL OF CHEMOMETRICS,1099-128X;0886-9383,true,,
JOURNAL OF CHILD AND ADOLESCENT TRAUMA,1936-153X;1936-1521,true,,
JOURNAL OF CHILD AND ADOLESCENT PSYCHOPHARMACOLOGY,1557-8992;1044-5463,true,,
JOURNAL OF CHILD LANGUAGE,1469-7602;0305-0009,true,,
JOURNAL OF CHILD PSYCHOLOGY AND PSYCHIATRY AND ALLIED DISCIPLINES,1469-7610;0021-9630,true,,
JOURNAL OF CHILDREN AND MEDIA,1748-2801;1748-2798,true,,
JOURNAL OF CHILDREN'S SERVICES,2042-8677;1746-6660,true,,
JOURNAL OF CHINESE CINEMAS,1750-807X;1750-8061,true,,
JOURNAL OF CHINESE GOVERNANCE,2381-2354;2381-2346,true,,
JOURNAL OF CHINESE POLITICAL SCIENCE,1874-6357;1080-6954,true,,
JOURNAL OF CHINESE RELIGIONS,2050-8999;0737-769X,true,,
JOURNAL OF CHOICE MODELLING,1755-5345,true,,
JOURNAL OF CHROMATOGRAPHY A,1873-3778;0021-9673,true,,
JOURNAL OF CHURCH AND STATE,2040-4867;0021-969X,true,,
JOURNAL OF CIVIL ENGINEERING AND MANAGEMENT,1822-3605;1392-3730,true,,
JOURNAL OF CIVIL ENGINEERING EDUCATION,2643-9115;2643-9107,true,,
JOURNAL OF CIVIL SOCIETY,1744-8697;1744-8689,true,,
JOURNAL OF CIVIL STRUCTURAL HEALTH MONITORING,2190-5479;2190-5452,true,,
JOURNAL OF CLASSICS TEACHING,1741-7627;2058-6310,true,,
JOURNAL OF CLASSIFICATION,1432-1343;0176-4268,true,,
JOURNAL OF CLEANER PRODUCTION,1879-1786;0959-6526,true,,
JOURNAL OF CLIMATE,1520-0442;0894-8755,true,,
JOURNAL OF CLINICAL AND TRANSLATIONAL HEPATOLOGY,2310-8819;2225-0719,true,,
JOURNAL OF CLINICAL ANESTHESIA,1873-4529;0952-8180,true,,
JOURNAL OF CLINICAL CHILD AND ADOLESCENT PSYCHOLOGY,1537-4424;1537-4416,true,,
JOURNAL OF CLINICAL ENDOCRINOLOGY AND METABOLISM,1945-7197;0021-972X,true,,
JOURNAL OF CLINICAL EPIDEMIOLOGY,1878-5921;0895-4356,true,,
JOURNAL OF CLINICAL HYPERTENSION,1751-7176;1524-6175,true,,
JOURNAL OF CLINICAL IMMUNOLOGY,1573-2592;0271-9142,true,,
JOURNAL OF CLINICAL INVESTIGATION,1558-8238;0021-9738,true,,
JOURNAL OF CLINICAL LIPIDOLOGY,1876-4789;1933-2874,true,,
JOURNAL OF CLINICAL MEDICINE,2077-0383,true,,
JOURNAL OF CLINICAL MICROBIOLOGY,1098-660X;0095-1137,true,,
JOURNAL OF CLINICAL NURSING,1365-2702;0962-1067,true,,
JOURNAL OF CLINICAL ONCOLOGY,1527-7755;0732-183X,true,,
JOURNAL OF CLINICAL PATHOLOGY - CLINICAL MOLECULAR PATHOLOGY,1472-4146;0021-9746,true,,
JOURNAL OF CLINICAL PERIODONTOLOGY,1600-051X;0303-6979,true,,
JOURNAL OF CLINICAL PSYCHIATRY,1555-2101;0160-6689,true,,
JOURNAL OF CLINICAL VIROLOGY,1873-5967;1386-6532,true,,
JOURNAL OF CLOUD COMPUTING - ADVANCES SYSTEMS AND APPLICATIONS,2192-113X,true,,
JOURNAL OF CLUSTER SCIENCE,1572-8862;1040-7278,true,,
JOURNAL OF CO2 UTILIZATION,2212-9839;2212-9820,false,2024-07-11,removed from the White List
JOURNAL OF COASTAL CONSERVATION,1874-7841;1400-0350,true,,
JOURNAL OF COGNITIVE ENGINEERING AND DECISION MAKING,2169-5032;1555-3434,true,,
JOURNAL OF COLD WAR STUDIES,1531-3298;1520-3972,true,,
"JOURNAL OF COLLEGE STUDENT RETENTION: RESEARCH, THEORY AND PRACTICE",1541-4167;1521-0251,true,,
JOURNAL OF COLLOID AND INTERFACE SCIENCE,1095-7103;0021-9797,true,,
JOURNAL OF COMBINATORIAL ALGEBRA,2415-6310;2415-6302,true,,
JOURNAL OF COMBINATORIAL THEORY - SERIES A,1096-0899;0097-3165,true,,
JOURNAL OF COMBINATORIAL THEORY. SERIES B,1096-0902;0095-8956,true,,
JOURNAL OF COMMODITY MARKETS,2405-8505;2405-8513,true,,
"LITERATURE, CRITIQUE, AND EMPIRE TODAY",3033-3962,true,,
JOURNAL OF COMMUNICATION,1460-2466;0021-9916,true,,
JOURNAL OF COMMUNICATION DISORDERS,1873-7994;0021-9924,true,,
JOURNAL OF COMMUNICATION MANAGEMENT,1478-0852;1363-254X,true,,
JOURNAL OF COMMUNICATIONS AND NETWORKS,1976-5541;1229-2370,true,,
JOURNAL OF COMMUNITY HEALTH,1573-3610;0094-5145,true,,
JOURNAL OF COMPARATIVE ECONOMICS,1095-7227;0147-5967,true,,
JOURNAL OF COMPARATIVE FAMILY STUDIES,1929-9850;0047-2328,true,,
JOURNAL OF COMPARATIVE GERMANIC LINGUISTICS,1572-8552;1383-4924,true,,
"JOURNAL OF COMPARATIVE PHYSIOLOGY A: NEUROETHOLOGY, SENSORY, NEURAL, AND BEHAVIORAL PHYSIOLOGY",1432-1351;0340-7594,true,,
"JOURNAL OF COMPARATIVE PHYSIOLOGY B: BIOCHEMICAL, SYSTEMIC, AND ENVIRONMENTAL PHYSIOLOGY",0174-1578,true,,
JOURNAL OF COMPARATIVE POLICY ANALYSIS: RESEARCH AND PRACTICE,1572-5448;1387-6988,true,,
JOURNAL OF COMPETITIVENESS,1804-1728;1804-171X,true,,
JOURNAL OF COMPLEX NETWORKS,2051-1329;2051-1310,true,,
JOURNAL OF COMPLEXITY,1090-2708;0885-064X,true,,
JOURNAL OF COMPOSITES FOR CONSTRUCTION,1943-5614;1090-0268,true,,
JOURNAL OF COMPUTATIONAL AND APPLIED MATHEMATICS,1879-1778;0377-0427,true,,
JOURNAL OF COMPUTATIONAL AND GRAPHICAL STATISTICS,1537-2715;1061-8600,true,,
JOURNAL OF COMPUTATIONAL AND NONLINEAR DYNAMICS,1555-1415;1555-1423,true,,
JOURNAL OF COMPUTATIONAL BIOLOGY,1557-8666;1066-5277,true,,
JOURNAL OF COMPUTATIONAL CHEMISTRY,1096-987X;0192-8651,true,,
JOURNAL OF COMPUTATIONAL DESIGN AND ENGINEERING,2288-5048;2288-4300,true,,
JOURNAL OF COMPUTATIONAL PHYSICS,1090-2716;0021-9991,true,,
JOURNAL OF COMPUTATIONAL SCIENCE,1877-7511;1877-7503,true,,
JOURNAL OF COMPUTATIONAL SOCIAL SCIENCE,2432-2725;2432-2717,true,,
JOURNAL OF COMPUTER-AIDED MOLECULAR DESIGN,1573-4951;0920-654X,true,,
JOURNAL OF COMPUTER-MEDIATED COMMUNICATION,1083-6101,true,,
JOURNAL OF COMPUTER ASSISTED LEARNING,1365-2729;0266-4909,true,,
JOURNAL OF COMPUTER INFORMATION SYSTEMS,2380-2057;0887-4417,true,,
JOURNAL OF COMPUTER NETWORKS AND COMMUNICATIONS,2090-715X;2090-7141,true,,
JOURNAL OF COMPUTER VIROLOGY AND HACKING TECHNIQUES,2263-8733,true,,
JOURNAL OF COMPUTERS IN EDUCATION,2197-9995;2197-9987,true,,
JOURNAL OF COMPUTING IN CIVIL ENGINEERING,1943-5487;0887-3801,true,,
JOURNAL OF COMPUTING IN HIGHER EDUCATION,1867-1233;1042-1726,true,,
JOURNAL OF CONFLICT RESOLUTION,1552-8766;0022-0027,true,,
JOURNAL OF CONSCIOUSNESS STUDIES,2051-2201;1355-8250,true,,
JOURNAL OF CONSERVATION AND MUSEUM STUDIES,2049-4572;1364-0429,true,,
JOURNAL OF CONSTRUCTION ENGINEERING AND MANAGEMENT - ASCE,1943-7862;0733-9364,true,,
JOURNAL OF CONSTRUCTION IN DEVELOPING COUNTRIES,1985-8329;1823-6499;2180-4222,true,,
JOURNAL OF CONSTRUCTIONAL STEEL RESEARCH,1873-5983;0143-974X,true,,
JOURNAL OF CONSTRUCTIVIST PSYCHOLOGY,1521-0650;1072-0537,true,,
JOURNAL OF CONSULTING AND CLINICAL PSYCHOLOGY,1939-2117;0022-006X,true,,
JOURNAL OF CONSUMER AFFAIRS,1745-6606;0022-0078,true,,
JOURNAL OF CONSUMER BEHAVIOUR,1479-1838;1472-0817,true,,
JOURNAL OF CONSUMER CULTURE,1741-2900;1469-5405,true,,
JOURNAL OF CONSUMER MARKETING,2052-1200;0736-3761,true,,
JOURNAL OF CONSUMER POLICY,1573-0700;0168-7034,true,,
JOURNAL OF CONSUMER PSYCHOLOGY,1532-7663;1057-7408,true,,
JOURNAL OF CONSUMER RESEARCH,1537-5277;0093-5301,true,,
JOURNAL OF CONTAMINANT HYDROLOGY,1873-6009;0169-7722,true,,
JOURNAL OF CONTEMPORARY ACCOUNTING AND ECONOMICS,1815-5669,true,,
JOURNAL OF CONTEMPORARY ARCHAEOLOGY,2051-3437;2051-3429,true,,
JOURNAL OF CONTEMPORARY ASIA,1752-7554;0047-2336,true,,
JOURNAL OF CONTEMPORARY CHINA,1469-9400;1067-0564,true,,
JOURNAL OF CONTEMPORARY CRIMINAL JUSTICE,1552-5406;1043-9862,true,,
JOURNAL OF CONTEMPORARY DRAMA IN ENGLISH,2195-0164;2195-0156,true,,
JOURNAL OF CONTEMPORARY EAST ASIA STUDIES,2476-1036;2476-1028,true,,
JOURNAL OF CONTEMPORARY ETHNOGRAPHY,1552-5414;0891-2416,true,,
JOURNAL OF CONTEMPORARY HISTORY,1461-7250;0022-0094,true,,
JOURNAL OF CONTEMPORARY RELIGION,1469-9419;1353-7903,true,,
JOURNAL OF CONTEXTUAL BEHAVIORAL SCIENCE,2212-1455;2212-1447,true,,
JOURNAL OF CONTINGENCIES AND CRISIS MANAGEMENT,1468-5973;0966-0879,true,,
JOURNAL OF CONTINUING EDUCATION IN THE HEALTH PROFESSIONS,1554-558X;0894-1912,true,,
JOURNAL OF CONTROLLED RELEASE,1873-4995;0168-3659,true,,
JOURNAL OF CORPORATE FINANCE,1872-6313;0929-1199,true,,
JOURNAL OF COSMOLOGY AND ASTROPARTICLE PHYSICS,1475-7516,true,,
JOURNAL OF COTTON RESEARCH,2523-3254;2096-5044,true,,
JOURNAL OF COUNSELING PSYCHOLOGY,1939-2168;0022-0167,true,,
JOURNAL OF CRANIO-MAXILLO-FACIAL SURGERY,1878-4119;1010-5182,true,,
JOURNAL OF CREATIVE BEHAVIOR,2162-6057;0022-0175,true,,
JOURNAL OF CRIME AND JUSTICE,2158-9119;0735-648X,true,,
JOURNAL OF CRIMINAL JUSTICE,1873-6203;0047-2352,true,,
JOURNAL OF CRIMINAL JUSTICE EDUCATION,1745-9117;1051-1253,true,,
JOURNAL OF CRIMINAL LAW AND CRIMINOLOGY,2160-0325;0091-4169,true,,
JOURNAL OF CRIMINAL PSYCHOLOGY,2009-3829,true,,
JOURNAL OF CRIMINOLOGY,2633-8084;2633-8076,true,,
JOURNAL OF CRITICAL CARE,1557-8615;0883-9441,true,,
JOURNAL OF CRITICAL REALISM,1572-5138;1476-7430,true,,
JOURNAL OF CROHN'S AND COLITIS,1876-4479;1873-9946,true,,
JOURNAL OF CROSS-CULTURAL PSYCHOLOGY,1552-5422;0022-0221,true,,
JOURNAL OF CRYPTOGRAPHIC ENGINEERING,2190-8516;2190-8508,true,,
JOURNAL OF CRYPTOLOGY,1432-1378;0933-2790,true,,
JOURNAL OF CULTURAL ECONOMICS,1573-6997;0885-2545,true,,
JOURNAL OF CULTURAL ECONOMY,1753-0369;1753-0350,true,,
JOURNAL OF CULTURAL HERITAGE,1778-3674;1296-2074,true,,
JOURNAL OF CULTURAL HERITAGE MANAGEMENT AND SUSTAINABLE DEVELOPMENT,2044-1274;2044-1266,true,,
JOURNAL OF CURRENT ISSUES AND RESEARCH IN ADVERTISING,2164-7313;1064-1734,true,,
JOURNAL OF CURRENT SOUTHEAST ASIAN AFFAIRS,1868-4882;1868-1034,true,,
JOURNAL OF CURRICULUM STUDIES,1366-5839;0022-0272,true,,
JOURNAL OF CYBERSECURITY,2057-2085;2057-2093,true,,
JOURNAL OF CYSTIC FIBROSIS,1873-5010;1569-1993,true,,
JOURNAL OF DAIRY SCIENCE,1525-3198;0022-0302,false,2024-07-11,removed from the White List
JOURNAL OF DATA AND INFORMATION SCIENCE,2543-683X;2096-157X,true,,
JOURNAL OF DECISION SYSTEMS,2116-7052;1246-0125,true,,
JOURNAL OF DEMOCRACY,1086-3214;1045-5736,true,,
JOURNAL OF DENTAL RESEARCH,1544-0591;0022-0345,true,,
JOURNAL OF DENTAL SCIENCES,2213-8862;1991-7902,true,,
JOURNAL OF DENTISTRY,1879-176X;0300-5712,true,,
JOURNAL OF DERMATOLOGICAL SCIENCE,1873-569X;0923-1811,true,,
JOURNAL OF DERMATOLOGICAL TREATMENT,1471-1753;0954-6634,true,,
JOURNAL OF DERMATOLOGY,1346-8138;0385-2407,true,,
JOURNAL OF DESIGN HISTORY,1741-7279;0952-4649,true,,
JOURNAL OF DESTINATION MARKETING AND MANAGEMENT,2212-5752;2212-571X,true,,
JOURNAL OF DEVELOPMENT ECONOMICS,1872-6089;0304-3878,true,,
JOURNAL OF DEVELOPMENT STUDIES,1743-9140;0022-0388,true,,
JOURNAL OF DEVELOPMENTAL AND BEHAVIORAL PEDIATRICS,1536-7312;0196-206X,true,,
JOURNAL OF DEVELOPMENTAL AND LIFE-COURSE CRIMINOLOGY,2199-465X;2199-4641,true,,
JOURNAL OF DIFFERENTIAL EQUATIONS,1090-2732;0022-0396,true,,
JOURNAL OF DIFFERENTIAL GEOMETRY,1945-743X;0022-040X,true,,
JOURNAL OF IMAGING INFORMATICS IN MEDICINE,2948-2925;2948-2933,true,,
JOURNAL OF DISABILITY POLICY STUDIES,1538-4802;1044-2073,true,,
JOURNAL OF DIVERSITY IN HIGHER EDUCATION,1938-8934;1938-8926,true,,
JOURNAL OF DOCUMENTATION,1758-7379;0022-0418,true,,
JOURNAL OF DRUG DELIVERY SCIENCE AND TECHNOLOGY,2588-8943;1773-2247,true,,
JOURNAL OF DRUG TARGETING,1026-7158;1061-186X;1029-2330,true,,
JOURNAL OF DYNAMICS AND DIFFERENTIAL EQUATIONS,1572-9222;1040-7294,true,,
JOURNAL OF EARLY CHILDHOOD LITERACY,1741-2919;1468-7984,true,,
JOURNAL OF EARLY CHRISTIAN STUDIES,1086-3184;1067-6341,true,,
JOURNAL OF EARTH SCIENCE,1867-111X;1674-487X,true,,
JOURNAL OF EARTHQUAKE ENGINEERING,1559-808X;1363-2469,true,,
JOURNAL OF EASTERN AFRICAN STUDIES,1753-1063;1753-1055,true,,
JOURNAL OF EATING DISORDERS,2050-2974,true,,
JOURNAL OF ECOLOGY,1365-2745;0022-0477,true,,
JOURNAL OF ECONOMETRICS,1872-6895;0304-4076,true,,
JOURNAL OF ECONOMIC BEHAVIOR AND ORGANIZATION,1879-1751;0167-2681,true,,
JOURNAL OF ECONOMIC ENTOMOLOGY,1938-291X;0022-0493,true,,
JOURNAL OF ECONOMIC GEOGRAPHY,1468-2710;1468-2702,true,,
JOURNAL OF ECONOMIC GROWTH,1573-7020;1381-4338,true,,
JOURNAL OF ECONOMIC HISTORY,1471-6372;0022-0507,true,,
JOURNAL OF ECONOMIC LITERATURE,2328-8175;0022-0515,true,,
JOURNAL OF ECONOMIC PERSPECTIVES,1944-7965;0895-3309,true,,
JOURNAL OF ECONOMIC POLICY REFORM,1748-7889;1748-7870,true,,
JOURNAL OF ECONOMIC PSYCHOLOGY,1872-7719;0167-4870,true,,
JOURNAL OF ECONOMIC SOCIOLOGY - EKONOMICHESKAYA SOTSIOLOGIYA|ЭКОНОМИЧЕСКАЯ СОЦИОЛОГИЯ,1726-3247,true,,
JOURNAL OF ECONOMIC STUDIES,1758-7387;0144-3585,true,,
JOURNAL OF ECONOMIC SURVEYS,1467-6419;0950-0804,true,,
JOURNAL OF ECONOMICS AND MANAGEMENT STRATEGY,1530-9134;1058-6407,true,,
JOURNAL OF ECONOMICS AND BUSINESS,0148-6195,true,,
JOURNAL OF ECOTOURISM,1747-7638;1472-4049,true,,
JOURNAL OF ECT,1533-4112;1095-0680,true,,
JOURNAL OF EDUCATION FOR STUDENTS PLACED AT RISK,1532-7671;1082-4669,true,,
JOURNAL OF EDUCATION FOR TEACHING,1360-0540;0260-7476,true,,
JOURNAL OF EDUCATION POLICY,1464-5106;0268-0939,true,,
JOURNAL OF EDUCATIONAL ADMINISTRATION,1758-7395;0957-8234,true,,
JOURNAL OF EDUCATIONAL AND BEHAVIORAL STATISTICS,1935-1054;1076-9986,true,,
JOURNAL OF EDUCATIONAL CHANGE,1573-1812;1389-2843,true,,
JOURNAL OF EDUCATIONAL COMPUTING RESEARCH,1541-4140;0735-6331,true,,
JOURNAL OF EDUCATIONAL PSYCHOLOGY,1939-2176;0022-0663,true,,
JOURNAL OF EDUCATIONAL RESEARCH,1940-0675;0022-0671,true,,
JOURNAL OF EGYPTIAN HISTORY,1874-1665;1874-1657,true,,
"JOURNAL OF ELECTIONS, PUBLIC OPINION AND PARTIES",1745-7297;1745-7289,true,,
JOURNAL OF ELECTROANALYTICAL CHEMISTRY,1873-2569;1572-6657,true,,
JOURNAL OF ELECTRONIC COMMERCE RESEARCH,1938-9027;1526-6133,true,,
JOURNAL OF EMOTIONAL AND BEHAVIORAL DISORDERS,1538-4799;1063-4266,true,,
JOURNAL OF EMPIRICAL FINANCE,1879-1727;0927-5398,true,,
JOURNAL OF EMPIRICAL LEGAL STUDIES,1740-1461;1740-1453,true,,
JOURNAL OF EMPIRICAL RESEARCH ON HUMAN RESEARCH ETHICS,1556-2654;1556-2646,true,,
JOURNAL OF EMPIRICAL THEOLOGY,1570-9256;0922-2936,true,,
JOURNAL OF ENDOCRINOLOGY,1479-6805;0022-0795,true,,
JOURNAL OF ENDODONTICS,1878-3554;0099-2399,true,,
JOURNAL OF ENDOVASCULAR THERAPY,1545-1550;1526-6028,true,,
JOURNAL OF ENERGETIC MATERIALS,1545-8822;0737-0652,true,,
JOURNAL OF ENERGY AND NATURAL RESOURCES LAW,2376-4538;0264-6811,true,,
JOURNAL OF ENERGY CHEMISTRY,2095-4956,true,,
JOURNAL OF ENERGY STORAGE,2352-1538;2352-152X,true,,
JOURNAL OF ENGINEERING (UNITED KINGDOM),2314-4912;2314-4904,true,,
JOURNAL OF ENGINEERING AND TECHNOLOGY MANAGEMENT - JET - M,1879-1719;0923-4748,true,,
JOURNAL OF ENGINEERING DESIGN,1466-1837;0954-4828,true,,
JOURNAL OF ENGINEERING EDUCATION,2168-9830;1069-4730,true,,
JOURNAL OF ENGINEERING MECHANICS - ASCE,1943-7889;0733-9399,true,,
JOURNAL OF ENGLISH AS A LINGUA FRANCA,2191-933X;2191-9216,true,,
JOURNAL OF ENGLISH FOR ACADEMIC PURPOSES,1878-1497;1475-1585,true,,
JOURNAL OF ENGLISH LINGUISTICS,1552-5457;0075-4242,true,,
JOURNAL OF ENTERPRISE INFORMATION MANAGEMENT,1758-7409;1741-0398,true,,
JOURNAL OF ENTERPRISING COMMUNITIES - PEOPLE AND PLACES IN THE GLOBAL ECONOMY,1750-6212;1750-6204,true,,
JOURNAL OF ENTREPRENEURSHIP,0973-0745;0971-3557,true,,
JOURNAL OF ENTREPRENEURSHIP IN EMERGING ECONOMIES,2053-4612;2053-4604,true,,
JOURNAL OF ENVIRONMENT AND DEVELOPMENT,1552-5465;1070-4965,true,,
JOURNAL OF ENVIRONMENTAL CHEMICAL ENGINEERING,2213-2929;2213-3437,true,,
JOURNAL OF ENVIRONMENTAL ECONOMICS AND MANAGEMENT,1096-0449;0095-0696,true,,
JOURNAL OF ENVIRONMENTAL ECONOMICS AND POLICY,2160-6552;2160-6544,true,,
JOURNAL OF ENVIRONMENTAL EDUCATION,1940-1892;0095-8964,true,,
JOURNAL OF ENVIRONMENTAL HEALTH SCIENCE AND ENGINEERING,2052-336X,true,,
JOURNAL OF ENVIRONMENTAL INFORMATICS,1726-2135;1684-8799,true,,
JOURNAL OF ENVIRONMENTAL LAW,1464-374X;0952-8873,true,,
JOURNAL OF ENVIRONMENTAL MANAGEMENT,1095-8630;0301-4797,true,,
JOURNAL OF ENVIRONMENTAL PLANNING AND MANAGEMENT,1360-0559;0964-0568,true,,
JOURNAL OF ENVIRONMENTAL POLICY AND PLANNING,1523-908X;1522-7200,true,,
JOURNAL OF ENVIRONMENTAL PSYCHOLOGY,1522-9610;0272-4944,true,,
JOURNAL OF ENVIRONMENTAL SCIENCES,1878-7320;1001-0742,true,,
JOURNAL OF ENZYME INHIBITION AND MEDICINAL CHEMISTRY,1475-6374;1475-6366,true,,
JOURNAL OF EPIDEMIOLOGY,0917-5040;1349-9092,true,,
JOURNAL OF EPIDEMIOLOGY AND COMMUNITY HEALTH,1470-2738;0143-005X,true,,
JOURNAL OF EPIDEMIOLOGY AND GLOBAL HEALTH,2210-6014;2210-6006,true,,
JOURNAL OF ESTHETIC AND RESTORATIVE DENTISTRY,1708-8240;1496-4155,true,,
THE JOURNAL OF ETHICS,1572-8609;1382-4554,true,,
JOURNAL OF ETHNIC AND CULTURAL DIVERSITY IN SOCIAL WORK,1531-3212;1531-3204,true,,
JOURNAL OF ETHNIC AND MIGRATION STUDIES,1469-9451;1369-183X,true,,
JOURNAL OF ETHNOBIOLOGY,2162-4496;0278-0771,true,,
JOURNAL OF ETHNOBIOLOGY AND ETHNOMEDICINE,1746-4269,true,,
JOURNAL OF ETHNOPHARMACOLOGY,1872-7573;0378-8741,true,,
JOURNAL OF EUROPEAN INTEGRATION,1477-2280;0703-6337,true,,
JOURNAL OF EUROPEAN PUBLIC POLICY,1466-4429;1350-1763,true,,
JOURNAL OF EUROPEAN SOCIAL POLICY,1461-7269;0958-9287,true,,
JOURNAL OF EVALUATION IN CLINICAL PRACTICE,1365-2753;1356-1294,true,,
JOURNAL OF EVIDENCE-BASED DENTAL PRACTICE,1532-3390;1532-3382,true,,
JOURNAL OF EVIDENCE-BASED INTEGRATIVE MEDICINE,2515-690X,true,,
JOURNAL OF EVIDENCE-BASED SOCIAL WORK (UNITED STATES),2640-8074;2640-8066,true,,
JOURNAL OF EVIDENCE-BASED MEDICINE,1756-5391;1756-5383,true,,
JOURNAL OF EVOLUTION EQUATIONS,1424-3202;1424-3199,true,,
JOURNAL OF EVOLUTIONARY BIOLOGY,1420-9101;1010-061X,true,,
JOURNAL OF EVOLUTIONARY ECONOMICS,1432-1386;0936-9937,true,,
JOURNAL OF EXERCISE REHABILITATION,2288-1778;2288-176X,true,,
JOURNAL OF EXERCISE SCIENCE AND FITNESS,1728-869X,false,2024-07-11,removed from the White List
JOURNAL OF EXPERIMENTAL AND CLINICAL CANCER RESEARCH,1756-9966;0392-9078,true,,
JOURNAL OF EXPERIMENTAL AND THEORETICAL ARTIFICIAL INTELLIGENCE,1362-3079;0952-813X,true,,
JOURNAL OF EXPERIMENTAL BIOLOGY,1477-9145;0022-0949,true,,
JOURNAL OF EXPERIMENTAL BOTANY,1460-2431;0022-0957,true,,
JOURNAL OF EXPERIMENTAL CRIMINOLOGY,1572-8315;1573-3750,true,,
JOURNAL OF EXPERIMENTAL EDUCATION,1940-0683;0022-0973,true,,
JOURNAL OF EXPERIMENTAL MARINE BIOLOGY AND ECOLOGY,1879-1697;0022-0981,true,,
JOURNAL OF EXPERIMENTAL MEDICINE,1540-9538;0022-1007,true,,
JOURNAL OF EXPERIMENTAL POLITICAL SCIENCE,2052-2649;2052-2630,true,,
JOURNAL OF EXPERIMENTAL PSYCHOLOGY - GENERAL,1939-2222;0096-3445,true,,
JOURNAL OF EXPERIMENTAL PSYCHOLOGY - HUMAN PERCEPTION AND PERFORMANCE,1939-1277;0096-1523,true,,
JOURNAL OF EXPERIMENTAL PSYCHOLOGY - LEARNING MEMORY AND COGNITION,1939-1285;0278-7393,true,,
JOURNAL OF EXPERIMENTAL SOCIAL PSYCHOLOGY,1096-0465;0022-1031,true,,
JOURNAL OF EXPERIMENTAL ZOOLOGY PART A - ECOLOGICAL AND INTEGRATIVE PHYSIOLOGY,2471-5646;2471-5638,true,,
JOURNAL OF EXPERIMENTAL ZOOLOGY PART B - MOLECULAR AND DEVELOPMENTAL EVOLUTION,1552-5015;1552-5007,true,,
JOURNAL OF EXPOSURE SCIENCE AND ENVIRONMENTAL EPIDEMIOLOGY,1559-064X;1559-0631,true,,
JOURNAL OF EXTRACELLULAR VESICLES,2001-3078,true,,
JOURNAL OF FAMILY AND COMMUNITY MEDICINE,1319-1683;2230-8229;2229-340X,true,,
JOURNAL OF FAMILY AND ECONOMIC ISSUES,1573-3475;1058-0476,true,,
JOURNAL OF FAMILY BUSINESS STRATEGY,1877-8593;1877-8585,true,,
JOURNAL OF FAMILY COMMUNICATION,1532-7698;1526-7431,true,,
JOURNAL OF FAMILY ISSUES,1552-5481;0192-513X,true,,
JOURNAL OF FAMILY NURSING,1552-549X;1074-8407,true,,
JOURNAL OF FAMILY PSYCHOLOGY,1939-1293;0893-3200,true,,
JOURNAL OF FAMILY STUDIES,1839-3543;1322-9400,true,,
JOURNAL OF FAMILY THEORY AND REVIEW,1756-2589;1756-2570,true,,
"JOURNAL OF FAMILY TRAUMA, CHILD CUSTODY AND CHILD DEVELOPMENT",2690-4594;2690-4586,true,,
JOURNAL OF FASHION MARKETING AND MANAGEMENT,1758-7433;1361-2026,true,,
JOURNAL OF FELINE MEDICINE AND SURGERY,1532-2750;1098-612X,true,,
JOURNAL OF FIELD ARCHAEOLOGY,2042-4582;0093-4690,true,,
JOURNAL OF FIELD ROBOTICS,1556-4967;1556-4959,true,,
JOURNAL OF FILM AND VIDEO,1934-6018;0742-4671,true,,
JOURNAL OF FINANCE,1540-6261;0022-1082,true,,
JOURNAL OF FINANCIAL AND QUANTITATIVE ANALYSIS,1756-6916;0022-1090,true,,
JOURNAL OF FINANCIAL COUNSELING AND PLANNING,1947-7910;1052-3073,true,,
JOURNAL OF FINANCIAL ECONOMETRICS,1479-8417;1479-8409,true,,
JOURNAL OF FINANCIAL ECONOMICS,1879-2774;0304-405X,true,,
JOURNAL OF FINANCIAL INTERMEDIATION,1096-0473;1042-9573,true,,
JOURNAL OF FINANCIAL MARKETS,1878-576X;1386-4181,true,,
JOURNAL OF FINANCIAL REGULATION,2053-4841;2053-4833,true,,
JOURNAL OF FINANCIAL RESEARCH,1475-6803;0270-2592,true,,
JOURNAL OF FINANCIAL SERVICES MARKETING,1479-1846;1363-0539,true,,
JOURNAL OF FINANCIAL STABILITY,1878-0962;1572-3089,true,,
JOURNAL OF FISH DISEASES,1365-2761;0140-7775,true,,
JOURNAL OF FIXED POINT THEORY AND APPLICATIONS,1661-7738;1661-7746,true,,
JOURNAL OF FLOOD RISK MANAGEMENT,1753-318X,true,,
JOURNAL OF FLUENCY DISORDERS,1873-801X;0094-730X,true,,
JOURNAL OF FLUID MECHANICS,1469-7645;0022-1120,true,,
JOURNAL OF FLUIDS AND STRUCTURES,1095-8622;0889-9746,true,,
JOURNAL OF FOLKLORE RESEARCH,1543-0413;0737-7037,true,,
JOURNAL OF FOOD AND DRUG ANALYSIS,1021-9498;2224-6614,true,,
JOURNAL OF FOOD COMPOSITION AND ANALYSIS,1096-0481;0889-1575,true,,
JOURNAL OF FOOD ENGINEERING,1873-5770;0260-8774,true,,
JOURNAL OF FOOD PRODUCTS MARKETING,1540-4102;1045-4446,true,,
JOURNAL OF FOOT AND ANKLE RESEARCH,1757-1146,true,,
JOURNAL OF FORENSIC AND LEGAL MEDICINE,1752-928X,true,,
JOURNAL OF FOREST ECONOMICS,1618-1530;1104-6899,true,,
JOURNAL OF FORESTRY,1938-3746;0022-1201,true,,
JOURNAL OF FORESTRY RESEARCH,1993-0607;1007-662X,true,,
JOURNAL OF FRAILTY AND AGING,2273-4309;2260-1341,true,,
JOURNAL OF FUNCTION SPACES,2314-8896;2314-8888,true,,
JOURNAL OF FUNCTIONAL ANALYSIS,1096-0783;0022-1236,true,,
JOURNAL OF FUNCTIONAL BIOMATERIALS,2079-4983,true,,
JOURNAL OF FUNCTIONAL FOODS,2214-9414;1756-4646,false,2024-07-11,removed from the White List
JOURNAL OF FUNGI,2309-608X,true,,
JOURNAL OF FURTHER AND HIGHER EDUCATION,1469-9486;0309-877X,true,,
JOURNAL OF GAMBLING STUDIES,1573-3602;1050-5350,true,,
JOURNAL OF GASTROENTEROLOGY,1435-5922;0944-1174,true,,
JOURNAL OF GASTROINTESTINAL SURGERY,1873-4626;1091-255X,true,,
JOURNAL OF GENERAL INTERNAL MEDICINE,1525-1497;0884-8734,true,,
JOURNAL OF GENERAL PHYSIOLOGY,1540-7748;0022-1295,true,,
JOURNAL OF GENETICS AND GENOMICS,1873-5533;1673-8527,true,,
JOURNAL OF GEOCHEMICAL EXPLORATION,1879-1689;0375-6742,true,,
JOURNAL OF GEODESY,1432-1394;0949-7714,true,,
JOURNAL OF GEODYNAMICS,0264-3707,true,,
JOURNAL OF GEOGRAPHICAL SCIENCES,1861-9568;1009-637X,true,,
JOURNAL OF GEOGRAPHICAL SYSTEMS,1435-5949;1435-5930,true,,
JOURNAL OF GEOGRAPHY,1752-6868;0022-1341,true,,
JOURNAL OF GEOGRAPHY IN HIGHER EDUCATION,1466-1845;0309-8265,true,,
JOURNAL OF GEOLOGY,1537-5269;0022-1376,true,,
JOURNAL OF GEOMETRY AND PHYSICS,1879-1662;0393-0440,true,,
JOURNAL OF GEOPHYSICAL RESEARCH D: ATMOSPHERES,2169-8996;2169-897X,true,,
JOURNAL OF GEOPHYSICAL RESEARCH G: BIOGEOSCIENCES,2169-8961;2169-8953,true,,
JOURNAL OF GEOPHYSICAL RESEARCH F: EARTH SURFACE,2169-9011;2169-9003,true,,
JOURNAL OF GEOPHYSICAL RESEARCH - OCEANS,2169-9291;2169-9275,true,,
JOURNAL OF GEOPHYSICAL RESEARCH E: PLANETS,2169-9100;2169-9097,true,,
JOURNAL OF GEOPHYSICAL RESEARCH - SOLID EARTH,2169-9356;2169-9313,true,,
JOURNAL OF GEOSCIENCES,1803-1943;1802-6222,true,,
JOURNAL OF GEOTECHNICAL AND GEOENVIRONMENTAL ENGINEERING - ASCE,1943-5606;1090-0241,true,,
JOURNAL OF GEOVISUALIZATION AND SPATIAL ANALYSIS,2509-8810;2509-8829,true,,
JOURNAL OF GERIATRIC PHYSICAL THERAPY,2152-0895;1539-8412,true,,
JOURNAL OF GERONTOLOGICAL SOCIAL WORK,1540-4048;0163-4372,true,,
JOURNAL OF GINSENG RESEARCH,2093-4947;1226-8453,true,,
JOURNAL OF GLACIOLOGY,1727-5652;0022-1430,true,,
JOURNAL OF GLASS STUDIES,0075-4250,true,,
JOURNAL OF GLOBAL ECONOMIC ANALYSIS,2377-2999,true,,
JOURNAL OF GLOBAL FASHION MARKETING,2325-4483;2093-2685,true,,
JOURNAL OF GLOBAL HEALTH,2047-2986;2047-2978,true,,
JOURNAL OF GLOBAL HISTORY,1740-0236;1740-0228,true,,
JOURNAL OF GLOBAL INFORMATION MANAGEMENT,1533-7995;1062-7375,true,,
JOURNAL OF GLOBAL INFORMATION TECHNOLOGY MANAGEMENT,2333-6846;1097-198X,true,,
JOURNAL OF GLOBAL OPTIMIZATION,1573-2916;0925-5001,true,,
JOURNAL OF GLOBAL RESPONSIBILITY,2041-2576;2041-2568,true,,
JOURNAL OF GLOBAL SCHOLARS OF MARKETING SCIENCE,2163-9167;2163-9159,true,,
JOURNAL OF GLOBAL SECURITY STUDIES,2057-3189;2057-3170,true,,
JOURNAL OF GLOBAL SLAVERY,2405-836X;2405-8351,true,,
JOURNAL OF GREAT LAKES RESEARCH,0380-1330,true,,
JOURNAL OF GREEN BUILDING,1943-4618;1552-6100,true,,
JOURNAL OF GRID COMPUTING,1572-9184;1570-7873,true,,
"JOURNAL OF GUIDANCE, CONTROL, AND DYNAMICS",1533-3884;0731-5090,true,,
JOURNAL OF GYNECOLOGIC ONCOLOGY,2005-0399;2005-0380,true,,
JOURNAL OF HAPPINESS STUDIES,1573-7780;1389-4978,true,,
JOURNAL OF HAZARDOUS MATERIALS,1873-3336;0304-3894,true,,
JOURNAL OF HEAD TRAUMA REHABILITATION,1550-509X;0885-9701,true,,
JOURNAL OF HEADACHE AND PAIN,1129-2377;1129-2369,true,,
JOURNAL OF HEALTH AND POLLUTION,2156-9614,true,,
JOURNAL OF HEALTH AND SOCIAL BEHAVIOR,2150-6000;0022-1465,true,,
JOURNAL OF HEALTH CARE CHAPLAINCY,1528-6916;0885-4726,true,,
JOURNAL OF HEALTH COMMUNICATION,1087-0415;1081-0730,true,,
JOURNAL OF HEALTH ECONOMICS,1879-1646;0167-6296,true,,
JOURNAL OF HEALTH PSYCHOLOGY,1461-7277;1359-1053,true,,
JOURNAL OF HEALTH SERVICES RESEARCH AND POLICY,1758-1060;1355-8196,true,,
JOURNAL OF HEALTHCARE INFORMATICS RESEARCH,2509-4971;2509-498X,true,,
JOURNAL OF HEALTHCARE LEADERSHIP,1179-3201,true,,
JOURNAL OF HEART AND LUNG TRANSPLANTATION,1557-3117;1053-2498,true,,
JOURNAL OF HELLENIC STUDIES,2041-4099;0075-4269,true,,
JOURNAL OF HELMINTHOLOGY,1475-2697;0022-149X,true,,
JOURNAL OF HEMATOLOGY AND ONCOLOGY,1756-8722,true,,
JOURNAL OF HEPATO-BILIARY-PANCREATIC SCIENCES,1868-6982;1868-6974,true,,
JOURNAL OF HEPATOLOGY,1600-0641;0168-8278,true,,
JOURNAL OF HERBAL MEDICINE,2210-8041;2210-8033,true,,
JOURNAL OF HERITAGE TOURISM,1747-6631;1743-873X,true,,
JOURNAL OF HIGH ENERGY ASTROPHYSICS,2214-4056;2214-4048,true,,
JOURNAL OF HIGH ENERGY PHYSICS,1029-8479;1126-6708,true,,
JOURNAL OF HIGHER EDUCATION,1538-4640;0022-1546,true,,
JOURNAL OF HIGHER EDUCATION POLICY AND MANAGEMENT,1469-9508;1360-080X,true,,
JOURNAL OF HISTORICAL GEOGRAPHPY,1095-8614;0305-7488,true,,
JOURNAL OF HISTORICAL LINGUISTICS,2210-2124;2210-2116,true,,
SOCIOLOGY LENS,2832-580X;2832-5796,true,,
JOURNAL OF HOLISTIC NURSING,1552-5724;0898-0101,true,,
JOURNAL OF HOLY LAND AND PALESTINE STUDIES,2054-1996;2054-1988,true,,
JOURNAL OF HOMELAND SECURITY AND EMERGENCY MANAGEMENT,2194-6361;1547-7355,true,,
JOURNAL OF HORTICULTURAL SCIENCE AND BIOTECHNOLOGY,2380-4084;1462-0316,true,,
JOURNAL OF HOSPITAL INFECTION,1532-2939;0195-6701,true,,
JOURNAL OF HOSPITAL MEDICINE,1553-5606;1553-5592,true,,
JOURNAL OF HOSPITALITY AND TOURISM EDUCATION,2325-6540;1096-3758,true,,
JOURNAL OF HOSPITALITY AND TOURISM RESEARCH,1557-7554;1096-3480,true,,
JOURNAL OF HOSPITALITY AND TOURISM MANAGEMENT,1839-5260;1447-6770,true,,
JOURNAL OF HOSPITALITY AND TOURISM TECHNOLOGY,1757-9899;1757-9880,true,,
"JOURNAL OF HOSPITALITY, LEISURE, SPORTS AND TOURISM EDUCATION",1473-8376,true,,
JOURNAL OF HOSPITALITY MARKETING AND MANAGEMENT,1936-8631;1936-8623,true,,
JOURNAL OF HOUSING AND THE BUILT ENVIRONMENT,1573-7772;1566-4910,true,,
JOURNAL OF HOUSING ECONOMICS,1096-0791;1051-1377,true,,
JOURNAL OF HUMAN BEHAVIOR IN THE SOCIAL ENVIRONMENT,1540-3556;1091-1359,true,,
JOURNAL OF HUMAN DEVELOPMENT AND CAPABILITIES,1945-2837;1945-2829,true,,
JOURNAL OF HUMAN EVOLUTION,1095-8606;0047-2484,true,,
JOURNAL OF HUMAN KINETICS,1899-7562;1640-5544,true,,
JOURNAL OF HUMAN RESOURCES,1548-8004;0022-166X,true,,
JOURNAL OF HUMAN VALUES,0973-0737;0971-6858,true,,
JOURNAL OF HUMANITARIAN LOGISTICS AND SUPPLY CHAIN MANAGEMENT,2042-6755;2042-6747,true,,
JOURNAL OF HYDRAULIC ENGINEERING,1943-7900;0733-9429,true,,
JOURNAL OF HYDRAULIC RESEARCH/DE RECHERCHES HYDRAULIQUES,1814-2079;0022-1686,true,,
JOURNAL OF HYDRO-ENVIRONMENT RESEARCH,1876-4444;1570-6443,true,,
JOURNAL OF HYDRODYNAMICS,1878-0342;1001-6058,true,,
JOURNAL OF HYDROINFORMATICS,1465-1734;1464-7141,true,,
JOURNAL OF HYDROLOGY,1879-2707;0022-1694,true,,
JOURNAL OF HYDROLOGY - REGIONAL STUDIES,2214-5818,false,2024-07-11,removed from the White List
VODOHOSPODARSKY CASOPIS/JOURNAL OF HYDROLOGY & HYDROMECHANICS,1338-4333;0042-790X,true,,
JOURNAL OF HYDROLOGY X,2589-9155,false,2024-07-11,removed from the White List
JOURNAL OF HYDROMETEOROLOGY,1525-755X;1525-7541,true,,
JOURNAL OF HYPERTENSION,1473-5598;0263-6352,true,,
JOURNAL OF IMAGING,2313-433X,true,,
JOURNAL OF IMMERSION AND CONTENT - BASED LANGUAGE EDUCATION,2212-8441;2212-8433,true,,
JOURNAL OF IMMIGRANT AND REFUGEE STUDIES,1556-2956;1556-2948,true,,
JOURNAL OF IMMUNOLOGY,1550-6606;0022-1767,true,,
"JOURNAL OF IMMUNOTHERAPY (HAGERSTOWN, MD. : 1997)",1537-4513;1524-9557,true,,
JOURNAL OF IMPERIAL AND COMMONWEALTH HISTORY,1743-9329;0308-6534,true,,
THE JOURNAL OF INDO-EUROPEAN STUDIES,0092-2323,true,,
JOURNAL OF INDUSTRIAL AND BUSINESS ECONOMICS,1972-4977;0391-2078,true,,
JOURNAL OF INDUSTRIAL AND ENGINEERING CHEMISTRY,1876-794X;1226-086X,true,,
JOURNAL OF INDUSTRIAL ECOLOGY,1530-9290;1088-1980,false,2026-03-02,removed from the White List
JOURNAL OF INDUSTRIAL INFORMATION INTEGRATION,2467-964X;2452-414X,true,,
JOURNAL OF INDUSTRIAL INTEGRATION AND MANAGEMENT - INNOVATION AND ENTREPRENEURSHIP,2424-8630;2424-8622,true,,
JOURNAL OF INDUSTRIAL MICROBIOLOGY AND BIOTECHNOLOGY,1476-5535;1367-5435,true,,
THE JOURNAL OF INDUSTRIAL RELATIONS,1472-9296;0022-1856,true,,
JOURNAL OF INDUSTRIAL TEXTILES,1530-8057;1528-0837,true,,
JOURNAL OF INEQUALITIES AND APPLICATIONS,1029-242X;1025-5834,true,,
JOURNAL OF INFECTION,1532-2742;0163-4453,false,2024-07-11,removed from the White List
JOURNAL OF INFECTION AND PUBLIC HEALTH,1876-035X;1876-0341,false,2024-07-11,removed from the White List
JOURNAL OF INFECTIOUS DISEASES,1537-6613;0022-1899,true,,
JOURNAL OF INFLAMMATION - LONDON,1476-9255,true,,
JOURNAL OF INFORMATION & OPTIMIZATION SCIENCES,2169-0103;0252-2667,true,,
"JOURNAL OF INFORMATION, COMMUNICATION AND ETHICS IN SOCIETY",1758-8871;1477-996X,true,,
JOURNAL OF INFORMATION DISPLAY,2158-1606;1598-0316,true,,
JOURNAL OF INFORMATION SCIENCE,1741-6485;0165-5515,true,,
JOURNAL OF INFORMATION SECURITY AND APPLICATIONS,2214-2134;2214-2126,true,,
JOURNAL OF INFORMATION TECHNOLOGY,1466-4437;0268-3962,true,,
JOURNAL OF INFORMATION TECHNOLOGY AND POLITICS,1933-169X;1933-1681,true,,
JOURNAL OF INFORMATION TECHNOLOGY EDUCATION - RESEARCH,1547-9714;1539-3585,true,,
ELECTRONIC JOURNAL OF INFORMATION TECHNOLOGY IN CONSTRUCTION,1874-4753,true,,
JOURNAL OF INFORMETRICS,1875-5879;1751-1577,true,,
"JOURNAL OF INFRASTRUCTURE, POLICY AND DEVELOPMENT",2572-7931;2572-7923,true,,
JOURNAL OF INFRASTRUCTURE SYSTEMS,1943-555X;1076-0342,true,,
JOURNAL OF INHERITED METABOLIC DISEASE,1573-2665;0141-8955,true,,
JOURNAL OF INNATE IMMUNITY,1662-8128;1662-811X,true,,
JOURNAL OF INNOVATION AND KNOWLEDGE,2530-7614;2444-569X,false,2024-07-11,removed from the White List
JOURNAL OF INORGANIC AND ORGANOMETALLIC POLYMERS AND MATERIALS,1574-1451;1574-1443,true,,
JOURNAL OF INORGANIC BIOCHEMISTRY,1873-3344;0162-0134,true,,
JOURNAL OF INSECT CONSERVATION,1572-9753;1366-638X,true,,
JOURNAL OF INSECT PHYSIOLOGY,1879-1611;0022-1910,true,,
JOURNAL OF INSECTS AS FOOD AND FEED,2352-4588,true,,
JOURNAL OF INSTITUTIONAL ECONOMICS,1744-1382;1744-1374,true,,
JOURNAL OF INSTITUTIONAL STUDIES,2412-6039;2076-6297,true,,
JOURNAL OF INTEGRATED PEST MANAGEMENT,2155-7470,true,,
JOURNAL OF INTEGRATIVE AGRICULTURE,2352-3425;2095-3119,true,,
JOURNAL OF INTEGRATIVE AND COMPLEMENTARY MEDICINE,2768-3613;2768-3605,true,,
JOURNAL OF INTEGRATIVE BIOINFORMATICS,1432-4385;1613-4516,true,,
JOURNAL OF INTEGRATIVE MEDICINE - JIM,2095-4964,true,,
JOURNAL OF INTEGRATIVE PLANT BIOLOGY,1744-7909;1672-9072,true,,
JOURNAL OF INTELLECTUAL AND DEVELOPMENTAL DISABILITY,1469-9532;1366-8250,true,,
JOURNAL OF INTELLECTUAL CAPITAL,1758-7468;1469-1930,true,,
JOURNAL OF INTELLECTUAL DISABILITIES,1744-6309;1744-6295,true,,
JOURNAL OF INTELLECTUAL DISABILITY RESEARCH,1365-2788;0964-2633,true,,
JOURNAL OF INTELLIGENT AND ROBOTIC SYSTEMS: THEORY AND APPLICATIONS,1573-0409;0921-0296,true,,
JOURNAL OF INTELLIGENT INFORMATION SYSTEMS,1573-7675;0925-9902,true,,
JOURNAL OF INTELLIGENT MANUFACTURING,1572-8145;0956-5515,true,,
JOURNAL OF INTELLIGENT MATERIAL SYSTEMS AND STRUCTURES,1530-8138;1045-389X,true,,
JOURNAL OF INTELLIGENT TRANSPORTATION SYSTEMS,1547-2442;1547-2450,true,,
JOURNAL OF INTENSIVE CARE,2052-0492,true,,
JOURNAL OF INTENSIVE CARE MEDICINE,1525-1489;0885-0666,true,,
JOURNAL OF INTERACTIVE MARKETING,1520-6653;1094-9968,true,,
JOURNAL OF INTERACTIVE MEDIA IN EDUCATION,1365-893X,true,,
JOURNAL OF INTERCULTURAL STUDIES,1469-9540;0725-6868,true,,
JOURNAL OF INTERDISCIPLINARY HISTORY,1530-9169;0022-1953,true,,
JOURNAL OF INTERDISCIPLINARY MATHEMATICS,2169-012X;0972-0502,true,,
JOURNAL OF INTERIOR DESIGN,1939-1668;1071-7641,true,,
JOURNAL OF INTERNAL MEDICINE,1365-2796;0954-6820,true,,
"JOURNAL OF INTERNATIONAL ACCOUNTING, AUDITING AND TAXATION",1879-1603;1061-9518,true,,
JOURNAL OF INTERNATIONAL BUSINESS POLICY,2522-0705;2522-0691,true,,
JOURNAL OF INTERNATIONAL BUSINESS STUDIES,1478-6990;0047-2506,true,,
JOURNAL OF INTERNATIONAL CONSUMER MARKETING,1528-7068;0896-1530,true,,
JOURNAL OF INTERNATIONAL DEVELOPMENT,1099-1328;0954-1748,true,,
JOURNAL OF INTERNATIONAL ECONOMIC LAW,1464-3758;1369-3034,true,,
JOURNAL OF INTERNATIONAL ECONOMICS,1873-0353;0022-1996,true,,
JOURNAL OF INTERNATIONAL ENTREPRENEURSHIP,1573-7349;1570-7385,true,,
JOURNAL OF INTERNATIONAL FINANCIAL MANAGEMENT AND ACCOUNTING,1467-646X;0954-1314,true,,
"JOURNAL OF INTERNATIONAL FINANCIAL MARKETS, INSTITUTIONS AND MONEY",1873-0612;1042-4431,true,,
JOURNAL OF INTERNATIONAL MANAGEMENT,1873-0620;1075-4253,true,,
JOURNAL OF INTERNATIONAL MARKETING,1547-7215;1069-031X,true,,
JOURNAL OF INTERNATIONAL MONEY AND FINANCE,1873-0639;0261-5606,true,,
JOURNAL OF INTERNATIONAL RELATIONS AND DEVELOPMENT,1581-1980;1408-6980,true,,
JOURNAL OF INTERNATIONAL TRADE AND ECONOMIC DEVELOPMENT,1469-9559;0963-8199,true,,
JOURNAL OF INTERNET COMMERCE,1533-287X;1533-2861,true,,
JOURNAL OF INTERNET SERVICES AND APPLICATIONS,1869-0238;1867-4828,true,,
JOURNAL OF INTERPROFESSIONAL CARE,1469-9567;1356-1820,true,,
JOURNAL OF INTERVENTION AND STATEBUILDING,1750-2985;1750-2977,true,,
JOURNAL OF INVERTEBRATE PATHOLOGY,1096-0805;0022-2011,true,,
JOURNAL OF INVESTIGATIONAL ALLERGOLOGY AND CLINICAL IMMUNOLOGY,1698-0808;1018-9068,true,,
JOURNAL OF INVESTIGATIVE DERMATOLOGY,1523-1747;0022-202X,true,,
JOURNAL OF INVESTIGATIVE MEDICINE,1708-8267;1081-5589,true,,
JOURNAL OF ISLAMIC MARKETING,1759-0841;1759-0833,true,,
JOURNAL OF ISLAMIC STUDIES,1471-6917;0955-2340,true,,
JOURNAL OF ISLAND AND COASTAL ARCHAEOLOGY,1556-4894;1556-1828,true,,
JOURNAL OF ITALIAN CINEMA AND MEDIA STUDIES,2047-7376;2047-7368,true,,
JOURNAL OF KING SAUD UNIVERSITY - COMPUTER AND INFORMATION SCIENCES,2213-1248;1319-1578,false,2024-07-11,removed from the White List
JOURNAL OF KING SAUD UNIVERSITY - SCIENCE,2213-686X;1018-3647,false,2024-07-11,removed from the White List
JOURNAL OF KNEE SURGERY,1938-2480;1538-8506,true,,
JOURNAL OF KNOWLEDGE MANAGEMENT,1758-7484;1367-3270,true,,
JOURNAL OF KOREAN MEDICAL SCIENCE,1598-6357;1011-8934,true,,
JOURNAL OF KOREAN RELIGIONS,2093-7288;2167-2040,true,,
JOURNAL OF KOREAN STUDIES,2158-1665;0731-1613,true,,
JOURNAL OF LABOR ECONOMICS,1537-5307;0734-306X,true,,
JOURNAL OF LAND USE SCIENCE,1747-4248;1747-423X,true,,
JOURNAL OF LANDSCAPE ARCHITECTURE,2164-604X;1862-6033,true,,
JOURNAL OF LANGUAGE AGGRESSION AND CONFLICT,2213-1280;2213-1272,true,,
JOURNAL OF LANGUAGE AND EDUCATION,2411-7390,true,,
JOURNAL OF LANGUAGE AND LITERACY EDUCATION,1559-9035,true,,
JOURNAL OF LANGUAGE AND POLITICS,1569-9862;1569-2159,true,,
JOURNAL OF LANGUAGE AND SEXUALITY,2211-3789;2211-3770,true,,
JOURNAL OF LANGUAGE AND SOCIAL PSYCHOLOGY,1552-6526;0261-927X,true,,
JOURNAL OF LANGUAGE EVOLUTION,2058-4571;2058-458X,true,,
"JOURNAL OF LANGUAGE, IDENTITY, AND EDUCATION",1532-7701;1534-8458,true,,
JOURNAL OF LATE ANTIQUITY,1942-1273;1939-6716,true,,
JOURNAL OF LATIN AMERICAN STUDIES,1469-767X;0022-216X,true,,
JOURNAL OF LAW AND ECONOMICS,1537-5285;0022-2186,true,,
THE JOURNAL OF LAW AND RELIGION,2163-3088;0748-0814,true,,
JOURNAL OF LAW AND SOCIETY,1467-6478;0263-323X,true,,
JOURNAL OF LAW AND THE BIOSCIENCES,2053-9711,true,,
"JOURNAL OF LAW, ECONOMICS, AND ORGANIZATION",8756-6222;1465-7341,true,,
"JOURNAL OF LAW, MEDICINE AND ETHICS",1748-720X;1073-1105,true,,
JOURNAL OF LEADERSHIP AND ORGANIZATIONAL STUDIES,1939-7089;1548-0518,true,,
JOURNAL OF LEARNING ANALYTICS,1929-7750,true,,
JOURNAL OF LEARNING DISABILITIES,1538-4780;0022-2194,true,,
JOURNAL OF LEGAL AFFAIRS AND DISPUTE RESOLUTION IN ENGINEERING AND CONSTRUCTION,1943-4170;1943-4162,true,,
JOURNAL OF LEGAL STUDIES,1537-5366;0047-2530,true,,
JOURNAL OF LEUKOCYTE BIOLOGY,1938-3673;0741-5400,true,,
JOURNAL OF LIBRARIANSHIP AND INFORMATION SCIENCE,1741-6477;0961-0006,true,,
JOURNAL OF LIGHTWAVE TECHNOLOGY,1558-2213;0733-8724,true,,
JOURNAL OF LIMNOLOGY,1723-8633;1129-5767,true,,
JOURNAL OF LINGUISTIC ANTHROPOLOGY,1548-1395;1055-1360,true,,
JOURNAL OF LINGUISTICS,1469-7742;0022-2267,true,,
JOURNAL OF LIPID RESEARCH,1539-7262;0022-2275,false,2024-07-11,removed from the White List
JOURNAL OF LIPOSOME RESEARCH,1532-2394;0898-2104,true,,
JOURNAL OF LITERACY RESEARCH,1554-8430;1086-296X,true,,
JOURNAL OF LITERARY SEMANTICS,1613-3838;0341-7638,true,,
JOURNAL OF LITERARY THEORY,1862-8990;1862-5290,true,,
JOURNAL OF LOCATION BASED SERVICES,1748-9733;1748-9725,true,,
"JOURNAL OF LOGIC, LANGUAGE AND INFORMATION",1572-9583;0925-8531,true,,
JOURNAL OF LOGICAL AND ALGEBRAIC METHODS IN PROGRAMMING,2352-2216;2352-2208,true,,
JOURNAL OF LOSS AND TRAUMA,1532-5032;1532-5024,true,,
JOURNAL OF LOSS PREVENTION IN THE PROCESS INDUSTRIES,1873-3352;0950-4230,true,,
JOURNAL OF LOW FREQUENCY NOISE VIBRATION AND ACTIVE CONTROL,2048-4046;1461-3484,true,,
JOURNAL OF LOWER GENITAL TRACT DISEASE,1526-0976;1089-2591,true,,
JOURNAL OF LUMINESCENCE,1872-7883;0022-2313,true,,
JOURNAL OF MACHINE LEARNING RESEARCH,1533-7928;1532-4435,true,,
JOURNAL OF MACROECONOMICS,1873-152X;0164-0704,true,,
JOURNAL OF MACROMARKETING,1552-6534;0276-1467,true,,
JOURNAL OF MAGNESIUM AND ALLOYS,2213-9567,true,,
JOURNAL OF MAGNETIC RESONANCE,1096-0856;1090-7807,true,,
JOURNAL OF MAGNETIC RESONANCE IMAGING,1522-2586;1053-1807,true,,
JOURNAL OF MAGNETISM AND MAGNETIC MATERIALS,1873-4766;0304-8853,true,,
JOURNAL OF MAMMALIAN EVOLUTION,1573-7055;1064-7554,true,,
JOURNAL OF MAMMALOGY,1545-1542;0022-2372,true,,
JOURNAL OF MANAGEMENT,1557-1211;0149-2063,true,,
JOURNAL OF MANAGEMENT AND GOVERNANCE,1572-963X;1385-3457,true,,
JOURNAL OF MANAGEMENT AND ORGANIZATION,1839-3527;1833-3672,true,,
JOURNAL OF MANAGEMENT ANALYTICS,2327-0039;2327-0012,true,,
JOURNAL OF MANAGEMENT DEVELOPMENT,1758-7492;0262-1711,true,,
JOURNAL OF MANAGEMENT EDUCATION,1552-6658;1052-5629,true,,
JOURNAL OF MANAGEMENT IN ENGINEERING - ASCE,1943-5479;0742-597X,true,,
JOURNAL OF MANAGEMENT INFORMATION SYSTEMS,1557-928X;0742-1222,true,,
JOURNAL OF MANAGEMENT INQUIRY,1552-6542;1056-4926,true,,
"JOURNAL OF MANAGEMENT, SPIRITUALITY AND RELIGION",1942-258X;1476-6086,true,,
JOURNAL OF MANAGEMENT STUDIES,1467-6486;0022-2380,true,,
JOURNAL OF MANAGERIAL PSYCHOLOGY,1758-7778;0268-3946,true,,
JOURNAL OF MANUFACTURING AND MATERIALS PROCESSING,2504-4494,true,,
JOURNAL OF MANUFACTURING PROCESSES,2212-4616;1526-6125,true,,
JOURNAL OF MANUFACTURING SCIENCE AND ENGINEERING,1528-8935;1087-1357,true,,
JOURNAL OF MANUFACTURING SYSTEMS,1878-6642;0278-6125,true,,
JOURNAL OF MANUFACTURING TECHNOLOGY MANAGEMENT,1758-7786;1741-038X,true,,
JOURNAL OF MAPS,1744-5647,true,,
JOURNAL OF MARINE ENGINEERING AND TECHNOLOGY,2056-8487;2046-4177,true,,
JOURNAL OF MARINE SCIENCE AND TECHNOLOGY,1437-8213;0948-4280,true,,
JOURNAL OF MARINE SYSTEMS,1879-1573;0924-7963,true,,
JOURNAL OF MARITIME ARCHAEOLOGY,1557-2293;1557-2285,true,,
JOURNAL OF MARKETING,1547-7185;0022-2429,true,,
JOURNAL OF MARKETING ANALYTICS,2050-3326;2050-3318,true,,
JOURNAL OF MARKETING EDUCATION,1552-6550;0273-4753,true,,
JOURNAL OF MARKETING FOR HIGHER EDUCATION,1540-7144;0884-1241,true,,
JOURNAL OF MARKETING MANAGEMENT,1472-1376;0267-257X,true,,
JOURNAL OF MARKETING RESEARCH,1547-7193;0022-2437,true,,
JOURNAL OF MARKETING THEORY AND PRACTICE,1944-7175;1069-6679,true,,
JOURNAL OF MARRIAGE AND FAMILY,1741-3737;0022-2445,true,,
JOURNAL OF MATERIAL CULTURE,1460-3586;1359-1835,true,,
JOURNAL OF MATERIALS CHEMISTRY A,2050-7496;2050-7488,true,,
JOURNAL OF MATERIALS CHEMISTRY B,2050-750X;2050-7518,true,,
JOURNAL OF MATERIALS CHEMISTRY C,2050-7526;2050-7534,true,,
JOURNAL OF MATERIALS IN CIVIL ENGINEERING,1943-5533;0899-1561,true,,
JOURNAL OF MATERIALS PROCESSING TECHNOLOGY,1873-4774;0924-0136,true,,
JOURNAL OF MATERIALS RESEARCH AND TECHNOLOGY - JMR&T,2214-0697;2238-7854,false,2024-07-11,removed from the White List
JOURNAL OF MATERIALS SCIENCE,1573-4803;0022-2461,true,,
JOURNAL OF MATERIALS SCIENCE - MATERIALS IN ELECTRONICS,1573-482X;0957-4522,true,,
JOURNAL OF MATERIALS SCIENCE AND TECHNOLOGY,1941-1162;1005-0302,true,,
JOURNAL OF MATERIOMICS,2352-8478;2352-8486,false,2024-07-11,removed from the White List
JOURNAL OF MATERNAL-FETAL AND NEONATAL MEDICINE,1476-7058;1476-4954,true,,
JOURNAL OF MATHEMATICAL ANALYSIS AND APPLICATIONS,1096-0813;0022-247X,true,,
JOURNAL OF MATHEMATICAL BEHAVIOR,1873-8028;0732-3123,true,,
JOURNAL OF MATHEMATICAL BIOLOGY,1432-1416;0303-6812,true,,
JOURNAL OF MATHEMATICAL CHEMISTRY,1572-8897;0259-9791,true,,
JOURNAL OF MATHEMATICAL IMAGING AND VISION,1573-7683;0924-9907,true,,
JOURNAL OF MATHEMATICAL SOCIOLOGY,1545-5874;0022-250X,true,,
JOURNAL OF MATHEMATICS,2314-4785;2314-4629,true,,
JOURNAL OF MATHEMATICS AND MUSIC,1745-9745;1745-9737,true,,
JOURNAL OF MATHEMATICS TEACHER EDUCATION,1573-1820;1386-4416,true,,
JOURNAL OF MECHANICAL DESIGN - TRANSACTIONS OF THE ASME,1528-9001;1050-0472,true,,
JOURNAL OF MECHANISMS AND ROBOTICS - TRANSACTIONS OF THE ASME,1942-4310;1942-4302,true,,
JOURNAL OF MEDIA AND RELIGION,1534-8423;1534-8415,true,,
JOURNAL OF MEDIA BUSINESS STUDIES,2376-2977;1652-2354,true,,
JOURNAL OF MEDIA PSYCHOLOGY,2151-2388;1864-1105,true,,
JOURNAL OF MEDICAL EDUCATION AND CURRICULAR DEVELOPMENT,2382-1205,true,,
JOURNAL OF MEDICAL ENTOMOLOGY,1938-2928;0022-2585,true,,
JOURNAL OF MEDICAL ETHICS,1473-4257;0306-6800,true,,
JOURNAL OF MEDICAL ETHICS AND HISTORY OF MEDICINE,2008-0387,true,,
JOURNAL OF MEDICAL GENETICS,1468-6244;0022-2593,true,,
JOURNAL OF MEDICAL HUMANITIES,1573-3645;1041-3545,true,,
JOURNAL OF MEDICAL IMAGING,2329-4310;2329-4302,true,,
JOURNAL OF MEDICAL INTERNET RESEARCH,1438-8871;1439-4456,true,,
JOURNAL OF MEDICAL SCREENING,1475-5793;0969-1413,true,,
JOURNAL OF MEDICAL SYSTEMS,1573-689X;0148-5598,true,,
JOURNAL OF MEDICAL VIROLOGY,1096-9071;0146-6615,true,,
JOURNAL OF MEDICINAL CHEMISTRY,1520-4804;0022-2623,true,,
JOURNAL OF MEDIEVAL HISTORY,1873-1279;0304-4181,true,,
JOURNAL OF MEDIEVAL IBERIAN STUDIES,1754-6567;1754-6559,true,,
JOURNAL OF MEDITERRANEAN ARCHAEOLOGY,1743-1700;0952-7648,true,,
JOURNAL OF MEMBRANE COMPUTING,2523-8914;2523-8906,true,,
JOURNAL OF MEMBRANE SCIENCE,1873-3123;0376-7388,true,,
JOURNAL OF MEMORY AND LANGUAGE,1096-0821;0749-596X,true,,
JOURNAL OF MENTAL HEALTH,1360-0567;0963-8237,true,,
JOURNAL OF METAMORPHIC GEOLOGY,1525-1314;0263-4929,true,,
"JOURNAL OF MICROBIOLOGY, IMMUNOLOGY AND INFECTION",1995-9133;1684-1182,false,2024-07-11,removed from the White List
JOURNAL OF MICROELECTROMECHANICAL SYSTEMS,1941-0158;1057-7157,true,,
JOURNAL OF MIDWIFERY AND WOMEN'S HEALTH,1542-2011;1526-9523,true,,
JOURNAL OF MINIMALLY INVASIVE GYNECOLOGY,1553-4669;1553-4650,true,,
JOURNAL OF MINING INSTITUTE|ЗАПИСКИ ГОРНОГО ИНСТИТУТА,2541-9404;2411-3336,true,,
JOURNAL OF MIXED METHODS RESEARCH,1558-6901;1558-6898,true,,
JOURNAL OF MODERN AFRICAN STUDIES,1469-7777;0022-278X,true,,
JOURNAL OF MODERN HISTORY,1537-5358;0022-2801,true,,
JOURNAL OF MODERN ITALIAN STUDIES,1469-9583;1354-571X,true,,
JOURNAL OF MODERN PERIODICAL STUDIES,2152-9272;1947-6574,true,,
JOURNAL OF MODERN POWER SYSTEMS AND CLEAN ENERGY,2196-5625;2196-5420,true,,
JOURNAL OF MOLECULAR AND CELLULAR CARDIOLOGY,1095-8584;0022-2828,true,,
JOURNAL OF MOLECULAR BIOLOGY,1089-8638;0022-2836,true,,
JOURNAL OF MOLECULAR CELL BIOLOGY,1759-4685;1674-2788,true,,
JOURNAL OF MOLECULAR DIAGNOSTICS,1943-7811;1525-1578,true,,
JOURNAL OF MOLECULAR ENDOCRINOLOGY,1479-6813;0952-5041,true,,
JOURNAL OF MOLECULAR GRAPHICS AND MODELLING,1873-4243;1093-3263,true,,
JOURNAL OF MOLECULAR LIQUIDS,1873-3166;0167-7322,true,,
JOURNAL OF MOLECULAR MEDICINE,1432-1440;0946-2716,true,,
JOURNAL OF MOLECULAR STRUCTURE,1872-8014;0022-2860,true,,
JOURNAL OF MONETARY ECONOMICS,1873-1295;0304-3932,true,,
JOURNAL OF MORAL EDUCATION,1465-3877;0305-7240,true,,
JOURNAL OF MORPHOLOGY,1097-4687;0362-2525,true,,
JOURNAL OF MULTICULTURAL DISCOURSES,1747-6615;1744-7143,true,,
JOURNAL OF MULTIDISCIPLINARY HEALTHCARE,1178-2390,true,,
JOURNAL OF MULTILINGUAL AND MULTICULTURAL DEVELOPMENT,1747-7557;0143-4632,true,,
JOURNAL OF MULTINATIONAL FINANCIAL MANAGEMENT,1873-1309;1042-444X,true,,
"JOURNAL OF MUSIC, TECHNOLOGY AND EDUCATION",1752-7074;1752-7066,true,,
JOURNAL OF MUSIC THEORY,1941-7497;0022-2909,true,,
JOURNAL OF MUSIC THERAPY,2053-7395;0022-2917,true,,
JOURNAL OF MUSICOLOGY,1533-8347;0277-9269,true,,
JOURNAL OF MUSLIM MENTAL HEALTH,1556-5009;1556-4908,true,,
JOURNAL OF MUSLIM MINORITY AFFAIRS,1469-9591;1360-2004,true,,
JOURNAL OF NANOBIOTECHNOLOGY,1477-3155,true,,
JOURNAL OF NANOFLUIDS,2169-4338;2169-432X,true,,
JOURNAL OF NANOSTRUCTURE IN CHEMISTRY,2193-8865;2008-9244,true,,
JOURNAL OF NANOTECHNOLOGY,1687-9511;1687-9503,true,,
JOURNAL OF NATURAL FIBERS,1544-0478;1544-046X,true,,
GAS SCIENCE AND ENGINEERING,2949-9089;2949-9097,true,,
JOURNAL OF NATURAL PRODUCTS,1520-6025;0163-3864,true,,
JOURNAL OF NAVIGATION,1469-7785;0373-4633,true,,
JOURNAL OF NEPHROLOGY,1724-6059;1121-8428,true,,
JOURNAL OF NETWORK AND COMPUTER APPLICATIONS,1095-8592;1084-8045,true,,
JOURNAL OF NEURAL ENGINEERING,1741-2552;1741-2560,true,,
JOURNAL OF NEURAL TRANSMISSION,1435-1463;0300-9564,true,,
JOURNAL OF NEURO-ONCOLOGY,1573-7373;0167-594X,true,,
JOURNAL OF NEURO-OPHTHALMOLOGY,1536-5166;1070-8022,true,,
JOURNAL OF NEUROCHEMISTRY,1471-4159;0022-3042,true,,
JOURNAL OF NEURODEVELOPMENTAL DISORDERS,1866-1955;1866-1947,true,,
JOURNAL OF NEUROENDOCRINOLOGY,1365-2826;0953-8194,true,,
JOURNAL OF NEUROENGINEERING AND REHABILITATION,1743-0003,true,,
JOURNAL OF NEUROGASTROENTEROLOGY AND MOTILITY,2093-0887;2093-0879,true,,
JOURNAL OF NEUROIMMUNE PHARMACOLOGY,1557-1904;1557-1890,true,,
JOURNAL OF NEUROINFLAMMATION,1742-2094,true,,
JOURNAL OF NEUROINTERVENTIONAL SURGERY,1759-8486;1759-8478,true,,
JOURNAL OF NEUROLINGUISTICS,1873-8052;0911-6044,true,,
JOURNAL OF NEUROLOGIC PHYSICAL THERAPY,1557-0584;1557-0576,true,,
JOURNAL OF NEUROLOGY,1432-1459;0340-5354,true,,
"JOURNAL OF NEUROLOGY, NEUROSURGERY AND PSYCHIATRY",1468-330X;0022-3050,true,,
JOURNAL OF NEUROMUSCULAR DISEASES,2214-3602;2214-3599,true,,
JOURNAL OF NEUROPATHOLOGY AND EXPERIMENTAL NEUROLOGY,1554-6578;0022-3069,true,,
JOURNAL OF NEUROPSYCHOLOGY,1748-6653;1748-6645,true,,
JOURNAL OF NEURORADIOLOGY,1773-0406;0150-9861,true,,
JOURNAL OF NEUROSCIENCE,1529-2401;0270-6474,true,,
JOURNAL OF NEUROSCIENCE RESEARCH,1097-4547;0360-4012,true,,
JOURNAL OF NEUROSURGERY,1933-0693;0022-3085,true,,
JOURNAL OF NEUROSURGERY - PEDIATRICS,1933-0715;1933-0707,true,,
JOURNAL OF NEUROSURGERY - SPINE,1547-5654;1547-5646,true,,
JOURNAL OF NEUROSURGICAL ANESTHESIOLOGY,1537-1921;0898-4921,true,,
JOURNAL OF NEUROSURGICAL SCIENCES,1827-1855;0390-5616,true,,
JOURNAL OF NEUROTRAUMA,1557-9042;0897-7151,true,,
JOURNAL OF NEW APPROACHES IN EDUCATIONAL RESEARCH,2254-7339,true,,
JOURNAL OF NEW MUSIC RESEARCH,1744-5027;0929-8215,true,,
JOURNAL OF NIETZSCHE STUDIES,1538-4594;0968-8005,true,,
JOURNAL OF NON-CRYSTALLINE SOLIDS,1873-4812;0022-3093,true,,
JOURNAL OF NON-EQUILIBRIUM THERMODYNAMICS,1437-4358;0340-0204,true,,
JOURNAL OF NON-NEWTONIAN FLUID MECHANICS,1873-2631;0377-0257,true,,
JOURNAL OF NONDESTRUCTIVE EVALUATION,1573-4862;0195-9298,true,,
JOURNAL OF NONLINEAR AND VARIATIONAL ANALYSIS,2560-6921;2560-6778,true,,
JOURNAL OF NONLINEAR FUNCTIONAL ANALYSIS,2052-532X,true,,
JOURNAL OF NONLINEAR SCIENCE,1432-1467;0938-8974,true,,
JOURNAL OF NONVERBAL BEHAVIOR,1573-3653;0191-5886,true,,
JOURNAL OF NUCLEAR CARDIOLOGY,1532-6551;1071-3581,true,,
JOURNAL OF NUCLEAR MATERIALS,1873-4820;0022-3115,true,,
JOURNAL OF NUCLEAR MEDICINE,1535-5667;0161-5505,true,,
JOURNAL OF NUMERICAL MATHEMATICS,1570-2820;1569-3953,true,,
JOURNAL OF NURSING EDUCATION,1938-2421;0148-4834,true,,
JOURNAL OF NURSING MANAGEMENT,1365-2834;0966-0429,true,,
JOURNAL OF NURSING RESEARCH,1948-965X;1682-3141,true,,
JOURNAL OF NURSING SCHOLARSHIP,1547-5069;1527-6546,true,,
JOURNAL OF NUTRITION,1541-6100;0022-3166,true,,
"JOURNAL OF NUTRITION, HEALTH AND AGING",1760-4788;1279-7707,false,2024-07-11,removed from the White List
JOURNAL OF NUTRITIONAL BIOCHEMISTRY,1873-4847;0955-2863,true,,
JOURNAL OF OBESITY AND METABOLIC SYNDROME,2508-7576;2508-6235,true,,
JOURNAL OF OCCUPATIONAL AND ENVIRONMENTAL HYGIENE,1545-9632;1545-9624,true,,
JOURNAL OF OCCUPATIONAL AND ORGANIZATIONAL PSYCHOLOGY,2044-8325;0963-1798,true,,
JOURNAL OF OCCUPATIONAL HEALTH PSYCHOLOGY,1939-1307;1076-8998,true,,
JOURNAL OF OCCUPATIONAL REHABILITATION,1573-3688;1053-0487,true,,
JOURNAL OF OCCUPATIONAL SCIENCE,2158-1576;1442-7591,true,,
JOURNAL OF OCEAN ENGINEERING AND MARINE ENERGY,2198-6452;2198-6444,true,,
JOURNAL OF OCEAN ENGINEERING AND SCIENCE,2468-0133,true,,
JOURNAL OF OCULAR PHARMACOLOGY AND THERAPEUTICS,1557-7732;1080-7683,true,,
JOURNAL OF OPEN ARCHAEOLOGY DATA,2049-1565,true,,
JOURNAL OF OPERATIONAL OCEANOGRAPHY,1755-8778;1755-876X,true,,
JOURNAL OF OPERATIONS MANAGEMENT,1873-1317;0272-6963,true,,
JOURNAL OF OPTICAL COMMUNICATIONS AND NETWORKING,1943-0639;1943-0620,true,,
JOURNAL OF OPTIMIZATION THEORY AND APPLICATIONS,1573-2878;0022-3239,true,,
JOURNAL OF ORAL MICROBIOLOGY,2000-2297,true,,
JOURNAL OF ORAL PATHOLOGY AND MEDICINE,1600-0714;0904-2512,true,,
JOURNAL OF ORAL REHABILITATION,1365-2842;0305-182X,true,,
JOURNAL OF ORGANIC CHEMISTRY,1520-6904;0022-3263,true,,
JOURNAL OF ORGANIZATION DESIGN,2245-408X,true,,
JOURNAL OF ORGANIZATIONAL AND END USER COMPUTING,1546-5012;1546-2234,true,,
JOURNAL OF ORGANIZATIONAL BEHAVIOR,1099-1379;0894-3796,true,,
JOURNAL OF ORGANIZATIONAL EFFECTIVENESS - PEOPLE AND PERFORMANCE,2051-6622;2051-6614,true,,
JOURNAL OF ORNITHOLOGY,2193-7192,true,,
JOURNAL OF ORTHOPAEDIC AND SPORTS PHYSICAL THERAPY,1938-1344;0190-6011,true,,
JOURNAL OF ORTHOPAEDIC RESEARCH,1554-527X;0736-0266,true,,
JOURNAL OF ORTHOPAEDIC TRANSLATION,2214-031X,false,2024-07-11,removed from the White List
JOURNAL OF ORTHOPAEDIC TRAUMA,1531-2291;0890-5339,true,,
JOURNAL OF ORTHOPAEDICS AND TRAUMATOLOGY,1590-9999;1590-9921,true,,
JOURNAL OF OSTEOPOROSIS,2090-8059;2042-0064,true,,
JOURNAL OF OTOLARYNGOLOGY - HEAD AND NECK SURGERY,1916-0208;1916-0216,true,,
JOURNAL OF OVARIAN RESEARCH,1757-2215,true,,
JOURNAL OF PACIFIC HISTORY,1469-9605;0022-3344,true,,
JOURNAL OF PAIN,1528-8447;1526-5900,true,,
JOURNAL OF PAIN AND SYMPTOM MANAGEMENT,1873-6513;0885-3924,true,,
JOURNAL OF PAIN RESEARCH,1178-7090,true,,
JOURNAL OF PALAEOGEOGRAPHY - ENGLISH,2524-4507;2095-3836,false,2024-07-11,removed from the White List
JOURNAL OF PALEOLITHIC ARCHAEOLOGY,2520-8217,true,,
JOURNAL OF PALLIATIVE CARE,2369-5293;0825-8597,true,,
JOURNAL OF PALLIATIVE MEDICINE,1557-7740;1096-6218,true,,
JOURNAL OF PARALLEL AND DISTRIBUTED COMPUTING,1096-0848;0743-7315,true,,
JOURNAL OF PARENTERAL AND ENTERAL NUTRITION,1941-2444;0148-6071,true,,
JOURNAL OF PARKINSON'S DISEASE,1877-718X;1877-7171,true,,
THE JOURNAL OF PASTORAL CARE & COUNSELING : JPCC,2167-776X;1542-3050,true,,
JOURNAL OF PATHOLOGY,1096-9896;0022-3417,true,,
JOURNAL OF PATHOLOGY: CLINICAL RESEARCH,2056-4538,true,,
JOURNAL OF PEACE RESEARCH,1460-3578;0022-3433,true,,
JOURNAL OF PEASANT STUDIES,1743-9361;0306-6150,true,,
JOURNAL OF PEDIATRIC GASTROENTEROLOGY AND NUTRITION,1536-4801;0277-2116,true,,
JOURNAL OF PEDIATRIC ORTHOPAEDICS,1539-2570;0271-6798,true,,
JOURNAL OF PEDIATRIC PSYCHOLOGY,1465-735X;0146-8693,true,,
JOURNAL OF PEDIATRIC SURGERY,1531-5037;0022-3468,true,,
JOURNAL OF PEDIATRICS,1097-6833;0022-3476,true,,
JOURNAL OF PENSION ECONOMICS AND FINANCE,1475-3022;1474-7472,true,,
JOURNAL OF PERINATAL AND NEONATAL NURSING,1550-5073;0893-2190,true,,
JOURNAL OF PERINATAL MEDICINE,1619-3997;0300-5577,true,,
JOURNAL OF PERINATOLOGY,1476-5543;0743-8346,true,,
JOURNAL OF PERIODONTAL RESEARCH,1600-0765;0022-3484,true,,
JOURNAL OF PERIODONTOLOGY,1943-3670;0022-3492,true,,
JOURNAL OF PERSONAL SELLING AND SALES MANAGEMENT,1557-7813;0885-3134,true,,
JOURNAL OF PERSONALITY,1467-6494;0022-3506,true,,
JOURNAL OF PERSONALITY AND SOCIAL PSYCHOLOGY,1939-1315,true,,
JOURNAL OF PERSONALITY ASSESSMENT,1532-7752;0022-3891,true,,
JOURNAL OF PERSONALIZED MEDICINE,2075-4426,true,,
JOURNAL OF PEST SCIENCE,1612-4766;1612-4758,true,,
JOURNAL OF PESTICIDE SCIENCES,1349-0923;1348-589X,true,,
JOURNAL OF PETROLEUM GEOLOGY,1747-5457;0141-6421,true,,
GEOENERGY SCIENCE AND ENGINEERING,2949-8910;2949-8929,true,,
JOURNAL OF PETROLOGY,1460-2415;0022-3530,true,,
JOURNAL OF PHARMACEUTICAL ANALYSIS,2214-0883;2095-1779,false,2024-07-11,removed from the White List
JOURNAL OF PHARMACEUTICAL AND BIOMEDICAL ANALYSIS,1873-264X;0731-7085,true,,
JOURNAL OF PHARMACEUTICAL INVESTIGATION,2093-6214;2093-5552,true,,
JOURNAL OF PHARMACEUTICAL POLICY AND PRACTICE,2052-3211,true,,
JOURNAL OF PHARMACOLOGY AND EXPERIMENTAL THERAPEUTICS,1521-0103;0022-3565,true,,
JOURNAL OF PHARMACOPUNCTURE,2234-6856;2093-6966,true,,
JOURNAL OF PHARMACY AND PHARMACOLOGY,2042-7158;0022-3573,true,,
JOURNAL OF PHILOSOPHICAL LOGIC,1573-0433;0022-3611,true,,
THE JOURNAL OF PHILOSOPHY,1939-8549;0022-362X,true,,
JOURNAL OF PHILOSOPHY OF EDUCATION,1467-9752;0309-8249,true,,
JOURNAL OF PHONETICS,1095-8576;0095-4470,true,,
JOURNAL OF PHOTOCHEMISTRY AND PHOTOBIOLOGY A - CHEMISTRY,1873-2666;1010-6030,true,,
JOURNAL OF PHOTOCHEMISTRY AND PHOTOBIOLOGY B - BIOLOGY,1873-2682;1011-1344,true,,
JOURNAL OF PHOTOCHEMISTRY AND PHOTOBIOLOGY C - PHOTOCHEMISTRY REVIEWS,1873-2739;1389-5567,true,,
JOURNAL OF PHYCOLOGY,1529-8817;0022-3646,true,,
JOURNAL OF PHYSICAL ACTIVITY & HEALTH,1543-5474;1543-3080,true,,
JOURNAL OF PHYSICAL AND CHEMICAL REFERENCE DATA,1529-7845;0047-2689,true,,
JOURNAL OF PHYSICAL CHEMISTRY C,1932-7455;1932-7447,true,,
JOURNAL OF PHYSICAL CHEMISTRY LETTERS,1948-7185,true,,
JOURNAL OF PHYSICAL OCEANOGRAPHY,1520-0485;0022-3670,true,,
JOURNAL OF PHYSICS - COMPLEXITY,2632-072X,true,,
JOURNAL OF PHYSICS - ENERGY,2515-7655,true,,
JOURNAL OF PHYSICS - MATERIALS,2515-7639,true,,
JOURNAL OF PHYSICS - PHOTONICS,2515-7647,true,,
JOURNAL OF PHYSICS A - MATHEMATICAL AND THEORETICAL,1751-8121;1751-8113,true,,
JOURNAL OF PHYSICS AND CHEMISTRY OF SOLIDS,1879-2553;0022-3697,true,,
JOURNAL OF PHYSICS D: APPLIED PHYSICS,1361-6463;0022-3727,true,,
JOURNAL OF PHYSICS G - NUCLEAR AND PARTICLE PHYSICS,1361-6471;0954-3899,true,,
JOURNAL OF PHYSIOLOGY - LONDON,1469-7793;0022-3751,true,,
JOURNAL OF PHYSIOLOGY AND BIOCHEMISTRY,1877-8755;1138-7548,true,,
JOURNAL OF PHYSIOTHERAPY,1836-9561;1836-9553,false,2024-07-11,removed from the White List
JOURNAL OF PINEAL RESEARCH,1600-079X;0742-3098,true,,
JOURNAL OF PLANNING EDUCATION AND RESEARCH,1552-6577;0739-456X,true,,
JOURNAL OF PLANNING LITERATURE,1552-6593;0885-4122,true,,
JOURNAL OF PLANT BIOLOGY,1867-0725;1226-9239,true,,
JOURNAL OF PLANT GROWTH REGULATION,1435-8107;0721-7595,true,,
JOURNAL OF PLANT INTERACTIONS,1742-9153;1742-9145,true,,
JOURNAL OF PLANT NUTRITION,1532-4087;0190-4167,true,,
JOURNAL OF PLANT NUTRITION AND SOIL SCIENCE,1522-2624;1436-8730,true,,
JOURNAL OF PLANT PATHOLOGY,2239-7264;1125-4653,true,,
JOURNAL OF PLANT PHYSIOLOGY,1618-1328;0176-1617,true,,
JOURNAL OF PLANT RESEARCH,1618-0860;0918-9440,true,,
JOURNAL OF PLASTIC FILM AND SHEETING,1530-8014;8756-0879,true,,
"JOURNAL OF PLASTIC, RECONSTRUCTIVE AND AESTHETIC SURGERY",1878-0539;1748-6815,true,,
JOURNAL OF POLICE AND CRIMINAL PSYCHOLOGY,1936-6469;0882-0783,true,,
JOURNAL OF POLICY ANALYSIS AND MANAGEMENT,1520-6688;0276-8739,true,,
JOURNAL OF POLICY MODELING,1873-8060;0161-8938,true,,
JOURNAL OF POLITENESS RESEARCH - LANGUAGE BEHAVIOUR CULTURE,1613-4877;1612-5681,true,,
JOURNAL OF POLITICAL ECOLOGY,1073-0451,true,,
JOURNAL OF POLITICAL ECONOMY,1537-534X;0022-3808,true,,
JOURNAL OF POLITICAL MARKETING,1537-7865;1537-7857,true,,
JOURNAL OF POLITICAL PHILOSOPHY,1467-9760;0963-8016,true,,
JOURNAL OF POLITICS,1468-2508;0022-3816,true,,
JOURNAL OF POLYMERS AND THE ENVIRONMENT,1572-8919;1566-2543,true,,
JOURNAL OF POPULATION ECONOMICS,1432-1475;0933-1433,true,,
JOURNAL OF POSITIVE BEHAVIOR INTERVENTIONS,1538-4772;1098-3007,true,,
JOURNAL OF POSITIVE PSYCHOLOGY,1743-9779;1743-9760,true,,
JOURNAL OF POSTCOLONIAL WRITING,1744-9863;1744-9855,true,,
JOURNAL OF POULTRY SCIENCE,1349-0486;1346-7395,true,,
JOURNAL OF POWER SOURCES,1873-2755;0378-7753,true,,
JOURNAL OF POWER SOURCES ADVANCES,2666-2485,false,2024-07-11,removed from the White List
JOURNAL OF PRAGMATICS,1879-1387;0378-2166,true,,
JOURNAL OF PREGNANCY,2090-2735;2090-2727,true,,
JOURNAL OF PRIMARY CARE AND COMMUNITY HEALTH,2150-1327;2150-1319,true,,
JOURNAL OF PROCESS CONTROL,1873-2771;0959-1524,true,,
JOURNAL OF PRODUCT AND BRAND MANAGEMENT,2054-1643;1061-0421,true,,
JOURNAL OF PRODUCT INNOVATION MANAGEMENT,1540-5885;0737-6782,true,,
JOURNAL OF PRODUCTIVITY ANALYSIS,1573-0441;0895-562X,true,,
JOURNAL OF PROFESSIONAL CAPITAL AND COMMUNITY,2056-9556;2056-9548,true,,
JOURNAL OF PROFESSIONAL NURSING,1532-8481;8755-7223,true,,
JOURNAL OF PROFESSIONS AND ORGANIZATION,2051-8811;2051-8803,true,,
JOURNAL OF PROPERTY RESEARCH,1466-4453;0959-9916,true,,
JOURNAL OF PROPULSION AND POWER,1533-3876;0748-4658,true,,
JOURNAL OF PROSTHETIC DENTISTRY,1097-6841;0022-3913,true,,
JOURNAL OF PROSTHODONTIC RESEARCH,2212-4632;1883-1958,true,,
JOURNAL OF PROSTHODONTICS - IMPLANT ESTHETIC AND RECONSTRUCTIVE DENTISTRY,1532-849X;1059-941X,true,,
JOURNAL OF PROTEOME RESEARCH,1535-3907;1535-3893,true,,
JOURNAL OF PROTEOMICS,1876-7737;1874-3919,true,,
JOURNAL OF PSEUDO-DIFFERENTIAL OPERATORS AND APPLICATIONS,1662-999X;1662-9981,true,,
JOURNAL OF PSYCHIATRIC RESEARCH,1879-1379;0022-3956,true,,
JOURNAL OF PSYCHIATRY AND NEUROSCIENCE,1488-2434;1180-4882,true,,
JOURNAL OF PSYCHOACTIVE DRUGS,2159-9777;0279-1072,true,,
JOURNAL OF PSYCHOLINGUISTIC RESEARCH,1573-6555;0090-6905,true,,
JOURNAL OF PSYCHOLOGY,1940-1019;0022-3980,true,,
JOURNAL OF PSYCHOLOGY AND THEOLOGY,2328-1162;0091-6471,true,,
JOURNAL OF PSYCHOPHARMACOLOGY,1461-7285;0269-8811,true,,
JOURNAL OF PSYCHOSOMATIC OBSTETRICS AND GYNAECOLOGY,1743-8942;0167-482X,true,,
JOURNAL OF PSYCHOSOMATIC RESEARCH,1879-1360;0022-3999,true,,
JOURNAL OF PUBLIC ADMINISTRATION RESEARCH AND THEORY,1477-9803;1053-1858,true,,
JOURNAL OF PUBLIC AFFAIRS,1479-1854;1472-3891,true,,
JOURNAL OF PUBLIC AFFAIRS EDUCATION,2328-9643;1523-6803,true,,
"JOURNAL OF PUBLIC BUDGETING, ACCOUNTING AND FINANCIAL MANAGEMENT",1945-1814;1096-3367,true,,
JOURNAL OF PUBLIC CHILD WELFARE,1554-8740;1554-8732,true,,
JOURNAL OF PUBLIC ECONOMICS,0047-2727,true,,
JOURNAL OF PUBLIC HEALTH,1741-3850;1741-3842,true,,
JOURNAL OF PUBLIC HEALTH POLICY,1745-655X;0197-5897,true,,
JOURNAL OF PUBLIC POLICY,1469-7815;0143-814X,true,,
JOURNAL OF PUBLIC POLICY AND MARKETING,1547-7207;0743-9156,true,,
JOURNAL OF PUBLIC RELATIONS RESEARCH,1532-754X;1062-726X,true,,
JOURNAL OF PUBLIC TRANSPORTATION,2375-0901;1077-291X,false,2024-07-11,removed from the White List
JOURNAL OF PURCHASING AND SUPPLY MANAGEMENT,1873-6505;1478-4092,true,,
JOURNAL OF QUALITY TECHNOLOGY,2575-6230;0022-4065,true,,
JOURNAL OF QUANTITATIVE ANALYSIS IN SPORTS,2194-6388;1559-0410,true,,
JOURNAL OF QUANTITATIVE CRIMINOLOGY,1573-7799;0748-4518,true,,
JOURNAL OF QUANTITATIVE LINGUISTICS,1744-5035;0929-6174,true,,
JOURNAL OF QUANTITATIVE SPECTROSCOPY AND RADIATIVE TRANSFER,1879-1352;0022-4073,true,,
JOURNAL OF QUATERNARY SCIENCE,1099-1417;0267-8179,true,,
JOURNAL OF RACIAL AND ETHNIC HEALTH DISPARITIES,2197-3792;2196-8837,true,,
JOURNAL OF RAMAN SPECTROSCOPY,1097-4555;0377-0486,true,,
JOURNAL OF RARE EARTHS,1002-0721,true,,
JOURNAL OF REFRACTIVE SURGERY,1938-2391;1081-597X,true,,
JOURNAL OF REFUGEE STUDIES,1471-6925;0951-6328,true,,
JOURNAL OF REGIONAL SCIENCE,1467-9787;0022-4146,true,,
JOURNAL OF REHABILITATION MEDICINE,1651-2081;1650-1977,true,,
JOURNAL OF REINFORCED PLASTICS AND COMPOSITES,1530-7964;0731-6844,true,,
JOURNAL OF RELIGION,1549-6538;0022-4189,true,,
JOURNAL OF RELIGION AND HEALTH,1573-6571;0022-4197,true,,
JOURNAL OF RELIGION AND SPIRITUALITY IN SOCIAL WORK,1542-6440;1542-6432,true,,
"JOURNAL OF RELIGION, MEDIA AND DIGITAL CULTURE",2588-8099;2165-9214,true,,
"JOURNAL OF RELIGION, SPIRITUALITY AND AGING",1552-8049;1552-8030,true,,
JOURNAL OF RELIGIOUS EDUCATION,2199-4625;1442-018X,true,,
JOURNAL OF RELIGIOUS ETHICS,1467-9795;0384-9694,true,,
JOURNAL OF RENAL NUTRITION,1532-8503;1051-2276,true,,
JOURNAL OF REPRODUCTION AND DEVELOPMENT,1348-4400;0916-8818,true,,
JOURNAL OF RESEARCH IN CRIME AND DELINQUENCY,1552-731X;0022-4278,true,,
JOURNAL OF RESEARCH IN INTERACTIVE MARKETING,2040-7130;2040-7122,true,,
JOURNAL OF RESEARCH IN MARKETING AND ENTREPRENEURSHIP,1471-521X;1471-5201,true,,
JOURNAL OF RESEARCH IN MUSIC EDUCATION,1945-0095;0022-4294,true,,
JOURNAL OF RESEARCH IN PERSONALITY,1095-7251;0092-6566,true,,
JOURNAL OF RESEARCH IN READING,1467-9817;0141-0423,true,,
JOURNAL OF RESEARCH IN SCIENCE TEACHING,1098-2736;0022-4308,true,,
JOURNAL OF RESEARCH IN SPECIAL EDUCATIONAL NEEDS,1471-3802,true,,
JOURNAL OF RESEARCH ON ADOLESCENCE,1532-7795;1050-8392,true,,
JOURNAL OF RESEARCH ON EDUCATIONAL EFFECTIVENESS,1934-5747;1934-5739,true,,
JOURNAL OF RESEARCH ON TECHNOLOGY IN EDUCATION,1945-0818;1539-1523,true,,
JOURNAL OF RESPONSIBLE INNOVATION,2329-9460;2329-9037,true,,
JOURNAL OF RETAILING,1873-3271;0022-4359,true,,
JOURNAL OF RETAILING AND CONSUMER SERVICES,1873-1384;0969-6989,true,,
JOURNAL OF RHEOLOGY,1520-8516;0148-6055,true,,
JOURNAL OF RHEUMATOLOGY,1499-2752;0315-162X,true,,
JOURNAL OF RISK AND INSURANCE,1539-6975;0022-4367,true,,
JOURNAL OF RISK AND UNCERTAINTY,1573-0476;0895-5646,true,,
JOURNAL OF RISK RESEARCH,1466-4461;1366-9877,true,,
JOURNAL OF ROBOTIC SURGERY,1863-2491;1863-2483,true,,
JOURNAL OF ROCK MECHANICS AND GEOTECHNICAL ENGINEERING,2589-0417;1674-7755,true,,
JOURNAL OF ROMAN STUDIES,1753-528X;0075-4358,true,,
JOURNAL OF RURAL HEALTH,1748-0361;0890-765X,true,,
JOURNAL OF RURAL STUDIES,1873-1392;0743-0167,true,,
JOURNAL OF SAFETY RESEARCH,1879-1247;0022-4375,true,,
JOURNAL OF SANDWICH STRUCTURES AND MATERIALS,1530-7972;1099-6362,true,,
JOURNAL OF SAUDI CHEMICAL SOCIETY,2212-4640;1319-6103,false,2024-07-11,removed from the White List
JOURNAL OF SCHOLARLY PUBLISHING,1710-1166;1198-9742,true,,
JOURNAL OF SCHOOL HEALTH,1746-1561;0022-4391,true,,
JOURNAL OF SCHOOL NURSING,1546-8364;1059-8405,true,,
JOURNAL OF SCHOOL PSYCHOLOGY,1873-3506;0022-4405,true,,
JOURNAL OF SCHOOL VIOLENCE,1538-8239;1538-8220,true,,
JOURNAL OF SCIENCE - ADVANCED MATERIALS AND DEVICES,2468-2284;2468-2179,false,2024-07-11,removed from the White List
JOURNAL OF SCIENCE AND MEDICINE IN SPORT,1878-1861;1440-2440,true,,
JOURNAL OF SCIENCE AND TECHNOLOGY POLICY MANAGEMENT,2053-4620;2053-4639,true,,
JOURNAL OF SCIENCE EDUCATION AND TECHNOLOGY,1573-1839;1059-0145,true,,
JOURNAL OF SCIENTIFIC COMPUTING,1573-7691;0885-7474,true,,
JOURNAL OF SCOTTISH HISTORICAL STUDIES,1755-1749;1748-538X,true,,
JOURNAL OF SCREENWRITING,1759-7145;1759-7137,true,,
JOURNAL OF SECOND LANGUAGE STUDIES,2542-3843;2542-3835,true,,
JOURNAL OF SECOND LANGUAGE WRITING,1873-1422;1060-3743,true,,
JOURNAL OF SEDIMENTARY RESEARCH,1938-3681;1527-1404,true,,
JOURNAL OF SEMANTICS,1477-4593;0167-5133,true,,
JOURNAL OF SEMITIC STUDIES,1477-8556;0022-4480,true,,
JOURNAL OF SENSOR AND ACTUATOR NETWORKS,2224-2708,true,,
JOURNAL OF SERVICE MANAGEMENT,1757-5826;1757-5818,true,,
JOURNAL OF SERVICE RESEARCH,1552-7379;1094-6705,true,,
JOURNAL OF SERVICE THEORY AND PRACTICE,2055-6225,true,,
JOURNAL OF SERVICES MARKETING,0887-6045,true,,
JOURNAL OF SEX RESEARCH,1559-8519;0022-4499,true,,
JOURNAL OF SEXUAL MEDICINE,1743-6109;1743-6095,true,,
JOURNAL OF SHOULDER AND ELBOW SURGERY,1532-6500;1058-2746,true,,
JOURNAL OF SIMULATION,1747-7786;1747-7778,true,,
JOURNAL OF SLEEP RESEARCH,1365-2869;0962-1105,true,,
JOURNAL OF SMALL BUSINESS AND ENTERPRISE DEVELOPMENT,1758-7840;1462-6004,true,,
JOURNAL OF SMALL BUSINESS MANAGEMENT,1540-627X;0047-2778,true,,
JOURNAL OF SOCIAL AND PERSONAL RELATIONSHIPS,1460-3608;0265-4075,true,,
JOURNAL OF SOCIAL ARCHAEOLOGY,1741-2951;1469-6053,true,,
JOURNAL OF SOCIAL DISTRESS AND THE HOMELESS,1573-658X;1053-0789,true,,
JOURNAL OF SOCIAL ENTREPRENEURSHIP,1942-0684;1942-0676,true,,
JOURNAL OF SOCIAL HISTORY,1527-1897;0022-4529,true,,
JOURNAL OF SOCIAL ISSUES,1540-4560;0022-4537,true,,
JOURNAL OF SOCIAL MARKETING,2042-6771;2042-6763,true,,
JOURNAL OF SOCIAL PHILOSOPHY,1467-9833;0047-2786,true,,
JOURNAL OF SOCIAL POLICY,1469-7823;0047-2794,true,,
THE JOURNAL OF SOCIAL POLICY STUDIES/ZHURNAL ISSLEDOVANIY SOTSIAL'NOY POLITIKI|ЖУРНАЛ ИССЛЕДОВАНИЙ СОЦИАЛЬНОЙ ПОЛИТИКИ,1727-0634,true,,
JOURNAL OF SOCIAL WORK,1741-296X;1468-0173,true,,
JOURNAL OF SOCIAL WORK EDUCATION,2163-5811;1043-7797,true,,
JOURNAL OF SOCIAL WORK IN END-OF-LIFE AND PALLIATIVE CARE,1552-4264;1552-4256,true,,
JOURNAL OF SOCIOLINGUISTICS,1467-9841;1360-6441,true,,
JOURNAL OF SOCIOLOGY,1741-2978;1440-7833,true,,
JOURNAL OF SOIL SCIENCE AND PLANT NUTRITION,0718-9508;0718-9516,true,,
JOURNAL OF SOILS AND SEDIMENTS,1614-7480;1439-0108,true,,
JOURNAL OF SOL - GEL SCIENCE AND TECHNOLOGY,1573-4846;0928-0707,true,,
JOURNAL OF SOUND AND VIBRATION,1095-8568;0022-460X,true,,
JOURNAL OF SOUTHEAST ASIAN STUDIES,1474-0680;0022-4634,true,,
JOURNAL OF SOUTHERN AFRICAN STUDIES,1465-3893;0305-7070,true,,
JOURNAL OF SPACE WEATHER AND SPACE CLIMATE,2115-7251,true,,
JOURNAL OF SPACECRAFT AND ROCKETS,1533-6794;0022-4650,true,,
JOURNAL OF SPATIAL INFORMATION SCIENCE,1948-660X,true,,
JOURNAL OF SPATIAL SCIENCE,1836-5655;1449-8596,true,,
JOURNAL OF SPECIAL EDUCATION,1538-4764;0022-4669,true,,
JOURNAL OF SPECIAL EDUCATION TECHNOLOGY,2381-3121;0162-6434,true,,
JOURNAL OF SPECIALISED TRANSLATION,1740-357X,true,,
JOURNAL OF SPECTRAL THEORY,1664-0403;1664-039X,true,,
"JOURNAL OF SPEECH, LANGUAGE, AND HEARING RESEARCH",1558-9102;1092-4388,true,,
JOURNAL OF SPORT AND SOCIAL ISSUES,1552-7638;0193-7235,true,,
JOURNAL OF SPORT AND HEALTH RESEARCH,1989-6239,true,,
JOURNAL OF SPORT AND HEALTH SCIENCE,2213-2961;2095-2546,true,,
JOURNAL OF SPORT MANAGEMENT,1543-270X;0888-4773,true,,
JOURNAL OF SPORT REHABILITATION,1543-3072;1056-6716,true,,
JOURNAL OF SPORTS ECONOMICS,1552-7794;1527-0025,true,,
JOURNAL OF SPORTS SCIENCE AND MEDICINE,1303-2968,true,,
JOURNAL OF SPORTS SCIENCES,1466-447X;0264-0414,true,,
JOURNAL OF STATISTICAL MECHANICS - THEORY AND EXPERIMENT,1742-5468,true,,
JOURNAL OF STATISTICAL SOFTWARE,1548-7660,true,,
JOURNAL OF STEROID BIOCHEMISTRY AND MOLECULAR BIOLOGY,1879-1220;0960-0760,true,,
JOURNAL OF STORED PRODUCTS RESEARCH,1879-1212;0022-474X,true,,
JOURNAL OF STRATEGIC INFORMATION SYSTEMS,1873-1198;0963-8687,true,,
JOURNAL OF STRATEGIC MARKETING,1466-4488;0965-254X,true,,
JOURNAL OF STRATEGIC STUDIES,1743-937X;0140-2390,true,,
JOURNAL OF STRENGTH AND CONDITIONING RESEARCH,1533-4287;1064-8011,true,,
JOURNAL OF STROKE,2287-6405;2287-6391,true,,
JOURNAL OF STROKE AND CEREBROVASCULAR DISEASES,1532-8511;1052-3057,true,,
JOURNAL OF STRUCTURAL ENGINEERING,1943-541X;0733-9445,true,,
JOURNAL OF STRUCTURAL GEOLOGY,1873-1201;0191-8141,true,,
JOURNAL OF STUDIES IN INTERNATIONAL EDUCATION,1552-7808;1028-3153,true,,
JOURNAL OF STUDIES ON ALCOHOL AND DRUGS,1938-4114;1937-1888,true,,
JOURNAL OF SUPERCOMPUTING,1573-0484;0920-8542,true,,
JOURNAL OF SUPERCRITICAL FLUIDS,1872-8162;0896-8446,true,,
JOURNAL OF SUPPLY CHAIN MANAGEMENT,1745-493X;1523-2409,true,,
JOURNAL OF SURGICAL EDUCATION,1878-7452;1931-7204,true,,
JOURNAL OF SURGICAL ONCOLOGY,1096-9098;0022-4790,true,,
JOURNAL OF SURVEY STATISTICS AND METHODOLOGY,2325-0992;2325-0984,true,,
JOURNAL OF SUSTAINABLE CEMENT-BASED MATERIALS,2165-0381;2165-0373,true,,
JOURNAL OF SUSTAINABLE DEVELOPMENT OF ENERGY WATER AND ENVIRONMENT SYSTEMS - JSDEWES,1848-9257,true,,
JOURNAL OF SUSTAINABLE FINANCE AND INVESTMENT,2043-0809;2043-0795,true,,
JOURNAL OF SUSTAINABLE METALLURGY,2199-3831;2199-3823,true,,
JOURNAL OF SUSTAINABLE TOURISM,1747-7646;0966-9582,true,,
JOURNAL OF SWINE HEALTH AND PRODUCTION,1537-209X,true,,
JOURNAL OF SYNCHROTRON RADIATION,1600-5775;0909-0495,true,,
JOURNAL OF SYSTEMATIC PALAEONTOLOGY,1478-0941;1477-2019,true,,
JOURNAL OF SYSTEMATICS AND EVOLUTION,1759-6831;1674-4918,true,,
JOURNAL OF SYSTEMS AND SOFTWARE,1873-1228;0164-1212,true,,
JOURNAL OF SYSTEMS ARCHITECTURE,1873-6165;1383-7621,true,,
JOURNAL OF TAIBAH UNIVERSITY FOR SCIENCE,1658-3655,true,,
JOURNAL OF TAX REFORM,2414-9497;2412-8872,true,,
JOURNAL OF TEACHER EDUCATION,1552-7816;0022-4871,true,,
JOURNAL OF TEACHING IN PHYSICAL EDUCATION,1543-2769;0273-5024,true,,
JOURNAL OF TECHNOLOGY IN HUMAN SERVICES,1522-8991;1522-8835,true,,
JOURNAL OF TECHNOLOGY TRANSFER,1573-7047;0892-9912,true,,
JOURNAL OF TELEMEDICINE AND TELECARE,1758-1109;1357-633X,true,,
JOURNAL OF TERRAMECHANICS,1879-1204;0022-4898,true,,
JOURNAL OF TEXTURE STUDIES,1745-4603;0022-4901,true,,
JOURNAL OF THE ACADEMY OF MARKETING SCIENCE,1552-7824;0092-0703,true,,
JOURNAL OF THE ACADEMY OF NUTRITION AND DIETETICS,2212-2680;2212-2672,true,,
JOURNAL OF THE ACM,1557-735X;0004-5411,true,,
JOURNAL OF THE AMERICAN ACADEMY OF CHILD AND ADOLESCENT PSYCHIATRY,1527-5418;0890-8567,true,,
JOURNAL OF THE AMERICAN ACADEMY OF DERMATOLOGY,1097-6787;0190-9622,true,,
THE JOURNAL OF THE AMERICAN ACADEMY OF ORTHOPAEDIC SURGEONS,1940-5480;1067-151X,true,,
JOURNAL OF THE AMERICAN ACADEMY OF RELIGION,1477-4585;0002-7189,true,,
JOURNAL OF THE AMERICAN CERAMIC SOCIETY,1551-2916;0002-7820,true,,
JOURNAL OF THE AMERICAN CHEMICAL SOCIETY,1520-5126;0002-7863,true,,
JOURNAL OF THE AMERICAN COLLEGE OF CARDIOLOGY,1558-3597;0735-1097,true,,
JOURNAL OF THE AMERICAN COLLEGE OF RADIOLOGY,1558-349X;1546-1440,true,,
JOURNAL OF THE AMERICAN COLLEGE OF SURGEONS,1879-1190;1072-7515,true,,
JOURNAL OF THE AMERICAN DENTAL ASSOCIATION,1943-4723;0002-8177,true,,
JOURNAL OF THE AMERICAN GERIATRICS SOCIETY,1532-5415;0002-8614,true,,
JOURNAL OF THE AMERICAN HEART ASSOCIATION,2047-9980,true,,
JOURNAL OF THE AMERICAN HELICOPTER SOCIETY,2161-6027;0002-8711,true,,
JOURNAL OF THE AMERICAN INSTITUTE FOR CONSERVATION,1945-2330;0197-1360,true,,
JOURNAL OF THE AMERICAN MATHEMATICAL SOCIETY,1088-6834;0894-0347,true,,
JOURNAL OF THE AMERICAN MEDICAL DIRECTORS ASSOCIATION,1538-9375;1525-8610,true,,
JOURNAL OF THE AMERICAN MEDICAL INFORMATICS ASSOCIATION : JAMIA,1527-974X;1067-5027,true,,
JOURNAL OF THE AMERICAN MUSICOLOGICAL SOCIETY,1547-3848;0003-0139,true,,
JOURNAL OF THE AMERICAN ORIENTAL SOCIETY,2169-2289;0003-0279,true,,
JOURNAL OF THE AMERICAN PHILOSOPHICAL ASSOCIATION,2053-4485;2053-4477,true,,
JOURNAL OF THE AMERICAN PLANNING ASSOCIATION,1939-0130;0194-4363,true,,
JOURNAL OF THE AMERICAN PSYCHOANALYTIC ASSOCIATION,1941-2460;0003-0651,true,,
JOURNAL OF THE AMERICAN SOCIETY FOR HORTICULTURAL SCIENCE,2327-9788;0003-1062,true,,
JOURNAL OF THE AMERICAN SOCIETY FOR MASS SPECTROMETRY,1879-1123;1044-0305,true,,
JOURNAL OF THE AMERICAN SOCIETY OF ECHOCARDIOGRAPHY,1097-6795;0894-7317,true,,
JOURNAL OF THE AMERICAN SOCIETY OF NEPHROLOGY : JASN,1533-3450;1046-6673,true,,
JOURNAL OF THE AMERICAN STATISTICAL ASSOCIATION,1537-274X;0162-1459,true,,
JOURNAL OF THE AMERICAN WATER RESOURCES ASSOCIATION,1752-1688;1093-474X,true,,
JOURNAL OF THE ASIA PACIFIC ECONOMY,1469-9648;1354-7860,true,,
JOURNAL OF THE ASSOCIATION FOR CONSUMER RESEARCH,2378-1823;2378-1815,true,,
JOURNAL OF THE ASSOCIATION FOR INFORMATION SCIENCE AND TECHNOLOGY,2330-1635;2330-1643,true,,
JOURNAL OF THE ASSOCIATION FOR INFORMATION SYSTEMS,1558-3457;1536-9323,true,,
JOURNAL OF THE ASSOCIATION OF ENVIRONMENTAL AND RESOURCE ECONOMISTS,2333-5963;2333-5955,true,,
JOURNAL OF THE CHINESE MEDICAL ASSOCIATION,1728-7731;1726-4901,true,,
JOURNAL OF THE CIVIL WAR ERA,2159-9807;2154-4727,true,,
JOURNAL OF THE EARLY REPUBLIC,1553-0620;0275-1275,true,,
JOURNAL OF THE ECONOMIC AND SOCIAL HISTORY OF THE ORIENT,1568-5209;0022-4995,true,,
JOURNAL OF THE ECONOMICS OF AGEING,2212-8298;2212-828X,true,,
JOURNAL OF THE ELECTROCHEMICAL SOCIETY,1945-7111;0013-4651,true,,
JOURNAL OF THE ENERGY INSTITUTE,1746-0220;1743-9671,true,,
JOURNAL OF THE EUROPEAN ACADEMY OF DERMATOLOGY AND VENEREOLOGY,1468-3083;0926-9959,true,,
JOURNAL OF THE EUROPEAN CERAMIC SOCIETY,1873-619X;0955-2219,true,,
JOURNAL OF THE EUROPEAN ECONOMIC ASSOCIATION,1542-4774;1542-4766,true,,
JOURNAL OF THE EUROPEAN MATHEMATICAL SOCIETY,1435-9863;1435-9855,true,,
JOURNAL OF THE FORMOSAN MEDICAL ASSOCIATION = TAIWAN YI ZHI,1876-0821;0929-6646,true,,
JOURNAL OF THE FRANKLIN INSTITUTE - ENGINEERING AND APPLIED MATHEMATICS,1879-2693;0016-0032,true,,
JOURNAL OF THE GEOLOGICAL SOCIETY,2041-479X;0016-7649,true,,
JOURNAL OF THE HISTORY OF BIOLOGY,1573-0387;0022-5010,true,,
JOURNAL OF THE HISTORY OF ECONOMIC THOUGHT,1469-9656;1053-8372,true,,
JOURNAL OF THE HISTORY OF MEDICINE AND ALLIED SCIENCES,1468-4373;0022-5045,true,,
JOURNAL OF THE HISTORY OF PHILOSOPHY,1538-4586;0022-5053,true,,
JOURNAL OF THE HISTORY OF THE BEHAVIORAL SCIENCES,1520-6696;0022-5061,true,,
JOURNAL OF THE INDIAN INSTITUTE OF SCIENCE,0970-4140;0019-4964,true,,
JOURNAL OF THE INDIAN OCEAN REGION,1948-108X;1948-0881,true,,
JOURNAL OF THE INDIAN SOCIETY OF REMOTE SENSING,0974-3006;0255-660X,true,,
JOURNAL OF THE INSTITUTE OF CONSERVATION,1945-5232;1945-5224,true,,
JOURNAL OF THE INSTITUTE OF MATHEMATICS OF JUSSIEU,1475-3030;1474-7480,true,,
JOURNAL OF THE INTERNATIONAL AIDS SOCIETY,1758-2652,true,,
JOURNAL OF THE INTERNATIONAL PHONETIC ASSOCIATION,1475-3502;0025-1003,true,,
JOURNAL OF THE INTERNATIONAL SOCIETY OF SPORTS NUTRITION,1550-2783,true,,
JOURNAL OF THE JAPANESE AND INTERNATIONAL ECONOMIES,1095-8681;0889-1583,true,,
JOURNAL OF THE KNOWLEDGE ECONOMY,1868-7873;1868-7865,true,,
JOURNAL OF THE LEARNING SCIENCES,1532-7809;1050-8406,true,,
JOURNAL OF THE MECHANICS AND PHYSICS OF SOLIDS,1873-4782;0022-5096,true,,
JOURNAL OF THE MEDICAL LIBRARY ASSOCIATION : JMLA,1558-9439;1536-5050,true,,
JOURNAL OF THE MUSICAL ARTS IN AFRICA,2070-626X;1812-1004,true,,
JOURNAL OF THE NATIONAL COMPREHENSIVE CANCER NETWORK : JNCCN,1540-1413;1540-1405,true,,
JOURNAL OF THE NATIONAL MEDICAL ASSOCIATION,1943-4693;0027-9684,true,,
JOURNAL OF THE OPERATIONAL RESEARCH SOCIETY,1476-9360;0160-5682,true,,
JOURNAL OF THE PEDIATRIC INFECTIOUS DISEASES SOCIETY,2048-7193;2048-7207,true,,
JOURNAL OF THE PERIPHERAL NERVOUS SYSTEM,1529-8027;1085-9489,true,,
JOURNAL OF THE PHILOSOPHY OF HISTORY,1872-2636;1872-261X,true,,
JOURNAL OF THE ROYAL ANTHROPOLOGICAL INSTITUTE,1467-9655;1359-0987,true,,
JOURNAL OF THE ROYAL SOCIETY INTERFACE,1742-5689;1742-5662,true,,
JOURNAL OF THE ROYAL SOCIETY OF MEDICINE,1758-1095;0141-0768,true,,
JOURNAL OF THE ROYAL SOCIETY OF NEW ZEALAND,1175-8899;0303-6758,true,,
"JOURNAL OF THE ROYAL STATISTICAL SOCIETY. SERIES A, (STATISTICS IN SOCIETY)",1467-985X;0964-1998,true,,
JOURNAL OF THE ROYAL STATISTICAL SOCIETY. SERIES B: STATISTICAL METHODOLOGY,1467-9868;1369-7412,true,,
JOURNAL OF THE SCIENCE OF FOOD AND AGRICULTURE,1097-0010;0022-5142,true,,
JOURNAL OF THE SOCIETY FOR AMERICAN MUSIC,1752-1971;1752-1963,true,,
JOURNAL OF THE SOCIETY FOR INFORMATION DISPLAY,1938-3657;1071-0922,true,,
JOURNAL OF THE SOCIETY FOR SOCIAL WORK AND RESEARCH,2334-2315;1948-822X,true,,
JOURNAL OF THE SOCIETY OF CHRISTIAN ETHICS,2326-2176;1540-7942,true,,
JOURNAL OF THE TAIWAN INSTITUTE OF CHEMICAL ENGINEERS,1876-1089;1876-1070,true,,
JOURNAL OF THE WORLD AQUACULTURE SOCIETY,1749-7345;0893-8849,true,,
JOURNAL OF THEOLOGICAL STUDIES,1477-4607;0022-5185,true,,
JOURNAL OF THEORETICAL AND APPLIED ELECTRONIC COMMERCE RESEARCH,0718-1876,true,,
JOURNAL OF THEORETICAL BIOLOGY,1095-8541;0022-5193,true,,
JOURNAL OF THERMAL ANALYSIS AND CALORIMETRY,1588-2926;1388-6150,true,,
JOURNAL OF THERMAL BIOLOGY,1879-0992;0306-4565,true,,
JOURNAL OF THERMAL SPRAY TECHNOLOGY,1544-1016;1059-9630,true,,
JOURNAL OF THERMAL STRESSES,1521-074X;0149-5739,true,,
JOURNAL OF THORACIC AND CARDIOVASCULAR SURGERY,1097-685X;0022-5223,true,,
JOURNAL OF THORACIC IMAGING,1536-0237;0883-5993,true,,
JOURNAL OF THORACIC ONCOLOGY,1556-1380;1556-0864,true,,
JOURNAL OF THROMBOSIS AND HAEMOSTASIS,1538-7933;1538-7836,true,,
JOURNAL OF THROMBOSIS AND THROMBOLYSIS,1573-742X;0929-5305,true,,
JOURNAL OF TISSUE ENGINEERING,2041-7314,true,,
JOURNAL OF TISSUE ENGINEERING AND REGENERATIVE MEDICINE,1932-7005;1932-6254,true,,
JOURNAL OF TOPOLOGY,1753-8424;1753-8416,true,,
JOURNAL OF TOURISM AND SERVICES,1804-5650,true,,
JOURNAL OF TOURISM FUTURES,2055-592X;2055-5911,true,,
JOURNAL OF TOXICOLOGY,1687-8205;1687-8191,true,,
JOURNAL OF TOXICOLOGY AND ENVIRONMENTAL HEALTH - PART B - CRITICAL REVIEWS,1521-6950;1093-7404,true,,
JOURNAL OF TRADITIONAL AND COMPLEMENTARY MEDICINE,2225-4110,true,,
JOURNAL OF TRAFFIC AND TRANSPORTATION ENGINEERING (ENGLISH EDITION),2095-7564,true,,
JOURNAL OF TRANSCULTURAL NURSING,1552-7832;1043-6596,true,,
JOURNAL OF TRANSLATIONAL INTERNAL MEDICINE,2450-131X;2224-4018,true,,
JOURNAL OF TRANSLATIONAL MEDICINE,1479-5876,true,,
JOURNAL OF TRANSPORT AND HEALTH,2214-1413;2214-1405,true,,
JOURNAL OF TRANSPORT GEOGRAPHY,1873-1236;0966-6923,true,,
JOURNAL OF TRANSPORT HISTORY,1759-3999;0022-5266,true,,
JOURNAL OF TRAUMA AND ACUTE CARE SURGERY,2163-0763;2163-0755,true,,
JOURNAL OF TRAUMATIC STRESS,1573-6598;0894-9867,true,,
JOURNAL OF TRAVEL AND TOURISM MARKETING,1540-7306;1054-8408,true,,
JOURNAL OF TRAVEL MEDICINE,1708-8305;1195-1982,true,,
JOURNAL OF TRAVEL RESEARCH,1552-6763;0047-2875,true,,
JOURNAL OF TROPICAL MEDICINE,1687-9694;1687-9686,true,,
JOURNAL OF TURBOMACHINERY - TRANSACTIONS OF THE ASME,1528-8900;0889-504X,true,,
JOURNAL OF URBAN AFFAIRS,1467-9906;0735-2166,true,,
JOURNAL OF URBAN CULTURE RESEARCH,2408-1213;2228-8279,true,,
JOURNAL OF URBAN DESIGN,1469-9664;1357-4809,true,,
JOURNAL OF URBAN ECONOMICS,1095-9068;0094-1190,true,,
JOURNAL OF URBAN HEALTH,1468-2869;1099-3460,true,,
JOURNAL OF URBAN HISTORY,1552-6771;0096-1442,true,,
JOURNAL OF URBAN MANAGEMENT,2589-0360;2226-5856,false,2024-07-11,removed from the White List
"JOURNAL OF THE URBAN PLANNING AND DEVELOPMENT DIVISION, ASCE",1943-5444;0733-9488,true,,
JOURNAL OF URBAN TECHNOLOGY,1466-1853;1063-0732,true,,
JOURNAL OF UROLOGY,1527-3792;0022-5347,true,,
JOURNAL OF VACATION MARKETING,1479-1870;1356-7667,true,,
"JOURNAL OF VACUUM SCIENCE AND TECHNOLOGY A: VACUUM, SURFACES AND FILMS",1520-8559;0734-2101,true,,
JOURNAL OF VASCULAR SURGERY,1097-6809;0741-5214,true,,
JOURNAL OF VASCULAR SURGERY - VENOUS AND LYMPHATIC DISORDERS,2213-333X,false,2024-07-11,removed from the White List
JOURNAL OF VEGETATION SCIENCE,1654-1103;1100-9233,true,,
JOURNAL OF VERTEBRATE PALEONTOLOGY,1937-2809;0272-4634,true,,
JOURNAL OF VETERINARY BEHAVIOR - CLINICAL APPLICATIONS AND RESEARCH,1878-7517;1558-7878,true,,
JOURNAL OF VETERINARY INTERNAL MEDICINE,1939-1676;0891-6640,true,,
JOURNAL OF VETERINARY PHARMACOLOGY AND THERAPEUTICS,1365-2885;0140-7783,true,,
JOURNAL OF VETERINARY RESEARCH (POLAND),2450-8608;2450-7393,true,,
JVC/JOURNAL OF VIBRATION AND CONTROL,1741-2986;1077-5463,true,,
JOURNAL OF VICTORIAN CULTURE,1750-0133;1355-5502,true,,
JOURNAL OF VIRAL HEPATITIS,1365-2893;1352-0504,true,,
JOURNAL OF VIROLOGY,1098-5514;0022-538X,true,,
JOURNAL OF VIRUS ERADICATION,2055-6659;2055-6640,false,2024-07-11,removed from the White List
JOURNAL OF VISCERAL SURGERY,1878-7886,true,,
JOURNAL OF VISUAL COMMUNICATION AND IMAGE REPRESENTATION,1095-9076;1047-3203,true,,
JOURNAL OF VISUAL COMMUNICATION IN MEDICINE,1745-3062;1745-3054,true,,
JOURNAL OF VISUAL CULTURE,1741-2994;1470-4129,true,,
JOURNAL OF VOCATIONAL BEHAVIOR,1095-9084;0001-8791,true,,
JOURNAL OF VOCATIONAL EDUCATION AND TRAINING,1747-5090;1363-6820,true,,
JOURNAL OF VOLCANOLOGY AND GEOTHERMAL RESEARCH,1872-6097;0377-0273,true,,
JOURNAL OF WATER PROCESS ENGINEERING,2214-7144,true,,
JOURNAL OF WATER RESOURCES PLANNING AND MANAGEMENT - ASCE,1943-5452;0733-9496,true,,
JOURNAL OF WEB SEMANTICS,1873-7749;1570-8268,false,2024-07-11,removed from the White List
JOURNAL OF WILDLIFE MANAGEMENT,1937-2817;0022-541X,true,,
JOURNAL OF WIND ENGINEERING AND INDUSTRIAL AERODYNAMICS,1872-8197;0167-6105,true,,
JOURNAL OF WOMEN AND AGING,1540-7322;0895-2841,true,,
"JOURNAL OF WOMEN, POLITICS AND POLICY",1554-4788;1554-477X,true,,
JOURNAL OF WOMEN'S HEALTH,1931-843X;1540-9996,true,,
JOURNAL OF WOOD CHEMISTRY AND TECHNOLOGY,1532-2319;0277-3813,true,,
JOURNAL OF WOOD SCIENCE,1611-4663;1435-0211,true,,
JOURNAL OF WORK AND ORGANIZATIONAL PSYCHOLOGY - REVISTA DE PSICOLOGIA DEL TRABAJO Y DE LAS ORGANIZACIONES,2174-0534;1576-5962,true,,
JOURNAL OF WORLD BUSINESS,1878-5573;1090-9516,true,,
JOURNAL OF WORLD HISTORY,1527-8050;1045-6007,true,,
JOURNAL OF WORLD INVESTMENT AND TRADE,2211-9000;1660-7112,true,,
JOURNAL OF WORLD LITERATURE,2405-6480;2405-6472,true,,
JOURNAL OF WORLD POPULAR MUSIC,2052-4919;2052-4900,true,,
JOURNAL OF WORLD PREHISTORY,1573-7802;0892-7537,true,,
JOURNAL OF WOUND CARE,2062-2916;0969-0700,true,,
"JOURNAL OF WOUND, OSTOMY AND CONTINENCE NURSING",1528-3976;1071-5754,true,,
JOURNAL OF WRITING RESEARCH,2294-3307;2030-1006,true,,
JOURNAL OF YOUTH AND ADOLESCENCE,1573-6601;0047-2891,true,,
JOURNAL OF YOUTH STUDIES,1469-9680;1367-6261,true,,
JOURNAL OF ZHEJIANG UNIVERSITY - SCIENCE A,1862-1775;1673-565X,true,,
JOURNAL OF ZHEJIANG UNIVERSITY - SCIENCE B,1862-1783;1673-1581,true,,
JOURNAL OF ZOOLOGICAL SYSTEMATICS AND EVOLUTIONARY RESEARCH,1439-0469;0947-5745,true,,
JOURNAL OF ZOOLOGY,1469-7998,true,,
JOURNALISM,1741-3001;1464-8849,true,,
JOURNALISM AND MASS COMMUNICATION QUARTERLY,2161-430X;1077-6990,true,,
JOURNALISM PRACTICE,1751-2794;1751-2786,true,,
JOURNALISM STUDIES,1469-9699;1461-670X,true,,
JOURNALS OF GERONTOLOGY - SERIES A BIOLOGICAL SCIENCES AND MEDICAL SCIENCES,1758-535X;1079-5006,true,,
JOURNALS OF GERONTOLOGY - SERIES B PSYCHOLOGICAL SCIENCES AND SOCIAL SCIENCES,1758-5368;1079-5014,true,,
JPAD - JOURNAL OF PREVENTION OF ALZHEIMERS DISEASE,2274-5807;2426-0266,true,,
JUDAICA BOHEMIAE,0022-5738,true,,
JUSTICE QUARTERLY,1745-9109;0741-8825,true,,
KAJIAN MALAYSIA,2180-4273;0127-4082,true,,
KANTIAN REVIEW,2044-2394;1369-4154,true,,
KAOHSIUNG JOURNAL OF MEDICAL SCIENCES,2410-8650;1607-551X,true,,
KARDIOLOGIYA|КАРДИОЛОГИЯ,0022-9040;2412-5660,true,,
KIDNEY AND BLOOD PRESSURE RESEARCH,1423-0143;1420-4096,true,,
KIDNEY INTERNATIONAL,1523-1755;0085-2538,true,,
KIDNEY INTERNATIONAL REPORTS,2468-0249,false,2024-07-11,removed from the White List
KIDNEY INTERNATIONAL SUPPLEMENTS,2157-1724;2157-1716,true,,
KIDNEY RESEARCH AND CLINICAL PRACTICE,2211-9140;2211-9132,true,,
KNEE SURGERY AND RELATED RESEARCH,2234-2451;2234-0726,true,,
"KNEE SURGERY, SPORTS TRAUMATOLOGY, ARTHROSCOPY",1433-7347;0942-2056,true,,
KNOWLEDGE-BASED SYSTEMS,1872-7409;0950-7051,true,,
KNOWLEDGE AND INFORMATION SYSTEMS,0219-3116;0219-1377,true,,
KNOWLEDGE ENGINEERING REVIEW,1469-8005;0269-8889,true,,
KNOWLEDGE MANAGEMENT & E-LEARNING - AN INTERNATIONAL JOURNAL,2073-7904,true,,
KNOWLEDGE MANAGEMENT RESEARCH AND PRACTICE,1477-8246;1477-8238,true,,
KONA POWDER AND PARTICLE JOURNAL,2187-5537;0288-4534,true,,
KONSULTATIVNAYA PSIKHOLOGIYA I PSIKHOTERAPIYA - COUNSELING PSYCHOLOGY AND PSYCHOTHERAPY|КОНСУЛЬТАТИВНАЯ ПСИХОЛОГИЯ И ПСИХОТЕРАПИЯ,2311-9446;2075-3470,true,,
KOREA JOURNAL,0023-3900,true,,
KOREA OBSERVER,0023-3919,true,,
KOREAN JOURNAL OF ANESTHESIOLOGY,2005-7563;2005-6419,true,,
KOREAN JOURNAL OF INTERNAL MEDICINE,2005-6648;1226-3303,true,,
KOREAN JOURNAL OF RADIOLOGY,2005-8330;1229-6929,true,,
KOTUITUI - NEW ZEALAND JOURNAL OF SOCIAL SCIENCES ONLINE,1177-083X,true,,
KRATKIYE SOOBSHCHENIYA INSTITUTA ARKHEOLOGII|КРАТКИЕ СООБЩЕНИЯ ИНСТИТУТА АРХЕОЛОГИИ,0130-2620,true,,
KRITIKA KULTURA,2094-6937;1656-152X,true,,
KULTURNO - ISTORICHESKAYA PSIKHOLOGIYA - CULTURAL - HISTORICAL PSYCHOLOGY|КУЛЬТУРНО-ИСТОРИЧЕСКАЯ ПСИХОЛОГИЯ,2224-8935;1816-5435,true,,
KURDISH STUDIES,2051-4891;2051-4883,true,,
KYBERNETES,1758-7883;0368-492X,true,,
KYKLOS,1467-6435;0023-5962,true,,
LAB ANIMAL,1548-4475;0093-7355,true,,
LAB ON A CHIP,1473-0197;1473-0189,true,,
LABOR HISTORY,1469-9702;0023-656X,true,,
LABORATORY ANIMALS,1758-1117;0023-6772,true,,
LABORATORY INVESTIGATION,1530-0307;0023-6837,true,,
LABORATORY PHONOLOGY,1868-6354;1868-6346,true,,
LABOUR - LE TRAVAIL,1911-4842;0700-3862,true,,
THE LANCET,1474-547X;0140-6736,true,,
THE LANCET CHILD AND ADOLESCENT HEALTH,2352-4642,true,,
THE LANCET DIABETES AND ENDOCRINOLOGY,2213-8595;2213-8587,true,,
THE LANCET DIGITAL HEALTH,2589-7500,false,2024-07-11,removed from the White List
THE LANCET GASTROENTEROLOGY AND HEPATOLOGY,2468-1156;2468-1253,true,,
THE LANCET GLOBAL HEALTH,2214-109X,false,2024-07-11,removed from the White List
THE LANCET HAEMATOLOGY,2352-3026,true,,
THE LANCET HEALTHY LONGEVITY,2666-7568,false,2024-07-11,removed from the White List
THE LANCET HIV,2352-3018,true,,
THE LANCET INFECTIOUS DISEASES,1474-4457;1473-3099,true,,
THE LANCET MICROBE,2666-5247,false,2024-07-11,removed from the White List
THE LANCET NEUROLOGY,1474-4465;1474-4422,true,,
THE LANCET ONCOLOGY,1474-5488;1470-2045,true,,
THE LANCET PLANETARY HEALTH,2542-5196,false,2024-07-11,removed from the White List
THE LANCET PSYCHIATRY,2215-0374;2215-0366,true,,
THE LANCET PUBLIC HEALTH,2468-2667,false,2024-07-11,removed from the White List
THE LANCET REGIONAL HEALTH - EUROPE,2666-7762,false,2024-07-11,removed from the White List
THE LANCET REGIONAL HEALTH - WESTERN PACIFIC,2666-6065,false,2024-07-11,removed from the White List
THE LANCET RESPIRATORY MEDICINE,2213-2619;2213-2600,true,,
THE LANCET RHEUMATOLOGY,2665-9913,true,,
LAND,2073-445X,true,,
LAND DEGRADATION AND DEVELOPMENT,1099-145X;1085-3278,true,,
LAND ECONOMICS,1543-8325;0023-7639,true,,
LAND USE POLICY,1873-5754;0264-8377,true,,
LANDFALL,0023-7930,true,,
LANDSCAPE AND URBAN PLANNING,1872-6062;0169-2046,true,,
LANDSCAPE ARCHITECTURE AND ART,2255-8640;2255-8632,true,,
LANDSCAPE ECOLOGY,1572-9761;0921-2973,true,,
LANDSCAPE RESEARCH,1469-9710;0142-6397,true,,
LANDSLIDES,1612-5118;1612-510X,true,,
LANGENBECK'S ARCHIVES OF SURGERY,1435-2451;1435-2443,true,,
LANGMUIR,1520-5827;0743-7463,true,,
LANGUAGE,1535-0665;0097-8507,true,,
LANGUAGE AND COMMUNICATION,1873-3395;0271-5309,true,,
LANGUAGE ACQUISITION,1532-7817;1048-9223,true,,
LANGUAGE AND COGNITION,1866-9859;1866-9808,true,,
LANGUAGE AND DIALOGUE,2210-4127;2210-4119,true,,
LANGUAGE AND EDUCATION,1747-7581;0950-0782,true,,
LANGUAGE AND INTERCULTURAL COMMUNICATION,1747-759X;1470-8477,true,,
LINGUISTICS AND LANGUAGE COMPASS,1749-818X,true,,
LANGUAGE AND SPEECH,1756-6053;0023-8309,true,,
LANGUAGE ASSESSMENT QUARTERLY,1543-4311;1543-4303,true,,
LANGUAGE AWARENESS,1747-7565;0965-8416,true,,
"LANGUAGE, COGNITION AND NEUROSCIENCE",2327-3801;2327-3798,true,,
"LANGUAGE, CULTURE AND CURRICULUM",1747-7573;0790-8318,true,,
LANGUAGE DYNAMICS AND CHANGE,2210-5824;2210-5832,true,,
LANGUAGE IN SOCIETY,1469-8013;0047-4045,true,,
LANGUAGE LEARNING,1467-9922;0023-8333,true,,
LANGUAGE LEARNING AND TECHNOLOGY,1094-3501,true,,
LANGUAGE LEARNING AND DEVELOPMENT,1547-5441;1547-3341,true,,
LANGUAGE LEARNING JOURNAL,1753-2167;0957-1736,true,,
LANGUAGE POLICY,1573-1863;1568-4555,true,,
LANGUAGE PROBLEMS AND LANGUAGE PLANNING,1569-9889;0272-2690,true,,
LANGUAGE RESOURCES AND EVALUATION,1574-0218;1574-020X,true,,
LANGUAGE SCIENCES,1873-5746;0388-0001,true,,
"LANGUAGE, SPEECH, AND HEARING SERVICES IN SCHOOLS",1558-9129;0161-1461,true,,
LANGUAGE TEACHING,1475-3049;0261-4448,true,,
LANGUAGE TEACHING RESEARCH,1477-0954;1362-1688,true,,
LANGUAGE TESTING,1477-0946;0265-5322,true,,
LANGUAGE TESTING IN ASIA,2229-0443,true,,
LANGUAGE VARIATION AND CHANGE,1469-8021;0954-3945,true,,
LANGUAGES,2226-471X,true,,
LARGE-SCALE ASSESSMENTS IN EDUCATION,2196-0739,true,,
LARYNGOSCOPE,1531-4995;0023-852X,true,,
LASER AND PHOTONICS REVIEWS,1863-8899;1863-8880,true,,
LASERS IN MEDICAL SCIENCE,1435-604X;0268-8921,true,,
LASERS IN SURGERY AND MEDICINE,1096-9101;0196-8092,true,,
LATIN AMERICAN AND CARIBBEAN ETHNIC STUDIES,1744-2230;1744-2222,true,,
LATIN AMERICAN ANTIQUITY,2325-5080;1045-6635,true,,
LATIN AMERICAN ECONOMIC REVIEW,2198-3526;2196-436X,true,,
LATIN AMERICAN RESEARCH REVIEW,1542-4278;0023-8791,true,,
LATINO STUDIES,1476-3443;1476-3435,true,,
LAW AND POLICY,1467-9930;0265-8240,true,,
LAW AND SOCIETY REVIEW,1540-5893;0023-9216,true,,
LAW AND CRITIQUE,1572-8617;0957-8536,true,,
LAW AND HISTORY REVIEW,1939-9022;0738-2480,true,,
LAW AND HUMAN BEHAVIOR,1573-661X;0147-7307,true,,
LAW AND SOCIAL INQUIRY - JOURNAL OF THE AMERICAN BAR FOUNDATION,1747-4469;0897-6546;1545-696X,true,,
"LAW, PROBABILITY AND RISK",1470-840X;1470-8396,true,,
LEADERSHIP AND ORGANIZATION DEVELOPMENT JOURNAL,1472-5347;0143-7739,true,,
LEADERSHIP QUARTERLY,1873-3409;1048-9843,true,,
LEARNED PUBLISHING,1741-4857;0953-1513,true,,
LEARNING AND INDIVIDUAL DIFFERENCES,1873-3425;1041-6080,true,,
LEARNING AND INSTRUCTION,1873-3263;0959-4752,true,,
LEARNING DISABILITIES RESEARCH AND PRACTICE,1540-5826;0938-8982,true,,
LEARNING ENVIRONMENTS RESEARCH,1573-1855;1387-1579,true,,
LEARNING HEALTH SYSTEMS,2379-6146,true,,
"LEARNING, MEDIA AND TECHNOLOGY",1743-9892;1743-9884,true,,
LEARNING ORGANIZATION,1758-7905;0969-6474,true,,
LECTORA - REVISTA DE DONES I TEXTUALITAT,2013-9470;1136-5781,true,,
LED I SNEG - ICE AND SNOW|ЛЁД И СНЕГ,2412-3765;2076-6734,true,,
LEDGER,2379-5980,true,,
LEGACY,0748-4321,true,,
LEGE ARTIS - LANGUAGE YESTERDAY TODAY TOMORROW,2453-8035,true,,
LEIDEN JOURNAL OF INTERNATIONAL LAW,1478-9698;0922-1565,true,,
LEISURE SCIENCES,1521-0588;0149-0400,true,,
LEONARDO,1530-9282;0024-094X,true,,
LESNOY ZHURNAL - FORESTRY JOURNAL|ИЗВЕСТИЯ ВЫСШИХ УЧЕБНЫХ ЗАВЕДЕНИЙ. ЛЕСНОЙ ЖУРНАЛ,0536-1036,true,,
LETHAIA,1502-3931;0024-1164,true,,
LETTERS ON MATERIALS|ПИСЬМА О МАТЕРИАЛАХ,2410-3535;2218-5046,true,,
LEUKEMIA,1476-5551;0887-6924,true,,
LEUKOS - JOURNAL OF ILLUMINATING ENGINEERING SOCIETY OF NORTH AMERICA,1550-2716;1550-2724,true,,
LEVANT,1756-3801;0075-8914,true,,
LEVIATHAN - A JOURNAL OF MELVILLE STUDIES,1750-1849;1525-6995,true,,
LIBRARY,1744-8581;0024-2160,true,,
LIBRARY AND INFORMATION SCIENCE RESEARCH,1873-1848;0740-8188,true,,
LIBRARY HI TECH,0737-8831,true,,
LICHENOLOGIST,1096-1135;0024-2829,true,,
LIFE - BASEL,2075-1729,true,,
LIFE SCIENCE ALLIANCE,2575-1077,true,,
LIFE SCIENCES,1879-0631;0024-3205,true,,
"LIFE SCIENCES, SOCIETY AND POLICY",2195-7819,true,,
LIFE WRITING,1751-2964;1448-4528,true,,
LIGHT: SCIENCE AND APPLICATIONS,2095-5545;2047-7538,true,,
LIGHTING RESEARCH AND TECHNOLOGY,1477-1535;1477-0938,true,,
LILI - ZEITSCHRIFT FUR LITERATURWISSENSCHAFT UND LINGUISTIK,2365-953X;0049-8653,true,,
LIMNOLOGICA,1873-5851;0075-9511,true,,
LIMNOLOGY,1439-863X;1439-8621,true,,
LIMNOLOGY AND OCEANOGRAPHY,1939-5590;0024-3590,true,,
LIMNOLOGY AND OCEANOGRAPHY - METHODS,1541-5856,true,,
LIMNOLOGY AND OCEANOGRAPHY LETTERS,2378-2242,true,,
LINEAR AND MULTILINEAR ALGEBRA,1563-5139;0308-1087,true,,
LINEAR ALGEBRA AND ITS APPLICATIONS,1873-1856;0024-3795,true,,
LINGUA,1872-6135;0024-3841,true,,
LINGUISTIC APPROACHES TO BILINGUALISM,1879-9272;1879-9264,true,,
LINGUISTIC INQUIRY,1530-9150;0024-3892,true,,
LINGUISTIC TYPOLOGY,1613-415X;1430-0532,true,,
LINGUISTICS,1613-396X;0024-3949,true,,
LINGUISTICS AND EDUCATION,1873-1864;0898-5898,true,,
LINGUISTICS AND PHILOSOPHY,1573-0549;0165-0157,true,,
LINGUISTICS VANGUARD,2199-174X,true,,
LIQUID CRYSTALS,1366-5855;0267-8292,true,,
LIQUID CRYSTALS REVIEWS,2168-0418;2168-0396,true,,
LIQUID CRYSTALS TODAY,1464-5181;1358-314X,true,,
LITERACY,1741-4369;1741-4350,true,,
LITERATOR - JOURNAL OF LITERARY CRITICISM COMPARATIVE LINGUISTICS AND LITERARY STUDIES,2219-8237;0258-2279,true,,
LITERATURE AND MEDICINE,1080-6571;0278-9671,true,,
LITERATURE COMPASS,1741-4113,true,,
LITHIC TECHNOLOGY,2051-6185;0197-7261,true,,
LITHOS,1872-6143;0024-4937,true,,
LITHOSPHERE,1947-4253;1941-8264,true,,
LIVER CANCER,2235-1795;1664-5553,true,,
LIVER INTERNATIONAL,1478-3231;1478-3223,true,,
LIVER TRANSPLANTATION,1527-6473;1527-6465,true,,
LIVESTOCK SCIENCE,1878-0490;1871-1413,true,,
LIVING REVIEWS IN RELATIVITY,2367-3613;1433-8351,true,,
LIVING REVIEWS IN SOLAR PHYSICS,2367-3648;1614-4961,true,,
LOCAL ENVIRONMENT,1469-6711;1354-9839,true,,
LOCAL GOVERNMENT STUDIES,1743-9388;0300-3930,true,,
LOGIC AND LOGICAL PHILOSOPHY,2300-9802;1425-3305,true,,
LOGIQUE ET ANALYSE,2295-5836;0024-5836,true,,
LOGISTICS - BASEL,2305-6290,true,,
LOGOS - JOURNAL OF THE WORLD PUBLISHING COMMUNITY,1878-4712;0957-9656,true,,
LONG RANGE PLANNING,1873-1872;0024-6301,true,,
LUBRICANTS,2075-4442,true,,
LUNG CANCER,1872-8332;0169-5002,true,,
LWT - FOOD SCIENCE AND TECHNOLOGY,1096-1127;0023-6438,false,2024-07-11,removed from the White List
M&SOM - MANUFACTURING & SERVICE OPERATIONS MANAGEMENT,1526-5498;1523-4614,true,,
MABS,1942-0870;1942-0862,true,,
MACHINE LEARNING,1573-0565;0885-6125,true,,
MACHINE LEARNING - SCIENCE AND TECHNOLOGY,2632-2153,true,,
MACHINE LEARNING AND KNOWLEDGE EXTRACTION,2504-4990,true,,
MACHINE VISION AND APPLICATIONS,1432-1769;0932-8092,true,,
MACHINES,2075-1702,true,,
MACHINING SCIENCE AND TECHNOLOGY,1532-2483;1091-0344,true,,
MACROHETEROCYCLES|МАКРОГЕТЕРОЦИКЛЫ,1998-9539;2713-1092,true,,
MACROMOLECULAR BIOSCIENCE,1616-5195;1616-5187,true,,
MACROMOLECULAR MATERIALS AND ENGINEERING,1439-2054;1438-7492,true,,
MACROMOLECULAR RAPID COMMUNICATIONS,1521-3927;1022-1336,true,,
MACROMOLECULES,1520-5835;0024-9297,true,,
MAGAZINE OF CIVIL ENGINEERING,2712-8172,true,,
MAGAZINE OF CONCRETE RESEARCH,1751-763X;0024-9831,true,,
MAGNETIC RESONANCE IN MEDICINE,1522-2594;0740-3194,true,,
MAGNETIC RESONANCE IN SOLIDS,2072-5981,true,,
MALARIA JOURNAL,1475-2875,true,,
MAMMAL RESEARCH,2199-241X;2199-2401,true,,
MAMMAL REVIEW,1365-2907;0305-1838,true,,
MAMMALIAN BIOLOGY,1618-1476;1616-5047,true,,
MANAGEMENT & MARKETING - CHALLENGES FOR THE KNOWLEDGE SOCIETY,2069-8887;1842-0206,true,,
MANAGEMENT AND ORGANIZATIONAL HISTORY,1744-9367;1744-9359,true,,
MANAGEMENT ACCOUNTING RESEARCH,1096-1224;1044-5005,true,,
MANAGEMENT AND ORGANIZATION REVIEW,1740-8784;1740-8776,true,,
MANAGEMENT COMMUNICATION QUARTERLY,1552-6798;0893-3189,true,,
MANAGEMENT DECISION,1758-6070;0025-1747,true,,
MANAGEMENT INTERNATIONAL REVIEW,1861-8901;0938-8249,true,,
MANAGEMENT LEARNING,1461-7307;1350-5076,true,,
MANAGEMENT OF BIOLOGICAL INVASIONS,1989-8649,true,,
MANAGEMENT OF ENVIRONMENTAL QUALITY,1758-6119;1477-7835,true,,
MANAGEMENT RESEARCH REVIEW,2040-8277;2040-8269,true,,
MANAGEMENT SCIENCE,1526-5501;0025-1909,true,,
MANAGING SPORT AND LEISURE,2375-0480;2375-0472,true,,
MANUFACTURING LETTERS,2213-8463,true,,
MARINE AND PETROLEUM GEOLOGY,1873-4073;0264-8172,true,,
MARINE BIOLOGY,1432-1793;0025-3162,true,,
MARINE BIOTECHNOLOGY,1436-2236;1436-2228,true,,
MARINE CHEMISTRY,1872-7581;0304-4203,true,,
MARINE DRUGS,1660-3397,true,,
MARINE ECOLOGY - PROGRESS SERIES,1616-1599;0171-8630,true,,
MARINE ENVIRONMENTAL RESEARCH,1879-0291;0141-1136,true,,
MARINE GEOLOGY,1872-6151;0025-3227,true,,
MARINE GEOPHYSICAL RESEARCHES,1573-0581;0025-3235,true,,
MARINE GEORESOURCES AND GEOTECHNOLOGY,1521-0618;1064-119X,true,,
MARINE INTELLECTUAL TECHNOLOGIES|МОРСКИЕ ИНТЕЛЛЕКТУАЛЬНЫЕ ТЕХНОЛОГИИ,2073-7173,true,,
MARINE LIFE SCIENCE AND TECHNOLOGY,2662-1746;2096-6490,true,,
MARINE MICROPALEONTOLOGY,1872-6186;0377-8398,true,,
MARINE POLICY,1872-9460;0308-597X,true,,
MARINE POLLUTION BULLETIN,1879-3363;0025-326X,true,,
MARINE RESOURCE ECONOMICS,2334-5985;0738-1360,true,,
MARINE STRUCTURES,1873-4170;0951-8339,true,,
MARITIME BUSINESS REVIEW,2397-3765;2397-3757,true,,
MARITIME POLICY AND MANAGEMENT,1464-5254;0308-8839,true,,
MARITIME STUDIES,2212-9790;1872-7859,true,,
MARK TWAIN ANNUAL,1756-2597;1553-0981,true,,
MARKETING INTELLIGENCE AND PLANNING,1758-8049;0263-4503,true,,
MARKETING LETTERS,1573-059X;0923-0645,true,,
MARKETING SCIENCE,1526-548X;0732-2399,true,,
MARKETING THEORY,1741-301X;1470-5931,true,,
MARRIAGE AND FAMILY REVIEW,1540-9635;0149-4929,true,,
MARVELS AND TALES,1536-1802;1521-4281,true,,
MASS COMMUNICATION AND SOCIETY,1532-7825;1520-5436,true,,
MASS SPECTROMETRY REVIEWS,1098-2787;0277-7037,true,,
MATCH - COMMUNICATIONS IN MATHEMATICAL AND IN COMPUTER CHEMISTRY,0340-6253,true,,
MATERIAL RELIGION,1751-8342;1743-2200,true,,
MATERIALS,1996-1944,true,,
MATERIALS AND DESIGN,1873-4197;0264-1275,false,2024-07-11,removed from the White List
MATERIALS AND MANUFACTURING PROCESSES,1532-2475;1042-6914,true,,
MATERIALS AND STRUCTURES/MATERIAUX ET CONSTRUCTIONS,1871-6873;1359-5997,true,,
MATERIALS CHARACTERIZATION,1873-4189;1044-5803,true,,
MATERIALS CHEMISTRY AND PHYSICS,1879-3312;0254-0584,true,,
MATERIALS CHEMISTRY FRONTIERS,2052-1537,true,,
MATERIALS FOR RENEWABLE AND SUSTAINABLE ENERGY,2194-1467;2194-1459,true,,
MATERIALS HORIZONS,2051-6347;2051-6355,true,,
MATERIALS LETTERS,1873-4979;0167-577X,true,,
MATERIALS PHYSICS AND MECHANICS,1605-8119;1605-2730,true,,
MATERIALS RESEARCH BULLETIN,1873-4227;0025-5408,true,,
MATERIALS RESEARCH LETTERS,2166-3831,true,,
MATERIALS SCIENCE AND ENGINEERING: R: REPORTS,1879-212X;0927-796X,true,,
MATERIALS SCIENCE AND ENGINEERING A - STRUCTURAL MATERIALS PROPERTIES MICROSTRUCTURE AND PROCESSING,1873-4936;0921-5093,true,,
MATERIALS SCIENCE IN SEMICONDUCTOR PROCESSING,1873-4081;1369-8001,true,,
MATERIALPRUEFUNG/MATERIALS TESTING,2195-8572;0025-5300,true,,
MATERIALS TODAY,1873-4103;1369-7021,true,,
MATERIALS TODAY ADVANCES,2590-0498,false,2024-07-11,removed from the White List
MATERIALS TODAY BIO,2590-0064,false,2024-07-11,removed from the White List
MATERIALS TODAY CHEMISTRY,2468-5194,true,,
MATERIALS TODAY ENERGY,2468-6069,true,,
MATERIALS TODAY NANO,2588-8420,true,,
MATERIALS TODAY PHYSICS,2542-5293,true,,
MATERIALS TODAY SUSTAINABILITY,2589-2347,true,,
"MATERIALY PO ARKHEOLOGII ISTORII I ETNOGRAFII TAVRII - MATERIALS IN ARCHAEOLOGY HISTORY AND ETHNOGRAPHY OF TAURIA|МАТЕРИАЛЫ ПО АРХЕОЛОГИИ, ИСТОРИИ И ЭТНОГРАФИИ ТАВРИИ",2413-189X,true,,
MATERNAL AND CHILD NUTRITION,1740-8709;1740-8695,true,,
MATHEMATICAL BIOSCIENCES,1879-3134;0025-5564,true,,
MATHEMATICAL FINANCE,1467-9965;0960-1627,true,,
MATHEMATICAL INEQUALITIES AND APPLICATIONS,1331-4343,true,,
MATHEMATICAL MEDICINE AND BIOLOGY - A JOURNAL OF THE IMA,1477-8602;1477-8599,true,,
MATHEMATICAL METHODS IN THE APPLIED SCIENCES,1099-1476;0170-4214,true,,
MATHEMATICAL MODELLING AND ANALYSIS,1648-3510;1392-6292,true,,
MATHEMATICAL MODELLING OF NATURAL PHENOMENA,1760-6101;0973-5348,true,,
MATHEMATICAL MODELS AND METHODS IN APPLIED SCIENCES,1793-6314;0218-2025,true,,
"MATHEMATICAL PROGRAMMING, SERIES B",1436-4646;0025-5610,true,,
MATHEMATICAL PROGRAMMING COMPUTATION,1867-2957;1867-2949,true,,
MATHEMATICAL SCIENCES,2251-7456;2008-1359,true,,
MATHEMATICAL STRUCTURES IN COMPUTER SCIENCE,1469-8072;0960-1295,true,,
MATHEMATICS,2227-7390,true,,
MATHEMATICS AND COMPUTERS IN SIMULATION,1872-7166;0378-4754,true,,
MATHEMATICS AND MECHANICS OF COMPLEX SYSTEMS,2326-7186;2325-3444,true,,
MATHEMATICS OF COMPUTATION,1088-6842;0025-5718,true,,
MATHEMATISCHE ANNALEN,1432-1807;0025-5831,true,,
MATRIX BIOLOGY,1569-1802;0945-053X,true,,
MATTER,2590-2393;2590-2385,true,,
MATTER AND RADIATION AT EXTREMES,2468-2047;2468-080X,true,,
MATURITAS,1873-4111;0378-5122,true,,
MAYO CLINIC PROCEEDINGS,1942-5546;0025-6196,true,,
MBIO,2150-7511;2161-2129,true,,
MCS - MASCULINITIES AND SOCIAL CHANGE,2014-3605,true,,
MEASUREMENT: JOURNAL OF THE INTERNATIONAL MEASUREMENT CONFEDERATION,1873-412X;0263-2241,true,,
MEASUREMENT: INTERDISCIPLINARY RESEARCH AND PERSPECTIVES,1536-6367;1536-6359,true,,
MEASUREMENT IN PHYSICAL EDUCATION AND EXERCISE SCIENCE,1532-7841;1091-367X,true,,
MEASURING BUSINESS EXCELLENCE,1758-8057;1368-3047,true,,
MEAT SCIENCE,1873-4138;0309-1740,true,,
MECCANICA,1572-9648;0025-6455,true,,
MECHANICAL ENGINEERING REVIEWS,2187-9753,true,,
MECHANICAL SYSTEMS AND SIGNAL PROCESSING,1096-1216;0888-3270,true,,
MECHANICS BASED DESIGN OF STRUCTURES AND MACHINES,1539-7742;1539-7734,true,,
MECHANICS OF ADVANCED MATERIALS AND STRUCTURES,1537-6532;1537-6494,true,,
MECHANICS OF MATERIALS,1872-7743;0167-6636,true,,
MECHANICS RESEARCH COMMUNICATIONS,1873-3972;0093-6413,true,,
MECHANISM AND MACHINE THEORY,1873-3999;0094-114X,true,,
MECHANISMS OF AGEING AND DEVELOPMENT,1872-6216;0047-6374,true,,
MECHATRONICS,0957-4158,true,,
MED,2666-6340;2666-6359,true,,
MEDIA AND COMMUNICATION,2183-2439,true,,
"MEDIA, CULTURE AND SOCIETY",1460-3675;0163-4437,true,,
MEDIA INTERNATIONAL AUSTRALIA,2200-467X;1329-878X,true,,
MEDIA PSYCHOLOGY,1532-785X;1521-3269,true,,
MEDICAL AND BIOLOGICAL ENGINEERING AND COMPUTING,1741-0444;0140-0118,true,,
MEDICAL AND VETERINARY ENTOMOLOGY,1365-2915;0269-283X,true,,
MEDICAL ANTHROPOLOGY: CROSS CULTURAL STUDIES IN HEALTH AND ILLNESS,1545-5882;0145-9740,true,,
MEDICAL ANTHROPOLOGY QUARTERLY,1548-1387;0745-5194,true,,
MEDICAL CARE,1537-1948;0025-7079,true,,
MEDICAL CARE RESEARCH AND REVIEW,1552-6801;1077-5587,true,,
MEDICAL CLINICS OF NORTH AMERICA,1557-9859;0025-7125,true,,
MEDICAL DECISION MAKING,1552-681X;0272-989X,true,,
MEDICAL EDUCATION,1365-2923;0308-0110,true,,
MEDICAL EDUCATION ONLINE,1087-2981,true,,
MEDICAL GAS RESEARCH,2045-9912,true,,
MEDICAL HISTORY,2048-8343;0025-7273,true,,
MEDICAL HUMANITIES,1473-4265;1468-215X,true,,
MEDICAL HYPOTHESES,1532-2777;0306-9877,true,,
MEDICAL IMAGE ANALYSIS,1361-8423;1361-8415,true,,
MEDICAL JOURNAL OF AUSTRALIA,1326-5377;0025-729X,true,,
MEDICAL LAW REVIEW,1464-3790;0967-0742,true,,
MEDICAL MYCOLOGY,1460-2709;1369-3786,true,,
MEDICAL PHYSICS,2473-4209;0094-2405,true,,
MEDICAL PRINCIPLES AND PRACTICE,1423-0151;1011-7571,true,,
MEDICAL PROBLEMS OF PERFORMING ARTISTS,1938-2766;0885-1158,true,,
MEDICAL SCIENCE MONITOR,1643-3750;1234-1010,true,,
MEDICAL SCIENCE MONITOR BASIC RESEARCH,2325-4416;2325-4394,true,,
MEDICAL TEACHER,1466-187X;0142-159X,true,,
MEDICINA (LITHUANIA),1648-9144;1010-660X,true,,
MEDICINA CLINICA,1578-8989;0025-7753,true,,
"MEDICINA ORAL, PATOLOGIA ORAL Y CIRUGIA BUCAL",1698-6946;1698-4447,true,,
MEDICINAL RESEARCH REVIEWS,1098-1128;0198-6325,true,,
MEDICINE AND SCIENCE IN SPORTS AND EXERCISE,1530-0315;0195-9131,true,,
"MEDICINE, HEALTHCARE AND PHILOSOPHY",1572-8633;1386-7423,true,,
"MEDICINE, SCIENCE AND THE LAW",2042-1818;0025-8024,true,,
MEDIEVAL ARCHAEOLOGY,1745-817X;0076-6097,true,,
MEDITARI ACCOUNTANCY RESEARCH,2049-3738;2049-372X,true,,
MEDITERRANEAN ARCHAEOLOGY AND ARCHAEOMETRY,2241-8121;1108-9628,true,,
MEDITERRANEAN JOURNAL OF MATHEMATICS,1660-5454;1660-5446,true,,
MEDITERRANEAN MARINE SCIENCE,1791-6763;1108-393X,true,,
MEDITTERANEAN POLITICS,1743-9418;1362-9395,true,,
MELANOMA RESEARCH,1473-5636;0960-8931,true,,
MEMBRANES,2077-0375,true,,
MEMETIC COMPUTING,1865-9292;1865-9284,true,,
MEMOIRS OF THE AMERICAN MATHEMATICAL SOCIETY,1947-6221;0065-9266,true,,
MEMORIAS DO INSTITUTO OSWALDO CRUZ,1678-8060;0074-0276,true,,
MEMORY STUDIES,1750-6999;1750-6980,true,,
MEN AND MASCULINITIES,1552-6828;1097-184X,true,,
MENDELEEV COMMUNICATIONS,1364-551X;0959-9436,true,,
MENOPAUSE - THE JOURNAL OF THE NORTH AMERICAN MENOPAUSE SOCIETY,1530-0374;1072-3714,true,,
MENTAL HEALTH AND PHYSICAL ACTIVITY,1878-0199;1755-2966,true,,
THE MENTAL LEXICON,1871-1375;1871-1340,true,,
METABOLIC ENGINEERING,1096-7184;1096-7176,true,,
METABOLISM - CLINICAL AND EXPERIMENTAL,1532-8600;0026-0495,true,,
METABOLITES,2218-1989,true,,
METABOLOMICS,1573-3890;1573-3882,true,,
METACOGNITION AND LEARNING,1556-1631;1556-1623,true,,
METALLOMICS,1756-591X;1756-5901,true,,
METALLURGICAL AND MATERIALS TRANSACTIONS A - PHYSICAL METALLURGY AND MATERIALS SCIENCE,1543-1940;1073-5623,true,,
METALLURGICAL AND MATERIALS TRANSACTIONS B: PROCESS METALLURGY AND MATERIALS PROCESSING SCIENCE,1543-1916;1073-5615,true,,
METALS,2075-4701,true,,
METALS AND MATERIALS INTERNATIONAL,2005-4149;1598-9623,true,,
METAPHILOSOPHY,1467-9973;0026-1068,true,,
METAPHOR AND SYMBOL,1532-7868;1092-6488,true,,
METAPHOR AND THE SOCIAL WORLD,2210-4097;2210-4070,true,,
METEORITICS AND PLANETARY SCIENCE,1945-5100;1086-9379,true,,
METHOD AND THEORY IN THE STUDY OF RELIGION,1570-0682;0943-3058,true,,
METHODOLOGY - EUROPEAN JOURNAL OF RESEARCH METHODS FOR THE BEHAVIORAL AND SOCIAL SCIENCES,1614-2241;1614-1881,true,,
METHODS,1095-9130;1046-2023,true,,
METHODS AND APPLICATIONS IN FLUORESCENCE,2050-6120,true,,
"METHODS, DATA, ANALYSES",2190-4936;1864-6956,true,,
METHODS IN ECOLOGY AND EVOLUTION,2041-2096;2041-210X,true,,
METHODS OF INFORMATION IN MEDICINE,2511-705X;0026-1270,true,,
MGIMO REVIEW OF INTERNATIONAL RELATIONS|ВЕСТНИК МГИМО УНИВЕРСИТЕТА,2541-9099;2071-8160,true,,
MICHIGAN LAW REVIEW,1939-8557;0026-2234,true,,
MICRO AND NANO ENGINEERING,2590-0072,false,2024-07-11,removed from the White List
MICRO AND NANOSTRUCTURES,2773-0123,true,,
MICROBES AND ENVIRONMENTS,1342-6311;1347-4405,true,,
MICROBES AND INFECTION,1769-714X;1286-4579,true,,
MICROBIAL BIOTECHNOLOGY,1751-7915;1751-7907,true,,
MICROBIAL CELL,2311-2638,true,,
MICROBIAL CELL FACTORIES,1475-2859,true,,
MICROBIAL ECOLOGY,1432-184X;0095-3628,true,,
MICROBIAL GENOMICS,2057-5858,true,,
MICROBIOLOGICAL RESEARCH,1618-0623;0944-5013,true,,
MICROBIOLOGY AND MOLECULAR BIOLOGY REVIEWS,1098-5557;1092-2172,true,,
MICROBIOLOGY SPECTRUM,2165-0497,true,,
MICROBIOME,2049-2618,true,,
MICROCHEMICAL JOURNAL,1095-9149;0026-265X,true,,
MIKROCHIMICA ACTA,1436-5073;0026-3672,true,,
MICROCIRCULATION,1549-8719;1073-9688,true,,
MICROELECTRONIC ENGINEERING,1873-5568;0167-9317,true,,
MICROFLUIDICS AND NANOFLUIDICS,1613-4990;1613-4982,true,,
MICROGRAVITY SCIENCE AND TECHNOLOGY,1875-0494;0938-0108,true,,
MICROMACHINES,2072-666X,true,,
MICRON,1878-4291;0968-4328,true,,
MICROPOROUS AND MESOPOROUS MATERIALS,1873-3093;1387-1811,true,,
MICROSCOPY AND MICROANALYSIS,1431-9276,true,,
MICROSCOPY RESEARCH AND TECHNIQUE,1097-0029;1059-910X,true,,
MICROSYSTEM TECHNOLOGIES - MICRO - AND NANOSYSTEMS - INFORMATION STORAGE AND PROCESSING SYSTEMS,1432-1858;0946-7076,true,,
MICROSYSTEMS AND NANOENGINEERING,2055-7434,true,,
MICROVASCULAR RESEARCH,1095-9319;0026-2862,true,,
MIDCONTINENTAL JOURNAL OF ARCHAEOLOGY,2327-4271;0146-1109,true,,
MIDDLE EAST CRITIQUE,1943-6157;1943-6149,true,,
MIDDLE EASTERN STUDIES,1743-7881;0026-3206,true,,
MIDWIFERY,1532-3099;0266-6138,true,,
MIGRATION STUDIES,2049-5846;2049-5838,true,,
MILAN JOURNAL OF MATHEMATICS,1424-9294;1424-9286,true,,
MILBANK QUARTERLY,1468-0009;0887-378X,true,,
MILITARY MEDICAL RESEARCH,2095-7467;2054-9369,true,,
MILLENNIAL ASIA,2321-7081;0976-3996,true,,
MILLENNIUM - JOURNAL OF INTERNATIONAL STUDIES,1477-9021;0305-8298,true,,
MIND,1460-2113;0026-4423,true,,
MIND AND LANGUAGE,1468-0017;0268-1064,true,,
"MIND, CULTURE, AND ACTIVITY",1532-7884;1074-9039,true,,
MINDFULNESS,1868-8535;1868-8527,true,,
MINDS AND MACHINES,1572-8641;0924-6495,true,,
MINE WATER AND THE ENVIRONMENT,1616-1068;1025-9112,true,,
MINERAL ECONOMICS,2191-2211;2191-2203,true,,
MINERAL PROCESSING AND EXTRACTIVE METALLURGY REVIEW,1547-7401;0882-7508,true,,
MINERALIUM DEPOSITA,1432-1866;0026-4598,true,,
MINERALOGICAL MAGAZINE,1471-8022;0026-461X,true,,
MINERALS,2075-163X,true,,
MINERALS ENGINEERING,0892-6875,true,,
MINERVA,1573-1871;0026-4695,true,,
MINERVA ANESTESIOLOGICA,1827-1596;0375-9393,true,,
MINERVA MEDICOLEGALE,1827-1669;0026-4806,true,,
MINERVA UROLOGY AND NEPHROLOGY,2724-6442;2724-6051,true,,
MINI-REVIEWS IN MEDICINAL CHEMISTRY,1875-5607;1389-5575,true,,
MINNESOTA LAW REVIEW,0026-5535,true,,
MINNESOTA REVIEW,2157-4189;0026-5667,true,,
MIR ROSSII - UNIVERSE OF RUSSIA|МИР РОССИИ. СОЦИОЛОГИЯ. ЭТНОЛОГИЯ,1811-0398;1811-038X,true,,
MIROVAYA EKONOMIKA I MEZHDUNARODNYE OTNOSHENIYA|МИРОВАЯ ЭКОНОМИКА И МЕЖДУНАРОДНЫЕ ОТНОШЕНИЯ,0131-2227,true,,
MIS QUARTERLY: MANAGEMENT INFORMATION SYSTEMS,2162-9730;0276-7783,true,,
MIS QUARTERLY EXECUTIVE,1540-1979;1540-1960,true,,
MIT SLOAN MANAGEMENT REVIEW,1532-8937;1532-9194,true,,
MITIGATION AND ADAPTATION STRATEGIES FOR GLOBAL CHANGE,1573-1596;1381-2386,true,,
MITTEILUNGEN DES KUNSTHISTORISCHEN INSTITUTES IN FLORENZ,0342-1201,true,,
MMWR - MORBIDITY AND MORTALITY WEEKLY REPORT,1545-861X;0149-2195,true,,
MMWR RECOMMENDATIONS AND REPORTS,1545-8601;1057-5987,true,,
MMWR SURVEILLANCE SUMMARIES,1545-8636;1546-0738,true,,
MOBILE DNA,1759-8753,true,,
MOBILE MEDIA AND COMMUNICATION,2050-1587;2050-1579,true,,
MOBILE NETWORKS AND APPLICATIONS,1572-8153;1383-469X,true,,
MOBILITIES,1745-011X;1745-0101,true,,
MOBILIZATION,1938-1514;1086-671X,true,,
MODERN AND CONTEMPORARY FRANCE,1469-9869;0963-9489,true,,
MODERN ASIAN STUDIES,1469-8099;0026-749X,true,,
MODERN CHINA,1552-6836;0097-7004,true,,
MODERN INTELLECTUAL HISTORY,1479-2451;1479-2443,true,,
MODERN ITALY,1469-9877;1353-2944,true,,
MODERN LANGUAGE JOURNAL,1540-4781;0026-7902,true,,
MODERN LANGUAGE QUARTERLY,1527-1943;0026-7929,true,,
MODERN LAW REVIEW,1468-2230;0026-7961,true,,
MODERN PATHOLOGY,1530-0285;0893-3952,true,,
MOLECULAR AND CELLULAR PROTEOMICS,1535-9484;1535-9476,false,2024-07-11,removed from the White List
MOLECULAR AND CELLULAR BIOLOGY,1098-5549;0270-7306,true,,
MOLECULAR AND CELLULAR ENDOCRINOLOGY,1872-8057;0303-7207,true,,
MOLECULAR AND CELLULAR NEUROSCIENCES,1095-9327;1044-7431,true,,
MOLECULAR ASPECTS OF MEDICINE,1872-9452;0098-2997,true,,
MOLECULAR AUTISM,2040-2392,true,,
MOLECULAR BIOLOGY AND EVOLUTION,1537-1719;0737-4038,true,,
MOLECULAR BREEDING,1572-9788;1380-3743,true,,
MOLECULAR CANCER,1476-4598,true,,
MOLECULAR CANCER RESEARCH,1557-3125;1541-7786,true,,
MOLECULAR CANCER THERAPEUTICS,1538-8514;1535-7163,true,,
MOLECULAR CARCINOGENESIS,1098-2744;0899-1987,true,,
MOLECULAR CATALYSIS,2468-8231,true,,
MOLECULAR CELL,1097-4164;1097-2765,true,,
MOLECULAR DIAGNOSIS AND THERAPY,1179-2000;1177-1062,true,,
MOLECULAR DIVERSITY,1573-501X;1381-1991,true,,
MOLECULAR ECOLOGY,1365-294X;0962-1083,true,,
MOLECULAR ECOLOGY RESOURCES,1755-0998;1755-098X,true,,
MOLECULAR GENETICS AND METABOLISM,1096-7206;1096-7192,true,,
MOLECULAR HUMAN REPRODUCTION,1460-2407;1360-9947,true,,
MOLECULAR IMAGING,1536-0121;1535-3508,true,,
MOLECULAR IMAGING AND BIOLOGY,1860-2002;1536-1632,true,,
MOLECULAR INFORMATICS,1868-1751;1868-1743,true,,
MOLECULAR MEDICINE,1528-3658;1076-1551,true,,
MOLECULAR METABOLISM,2212-8778,false,2024-07-11,removed from the White List
MOLECULAR NEUROBIOLOGY,1559-1182;0893-7648,true,,
MOLECULAR NEURODEGENERATION,1750-1326,true,,
MOLECULAR NUTRITION AND FOOD RESEARCH,1613-4133;1613-4125,true,,
MOLECULAR ONCOLOGY,1878-0261;1574-7891,true,,
MOLECULAR ORAL MICROBIOLOGY,2041-1014;2041-1006,true,,
MOLECULAR PHARMACEUTICS,1543-8392;1543-8384,true,,
MOLECULAR PHARMACOLOGY,1521-0111;0026-895X,true,,
MOLECULAR PHYLOGENETICS AND EVOLUTION,1095-9513;1055-7903,true,,
MOLECULAR PLANT,1752-9867;1674-2052,true,,
MOLECULAR PLANT - MICROBE INTERACTIONS,1943-7706;0894-0282,true,,
MOLECULAR PLANT PATHOLOGY,1464-6722;1364-3703,true,,
MOLECULAR PSYCHIATRY,1476-5578;1359-4184,true,,
MOLECULAR SIMULATION,1029-0435;0892-7022,true,,
MOLECULAR SYSTEMS BIOLOGY,1744-4292,true,,
MOLECULAR SYSTEMS DESIGN AND ENGINEERING,2058-9689,true,,
MOLECULAR THERAPY,1525-0024;1525-0016,true,,
MOLECULAR THERAPY - METHODS AND CLINICAL DEVELOPMENT,2329-0501,false,2024-07-11,removed from the White List
MOLECULAR THERAPY - NUCLEIC ACIDS,2162-2531,false,2024-07-11,removed from the White List
MOLECULAR THERAPY: ONCOLOGY,2950-3299,true,,
MOLECULES,1420-3049,true,,
THE MONIST,2153-3601;0026-9662,true,,
MONOGRAPHS OF THE SOCIETY FOR RESEARCH IN CHILD DEVELOPMENT,1540-5834;0037-976X,true,,
MONTHLY NOTICES OF THE ROYAL ASTRONOMICAL SOCIETY,1365-2966;0035-8711,true,,
MONTHLY WEATHER REVIEW,1520-0493;0027-0644,true,,
MORAL PHILOSOPHY AND POLITICS,2194-5624;2194-5616,true,,
MORAVIAN GEOGRAPHICAL REPORTS,2199-6202;1210-8812,true,,
MORPHOLOGY,1871-5656;1871-5621,true,,
MORTALITY,1469-9885;1357-6275,true,,
MOTIVATION AND EMOTION,1573-6644;0146-7239,true,,
MOVEMENT DISORDERS,1531-8257;0885-3185,true,,
MOVEMENT ECOLOGY,2051-3933,true,,
MRS BULLETIN,1938-1425;0883-7694,true,,
MRS COMMUNICATIONS,2159-6867;2159-6859,true,,
MSYSTEMS,2379-5077,true,,
MUCOSAL IMMUNOLOGY,1935-3456;1933-0219,false,2024-07-11,removed from the White List
MULTIBODY SYSTEM DYNAMICS,1573-272X;1384-5640,true,,
MULTICULTURAL PERSPECTIVES,1532-7892;1521-0960,true,,
MULTIDISCIPLINE MODELING IN MATERIALS AND STRUCTURES,1573-6113;1573-6105,true,,
MULTILINGUA - JOURNAL OF CROSS-CULTURAL AND INTERLANGUAGE COMMUNICATION,1613-3684;0167-8507,true,,
MULTIMEDIA TOOLS AND APPLICATIONS,1573-7721;1380-7501,true,,
MULTINATIONAL BUSINESS REVIEW,2054-1686;1525-383X,true,,
MULTIPLE SCLEROSIS AND RELATED DISORDERS,2211-0356;2211-0348,true,,
MULTIPLE SCLEROSIS JOURNAL,1477-0970;1352-4585,true,,
MULTIVARIATE BEHAVIORAL RESEARCH,1532-7906;0027-3171,true,,
MUQARNAS - AN ANNUAL ON THE VISUAL CULTURES OF THE ISLAMIC WORLD,2211-8993;0732-2992,true,,
MUSCULOSKELETAL SCIENCE AND PRACTICE,2468-7812;2468-8630,true,,
MUSEUM HISTORY JOURNAL,1936-9824;1936-9816,true,,
MUSEUM INTERNATIONAL,1468-0033;1350-0775,true,,
MUSEUM MANAGEMENT AND CURATORSHIP,1872-9185;0964-7775,true,,
MUSEUM WORLDS,2049-6737;2049-6729,true,,
MUSEUMS & SOCIAL ISSUES - A JOURNAL OF REFLECTIVE DISCOURSE,2051-6193;1559-6893,true,,
MUSIC EDUCATION RESEARCH,1469-9893;1461-3808,true,,
MUSIC PERCEPTION,1533-8312;0730-7829,true,,
MUSIC THEORY ONLINE,1067-3040,true,,
MUSIC THEORY SPECTRUM,1533-8339;0195-6167,true,,
MUSIC THERAPY PERSPECTIVES,2053-7387;0734-6875,true,,
MUSICAE SCIENTIAE,2045-4147;1029-8649,true,,
MUTATION RESEARCH - REVIEWS IN MUTATION RESEARCH,1388-2139;1383-5742,true,,
MYCOBIOLOGY,2092-9323;1229-8093,true,,
MYCOKEYS,1314-4057;1314-4049,true,,
MYCOLOGIA,1557-2536;0027-5514,true,,
MYCOLOGICAL PROGRESS,1861-8952;1617-416X,true,,
MYCOLOGY - AN INTERNATIONAL JOURNAL ON FUNGAL BIOLOGY,2150-1211;2150-1203,true,,
MYCOPATHOLOGIA,1573-0832;0301-486X,true,,
MYCORRHIZA,1432-1890;0940-6360,true,,
MYCOSES,1439-0507;0933-7407,true,,
MYCOSPHERE,2077-7019;2077-7000,true,,
MYRMECOLOGICAL NEWS,1994-4136,true,,
NAMES - A JOURNAL OF ONOMASTICS,1756-2279;0027-7738,true,,
NANO-MICRO LETTERS,2311-6706;2150-5551,true,,
NANO COMMUNICATION NETWORKS,1878-7797;1878-7789,true,,
NANO CONVERGENCE,2196-5404,true,,
NANO ENERGY,2211-3282;2211-2855,true,,
NANO FUTURES,2399-1984,true,,
NANO LETTERS,1530-6992;1530-6984,true,,
NANO MATERIALS SCIENCE,2589-9651;2096-6482,true,,
NANO RESEARCH,1998-0124;1998-0000,true,,
NANO TODAY,1878-044X;1748-0132,true,,
NANOCOMPOSITES,2055-0332;2055-0324,true,,
NANOETHICS,1871-4765;1871-4757,true,,
NANOIMPACT,2452-0748,true,,
NANOMATERIALS,2079-4991,true,,
NANOMEDICINE,1748-6963;1743-5889,true,,
"NANOMEDICINE: NANOTECHNOLOGY, BIOLOGY, AND MEDICINE",1549-9642;1549-9634,true,,
NANOPHOTONICS,2192-8614;2192-8606,true,,
NANOSCALE,2040-3372;2040-3364,true,,
NANOSCALE ADVANCES,2516-0230,true,,
NANOSCALE AND MICROSCALE THERMOPHYSICAL ENGINEERING,1556-7273;1556-7265,true,,
NANOSCALE HORIZONS,2055-6764;2055-6756,true,,
DISCOVER NANO,2731-9229,true,,
NANOSCIENCE AND TECHNOLOGY,2572-4266;2572-4258,true,,
"NANOSYSTEMS: PHYSICS, CHEMISTRY, MATHEMATICS|НАНОСИСТЕМЫ: ФИЗИКА, ХИМИЯ, МАТЕМАТИКА",2305-7971;2220-8054,true,,
NANOTECHNOLOGY,1361-6528;0957-4484,true,,
NANOTECHNOLOGY REVIEWS,2191-9097;2191-9089,true,,
"NANOTECHNOLOGY, SCIENCE AND APPLICATIONS",1177-8903,true,,
NANOTOXICOLOGY,1743-5404;1743-5390,true,,
NARRATIVE,1538-974X;1063-3685,true,,
NARRATIVE CULTURE,2169-0251;2169-0235,true,,
NARRATIVE INQUIRY,1569-9935;1387-6740,true,,
NASE MORE,1848-6320;0469-6255,true,,
NATIONAL IDENTITIES,1469-9907;1460-8944,true,,
NATIONAL SCIENCE REVIEW,2095-5138;2053-714X,true,,
NATIONALISM AND ETHNIC POLITICS,1557-2986;1353-7113,true,,
NATIONALITIES PAPERS - THE JOURNAL OF NATIONALISM AND ETHNICITY,1465-3923;0090-5992,true,,
NATIONS AND NATIONALISM,1469-8129;1354-5078,true,,
NATURAL HAZARDS,1573-0840;0921-030X,true,,
NATURAL HAZARDS AND EARTH SYSTEM SCIENCES,1684-9981;1561-8633,true,,
NATURAL HAZARDS REVIEW,1527-6996;1527-6988,true,,
NATURAL LANGUAGE AND LINGUISTIC THEORY,1573-0859;0167-806X,true,,
NATURAL LANGUAGE PROCESSING,2977-0424,true,,
NATURAL LANGUAGE SEMANTICS,1572-865X;0925-854X,true,,
NATURAL PRODUCT REPORTS,1460-4752;0265-0568,true,,
NATURAL PRODUCT RESEARCH,1478-6427;1478-6419,true,,
NATURAL PRODUCTS AND BIOPROSPECTING,2192-2209;2192-2195,true,,
NATURAL RESOURCES JOURNAL,0028-0739,true,,
NATURAL RESOURCES RESEARCH,1573-8981;1520-7439,true,,
NATURE,1476-4687;0028-0836,true,,
NATURE ASTRONOMY,2397-3366,true,,
NATURE BIOMEDICAL ENGINEERING,2157-846X,true,,
NATURE BIOTECHNOLOGY,1546-1696;1087-0156,true,,
NATURE CANCER,2662-1347,true,,
NATURE CATALYSIS,2520-1158,true,,
NATURE CELL BIOLOGY,1476-4679;1465-7392,true,,
NATURE CHEMICAL BIOLOGY,1552-4469;1552-4450,true,,
NATURE CHEMISTRY,1755-4349;1755-4330,true,,
NATURE CLIMATE CHANGE,1758-6798;1758-678X,true,,
NATURE COMMUNICATIONS,2041-1723,true,,
NATURE CONSERVATION - BULGARIA,1314-6947;1314-3301,true,,
NATURE CONSERVATION RESEARCH|NATURE CONSERVATION RESEARCH. ЗАПОВЕДНАЯ НАУКА,2500-008X,true,,
NATURE ECOLOGY AND EVOLUTION,2397-334X,true,,
NATURE ELECTRONICS,2520-1131,true,,
NATURE ENERGY,2058-7546,true,,
NATURE FOOD,2662-1355,true,,
NATURE GENETICS,1546-1718;1061-4036,true,,
NATURE GEOSCIENCE,1752-0908;1752-0894,true,,
NATURE HUMAN BEHAVIOUR,2397-3374,true,,
NATURE IMMUNOLOGY,1529-2916;1529-2908,true,,
NATURE MACHINE INTELLIGENCE,2522-5839,true,,
NATURE MATERIALS,1476-4660;1476-1122,true,,
NATURE MEDICINE,1546-170X;1078-8956,true,,
NATURE METABOLISM,2522-5812,true,,
NATURE METHODS,1548-7105;1548-7091,true,,
NATURE MICROBIOLOGY,2058-5276,true,,
NATURE NANOTECHNOLOGY,1748-3395;1748-3387,true,,
NATURE NEUROSCIENCE,1546-1726;1097-6256,true,,
NATURE PHOTONICS,1749-4893;1749-4885,true,,
NATURE PHYSICS,1745-2481;1745-2473,true,,
NATURE PLANTS,2055-0278;2055-026X,true,,
NATURE PROTOCOLS,1750-2799;1754-2189,true,,
NATURE REVIEWS CANCER,1474-1768;1474-175X,true,,
NATURE REVIEWS CARDIOLOGY,1759-5010;1759-5002,true,,
NATURE REVIEWS CHEMISTRY,2397-3358,true,,
NATURE REVIEWS CLINICAL ONCOLOGY,1759-4782;1759-4774,true,,
NATURE REVIEWS DISEASE PRIMERS,2056-676X,true,,
NATURE REVIEWS DRUG DISCOVERY,1474-1784;1474-1776,true,,
NATURE REVIEWS EARTH AND ENVIRONMENT,2662-138X,true,,
NATURE REVIEWS ENDOCRINOLOGY,1759-5037;1759-5029,true,,
NATURE REVIEWS GASTROENTEROLOGY AND HEPATOLOGY,1759-5053;1759-5045,true,,
NATURE REVIEWS GENETICS,1471-0064;1471-0056,true,,
NATURE REVIEWS IMMUNOLOGY,1474-1741;1474-1733,true,,
NATURE REVIEWS MATERIALS,2058-8437,true,,
NATURE REVIEWS MICROBIOLOGY,1740-1534;1740-1526,true,,
NATURE REVIEWS MOLECULAR CELL BIOLOGY,1471-0080;1471-0072,true,,
NATURE REVIEWS NEPHROLOGY,1759-507X;1759-5061,true,,
NATURE REVIEWS NEUROLOGY,1759-4766;1759-4758,true,,
NATURE REVIEWS NEUROSCIENCE,1471-0048;1471-003X,true,,
NATURE REVIEWS PHYSICS,2522-5820,true,,
NATURE REVIEWS RHEUMATOLOGY,1759-4804;1759-4790,true,,
NATURE REVIEWS UROLOGY,1759-4820;1759-4812,true,,
NATURE STRUCTURAL AND MOLECULAR BIOLOGY,1545-9993;1545-9985,true,,
NATURE SUSTAINABILITY,2398-9629,true,,
NAUCHNYE I TEKHNICHESKIE BIBLIOTEKI - SCIENTIFIC AND TECHNICAL LIBRARIES|НАУЧНЫЕ И ТЕХНИЧЕСКИЕ БИБЛИОТЕКИ,0130-9765;2686-8601;1027-3689,true,,
NAVIGATION - JOURNAL OF THE INSTITUTE OF NAVIGATION,2161-4296;0028-1522,true,,
NBER MACROECONOMICS ANNUAL,1537-2642;0889-3365,true,,
NDT AND E INTERNATIONAL,1879-1174;0963-8695,true,,
NEIZVESTNYI DOSTOEVSKII - THE UNKNOWN DOSTOEVSKY|НЕИЗВЕСТНЫЙ ДОСТОЕВСКИЙ,2409-5788,true,,
NEMATOLOGY,1388-5545;1568-5411,true,,
NEOBIOTA,1619-0033;1314-2488,true,,
NEONATOLOGY,1661-7819;1661-7800,true,,
NEOPLASIA,1476-5586;1522-8002,false,2024-07-11,removed from the White List
NEOTROPICAL ICHTHYOLOGY,1982-0224;1679-6225,true,,
NEPAL JOURNAL OF EPIDEMIOLOGY,2091-0800,true,,
NEPHROLOGY DIALYSIS TRANSPLANTATION,1460-2385;0931-0509,true,,
THE NEPHRON JOURNALS,2235-3186;1660-8151,true,,
NETHERLANDS JOURNAL OF GEOSCIENCES - GEOLOGIE EN MIJNBOUW,1573-9708;0016-7746,true,,
NETNOMICS: ECONOMIC RESEARCH AND ELECTRONIC NETWORKING,1573-7071;1385-9587,true,,
NETWORK NEUROSCIENCE,2472-1751,true,,
NETWORK SCIENCE,2050-1250;2050-1242,true,,
NETWORKS AND SPATIAL ECONOMICS,1572-9427;1566-113X,true,,
NEURAL COMPUTATION,1530-888X;0899-7667,true,,
NEURAL COMPUTING & APPLICATIONS,1433-3058;0941-0643,true,,
DISCOVER NEUROSCIENCE,3005-1827,true,,
NEURAL NETWORKS,1879-2782;0893-6080,true,,
NEURAL REGENERATION RESEARCH,1876-7958;1673-5374,true,,
NEURO-ONCOLOGY,1523-5866;1522-8517,true,,
NEUROBIOLOGY OF AGING,1558-1497;0197-4580,true,,
NEUROBIOLOGY OF DISEASE,1095-953X;0969-9961,false,2024-07-11,removed from the White List
NEUROBIOLOGY OF LEARNING AND MEMORY,1095-9564;1074-7427,true,,
NEUROBIOLOGY OF STRESS,2352-2895,false,2024-07-11,removed from the White List
NEUROCHEMICAL RESEARCH,1573-6903;0364-3190,true,,
NEUROCHEMISTRY INTERNATIONAL,1872-9754;0197-0186,true,,
NEUROCOMPUTING,1872-8286;0925-2312,true,,
NEUROCRITICAL CARE,1556-0961;1541-6933,true,,
NEUROENDOCRINOLOGY,1423-0194;0028-3835,true,,
NEUROEPIDEMIOLOGY,1423-0208;0251-5350,true,,
NEUROETHICS,1874-5504;1874-5490,true,,
NEUROGASTROENTEROLOGY AND MOTILITY,1365-2982;1350-1925,true,,
NEUROIMAGE,1095-9572;1053-8119,false,2024-07-11,removed from the White List
NEUROIMAGE - CLINICAL,2213-1582,false,2024-07-11,removed from the White List
NEUROINFORMATICS,1559-0089;1539-2791,true,,
NEUROLOGIA,1578-1968;0213-4853,false,2024-07-11,removed from the White List
NEUROLOGIC CLINICS,1557-9875;0733-8619,true,,
NEUROLOGY,1526-632X;0028-3878,true,,
NEUROLOGY: NEUROIMMUNOLOGY AND NEUROINFLAMMATION,2332-7812,true,,
NEUROMODULATION,1525-1403;1094-7159,true,,
NEUROMOLECULAR MEDICINE,1559-1174;1535-1084,true,,
NEURON,1097-4199;0896-6273,true,,
NEUROPATHOLOGY AND APPLIED NEUROBIOLOGY,1365-2990;0305-1846,true,,
NEUROPHARMACOLOGY,1873-7064;0028-3908,true,,
NEUROPHOTONICS,2329-4248;2329-423X,true,,
NEUROPHYSIOLOGIE CLINIQUE - CLINICAL NEUROPHYSIOLOGY,1769-7131;0987-7053,true,,
NEUROPSYCHOBIOLOGY,1423-0224;0302-282X,true,,
NEUROPSYCHOLOGIA,1873-3514;0028-3932,true,,
NEUROPSYCHOLOGICAL REHABILITATION,1464-0694;0960-2011,true,,
NEUROPSYCHOLOGY,1931-1559;0894-4105,true,,
NEUROPSYCHOLOGY REVIEW,1573-6660;1040-7308,true,,
NEUROPSYCHOPHARMACOLOGY,1740-634X;0893-133X,true,,
NEUROREHABILITATION,1878-6448;1053-8135,true,,
NEUROREHABILITATION AND NEURAL REPAIR,1552-6844;1545-9683,true,,
NEUROSCIENCE,1873-7544;0306-4522,true,,
NEUROSCIENCE AND BIOBEHAVIORAL REVIEWS,1873-7528;0149-7634,true,,
NEUROSCIENCE BULLETIN,1995-8218;1673-7067,true,,
NEUROSCIENCE OF CONSCIOUSNESS,2057-2107,true,,
NEUROSCIENTIST,1089-4098;1073-8584,true,,
NEUROSPINE,2586-6591;2586-6583,true,,
NEUROSURGERY,1524-4040;0148-396X,true,,
NEUROSURGERY CLINICS OF NORTH AMERICA,1558-1349;1042-3680,true,,
NEUROSURGICAL FOCUS,1092-0684,true,,
NEUROSURGICAL REVIEW,1437-2320;0344-5607,true,,
NEUROTHERAPEUTICS,1878-7479;1933-7213,false,2024-07-11,removed from the White List
NEUROTOXICITY RESEARCH,1476-3524;1029-8428,true,,
NEUROTOXICOLOGY,1872-9711;0161-813X,true,,
NEW ASTRONOMY REVIEWS,1872-9630;1387-6473,true,,
NEW BIOTECHNOLOGY,1876-4347;1871-6784,false,2024-07-11,removed from the White List
NEW ENGLAND JOURNAL OF MEDICINE,1533-4406;0028-4793,true,,
NEW FORESTS,1573-5095;0169-4286,true,,
NEW GERMAN CRITIQUE,1558-1462;0094-033X,true,,
NEW JOURNAL OF CHEMISTRY,1369-9261;1144-0546,true,,
NEW JOURNAL OF PHYSICS,1367-2630,true,,
NEW LEFT REVIEW,2044-0480;0028-6060,true,,
NEW LITERARY HISTORY,1080-661X;0028-6087,true,,
NEW MEDIA AND SOCIETY,1461-7315;1461-4448,true,,
NEW MICROBES AND NEW INFECTIONS,2052-2975,false,2024-07-11,removed from the White List
NEW PERSPECTIVES ON TURKEY,1305-3299;0896-6346,true,,
NEW PHYTOLOGIST,1469-8137;0028-646X,true,,
NEW POLITICAL ECONOMY,1469-9923;1356-3467,true,,
"NEW TECHNOLOGY, WORK AND EMPLOYMENT",1468-005X;0268-1072,true,,
NEW TESTAMENT STUDIES,1469-8145;0028-6885,true,,
NEW WRITING - THE INTERNATIONAL JOURNAL FOR THE PRACTICE AND THEORY OF CREATIVE WRITING,1943-3107;1479-0726,true,,
THE NEW YORK REVIEW OF BOOKS,1944-7744;0028-7504,true,,
NEW YORK TIMES BOOK REVIEW,0028-7806,true,,
NEW YORK UNIVERSITY LAW REVIEW,0028-7881,true,,
NEW ZEALAND JOURNAL OF AGRICULTURAL RESEARCH,1175-8775;0028-8233,true,,
"NEW ZEALAND JOURNAL OF GEOLOGY, AND GEOPHYSICS",1175-8791;0028-8306,true,,
NEW ZEALAND VETERINARY JOURNAL,1176-0710;0048-0169,true,,
NEWSLETTERS ON STRATIGRAPHY,0078-0421,true,,
NICOTINE AND TOBACCO RESEARCH,1469-994X;1462-2203,true,,
NITRIC OXIDE - BIOLOGY AND CHEMISTRY,1089-8611;1089-8603,true,,
NMR IN BIOMEDICINE,1099-1492;0952-3480,true,,
NOISE MAPPING,2084-879X,true,,
NON-CODING RNA,2311-553X,true,,
NON-CODING RNA RESEARCH,2468-2160;2468-0540,true,,
NONDESTRUCTIVE TESTING AND EVALUATION,1477-2671;1058-9759,true,,
NONLINEAR ANALYSIS - HYBRID SYSTEMS,1878-7460;1751-570X,true,,
NONLINEAR ANALYSIS - MODELLING AND CONTROL,2335-8963;1392-5113,true,,
NONLINEAR ANALYSIS - REAL WORLD APPLICATIONS,1878-5719;1468-1218,true,,
"NONLINEAR ANALYSIS, THEORY, METHODS AND APPLICATIONS",1873-5215;0362-546X,true,,
NONLINEAR DYNAMICS,1573-269X;0924-090X,true,,
NONLINEAR ENGINEERING - MODELING AND APPLICATION,2192-8029;2192-8010,true,,
NONLINEAR PROCESSES IN GEOPHYSICS,1607-7946;1023-5809,true,,
NONPROFIT AND VOLUNTARY SECTOR QUARTERLY,1552-7395;0899-7640,true,,
NORDIC JOURNAL OF MUSIC THERAPY,1944-8260;0809-8131,true,,
NORDIC JOURNAL OF RELIGION AND SOCIETY,1890-7008;0809-7291,true,,
NORDISK JUDAISTIK - SCANDINAVIAN JEWISH STUDIES,2343-4929;0348-1646,true,,
NORMA,1890-2146;1890-2138,true,,
NORTH AMERICAN JOURNAL OF AQUACULTURE,1548-8454;1522-2055,true,,
NORTH AMERICAN JOURNAL OF ECONOMICS AND FINANCE,1879-0860;1062-9408,true,,
NORTHWESTERN UNIVERSITY LAW REVIEW,0029-3571,true,,
NORWEGIAN ARCHAEOLOGICAL REVIEW,1502-7678;0029-3652,true,,
NOTES,1534-150X;0027-4380,true,,
NOUS,1468-0068;0029-4624,true,,
NOVA RELIGIO: THE JOURNAL OF ALTERNATIVE AND EMERGENT RELIGIONS,1541-8480;1092-6690,true,,
NOVEL - A FORUM ON FICTION,1945-8509;0029-5132,true,,
NOVYE ISSLEDOVANIYA TUVY - NEW RESEARCH OF TUVA|НОВЫЕ ИССЛЕДОВАНИЯ ТУВЫ,2079-8482,true,,
NOVYI FILOLOGICHESKII VESTNIK - NEW PHILOLOGICAL BULLETIN|НОВЫЙ ФИЛОЛОГИЧЕСКИЙ ВЕСТНИК,2072-9316,true,,
NPG ASIA MATERIALS,1884-4057;1884-4049,true,,
NPJ 2D MATERIALS AND APPLICATIONS,2397-7132,true,,
NPJ AGING,2731-6068,true,,
NPJ BIOFILMS AND MICROBIOMES,2055-5008,true,,
NPJ BREAST CANCER,2374-4677,true,,
NPJ CLEAN WATER,2059-7037,true,,
NPJ CLIMATE AND ATMOSPHERIC SCIENCE,2397-3722,true,,
NPJ COMPUTATIONAL MATERIALS,2057-3960,true,,
NPJ DIGITAL MEDICINE,2398-6352,true,,
NPJ FLEXIBLE ELECTRONICS,2397-4621,true,,
NPJ GENOMIC MEDICINE,2056-7944,true,,
NPJ MATERIALS DEGRADATION,2397-2106,true,,
NPJ MICROGRAVITY,2373-8065,true,,
NPJ PARKINSON'S DISEASE,2373-8057,true,,
NPJ PRECISION ONCOLOGY,2397-768X,true,,
NPJ QUANTUM INFORMATION,2056-6387,true,,
NPJ QUANTUM MATERIALS,2397-4648,true,,
NPJ REGENERATIVE MEDICINE,2057-3995,true,,
NPJ SCIENCE OF FOOD,2396-8370,true,,
NPJ SCIENCE OF LEARNING,2056-7936,true,,
NPJ SYSTEMS BIOLOGY AND APPLICATIONS,2056-7189,true,,
NPJ VACCINES,2059-0105,true,,
NTM,1420-9144;0036-6978,true,,
NUCLEAR DATA SHEETS,1095-9904;0090-3752,true,,
NUCLEAR ENGINEERING AND DESIGN,1872-759X;0029-5493,true,,
NUCLEAR ENGINEERING AND TECHNOLOGY,1738-5733,true,,
NUCLEAR FUSION,1741-4326;0029-5515,true,,
NUCLEAR MATERIALS AND ENERGY,2352-1791,false,2024-07-11,removed from the White List
NUCLEAR PHYSICS B,1873-1562;0550-3213,true,,
NUCLEAR SCIENCE AND TECHNIQUES/HEWULI,2210-3147;1001-8042,true,,
NUCLEIC ACID THERAPEUTICS,2159-3345;2159-3337,true,,
NUCLEIC ACIDS RESEARCH,1362-4962;0305-1048,true,,
NUEVA REVISTA DE FILOLOGIA HISPANICA,2448-6558;0185-0121,true,,
NUMEN - INTERNATIONAL REVIEW FOR THE HISTORY OF RELIGIONS,1568-5276;0029-5973,true,,
NUMERICAL ALGORITHMS,1572-9265;1017-1398,true,,
NUMERICAL FUNCTIONAL ANALYSIS AND OPTIMIZATION,1532-2467;0163-0563,true,,
NUMERICAL HEAT TRANSFER; PART A: APPLICATIONS,1521-0634;1040-7782,true,,
NUMERICAL LINEAR ALGEBRA WITH APPLICATIONS,1099-1506;1070-5325,true,,
NUMERICAL METHODS FOR PARTIAL DIFFERENTIAL EQUATIONS,1098-2426;0749-159X,true,,
NUMERISCHE MATHEMATIK,0945-3245;0029-599X,true,,
NURSE EDUCATION IN PRACTICE,1873-5223;1471-5953,true,,
NURSE EDUCATION TODAY,1532-2793;0260-6917,true,,
NURSE EDUCATOR,1538-9855;0363-3624,true,,
NURSING AND HEALTH SCIENCES,1442-2018;1441-0745,true,,
NURSING ETHICS,1477-0989;0969-7330,true,,
NURSING FORUM,1744-6198;0029-6473,true,,
NURSING HISTORY REVIEW,1938-1913;1062-8061,true,,
NURSING IN CRITICAL CARE,1478-5153;1362-1017,true,,
NURSING INQUIRY,1440-1800;1320-7881,true,,
NURSING OUTLOOK,1528-3968;0029-6554,true,,
NURSING RESEARCH,1538-9847;0029-6562,true,,
NURSING RESEARCH AND PRACTICE,2090-1437;2090-1429,true,,
NUTRIENT CYCLING IN AGROECOSYSTEMS,1573-0867;1385-1314,true,,
NUTRIENTS,2072-6643,true,,
NUTRITION,1873-1244;0899-9007,true,,
NUTRITION AND DIABETES,2044-4052,true,,
NUTRITION AND METABOLISM,1743-7075,true,,
NUTRITION JOURNAL,1475-2891,true,,
"NUTRITION, METABOLISM AND CARDIOVASCULAR DISEASES",1590-3729;0939-4753,true,,
NUTRITION RESEARCH,1879-0739;0271-5317,true,,
NUTRITION RESEARCH REVIEWS,1475-2700;0954-4224,true,,
NUTRITION REVIEWS,1753-4887;0029-6643,true,,
NUTRITIONAL NEUROSCIENCE,1476-8305;1028-415X,true,,
NEW WEST INDIAN GUIDE/NIEUWE WEST - INDISCHE GIDS (NWIG),1382-2373;2213-4360,true,,
OBESITY,1930-739X;1930-7381,true,,
OBESITY FACTS,1662-4033;1662-4025,true,,
OBESITY RESEARCH AND CLINICAL PRACTICE,1878-0318;1871-403X,true,,
OBESITY REVIEWS,1467-789X;1467-7881,true,,
OBESITY SURGERY,1708-0428;0960-8923,true,,
OBRADOIRO DE HISTORIA MODERNA,2340-0013;1133-0481,true,,
OBRAZOVANIE I NAUKA - EDUCATION AND SCIENCE|ОБРАЗОВАНИЕ И НАУКА,2310-5828;1994-5639,true,,
OBSERVAR,1988-5105,true,,
OBSTETRICS AND GYNECOLOGY,0029-7844,true,,
OBSTETRICS AND GYNECOLOGY CLINICS OF NORTH AMERICA,1558-0474;0889-8545,true,,
OCCUPATIONAL AND ENVIRONMENTAL MEDICINE,1470-7926;1351-0711,true,,
OCCUPATIONAL HEALTH SCIENCE,2367-0142;2367-0134,true,,
OCCUPATIONAL MEDICINE,1471-8405;0962-7480,true,,
OCEAN AND COASTAL MANAGEMENT,1873-524X;0964-5691,true,,
OCEAN DEVELOPMENT AND INTERNATIONAL LAW,1521-0642;0090-8320,true,,
OCEAN ENGINEERING,1873-5258;0029-8018,true,,
OCEAN MODELLING,1463-5011;1463-5003,true,,
OCEAN SCIENCE,1812-0792;1812-0784,true,,
OCEANIA,1834-4461;0029-8077,true,,
OCEANOGRAPHY,1042-8275,true,,
OCEANOLOGIA,2300-7370;0078-3234,true,,
OCULAR IMMUNOLOGY AND INFLAMMATION,1744-5078;0927-3948,true,,
OCULAR SURFACE,1937-5913;1542-0124,true,,
ODONTOLOGY / THE SOCIETY OF THE NIPPON DENTAL UNIVERSITY,1618-1255,true,,
OECOLOGIA,1432-1939;0029-8549,true,,
OECONOMIA COPERNICANA,2353-1827;2083-1277,true,,
OIKOS,1600-0706;0030-1299,true,,
OMEGA - INTERNATIONAL JOURNAL OF MANAGEMENT SCIENCE,1873-5274;0305-0483,true,,
ON THE HORIZON,2054-1708;1074-8121,true,,
ON THE W@TERFRONT,1139-7365,true,,
ONCOGENE,1476-5594;0950-9232,true,,
ONCOGENESIS,2157-9024,true,,
ONCOIMMUNOLOGY,2162-402X;2162-4011,true,,
ONCOLOGIST,1549-490X;1083-7159,true,,
ONCOLOGY REPORTS,1791-2431;1021-335X,true,,
ONCOLOGY RESEARCH,1555-3906;0965-0407,true,,
ONE EARTH,2590-3330;2590-3322,true,,
ONE HEALTH,2352-7714,false,2024-07-11,removed from the White List
ONE HEALTH OUTLOOK,2524-4655,true,,
ONKOUROLOGIYA|ОНКОУРОЛОГИЯ,1996-1812;1726-9776,true,,
ONLINE INFORMATION REVIEW,1468-4535;1468-4527,true,,
ONLINE JOURNAL OF COMMUNICATION AND MEDIA TECHNOLOGIES,1986-3497,true,,
ONLINE LEARNING JOURNAL,2472-5749;2472-5730,true,,
OP CIT - REVISTA DE ESTUDOS ANGLO-AMERICANOS - A JOURNAL OF ANGLO-AMERICAN STUDIES,0874-1409;2182-9446,true,,
OPEN AGRICULTURE,2391-9531,true,,
OPEN ARCHAEOLOGY,2300-6560,true,,
OPEN BIOLOGY,2046-2441,true,,
OPEN LEARNING,1469-9958;0268-0513,true,,
OPEN LIBRARY OF HUMANITIES,2056-6700,true,,
OPEN PHILOSOPHY,2543-8875,true,,
OPEN THEOLOGY,2300-6579,true,,
OPERATIONS MANAGEMENT RESEARCH,1936-9743;1936-9735,true,,
OPERATIONS RESEARCH,1526-5463;0030-364X,true,,
OPERATIONS RESEARCH FOR HEALTH CARE,2211-6923,true,,
OPERATIONS RESEARCH PERSPECTIVES,2214-7160,false,2024-07-11,removed from the White List
OPERATIVE DENTISTRY,1559-2863;0361-7734,true,,
OPHTHALMIC AND PHYSIOLOGICAL OPTICS,1475-1313;0275-5408,true,,
OPHTHALMOLOGICA,1423-0267;0030-3755,true,,
OPHTHALMOLOGY,1549-4713;0161-6420,true,,
OPHTHALMOLOGY AND THERAPY,2193-8245;2193-6528,true,,
OPHTHALMOLOGY. GLAUCOMA,2589-4234;2589-4196,true,,
OPHTHALMOLOGY RETINA,2468-6530;2468-7219,true,,
OPTICA,2334-2536,true,,
OPTICAL FIBER TECHNOLOGY,1095-9912;1068-5200,true,,
OPTICAL MATERIALS,1873-1252;0925-3467,true,,
OPTICAL MATERIALS EXPRESS,2159-3930,true,,
OPTICAL SWITCHING AND NETWORKING,1872-9770;1573-4277,true,,
OPTICS AND LASER TECHNOLOGY,1879-2545;0030-3992,true,,
OPTICS AND LASERS IN ENGINEERING,1873-0302;0143-8166,true,,
OPTICS EXPRESS,1094-4087,true,,
OPTICS LETTERS,1539-4794;0146-9592,true,,
OPTIMAL CONTROL APPLICATIONS AND METHODS,1099-1514;0143-2087,true,,
OPTIMIZATION,1029-4945;0233-1934,true,,
OPTIMIZATION AND ENGINEERING,1573-2924;1389-4420,true,,
OPTIMIZATION METHODS AND SOFTWARE,1026-7670;1055-6788;1029-4937,true,,
OPTO-ELECTRONIC ADVANCES,2096-4579,true,,
OPUSCULA - ANNUAL OF THE SWEDISH INSTITUTES AT ATHENS AND ROME,2000-0898,true,,
OPUSCULA MATHEMATICA,2300-6919;1232-9274,true,,
ORAL AND MAXILLOFACIAL SURGERY CLINICS OF NORTH AMERICA,1558-1365;1042-3699,true,,
ORAL DISEASES,1601-0825;1354-523X,true,,
ORAL HISTORY REVIEW,1533-8592;0094-0798,true,,
ORAL ONCOLOGY,1879-0593;1368-8375,true,,
"ORAL SURGERY, ORAL MEDICINE, ORAL PATHOLOGY AND ORAL RADIOLOGY",2212-4411;2212-4403,true,,
ORE GEOLOGY REVIEWS,1872-7360;0169-1368,false,2024-07-11,removed from the White List
ORGANIC AND BIOMOLECULAR CHEMISTRY,1477-0539;1477-0520,true,,
ORGANIC CHEMISTRY FRONTIERS,2052-4129;2052-4110,true,,
ORGANIC ELECTRONICS,1878-5530;1566-1199,true,,
ORGANIC GEOCHEMISTRY,1873-5290;0146-6380,true,,
ORGANIC LETTERS,1523-7060;1523-7052,true,,
ORGANIC PROCESS RESEARCH & DEVELOPMENT,1520-586X;1083-6160,true,,
ORGANISED SOUND,1469-8153;1355-7718,true,,
ORGANISMS DIVERSITY AND EVOLUTION,1618-1077;1439-6092,true,,
ORGANIZATION,1461-7323;1350-5084,true,,
ORGANIZATION AND ENVIRONMENT,1552-7417;1086-0266,true,,
ORGANIZATION SCIENCE,1526-5455;1047-7039,true,,
ORGANIZATION STUDIES,1741-3044;0170-8406,true,,
ORGANIZATIONAL BEHAVIOR AND HUMAN DECISION PROCESSES,1095-9920;0749-5978,true,,
ORGANIZATIONAL PSYCHOLOGY REVIEW,2041-3874;2041-3866,true,,
ORGANIZATIONAL RESEARCH METHODS,1552-7425;1094-4281,true,,
ORGANIZATSIONNAYA PSIKHOLOGIYA|ОРГАНИЗАЦИОННАЯ ПСИХОЛОГИЯ,2312-5942,true,,
ORGANOMETALLICS,1520-6041;0276-7333,true,,
ORIENS,1877-8372;0078-6527,true,,
DISCOVER LIFE,2948-2976;2948-2968,true,,
ORNITHOLOGICAL APPLICATIONS,2732-4621;0010-5422,true,,
ORNITHOLOGY,2732-4613;0004-8038,true,,
ORTHOPAEDIC JOURNAL OF SPORTS MEDICINE,2325-9671,true,,
ORTHOPAEDICS AND TRAUMATOLOGY: SURGERY AND RESEARCH,1877-0568,true,,
ORTHOPEDIC CLINICS OF NORTH AMERICA,1558-1373;0030-5898,true,,
ORYX,1365-3008;0030-6053,true,,
OSTEOARTHRITIS AND CARTILAGE,1522-9653;1063-4584,true,,
OSTEOPOROSIS INTERNATIONAL,1433-2965;0937-941X,true,,
OTOLARYNGOLOGIC CLINICS OF NORTH AMERICA,1557-8259;0030-6665,true,,
OTOLARYNGOLOGY - HEAD AND NECK SURGERY,1097-6817;0194-5998,true,,
OTOLOGY AND NEUROTOLOGY,1537-4505;1531-7129,true,,
OUTLOOK ON AGRICULTURE,2043-6866;0030-7270,true,,
OXFORD BULLETIN OF ECONOMICS AND STATISTICS,1468-0084;0305-9049,true,,
OXFORD DEVELOPMENT STUDIES,1469-9966;1360-0818,true,,
OXFORD JOURNAL OF LEGAL STUDIES,1464-3820;0143-6503,true,,
OXFORD REVIEW OF ECONOMIC POLICY,1460-2121;0266-903X,true,,
OXFORD REVIEW OF EDUCATION,1465-3915;0305-4985,true,,
HIGH TEMPERATURE CORROSION OF MATERIALS,2731-8400;2731-8397,true,,
PACIFIC - BASIN FINANCE JOURNAL,1879-0585;0927-538X,true,,
PACIFIC AFFAIRS,1715-3379;0030-851X,true,,
PACIFIC PHILOSOPHICAL QUARTERLY,1468-0114;0279-0750,true,,
PACIFIC REVIEW,1470-1332;0951-2748,true,,
PACKAGING TECHNOLOGY AND SCIENCE,1099-1522;0894-3214,true,,
PAEDAGOGICA HISTORICA,1477-674X;0030-9230,true,,
PAEDIATRIC AND PERINATAL EPIDEMIOLOGY,1365-3016;0269-5022,true,,
PAEDIATRIC RESPIRATORY REVIEWS,1526-0550;1526-0542,true,,
PAIN,1872-6623;0304-3959,true,,
PAIN MANAGEMENT,1758-1877;1758-1869,true,,
PAIN MANAGEMENT NURSING,1532-8635;1524-9042,true,,
PAIN MEDICINE,1526-4637;1526-2375,true,,
PAIN PHYSICIAN,2150-1149;1533-3159,true,,
PAIN PRACTICE,1533-2500;1530-7085,true,,
PAIN REPORTS,2471-2531,true,,
"PALAEOGEOGRAPHY, PALAEOCLIMATOLOGY, PALAEOECOLOGY",1872-616X;0031-0182,true,,
"PALAEONTOGRAPHICA, ABTEILUNG A: PALAOZOOLOGIE - STRATIGRAPHIE",0375-0442,true,,
PALAEONTOLOGY,1475-4983;0031-0239,true,,
PALAEOWORLD,1875-5887;1871-174X,true,,
PALEOAMERICA,2055-5571;2055-5563,true,,
PALEOBIOLOGY,1938-5331;0094-8373,true,,
PALEOCEANOGRAPHY AND PALEOCLIMATOLOGY,2572-4517;2572-4525,true,,
PALESTINE EXPLORATION QUARTERLY,1743-1301;0031-0328,true,,
PALLIATIVE AND SUPPORTIVE CARE,1478-9523;1478-9515,true,,
PALLIATIVE MEDICINE,1477-030X;0269-2163,true,,
PALYNOLOGY,1558-9188;0191-6122,true,,
PAMATKY ARCHEOLOGICKE,2570-9496;0031-0506,true,,
PANMINERVA MEDICA,1827-1898;0031-0808,true,,
PAPERS IN PALAEONTOLOGY,2056-2799;2056-2802,true,,
PAPERS IN REGIONAL SCIENCE,1435-5957;1056-8190,false,2024-07-11,removed from the White List
PAPERS OF THE BRITISH SCHOOL AT ROME,2045-239X;0068-2462,true,,
PARALLAX,1460-700X;1353-4645,true,,
PARASITES AND VECTORS,1756-3305,true,,
PARASITOLOGY,1469-8161;0031-1820,true,,
PARIS REVIEW,0031-2037,true,,
PARKINSONISM AND RELATED DISORDERS,1873-5126;1353-8020,true,,
PARLIAMENTARY AFFAIRS,1460-2482;0031-2290,true,,
PARTIAL ANSWERS - JOURNAL OF LITERATURE AND THE HISTORY OF IDEAS,1936-9247;1565-3668,true,,
PARTICLE AND PARTICLE SYSTEMS CHARACTERIZATION,1521-4117;0934-0866,true,,
PARTICLE AND FIBRE TOXICOLOGY,1743-8977,true,,
PARTY POLITICS,1460-3683;1354-0688,true,,
PAST AND PRESENT,1477-464X;0031-2746,true,,
PASTORAL PSYCHOLOGY,1573-6679;0031-2789,true,,
PASTORALISM - RESEARCH POLICY AND PRACTICE,2041-7128;2041-7136,true,,
PATHOBIOLOGY,1423-0291;1015-2008,true,,
PATHOGENS AND GLOBAL HEALTH,2047-7732;2047-7724,true,,
PATHOLOGY,1465-3931;0031-3025,true,,
PATHOLOGY & ONCOLOGY RESEARCH,1532-2807;1219-4956,true,,
PATHOLOGY RESEARCH AND PRACTICE,1618-0631;0344-0338,true,,
PATIENT - PATIENT CENTERED OUTCOMES RESEARCH,1178-1661;1178-1653,true,,
PATIENT EDUCATION AND COUNSELING,1873-5134;0738-3991,true,,
PATIENT PREFERENCE AND ADHERENCE,1177-889X,true,,
PATIENT SAFETY IN SURGERY,1754-9493,true,,
PATTERN RECOGNITION,1873-5142;0031-3203,true,,
PATTERN RECOGNITION AND IMAGE ANALYSIS (ADVANCES IN MATHEMATICAL THEORY AND APPLICATIONS),1054-6618;1555-6212,true,,
PATTERN RECOGNITION LETTERS,1872-7344;0167-8655,true,,
PATTERNS,2666-3899,false,2024-07-11,removed from the White List
PATTERNS OF PREJUDICE,1461-7331;0031-322X,true,,
PEACE AND CONFLICT - JOURNAL OF PEACE PSYCHOLOGY,1532-7949;1078-1919,true,,
PEACEBUILDING,2164-7267;2164-7259,true,,
PEDAGOGY CULTURE AND SOCIETY,1747-5104;1468-1366,true,,
PEDIATRIA I MEDYCYNA RODZINNA - PAEDIATRICS AND FAMILY MEDICINE,2451-0742;1734-1531,true,,
PEDIATRIC ALLERGY AND IMMUNOLOGY,1399-3038;0905-6157,true,,
PEDIATRIC BLOOD AND CANCER,1545-5017;1545-5009,true,,
PEDIATRIC CLINICS OF NORTH AMERICA,1557-8240;0031-3955,true,,
PEDIATRIC CRITICAL CARE MEDICINE,1947-3893;1529-7535,true,,
PEDIATRIC DIABETES,1399-5448;1399-543X,true,,
PAEDIATRIC DRUGS,1179-2019;1174-5878,true,,
PEDIATRIC EXERCISE SCIENCE,1543-2920;0899-8493,true,,
PEDIATRIC INFECTIOUS DISEASE JOURNAL,1532-0987;0891-3668,true,,
PEDIATRIC NEPHROLOGY,1432-198X;0931-041X,true,,
PEDIATRIC NEUROLOGY,1873-5150;0887-8994,true,,
PEDIATRIC OBESITY,2047-6302;2047-6310,true,,
PEDIATRIC PULMONOLOGY,8755-6863;1099-0496,true,,
PEDIATRIC RADIOLOGY,1432-1998;0301-0449,true,,
PEDIATRIC RESEARCH,1530-0447;0031-3998,true,,
PEDIATRIC RHEUMATOLOGY,1546-0096,true,,
PEDIATRICS,1098-4275;0031-4005,true,,
PEDOSPHERE,2210-5107;1002-0160,true,,
PEER-TO-PEER NETWORKING AND APPLICATIONS,1936-6450;1936-6442,true,,
PEERJ,2167-8359,true,,
PEOPLE AND NATURE,2575-8314,true,,
PERINOLA - REVISTA DE INVESTIGACION QUEVEDIANA,1138-6363,true,,
PERIODONTOLOGY 2000,1600-0757;0906-6713,true,,
PERMAFROST AND PERIGLACIAL PROCESSES,1099-1530;1045-6740,true,,
PERSONALITY AND INDIVIDUAL DIFFERENCES,1873-3549;0191-8869,true,,
PERSONALITY AND SOCIAL PSYCHOLOGY BULLETIN,1552-7433;0146-1672,true,,
PERSONALITY AND SOCIAL PSYCHOLOGY REVIEW,1532-7957;1088-8683,true,,
"PERSONALITY DISORDERS: THEORY, RESEARCH, AND TREATMENT",1949-2723;1949-2715,true,,
PERSONNEL PSYCHOLOGY,1744-6570;0031-5826,true,,
PERSONNEL REVIEW,1758-6933;0048-3486,true,,
PERSOONIA,1878-9080;0031-5850,true,,
PERSPECTIVES - STUDIES IN TRANSLATION THEORY AND PRACTICE,1747-6623;0907-676X,true,,
PERSPECTIVES IN BIOLOGY AND MEDICINE,1529-8795;0031-5982,true,,
PERSPECTIVES IN ECOLOGY AND CONSERVATION,2530-0644,true,,
"PERSPECTIVES IN PLANT ECOLOGY, EVOLUTION AND SYSTEMATICS",1433-8319,true,,
PERSPECTIVES IN PUBLIC HEALTH,1757-9147;1757-9139,true,,
PERSPECTIVES ON MEDICAL EDUCATION,2212-277X;2212-2761,true,,
PERSPECTIVES ON POLITICS,1541-0986;1537-5927,true,,
PERSPECTIVES ON PSYCHOLOGICAL SCIENCE,1745-6924;1745-6916,true,,
PERSPECTIVES ON PUBLIC MANAGEMENT AND GOVERNANCE,2398-4929;2398-4910,true,,
PERSPECTIVES ON SCIENCE AND CHRISTIAN FAITH,0892-2675,true,,
PERSPECTIVES ON SEXUAL AND REPRODUCTIVE HEALTH,1931-2393;1538-6341,true,,
PERVASIVE AND MOBILE COMPUTING,1873-1589;1574-1192,true,,
PEST MANAGEMENT SCIENCE,1526-4998;1526-498X,true,,
PESTICIDE BIOCHEMISTRY AND PHYSIOLOGY,1095-9939;0048-3575,true,,
PETROLEUM EXPLORATION AND DEVELOPMENT,2096-4803;1876-3804,true,,
PETROLEUM GEOSCIENCE,2041-496X;1354-0793,true,,
PETROLEUM SCIENCE,1995-8226;1672-5107,true,,
PETROLOGY,1556-2085;0869-5911,true,,
PETROPHYSICS,1529-9074,true,,
"PFG - JOURNAL OF PHOTOGRAMMETRY, REMOTE SENSING AND GEOINFORMATION SCIENCE",2512-2819;2512-2789,true,,
PFLUGERS ARCHIV EUROPEAN JOURNAL OF PHYSIOLOGY,0031-6768,true,,
PHARMACEUTICAL PATENT ANALYST,2046-8954;2046-8962,true,,
PHARMACEUTICAL RESEARCH,1573-904X;0724-8741,true,,
PHARMACEUTICALS,1424-8247,true,,
PHARMACEUTICS,1999-4923,true,,
PHARMACOECONOMICS,1179-2027;1170-7690,true,,
PHARMACOEPIDEMIOLOGY AND DRUG SAFETY,1099-1557;1053-8569,true,,
PHARMACOGENOMICS JOURNAL,1473-1150;1470-269X,true,,
PHARMACOLOGICAL RESEARCH,1096-1186;1043-6618,false,2024-07-11,removed from the White List
PHARMACOLOGICAL REVIEWS,1521-0081;0031-6997,true,,
PHARMACOLOGY AND THERAPEUTICS,1879-016X;0163-7258,true,,
PHARMACOPSYCHIATRY,1439-0795;0176-3679,true,,
PHARMACOTHERAPY,1875-9114;0277-0008,true,,
PHARMACY & PHARMACOLOGY - FARMATSIYA I FARMAKOLOGIYA|ФАРМАЦИЯ И ФАРМАКОЛОГИЯ,2413-2241;2307-9266,true,,
PHENOMENOLOGY AND THE COGNITIVE SCIENCES,1572-8676;1568-7759,true,,
PHILOLOGIA CLASSICA,2618-6969;0202-2532,true,,
PHILOLOGICAL ENCOUNTERS,2451-9197;2451-9189,true,,
PHILOLOGICAL QUARTERLY,0031-7977,true,,
PHILOSOPHERS IMPRINT,1533-628X,true,,
PHILOSOPHIA MATHEMATICA,1744-6406;0031-8019,true,,
PHILOSOPHICAL EXPLORATIONS,1741-5918;1386-9795,true,,
NOUS - SUPPLEMENT: PHILOSOPHICAL ISSUES,1758-2237;1533-6077,true,,
PHILOSOPHICAL PAPERS,1996-8523;0556-8641,true,,
NOUS - SUPPLEMENT: PHILOSOPHICAL PERSPECTIVES,1758-2245;1520-8583,true,,
PHILOSOPHICAL QUARTERLY,1467-9213;0031-8094,true,,
THE PHILOSOPHICAL REVIEW,1558-1470;0031-8108,true,,
PHILOSOPHICAL STUDIES,1573-0883;0031-8116,true,,
"PHILOSOPHICAL TRANSACTIONS OF THE ROYAL SOCIETY A: MATHEMATICAL, PHYSICAL AND ENGINEERING SCIENCES",1471-2962;1364-503X,true,,
PHILOSOPHICAL TRANSACTIONS OF THE ROYAL SOCIETY B - BIOLOGICAL SCIENCES,1471-2970;0962-8436,true,,
PHILOSOPHIES,2409-9287,true,,
PHILOSOPHY,1469-817X;0031-8191,true,,
PHILOSOPHY AND PUBLIC AFFAIRS,1088-4963;0048-3915,true,,
PHILOSOPHY AND SOCIAL CRITICISM,1461-734X;0191-4537,true,,
PHILOSOPHY AND COSMOLOGY - FILOSOFIYA I KOSMOLOGIYA,2518-1866;2307-3705,true,,
PHILOSOPHY AND PHENOMENOLOGICAL RESEARCH,1933-1592;0031-8205,true,,
PHILOSOPHY COMPASS,1747-9991,true,,
"PHILOSOPHY, ETHICS, AND HUMANITIES IN MEDICINE",1747-5341,true,,
PHILOSOPHY OF MUSIC EDUCATION REVIEW,1543-3412;1063-5734,true,,
PHILOSOPHY OF SCIENCE,1539-767X;0031-8248,true,,
PHILOSOPHY OF THE SOCIAL SCIENCES,1552-7441;0048-3931,true,,
"PHILOSOPHY, PSYCHIATRY AND PSYCHOLOGY",1086-3303;1071-6076,true,,
PHONETICA,1423-0321;0031-8388,true,,
PHONOLOGY,1469-8188;0952-6757,true,,
PHOTOACOUSTICS,2213-5979,false,2024-07-11,removed from the White List
PHOTOCHEMICAL AND PHOTOBIOLOGICAL SCIENCES,1474-9092;1474-905X,true,,
PHOTODERMATOLOGY PHOTOIMMUNOLOGY AND PHOTOMEDICINE,1600-0781;0905-4383,true,,
PHOTOGRAMMETRIC RECORD,1477-9730;0031-868X,true,,
PHOTONICS AND NANOSTRUCTURES - FUNDAMENTALS AND APPLICATIONS,1569-4429;1569-4410,true,,
PHOTONICS RESEARCH,2327-9125,true,,
PHOTONIX,2662-1991,true,,
PHOTOSYNTHESIS RESEARCH,1573-5079;0166-8595,true,,
PHOTOSYNTHETICA,1573-9058;0300-3604,true,,
PHRONESIS - A JOURNAL FOR ANCIENT PHILOSOPHY,1568-5284;0031-8868,true,,
PHYCOLOGIA,2330-2968;0031-8884,true,,
PHYSICA A - STATISTICAL MECHANICS AND ITS APPLICATIONS,1873-2119;0378-4371,true,,
PHYSICA D - NONLINEAR PHENOMENA,1872-8022;0167-2789,true,,
PHYSICA E: LOW - DIMENSIONAL SYSTEMS AND NANOSTRUCTURES,1873-1759;1386-9477,true,,
PHYSICA SCRIPTA,1402-4896;0031-8949,true,,
PHYSICAL AND OCCUPATIONAL THERAPY IN PEDIATRICS,1541-3144;0194-2638,true,,
PHYSICAL AND ENGINEERING SCIENCES IN MEDICINE,2662-4737;2662-4729,true,,
PHYSICAL EDUCATION AND SPORT PEDAGOGY,1742-5786;1740-8989,true,,
PHYSICAL MEDICINE AND REHABILITATION CLINICS OF NORTH AMERICA,1558-1381;1047-9651,true,,
PHYSICAL MESOMECHANICS,1990-5424;1029-9599,true,,
PHYSICAL REVIEW A,2469-9934;2469-9926,true,,
PHYSICAL REVIEW APPLIED,2331-7019,true,,
PHYSICAL REVIEW B,2469-9969;2469-9950,true,,
PHYSICAL REVIEW C,2469-9993;2469-9985,true,,
PHYSICAL REVIEW D,2470-0029;2470-0010,true,,
PHYSICAL REVIEW E,2470-0053;2470-0045,true,,
PHYSICAL REVIEW FLUIDS,2469-990X,true,,
PHYSICAL REVIEW LETTERS,1079-7114;0031-9007,true,,
PHYSICAL REVIEW MATERIALS,2475-9953,true,,
PHYSICAL REVIEW PHYSICS EDUCATION RESEARCH,2469-9896,true,,
PHYSICAL REVIEW RESEARCH,2643-1564,true,,
PHYSICAL REVIEW X,2160-3308,true,,
PHYSICAL THERAPY & REHABILITATION JOURNAL,1538-6724;0031-9023,true,,
PHYSICAL THERAPY IN SPORT,1466-853X;1532-9321,true,,
PHYSICIAN AND SPORTSMEDICINE,2326-3660;0091-3847,true,,
PHYSICS (SWITZERLAND),2624-8174,true,,
PHYSICS - USPEKHI,1468-4780;1063-7869,true,,
PHYSICS AND CHEMISTRY OF THE EARTH,1873-5193;1474-7065,true,,
PHYSICS IN MEDICINE AND BIOLOGY,1361-6560;0031-9155,true,,
"PHYSICS LETTERS, SECTION B: NUCLEAR, ELEMENTARY PARTICLE AND HIGH - ENERGY PHYSICS",1873-2445;0370-2693,true,,
PHYSICS OF FLUIDS,1089-7666;1070-6631,true,,
PHYSICS OF LIFE REVIEWS,1873-1457;1571-0645,true,,
PHYSICS OF THE DARK UNIVERSE,2212-6864,true,,
PHYSICS REPORTS - REVIEW SECTION OF PHYSICS LETTERS,1873-6270;0370-1573,true,,
PHYSICS TODAY,1945-0699;0031-9228,true,,
PHYSIOLOGIA PLANTARUM,1399-3054;0031-9317,true,,
ECOLOGICAL AND EVOLUTIONARY PHYSIOLOGY,2993-7973;2993-7965,true,,
PHYSIOLOGICAL AND MOLECULAR PLANT PATHOLOGY,1096-1178;0885-5765,true,,
PHYSIOLOGICAL GENOMICS,1531-2267;1094-8341,true,,
PHYSIOLOGICAL REVIEWS,1522-1210;0031-9333,true,,
PHYSIOLOGY,1548-9221;1548-9213,true,,
PHYSIOLOGY AND BEHAVIOR,1873-507X;0031-9384,true,,
PHYSIOLOGY AND MOLECULAR BIOLOGY OF PLANTS,0974-0430;0971-5894,true,,
PHYSIOTHERAPY,1873-1465;0031-9406,true,,
PHYSIOTHERAPY THEORY AND PRACTICE,1532-5040;0959-3985,true,,
PHYTOBIOMES JOURNAL,2471-2906,true,,
PHYTOCHEMICAL ANALYSIS,1099-1565;0958-0344,true,,
PHYTOCHEMISTRY,1873-3700;0031-9422,true,,
PHYTOCHEMISTRY REVIEWS,1572-980X;1568-7767,true,,
PHYTOCOENOLOGIA,2363-7153;0340-269X,true,,
PHYTOMEDICINE,1618-095X;0944-7113,true,,
PHYTOPATHOLOGIA MEDITERRANEA,1593-2095;0031-9465,true,,
PHYTOPATHOLOGY,1943-7684;0031-949X,true,,
PHYTOPATHOLOGY RESEARCH,2524-4167;2096-5362,true,,
PHYTOTHERAPY RESEARCH,1099-1573;0951-418X,true,,
PIGMENT CELL AND MELANOMA RESEARCH,1755-148X;1755-1471,true,,
PIXEL - BIT - REVISTA DE MEDIOS Y EDUCACION,2171-7966;1133-8482,true,,
PLACE BRANDING AND PUBLIC DIPLOMACY,1751-8059;1751-8040,true,,
PLACENTA,1532-3102;0143-4004,true,,
PLANNING PERSPECTIVES,1466-4518;0266-5433,true,,
PLANNING THEORY,1741-3052;1473-0952,true,,
PLANNING THEORY AND PRACTICE,1470-000X;1464-9357,true,,
PLANT AND CELL PHYSIOLOGY,1471-9053;0032-0781,true,,
PLANT AND SOIL,1573-5036;0032-079X,true,,
PLANT BIOLOGY,1438-8677;1435-8603,true,,
PLANT BIOSYSTEMS,1724-5575;1126-3504,true,,
PLANT BIOTECHNOLOGY JOURNAL,1467-7652;1467-7644,true,,
PLANT BIOTECHNOLOGY REPORTS,1863-5474;1863-5466,true,,
PLANT BREEDING,1439-0523;0179-9541,true,,
PLANT CELL,1532-298X;1040-4651,true,,
"PLANT, CELL AND ENVIRONMENT",1365-3040;0140-7791,true,,
PLANT CELL REPORTS,1432-203X;0721-7714,true,,
"PLANT CELL, TISSUE AND ORGAN CULTURE",1573-5044;0167-6857,true,,
PLANT COMMUNICATIONS,2590-3462,false,2024-07-11,removed from the White List
PLANT DIRECT,2475-4455,true,,
PLANT DISEASE,0191-2917,true,,
PLANT DIVERSITY,2468-2659;2096-2703,true,,
PLANT ECOLOGY AND DIVERSITY,1755-1668;1755-0874,true,,
PLANT FOODS FOR HUMAN NUTRITION,1573-9104;0921-9668,true,,
PLANT GENOME,1940-3372,true,,
PLANT GROWTH REGULATION,1573-5087;0167-6903,true,,
PLANT JOURNAL,1365-313X;0960-7412,true,,
PLANT METHODS,1746-4811,true,,
PLANT MOLECULAR BIOLOGY,1573-5028;0167-4412,true,,
PLANT PATHOLOGY,1365-3059;0032-0862,true,,
PLANT PATHOLOGY JOURNAL,2093-9280;1598-2254,true,,
PLANT PHENOMICS,2643-6515,true,,
PLANT PHYSIOLOGY,1532-2548;0032-0889,true,,
PLANT PHYSIOLOGY AND BIOCHEMISTRY,1873-2690;0981-9428,true,,
PLANT PRODUCTION SCIENCE,1349-1008;1343-943X,true,,
PLANT REPRODUCTION,2194-7961;2194-7953,true,,
PLANT SCIENCE,1873-2259;0168-9452,true,,
PLANT SIGNALING AND BEHAVIOR,1559-2324;1559-2316,true,,
"PLANT, SOIL AND ENVIRONMENT",1805-9368;1214-1178,true,,
PLANTA,1432-2048;0032-0935,true,,
PLANTA MEDICA,1439-0221;0032-0943,true,,
PLANTS - BASEL,2223-7747,true,,
PLANTS PEOPLE PLANET,2572-2611,true,,
PLASMA PHYSICS AND CONTROLLED FUSION,1361-6587;0741-3335,true,,
PLASMA PROCESSES AND POLYMERS,1612-8869;1612-8850,true,,
PLASMA SOURCES SCIENCE AND TECHNOLOGY,1361-6595;0963-0252,true,,
PLASTIC AND RECONSTRUCTIVE SURGERY,1529-4242;0032-1052,true,,
PLEURA AND PERITONEUM,2364-7671;2364-768X,true,,
PLOS BIOLOGY,1545-7885;1544-9173,true,,
PLOS COMPUTATIONAL BIOLOGY,1553-7358;1553-734X,true,,
PLOS GENETICS,1553-7404;1553-7390,true,,
PLOS MEDICINE,1549-1676;1549-1277,true,,
PLOS NEGLECTED TROPICAL DISEASES,1935-2735;1935-2727,true,,
PLOS ONE,1932-6203,true,,
PLOS PATHOGENS,1553-7374;1553-7366,true,,
PLOUGHSHARES,2162-0903;0048-4474,true,,
PM AND R,1934-1563;1934-1482,true,,
PMLA,1938-1530;0030-8129,true,,
PNEUMONIA,2200-6133,true,,
POETICA - ZEITSCHRIFT FUR SPRACH - UND LITERATURWISSENSCHAFT,2589-0530;0303-4178,true,,
POETICS,1872-7514;0304-422X,true,,
POETICS TODAY,1527-5507;0333-5372,true,,
POLAR - POLITICAL AND LEGAL ANTHROPOLOGY REVIEW,1555-2934;1081-6976,true,,
POLAR BIOLOGY,1432-2056;0722-4060,true,,
POLAR GEOGRAPHY,1939-0513;1088-937X,true,,
POLICE PRACTICE AND RESEARCH,1561-4263,true,,
POLICE QUARTERLY,1552-745X;1098-6111,true,,
POLICING - A JOURNAL OF POLICY AND PRACTICE,1752-4520;1752-4512,true,,
POLICING - AN INTERNATIONAL JOURNAL OF POLICE STRATEGIES & MANAGEMENT,1758-695X;1363-951X,true,,
POLICING AND SOCIETY,1477-2728;1043-9463,true,,
POLICY AND INTERNET,1944-2866,true,,
POLICY AND POLITICS,1470-8442;0305-5736,true,,
POLICY AND SOCIETY,1839-3373;1449-4035,true,,
POLICY DESIGN AND PRACTICE,2574-1292,true,,
POLICY SCIENCES,1573-0891;0032-2687,true,,
POLICY STUDIES,1470-1006;0144-2872,true,,
POLICY STUDIES JOURNAL,1541-0072;0190-292X,true,,
POLIS (UNITED KINGDOM),2051-2996;0142-257X,true,,
POLIS - POLITICHESKIYE ISSLEDOVANIYA|ПОЛИС. ПОЛИТИЧЕСКИЕ ИССЛЕДОВАНИЯ,1684-0070;1026-9487,true,,
POLISH ARCHIVES OF INTERNAL MEDICINE - POLSKIE ARCHIWUM MEDYCYNY WEWNETRZNEJ,1897-9483;0032-3772,true,,
POLISH MARITIME RESEARCH,2083-7429;1233-2585,true,,
POLITICAL ANALYSIS,1476-4989;1047-1987,true,,
POLITICAL BEHAVIOR,1573-6687;0190-9320,true,,
POLITICAL COMMUNICATION,1091-7675;1058-4609,true,,
POLITICAL GEOGRAPHY,1873-5096;0962-6298,true,,
POLITICAL PSYCHOLOGY,1467-9221;0162-895X,true,,
POLITICAL QUARTERLY,1467-923X;0032-3179,true,,
POLITICAL RESEARCH EXCHANGE,2474-736X,true,,
POLITICAL RESEARCH QUARTERLY,1938-274X;1065-9129,true,,
POLITICAL SCIENCE QUARTERLY,1538-165X;0032-3195,true,,
POLITICAL SCIENCE RESEARCH AND METHODS,2049-8489;2049-8470,true,,
POLITICAL STUDIES,1467-9248;0032-3217,true,,
POLITICAL STUDIES REVIEW,1478-9302;1478-9299,true,,
POLITICAL THEOLOGY,1743-1719;1462-317X,true,,
POLITICS,1467-9256;0263-3957,true,,
POLITICS & GENDER,1743-9248;1743-923X,true,,
POLITICS AND SOCIETY,1552-7514;0032-3292,true,,
POLITICS AND GOVERNANCE,2183-2463,true,,
POLITICS AND RELIGION,1755-0491;1755-0483,true,,
POLITICS GROUPS AND IDENTITIES,2156-5511;2156-5503,true,,
"POLITICS, RELIGION AND IDEOLOGY",2156-7697;2156-7689,true,,
POLITY,1744-1684;0032-3497,true,,
POLYMER,1873-2291;0032-3861,true,,
POLYMER - PLASTICS TECHNOLOGY AND MATERIALS,2574-089X;2574-0881,true,,
POLYMER CHEMISTRY,1759-9962;1759-9954,true,,
POLYMER COMPOSITES,1548-0569;0272-8397,true,,
POLYMER DEGRADATION AND STABILITY,1873-2321;0141-3910,true,,
POLYMER INTERNATIONAL,1097-0126;0959-8103,true,,
POLYMER JOURNAL,1349-0540;0032-3896,true,,
POLYMER REVIEWS,1558-3724;1558-3716,true,,
POLYMER TESTING,1873-2348;0142-9418,false,2024-07-11,removed from the White List
POLYMERS,2073-4360,true,,
POLYMERS FOR ADVANCED TECHNOLOGIES,1099-1581;1042-7147,true,,
POPULAR COMMUNICATION,1540-5710;1540-5702,true,,
POPULAR MUSIC,1474-0095;0261-1430,true,,
POPULAR MUSIC AND SOCIETY,1740-1712;0300-7766,true,,
POPULATION,1958-9190;1634-2941;1957-7966;0032-4663,true,,
POPULATION AND DEVELOPMENT REVIEW,1728-4457;0098-7921,true,,
POPULATION AND ENVIRONMENT,1573-7810;0199-0039,true,,
POPULATION ECOLOGY,1438-390X;1438-3896,true,,
POPULATION RESEARCH AND POLICY REVIEW,1573-7829;0167-5923,true,,
"POPULATION, SPACE AND PLACE",1544-8452;1544-8444,true,,
POPULATION STUDIES - A JOURNAL OF DEMOGRAPHY,0032-4728;1477-4747,true,,
PORCINE HEALTH MANAGEMENT,2055-5660,true,,
PORTA LINGUARUM,2695-8244;1697-7467,true,,
POSITIONS - ASIA CRITIQUE,1527-8271;1067-9847,true,,
POST-COMMUNIST ECONOMIES,1465-3958;1463-1377,true,,
POST-SOVIET AFFAIRS,1938-2855;1060-586X,true,,
POSTCOLONIAL STUDIES,1466-1888;1368-8790,true,,
POSTGRADUATE MEDICAL JOURNAL,1469-0756;0032-5473,true,,
POSTGRADUATE MEDICINE,1941-9260;0032-5481,true,,
POSTHARVEST BIOLOGY AND TECHNOLOGY,1873-2356;0925-5214,true,,
POSTMEDIEVAL - A JOURNAL OF MEDIEVAL CULTURAL STUDIES,2040-5979;2040-5960,true,,
POTATO RESEARCH,1871-4528;0014-3065,true,,
POULTRY SCIENCE,1525-3171;0032-5791,false,2024-07-11,removed from the White List
POWDER DIFFRACTION,1945-7413;0885-7156,true,,
POWDER METALLURGY,1743-2901;0032-5899,true,,
POWDER TECHNOLOGY,1873-328X;0032-5910,true,,
PPAR RESEARCH,1687-4765;1687-4757,true,,
PRACTICAL NEUROLOGY,1474-7766;1474-7758,true,,
PRACTICAL THEOLOGY,1756-0748;1756-073X,true,,
PRAGMATIC AND OBSERVATIONAL RESEARCH,1179-7266,true,,
PRAGMATICS,2406-4238;1018-2101,true,,
PRAVO - ZHURNAL VYSSHEI SHKOLY EKONOMIKI|ПРАВО. ЖУРНАЛ ВЫСШЕЙ ШКОЛЫ ЭКОНОМИКИ,2072-8166,true,,
PRAVOPRIMENENIE - LAW ENFORCEMENT REVIEW|ПРАВОПРИМЕНЕНИЕ,2658-4050;2542-1514,true,,
PRECAMBRIAN RESEARCH,1872-7433;0301-9268,true,,
PRECISION AGRICULTURE,1573-1618;1385-2256,true,,
PRECISION CLINICAL MEDICINE,2516-1571;2096-5303,true,,
PRECISION ENGINEERING - JOURNAL OF THE INTERNATIONAL SOCIETIES FOR PRECISION ENGINEERING AND NANOTECHNOLOGY,1873-2372;0141-6359,true,,
PREGNANCY HYPERTENSION - AN INTERNATIONAL JOURNAL OF WOMENS CARDIOVASCULAR HEALTH,2210-7789,true,,
PREHOSPITAL EMERGENCY CARE,1545-0066;1090-3127,true,,
PRENATAL DIAGNOSIS,1097-0223;0197-3851,true,,
PRESLIA,2570-950X;0032-7786,true,,
PREVENTING CHRONIC DISEASE,1545-1151,true,,
PREVENTION SCIENCE,1573-6695;1389-4986,true,,
PREVENTIVE MEDICINE,1096-0260;0091-7435,true,,
PREVENTIVE VETERINARY MEDICINE,1873-1716;0167-5877,true,,
PRIMARY CARE - CLINICS IN OFFICE PRACTICE,1558-299X;0095-4543,true,,
PRIMATES,1610-7365;0032-8332,true,,
PRISON JOURNAL,1552-7522;0032-8855,true,,
PROBABILISTIC ENGINEERING MECHANICS,1878-4275;0266-8920,true,,
PROBABILITY SURVEYS,1549-5787,true,,
PROBABILITY THEORY AND RELATED FIELDS,1432-2064;0178-8051,true,,
"PROBABILITY, UNCERTAINTY AND QUANTITATIVE RISK",2367-0126;2095-9672,true,,
PROBATION JOURNAL,1741-3079;0264-5505,true,,
PROBIOTICS AND ANTIMICROBIAL PROTEINS,1867-1314;1867-1306,true,,
PROBLEMS OF POST-COMMUNISM,1557-783X;1075-8216,true,,
PROBLEMY ISTORICHESKOY POETIKI|ПРОБЛЕМЫ ИСТОРИЧЕСКОЙ ПОЭТИКИ,2411-4642;1026-9479,true,,
PROBUS,1613-4079;0921-4771,true,,
PROCEEDINGS OF THE ACM ON PROGRAMMING LANGUAGES - PACMPL,2475-1421,true,,
PROCEEDINGS OF THE AMERICAN PHILOSOPHICAL SOCIETY,2326-9243;0003-049X,true,,
PROCEEDINGS OF THE COMBUSTION INSTITUTE,1873-2704;1540-7489,true,,
PROCEEDINGS OF THE IEEE,1558-2256;0018-9219,true,,
PROCEEDINGS OF THE INSTITUTE OF MATHEMATICS AND MECHANICS,2409-4994;2409-4986,true,,
PROCEEDINGS OF THE INSTITUTION OF CIVIL ENGINEERS - MARITIME ENGINEERING,1751-7737;1741-7597,true,,
"PROCEEDINGS OF THE INSTITUTION OF MECHANICAL ENGINEERS, PART B: JOURNAL OF ENGINEERING MANUFACTURE",2041-1975;0954-4054,true,,
"PROCEEDINGS OF THE INSTITUTION OF MECHANICAL ENGINEERS, PART F: JOURNAL OF RAIL AND RAPID TRANSIT",2041-3017;0954-4097,true,,
"PROCEEDINGS OF THE INSTITUTION OF MECHANICAL ENGINEERS, PART M: JOURNAL OF ENGINEERING FOR THE MARITIME ENVIRONMENT",2041-3084;1475-0902,true,,
"PROCEEDINGS OF THE INSTITUTION OF MECHANICAL ENGINEERS, PART N: JOURNAL OF NANOMATERIALS, NANOENGINEERING AND NANOSYSTEMS",2397-7922;2397-7914,true,,
"PROCEEDINGS OF THE INSTITUTION OF MECHANICAL ENGINEERS, PART O: JOURNAL OF RISK AND RELIABILITY",1748-0078;1748-006X,true,,
PROCEEDINGS OF THE JAPAN ACADEMY SERIES B - PHYSICAL AND BIOLOGICAL SCIENCES,1349-2896;0386-2208,true,,
PROCEEDINGS OF THE LONDON MATHEMATICAL SOCIETY,1460-244X;0024-6115,true,,
PROCEEDINGS OF THE NATIONAL ACADEMY OF SCIENCES OF THE UNITED STATES OF AMERICA,1091-6490;0027-8424,true,,
PROCEEDINGS OF THE NUTRITION SOCIETY,1475-2719;0029-6651,true,,
PROCEEDINGS OF THE ROMANIAN ACADEMY SERIES A - MATHEMATICS PHYSICS TECHNICAL SCIENCES INFORMATION SCIENCE,1454-9069,true,,
"PROCEEDINGS OF THE ROYAL SOCIETY A: MATHEMATICAL, PHYSICAL AND ENGINEERING SCIENCES",1471-2946;1364-5021,true,,
PROCEEDINGS OF THE ROYAL SOCIETY B: BIOLOGICAL SCIENCES,1471-2954;0962-8452,true,,
PROCEEDINGS OF THE ROYAL SOCIETY OF EDINBURGH SECTION A: MATHEMATICS,1473-7124;0308-2105,true,,
PROCEEDINGS OF THE VLDB ENDOWMENT,2150-8097,true,,
PROCESAMIENTO DEL LENGUAJE NATURAL,1989-7553;1135-5948,true,,
PROCESS BIOCHEMISTRY,1873-3298;1359-5113,true,,
"TRANSACTIONS OF THE INSTITUTION OF CHEMICAL ENGINEERS. PART B, PROCESS SAFETY AND ENVIRONMENTAL PROTECTION",1744-3598;0957-5820,true,,
PRODUCTION AND MANUFACTURING RESEARCH - AN OPEN ACCESS JOURNAL,2169-3277,true,,
PRODUCTION AND OPERATIONS MANAGEMENT,1937-5956;1059-1478,true,,
PRODUCTION PLANNING AND CONTROL,1366-5871;0953-7287,true,,
PROFESIONAL DE LA INFORMACION,1699-2407;1386-6710,true,,
PROFESSIONAL DEVELOPMENT IN EDUCATION,1941-5265;1941-5257,true,,
PROFESSIONAL GEOGRAPHER,1467-9272;0033-0124,true,,
PROGRESS IN ADDITIVE MANUFACTURING,2363-9520;2363-9512,true,,
PROGRESS IN AEROSPACE SCIENCES,1873-1724;0376-0421,true,,
PROGRESS IN ARTIFICIAL INTELLIGENCE,2192-6360;2192-6352,true,,
PROGRESS IN BIOPHYSICS AND MOLECULAR BIOLOGY,1873-1732;0079-6107,true,,
PROGRESS IN CARDIOVASCULAR DISEASES,1873-1740;0033-0620;1532-8643,true,,
PROGRESS IN CRYSTAL GROWTH AND CHARACTERIZATION OF MATERIALS,1878-4208;0960-8974,true,,
PROGRESS IN DISASTER SCIENCE,2590-0617,false,2024-07-11,removed from the White List
PROGRESS IN EARTH AND PLANETARY SCIENCE,2197-4284,true,,
PROGRESS IN ELECTROMAGNETICS RESEARCH - PIER,1559-8985;1070-4698,true,,
PROGRESS IN ENERGY AND COMBUSTION SCIENCE,1873-216X;0360-1285,true,,
PROGRESS IN HUMAN GEOGRAPHY,1477-0288;0309-1325,true,,
PROGRESS IN LIPID RESEARCH,1873-2194;0163-7827,true,,
PROGRESS IN MATERIALS SCIENCE,1873-2208;0079-6425,true,,
PROGRESS IN NATURAL SCIENCE - MATERIALS INTERNATIONAL,1745-5391;1002-0071,true,,
PROGRESS IN NEURO-PSYCHOPHARMACOLOGY AND BIOLOGICAL PSYCHIATRY,1878-4216;0278-5846,true,,
PROGRESS IN NEUROBIOLOGY,1873-5118;0301-0082,true,,
PROGRESS IN NUCLEAR ENERGY,1878-4224;0149-1970,true,,
PROGRESS IN NUCLEAR MAGNETIC RESONANCE SPECTROSCOPY,1873-3301;0079-6565,true,,
PROGRESS IN OCEANOGRAPHY,1873-4472;0079-6611,true,,
PROGRESS IN ORGANIC COATINGS,1873-331X;0300-9440,true,,
PROGRESS IN ORTHODONTICS,2196-1042;1723-7785,true,,
PROGRESS IN PARTICLE AND NUCLEAR PHYSICS,1873-2224;0146-6410,true,,
PROGRESS IN PHOTOVOLTAICS: RESEARCH AND APPLICATIONS,1099-159X;1062-7995,true,,
PROGRESS IN PHYSICAL GEOGRAPHY - EARTH AND ENVIRONMENT,1477-0296;0309-1333,true,,
PROGRESS IN PLANNING,1873-4510;0305-9006,true,,
PROGRESS IN POLYMER SCIENCE,1873-1619;0079-6700,true,,
PROGRESS IN QUANTUM ELECTRONICS,1873-1627;0079-6727,true,,
PROGRESS IN RETINAL AND EYE RESEARCH,1873-1635;1350-9462,true,,
PROGRESS IN SOLID STATE CHEMISTRY,1873-1643;0079-6786,true,,
PROGRESS IN SURFACE SCIENCE,1878-4240;0079-6816,true,,
PROGRESS OF THEORETICAL AND EXPERIMENTAL PHYSICS,2050-3911,true,,
PROJECT MANAGEMENT JOURNAL,1938-9507;8756-9728,true,,
PROJECTIONS - THE JOURNAL FOR MOVIES AND MIND,1934-9696;1934-9688,true,,
PROPULSION AND POWER RESEARCH,2212-540X,true,,
PROSE STUDIES - HISTORY THEORY CRITICISM,1743-9426;0144-0357,true,,
PROSTATE,1097-0045;0270-4137,true,,
PROSTATE CANCER AND PROSTATIC DISEASES,1476-5608;1365-7852,true,,
PROSTHETICS AND ORTHOTICS INTERNATIONAL,1746-1553;0309-3646,true,,
PROTECTION AND CONTROL OF MODERN POWER SYSTEMS,2367-2617;2367-0983,true,,
PROTEIN AND CELL,1674-8018;1674-800X,true,,
PROTEIN SCIENCE,1469-896X;0961-8368,true,,
PROTEOMICS,1615-9861;1615-9853,true,,
PROTEOMICS - CLINICAL APPLICATIONS,1862-8354;1862-8346,true,,
PROTOPLASMA,1615-6102;0033-183X,true,,
PRX QUANTUM,2691-3399,true,,
PS - POLITICAL SCIENCE AND POLITICS,1537-5935;1049-0965,true,,
PSICOTHEMA,1886-144X;0214-9915,true,,
PSIKHOLOGICHESKAYA NAUKA I OBRAZOVANIE - PSYCHOLOGICAL SCIENCE AND EDUCATION|ПСИХОЛОГИЧЕСКАЯ НАУКА И ОБРАЗОВАНИЕ,2311-7273;1814-2052,true,,
PSIKHOLOGICHESKII ZHURNAL|ПСИХОЛОГИЧЕСКИЙ ЖУРНАЛ,0205-9592,true,,
PSYCHIATRIC CLINICS OF NORTH AMERICA,1558-3147;0193-953X,true,,
PSYCHIATRIC REHABILITATION JOURNAL,1559-3126;1095-158X,true,,
PSYCHIATRIC SERVICES,1557-9700;1075-2730,true,,
PSYCHIATRY AND CLINICAL NEUROSCIENCES,1440-1819;1323-1316,true,,
"PSYCHIATRY, PSYCHOLOGY AND LAW",1934-1687;1321-8719,true,,
PSYCHIATRY RESEARCH,1872-7123;0165-1781,true,,
PSYCHO-ONCOLOGY,1099-1611;1057-9249,true,,
"PSYCHOANALYSIS, CULTURE & SOCIETY",1543-3390;1088-0763,true,,
PSYCHOLINGUISTICS,2415-3397;2309-1797,true,,
PSYCHOLOGICAL ASSESSMENT,1939-134X;1040-3590,true,,
PSYCHOLOGICAL BULLETIN,1939-1455;0033-2909,true,,
PSYCHOLOGICAL INJURY AND LAW,1938-9728;1938-971X,true,,
PSYCHOLOGICAL INQUIRY,1532-7965;1047-840X,true,,
PSYCHOLOGICAL MEDICINE,1469-8978;0033-2917,true,,
PSYCHOLOGICAL METHODS,1939-1463;1082-989X,true,,
PSYCHOLOGICAL REVIEW,1939-1471;0033-295X,true,,
PSYCHOLOGICAL SCIENCE,1467-9280;0956-7976,true,,
PSYCHOLOGICAL SCIENCE IN THE PUBLIC INTEREST,1539-6053;1529-1006,true,,
"PSYCHOLOGICAL TRAUMA: THEORY, RESEARCH, PRACTICE, AND POLICY",1942-969X;1942-9681,true,,
PSYCHOLOGY - JOURNAL OF THE HIGHER SCHOOL OF ECONOMICS|ПСИХОЛОГИЯ. ЖУРНАЛ ВЫСШЕЙ ШКОЛЫ ЭКОНОМИКИ,1813-8918;2541-9226,true,,
PSYCHOLOGY AND HEALTH,1476-8321;0887-0446,true,,
PSYCHOLOGY AND MARKETING,1520-6793;0742-6046,true,,
PSYCHOLOGY AND AGING,1939-1498;0882-7974,true,,
PSYCHOLOGY AND LAW|ПСИХОЛОГИЯ И ПРАВО,2222-5196,true,,
"PSYCHOLOGY AND PSYCHOTHERAPY: THEORY, RESEARCH AND PRACTICE",2044-8341;1476-0835,true,,
"PSYCHOLOGY, CRIME AND LAW",1477-2744;1068-316X,true,,
"PSYCHOLOGY, HEALTH AND MEDICINE",1465-3966;1354-8506,true,,
PSYCHOLOGY IN RUSSIA - STATE OF THE ART,2307-2202;2074-6857,true,,
PSYCHOLOGY OF ADDICTIVE BEHAVIORS,1939-1501;0893-164X,true,,
"PSYCHOLOGY OF AESTHETICS, CREATIVITY, AND THE ARTS",1931-390X;1931-3896,true,,
PSYCHOLOGY OF MUSIC,1741-3087;0305-7356,true,,
PSYCHOLOGY OF POPULAR MEDIA,2689-6575;2689-6567,true,,
PSYCHOLOGY OF RELIGION AND SPIRITUALITY,1943-1562;1941-1022,true,,
PSYCHOLOGY OF SPORT AND EXERCISE,1878-5476;1469-0292,true,,
PSYCHOLOGY OF VIOLENCE,2152-0828;2152-081X,true,,
PSYCHOLOGY OF WOMEN QUARTERLY,1471-6402;0361-6843,true,,
"PSYCHOLOGY, PUBLIC POLICY, AND LAW",1939-1528;1076-8971,true,,
PSYCHOLOGY RESEARCH AND BEHAVIOR MANAGEMENT,1179-1578,true,,
PSYCHOMUSICOLOGY,2162-1535;0275-3987,true,,
PSYCHONEUROENDOCRINOLOGY,1873-3360;0306-4530,true,,
PSYCHONOMIC BULLETIN AND REVIEW,1531-5320;1069-9384,true,,
PSYCHOPHARMACOLOGY,1432-2072;0033-3158,true,,
PSYCHOPHYSIOLOGY,1469-8986;0048-5772,true,,
PSYCHOSOCIAL INTERVENTION,2173-4712;1132-0559,true,,
PSYCHOSOMATIC MEDICINE,1534-7796;0033-3174,true,,
PSYCHOTHERAPY,1939-1536;0033-3204,true,,
PSYCHOTHERAPY AND PSYCHOSOMATICS,1423-0348;0033-3190,true,,
PSYCHOTHERAPY RESEARCH,1468-4381;1050-3307,true,,
PUBLIC ADMINISTRATION,1467-9299;0033-3298,true,,
PUBLIC ADMINISTRATION REVIEW,1540-6210;0033-3352,true,,
PUBLIC CHOICE,1573-7101;0048-5829,true,,
PUBLIC CULTURE,1527-8018;0899-2363,true,,
PUBLIC HEALTH,1476-5616;0033-3506,true,,
PUBLIC HEALTH ETHICS,1754-9981;1754-9973,true,,
PUBLIC HEALTH NUTRITION,1475-2727;1368-9800,true,,
PUBLIC HEALTH RESEARCH AND PRACTICE,2204-2091,true,,
PUBLIC HEALTH REVIEWS,2107-6952;0301-0422,true,,
THE PUBLIC HISTORIAN,1533-8576;0272-3433,true,,
PUBLIC MANAGEMENT REVIEW,1471-9045;1471-9037,true,,
PUBLIC MONEY AND MANAGEMENT,1467-9302;0954-0962,true,,
PUBLIC OPINION QUARTERLY,1537-5331;0033-362X,true,,
PUBLIC ORGANIZATION REVIEW,1573-7098;1566-7170,true,,
PUBLIC PERFORMANCE & MANAGEMENT REVIEW,1557-9271;1530-9576,true,,
PUBLIC PERSONNEL MANAGEMENT,1945-7421;0091-0260,true,,
PUBLIC POLICY AND ADMINISTRATION,1749-4192;0952-0767,true,,
PUBLIC RELATIONS REVIEW,1873-4537;0363-8111,true,,
PUBLIC TRANSPORT,1866-749X;1613-7159,true,,
PUBLIC UNDERSTANDING OF SCIENCE,1361-6609;0963-6625,true,,
PUBLICACIONS MATEMATIQUES,0214-1493,true,,
PUBLICATIONS,2304-6775,true,,
PUBLICATIONS MATHEMATIQUES DE L IHES,1618-1913;0073-8301,true,,
PUBLICATIONS OF THE ASTRONOMICAL SOCIETY OF AUSTRALIA,1323-3580;1448-6083,true,,
PUBLICATIONS OF THE ASTRONOMICAL SOCIETY OF JAPAN,2053-051X;0004-6264,true,,
PUBLICATIONS OF THE ASTRONOMICAL SOCIETY OF THE PACIFIC,1538-3873;0004-6280,true,,
PUBLIUS - THE JOURNAL OF FEDERALISM,1747-7107;0048-5950,true,,
PULMONARY MEDICINE,2090-1844;2090-1836,true,,
PULMONARY PHARMACOLOGY AND THERAPEUTICS,1522-9629;1094-5539,true,,
PULMONOLOGY,2531-0437;2531-0429,true,,
PUNISHMENT & SOCIETY - INTERNATIONAL JOURNAL OF PENOLOGY,1741-3095;1462-4745,true,,
QED - A JOURNAL IN GLBTQ WORLDMAKING,2327-1590;2327-1574,true,,
QJM - MONTHLY JOURNAL OF THE ASSOCIATION OF PHYSICIANS,1460-2725;1460-2393,true,,
QUAESTIO ROSSICA,2313-6871;2311-911X,true,,
QUALITATIVE HEALTH RESEARCH,1552-7557;1049-7323,true,,
QUALITATIVE INQUIRY,1552-7565;1077-8004,true,,
QUALITATIVE MARKET RESEARCH,1758-7646;1352-2752,true,,
QUALITATIVE REPORT,1052-0147;2160-3715,true,,
QUALITATIVE RESEARCH,1741-3109;1468-7941,true,,
QUALITATIVE RESEARCH IN PSYCHOLOGY,1478-0895;1478-0887,true,,
"QUALITATIVE RESEARCH IN SPORT, EXERCISE AND HEALTH",2159-6778;2159-676X,true,,
QUALITATIVE SOCIAL WORK,1741-3117;1473-3250,true,,
QUALITATIVE SOCIOLOGY,1573-7837;0162-0436,true,,
QUALITY OF LIFE RESEARCH,1573-2649;0962-9343,true,,
QUALITY TECHNOLOGY AND QUANTITATIVE MANAGEMENT,1811-4857;1684-3703,true,,
QUANTITATIVE BIOLOGY,2095-4697;2095-4689,true,,
QUANTITATIVE ECONOMICS,1759-7331;1759-7323,true,,
QUANTITATIVE FINANCE,1469-7696;1469-7688,true,,
QUANTITATIVE FINANCE AND ECONOMICS,2573-0134,true,,
QUANTITATIVE IMAGING IN MEDICINE AND SURGERY,2223-4306;2223-4292,true,,
QUANTITATIVE SCIENCE STUDIES,2641-3337,true,,
QUANTUM,2521-327X,true,,
QUANTUM MACHINE INTELLIGENCE,2524-4914;2524-4906,true,,
QUANTUM SCIENCE AND TECHNOLOGY,2058-9565,true,,
QUANTUM TOPOLOGY,1664-073X;1663-487X,true,,
QUARTERLY JOURNAL OF ECONOMICS,1531-4650;0033-5533,true,,
QUARTERLY JOURNAL OF POLITICAL SCIENCE,1554-0634;1554-0626,true,,
QUARTERLY JOURNAL OF SPEECH,1479-5779;0033-5630,true,,
QUARTERLY JOURNAL OF THE ROYAL METEOROLOGICAL SOCIETY,1477-870X;0035-9009,true,,
QUARTERLY REVIEW OF BIOLOGY,1539-7718;0033-5770,true,,
QUARTERLY REVIEW OF ECONOMICS AND FINANCE,1878-4259;1062-9769,true,,
QUARTERLY REVIEWS OF BIOPHYSICS,1469-8994;0033-5835,true,,
QUATERNARY,2571-550X,true,,
QUATERNARY GEOCHRONOLOGY,1878-0350;1871-1014,true,,
QUATERNARY INTERNATIONAL,1873-4553;1040-6182,true,,
QUATERNARY RESEARCH,1096-0287;0033-5894,true,,
QUATERNARY SCIENCE REVIEWS,1873-457X;0277-3791,true,,
QUEST,1543-2750;0033-6297,true,,
QWERTY,2240-2950;1828-7344,true,,
R AND D MANAGEMENT,1467-9310;0033-6807,true,,
R JOURNAL,2073-4859,true,,
RACE AND CLASS,1741-3125;0306-3968,true,,
RACE AND JUSTICE,2153-3687,true,,
RACE AND SOCIAL PROBLEMS,1867-1756;1867-1748,true,,
RACE ETHNICITY AND EDUCATION,1470-109X;1361-3324,true,,
RADIATION MEASUREMENTS,1879-0925;1350-4487,true,,
RADIATION ONCOLOGY,1748-717X,true,,
RADIATION PHYSICS AND CHEMISTRY,1879-0895;0969-806X,true,,
RADICAL HISTORY REVIEW,1534-1453;0163-6545,true,,
RADICAL PHILOSOPHY,0030-211X;0300-211X,true,,
RADIO SCIENCE,1944-799X;0048-6604,true,,
RADIOCARBON,1945-5755;0033-8222,true,,
RADIOGRAPHICS,1527-1323;0271-5333,true,,
RADIOLOGIA MEDICA,1826-6983;0033-8362,true,,
RADIOLOGY,0033-8419;1527-1315,true,,
RADIOLOGY AND ONCOLOGY,1581-3207;1318-2099,true,,
RADIOTHERAPY AND ONCOLOGY,1879-0887;0167-8140,true,,
RAILWAY ENGINEERING SCIENCE,2662-4753;2662-4745,true,,
RAND JOURNAL OF ECONOMICS,1756-2171;0741-6261,true,,
RAPID PROTOTYPING JOURNAL,1758-7670;1355-2546,true,,
RARE METALS,1867-7185;1001-0521,true,,
RATIO,1467-9329;0034-0006,true,,
RATIONAL PHARMACOTHERAPY IN CARDIOLOGY|РАЦИОНАЛЬНАЯ ФАРМАКОТЕРАПИЯ В КАРДИОЛОГИИ,2225-3653;1819-6446,true,,
REACTION CHEMISTRY AND ENGINEERING,2058-9883,true,,
REACTIVE AND FUNCTIONAL POLYMERS,1873-166X;1381-5148,true,,
READING AND WRITING,1573-0905;0922-4777,true,,
READING IN A FOREIGN LANGUAGE,0264-2425;1539-0578,true,,
READING RESEARCH QUARTERLY,1936-2722;0034-0553,true,,
READING TEACHER,1936-2714;0034-0561,true,,
REAL-TIME SYSTEMS,1573-1383;0922-6443,true,,
REAL ESTATE ECONOMICS,1540-6229;1080-8620,true,,
RECALL,1474-0109;0958-3440,true,,
RECENT ADVANCES IN INFLAMMATION & ALLERGY DRUG DISCOVERY,2772-2708;2772-2716,true,,
RECENT PATENTS ON ANTI-CANCER DRUG DISCOVERY,2212-3970;1574-8928,true,,
RECERCA - REVISTA DE PENSAMENT & ANALISI,2254-4135;1130-6149,true,,
RECORDS OF NATURAL PRODUCTS,1307-6167,true,,
REDOX BIOLOGY,2213-2317,false,2024-07-11,removed from the White List
REDOX REPORT,1743-2928;1351-0002,true,,
REFLECTIVE PRACTICE,1470-1103;1462-3943,true,,
"REGION: REGIONAL STUDIES OF RUSSIA, EASTERN EUROPE, AND CENTRAL ASIA",2166-4307;2165-0659,true,,
REGIONAL AND FEDERAL STUDIES,1743-9434;1359-7566,true,,
REGIONAL ANESTHESIA AND PAIN MEDICINE,1532-8651;1098-7339,true,,
REGIONAL ENVIRONMENTAL CHANGE,1436-378X;1436-3798,true,,
REGIONAL SCIENCE AND URBAN ECONOMICS,1879-2308;0166-0462,true,,
REGIONAL SCIENCE POLICY AND PRACTICE,1757-7802,false,2024-07-11,removed from the White List
REGIONAL STATISTICS,2064-8243;2063-9538,true,,
REGIONAL STUDIES,1360-0591;0034-3404,true,,
"REGIONAL STUDIES, REGIONAL SCIENCE",2168-1376,true,,
REGIONOLOGIYA - REGIONOLOGY RUSSIAN JOURNAL OF REGIONAL STUDIES|РЕГИОНОЛОГИЯ,2587-8549;2413-1407,true,,
REGISTER JOURNAL,2503-040X;1979-8903,true,,
REGULAR AND CHAOTIC DYNAMICS,1560-3547;1468-4845,true,,
REGULATION AND GOVERNANCE,1748-5991;1748-5983,true,,
REHABILITATION PSYCHOLOGY,1939-1544;0090-5550,true,,
REJUVENATION RESEARCH,1557-8577;1549-1684,true,,
RELC JOURNAL,1745-526X;0033-6882,true,,
RELIABILITY ENGINEERING AND SYSTEM SAFETY,1879-0836;0951-8320,true,,
RELIGION,1096-1151;0048-721X,true,,
RELIGION AND EDUCATION,1949-8381;1550-7394,true,,
RELIGION AND HUMAN RIGHTS,1871-0328;1871-031X,true,,
RELIGION AND AMERICAN CULTURE - A JOURNAL OF INTERPRETATION,1533-8568;1052-1151,true,,
RELIGION AND SOCIETY - ADVANCES IN RESEARCH,2150-9301;2150-9298,true,,
RELIGION AND THEOLOGY,1574-3012;1023-0807,true,,
"RELIGION, BRAIN AND BEHAVIOR",2153-599X;2153-5981,true,,
"RELIGION, STATE AND SOCIETY",1465-3974;0963-7494,true,,
RELIGIONS,2077-1444,true,,
RELIGIOUS STUDIES,1469-901X;0034-4125,true,,
REMEDIAL AND SPECIAL EDUCATION,1538-4756;0741-9325,true,,
REMEDIATION - THE JOURNAL OF ENVIRONMENTAL CLEANUP COSTS TECHNOLOGIES & TECHNIQUES,1520-6831;1051-5658,true,,
REMIE - MULTIDISCIPLINARY JOURNAL OF EDUCATIONAL RESEARCH,2014-2862,true,,
REMOTE SENSING,2072-4292,true,,
REMOTE SENSING APPLICATIONS - SOCIETY AND ENVIRONMENT,2352-9385,true,,
REMOTE SENSING IN ECOLOGY AND CONSERVATION,2056-3485,true,,
REMOTE SENSING LETTERS,2150-7058;2150-704X,true,,
REMOTE SENSING OF ENVIRONMENT,1879-0704;0034-4257,true,,
RENAISSANCE QUARTERLY,1935-0236;0034-4338,true,,
RENDICONTI LINCEI - SCIENZE FISICHE E NATURALI,2385-2623;2037-4631,true,,
RENEWABLE AND SUSTAINABLE ENERGY REVIEWS,1879-0690;1364-0321,true,,
RENEWABLE AGRICULTURE AND FOOD SYSTEMS,1742-1713;1742-1705,true,,
RENEWABLE ENERGY,1879-0682,true,,
RENEWABLE ENERGY FOCUS,1878-0229;1755-0084,true,,
REPORTS ON PROGRESS IN PHYSICS,1361-6633;0034-4885,true,,
REPRODUCTION,1741-7899;1470-1626,true,,
"REPRODUCTION, FERTILITY AND DEVELOPMENT",1448-5990;1031-3613,true,,
REPRODUCTION IN DOMESTIC ANIMALS,1439-0531;0936-6768,true,,
REPRODUCTIVE BIOLOGY,2300-732X;1642-431X,true,,
REPRODUCTIVE BIOLOGY AND ENDOCRINOLOGY,1477-7827,true,,
REPRODUCTIVE BIOMEDICINE ONLINE,1472-6491;1472-6483,true,,
REPRODUCTIVE HEALTH,1742-4755,true,,
REPRODUCTIVE MEDICINE AND BIOLOGY,1447-0578;1445-5781,true,,
REPRODUCTIVE SCIENCES,1933-7205;1933-7191,true,,
REQUIREMENTS ENGINEERING,1432-010X;0947-3602,true,,
RES PHILOSOPHICA,2168-9113;2168-9105,true,,
RES PUBLICA - A JOURNAL OF MORAL LEGAL AND POLITICAL PHILOSOPHY,1572-8692;1356-4765,true,,
RESEARCH,2639-5274;2096-5168,true,,
RESEARCH TECHNOLOGY MANAGEMENT,1930-0166;0895-6308,true,,
RESEARCH AND POLITICS,2053-1680,true,,
RESEARCH AND PRACTICE FOR PERSONS WITH SEVERE DISABILITIES,1540-7969,true,,
RESEARCH AND PRACTICE IN INTELLECTUAL AND DEVELOPMENTAL DISABILITIES,2329-7026;2329-7018,true,,
RESEARCH AND PRACTICE IN TECHNOLOGY ENHANCED LEARNING,1793-2068;1793-7078,true,,
RESEARCH AND PRACTICE IN THROMBOSIS AND HAEMOSTASIS,2475-0379,false,2024-07-11,removed from the White List
RESEARCH EVALUATION,1471-5449;0958-2029,true,,
RESEARCH IN AFRICAN LITERATURES,1527-2044;0034-5210,true,,
RESEARCH IN DANCE EDUCATION,1470-1111;1464-7893,true,,
RESEARCH IN DEVELOPMENTAL DISABILITIES,1873-3379;0891-4222,true,,
"RESEARCH IN ENGINEERING DESIGN - THEORY, APPLICATIONS, AND CONCURRENT ENGINEERING",1435-6066;0934-9839,true,,
RESEARCH IN HIGHER EDUCATION,1573-188X;0361-0365,true,,
RESEARCH IN HUMAN DEVELOPMENT,1542-7617;1542-7609,true,,
RESEARCH IN INTERNATIONAL BUSINESS AND FINANCE,1878-3384;0275-5319,true,,
RESEARCH IN LEARNING TECHNOLOGY,2156-7077;2156-7069,true,,
RESEARCH IN MATHEMATICS EDUCATION,1754-0178;1479-4802,true,,
RESEARCH IN MICROBIOLOGY,1769-7123;0923-2508,true,,
RESEARCH IN NURSING AND HEALTH,1098-240X;0160-6891,true,,
RESEARCH IN ORGANIZATIONAL BEHAVIOR,0191-3085,true,,
RESEARCH IN PHARMACEUTICAL SCIENCES,1735-9414;1735-5362,true,,
RESEARCH IN SCIENCE AND TECHNOLOGICAL EDUCATION,1470-1138;0263-5143,true,,
RESEARCH IN SCIENCE EDUCATION,1573-1898;0157-244X,true,,
RESEARCH IN SOCIAL AND ADMINISTRATIVE PHARMACY,1934-8150;1551-7411,true,,
RESEARCH IN SOCIAL STRATIFICATION AND MOBILITY,1878-5654;0276-5624,true,,
RESEARCH IN SPORTS MEDICINE,1543-8635;1543-8627,true,,
RESEARCH IN THE MATHEMATICAL SCIENCES,2522-0144;2197-9847,true,,
RESEARCH IN THE TEACHING OF ENGLISH,1943-2348;0034-527X,true,,
RESEARCH IN TRANSPORTATION BUSINESS AND MANAGEMENT,2210-5409;2210-5395,true,,
RESEARCH IN TRANSPORTATION ECONOMICS,1875-7979;0739-8859,true,,
RESEARCH IN VETERINARY SCIENCE,1532-2661;0034-5288,true,,
RESEARCH INTEGRITY AND PEER REVIEW,2058-8615,true,,
RESEARCH ON CHILD AND ADOLESCENT PSYCHOPATHOLOGY,2730-7174;2730-7166,true,,
RESEARCH ON LANGUAGE AND SOCIAL INTERACTION,1532-7973;0835-1813,true,,
RESEARCH ON SOCIAL WORK PRACTICE,1552-7581;1049-7315,true,,
RESEARCH PAPERS IN EDUCATION,1470-1146;0267-1522,true,,
RESEARCH POLICY,1873-7625;0048-7333,true,,
RESEARCH QUARTERLY FOR EXERCISE AND SPORT,2168-3824;0270-1367;0364-9857,true,,
RESEARCH STUDIES IN MUSIC EDUCATION,1834-5530;1321-103X,true,,
RESEARCH SYNTHESIS METHODS,1759-2879;1759-2887,true,,
RESOURCES AND ENERGY ECONOMICS,1873-0221;0928-7655,true,,
"RESOURCES, CONSERVATION AND RECYCLING",1879-0658;0921-3449,true,,
RESOURCES POLICY,1873-7641;0301-4207,true,,
RESPIRATION; INTERNATIONAL REVIEW OF THORACIC DISEASES,1423-0356;0025-7931,true,,
RESPIRATORY MEDICINE,1532-3064;0954-6111,true,,
RESPIRATORY RESEARCH,1465-993X;1465-9921,true,,
RESPIROLOGY,1440-1843;1323-7799,true,,
RESTAURATOR - INTERNATIONAL JOURNAL FOR THE PRESERVATION OF LIBRARY AND ARCHIVAL MATERIAL,1865-8431;0034-5806,true,,
RESTORATION ECOLOGY,1526-100X;1061-2971,true,,
RESULTS IN ENGINEERING,2590-1230,false,2024-07-11,removed from the White List
RESULTS IN MATHEMATICS,1420-9012;1422-6383,true,,
RESULTS IN PHYSICS,2211-3797,false,2024-07-11,removed from the White List
RESUSCITATION,1873-1570;0300-9572,true,,
RETHINKING HISTORY,1470-1154;1364-2529,true,,
RETINA - THE JOURNAL OF RETINAL AND VITREOUS DISEASES,1539-2864;0275-004X,true,,
RETOS - NUEVAS TENDENCIAS EN EDUCACION FISICA DEPORTE Y RECREACION,1988-2041;1579-1726,true,,
RETROVIROLOGY,1742-4690,true,,
REVIEW - LITERATURE AND ARTS OF THE AMERICAS,1743-0666;0890-5762,true,,
REVIEW JOURNAL OF AUTISM AND DEVELOPMENTAL DISORDERS,2195-7185;2195-7177,true,,
REVIEW OF ACCOUNTING STUDIES,1573-7136;1380-6653,true,,
REVIEW OF AFRICAN POLITICAL ECONOMY,1740-1720;0305-6244,true,,
REVIEW OF ASSET PRICING STUDIES,2045-9939;2045-9920,true,,
REVIEW OF COMMUNICATION RESEARCH,2255-4165,true,,
REVIEW OF CORPORATE FINANCE STUDIES,2046-9136;2046-9128,true,,
REVIEW OF ECONOMIC DYNAMICS,1096-6099;1094-2025,true,,
REVIEW OF ECONOMIC STUDIES,1467-937X;0034-6527,true,,
REVIEW OF ECONOMICS AND STATISTICS,1530-9142;0034-6535,true,,
REVIEW OF ECONOMICS OF THE HOUSEHOLD,1573-7152;1569-5239,true,,
REVIEW OF EDUCATION,2049-6613,true,,
REVIEW OF EDUCATIONAL RESEARCH,1935-1046;0034-6543,true,,
THE REVIEW OF ENGLISH STUDIES,1471-6968;0034-6551,true,,
REVIEW OF ENVIRONMENTAL ECONOMICS AND POLICY,1750-6824;1750-6816,true,,
"REVIEW OF EUROPEAN, COMPARATIVE AND INTERNATIONAL ENVIRONMENTAL LAW",2050-0394;2050-0386,true,,
REVIEW OF FAITH AND INTERNATIONAL AFFAIRS,1931-7743;1557-0274,true,,
REVIEW OF FINANCE,1572-3097,true,,
REVIEW OF FINANCIAL STUDIES,1465-7368;0893-9454,true,,
REVIEW OF GENERAL PSYCHOLOGY,1939-1552;1089-2680,true,,
REVIEW OF HIGHER EDUCATION,1090-7009;0162-5748,true,,
REVIEW OF INCOME AND WEALTH,1475-4991;0034-6586,true,,
REVIEW OF INTERNATIONAL BUSINESS AND STRATEGY,2059-6014,true,,
REVIEW OF INTERNATIONAL ORGANIZATIONS,1559-744X;1559-7431,true,,
REVIEW OF INTERNATIONAL POLITICAL ECONOMY,1466-4526;0969-2290,true,,
REVIEW OF INTERNATIONAL STUDIES,1469-9044;0260-2105,true,,
REVIEW OF MANAGERIAL SCIENCE,1863-6691;1863-6683,true,,
REVIEW OF MIDDLE EAST STUDIES,2329-3225;2151-3481,true,,
REVIEW OF PALAEOBOTANY AND PALYNOLOGY,1879-0615;0034-6667,true,,
REVIEW OF POLICY RESEARCH,1541-1338;1541-132X,true,,
REVIEW OF PUBLIC PERSONNEL ADMINISTRATION,1552-759X;0734-371X,true,,
REVIEW OF REGIONAL RESEARCH - JAHRBUCH FUR REGIONALWISSENSCHAFT,1613-9836;0173-7600,true,,
REVIEW OF RELIGION AND CHINESE SOCIETY,2214-3955;2214-3947,true,,
REVIEW OF RELIGIOUS RESEARCH,2211-4866;0034-673X,true,,
REVIEW OF RESEARCH IN EDUCATION,1935-1038;0091-732X,true,,
REVIEW OF SYMBOLIC LOGIC,1755-0211;1755-0203,true,,
REVIEWS IN AQUACULTURE,1753-5131;1753-5123,true,,
REVIEWS IN CARDIOVASCULAR MEDICINE,2153-8174;1530-6550,true,,
REVIEWS IN CHEMICAL ENGINEERING,2191-0235;0167-8299,true,,
REVIEWS IN ENDOCRINE AND METABOLIC DISORDERS,1573-2606;1389-9155,true,,
REVIEWS IN ENVIRONMENTAL SCIENCE AND BIO-TECHNOLOGY,1572-9826;1569-1705,true,,
REVIEWS IN FISH BIOLOGY AND FISHERIES,1573-5184;0960-3166,true,,
REVIEWS IN FISHERIES SCIENCE AND AQUACULTURE,2330-8257;2330-8249,true,,
REVIEWS IN MEDICAL VIROLOGY,1099-1654;1052-9276,true,,
REVIEWS IN THE NEUROSCIENCES,2191-0200;0334-1763,true,,
REVIEWS OF ENVIRONMENTAL CONTAMINATION AND TOXICOLOGY,2197-6554;0179-5953,true,,
REVIEWS OF GEOPHYSICS,1944-9208;8755-1209,true,,
REVIEWS OF MODERN PHYSICS,1539-0756;0034-6861,true,,
REVIEWS ON ADVANCED MATERIALS SCIENCE,1606-5131;1605-8127,true,,
REVIEWS ON ENVIRONMENTAL HEALTH,2191-0308;0048-7554,true,,
REVISTA CLINICA ESPANOLA,0014-2565;1578-1860;2254-8874,true,,
REVISTA DE CANCIONEROS IMPRESOS Y MANUSCRITOS,2254-7444,true,,
REVISTA DE HISTORIA ECONOMICA - JOURNAL OF IBERIAN AND LATIN AMERICAN ECONOMIC HISTORY,2041-3335;0212-6109,true,,
REVISTA DE INVESTIGACION CLINICA - CLINICAL AND TRANSLATIONAL INVESTIGATION,2564-8896;0034-8376,true,,
"REVISTA DE LA REAL ACADEMIA DE CIENCIAS EXACTAS, FISICAS Y NATURALES - SERIE A: MATEMATICAS",1579-1505;1578-7303,true,,
REVISTA DE LITERATURA,1988-4192;0034-849X,true,,
REVISTA DE PSICODIDACTICA,2254-4372;1136-1034,true,,
SPANISH JOURNAL OF PSYCHIATRY AND MENTAL HEALTH,2950-2853,true,,
REVISTA ELECTRONICA COMPLUTENSE DE INVESTIGACION EN EDUCACION MUSICAL - RECIEM,1698-7454,true,,
REVISTA ESPANOLA DE CARDIOLOGIA,1885-5857;1579-2242;0300-8932,true,,
REVISTA HABITAT SUSTENTABLE,0719-0700,true,,
REVISTA INTERNACIONAL DE EDUCACION PARA LA JUSTICIA SOCIAL,2254-3139,true,,
REVISTA LATINA DE COMUNICACION SOCIAL,1138-5820,true,,
REVISTA MATEMATICA IBEROAMERICANA,0213-2230,true,,
REVOLUTIONARY RUSSIA,1743-7873;0954-6545,true,,
REVUE D'HISTOIRE DES MATHEMATIQUES,1262-022X,true,,
REVUE HISTORIQUE,2104-3825;0035-3264,true,,
RHEOLOGICA ACTA,1435-1528;0035-4511,true,,
RHETORIC REVIEW,1532-7981;0735-0198,true,,
RHETORICA - A JOURNAL OF THE HISTORY OF RHETORIC,1533-8541;0734-8584,true,,
RHEUMATOLOGY,1462-0332;1462-0324,true,,
RHINOLOGY,0300-0729,true,,
RHIZOSPHERE,2452-2198,true,,
RICE,1939-8433;1939-8425,true,,
RICE SCIENCE,1876-4762;1672-6308,true,,
RICERCHE DI MATEMATICA,1827-3491;0035-5038,true,,
RIE - REVISTA DE INVESTIGACION EDUCATIVA,1989-9106;0212-4068,true,,
RIED - REVISTA IBEROAMERICANA DE EDUCACION A DISTANCIA,1390-3306;1138-2783,true,,
RISK ANALYSIS,1539-6924;0272-4332,true,,
"RISK, HAZARDS AND CRISIS IN PUBLIC POLICY",1944-4079,true,,
RISK MANAGEMENT - AN INTERNATIONAL JOURNAL,1743-4637;1460-3799,true,,
RIVAR - REVISTA IBEROAMERICANA DE VITICULTURA AGROINDUSTRIA Y RURALIDAD,0719-4994,true,,
RIVISTA DEL NUOVO CIMENTO,1826-9850;0393-697X,true,,
RIVISTA STORICA DELL'ANTICHITA,0300-340X,true,,
RMD OPEN,2056-5933,true,,
RNA,1469-9001;1355-8382,true,,
ROAD MATERIALS AND PAVEMENT DESIGN,2164-7402;1468-0629,true,,
ROBOTICA,1469-8668;0263-5747,true,,
ROBOTICS,2218-6581,true,,
ROBOTICS AND AUTONOMOUS SYSTEMS,1872-793X;0921-8890,true,,
ROBOTICS AND COMPUTER-INTEGRATED MANUFACTURING,1879-2537;0736-5845,true,,
ROCK ART RESEARCH,0813-0426,true,,
ROCK MECHANICS AND ROCK ENGINEERING,1434-453X;0723-2632,true,,
ROMANI STUDIES,1757-2274;1528-0748,true,,
ROSSIISKAYA ARKHEOLOGIYA|РОССИЙСКАЯ АРХЕОЛОГИЯ,0869-6063,true,,
ROSSIISKAYA ISTORIYA|РОССИЙСКАЯ ИСТОРИЯ,2949-124X,true,,
ROSSIISKII ZHURNAL MENEDZHMENTA - RUSSIAN MANAGEMENT JOURNAL|РОССИЙСКИЙ ЖУРНАЛ МЕНЕДЖМЕНТА,2618-6977;1729-7427,true,,
ROYAL SOCIETY OPEN SCIENCE,2054-5703,true,,
RSC ADVANCES,2046-2069,true,,
RSF - THE RUSSELL SAGE JOURNAL OF THE SOCIAL SCIENCES,2377-8261;2377-8253,true,,
RUDN JOURNAL OF RUSSIAN HISTORY|ВЕСТНИК РОССИЙСКОГО УНИВЕРСИТЕТА ДРУЖБЫ НАРОДОВ. СЕРИЯ: ИСТОРИЯ РОССИИ,2312-8690;2312-8674,true,,
RUDN JOURNAL OF SOCIOLOGY - VESTNIK ROSSIISKOGO UNIVERSITETA DRUZHBY NARODOV SERIYA SOTSIOLOGIYA|ВЕСТНИК РОССИЙСКОГО УНИВЕРСИТЕТА ДРУЖБЫ НАРОДОВ. СЕРИЯ: СОЦИОЛОГИЯ,2408-8897;2313-2272,true,,
"RURAL HISTORY: ECONOMY, SOCIETY, CULTURE",1474-0656;0956-7933,true,,
RURAL SOCIETY,2204-0536;1037-1656,true,,
RURAL SOCIOLOGY,1549-0831;0036-0112,true,,
RURAL THEOLOGY - INTERNATIONAL ECUMENCIAL AND INTERDISCIPLINARY PERSPECTIVES,2042-1273;1470-4994,true,,
RUSIN,2345-1149;1857-2685,true,,
RUSSIAN CHEMICAL REVIEWS,1468-4837;0036-021X,true,,
RUSSIAN JOURNAL OF EARTH SCIENCES,1681-1178;1681-1208,true,,
RUSSIAN JOURNAL OF LINGUISTICS,2687-0088;2686-8024,true,,
RUSSIAN JOURNAL OF MATHEMATICAL PHYSICS,1555-6638;1061-9208,true,,
RUSSIAN JOURNAL OF PLANT PHYSIOLOGY,1608-3407;1021-4437,true,,
RUSSIAN JOURNAL OF THERIOLOGY|RUSSIAN JOURNAL OF THERIOLOGY. РУССКИЙ ТЕРИОЛОГИЧЕСКИЙ ЖУРНАЛ,1682-3559,true,,
SLAVIC LITERATURES,2950-4244;2950-3965,true,,
RUSSIAN MATHEMATICAL SURVEYS,1468-4829;0036-0279,true,,
RUSSIAN OPEN MEDICAL JOURNAL,2304-3415,true,,
RUSSKAIA LITERATURA|РУССКАЯ ЛИТЕРАТУРА,0131-6095,true,,
SAFER COMMUNITIES,2042-8774;1757-8043,true,,
SAFETY AND HEALTH AT WORK,2093-7997;2093-7911,false,2024-07-11,removed from the White List
SAFETY SCIENCE,1879-1042;0925-7535,true,,
SAFUNDI - THE JOURNAL OF SOUTH AFRICAN AND AMERICAN STUDIES,1543-1304;1753-3171,true,,
SAGE OPEN,2158-2440,true,,
SAGE OPEN MEDICINE,2050-3121,true,,
SALAMANDRA,0036-3375,true,,
SAR AND QSAR IN ENVIRONMENTAL RESEARCH,1026-776X;1062-936X;1029-046X,true,,
SATELLITE NAVIGATION,2662-9291;2662-1363,true,,
SAUDI JOURNAL OF BIOLOGICAL SCIENCES,2213-7106;1319-562X,false,2024-07-11,removed from the White List
SAUDI PHARMACEUTICAL JOURNAL,2213-7475;1319-0164,false,2024-07-11,removed from the White List
SBORNIK MATHEMATICS,1468-4802;1064-5616,true,,
SCANDINAVIAN ECONOMIC HISTORY REVIEW,1750-2837;0358-5522,true,,
SCANDINAVIAN JOURNAL OF CARING SCIENCES,1471-6712;0283-9318,true,,
SCANDINAVIAN JOURNAL OF CLINICAL AND LABORATORY INVESTIGATION,1502-7686;0036-5513,true,,
SCANDINAVIAN JOURNAL OF EDUCATIONAL RESEARCH,1470-1170;0031-3831,true,,
SCANDINAVIAN JOURNAL OF FOREST RESEARCH,1651-1891;0282-7581,true,,
SCANDINAVIAN JOURNAL OF HISTORY,1502-7716;0346-8755,true,,
SCANDINAVIAN JOURNAL OF HOSPITALITY AND TOURISM,1502-2269;1502-2250,true,,
SCANDINAVIAN JOURNAL OF MEDICINE AND SCIENCE IN SPORTS,1600-0838;0905-7188,true,,
SCANDINAVIAN JOURNAL OF OCCUPATIONAL THERAPY,1651-2014;1103-8128,true,,
SCANDINAVIAN JOURNAL OF PRIMARY HEALTH CARE,1502-7724;0281-3432,true,,
SCANDINAVIAN JOURNAL OF PUBLIC HEALTH,1651-1905;1403-4948,true,,
"SCANDINAVIAN JOURNAL OF TRAUMA, RESUSCITATION AND EMERGENCY MEDICINE",1757-7241,true,,
"SCANDINAVIAN JOURNAL OF WORK, ENVIRONMENT AND HEALTH",1795-990X;0355-3140,true,,
SCANDINAVIAN STUDIES,2163-8195;0036-5637,true,,
SCHIZOPHRENIA,2754-6993,true,,
SCHIZOPHRENIA BULLETIN,1745-1701;0586-7614,true,,
SCHIZOPHRENIA RESEARCH,1573-2509;0920-9964,true,,
SCHOOL EFFECTIVENESS AND SCHOOL IMPROVEMENT,1744-5124;0924-3453,true,,
SCHOOL LEADERSHIP AND MANAGEMENT,1364-2626;1363-2434,true,,
SCHOOL MENTAL HEALTH,1866-2633;1866-2625,true,,
SCHOOL PSYCHOLOGY,2578-4226;2578-4218,true,,
SCHOOL PSYCHOLOGY INTERNATIONAL,1461-7374;0143-0343,true,,
SCHOOL PSYCHOLOGY REVIEW,2372-966X;0279-6015,true,,
SCIENCE,1095-9203;0036-8075,true,,
SCIENCE AND EDUCATION,1573-1901;0926-7220,true,,
SCIENCE ADVANCES,2375-2548,true,,
SCIENCE AND ENGINEERING ETHICS,1471-5546;1353-3452,true,,
SCIENCE AND MEDICINE IN FOOTBALL,2473-4446;2473-3938,true,,
SCIENCE AND PUBLIC POLICY,1471-5430;0302-3427,true,,
SCIENCE AND TECHNOLOGY OF ADVANCED MATERIALS,1878-5514;1468-6996,true,,
SCIENCE AND TECHNOLOGY OF ARCHAEOLOGICAL RESEARCH,2054-8923,true,,
SCIENCE AND TECHNOLOGY OF WELDING AND JOINING,1743-2936;1362-1718,true,,
SCIENCE AND TECHNOLOGY STUDIES,2243-4690,true,,
SCIENCE AS CULTURE,1470-1189;0950-5431,true,,
SCIENCE BULLETIN,2095-9281;2095-9273,true,,
SCIENCE CHINA - CHEMISTRY,1869-1870;1674-7291,true,,
SCIENCE CHINA - EARTH SCIENCES,1869-1897;1674-7313,true,,
SCIENCE CHINA - INFORMATION SCIENCES,1869-1919;1674-733X,true,,
SCIENCE CHINA - LIFE SCIENCES,1869-1889;1674-7305,true,,
SCIENCE CHINA - MATERIALS,2199-4501;2095-8226,true,,
SCIENCE CHINA - MATHEMATICS,1869-1862;1674-7283,true,,
"SCIENCE CHINA: PHYSICS, MECHANICS AND ASTRONOMY",1869-1927;1674-7348,true,,
SCIENCE CHINA - TECHNOLOGICAL SCIENCES,1869-1900;1674-7321,true,,
SCIENCE COMMUNICATION,1552-8545;1075-5470,true,,
SCIENCE EDUCATION,1098-237X;0036-8326,true,,
SCIENCE FICTION FILM AND TELEVISION,1754-3789;1754-3770,true,,
SCIENCE IMMUNOLOGY,2470-9468,true,,
SCIENCE OF DIABETES SELF - MANAGEMENT AND CARE,2635-0114;2635-0106,true,,
DIE NATURWISSENSCHAFTEN,1432-1904;0028-1042,true,,
SCIENCE OF THE TOTAL ENVIRONMENT,1879-1026;0048-9697,true,,
SCIENCE ROBOTICS,2470-9476,true,,
SCIENCE SIGNALING,1945-0877;1937-9145,true,,
SCIENCE TECHNOLOGY AND HUMAN VALUES,1552-8251;0162-2439,true,,
SCIENCE TRANSLATIONAL MEDICINE,1946-6242;1946-6234,true,,
SCIENTIA AGRICOLA,1678-992X;0103-9016,true,,
SCIENTIA ET FIDES,2353-5636;2300-7648,true,,
SCIENTIA HORTICULTURAE,1879-1018;0304-4238,true,,
SCIENTIA PHARMACEUTICA,2218-0532;0036-8709,true,,
SCIENTIFIC DATA,2052-4463,true,,
SCIENTIFIC REPORTS,2045-2322,true,,
SCIENTIFIC STUDIES OF READING,1532-799X;1088-8438,true,,
SCIENTIFICA,2090-908X,true,,
SCIENTOMETRICS,1588-2861;0138-9130,true,,
SCIPOST PHYSICS,2542-4653,true,,
SCIRES - IT - SCIENTIFIC RESEARCH AND INFORMATION TECHNOLOGY,2239-4303,true,,
SCOTTISH HISTORICAL REVIEW,1750-0222;0036-9241,true,,
SCRIPTA MATERIALIA,1872-8456;1359-6462,true,,
SCRIPTA THEOLOGICA,2254-6227;0036-9764,true,,
SCRUTINY2,1812-5441;1753-5409,true,,
SECOND LANGUAGE RESEARCH,1477-0326;0267-6583,true,,
SECULARISM AND NONRELIGION,2053-6712,true,,
SECURITY DIALOGUE,1460-3640;0967-0106,true,,
SECURITY JOURNAL,1743-4645,true,,
SECURITY STUDIES,1556-1852;0963-6412,true,,
SEDIMENTARY GEOLOGY,1879-0968;0037-0738,true,,
SEDIMENTOLOGY,1365-3091;0037-0746,true,,
SEISMOLOGICAL RESEARCH LETTERS,1938-2057;0895-0695,true,,
SELECTA MATHEMATICA - NEW SERIES,1420-9020;1022-1824,true,,
SEMANTIC WEB,2210-4968;1570-0844,true,,
SEMANTICS & PRAGMATICS,1937-8912,true,,
SEMINAR - A JOURNAL OF GERMANIC STUDIES,1911-026X;0037-1939,true,,
SEMINARS IN ARTHRITIS AND RHEUMATISM,1532-866X;0049-0172,true,,
SEMINARS IN CANCER BIOLOGY,1096-3650;1044-579X,true,,
SEMINARS IN CELL AND DEVELOPMENTAL BIOLOGY,1096-3634;1084-9521,true,,
SEMINARS IN DIAGNOSTIC PATHOLOGY,1930-1111;0740-2570,true,,
SEMINARS IN FETAL AND NEONATAL MEDICINE,1878-0946;1744-165X,true,,
SEMINARS IN HEMATOLOGY,1532-8686;0037-1963,true,,
SEMINARS IN IMMUNOLOGY,1096-3618;1044-5323,true,,
SEMINARS IN IMMUNOPATHOLOGY,1863-2300;1863-2297,true,,
SEMINARS IN LIVER DISEASE,1098-8971;0272-8087,true,,
SEMINARS IN NEPHROLOGY,1558-4488;0270-9295,true,,
SEMINARS IN NUCLEAR MEDICINE,1558-4623;0001-2998,true,,
SEMINARS IN ONCOLOGY,1532-8708;0093-7754,true,,
SEMINARS IN PEDIATRIC NEUROLOGY,1558-0776;1071-9091,true,,
SEMINARS IN PEDIATRIC SURGERY,1532-9453;1055-8586,true,,
SEMINARS IN PERINATOLOGY,1558-075X;0146-0005,true,,
SEMINARS IN RADIATION ONCOLOGY,1532-9461;1053-4296,true,,
SEMINARS IN RESPIRATORY AND CRITICAL CARE MEDICINE,1098-9048;1069-3424,true,,
SEMINARS IN THROMBOSIS AND HEMOSTASIS,1098-9064;0094-6176,true,,
SEMIOTICA,1613-3692;0037-1998,true,,
SENSES AND SOCIETY,1745-8935;1745-8927,true,,
SENSING AND BIO-SENSING RESEARCH,2214-1804,false,2024-07-11,removed from the White List
SENSORS,1424-8220;1424-3210,true,,
"SENSORS AND ACTUATORS, A: PHYSICAL",1873-3069;0924-4247,true,,
"SENSORS AND ACTUATORS, B: CHEMICAL",0925-4005,true,,
SENSORS AND ACTUATORS REPORTS,2666-0539,false,2024-07-11,removed from the White List
SEPARATION AND PURIFICATION REVIEWS,1542-2127;1542-2119,true,,
SEPARATION AND PURIFICATION TECHNOLOGY,1873-3794;1383-5866,true,,
SERVICE BUSINESS,1862-8516;1862-8508,true,,
SERVICE INDUSTRIES JOURNAL,1743-9507;0264-2069,true,,
SERVICE ORIENTED COMPUTING AND APPLICATIONS,1863-2394;1863-2386,true,,
SERVICE SCIENCE,2164-3970;2164-3962,true,,
SETTLER COLONIAL STUDIES,2201-473X;1838-0743,true,,
SEX EDUCATION - SEXUALITY SOCIETY AND LEARNING,1472-0825;1468-1811,true,,
SEX ROLES,1573-2762;0360-0025,true,,
SEXUAL AND REPRODUCTIVE HEALTHCARE,1877-5764;1877-5756,true,,
SEXUAL ABUSE: JOURNAL OF RESEARCH AND TREATMENT,1573-286X;1079-0632,true,,
SEXUAL AND REPRODUCTIVE HEALTH MATTERS,2641-0397,true,,
SEXUAL MEDICINE REVIEWS,2050-0521;2050-0513,true,,
SEXUALITY & CULTURE - AN INTERDISCIPLINARY JOURNAL,1936-4822;1095-5143,true,,
SEXUALITY RESEARCH AND SOCIAL POLICY: JOURNAL OF NSRC,1868-9884;1553-6610,true,,
SHAKESPEARE QUARTERLY,1538-3555;0037-3222,true,,
SHAW,1529-1480;0741-5842,true,,
SHE JI - THE JOURNAL OF DESIGN ECONOMICS AND INNOVATION,2405-8726;2405-8718,false,2024-07-11,removed from the White List
SHIP TECHNOLOGY RESEARCH,2056-7111;0937-7255,true,,
SHIPS AND OFFSHORE STRUCTURES,1754-212X;1744-5302,true,,
SHOCK,1540-0514;1073-2322,true,,
SIAM - ASA JOURNAL ON UNCERTAINTY QUANTIFICATION,2166-2525,true,,
SIAM JOURNAL ON APPLIED DYNAMICAL SYSTEMS,1536-0040,true,,
SIAM JOURNAL ON COMPUTING,1095-7111;0097-5397,true,,
SIAM JOURNAL ON CONTROL AND OPTIMIZATION,1095-7138;0363-0129,true,,
SIAM JOURNAL ON IMAGING SCIENCES,1936-4954,true,,
SIAM JOURNAL ON MATHEMATICS OF DATA SCIENCE,2577-0187,true,,
SIAM JOURNAL ON MATRIX ANALYSIS AND APPLICATIONS,1095-7162;0895-4798,true,,
SIAM JOURNAL ON NUMERICAL ANALYSIS,1095-7170;0036-1429,true,,
SIAM JOURNAL ON OPTIMIZATION,1095-7189;1052-6234,true,,
SIAM JOURNAL OF SCIENTIFIC COMPUTING,1095-7197;1064-8275,true,,
SIAM REVIEW,1095-7200;0036-1445,true,,
SIBERIAN HISTORICAL RESEARCH - SIBIRSKIE ISTORICHESKIE ISSLEDOVANIYA|СИБИРСКИЕ ИСТОРИЧЕСКИЕ ИССЛЕДОВАНИЯ,2312-4628;2312-461X,true,,
SIBIRICA - INTERDISCIPLINARY JOURNAL OF SIBERIAN STUDIES,1476-6787;1361-7362,true,,
SIBIRSKII FILOLOGICHESKII ZHURNAL|СИБИРСКИЙ ФИЛОЛОГИЧЕСКИЙ ЖУРНАЛ,1813-7083,true,,
SICS SOFTWARE - INTENSIVE CYBER-PHYSICAL SYSTEMS,2524-8529;2524-8510,true,,
SIGN LANGUAGE STUDIES,1533-6263;0302-1475,true,,
SIGN SYSTEMS STUDIES,1736-7409;1406-4243,true,,
SIGNA - REVISTA DE LA ASOCIACION ESPANOLA DE SEMIOTICA,2254-9307;1133-3634,true,,
SIGNAL PROCESSING,1872-7557;0165-1684,true,,
SIGNAL PROCESSING - IMAGE COMMUNICATION,1879-2677;0923-5965,true,,
SIGNAL TRANSDUCTION AND TARGETED THERAPY,2095-9907;2059-3635,true,,
SIGNS,1545-6943;0097-9740,true,,
SIGNS AND SOCIETY,2326-4497;2326-4489,true,,
"SIKH FORMATIONS: RELIGION, CULTURE, THEORY",1744-8735;1744-8727,true,,
SIMULATION AND GAMING,1552-826X;1046-8781,true,,
SIMULATION IN HEALTHCARE - JOURNAL OF THE SOCIETY FOR SIMULATION IN HEALTHCARE,1559-713X;1559-2332,true,,
SIMULATION MODELLING PRACTICE AND THEORY,1878-1462;1569-190X,true,,
SINGAPORE JOURNAL OF TROPICAL GEOGRAPHY,1467-9493;0129-7619,true,,
SINGAPORE MEDICAL JOURNAL,2737-5935;0037-5675,true,,
SKANDINAVSKAYA FILOLOGIYA|СКАНДИНАВСКАЯ ФИЛОЛОГИЯ,2618-9518;0202-2397,true,,
SKIN PHARMACOLOGY AND PHYSIOLOGY,1660-5535;1660-5527,true,,
SLAS TECHNOLOGY,2472-6311;2472-6303,false,2024-07-11,removed from the White List
SLAVERY AND ABOLITION,1743-9523;0144-039X,true,,
SLAVIC REVIEW,2325-7784;0037-6779,true,,
SLEEP,1550-9109;0161-8105,true,,
SLEEP HEALTH,2352-7226;2352-7218,true,,
SLEEP MEDICINE,1878-5506;1389-9457,true,,
SLEEP MEDICINE CLINICS,1556-4088;1556-407X,true,,
SLEEP MEDICINE REVIEWS,1532-2955;1087-0792,true,,
SLOVENE - INTERNATIONAL JOURNAL OF SLAVIC STUDIES,2305-6754;2304-0785,true,,
SMALL,1613-6829;1613-6810,true,,
SMALL AXE,1534-6714;0799-0537,true,,
SMALL BUSINESS ECONOMICS,1573-0913;0921-898X,true,,
SMALL METHODS,2366-9608,true,,
SMALL RUMINANT RESEARCH,1879-0941;0921-4488,true,,
SMALL STRUCTURES,2688-4062,true,,
SMART AND SUSTAINABLE BUILT ENVIRONMENT,2046-6102;2046-6099,true,,
SMART CITIES,2624-6511,true,,
SMART LEARNING ENVIRONMENTS,2196-7091,true,,
SMART MATERIALS AND STRUCTURES,1361-665X;0964-1726,true,,
SMART SCIENCE,2308-0477,true,,
SMART STRUCTURES AND SYSTEMS,1738-1991;1738-1584,true,,
SOCCER AND SOCIETY,1743-9590;1466-0970,true,,
SOCIAL AND CULTURAL GEOGRAPHY,1470-1197;1464-9365,true,,
SOCIAL AND LEGAL STUDIES,1461-7390;0964-6639,true,,
SOCIAL AND PERSONALITY PSYCHOLOGY COMPASS,1751-9004,true,,
SOCIAL ANTHROPOLOGY,1469-8676;0964-0282,true,,
SOCIAL COGNITIVE AND AFFECTIVE NEUROSCIENCE,1749-5024;1749-5016,true,,
SOCIAL COMPASS,1461-7404;0037-7686,true,,
SOCIAL CURRENTS,2329-4973;2329-4965,true,,
SOCIAL ENTERPRISE JOURNAL,1750-8614;1750-8533,true,,
SOCIAL EPISTEMOLOGY,1464-5297;0269-1728,true,,
SOCIAL EVOLUTION AND HISTORY,1681-4363,true,,
SOCIAL FORCES,1534-7605;0037-7732,true,,
SOCIAL HISTORY,1470-1200;0307-1022,true,,
SOCIAL HISTORY OF MEDICINE,1477-4666;0951-631X,true,,
SOCIAL IDENTITIES,1363-0296;1350-4630,true,,
SOCIAL INCLUSION,2183-2803,true,,
SOCIAL INDICATORS RESEARCH,1573-0921;0303-8300,true,,
SOCIAL ISSUES AND POLICY REVIEW,1751-2409;1751-2395,true,,
SOCIAL JUSTICE RESEARCH,1573-6725;0885-7466,true,,
SOCIAL MARKETING QUARTERLY,1539-4093;1524-5004,true,,
SOCIAL MEDIA AND SOCIETY,2056-3051,true,,
SOCIAL MOVEMENT STUDIES,1474-2829;1474-2837,true,,
SOCIAL NETWORKS,1879-2111;0378-8733,true,,
SOCIAL PHILOSOPHY AND POLICY,1471-6437;0265-0525,true,,
SOCIAL POLICY AND ADMINISTRATION,1467-9515;0144-5596,true,,
SOCIAL POLICY AND SOCIETY,1475-3073;1474-7464,true,,
SOCIAL POLITICS,1468-2893;1072-4745,true,,
SOCIAL PROBLEMS,1533-8533;0037-7791,true,,
SOCIAL PSYCHIATRY AND PSYCHIATRIC EPIDEMIOLOGY,1433-9285;0933-7954,true,,
SOCIAL PSYCHOLOGICAL AND PERSONALITY SCIENCE,1948-5514;1948-5506,true,,
SOCIAL PSYCHOLOGY,2151-2590;1864-9335,true,,
SOCIAL PSYCHOLOGY AND SOCIETY|СОЦИАЛЬНАЯ ПСИХОЛОГИЯ И ОБЩЕСТВО,2311-7052;2221-1527,true,,
SOCIAL PSYCHOLOGY OF EDUCATION,1573-1928;1381-2890,true,,
SOCIAL SCIENCE AND MEDICINE,1873-5347;0277-9536,true,,
SOCIAL SCIENCE COMPUTER REVIEW,1552-8286;0894-4393,true,,
SOCIAL SCIENCE HISTORY,1527-8034;0145-5532,true,,
SOCIAL SCIENCE JOURNAL,1873-5355;0362-3319,true,,
SOCIAL SCIENCE QUARTERLY,1540-6237;0038-4941,true,,
SOCIAL SCIENCE RESEARCH,1096-0317;0049-089X,true,,
SOCIAL SCIENCES - BASEL,2076-0760,true,,
SOCIAL SEMIOTICS,1470-1219;1035-0330,true,,
SOCIAL SERVICE REVIEW,1537-5404;0037-7961,true,,
SOCIAL STUDIES OF SCIENCE,1460-3659;0306-3127,true,,
SOCIAL TEXT,1527-1951;0164-2472,true,,
SOCIAL THEORY AND HEALTH,1477-822X;1477-8211,true,,
SOCIAL WORK,1545-6846;0037-8046,true,,
SOCIAL WORK IN HEALTH CARE,1541-034X;0098-1389,true,,
SOCIAL WORK RESEARCH,1545-6838,true,,
SOCIETIES,2075-4698,true,,
SOCIETY AND NATURAL RESOURCES,1521-0723;0894-1920,true,,
SOCIETY AND MENTAL HEALTH,2156-8731;2156-8693,true,,
SOCIO-ECONOMIC PLANNING SCIENCES,1873-6041;0038-0121,true,,
SOCIO-ECONOMIC REVIEW,1475-147X;1475-1461,true,,
SOCIOLINGUISTIC STUDIES,1750-8657;1750-8649,true,,
SOCIOLOGIA RURALIS,1467-9523;0038-0199,true,,
SOCIOLOGICA - INTERNATIONAL JOURNAL FOR SOCIOLOGICAL DEBATE,1971-8853,true,,
SOCIOLOGICAL FORUM,1573-7861;0884-8971,true,,
SOCIOLOGICAL INQUIRY,1475-682X;0038-0245,true,,
SOCIOLOGICAL METHODOLOGY,1467-9531;0081-1750,true,,
SOCIOLOGICAL METHODS AND RESEARCH,1552-8294;0049-1241,true,,
SOCIOLOGICAL PERSPECTIVES,1533-8673;0731-1214,true,,
SOCIOLOGICAL QUARTERLY,1533-8525;0038-0253,true,,
SOCIOLOGICAL RESEARCH ONLINE,1360-7804,true,,
SOCIOLOGICAL REVIEW,1467-954X;0038-0261,true,,
SOCIOLOGICAL SCIENCE,2330-6696,true,,
SOCIOLOGICAL THEORY,1467-9558;0735-2751,true,,
RUSSIAN SOCIOLOGICAL REVIEW|СОЦИОЛОГИЧЕСКОЕ ОБОЗРЕНИЕ,1728-1938;1728-192X,true,,
SOCIOLOGY - THE JOURNAL OF THE BRITISH SOCIOLOGICAL ASSOCIATION,1469-8684;0038-0385,true,,
SOCIOLOGY COMPASS,1751-9020,true,,
SOCIOLOGY OF EDUCATION,1939-8573;0038-0407,true,,
SOCIOLOGY OF HEALTH AND ILLNESS,1467-9566;0141-9889,true,,
SOCIOLOGY OF RACE AND ETHNICITY,2332-6505;2332-6492,true,,
SOCIOLOGY OF RELIGION,1759-8818;1069-4404,true,,
SOFT COMPUTING,1433-7479;1432-7643,true,,
SOFT MATTER,1744-6848;1744-683X,true,,
SOFT ROBOTICS,2169-5180;2169-5172,true,,
SOFTWARE - PRACTICE AND EXPERIENCE,1097-024X;0038-0644,true,,
SOFTWARE AND SYSTEMS MODELING,1619-1374;1619-1366,true,,
SOIL,2199-398X;2199-3971,true,,
SOIL AND TILLAGE RESEARCH,1879-3444;0167-1987,true,,
SOIL BIOLOGY AND BIOCHEMISTRY,1879-3428;0038-0717,true,,
SOIL DYNAMICS AND EARTHQUAKE ENGINEERING,1879-341X;0267-7261,true,,
SOIL ECOLOGY LETTERS,2662-2297;2662-2289,true,,
SOIL SCIENCE AND PLANT NUTRITION,1747-0765;0038-0768,true,,
SOIL SYSTEMS,2571-8789,true,,
SOIL USE AND MANAGEMENT,1475-2743;0266-0032,true,,
SOILS AND FOUNDATIONS,1881-1418;0038-0806,false,2024-07-11,removed from the White List
SOLAR ENERGY,1471-1257;0038-092X,true,,
SOLAR ENERGY MATERIALS AND SOLAR CELLS,1879-3398;0927-0248,true,,
SOLAR RRL,2367-198X,true,,
SOLID EARTH,1869-9529;1869-9510,true,,
SOLID EARTH SCIENCES,2451-912X,false,2024-07-11,removed from the White List
SOLID STATE IONICS,1872-7689;0167-2738,true,,
SOLID STATE NUCLEAR MAGNETIC RESONANCE,1527-3326;0926-2040,true,,
SOLID STATE SCIENCES,1873-3085;1293-2558,true,,
SOTSIOLOGICHESKIE ISSLEDOVANIIA|СОЦИОЛОГИЧЕСКИЕ ИССЛЕДОВАНИЯ,0132-1625,true,,
SOULS,1548-3843;1099-9949,true,,
SOUND STUDIES,2055-1959;2055-1940,true,,
SOUNDINGS,2161-6302;0038-1861,true,,
SOURCE - NOTES IN THE HISTORY OF ART,2328-207X;0737-4453,true,,
SOUTHERN AFRICAN GEOGRAPHICAL JOURNAL,2151-2418;0373-6245,true,,
SOUTH AFRICAN HISTORICAL JOURNAL,1726-1686;0258-2473,true,,
SOUTH AFRICAN JOURNAL OF BOTANY,1727-9321;0254-6299,true,,
SOUTH AFRICAN THEATRE JOURNAL,2163-7660;1013-7548,true,,
SOUTH ASIA - JOURNAL OF SOUTH ASIAN STUDIES,1479-0270;0085-6401,true,,
SOUTH ASIA RESEARCH,1741-3141;0262-7280,true,,
SOUTH ASIAN DIASPORA,1943-8184;1943-8192,true,,
SOUTH ASIAN JOURNAL OF BUSINESS STUDIES,2398-6298;2398-628X,true,,
SOUTH ASIAN POPULAR CULTURE,1474-6697;1474-6689,true,,
SOUTH ASIAN STUDIES,2153-2699;0266-6030,true,,
SOUTH ATLANTIC QUARTERLY,1527-8026;0038-2876,true,,
SOUTH EUROPEAN SOCIETY AND POLITICS,1743-9612;1360-8746,true,,
"SOUTH OF RUSSIA: ECOLOGY, DEVELOPMENT|ЮГ РОССИИ: ЭКОЛОГИЯ, РАЗВИТИЕ",2413-0958;1992-1098,true,,
JOURNAL OF SOUTHEAST EUROPEAN AND BLACK SEA STUDIES,1743-9639;1468-3857,true,,
SOUTHEASTERN EUROPE,1876-3332;0094-4467,true,,
SOUTHERN AFRICAN HUMANITIES,1681-5564,true,,
SOUTHERN CALIFORNIA LAW REVIEW,0038-3910,true,,
SOUTHERN JOURNAL OF PHILOSOPHY,2041-6962;0038-4283,true,,
SOVIET AND POST SOVIET REVIEW,1876-3324;1075-1262,true,,
SOVREMENNYE TEHNOLOGII V MEDICINE|СОВРЕМЕННЫЕ ТЕХНОЛОГИИ В МЕДИЦИНЕ,2076-4243;2309-995X,true,,
SPACE AND POLITY,1470-1235;1356-2576,true,,
SPACE POLICY,1879-338X;0265-9646,true,,
SPACE SCIENCE REVIEWS,1572-9672;0038-6308,true,,
SPACE WEATHER - THE INTERNATIONAL JOURNAL OF RESEARCH AND APPLICATIONS,1542-7390,true,,
SPANISH IN CONTEXT,1571-0726;1571-0718,true,,
SPANISH JOURNAL OF AGRICULTURAL RESEARCH,2171-9292;1695-971X,true,,
SPATIAL AND SPATIO-TEMPORAL EPIDEMIOLOGY,1877-5853;1877-5845,true,,
SPATIAL DEMOGRAPHY,2364-2289;2164-7070,true,,
SPATIAL ECONOMIC ANALYSIS,1742-1780;1742-1772,true,,
SPATIAL STATISTICS,2211-6753,true,,
SPE DRILLING AND COMPLETION,1930-0204;1064-6671,true,,
SPE JOURNAL,1930-0220;1086-055X,true,,
SPE PRODUCTION AND OPERATIONS,1930-1863;1930-1855,true,,
SPECTROCHIMICA ACTA - PART A: MOLECULAR AND BIOMOLECULAR SPECTROSCOPY,1873-3557;1386-1425,true,,
SPECTROCHIMICA ACTA - PART B: ATOMIC SPECTROSCOPY,1873-3565;0584-8547,true,,
SPECULUM - A JOURNAL OF MEDIEVAL STUDIES,2040-8072;0038-7134,true,,
SPINE,1528-1159;0362-2436,true,,
SPINE JOURNAL,1878-1632;1529-9430,true,,
"SPORT, EDUCATION AND SOCIETY",1470-1243;1357-3322,true,,
"SPORT, ETHICS AND PHILOSOPHY",1751-133X;1751-1321,true,,
"SPORT, EXERCISE, AND PERFORMANCE PSYCHOLOGY",2157-3913;2157-3905,true,,
SPORT IN HISTORY,1746-0271;1746-0263,true,,
SPORT IN SOCIETY,1743-0445;1743-0437,true,,
SPORT MANAGEMENT REVIEW,1839-2083;1441-3523,true,,
SPORT MARKETING QUARTERLY,1557-2528;1061-6934,true,,
SPORTS,2075-4663,true,,
SPORTS BIOMECHANICS,1752-6116;1476-3141,true,,
SPORTS HEALTH - A MULTIDISCIPLINARY APPROACH,1941-7381;1941-0921,true,,
SPORTS MEDICINE,1179-2035;0112-1642,true,,
SPORTS MEDICINE - OPEN,2199-1170;2198-9761,true,,
SPORTS MEDICINE AND ARTHROSCOPY REVIEW,1538-1951;1062-8592,true,,
SRAVNITELNAYA POLITIKA - COMPARATIVE POLITICS|СРАВНИТЕЛЬНАЯ ПОЛИТИКА,2412-4990;2221-3279,true,,
SSM - POPULATION HEALTH,2352-8273,false,2024-07-11,removed from the White List
ST. PETERSBURG MATHEMATICAL JOURNAL,1547-7371;1061-0022,true,,
STAND MAGAZINE,0952-648X,true,,
STANFORD LAW REVIEW,1939-8581;0038-9765,false,2026-04-07,removed from the White List
STANISLAVSKI STUDIES,2056-7790;2054-4170,true,,
STAT,2049-1573,true,,
STATA JOURNAL,1536-8734;1536-867X,true,,
STATISTICAL METHODS IN MEDICAL RESEARCH,1477-0334;0962-2802,true,,
STATISTICAL SCIENCE,2168-8745;0883-4237,true,,
STATISTICS,1029-4910;0233-1888,true,,
STATISTICS AND COMPUTING,1573-1375;0960-3174,true,,
STATISTICS AND PUBLIC POLICY,2330-443X,true,,
STATISTICS IN MEDICINE,1097-0258;0277-6715,true,,
STATISTICS SURVEYS,1935-7516,true,,
STEEL AND COMPOSITE STRUCTURES,1598-6233;1229-9367,true,,
STEINBECK REVIEW,1754-6087;1546-007X,true,,
STEM CELL REPORTS,2213-6711,false,2024-07-11,removed from the White List
STEM CELL RESEARCH AND THERAPY,1757-6512,true,,
STEM CELL REVIEWS AND REPORTS,2629-3277;2629-3269,true,,
STEM CELLS,1549-4918;1066-5099,true,,
STEM CELLS AND DEVELOPMENT,1557-8534;1547-3287,true,,
STEM CELLS INTERNATIONAL,1687-966X;1687-9678,true,,
STEM CELLS TRANSLATIONAL MEDICINE,2157-6580;2157-6564,true,,
STOCHASTIC ENVIRONMENTAL RESEARCH AND RISK ASSESSMENT,1436-3259;1436-3240,true,,
STRAHLENTHERAPIE UND ONKOLOGIE,1439-099X;0179-7158,true,,
STRAIN,1475-1305;0039-2103,true,,
STRATEGIC ENTREPRENEURSHIP JOURNAL,1932-443X;1932-4391,true,,
STRATEGIC MANAGEMENT,2334-6191;1821-3448,true,,
STRATEGIC MANAGEMENT JOURNAL,1097-0266;0143-2095,true,,
STRATEGIC ORGANIZATION,1741-315X;1476-1270,true,,
STRATUM PLUS|STRATUM PLUS. АРХЕОЛОГИЯ И КУЛЬТУРНАЯ АНТРОПОЛОГИЯ,1857-3533;1608-9057,true,,
STRENGTH AND CONDITIONING JOURNAL,1533-4295;1524-1602,true,,
STRESS - THE INTERNATIONAL JOURNAL ON THE BIOLOGY OF STRESS,1607-8888;1025-3890,true,,
STRESS AND HEALTH,1532-3005;1532-2998,true,,
STROKE,1524-4628;0039-2499,true,,
STROKE AND VASCULAR NEUROLOGY,2059-8696;2059-8688,true,,
STROKE RESEARCH AND TREATMENT,2090-8105;2042-0056,true,,
STRUCTURAL AND MULTIDISCIPLINARY OPTIMIZATION,1615-1488;1615-147X,true,,
STRUCTURAL CHANGE AND ECONOMIC DYNAMICS,1873-6017;0954-349X,true,,
STRUCTURAL CONCRETE,1751-7648;1464-4177,true,,
STRUCTURAL CONTROL AND HEALTH MONITORING,1545-2263;1545-2255,true,,
STRUCTURAL DYNAMICS - US,2329-7778,true,,
STRUCTURAL ENGINEERING AND MECHANICS,1598-6217;1225-4568,true,,
STRUCTURAL EQUATION MODELING - A MULTIDISCIPLINARY JOURNAL,1532-8007;1070-5511,true,,
STRUCTURAL HEALTH MONITORING - AN INTERNATIONAL JOURNAL,1741-3168;1475-9217,true,,
STRUCTURAL SAFETY,1879-3355;0167-4730,true,,
STRUCTURE,1878-4186;0969-2126,true,,
STRUCTURE AND INFRASTRUCTURE ENGINEERING,1744-8980;1573-2479,true,,
STRUCTURES,2352-0124,true,,
STUDIA AUREA - REVISTA DE LITERATURA ESPANOLA Y TEORIA LITERARIA DEL RENACIMIENTO Y SIGLO DE ORO,1988-1088;2462-6813,true,,
STUDIA ISLAMIKA,2355-6145;0215-0492,true,,
STUDIA LITTERARUM,2541-8564;2500-4247,true,,
STUDIA SLAVICA ET BALCANICA PETROPOLITANA,1995-848X,true,,
STUDIES IN AMERICAN HUMOR,2333-9934;0095-280X,true,,
STUDIES IN APPLIED MATHEMATICS,1467-9590;0022-2526,true,,
STUDIES IN AUSTRALASIAN CINEMA,1750-3183;1750-3175,true,,
STUDIES IN COMPARATIVE INTERNATIONAL DEVELOPMENT,1936-6167;0039-3606,true,,
STUDIES IN CONFLICT AND TERRORISM,1521-0731;1057-610X,true,,
STUDIES IN CONSERVATION,2047-0584;0039-3630,true,,
STUDIES IN CONTINUING EDUCATION,1470-126X;0158-037X,true,,
STUDIES IN DOCUMENTARY FILM,1750-3299;1750-3280,true,,
STUDIES IN EDUCATIONAL EVALUATION,0191-491X,true,,
STUDIES IN ENGLISH LITERATURE 1500-1900,1522-9270;0039-3657,true,,
STUDIES IN EUROPEAN CINEMA,2040-0594;1741-1548,true,,
STUDIES IN FAMILY PLANNING,1728-4465;0039-3665,true,,
STUDIES IN HIGHER EDUCATION,1470-174X;0307-5079,true,,
STUDIES IN HISTORY AND PHILOSOPHY OF SCIENCE PART A,1879-2510;0039-3681,true,,
STUDIES IN INFORMATICS AND CONTROL,1841-429X;1220-1766,true,,
STUDIES IN MYCOLOGY,1872-9797;0166-0616,true,,
STUDIES IN PHILOSOPHY AND EDUCATION,1573-191X;0039-3746,true,,
STUDIES IN SCIENCE EDUCATION,1940-8412;0305-7267,true,,
STUDIES IN SECOND LANGUAGE ACQUISITION,1470-1545;0272-2631,true,,
STUDIES IN SECOND LANGUAGE LEARNING AND TEACHING,2084-1965;2083-5205,true,,
STUDIES IN SPANISH AND LATIN AMERICAN CINEMAS,2050-4845;2050-4837,true,,
STUDIES IN THE NOVEL,1934-1512;0039-3827,true,,
STYLE,2374-6629;0039-4238,true,,
SUB - STANCE,1527-2095;0049-2426,true,,
SUBSTANCE USE & ADDICTION JOURNAL,2976-7350;2976-7342,true,,
SUBSTANCE ABUSE AND REHABILITATION,1179-8467,true,,
"SUBSTANCE ABUSE: TREATMENT, PREVENTION, AND POLICY",1747-597X,true,,
SUICIDE AND LIFE - THREATENING BEHAVIOR,1943-278X;0363-0234,true,,
SUNGKYUN JOURNAL OF EAST ASIAN STUDIES,2586-0380;1598-2661,true,,
SUPERCONDUCTOR SCIENCE AND TECHNOLOGY,1361-6668;0953-2048,true,,
SUPPLY CHAIN FORUM,1625-8312;1624-6039,true,,
SUPPLY CHAIN MANAGEMENT - AN INTERNATIONAL JOURNAL,1758-6852;1359-8546,true,,
SURFACE AND COATINGS TECHNOLOGY,1879-3347;0257-8972,true,,
SURFACE ENGINEERING,1743-2944;0267-0844,true,,
SURFACE INNOVATIONS,2050-6260;2050-6252,true,,
SURFACE SCIENCE REPORTS,1879-274X;0167-5729,true,,
SURFACES AND INTERFACES,2468-0230,true,,
SURGERY,0039-6060,true,,
SURGERY FOR OBESITY AND RELATED DISEASES,1878-7533;1550-7289,true,,
SURGICAL CLINICS OF NORTH AMERICA,1558-3171;0039-6109,true,,
SURGICAL ENDOSCOPY AND OTHER INTERVENTIONAL TECHNIQUES,1432-2218;0930-2794,true,,
SURGICAL ONCOLOGY - OXFORD,1879-3320;0960-7404,true,,
SURGICAL ONCOLOGY CLINICS OF NORTH AMERICA,1558-5042;1055-3207,true,,
SURVEILLANCE & SOCIETY,1477-7487,true,,
SURVEY OF OPHTHALMOLOGY,1879-3304;0039-6257,true,,
SURVEY RESEARCH METHODS,1864-3361,true,,
SURVEYS IN GEOPHYSICS,1573-0956;0169-3298,true,,
SUSTAINABILITY,2071-1050,true,,
"SUSTAINABILITY ACCOUNTING, MANAGEMENT AND POLICY JOURNAL",2040-803X;2040-8021,true,,
SUSTAINABILITY SCIENCE,1862-4065;1862-4057,true,,
SUSTAINABLE AND RESILIENT INFRASTRUCTURE,2378-9697;2378-9689,true,,
SUSTAINABLE CHEMISTRY AND PHARMACY,2352-5541,true,,
SUSTAINABLE CITIES AND SOCIETY,2210-6715;2210-6707,true,,
SUSTAINABLE COMPUTING: INFORMATICS AND SYSTEMS,2210-5387;2210-5379,true,,
SUSTAINABLE DEVELOPMENT,1099-1719;0968-0802,true,,
SUSTAINABLE ENERGY AND FUELS,2398-4902,true,,
"SUSTAINABLE ENERGY, GRIDS AND NETWORKS",2352-4677,true,,
SUSTAINABLE ENERGY TECHNOLOGIES AND ASSESSMENTS,2213-1396;2213-1388,true,,
SUSTAINABLE ENVIRONMENT RESEARCH,2468-2039,true,,
SUSTAINABLE MATERIALS AND TECHNOLOGIES,2214-9937;2214-9929,true,,
SUSTAINABLE PRODUCTION AND CONSUMPTION,2352-5509,true,,
SWARM AND EVOLUTIONARY COMPUTATION,2210-6510;2210-6502,true,,
SWARM INTELLIGENCE,1935-3820;1935-3812,true,,
SWISS JOURNAL OF GEOSCIENCES,1661-8734;1661-8726,true,,
SWISS MEDICAL WEEKLY,1424-7860;1424-3997,true,,
SYMBIOSIS,1878-7665;0334-5114,true,,
SYMBOLAE OSLOENSES,1502-7805;0039-7679,true,,
SYMBOLIC INTERACTION,1533-8665;0195-6086,true,,
SYMMETRY - BASEL,2073-8994,true,,
SYNTAX - A JOURNAL OF THEORETICAL EXPERIMENTAL AND INTERDISCIPLINARY RESEARCH,1467-9612;1368-0005,true,,
SYNTHESE,1573-0964;0039-7857,true,,
SYNTHETIC AND SYSTEMS BIOTECHNOLOGY,2405-805X,true,,
SYNTHETIC METALS,0379-6779,true,,
SYSTEM,1879-3282;0346-251X,true,,
SYSTEM DYNAMICS REVIEW,1099-1727;0883-7066,true,,
SYSTEMATIC AND APPLIED MICROBIOLOGY,1618-0984;0723-2020,true,,
SYSTEMATIC BIOLOGY,1076-836X;1063-5157,true,,
SYSTEMATIC ENTOMOLOGY,1365-3113;0307-6970,true,,
SYSTEMATIC REVIEWS,2046-4053,true,,
SYSTEMATICS AND BIODIVERSITY,1478-0933;1477-2000,true,,
SYSTEMS,2079-8954,true,,
SYSTEMS BIOLOGY IN REPRODUCTIVE MEDICINE,1939-6376;1939-6368,true,,
SYSTEMS ENGINEERING,1520-6858;1098-1241,true,,
SYSTEMS RESEARCH AND BEHAVIORAL SCIENCE,1099-1743;1092-7026,true,,
TALANTA,1873-3573;0039-9140,true,,
TARGET - INTERNATIONAL JOURNAL OF TRANSLATION STUDIES,1569-9986;0924-1884,true,,
TARGETED ONCOLOGY,1776-260X;1776-2596,true,,
TAXON,1996-8175;0040-0262,true,,
TDR/THE DRAMA REVIEW,1531-4715;1054-2043,true,,
TEACHER EDUCATION AND SPECIAL EDUCATION,1944-4931;0888-4064,true,,
TEACHERS AND TEACHING: THEORY AND PRACTICE,1470-1278;1354-0602,true,,
TEACHING AND LEARNING IN MEDICINE,1532-8015;1040-1334,true,,
TEACHING AND TEACHER EDUCATION,1879-2480;0742-051X,true,,
TEACHING IN HIGHER EDUCATION,1470-1294;1356-2517,true,,
TEACHING THEOLOGY AND RELIGION,1467-9647;1368-4868,true,,
TECHNIQUES IN COLOPROCTOLOGY,1128-045X;1123-6337,true,,
TECHNOLOGICAL AND ECONOMIC DEVELOPMENT OF ECONOMY,2029-4921;2029-4913,true,,
TECHNOLOGICAL FORECASTING AND SOCIAL CHANGE,1873-5509;0040-1625,true,,
INNOVATION AND EMERGING TECHNOLOGIES,2810-9007;2737-5994,true,,
TECHNOLOGY ANALYSIS AND STRATEGIC MANAGEMENT,1465-3990;0953-7325,true,,
TECHNOLOGY AND CULTURE,1097-3729;0040-165X,true,,
TECHNOLOGY IN SOCIETY,1879-3274;0160-791X,true,,
"TECHNOLOGY, KNOWLEDGE AND LEARNING",2211-1670;2211-1662,true,,
"TECHNOLOGY, PEDAGOGY AND INFORMATION",1747-5139;1475-939X,true,,
TECHNOMETRICS,1537-2723;0040-1706,true,,
TECHNOVATION,1879-2383;0166-4972,true,,
TECHTRENDS,1559-7075;8756-3894,true,,
TECTONICS,1944-9194;0278-7407,true,,
TECTONOPHYSICS,1879-3266;0040-1951,true,,
TEJUELO - DIDACTICA DE LA LENGUA Y LA LITERATURA,1988-8430,true,,
TEL AVIV - JOURNAL OF THE INSTITUTE OF ARCHAEOLOGY OF TEL AVIV UNIVERSITY,2040-4786;0334-4355,true,,
TELECOMMUNICATION SYSTEMS,1572-9451;1018-4864,true,,
TELECOMMUNICATIONS POLICY,1879-3258;0308-5961,true,,
TELEMATICS AND INFORMATICS,1879-324X;0736-5853,true,,
TELEMEDICINE JOURNAL AND E-HEALTH,1556-3669;1530-5627,true,,
TELEVISION AND NEW MEDIA,1552-8316;1527-4764,true,,
TEMA - JOURNAL OF LAND USE MOBILITY AND ENVIRONMENT,1970-9889;1970-9870,true,,
TEMENOS,0497-1817,true,,
TEMPO,1478-2286;0040-2982,true,,
TEORIA DE LA EDUCACION,2386-5660;1130-3743,true,,
TERAPEVTICHESKII ARKHIV|ТЕРАПЕВТИЧЕСКИЙ АРХИВ,2309-5342;0040-3660,true,,
TERMINOLOGY,1569-9994;0929-9971,true,,
TERRA ECONOMICUS,2073-6606;2410-4531,true,,
TERRA NOVA,1365-3121;0954-4879,true,,
"TERRITORY, POLITICS, GOVERNANCE",2162-268X;2162-2671,true,,
TERRORISM AND POLITICAL VIOLENCE,1556-1836;0954-6553,true,,
TESOL QUARTERLY,1545-7249;0039-8322,true,,
TEXAS LAW REVIEW,1942-857X;0040-4411,true,,
TEXT & TALK,1860-7349;1860-7330,true,,
TEXT AND PERFORMANCE QUARTERLY,1479-5760;1046-2937,true,,
TEXT MATTERS - A JOURNAL OF LITERATURE THEORY AND CULTURE,2084-574X;2083-2931,true,,
TEXTILE PROGRESS,1754-2278;0040-5167,true,,
TEXTILE RESEARCH JOURNAL,1746-7748;0040-5175,true,,
"THEATRE, DANCE AND PERFORMANCE TRAINING",1944-3927;1944-3919,true,,
THEATRE JOURNAL,1086-332X;0192-2882,true,,
THEOLOGICAL STUDIES,2169-1304;0040-5639,true,,
THEOLOGY AND SCIENCE,1474-6719;1474-6700,true,,
THEORETICAL AND APPLIED FRACTURE MECHANICS,1872-7638;0167-8442,true,,
THEORETICAL AND APPLIED GENETICS,1432-2242;0040-5752,true,,
THEORETICAL AND COMPUTATIONAL FLUID DYNAMICS,1432-2250;0935-4964,true,,
THEORETICAL AND EXPERIMENTAL PLANT PHYSIOLOGY,2197-0025,true,,
THEORETICAL CRIMINOLOGY,1461-7439;1362-4806,true,,
THEORETICAL LINGUISTICS,1613-4060;0301-4428,true,,
THEORY AND PRACTICE OF LEGISLATION,2050-8859;2050-8840,true,,
THEORY AND RESEARCH IN SOCIAL EDUCATION,2163-1654;0093-3104,true,,
THEORY AND SOCIETY,1573-7853;0304-2421,true,,
"THEORY, CULTURE AND SOCIETY",1460-3616;0263-2764,true,,
THEORY INTO PRACTICE,1543-0421;0040-5841,true,,
THERANOSTICS,1838-7640,true,,
THERAPEUTIC ADVANCES IN CARDIOVASCULAR DISEASE,1753-9455;1753-9447,true,,
THERAPEUTIC ADVANCES IN CHRONIC DISEASE,2040-6231;2040-6223,true,,
THERAPEUTIC ADVANCES IN HEMATOLOGY,2040-6215;2040-6207,true,,
THERAPEUTIC ADVANCES IN MEDICAL ONCOLOGY,1758-8359;1758-8340,true,,
THERAPEUTIC ADVANCES IN NEUROLOGICAL DISORDERS,1756-2864;1756-2856,true,,
THERAPEUTIC ADVANCES IN PSYCHOPHARMACOLOGY,2045-1261;2045-1253,true,,
THERAPEUTIC ADVANCES IN RESPIRATORY DISEASE,1753-4666;1753-4658,true,,
THERAPEUTIC DELIVERY,2041-6008;2041-5990,true,,
THERAPEUTICS AND CLINICAL RISK MANAGEMENT,1178-203X;1176-6336,true,,
THERIOGENOLOGY,1879-3231;0093-691X,true,,
THERMAL SCIENCE AND ENGINEERING PROGRESS,2451-9049,true,,
THESIS ELEVEN,1461-7455;0725-5136,true,,
THIN - WALLED STRUCTURES,1879-3223;0263-8231,true,,
THIN SOLID FILMS,1879-2731;0040-6090,true,,
THINKING AND REASONING,1464-0708;1354-6783,true,,
THINKING SKILLS AND CREATIVITY,1878-0423;1871-1871,true,,
THIRD TEXT,1475-5297;0952-8822,true,,
THIRD WORLD QUARTERLY,1360-2241;0143-6597,true,,
THORACIC SURGERY CLINICS,1558-5069;1547-4127,true,,
THORAX,1468-3296;0040-6376,true,,
THOUGHT - A JOURNAL OF PHILOSOPHY,2161-2234,true,,
THROMBOSIS AND HAEMOSTASIS,2567-689X;0340-6245,true,,
THROMBOSIS JOURNAL,1477-9560,true,,
THROMBOSIS RESEARCH,1879-2472;0049-3848,true,,
THUNDERBIRD INTERNATIONAL BUSINESS REVIEW,1520-6874;1096-4762,true,,
THYROID,1557-9077;1050-7256,true,,
TICKS AND TICK - BORNE DISEASES,1877-9603;1877-959X,false,2024-07-11,removed from the White List
TIJDSCHRIFT VOOR ECONOMISCHE EN SOCIALE GEOGRAFIE,1467-9663;0040-747X,true,,
TIME & MIND - THE JOURNAL OF ARCHAEOLOGY CONSCIOUSNESS AND CULTURE,1751-6978;1751-696X,true,,
TIME AND SOCIETY,1461-7463;0961-463X,true,,
TISSUE BARRIERS,2168-8370;2168-8362,true,,
TISSUE ENGINEERING - PART A,1937-335X;1937-3341,true,,
TISSUE ENGINEERING - PART B: REVIEWS,1937-3376;1937-3368,true,,
TOBACCO CONTROL,1468-3318;0964-4563,true,,
TOBACCO INDUCED DISEASES,1617-9625;2070-7266,true,,
TOMSKII ZHURNAL LINGVISTICHESKIKH I ANTROPOLOGICHESKIKH ISSLEDOVANII - TOMSK JOURNAL OF LINGUISTICS AND ANTHROPOLOGY|ТОМСКИЙ ЖУРНАЛ ЛИНГВИСТИЧЕСКИХ И АНТРОПОЛОГИЧЕСКИХ ИССЛЕДОВАНИЙ,2307-6119,true,,
TOPICS IN CATALYSIS,1572-9028;1022-5528,true,,
TOPICS IN COGNITIVE SCIENCE,1756-8765;1756-8757,true,,
TOPICS IN CURRENT CHEMISTRY,2365-0869;2364-8961,true,,
TOPICS IN EARLY CHILDHOOD SPECIAL EDUCATION,1538-4845;0271-1214,true,,
TOPICS IN LANGUAGE DISORDERS,1550-3259;0271-8294,true,,
TOPICS IN STROKE REHABILITATION,1945-5119;1074-9357,true,,
TOPOI - AN INTERNATIONAL REVIEW OF PHILOSOPHY,1572-8749;0167-7411,true,,
TOTAL QUALITY MANAGEMENT AND BUSINESS EXCELLENCE,1478-3371;1478-3363,true,,
T'OUNG PAO,1568-5322;0082-5433,true,,
TOURISM AND HOSPITALITY RESEARCH,1742-9692;1467-3584,true,,
TOURISM ECONOMICS,2044-0375;1354-8166,true,,
TOURISM GEOGRAPHIES,1470-1340;1461-6688,true,,
TOURISM MANAGEMENT,1879-3193;0261-5177,true,,
TOURISM MANAGEMENT PERSPECTIVES,2211-9744;2211-9736,true,,
TOURISM PLANNING AND DEVELOPMENT,2156-8324;2156-8316,true,,
TOURISM RECREATION RESEARCH,2320-0308;0250-8281,true,,
TOURISM REVIEW,1759-8451;1660-5373,true,,
TOXICOLOGICAL SCIENCES,1096-6080;1096-0929,true,,
TOXICOLOGY,1879-3185;0300-483X,true,,
TOXICOLOGY AND APPLIED PHARMACOLOGY,1096-0333;0041-008X,true,,
TOXICOLOGY IN VITRO,1879-3177;0887-2333,true,,
TOXICOLOGY LETTERS,1879-3169;0378-4274,true,,
TOXICS,2305-6304,true,,
TOXINS,2072-6651,true,,
TQM JOURNAL,1754-274X;1754-2731,true,,
TRABAJOS DE PREHISTORIA,1988-3218;0082-5638,true,,
TRAC - TRENDS IN ANALYTICAL CHEMISTRY,1879-3142;0165-9936,true,,
TRADITIO - STUDIES IN ANCIENT AND MEDIEVAL HISTORY THOUGHT AND RELIGION,2166-5508;0362-1529,true,,
TRAFFIC,1600-0854;1398-9219,true,,
TRAINING AND EDUCATION IN PROFESSIONAL PSYCHOLOGY,1931-3926;1931-3918,true,,
TRAMES - JOURNAL OF THE HUMANITIES AND SOCIAL SCIENCES,1736-7514;1406-0922,true,,
TRANS - TRANS-REGIONAL AND - NATIONAL STUDIES OF SOUTHEAST ASIA,2051-3658;2051-364X,true,,
TRANSACTIONS IN GIS,1467-9671;1361-1682,true,,
TRANSACTIONS OF NONFERROUS METALS SOCIETY OF CHINA (ENGLISH EDITION),2210-3384;1003-6326,true,,
TRANSACTIONS OF THE AMERICAN FISHERIES SOCIETY,1548-8659;0002-8487,true,,
TRANSACTIONS OF THE AMERICAN MATHEMATICAL SOCIETY,1088-6850;0002-9947,true,,
TAPA,2575-7199;2575-7180,true,,
TRANSACTIONS OF THE ASSOCIATION FOR COMPUTATIONAL LINGUISTICS,2307-387X,true,,
TRANSACTIONS OF THE INSTITUTE OF BRITISH GEOGRAPHERS,1475-5661;0020-2754,true,,
TRANSACTIONS ON EMERGING TELECOMMUNICATIONS TECHNOLOGIES,2161-3915,true,,
TRANSBOUNDARY AND EMERGING DISEASES,1865-1682;1865-1674,true,,
TRANSCRIPTION - AUSTIN,2154-1272;2154-1264,true,,
TRANSFERS - INTERDISCIPLINARY JOURNAL OF MOBILITY STUDIES,2045-4821;2045-4813,true,,
TRANSFORMATION - AN INTERNATIONAL JOURNAL OF HOLISTIC MISSION STUDIES,1759-8931;0265-3788,true,,
TRANSFORMING ANTHROPOLOGY,1548-7466;1051-0559,true,,
"TRANSFORMING GOVERNMENT: PEOPLE, PROCESS AND POLICY",1750-6174;1750-6166,true,,
TRANSFUSION MEDICINE REVIEWS,1532-9496;0887-7963,true,,
TRANSLATION & INTERPRETING - THE INTERNATIONAL JOURNAL OF TRANSLATION AND INTERPRETING,1836-9324,true,,
TRANSLATION AND INTERPRETING STUDIES,1876-2700;1932-2798,true,,
TRANSLATION SPACES(NETHERLAND),2211-372X;2211-3711,true,,
TRANSLATION STUDIES,1751-2921;1478-1700,true,,
TRANSLATIONAL ANIMAL SCIENCE,2573-2102,true,,
TRANSLATIONAL BEHAVIORAL MEDICINE,1613-9860;1869-6716,true,,
TRANSLATIONAL NEURODEGENERATION,2047-9158,true,,
TRANSLATIONAL PEDIATRICS,2224-4344;2224-4336,true,,
TRANSLATIONAL PSYCHIATRY,2158-3188,true,,
TRANSLATIONAL RESEARCH,1878-1810;1931-5244,true,,
TRANSLATIONAL STROKE RESEARCH,1868-601X;1868-4483,true,,
TRANSNATIONAL CORPORATIONS REVIEW,1925-2099;1918-6444,false,2024-07-11,removed from the White List
TRANSNATIONAL ENVIRONMENTAL LAW,2047-1033;2047-1025,true,,
TRANSNATIONAL SCREENS,2578-5273;2578-5265,true,,
TRANSPLANTATION,1534-6080;0041-1337,true,,
TRANSPLANTATION AND CELLULAR THERAPY,2666-6375;2666-6367,true,,
TRANSPLANTATION REVIEWS,1557-9816;0955-470X,true,,
TRANSPORT,1648-4142;1648-3480,true,,
TRANSPORT IN POROUS MEDIA,1573-1634;0169-3913,true,,
TRANSPORT POLICY,1879-310X;0967-070X,true,,
TRANSPORT REVIEWS,1464-5327;0144-1647,true,,
TRANSPORTATION,1572-9435;0049-4488,true,,
TRANSPORTATION GEOTECHNICS,2214-3912,true,,
TRANSPORTATION RESEARCH PART A - POLICY AND PRACTICE,1879-2375;0965-8564,true,,
TRANSPORTATION RESEARCH PART B - METHODOLOGICAL,1879-2367;0191-2615,true,,
"TRANSPORTATION RESEARCH, PART C: EMERGING TECHNOLOGIES",1879-2359;0968-090X,true,,
TRANSPORTATION RESEARCH PART D - TRANSPORT AND ENVIRONMENT,1879-2340;1361-9209,true,,
TRANSPORTATION RESEARCH PART E - LOGISTICS AND TRANSPORTATION REVIEW,1878-5794;1366-5545,true,,
TRANSPORTATION RESEARCH PART F - TRAFFIC PSYCHOLOGY AND BEHAVIOUR,1873-5517;1369-8478,true,,
TRANSPORTATION SAFETY AND ENVIRONMENT,2631-4428;2631-6765,true,,
TRANSPORTATION SCIENCE,0041-1655;1526-5447,true,,
TRANSPORTMETRICA A - TRANSPORT SCIENCE,2324-9943;2324-9935,true,,
TRANSPORTMETRICA B - TRANSPORT DYNAMICS,2168-0582;2168-0566,true,,
"TRAUMA, VIOLENCE AND ABUSE",1552-8324;1524-8380,true,,
TRAUMATOLOGY,1085-9373;1534-7656,true,,
TRAVEL BEHAVIOUR AND SOCIETY,2214-3688;2214-367X,true,,
TRAVEL MEDICINE AND INFECTIOUS DISEASE,1873-0442;1477-8939,false,2024-07-11,removed from the White List
TRAVMATOLOGIYA I ORTOPEDIYA ROSSII|ТРАВМАТОЛОГИЯ И ОРТОПЕДИЯ РОССИИ,2542-0933;2311-2905,true,,
TREE GENETICS AND GENOMES,1614-2950;1614-2942,true,,
TREE PHYSIOLOGY,1758-4469;0829-318X,true,,
TREES - STRUCTURE AND FUNCTION,1432-2285;0931-1890,true,,
TRENDS AND ISSUES IN CRIME AND CRIMINAL JUSTICE,0817-8542;1836-2206,true,,
TRENDS IN BIOCHEMICAL SCIENCES,1362-4326;0968-0004;0167-7640,true,,
TRENDS IN BIOTECHNOLOGY,1879-3096;0167-7799,true,,
TRENDS IN CANCER,2405-8025;2405-8033,true,,
TRENDS IN CARDIOVASCULAR MEDICINE,1873-2615;1050-1738,true,,
TRENDS IN CELL BIOLOGY,1879-3088;0962-8924,true,,
TRENDS IN CHEMISTRY,2589-5974,true,,
TRENDS IN COGNITIVE SCIENCES,1879-307X;1364-6613,true,,
TRENDS IN ECOLOGY AND EVOLUTION,1872-8383;0169-5347,true,,
TRENDS IN ENDOCRINOLOGY AND METABOLISM,1879-3061;1043-2760,true,,
TRENDS IN ENVIRONMENTAL ANALYTICAL CHEMISTRY,2214-1588,true,,
TRENDS IN FOOD SCIENCE AND TECHNOLOGY,1879-3053;0924-2244,true,,
TRENDS IN GENETICS,1362-4555;0168-9525,true,,
TRENDS IN HEARING,2331-2165,true,,
TRENDS IN IMMUNOLOGY,1471-4981;1471-4906,true,,
TRENDS IN MICROBIOLOGY,1878-4380;0966-842X,true,,
TRENDS IN MOLECULAR MEDICINE,1471-499X;1471-4914,true,,
TRENDS IN NEUROSCIENCES,1878-108X;0166-2236,true,,
TRENDS IN ORGANIZED CRIME,1936-4830;1084-4791,true,,
TRENDS IN PARASITOLOGY,1471-5007;1471-4922,true,,
TRENDS IN PHARMACOLOGICAL SCIENCES,1873-3735;0165-6147,true,,
TRENDS IN PLANT SCIENCE,1878-4372;1360-1385,true,,
"TRIBOLOGY - MATERIALS, SURFACES AND INTERFACES",1751-584X;1751-5831,true,,
TRIBOLOGY INTERNATIONAL,1879-2464;0301-679X,true,,
TRIBOLOGY LETTERS,1573-2711;1023-8883,true,,
TROPICAL ANIMAL HEALTH AND PRODUCTION,1573-7438;0049-4747,true,,
TROPICAL CONSERVATION SCIENCE,1940-0829,true,,
"TROPICAL DISEASES, TRAVEL MEDICINE AND VACCINES",2055-0936,true,,
TROPICAL MEDICINE AND INTERNATIONAL HEALTH,1365-3156;1360-2276,true,,
TROPICAL MEDICINE AND HEALTH,1349-4147;1348-8945,true,,
TROPICAL PLANT PATHOLOGY,1983-2052;1982-5676,true,,
TSINGHUA SCIENCE AND TECHNOLOGY,1878-7606;1007-0214,true,,
TUNNELLING AND UNDERGROUND SPACE TECHNOLOGY,1878-4364;0886-7798,true,,
TURCZANINOWIA,1560-7267;1560-7259,true,,
TURK TARIM VE ORMANCILIK DERGISI/TURKISH JOURNAL OF AGRICULTURE AND FORESTRY,1303-6173;1300-011X,true,,
TURKISH JOURNAL OF BIOLOGY,1303-6092;1300-0152,true,,
TURKISH JOURNAL OF EMERGENCY MEDICINE,2452-2473,true,,
TURKISH JOURNAL OF MEDICAL SCIENCES,1303-6165;1300-0144,true,,
TURKISH STUDIES,1743-9663;1468-3849,true,,
TWENTIETH-CENTURY MUSIC,1478-5730;1478-5722,true,,
TWENTIETH CENTURY BRITISH HISTORY,1477-4674;0955-2359,true,,
TWMS JOURNAL OF PURE AND APPLIED MATHEMATICS,2219-1259;2076-2585,true,,
UCHENYE ZAPISKI KAZANSKOGO UNIVERSITETA - SERIYA ESTESTVENNYE NAUKI|УЧЕНЫЕ ЗАПИСКИ КАЗАНСКОГО УНИВЕРСИТЕТА. СЕРИЯ: ЕСТЕСТВЕННЫЕ НАУКИ,2542-064X;2500-218X,true,,
UCLA LAW REVIEW,1943-1724;0041-5650,true,,
UFA MATHEMATICAL JOURNAL|УФИМСКИЙ МАТЕМАТИЧЕСКИЙ ЖУРНАЛ,2304-0122;2074-1871;2074-1863,true,,
ULTRAMICROSCOPY,1879-2723;0304-3991,true,,
ULTRASCHALL IN DER MEDIZIN,1438-8782;0172-4614,true,,
ULTRASONICS,1874-9968;0041-624X,true,,
ULTRASONICS SONOCHEMISTRY,1873-2828;1350-4177,false,2024-07-11,removed from the White List
ULTRASONOGRAPHY,2288-5943;2288-5919,true,,
ULTRASOUND IN MEDICINE AND BIOLOGY,1879-291X;0301-5629,true,,
ULTRASOUND IN OBSTETRICS AND GYNECOLOGY,1469-0705;0960-7692,true,,
ULTRASOUND INTERNATIONAL OPEN,2509-596X;2199-7152,true,,
ULTRASOUND JOURNAL,2524-8987,true,,
UNDERGROUND SPACE (CHINA),2467-9674;2096-2754,true,,
UNITED EUROPEAN GASTROENTEROLOGY JOURNAL,2050-6414;2050-6406,true,,
UNIVERSAL ACCESS IN THE INFORMATION SOCIETY,1615-5297;1615-5289,true,,
UNIVERSITY OF CHICAGO LAW REVIEW,0041-9494,true,,
UNIVERSITY OF PENNSYLVANIA LAW REVIEW,0041-9907,true,,
UNIVERSITY OF TORONTO LAW JOURNAL,1710-1174;0042-0220,true,,
UNIVERSITY OF TORONTO QUARTERLY,1712-5278;0042-0247,true,,
UNMANNED SYSTEMS,2301-3869;2301-3850,true,,
UPRAVLENETS - THE MANAGER|УПРАВЛЕНЕЦ,2218-5003,true,,
UPSALA JOURNAL OF MEDICAL SCIENCES,2000-1967;0300-9734,true,,
URBAN AFFAIRS REVIEW,1552-8332;1078-0874,true,,
URBAN CLIMATE,2212-0955,true,,
URBAN DESIGN INTERNATIONAL,1468-4519;1357-5317,true,,
URBAN ECOSYSTEMS,1573-1642;1083-8155,true,,
URBAN EDUCATION,1552-8340;0042-0859,true,,
URBAN FORESTRY AND URBAN GREENING,1610-8167;1618-8667,true,,
URBAN GEOGRAPHY,1938-2847;0272-3638,true,,
URBAN HISTORY,1469-8706;0963-9268,true,,
URBAN MORPHOLOGY,1027-4278,true,,
URBAN POLICY AND RESEARCH,1476-7244;0811-1146,true,,
URBAN RAIL TRANSIT,2199-6687;2199-6679,true,,
URBAN RESEARCH AND PRACTICE,1753-5077;1753-5069,true,,
URBAN SCIENCE,2413-8851,true,,
URBAN STUDIES,1360-063X;0042-0980,true,,
UROLITHIASIS,2194-7236;2194-7228,true,,
USER MODELLING AND USER - ADAPTED INTERACTION,1573-1391;0924-1868,true,,
UTILITAS,1741-6183;0953-8208,true,,
UTILITIES POLICY,1878-4356;0957-1787,true,,
VACUUM,1879-2715;0042-207X,true,,
VADOSE ZONE JOURNAL,1539-1663,true,,
VALUE IN HEALTH,1524-4733;1098-3015,true,,
VANDERBILT LAW REVIEW,1942-9886;0042-2533,true,,
VASCULAR HEALTH AND RISK MANAGEMENT,1178-2048;1176-6344,true,,
VASCULAR MEDICINE,1477-0377,true,,
VASCULAR PHARMACOLOGY,1879-3649;1537-1891,true,,
ВАВИЛОВСКИЙ ЖУРНАЛ ГЕНЕТИКИ И СЕЛЕКЦИИ,2500-3259;2500-0462,true,,
VEGETATION HISTORY AND ARCHAEOBOTANY,1617-6278;0939-6314,true,,
VEHICLE SYSTEM DYNAMICS,1744-5159;0042-3114,true,,
VEHICULAR COMMUNICATIONS,2214-2096,true,,
VENTURE CAPITAL,1464-5343;1369-1066,true,,
VERNACULAR ARCHITECTURE,1749-6292;0305-5477,true,,
VERTEBRATE ZOOLOGY,2625-8498;1864-5755,true,,
VESTNIK DREVNEI ISTORII - JOURNAL OF ANCIENT HISTORY|ВЕСТНИК ДРЕВНЕЙ ИСТОРИИ,0321-0391,true,,
"VESTNIK MEZHDUNARODNYKH ORGANIZATSII - INTERNATIONAL ORGANISATIONS RESEARCH JOURNAL|ВЕСТНИК МЕЖДУНАРОДНЫХ ОРГАНИЗАЦИЙ: ОБРАЗОВАНИЕ, НАУКА, НОВАЯ ЭКОНОМИКА",1996-7845;2542-2081,true,,
VESTNIK MOSKOVSKOGO UNIVERSITETA. SERIYA 10. ZHURNALISTIKA|ВЕСТНИК МОСКОВСКОГО УНИВЕРСИТЕТА. СЕРИЯ 10: ЖУРНАЛИСТИКА,0320-8079;2658-3526,true,,
VESTNIK OF SAINT PETERSBURG UNIVERSITY - LAW - VESTNIK SANKT-PETERBURGSKOGO UNIVERSITETA - PRAVO|ВЕСТНИК САНКТ-ПЕТЕРБУРГСКОГО УНИВЕРСИТЕТА. ПРАВО,2587-5833;2074-1243,true,,
VESTNIK PERMSKOGO UNIVERSITETA - ISTORIYA - PERM UNIVERSITY HERALD - HISTORY|ВЕСТНИК ПЕРМСКОГО УНИВЕРСИТЕТА. ИСТОРИЯ,2219-3111,true,,
VESTNIK PRAVOSLAVNOGO SVYATO-TIKHONOVSKOGO GUMANITARNOGO UNIVERSITETA - SERIYA I - BOGOSLOVIE - FILOSOFIYA - RELIGIOVEDENIE|ВЕСТНИК ПРАВОСЛАВНОГО СВЯТО-ТИХОНОВСКОГО ГУМАНИТАРНОГО УНИВЕРСИТЕТА. СЕРИЯ 1: БОГОСЛОВИЕ. ФИЛОСОФИЯ. РЕЛИГИОВЕДЕНИЕ,2409-4692;1991-640X,true,,
VESTNIK SAMARSKOGO GOSUDARSTVENNOGO TEKHNICHESKOGO UNIVERSITETA - SERIYA - FIZIKO-MATEMATICHESKIYE NAUKI|ВЕСТНИК САМАРСКОГО ГОСУДАРСТВЕННОГО ТЕХНИЧЕСКОГО УНИВЕРСИТЕТА. СЕРИЯ: ФИЗИКО-МАТЕМАТИЧЕСКИЕ НАУКИ,2310-7081;1991-8615,true,,
VESTNIK SANKT-PETERBURGSKOGO UNIVERSITETA - EKONOMIKA - ST PETERSBURG UNIVERSITY JOURNAL OF ECONOMIC STUDIES|ВЕСТНИК САНКТ-ПЕТЕРБУРГСКОГО УНИВЕРСИТЕТА. ЭКОНОМИКА,2542-226X;1026-356X,true,,
ВЕСТНИК САНКТ-ПЕТЕРБУРГСКОГО УНИВЕРСИТЕТА. ФИЛОСОФИЯ И КОНФЛИКТОЛОГИЯ,2542-2278;2541-9382,true,,
VESTNIK SANKT-PETERBURGSKOGO UNIVERSITETA - ISKUSSTVOVEDENIE|ВЕСТНИК САНКТ-ПЕТЕРБУРГСКОГО УНИВЕРСИТЕТА. ИСКУССТВОВЕДЕНИЕ,2542-2243;2221-3007,true,,
VESTNIK SANKT-PETERBURGSKOGO UNIVERSITETA - ISTORIYA|ВЕСТНИК САНКТ-ПЕТЕРБУРГСКОГО УНИВЕРСИТЕТА. ИСТОРИЯ,1812-9323;2541-9390,true,,
VESTNIK SANKT-PETERBURGSKOGO UNIVERSITETA - YAZYK I LITERATURA|ВЕСТНИК САНКТ-ПЕТЕРБУРГСКОГО УНИВЕРСИТЕТА. ЯЗЫК И ЛИТЕРАТУРА,2541-9366;2541-9358,true,,
VESTNIK TRANSPLANTOLOGII I ISKUSSTVENNYKH ORGANOV|ВЕСТНИК ТРАНСПЛАНТОЛОГИИ И ИСКУССТВЕННЫХ ОРГАНОВ,2412-6160;1995-1191,true,,
VESTNIK UGROVEDENIYA - BULLETIN OF UGRIC STUDIES|ВЕСТНИК УГРОВЕДЕНИЯ,2587-9766;2220-4156,true,,
VESTNIK VOLGOGRADSKOGO GOSUDARSTVENNOGO UNIVERSITETA - SERIYA 2 - YAZYKOZNANIE|ВЕСТНИК ВОЛГОГРАДСКОГО ГОСУДАРСТВЕННОГО УНИВЕРСИТЕТА. СЕРИЯ 2: ЯЗЫКОЗНАНИЕ,2409-1979;1998-9911,true,,
VETERINARY AND ANIMAL SCIENCE,2451-943X,false,2024-07-11,removed from the White List
VETERINARY AND COMPARATIVE ONCOLOGY,1476-5810;1476-5829,true,,
VETERINARY CLINICS OF NORTH AMERICA - EQUINE PRACTICE,1558-4224;0749-0739,true,,
VETERINARY CLINICS OF NORTH AMERICA - FOOD ANIMAL PRACTICE,1558-4240;0749-0720,true,,
VETERINARY CLINICS OF NORTH AMERICA - SMALL ANIMAL PRACTICE,1878-1306;0195-5616,true,,
VETERINARY IMMUNOLOGY AND IMMUNOPATHOLOGY,1873-2534;0165-2427,true,,
VETERINARY JOURNAL,1532-2971;1090-0233,true,,
VETERINARY MEDICINE - RESEARCH AND REPORTS,2230-2034,true,,
VETERINARY MICROBIOLOGY,1873-2542;0378-1135,true,,
VETERINARY PARASITOLOGY,1873-2550;0304-4017,true,,
VETERINARY PARASITOLOGY - REGIONAL STUDIES AND REPORTS,2405-9390,true,,
VETERINARY PATHOLOGY,1544-2217;0300-9858,true,,
VETERINARY QUARTERLY,1875-5941,true,,
VETERINARY RECORD,2042-7670;0042-4900,true,,
VETERINARY RECORD OPEN,2399-2050;2052-6113,true,,
VETERINARY RESEARCH,1297-9716;0928-4249,true,,
VETERINARY RESEARCH COMMUNICATIONS,1573-7446;0165-7380,true,,
VETERINARY SCIENCES,2306-7381,true,,
VIAL - VIGO INTERNATIONAL JOURNAL OF APPLIED LINGUISTICS,1697-0381,true,,
VICTIMS AND OFFENDERS,1556-4991;1556-4886,true,,
VICTORIAN LITERATURE AND CULTURE,1470-1553;1060-1503,true,,
VICTORIAN PERIODICALS REVIEW,1712-526X;0709-4698,true,,
VICTORIAN STUDIES,1527-2052;0042-5222,true,,
VIEW,2688-3988;2688-268X,true,,
VINE JOURNAL OF INFORMATION AND KNOWLEDGE MANAGEMENT SYSTEMS,2059-5891,true,,
VIOLENCE AGAINST WOMEN,1552-8448;1077-8012,true,,
VIOLENCE AND GENDER,2326-7852;2326-7836,true,,
VIOLENCE AND VICTIMS,1945-7073;0886-6708,true,,
VIRCHOWS ARCHIV,1432-2307;0945-6317,true,,
VIRGINIA LAW REVIEW,0042-6601,true,,
VIROLOGICA SINICA,1995-820X;1674-0769,true,,
VIRTUAL AND PHYSICAL PROTOTYPING,1745-2767;1745-2759,true,,
VIRTUAL ARCHAEOLOGY REVIEW,1989-9947,true,,
VIRTUAL REALITY,1434-9957;1359-4338,true,,
VIRULENCE,2150-5608;2150-5594,true,,
VIRUS RESEARCH,1872-7492;0168-1702,false,2024-07-11,removed from the White List
VISUAL COMMUNICATION,1741-3214;1470-3572,true,,
"VISUAL COMPUTING FOR INDUSTRY, BIOMEDICINE, AND ART",2524-4442;2096-496X,true,,
VISUAL INFORMATICS,2468-502X;2543-2656,true,,
VISUAL NEUROSCIENCE,1469-8714;0952-5238,true,,
VISUAL RESOURCES,1477-2809;0197-3762,true,,
VISUAL STUDIES,1472-5878;1472-586X,true,,
VIVARIUM - AN INTERNATIONAL JOURNAL FOR THE PHILOSOPHY AND INTELLECTUAL LIFE OF THE MIDDLE AGES AND RENAISSANCE,1568-5349;0042-7543,true,,
VIZANTIISKII VREMENNIK|ВИЗАНТИЙСКИЙ ВРЕМЕННИК,0132-3776,true,,
VLDB JOURNAL,1066-8888;0949-877X,true,,
VOCATIONS AND LEARNING,1874-7868;1874-785X,true,,
VOICE AND SPEECH REVIEW,2326-8271;2326-8263,true,,
"VESTNIK VOLGOGRADSKOGO GOSUDARSTVENNOGO UNIVERSITETA, SERIIA 4: ISTORIIA, REGIONOVEDENIE, MEZHDUNARODNYE OTNOSHENIIA|ВЕСТНИК ВОЛГОГРАДСКОГО ГОСУДАРСТВЕННОГО УНИВЕРСИТЕТА. СЕРИЯ 4: ИСТОРИЯ. РЕГИОНОВЕДЕНИЕ. МЕЖДУНАРОДНЫЕ ОТНОШЕНИЯ",2312-8704;1998-9938,true,,
VOLUNTAS,1573-7888;0957-8765,true,,
VOPROSY EKONOMIKI|ВОПРОСЫ ЭКОНОМИКИ,0042-8736,true,,
VOPROSY FILOSOFII|ВОПРОСЫ ФИЛОСОФИИ,0042-8744,true,,
VOPROSY GOSUDARSTVENNOGO I MUNITSIPALNOGO UPRAVLENIYA - PUBLIC ADMINISTRATION ISSUES|ВОПРОСЫ ГОСУДАРСТВЕННОГО И МУНИЦИПАЛЬНОГО УПРАВЛЕНИЯ,1999-5431;2409-5095,true,,
VOPROSY OBRAZOVANIYA / EDUCATIONAL STUDIES MOSCOW|ВОПРОСЫ ОБРАЗОВАНИЯ,1814-9545;2412-4354,true,,
VOPROSY ONOMASTIKI - PROBLEMS OF ONOMASTICS|ВОПРОСЫ ОНОМАСТИКИ,1994-2451;1994-2400,true,,
VOPROSY PSIKHOLOGII|ВОПРОСЫ ПСИХОЛОГИИ,0042-8841,true,,
VOPROSY JAZYKOZNANIJA|ВОПРОСЫ ЯЗЫКОЗНАНИЯ,0373-658X,true,,
VULNERABLE CHILDREN AND YOUTH STUDIES,1745-0136;1745-0128,true,,
WALLACE STEVENS JOURNAL,2160-0570;0148-7132,true,,
WAR & SOCIETY,2042-4345;0729-2473,true,,
WASHINGTON QUARTERLY,1530-9177;0163-660X,true,,
WASTE MANAGEMENT,1879-2456;0956-053X,true,,
WASTE MANAGEMENT AND RESEARCH,1096-3669;0734-242X,true,,
WATER (SWITZERLAND),2073-4441,true,,
WATER INTERNATIONAL,1941-1707;0250-8060,true,,
WATER RESEARCH,1879-2448;0043-1354,true,,
WATER RESEARCH X,2589-9147,false,2024-07-11,removed from the White List
WATER RESOURCES AND ECONOMICS,2212-4284,true,,
WATER RESOURCES AND INDUSTRY,2212-3717,false,2024-07-11,removed from the White List
WATER RESOURCES MANAGEMENT,1573-1650;0920-4741,true,,
WATER RESOURCES RESEARCH,1944-7973;0043-1397,true,,
WATER REUSE,2709-6106;2709-6092,true,,
WATER SCIENCE AND ENGINEERING,2405-8106;1674-2370,true,,
WEAR,1873-2577;0043-1648,true,,
WEATHER AND CLIMATE EXTREMES,2212-0947,false,2024-07-11,removed from the White List
WEED RESEARCH,1365-3180;0043-1737,true,,
WEED SCIENCE,1550-2759;0043-1745,true,,
"WELDING IN THE WORLD, LE SOUDAGE DANS LE MONDE",1878-6669;0043-2288,true,,
WESTERN EUROPEAN POLITICS,1743-9655;0140-2382,true,,
WESTERN AMERICAN LITERATURE,1948-7142;0043-3462,true,,
WESTERN FOLKLORE,0043-373X,true,,
WESTERN JOURNAL OF EMERGENCY MEDICINE,1936-9018;1936-900X,true,,
WESTERN JOURNAL OF NURSING RESEARCH,1552-8456;0193-9459,true,,
WILDLIFE MONOGRAPHS,1938-5455;0084-0173,true,,
WILEY INTERDISCIPLINARY REVIEWS - CLIMATE CHANGE,1757-7799;1757-7780,true,,
WILEY INTERDISCIPLINARY REVIEWS - COGNITIVE SCIENCE,1939-5086;1939-5078,true,,
WILEY INTERDISCIPLINARY REVIEWS - COMPUTATIONAL MOLECULAR SCIENCE,1759-0884;1759-0876,true,,
WILEY INTERDISCIPLINARY REVIEWS - COMPUTATIONAL STATISTICS,1939-0068;1939-5108,true,,
WILEY INTERDISCIPLINARY REVIEWS - DATA MINING AND KNOWLEDGE DISCOVERY,1942-4795;1942-4787,true,,
WILEY INTERDISCIPLINARY REVIEWS - ENERGY AND ENVIRONMENT,2041-840X;2041-8396,true,,
WILEY INTERDISCIPLINARY REVIEWS - NANOMEDICINE AND NANOBIOTECHNOLOGY,1939-5116;1939-0041,true,,
WILEY INTERDISCIPLINARY REVIEWS - RNA,1757-7012;1757-7004,true,,
WILEY INTERDISCIPLINARY REVIEWS - WATER,2049-1948,true,,
WILLIAM AND MARY QUARTERLY,1933-7698;0043-5597,true,,
WILLIAM CARLOS WILLIAMS REVIEW,1935-0244;0196-6286,true,,
WIND ENERGY SCIENCE,2366-7451;2366-7443,true,,
WINTERTHUR PORTFOLIO - A JOURNAL OF AMERICAN MATERIAL CULTURE,1545-6927;0084-0416,true,,
WIRELESS PERSONAL COMMUNICATIONS,1572-834X;0929-6212,true,,
WIRES MECHANISMS OF DISEASE,2692-9368,true,,
WOMEN - A CULTURAL REVIEW,1470-1367;0957-4042,true,,
WOMEN AND BIRTH,1878-1799;1871-5192,true,,
WOMEN'S HEALTH,1745-5065;1745-5057,true,,
WOMEN'S HEALTH ISSUES,1878-4321;1049-3867,true,,
WOMEN'S HISTORY REVIEW,1747-583X;0961-2025,true,,
WOMEN'S STUDIES IN COMMUNICATION,2152-999X;0749-1409,true,,
WOMEN'S STUDIES INTERNATIONAL FORUM,1879-243X;0277-5395,true,,
WOOD AND FIBER SCIENCE,0735-6161,true,,
WOOD MATERIAL SCIENCE AND ENGINEERING,1748-0280;1748-0272,true,,
WOOD SCIENCE AND TECHNOLOGY,1432-5225;0043-7719,true,,
WORD STRUCTURE,1755-2036;1750-1245,true,,
"WORK, AGING AND RETIREMENT",2054-4642;2054-4650,true,,
WORK AND OCCUPATIONS,1552-8464;0730-8884,true,,
WORK AND STRESS,1464-5335;0267-8373,true,,
"WORK, EMPLOYMENT AND SOCIETY",1469-8722;0950-0170,true,,
WORKPLACE HEALTH AND SAFETY,2165-0969;2165-0799,true,,
WORLD ARCHAEOLOGY,1470-1375;0043-8243,true,,
WORLD BANK ECONOMIC REVIEW,1564-698X;0258-6770,true,,
WORLD BANK RESEARCH OBSERVER,1564-6971;0257-3032,true,,
WORLD DEVELOPMENT,1873-5991;0305-750X,true,,
WORLD DEVELOPMENT PERSPECTIVES,2452-2929,true,,
WORLD ECONOMY,1467-9701;0378-5920,true,,
WORLD ENGLISHES,1467-971X;0883-2919,true,,
WORLD JOURNAL OF BIOLOGICAL PSYCHIATRY,1814-1412;1562-2975,true,,
WORLD JOURNAL OF EMERGENCY SURGERY,1749-7922,true,,
WORLD JOURNAL OF GASTROENTEROLOGY,2219-2840;1007-9327,true,,
WORLD JOURNAL OF MEN'S HEALTH,2287-4690;2287-4208,true,,
WORLD JOURNAL OF ONCOLOGY,1920-454X;1920-4531,true,,
WORLD JOURNAL OF PEDIATRICS,1867-0687;1708-8569,true,,
WORLD JOURNAL OF SURGERY,1432-2323;0364-2313,true,,
WORLD JOURNAL OF SURGICAL ONCOLOGY,1477-7819,true,,
WORLD JOURNAL OF UROLOGY,1433-8726;0724-4983,true,,
WORLD MEDICAL AND HEALTH POLICY,1948-4682;2153-2028,true,,
WORLD MYCOTOXIN JOURNAL,1875-0796;1875-0710,true,,
WORLD NEUROSURGERY,1878-8769;1878-8750,true,,
WORLD POLITICS,1086-3338;0043-8871,true,,
WORLD PSYCHIATRY,2051-5545;1723-8617,true,,
WORLD RABBIT SCIENCE,1989-8886;1257-5011,true,,
WORLD TRADE REVIEW,1475-3138;1474-7456,true,,
WORLD WIDE WEB-INTERNET AND WEB INFORMATION SYSTEMS,1573-1413;1386-145X,true,,
WORLD'S POULTRY SCIENCE JOURNAL,1743-4777;0043-9339,true,,
WORLDVIEWS - GLOBAL RELIGIONS CULTURE AND ECOLOGY,1568-5357;1363-5247,true,,
WORLDVIEWS ON EVIDENCE-BASED NURSING,1741-6787;1545-102X,true,,
WOUND REPAIR AND REGENERATION,1524-475X;1067-1927,true,,
WRITTEN COMMUNICATION,1552-8472;0741-0883,true,,
XENOTRANSPLANTATION,1399-3089;0908-665X,true,,
YALE JOURNAL OF BIOLOGY AND MEDICINE,1551-4056;0044-0086,false,2025-07-11,removed from the White List
YALE JOURNAL ON REGULATION,2376-5925;0741-9457,false,2025-07-11,removed from the White List
YALE LAW JOURNAL,1939-8611;0044-0094,false,2025-07-11,removed from the White List
YALE REVIEW,1467-9736;0044-0124,false,2025-07-11,removed from the White List
YEARBOOK FOR TRADITIONAL MUSIC,2304-3857;0740-1558,true,,
YEAST,1097-0061;0749-503X,true,,
YONSEI MEDICAL JOURNAL,1976-2437;0513-5796,true,,
YOUNG,1741-3222;1103-3088,true,,
YOUNG CONSUMERS,1758-7212;1747-3616,true,,
YOUTH AND SOCIETY,1552-8499;0044-118X,true,,
YOUTH JUSTICE - AN INTERNATIONAL JOURNAL,1747-6283;1473-2254,true,,
YOUTH VIOLENCE AND JUVENILE JUSTICE,1556-9330;1541-2040,true,,
ZBORNIK INSTITUTA ZA PEDAGOSKA ISTRAZIVANJA,1820-9270;0579-6431,true,,
ZDM - INTERNATIONAL JOURNAL ON MATHEMATICS EDUCATION,1863-9704;1863-9690,true,,
ZEBRAFISH,1557-8542;1545-8547,true,,
ZEITSCHRIFT FUR ANGLISTIK UND AMERIKANISTIK,2196-4726;0044-2305,true,,
ZEITSCHRIFT FUR ANTIKES CHRISTENTUM - JOURNAL OF ANCIENT CHRISTIANITY,1612-961X;0949-9571,true,,
ZEITSCHRIFT FUR DIE ALTTESTAMENTLICHE WISSENSCHAFT,1613-0103;0044-2526,true,,
ZEITSCHRIFT FUR KATALANISTIK,0932-2221,true,,
ZEITSCHRIFT FÜR MEDIZINISCHE PHYSIK,1876-4436;0939-3889,false,2024-07-11,removed from the White List
ZEITSCHRIFT FÜR SOZIOLOGIE,2366-0325;0340-1804,true,,
ZFW-ADVANCES IN ECONOMIC GEOGRAPHY,2748-1964;2748-1956,true,,
ZEMDIRBYSTE - AGRICULTURE,1392-3196,true,,
ZHURNAL FRONTIRNYKH ISSLEDOVANII - JOURNAL OF FRONTIER STUDIES|ЖУРНАЛ ФРОНТИРНЫХ ИССЛЕДОВАНИЙ,2500-0225,true,,
ZHURNAL OBSHCHEI BIOLOGII|ЖУРНАЛ ОБЩЕЙ БИОЛОГИИ,0044-4596,true,,
ZHURNAL VYSSHEI NERVNOI DEYATELNOSTI IMENI I.P. PAVLOVA|ЖУРНАЛ ВЫСШЕЙ НЕРВНОЙ ДЕЯТЕЛЬНОСТИ ИМ. И.П. ПАВЛОВА,0044-4677,true,,
ZOOKEYS,1313-2989;1313-2970,true,,
ZOOLOGICA SCRIPTA,0300-3256,true,,
ZOOLOGICAL JOURNAL OF THE LINNEAN SOCIETY,1096-3642;0024-4082,true,,
ZOOLOGICAL LETTERS,2056-306X,true,,
ZOOLOGICAL RESEARCH,2095-8137,true,,
ZOOLOGICAL STUDIES,1810-522X;1021-5506,true,,
ZOOLOGICHESKII ZHURNAL|ЗООЛОГИЧЕСКИЙ ЖУРНАЛ,0044-5134,true,,
ZOOLOGISCHER ANZEIGER,0044-5231,true,,
ZOOLOGY,1873-2720;0944-2006,true,,
ZOONOSES AND PUBLIC HEALTH,1863-2378;1863-1959,true,,
ZOOSYSTEMATICS AND EVOLUTION,1860-0743,true,,
ZYGON,1467-9744;0591-2385,true,,
A/B: AUTO/BIOGRAPHY STUDIES,0898-9575;2151-7290,true,,
A&#124;Z ITU JOURNAL OF FACULTY OF ARCHITECTURE,2564-7571;2564-7474,true,,
ABAC JOURNAL,0858-0855,true,,
ABIOTECH,2662-1738;2096-6326,true,,
ACARINA,2221-5115;0132-8077,true,,
ACS COMBINATORIAL SCIENCE,2156-8952;2156-8944,true,,
ACTA BIOLOGICA SIBIRICA,2412-1908,true,,
ACTA BIOMEDICA SCIENTIFICA (EAST SIBERIAN BIOMEDICAL JOURNAL),2587-9596;2541-9420,true,,
ECOLOGICAL FRONTIERS,2950-5097,true,,
ACTA GEOGRAPHICA SINICA,0375-5444,true,,
ACTA HISTORIAE ARTIS SLOVENICA,1408-0419,true,,
ACTA LINGUISTICA PETROPOLITANA|ACTA LINGUISTICA PETROPOLITANA. ТРУДЫ ИНСТИТУТА ЛИНГВИСТИЧЕСКИХ ИССЛЕДОВАНИЙ,2658-4069;2306-5737,true,,
ADDICTIVE BEHAVIORS REPORTS,2352-8532,false,2024-07-11,removed from the White List
ADMINISTRATIE SI MANAGEMENT PUBLIC,2559-6489;1583-9583,true,,
ADMINISTRATIVE THEORY AND PRAXIS,1949-0461;1084-1806,true,,
ADVANCED INDUSTRIAL AND ENGINEERING POLYMER RESEARCH,2542-5048,true,,
ADVANCED MODELING AND SIMULATION IN ENGINEERING SCIENCES,2213-7467,true,,
ADVANCED STRUCTURAL AND CHEMICAL IMAGING,2198-0926,true,,
ADVANCES IN BIOINFORMATICS,1687-8035;1687-8027,true,,
ADVANCES IN GEO-ENERGY RESEARCH,2208-598X;2207-9963,true,,
ADVANCES IN PARASITOLOGY,0065-308X,true,,
AFRICAN AND BLACK DIASPORA,1752-8631,true,,
AFRICAN IDENTITIES,1472-5851;1472-5843,true,,
"AFRICAN JOURNAL OF HOSPITALITY, TOURISM AND LEISURE",2223-814X,true,,
AGBIOFORUM,1522-936X,true,,
AGRARIAN SOUTH-JOURNAL OF POLITICAL ECONOMY,2321-0281;2277-9760,true,,
AGRICULTURE AND FOOD SECURITY,2048-7010,true,,
AGRONOMY RESEARCH,1406-894X,true,,
AGYPTEN UND LEVANTE,1015-5104,true,,
AHURI FINAL REPORT,1834-7223,true,,
AICCM BULLETIN,1034-4233,true,,
AJOB EMPIRICAL BIOETHICS,2329-4523;2329-4515,true,,
AJOB NEUROSCIENCE,2150-7759;2150-7740,true,,
AKUSHERSTVO I GINEKOLOGIYA (RUSSIAN FEDERATION)|АКУШЕРСТВО И ГИНЕКОЛОГИЯ,0300-9092;2412-5679,true,,
ALLELOPATHY JOURNAL,0971-4693,true,,
ALPINE AND MEDITERRANEAN QUATERNARY,2279-7335;2279-7327,true,,
AMERICAN ARCHIVIST,0360-9081,true,,
AMERICAN SOCIETY OF CLINICAL ONCOLOGY EDUCATIONAL BOOK / ASCO. AMERICAN SOCIETY OF CLINICAL ONCOLOGY. MEETING,1548-8748;1548-8756,true,,
AMPERSAND,2215-0390,false,2024-07-11,removed from the White List
AMS REVIEW,1869-8182;1869-814X,true,,
ANALELE UNIVERSITATII DIN CRAIOVA - SERIA ISTORIE,1224-5704,true,,
ANALISIS POLITICO,0121-4705,true,,
ANALYSE UND KRITIK,0171-5860,true,,
ANALYSIS AND METAPHYSICS,1584-8574,true,,
ANCIENT PHILOSOPHY,2154-4689;0740-2007,true,,
ANCIENT SOCIETY,1783-1334;0066-1619,true,,
ANIMAL GENE,2352-4065,true,,
ANIMAL MIGRATION,2084-8838,true,,
ANNALES,0395-2649,true,,
ANNALS OF CLINICAL AND EXPERIMENTAL NEUROLOGY|АННАЛЫ КЛИНИЧЕСКОЙ И ЭКСПЕРИМЕНТАЛЬНОЙ НЕВРОЛОГИИ,2409-2533;2075-5473,true,,
ANNALS OF CRITICAL CARE|ВЕСТНИК ИНТЕНСИВНОЙ ТЕРАПИИ ИМЕНИ А.И. САЛТАНОВА,1818-474X;1726-9806,true,,
ANNALS OF DATA SCIENCE,2198-5812;2198-5804,true,,
ANNALS OF HPB SURGERY|АННАЛЫ ХИРУРГИЧЕСКОЙ ГЕПАТОЛОГИИ,2408-9524;1995-5464,true,,
ANNALS OF SILVICULTURAL RESEARCH,2284-354X,true,,
ANNALS OF THE INTERNATIONAL COMMUNICATION ASSOCIATION,2380-8985;2380-8977,true,,
ANNALS OF THE NAPRSTEK MUSEUM,2533-5685;0231-844X,true,,
ANTHROPOLOGICA,0003-5459,true,,
ANTHROPOLOGY AND HUMANISM,1559-9167;1548-1409,true,,
ANTIBIOTIKI I KHIMIOTERAPIYA|АНТИБИОТИКИ И ХИМИОТЕРАПИЯ,0235-2990,true,,
ANTIKE KUNST,0003-5688,true,,
ANTIPODA,2011-4273;1900-5407,true,,
ANTIVIRAL CHEMISTRY AND CHEMOTHERAPY,0956-3202,true,,
ANTROPOLOGICHESKIJ FORUM|АНТРОПОЛОГИЧЕСКИЙ ФОРУМ,1815-8889;1815-8870,true,,
APPLIED ADHESION SCIENCE,2196-4351,true,,
APPLIED COMPUTING AND INFORMATICS,2634-1964;2210-8327,true,,
APPLIED ECONOMETRICS|ПРИКЛАДНАЯ ЭКОНОМЕТРИКА,2410-6445;1993-7601,true,,
APPLIED IN VITRO TOXICOLOGY,2332-1539;2332-1512,true,,
APPLIED MOBILITIES,2380-0135;2380-0127,true,,
APPLIED SET-VALUED ANALYSIS AND OPTIMIZATION,2562-7783;2562-7775,true,,
AQUACULTURE AND FISHERIES,2468-550X;2096-1758,true,,
ARAB JOURNAL OF BASIC AND APPLIED SCIENCES,2576-5299,true,,
ARBORICULTURAL JOURNAL,0307-1375,true,,
ARCHIVES OF DESIGN RESEARCH,2288-2987;1226-8046,true,,
ARCTIC REVIEW ON LAW AND POLITICS,1891-6252;2387-4562,true,,
ARCTOA,0131-1379,true,,
ARKHIV PATOLOGII|АРХИВ ПАТОЛОГИИ,0004-1955;2309-1266,true,,
ARKTIKA: EKOLOGIA I EKONOMIKA|АРКТИКА: ЭКОЛОГИЯ И ЭКОНОМИКА,2223-4594,true,,
ARRAY,2590-0056,false,2024-07-11,removed from the White List
ART EDUCATION,2325-5161;0004-3125,true,,
ARTERIAL HYPERTENSION (RUSSIAN FEDERATION)|АРТЕРИАЛЬНАЯ ГИПЕРТЕНЗИЯ,2411-8524;1607-419X,true,,
ARTIFACT,1749-3471;1749-3463,true,,
ARTIFICIAL INTELLIGENCE IN AGRICULTURE,2589-7217,true,,
ARTS EDUCATION POLICY REVIEW,1940-4395;1063-2913,true,,
ASIA-PACIFIC SOCIAL SCIENCE REVIEW,0119-8386,true,,
ASIA PACIFIC FAMILY MEDICINE,1447-056X;1444-1683,true,,
ASIAN JOURNAL OF PEACEBUILDING,2288-2707;2288-2693,true,,
ASIAN MEDICINE,1573-4218;1573-420X,true,,
ASIAN PACIFIC JOURNAL OF REPRODUCTION,2305-0519;2305-0500,true,,
ASIAN SECURITY,1555-2764;1479-9855,true,,
ASTRODYNAMICS,2522-008X;2522-0098,true,,
AUSTRALASIAN JOURNAL OF POPULAR CULTURE,2045-5860;2045-5852,true,,
AUSTRALIAN JOURNAL OF HUMAN RIGHTS,2573-573X;1323-238X,true,,
ADVANCES IN SOUTHEAST ASIAN STUDIES,2791-531X,true,,
AVS QUANTUM SCIENCE,2639-0213,true,,
BALTIC LINGUISTICS,2081-7533,true,,
BANKS AND BANK SYSTEMS,1991-7074;1816-7403,true,,
BEHAVIORMETRIKA,0385-7417,true,,
BELLATERRA JOURNAL OF TEACHING AND LEARNING LANGUAGE AND LITERATURE,2013-6196,true,,
BIG DATA MINING AND ANALYTICS,2096-0654,true,,
BIOLOGICAL COMMUNICATIONS,2587-5779;2542-2154,true,,
BIOMATH,1314-7218;1314-684X,true,,
BIOMEDICAL GLASSES,2299-3932,true,,
BIOMEDICAL PHOTONICS,2413-9432,true,,
БИОМЕДИЦИНСКАЯ ХИМИЯ,2310-6972;2310-6905,true,,
BIOMOLECULAR CONCEPTS,1868-503X;1868-5021,true,,
BIOPHYSICAL REVIEWS,1867-2469;1867-2450,true,,
BIOPRINTING,2405-8866,true,,
BIORESEARCH OPEN ACCESS,2164-7844;2164-7860,true,,
BIORESOURCE TECHNOLOGY REPORTS,2589-014X,true,,
BIOSAFETY AND HEALTH,2590-0536,false,2024-07-11,removed from the White List
BIOSENSORS AND BIOELECTRONICS: X,2590-1370,false,2024-07-11,removed from the White List
BIOTECHNOLOGY REPORTS,2215-017X,false,2024-07-11,removed from the White List
BIOTEKHNOLOGIYA|БИОТЕХНОЛОГИЯ,2500-2341;0234-2758,true,,
BMC BIOPHYSICS,2046-1682,true,,
BMC PROCEEDINGS,1753-6561,true,,
BMJ OPEN SCIENCE,2398-8703,true,,
BODENKULTUR,2719-5430;0006-5471,true,,
BOLETIMDO MUSEU PARAENSE EMILIO GOELDI:CIENCIAS HUMANAS,1981-8122,true,,
BOLETIN CIENTIFICO DEL CENTRO DE MUSEOS,0123-3068,true,,
BOLETIN DE FILOLOGIA,0718-9303;0067-9674,true,,
BOTANICA PACIFICA: A JOURNAL OF PLANT SCIENCE AND CONSERVATION,2410-3713;2226-4701,true,,
BOTANICHESKII ZHURNAL|БОТАНИЧЕСКИЙ ЖУРНАЛ,0006-8136;2658-6339,true,,
BRAIN INFORMATICS,2198-4026;2198-4018,true,,
BULLETIN OF ASOR,2769-3600;2769-3589,true,,
BULLETIN OF KAMCHATKA REGIONAL ASSOCIATION EDUCATIONAL - SCIENTIFIC CENTER. EARTH SCIENCES|ВЕСТНИК КАМЧАТСКОЙ РЕГИОНАЛЬНОЙ ОРГАНИЗАЦИИ УЧЕБНО-НАУЧНЫЙ ЦЕНТР. СЕРИЯ: НАУКИ О ЗЕМЛЕ,1816-5532;1816-5524,true,,
BULLETINS ET MEMOIRES DE LA SOCIETE D'ANTHROPOLOGIE DE PARIS,1777-5469;0037-8984,true,,
CALL - EJ,2187-9036,true,,
"CANCER RESEARCH, STATISTICS, AND TREATMENT",2590-3233;2590-3225,true,,
CANCER TREATMENT AND RESEARCH,0927-3042,true,,
CAPILLARITY,2709-2119;2652-3310,true,,
"CAPITALISM, NATURE, SOCIALISM",1548-3290;1045-5752,true,,
CARBON RESOURCES CONVERSION,2588-9133,true,,
CARDIOVASCULAR THERAPY AND PREVENTION (RUSSIAN FEDERATION)|КАРДИОВАСКУЛЯРНАЯ ТЕРАПИЯ И ПРОФИЛАКТИКА,1728-8800;2619-0125,true,,
CASE STUDIES IN CHEMICAL AND ENVIRONMENTAL ENGINEERING,2666-0164,false,2024-07-11,removed from the White List
CEAS AERONAUTICAL JOURNAL,1869-5590;1869-5582,true,,
CELLULAR PHYSIOLOGY AND BIOCHEMISTRY,1421-9778;1015-8987,true,,
CENTRAL EUROPEAN JOURNAL OF PUBLIC POLICY,1802-4866,true,,
CENTRAL NERVOUS SYSTEM AGENTS IN MEDICINAL CHEMISTRY,1871-5249,true,,
CENTRO JOURNAL,1538-6279,true,,
CFD LETTERS,2180-1363,true,,
"CHAOS, SOLITONS AND FRACTALS: X",2590-0544,false,2024-07-11,removed from the White List
CHELOVEK|ЧЕЛОВЕК,0236-2007,true,,
CHEMICAL BIOLOGY LETTERS,2347-9825,true,,
CHINA PETROLEUM EXPLORATION,1672-7703,true,,
CHINESE JOURNAL OF AGROMETEOROLOGY,1000-6362,true,,
CHINESE JOURNAL OF ECO-AGRICULTURE,1671-3990,true,,
CHINESE JOURNAL OF ELECTRICAL ENGINEERING,2096-1529,true,,
CHRONIC DISEASES AND TRANSLATIONAL MEDICINE,2095-882X,true,,
CHRONIC STRESS,2470-5470,true,,
"CHURCH, COMMUNICATION AND CULTURE",2375-3242;2375-3234,true,,
CICERONIANA ON LINE,2532-5353,true,,
"CITIZENSHIP, SOCIAL AND ECONOMICS EDUCATION",1478-8047;2047-1734,true,,
CITY,1470-3629;1360-4813,true,,
"CITY, CULTURE AND SOCIETY",1877-9166,true,,
"CITY, TERRITORY AND ARCHITECTURE",2195-2701,true,,
CIVIL ENGINEERING AND ARCHITECTURE,2332-1121;2332-1091,true,,
CLINICAL AND EXPERIMENTAL PEDIATRICS,2713-4148,true,,
CLINICAL BIOCHEMIST REVIEWS,0159-8090,true,,
CLINICAL ETHICS,1758-101X;1477-7509,true,,
CLINICAL PLASMA MEDICINE,2212-8166,true,,
CLINICAL PRACTICE AND EPIDEMIOLOGY IN MENTAL HEALTH,1745-0179,true,,
CLINICAL RESEARCH IN CARDIOLOGY SUPPLEMENTS,1861-0714;1861-0706,true,,
CLIODYNAMICS,2373-7530,true,,
CNS ONCOLOGY,2045-0907;2045-0915,true,,
COGNITIVE SEMIOTICS,1662-1425;2235-2066,true,,
COLD SPRING HARBOR PROTOCOLS,1559-6095,true,,
COLOMBIA INTERNACIONAL,0121-5612,true,,
COMEDY STUDIES,2040-6118;2040-610X,true,,
COMPLEX ADAPTIVE SYSTEMS MODELING,2194-3206,true,,
COMPLEX ISSUES OF CARDIOVASCULAR DISEASES|КОМПЛЕКСНЫЕ ПРОБЛЕМЫ СЕРДЕЧНО-СОСУДИСТЫХ ЗАБОЛЕВАНИЙ,2587-9537;2306-1278,true,,
COMPUTATIONAL AND MATHEMATICAL BIOPHYSICS,2544-7297,true,,
COMPUTATIONAL BRAIN AND BEHAVIOR,2522-0861;2522-087X,true,,
COMPUTATIONAL CONTINUUM MECHANICS|ВЫЧИСЛИТЕЛЬНАЯ МЕХАНИКА СПЛОШНЫХ СРЕД,1999-6691,true,,
COMPUTATIONAL SOCIAL NETWORKS,2197-4314,true,,
COMPUTATIONAL TOXICOLOGY,2468-1113,true,,
COMPUTER FRAUD AND SECURITY,1361-3723,true,,
COMPUTERS AND COMPOSITION,1873-2011;8755-4615,true,,
COMPUTERS AND EDUCATION: ARTIFICIAL INTELLIGENCE,2666-920X,false,2024-07-11,removed from the White List
COMPUTING AND SOFTWARE FOR BIG SCIENCE,2510-2044,true,,
COMPUTING AND VISUALIZATION IN SCIENCE,1432-9360,true,,
CONFLICT AND SOCIETY,2164-4551;2164-4543,true,,
CONSTRUCTIVE MATHEMATICAL ANALYSIS,2651-2939,true,,
CONTEMPORARY DRUG PROBLEMS,0091-4509,true,,
CONTEMPORARY EDUCATIONAL TECHNOLOGY,1309-517X,true,,
CONTEMPORARY ITALIAN POLITICS,2324-8831;2324-8823,true,,
CONTEMPORARY JAPAN,1869-2737;1869-2729,true,,
CONTEMPORARY JEWRY,0147-1694,true,,
CONTEMPORARY LEVANT,2058-184X;2058-1831,true,,
CONTEMPORARY READINGS IN LAW AND SOCIAL JUSTICE,1948-9137,true,,
CONTENTION,2572-7184;2330-1392,true,,
CREATIVE CARDIOLOGY|КРЕАТИВНАЯ КАРДИОЛОГИЯ,2410-9169;1997-3187,true,,
CREATIVITY,2354-0036,true,,
CREATIVITY STUDIES,2345-0487;2345-0479,true,,
CRIMINAL JUSTICE POLICY REVIEW,0887-4034,true,,
CRIMINAL JUSTICE REVIEW,0734-0168,true,,
CRITICAL AFRICAN STUDIES,2168-1392;2040-7211,true,,
CRITICAL INQUIRY IN LANGUAGE STUDIES,1542-7587,true,,
CRITICAL MILITARY STUDIES,2333-7494;2333-7486,true,,
CULTURA NEOLATINA,0391-5654,true,,
CULTURAL MANAGEMENT: SCIENCE AND EDUCATION,2512-6962,true,,
CULTURAL POLITICS,1743-2197,true,,
CULTURE UNBOUND,2000-1525,true,,
CURRENT GASTROENTEROLOGY REPORTS,1534-312X;1522-8037,true,,
CURRENT PHARMACOLOGY REPORTS,2198-641X,true,,
CURRENT SWEDISH ARCHAEOLOGY,2002-3901;1102-7355,true,,
CURRENT TOPICS IN BEHAVIORAL NEUROSCIENCES,1866-3389;1866-3370,true,,
DECISION MAKING: APPLICATIONS IN MANAGEMENT AND ENGINEERING,2620-0104;2560-6018,true,,
DEFENCE STUDIES,1743-9698;1470-2436,true,,
DENTAL CLINICS OF NORTH AMERICA,0011-8532,true,,
DEVELOPMENT ENGINEERING,2352-7285,true,,
DIALOGO ANDINO,0719-2681;0716-2278,true,,
DIALOGUE AND DISCOURSE,2152-9620,true,,
DIANLI XITONG ZIDONGHUA/AUTOMATION OF ELECTRIC POWER SYSTEMS,1000-1026,true,,
"DIASPORA, INDIGENOUS, AND MINORITY EDUCATION",1559-5692,true,,
DIGITAL APPLICATIONS IN ARCHAEOLOGY AND CULTURAL HERITAGE,2212-0548,true,,
DIGITAL BIOMARKERS,2504-110X,true,,
DRUG DEVELOPMENT AND REGISTRATION|РАЗРАБОТКА И РЕГИСТРАЦИЯ ЛЕКАРСТВЕННЫХ СРЕДСТВ,2658-5049;2305-2066,true,,
DRUG DISCOVERY TODAY: TECHNOLOGIES,1740-6749,true,,
DRUGS IN CONTEXT,1745-1981;1740-4398,true,,
DVE DOMOVINI / TWO HOMELANDS,1581-1212;0353-6777,true,,
DYNAMICS OF ASYMMETRIC CONFLICT: PATHWAYS TOWARD TERRORISM AND GENOCIDE,1746-7594;1746-7586,true,,
ECOLOGIA AUSTRAL,1667-782X;0327-5477,true,,
ECOLOGICAL GENETICS|ЭКОЛОГИЧЕСКАЯ ГЕНЕТИКА,2411-9202;1811-0932,true,,
ECOLOGY AND INDUSTRY OF RUSSIA|ЭКОЛОГИЯ И ПРОМЫШЛЕННОСТЬ РОССИИ,2413-6042;1816-0395,true,,
ECOSAL PLUS,2324-6200,true,,
EGYPTIAN JOURNAL OF PETROLEUM,2090-2468;1110-0621,true,,
EKSPERIMENTAL'NAYA I KLINICHESKAYA GASTROENTEROLOGIYA|ЭКСПЕРИМЕНТАЛЬНАЯ И КЛИНИЧЕСКАЯ ГАСТРОЭНТЕРОЛОГИЯ,1682-8658,true,,
ELECTRICITY JOURNAL,1040-6190,true,,
ELECTRONIC JOURNAL OF THE INTERNATIONAL FEDERATION OF CLINICAL CHEMISTRY AND LABORATORY MEDICINE,1650-3414,true,,
ELENCHOS,2037-7177;0392-7342,true,,
EMERGING CONTAMINANTS,2405-6650;2405-6642,true,,
EMERGING SCIENCE JOURNAL,2610-9182,true,,
ENERGY AND AI,2666-5468,false,2024-07-11,removed from the White List
ENERGY AND BUILT ENVIRONMENT,2666-1233,true,,
ENERGY HARVESTING AND SYSTEMS,2329-8774;2329-8766,true,,
ENERGY INFORMATICS,2520-8942,true,,
ENGINEERED SCIENCE,2576-9898;2576-988X,true,,
"ENGINEERING IN AGRICULTURE, ENVIRONMENT AND FOOD",1881-8366,true,,
ENGINEERING MANAGEMENT IN PRODUCTION AND SERVICES,2543-912X;2543-6597,true,,
ENLIGHTENING TOURISM,2174-548X,true,,
ENVIRONMENTAL DNA,2637-4943,true,,
"ENVIRONMENTAL NANOTECHNOLOGY, MONITORING AND MANAGEMENT",2215-1532,true,,
ENVIRONMENTAL QUALITY MANAGEMENT,1088-1913,true,,
ENVIRONMENTAL TECHNOLOGY REVIEWS,2162-2523;2162-2515,true,,
EPIDEMIOLOGIYA I VAKTSINOPROFILAKTIKA|ЭПИДЕМИОЛОГИЯ И ВАКЦИНОПРОФИЛАКТИКА,2619-0494;2073-3046,true,,
EPPO BULLETIN,1365-2338;0250-8052,true,,
ERIU,2009-0056;0332-0758,true,,
ESSACHESS - JOURNAL FOR COMMUNICATION STUDIES,2066-5083;1775-352X,true,,
ESTUDIOS SOBRE EL MENSAJE PERIODISTICO,1988-2696;1134-1629,true,,
ESTUDOS AVANCADOS,0103-4014,true,,
ETHICS IN SCIENCE AND ENVIRONMENTAL POLITICS,1611-8014,true,,
ETHNOBOTANY RESEARCH AND APPLICATIONS,1547-3465,true,,
ETHNOLOGIA EUROPAEA,1604-3030;0425-4597,true,,
ETNOGRAFIA|ЭТНОГРАФИЯ,2687-0789;2618-8600,true,,
ETNOGRAFIA POLSKA,0071-1861,true,,
ETNOGRAFICESKOE OBOZRENIE|ЭТНОГРАФИЧЕСКОЕ ОБОЗРЕНИЕ,0869-5415,true,,
ETROPIC,1448-2940,true,,
"ETUDES MONGOLES ET SIBERIENNES, CENTRASIATIQUES ET TIBETAINES",0766-5075,true,,
EURASIAN JOURNAL OF SOIL SCIENCE,2147-4249,true,,
EUROASIAN ENTOMOLOGICAL JOURNAL|ЕВРАЗИАТСКИЙ ЭНТОМОЛОГИЧЕСКИЙ ЖУРНАЛ,1684-4866,true,,
EUROPEAN JOURNAL OF CULTURAL AND POLITICAL SOCIOLOGY,2325-4823;2325-4815,true,,
EUROPEAN JOURNAL OF DENTISTRY,1305-7464;1305-7456,true,,
EUROPEAN JOURNAL OF EAST ASIAN STUDIES,1568-0584,true,,
EUROPEAN JOURNAL OF HIGHER EDUCATION,2156-8243;2156-8235,true,,
EUROPEAN JOURNAL OF HUMOUR RESEARCH,2307-700X,true,,
EUROPEAN JOURNAL OF LANGUAGE POLICY,1757-6830;1757-6822,true,,
EUROPEAN JOURNAL OF SPATIAL DEVELOPMENT,1650-9544,true,,
EUROPEAN POLITICS AND SOCIETY,2374-5126;2374-5118,true,,
EVERGREEN,2189-0420,true,,
EVIDENCE-BASED NURSING,1468-9618;1367-6539,true,,
EVOLUTION: EDUCATION AND OUTREACH,1936-6434;1936-6426,true,,
EVOLUTIONARY STUDIES IN IMAGINATIVE CULTURE,2472-9884;2472-9876,true,,
F1000RESEARCH,2046-1402,true,,
FAR EASTERN ENTOMOLOGIST,1026-051X;2713-2196,true,,
FARMAKOEKONOMIKA|ФАРМАКОЭКОНОМИКА. СОВРЕМЕННАЯ ФАРМАКОЭКОНОМИКА И ФАРМАКОЭПИДЕМИОЛОГИЯ,2070-4933;2070-4909,true,,
FILOSOFIA THEORETICA,2408-5987;2276-8386,true,,
FINANCE: THEORY AND PRACTICE|ФИНАНСЫ: ТЕОРИЯ И ПРАКТИКА,2587-7089;2587-5671,true,,
FIRST MONDAY,1396-0458;1396-0466,true,,
FIXED POINT THEORY AND ALGORITHMS FOR SCIENCES AND ENGINEERING,2730-5422,true,,
FOLIA CRYPTOGAMICA ESTONICA,1736-7786;1406-2070,true,,
FOOD PROCESSING: TECHNIQUES AND TECHNOLOGY|ТЕХНИКА И ТЕХНОЛОГИЯ ПИЩЕВЫХ ПРОИЗВОДСТВ,2313-1748;2074-9414,true,,
FORENSIC SCIENCE INTERNATIONAL: SYNERGY,2589-871X,false,2024-07-11,removed from the White List
FORMAKADEMISK,1890-9515,true,,
FORUM QUALITATIVE SOZIALFORSCHUNG,1438-5627,true,,
FORUM SCIENTIAE OECONOMIA,2353-4435;2300-5947,true,,
FOUCAULT STUDIES,1832-5203,true,,
FOUNDATIONS AND TRENDS IN ACCOUNTING,1554-0642,true,,
FOUNDATIONS AND TRENDS IN ECONOMETRICS,1551-3084;1551-3076,true,,
FOUNDATIONS AND TRENDS IN HUMAN-COMPUTER INTERACTION,1551-3963;1551-3955,true,,
FRONTIERS IN BIOSCIENCE - ELITE,1945-0508;1945-0494,true,,
FRONTIERS IN BIOSCIENCE - SCHOLAR,1945-0524;1945-0516,true,,
FRONTIERS IN ICT,2297-198X,true,,
FRONTIERS OF BIOGEOGRAPHY,1948-6596,true,,
FUNDAMENTALNAYA I PRIKLADNAYA GIDROFIZIKA|ФУНДАМЕНТАЛЬНАЯ И ПРИКЛАДНАЯ ГИДРОФИЗИКА,2073-6673,true,,
FUNGAL BIOLOGY AND BIOTECHNOLOGY,2054-3085,true,,
FUNGAL SYSTEMATICS AND EVOLUTION,2589-3831;2589-3823,true,,
FUTURE CITIES AND ENVIRONMENT,2363-9075,true,,
FYODOROV JOURNAL OF OPHTHALMIC SURGERY|ОФТАЛЬМОХИРУРГИЯ,2312-4970;0235-4160,true,,
GAMM MITTEILUNGEN,0936-7195,true,,
GATES OPEN RESEARCH,2572-4754,true,,
GENE EXPRESSION,1555-3884;1052-2166,true,,
GENES AND CANCER,1947-6027;1947-6019,true,,
GENES AND CELLS|ГЕНЫ И КЛЕТКИ,2313-1829;2500-2562,true,,
GENESES,1155-3219,true,,
GENIJ ORTOPEDII|ГЕНИЙ ОРТОПЕДИИ,2542-131X;1028-4427,true,,
GEODEZIYA I KARTOGRAFIYA|ГЕОДЕЗИЯ И КАРТОГРАФИЯ,0016-7126;2587-8492,true,,
"GEOGRAPHY, ENVIRONMENT, SUSTAINABILITY",2542-1565;2071-9388,true,,
GEOLOGIA NEFTI I GAZA|ГЕОЛОГИЯ НЕФТИ И ГАЗА,0016-7894;2587-8263,true,,
GEOLOGIYA I GEOFIZIKA YUGA ROSSII|ГЕОЛОГИЯ И ГЕОФИЗИКА ЮГА РОССИИ,2686-7486;2221-3198,true,,
"GEOLOGY, ECOLOGY, AND LANDSCAPES",2474-9508,true,,
GEOMORFOLOGIYA I PALEOGEOGRAFIYA|ГЕОМОРФОЛОГИЯ И ПАЛЕОГЕОГРАФИЯ,2949-1797;2949-1789,true,,
GEOPHYSICAL RESEARCH|ГЕОФИЗИЧЕСКИЕ ИССЛЕДОВАНИЯ,2311-9543;1818-3735,true,,
GEPHYRA,2651-5059;1309-3924,true,,
GIGIENA I SANITARIIA|ГИГИЕНА И САНИТАРИЯ,0016-9900;2412-0650,true,,
GLASNIK SED,0351-2908,true,,
GLOBAL AND STOCHASTIC ANALYSIS,2248-9444,true,,
GLOBAL BIOETHICS,1591-7398;1128-7462,true,,
GLOBAL CONSTITUTIONALISM,2045-3825;2045-3817,true,,
GLOBAL ENERGY INTERCONNECTION-CHINA,2590-0358;2096-5117,true,,
GLOBAL JOURNAL OF FLEXIBLE SYSTEMS MANAGEMENT,0974-0198;0972-2696,true,,
GLOBAL TRANSITIONS,2589-7918,true,,
GORNAYA PROMYSHLENNOST|ГОРНАЯ ПРОМЫШЛЕННОСТЬ,2587-9138;1609-9192,true,,
GOSUDARSTVO I PRAVO|ГОСУДАРСТВО И ПРАВО,1026-9452;2713-0398,true,,
GREEK AND ROMAN MUSICAL STUDIES,2212-9758;2212-974X,true,,
GREEN LETTERS,2168-1414;1468-8417,true,,
GSA TODAY,1052-5173,true,,
GYNECOLOGY|ГИНЕКОЛОГИЯ,2079-5831;2079-5696,true,,
HEALTH AND SOCIAL CARE CHAPLAINCY,2051-5561;2051-5553,true,,
HEALTH RISK ANALYSIS|АНАЛИЗ РИСКА ЗДОРОВЬЮ,2542-2308;2308-1163;2308-1155,true,,
HEALTH SYSTEMS IN TRANSITION,1817-6127;1817-6119,true,,
HEMATOLOGY/ONCOLOGY AND STEM CELL THERAPY,2589-0646;1658-3876,true,,
HIGHER EDUCATION FOR THE FUTURE,2348-5779;2347-6311,true,,
HIKMA,2445-4559;1579-9794,true,,
HIRURGIA POZVONOCHNIKA|ХИРУРГИЯ ПОЗВОНОЧНИКА,2313-1497;1810-8997,true,,
HISTORY OF HUMANITIES,2379-3171;2379-3163,true,,
HISTORY OF THE PRESENT,2159-9793;2159-9785,true,,
HIV INFECTION AND IMMUNOSUPPRESSIVE DISORDERS|ВИЧ-ИНФЕКЦИЯ И ИММУНОСУПРЕССИИ,2078-1792;2077-9828,true,,
HOLOCAUST STUDIES,2048-4887;1750-4902,true,,
HSE ECONOMIC JOURNAL|ЭКОНОМИЧЕСКИЙ ЖУРНАЛ ВЫСШЕЙ ШКОЛЫ ЭКОНОМИКИ,1813-8705;1813-8691,true,,
HUMAN ECOLOGY (RUSSIAN FEDERATION)|ЭКОЛОГИЯ ЧЕЛОВЕКА,1728-0869,true,,
HUMAN GEOGRAPHY(UNITED KINGDOM),2633-674X;1942-7786,true,,
HUMAN MICROBIOME JOURNAL,2452-2317,true,,
HUMAN TECHNOLOGY,1795-6889,true,,
HUMANITIES DILIMAN,2012-0788;1655-1532,true,,
HUNGARIAN GEOGRAPHICAL BULLETIN,2064-5147;2064-5031,true,,
HUNTER GATHERER RESEARCH,2056-3264,true,,
I.P. PAVLOV RUSSIAN MEDICAL BIOLOGICAL HERALD|РОССИЙСКИЙ МЕДИКО-БИОЛОГИЧЕСКИЙ ВЕСТНИК ИМЕНИ АКАДЕМИКА И.П. ПАВЛОВА,2500-2546;0204-3475,true,,
IACR TRANSACTIONS ON CRYPTOGRAPHIC HARDWARE AND EMBEDDED SYSTEMS,2569-2925,true,,
IEEE COMMUNICATIONS STANDARDS MAGAZINE,2471-2825,true,,
IEEE ENGINEERING MANAGEMENT REVIEW,0360-8581,true,,
IMMUNOLOGIYA|ИММУНОЛОГИЯ,0206-4952;2412-1312,true,,
INDIAN JOURNAL OF DENTAL RESEARCH,1998-3603;0970-9290,true,,
"INDIAN JOURNAL OF MEDICAL RESEARCH, SUPPLEMENT",0367-9012,true,,
INDO-EUROPEAN LINGUISTICS,2212-5892;2212-5884,true,,
INDONESIAN JOURNAL OF APPLIED LINGUISTICS,2301-9468,true,,
INDONESIAN JOURNAL OF SCIENCE AND TECHNOLOGY,2528-1410;2527-8045,true,,
INDUSTRIAL LABORATORY. MATERIALS DIAGNOSTICS|ЗАВОДСКАЯ ЛАБОРАТОРИЯ. ДИАГНОСТИКА МАТЕРИАЛОВ,2588-0187;1028-6861,true,,
INFECTION ECOLOGY AND EPIDEMIOLOGY,2000-8686,true,,
"INFECTIOUS DISEASES: NEWS, OPINIONS, TRAINING|ИНФЕКЦИОННЫЕ БОЛЕЗНИ: НОВОСТИ, МНЕНИЯ, ОБУЧЕНИЕ",2658-7394;2305-3496,true,,
INFEKTSIONNYE BOLEZNI|ИНФЕКЦИОННЫЕ БОЛЕЗНИ,2414-9691;1729-9225,true,,
INFORMATICS IN MEDICINE UNLOCKED,2352-9148,false,2024-07-11,removed from the White List
INFORMATION GEOMETRY,2511-249X;2511-2481,true,,
INFORMATION PROCESSING IN AGRICULTURE,2214-3173,false,2024-07-11,removed from the White List
INTEGRATION OF EDUCATION|ИНТЕГРАЦИЯ ОБРАЗОВАНИЯ,2308-1058;1991-9468,true,,
INTELLECTUAL ECONOMICS,1822-8038;1822-8011,true,,
INTELLIGENCE-BASED MEDICINE,2666-5212,false,2024-07-11,removed from the White List
INTELLIGENT SYSTEMS WITH APPLICATIONS,2667-3053,false,2024-07-11,removed from the White List
INTERCHANGE,0826-4805,true,,
"INTERDISCIPLINARY JOURNAL OF INFORMATION, KNOWLEDGE, AND MANAGEMENT",1555-1237;1555-1229,true,,
INTERIORITY,2615-3386;2614-6584,true,,
INTERNATIONAL ECONOMICS,2110-7017,true,,
INTERNATIONAL JOURNAL FOR COMPUTATIONAL CIVIL AND STRUCTURAL ENGINEERING,2588-0195;2587-9618,true,,
INTERNATIONAL JOURNAL OF AGEING AND LATER LIFE,1652-8670,true,,
INTERNATIONAL JOURNAL OF ALZHEIMER'S DISEASE,2090-8024;2090-0252,true,,
INTERNATIONAL JOURNAL OF AMBIENT ENERGY,0143-0750,true,,
INTERNATIONAL JOURNAL OF APPLIED AND COMPUTATIONAL MATHEMATICS,2349-5103;2199-5796,true,,
INTERNATIONAL JOURNAL OF ARABIC-ENGLISH STUDIES,1680-0982,true,,
INTERNATIONAL JOURNAL OF ARTIFICIAL INTELLIGENCE,0974-0635,true,,
INTERNATIONAL JOURNAL OF BULLYING PREVENTION,2523-3661;2523-3653,true,,
INTERNATIONAL JOURNAL OF CHILD-COMPUTER INTERACTION,2212-8689,true,,
INTERNATIONAL JOURNAL OF COMMUNITY AND SOCIAL DEVELOPMENT,2516-6034;2516-6026,true,,
INTERNATIONAL JOURNAL OF COMMUNITY BASED NURSING AND MIDWIFERY,2322-4835;2322-2476,true,,
INTERNATIONAL JOURNAL OF DEVELOPMENTAL SCIENCES,2192-001X,true,,
INTERNATIONAL JOURNAL OF DIGITAL ACCOUNTING RESEARCH,1577-8517,true,,
INTERNATIONAL JOURNAL OF DYNAMICS AND CONTROL,2195-2698;2195-268X,true,,
INTERNATIONAL JOURNAL OF E - ENTREPRENEURSHIP AND INNOVATION,1947-8593;1947-8585,true,,
INTERNATIONAL JOURNAL OF ECOLOGY,1687-9716;1687-9708,true,,
INTERNATIONAL JOURNAL OF ENGLISH LANGUAGE AND LITERATURE STUDIES,2306-9910;2306-0646,true,,
INTERNATIONAL JOURNAL OF ENVIRONMENTAL STUDIES,1029-0400;0020-7233,true,,
"INTERNATIONAL JOURNAL OF FASHION DESIGN, TECHNOLOGY AND EDUCATION",1754-3274;1754-3266,true,,
FOOD SAFETY AND RISK,2731-9245,true,,
INTERNATIONAL JOURNAL OF FOOD DESIGN,2056-6530;2056-6522,true,,
INTERNATIONAL JOURNAL OF GEOHERITAGE AND PARKS,2577-445X;2577-4441,true,,
INTERNATIONAL JOURNAL OF HIGH-RISE BUILDINGS,2288-9930;2234-7224,true,,
INTERNATIONAL JOURNAL OF INFORMATION TECHNOLOGY (SINGAPORE),2511-2112;2511-2104,true,,
INTERNATIONAL JOURNAL OF INNOVATION STUDIES,2589-2975;2096-2487,true,,
INTERNATIONAL JOURNAL OF INTERACTIVE MOBILE TECHNOLOGIES,1865-7923,true,,
INTERNATIONAL JOURNAL OF LANGUAGE STUDIES,2157-4901;2157-4898,true,,
INTERNATIONAL JOURNAL OF LEARNER CORPUS RESEARCH,2215-1486;2215-1478,true,,
INTERNATIONAL JOURNAL OF LEARNER DIVERSITY AND IDENTITIES,2327-2627;2327-0128,true,,
INTERNATIONAL JOURNAL OF LIGHTWEIGHT MATERIALS AND MANUFACTURE,2588-8404,true,,
INTERNATIONAL JOURNAL OF LISTENING,1932-586X;1090-4018,true,,
INTERNATIONAL JOURNAL OF MOBILE LEARNING AND ORGANISATION,1746-725X,true,,
INTERNATIONAL JOURNAL OF MS CARE,1537-2073,true,,
INTERNATIONAL JOURNAL OF NEUTROSOPHIC SCIENCE,2692-6148;2690-6805,true,,
INTERNATIONAL JOURNAL OF OCCUPATIONAL AND ENVIRONMENTAL MEDICINE,2008-6814;2008-6520,true,,
INTERNATIONAL JOURNAL OF PAVEMENT RESEARCH AND TECHNOLOGY,1997-1400;1996-6814,true,,
INTERNATIONAL JOURNAL OF POPULATION DATA SCIENCE (IJPDS),2399-4908,true,,
INTERNATIONAL JOURNAL OF RELIGIOUS TOURISM AND PILGRIMAGE,2009-7379,true,,
INTERNATIONAL JOURNAL OF SCHOOL AND EDUCATIONAL PSYCHOLOGY,2168-3611;2168-3603,true,,
"INTERNATIONAL JOURNAL OF SERVICE SCIENCE, MANAGEMENT, ENGINEERING, AND TECHNOLOGY",1947-9603;1947-959X,true,,
INTERNATIONAL JOURNAL OF SIMULATION AND PROCESS MODELLING,1740-2131;1740-2123,true,,
INTERNATIONAL JOURNAL OF SOCIOLOGY OF AGRICULTURE AND FOOD,2524-1982;0798-1759,true,,
INTERNATIONAL JOURNAL OF SPACE STRUCTURES,0956-0599,true,,
INTERNATIONAL JOURNAL OF SPEECH TECHNOLOGY,1572-8110;1381-2416,true,,
INTERNATIONAL JOURNAL OF STRATEGIC COMMUNICATION,1553-1198;1553-118X,true,,
INTERNATIONAL JOURNAL OF SUSTAINABLE ENERGY PLANNING AND MANAGEMENT,2246-2929,true,,
INTERNATIONAL JOURNAL OF THE SOCIOLOGY OF LANGUAGE,1613-3668;0165-2516,true,,
INTERNATIONAL JOURNAL OF THERMOFLUIDS,2666-2027,false,2024-07-11,removed from the White List
INTERNATIONAL JOURNAL OF TRANSPERSONAL STUDIES,1942-3241;1321-0122,true,,
INTERNATIONAL JOURNAL OF TRANSPORTATION SCIENCE AND TECHNOLOGY,2046-0449;2046-0430,true,,
INTERNATIONAL JOURNAL OF VEGETABLE SCIENCE,1931-5279;1931-5260,true,,
INTERNATIONAL JOURNAL ON ENERGY CONVERSION,2533-2910;2281-5295,true,,
INTERNATIONAL JOURNAL ON ENGINEERING APPLICATIONS,2533-2295;2281-2881,true,,
INTERNATIONAL REVIEW OF AEROSPACE ENGINEERING,1973-7440;2533-2279;1973-7459,true,,
INTERNATIONAL REVIEW OF APPLIED SCIENCES AND ENGINEERING,2063-4269;2062-0810,true,,
INTERNATIONAL REVIEW OF AUTOMATIC CONTROL,2533-2260;1974-6059,true,,
INTERNATIONAL REVIEW OF CIVIL ENGINEERING,2533-168X;2036-9913,true,,
INTERNATIONAL REVIEW OF ELECTRICAL ENGINEERING,2533-2244;1827-6660,true,,
"INTERNATIONAL REVIEW OF LAW, COMPUTERS AND TECHNOLOGY",1364-6885;1360-0869,true,,
INTERNATIONAL REVIEW OF SOCIAL RESEARCH,2069-8534;2069-8267,true,,
INTERNATIONAL REVIEW ON MODELLING AND SIMULATIONS,2533-1701;1974-9821,true,,
INTERNATIONAL SOCIAL SCIENCE JOURNAL,1468-2451;0020-8701,true,,
INTERNATIONAL ZOO YEARBOOK,1748-1090;0074-9664,true,,
INTERNET ARCHAEOLOGY,1363-5387,true,,
INTERNET MATHEMATICS,1944-9488;1542-7951,true,,
INTERPERSONA,1981-6472,true,,
"INTERVENTIONAL CARDIOLOGY: REVIEWS, RESEARCH, RESOURCES",1756-1485;1756-1477,true,,
INTERVENTIONAL NEUROLOGY,1664-9737;1664-5545,true,,
INVERTEBRATE ZOOLOGY,1814-0815;1812-9250,true,,
IPSJ TRANSACTIONS ON COMPUTER VISION AND APPLICATIONS,1882-6695,true,,
IRANIAN BIOMEDICAL JOURNAL,1028-852X,true,,
ISH JOURNAL OF HYDRAULIC ENGINEERING,2164-3040;0971-5010,true,,
ISLAMIC GUIDANCE AND COUNSELING JOURNAL,2685-5909;2614-1566,true,,
ISVS E-JOURNAL,2738-2222;2320-2661,true,,
ITALIAN BOTANIST,2531-4033,true,,
ITINERARIOS,1507-7241,true,,
ITL - INTERNATIONAL JOURNAL OF APPLIED LINGUISTICS (BELGIUM),0019-0810;1783-1490;0019-0829,true,,
IZVESTIYA ROSSIISKOI AKADEMII NAUK. SERIYA GEOGRAFICHESKAYA|ИЗВЕСТИЯ РОССИЙСКОЙ АКАДЕМИИ НАУК. СЕРИЯ ГЕОГРАФИЧЕСКАЯ,2658-6975;2587-5566,true,,
IZVESTIYA VUZOV. POROSHKOVAYA METALLURGIYA I FUNKTSIONAL'NYE POKRYTIYA|ИЗВЕСТИЯ ВЫСШИХ УЧЕБНЫХ ЗАВЕДЕНИЙ. ПОРОШКОВАЯ МЕТАЛЛУРГИЯ И ФУНКЦИОНАЛЬНЫЕ ПОКРЫТИЯ,2412-8767;1997-308X,true,,
IZVESTIYA VYSSHIKH UCHEBNYKH ZAVEDENIJ. CHERNAYA METALLURGIYA|ИЗВЕСТИЯ ВЫСШИХ УЧЕБНЫХ ЗАВЕДЕНИЙ. ЧЕРНАЯ МЕТАЛЛУРГИЯ,0368-0797;2410-2091,true,,
"IZVESTIYA WYSSHIKH UCHEBNYKH ZAWEDENIY, YADERNAYA ENERGETIKA|ИЗВЕСТИЯ ВЫСШИХ УЧЕБНЫХ ЗАВЕДЕНИЙ. ЯДЕРНАЯ ЭНЕРГЕТИКА",0204-3327,true,,
JALT CALL JOURNAL,1832-4215,true,,
JBJS OPEN ACCESS,2472-7245,true,,
JEZIK IN SLOVSTVO,1581-3754;0021-6933,true,,
JIQIREN/ROBOT,1002-0446,true,,
JIXIE GONGCHENG XUEBAO/CHINESE JOURNAL OF MECHANICAL ENGINEERING,0577-6686,true,,
JMIR DIABETES,2371-4379,true,,
JMIR REHABILITATION AND ASSISTIVE TECHNOLOGIES,2369-2529,true,,
JOURNAL FOR THE HISTORY OF RHETORIC,2687-8011;2687-8003,true,,
JOURNAL OF ACCESSIBILITY AND DESIGN FOR ALL,2013-7087,true,,
JOURNAL OF ACCOUNTING EDUCATION,0748-5751,true,,
JOURNAL OF AFRICAN DIASPORA ARCHAEOLOGY AND HERITAGE,2161-9468;2161-9441,true,,
JOURNAL OF AFRICAN MILITARY HISTORY,2468-0966;2468-0958,true,,
JOURNAL OF AIR TRANSPORTATION,2380-9450,true,,
JOURNAL OF AMBIENT INTELLIGENCE AND HUMANIZED COMPUTING,1868-5137,true,,
JOURNAL OF APPLIED AND COMPUTATIONAL TOPOLOGY,2367-1734;2367-1726,true,,
JOURNAL OF APPLIED AND NUMERICAL OPTIMIZATION,2562-5535;2562-5527,true,,
JOURNAL OF APPLIED NON - CLASSICAL LOGICS,1958-5780;1166-3081,true,,
JOURNAL OF APPLIED VOLCANOLOGY,2191-5040,true,,
JOURNAL OF ARABIAN STUDIES,2153-4764;2153-4780,true,,
JOURNAL OF ARRHYTHMOLOGY|ВЕСТНИК АРИТМОЛОГИИ,2658-7327;1561-8641,true,,
JOURNAL OF BIO - AND TRIBO-CORROSION,2198-4239;2198-4220,true,,
JOURNAL OF BIORESOURCES AND BIOPRODUCTS,2369-9698,true,,
JOURNAL OF BIOSAFETY AND BIOSECURITY,2588-9338,true,,
JOURNAL OF BONE AND JOINT INFECTION,2206-3552,true,,
JOURNAL OF BUDDHIST ETHICS,1076-9005,true,,
JOURNAL OF BURMA STUDIES,1094-799X,true,,
JOURNAL OF BUSINESS ANALYTICS,2573-2358;2573-234X,true,,
JOURNAL OF BUSINESS ECONOMICS,0044-2372,true,,
JOURNAL OF BUSINESS VENTURING INSIGHTS,2352-6734,true,,
JOURNAL OF CIRCULATING BIOMARKERS,1849-4544,true,,
JOURNAL OF COGNITION,2514-4820,true,,
JOURNAL OF COLLEGE READING AND LEARNING,2332-7413;1079-0195,true,,
JOURNAL OF COMPUTER APPLICATIONS IN ARCHAEOLOGY,2514-8362,true,,
JOURNAL OF CONSERVATIVE DENTISTRY AND ENDODONTICS,2950-4716;2950-4708,true,,
JOURNAL OF CONTEMPORARY CENTRAL AND EASTERN EUROPE,2573-9646;2573-9638,true,,
JOURNAL OF CREATIVE MUSIC SYSTEMS,2399-7656,true,,
JOURNAL OF CROP SCIENCE AND BIOTECHNOLOGY,2005-8276;1975-9479,true,,
JOURNAL OF CULTURAL ANALYTICS,2371-4549,true,,
JOURNAL OF DANCE EDUCATION,2158-074X;1529-0824,true,,
JOURNAL OF DESIGN AND BUILT ENVIRONMENT,1823-4208;2232-1500,true,,
"JOURNAL OF DESIGN, BUSINESS AND SOCIETY",2055-2114;2055-2106,true,,
JOURNAL OF DIABETES SCIENCE AND TECHNOLOGY,1932-2968,true,,
JOURNAL OF DIGITAL LANDSCAPE ARCHITECTURE,2511-624X;2367-4253,true,,
JOURNAL OF DIGITAL LEARNING IN TEACHER EDUCATION,2332-7383;2153-2974,true,,
JOURNAL OF DIVORCE AND REMARRIAGE,1050-2556,true,,
JOURNAL OF ECONOMETRIC METHODS,2156-6674,true,,
JOURNAL OF ECONOMIC ASYMMETRIES,1703-4949,true,,
JOURNAL OF ECONOMIC STRUCTURES,2193-2409,true,,
JOURNAL OF EDUCATIONAL MEDIA AND LIBRARY SCIENCES,1013-090X,true,,
JOURNAL OF ENVIRONMENTAL ASSESSMENT POLICY AND MANAGEMENT,1464-3332,true,,
JOURNAL OF ETHNIC AND CULTURAL STUDIES,2149-1291,true,,
JOURNAL OF ETHNIC FOODS,2352-6181,true,,
JOURNAL OF EURASIAN STUDIES,1879-3665,true,,
JOURNAL OF FACADE DESIGN AND ENGINEERING,2213-3038;2213-302X,true,,
JOURNAL OF FINANCE AND DATA SCIENCE,2405-9188,true,,
JOURNAL OF FUNCTIONAL MORPHOLOGY AND KINESIOLOGY,2411-5142,true,,
JOURNAL OF GLOBAL ETHICS,1744-9626,true,,
JOURNAL OF GLOBAL MARKETING,1528-6975;0891-1762,true,,
JOURNAL OF GLOBALIZATION STUDIES,2075-8103,true,,
JOURNAL OF GRAPHIC NOVELS AND COMICS,2150-4865;2150-4857,true,,
JOURNAL OF GREEK MEDIA AND CULTURE,2052-398X;2052-3971,true,,
JOURNAL OF HIGH TECHNOLOGY MANAGEMENT RESEARCH,1047-8310,true,,
JOURNAL OF HISPANIC HIGHER EDUCATION,1538-1927,true,,
JOURNAL OF HUMAN RESOURCES IN HOSPITALITY AND TOURISM,1533-2853;1533-2845,true,,
JOURNAL OF HUMAN TRAFFICKING,2332-2713;2332-2705,true,,
JOURNAL OF INDONESIAN ISLAM,2355-6994;1978-6301,true,,
JOURNAL OF INNOVATION AND ENTREPRENEURSHIP,2192-5372,true,,
"JOURNAL OF INTELLECTUAL PROPERTY, INFORMATION TECHNOLOGY AND E - COMMERCE LAW",2190-3387,true,,
JOURNAL OF INTERACTIVE ADVERTISING,1525-2019,true,,
JOURNAL OF INTERCULTURAL COMMUNICATION RESEARCH,1747-5759,true,,
JOURNAL OF INTERDISCIPLINARY VOICE STUDIES,2057-035X;2057-0341,true,,
JOURNAL OF INTERNATIONAL AND COMPARATIVE SOCIAL POLICY,2169-978X;2169-9763,true,,
JOURNAL OF INTERNATIONAL FOOD AND AGRIBUSINESS MARKETING,1528-6983;0897-4438,true,,
JOURNAL OF INTERNATIONAL STUDIES,2306-3483;2071-8330,true,,
JOURNAL OF INVESTIGATIVE DERMATOLOGY SYMPOSIUM PROCEEDINGS,1529-1774;1087-0024,true,,
"JOURNAL OF KING SAUD UNIVERSITY, ENGINEERING SCIENCES",1018-3639,true,,
JOURNAL OF LANDSCAPE ECOLOGY(CZECH REPUBLIC),1805-4196;1803-2427,true,,
JOURNAL OF MARINE AND ISLAND CULTURES,2212-6821,true,,
JOURNAL OF MARINE SCIENCES,2633-4674;2633-4666,true,,
JOURNAL OF MARKETING COMMUNICATIONS,1466-4445;1352-7266,true,,
JOURNAL OF MEDICAL ROBOTICS RESEARCH,2424-905X;2424-9068,true,,
JOURNAL OF MILITARY ETHICS,1502-7570,true,,
JOURNAL OF MINING AND STRATA CONTROL ENGINEERING,2096-7187,true,,
JOURNAL OF MODERN ONCOLOGY|СОВРЕМЕННАЯ ОНКОЛОГИЯ,1815-1442;1815-1434,true,,
JOURNAL OF MUSLIMS IN EUROPE,2211-7954;2211-792X,true,,
JOURNAL OF NAMIBIAN STUDIES,2197-5523;1863-5954,true,,
JOURNAL OF NATIONALISM MEMORY AND LANGUAGE POLITICS,2570-5857,true,,
JOURNAL OF NON-CRYSTALLINE SOLIDS: X,2590-1591,false,2024-07-11,removed from the White List
JOURNAL OF OBSTETRICS AND WOMEN'S DISEASES|ЖУРНАЛ АКУШЕРСТВА И ЖЕНСКИХ БОЛЕЗНЕЙ,1684-0461;1683-9366,true,,
JOURNAL OF OPEN RESEARCH SOFTWARE,2049-9647,true,,
JOURNAL OF OPERATION AND AUTOMATION IN POWER ENGINEERING,2423-4567;2322-4576,true,,
JOURNAL OF ORAL BIOLOGY AND CRANIOFACIAL RESEARCH,2212-4276;2212-4268,false,2024-07-11,removed from the White List
JOURNAL OF PATHOLOGY INFORMATICS,2229-5089;2153-3539,false,2024-07-11,removed from the White List
JOURNAL OF PLANT NUTRITION AND FERTILIZERS,1008-505X,true,,
JOURNAL OF PLANT PROTECTION RESEARCH,1899-007X;1427-4345,true,,
"JOURNAL OF POLICING, INTELLIGENCE AND COUNTER TERRORISM",2159-5364;1833-5330,true,,
JOURNAL OF PROMOTION MANAGEMENT,1049-6491,true,,
"JOURNAL OF RACE, ETHNICITY AND POLITICS",2056-6085,true,,
JOURNAL OF RELATIONSHIP MARKETING,1533-2675;1533-2667,true,,
JOURNAL OF RELIABLE INTELLIGENT ENVIRONMENTS,2199-4676;2199-4668,true,,
JOURNAL OF RELIGION AND VIOLENCE,2159-6808,true,,
JOURNAL OF REMANUFACTURING,2210-4690;2210-464X,true,,
JOURNAL OF REPRODUCTION AND INFERTILITY,2251-676X;2228-5482,true,,
JOURNAL OF SIBERIAN FEDERAL UNIVERSITY - BIOLOGY|ЖУРНАЛ СИБИРСКОГО ФЕДЕРАЛЬНОГО УНИВЕРСИТЕТА. СЕРИЯ: БИОЛОГИЯ,2313-5530;1997-1389,true,,
JOURNAL OF SIBERIAN FEDERAL UNIVERSITY - HUMANITIES AND SOCIAL SCIENCES|ЖУРНАЛ СИБИРСКОГО ФЕДЕРАЛЬНОГО УНИВЕРСИТЕТА. СЕРИЯ: ГУМАНИТАРНЫЕ НАУКИ,2313-6014;1997-1370,true,,
JOURNAL OF SMALL BUSINESS AND ENTREPRENEURSHIP,2169-2610;0827-6331,true,,
JOURNAL OF SOCIAL STUDIES RESEARCH,0885-985X,true,,
JOURNAL OF SPANISH LANGUAGE TEACHING,2324-7800;2324-7797,true,,
JOURNAL OF SPORT AND TOURISM,1477-5085;1029-5399,true,,
JOURNAL OF SPORT HISTORY,0094-1700,true,,
JOURNAL OF STUDIES ON ALCOHOL AND DRUGS. SUPPLEMENT,1946-5858;1946-584X,true,,
JOURNAL OF SUSTAINABLE MINING,2543-4950;2300-3960,true,,
JOURNAL OF TEACHER EDUCATION FOR SUSTAINABILITY,1691-4147;1691-5534,true,,
JOURNAL OF THE INSTITUTION OF ENGINEERS (INDIA): SERIES A,2250-2157;2250-2149,true,,
JOURNAL OF THE INTENSIVE CARE SOCIETY,1751-1437,true,,
JOURNAL OF THE NORTH ATLANTIC,1935-1984;1935-1933,true,,
JOURNAL OF THE SAUDI SOCIETY OF AGRICULTURAL SCIENCES,1658-077X,true,,
JOURNAL OF TOURISM ANALYSIS,1885-2564;2254-0644,true,,
JOURNAL OF URBAN ECOLOGY,2058-5543,true,,
JOURNAL OF URBANISM,1754-9183;1754-9175,true,,
"JOURNAL OF VERIFICATION, VALIDATION AND UNCERTAINTY QUANTIFICATION",2377-2166;2377-2158,true,,
JOURNAL OF VISUAL LITERACY,2379-6529;1051-144X,true,,
JOURNAL OF WETLAND ARCHAEOLOGY,2051-6231;1473-2971,true,,
JOURNAL OF WINE RESEARCH,1469-9672;0957-1264,true,,
"JOURNAL OF WIRELESS MOBILE NETWORKS, UBIQUITOUS COMPUTING, AND DEPENDABLE APPLICATIONS",2093-5382;2093-5374,true,,
JOURNAL OF WRITING IN CREATIVE PRACTICE,1753-5204;1753-5190,true,,
JOURNAL ON DATA SEMANTICS,1861-2040;1861-2032,true,,
JOURNAL ON MATHEMATICS EDUCATION,2407-0610;2087-8885,true,,
JOURNALISM & COMMUNICATION MONOGRAPHS,1522-6379,true,,
JURNAL INFEKTOLOGII|ЖУРНАЛ ИНФЕКТОЛОГИИ,2499-9865;2072-6732,true,,
JURNAL PENDIDIKAN IPA INDONESIA,2339-1286;2089-4392,true,,
KARANOS,2604-6199;2604-3521,true,,
KARBALA INTERNATIONAL JOURNAL OF MODERN SCIENCE,2405-609X;2405-6103,true,,
KARDIOLOGIYA I SERDECHNO - SOSUDISTAYA KHIRURGIYA|КАРДИОЛОГИЯ И СЕРДЕЧНО-СОСУДИСТАЯ ХИРУРГИЯ,2309-4737;1996-6385,true,,
KASETSART JOURNAL OF SOCIAL SCIENCES,2452-3151,true,,
KAZAN MEDICAL JOURNAL|КАЗАНСКИЙ МЕДИЦИНСКИЙ ЖУРНАЛ,2587-9359;0368-4814,true,,
KEEL JA KIRJANDUS,0131-1441,true,,
KEMANUSIAAN,1985-8353;1394-9330,true,,
KLINICESKAA MIKROBIOLOGIA I ANTIMIKROBNAA HIMIOTERAPIA|КЛИНИЧЕСКАЯ МИКРОБИОЛОГИЯ И АНТИМИКРОБНАЯ ХИМИОТЕРАПИЯ,2686-9586;1684-4386,true,,
KLINICHESCHESKAYA LABORATORNAYA DIAGNOSTIKA|КЛИНИЧЕСКАЯ ЛАБОРАТОРНАЯ ДИАГНОСТИКА,0869-2084,true,,
KLINICHESKAYA DERMATOLOGIYA I VENEROLOGIYA|КЛИНИЧЕСКАЯ ДЕРМАТОЛОГИЯ И ВЕНЕРОЛОГИЯ,2309-4877;1997-2849,true,,
KLIO,0075-6334,true,,
KN - JOURNAL OF CARTOGRAPHY AND GEOGRAPHIC INFORMATION,2524-4965;2524-4957,true,,
KNOWLEDGE CULTURES,2375-6527;2327-5731,true,,
KOERS,0023-270X;2304-8557,true,,
KOLOPROKTOLOGIA|КОЛОПРОКТОЛОГИЯ,2686-7303;2073-7556,true,,
KONDENSIROVANNYE SREDY MEZHFAZNYE GRANITSY|КОНДЕНСИРОВАННЫЕ СРЕДЫ И МЕЖФАЗНЫЕ ГРАНИЦЫ,2687-0711;1606-867X,true,,
KRITIKA I SEMIOTIKA|КРИТИКА И СЕМИОТИКА,2307-1753;2307-1737,true,,
KUTAFIN LAW REVIEW,2713-0533;2713-0525,true,,
LABOR STUDIES JOURNAL,0160-449X,true,,
LANDSCAPE HISTORY,0143-3768,true,,
LANDSCAPES (UNITED KINGDOM),2040-8153;1466-2035,true,,
LASERS IN MANUFACTURING AND MATERIALS PROCESSING,2196-7237;2196-7229,true,,
LATIN AMERICAN JOURNAL OF SEDIMENTOLOGY AND BASIN ANALYSIS,1851-4979;1669-7316,true,,
LAW AND CONTEMPORARY PROBLEMS,1945-2322;0023-9186,true,,
"LAW, INNOVATION AND TECHNOLOGY",1757-997X;1757-9961,true,,
LEADING EDGE,1070-485X,true,,
LETTERS IN BIOMATHEMATICS,2373-7867,true,,
LIMNOLOGY AND OCEANOGRAPHY BULLETIN,1539-6088;1539-607X,true,,
LINGUISTIC AND PHILOSOPHICAL INVESTIGATIONS,1841-2394,true,,
LITERATURA Y LINGUISTICA,0716-5811,true,,
LITERATURE - FILM QUARTERLY,0090-4260,true,,
LITHOSPHERE (RUSSIAN FEDERATION)|ЛИТОСФЕРА,2500-302X;1681-9004,true,,
LIXUE XUEBAO/CHINESE JOURNAL OF THEORETICAL AND APPLIED MECHANICS,0459-1879,true,,
LODZ PAPERS IN PRAGMATICS,1895-6106,true,,
MACHINE TRANSLATION,1573-0573;0922-6567,true,,
MAI JOURNAL,2230-6862,true,,
MALARIA RESEARCH AND TREATMENT,2090-8075;2044-4362,true,,
MANAGEMENT REVIEW QUARTERLY,2198-1639;2198-1620,true,,
MARINE BIOLOGICAL JOURNAL|МОРСКОЙ БИОЛОГИЧЕСКИЙ ЖУРНАЛ,2499-9776;2499-9768,true,,
MARINE FISHERIES REVIEW,0090-1830,true,,
MATERIALS RESEARCH INNOVATIONS,1433-075X;1432-8917,true,,
MATERIALS SCIENCE FOR ENERGY TECHNOLOGIES,2589-2991,true,,
MATHEMATICAL BIOLOGY AND BIOINFORMATICS|МАТЕМАТИЧЕСКАЯ БИОЛОГИЯ И БИОИНФОРМАТИКА,1994-6538,true,,
MATHEMATICAL MODELLING OF ENGINEERING PROBLEMS,2369-0747;2369-0739,true,,
MEDICAL CANNABIS AND CANNABINOIDS,2504-3889,true,,
MEDICAL IMMUNOLOGY (RUSSIA)|МЕДИЦИНСКАЯ ИММУНОЛОГИЯ,2313-741X;1563-0625,true,,
MEDICAL REFERENCE SERVICES QUARTERLY,1540-9597;0276-3869,true,,
MEDICAL TECHNOLOGIES. ASSESSMENT AND CHOICE|МЕДИЦИНСКИЕ ТЕХНОЛОГИИ. ОЦЕНКА И ВЫБОР,2712-7877;2219-0678,true,,
MEDICINA HISTORICA,2532-2370,true,,
MEDICO-BIOLOGICAL AND SOCIO-PSYCHOLOGICAL ISSUES OF SAFETY IN EMERGENCY SITUATIONS|МЕДИКО-БИОЛОГИЧЕСКИЕ И СОЦИАЛЬНО-ПСИХОЛОГИЧЕСКИЕ ПРОБЛЕМЫ БЕЗОПАСНОСТИ В ЧРЕЗВЫЧАЙНЫХ СИТУАЦИЯХ,2541-7487;1995-4441,true,,
MEDIOEVO ROMANZO,1724-1707;0390-0711,true,,
MEDITSINSKIY SOVET|МЕДИЦИНСКИЙ СОВЕТ,2658-5790;2079-701X,true,,
MEITAN XUEBAO/JOURNAL OF THE CHINA COAL SOCIETY,0253-9993,true,,
MESSENGER OF ANESTHESIOLOGY AND RESUSCITATION|ВЕСТНИК АНЕСТЕЗИОЛОГИИ И РЕАНИМАТОЛОГИИ,2541-8653;2078-5658,true,,
METABARCODING AND METAGENOMICS,2534-9708,true,,
METABOLIC ENGINEERING COMMUNICATIONS,2214-0301,false,2024-07-11,removed from the White List
METAL IONS IN LIFE SCIENCES,2041-9821;1559-0836,true,,
METAL MUSIC STUDIES,2052-4005;2052-3998,true,,
MEZHDUNARODNYE PROTSESSY|МЕЖДУНАРОДНЫЕ ПРОЦЕССЫ,1811-2773;1728-2756,true,,
MIKOLOGIYA I FITOPATOLOGIYA|МИКОЛОГИЯ И ФИТОПАТОЛОГИЯ,0026-3648,true,,
MIND AND MATTER,1611-8812,true,,
MIND AND SOCIETY,1593-7879,true,,
MINING INFORMATIONAL AND ANALYTICAL BULLETIN|ГОРНЫЙ ИНФОРМАЦИОННО-АНАЛИТИЧЕСКИЙ БЮЛЛЕТЕНЬ (НАУЧНО-ТЕХНИЧЕСКИЙ ЖУРНАЛ),0236-1493,true,,
MINING SCIENCE AND TECHNOLOGY(RUSSIAN FEDERATION)|ГОРНЫЕ НАУКИ И ТЕХНОЛОГИИ,2500-0632,true,,
MISSIONALIA,0256-9507,true,,
MMWR SUPPLEMENTS,2380-8950;2380-8942,true,,
MOLECULAR ASTROPHYSICS,2405-674X;2405-6758,true,,
MOLEKULYARNAYA BIOLOGIYA|МОЛЕКУЛЯРНАЯ БИОЛОГИЯ,0026-8984,true,,
MONITORING OBSHCHESTVENNOGO MNENIYA: EKONOMICHESKIE I SOTSIAL'NYE PEREMENY|МОНИТОРИНГ ОБЩЕСТВЕННОГО МНЕНИЯ: ЭКОНОМИЧЕСКИЕ И СОЦИАЛЬНЫЕ ПЕРЕМЕНЫ,1815-8617;2219-5467,true,,
MONTHLY NOTICES OF THE ROYAL ASTRONOMICAL SOCIETY: LETTERS,1745-3933,true,,
MULTIFUNCTIONAL MATERIALS,2399-7532,true,,
MUNIBE ANTROPOLOGIA - ARKEOLOGIA,2172-4555;1132-2217,true,,
MUSCULOSKELETAL SURGERY,2035-5114;2035-5106,true,,
MUSIC AND SCIENCE,2059-2043,true,,
NANO-STRUCTURES AND NANO-OBJECTS,2352-507X,true,,
NANOBIOMEDICINE,1849-5435,true,,
NANOMANUFACTURING AND METROLOGY,2520-8128;2520-811X,true,,
NANOTHERANOSTICS,2206-7418,true,,
NATIONAL REMOTE SENSING BULLETIN,1007-4619,true,,
NAUCHNO-PRAKTICHESKAYA REVMATOLOGIYA|НАУЧНО-ПРАКТИЧЕСКАЯ РЕВМАТОЛОГИЯ,1995-4492;1995-4484,true,,
NAUCHNYY VESTNIK MOSKOVSKOY KONSERVATORII|НАУЧНЫЙ ВЕСТНИК МОСКОВСКОЙ КОНСЕРВАТОРИИ,2713-1807;2079-9438,true,,
NCHS DATA BRIEF,1941-4935;1941-4927,true,,
NEFTYANOE KHOZYAYSTVO - OIL INDUSTRY|НЕФТЯНОЕ ХОЗЯЙСТВО,0028-2448,true,,
NEPHROLOGY (SAINT - PETERSBURG)|НЕФРОЛОГИЯ,2541-9439;1561-6274,true,,
NEPHROLOGY AND DIALYSIS|НЕФРОЛОГИЯ И ДИАЛИЗ,2618-9801;1680-4422,true,,
NERVNO-MYSHECHNYE BOLEZNI|НЕРВНО-МЫШЕЧНЫЕ БОЛЕЗНИ,2413-0443;2222-8721,true,,
NEUROBIOLOGY OF LANGUAGE,2641-4368,true,,
NEUROBIOLOGY OF PAIN,2452-073X,false,2024-07-11,removed from the White List
NEUROBIOLOGY OF SLEEP AND CIRCADIAN RHYTHMS,2451-9944,false,2024-07-11,removed from the White List
NEUTROSOPHIC SETS AND SYSTEMS,2331-608X;2331-6055,true,,
"NEVROLOGIYA, NEIROPSIKHIATRIYA, PSIKHOSOMATIKA|НЕВРОЛОГИЯ, НЕЙРОПСИХИАТРИЯ, ПСИХОСОМАТИКА",2310-1342;2074-2711,true,,
NEW CINEMAS,2040-0578;1474-2756,true,,
NEW DESIGN IDEAS,2524-2148;2522-4875,true,,
NEW DISEASE REPORTS,2044-0588,true,,
NFS JOURNAL,2352-3646,false,2024-07-11,removed from the White List
NORTH KOREAN REVIEW,1551-2789,true,,
NORTHERN LIGHTS,2040-0586;1601-829X,true,,
NOVAYA I NOVEJSHAYA ISTORIYA|НОВАЯ И НОВЕЙШАЯ ИСТОРИЯ,0130-3864,true,,
NTT JOURNAL FOR THEOLOGY AND THE STUDY OF RELIGION,2590-3268;2542-6583,true,,
NUTRITION AND HEALTHY AGING,2451-9502;2451-9480,true,,
OBESITY AND METABOLISM|ОЖИРЕНИЕ И МЕТАБОЛИЗМ,2071-8713;2306-5524,true,,
OBOGASHCHENIE RUD|ОБОГАЩЕНИЕ РУД,0202-3776,true,,
OBSHCHAYA REANIMATOLOGIYA|ОБЩАЯ РЕАНИМАТОЛОГИЯ,2411-7110;1813-9779,true,,
"OBSTETRICS, GYNECOLOGY AND REPRODUCTION|АКУШЕРСТВО, ГИНЕКОЛОГИЯ И РЕПРОДУКЦИЯ",2500-3194;2313-7347,true,,
OIL AND GAS GEOLOGY,0253-9985,true,,
ONCOGEMATOLOGIYA|ОНКОГЕМАТОЛОГИЯ,2413-4023;1818-8346,true,,
ONCOTARGET,1949-2553,true,,
ONE ECOSYSTEM,2367-8194,true,,
ONLINE SOCIAL NETWORKS AND MEDIA,2468-6964,true,,
ONTARIO HEALTH TECHNOLOGY ASSESSMENT SERIES,1915-7398,true,,
OPEN AGRICULTURE JOURNAL,1874-3315,true,,
OPEN BIOCHEMISTRY JOURNAL,1874-091X,true,,
OPEN MEDICINE,1911-2092,true,,
OPEN MIND,2470-2986,true,,
OPEN QUATERNARY,2055-298X,true,,
OPENNANO,2352-9520,false,2024-07-11,removed from the White List
OPERATIONAL RESEARCH IN ENGINEERING SCIENCES: THEORY AND APPLICATIONS,2620-1747;2620-1607,true,,
OPTICAL MATERIALS: X,2590-1478,false,2024-07-11,removed from the White List
OPUSCULA PHILOLICHENUM,1941-7527;1941-7519,true,,
OSONG PUBLIC HEALTH AND RESEARCH PERSPECTIVES,2233-6052;2210-9099,true,,
OUTLOOKS ON PEST MANAGEMENT,1743-1026,true,,
P.A. HERZEN JOURNAL OF ONCOLOGY|ОНКОЛОГИЯ. ЖУРНАЛ ИМ. П.А. ГЕРЦЕНА,2309-4745;2305-218X,true,,
PACIFIC SYMPOSIUM ON BIOCOMPUTING. PACIFIC SYMPOSIUM ON BIOCOMPUTING,2335-6928;2335-6936,true,,
PAKISTAN JOURNAL OF COMMERCE AND SOCIAL SCIENCE,2309-8619;1997-8553,true,,
PALLIATIVE CARE AND SOCIAL PRACTICE,2632-3524,true,,
PARALLELES,2296-6684;2102-4316,true,,
PATOLOGIYA KROVOOBRASHCHENIYA I KARDIOKHIRURGIYA|ПАТОЛОГИЯ КРОВООБРАЩЕНИЯ И КАРДИОХИРУРГИЯ,2500-3119;1681-3472,true,,
"PEDIATRIC TRAUMATOLOGY, ORTHOPAEDICS AND RECONSTRUCTIVE SURGERY|ОРТОПЕДИЯ, ТРАВМАТОЛОГИЯ И ВОССТАНОВИТЕЛЬНАЯ ХИРУРГИЯ ДЕТСКОГО ВОЗРАСТА",2410-8731;2309-3994,true,,
ПЕДИАТРИЯ. ЖУРНАЛ ИМ. Г.Н. СПЕРАНСКОГО,0031-403X;1990-2182,true,,
PERFORMANCE ENHANCEMENT AND HEALTH,2211-2669,true,,
PERIODICA POLYTECHNICA TRANSPORTATION ENGINEERING,0303-7800,true,,
PERSONAL AND UBIQUITOUS COMPUTING,1617-4909,true,,
PERSPECTIVES ON SCIENCE,1530-9274;1063-6145,true,,
PERSPECTIVES ON TERRORISM,2334-3745,true,,
PETROLEUM,2405-6561;2405-5816,true,,
PETROLEUM RESEARCH,2524-1729;2096-2495,true,,
PHILOLOGIA ESTONICA TALLINNENSIS,2504-6624;2504-6616,true,,
PHILOSOPHICAL TOPICS,0276-2080,true,,
PHILOSOPHY & TECHNOLOGY,2210-5441;2210-5433,true,,
PHYSICS IN MEDICINE,2352-4510,true,,
PIROGOV RUSSIAN JOURNAL OF SURGERY|ХИРУРГИЯ. ЖУРНАЛ ИМ. Н.И. ПИРОГОВА,2309-5628;0023-1207,true,,
PLANT PHENOME JOURNAL,2578-2703,true,,
PLANT SOCIOLOGY,2280-1855,true,,
PLASTIC SURGERY AND AESTHETIC MEDICINE|ПЛАСТИЧЕСКАЯ ХИРУРГИЯ И ЭСТЕТИЧЕСКАЯ МЕДИЦИНА,2713-3389;2686-7346,true,,
PNRPU MECHANICS BULLETIN|ВЕСТНИК ПЕРМСКОГО НАЦИОНАЛЬНОГО ИССЛЕДОВАТЕЛЬСКОГО ПОЛИТЕХНИЧЕСКОГО УНИВЕРСИТЕТА. МЕХАНИКА,2226-1869;2224-9893,true,,
POLAR JOURNAL,2154-8978;2154-896X,true,,
POLITYKA ENERGETYCZNA-ENERGY POLICY JOURNAL,1429-6675,true,,
POPULATION AND ECONOMICS,2658-3798,true,,
POPULATION AND SOCIETIES,0184-7783,true,,
POSTDIGITAL SCIENCE AND EDUCATION,2524-4868;2524-485X,true,,
POVOLZHSKII EKOLOGICHESKII ZHURNAL|ПОВОЛЖСКИЙ ЭКОЛОГИЧЕСКИЙ ЖУРНАЛ,2541-8963;1684-7318,true,,
POWER SYSTEM TECHNOLOGY,1000-3673,true,,
PRAXEMA|ПРАКСЕМА. ПРОБЛЕМЫ ВИЗУАЛЬНОЙ СЕМИОТИКИ,2408-9176;2312-7899,true,,
"PRESERVATION, DIGITAL TECHNOLOGY AND CULTURE",2195-2957;2195-2965,true,,
PROBLEMS AND PERSPECTIVES IN MANAGEMENT,1810-5467;1727-7051,true,,
PROBLEMY ENDOKRINOLOGII|ПРОБЛЕМЫ ЭНДОКРИНОЛОГИИ,0375-9660;2308-1430,true,,
PROBLEMY OSOBO OPASNYKH INFEKTSII|ПРОБЛЕМЫ ОСОБО ОПАСНЫХ ИНФЕКЦИЙ,2658-719X;0370-1069,true,,
"PROBLEMY SOTSIAL NOI GIGIENY I ISTORIIA MEDITSINY NII SOTSIAL NOI GIGIENY EKONOMIKI I UPRAVLENIIA ZDRAVOOKHRANENIEM IM N A SEMASHKO RAMN AO ASSOTSIATSIIA MEDITSINSKAIA LITERATURA|ПРОБЛЕМЫ СОЦИАЛЬНОЙ ГИГИЕНЫ, ЗДРАВООХРАНЕНИЯ И ИСТОРИИ МЕДИЦИНЫ",0869-866X;2412-2106,true,,
PROCEEDINGS OF THE ACM ON HUMAN-COMPUTER INTERACTION,2573-0142,true,,
PROCEEDINGS OF THE ARISTOTELEAN SOCIETY,1467-9264;0066-7374,true,,
PROCEEDINGS OF THE ZOOLOGICAL INSTITUTE OF THE RUSSIAN ACADEMY OF SCIENCES|ТРУДЫ ЗООЛОГИЧЕСКОГО ИНСТИТУТА РАН,2221-3996;0206-0477,true,,
"PROCEEDINGS ON APPLIED BOTANY, GENETICS AND BREEDING|ТРУДЫ ПО ПРИКЛАДНОЙ БОТАНИКЕ, ГЕНЕТИКЕ И СЕЛЕКЦИИ",2619-0982;2227-8834,true,,
PROFILAKTICHESKAYA MEDITSINA|ПРОФИЛАКТИЧЕСКАЯ МЕДИЦИНА,2309-513X;2305-4948,true,,
PROGRESS IN FRACTIONAL DIFFERENTIATION AND APPLICATIONS,2356-9344;2356-9336,true,,
PROGRESS IN INDUSTRIAL ECOLOGY,1478-8764;1476-8917,true,,
PROGRESS IN MOLECULAR AND SUBCELLULAR BIOLOGY,0079-6484,true,,
PROGRESS IN MOLECULAR BIOLOGY AND TRANSLATIONAL SCIENCE,1877-1173,true,,
PROGRESS IN NEUROLOGICAL SURGERY,0079-6492,true,,
PROSPECTS,0033-1538,true,,
PRZESTRZEN SPOLECZNA,2084-7696;2084-1558,true,,
PSYCHIATRY (MOSCOW)|ПСИХИАТРИЯ,2618-6667;1683-8319,true,,
PSYCHOLOGY OF LANGUAGE AND COMMUNICATION,2083-8506;1234-2238,true,,
PUBLICACION ELECTRONICA DE LA ASOCIACION PALEONTOLOGICA ARGENTINA,2469-0228,true,,
PULMONOLOGIYA|ПУЛЬМОНОЛОГИЯ,2541-9617;0869-0189,true,,
PUNK AND POST-PUNK,2044-3706;2044-1983,true,,
PYRENAE,2339-9171;0079-8215,true,,
QUALITY AND QUANTITY,1573-7845;0033-5177,true,,
QUALITY MANAGEMENT JOURNAL,1068-6967,true,,
QUANTA,1314-7374,true,,
QUDUS INTERNATIONAL JOURNAL OF ISLAMIC STUDIES,2476-9304;2355-1895,true,,
QUEENSLAND ARCHAEOLOGICAL RESEARCH,1839-339X;0814-3021,true,,
RADIATION AND RISK|РАДИАЦИЯ И РИСК (БЮЛЛЕТЕНЬ НАЦИОНАЛЬНОГО РАДИАЦИОННО-ЭПИДЕМИОЛОГИЧЕСКОГО РЕГИСТРА),2412-950X;0131-3878,true,,
RADIATSIONNAYA GYGIENA|РАДИАЦИОННАЯ ГИГИЕНА,0320-2941;2409-9082;1998-426X,true,,
RADIO JOURNAL,2040-1388;1476-4504,true,,
RADIOLOGY: CARDIOTHORACIC IMAGING,2638-6135,true,,
RASTITEL'NOST' ROSSII|РАСТИТЕЛЬНОСТЬ РОССИИ,2073-0659,true,,
REACH,2352-3093,true,,
"RECENT ADVANCES IN FOOD, NUTRITION & AGRICULTURE",2772-574X;2772-5758,true,,
REPRODUCTIVE BIOMEDICINE AND SOCIETY ONLINE,2405-6618,true,,
RESEARCH ETHICS,2047-6094;1747-0161,true,,
RESEARCH IN AGRICULTURAL ENGINEERING,1805-9376;1212-9151,true,,
RESEARCH IN GLOBALIZATION,2590-051X,false,2024-07-11,removed from the White List
RESEARCH INVOLVEMENT AND ENGAGEMENT,2056-7529,true,,
RESEARCH ON CROPS,0972-3226,true,,
RESEARCH RESULTS IN PHARMACOLOGY,2658-381X,true,,
RESULTS IN NONLINEAR ANALYSIS,2636-7556,true,,
RETHINKING ECOLOGY,2534-9260,true,,
REVIEW OF BLACK POLITICAL ECONOMY,1936-4814;0034-6446,true,,
REVIEW OF CONTEMPORARY PHILOSOPHY,1841-5261,true,,
REVIEWS IN PHYSICS,2405-4283,false,2024-07-11,removed from the White List
REVISTA DE CIENCIAS SOCIALES,1315-9518,true,,
REVISTA DE LITERATURA MEDIEVAL,1130-3611,true,,
REVISTA DE PENSAMIENTO ESTRATEGICO Y SEGURIDAD CISDE,2529-8763,true,,
REVISTA DE POETICA MEDIEVAL,2660-891X;1137-8905,true,,
REVISTA EUROPEA DE ESTUDIOS LATINOAMERICANOS Y DEL CARIBE/EUROPEAN REVIEW OF LATIN AMERICAN AND CARIBBEAN STUDIES,0924-0608,true,,
REVISTA TRANSILVANIA,0255-0539,true,,
ROSSIISKII OFTAL'MOLOGICHESKII ZHURNAL|РОССИЙСКИЙ ОФТАЛЬМОЛОГИЧЕСКИЙ ЖУРНАЛ,2587-5760;2072-0076,true,,
ROSSIYSKIY VESTNIK PERINATOLOGII I PEDIATRII|РОССИЙСКИЙ ВЕСТНИК ПЕРИНАТОЛОГИИ И ПЕДИАТРИИ,2500-2228;1027-4065,true,,
RUDN JOURNAL OF PHILOSOPHY|ВЕСТНИК РОССИЙСКОГО УНИВЕРСИТЕТА ДРУЖБЫ НАРОДОВ. СЕРИЯ: ФИЛОСОФИЯ,2408-8900;2313-2302,true,,
RURAL LANDSCAPES,2002-0104,true,,
RUSSIAN ARCHIVES OF INTERNAL MEDICINE|АРХИВЪ ВНУТРЕННЕЙ МЕДИЦИНЫ,2411-6564;2226-6704,true,,
RUSSIAN BULLETIN OF OBSTETRICIAN - GYNECOLOGIST|РОССИЙСКИЙ ВЕСТНИК АКУШЕРА-ГИНЕКОЛОГА,2309-5148;1726-6122,true,,
RUSSIAN ELECTRONIC JOURNAL OF RADIOLOGY|РОССИЙСКИЙ ЭЛЕКТРОННЫЙ ЖУРНАЛ ЛУЧЕВОЙ ДИАГНОСТИКИ,2222-7415,true,,
RUSSIAN ENTOMOLOGICAL JOURNAL,0132-8069,true,,
RUSSIAN JOURNAL OF ALLERGY|РОССИЙСКИЙ АЛЛЕРГОЛОГИЧЕСКИЙ ЖУРНАЛ,2686-682X;1810-8830,true,,
АНЕСТЕЗИОЛОГИЯ И РЕАНИМАТОЛОГИЯ (МЕДИА СФЕРА),2410-4698;0201-7563,true,,
RUSSIAN JOURNAL OF CARDIOLOGY|РОССИЙСКИЙ КАРДИОЛОГИЧЕСКИЙ ЖУРНАЛ,1560-4071;2618-7620,true,,
RUSSIAN JOURNAL OF ECONOMICS,2618-7213;2405-4739,true,,
RUSSIAN JOURNAL OF FOREST SCIENCE|ЛЕСОВЕДЕНИЕ,0024-1148,true,,
"RUSSIAN JOURNAL OF GASTROENTEROLOGY, HEPATOLOGY, COLOPROCTOLOGY|РОССИЙСКИЙ ЖУРНАЛ ГАСТРОЭНТЕРОЛОГИИ, ГЕПАТОЛОГИИ, КОЛОПРОКТОЛОГИИ",2658-6673;1382-4376,true,,
RUSSIAN JOURNAL OF HUMAN REPRODUCTION|ПРОБЛЕМЫ РЕПРОДУКЦИИ,2309-4885;1025-7217,true,,
RUSSIAN JOURNAL OF NEUROSURGERY|НЕЙРОХИРУРГИЯ,2587-7569;1683-3295,true,,
RUSSIAN RHINOLOGY|РОССИЙСКАЯ РИНОЛОГИЯ,2411-8788;0869-5474,true,,
RUSSKAYA RECH|РУССКАЯ РЕЧЬ,0131-6117,true,,
SAN FRANCISCO ESTUARY AND WATERSHED SCIENCE,1546-2366,true,,
SCIENTIFIC CULTURE,2408-0071;2407-9529,true,,
SCIENZE REGIONALI,2035-603X;1720-3929,true,,
SCRINIUM,1817-7565;1817-7530,true,,
SEL'SKOKHOZYAISTVENNAYA BIOLOGIYA|СЕЛЬСКОХОЗЯЙСТВЕННАЯ БИОЛОГИЯ,2313-4836;0131-6397,true,,
SEMA JOURNAL,2281-7875;2254-3902,true,,
SEMINARS IN CUTANEOUS MEDICINE AND SURGERY,1085-5629,true,,
SEMINARS IN HEARING,1098-8955;0734-0451,true,,
SHAGI/ STEPS|ШАГИ - STEPS,2412-9410,true,,
SHIYOU KANTAN YU KAIFA/PETROLEUM EXPLORATION AND DEVELOPMENT,1000-0747,true,,
SIBERIAN JOURNAL OF ONCOLOGY|СИБИРСКИЙ ОНКОЛОГИЧЕСКИЙ ЖУРНАЛ,2312-3168;1814-4861,true,,
SIBERIAN JOURNAL OF CLINICAL AND EXPERIMENTAL MEDICINE|СИБИРСКИЙ ЖУРНАЛ КЛИНИЧЕСКОЙ И ЭКСПЕРИМЕНТАЛЬНОЙ МЕДИЦИНЫ,2713-2927;2713-265X,true,,
SKASE JOURNAL OF TRANSLATION AND INTERPRETATION,1336-7811,true,,
SKIN THERAPY LETTER,1201-5989,true,,
SLAVIA CENTRALIS,2385-8753;1855-6302,true,,
SLAVISTICNA REVIJA,0350-6894,true,,
SLOVO (CROATIA),0583-6255,true,,
SLOVO.RU: BALTIC ACCENT|СЛОВО.РУ: БАЛТИЙСКИЙ АКЦЕНТ,2686-8989;2225-5346,true,,
SMALL GTPASES,2154-1256;2154-1248,true,,
SMART HEALTH,2352-6483,true,,
SOCIAL AND ENVIRONMENTAL ACCOUNTABILITY JOURNAL,2156-2245;0969-160X,true,,
SORBTSIONNYE I KHROMATOGRAFICHESKIE PROTSESSY|СОРБЦИОННЫЕ И ХРОМАТОГРАФИЧЕСКИЕ ПРОЦЕССЫ,1680-0613,true,,
SOTSIOLOGICHESKIY ZHURNAL|СОЦИОЛОГИЧЕСКИЙ ЖУРНАЛ,1684-1581;1562-2495,true,,
SOURCE CODE FOR BIOLOGY AND MEDICINE,1751-0473,true,,
SOUTH AFRICAN JOURNAL OF CHEMICAL ENGINEERING,1026-9185,false,2024-07-11,removed from the White List
SOUTHEASTERN ARCHAEOLOGY,0734-578X,true,,
SOVREMENNAYA REVMATOLOGIYA|СОВРЕМЕННАЯ РЕВМАТОЛОГИЯ,2310-158X;1996-7012,true,,
SOVREMENNYE PROBLEMY DISTANTSIONNOGO ZONDIROVANIYA ZEMLI IZ KOSMOSA|СОВРЕМЕННЫЕ ПРОБЛЕМЫ ДИСТАНЦИОННОГО ЗОНДИРОВАНИЯ ЗЕМЛИ ИЗ КОСМОСА,2411-0280;2070-7401,true,,
SPANISH JOURNAL OF MARKETING - ESIC,2444-9709;2444-9695,true,,
SPATIAL ECONOMICS|ПРОСТРАНСТВЕННАЯ ЭКОНОМИКА,2587-5957;1815-9834,true,,
SPATIUM,2217-8066;1450-569X,true,,
SPENSER STUDIES,2167-8529;0195-9468,true,,
SPORT MONT,2337-0351;1451-7485,true,,
SPORTS MEDICINE AND HEALTH SCIENCE,2666-3376,true,,
SREDNIE VEKA|СРЕДНИЕ ВЕКА,0131-8780,true,,
STEM CELL INVESTIGATION,2313-0792;2306-9759,true,,
STOCHASTIC SYSTEMS,1946-5238,true,,
STOMATOLOGIYA|СТОМАТОЛОГИЯ,2309-5318;0039-1735,true,,
"STORYTELLING, SELF, SOCIETY",1932-0280;1550-5340,true,,
STRATA,2633-4216;2042-7867,true,,
STRATEGIC DESIGN RESEARCH JOURNAL,1984-2988,true,,
STUDIA ANGLICA POSNANIENSIA,0081-6272,true,,
STUDIA HIBERNICA,0081-6477,true,,
STUDIA HISTORICA SLOVENICA,1580-8122,true,,
STUDIA ISLAMICA,1958-5705;0585-5292,true,,
STUDIES IN ANCIENT ART AND CIVILIZATION,2449-867X;1899-1548,true,,
STUDIES IN DIGITAL HERITAGE,2574-1748,true,,
STUDIES IN ENGLISH LANGUAGE AND EDUCATION,2461-0275;2355-2794,true,,
STUDIES IN HISTORY AND PHILOSOPHY OF SCIENCE PART B STUDIES IN HISTORY AND PHILOSOPHY OF MODERN PHYSICS,1355-2198,true,,
STUDIES IN LATE ANTIQUITY,2470-2048,true,,
STUDIES IN SOUTH ASIAN FILM AND MEDIA,1756-493X;1756-4921,true,,
STUDIES IN THE AGE OF CHAUCER,0190-2407,true,,
STUDY ABROAD RESEARCH IN SECOND LANGUAGE ACQUISITION AND INTERNATIONAL EDUCATION,2405-5530;2405-5522,true,,
SUB-CELLULAR BIOCHEMISTRY,2542-8810;0096-8757;0306-0225,true,,
SUDEBNO-MEDITSINSKAYA EKSPERTISA|СУДЕБНО-МЕДИЦИНСКАЯ ЭКСПЕРТИЗА,2309-5326;0039-4521,true,,
SURGICAL PATHOLOGY CLINICS,1875-9157;1875-9181,true,,
SUSTAINABILITY AND CLIMATE CHANGE,2692-2932;2692-2924,true,,
"SUSTAINABILITY: SCIENCE, PRACTICE, AND POLICY",1548-7733,true,,
SUSTAINABLE FUTURES,2666-1888,false,2024-07-11,removed from the White List
SVENSK TEOLOGISK KVARTALSKRIFT,0039-6761,true,,
SWISS JOURNAL OF ECONOMICS AND STATISTICS,2235-6282,true,,
TEACHING ENGLISH WITH TECHNOLOGY,1642-1027,true,,
TECHNE: RESEARCH IN PHILOSOPHY AND TECHNOLOGY,0161-7249,true,,
TECHNOLOGY ARCHITECTURE AND DESIGN,2475-1448;2475-143X,true,,
TEMPERATURE,2332-8959;2332-8940,true,,
TERRITORIO,2239-6330;1825-8689,true,,
TERULETI STATISZTIKA,2064-8251;0018-7828,true,,
THE BMJ,1756-1833,true,,
THE JOURNAL OF MEN'S STUDIES,1933-0251;1060-8265,true,,
THE JOURNAL OF NEGRO EDUCATION,2167-6437;0022-2984,true,,
THEATRE RESEARCH IN CANADA - RECHERCHES THEATRALES AU CANADA,1196-1198,true,,
THEORETICAL BIOLOGY AND MEDICAL MODELLING,1742-4682,true,,
THEORETICAL INQUIRIES IN LAW,1565-3404;1565-1509,true,,
THERAPEUTIC ADVANCES IN VACCINES AND IMMUNOTHERAPY,2515-1363;2515-1355,true,,
TONKIE KHIMICHESKIE TEKHNOLOGII|ТОНКИЕ ХИМИЧЕСКИЕ ТЕХНОЛОГИИ,2686-7575;2410-6593,true,,
TOURISM IN MARINE ENVIRONMENTS,1544-273X,true,,
TOXICOLOGY REPORTS,2214-7500,false,2024-07-11,removed from the White List
TRADITIONES,0352-0447,true,,
TRANSACTIONS OF THE ROYAL HISTORICAL SOCIETY,1474-0648;0080-4401,true,,
TRANSACTIONS OF TIANJIN UNIVERSITY,1995-8196;1006-4982,true,,
TRANSITIONS: JOURNAL OF TRANSIENT MIGRATION,2397-7159;2397-7140,true,,
"TRANSLATION, COGNITION AND BEHAVIOR",2542-5285;2542-5277,true,,
TRANSNATIONAL CORPORATIONS,1014-9562,true,,
TRANSPORTATION RESEARCH INTERDISCIPLINARY PERSPECTIVES,2590-1982,false,2024-07-11,removed from the White List
"TREATISES AND DOCUMENTS, JOURNAL OF ETHNIC STUDIES",1854-5181;0354-0286,true,,
TSITOLOGIYA|ЦИТОЛОГИЯ,0041-3771,true,,
ТУБЕРКУЛЕЗ И БОЛЕЗНИ ЛЕГКИХ,2075-1230;2542-1506,true,,
TUMOR BIOLOGY,1423-0380;1010-4283,true,,
TUMU GONGCHENG XUEBAO/CHINA CIVIL ENGINEERING JOURNAL,1000-131X,true,,
UGOL'|УГОЛЬ,0041-5790,false,2026-03-25,removed from the White List
UNCERTAIN SUPPLY CHAIN MANAGEMENT,2291-6830;2291-6822,true,,
URAL'SKIJ ISTORICESKIJ VESTNIK|УРАЛЬСКИЙ ИСТОРИЧЕСКИЙ ВЕСТНИК,1728-9718,true,,
URAL - ALTAIC STUDIES|УРАЛО-АЛТАЙСКИЕ ИССЛЕДОВАНИЯ,2079-1003;2500-2902,true,,
URBAN AGRICULTURE AND REGIONAL FOOD SYSTEMS,2575-1220,true,,
URBAN REVIEW,0042-0972,true,,
URBANISM. ARCHITECTURE. CONSTRUCTIONS,2069-6469;2069-0509,true,,
UROLOGIIA|УРОЛОГИЯ,1728-2985;2414-9020,true,,
USPEKHI FIZIOLOGICHESKIKH NAUK|УСПЕХИ ФИЗИОЛОГИЧЕСКИХ НАУК,0301-1798,true,,
VALORI E VALUTAZIONI,2036-2404,true,,
VERBUM ET ECCLESIA,2074-7705;1609-9982,true,,
VESTNIK DERMATOLOGII I VENEROLOGII|ВЕСТНИК ДЕРМАТОЛОГИИ И ВЕНЕРОЛОГИИ,2313-6294;0042-4609,true,,
"VESTNIK MOSKOVSKOGO UNVIERSITETA, SERIYA GEOGRAFIYA|ВЕСТНИК МОСКОВСКОГО УНИВЕРСИТЕТА. СЕРИЯ 5: ГЕОГРАФИЯ",0579-9414,true,,
"VESTNIK NOVOSIBIRSKOGO GOSUDARSTVENNOGO UNIVERSITETA, SERIYA: ISTORIYA, FILOLOGIYA|ВЕСТНИК НОВОСИБИРСКОГО ГОСУДАРСТВЕННОГО УНИВЕРСИТЕТА. СЕРИЯ: ИСТОРИЯ, ФИЛОЛОГИЯ",1818-7919,true,,
VESTNIK OFTALMOLOGII|ВЕСТНИК ОФТАЛЬМОЛОГИИ,2309-1282;0042-465X,true,,
VESTNIK OTORINOLARINGOLOGII|ВЕСТНИК ОТОРИНОЛАРИНГОЛОГИИ,2309-1274;0042-4668,true,,
ВЕСТНИК РОССИЙСКОЙ АКАДЕМИИ МЕДИЦИНСКИХ НАУК,2414-3545;0869-6047,true,,
VESTNIK RUDN. INTERNATIONAL RELATIONS|ВЕСТНИК РОССИЙСКОГО УНИВЕРСИТЕТА ДРУЖБЫ НАРОДОВ. СЕРИЯ: МЕЖДУНАРОДНЫЕ ОТНОШЕНИЯ,2313-0679;2313-0660,true,,
VESTNIK VOSSTANOVITEL'NOJ MEDICINY|ВЕСТНИК ВОССТАНОВИТЕЛЬНОЙ МЕДИЦИНЫ,2713-2625;2078-1962,true,,
VIRTUAL CREATIVITY,2397-9704;2397-9712,true,,
"VITAL AND HEALTH STATISTICS. SERIES 2, DATA EVALUATION AND METHODS RESEARCH",0083-2057,true,,
"VOPROSY GINEKOLOGII, AKUSHERSTVA I PERINATOLOGII|ВОПРОСЫ ГИНЕКОЛОГИИ, АКУШЕРСТВА И ПЕРИНАТОЛОГИИ",2414-9152;1726-1678,true,,
VOPROSY KOGNITIVNOY LINGVISTIKI|ВОПРОСЫ КОГНИТИВНОЙ ЛИНГВИСТИКИ,1812-3228,true,,
"VOPROSY KURORTOLOGII, FIZIOTERAPII, I LECHEBNOI FIZICHESKOI KULTURY|ВОПРОСЫ КУРОРТОЛОГИИ, ФИЗИОТЕРАПИИ И ЛЕЧЕБНОЙ ФИЗИЧЕСКОЙ КУЛЬТУРЫ",2309-1355;0042-8787,true,,
VOPROSY LITERATURY|ВОПРОСЫ ЛИТЕРАТУРЫ,0042-8795,true,,
VOPROSY ONKOLOGII|ВОПРОСЫ ОНКОЛОГИИ,0507-3758,true,,
VOPROSY PITANIIA|ВОПРОСЫ ПИТАНИЯ,0042-8833;2658-7440,true,,
VOPROSY SOVREMENNOI PEDIATRII - CURRENT PEDIATRICS|ВОПРОСЫ СОВРЕМЕННОЙ ПЕДИАТРИИ,1682-5535;1682-5527,true,,
VOPROSY VIRUSOLOGII|ВОПРОСЫ ВИРУСОЛОГИИ,0507-4088;2411-2097,true,,
VOSTOK (ORIENS)|ВОСТОК. АФРО-АЗИАТСКИЕ ОБЩЕСТВА: ИСТОРИЯ И СОВРЕМЕННОСТЬ,0869-1908;2713-0401,true,,
VYSSHEE OBRAZOVANIE V ROSSII|ВЫСШЕЕ ОБРАЗОВАНИЕ В РОССИИ,2072-0459;0869-3617,true,,
WATER CONSERVATION AND MANAGEMENT,2523-5672;2523-5664,true,,
WATER SECURITY,2468-3124,true,,
WELLCOME OPEN RESEARCH,2398-502X,true,,
WHATEVER,2611-657X,true,,
WHO SOUTH-EAST ASIA JOURNAL OF PUBLIC HEALTH,2224-3151;2304-5272,true,,
WINE ECONOMICS AND POLICY,2212-9774,true,,
WOMEN & PERFORMANCE: A JOURNAL OF FEMINIST THEORY,1748-5819;0740-770X,true,,
WORLD FUTURES,0260-4027,true,,
WORLD NEUROSURGERY: X,2590-1397,false,2024-07-11,removed from the White List
WOUND MEDICINE,2213-9095,true,,
WRITING SYSTEMS RESEARCH,1758-681X;1758-6801,true,,
YEARBOOK OF EUROPEAN LAW,2045-0044;0263-3264,true,,
YEARBOOK OF MEDICAL INFORMATICS,2364-0502;0943-4747,true,,
YOUTH THEATRE JOURNAL,0892-9092,true,,
ZANRY RECI|ЖАНРЫ РЕЧИ,2311-0759;2311-0740,true,,
ZAPISKI ROSSIISKOGO MINERALOGICHESKOGO OBSHCHESTVA|ЗАПИСКИ РОССИЙСКОГО МИНЕРАЛОГИЧЕСКОГО ОБЩЕСТВА,0869-6055;2658-4352,true,,
ZBORNIK SLOVENSKEHO NARODNEHO MUZEA ARCHEOLOGIA,1336-6637,true,,
ZDRAVOOKHRANENIE ROSSIISKOI FEDERATSII / MINISTERSTVO ZDRAVOOKHRANENIIA RSFSR|ЗДРАВООХРАНЕНИЕ РОССИЙСКОЙ ФЕДЕРАЦИИ,2412-0723;0044-197X,true,,
ZHONGGUO KUANGYE DAXUE XUEBAO/JOURNAL OF CHINA UNIVERSITY OF MINING & TECHNOLOGY,1000-1964,true,,
ZHONGHUA LIU XING BING XUE ZA ZHI = ZHONGHUA LIUXINGBINGXUE ZAZHI,0254-6450,true,,
"ZHURNAL MIKROBIOLOGII EPIDEMIOLOGII I IMMUNOBIOLOGII|ЖУРНАЛ МИКРОБИОЛОГИИ, ЭПИДЕМИОЛОГИИ И ИММУНОБИОЛОГИИ",0372-9311;2686-7613,true,,
ZHURNAL NEVROLOGII I PSIKHIATRII IMENI S.S. KORSAKOVA|ЖУРНАЛ НЕВРОЛОГИИ И ПСИХИАТРИИ ИМ. C.C. КОРСАКОВА,2309-4729;1997-7298,true,,
ZHURNAL VOPROSY NEJROKHIRURGII IMENI N.N. BURDENKO|ВОПРОСЫ НЕЙРОХИРУРГИИ ИМ. Н.Н. БУРДЕНКО,0042-8817;2309-1681,true,,
ZOOSYSTEMATICA ROSSICA,2410-0226;0320-9180,true,,
CONSILIUM MEDICUM,2542-2170;2075-1753,true,,
JOURNAL OF APPLIED ECONOMIC RESEARCH,2712-7435,true,,
SCIENCE FOR EDUCATION TODAY,2658-6762,true,,
AVTOMATIKA I TELEMEKHANIKA|АВТОМАТИКА И ТЕЛЕМЕХАНИКА,0005-2310,true,,
АГРАРНАЯ НАУКА ЕВРО-СЕВЕРО-ВОСТОКА,2500-1396;2072-9081,true,,
АГРАРНЫЙ ВЕСТНИК УРАЛА,2307-0005;1997-4868,true,,
АГРОИНЖЕНЕРИЯ,2687-1149;2687-1130,true,,
АГРОХИМИЯ,0002-1881,true,,
АЗИЯ И АФРИКА СЕГОДНЯ,2782-2389;0321-5075,true,,
AKUSTICHESKIJ ZHURNAL|АКУСТИЧЕСКИЙ ЖУРНАЛ,0320-7919,true,,
АЛГЕБРА И АНАЛИЗ,0234-0852,true,,
ALMANAC OF CLINICAL MEDICINE|АЛЬМАНАХ КЛИНИЧЕСКОЙ МЕДИЦИНЫ,2587-9294;2072-0505,true,,
АМУРСКИЙ ЗООЛОГИЧЕСКИЙ ЖУРНАЛ,2686-9519;1999-4079,true,,
"АПК: ЭКОНОМИКА, УПРАВЛЕНИЕ",0235-2443,true,,
АРХЕОЛОГИЧЕСКИЕ ВЕСТИ,1817-6976,true,,
"АРХЕОЛОГИЯ, ЭТНОГРАФИЯ И АНТРОПОЛОГИЯ ЕВРАЗИИ",2410-7182;1563-0102,true,,
АСТРОНОМИЧЕСКИЙ ВЕСТНИК. ИССЛЕДОВАНИЯ СОЛНЕЧНОЙ СИСТЕМЫ,0320-930X,true,,
АСТРОНОМИЧЕСКИЙ ЖУРНАЛ,0004-6299,true,,
АСТРОФИЗИЧЕСКИЙ БЮЛЛЕТЕНЬ,1990-3383;1990-3391,true,,
ATOMNAYA ENERGIYA|АТОМНАЯ ЭНЕРГИЯ,0004-7163,true,,
БАНКОВСКОЕ ПРАВО,1812-3945,true,,
БИОЛОГИЯ ВНУТРЕННИХ ВОД,0320-9652,true,,
BIOLOGIYA MORYA (VLADIVOSTOK)|БИОЛОГИЯ МОРЯ,0134-3475,true,,
BIOORGANICHESKAYA KHIMIYA|БИООРГАНИЧЕСКАЯ ХИМИЯ,1998-2860;0132-3423,true,,
BIOFIZIKA|БИОФИЗИКА,0006-3029,true,,
"BIOKHIMIIA (MOSCOW, RUSSIA)|БИОХИМИЯ",0320-9725,true,,
БЮЛЛЕТЕНЬ НЦССХ ИМ. А.Н. БАКУЛЕВА РАМН. СЕРДЕЧНО-СОСУДИСТЫЕ ЗАБОЛЕВАНИЯ,2410-9959;1810-0694,true,,
BULLETEN' POCVENNOGO INSTITUTA IMENI V.V. DOKUCAEVA|БЮЛЛЕТЕНЬ ПОЧВЕННОГО ИНСТИТУТА ИМ. В.В. ДОКУЧАЕВА,2312-4202;0136-1694,true,,
BYULLETEN EKSPERIMENTALNOI BIOLOGII I MEDITSINY|БЮЛЛЕТЕНЬ ЭКСПЕРИМЕНТАЛЬНОЙ БИОЛОГИИ И МЕДИЦИНЫ,2413-1008;0365-9615,true,,
ВЕК ГЛОБАЛИЗАЦИИ,1994-9065,true,,
ВЕСТНИК АНТРОПОЛОГИИ,2311-0546,true,,
ВЕСТНИК ВОРОНЕЖСКОГО ГОСУДАРСТВЕННОГО УНИВЕРСИТЕТА. СЕРИЯ: СИСТЕМНЫЙ АНАЛИЗ И ИНФОРМАЦИОННЫЕ ТЕХНОЛОГИИ,1995-5499,true,,
ВЕСТНИК ГРАЖДАНСКОГО ПРОЦЕССА,2686-942X;2226-0781,true,,
ВЕСТНИК ИНСТИТУТА СОЦИОЛОГИИ,2221-1616,true,,
ВЕСТНИК КРАСГАУ,1819-4036,true,,
ВЕСТНИК МГСУ,2304-6600;1997-0935,true,,
ВЕСТНИК МОСКОВСКОГО УНИВЕРСИТЕТА. СЕРИЯ 14: ПСИХОЛОГИЯ,0137-0936,true,,
ВЕСТНИК МОСКОВСКОГО УНИВЕРСИТЕТА. СЕРИЯ 16: БИОЛОГИЯ,0137-0952,true,,
ВЕСТНИК МОСКОВСКОГО УНИВЕРСИТЕТА. СЕРИЯ 17: ПОЧВОВЕДЕНИЕ,0137-0944,true,,
ВЕСТНИК МОСКОВСКОГО УНИВЕРСИТЕТА. СЕРИЯ 19: ЛИНГВИСТИКА И МЕЖКУЛЬТУРНАЯ КОММУНИКАЦИЯ,2074-1588,true,,
ВЕСТНИК МОСКОВСКОГО УНИВЕРСИТЕТА. СЕРИЯ 23: АНТРОПОЛОГИЯ,2074-8132,true,,
ВЕСТНИК МОСКОВСКОГО УНИВЕРСИТЕТА. СЕРИЯ 6: ЭКОНОМИКА,0130-0105,true,,
ВЕСТНИК МОСКОВСКОГО УНИВЕРСИТЕТА. СЕРИЯ 8: ИСТОРИЯ,0130-0083,true,,
ВЕСТНИК НОВОСИБИРСКОГО ГОСУДАРСТВЕННОГО УНИВЕРСИТЕТА. СЕРИЯ: ЛИНГВИСТИКА И МЕЖКУЛЬТУРНАЯ КОММУНИКАЦИЯ,1818-7935,true,,
ВЕСТНИК РОССИЙСКОГО УНИВЕРСИТЕТА ДРУЖБЫ НАРОДОВ. СЕРИЯ: ПОЛИТОЛОГИЯ,2313-1446;2313-1438,true,,
ВЕСТНИК РОССИЙСКОГО УНИВЕРСИТЕТА ДРУЖБЫ НАРОДОВ. СЕРИЯ: ПСИХОЛОГИЯ И ПЕДАГОГИКА,2313-1705;2313-1683,true,,
ВЕСТНИК РОССИЙСКОГО УНИВЕРСИТЕТА ДРУЖБЫ НАРОДОВ. СЕРИЯ: ЮРИДИЧЕСКИЕ НАУКИ,2408-9001;2313-2337,true,,
VESTNIK ROSSIJKOJ AKADEMII NAUK|ВЕСТНИК РОССИЙСКОЙ АКАДЕМИИ НАУК,0869-5873,true,,
VESTNIK ROSSIJSKOJ VOENNO-MEDICINSKOJ AKADEMII|ВЕСТНИК РОССИЙСКОЙ ВОЕННО-МЕДИЦИНСКОЙ АКАДЕМИИ,2687-1424;1682-7392,true,,
ВЕСТНИК РОССИЙСКОЙ СЕЛЬСКОХОЗЯЙСТВЕННОЙ НАУКИ,2500-2082,true,,
ВЕСТНИК САНКТ-ПЕТЕРБУРГСКОГО УНИВЕРСИТЕТА. ПСИХОЛОГИЯ,2658-3607;2658-6010,true,,
ВЕСТНИК СЕВЕРО-ЗАПАДНОГО ГОСУДАРСТВЕННОГО МЕДИЦИНСКОГО УНИВЕРСИТЕТА ИМ. И.И. МЕЧНИКОВА,2618-9704;2618-7116,true,,
N.N. PRIOROV JOURNAL OF TRAUMATOLOGY AND ORTHOPEDICS|ВЕСТНИК ТРАВМАТОЛОГИИ И ОРТОПЕДИИ ИМ. Н.Н. ПРИОРОВА,0869-8678,true,,
UROLOGY HERALD|ВЕСТНИК УРОЛОГИИ,2308-6424,true,,
ВОДНЫЕ РЕСУРСЫ,0321-0596,true,,
ВОПРОСЫ ИНЖЕНЕРНОЙ СЕЙСМОЛОГИИ,2311-9586;0132-2826,true,,
VOPROSY ISTORII ESTESTVOZNANIIA I TEKHNIKI (INSTITUT ISTORII ESTESTVOZNANIIA I TEKHNIKI (AKADEMIIA NAUK SSSR))|ВОПРОСЫ ИСТОРИИ ЕСТЕСТВОЗНАНИЯ И ТЕХНИКИ,0205-9606,true,,
ВОПРОСЫ ИХТИОЛОГИИ,0042-8752,true,,
ВОПРОСЫ МАТЕРИАЛОВЕДЕНИЯ,1994-6716,true,,
ВОПРОСЫ СТАТИСТИКИ,2658-5499;2313-6383,true,,
ВРАЧ И ИНФОРМАЦИОННЫЕ ТЕХНОЛОГИИ,1811-0193,true,,
VOLCANOLOGY AND SEISMOLOGY|ВУЛКАНОЛОГИЯ И СЕЙСМОЛОГИЯ,0203-0306,true,,
ВЫСОКОМОЛЕКУЛЯРНЫЕ СОЕДИНЕНИЯ. СЕРИЯ А,2412-9844;2308-1120,true,,
ВЫСОКОМОЛЕКУЛЯРНЫЕ СОЕДИНЕНИЯ. СЕРИЯ Б,2412-9852;2308-1139,true,,
ВЫСОКОМОЛЕКУЛЯРНЫЕ СОЕДИНЕНИЯ. СЕРИЯ С,2412-9860;2308-1147,true,,
GENETIKA (RUSSIA)|ГЕНЕТИКА,0016-6758,true,,
ГЕОГРАФИЯ И ПРИРОДНЫЕ РЕСУРСЫ,0206-1619,true,,
GEOLOGIYA I GEOFIZIKA|ГЕОЛОГИЯ И ГЕОФИЗИКА,0016-7886,true,,
GEOLOGIYA RUDNYKH MESTOROZHDENIJ|ГЕОЛОГИЯ РУДНЫХ МЕСТОРОЖДЕНИЙ,0016-7770,true,,
ГЕОМАГНЕТИЗМ И АЭРОНОМИЯ,0016-7940,true,,
ГЕОТЕКТОНИКА,0016-853X,true,,
GEOKHIMIYA|ГЕОХИМИЯ,0016-7525,true,,
"ГЕОЭКОЛОГИЯ. ИНЖЕНЕРНАЯ ГЕОЛОГИЯ, ГИДРОГЕОЛОГИЯ, ГЕОКРИОЛОГИЯ",0869-7809,true,,
ГИДРОМЕТЕОРОЛОГИЧЕСКИЕ ИССЛЕДОВАНИЯ И ПРОГНОЗЫ,2618-9631,true,,
GIDROTEKHNICHESKOE STROITEL'STVO|ГИДРОТЕХНИЧЕСКОЕ СТРОИТЕЛЬСТВО,0016-9714,true,,
ГИРОСКОПИЯ И НАВИГАЦИЯ,2075-0927;0869-7035,true,,
ДЕМОГРАФИЧЕСКОЕ ОБОЗРЕНИЕ,2409-2274,true,,
ДЕНЬГИ И КРЕДИТ,0130-3090,true,,
DEFEKTOSKOPIYA|ДЕФЕКТОСКОПИЯ,0130-3082,true,,
ДИСКРЕТНАЯ МАТЕМАТИКА,2305-3143;0234-0860,true,,
ДИФФЕРЕНЦИАЛЬНЫЕ УРАВНЕНИЯ,0374-0641,true,,
"ДОКЛАДЫ РОССИЙСКОЙ АКАДЕМИИ НАУК. МАТЕМАТИКА, ИНФОРМАТИКА, ПРОЦЕССЫ УПРАВЛЕНИЯ",2686-9543,true,,
ДОКЛАДЫ РОССИЙСКОЙ АКАДЕМИИ НАУК. НАУКИ О ЖИЗНИ,2686-7389,true,,
ДОКЛАДЫ РОССИЙСКОЙ АКАДЕМИИ НАУК. НАУКИ О ЗЕМЛЕ,2686-7397,true,,
"ДОКЛАДЫ РОССИЙСКОЙ АКАДЕМИИ НАУК. ФИЗИКА, ТЕХНИЧЕСКИЕ НАУКИ",2686-7400,true,,
"ДОКЛАДЫ РОССИЙСКОЙ АКАДЕМИИ НАУК. ХИМИЯ, НАУКИ О МАТЕРИАЛАХ",2686-9535,true,,
ДОКТОР.РУ,1727-2378,true,,
ЖИЛИЩНОЕ СТРОИТЕЛЬСТВО,0044-4472,true,,
ZHURNAL ANALITICHESKOJ KHIMII|ЖУРНАЛ АНАЛИТИЧЕСКОЙ ХИМИИ,0044-4502,true,,
ЖУРНАЛ ВЫЧИСЛИТЕЛЬНОЙ МАТЕМАТИКИ И МАТЕМАТИЧЕСКОЙ ФИЗИКИ,0044-4669,true,,
ZHURNAL NEORGANICHESKOJ KHIMII|ЖУРНАЛ НЕОРГАНИЧЕСКОЙ ХИМИИ,0044-457X,true,,
ЖУРНАЛ ОБЩЕЙ ХИМИИ,0044-460X,true,,
ЖУРНАЛ ОРГАНИЧЕСКОЙ ХИМИИ,0514-7492,true,,
ЖУРНАЛ ПРИКЛАДНОЙ ХИМИИ,0044-4618,true,,
ЖУРНАЛ РАДИОЭЛЕКТРОНИКИ,1684-1719,true,,
ЖУРНАЛ РОССИЙСКОГО ПРАВА,2500-4298;1605-6590,true,,
ЖУРНАЛ СОЦИОЛОГИИ И СОЦИАЛЬНОЙ АНТРОПОЛОГИИ,2306-6946;1029-8053,true,,
ЖУРНАЛ СТРУКТУРНОЙ ХИМИИ,2542-0976;0136-7463,true,,
ЖУРНАЛ ТЕХНИЧЕСКОЙ ФИЗИКИ,0044-4642,true,,
ZHURNAL FIZICHESKOJ KHIMII|ЖУРНАЛ ФИЗИЧЕСКОЙ ХИМИИ,0044-4537,true,,
ZHURNAL EVOLYUTSIONNOI BIOKHIMII I FIZIOLOGII|ЖУРНАЛ ЭВОЛЮЦИОННОЙ БИОХИМИИ И ФИЗИОЛОГИИ,0044-4529,true,,
ZHURNAL EKSPERIMENTAL'NOI I TERORETICHESKOI FIZIKI|ЖУРНАЛ ЭКСПЕРИМЕНТАЛЬНОЙ И ТЕОРЕТИЧЕСКОЙ ФИЗИКИ,0044-4510,true,,
PUBLIC HEALTH AND LIFE ENVIRONMENT|ЗДОРОВЬЕ НАСЕЛЕНИЯ И СРЕДА ОБИТАНИЯ - ЗНИСО,2619-0788;2219-5238,true,,
ЗЕРНОВОЕ ХОЗЯЙСТВО РОССИИ,2079-8725,true,,
ИЗВЕСТИЯ АКАДЕМИИ НАУК. СЕРИЯ ХИМИЧЕСКАЯ,2658-784X;1026-3500,true,,
ИЗВЕСТИЯ ВЫСШИХ УЧЕБНЫХ ЗАВЕДЕНИЙ. МАШИНОСТРОЕНИЕ,0536-1044,true,,
ИЗВЕСТИЯ ВЫСШИХ УЧЕБНЫХ ЗАВЕДЕНИЙ. ПРИБОРОСТРОЕНИЕ,2500-0381;0021-3454,true,,
IZVESTIYA VYSSHIKH UCHEBNYKH ZAVEDENIJ. RADIOFIZIKA|ИЗВЕСТИЯ ВЫСШИХ УЧЕБНЫХ ЗАВЕДЕНИЙ. РАДИОФИЗИКА,0021-3462,true,,
ИЗВЕСТИЯ ВЫСШИХ УЧЕБНЫХ ЗАВЕДЕНИЙ. ЭЛЕКТРОМЕХАНИКА,0136-3360,true,,
ИЗВЕСТИЯ РОССИЙСКОЙ АКАДЕМИИ НАУК. МЕХАНИКА ЖИДКОСТИ И ГАЗА,1024-7084,true,,
ИЗВЕСТИЯ РОССИЙСКОЙ АКАДЕМИИ НАУК. МЕХАНИКА ТВЕРДОГО ТЕЛА,1026-3519,true,,
IZVESTIIA AKADEMII NAUK. SERIIA BIOLOGICHESKAIA / ROSSIISKAIA AKADEMIIA NAUK|ИЗВЕСТИЯ РОССИЙСКОЙ АКАДЕМИИ НАУК. СЕРИЯ БИОЛОГИЧЕСКАЯ,1026-3470,true,,
IZVESTIYA RAN. SERIYA LITERATURY I YAZYKA|ИЗВЕСТИЯ РОССИЙСКОЙ АКАДЕМИИ НАУК. СЕРИЯ ЛИТЕРАТУРЫ И ЯЗЫКА,2413-7715;1605-7880,true,,
ИЗВЕСТИЯ РОССИЙСКОЙ АКАДЕМИИ НАУК. СЕРИЯ МАТЕМАТИЧЕСКАЯ,2587-5906;1607-0046,true,,
IZVESTIYA AKADEMII NAUK. SER. FIZICHESKAYA|ИЗВЕСТИЯ РОССИЙСКОЙ АКАДЕМИИ НАУК. СЕРИЯ ФИЗИЧЕСКАЯ,0367-6765,true,,
IZVESTIYA AKADEMII NAUK. TEORIYA I SISTEMY UPRAVLENIYA|ИЗВЕСТИЯ РОССИЙСКОЙ АКАДЕМИИ НАУК. ТЕОРИЯ И СИСТЕМЫ УПРАВЛЕНИЯ,1029-3620,true,,
ИЗВЕСТИЯ РОССИЙСКОЙ АКАДЕМИИ НАУК. ФИЗИКА АТМОСФЕРЫ И ОКЕАНА,1023-6317,true,,
"IZVESTIYA AKADEMII NAUK SSSR, ENERGETIKA I TRANSPORT|ИЗВЕСТИЯ РОССИЙСКОЙ АКАДЕМИИ НАУК. ЭНЕРГЕТИКА",0002-3310;3034-6495,true,,
IZVESTITYA - RUSSKOGO GEOGRAFICHESKOGO OBSHCHESTVA|ИЗВЕСТИЯ РУССКОГО ГЕОГРАФИЧЕСКОГО ОБЩЕСТВА,0869-6071,true,,
ИЗВЕСТИЯ ТИМИРЯЗЕВСКОЙ СЕЛЬСКОХОЗЯЙСТВЕННОЙ АКАДЕМИИ,0021-342X,true,,
INDO-EUROPEAN LINGUISTICS AND CLASSICAL PHILOLOGY YEARBOOK|ИНДОЕВРОПЕЙСКОЕ ЯЗЫКОЗНАНИЕ И КЛАССИЧЕСКАЯ ФИЛОЛОГИЯ,2658-6452;2306-9015,true,,
ИНФОРМАТИКА И ОБРАЗОВАНИЕ,2658-7769;0234-0453,true,,
ИСКУССТВЕННЫЙ ИНТЕЛЛЕКТ И ПРИНЯТИЕ РЕШЕНИЙ,2071-8594,true,,
"ISSLEDOVANIE ZEMLI IZ KOSMOSA, (EARTH RESEARCH FROM SPACE)|ИССЛЕДОВАНИЕ ЗЕМЛИ ИЗ КОСМОСА",0205-9614,true,,
RUSSIAN CARDIOLOGY BULLETIN|КАРДИОЛОГИЧЕСКИЙ ВЕСТНИК,2712-889X;2077-6764,true,,
КАТАЛИЗ В ПРОМЫШЛЕННОСТИ,2413-6476;1816-0387,true,,
KVANTOVAYA ELEKTRONIKA|КВАНТОВАЯ ЭЛЕКТРОНИКА,0368-7147,true,,
КИНЕТИКА И КАТАЛИЗ,0453-8811,true,,
КЛИНИЧЕСКАЯ И ЭКСПЕРИМЕНТАЛЬНАЯ ТИРЕОИДОЛОГИЯ,2310-3787;1995-5472,true,,
JOURNAL OF CLINICAL PRACTICE|КЛИНИЧЕСКАЯ ПРАКТИКА,2618-8627;2220-3095,true,,
KOLLOIDNYJ ZHURNAL|КОЛЛОИДНЫЙ ЖУРНАЛ,0023-2912,true,,
КОНТРОЛЬ. ДИАГНОСТИКА,0201-7032,true,,
"КОНТУРЫ ГЛОБАЛЬНЫХ ТРАНСФОРМАЦИЙ: ПОЛИТИКА, ЭКОНОМИКА, ПРАВО",2587-9324;2542-0240,true,,
KOORDINATSIONNAYA KHIMIYA|КООРДИНАЦИОННАЯ ХИМИЯ,0132-344X,true,,
JOURNAL OF CORPORATE FINANCE RESEARCH|КОРПОРАТИВНЫЕ ФИНАНСЫ,2073-0438,true,,
КОСМИЧЕСКИЕ ИССЛЕДОВАНИЯ,0023-4206,true,,
KRISTALLOGRAFIYA|КРИСТАЛЛОГРАФИЯ,0023-4761,true,,
KUBAN SCIENTIFIC MEDICAL BULLETIN|КУБАНСКИЙ НАУЧНЫЙ МЕДИЦИНСКИЙ ВЕСТНИК,2541-9544;1608-6228,true,,
ЛАТИНСКАЯ АМЕРИКА,0044-748X,true,,
ЛИТОЛОГИЯ И ПОЛЕЗНЫЕ ИСКОПАЕМЫЕ,0024-497X,true,,
МАТЕМАТИЧЕСКИЕ ВОПРОСЫ КРИПТОГРАФИИ,2222-3193;2220-2617,true,,
МАТЕМАТИЧЕСКИЕ ЗАМЕТКИ,2305-2880;0025-567X,true,,
МАТЕМАТИЧЕСКИЙ СБОРНИК,2305-2783;0368-8666,true,,
МАТЕМАТИЧЕСКОЕ МОДЕЛИРОВАНИЕ,0234-0879,true,,
МЕДИЦИНА ТРУДА И ПРОМЫШЛЕННАЯ ЭКОЛОГИЯ,2618-8945;1026-9428,true,,
MEDICINSKIJ AKADEMICESKIJ ZURNAL|МЕДИЦИНСКИЙ АКАДЕМИЧЕСКИЙ ЖУРНАЛ,2687-1378;1608-4101,true,,
МЕЛИОРАЦИЯ И ГИДРОТЕХНИКА,2712-9357,true,,
МЕМБРАНЫ И МЕМБРАННЫЕ ТЕХНОЛОГИИ,2218-1180;2218-1172,true,,
METALLY|МЕТАЛЛЫ,0869-5733,true,,
METEOROLOGIYA I GIDROLOGIYA|МЕТЕОРОЛОГИЯ И ГИДРОЛОГИЯ,0130-2906,true,,
MIKROBIOLOGIIA|МИКРОБИОЛОГИЯ,0026-3656,true,,
SOVIET MICROELECTRONICS|МИКРОЭЛЕКТРОНИКА,0544-1269,true,,
МИР ТРАНСПОРТА,1992-3252,true,,
"MOLEKULIARNAIA GENETIKA, MIKROBIOLOGIIA I VIRUSOLOGIIA|МОЛЕКУЛЯРНАЯ ГЕНЕТИКА, МИКРОБИОЛОГИЯ И ВИРУСОЛОГИЯ",0208-0613,true,,
МОЛЕКУЛЯРНАЯ МЕДИЦИНА,2499-9490;1728-2918,true,,
МОЛОЧНОЕ И МЯСНОЕ СКОТОВОДСТВО,0026-9034,true,,
МОРСКОЙ ГИДРОФИЗИЧЕСКИЙ ЖУРНАЛ,0233-7584,true,,
НАРОДОНАСЕЛЕНИЕ,1561-7785,true,,
НАУКА ЮГА РОССИИ,2500-0640,true,,
НАЦИОНАЛЬНЫЙ ПСИХОЛОГИЧЕСКИЙ ЖУРНАЛ,2309-9828;2079-6617,true,,
NEVROLOGICHESKIJ VESTNIK|НЕВРОЛОГИЧЕСКИЙ ВЕСТНИК,2304-3067;1027-4898,true,,
НЕЙРОХИМИЯ,1027-8133,true,,
НЕОРГАНИЧЕСКИЕ МАТЕРИАЛЫ,0002-337X,true,,
NEFTEKHIMIYA|НЕФТЕХИМИЯ,0028-2421,true,,
OBZORY PO KLINICESKOJ FARMAKOLOGII I LEKARSTVENNOJ TERAPII|ОБЗОРЫ ПО КЛИНИЧЕСКОЙ ФАРМАКОЛОГИИ И ЛЕКАРСТВЕННОЙ ТЕРАПИИ,2542-1875;1683-4100,true,,
OBOZRENIE PSIHIATRII I MEDICINSKOJ PSIHOLOGII IMENI V.M. BEKHTEREVA|ОБОЗРЕНИЕ ПСИХИАТРИИ И МЕДИЦИНСКОЙ ПСИХОЛОГИИ ИМЕНИ В.М. БЕХТЕРЕВА,2713-055X;2313-7053,true,,
ОБЩЕСТВЕННЫЕ НАУКИ И СОВРЕМЕННОСТЬ,0869-0499,true,,
ОКЕАНОЛОГИЯ,0030-1574,true,,
ONTOGENEZ|ОНТОГЕНЕЗ,0475-1450,true,,
ОПТИКА АТМОСФЕРЫ И ОКЕАНА,0869-5695,true,,
OPTIKA I SPEKTROSKOPIYA|ОПТИКА И СПЕКТРОСКОПИЯ,0030-4034,true,,
ОПТИЧЕСКИЙ ЖУРНАЛ,1023-5086,true,,
"OSNOVANIYA, FUNDAMENTY I MEKHANIKA GRUNTOV|ОСНОВАНИЯ, ФУНДАМЕНТЫ И МЕХАНИКА ГРУНТОВ",0030-6223,true,,
PALEONTOLOGICHESKII ZHURNAL|ПАЛЕОНТОЛОГИЧЕСКИЙ ЖУРНАЛ,0031-031X,true,,
PARAZITOLOGIYA|ПАРАЗИТОЛОГИЯ,0031-1847,true,,
ПАРОДОНТОЛОГИЯ,1726-7269;1683-3759,true,,
ПЕДИАТР,2587-6252;2079-7850,true,,
ПЕДИАТРИЧЕСКАЯ ФАРМАКОЛОГИЯ,2500-3089;1727-5776,true,,
ПЕТЕРБУРГСКИЙ ИСТОРИЧЕСКИЙ ЖУРНАЛ,2311-603X,true,,
ПЕТРОЛОГИЯ,0869-5903,true,,
ПИСЬМА В АСТРОНОМИЧЕСКИЙ ЖУРНАЛ,0320-0108,true,,
ПИСЬМА В ЖУРНАЛ ТЕХНИЧЕСКОЙ ФИЗИКИ,0320-0116,true,,
ПИСЬМА В ЖУРНАЛ ЭКСПЕРИМЕНТАЛЬНОЙ И ТЕОРЕТИЧЕСКОЙ ФИЗИКИ,0370-274X,true,,
ПЛОДОРОДИЕ,1994-8603,true,,
"ПОВЕРХНОСТЬ. РЕНТГЕНОВСКИЕ, СИНХРОТРОННЫЕ И НЕЙТРОННЫЕ ИССЛЕДОВАНИЯ",1028-0960,true,,
ПОЛИТИЧЕСКАЯ НАУКА,1998-1775,true,,
ПОЛИТИЧЕСКАЯ ЭКСПЕРТИЗА: ПОЛИТЭКС,2618-9577;1818-4499,true,,
ПОЧВОВЕДЕНИЕ,0032-180X,true,,
PRIBORY I TEKHNIKA EKSPERIMENTA|ПРИБОРЫ И ТЕХНИКА ЭКСПЕРИМЕНТА,0032-8162,true,,
PRIKLADNAYA BIOKHIMIYA I MIKROBIOLOGIYA|ПРИКЛАДНАЯ БИОХИМИЯ И МИКРОБИОЛОГИЯ,0555-1099,true,,
PRIKLADNAYA MATAMATIKA I MEKHANIKA|ПРИКЛАДНАЯ МАТЕМАТИКА И МЕХАНИКА,0032-8235,true,,
ПРОБЛЕМЫ АРКТИКИ И АНТАРКТИКИ,2618-6713;0555-2648,true,,
ПРОБЛЕМЫ ДАЛЬНЕГО ВОСТОКА,2712-9098;0131-2812,true,,
"ПРОБЛЕМЫ ИСТОРИИ, ФИЛОЛОГИИ, КУЛЬТУРЫ",2658-316X;1992-0431,true,,
PROBLEMY MASHINOSTRAENIYA I NADEZHNOS'TI MASHIN|ПРОБЛЕМЫ МАШИНОСТРОЕНИЯ И НАДЕЖНОСТИ МАШИН,0235-7119,true,,
PROBLEMY PEREDACHI INFORMATSII|ПРОБЛЕМЫ ПЕРЕДАЧИ ИНФОРМАЦИИ,0555-2923,true,,
ПРОБЛЕМЫ ПРОГНОЗИРОВАНИЯ,0868-6351,true,,
PROGRAMMIROVANIE|ПРОГРАММИРОВАНИЕ,0132-3474,true,,
PROMYSHLENNOE I GRAZHDANSKOE STROITEL'STVO|ПРОМЫШЛЕННОЕ И ГРАЖДАНСКОЕ СТРОИТЕЛЬСТВО,0869-7019,true,,
ПСИХОЛОГО-ПЕДАГОГИЧЕСКИЕ ИССЛЕДОВАНИЯ,2587-6139,true,,
RADIATSIONNAYA BIOLOGIYA RADIOEKOLOGIYA|РАДИАЦИОННАЯ БИОЛОГИЯ. РАДИОЭКОЛОГИЯ,0869-8031,true,,
RADIOTEKHNIKA|РАДИОТЕХНИКА,0033-8486,true,,
RADIOTEKHNIKA I ELEKTRONIKA|РАДИОТЕХНИКА И ЭЛЕКТРОНИКА,0033-8494,true,,
РАДИОХИМИЯ,0033-8311,true,,
RASPLAVY|РАСПЛАВЫ,0235-0106,true,,
РАСТИТЕЛЬНЫЕ РЕСУРСЫ,0033-9946,true,,
РОССИЙСКАЯ СЕЛЬСКОХОЗЯЙСТВЕННАЯ НАУКА,2500-2627,true,,
РОССИЙСКИЕ НАНОТЕХНОЛОГИИ,1993-4068;1992-7223,true,,
ROSSIJSKIJ BIOTERAPEVTICESKIJ ZURNAL|РОССИЙСКИЙ БИОТЕРАПЕВТИЧЕСКИЙ ЖУРНАЛ,1726-9792;1726-9784,true,,
РОССИЙСКИЙ ЖУРНАЛ БИОЛОГИЧЕСКИХ ИНВАЗИЙ,1996-1499,true,,
RUSSIAN JOURNAL OF SKIN AND VENEREAL DISEASES|РОССИЙСКИЙ ЖУРНАЛ КОЖНЫХ И ВЕНЕРИЧЕСКИХ БОЛЕЗНЕЙ,2412-9097;1560-9588,true,,
ROSSIISKII MEDITSINSKII ZHURNAL : ORGAN MINISTERSTVA ZDRAVOOKHRANENIIA RSFSR|РОССИЙСКИЙ МЕДИЦИНСКИЙ ЖУРНАЛ,2412-9100;0869-2106,true,,
РОССИЙСКИЙ ПАРАЗИТОЛОГИЧЕСКИЙ ЖУРНАЛ,2541-7843;1998-8435,true,,
РОССИЙСКИЙ ФИЗИОЛОГИЧЕСКИЙ ЖУРНАЛ ИМ. И.М. СЕЧЕНОВА,2658-655X;0869-8139,true,,
РОССИЯ И СОВРЕМЕННЫЙ МИР,1726-5223,true,,
РУССКИЙ ЯЗЫК В НАУЧНОМ ОСВЕЩЕНИИ,1681-1062,true,,
САДОВОДСТВО И ВИНОГРАДАРСТВО,2618-9003;0235-2591,true,,
СЕЙСМИЧЕСКИЕ ПРИБОРЫ,2312-6965;0131-6230,true,,
СЕЛЬСКОХОЗЯЙСТВЕННЫЕ МАШИНЫ И ТЕХНОЛОГИИ,2618-6748;2073-7599,true,,
СЕНСОРНЫЕ СИСТЕМЫ,0235-0092,true,,
SECHENOV MEDICAL JOURNAL|СЕЧЕНОВСКИЙ ВЕСТНИК,2658-3348;2218-7332,true,,
СИБИРСКИЙ ЖУРНАЛ ВЫЧИСЛИТЕЛЬНОЙ МАТЕМАТИКИ,1560-7526,true,,
СИБИРСКИЙ МАТЕМАТИЧЕСКИЙ ЖУРНАЛ,0037-4474,true,,
SIBIRSKIJ NAUCHNYJ MEDICINSKIJ ZHURNAL|СИБИРСКИЙ НАУЧНЫЙ МЕДИЦИНСКИЙ ЖУРНАЛ,2410-2520;2410-2512,true,,
СИСТЕМНЫЕ ГИПЕРТЕНЗИИ,2542-2189;2075-082X,true,,
СЛАВЯНОВЕДЕНИЕ,0869-544X,true,,
СОВРЕМЕННАЯ ЗАРУБЕЖНАЯ ПСИХОЛОГИЯ,2304-4977,true,,
СОЦИАЛЬНЫЕ АСПЕКТЫ ЗДОРОВЬЯ НАСЕЛЕНИЯ,2071-5021,true,,
СОЦИОЛОГИЧЕСКАЯ НАУКА И СОЦИАЛЬНАЯ ПРАКТИКА,2413-6891;2308-6416,true,,
СОЦИОЛОГИЯ ВЛАСТИ,2413-144X;2074-0492,true,,
SPORTS MEDICINE: RESEARCH AND PRACTICE|СПОРТИВНАЯ МЕДИЦИНА: НАУКА И ПРАКТИКА,2587-9014;2223-2524,true,,
STEKLO I KERAMIKA|СТЕКЛО И КЕРАМИКА,0131-9582,true,,
СТРАТИГРАФИЯ. ГЕОЛОГИЧЕСКАЯ КОРРЕЛЯЦИЯ,0869-592X,true,,
СТРОИТЕЛЬНАЯ МЕХАНИКА ИНЖЕНЕРНЫХ КОНСТРУКЦИЙ И СООРУЖЕНИЙ,2587-8700;1815-5235,true,,
CONSTRUCTION MATERIALS AND PRODUCTS|СТРОИТЕЛЬНЫЕ МАТЕРИАЛЫ И ИЗДЕЛИЯ,2618-7183,true,,
СТРОИТЕЛЬСТВО И РЕКОНСТРУКЦИЯ,2073-7416,true,,
"США И КАНАДА: ЭКОНОМИКА, ПОЛИТИКА, КУЛЬТУРА",2686-6730,true,,
ТЕОРЕТИЧЕСКАЯ И МАТЕМАТИЧЕСКАЯ ФИЗИКА,2305-3135;0564-6162,true,,
TEORETICHESKIE OSNOVY KHIMICHESKOI TEKHNOLOGII|ТЕОРЕТИЧЕСКИЕ ОСНОВЫ ХИМИЧЕСКОЙ ТЕХНОЛОГИИ,0040-3571,true,,
ТЕОРИЯ ВЕРОЯТНОСТЕЙ И ЕЕ ПРИМЕНЕНИЯ,0040-361X,true,,
TEPLOFIZIKA VYSOKIKH TEMPERATUR|ТЕПЛОФИЗИКА ВЫСОКИХ ТЕМПЕРАТУР,0040-3644,true,,
ТЕПЛОФИЗИКА И АЭРОМЕХАНИКА,0869-8635,true,,
TEPLOENERGETIKA|ТЕПЛОЭНЕРГЕТИКА,0040-3636,true,,
ТИХООКЕАНСКАЯ ГЕОЛОГИЯ,0207-4028,true,,
ТРАДИЦИОННАЯ КУЛЬТУРА,2410-6658,true,,
TRACTORS AND AGRICULTURAL MACHINERY|ТРАКТОРЫ И СЕЛЬХОЗМАШИНЫ,2782-425X;0321-4443,true,,
ТРУДЫ ВНИРО,2307-3497,true,,
ТРУДЫ МАТЕМАТИЧЕСКОГО ИНСТИТУТА ИМЕНИ В.А. СТЕКЛОВА,0371-9685,true,,
УНИВЕРСИТЕТСКОЕ УПРАВЛЕНИЕ: ПРАКТИКА И АНАЛИЗ,1999-6659;1999-6640,true,,
УСПЕХИ МАТЕМАТИЧЕСКИХ НАУК,2305-2872;0042-1316,true,,
УСПЕХИ СОВРЕМЕННОЙ БИОЛОГИИ,0042-1324,true,,
USPEKHI FIZICHESKIKH NAUK|УСПЕХИ ФИЗИЧЕСКИХ НАУК,1996-6652;0042-1294,true,,
USPEKHI KHIMII|УСПЕХИ ХИМИИ,1817-5651;0042-1308,true,,
FIZIKA GORENIYA I VZRYVA|ФИЗИКА ГОРЕНИЯ И ВЗРЫВА,0430-6228,true,,
ФИЗИКА ЗЕМЛИ,0002-3337,true,,
FIZIKA I TEKHNIKA POLUPROVODNIKOV|ФИЗИКА И ТЕХНИКА ПОЛУПРОВОДНИКОВ,0015-3222,true,,
FIZIKA I KHIMIYA OBRABOTKI MATERIALOV|ФИЗИКА И ХИМИЯ ОБРАБОТКИ МАТЕРИАЛОВ,0015-3214,true,,
FIZIKA I KHIMIYA STEKLA|ФИЗИКА И ХИМИЯ СТЕКЛА,0132-6651,true,,
FIZIKA METALLIV I METALLOVEDENIE|ФИЗИКА МЕТАЛЛОВ И МЕТАЛЛОВЕДЕНИЕ,0015-3230,true,,
ФИЗИКА ПЛАЗМЫ,0367-2921,true,,
FIZIKA TVERDOGO TELA|ФИЗИКА ТВЕРДОГО ТЕЛА,0367-3294,true,,
FIZIKO-TEKHNICHESKIE PROBLEMY RAZRABOTKI POLIEZNYKH ISKOPAEMYKH|ФИЗИКО-ТЕХНИЧЕСКИЕ ПРОБЛЕМЫ РАЗРАБОТКИ ПОЛЕЗНЫХ ИСКОПАЕМЫХ,0015-3273,true,,
MATERIAL PROTECTION OF METALS (ENGLISH TRANSLATION OF ZASHCHITA METALLOV)|ФИЗИКОХИМИЯ ПОВЕРХНОСТИ И ЗАЩИТА МАТЕРИАЛОВ,0044-1856,true,,
ФИЗИОЛОГИЯ РАСТЕНИЙ,0015-3303,true,,
FIZIOLOGIIA CHELOVEKA|ФИЗИОЛОГИЯ ЧЕЛОВЕКА,0131-1646,true,,
"ФИЗИОТЕРАПИЯ, БАЛЬНЕОЛОГИЯ И РЕАБИЛИТАЦИЯ",2413-2969;1681-3456,true,,
ФУНКЦИОНАЛЬНЫЙ АНАЛИЗ И ЕГО ПРИЛОЖЕНИЯ,2305-2899;0374-1990,true,,
ХИМИКО-ФАРМАЦЕВТИЧЕСКИЙ ЖУРНАЛ,0023-1134,true,,
KHIMICHESKAYA FIZIKA|ХИМИЧЕСКАЯ ФИЗИКА,0207-401X,true,,
ХИМИЯ ВЫСОКИХ ЭНЕРГИЙ,0023-1193,true,,
KHIMIYA TVERDOGO TOPLIVA|ХИМИЯ ТВЕРДОГО ТОПЛИВА,0023-1177,true,,
ХРАНЕНИЕ И ПЕРЕРАБОТКА СЕЛЬХОЗСЫРЬЯ,2658-767X;2072-9669,true,,
ЭКОЛОГИЯ,0367-0597,true,,
ELEKTRICHESTVO|ЭЛЕКТРИЧЕСТВО,2411-1333;0013-5380,true,,
ELEKTROMAGNITNYE VOLNY I ELEKTRONNYE SYSTEMY|ЭЛЕКТРОМАГНИТНЫЕ ВОЛНЫ И ЭЛЕКТРОННЫЕ СИСТЕМЫ,1560-4128,true,,
ЭЛЕКТРОННАЯ ТЕХНИКА. СЕРИЯ 3: МИКРОЭЛЕКТРОНИКА,2410-9932,true,,
ELEKTROKHIMIYA|ЭЛЕКТРОХИМИЯ,0424-8570,true,,
ЭНДОКРИННАЯ ХИРУРГИЯ,2310-3965;2306-3513,true,,
ЭНТОМОЛОГИЧЕСКОЕ ОБОЗРЕНИЕ,0367-1445,true,,
ЯДЕРНАЯ ФИЗИКА,0044-0027,true,,
ALCOHOL RESEARCH : CURRENT REVIEWS,2169-4796;2168-3492,true,,
CODEX MANUSCRIPTUS,2949-0510;2949-0502,true,,
THEORY AND PRACTICE OF MEAT PROCESSING,2414-438X;2414-441X,true,,
ИНСТИТУТ ПСИХОЛОГИИ РОССИЙСКОЙ АКАДЕМИИ НАУК. СОЦИАЛЬНАЯ И ЭКОНОМИЧЕСКАЯ ПСИХОЛОГИЯ,2542-0852,true,,
ИНТЕРКАРТО. ИНТЕРГИС,2414-9179;2414-9209,true,,
НАУЧНЫЙ РЕДАКТОР И ИЗДАТЕЛЬ,2542-0267;2541-8122,true,,
ЛИТЕРАТУРНЫЙ ФАКТ,2541-8297;2542-2421,true,,
ЛИТЕРАТУРА ДВУХ АМЕРИК,2541-7894;2542-243X,true,,
NARTAMONGÆ,1810-8172,true,,
"ВЕСТНИК ВСЕРОССИЙСКОГО ОБЩЕСТВА СПЕЦИАЛИСТОВ ПО МЕДИКО-СОЦИАЛЬНОЙ ЭКСПЕРТИЗЕ, РЕАБИЛИТАЦИИ И РЕАБИЛИТАЦИОННОЙ ИНДУСТРИИ",1999-2351,true,,
АРХЕОЛОГИЯ ЕВРАЗИЙСКИХ СТЕПЕЙ,2587-6112;2618-9488,true,,
ПИЩЕВЫЕ СИСТЕМЫ,2618-9771;2618-7272,true,,
ДОСТОЕВСКИЙ И МИРОВАЯ КУЛЬТУРА. ФИЛОЛОГИЧЕСКИЙ ЖУРНАЛ,2619-0311;2712-8512,true,,
ТЕХНИЧЕСКИЙ СЕРВИС МАШИН,2618-8287,true,,
ВЕСТНИК РГГУ. СЕРИЯ ПОЛИТОЛОГИЯ. ИСТОРИЯ. МЕЖДУНАРОДНЫЕ ОТНОШЕНИЯ,2073-6339,true,,
ВЕСТНИК РГГУ. СЕРИЯ ЛИТЕРАТУРОВЕДЕНИЕ. ЯЗЫКОЗНАНИЕ. КУЛЬТУРОЛОГИЯ,2686-7249,true,,
ЖУРНАЛ ЗАРУБЕЖНОГО ЗАКОНОДАТЕЛЬСТВА И СРАВНИТЕЛЬНОГО ПРАВОВЕДЕНИЯ,1991-3222;2587-9995,true,,
СИБИРСКОЕ ЮРИДИЧЕСКОЕ ОБОЗРЕНИЕ,2658-7602;2658-7610,true,,
"ФОЛЬКЛОР СТРУКТУРА, ТИПОЛОГИЯ, СЕМИОТИКА",2658-5294,true,,
ДВА ВЕКА РУССКОЙ КЛАССИКИ,2686-7494,true,,
ВЕСТНИК РГГУ. СЕРИЯ ЕВРАЗИЙСКИЕ ИССЛЕДОВАНИЯ. ИСТОРИЯ. ПОЛИТОЛОГИЯ. МЕЖДУНАРОДНЫЕ ОТНОШЕНИЯ,2686-7648,true,,
БИБЛИОСФЕРА,1815-3186;2712-7931,true,,
"БИОЛОГИЯ РАСТЕНИЙ И САДОВОДСТВО: ТЕОРИЯ, ИННОВАЦИИ",2712-7788,true,,
РОССИЙСКИЙ СЕЙСМОЛОГИЧЕСКИЙ ЖУРНАЛ,2686-7907,true,,
CONSORTIUM PSYCHIATRICUM,2712-7672;2713-2919,true,,
LEX RUSSICA (РУССКИЙ ЗАКОН),1729-5920;2686-7869,true,,
АРХЕОГРАФИЧЕСКИЙ ЕЖЕГОДНИК,0571-0626,true,,
ЗАПИСКИ НАУЧНЫХ СЕМИНАРОВ САНКТ-ПЕТЕРБУРГСКОГО ОТДЕЛЕНИЯ МАТЕМАТИЧЕСКОГО ИНСТИТУТА ИМ. В.А. СТЕКЛОВА РАН,0373-2703,true,,
НАЦИОНАЛЬНОЕ ЗДРАВООХРАНЕНИЕ,2713-069X;2713-0703,true,,
RUSSIAN JOURNAL OF ECONOMICS AND LAW,2782-2923,true,,
RUSSIAN TECHNOLOGICAL JOURNAL,2782-3210;2500-316X,true,,
ИЗВЕСТИЯ ВЫСШИХ УЧЕБНЫХ ЗАВЕДЕНИЙ. МАТЕРИАЛЫ ЭЛЕКТРОННОЙ ТЕХНИКИ,1609-3577;2413-6387,true,,
НОРМАТИВНО-ПРАВОВОЕ РЕГУЛИРОВАНИЕ В ВЕТЕРИНАРИИ,2782-6252,true,,
ВЕСТНИК ФИПС,2782-5086;2949-2432,true,,
ВЕСТНИК МОСКОВСКОГО УНИВЕРСИТЕТА. СЕРИЯ 11 ПРАВО,0130-0113,true,,
ИСТОРИЧЕСКИЕ ЗАПИСКИ,0130-6685,true,,
ЛИТЕРАТУРНОЕ НАСЛЕДСТВО,0130-3627,true,,
ОБЩЕСТВО И ЭКОНОМИКА,0207-3676,true,,
ОТКРЫТОЕ ОБРАЗОВАНИЕ,1818-4243;2079-5939,true,,
РЕГЕНЕРАЦИЯ ОРГАНОВ И ТКАНЕЙ,2949-5938,true,,
ФИЛОСОФСКИЕ НАУКИ,0235-1188;2618-8961,true,,
ЮРИСТ,1812-3929,true,,
МОСКОВСКИЙ ЖУРНАЛ МЕЖДУНАРОДНОГО ПРАВА,0869-0049;2619-0893,true,,
ВЕСТНИК ИНСТИТУТА ЭКОНОМИКИ РОССИЙСКОЙ АКАДЕМИИ НАУК,2073-6487,true,,
ОДИССЕЙ. ЧЕЛОВЕК В ИСТОРИИ,1607-6184,true,,
ДРЕВНЕЙШИЕ ГОСУДАРСТВА ВОСТОЧНОЙ ЕВРОПЫ,1560-1382,true,,
ВЕСТНИК ДАЛЬНЕВОСТОЧНОГО ОТДЕЛЕНИЯ РОССИЙСКОЙ АКАДЕМИИ НАУК,0869-7698,true,,
ЭКОНОМИКА. НАЛОГИ. ПРАВО,1999-849X;2619-1474,true,,
РЕГИОНАЛЬНЫЕ ИССЛЕДОВАНИЯ,1994-5280;2712-7893,true,,
ЭКОНОМИКА ПРОМЫШЛЕННОСТИ,2072-1633;2413-662X,true,,
ЖУРНАЛ КОНСТИТУЦИОННОГО ПРАВОСУДИЯ,2072-4144,true,,
ТРУДЫ КАРЕЛЬСКОГО НАУЧНОГО ЦЕНТРА РОССИЙСКОЙ АКАДЕМИИ НАУК,1997-3217;2312-4504,true,,
"ЭКОНОМИКА, ТРУД, УПРАВЛЕНИЕ В СЕЛЬСКОМ ХОЗЯЙСТВЕ",2077-3595,true,,
ТЕОРЕТИЧЕСКАЯ И ЭКСПЕРИМЕНТАЛЬНАЯ ПСИХОЛОГИЯ,2073-0861;2782-5396,true,,
ВЕСТНИК МОСКОВСКОГО УНИВЕРСИТЕТА. СЕРИЯ 25 МЕЖДУНАРОДНЫЕ ОТНОШЕНИЯ И МИРОВАЯ ПОЛИТИКА,2076-7404;3034-1329,true,,
ДИНАМИКА СЛОЖНЫХ СИСТЕМ - XXI ВЕК,1999-7493,true,,
EXTREME MEDICINE|ЭКСТРЕМАЛЬНАЯ БИОМЕДИЦИНА,3033-8972;3033-8964,true,,
ЕВРАЗИЙСКИЙ ЕЖЕГОДНИК,2949-5865,true,,
ТЕОРИЯ И ПРАКТИКА АРХЕОЛОГИЧЕСКИХ ИССЛЕДОВАНИЙ,2307-2539;2712-8202,true,,
ВЕСТНИК МИНИНСКОГО УНИВЕРСИТЕТА,2307-1281,true,,
ЯЗЫКИ И ФОЛЬКЛОР КОРЕННЫХ НАРОДОВ СИБИРИ,2312-6337;2712-9608,true,,
ТРУДЫ ИНСТИТУТА РУССКОГО ЯЗЫКА ИМ. В.В. ВИНОГРАДОВА,2311-150X,true,,
ГЕРМЕНЕВТИКА ДРЕВНЕРУССКОЙ ЛИТЕРАТУРЫ,1607-6192;2713-2226,true,,
БЕЗОПАСНОСТЬ И РИСК ФАРМАКОТЕРАПИИ,2312-7821;2619-1164,true,,
