name,issns,active,withdrawn_date,withdrawal_reason
"Ar-Raniry, International Journal of Islamic Studies",2355-813X,false,2018-12-31,accreditation expired
International Journal of Agriculture System,2337-9782;2580-6815,true,,
AGRISE,1412-1425;2252-6757,true,,
Journal of Indonesian Tourism and Development Studies,2355-3979;2338-1647,false,2019-12-31,accreditation expired
JIPM (Jurnal Ilmiah Pendidikan Matematika),2301-7929;2502-1745,true,,
Jurnal Ekologi Kesehatan,1412-4025;2354-8754,false,2025-12-31,accreditation expired
Turbo : Jurnal Program Studi Teknik Mesin,2301-6663;2477-250X,true,,
Jurnal Kesehatan,2086-7751;2548-5695,true,,
Sains Medika: Jurnal Kedokteran dan Kesehatan,2085-1545;2339-093X,true,,
TELL - US JOURNAL,2442-7608;2502-7468,true,,
Jurnal Nasional Teknologi dan Sistem Informasi (TEKNOSI),2460-3465;2476-8812,true,,
Jurnal Penelitian Pertanian Terapan,1410-5020;2047-1781,true,,
JPMS (Jurnal Pendidikan Matematika dan Sains),1410-1866;2549-1458,true,,
Jurnal Penelitian Hukum,2086-499X,false,,accreditation expired
Jurnal Teknik Sipil,1411-660X;2549-2918,false,2022-12-31,accreditation expired
Jurnal Matematika: MANTIK,2527-3159;2527-3167,true,,
Jurnal Vokasi Kesehatan,2442-8183,false,2022-12-31,accreditation expired
Atavisme,1410-900X;2503-5215,true,,
Beta: Jurnal Tadris Matematika,2085-5893;2541-0458,true,,
Kinerja,0853-6627;2549-1709,true,,
Jurnal Pendidikan Biologi,2085-6873;2540-9271,true,,
"ELKOMIKA: Jurnal Teknik Energi Elektrik, Teknik Telekomunikasi, & Teknik Elektronika",2459-9638,true,,
Teknik,0852-1697;2460-9919,true,,
Jurnal Fisika Flux: Jurnal Ilmiah Fisika FMIPA Universitas Lambung Mangkurat,1829-796X;2541-1713,true,,
Jurnal Informatika: Jurnal Pengembangan IT,2477-5126;2548-9356,true,,
Indonesian Journal of Curriculum and Educational Technology Studies,2252-6447;2527-4597,false,,accreditation expired
Jurnal Sosiologi Pendidikan Humanis,2502-7875;2527-5879,true,,
Jurnal Gantang,2503-0671;2548-5547,true,,
Indonesian Journal of Islamic Literature and Muslim Society,2528-1194;2528-1224,true,,
Pedagogia jurnal pendidikan,2089-3833;2548-2254,true,,
Media Farmasi : Jurnal Ilmu Farmasi (Journal Of Pharmaceutical Science),1412-7946;2503-5223,true,,
JEPIN (Jurnal Edukasi dan Penelitian Informatika),2460-0741;2548-9364,true,,
J@ti Undip : Jurnal Teknik Industri,1907-1434;2502-1516,true,,
Iqtishadia: Jurnal Ekonomi dan Perbankan Syariah,2354-7057;2442-3076,true,,
Journal of Regional and Rural Development Planning,2549-3922;2549-3930,true,,
NALARs: Jurnal Arsitektur FT-UMJ,1412-3266;2549-6832,true,,
Jurnal Ilmu dan Teknologi Hasil Ternak,1978-0303;2338-1620,true,,
Lembaran Ilmu Kependidikan,0216-0847,false,2022-12-31,accreditation expired
Kaji Tindak: Jurnal Pemberdayaan Masyarakat,2503-4979,false,,accreditation expired
INSIST (International Series on Interdisciplinary Research),2502-8588,false,,accreditation expired
Jurnal Telematika,1858-2516;2579-3772,true,,
Indonesian Journal of Guidance and Counseling: Theory and Application,2252-6374;2597-6133,false,2024-12-31,accreditation expired
TIFBR (Tazkia Islamic Finance and Business Review),1907-8145;2460-0717,true,,
Jurnal Sosiologi Reflektif,1978-0362;2528-4177,false,2025-12-31,accreditation expired
Agrin : Jurnal Penelitian Pertanian,1410-0029;2549-6786,false,,accreditation expired
Reformasi : Jurnal Ilmiah Ilmu Sosial dan Ilmu Politik,2088-7469;2407-6864,true,,
Jurnal GALUNG TROPIKA,2302-4178;2407-6279,true,,
Jurnal Pendidikan Fisika FKIP UM Metro,2337-5973;2442-4838,true,,
Jurnal Pembangunan dan Alam Lestari,2087-3522;2338-1671,true,,
"Wacana, Jurnal Sosial dan Humaniora",1411-0199;2338-1884,true,,
Jurnal Ilmiah Inovasi,1411-5549;2527-6220,true,,
JRAP (Jurnal Riset Akuntansi dan Perpajakan),2339-1545;2460-2132,true,,
CSRID (Computer Science Research and Its Development Journal),2460-870X,false,2024-12-31,accreditation expired
JURNAL PENELITIAN ILMU PENDIDIKAN,1979-9594;2541-5492,true,,
Jurnal Sains Dasar,2085-9872;2443-1273,true,,
"Jurnal Pendidikan: Teori, Penelitian, dan Pengembangan",2502-471X,true,,
Shahih: Journal of Islamicate Multidisciplinary,2527-8118;2527-8126,true,,
LINK,1829-5754;2461-1077,true,,
Jurnal Akademika Kimia,2302-6030;2477-5185,true,,
Jurnal Desain Komunikasi Visual Nirmana,0215-0905;2721-5695,true,,
ARISTO,2338-5162;2527-8444,true,,
e-DuMath,2356-2056;2356-2064,true,,
Kajian Linguistik dan Sastra,0852-9604;2541-2558,true,,
Jurnal Farmasi Galenika (Galenika Journal of Pharmacy),2442-7284;2442-8744,true,,
Jurnal Inspirasi Pendidikan,2088-9704;2549-4147,true,,
Ethical Lingua: Journal of Language Teaching and Literature,2355-3448;2540-9190,true,,
Jurnal Katalisator,2502-0943,false,2024-12-31,accreditation expired
RechtIdee,1907-5790;2502-762X,true,,
JRPM (Jurnal Review Pembelajaran Matematika),2503-1384,true,,
UMBARA Indonesian Journal of Anthropology,2528-2115;2528-1569,true,,
ATTARBIYAH: Journal of Islamic Culture and Education,0215-9996,true,,
Jurnal Teknologi Pertanian Andalas,1410-1920;2579-4019,true,,
UNIFIKASI : Jurnal Ilmu Hukum,2354-5976;2580-7382,true,,
Ekonomi Bisnis,0853-7283;2528-0503,true,,
Jurnal Ortopedagogia,2355-1143;2528-2980,true,,
Chimica et Natura Acta,2541-2574,true,,
Jurnal Kesehatan Komunitas,2088-7612;2548-8538,true,,
Jurnal Riset Akuntansi Mercu Buana (JRAMB),2460-1233;2548-4338,true,,
"Dialektika: Jurnal Bahasa, Sastra, dan Pendidikan Bahasa dan Sastra Indonesia",2407-506X;2502-5201,true,,
AT-TABSYIR: Jurnal Komunikasi Penyiaran Islam,2338-8544;2477-2046,true,,
JURNAL ARSITEKTUR LANSEKAP,2442-5508,true,,
Jurnal Ilmiah Manajemen Kontigensi,2088-4877;2528-0139,true,,
"Lentera Pustaka: Jurnal Kajian Ilmu Perpustakaan, Informasi dan Kearsipan",2302-4666;2540-9638,true,,
VANOS Journal of Mechanical Engineering Education,2528-2611;2528-2700,true,,
"Publikasi Pendidikan : Jurnal Pemikiran, Penelitian dan Pengabdian Masyarakat Bidang Pendidikan",2088-2092;2548-6721,true,,
JESI (Jurnal Ekonomi Syariah Indonesia),2089-3566;2503-1872,true,,
Literasi Jurnal Ilmu Pendidikan,2085-0344;2503-1864,true,,
Jurnal KATA : Penelitian tentang ilmu bahasa dan sastra,2502-0706,true,,
Emitor: Jurnal Teknik Elektro,1411-8890;2541-4518,true,,
JURNAL PENDIDIKAN SAINS (JPS) UNIVERSITAS MUHAMMADIYAH SEMARANG,2502-1443;2339-0786,true,,
Al-Tijary : Jurnal Ekonomi dan Bisnis Islam,2460-9404;2460-9412,true,,
Komuniti : Jurnal Komunikasi dan Teknologi Informasi,2087-085X;2549-5623,true,,
INFORMAL: INFORMATICS JOURNAL,2503-250X,true,,
Jurnal Geografi : Media Informasi Pengembangan dan Profesi Kegeografian,2549-3078;2549-3094,true,,
Kompartemen : Jurnal Ilmiah Akuntansi,1693-1084;2579-8928,true,,
Jurnal Ekonomi Islam,2087-7056;2527-7081,true,,
KOVALEN: Jurnal Riset Kimia,2477-5398,true,,
AJIS : Academic Journal of Islamic Studies,2548-3277;2548-3285,false,2024-12-31,accreditation expired
R.E.M. (Rekayasa Energi Manufaktur) Jurnal,2527-5674;2528-3723,true,,
Jurnal Agro Industri Perkebunan,2337-9944;2548-9259,true,,
Psikoislamedia : Jurnal Psikologi,2503-3611;2548-4044,true,,
JP (Jurnal Pendidikan) : Teori dan Praktik,2527-6891,true,,
ACI (Acta Cardiologia Indonesiana),2460-5700;2579-4345,false,2023-12-31,accreditation expired
Jurnal Matematika Integratif,1412-6184;2549-9033,true,,
Islamuna: Jurnal Studi Islam,2407-411X;2443-3535,true,,
Polyglot: Jurnal Ilmiah,1907-6134;2549-1466,true,,
"Rekam: Jurnal Fotografi, Televisi, Animasi",1858-3997;2745-3901,false,2025-12-31,accreditation expired
Jurnal Ad'ministrare: Jurnal Pemikirian Ilmiah dan Pendidikan Administrasi Perkantoran,2407-1765;2541-1306,false,2024-12-31,accreditation expired
Agrokreatif: Jurnal Ilmiah Pengabdian kepada Masyarakat,2460-8572;2461-095X,true,,
JNPM (Jurnal Nasional Pendidikan Matematika),2549-8495;2549-4937,false,2024-12-31,accreditation expired
Plano Madani : Jurnal Perencanaan Wilayah dan Kota,2301-878X;2541-2973,true,,
LivaS - International Journal on Livable Space,2580-7552;2548-7515,true,,
Language Circle : Journal of Language and Literature,1858-0157;2460-853X,true,,
Intuisi: Jurnal Psikologi Ilmiah,2541-2965,false,2025-12-31,accreditation expired
Jurnal Penelitian Pembelajaran Fisika,2086-2407;2549-886X,true,,
Jurnal Kebidanan Midwiferia,2442-9139;2548-2246,true,,
Juara: Jurnal Riset Akuntansi,2088-3382;2443-0641,true,,
Jurnal Enggano,2527-5186,false,2023-12-31,accreditation expired
Al-Kimia,2302-2736;2549-9335,true,,
JKI (Jurnal Konseling Indonesia),2476-888X;2476-8901,true,,
Jurnal Peternakan Indonesia,1907-1760;2460-6626,true,,
Hukum Islam,1411-8041;2443-0609,true,,
JURNAL FARMASI GALENIKA,2406-9299;2579-4469,true,,
Dimas: Jurnal Pemikiran Agama untuk Pemberdayaan,1411-9188;2502-9428,true,,
Journal of Natural Sciences and Mathematics Research,2460-4453,true,,
Lisan Al-Arab : Journal of Arabic Language and Arabic Teaching,2252-6269,true,,
Jurnal Taman Vokasi,2338-1825;2579-4159,true,,
"Marwah: Jurnal Perempuan, Agama dan Jender",1412-6095;2407-1587,true,,
Sainsmat : Jurnal Ilmiah Ilmu Pengetahuan Alam,2086-6755;2579-5686,true,,
Bhamada: Jurnal Ilmu dan Teknologi Kesehatan (E-Journal),2088-4435;2355-3863,true,,
Jurnal Nalar Pendidikan,2339-0794;2477-0515,true,,
Jurnal Ilmiah Ilmu-Ilmu Peternakan,1410-7791;2528-0805,true,,
Berkala Ilmiah Pendidikan Fisika,2337-604X;2549-2764,true,,
Teknisia,0853-8557;2746-0185,true,,
Jurnal Inovtek Polbeng Seri Informatika,2527-9866,true,,
Jurnal Riset Kesehatan,2252-5068;2461-1026,true,,
JTERA (Jurnal Teknologi Rekayasa),2548-737X;2548-8678,true,,
Jurnal Mercumatika : Jurnal Penelitian Matematika dan Pendidikan Matematika,2548-1819,true,,
DERIVATIF,1978-6573;2477-300X,true,,
Refleksi Hukum : Jurnal Ilmu Hukum,2541-4984;2541-5417,true,,
Jurnal Manajemen dan Kewirausahaan,2301-9093;2540-8259,true,,
PROMOSI: Jurnal Program Studi Pendidikan Ekonomi,2337-4721;2442-9449,true,,
JURNAL MEDIA INFORMATIKA BUDIDARMA,2614-5278;2548-8368,false,2024-12-31,accreditation expired
Islamiconomic: Jurnal Ekonomi Islam,2085-3696;2541-4127,true,,
Warta LPM,1410-9344;2549-5631,true,,
Meditory: The Journal of Medical Laboratory,2338-1159;2549-1520,true,,
Jurnal Penelitian dan Pengembangan Pendidikan Luar Biasa,2355-746X;2528-3197,true,,
JAPANEDU: Jurnal Pendidikan dan Pengajaran Bahasa Jepang,2528-5548,true,,
Jurnal Ilmu Keperawatan dan Kebidanan,2088-4451;2442-9902,true,,
PREMISE: Journal of English Education and Applied Linguistics,2089-3345;2442-482X,true,,
Jurnal TIMES,2337-3601;2549-015X,true,,
TADULAKO LAW REVIEW,2527-2985,false,2024-12-31,accreditation expired
Jurnal Pendidikan dan Kebudayaan Missio,1444-1659;2502-9576,true,,
Edufisika: Jurnal Pendidikan Fisika,2477-7935;2548-6225,true,,
Jurnal Tunas Geografi,2301-606X,false,2022-12-31,accreditation expired
TEKNOLOGI: Jurnal Ilmiah Sistem Informasi,2087-8893;2527-3671,true,,
Jurnal Pendidikan Sekolah Dasar (JPSD),2356-3869,true,,
Jurnal Teknik Sipil,1411-9331;2549-7219,true,,
Journal of Medives : Journal of Mathematics Education IKIP Veteran Semarang,2549-8231;2549-5070,true,,
JURNAL CARE,2355-2034;2527-9513,true,,
Cakrawala: Jurnal Studi Islam,1829-8931;2550-0880,true,,
EDUKASI : Jurnal Penelitian dan Artikel Pendidikan,2085-1472;2579-4965,true,,
Jurnal Ilmiah Rekayasa Pertanian dan Biosistem,2301-8119;2443-1354,true,,
Jurnal Agrosains dan Teknologi,2528-0201;2528-3278,true,,
"Jurnal Akuntansi, Ekonomi dan Manajemen Bisnis",2337-7887;2548-9836,true,,
Jurnal Dinamika Manajemen Pendidikan,2540-7880,true,,
JRST (Jurnal Riset Sains dan Teknologi),2579-9118;2549-9750,true,,
Agroland : Jurnal Ilmu-Ilmu Pertanian,0854-641X;2407-7607,true,,
Buletin Studi Ekonomi,1410-4628;2580-5312,true,,
Khazanah: Jurnal Pengembangan Kearsipan,1978-4880;2580-2186,true,,
JURNAL FISIKA,2088-1509,false,2023-12-31,accreditation expired
Jurnal Pendidikan Nonformal,2579-3950,true,,
NERS:Jurnal Keperawatan,1907-686X;2461-0747,true,,
Jurnal Bidang Pendidikan Dasar,2549-0117;2549-0125,true,,
JADECS,2548-6543,true,,
HIGEIA (Journal of Public Health Research and Development),2541-5581;2541-5603,false,2023-12-31,accreditation expired
JSSF : Journal of Sport Science and Fitness,2252-6528;2745-5718,false,2025-12-31,accreditation expired
Langkau Betang: Jurnal Arsitektur,2355-2484;2550-1194,true,,
Unnes Law Journal,2252-6536;2722-4503,false,2024-12-31,accreditation expired
Chi'e: Jurnal Pendidikan Bahasa Jepang,2252-6250;2685-6662,true,,
BENTANG : Jurnal Teoritis dan Terapan Bidang Rekayasa Sipil,2302-5891;2579-3187,true,,
METIK JURNAL,2442-9562;2580-1503,true,,
Jurnal Farmasi Sains dan Praktis,2549-9068;2579-4558,true,,
Journal of Earth Energy Engineering,2540-9352,false,2023-12-31,accreditation expired
Jurnal Ilmiah Ekonomi Islam,2579-6534;2477-6157,false,2022-12-31,accreditation expired
"Rainbow : Journal of Literature, Linguistics and Culture Studies",2252-6323,true,,
"CaLLs (Journal of Culture, Arts, Literature, and Linguistics)",2460-674X;2549-7707,true,,
Edu-Sains : Jurnal Pendidikan Matematika Dan Ilmu Pengetahuan Alam,2503-2275,true,,
Jurnal Algoritma,1412-3622;2302-7339,true,,
Bioma : Jurnal Ilmiah Biologi,2086-5481;2549-9890,true,,
Agroindustrial Journal,2252-6137;2302-3848,true,,
Sosioglobal : Jurnal Pemikiran dan Penelitian Sosiologi,2541-3988;2548-4559,true,,
KANAL : Jurnal Ilmu Komunikasi,2302-6790;2541-2841,true,,
Jurnal Ilmiah Berkala Sains dan Terapan Kimia,1411-1616;2549-8215,false,2023-12-31,accreditation expired
ELT Forum: Journal of English Language Teaching,2252-6706;2721-4532,false,2025-12-31,accreditation expired
Jurnal Social Economic of Agriculture,2252-3820;2579-3268,true,,
Jurnal Kedokteran Brawijaya,0216-9347;2338-0772,true,,
MIMBAR (Jurnal Sosial dan Pembangunan),0215-8175;2303-2499,true,,
Jurnal Ilmiah Kursor,0216-0544;2301-6914,true,,
Jurnal Kependidikan: Penelitian Inovasi Pembelajaran,2580-5525;2580-5533,true,,
ILMU USHULUDDIN,2087-8265;2502-7530,true,,
Marine Fisheries: Jurnal Teknologi dan Manajemen Perikanan Laut,2087-4235;2541-1659,true,,
Musawa : Jurnal Studi Gender dan Islam,1412-3460;2503-4596,true,,
Tesa Arsitektur,1410-6094;2460-6367,true,,
Aceh Journal of Animal Science,2502-9568;2622-8734,false,2024-12-31,accreditation expired
Jurnal Ilmu Keluarga dan Konsumen,1907-6037;2502-3594,true,,
Jurnal Kedokteran Hewan,1978-225X;2502-5600,true,,
Jurnal ASPIKOM,2087-0442;2548-8309,true,,
Mozaik Humaniora,2442-8469;2442-935X,true,,
Indonesian Capital Market Review,1979-8997;2356-3818,true,,
Jurnal Bahan Alam Terbarukan,2303-0623;2407-2370,true,,
Jurnal Sosioteknologi,1858-3474;2443-258X,true,,
Tataloka,0852-7458;2356-0266,true,,
Buletin Pos dan Telekomunikasi,1693-0991;2443-1524,true,,
Sari Pediatri,0854-7823;2338-5030,false,2025-12-31,accreditation expired
Jurnal Vektor Penyakit,1978-3647;2354-8835,true,,
Jurnal Aplikasi Bisnis dan Manajemen (JABM),2528-5149;2460-7819,true,,
Jurnal Kimia dan Kemasan,2088-026X;2549-9424,true,,
KAFA`AH : JOURNAL OF GENDER STUDIES,2356-0894;2356-0630,true,,
IJEIS (Indonesian Journal of Electronics and Instrumentation Systems),2088-3714;2460-7681,true,,
Jurnal Sistem Informasi (Journal of Information System),2088-7043;2502-6631,true,,
Buletin Psikologi,0854-7106;2528-5858,true,,
ISM (Intisari Sains Medis) : Jurnal Kedokteran,2503-3638,true,,
Inklusi Journal of Disability Studies,2355-8954;2580-9814,true,,
Innovative Journal of Curriculum and Educational Technology,2502-4558,false,2023-12-31,accreditation expired
Jurnal Endurance: Kajian Ilmiah Problema Kesehatan,2477-6521,false,2023-12-31,accreditation expired
Jurnal Medika Veterinaria,0853-1943;2503-1600,false,,accreditation expired
Majalah Kedokteran Andalas,0126-2092;2442-5230,true,,
PERSPEKTIF,1410-3648;2406-7385,false,,accreditation expired
Scholaria : Jurnal Pendidikan dan Kebudayaan,2088-3439;2549-9653,true,,
Scripta Biologica,2355-3138,false,2022-12-31,accreditation expired
The Journal of Educational Development,2502-4469,false,,accreditation expired
VOLT : Jurnal Ilmiah Pendidikan Teknik Elektro,2528-5696,false,,accreditation expired
ComEngApp : Computer Engineering and Applications Journal,2252-4274;2252-5459,true,,
JUMPA (Jurnal Master Pariwisata),2406-9116;2502-8022,false,2023-12-31,accreditation expired
Jurnal Ecopsy,2354-7197;2354-7634,true,,
Kelola : Jurnal Manajemen Pendidikan,2443-0544;2549-9661,true,,
Matrix : Jurnal Manajemen Teknologi dan Informatika,2088-284X;2580-5630,true,,
Indonesian Nursing Journal of Education and Clinic (Jurnal Pendidikan dan Praktik Keperawatan Indonesia),2527-8800;2527-8819,false,2025-12-31,accreditation expired
Indonesian Journal of Science and Education,2598-5213;2598-5205,true,,
JOMSIGN: Journal of Multicultural Studies in Guidance and Counseling,2549-7065;2549-7073,false,2024-12-31,accreditation expired
Journal of Dentomaxillofacial Science,2503-0817;2503-0825,true,,
Jurnal Kedokteran Syiah Kuala,1442-1026;2550-0112,false,2023-12-31,accreditation expired
Visipena,2086-1397;2502-6860,true,,
Satya Widya,0854-5995;2549-967X,true,,
SCIENTIA Jurnal Farmasi dan Kesehatan,2087-5045;2502-1834,false,2021-12-31,accreditation expired
SJME (Supremum Journal of Mathematics Education),2549-3639;2548-8163,true,,
Journal of Biology Education,2252-6579;2540-833X,false,2023-12-31,accreditation expired
Jurnal Riset Akuntansi dan Keuangan,2338-1507;2541-061X,true,,
Buletin Farmatera,2528-410X,false,2023-12-31,accreditation expired
DE LEGA LATA : Jurnal Ilmu Hukum,2477-653X;2477-7889,true,,
Equilibrium : Jurnal Ekonomi Syariah,2355-0228;2502-8316,true,,
Jurnal Fitofarmaka Indonesia,2356-0398;2541-2329,true,,
Indonesian Journal of Early Childhood Education Studies,2303-1395;2476-9584,false,,accreditation expired
Teras Jurnal,2088-0561;2502-1680,true,,
"Ecotrophic, Journal of Environmental Science",1907-5626;2503-3395,false,2025-12-31,accreditation expired
Halaqa : Islamic Education Journal,2503-5045,true,,
HORTATORI Jurnal Pendidikan Bahasa dan Sastra Indonesia,2579-7832;2579-7840,true,,
JELTL (Journal of English Language Teaching and Linguistics),2503-1848;2502-6062,true,,
JIP (Jurnal Ilmu Pemerintahan) : Kajian Ilmu Pemerintahan dan Politik Daerah,2503-4685;2528-0724,true,,
Journal of Industrial Hygiene and Occupational Health,2527-4686;2541-5727,true,,
JPPUMA: Jurnal Ilmu Pemerintahan dan Sosial Politik UMA (Journal of Governance and Political Social UMA),2550-1305;2549-1660,true,,
Jurnal Akuntansi Aktual,2087-9695;2580-1015,true,,
JFA (Jurnal Fisika dan Aplikasinya),1858-036X;2460-4682,false,2024-12-31,accreditation expired
Jurnal Ilmu Ekonomi dan Pembangunan,1412-2200;2548-1851,true,,
Jurnal Manajemen Transportasi & Logistik (JMTRANSLOG),2355-472X;2442-3149,true,,
Jurnal Kajian Seni,2356-296X;2356-3001,false,2025-12-31,accreditation expired
Jurnal Kesehatan Lingkungan: Jurnal dan Aplikasi Teknik Kesehatan Lingkungan,1829-9407;2581-0898,true,,
Jurnal Pendidikan Humaniora,2442-3890,false,,accreditation expired
Biomedika,2085-8345;2541-2582,true,,
Journal of Applied Geospatial Information,2579-3608,true,,
Jurnal Ilmiah Teknologi Informasi Asia,0852-730X;2580-8397,true,,
MaPan : Jurnal Matematika dan Pembelajaran,2354-6883;2581-172X,true,,
Qanun Medika - Jurnal Kedokteran Fakultas Kedokteran Universitas Muhammadiyah Surabaya,2548-9526,true,,
UPEJ Unnes Physics Education Journal,2252-6935;2503-2313,false,,accreditation expired
"ACTIVE: Journal of Physical Education, Sport, Health and Recreation",2460-724X,false,2025-12-31,accreditation expired
JISPO (Jurnal Ilmu Sosial dan Ilmu Politik),2303-3169;2579-3098,true,,
Jurnal Riset dan Kajian Pendidikan Fisika,2355-620X,true,,
AGREGAT,2541-2884;2541-0318,true,,
Al-Khwarizmi : Jurnal Pendidikan Matematika dan Ilmu Pengetahuan Alam,2337-7666;2541-6499,true,,
DISKURSUS Jurnal Filsafat dan Teologi,1412-3878;2580-1686,true,,
Edu Sains: Jurnal Pendidikan Sains dan Matematika,2338-4387;2580-3247,true,,
Euclid,2541-4453,false,2023-12-31,accreditation expired
FENOMENA,2460-3902;2615-4900,false,2022-12-31,accreditation expired
Fountain of Informatics Journal,2541-4313;2548-5113,true,,
Hayula: Indonesian Journal of Multidisciplinary Islamic Studies,2549-0761;2548-9860,true,,
Indonesian Journal of Educational Counseling,2541-2779;2541-2787,true,,
Inersia : Jurnal Teknik Sipil dan Arsitektur,0216-762X;2528-388X,true,,
International Journal of Applied Sciences in Tourism and Events,2580-5584;2580-5592,true,,
International Journal on Smart Material and Mechatronics,2460-075X,false,,accreditation expired
Jentera: Jurnal Kajian Sastra,2579-8138,true,,
JINoP (Jurnal Inovasi Pembelajaran),2443-1591;2460-0873,true,,
JIPFRI (Jurnal Inovasi Pendidikan Fisika dan Riset Ilmiah),2549-905X;2549-9076,true,,
Jurnal Ilmiah Pendidikan Matematika (JIPMat),2502-7638;2502-8391,true,,
Esensi: Jurnal Bisnis dan Manajemen,2087-2038;2461-1182,true,,
Jurnal Kelautan : Indonesian Journal of Marine Science and Technology,1907-9931;2476-9991,true,,
REGISTER Journal,1979-8903;2503-040X,true,,
SOSIO-DIDAKTIKA: Social Science Education Journal,2356-1386;2442-9430,true,,
Jurnal Penelitian Ekosistem Dipterokarpa,2460-5875;2460-5883,true,,
Jurnal Kesehatan Masyarakat Andalas (Andalas Journal of Public Health),1978-3833;2442-6725,false,2023-12-31,accreditation expired
Jurnal Teknologi dan Industri Pertanian Indonesia,2085-4927;2442-7020,true,,
Jurnal Psikologi Pendidikan dan Konseling: Jurnal Kajian Psikologi Pendidikan dan Bimbingan Konseling,2443-2202;2477-2518,true,,
Jurnal Pendidikan Karakter,2527-7014;2089-5003,false,2023-12-31,accreditation expired
RETORIKA: Jurnal Ilmu Bahasa,2406-9019;2443-0668,true,,
EduHumaniora: Jurnal Pendidikan Dasar,2085-1243;2579-5457,true,,
Jurnal Ilmu Kesehatan Masyarakat,2086-6380;2548-7949,true,,
Journal of ELT Research : The Academic Journal of Studies in English Language Teaching and Learning,2502-292X;2527-7448,false,2023-12-31,accreditation expired
Jurnal Pendidikan Fisika,2252-732X;2301-7651,true,,
Wahana Fisika : Jurnal Fisika dan Terapannya,2549-1989,true,,
Wahana Akademika: Jurnal Studi Islam dan Sosial,1829-6300;2527-3205,true,,
Ta'dib: Jurnal Pendidikan Islam,1410-6973;2443-2512,true,,
SOSHUM : Jurnal Sosial dan Humaniora,2088-2262;2580-5622,false,2024-12-31,accreditation expired
SINTEK JURNAL: Jurnal Ilmiah Teknik Mesin,2088-9038;2549-9645,true,,
Seloka: Jurnal Pendidikan Bahasa dan Sastra Indonesia,2301-6744;2502-4493,false,2025-12-31,accreditation expired
SEJ (Science Education Journal),2540-9859,true,,
Riwayah : Jurnal Studi Hadis,2460-755X;2502-8839,true,,
Rechtsidee,2338-8595;2443-3497,true,,
Nature : National Academic Journal of Architecture,2302-6073;2579-4809,true,,
Mimbar Agribisnis: Jurnal Pemikiran Masyarakat Ilmiah Berwawasan Agribisnis,2460-4321;2579-8340,true,,
"Metathesis: Journal of English Language, Literature, and Teaching",2580-2712;2580-2720,true,,
Media Statistika,1979-3693;2477-0647,true,,
Media Komunikasi Geografi,0216-8138;2580-0183,true,,
Media Ekonomi dan Manajemen,0854-1442;2503-4464,true,,
Majalah Ilmiah Pengkajian Industri,1410-3680;2541-1233,false,2025-12-31,accreditation expired
LingTera,2406-9213;2477-1961,true,,
Kanun: Jurnal Ilmu Hukum,0854-5499;2527-8428,true,,
Kalimah: Jurnal Studi Agama dan Pemikiran Islam,2477-0396,false,2024-12-31,accreditation expired
JURNAL SAIN PETERNAKAN INDONESIA,1978-3000;2528-7109,true,,
Jurnal Plastik Rekonstruksi,2089-9734,false,2024-12-31,accreditation expired
Jurnal Pendidikan Agama Islam Al-Thariqah,2527-9610;2549-8770,true,,
Jurnal Pemikiran Sosiologi,2252-570X;2502-2059,true,,
Jurnal Pembangunan Pendidikan: Fondasi dan Aplikasi,2502-1648,false,,accreditation expired
Jurnal Pax Humana,2337-3512;2548-3021,false,,accreditation expired
Jurnal Math Educator Nusantara: Wahana Publikasi Karya Tulis Ilmiah di Bidang Pendidikan Matematika,2459-9735;2580-9210,true,,
Jurnal Manajemen Motivasi,2085-1596;2407-5310,true,,
Majalah Ilmiah Biologi Biosfera: A Scientific Journal,0853-1625;2528-2050,false,2022-12-31,accreditation expired
Jurnal Ipteks Terapan : research of applied science and education,1979-9292;2460-5611,false,2023-12-31,accreditation expired
Jurnal Ilmiah Kedokteran Wijaya Kusuma,1978-2071;2580-5967,true,,
Jurnal Ilmiah Administrasi Publik,2302-2698;2503-2887,true,,
Jurnal Ilmiah Hukum De'Jure: Kajian Ilmiah Hukum,2541-1594,false,2021-12-31,accreditation expired
Jurnal Hukum PRIORIS,1907-8765,false,,accreditation expired
Jurnal Getsempena English Educational Journal (GEEJ),2355-004X;2502-6801,true,,
Jurnal Fourier,2252-763X;2541-5239,true,,
Optimum : Jurnal Ekonomi dan Pembangunan,1411-6022;2613-9464,true,,
Ekonika : Jurnal Ekonomi Universitas Kadiri,2502-9304;2581-2157,true,,
Jurnal Arsitektur ARCADE,2597-3746,false,2024-12-31,accreditation expired
Jurnal Aplikasi Teknik Sipil,1907-753X;2579-891X,true,,
JUPIIS: Jurnal Pendidikan Ilmu-ilmu Sosial,2085-482X;2407-7429,true,,
JST (Jurnal Sains dan Teknologi),2303-3142;2548-8570,true,,
Journal of Wetlands Environmental Management,2477-5223;2354-5844,false,2025-12-31,accreditation expired
Journal of Marine and Aquatic Sciences,2549-7103,false,2023-12-31,accreditation expired
Journal of Dynamics,2502-0692,false,,accreditation expired
"Indonesian EFL Journal: Journal of ELT, Linguistics, and Literature",2460-0938;2460-2604,false,2023-12-31,accreditation expired
Informatika Mulawarman,1858-4853;2597-4963,false,2023-12-31,accreditation expired
International Journal of Education,1978-1342;2442-4730,true,,
Public Health and Preventive Medicine Archive,2303-1816;2503-2356,true,,
Journal of Accounting Science,2548-3501,true,,
Daya Matematis : Jurnal Inovasi Pendidikan Matematika,2354-7146;2541-4232,false,2023-12-31,accreditation expired
International Journal of Health Medicine and Current Research,2528-3189,false,,accreditation expired
IJIES (International Journal of Innovation in Enterprise System),2580-3050,true,,
Indonesian Journal of Fundamental and Applied Chemistry,2540-9395;2540-9409,true,,
Fullerene Journal of Chemistry,2598-1269;2598-5868,true,,
JURNAL AGRICA,1979-8164;2541-593X,true,,
Journal of Primary Education,2252-6404;2502-4515,false,2025-12-31,accreditation expired
Benefit: Jurnal Manajemen dan Bisnis,1410-4571;2541-2604,true,,
Aquacultura Indonesiana,0216-0749;2477-6939,false,2025-12-31,accreditation expired
AGROTEKBIS,2388-3011,false,,accreditation expired
Administratio : Jurnal Ilmiah Administrasi Publik dan Pembangunan,2087-0825;2548-6977,true,,
Jurnal Ilmiah Teknik Industri,1412-6869;2460-4038,true,,
JCH (Jurnal Cendekia Hukum),2355-4657;2580-1678,true,,
INTERNATIONAL JOURNAL OF LANGUAGE EDUCATION AND CULTURE REVIEW,2406-8586;2461-131X,true,,
E-Journal of Linguistics,2442-7586,true,,
SPEKTRA: Jurnal Fisika dan Aplikasinya,2541-3384;2541-3392,true,,
SISFORMA,2355-8253,false,2022-12-31,accreditation expired
Prima: Jurnal Pendidikan Matematika,2579-9827;2580-2216,true,,
Logic : Jurnal Rancang Bangun dan Teknologi,1412-114X;2580-5649,true,,
MODUS,2549-3787,true,,
Al-Idarah: Jurnal Kependidikan Islam,2086-6186;2580-2453,true,,
Jurnal Ilmiah Kesehatan (Journal of Health Sciences),1978-6743;2477-3948,true,,
Livestock and Animal Research,2721-5326;2721-7086,true,,
Jurnal Kimia Terapan Indonesia (Indonesian Journal of Applied Chemistry),0853-2788;2527-7669,false,,accreditation expired
Jurnal Ilmiah Didaktika,1411-612X;2355-6129,true,,
Rekayasa Sipil,1978-5658;2502-6348,true,,
Jurnal Penelitian,2477-6580;1693-6019,false,2023-12-31,accreditation expired
Bioeksperimen,2460-1365;2527-2799,true,,
"BIOLINK (Jurnal Biologi Lingkungan, Industri, Kesehatan)",2597-5269;2356-458X,false,2025-12-31,accreditation expired
Naturalistic: Jurnal Kajian Penelitian dan Pendidikan dan Pembelajaran,2528-2921;2548-8589,true,,
Sosio Konsepsia,2089-0338;2502-7921,true,,
MUADDIB: Studi Kependidikan dan Keislaman,2088-3390;2540-8348,false,2024-12-31,accreditation expired
Semantik : Jurnal Ilmiah Program Studi Pendidikan Bahasa dan Sastra Indonesia,2252-4657;2549-6506,true,,
Manageria : Jurnal Manajemen Pendidikan Islam,2502-9223;2503-4383,true,,
Humanika,1412-9418;2502-5783,true,,
Journal of Research and Technology,2460-5972,false,2022-12-31,accreditation expired
Agastya: Jurnal Sejarah Dan Pembelajarannya,2087-8907;2502-2857,true,,
JIPI (JURNAL ILMU PERPUSTAKAAN DAN INFORMASI),2528-021X,true,,
JISI UMJ : Jurnal Integrasi Sistem Industri UMJ,2355-2085;2550-083X,true,,
Economica: Journal of Economic and Economic Education,2302-5190,false,2024-12-31,accreditation expired
Jurnal Ergonomi Indonesia (The Indonesian Journal of Ergonomic),1411-951X;2503-1716,false,2024-12-31,accreditation expired
"Sejarah dan Budaya : Jurnal Sejarah, Budaya, dan Pengajarannya",1979-9993;2503-1147,true,,
Pro Food,2443-1095;2443-3446,true,,
Al-Adl : Jurnal Hukum,1979-4940;2477-0124,true,,
Jurnal Penelitian Karet,0852-808X;2503-0469,false,2025-12-31,accreditation expired
Jurnal Geologi dan Sumberdaya Mineral (Journal of Geology and Mineral Resources),0853-9634;2549-4759,true,,
Jurnal Geologi Kelautan : Media Hasil Penelitian Geologi Kelautan,1693-4415;2527-8851,true,,
Lembaran Publikasi Minyak dan Gas Bumi,2089-3396;2598-0300,true,,
Jurnal Kelautan Nasional,1907-767X;2615-4579,true,,
Jurnal Segara,1907-0659;2461-1166,false,2025-12-31,accreditation expired
Media Akuakultur,1907-6762;2502-9460,true,,
JURNAL STUDI KOMUNIKASI DAN MEDIA,1978-5003;2407-6015,true,,
Jurnal Jalan Jembatan,1907-0284;2527-8681,true,,
Berkala Arkeologi,0216-1419;2548-7132,true,,
Jurnal Penelitian Arkeologi Papua dan Papua Barat,2085-9767;2580-9237,true,,
Buletin Ilmiah Litbang Perdagangan,1979-9187;2528-2751,true,,
Jurnal Warta Industri Hasil Pertanian,0215-1243;2654-4075,true,,
Analisis Kebijakan Pertanian,1693-2021;2549-7278,true,,
Biorpopal Industri,2089-0877;2502-2962,false,2025-12-31,accreditation expired
Jurnal Kependudukan Indonesia,1907-2902;2502-8537,false,2025-12-31,accreditation expired
Jurnal Penelitian Politik,1829-8001;2502-7476,true,,
Jurnal Perempuan,1410-153X;2541-2191,true,,
Jurnal Wasian,2355-9969;2502-5198,true,,
Negara Hukum: Membangun Hukum untuk Keadilan dan Kesejahteraan,2087-295X;2614-2813,true,,
Zoo Indonesia,0215-191X;2527-8703,false,2025-12-31,accreditation expired
JPKMI (Jurnal Publikasi Kesehatan Masyarakat Indonesia),2407-1625;2581-0901,true,,
JRMB (Jurnal Riset Manajemen dan Bisnis) Fakultas Ekonomi UNIAT,2527-7502;2581-2165,false,2023-12-31,accreditation expired
Sospol : Jurnal Sosial Politik,2088-8090;2597-6648,false,2023-12-31,accreditation expired
JURNAL TARBIYAH,0854-2627;2597-4270,true,,
Lembaran Sejarah,2620-5882;1410-4962,true,,
Lentera Pendidikan : Jurnal Ilmu Tarbiyah dan Keguruan,1979-3472;2580-5223,true,,
"LET: Linguistics, Literature and English Teaching Journal",2086-9606;2549-2454,true,,
Lingua Jurnal Bahasa dan Sastra,2549-3183;1829-9342,false,,accreditation expired
"LINGUA : Jurnal Bahasa, Sastra, dan Pengajarannya",1979-9411;2442-238X,false,2023-12-31,accreditation expired
Madah,2086-6038;2580-9717,false,2021-12-31,accreditation expired
Majalah Kesehatan,2548-7698,true,,
MALIA,2087-9636;2549-2578,true,,
Mediapsi,2477-6459;2549-2004,false,2024-12-31,accreditation expired
Medicina : Jurnal Ilmiah Kedokteran,2540-8313;2540-8321,false,2023-12-31,accreditation expired
"MUST: Journal of Mathematics Education, Science and Technology",2541-6057;2541-4674,false,2025-12-31,accreditation expired
Nizham : Jurnal Studi Keislaman,2339-1235;2541-7061,true,,
Agric,0854-9028;2549-9343,true,,
AL-FALAH : Journal of Islamic Economics,2548-2343;2548-3102,true,,
Nurscope,2476-8987,false,2024-12-31,accreditation expired
Nutrisia,1693-945X;2614-7165,false,2023-12-31,accreditation expired
ODONTO Dental Journal,2354-5992;2460-4119,true,,
Paradigma,1410-5063;2579-3500,true,,
Psikodimensia: Kajian Ilmiah Psikologi,1411-6073;2579-6321,true,,
QUALITY,2355-0333;2502-8324,true,,
Rabit : Jurnal Teknologi dan Sistem Informasi Univrab,2477-2062;2502-891X,true,,
Rekayasa,0126-9495;2502-5325,true,,
"RETORIKA: Jurnal Bahasa, Sastra, dan Pengajarannya",2301-4768;2614-2716,true,,
Rotasi,1411-027X;2406-9620,false,2025-12-31,accreditation expired
Sainteknol : Jurnal Sains dan Teknologi,0216-4566;2527-3604,false,,accreditation expired
SemanTIK : Teknik Informasi,2460-1446;2502-8928,true,,
Share : Social Work Journal,2339-0042;2528-1577,true,,
Jurnal Simetris,2252-4983;2549-3108,true,,
Sinkron : Jurnal dan Penelitian Teknik Informatika,2541-044X;2541-2019,true,,
Sistemasi: Jurnal Sistem Informasi,2302-8149;2540-9719,true,,
sosio e-kons,2085-2266;2502-5449,true,,
Ta'allum: Jurnal Pendidikan Islam,2303-1891;2549-2926,false,2024-12-31,accreditation expired
Tadbir Muwahhid,2442-4994;2579-3470,true,,
Tadrib: Jurnal Pendidikan Agama Islam,2477-5436;2549-6433,true,,
Jurnal Teknologi Dirgantara,1412-8063;2597-7849,true,,
Research Journal of Life Science,1234-1234;2355-9926,true,,
Jurnal Sosiologi Agama: Jurnal Ilmiah Sosiologi Agama dan Perubahan Sosial,1978-4457;2548-477X,true,,
JuTISI (Jurnal Teknik Informatika dan Sistem Informasi),2443-2210;2443-2229,true,,
Jurnal Ilmiah LISKI (Lingkar Studi Komunikasi),2442-4005,true,,
"Performance: Jurnal Personalia, Financial, Operasional, Marketing dan Sistem Informasi",2615-8094,true,,
Pharmaceutical Journal of Indonesia,2461-114X,false,2025-12-31,accreditation expired
Preventia: The Indonesian Journal of Public Health,2528-2999;2528-3006,true,,
Jurnal Instrumentasi,0125-9202;2460-1462,true,,
JURNAL BIOLOGI INDONESIA,0854-4425;2338-834X,true,,
Jurnal Masyarakat dan Budaya,2502-1966,true,,
Jurnal Penelitian Kesejahteraan Sosial,1412-6451;2528-0430,false,2022-12-31,accreditation expired
Jurnal Teknik Hidraulik,2087-3611;2580-8087,true,,
JPMI (JURNAL PENDIDIKAN MATEMATIKA INDONESIA),2477-5967;2477-8443,true,,
JPIS (Jurnal Pendidikan Ilmu Sosial),0854-5251;2540-7694,true,,
JP-BSI (Jurnal Pendidikan Bahasa dan Sastra Indonesia),2477-846X,false,2024-12-31,accreditation expired
Angkasa: Jurnal Ilmiah Bidang Teknologi,2085-9503;2581-1355,true,,
Bioma,0126-3552;2580-9032,true,,
Bioma : Berkala Ilmiah Biologi,1410-8801;2598-2370,true,,
Journal of Health Policy and Management,2549-0281,true,,
Jurnal Ekonomi Pembangunan,1693-2595;2527-4023,true,,
Jurnal Ilmiah Teknik Elektro Komputer dan Informatika (JITEKI),2338-3070;2338-3062,true,,
Jurnal Penelitian Hasil Hutan,0216-4329;2442-8957,true,,
PCD Journal,2085-0433;2085-0441,false,2024-12-31,accreditation expired
Jurnal Penelitian Pendidikan,1412-565X;2541-4135,false,2025-12-31,accreditation expired
Journal of Maternal and Child Health,2549-0257,false,2025-12-31,accreditation expired
Jurnal Pendidikan Olah Raga,2089-2829;2407-1528,true,,
Journal of Holistic Nursing Science,1979-1453,false,2022-12-31,accreditation expired
Jurnal Pendidikan Informatika dan Sains,2089-2802;2407-1536,true,,
Jurnal Educative: Journal of Educational Studies,2549-4120;2549-4139,true,,
Journal of Architecture & Environment,1412-937X;2355-262X,true,,
Jurnal ILMU DASAR,1411-5735;2442-5613,true,,
JUTI: Jurnal Ilmiah Teknologi Informasi,2406-8535;1412-6389,true,,
"JMKSP (Jurnal Manajemen, Kepemimpinan, dan Supervisi Pendidikan)",2548-7094;2614-8021,true,,
JISKa (Jurnal Informatika Sunan Kalijaga),2527-5836;2528-0074,true,,
JBKI (JURNAL BIMBINGAN KONSELING INDONESIA),2477-5916;2477-8370,true,,
The International Journal of Tropical Veterinary and Biomedical Research,2503-4715,true,,
IJCAS (International Journal of Creative and Arts Studies),2406-9760,false,2023-12-31,accreditation expired
Integralistik,0853-7208;2549-5011,true,,
INOVASI,0216-7786;2528-1097,false,2023-12-31,accreditation expired
IT Journal Research and Development,2528-4053;2528-4061,true,,
Idealog: Ide dan Dialog Desain Indonesia,2477-0566;2615-6776,true,,
Fibonacci : Jurnal Pendidikan Matematika dan Matematika,2460-7797;2614-8234,false,2023-12-31,accreditation expired
FALAH Jurnal Ekonomi Syariah,2502-3918;2502-7824,true,,
EXPOSURE: JURNAL PENDIDIKAN BAHASA DAN SASTRA INGGRIS,2252-7818;2502-3543,true,,
ETNOSIA : Jurnal Etnografi Indonesia,2527-9313;2548-9747,true,,
"ETERNAL(english, teaching, learning, and Research Journal)",2477-4766;2580-5347,false,2025-12-31,accreditation expired
EnviroScienteae,1978-8096;2302-3708,false,2022-12-31,accreditation expired
English Education: Journal of English Teaching and Research,2580-3441;2503-4405,true,,
Eduma : Mathematics Education Learning and Teaching,2086-3918;2502-5309,true,,
Edcomtech Jurnal Kajian Teknologi Pendidikan,2548-9879;2599-2139,true,,
Jurnal Ilmiah Dinamika Rekayasa,1858-3075;2527-6131,true,,
Didaktika Tauhidi: Jurnal Pendidikan Guru Sekolah Dasar,2442-4544;2550-0252,true,,
Dampak,1829-6084;2597-5129,true,,
Business and Finance Journal,2527-4872;2477-393X,true,,
Belajar Bahasa : Jurnal Ilmiah Program Studi Pendidikan Bahasa dan Sastra Indonesia,2502-5864;2503-0329,true,,
Awlady: Jurnal Pendidikan Anak,2541-4658;2528-7427,true,,
Arsitektura : Jurnal Ilmiah Arsitektur dan Lingkungan Binaan,1693-3680;2580-2976,true,,
"AN-NUHA: Jurnal Kajian Islam, Pendidikan, Budaya dan Sosial",2356-2277;2502-8863,true,,
Andalas Journal of International Studies (AJIS),2301-8208;2355-9500,true,,
Jurnal Manusia dan Lingkungan,0854-5510;2460-5727,false,2024-12-31,accreditation expired
JPSE (Journal of Physical Science and Engineering),2541-2485,false,2024-12-31,accreditation expired
J-SHMIC : Journal of English for Academic,2356-2404;2541-1446,true,,
Jurnal Nusantara Aplikasi Manajemen Bisnis,2549-5291;2528-0929,true,,
Oasis : Jurnal Ilmiah Kajian Islam,1979-1399;2548-3889,true,,
JURNAL AGROINDUSTRI HALAL,2442-3548;2550-0163,true,,
JURNAL AGRONIDA,2407-9111;2579-3225,true,,
Jurnal Pariwisata Pesona,1410-7252;2541-5859,true,,
Jurnal Pendidikan Agama Islam (Journal of Islamic Education Studies),2089-1946;2527-4511,true,,
Jurnal Pendidikan Bahasa dan Sastra Indonesia,2252-6722;2503-3476,false,2023-12-31,accreditation expired
(JPFT) Jurnal Pendidikan Fisika dan Teknologi,2614-5618;2407-6902,true,,
Jurnal Biotek,2354-9106;2581-1827,true,,
Jurnal Bisnis dan Kewirausahaan,0216-9843;2580-5614,false,2023-12-31,accreditation expired
Jurnal Kebidanan Indonesia,2086-5562;2579-7824,true,,
JURNAL KEAMANAN NASIONAL,2442-7985;2579-7727,false,2022-12-31,accreditation expired
JURNAL INSTEK (Informatika Sains dan Teknologi),2541-1179;2581-1711,true,,
Jurnal Ilmiah Wahana Bhakti Praja,2301-6965;2614-0241,true,,
JURNAL ILMIAH PETERNAKAN TERPADU,2303-1956;2614-0497,true,,
Jurnal Ilmiah Living Law,2085-8078;2550-1208,true,,
"Jurnal EECCIS (electrics, electronics, communications, controls, informatics, systems)",1978-3345;2460-8122,true,,
Jurnal Ilmiah Ibnu Sina (JIIS): Ilmu Farmasi dan Kesehatan,2502-647X;2503-1902,true,,
Jurnal Ekonomi Syariah Teori dan Terapan,2407-1935;2502-1508,true,,
Jurnal Gizi dan Dietetik Indonesia (Indonesian Journal of Nutrition and Dietetics),2303-3045;2503-183X,true,,
Jurnal Entrepreneur dan Entrepreneurship,2302-1802;2580-9393,true,,
Jurnal Sisfokom (Sistem Informasi dan Komputer),2301-7988;2581-0588,true,,
SAP (Susunan Artikel Pendidikan),2527-967X;2549-2845,true,,
Indonesian Journal of Medicine,2549-0265,false,2025-12-31,accreditation expired
Jurnal Mina Sains,2407-9030;2550-0759,true,,
Economics and Finance in Indonesia,0126-155X;2442-9260,true,,
"Jurnal Matematika, Sains, dan Teknologi",1411-1934;2442-9147,true,,
Jurnal Komunikasi,1907-848X;2548-7647,true,,
Jurnal Keterapian Fisik,2580-5908,false,2024-12-31,accreditation expired
JURNAL KEPERAWATAN GLOBAL,2528-0120;2580-5916,true,,
jurnal keperawatan,2086-3071;2443-0900,false,2025-12-31,accreditation expired
Jurnal Kedokteran Diponegoro,2540-8844,true,,
JURNAL KEBIDANAN DAN KESEHATAN TRADISIONAL,2502-7093;2580-5207,true,,
Jurnal Penelitian,1829-9903;2541-6944,true,,
Jurnal Informatika,2355-6579;2528-2247,true,,
JURNAL INFORMATIKA,1978-0524;2528-6374,true,,
JURNAL ILMIAH PERMAS: JURNAL ILMIAH STIKES KENDAL,2089-0834;2549-8134,true,,
Jurnal Gizi,2580-4847,true,,
Arthavidya: Jurnal Ilmiah Ekonomi Universitas Wisnuwardhana Malang,1410-8755;2579-6070,true,,
EDU-MAT: Jurnal Pendidikan Matematika,2338-2759;2597-9051,true,,
Interest : Jurnal Ilmu Kesehatan,2252-5432;2579-6135,true,,
Jurnal Agribisains,2442-5982;2550-1151,true,,
Journal of Medicine and Health,2442-5257,true,,
BHUMI: Jurnal Agraria dan Pertanahan,2442-6954;2580-2151,true,,
E-Jurnal Akuntansi,2302-8556,true,,
Intiqad: Jurnal Agama dan Pendidikan Islam,1979-9950;2598-0033,true,,
INVOTEC,1411-5514;2461-1336,true,,
JURNAL ILMIAH MANAJEMEN & BISNIS,1693-7619;2580-4170,true,,
Jurnal Pendidikan Matematika dan IPA,2086-0234;2579-7530,true,,
Jurnal Perikanan Universitas Gadjah Mada,2502-5066,true,,
Jurnal Teknologi Pangan dan Gizi,1411-7096;2613-909X,true,,
Molecular and Cellular Biomedical Sciences (MCBS),2527-4384;2527-3442,true,,
TMJ (Technomedia Journal),2620-3383;2528-6544,true,,
JME (Journal of Mathematics Education),2528-2468;2528-2026,true,,
Al-Bayan: Jurnal Studi Al-Qur'an dan Tafsir,2528-1054;2540-8461,true,,
"TELKA : Jurnal Telekomunikasi, Elektronika, Komputasi dan Kontrol",2502-1982;2540-9123,true,,
Evaluasi : Jurnal Manajemen Pendidikan Islam,2580-3387;2615-2886,true,,
Jurnal Bioeduin,2338-7173;2615-0417,true,,
Dunia Keperawatan : Jurnal Keperawatan dan Kesehatan,2541-5980,false,2024-12-31,accreditation expired
Reka Buana : Jurnal Ilmiah Teknik Sipil dan Teknik Kimia,2503-3654;2503-2682,false,2025-12-31,accreditation expired
JS (Jurnal Sekolah),2548-8856;2549-127X,true,,
Nusa: Jurnal Ilmu Bahasa dan Sastra,0216-535X;2597-9558,true,,
"Academic Journal PERSPECTIVE: Education, Language and Literature",2354-7340;2621-6981,true,,
Jurnal Kajian Wilayah,2502-566X,false,2021-12-31,accreditation expired
Al-MARSHAD: Jurnal Astronomi Islam dan Ilmu-Ilmu Berkaitan,2442-5729;2598-2559,true,,
AULADUNA: Jurnal Pendidikan Dasar Islam,2407-2451;2621-0282,true,,
BAREKENG: Jurnal Ilmu Matematika dan Terapan,1978-7227;2615-3017,true,,
Cakrawala Dini: Jurnal Pendidikan Anak Usia Dini,2087-1317;2621-8321,true,,
Ecolab,2502-8812,false,2021-12-31,accreditation expired
Intermestic: Journal of International Studies,2503-443X,true,,
Jurnal Manajemen & Supervisi Pendidikan,2580-3417;2541-4429,true,,
Journal of Health Science and Prevention,2549-919X,true,,
Jurnal Biologi Udayana,1410-5292;2599-2856,false,2025-12-31,accreditation expired
Jurnal Hukum Prasada,2337-795X;2548-4524,true,,
Jurnal Kebidanan,2089-7669;2621-2870,true,,
Lambung Mangkurat Law Journal,2502-3136;2502-3128,true,,
Metal Indonesia,2548-673X,false,2022-12-31,accreditation expired
Vegetalika,2302-4054;2622-7452,true,,
Agregat: Jurnal Ekonomi dan Bisnis,2549-5658;2549-7243,true,,
Agrium: Jurnal Ilmu Pertanian,0852-1077;2442-7306,true,,
Geoid - Journal of Geodesy and Geomatics,1858-2281;2442-3998,true,,
"IDEAS : Journal on English Language Teaching and Learning, Linguistics and Literature",2338-4778;2548-4192,true,,
Indonesian Journal Of Chemical Research,2338-5359;2614-2627,true,,
Journal of Applied Accounting and Taxation,2548-9925,true,,
"Jurnal Benefita : Ekonomi Pembangungan, Manajemen Bisnis dan Akuntansi",2477-7862,false,2019-12-31,accreditation expired
"Jurnal Intelektualita: Keislaman, Sosial, dan Sains",2303-2952;2622-8491,true,,
Jurnal Kesehatan Vokasional,2541-0644;2599-3275,true,,
Jurnal Notariil,2540-797X;2615-1545,true,,
KONSELI: Jurnal Bimbingan dan Konseling (E-Journal),2089-9955;2355-8539,true,,
JIPSINDO (Jurnal Pendidikan Ilmu Pengetahuan Sosial Indonesia),2355-0139;2615-7594,true,,
Journal of Islamic Nursing,2528-2549;2549-5127,true,,
JURNAL DIVERSITA,2461-1263,true,,
Edutech,0852-1190;2502-0781,true,,
AGRIMOR,2502-1710,false,2025-12-31,accreditation expired
Intizar,1412-1697;2477-3816,true,,
Jurnal Inovasi Pendidikan Dasar,2477-3859;2477-3581,false,2019-12-31,accreditation expired
Jurnal Kesehatan Prima,1978-1334;2460-8661,true,,
An-Nisbah: Jurnal Ekonomi Syariah,2406-8276;2549-5712,false,2024-12-31,accreditation expired
DISTRIBUSI,0853-957X;2477-1767,true,,
Fokus Bisnis: Media Pengkajian Manajemen dan Akuntansi,1693-5209;2623-2480,false,2025-12-31,accreditation expired
Geo Media: Majalah Ilmiah dan Informasi Kegeografian,1412-5285;2622-0792,false,2024-12-31,accreditation expired
Hang Tuah Law Journal,2549-2055;2549-2071,true,,
Jurnal Airaha,2130-7163;2621-9638,true,,
Jurnal Promkes: The Indonesian Journal of Health Promotion and Health Education,2085-3475;2540-9972,true,,
Teorema: Teori dan Riset Matematika,2541-0660;2597-7237,true,,
Syifa al-Qulub : Jurnal Studi Psikoterapi Sufistik,2540-6445;2540-8453,false,2020-12-31,accreditation expired
PADURAKSA: Jurnal Teknik Sipil Universitas Warmadewa,2303-2693;2581-2939,true,,
Jurnal AKSI (Akuntansi dan Sistem Informasi),2528-6145;2541-3198,true,,
Jurnal Kesehatan,2597-7520,true,,
Jurnal Kajian Ilmiah,1410-9794;2597-792X,true,,
Jurnal Cakrawala Pendas,2442-7470;2579-4442,true,,
Ikonomika : Jurnal Ekonomi dan Bisnis Islam,2527-3434;2527-5143,true,,
Jurnal Studi Pemuda,2252-9020;2527-3639,false,2025-12-31,accreditation expired
AGROSAINSTEK: Jurnal Ilmu dan Teknologi Pertanian,2615-2207;2579-843X,true,,
Biota,2086-3586;2460-8483,false,2025-12-31,accreditation expired
Deiksis,2085-2274;2502-227X,true,,
Dialogia : Jurnal Studi Islam dan Sosial,1693-1149;2502-3853,true,,
DIDAKTIKA RELIGIA,2337-7305;2549-631X,true,,
Digital Zone: Jurnal teknologi informasi dan Komunikasi,2086-4884;2477-3255,true,,
ELEMENTARY: Jurnal Ilmiah Pendidikan Dasar,2477-1384;2579-9282,false,2025-12-31,accreditation expired
IJIE (Indonesian Journal of Informatics Education),2549-0389,true,,
International Journal of Islamic Business and Economics (IJIBEC),2599-3216;2615-420X,true,,
JFMR (Journal of Fisheries and Marine Research),2337-621X;2581-0294,true,,
Jurnal Ilmiah Al-Syir'ah,1693-4202;2528-0368,true,,
Jurnal Komunikasi,2085-1979;2528-2727,true,,
Jurnal Manajemen dan Keuangan,2252-844X;2615-1316,false,2025-12-31,accreditation expired
Jurnal Penelitian Kehutanan Faloak,2620-617X;2579-5805,false,2025-12-31,accreditation expired
JURNAL PSIKOLOGI,1978-3655;2407-8786,true,,
Local Wisdom : Jurnal Ilmiah Kajian Kearifan Lokal,2086-3764;2615-4951,true,,
Majalah BIAM,0215-1464;2548-4842,false,2019-12-31,accreditation expired
Prisma Sains : Jurnal Pengkajian Ilmu dan Pembelajaran Matematika dan IPA IKIP Mataram,2338-4530;2540-7899,false,2024-12-31,accreditation expired
"Sumatra Journal of Disaster, Geography and Geography Education",2580-4030;2580-1775,true,,
Biota Jurnal Ilmiah Ilmu-Ilmu Hayati,2527-3221,false,2025-12-31,accreditation expired
DIVERSI : Jurnal Hukum,2503-4804;2614-5936,true,,
Ekspektra: Jurnal Bisnis & Manajemen,2549-6972;2549-3604,true,,
Elite : English and Literature Journal,2355-0821;2580-5215,true,,
ELT-Lectura,2338-8560;2550-0724,true,,
Gondang: Jurnal Seni dan Budaya,2599-0543,true,,
HOLISTIK JURNAL KESEHATAN,1978-3337;2620-7478,true,,
Hunafa: Jurnal Studia Islamika,1411-125X;2355-7710,true,,
"ISLLAC : Journal of Intensive Studies on Language, Literature, Art, and Culture",2597-7385,true,,
Journal An-Nafs: Kajian Penelitian Psikologi,2528-0600;2549-6166,true,,
Journal of Educational Research and Evaluation,2597-422X;2549-2675,true,,
Jurnal Sosial Ekonomi Pertanian,1978-5437;2356-2382,true,,
JUARA : Jurnal Olahraga,2443-1117;2655-1896,false,2024-12-31,accreditation expired
Jurnal Berkala Kesehatan,2477-3190;2541-6472,true,,
Jurnal Dakwah Risalah,1412-0348;2654-3877,true,,
JURNAL ILMIAH PERTANIAN,1829-8346;2502-5988,true,,
"Jurnal Litbang: Media Informasi Penelitian, Pengembangan dan IPTEK",1978-2306;2655-6618,false,2025-12-31,accreditation expired
"Jurnal Maksipreneur: Manajemen, Koperasi, dan Entrepreneurship",2089-550X;2527-6638,false,2025-12-31,accreditation expired
Jurnal Manajemen (Edisi Elektronik),2301-4628,true,,
"Jurnal Matematika, Statistika dan Komputasi",1858-1382;2614-8811,true,,
Jurnal Pariwisata Terapan,2580-1031;2580-104X,true,,
Jurnal Pendidikan Akuntansi dan Keuangan,2337-408X;2656-3266,true,,
Jurnal Penelitan Ekonomi dan Bisnis,2442-5028;2460-4291,false,2024-12-31,accreditation expired
Jurnal Sains Sosio Humaniora,2580-1244;2580-2305,true,,
Krisna: Kumpulan Riset Akuntansi,2301-8879;2599-1809,true,,
Natural: Jurnal Ilmiah Pendidikan IPA,2355-0813;2579-4078,true,,
Owner : Riset dan Jurnal Akuntansi,2548-7505;2548-9224,true,,
Jurnal SEPA (Social Economic and Agribusiness Journal),1829-9946;2654-6817,true,,
Siddhayatra: Jurnal Arkeologi,0853-9030;2598-1056,false,2025-12-31,accreditation expired
Tourism Scientific Journal,2477-6912;2541-1519,true,,
WIGA : Jurnal Penelitian Ilmu Ekonomi,2088-0944;2549-5992,true,,
Agritrop : Jurnal Ilmu-Ilmu Pertanian (Journal of Agricultural Science),1693-2897;2502-0455,true,,
Dinamika Jurnal Ilmiah Pendidikan Dasar,2087-412X;2655-870X,true,,
e-Jurnal Apresiasi Ekonomi,2337-3997;2613-9774,true,,
Ekuitas: Jurnal Pendidikan Ekonomi,2354-6107;2549-2292,false,2024-12-31,accreditation expired
JITE (JOURNAL OF INFORMATICS AND TELECOMMUNICATION ENGINEERING),2549-6247;2549-6255,true,,
Journal of Chemical Process Engineering,2527-4457;2655-2957,true,,
Jurnal Desain,2339-0107;2339-0115,true,,
Jurnal Hukum Samudra Keadilan,2615-3416;2615-7845,true,,
Jurnal Imejing Diagnostik,2356-301X;2621-7457,true,,
Jurnal Keperawatan,2085-1049;2549-8118,true,,
MAGISTRA: Media Pengembangan Ilmu Pendidikan Dasar dan Keislaman,2087-2305;2615-2282,true,,
Jurnal Planologi,1829-9172;2615-5257,true,,
Jurnal Progress : Wahana Kreativitas dan Intelektualitas,2338-6878;2620-3243,true,,
Jurnal KomtekInfo,2356-0010;2502-8758,true,,
Lectura : Jurnal Pendidikan,2086-4876;2549-063X,true,,
MBIA,2086-5090;2655-8262,true,,
PIONIR: Jurnal Pendidikan,2339-2495;2549-6611,true,,
Syifa' MEDIKA: Jurnal Kedokteran dan Kesehatan,2087-233X;2580-6971,true,,
JOURNAL OF EDUCATIONAL SCIENCES,2581-1657;2581-2203,true,,
CCIT (Creative Communication and Innovative Technology) Journal,1978-8282;2655-4275,false,2025-12-31,accreditation expired
JURNAL BIOLOGI PAPUA,2086-3314;2503-0450,true,,
Engagement : Jurnal Pengabdian Kepada Masyarakat,2579-8391;2579-8375,true,,
Agrisocionomics: Jurnal Sosial Ekonomi Pertanian,2580-0566;2621-9778,true,,
Indonesian Journal of Disability Studies,2355-2158;2654-4148,true,,
IKAT: The Indonesian Journal of Southeast Asian Studies,2597-9817,false,2019-12-31,accreditation expired
Indonesian Food and Nutrition Progress,0854-6173;2597-9388,true,,
Indonesian Journal of Statistics and Its Applications,2599-0802,true,,
JAIS (Journal of Applied Intelligent System),2502-0493;2502-9401,false,2019-12-31,accreditation expired
Jurnal Epidemiologi Kesehatan Komunitas,2615-4854,true,,
Jurnal Kesehatan Ibu dan Anak,2302-6014;2599-3224,true,,
Jurnal Studi Al-Quran,0216-1648;2339-2614,true,,
Matra Pembaruan: Jurnal Inovasi Kebijakan,2549-5151;2549-5283,true,,
METAMORFOSA Journal of Biological Sciences,2302-5697;2655-8122,true,,
Metana : Media Komunikasi Rekayasa Proses dan Teknologi Tepat Guna,1858-2907;2549-9130,true,,
"Nutri-Sains: Jurnal Gizi, Pangan dan Aplikasinya",2528-3170;2541-5921,false,2025-12-31,accreditation expired
Transmisi: Jurnal Ilmiah Teknik Elektro,1411-0814;2407-6422,true,,
Ultimacomm: Jurnal Ilmu Komunikasi,2085-4609;2656-0208,true,,
Abjadia : International Journal of Education,2528-3979;2443-0587,true,,
Agrovigor: Jurnal Agroekoteknologi,1979-5777;2477-0353,true,,
Al-Urban: Jurnal Ekonomi Syariah dan Filantropi Islam,2580-3360;2581-2874,true,,
EKONOMIS: Journal of Economics and Business,2597-8829,true,,
ENGLISH FRANCA : Academic Journal of English Language and Education,2580-3670;2580-3689,true,,
GERAM (GERAKAN AKTIF MENULIS),2338-0446;2580-376X,true,,
Gravity: Jurnal Ilmiah Penelitian dan Pembelajaran Fisika,2442-515X;2528-1976,true,,
Islamic Economics Journal,2460-1898;2541-5573,true,,
JIPI (Jurnal Ilmiah Penelitian dan Pembelajaran Informatika),2540-8984,true,,
Jurnal Ekonomi,0854-9842;2580-4901,true,,
Jurnal Ilmiah Ilmu Ushuluddin,1412-5188;2549-3752,true,,
Jurnal Lahan Suboptimal : Journal of Suboptimal Lands,2252-6188;2302-3015,true,,
Jurnal Sains dan Kesehatan,2303-0267;2407-6082,true,,
Jurnal Zarah,2354-7162;2549-2217,true,,
Justitia et Pax,2541-3007,true,,
Panrita Abdi - Jurnal Pengabdian pada Masyarakat,3580-3786;2580-3786,true,,
Pi: Mathematics Education Journal,2597-5161;2597-6915,true,,
Ultima Accounting : Jurnal Ilmu Akuntansi,2085-4595;2541-5476,true,,
Ultima Computing : Jurnal Sistem Komputer,2355-3286;2549-4007,true,,
Jurnal ULTIMA InfoSys,2085-4579;2581-1851,true,,
Al-Hikmah: Jurnal Agama dan Ilmu Pengetahuan,1412-5382;2598-2168,true,,
"Ellite : Journal of English Language, Literature, and Teaching",2527-4120;2528-0066,true,,
J-MPI (Jurnal Manajemen Pendidikan Islam),2477-4987;2477-6467,true,,
J-PEK (Jurnal Pembelajaran Kimia),2528-6536;2579-5945,true,,
Jurnal Ilmiah Mahasiswa Ekonomi Akuntansi (JIMEKA),2581-1002,true,,
Psikoislamika : Jurnal Psikologi dan Psikologi Islam,1829-5703;2655-5034,true,,
Tapis : Jurnal Penelitian Ilmiah,2579-3233;2580-068X,true,,
Tawazun: Jurnal Pendidikan Islam,1978-6786;2654-5845,true,,
JURNAL AGROTEKNOLOGI,2087-0620;2356-4091,true,,
Unnes Journal of Mathematics Education,2252-6927;2460-5840,true,,
Economic Education Analysis Journal,2252-6544;2502-356X,true,,
JURNAL PAJAR (Pendidikan dan Pengajaran),2580-8435;2614-1337,true,,
International Journal of Community Service Learning,2579-7166;2549-6417,true,,
Journal of the Indonesian Society of Integrated Chemistry,2085-1715;2621-5543,true,,
Jurnal Teknologi Informasi dan Terapan (J-TIT),2354-838X;2580-2291,true,,
Bulletin of Social Informatics Theory and Application,2614-0047,true,,
Altius: Jurnal Ilmu Olahraga dan Kesehatan,2087-927X;2685-0516,false,2025-12-31,accreditation expired
"Journal of Accounting, Business and Management (JABM)",0216-423X;2622-2167,false,2025-12-31,accreditation expired
Agriprima : Journal of Applied Agricultural Sciences,2549-2934;2549-2942,true,,
International Journal of Biosciences and Biotechnology,2303-3371;2655-9994,false,2023-12-31,accreditation expired
The Journal of English Literacy Education: The Teaching and Learning of English as a Foreign Language,2355-7486;2621-4512,true,,
Pusaka : Jurnal Khazanah Keagamaan,2337-5957;2655-2833,true,,
Matics: Jurnal Ilmu Komputer dan Teknologi Informasi (Journal of Computer Science and Information Technology),1978-161X;2477-2550,true,,
Istawa: Jurnal Pendidikan Islam,2502-5732;2541-0970,false,2022-12-31,accreditation expired
"JBMP (Jurnal Bisnis, Manajemen dan Perbankan)",2338-4409;2528-4649,true,,
"Journal of Energy, Mechanical, Material and Manufacturing Engineering",2541-6332;2548-4281,false,2025-12-31,accreditation expired
JHECDs: Journal of Health Epidemiology and Communicable Diseases,2502-0447;2503-5134,false,2019-12-31,accreditation expired
JIPVA (Jurnal Pendidikan IPA Veteran),2598-5876;2598-0904,false,2019-12-31,accreditation expired
Journal of Business & Banking,2088-7841;2303-3460,true,,
Journal of Nutrition College,2622-884X;2337-6236,true,,
JP2SD (Jurnal Pemikiran dan Pengembangan Sekolah Dasar),2338-1140;2527-3043,true,,
Jurnal Al-Bayan: Media Kajian dan Pengembangan Ilmu Dakwah,1411-5743;2549-1636,false,2023-12-31,accreditation expired
Jurnal Administrasi Bisnis,2252-3294;2548-4923,true,,
Jurnal Cakrawala Hukum,2356-4962;2598-6538,true,,
Jurnal Sumberdaya Akuatik Indopasifik,2550-1232;2550-0929,false,2024-12-31,accreditation expired
JURTEKSI (jurnal Teknologi dan Sistem Informasi),2407-1811;2550-0201,true,,
LENTERA: Jurnal Ilmu Dakwah dan Komunikasi,2549-7391;2549-578X,true,,
Majalah Ilmiah Peternakan,2656-8373,false,2019-12-31,accreditation expired
Management Analysis Journal,2252-6552;2502-1451,true,,
Jurnal Manajerial,2354-8592;2621-5055,true,,
Jurnal Aplikasi Akuntansi,2549-158X;2622-2434,true,,
ThufuLA : Jurnal Inovasi Pendidikan Guru Raudhatul Athfal,2355-0163;2502-3845,true,,
Simbur Cahaya,1410-0614;2684-9941,true,,
Bali Health Journal,2599-2449;2599-1280,true,,
IHiS (Indonesian Historical Studies),2579-4213,true,,
International Journal of Business Studies,2580-0132;2622-4585,true,,
Al-Infaq: Jurnal Ekonomi Islam,2087-2178;2579-6453,true,,
Jurnal FishtecH,2302-6936;2656-1913,true,,
Cantilever: Jurnal Penelitian dan Kajian Bidang Teknik Sipil,1907-4247;2477-4863,true,,
Sentralisasi,1879-7567;2614-4328,true,,
Medical Technology and Public Health Journal,2549-189X;2549-2993,true,,
Inspiration : Jurnal Teknologi Informasi dan Komunikasi,2088-6705;2621-5608,true,,
Scriptura: Jurnal Ilmiah Komunikasi,1978-385X;2655-4968,true,,
Rang Teknik Journal,2599-2081;2599-2090,true,,
TEMALI : Jurnal Pembangunan Sosial,2615-5028,true,,
Kuriositas: Media Komunikasi Sosial dan Keagamaan,1979-5572;2541-6480,true,,
Quagga: Jurnal Pendidikan dan Biologi,1907-3089;2615-5869,true,,
Petir: Jurnal Pengkajian dan Penerapan Teknik Informatika,1978-9262;2655-5018,true,,
Jurnal Kesehatan,2086-2555;2622-7363,false,2024-12-31,accreditation expired
ELTIN Journal: Journal of English Language Teaching in Indonesia,2339-1561;2580-7684,true,,
Jurnal Inspiratif Pendidikan,2337-6767;2655-4445,true,,
Yinyang: Jurnal Studi Islam Gender dan Anak,1907-2791;2548-5385,true,,
Jurnal SMART Keperawatan,2301-6221;2502-5236,true,,
Jurnal Profit : Kajian Pendidikan Ekonomi dan Ilmu Ekonomi,2355-7176;2620-8504,true,,
BULETIN AL-RIBAATH,2579-9495;1412-7156,false,2025-12-31,accreditation expired
Diya al-Afkar: Jurnal Studi al-Quran dan al-Hadis,2303-0453;2442-9872,true,,
Rekayasa: Jurnal Penerapan Teknologi dan Pembelajaran,0216-6631;2527-6964,false,2025-12-31,accreditation expired
Valid Jurnal Ilmiah,1829-5037;2621-4954,true,,
Jurnal Ilmiah Soulmath : Jurnal Edukasi Pendidikan Matematika,2337-9421;2581-1290,true,,
Alhadharah: Jurnal Ilmu Dakwah,1412-9515;2579-986X,true,,
Perspektif Hukum,1411-9536;2460-3406,true,,
Endogami: Jurnal Ilmiah Kajian Antropologi,2599-1078,true,,
Al Ahkam,1978-1970;2656-3096,true,,
JOURNAL OF APPLIED BUSINESS ADMINISTRATION,2548-9909,true,,
Jurnal Dakwah dan Komunikasi,2548-3293;2548-3366,true,,
Jurnal Pendidikan Islam Indonesian,2527-3566;2528-2964,false,2024-12-31,accreditation expired
Jurnal Pertambangan,2549-1008,true,,
Al-Mustashfa : Jurnal Penelitian Hukum Ekonomi Syariah,2355-0805;2549-4112,true,,
Justitia Jurnal Hukum,2579-9983;2579-6380,true,,
KREDO: Jurnal Ilmiah Bahasa dan Sastra,2598-3202;2599-316X,true,,
Zawiyah: Jurnal Pemikiran Islam,2477-6149;2579-955X,true,,
Jurnal CoreIT: Jurnal Hasil Penelitian Ilmu Komputer dan Teknologi Informasi,2460-738X;2599-3321,true,,
HUMANIS,2528-5076;2302-920X,true,,
Wahana Teknik Sipil: Jurnal Pengembangan Teknik Sipil,0853-8727;2527-4333,true,,
INSANIA : Jurnal Pemikiran Alternatif Pendidikan,1410-0053;2598-3091,true,,
Dinamik,0854-9524;2623-1786,true,,
Widya Cipta: Jurnal Sekretari dan Manajemen,2550-0805;2550-0791,true,,
Jurnal Biomedika,1979-035X;2302-1306,false,2024-12-31,accreditation expired
Jurnal Sains Pemasaran Indonesia (Indonesian Journal of Marketing Science),2580-118X,false,2021-12-31,accreditation expired
Jurnal Sains Psikologi,2085-2223;2597-7008,true,,
Padjadjaran Journal of Dental Researchers and Students,2656-985X,true,,
Jurnal Ilmiah Ekonomi Bisnis,0853-862X;2089-8002,true,,
"Wahana: Jurnal Ekonomi, Manajemen dan Akuntansi",1410-8224;2685-1415,true,,
ARS: Jurnal Seni Rupa Dan Desain,1829-7412;2580-7374,true,,
Equity,0216-8545;2684-9739,true,,
Buletin Penelitian Sosial Ekonomi Pertanian Fakultas Pertanian Universitas Haluoleo,1410-4466;2656-4270,true,,
Jurnal Ilmu Perilaku,2581-0421,true,,
JPEK (Jurnal Pendidikan Ekonomi dan Kewirausahaan),2549-0893,true,,
Jurnal Agribest,2581-1339;2615-4862,true,,
JMSNI (Journal of Maritime Studies and National Integration),2579-9215,false,2021-12-31,accreditation expired
Journal of Japanese Language Education and Linguistics,2597-5277;2615-0840,true,,
Jurnal Litbang Sukowati : Media Penelitian dan Pengembangan,2580-541X;2614-3356,true,,
JRAK: Jurnal Riset Akuntansi dan Komputerisasi Akuntansi,2086-4264;2581-2343,true,,
PrimaryEdu : Journal of Primary Education,2580-9326;2580-7714,true,,
Jurnal Media Analis Kesehatan,2087-1333;2621-9557,true,,
ALKIMIA : Jurnal Ilmu Kimia dan Terapan,2580-9873;2580-9881,true,,
ORASI: JURNAL DAKWAH DAN KOMUNIKASI,2085-7357;2541-7142,true,,
"Paedagoria: Jurnal Kajian, Penelitian dan Pengembangan Kependidikan",2086-6356;2614-3674,true,,
Edumatic : Jurnal Pendidikan Informatika,2549-7472,true,,
Halu Oleo Law Review,2548-1754,false,2021-12-31,accreditation expired
International Journal of Chemistry Education Research,2549-9947;2614-1426,true,,
International Journal of Language Teaching and Education,2614-1191;2598-2303,true,,
JEP (Jurnal Eksakta Pendidikan),2614-1221;2579-860X,true,,
JIIF (Jurnal Ilmu dan Inovasi Fisika),2549-0516;2549-7014,true,,
JIK (Jurnal Ilmu Kesehatan),2580-930X;2597-8594,true,,
JOURNAL OF APPLIED INFORMATICS AND COMPUTING,2548-6861,true,,
Journal of Community Based Environmental Engineering and Management,2597-9736,true,,
Jurnal Komunikasi Pendidikan,2549-1725;2549-4163,true,,
Jurnal Pelita PAUD,2548-6284;2615-0360,false,2025-12-31,accreditation expired
Jurnal Riset dan Aplikasi Matematika (JRAM),2581-0154,true,,
"LANGUAGE LITERACY: Journal of Linguistics, Literature and Language Teaching",2580-8672;2580-9962,true,,
Orbital: Jurnal Pendidikan Kimia,2580-1856;2598-0858,true,,
"PROZIMA (Productivity, Optimization and Manufacturing System Engineering)",2541-5115,true,,
UNRAM Law Review,2548-9267;2549-2365,true,,
Al-Arabi : Journal of Teaching Arabic as a Foreign Language,1693-3257;2541-1500,true,,
Darussalam Nutrition Journal,2579-8588;2579-8618,true,,
Jurnal Gradasi Teknik Sipil,2598-9758;2598-8581,true,,
Jurnal Ilmiah Teknik Kimia,2549-0699;2685-323X,true,,
Jurnal Komunikasi Profesional,2579-9371,true,,
Jurnal Pemberdayaan : Publikasi Hasil Pengabdian Kepada Masyarakat,2580-2569;2656-0542,true,,
Kappa Journal,2549-2950,true,,
SEAS (Sustainable Environment Agricultural Science),2614-0934,true,,
Wajah Hukum,2598-604X,true,,
(JHSS) Journal of Humanities and Social Studies,2598-117X;2598-120X,true,,
METAL : Jurnal Sistem Mekanik dan Termal,2598-1137;2597-4483,true,,
Jurnal Pendidikan,1411-1942;2443-3586,true,,
Conciencia,1412-2545;2622-7304,true,,
Jurnal Geografi Gea,1412-0313;2549-7529,true,,
INVOTEK: Jurnal Inovasi Vokasional dan Teknologi,1411-3414;2549-9815,true,,
Multilateral: Jurnal Pendidikan Jasmani Dan Olahraga,1412-3428;2549-1415,true,,
Performa: Media Ilmiah Teknik Industri,1412-8624;2620-6412,true,,
Wacana: Jurnal Ilmiah Ilmu Komunikasi,1412-7873;2598-7402,true,,
Jurnal Ilmiah Sains,1412-3770;2540-9840,true,,
Jurnal Sains dan Teknologi,1412-6257;2549-9742,false,2023-12-31,accreditation expired
DiA: Jurnal Administrasi Publik,2615-7268;0216-6496,false,2025-12-31,accreditation expired
Edukasi: Jurnal Pendidikan,1829-8702;2407-1803,true,,
TEKNOLOGI PANGAN : Media Informasi dan Komunikasi Ilmiah Teknologi Pertanian,2087-9679;2597-436X,true,,
COMMUNICATION,2086-5708;2442-7535,true,,
Jurnal Kesehatan Terpadu (Integrated Health Journal),1978-7766;2597-9566,false,2024-12-31,accreditation expired
Jurnal Manajemen dan Bisnis Sriwijaya,2685-0885,false,2022-12-31,accreditation expired
Jurnal Teknik Industri,1411-6340;2622-5131,true,,
Pedagogia: Jurnal Ilmu Pendidikan,2579-7700,false,2022-12-31,accreditation expired
AL-ISHLAH: Jurnal Pendidikan Islam,1693-7449;2685-6581,true,,
Pharmacon: Jurnal Farmasi Indonesia,1411-4283;2685-5062,true,,
Jurnal Manajemen,1829-6211;2597-4106,true,,
Media Farmasi,0216-2083;2622-0962,true,,
Pepatudzu : Media Pendidikan dan Sosial Kemasyarakatan,2087-3476;2541-5700,true,,
Teknika: Jurnal Sains dan Teknologi,1693-024X;2654-4113,true,,
Denta: Jurnal Kedokteran Gigi,1907-5987;2615-1790,false,2025-12-31,accreditation expired
AGRIKA : Jurnal Ilmu-Ilmu Pertanian,1907-5871;2541-6529,true,,
Jurnal Akuntansi,1978-8029;2580-9792,true,,
Mabasan,2085-9554;2621-2005,true,,
Quality : Jurnal Kesehatan,1978-4325;2655-2434,true,,
Cakrawala: Jurnal Litbang Kebijakan,1978-0354;2622-013X,true,,
Jurnal Akta Kimia Indonesia (Indonesia Chimica Acta),2085-014X;2655-6049,true,,
Jurnal Teknologi Informasi dan Pendidikan,2086-4981;2620-6390,true,,
Psyche 165 Journal,2088-5326;2502-8766,true,,
Jurnal Agroekoteknologi,2085-7985;2548-7108,true,,
Al-Munawwarah : Jurnal Pendidikan Islam,2088-8503;2621-8046,true,,
Jurnal Riset Komunikasi (JURKOM),2615-0948;2615-0875,true,,
"Ihtifaz: Journal of Islamic Economics, Finance, and Banking",2622-4755;2622-5798,false,2022-12-31,accreditation expired
IndoMath: Indonesia Mathematics Education,2614-5103;2614-5111,true,,
Jurnal Bahasa Rupa,2581-0502;2580-9997,false,2025-12-31,accreditation expired
Handep: Jurnal Sejarah dan Budaya,2614-0209;2684-7256,false,2025-12-31,accreditation expired
Historia: Jurnal Pendidik dan Peneliti Sejarah,2620-4789;2615-7993,true,,
Journal of Nursing Care,2614-1698,true,,
Jurnal Belantara,2614-7238;2614-3453,true,,
Kamaya: Jurnal Ilmu Agama,2615-0883,true,,
Transparansi Jurnal Ilmiah Ilmu Administrasi,2085-1162;2622-0253,true,,
Al-Bayyinah,1979-7486;2580-5088,true,,
Jurnal REKOMEN (Riset Ekonomi Manajemen),2580-8893;2614-2953,true,,
Asian TEFL: Journal of Language Teaching and Applied Linguistics,2503-2569,false,2019-12-31,accreditation expired
Teknoin,0853-8697;2655-6529,true,,
JURNAL PENGABDIAN KEPADA MASYARAKAT,0852-2715;2502-7220,false,2024-12-31,accreditation expired
Akuntansi Bisnis dan Manajemen (ABM),0854-4190;2685-3965,true,,
Jurnal Ilmiah Potensia,2527-9270;2621-2382,true,,
Suluh: Jurnal Bimbingan dan Konseling,2460-7274;2685-8045,true,,
"Jurnalistrendi: Jurnal Linguistik, Sastra dan Pendidikan",2527-4465;2549-0524,true,,
Jurnal Bios Logos,2088-9569;2656-3282,true,,
Jurnal Ilmiah Ilmu Keperawatan Indonesia (Indonesian Nursing Scientific Journal),2252-4096;2354-8177,true,,
JPSI (Journal of Public Sector Innovations),2541-4291;2548-396X,true,,
Jurnal Invensi (Jurnal Penciptaan dan Pengkajian Seni),2460-0830;2615-2940,true,,
Al-Amwal : Journal of Islamic Economic Law,2541-0105;2541-3910,true,,
The New Ropanasuri Journal of Surgery,2503-3328;2549-7871,true,,
Jurnal Penelitian IPTEKS,2459-9921;2528-0570,true,,
Jurnal Ilmiah Membangun Desa dan Pertanian,2527-2748,true,,
JPBIO (Jurnal Pendidikan Biologi),2540-802X,true,,
Journal of Information Technology and Computer Science (JOINTECS),2541-3619;2541-6448,true,,
TAPAK (Teknologi Aplikasi Konstruksi) : Jurnal Program Studi Teknik Sipil,2089-2098;2548-6209,true,,
Jurnal Sport Science,1907-5111;2620-4681,true,,
Journal of Research and Educational Research Evaluation,2252-6420;2503-1732,true,,
Jurnal Komunikasi Global,2614-7998;2614-218X,false,2025-12-31,accreditation expired
Jurnal Pendidikan Anak,2302-6804;2579-4531,true,,
"IMANENSI: Jurnal Ekonomi, Manajemen, dan Akuntansi Islam",2339-1847;2684-9968,true,,
Atthulab: Islamic Religion Teaching and Learning Journal,2503-5282;2598-0971,true,,
AGROVITAL : Jurnal Ilmu Pertanian,2541-7452;2541-7460,true,,
Acta Comitas: Jurnal Hukum Kenotariatan,2502-8960;2502-7573,true,,
Ilmu Pendidikan: Jurnal Kajian Teori dan Praktik Kependidikan,2548-6683;2549-7774,true,,
At-Tibyan: Jurnal Ilmu Alquran dan Tafsir,2442-594X;2579-5708,true,,
Jurnal Riset Akuntansi Dan Bisnis Airlangga,2548-1401;2548-4346,true,,
PROMEDIA (Public Relation dan Media Komunikasi),2460-9633,true,,
Jurnal Teknologi dan Manajemen Informatika,1693-6604;2580-8044,true,,
E-Jurnal Manajemen,2302-8912,true,,
Dinamika Akuntansi Keuangan dan Perbankan,2656-8500;2656-4955,true,,
EL-IBTIKAR: JURNAL PENDIDIKAN BAHASA ARAB,2303-260X;2579-8456,true,,
Islamic Review: Jurnal Riset dan Kajian Keislaman,2089-8142;2654-4997,true,,
Komunikatif : Jurnal Ilmiah Komunikasi,2301-6558;2597-6699,true,,
Jurnal Pembelajaran Fisika,2302-0105;2684-9828,false,2025-12-31,accreditation expired
Jurnal Psikologi Integratif,2356-2145;2580-7331,true,,
CHANNEL Jurnal Komunikasi,2339-2681;2621-2579,true,,
Indonesian of Health Information Management Journal (INOHIM),2354-8932;2655-9129,true,,
JURNAL AKUNTANSI DAN KEUANGAN ISLAM,2338-2783;2549-3876,true,,
Jurnal Pertanian Terpadu,2354-7251;2549-7383,true,,
JWM (JURNAL WAWASAN MANAJEMEN),2337-5191;2527-6034,true,,
KREA-TIF : JURNAL TEKNIK INFORMATIKA,2338-2910,true,,
Media Teknologi Hasil Perikanan,2337-4284;2684-7205,true,,
Visualita: Jurnal Online Desain Komunikasi Visual,2301-5144;2655-2140,true,,
JIP (Jurnal Ilmiah PGMI),2527-2764;2527-4589,true,,
Communicology: Jurnal Ilmu Komunikasi,2339-1480;2580-9172,true,,
Jurnal Signal,2337-4454;2580-1090,true,,
PIKSEL : Penelitian Ilmu Komputer Sistem Embedded and Logic,2303-3304;2620-3553,true,,
"PROMUSIKA: Jurnal Pengkajian, Penyajian, dan Penciptaan Musik",2338-039X;2477-538X,true,,
Gadjah Mada Journal of Professional of Psychology (GamaJPP),2407-7801,true,,
Jurnal Teori dan Aplikasi Fisika,2303-016X;2549-1156,true,,
Jurnal Pendidikan Matematika RAFA,2460-8718;2460-8726,true,,
Jurnal Bisnis dan Manajemen,1829-7528;2581-1584,true,,
Kertha Patrika,0215-899X;2579-9487,true,,
Jurnal Infrastruktur,2476-9339;2540-9212,true,,
AT-TURAS: Jurnal Studi Keislaman,2355-567X;2460-1063,true,,
Ophthalmologica Indonesiana,0126-1193;2460-545X,true,,
SIKLUS: Jurnal Teknik Sipil,2443-1729;2549-3973,true,,
Ekonomi dan Bisnis,2356-0282;2684-7582,true,,
Jurnal SMART Kebidanan,2301-6213;2503-0388,true,,
Jurnal Yuridis,1693-4458;2598-5906,true,,
Jurnal Socius: Journal of Sociology Research and Education,2356-4180;2442-8663,true,,
Jurnal Hadratul Madaniyah,2407-3865;2655-1993,true,,
Al-'Adl,1979-4916;2615-5540,true,,
JABI (JURNAL AKUNTANSI BERKELANJUTAN INDONESIA),2614-8447;2615-7896,true,,
Jurnal ISEMA : Islamic Educational Management,2541-383X;2541-7088,true,,
Tegar : Journal of Teaching Physical Education in Elementary School,2614-5626,true,,
Medika Kartika : Jurnal Kedokteran dan Kesehatan,2613-9332;2655-6537,true,,
BIOEDUSCIENCE,2614-154X;2614-1558,true,,
"Prasi: Jurnal Bahasa, Seni, dan Pengajarannya",1693-6124;2614-1116,true,,
Thinking Skills and Creativity Journal,2615-4692;2615-6105,true,,
JPAI (Journal of Psychology and Instruction),2597-8616;2549-4589,true,,
Jurnal Pendidikan dan Pembelajaran IPA Indonesia,2615-742X;2615-7438,true,,
Jurnal Ilmiah Ilmu Sosial,2407-4012;2407-4551,true,,
Jurnal Pendidikan Multikultural Indonesia,2615-7322;2615-7675,true,,
Jurnal Ilmu Keolahragaan Undiksha,2613-9693;2613-9685,true,,
Nagari Law Review,2581-2971;2597-7245,true,,
MITRA: Jurnal Pemberdayaan Masyarakat,2598-7860;2598-8182,true,,
Journal of Private and Commercial Law,2599-0314;2599-0306,true,,
IJAIT (International Journal of Applied Information Technology),2581-1223,true,,
Dinamisia: Jurnal Pengabdian Kepada Masyarakat,2614-7424;2614-8927,true,,
ACTA DIURNAL : Jurnal Ilmu Hukum Kenotariatan,2614-3542;2614-3550,true,,
Yurispruden: Jurnal Fakultas Hukum Universitas Islam Malang,2614-3852;2614-3992,true,,
Riau Journal of Empowerment,2654-4520;2623-1549,true,,
Research and Innovation in Language Learning,2614-5960;2615-4137,false,2023-12-31,accreditation expired
Media Karya Kesehatan,2621-9026,true,,
Jurnal Ilmu Keperawatan Jiwa,2621-2978,false,2024-12-31,accreditation expired
Jurnal Elementaria Edukasia,2615-4625;2655-0857,true,,
Jurnal Arsitektur dan Perencanaan (JUARA),2620-9896,true,,
Indonesian Journal of Neurosurgery,2654-3397;2338-9524,false,2019-12-31,accreditation expired
Journal of Tropical Crop Science,2356-0169;2356-0177,true,,
Acta Aquatica: Aquatic Sciences Journal,2406-9825;2614-3178,true,,
Akta Agrosia,1410-3354;2615-7136,true,,
Al-Adyan: Jurnal Studi Lintas Agama,2685-3574,true,,
Analisis: Jurnal Studi Keislaman,2088-9046;2502-3969,true,,
e-GiGi,2338-199X,true,,
ELSE (Elementary School Education Journal) : Jurnal Pendidikan dan Pembelajaran Sekolah Dasar,2581-1800;2597-4122,true,,
JIIP: Jurnal Ilmiah Ilmu Pemerintahan,2460-142X;2548-4931,true,,
Jurnal Akuntansi Trisakti,2339-0832,true,,
Jurnal Ilmu Produksi dan Teknologi Hasil Peternakan,2303-2227;2615-594X,true,,
"JURNAL INFORMASI, PERPAJAKAN, AKUNTANSI, DAN KEUANGAN PUBLIK",1907-7769;2685-6441,true,,
Jurnal Inspirasi Bisnis dan Manajemen,2579-9312;2579-9401,true,,
Jurnal Integrasi Proses,2302-9048;2540-864X,true,,
Jurnal Kimia (Journal of Chemistry),1907-9850;2599-2740,true,,
Ganaya: Jurnal Ilmu Sosial dan Humaniora,2615-0913,true,,
EAJ (ECONOMICS AND ACCOUNTING JOURNAL),2614-8455;2615-7888,true,,
Cetta: Jurnal Ilmu Pendidikan,2615-0891,true,,
Aktsar : Jurnal Akuntansi Syariah,2622-2345;2622-5255,true,,
Wikrama Parahita : Jurnal Pengabdian Masyarakat,2599-0020;2599-0012,true,,
Komunikologi : Jurnal Pengembangan Ilmu Komunikasi dan Sosial,2528-7583;2621-8267,true,,
Jurnal Ilmiah Dinamika Sosial,2597-3657;2581-2424,true,,
Journal of Islamic Medicine,2550-0074,true,,
International Journal of Educational Best Practices,2581-0847,true,,
Attadib: Journal of Elementary Education,2614-1760;2614-1752,true,,
Ath-Thariq: Jurnal Dakwah dan Komunikasi,2580-1651;2614-8439,true,,
Jurnal Transformative,2548-3323;2581-0308,true,,
Media Ekonomi,0853-3970;2442-9686,true,,
Media Riset Bisnis & Manajemen,1411-884X;2442-9716,false,2023-12-31,accreditation expired
Media Teknik Sipil,1693-3095;2597-7660,true,,
Almana : Jurnal Manajemen dan Bisnis,2579-4892;2655-8327,true,,
Al Qalam: Jurnal Ilmiah Keagamaan dan Kemasyarakatan,1907-4174;2621-0681,true,,
Spirit Publik : Jurnal Administrasi Publik,1907-0489;2580-3875,true,,
Akuntansi dan Manajemen,1858-3687;2657-1080,true,,
Majalah Ilmiah Bijak,1411-0830;2621-749X,true,,
Al-Qisthu: Jurnal Kajian Ilmu-Ilmu Hukum,1858-1099;2654-3559,true,,
JURNAL SURYA ENERGY,2528-7400;2615-871X,true,,
Infotekmesin,2087-1627;2685-9858,true,,
JALL (Journal of Applied Linguistics and Literacy),2598-8530,true,,
Ri'ayah : Jurnal Sosial dan Keagamaan,2528-049X;2548-6446,true,,
Pratama Widya : Jurnal Pendidikan Anak Usia Dini,2528-4037;2615-8396,true,,
KUBIK: Jurnal Publikasi Ilmiah Matematika,2338-0896;2686-0341,true,,
Jurnal MeA (Media Agribisnis),2548-7027;2541-6898,true,,
Jurnal Akuakultur Sungai dan Danau,2597-8837,true,,
JET (Journal of English Teaching) Adi Buana,2502-2121;2614-4050,true,,
Tarbawi : Jurnal Pendidikan Agama Islam,2527-4082;2622-920X,true,,
ELT Echo : The Journal of English Language Teaching in Foreign Language Context.,2579-8170;2549-5089,true,,
"JASa (Jurnal Akuntansi, Audit dan Sistem Informasi Akuntansi)",2550-0732;2655-8319,true,,
Jurnal Mangifera Edu,2527-9939;2622-3384,true,,
Jurnal Informatika Universitas Pamulang,2541-1004;2622-4615,true,,
IJIBE (International Journal of Islamic Business Ethics),2502-0633;2502-4647,true,,
Bio Educatio : The Journal of Science and Biology Education,2541-2280;2541-4097,true,,
Jurnal INTECH Teknik Industri Universitas Serang Raya,2407-781X;2655-2655,true,,
Khasanah Ilmu : Jurnal Pariwisata Dan Budaya,2087-0086;2655-5433,true,,
Jurnal Ilmiah Psikologi Mind Set,2086-1966;2685-3620,true,,
Gladi : Jurnal Ilmu Keolahragaan,1693-1556;2597-8942,true,,
JRK (Jurnal Riset Komunikasi),2087-7463,true,,
JURNAL TERNAK,2086-5201;2684-6799,false,2025-12-31,accreditation expired
Forum Agribisnis (Agribusiness Forum),2252-5491;2656-4599,true,,
EQIEN - JURNAL EKONOMI DAN BISNIS,2503-4413;2654-5837,true,,
Societas Dei: Jurnal Agama dan Masyarakat,2407-0556;2599-3267,true,,
Corak : Jurnal Seni Kriya,2301-6027;2685-4708,true,,
Medica Hospitalia : Journal of Clinical Medicine,2301-4369;2685-7898,true,,
Jurnal Ilmiah Mahasiswa Raushan Fikr,2354-9688;2548-5393,true,,
Jurnal Sastra Indonesia,2252-6315;2685-9599,false,2025-12-31,accreditation expired
JSiI (Jurnal Sistem Informasi),2406-7768;2581-2181,true,,
Translitera : Jurnal Kajian Komunikasi dan Studi Media,2527-3396,true,,
Kertha Semaya : Journal Ilmu Hukum,2303-0569,true,,
Tadulako Journal Sport Sciences And Physical Education,2337-4594;2581-0383,true,,
Lintas Ruang: Jurnal Pengetahuan dan Perancangan Desain Interior,1978-0702;2580-6521,true,,
"AGRITEKNO, Jurnal Teknologi Pertanian",2302-9218;2620-9721,true,,
Jurnal Kiprah,2354-7278;2580-6947,true,,
PRISMA,2089-3604;2614-4611,true,,
Media Pendidikan Matematika,2338-3836;2657-0610,true,,
Astonjadro,2302-4240;2655-2086,true,,
LANTANIDA JOURNAL,2356-3133;2548-9062,true,,
KOLOKIUM: Jurnal Pendidikan Luar Sekolah,2354-693X;2655-3163,true,,
Adaara: Jurnal Manajemen Pendidikan Islam,2407-8107;2685-4538,true,,
AQUATIC SCIENCE & MANAGEMENT,2337-4403;2337-5000,true,,
Jurnal Manajemen Informasi Kesehatan Indonesia (JMIKI),2337-585X;2337-6007,false,2025-12-31,accreditation expired
Jurnal Psikogenesis,2303-3177;2597-7547,true,,
"Jurnal Ilmiah Mizani: Wacana Hukum, Ekonomi dan Keagamaan",2355-5173;2656-9477,false,2025-12-31,accreditation expired
"Literasi: Jurnal Ilmiah Pendidikan Bahasa, Sastra Indonesia dan Daerah",2086-4795;2549-2594,true,,
HOSPITAL MAJAPAHIT,2085-0204;2656-1808,true,,
Health Information : Jurnal Penelitian,2085-0840;2622-5905,true,,
Aqlania: Jurnal Filsafat dan Teologi Islam,2087-8613;2656-6605,true,,
Jumantara: Jurnal Manuskrip Nusantara,2087-1074;2685-7391,true,,
Jurnal Ilmu Pendidikan (JIP) STKIP Kusuma Negara,2085-7144;2623-0380,true,,
SANITAS : Jurnal Teknologi dan Seni Kesehatan,1978-8843;2615-8647,true,,
Jurnal Inovasi Pendidikan Ekonomi (JIPE),2302-898X;2621-5624,true,,
Jurnal Perspektif,2549-7111;2549-712X,true,,
MEC-J (Management and Economics Journal),2599-3402;2598-9537,true,,
JAREE (Journal on Advanced Research in Electrical Engineering),2580-0361;2579-6216,true,,
Andalas obstetrics and gynecology journal,2579-8324;2579-8413,true,,
Journal of Architectural Research and Design Studies,2580-1252;2580-1260,true,,
Jurnal Riset Pendidikan dan Inovasi Pembelajaran Matematika (JRPIPM),2581-0480,true,,
(IJHCM) International Journal of Human Capital Management,2580-9164,false,2021-12-31,accreditation expired
SISFO,1979-3979;2301-4237,true,,
JURNAL KREATIVITAS PENGABDIAN KEPADA MASYARAKAT,2615-0921;2622-6030,true,,
Nominal: Barometer Riset Akuntansi dan Manajemen,2303-2065;2502-5430,true,,
Journal of Qur'an and Hadith Studies,2089-3434;2252-7060,true,,
Diklabio: Jurnal Pendidikan dan Pembelajaran Biologi,2598-9634;2598-9669,true,,
Jurnal Rekam Medis dan Informasi Kesehatan,2622-1863;2622-7614,true,,
Jurnal Teknik Sipil,2088-9321;2502-5295,true,,
LenteraBio: Berkala Ilmiah Biologi,2252-3979;2685-7871,true,,
Jurnal Teknik Kimia USU,2337-4888,true,,
Naturalis : Jurnal Penelitian Pengelolaan Sumberdaya Alam dan Lingkungan,2302-6715;2654-7732,true,,
Jurnal Fisika Unand,2302-8491;2686-2433,true,,
Paudia : Jurnal Penelitian dalam Bidang Pendidikan Anak Usia Dini,2089-1431;2598-4047,true,,
Jurnal Ilmu Kesehatan Masyarakat : The Public Health Science Journal,2252-4134;2354-8185,true,,
Publik (Jurnal Ilmu Administrasi),2301-573X;2581-2084,true,,
Edueksos: Jurnal Pendidikan Sosial dan Ekonomi,2252-9942;2548-5008,true,,
Jurnal Ilmu Hukum,2087-8591;2654-3761,true,,
Diklus: Jurnal Pendidikan Luar Sekolah,2685-9637,true,,
"Specta: Journal of Photography, Arts, and Media",2614-3477;2615-0433,true,,
Medical and Health Science Journal,2549-7588;2549-7596,true,,
Rekayasa Hijau : Jurnal Teknologi Ramah Lingkungan,2550-1070;2579-4264,true,,
Widya Yuridika: Jurnal Hukum,2615-7586;2620-5556,true,,
Jurnal Ilmu Keperawatan Komunitas,2621-3001,true,,
Jesya (Jurnal Ekonomi dan Ekonomi Syariah),2614-3259;2599-3410,true,,
"Journal of Indonesian Tourism, Hospitality and Recreation",2654-3893;2654-4687,true,,
JESS (Journal of Education on Social Science),2622-0741;2550-0147,true,,
Dalton : Jurnal Pendidikan Kimia dan Ilmu Kimia,2621-3060,true,,
Scope : Journal of English Language Teaching,2541-0326;2541-0334,true,,
Res Judicata,2622-1888;2621-1602,true,,
Jurnal Filsafat Indonesia,2620-7990;2620-7982,true,,
JUSTIN (Jurnal Sistem dan Teknologi Informasi),2460-3562;2620-8989,false,2023-12-31,accreditation expired
Politea : Jurnal Pemikiran Politik Islam,2621-0312;2657-1560,true,,
Tell : Teaching of English Language and Literature Journal,2338-8927;2657-2443,true,,
Jurnal Penelitian Pendidikan Islam,2339-1413;2621-8275,true,,
E-Jurnal Ekonomi dan Bisnis Universitas Udayana,2337-3067,true,,
DIAKRONIKA,1411-1764;2620-9446,true,,
PEDAGOGI: Jurnal Ilmu Pendidikan,1411-4585;2549-6743,true,,
JKTP: Jurnal Kajian Teknologi Pendidikan,2615-8787,true,,
Journal of Fundamental Mathematics and Applications,2621-6019;2621-6035,true,,
EDUMATIKA : Jurnal Riset Pendidikan Matematika,2620-8903;2620-8911,true,,
Journal of Teaching and Learning in Elementary Education,2615-4528;2622-3023,false,2025-12-31,accreditation expired
Nakhoda: Jurnal Ilmu Pemerintahan,1829-5827;2656-5277,true,,
Jurnal Kepemimpinan dan Manajemen Keperawatan,2621-5047,false,2024-12-31,accreditation expired
Media Keperawatan Indonesia,2722-2802;2615-1669,true,,
Jurnal ELTEK,2355-0740,true,,
El-Barka: Journal of Islamic Economics and Business,2657-1153;2657-1862,true,,
Sociological Jurisprudence Journal,2615-8809;2615-8795,false,2025-12-31,accreditation expired
JPMI (Jurnal Pembelajaran Matematika Inovatif),2614-221X;2614-2155,true,,
Jurnal Akuntansi Bisnis,1412-775X;2541-5204,true,,
Bravos : Jurnal Program Studi Pendidikan Jasmani dan Kesehatan,2337-7674;2597-677X,true,,
Gelanggang Olahraga: Jurnal Pendidikan Jasmani dan Olahraga,2614-607X;2597-6567,true,,
CYCLOTRON : JURNAL TEKNIK ELEKTRO,2614-5146;2614-5499,true,,
Efisiensi : Kajian Ilmu Administrasi,2528-5750,false,2024-12-31,accreditation expired
Journal of English Educational Study (JEES),2655-0776,true,,
Jurnal Rekayasa dan Manajemen Agroindustri,2503-488X,true,,
Al-Zahra : Journal for Islamic and Arabic Studies,1412-226X;2502-8871,false,2025-12-31,accreditation expired
Jurnal Ilmiah Farmasi,1693-8666;2657-1420,true,,
JPK (Jurnal Pendidikan Khusus),1858-0998;2580-6475,true,,
Jurnal Harkat: Media Komunikasi Gender,1412-2324;2655-7428,true,,
Fon; Jurnal Pendidikan Bahasa dan Sastra Indonesia,2086-0609;2614-7718,true,,
Jurnal Ilmiah Merpati,2252-3006;2685-2411,false,2023-12-31,accreditation expired
"Leksika: Jurnal Bahasa, Sastra dan Pengajarannya",1978-1964;2620-4037,true,,
Jurnal Pangan dan Agroindustri,2685-2861,true,,
Value: Jurnal Manajemen dan Akuntansi,1979-0643;2685-7324,true,,
Al-Fikrah: Jurnal Manajemen Pendidikan,2339-0131;2549-9106,true,,
Edumatsains,2527-7642;2527-7235,true,,
Progresif : Jurnal Hukum,1978-4619;2655-2094,true,,
Journal of Nonformal Education and Community Empowerment,2549-1539;2579-4256,true,,
Mediakom : Jurnal Ilmu Komunikasi,2597-9841;2686-469X,true,,
Gorontalo Journal of Forestry Research,2614-2058;2614-204X,true,,
Islamic Management: Jurnal Manajemen Pendidikan Islam,2614-4018;2614-8846,true,,
Journal of English Language and Pedagogy,2527-3655;2579-8782,true,,
Psychopolytan (Jurnal Psikologi),2614-5227;2654-3672,true,,
Jurnal Inovasi Hasil Pengabdian Masyarakat (JIPEMAS),2654-282X;2621-783X,true,,
Journal of Health Technology Assessment in Midwifery,2620-8423;2620-5653,true,,
JURNAL REKAYASA MESIN,1411-6863;2540-7678,true,,
Jurnal Akuntansi,1907-9958;2685-9246,true,,
Budapest International Research and Critics Institute-Journal (BIRCI-Journal): Humanities and Social Sciences,2615-1715;2615-3076,false,2022-12-31,accreditation expired
IJISH (International Journal of Islamic Studies and Humanities),2614-3836;2615-7403,false,2019-12-31,accreditation expired
Hermeneutik : Jurnal Ilmu Al-Quran dan Tafsir,1907-7246;2502-6402,true,,
RUANG: Jurnal Lingkungan Binaan (SPACE: Journal of the Built Environment),2355-5718;2355-570X,true,,
SINTECH (Science and Information Technology) Journal,2598-7305;2598-9642,true,,
Tarbawiyah Jurnal Ilmiah Pendidikan,2579-3241;2579-325X,true,,
Jurnal Transformatif (Islamic Studies),2580-7056;2580-7064,true,,
Advances in Tropical Biodiversity and Environmental Sciences,2549-6980;2622-0628,true,,
Tarbiyatuna: Kajian Pendidikan Islam,2597-4807;2622-1942,true,,
Jurnal Riset Veteriner Indonesia (Journal of The Indonesian Veterinary Research),2614-0187;2615-2835,true,,
Lire Journal (Journal of Linguistics and Literature),2598-1803;2581-2130,true,,
TRJ (Tourism Research Journal),2598-9839,true,,
JMM (Jurnal Masyarakat Mandiri),2598-8158;2614-5758,true,,
Oksitosin : Jurnal Ilmiah Kebidanan,2354-9653;2597-6524,true,,
Jurnal Abadimas Adi Buana,2622-5700;2622-5719,true,,
JIE (Journal of Islamic Education),2503-5363;2528-0465,true,,
Jurnal Kejaora (Kesehatan Jasmani dan Olahraga),2503-2976;2541-5042,true,,
JURNAL EDUKASI ELEKTRO,2548-8252;2548-8260,true,,
PRIMA: Journal of Community Empowering and Services,2579-5074,true,,
Jurnal Sumberdaya Alam dan Lingkungan,2655-9676,true,,
Analit: Analytical and Environmental Chemistry,2540-8224;2540-8267,true,,
Faletehan Health Journal,2088-673X;2597-8667,true,,
Jurnal Akuatika Indonesia,2528-052X;2621-7252,true,,
As-Sibyan: Jurnal Pendidikan Anak usia Dini,2541-5549;2685-1326,true,,
Jurnal Mebis (Manajemen dan Bisnis),2528-2433;2599-283X,true,,
Jurnal Proaksi,2089-127X;2685-9750,true,,
Journal of Applied Geology,2502-2822,true,,
Jurnal Medikes (Media Informasi Kesehatan),2356-1718;2685-2195,true,,
Majalah Farmasi dan Farmakologi,1410-7031;2655-6715,false,2023-12-31,accreditation expired
EMPIRISMA: JURNAL PEMIKIRAN DAN KEBUDAYAAN ISLAM,1829-9563;2503-1694,true,,
Journal of Teaching and Learning Physics,2528-5505;2580-3107,true,,
JUSTISI,1979-7532;2686-0821,true,,
JKEP (Jurnal Keperawatan),2354-6042;2354-6050,true,,
Jurnal Ius Constituendum,2541-2345;2580-8842,true,,
Jurnal Sporta Saintika,2502-5651;2579-5910,true,,
Firm: Journal of Management Studies,2527-5852;2541-3473,true,,
Journal of Science and Applicative Technology,2581-0545,true,,
Journal of Aquaculture Science,2550-0910;2579-4817,true,,
JMK (Jurnal Manajemen dan Kewirausahaan),2477-3166;2656-0771,true,,
Jurnal Varian,2581-2017,true,,
Jendela Pendidikan : Jurnal Ilmiah Keguruan dan Pendidikan,2089-4554;2622-3635,true,,
Jurnal Inovasi Teknik Kimia,2541-5891;2527-614X,false,2025-12-31,accreditation expired
Jurnal Muara Ilmu Ekonomi dan Bisnis,2579-6224;2579-6232,true,,
"Celtic : A Journal of Culture, English Language Teaching, Literature and Linguistics",2356-0401;2621-9158,true,,
Productum Jurnal Desain Produk (Pengetahuan dan Perancangan Produk),2477-7900;2579-7328,true,,
Ajudikasi : Jurnal Ilmu Hukum,2613-9995;2614-0179,true,,
Melayunesia Law,2580-7447;2580-7455,true,,
Esoterik : Jurnal Akhlak dan Tasawuf,2640-7576;2502-8847,false,2023-12-31,accreditation expired
al Mahara: Jurnal Pendidikan Bahasa Arab,2477-5827;2477-5835,true,,
Health Sciences and Pharmacy Journal,2622-1268;2599-2015,true,,
SOEPRA Jurnal Hukum Kesehatan,2548-818X,true,,
JURNAL KOMUNIKATIO,2442-3882;2549-8002,true,,
Nukhbatul 'Ulum : Jurnal Bidang Kajian Islam,2338-5251;2685-7537,true,,
ULIN : Jurnal Hutan Tropis,2599-1205;2599-1183,true,,
JURNAL AKUNTANSI BISNIS,1979-360X;2598-6767,true,,
International Journal of Language and Literature,2579-5333;2549-4287,true,,
Jurnal Perencanaan Pembangunan: The Indonesian Journal of Development Planning,2598-0807;2654-2625,true,,
JURING (Journal for Research in Mathematics Learning),2621-7430;2621-7422,true,,
AgriTechno,1979-7362;2656-2413,true,,
Jurnal Pembangunan Nagari,2527-6387,true,,
TRANSFORMASI: Jurnal Manajemen Pemerintahan,2686-0163,true,,
Jurnal al-Murabbi,2477-8338;2548-1371,true,,
Jurnal Visi Ilmu Pendidikan,2085-9848;2579-552X,true,,
Jurnal Pendidikan Manajemen Perkantoran (JPManper),2686-5491;2656-4734,true,,
Nusantara Medical Science Journal,2460-9757;2597-7288,true,,
JED (Jurnal Etika Demokrasi),2540-8763;2615-4374,false,2025-12-31,accreditation expired
Mathline : Jurnal Matematika dan Pendidikan Matematika,2502-5872;2622-3627,true,,
"Jurisprudensi: Jurnal Ilmu Syariah, Perundang-undangan, Ekonomi Islam",2085-630X;2477-281X,true,,
JAKP (Jurnal Administrasi dan Kebijakan Publik),2301-4342;2657-0092,true,,
Bioedusiana: Jurnal Pendidikan Biologi,2477-5193;2684-7604,false,2024-12-31,accreditation expired
Jurnal Living Hadis,2528-7567;2548-4761,true,,
Jurnal Ilmiah Ilmu dan Teknologi Rekayasa,2615-0387,true,,
BIOEDUSAINS: Jurnal Pendidikan Biologi dan Sains,2622-3929;2598-7453,true,,
Journal of Community Empowerment for Health,2654-8283;2655-0164,true,,
ANARGYA: Jurnal Ilmiah Pendidikan Matematika,2615-4196;2615-4072,true,,
Enlighten: Jurnal Bimbingan Konseling Islam,2622-8912;2622-8920,true,,
JGISE-Journal of Geospatial Information Science and Engineering,2623-1182,true,,
CARADDE: Jurnal Pengabdian Kepada Masyarakat,2621-7961;2621-7910,false,2024-12-31,accreditation expired
Indonesian Journal of Artificial Intelligence and Data Mining,2614-3372;2614-6150,true,,
Atfaluna: Journal of Islamic Early Childhood Education,2655-8572;2655-8009,true,,
Fidei: Jurnal Teologi Sistematika dan Praktika,2621-8151;2621-8135,true,,
DIDAKTIKA: Jurnal Pendidikan Sekolah Dasar,2716-1722;2715-8128,true,,
Indonesian Journal of Applied Statistics,2621-086X,true,,
Efficient: Indonesian Journal of Development Economics,2655-6197;2655-318X,true,,
Malahayati International Journal of Nursing and Health Science,2620-9152;2621-4083,true,,
The International Journal of Business Review (The Jobs Review),2621-7317;2621-413X,true,,
Profit: Jurnal Administrasi Bisnis,1978-743X;2338-4654,true,,
Agroteknika,2685-3353;2685-3450,true,,
Al Fikra : Jurnal Ilmiah Keislaman,1693-508X;2502-7263,true,,
Journal of Indonesian Dental Association,2621-6183;2621-6175,false,2022-12-31,accreditation expired
Jurnal Geofisika,0854-4352;2477-6084,false,2023-12-31,accreditation expired
Kiryoku : Jurnal Studi Kejepangan,2559-0497;2581-0960,true,,
Al-Adzka : Jurnal Ilmiah Pendidikan Guru Madrasah Ibtidaiyah,2088-9801;2597-937X,true,,
Jurnal Ecosolum,2252-7923;2654-430X,true,,
Jurnal Mutu Pangan : Indonesian Journal of Food Quality,2355-5017;2684-9550,true,,
International Journal of Zakat (IJAZ),2541-1411;2548-2335,false,2023-12-31,accreditation expired
Jurnal Ilmu Tanah dan Lingkungan (Journal of Soil Science and Environment),1410-7333;2549-2853,true,,
Agroindustrial Technology Journal,2599-0799;2598-9480,true,,
Jurnal Teknik,1693-6191;2715-7660,true,,
Jurnal Penelitian Transportasi Laut,1411-0504;2548-4087,true,,
"RESEARCH : Computer, Information System & Technology Management",2615-7233;2615-7357,false,2022-12-31,accreditation expired
Al-Iktisab: Journal of Islamic Economic Law,2580-4251;2615-661X,true,,
JECCE (Journal of Early Childhood Care and Education),2615-1413,true,,
EKONOMIKA SYARIAH : Journal of Economic Studies,2614-7890;2614-8110,true,,
Mulawarman Law Review,2527-3485;2527-3477,true,,
UMI Medical Journal,2548-4079;2685-7561,true,,
Journal of Applied Food Technology,2355-9152;2614-7076,true,,
DAYAH: Journal of Islamic Education,2614-2686;2614-2694,false,2025-12-31,accreditation expired
Substantive Justice International Journal of Law,2599-0462,true,,
Journal Communication Spectrum: Capturing New Perspectives in Communication,2087-8850;2622-6405,true,,
Journal of Physics: Theories and Applications,2549-7316;2549-7324,true,,
Jurnal Tekno Insentif,1907-4964;2655-089X,true,,
JAMP : Jurnal Administrasi dan Manajemen Pendidikan,2615-8574,true,,
Jurnal Tadris Matematika,2621-3990;2621-4008,true,,
e-Journal Ekonomi Bisnis dan Akuntansi,2355-4665;2685-3523,true,,
Jurnal As-Salam,2528-1402;2549-5593,true,,
Living Islam: Journal of Islamic Discourses,2621-6582;2621-6590,true,,
Acta Chimica Asiana,2550-049X;2550-0503,true,,
Kontemplasi: Jurnal Ke-Ushuluddinan,2338-6169;2580-6866,false,2022-12-31,accreditation expired
Jurnal Pendidikan Sejarah Indonesia,2622-1837,true,,
Justindo (Jurnal Sistem dan Teknologi Informasi Indonesia),2502-5724;2541-5735,true,,
Jurnal Karinov,2620-6161,true,,
Jurnal Pendidikan Matematika (JUDIKA EDUCATION),2620-732X;2614-6088,true,,
Asia Pacific Fraud Journal,2502-8731;2502-695X,true,,
Nation State: Journal of International Studies,2620-391X;2621-735X,true,,
AL-HAYAT: Journal of Biology and Applied Biology,2654-3702;2622-0725,true,,
JOMIS (Journal of Midwifery Science),2549-2543;2579-7077,true,,
Organum: Jurnal Saintifik Manajemen dan Akuntansi,2620-8156;2620-8164,true,,
Instructional Development Journal,2657-1536;2686-1267,true,,
KENOSIS: Jurnal Kajian Teologi,2460-6901;2656-4483,false,2025-12-31,accreditation expired
Serat Rupa: Journal of Design,2477-586X,true,,
Bioscientist : Jurnal Ilmiah Biologi,2338-5006;2654-4571,true,,
Jurnal Pamator : Jurnal Ilmiah Universitas Trunojoyo Madura,1829-7935;2654-7856,true,,
Jurnal Akuntansi Universitas Jember,1693-2420;2460-0377,true,,
Jurnal Ilmu Farmasi dan Farmasi Klinik (Journal of Pharmaceutical Science and Clinical Pharmacy),1693-7899;2716-3814,true,,
Jurnal Ilmiah Keperawatan Imelda,2442-8108;2597-7172,true,,
ESTETIK : Jurnal Bahasa Indonesia,2622-1810;2622-1829,true,,
Al Hikmah: Indonesian Journal of Early Childhood Islamic Education,2598-9588;2550-1100,true,,
The International Journal of Applied Business,2599-0705,true,,
Teknodika,1693-9107;2656-6621,true,,
Indonesian Journal of Chemical Analysis (IJCA),2622-7401;2622-7126,true,,
Jurnal Kumparan Fisika,2685-1806;2655-1403,true,,
Jurnal Fundadikdas (Fundamental Pendidikan Dasar),2614-1620,true,,
Jurnal Ilmiah Informatika Komputer,0853-8638;2089-8045,true,,
ALCHEMY:JOURNAL OF CHEMISTRY,2086-1710;2460-6871,false,2022-12-31,accreditation expired
Piwulang : Jurnal Pendidikan Bahasa Jawa,2252-6307;2714-867X,true,,
Jurnal Ekonomi & Kebijakan Publik,2086-6313;2528-4673,true,,
Argipa (Arsip gizi dan Pangan),2502-2938;2579-888X,true,,
Dinar: Jurnal Ekonomi dan Keuangan Islam,2460-9889;2580-3565,true,,
Journal of Finance and Islamic Banking,2615-2967;2615-2975,true,,
Journal of Islamic Economic Laws,2655-9609;2655-9617,true,,
J-PIPS (Jurnal Pendidikan Ilmu Pengetahuan Sosial),2355-8245;2614-5480,true,,
JURNAL DINAMIKA EKONOMI PEMBANGUNAN,2089-2489;2620-3049,true,,
JURNAL HUKUM dan KENOTARIATAN,2549-3361;2655-7789,false,2024-12-31,accreditation expired
Jurnal Ilmu-Ilmu Pertanian Indonesia,1411-0067;2684-9593,true,,
Jurnal Kelautan dan Perikanan Terapan (JKPT),1410-7694;2654-9581,true,,
Jurnal Kewirausahaan dan Bisnis,1979-861X;2549-1555,true,,
Jurnal Ners Indonesia,2087-2763;2685-3116,false,2025-12-31,accreditation expired
Jurnal Psikologi,2086-3047;2089-8061,true,,
Jurnal Sistem Cerdas,2622-8254,true,,
Jurnal Teknik Kimia,2721-4885,false,2024-12-31,accreditation expired
JUSPI (Jurnal Sejarah Peradaban Islam),2580-8311,true,,
Kasuari: Physics Education Journal (KPEJ),2615-2681;2615-2673,true,,
Keberlanjutan : Jurnal Manajemen dan Jurnal Akuntansi,2528-5599;2614-3291,false,2024-12-31,accreditation expired
Manuskripta,2252-5343;2355-7605,false,2020-12-31,accreditation expired
Media Syari'ah: Wahana Kajian Hukum Islam dan Pranata Sosial,1411-2353;2579-5090,true,,
Medikora: Jurnal Ilmiah Kesehatan Olahraga,0216-9940;2721-2823,true,,
Pedagogi Hayati,2503-0752;2579-4132,false,2021-12-31,accreditation expired
Petra International journal of Business Studies (IJBS),2621-6426,true,,
"Psychology, Evaluation, and Technology in Educational Research",2622-5506,true,,
Relevance: Journal of Management and Business,2615-6385;2615-8590,true,,
RESEARCH AND DEVELOPMENT JOURNAL OF EDUCATION (RDJE),2406-9744;2657-1056,true,,
Telematika : Jurnal Informatika dan Teknologi Informasi,1829-667X;2460-9021,false,2021-12-31,accreditation expired
WIDYAKALA JOURNAL,2337-7313;2597-8624,true,,
(JIML) JOURNAL OF INNOVATIVE MATHEMATICS LEARNING,2621-4733;2621-4741,true,,
Abdimas: Jurnal Pengabdian Masyarakat Universitas Merdeka Malang,2721-138X;2548-7159,true,,
Acta Pharmaciae Indonesia : Acta Pharm Indo,2337-8433;2621-4520,true,,
Al-Madrasah: Jurnal Ilmiah Pendidikan Madrasah Ibtidaiyah,2620-5807;2620-7184,true,,
Awang Long Law Review,2655-7355;2654-5462,true,,
Bali Medika Jurnal,2615-7047;2614-6517,true,,
BASKARA: Journal of Business and Entrepreneurship,2623-0089,true,,
BULETIN FISIKA,1411-4690;2580-9733,true,,
EPI International Journal of Engineering,2615-5109;2621-0541,true,,
JELLT (Journal of English Language and Language Teaching),2579-6038;2579-6046,true,,
JIFA (Journal of Islamic Finance and Accounting),2615-1774;2615-1782,true,,
JURNAL AL-IQTISHAD,0216-2547;2656-8489,true,,
Jurnal Epidemiologi Kesehatan Indonesia,2548-513X,true,,
Jurnal Gizi dan Pangan Soedirman,2599-0152;2599-2465,true,,
Jurnal Kedokteran Meditek,2868-1437;2686-0201,true,,
"Jurnal Onoma: Pendidikan, Bahasa, dan Sastra",2443-3667;2715-4564,true,,
Jurnal Otomasi Kontrol dan Instrumentasi,2085-2517;2460-6340,true,,
Jurnal Pendidikan Administrasi Perkantoran (JPAP),2338-9621,true,,
Jurnal Pendidikan dan Pengajaran Guru Sekolah Dasar (JPPGuseda),2623-0941;2623-0232,true,,
JUSIFO : Jurnal Sistem Informasi,2460-092X;2623-1662,true,,
Minda Baharu,2614-5944,true,,
Review of Management and Entrepreneurship,2548-3536;2548-3552,true,,
Science Midwifery,2086-7689;2721-9453,true,,
Scientific Journal of Mechanical Engineering Kinematika,2655-9048;2655-903X,true,,
Studi Akuntansi dan Keuangan Indonesia (SAKI),2654-6221,true,,
Transformasi: Jurnal Pengabdian Masyarakat,1858-3571;2580-9628,true,,
Pioneer: Journal of Language and Literature,2338-5243;2655-8718,true,,
SOSIOEDUKASI : JURNAL ILMIAH ILMU PENDIDIKAN DAN SOSIAL,2086-6135;2541-612X,true,,
International Journal of Communication and Society,2684-9267,true,,
Media Iuris,2621-5225,true,,
Mashdar: Jurnal Studi Al-Qur'an dan Hadis,2685-1547;2685-1555,true,,
Jurnal Ilmu Nutrisi dan Teknologi Pakan,2622-3279,true,,
Pediomaternal Nursing Journal,2355-1577;2656-4629,true,,
SEL Jurnal Penelitian Kesehatan,2580-8699;2580-8923,false,2021-12-31,accreditation expired
BIA': Jurnal Teologi dan Pendidikan Kristen Kontekstual,2655-4682;2655-4666,false,2022-12-31,accreditation expired
Indonesian Journal of Rheumatology,2086-1435;2581-1142,true,,
EKSAKTA: Journal of Sciences and Data Analysis,2716-0459;2720-9326,true,,
Profita : Komunikasi Ilmiah dan Perpajakan,2086-7662;2622-1950,false,2023-12-31,accreditation expired
BAKI (Berkala Akuntansi dan Keuangan Indonesia),2459-9581;2460-4496,true,,
InPrime: Indonesian Journal Of Pure And Applied Mathematics,2686-5335;2716-2478,true,,
LAW REVIEW,1412-2561;2621-1939,true,,
JURNAL USM LAW REVIEW,2621-4105,true,,
Journal of Architectural Design and Urbanism,2620-9810,true,,
"Jurnal Geografi, Edukasi dan Lingkungan (JGEL)",2579-8499;2579-8510,true,,
Jurnal Teknodik,2088-3978;2579-4833,true,,
Jurnal Reka Lingkungan,2337-6228;2722-6077,true,,
EMPATI : JURNAL ILMU KESEJAHTERAAN SOSIAL,2301-4261;2621-6418,true,,
Jurnal Suara Hukum,2656-534X;2656-5358,false,2023-12-31,accreditation expired
Jurnal Pengembangan Pembelajaran Matematika,2655-8750;2656-0240,true,,
Southeast Asian Journal of Islamic Education,2621-5845;2621-5861,true,,
Jurnal Penelitian Pers dan Komunikasi Pembangunan,1410-8283;2527-693X,false,2021-12-31,accreditation expired
Tarbiyah Wa Talim: Jurnal Penelitian Pendidikan dan Pembelajaran,2355-1003;2714-8483,true,,
Sains Akuakultur Tropis : Indonesian Journal of Tropical Aquaculture,2621-0525,true,,
Jurnal Al-Ijtimaiyyah,2654-5217;2461-0755,true,,
Jurnal Koridor,2086-910X;2721-3463,true,,
Jurnal Informatika dan Rekayasa Perangkat Lunak,2656-2855;2685-5518,true,,
ETERNAL: English Teaching Journal,2086-5473;2614-1639,true,,
EKOMBIS REVIEW: Jurnal Ilmiah Ekonomi dan Bisnis,2388-8412;2716-4411,true,,
Distilat: Jurnal Teknologi Separasi,1978-8789;2714-7649,true,,
JMM17: Jurnal Ilmu Ekonomi dan Manajemen,2355-7435,true,,
Jambura Journal of Chemistry,2656-3665;2656-6834,false,2023-12-31,accreditation expired
Jurnal Ilmu Peternakan Terapan,2579-9479,true,,
"Indonesian Journal of Economics, Social, and Humanities",2656-0267;2656-355X,false,2023-12-31,accreditation expired
Psychocentrum Review,2656-1069;2656-8454,true,,
ad-Dawaa : Journal of Pharmaceutical Sciences,2654-7392;2654-6973,true,,
Journal of Science Education Research,2597-9701,true,,
Waskita: Jurnal Pendidikan Nilai dan Pembangunan Karakter,2580-7005;2655-8769,true,,
PUBLIKASI PENELITIAN TERAPAN DAN KEBIJAKAN,1978-5879;2621-8119,true,,
KHARISMATA: Jurnal Teologi Pantekosta,2655-8653;2655-8645,true,,
Proximal: Jurnal Penelitian Matematika dan Pendidikan Matematika,2615-8132;2615-7667,true,,
Jurnal PG-PAUD Trunojoyo : Jurnal Pendidikan dan Pembelajaran Anak Usia Dini,2407-4454;2528-3553,true,,
Journal of Electrical Technology UMY,2550-1186;2580-6823,true,,
Journal Health & Science : Gorontalo Journal Health and Science Community,2614-8676;2656-9248,true,,
JSKK (Jurnal Sains Keolahragaan dan Kesehatan),2477-1791;2654-8860,true,,
AKMEN Jurnal Ilmiah,1829-8524;2621-4377,true,,
RESLAJ: RELIGION EDUCATION SOCIAL LAA ROIBA JOURNAL,2656-274X;2716-4691,true,,
Bidayatuna: Jurnal Pendidikan Guru Mandrasah Ibtidaiyah,2621-2153;2715-0232,true,,
Jambura Economic Education Journal,2655-5689;2656-4378,true,,
MBR (Management and Business Review),2541-5808,true,,
JERAMI Indonesian Journal of Crop Science,2654-9395;2655-3023,true,,
Jurnal Akuntansi dan Ekonomika,2089-1768;2613-9901,true,,
JURNAL SAINTIS,1410-7783;2580-7110,true,,
Jurnal Ilmu Kesehatan Masyarakat,1829-7773;2684-7035,true,,
Mahakim: Journal of Islamic Family Law,2597-4246;2615-8736,true,,
Jurnal Sistem Informasi dan Informatika (SIMIKA),2622-6901;2622-6375,true,,
KOMUNIKA,2615-112X;2615-5206,true,,
"Japanese Research on Linguistics, Literature, and Culture",2655-4836,true,,
Virtuoso: Jurnal Pengkajian dan Penciptaan Musik,2622-0407,true,,
Jurnal MD,1978-807X;2615-0727,false,2021-12-31,accreditation expired
Fajar Historia: Jurnal Ilmu Sejarah dan Pendidikan,2549-5585,true,,
Maker: Jurnal Manajemen,2502-4434;2686-259X,true,,
Jurnal Asy-Syukriyyah,1693-136X;2715-6753,true,,
Jurnal Teknika,2085-0859;2620-4770,true,,
Lughawiyyat: Jurnal Pendidikan Bahasa dan Sastra Arab,2623-2421;2654-2579,true,,
Jurnal Bidan Komunitas,2614-7874,true,,
Jurnal At-Tarbiyat (Jurnal Pendidikan Islam),2655-5255;2655-2736,true,,
AXIOM : Jurnal Pendidikan dan Matematika,2087-8249;2580-0450,true,,
FORUM PAEDAGOGIK,2086-1915;2721-8414,true,,
Infokes : Jurnal Ilmiah Rekam Medis dan Informasi Kesehatan,2086-2628;2745-5629,true,,
Jurnal Didactical Mathematics,2622-7525;2654-9417,true,,
Jambura Equilibrium Journal,2655-9110;2656-0445,true,,
Jurnal Sains Natural,2086-3446;2621-508X,true,,
Kontinu: Jurnal Penelitian Didaktik Matematika,2715-7326;2656-5544,true,,
Ekspresi dan Persepsi : Jurnal Ilmu Komunikasi,2656-050X,true,,
Jurnal Ilmiah Pendidikan Fisika,2549-9955;2549-9963,true,,
Tasharruf: Journal Economics and Business of Islam,2528-0317;2528-0325,true,,
Jurnal Fuaduna : Jurnal Kajian Keagamaan dan Kemasyarakatan,2614-8137;2614-8129,true,,
Jurnal Ilmiah Farmako Bahari,2087-0337;2715-9949,true,,
Eksergi,1410-394X;2460-8203,true,,
Reviu Akuntansi dan Bisnis Indonesia,2716-4977,true,,
Akademika,2085-7470;2621-8828,true,,
Jurnal Pengelolaan Perikanan Tropis (Journal Of Tropical Fisheries Management),2598-8603;2614-8641,true,,
Jurnal Pakarena,2528-6994;2714-6081,true,,
MATHEdunesa,2301-9085;2685-7855,true,,
Jambura Journal of Electrical and Electronics Engineering,2654-7813;2715-0887,true,,
Aulad : Journal on Early Childhood,2655-4798;2655-433X,true,,
JOURNAL OF SPORT EDUCATION (JOPE),2654-4474;2654-9069,true,,
Jurnal Sosial Ekonomi Pertanian,0853-8395;2598-5922,true,,
Proyeksi: Jurnal Psikologi,1907-8455;2656-4173,true,,
Geneologi PAI : Jurnal Ilmiah Bidang Pendidikan Agama Islam,2407-4616;2654-3575,true,,
Jurnal Agrinika : Jurnal Agroteknologi dan Agribisnis,2579-3659;2721-2807,true,,
CMES (Center of Middle Eastern Studies),2085-563X;2502-1044,true,,
Tadbir: Jurnal Manajemen Pendidikan Islam,2338-6673;2442-8280,true,,
Agriecobis : Journal of Agricultural Socioeconomics and Business,2622-6154;2621-3974,true,,
Historia Madania: Jurnal Ilmu Sejarah,2088-2289;2723-4185,true,,
Variabel,2599-302X;2599-3038,true,,
Jurnal Inovasi Matematika,2656-7431;2656-7245,true,,
Jurnal Teologi Berita Hidup,2656-4904;2654-5691,true,,
Vygotsky: Jurnal Pendidikan Matematika dan Matematika,2656-2286;2656-5846,true,,
Jurnal Ilmiah Akuntansi dan Finansial Indonesia,2598-5035;2684-8244,true,,
Koneksi,2598-0785,true,,
JI-KES (Jurnal Ilmu Kesehatan),2579-7913,true,,
Jurnal Media Teknik dan Sistem Industri,2581-0529;2581-0561,true,,
Jurnal Ilmiah Hospitality Management,2087-5576;2579-3454,true,,
Jurnal Kajian Manajemen Bisnis,2302-6359;2622-0865,false,2023-12-31,accreditation expired
Kumawula: Jurnal Pengabdian Kepada Masyarakat,2620-844X,true,,
JMPM (Jurnal Material dan Proses Manufaktur),2580-3271;2656-5897,true,,
Dharmakarya : Jurnal Aplikasi Ipteks Untuk Masyarakat,2302-8955;2614-2392,true,,
Jurnal Ecogen,2654-8429,true,,
At-Thullab : Jurnal Pendidikan Guru Madrasah Ibtidaiyah,2579-6259;2621-895X,true,,
PALAR | PAKUAN LAW REVIEW,2716-0440;2614-1485,true,,
Psyche: Jurnal Psikologi,2686-0430;2655-6936,true,,
Jurnal Menara Medika,2622-657X;2723-6862,true,,
Lampung Journal of International Law (LaJIL),2656-6532;2723-2603,true,,
Jurnal Civicus,1412-5463;2656-3606,true,,
Jurnal Belo,2460-6820;2686-5920,false,2024-12-31,accreditation expired
Jurnal Komtika (Komputasi dan Informatika),2580-2582;2580-734X,true,,
Jurnal Mandala Pharmacon Indonesia,2442-6032;2598-9979,true,,
Review of Islamic Economics and Finance,2656-7083;2657-1498,true,,
Indonesian Interdisciplinary Journal of Sharia Economics (IIJSE),2621-606X,true,,
Jurnal Ilmu dan Industri Peternakan,2355-0732;2716-2222,true,,
Al-Fathin: Jurnal Bahasa dan Sastra Arab,2622-3325;2622-6820,true,,
"SEMAR (Jurnal Ilmu Pengetahuan, Teknologi, dan Seni bagi Masyarakat)",2302-3937;2745-4223,true,,
Jurnal Manajemen Terapan dan Keuangan,2252-8636;2685-9424,true,,
Jurnal Psikologi : Jurnal Ilmiah Fakultas Psikologi Universitas Yudharta Pasuruan,2088-0634;2715-6206,true,,
Statistika,1411-5891;2599-2538,true,,
Ushuluna: Jurnal Ilmu Ushuluddin,2460-9692;2721-754X,true,,
Jurnal PAUD: Kajian Teori dan Praktik Pendidikan Anak Usia Dini,2654-3818;2622-9765,true,,
JURNAL INOVASI PENDIDIKAN DAN PEMBELAJARAN SEKOLAH DASAR,2622-5069;2579-3403,true,,
"Journal of Applied Science, Engineering, Technology, and Education",2685-0591,true,,
AL-ATHFAAL : JURNAL ILMIAH PENDIDIKAN ANAK USIA DINI,2622-5182;2622-5484,true,,
Embrio : Jurnal Kebidanan,2089-8789;2714-7886,true,,
JPT : JURNAL PROTEKSI TANAMAN (JOURNAL OF PLANT PROTECTION),2580-0604;2621-3141,true,,
JITIPARI (Jurnal Ilmiah Teknologi dan Industri Pangan UNISRI),2502-9347;2579-4523,true,,
Tanjungpura Law Journal,2541-0482;2541-0490,true,,
Primary : Jurnal Keilmuan dan Kependidikan Dasar,2086-1362;2623-2685,true,,
Thariqah Ilmiah ; Jurnal ilmu-ilmu kependidikan & Bahasa Arab,2355-8717;2721-8406,true,,
Jurnal Surya Masyarakat,2623-0364;2623-0569,false,2025-12-31,accreditation expired
Abdi: Jurnal Pengabdian dan Pemberdayaan Masyarakat,2656-369X;2684-8570,true,,
Phi : Jurnal Pendidikan Fisika dan Terapan,2460-4348;2549-7162,true,,
Jurnal Ilmiah Bina Bahasa,0216-3993;2655-8343,true,,
Torani Journal of Fisheries and Marine Science,2621-5322;2615-6601,true,,
Indonesian Journal of Social Science Education (IJSSE),2655-6588;2655-6278,true,,
Jurnal Asiimetrik: Jurnal Ilmiah Rekayasa Dan Inovasi,2655-1861;2716-2923,true,,
Jurnal Absis : Jurnal Pendidikan Matematika dan Matematika,2655-4518;2654-8739,true,,
Intensive Journal,2620-4746,true,,
Akuntansi : Jurnal Akuntansi Integratif,2502-5376;2715-0658,true,,
Intelegensia : Jurnal Pendidikan Islam,2339-1979;2549-2632,true,,
Jurnal Bahasa dan Sastra,2302-3538,true,,
Jurnal Psikologi PERSEPTUAL,2528-1895;2580-9520,true,,
JURNAL AGRONOMI TANAMAN TROPIKA (JUATIKA),2684-785X;2656-1727,true,,
Jurnal Daulat Hukum,2614-560X,true,,
Jurnal El-Riyasah : Jurnal Kepemimpinan dan Administrasi,2088-8112;2684-9674,true,,
Pharmacoscript,2622-4941;2685-1121,true,,
Journal of Sylva Indonesiana,2622-5093;2622-5158,true,,
Placentum: Jurnal Ilmiah Kesehatan dan Aplikasinya,2303-3746;2620-9969,true,,
JP2M (Jurnal Pendidikan dan Pembelajaran Matematika),2460-7800;2580-3263,true,,
Alfuad: Jurnal Sosial Keagamaan,2614-4786;2714-7606,true,,
Jurnal Akuntansi Kontemporer,2085-1189;2685-9971,true,,
Al Ulya: Jurnal Pendidikan Islam,2540-8127;2597-6656,true,,
Jambura Journal of Mathematics,2654-5616;2656-1344,true,,
JKIE (Journal Knowledge Industrial Engineering),2460-0113;2541-4461,true,,
KINDERGARTEN: Journal of Islamic Early Childhood Education,2621-0339;2621-0770,true,,
Jaqfi : Jurnal Aqidah dan Filsafat Islam,2714-9420;2541-352X,false,2022-12-31,accreditation expired
Jurnal PIPSI (Jurnal Pendidikan IPS Indonesia),2477-6254;2477-8427,true,,
AL-MISBAH (Jurnal Islamic Studies),2337-5264;2656-0984,true,,
Jurnal Ilmiah Dunia Hukum,2528-6137;2721-0391,true,,
AL-Ishlah : Jurnal Ilmiah Hukum,1410-9328;2614-0071,true,,
MIND (Multimedia Artificial Intelligent Networking Database) Journal,2528-0015;2528-0902,true,,
Al Huquq : Journal of Indonesian Islamic Economic Law,2714-5514,true,,
Jurnal Peurawi: Media Kajian Komunikasi Islam,2598-6023;2598-6031,true,,
Jurnal Pemberdayaan Komunitas MH Thamrin,2656-2847;2656-1018,true,,
Otopro,1858-411X;2685-7863,true,,
Masyarakat Madani: Jurnal Kajian Islam dan Pengembangan Masyarakat,2338-607X;2656-7741,true,,
Journal of Biology Education,2615-3947;2656-3436,true,,
ADJES (Ahmad Dahlan Journal of English Studies),2356-5012;2477-2879,true,,
Abdihaz: Jurnal Ilmiah Pengabdian pada Masyarakat,2685-0354,false,2023-12-31,accreditation expired
Adi Husada Nursing Journal,2443-4019;2502-2083,true,,
Jurnal Ilmiah Agribios,0215-0638;2723-7044,true,,
Aiti: Jurnal Teknologi Informasi,1693-8348;2615-7128,true,,
Al-Fusha,2655-6162;2655-8025,true,,
"Al-Ma'rifah : Jurnal Budaya, Bahasa dan Sastra Arab",1693-5764;2597-8551,false,2023-12-31,accreditation expired
Al-Mutharahah: Jurnal Penelitian dan Kajian Sosial Keagamaan,2088-0871;2722-2314,true,,
Amnesty: Jurnal Riset Perpajakan,2714-6308;2714-6294,true,,
As-syifaa Jurnal Farmasi,2085-4714;2502-9444,true,,
Assimilation: Indonesian Journal of Biology Education,2621-7260,true,,
BINAMULIA HUKUM,1410-0088;2656-856X,true,,
Bappenas Working Papers,2620-6013;2654-8402,true,,
Borneo International Journal of Islamic Studies,2622-951X;2622-7185,true,,
"Building of Informatics, Technology and Science (BITS)",2684-8910;2685-3310,true,,
Buletin Ilmiah Sarjana Teknik Elektro,2685-7936;2685-9572,true,,
Cendekia: Media komunikasi penelitian dan pengembangan pendidikan islam,2086-0641;2685-046X,true,,
Economic Education and Entrepreneurship Journal,2579-5902;2775-2607,true,,
Empati Jurnal Bimbingan dan Konseling,2406-8691;2581-0677,true,,
Equity: Jurnal Ekonomi,1978-3795;2721-6721,true,,
Gravitasi,1412-2375;2654-4318,false,2023-12-31,accreditation expired
Grouper: Jurnal Ilmiah Perikanan,2086-8480;2716-2702,true,,
"Journal of Informatics, Information System, Software Engineering and Applications (INISTA)",2622-8106,true,,
ITEj (Information Technology Engineering Journals),2548-2130;2548-2157,true,,
Ideguru: Jurnal Karya Ilmiah Guru,2527-5712;2722-2195,true,,
Indiktika : Jurnal Inovasi Pendidikan Matematika,2655-2752;2655-2345,true,,
Indonesian Journal for Social Responsibility,2685-3833,true,,
Indonesian Journal of Community Services,2684-8619,true,,
Indonesian Journal of Legal and Forensic Sciences,1979-1763;2657-0815,true,,
Indonesian Journal of Obstetrics & Gynecology Science,2615-496X,true,,
Inspiring: English Education Journal,2620-8350;2721-2130,true,,
"Interference: Journal of Language, Literature, and Linguistics",2721-1827;2721-1835,true,,
International Journal of Cultural and Art Studies (IJCAS),2623-1999;2654-3591,true,,
International Journal of Green Tourism Research and Applications,2721-463X,true,,
International Journal of Retina,2614-8684;2614-8536,false,2025-12-31,accreditation expired
JEA (Jurnal Edukasi AUD),2443-2636;2615-5907,true,,
JECED : Journal of Early Childhood Education and Development,2715-8446;2715-8454,true,,
JEM17: Jurnal Ekonomi Manajemen,2527-9947,true,,
JPG (Jurnal Pendidikan Geografi),2356-5225;2685-6395,true,,
JPGMI (Jurnal Pendidikan Guru Madrasah Ibtidaiyah Al-Multazam),2477-1848;2580-1759,true,,
JURIKOM (Jurnal Riset Komputer),2407-389X;2715-7393,true,,
JURNAL EVALUASI PENDIDIKAN,2086-7425;2620-3073,true,,
JURNAL HUTAN LESTARI,2338-3127;2776-1754,true,,
JURNAL KONFIKS,2355-2638;2746-1866,true,,
JURNAL PENELITIAN SEJARAH DAN BUDAYA,2502-6798,true,,
JURNAL PERTANIAN PRESISI (JOURNAL OF PRECISION AGRICULTURE),2597-6087;2686-4703,true,,
JURNAL RECHTENS,1907-7114;2622-1802,true,,
JURNAL SUMBER DAYA AIR,1907-0276;2548-494X,false,2025-12-31,accreditation expired
JURNAL TEOLOGI GRACIA DEO,2655-6871;2655-6863,true,,
Jambura Health and Sport Journal,2654-718X;2656-2863,true,,
Jambura Journal of Educational Chemistry,2655-7606;2656-6427,true,,
Journal of Governance and Local Politics (JGLP),2684-9992,true,,
Journal of Islamic Civilization,2657-1021;2657-1013,true,,
Journal of Mathematics Education and Science,2621-1203;2621-1211,true,,
Jurnal Adat dan Budaya Indonesia,2615-6113;2615-6156,true,,
Jurnal Administrasi Publik,2087-8923;2549-9319,true,,
Jurnal Akuntansi STIE Muhammadiyah Palopo,2339-1502;2723-1070,true,,
Jurnal Alami : Jurnal Teknologi Reduksi Risiko Bencana,2548-8635,false,2024-12-31,accreditation expired
Jurnal Bahasa Indonesia bagi Penutur Asing (JBIPA),2685-5135;2685-8053,false,2024-12-31,accreditation expired
Jurnal Communio: Jurnal Jurusan Ilmu Komunikasi,2252-4592;2745-5769,true,,
Jurnal Dunia Farmasi,2548-3560,true,,
Jurnal Ekonomi Pembangunan,2302-9595;2721-6071,true,,
Jurnal Ilmiah Kesehatan (JIKA),2686-2883,true,,
Jurnal Ilmiah Matematika dan Pendidikan Matematika (JMP),2085-1456;2550-0422,true,,
Jurnal Integrasi Kesehatan dan Sains,2656-8438,true,,
Intelektual: Jurnal Pendidikan dan Studi Keislaman,1979-2050;2685-4155,true,,
Jurnal Kependudukan dan Pembangunan Keluarga,3123-9919,true,,
Jurnal Keperawatan Suaka Insan,2527-5798;2580-7633,true,,
Jurnal Linears,2614-3976,true,,
Jurnal Manajemen Kesehatan Indonesia,2303-3622;2548-7213,false,2025-12-31,accreditation expired
Jurnal Muallim,2655-8939;2655-8912,true,,
Jurnal Ners,2088-0030;2580-2194,true,,
Jurnal Nutrisi Ternak Tropis,2714-8068,true,,
Jurnal PORKES,2614-8781,true,,
Jurnal Patra,2684-947X;2684-9461,true,,
Jurnal Penataan Ruang,1907-4872;2716-179X,true,,
Jurnal Pendidikan Matematika (Jupitek),2655-2841;2655-6464,true,,
Jurnal Pengelolaan Lingkungan Berkelanjutan (Journal of Environmental Sustainability Management),2598-0017;2598-0025,true,,
Jurnal Pensil : Pendidikan Teknik Sipil,2301-8437;2623-1085,true,,
Jurnal Praksis dan Dedikasi Sosial,2655-2469,true,,
Jurnal Riset Pembelajaran Matematika Sekolah,2621-4296,true,,
Jurnal SAKURA,2623-1328;2623-0151,true,,
Jurnal Shanan,2549-8061;2722-4678,true,,
Jurnal Sistem Komputer dan Informatika (JSON),2685-998X,true,,
Jurnal Soshum Insentif,2655-268X;2655-2698,true,,
Jurnal Teknoif Teknik Informatika Institut Teknologi Padang,2338-2724;2598-9197,true,,
Jurnal Trias Politika,2597-7431;2597-7423,true,,
Jurnal Triton,2085-3823;2745-3650,true,,
KRTHA BHAYANGKARA,1978-8991;2721-5784,true,,
Kebijakan: Jurnal Ilmu Administrasi,1829-5762;2656-2820,true,,
LISANAN ARABIYA: Jurnal Pendidikan Bahasa Arab,2550-0430;2623-2588,true,,
Madania: Jurnal Ilmu-Ilmu Keislaman,2088-3226;2620-8210,true,,
Majalah Ilmiah Matematika dan Statistika (MIMS),1411-6669;2722-9866,true,,
Metahumaniora,2085-4838;2657-2176,true,,
Mobile and Forensics,2656-6257;2714-6685,true,,
Neurologico Spinale Medico Chirurgico,2621-2064,false,2023-12-31,accreditation expired
Notaire,2655-9404,true,,
PISTON: Journal of Technical Engineering,2541-3511;2686-2247,true,,
Pelita Masyarakat,2686-3200,true,,
SERAMBI: Jurnal Ekonomi Manajemen dan Bisnis Islam,2685-9904,true,,
Sahafa Journal of Islamic Communication,2622-3449;2622-4313,true,,
Studia Philosophica et Theologica,1412-0674;2550-0589,true,,
Suar Betang,1907-5650;2686-4975,true,,
Tawazun: Journal of Sharia Economic Law,2655-9021;2655-9579,true,,
Tematik : Jurnal Teknologi Informasi Komunikasi,2355-9055;2443-3640,true,,
jurnal ilmu keolahragaan,2621-4717;2657-2044,true,,
ALGORITMA Journal of Mathematics Education,1907-7882;2654-9948,true,,
"Aviation Electronics, Information Technology, Telecommunications, Electricals, Controls (AVITEC)",2685-2381;2715-2626,true,,
"Account Jurnal Akuntansi, Keuangan dan Perbankan",2338-9653;2549-0575,true,,
Agrinimal Jurnal Ilmu Ternak dan Tanaman,2088-3609;2723-2697,true,,
Airman,2622-0105;2716-1196,true,,
Jurnal Akuatiklestari,2598-8204,true,,
Al-Asalmiya Nursing: Journal of Nursing Sciences,2338-2112;2580-0485,true,,
Al-Mudarris : Jurnal Ilmiah Pendidikan Islam,2622-1993;2622-1586,true,,
Al-Risalah : Jurnal Imu Syariah dan Hukum,2252-8334;2550-0309,true,,
Amalee: Indonesian Journal of Community Research & Engagement,2715-7997;2716-0750,true,,
"Anaphora: Journal of Language, Literary, and Cultural Studies",2656-3967,true,,
Asian Journal of Aquatic Sciences,2655-366X;2716-4608,true,,
Barakuda 45,2656-7474,true,,
Borneo Educational Journal (Borju),2655-9323,true,,
Borobudur Law Review,2723-052X,false,2024-12-31,accreditation expired
Buana Pendidikan: Jurnal Fakultas Keguruan dan Ilmu Pendidikan Unipa Surabaya,1693-8585;2622-9218,true,,
Buletin Poltanesa,1412-0097;2614-8374,true,,
Business Review and Case Studies,2721-6926,true,,
COMMICAST,2723-7672,true,,
Damianus Journal of Medicine,2086-4256;2656-4971,true,,
Edu Masda Journal,2597-4572;2715-5269,true,,
El-Hayah : Jurnal Biologi,2086-0064;2657-0726,true,,
Erudio: Journal of Educational Innovation,2302-884X;2549-8673,true,,
"Euler : Jurnal Ilmiah Matematika, Sains dan Teknologi",2087-9393;2776-3706,true,,
FIKROH: JURNAL PEMIKIRAN DAN PENDIDIKAN ISLAM,2087-7501;2715-4459,true,,
FENOMENA: Journal of the Social Sciences,1412-5439;2656-7369,true,,
IJAS: Indonesian Journal of Arabic Studies,2686-1542,true,,
Imajeri: Jurnal Pendidikan Bahasa dan Sastra Indonesia,2654-4199,true,,
INFERENSI Jurnal Penelitian Sosial Keagamaan,1978-7332;2502-1427,true,,
INTERNATIONAL JOURNAL OF CONTEMPORARY ACCOUNTING,2685-8567;2685-8568,true,,
ITQAN: Jurnal Ilmu-ilmu Kependidikan,2086-7018;2614-4654,true,,
Indonesian Journal of Business and Management,2460-3767;2656-6885,true,,
Indonesian Journal of Islamic Psychology,2685-1482;2714-7576,true,,
Indonesian Journal of Laboratory,2655-4887;2655-1624,true,,
Indonesian Journal of Mathematics Education,2654-3907;2654-346X,true,,
International Journal of Arabic Language Teaching IJALT,2684-690X;2686-214X,true,,
"International Journal of Engineering, Technology and Natural Sciences (IJETS)",2685-3191,true,,
International Journal of Multi Discipline Science (IJ-MDS),2615-1707,true,,
"Ishlah: Jurnal Ilmu Ushuluddin, Adab dan Dakwah",2714-6510;2715-6273,true,,
Islamika: Jurnal Keislaman dan Ilmu Pendidikan,2656-5382,true,,
"JL3T (Journal of Linguistics, Literature and Language Teaching)",2477-5444;2580-2348,true,,
JMES The International Journal of Mechanical Engineering and Sciences,2580-7471,true,,
Journal of Pragmatics Research,2656-8020,true,,
JURNAL KOMUNIKASI DAN BISNIS,2355-5181;2723-2956,true,,
Jendela Nursing Journal (JNJ),2089-9580;2685-9238,true,,
Journal Pharmaceutical And Sciences,2656-3088,true,,
Journal Syifa Sciences and Clinical Research (JSSCR),2656-8187;2656-9612,true,,
Journal of Economics Research and Social Sciences,2723-5319;2723-5327,true,,
Journal of Government and Politics (JGOP),2686-3391,true,,
Journal of Health and Behavioral Science,2685-2314,true,,
Journal of Indonesian Social Sciences and Humanities,1979-8431;2656-7512,false,2023-12-31,accreditation expired
Journal of Law and Policy Transformation,2541-3139,true,,
"Journal of Mathematics, Computation and Statistics (JMATHCOS)",2476-9487;2721-0863,true,,
Journal of Political Issues,2685-7766,true,,
Journal of Tropical Animal Science and Technology,2685-452X,true,,
Jurnal Gaussian,2339-2541,true,,
Jurnal Agercolere,2655-5611;2656-5145,false,2023-12-31,accreditation expired
Jurnal Akuntansi dan Keuangan,2301-4717;2716-022X,true,,
Jurnal Biologi dan Pembelajarannya (JB&P),2406-8659;2746-0959,true,,
Jurnal Biomedika dan Kesehatan,2621-539X;2621-5470,true,,
Jurnal Cakrawala Promkes,2654-9980;2656-0534,true,,
Jurnal Doktor Manajemen (JDM),2622-5352;2622-9285,true,,
Jurnal Fish Protech,2621-1475,true,,
Jurnal Hubungan Internasional,1411-9382;2715-1565,false,2023-12-31,accreditation expired
Jurnal Ilmiah Religiosity Entity Humanity (JIREH),2685-1393;2685-1466,true,,
Jurnal Ilmu Pangan dan Hasil Pertanian,2581-088X;2581-110X,true,,
Jurnal Inovasi Ilmu Sosial dan Politik (JISoP),2656-1565;2656-8209,true,,
Jurnal Kebidanan Malakbi,2720-8842,true,,
Jurnal Keperawatan Muhammadiyah Bengkulu,2460-4550;2720-958X,true,,
Jurnal Keperawatan Widya Gantari Indonesia,2407-4284;2715-6303,true,,
Jurnal Kesmas Asclepius,2656-8926;2684-8287,true,,
Jurnal Laut Khatulistiwa,2614-6142;2614-8005,true,,
Jurnal Manajemen Universitas Bung Hatta,1907-6576;2615-5370,true,,
Jurnal Pembelajaran dan Biologi Nukleus,2442-9481;2685-7332,true,,
Jurnal Pendidikan Matematika (Kudus),2615-3939;2723-1186,true,,
Jurnal Pengabdian dan Peningkatan Mutu Masyarakat (JANAYU),2721-0421;2721-0340,true,,
Jurnal Politica Dinamika Masalah Politik Dalam Negeri dan Hubungan Internasional,2087-7900;2615-076X,false,2023-12-31,accreditation expired
Jurnal Sosiologi USK (Media Pemikiran & Aplikasi),2252-5254;2654-8143,true,,
Jurnal Teknik Mesin,2089-7235;2549-2888,true,,
Jurnal Teknologi Pertanian Gorontalo,2502-485X;2503-2992,true,,
Jurnal Wahana Pendidikan,2355-2425;2715-6796,true,,
Kalijaga Journal of Communication,2685-1334,true,,
Lumbung Farmasi : Jurnal Ilmu Kefarmasian,2715-5943;2715-5277,true,,
MAHATANI: Jurnal Agribisnis (Agribusiness and Agricultural Economics Journal),2622-1896;2721-513X,true,,
Management of Zakat and Waqf Journal (MAZAWA)),2685-7383;2746-3451,true,,
Manuju : Malahayati Nursing Journal,2655-2728;2655-4712,true,,
Marinade,2654-4415,true,,
Medfarm: Jurnal Farmasi dan Kesehatan,2354-8487;2715-9957,true,,
"Metafora: Education, Social Sciences and Humanities Journal",2580-5177,true,,
Nurani Hukum : Jurnal Ilmu hukum,2655-7169;2656-0801,true,,
Nursing Current Jurnal Keperawatan,2089-922X;2621-3214,true,,
Pendidikan Bahasa dan Sastra Indonesia,2302-3503,true,,
Physical Activity Journal (PAJU),2686-5793;2686-5807,true,,
Psychiatry Nursing Journal,2656-3894;2656-4637,true,,
Riset: Jurnal Aplikasi Ekonomi Akuntansi dan Bisnis,2656-7113,true,,
Rubikon: Journal of Transnational American Studies,2541-2248;2654-413X,true,,
SOROT,1907-364X;2623-1875,true,,
Square : Journal of Mathematics and Mathematics Education,2714-609X;2714-5506,true,,
TEMATIK: Jurnal Pemikiran dan Penelitian Pendidikan Anak Usia Dini,2476-9363;2723-7613,true,,
The Innovation of Social Studies,2716-2354,true,,
Jurnal TIKOMSIN (Teknologi Informasi dan Komunikasi Sinar Nusantara),2620-7532,true,,
WAKTU: Jurnal Teknik UNIPA,1412-1867;2715-4947,true,,
Walisongo Law Review (Walrev),2715-3347,true,,
Waraqat : Jurnal Ilmu_Ilmu Keislaman,2502-5856;2655-9196,true,,
Wood Research Journal : Journal of Indonesian Wood Research Society,2087-3840;2774-9320,false,2023-12-31,accreditation expired
jurnal dikdas bantara,2615-4285;2615-5508,true,,
jurnal ilmiah hospitality,2088-4834;2685-5534,true,,
Jurnal Psikologi Ulayat: Indonesian Journal of Indigenous Psychology,2088-4230;2580-1228,true,,
AFEBI Management and Business Review,2548-530X;2548-5318,true,,
Al-Hikmah: Jurnal Ilmu Dakwah dan Pengembangan Masyarakat,1907-4328;2685-4376,true,,
AL IQTISHOD: Jurnal Pemikiran dan Penelitian Ekonomi Islam,2407-6600;2745-8512,true,,
Al-Manhaj: Jurnal Hukum dan Pranata Sosial Islam,2686-1607;2686-4819,true,,
Altasia : Jurnal Pariwisata Indonesia,2655-965X,true,,
AMNESTI : Jurnal Hukum,2656-3029;2775-0604,true,,
ASANKA: Journal of Social Science And Education,2723-0007;2722-9998,true,,
Asy Syar'iyyah : Jurnal Ilmu Syari'ah dan Perbankan Islam,2089-7227;2598-8522,true,,
Avicenna : Journal of Health Research,2615-6458;2615-6466,true,,
Babali Nursing Research,2776-6993;2721-5989,true,,
Bahasa: Jurnal Keilmuan Pendidikan Bahasa dan Sastra Indonesia,2685-4147,true,,
Cendekia Niaga,2548-3137;2548-3145,true,,
CSID Journal of Infrastructure Development,2407-4438;2407-5957,false,2023-12-31,accreditation expired
DEDIKASI: Community Service Reports,2715-5706,true,,
Diponegoro International Medical Journal (DIMJ),2745-5815,true,,
El-Hekam : Jurnal Studi Keislaman,2528-2506;2549-8940,true,,
El Midad : Jurnal Jurusan PGMI,2087-8389;2656-4289,true,,
"ELTALL: English Language Teaching, Applied Linguistic and Literature",2723-2700;2723-2719,true,,
ENTITA: Jurnal Pendidikan Ilmu Pengetahuan Sosial dan Ilmu-Ilmu Sosial,2715-7555;2716-1226,true,,
Fastabiq: Jurnal Studi Islam,2723-0228,true,,
Ihtimam : Jurnal Pendidikan Bahasa Arab,2620-9586;2774-4302,true,,
International Journal of Industrial Optimization (IJIO),2714-6006;2723-3022,true,,
INDONESIAN JOURNAL OF BIOLOGY EDUCATION,2654-5950;2654-9190,true,,
"Indonesian Journal of Computing, Engineering, and Design",2656-1972;2656-8179,false,2023-12-31,accreditation expired
Indonesian Journal of Global Health research,2714-9749;2715-1972,true,,
Indonesian Journal of Instructional Media and Model,2686-0708;2686-0112,true,,
The Indonesian Journal of Islamic Economics Research,2686-5076;2714-5751,true,,
Indonesian Journal of Social and Environmental Issues (IJSEI),2722-1369,true,,
Insisiva Dental Journal : Majalah Kedokteran Gigi Insisiva,2252-9764;2685-9165,true,,
International Journal of Basic and Applied Science,2301-8038;2776-3013,true,,
"International Journal of Financial, Accounting, and Management",2656-3355,true,,
Jambura Journal of Mathematics Education,2721-7477,true,,
JDHT Journal of Dental Hygiene and Therapy,2723-1607,true,,
JAS (Journal of Animal Science),2502-1869,true,,
Journal of Contemporary Accounting,2657-1935,true,,
Journal of Instructional Mathematics,2722-2179,true,,
Journal of Public Administration Studies,2541-6979;2548-902X,false,2023-12-31,accreditation expired
Journal of Tropical AgriFood,2685-3590;2685-3604,true,,
Journal of Tropical Ethnobiology,1693-6892;2722-0257,false,2024-12-31,accreditation expired
Jurnal Agroekoteknologi Terapan,2797-0647,true,,
Jurnal Agroforestri Indonesia,2355-6366;2655-9595,false,2023-12-31,accreditation expired
Jurnal Audiens,2722-4856,true,,
Jurnal Bina Akuntansi,2338-1132;2656-9515,true,,
Jurnal Budaya Etnika,2549-032X;2798-1878,true,,
JURNAL DINAMIKA MANAJEMEN DAN BISNIS,2614-1353,true,,
JURNAL FARMASIMED (JFM),2655-0814,true,,
Jurnal Gema Keperawatan,2088-7493;2620-8695,true,,
Jurnal Humanitas: Katalisator Perubahan dan Inovator Pendidikan,2407-4411;2502-406X,true,,
JURNAL ILMU PERPUSTAKAN (JIPER),2774-7301;2716-0432,true,,
Jurnal Informatika Terpadu,2460-8998,true,,
Jurnal Inovasi Pembelajaran Kimia (Journal Of Innovation in Chemistry Education),2685-0761;2685-0850,true,,
Jurnal Inovasi Pendidikan dan Sains,2721-9119,true,,
Jurnal Jeumpa,2356-069X;2715-4343,true,,
Jurnal Kepariwisataan,1412-5498;2581-1053,true,,
Jurnal Legalitas,1979-5955;2746-6094,true,,
Jurnal Mandala Pengabdian Masyarakat,2722-4902;2745-3588,true,,
Jurnal Nukleus Peternakan,2355-9942;2656-792X,true,,
Jurnal Paedagogy,2355-7761;2722-4627,true,,
Jurnal Pendidikan Teknik Sipil (JPTS),2715-7601;2715-0437,true,,
Jurnal Pengabdian UNDIKMA,2722-5097,true,,
Jurnal Peternakan Lokal,2685-7588,true,,
Jurnal PIKMA : Publikasi Ilmu komunikasi Media dan Cinema,2622-5476;2655-6405,true,,
Jurnal Psikologi Terapan dan Pendidikan,2715-2456,true,,
Jurnal Teknologi Pendidikan : Jurnal Penelitian dan Pengembangan Pembelajaran,2603-0620;2656-1417,true,,
Legitimasi: Jurnal Hukum Pidana dan Politik Hukum,2579-5104,true,,
Media Manajemen Pendidikan,2622-772X;2622-3694,true,,
Medika Teknika : Jurnal Teknik Elektromedik Indonesia,2722-0508;2716-0505,true,,
Pena Teknik : Jurnal Ilmiah Ilmu-ilmu Teknik,2502-8952;2623-2197,true,,
Perspektif Akuntansi,2623-0194;2623-0186,true,,
PLAKAT : Jurnal Pelayanan Kepada Masyarakat,2686-0686;2714-5239,true,,
PUBLIKA : Jurnal Ilmu Administrasi Publik,2502-0757;2622-934X,true,,
Quantitative Economics and Management Studies,2722-6247,false,2024-12-31,accreditation expired
Quantum Teknika : Jurnal Teknik Mesin Terapan,2721-1932,true,,
REVELATIA: Jurnal Ilmu al-Qur`an dan Tafsir,2721-5962;2721-768X,true,,
Scientax: Jurnal Kajian Ilmiah Perpajakan Indonesia,2686-5718,true,,
SPIN: Jurnal Kimia Pendidikan Kimia,2580-2623;2745-6854,true,,
Te Deum (Jurnal Teologi dan Pengembangan Pelayanan),2252-3871;2746-7619,true,,
TeIKa,1979-6439;2338-5979,true,,
The Indonesian Journal of International Clinical Legal Education,2721-8368,false,2024-12-31,accreditation expired
Uti Possidetis: Journal of International Law,2721-8031;2721-8333,true,,
Vocatech : Vocational Education and Technology Journal,2686-4770;2716-5183,true,,
Widya Accarya,2085-0018;2722-8339,true,,
Widyariset,1411-7932;2461-0976,false,2025-12-31,accreditation expired
Yustitiabelen,1979-2115;2797-5703,true,,
"3BIO: Journal of Biological Science, Technology and Management",2655-8777,false,2024-12-31,accreditation expired
Abdi Kami : Jurnal Pengabdian Kepada Masyarakat,2654-606X;2654-6280,true,,
ADMA: Jurnal Pengabdian dan Pemberdayaan Masyarakat,2723-7370,true,,
Agrica: Journal of Sustainable Dryland Agriculture,2715-6613;2715-4955,true,,
Al-fahim : Jurnal Manajemen Pendidikan Islam,2656-226X;2656-6036,true,,
Alibbaa': Jurnal Pendidikan Bahasa Arab,2721-1606;2716-4985,true,,
AL-TARBIYAH: Jurnal Pendidikan (The Educational Journal),2442-6377;2721-3595,true,,
Amal Ilmiah : Jurnal Pengabdian Kepada Masyarakat,2714-5778,true,,
"Aphorisme: Journal of Arabic Language, Literature, and Education",2722-6786;2722-6794,true,,
APPLIED RESEARCH ON CIVIL ENGINEERING AND ENVIRONMENT (ARCEE),2714-6553,false,2025-12-31,accreditation expired
As Sibyan : Jurnal Kajian Kritis Pendidikan Islam dan Manajemen Pendidikan Dasar,2599-2732,true,,
As-Sidanah : Jurnal Pengabdian Masyarakat,2656-5161;2686-0643,true,,
Attadrib: Jurnal Pendidikan Guru Madrasah Ibtidaiyah,2599-3194;2775-8109,true,,
At Turots: Jurnal Pendidikan Islam,2656-7555;2747-089X,true,,
Audito Comparative Law Journal (ACLJ),2723-1968;2723-2476,true,,
Biopsikososial: Jurnal Ilmiah Psikologi Fakultas Psikologi Universitas Mercubuana Jakarta,2599-0470;2598-4918,true,,
Border: Jurnal Arsitektur,2656-5889;2685-1598,true,,
Cakrawala Repositori Imwi,2620-8490;2620-8814,true,,
Communicative : Jurnal Komunikasi dan Penyiaran Islam,2746-6949,true,,
Current : Jurnal Kajian Akuntansi dan Bisnis Terkini,2721-2416;2721-1819,true,,
"Desa-Kota : Jurnal Perencanaan Wilayah, Kota, dan Pemukiman",2656-5528,true,,
Didache: Journal of Christian Education,2722-8584,true,,
Dinamika Bahari: Journal of Maritime Dynamic,2087-3050;2722-0621,true,,
Dinamis,0216-7492;2809-3410,true,,
Edu Consilium : Jurnal Bimbingan dan Konseling Pendidikan Islam,2720-9709;2716-2087,true,,
Edunesia : jurnal Ilmiah Pendidikan,2722-5194;2722-7790,true,,
Edupedia: Jurnal Studi Pendidikan dan Pedagogi Islam,2252-8164;2580-0884,true,,
Eksponen,2085-966X;2657-1552,true,,
El Tarbawi,1979-9985;2714-5492,true,,
EMTEKA: Jurnal Pendidikan Matematika,2746-5608;2746-5594,true,,
FOUNDASIA,1412-2316;2746-2307,true,,
Gagasan Pendidikan Indonesia,2721-9240;2722-0982,true,,
GENIUS: Indonesian Journal of Early Childhood Education,2723-0686;2723-0694,true,,
Guiding World : Jurnal Bimbingan dan Konseling,2614-3585,true,,
Habitus Aquatica : Journal of Aquatic Resources and Fisheries Management,2721-1525,true,,
Indonesian Community Journal,2809-2651;2809-2031,true,,
"IJELR: International Journal of Education, Language, and Religion",2721-429X;2721-4273,true,,
IMMANUEL: Jurnal Teologi dan Pendidikan Kristen,2721-6020;2721-432X,true,,
Incrementapedia: Jurnal Pendidikan Anak Usia Dini,2686-3146,true,,
Indonesian Journal of Applied Environmental Studies,2722-0133;2722-0141,true,,
Indonesian Journal of Community and Special Needs Education (IJCSNE),2775-8400;2775-9857,true,,
Indonesian Journal of Criminal Law and Criminology (IJCLC),2745-7192;2745-7184,true,,
Indonesian Journal of Pharmacy and Natural Product,2656-3215;2615-6903,true,,
Indonesian Journal of Tourism and Leisure,2722-032X,true,,
INSECTA: Integrative Science Education and Teaching Activity Journal,2722-8509;2722-8495,true,,
Insyst : Journal of Intelligent System and Computation,2621-9220;2722-1962,true,,
International Journal of Applied Sciences and Smart Technologies,2655-8564;2685-9432,true,,
International Journal of Artificial Intelligence and Robotics (IJAIR),2686-6269,true,,
IPTEK The Journal of Engineering,2337-8557;2807-5064,true,,
Journal Coaching Education Sports,2775-3808;2722-3450,true,,
Journal Innovation of Civil Engineering (JICE),2775-5592,true,,
Journal of Business and Information System,2685-2543,true,,
Journal of Community Service and Empowerment,2722-4244;2722-5291,true,,
Journal of Disruptive Learning Innovation (JODLI),2774-8715;2721-4486,false,2025-12-31,accreditation expired
"Journal of Electrical, Electronic, Information, and Communication Technology (JEEICT)",2715-1263,true,,
Journal of Governance and Social Policy,2745-6617;2723-3758,true,,
ProGCouns: Journal of Professionals in Guidance and Counseling,2722-6581;2722-2012,true,,
Journal of Public Health for Tropical and Coastal Region,2597-4378,true,,
Journal of Social Development Studies,2721-3870;2721-3889,true,,
"Journal of SPORT (Sport, Physical Education, Organization, Recreation, and Training)",2541-7126;2620-7699,true,,
Journal of System and Computer Engineering,2723-1240,true,,
"Journal of Telecommunication, Electronics and Control Engineering (JTECE)",2654-8275,true,,
Judikatif: Jurnal Desain Komunikasi Kreatif,2745-9454,true,,
Jurnal Agroekoteknologi dan Agribisnis,2599-039X;2599-0381,true,,
Jurnal Akuntansi dan Governance,2745-4711,true,,
Jurnal Akuntansi dan Perpajakan,2338-6010;2721-3692,true,,
Jurnal DinamikA,2723-1410,true,,
Jurnal Eksplorasi Akuntansi (JEA),2656-3649,true,,
"Jurnal Genre (Bahasa, Sastra, dan Pembelajarannya)",2716-2613,true,,
JURNAL GEOGRAFI Geografi dan Pengajarannya,2443-3977,true,,
Jurnal Ilmu Teologi dan Pendidikan Agama Kristen,2722-7553;2722-7561,true,,
Jurnal Investasi Islam,2541-3570;2580-9024,true,,
Jurnal JEETech,2964-7320;2722-5321,true,,
Jurnal Kependidikan Islam,2088-9305;2777-0532,true,,
Jurnal Kesehatan Mahardika (JKM),2614-1663;2355-0724,true,,
Jurnal Komposit : Jurnal Ilmu-Ilmu Teknik Sipil,3513-2615;2655-934X,true,,
Motiva: Jurnal Psikologi,2615-6687;2621-3893,true,,
MURHUM : JURNAL PENDIDIKAN ANAK USIA DINI,2723-6390,true,,
Academia Open,2714-7444,true,,
Academic Journal of Psychology and Counseling,2722-5453;2722-5461,true,,
Agrimansion: Agribusiness Management & Extension,1411-8262;2798-5385,true,,
Agrita,2723-6455;2721-0022,true,,
AGROSCRIPT Journal of Applied Agricultural Sciences,2685-9505;2685-9491,true,,
Al-Adyan: Journal of Religious Studies,2745-519X;2723-682X,true,,
Al-Ahkam : Jurnal Hukum Pidana Islam,2654-7937;2715-0313,true,,
Al-Isyrof: Jurnal Bimbingan Konseling Islam,2622-674X;2721-9585,true,,
Al-Kharaj: Journal of Islamic Economic and Business,2686-262X;2685-9300,true,,
Al-Mal:Jurnal Akuntansi dan Keuangan Islam,2715-954X;2715-9477,true,,
Al Mashaadir : Jurnal Ilmu Syariah,2722-2276;2722-2268,true,,
Al-Musannif,2657-2362;2684-7736,true,,
Anjoro : International Journal of Agriculture and Business,2721-8678;2721-7914,true,,
An-Nisbah : Jurnal Perbankan Syariah,2721-9615;2721-9623,true,,
Asatiza: Jurnal Pendidikan,2721-0723;2716-3202,true,,
Asimtot : Jurnal Kependidikan Matematika,2685-9009;2685-9580,true,,
ASPIRATION Journal,2723-1461,true,,
"Asy-Syarikah : Jurnal Lembaga Keuangan, Ekonomi dan Bisnis Islam",2656-6117;2715-0356,true,,
Atta'dib Jurnal Pendidikan Agama Islam,2745-665X;2746-1572,true,,
At-Tawassuth: Jurnal Ekonomi Islam,2580-944X;2549-0230,true,,
Atthulab: Islamic Religion Teaching and Learning Journal,2503-5282;2598-0971,true,,
Batoboh : Jurnal Pengabdian Pada Masyarakat,2548-5458;2599-1906,true,,
Bioed : Jurnal Pendidikan Biologi,2339-0468;2686-5424,true,,
Computational and Experimental Research in Materials and Renewable Energy (CERiMRE),2747-173X,true,,
CRANE: Civil Engineering Research Journal,2775-4588,true,,
Darmabakti Cendekia: Journal of Community Service and Engagements,2657-201X;2657-1099,true,,
DIFFRACTION: Journal for Physics Education and Applied Physics,2685-7723,true,,
EDUCARE: Journal of Primary Education,2716-1021;2716-1013,true,,
Education and Linguistics Knowledge Journal (Edulink),2686-1860,true,,
EDUKASI,1693-4164;2715-8551,true,,
ELECTRA : Electrical Engineering Articles,2745-598X;2747-0539,true,,
ELPOSYS: Jurnal Sistem Kelistrikan,2407-2338,true,,
Elsains : Jurnal Elektro,2527-6336;2656-7075,true,,
"Engineering, Mathematics and Computer Science Journal (EMACS)",2686-2573,true,,
EXPLORER,2774-4647,true,,
HEURISTIC,1693-8232;2723-1585,true,,
Idealis : Indonesia Journal Information System,2684-7280,true,,
IDEI: Jurnal Ekonomi & Bisnis,2722-1008,true,,
IJGIE (International Journal of Graduate of Islamic Education),2721-8805;2721-8791,true,,
Indonesian Business Review,2654-6213,true,,
Indonesian Journal of Devotion and Empowerment (IJDE),2721-2645,true,,
Indonesian Journal of Industrial Engineering & Management,2614-7327;2745-9063,false,2025-12-31,accreditation expired
Indonesian Journal of Mathematics and Natural Science Education,2721-172X;2721-1746,true,,
Indonesian Journal of Pharmacology and Therapy,2745-455X,true,,
Indonesian Journal of Pure and Applied Chemistry,2620-8571;2620-858X,true,,
Indonesian Journal of Teaching in Science,2776-6152;2776-6101,true,,
Inovasi Pendidikan Fisika,2302-4496;2830-3881,true,,
INSERT: Information System and Emerging Technology Journal,2722-8207,true,,
Insight Management Journal,2774-1737,true,,
Insyirah: Jurnal Ilmu Bahasa Arab dan Studi Islam,2338-5367;2774-437X,true,,
International Journal of Indonesian Philosophy & Theology,2722-8894;2722-8886,true,,
International Journal of Informatics and Communication Technology (IJ-ICT),2252-8776;2722-2616,false,2024-12-31,accreditation expired
IQRA Jurnal Ilmu Kependidikan dan Keislaman,0216-4949;2615-4870,true,,
J-AKSI : JURNAL AKUNTANSI DAN SISTEM INFORMASI,2721-060X;2745-5343,true,,
Jaringan Laboratorium Medis,2685-8495,true,,
JCP (Jurnal Cahaya Pendidikan) Fakultas Keguruan dan Ilmu Pendidikan,2460-4747;2655-9412,true,,
JIFI (Jurnal Ilmiah Farmasi Imelda),2655-3147;2597-7164,true,,
JILSA (Jurnal Ilmu Linguistik dan Sastra Arab),2614-7777;2615-1952,true,,
JKKP (Jurnal Kesejahteraan Keluarga dan Pendidikan),2303-2375,true,,
Journal of Agri-Food Science and Technology (JAFoST),2686-0716;2746-5519,true,,
Journal of Agromedicine and Medical Sciences,2460-9048;2714-5654,true,,
Journal of Education Research,2746-0738,true,,
"Journal of Energy, Material, and Instrumentation Technology",2747-2043;2747-299X,true,,
Journal of Engineering and Applied Technology,2716-2257;2716-2265,false,2024-12-31,accreditation expired
Journal of English Teaching and Applied Linguistics (JETAL),2714-9811,true,,
Journal of Gender amd Social Inclusion in Muslim Societies,2685-1520;2716-3733,true,,
Journal of Islamic Economics and Social Science (JIESS),2722-7499;2722-7111,false,2024-12-31,accreditation expired
Journal of Judicial Review,1907-6479;2774-5414,true,,
Journal of Pragmatics and Discourse Research,2828-4755,true,,
Journal of Regional Economics Indonesia,2723-5769,true,,
Journal of Sharia Economics,2774-3551;2774-3543,true,,
Journal of Technology and Informatics (JoTI),2721-4842;2686-6102,true,,
Journal of Terrorism Studies,2656-9965;2722-1512,true,,
Jurnal Orientasi Bisnis dan Entrepreneurship,2722-7901;2722-7995,true,,
Journal Pharmasci (Journal of Pharmacy and Science),2527-6328;2549-3558,true,,
J-PiMat : Jurnal Pendidikan Matematika,2684-7981,true,,
JPS (Jurnal Perbankan Syariah),2721-6241;2721-7094,true,,
J-REMI : Jurnal Rekam Medik dan Informasi Kesehatan,2721-866X,true,,
J-SHELVES OF INDRAGIRI (JSI),2721-205X,true,,
Jurnal Akuntansi dan Keuangan,2252-7141;2622-5875,true,,
Jurnal Akuntansi Manado (JAIM),2774-6976,false,2025-12-31,accreditation expired
Jurnal Al-Fikrah,2085-8523;2746-2714,true,,
Jurnal Ar-Ribh,2684-7477;2714-6316,true,,
Jurnal Counseling Care,2597-6923;2581-0650,true,,
Bioma : Jurnal Ilmiah Biologi,2086-5481,false,2025-12-31,accreditation expired
JIKO (Jurnal Informatika dan Komputer),2656-1948,true,,
Maksimum : Media Akuntansi Universitas Muhammadiyah Semarang,2087-2836;2580-9482,true,,
Value Added : Majalah Ekonomi dan Bisnis,1693-3435;2580-4863,true,,
Paramasastra: Jurnal Ilmiah Bahasa Sastra dan Pembelajarannya,2355-4126;2527-8754,true,,
Perilaku dan Promosi Kesehatan: Indonesian Journal of Health Promotion and Behavior,2723-5815;2615-6911,true,,
Jurnal Inovasi Pendidikan Sains (JIPS),2747-1543;2747-1551,true,,
Scripta-English Department Journal,2302-6677;2746-2706,true,,
Jurnal Konseling Pendidikan Islam,2655-9692;2746-5977,true,,
Jurnal Pustaka Ilmiah,2477-2070;2685-8363,true,,
Jurnal Pendidikan Agama Kristen (JUPAK),2774-6399;2774-3861,false,2024-12-31,accreditation expired
Agroteksos,0852-8268;2685-4368,true,,
Al-Athfal : Jurnal Pendidikan Anak,2723-245X;2723-0813,true,,
An-Nur : Jurnal Studi Islam,1829-8753;2502-0587,true,,
ARTERI : Jurnal Ilmu Kesehatan,2715-4432,true,,
AVERROUS: Jurnal Kedokteran dan Kesehatan Malikussaleh,2477-5231;2502-8715,true,,
Benchmark,2774-7212,true,,
Bioedukasi: Jurnal Pendidikan Biologi,1693-265X;2549-0605,true,,
Biokultur,2302-3058;2746-2692,true,,
Cita Ekonomika: Jurnal Ilmu Ekonomi,1978-3612;2775-3328,true,,
Computer Science (CO-SCIENCE),2774-9711,true,,
Eduproxima : Jurnal Ilmiah Pendidikan IPA,2720-9458,true,,
ELLTER Journal,2746-1424,true,,
Gemakes: Jurnal Pengabdian Kepada Masyarakat,2798-4826,true,,
GUYUB: Journal of Community Engagement,2723-1232;2723-1224,true,,
Idarah Tarbawiyah: Journal of Management in Islamic Education,2723-5386,true,,
IGKOJEI: Jurnal Pengabdian Masyarakat,2746-8656;2746-8666,true,,
Indonesian Journal of Counseling and Development,2685-7375;2685-7367,true,,
INDONESIAN MIDWIFERY HEALTH AND SCIENCES JOURNAL,2656-7806,true,,
Integrasi : Jurnal Ilmiah Teknik Industri,2528-7419;2654-5551,true,,
Integrated Science Education Journal,2716-3725;2716-1609,true,,
Inteligensi : Jurnal Ilmu Pendidikan,2656-8675;2656-601X,true,,
International Journal of Digital Entrepreneurship and Business (IDEB),2723-5432,true,,
International Journal of Economics Development Research (IJEDR),2715-7903;2715-789X,false,2025-12-31,accreditation expired
INTI Nusa Mandiri,0216-6933;2685-807X,true,,
JiTEKH (Jurnal Ilmiah Teknologi Harapan),2338-5677;2549-6646,true,,
Journal of Advanced Guidance and Counseling,2746-1513;2746-1521,true,,
Journal of Aquaculture and Enviroment,2656-6508;2685-1008,true,,
Journal of Environmental and Science Education,2797-0175;2775-2518,false,2025-12-31,accreditation expired
Journal of Mathematics: Theory and Applications,2685-9653;2722-2705,true,,
Journal of Social Work and Science Education,2746-0827;2723-6919,true,,
Journal of Tropical Food and Agroindustrial Technology,2541-5816,true,,
Jurnal Abdimas Prakasa Dakara,2776-768X,true,,
Jurnal Administrasi Publik,1858-2186;2621-251X,true,,
Jurnal Agribis,2086-7956;2615-5494,true,,
JURNAL AKUNTANSI,2089-7219;2477-4782,true,,
"Jurnal Al-Hakim : Jurnal Ilmiah Mahasiswa Studi Syariah, Hukum dan Filantropi",2685-2225;2722-4317,true,,
Jurnal Diferensial,2775-9644,true,,
Jurnal Dinamika Sosial Ekonomi,1411-593X;2721-3137,true,,
JURNAL EKONOMI DAN KEBIJAKAN PEMBANGUNAN,1979-5149;2686-2514,false,2025-12-31,accreditation expired
Jurnal Ilmiah Accusi,2620-5815,true,,
JURNAL ILMIAH GLOBAL EDUCATION,2723-4665,true,,
Jurnal Ilmu Akuntansi dan Bisnis Syariah (AKSY),2655-9420;2656-548X,true,,
Jurnal Ilmu Komputer dan Agri-Informatika,2089-6026;2654-9735,false,2025-12-31,accreditation expired
Jurnal Ilmu Manajemen Profitability,2714-6332;2714-6324,true,,
Jurnal Kesehatan Gigi dan Mulut (JKGM),2657-2486;2746-1769,true,,
Jurnal Keselamatan Kesehatan Kerja dan Lingkungan,2776-4133,true,,
Jurnal Komunikasi Korporasi dan Media (JASIMA),2723-0562,true,,
Jurnal Komunitas Bahasa,2252-3480;2775-3476,true,,
Jurnal Manajerial Dan Kewirausahaan,2657-0025,true,,
Jurnal Media dan Komunikasi Indonesia,2721-396X,true,,
Jurnal Minfo Polgan (JMP),2089-9424;2797-3298,true,,
Jurnal Natur Indonesia,1410-9379;2503-0345,false,2024-12-31,accreditation expired
Jurnal Pajak dan Bisnis (Journal of Tax and Business),2723-0120,true,,
Jurnal Papeda: Jurnal Publikasi Pendidikan Dasar,2715-5110,true,,
Jurnal Pembelajaran Pemberdayaan Masyarakat (JP2M),2721-5156;2721-5148,true,,
Jurnal Pendidikan Bahasa Inggris Proficiency,2716-4950;2775-0450,true,,
Jurnal Pendidikan dan Teknologi Kesehatan,2621-4822;2828-8173,true,,
JURNAL PENDIDIKAN DASAR FLOBAMORATA (JPDF),2721-9003;2721-8996,true,,
Jurnal Pendidikan Islam,2581-0065;2654-265X,true,,
Jurnal Pendidikan Kimia FKIP Universitas Halu Oleo,2503-4480;2721-2963,true,,
Jurnal Pendidikan PKn,2614-4697;2723-0996,true,,
Jurnal Penelitian Ekonomi Akuntansi (JENSI),2615-1227;2655-187X,true,,
Jurnal Penelitian Pembelajaran Matematika Sekolah (JP2MS),2581-253X,true,,
Jurnal Perseda : Jurnal Pendidikan Guru Sekolah Dasar,2684-9917,true,,
Jurnal Perspektif: Jurnal Kajian Sosiologi dan Pendidikan,2684-902X;2622-1748,true,,
Jurnal Promotif Preventif,2622-6014;2745-8644,true,,
Jurnal Psikologi Tabularasa,1693-7007;2541-013X,true,,
Jurnal Riset Akuntansi dan Auditing,2356-2870;2746-9956,true,,
Jurnal Riset Pembelajaran Matematika,2684-6810;2657-0580,true,,
Jurnal Riset Rekayasa Elektro,2685-4341;2685-5313,true,,
Jurnal SAGO Gizi dan Kesehatan,2714-6464;2721-558X,true,,
Jurnal Sains dan Edukasi Sains,2654-3206,true,,
Jurnal Sains dan Teknologi Peternakan (JSTP),2715-3010;2716-0424,false,2025-12-31,accreditation expired
Jurnal Sains Kebidanan,2715-5870;2715-5862,true,,
Jurnal Sains Matematika dan Statistika,2460-4542;2615-8663,true,,
Jurnal Simki Economic,2599-0748,true,,
Jurnal Sosiologi Agama Indonesia (JSAI),2722-6700,true,,
Jurnal Suluh Pendidikan,2356-2595;2714-7037,true,,
Jurnal Sylva Scienteae,2622-8963,true,,
Jurnal Tadris Matematika (JTMT),2745-956X;2745-9551,true,,
Jurnal TAMBORA,2527-970X;2621-542X,true,,
Jurnal Tarbiyah dan Ilmu Keguruan Borneo,2714-6030,true,,
Jurnal Teknik Mesin,1410-9867;2656-3290,true,,
Jurnal Teknologi dan Manajemen,1693-2285;2808-9995,true,,
Jurnal teknologi Kesehatan Borneo,2723-3790;2723-3782,true,,
Jurnal Teknologi Sistem Informasi dan Aplikasi,2654-3788;2654-4229,true,,
Jurnal Ulunnuha,2086-3721;2685-6050,true,,
Jurnal Wacana Ekonomi,1412-5897;2715-517X,true,,
Jurnal Yustitia,1978-9963;2723-0147,true,,
JUSTIAN - Jurnal Sistem Informasi Akuntansi,2721-7523,true,,
KIDDO: Jurnal pendidikan Islam Anak Usia Dini,2716-0572;2716-1641,false,2025-12-31,accreditation expired
Konservasi Hayati,0216-9487;2722-1113,true,,
Koordinat : Jurnal Pembelajaran Matematika dan Sains,2745-4215,true,,
Jurnal Kreator,2354-9505;2548-9542,true,,
Language and Education Journal,2503-4936;2746-8747,true,,
Loghat Arabi: Jurnal Bahasa Arab & Pendidikan Bahasa Arab,2722-1180;2722-1199,true,,
LOSARI: Jurnal Pengabdian Kepada Masyarakat,2684-9887;2684-8678,true,,
Mahakarya: Students Journal of Cultural Sciences,2798-0987;2798-0960,true,,
Maharot : Journal of Islamic Education,2580-3980;2580-3999,true,,
MAHESA : Malahayati Health Student Journal,2746-198X;2746-3486,true,,
Mandalika Mathematics and Educations Journal,2715-8292;2715-1190,true,,
MATHEMA: JURNAL PENDIDIKAN MATEMATIKA,2686-5823,false,2024-12-31,accreditation expired
Mathematics Education and Application Journal (META),2685-4740;2686-018X,true,,
Media Elektrik,1907-1728;2721-9100,true,,
Media of Law and Sharia,2721-1967;2716-2192,true,,
Medika Alkhairaat : Jurnal Penelitian Kedokteran dan Kesehatan,2657-179X;2656-7822,true,,
Melayu Arts and Performance Journal,2656-0232;2656-3509,true,,
Mezurashii: Journal of Japanese Studies,2722-0567,true,,
Muhadasah : Jurnal Pendidikan Bahasa Arab,2622-6723;2721-9488,true,,
Muhammadiyah Journal of Geriatric,2721-6837,true,,
Muhammadiyah Journal of Nutrition and Food Science (MJNF),2722-2942,true,,
Muhammadiyah Medical Journal,2721-317X,true,,
Navigation Physics : Journal of Physics Education,2685-2640;2722-5593,true,,
Nursing Sciences Journal,2598-8220;2598-8212,true,,
NUSRA: Jurnal Penelitian dan Ilmu Pendidikan,2715-114X;2723-4649,true,,
Nutrix Journal,2579-4426;2580-6432,true,,
Oryza : Jurnal Pendidikan Biologi,2089-3205;2599-1337,true,,
Padaringan : Jurnal Pendidikan Sosiologi Antropologi,2684-8104,true,,
Padjadjaran Journal of International Relations,2684-8082,true,,
PAKAR Pendidikan,1693-2226;2303-2219,false,2025-12-31,accreditation expired
Palimpsest: Jurnal Ilmu Informasi dan Perpustakaan,2086-0994;2745-6862,true,,
PEADA: Jurnal Pendidikan Kristen,2722-8843;2722-8835,true,,
Pediatric Sciences Journal,2722-0427;2722-1474,false,2025-12-31,accreditation expired
Perdikan: Journal of Community Engagement,2684-9615,true,,
Pharmaceutical And Biomedical Sciences Journal (PBSJ),2715-2979;2715-6702,true,,
Procedia : Studi Kasus dan Intervensi Psikologi,2302-1462;2722-7669,true,,
"Prophetic : Professional, Empathy, Islamic Counseling Journal",2654-3958;2685-0702,true,,
Psikoborneo : Jurnal Ilmiah Psikologi,2477-2666;2477-2674,true,,
Psikobuletin: Buletin Ilmiah Psikologi,2720-8958,true,,
Psychopreneur Journal,2598-649X;2598-6503,true,,
"Psychosophia: Journal of Psychology, religion, and humanity",2721-2564,true,,
REKONSTRUKSI TADULAKO: Civil Engineering Journal on Research and Development,2723-3472;2746-1033,true,,
Ruhama : Islamic Education Journal,2615-2304;2654-8437,true,,
Ruwa Jurai: Jurnal Kesehatan Lingkungan,1978-6204;2723-7796,true,,
Shautuna: Jurnal Ilmiah Mahasiswa Perbandingan Mazhab,2775-0477,true,,
SITTAH: Journal of Primary Education,2745-4479;2745-4487,true,,
Smart Medical Journal,2621-1408;2621-0916,true,,
Sociae Polites: Majalah Ilmiah Sosial-Politik,1410-3745;2620-4975,true,,
Sola Gratia: Jurnal Teologi Biblika dan Praktika,2723-2786;2723-2794,true,,
Sport Science and Health,2715-3886,true,,
Stannum : Jurnal Sains dan Terapan Kimia,2714-674X;2714-8173,true,,
Stock Peternakan,2599-3119,true,,
Sultan Agung Notary Law Review,2686-4428,true,,
Sunan Kalijaga International Journal on Islamic Educational Research,2580-3204;2580-3212,true,,
TALIM : Jurnal Studi Pendidikan Islam,2621-0452;2621-0460,true,,
Taman Cendekia : Jurnal Pendidikan Ke-SD-an,2579-5112;2579-5147,true,,
TANJAK: Journal of Education and Teaching,2716-4098;2720-8966,true,,
Taqorrub : Journal Bimbingan Konseling dan Dakwah,2716-1447,true,,
Tarbiyatuna: Jurnal Pendidikan Ilmiah,2443-0374;2579-5937,true,,
TEPIAN,2721-5350;2721-5369,true,,
The Indonesian Design Journal,2684-7760,true,,
Tibanndaru : Jurnal Ilmu Perpustakaan dan Informasi,2598-5094;2656-1999,true,,
Tropical Health and Medical Research,2684-740X,true,,
Tulisan Ilmiah Pariwisata (TULIP),2720-9873,true,,
Jurnal Tunas Agraria,2622-9714,true,,
IJNMT (International Journal of New Media Technology),2355-0082;2581-1851,true,,
UPI YPTK Journal of Business and Economics,2502-6275;2527-3949,true,,
Urwatul Wutsqo : Jurnal Studi Kependidikan dan Keislaman,2252-6099;2721-2483,true,,
VISIO DEI: JURNAL TEOLOGI KRISTEN,2685-4015;2685-3795,true,,
WAHATUL MUJTAMA: Jurnal Pengabdian Masyarakat,2723-6013,true,,
Zona Laut : Jurnal Inovasi Sains dan Teknologi Kelautan,2747-2124;2721-5717,true,,
Didaktika: Jurnal Kependidikan,2302-1330;2745-4312,true,,
JOMAse Journal of Ocean Mechanical and Aerospace -Science and Engineering-,2354-7065;2527-6085,true,,
International Journal on Information and Communication Technology (IJoICT),2356-5462,true,,
Jurnal Pendidikan Teknologi Pertanian,2476-8995;1125-0371,false,2025-12-31,accreditation expired
Journal of Psychological Perspective,2715-4785,true,,
"Journal of Engineering, Technology, and Applied Science (JETAS)",2721-7949;2721-8090,true,,
Journal Of Holistic Nursing Science,1979-1453;2579-7751,true,,
"International Journal of Environmental, Sustainability, and Social Science",2720-9644;2721-0871,true,,
International Journal of Agricultural Social Economics and Rural Development (Ijaserd),2774-9126,true,,
Ius Poenale,2723-2638;2745-9314,false,2025-12-31,accreditation expired
"IJEAS (International Journal of Environment, Architecture, and Societies)",2775-8540,true,,
Al-Dzikra: Jurnal Studi Ilmu al-Quran dan al-Hadits,1978-0893;2714-7916,true,,
"International Journal of Business, Management and Economics",2746-1351,true,,
Sriwijaya Journal of Environment,2527-4961;2527-3809,true,,
"TRANS-KATA: Journal of Language, Literature, Culture, and Education",2747-0555,true,,
ASEAN Journal of Science and Engineering Education (AJSEE),2775-6793;2775-6815,true,,
Constitutionale,2723-2492;2745-9322,false,2025-12-31,accreditation expired
Corruptio,2723-2573;2745-9276,false,2025-12-31,accreditation expired
International Journal of Law and Public Policy (IJLAPP),2721-6934;2721-6942,true,,
Journal of Education Technology and Inovation,2621-2137;2621-2080,true,,
Abdimas Awang Long: Jurnal Pengabdian dan Pemberdayaan Masyarakat,2776-4443;2776-3757,true,,
Journal of Science and Education (JSE),2745-5351,true,,
Airlangga Journal Innovation Management,2722-5062,true,,
Papua Journal Of Diplomacy And International Relations,2797-0957,true,,
Community Research Of Epidemiology (CORE),2774-9703;2774-969X,true,,
IJECS: Indonesian Journal of Empowerment and Community Services,2745-9438;2745-9446,true,,
Ainara Journal (Jurnal Penelitian dan PKM Bidang Ilmu Pendidikan),2746-7767,true,,
"International Journal of Humanities, Management, and Social Science (IJ-HuMaSS)",2685-2330;2685-2322,true,,
Agridevina : Berkala Ilmiah Agribisnis,2301-8607;2599-0365,true,,
EDU-RELIGIA : Jurnal Keagamaan dan Pembelajarannya,2579-5465;2579-5473,true,,
Spizaetus: Jurnal Biologi dan Pendidikan Biologi,2716-151X;2722-869X,true,,
SIPISSANGNGI: Jurnal Pengabdian Kepada Masyarakat,2775-2054,true,,
Abrahamic Religions: Jurnal Studi Agama-Agama,2797-7722;2797-6440,true,,
Indonesian Journal of Sport Management,2776-706X,false,2025-12-31,accreditation expired
Media Kesehatan Masyarakat Indonesia,1412-4920;2775-5614,false,2025-12-31,accreditation expired
Soedirman Economics Education Journal,2686-2409;2686-6277,true,,
Jurnal Ilmiah SOSIO AGRIBIS,1412-1816;2614-4549,true,,
Mantiqu Tayr: Journal of Arabic Language,2774-6372,true,,
The Avicenna Medical Journal,2720-9563,true,,
Journal of Technomaterial Physics,2656-0747;2656-0755,true,,
Critical Medical and Surgical Nursing Journal,2355-1992;2656-470X,true,,
Current Research on Biosciences and Biotechnology,2686-1623,true,,
LingPoet: Journal of Linguistics and Literary Research,2745-8296,true,,
MATH LOCUS: Jurnal Riset dan Inovasi Pendidikan Matematika,2723-1208;2723-1194,true,,
Plusminus: Jurnal Pendidikan Matematika,2798-2904;2798-2920,false,2025-12-31,accreditation expired
The Journal of Contemporary Sociological Issues (CSI),2723-3456;2775-2895,false,2025-12-31,accreditation expired
International Journal of Applied Guidance and Counseling,2722-2357;2722-2365,true,,
TELEIOS: Jurnal Teologi dan Pendidikan Agama Kristen,2798-1797;2798-0642,true,,
Journal of Office Administration : Education and Practice,2797-1139,true,,
Factum: Jurnal Sejarah dan Pendidikan Sejarah,2302-9889;2615-515X,true,,
Buletin Literasi Budaya Sekolah,2721-8422,true,,
Applied Research and Smart Technology (ARSTech),2722-9637;2722-9645,false,2025-12-31,accreditation expired
al-Mawarid Jurnal Syariah dan Hukum (JSYH),2656-1654;2656-193X,true,,
"Journal of Renewable Energy, Electrical, and Computer Engineering",2776-0049,true,,
TAFSE: Journal of Qur'anic Studies,2620-4185;2775-5339,true,,
JURNAL ILMIAH CAHAYA PAUD,2407-1064;2807-5552,true,,
Civics Education And Social Science Journal (CESSJ),2686-3162;2686-3170,true,,
AKSONA,2807-7970,true,,
"Jurnal Biostatistik, Kependudukan dan Informatika Kesehatan (BIKFOKES)",2775-0574,true,,
Jurnal Studia Akuntansi dan Bisnis (The Indonesian Journal of Management & Accounting),2337-6112;2807-2804,true,,
Journal of Midwifery and Nursing,2656-0739,true,,
BIPS : Jurnal Bisnis Perspektif,1979-4932;2715-2596,true,,
Yumary: Jurnal Pengabdian kepada Masyarakat,2746-0576,true,,
Jurnal Pengabdian Multidisiplin,2775-2097,true,,
BIOS : Jurnal Teknologi Informasi dan Rekayasa Komputer,2722-0850,true,,
Journal of Social Politics and Governance (JSPG),2686-0279;2685-8096,true,,
Journal La Sociale,2721-0960;2721-0847,true,,
JOELS: Journal of Election and Leadership,2716-0068;2723-5149,true,,
Oikonomia: Jurnal Manajemen,2797-8966,true,,
Lentera Perawat,2722-2837;2830-1846,true,,
Sinergi Polmed : Jurnal Ilmiah Teknik Mesin,2089-7766;2777-1202,true,,
Jurnal Hilirisasi IPTEKS (JHI),2621-7198,true,,
Journal of Contemporary Islamic Education,2775-9369,true,,
Journal of Literate of English Education Study Program (JLe),2745-9357;2745-8563,true,,
MARISEKOLA: Jurnal Matematika Riset Edukasi dan Kolaborasi,2774-6879,false,2025-12-31,accreditation expired
Logos,1412-5943;2776-7485,true,,
Wimba: Jurnal Komunikasi Visual,2085-0948;2714-7207,false,2025-12-31,accreditation expired
V-MAC (Virtual of Mechanical Engineering Article),2528-0112,true,,
Journal of Basic Education Research,2716-4217;2716-1560,true,,
Jurnal Riset Bisnis dan Manajemen Tirtayasa,2599-0837,true,,
SOLUSI,2716-2532;1412-5331,true,,
Yustisia Tirtayasa: Jurnal Tugas Akhir,2807-2863;2807-1565,true,,
Bulletin of Science Education,2774-4299,true,,
Journal of Global Sustainable Agriculture (JGSA),2775-3522;2775-3514,true,,
Altifani Journal: International Journal of Community Engagement,2774-6607;2775-4308,true,,
Jurnal Inovasi Pendidikan dan Teknologi Informasi (JIPTI),2987-8462;2720-9725,true,,
Jurnal Agrotropika,0216-7662;2745-7737,true,,
Jurnal Materi dan Pembelajaran Fisika,2089-6158;2620-3944,true,,
Sultan Jurisprudence : Jurnal Riset Ilmu Hukum,2798-5598;2798-2130,true,,
Al-Ulum: Jurnal Pendidikan Islam,2723-5459,true,,
Brilliance: Research of Artificial Intelligence,2807-9035,true,,
JCA (Jurnal Cendekia Akuntansi),2723-0104;2723-0090,true,,
International Journal Software Engineering and Computer Science (IJSECS),2776-4869;2776-3242,true,,
Absorbent Mind,2798-1282,true,,
Basica,2809-9710;2797-0965,true,,
JUTECH : Journal Education and Technology,2722-9297,true,,
Al-Sharf: Jurnal Ekonomi Islam,2723-5440,true,,
Mathematics Research and Education Journal,2620-4169;2621-3885,true,,
Jurnal Spirits,2087-7641;2622-3236,true,,
QULUBANA: Jurnal Manajemen Dakwah,2746-153X;2746-2838,true,,
Economic and Education Journal (Ecoducation),2684-6993;2656-5234,true,,
"DAR EL-ILMI : Jurnal Studi Keagamaan, Pendidikan dan Humaniora",2303-3487;2550-0953,true,,
Klabat Journal of Nursing,2685-7154,true,,
Kalam Cendekia: Jurnal Ilmiah Kependidikan,2338-9400;2808-2621,true,,
Jurnal Pengabdian Masyarakat: BAKTI KITA,2723-6285,true,,
"Edulitics (Education, Literature, and Linguistics) Journal",2460-2167;2579-8960,true,,
Madiun Spoor : Jurnal Pengabdian Masyarakat,2797-1678;2797-0523,true,,
Jurnal Riset dan Aplikasi Mahasiswa Informatika (JRAMI),2715-8756,true,,
CITRAWIRA : Journal of Advertising and Visual Communication,2774-2806;2774-2792,true,,
Jurnal Gizi Kerja dan Produktivitas,2745-6404;2774-2547,true,,
Khazanah Intelektual,2580-8354;2548-5156,true,,
Edunomia : Jurnal Ilmiah Pendidikan Ekonomi,2746-5578;2746-5586,true,,
Journal of Halal Science and Research,2715-6214;2964-4909,true,,
Jurnal Ilmu Komputer dan Teknologi (IKOMTI),2746-4237,true,,
Media: Jurnal Filsafat dan Teologi,2775-0116;2746-5276,true,,
"Jurnal Ekonomi Bisnis, Manajemen dan Akuntansi (JEBMA)",2797-7161,true,,
Jurnal sains dan teknologi industri peternakan,2775-7889,true,,
Jurnal Administrasi Pendidikan Islam,2776-2017;2776-2424,true,,
Deskripsi Bahasa,2615-7349;2686-6110,true,,
Jurnal Amal Pendidikan,2721-3668,true,,
Finansha: Journal of Sharia Financial Management,2775-0868;2774-2687,true,,
Adl Islamic Economic,2722-2810;2723-1771,true,,
ADILLA: Jurnal Ilmiah Ekonomi Syariah,2621-8453;2620-9535,true,,
TRANSFORMASI : JURNAL PENGABDIAN PADA MASYARAKAT,2797-7838;2797-5940,true,,
Jurnal Tadris IPA Indonesia,2776-3625;2776-3617,false,2025-12-31,accreditation expired
Pelita Eksakta,2615-0719,true,,
Malcom: Indonesian Journal of Machine Learning and Computer Science,2797-2313;2775-8575,true,,
Jurnal Sosiologi Dialektika Sosial,2828-4224,true,,
JURNAL INOVASI DAN MANAJEMEN PENDIDIKAN,2807-3592;2807-3231,true,,
Kybernology : Journal of Government Studies,2807-758X,true,,
BioEksakta : Jurnal Ilmiah Biologi Unsoed,2714-8564,true,,
Jurnal At-Tamwil: Kajian Ekonomi Syariah,2615-4293;2723-7567,true,,
Teknika,1693-6329;2337-3148,true,,
MALLOMO: Journal of Community Service,2774-7220,true,,
Experientia: Jurnal Psikologi Indonesia,2252-7702;2685-9963,true,,
CONSEN: Indonesian Journal of Community Services and Engagement,2828-9943;2809-0217,true,,
Electron: Jurnal Ilmiah Teknik Elektro,2830-523X;2622-6588,true,,
Indonesian Journal of Humanities and Social Sciences,0000-0000;2746-2188,true,,
Indonesian Journal of Innovation Studies,2598-9936,true,,
MAGNUM OPUS: Jurnal Teologi dan Kepemimpinan Kristen,2502-2156;2716-0556,true,,
Jurnal Pengabdian Teknik dan Ilmu Komputer (PETIK),2807-1573,true,,
Dedikasi: Jurnal Pengabdian Masyarakat,2686-3839;2686-4347,true,,
Shafin: Sharia Finance and Accounting Journal,2797-5320;2797-3484,true,,
PREDIKSI : Jurnal Administrasi dan Kebijakan,1693-2439;2828-8440,true,,
ABNA : Journal of Islamic Early Childhood Education,2776-0731;2774-9533,true,,
Jurnal Ilmiah Ners Indonesia,2722-922X;2722-9211,true,,
Journal of Tourism and Interdiciplinary Studies,2807-5129,true,,
Convergence : The Journal of Economic Development,2721-6330;2721-625X,true,,
"Jurnal Akuntansi, Manajemen, Bisnis dan Teknologi",2715-7083;2962-2042,true,,
Jurnal Sains Agribisnis,2798-4893,true,,
The Journal Gastronomy Tourism,2774-6186;2716-3970,true,,
Journal of Islamic Education Students (JIES),2797-0108;2797-0116,true,,
Keris: Journal of Community Engagement,2776-4923;2798-3625,true,,
Ahmad Dahlan Legal Perspective,2792-3123,true,,
Warta Pengabdian Andalas: Jurnal Ilmiah Pengembangan Dan Penerapan Ipteks,0854-655X;2797-1600,true,,
Assyarikah : Journal of Islamic Economic Business,2775-2763,true,,
Strategic: Journal of Management Sciences,2798-0049,true,,
El Banar: Jurnal Pendidikan dan Pengajaran,2654-7198;2654-5349,true,,
Education and Learning Journal,2720-9156,true,,
Salus Cultura: Jurnal Pembangunan Manusia dan Kebudayaan,2807-5560;2807-5447,true,,
Dasarrupa : Desain dan Seni Rupa,2714-8718;2714-6618,true,,
Jurnal Risalah Kebijakan Pertanian dan Lingkungan,2355-6226;2477-0299,true,,
Jurnal Pengabdian Olahraga Masyarakat (JPOM),2808-1358,true,,
Journal of Green Learning,2807-890X,true,,
Al-Afaq: Jurnal Ilmu Falak dan Astronomi,2685-0176;2722-0176,true,,
Jurnal Informatika dan Teknologi Pendidikan,2777-0680,true,,
Jurnal of Applied Business and Banking (JABB),2775-622X;2723-634X,true,,
Tunas Geografi,2301-606X;2622-9528,true,,
"Dinasti International Journal of Economics, Finance & Accounting (DIJEFA)",2721-3021;2721-303X,true,,
"Jurnal Ilmu Hukum, Humaniora dan Politik (JIHHP)",2747-2000;2747-1993,true,,
Lexicon,2302-2558;2746-2668,true,,
Indonesia Auditing Research Journal,2303-2596;2964-3643,true,,
Poros Onim,2798-0073;2776-4532,false,2025-12-31,accreditation expired
Seurune: Jurnal Psikologi Unsyiah,2614-6428;2655-9161,true,,
Jurnal Riset Ilmu Ekonomi,2776-4567,false,2025-12-31,accreditation expired
International Journal of Recent Technology and Applied Science (IJORTAS),2721-2017;2721-7280,true,,
JURNAL REKAYASA INFORMASI SWADHARMA (JRIS),2774-5759;2774-5732,true,,
Jurnal Buana Farma,2797-2100,true,,
"Smart Techno (Smart Technology, Informatic and Technopreneurship)",2541-0679,true,,
Akuntansi dan Teknologi Informasi,1412-5994;2614-8749,true,,
Kognitif: Jurnal Riset HOTS Pendidikan Matematika,2776-9984;2776-9704,true,,
ELEMENTARY : Jurnal Inovasi Pendidikan Dasar,2774-8014;2774-7034,true,,
Jurnal Manajemen Pendidikan dan Ilmu Sosial (JMPIS),2716-3768;2716-375X,true,,
SKANIKA: Sistem Komputer dan Teknik Informatika,2721-4788,true,,
Komunitas : Jurnal Pengabdian Kepada Masyarakat,2798-0855;2798-0766,true,,
Prosperity: Journal of Society and Empowerment,2798-5717;2798-5679,true,,
Jurnal Pendidikan Dasar dan Keguruan,2527-578X;2715-6818,true,,
Al-Tsiqoh : Jurnal Ekonomi dan Dakwah Islam,2502-8294,true,,
Journal of Maritime Empowerment,2656-9981,true,,
Jurnal Semiotika-Q: Kajian Ilmu al-Quran dan Tafsir,2809-6401;2809-0500,true,,
Journal of Universal Community Empowerment Provision,2776-1134;2776-1142,true,,
Maternity and Neonatal : Jurnal Kebidanan,2302-0806;2809-5731,true,,
Jurnal Riset dan Inovasi Pembelajaran,2776-1959;2776-8872,true,,
International Journal of Architecture and Urbanism,2622-0008;2622-1640,false,2025-12-31,accreditation expired
BIA': Jurnal Teologi dan Pendidikan Kristen Kontekstual,2655-4666;2655-4682,true,,
Journal of Tourism Economics and Policy,2775-2283;2807-2839,true,,
Eduvest - Journal of Universal Studies,2775-3735;2775-3727,true,,
Jurnal Riset Jurnalistik dan Media Digital,2808-3067;2798-6403,true,,
"Journal of Law, Poliitic and Humanities",2747-1985;2962-2816,true,,
Celebes Journal of Community Services,2962-4088,true,,
Jurnal Penelitian Ilmu Sosial dan Eksakta,2808-2281,true,,
Al-Muamalat : Jurnal Ekonomi Syariah,2086-3225;2716-0610,true,,
Harvester: Jurnal Teologi dan Kepemimpinan Kristen,2302-9498;2685-0834,true,,
Bulletin of Culinary Art and Hospitality,2797-8249,true,,
Journal of Current Health Sciences,2809-3275;2809-2236,true,,
Jurnal Hukum Legalita,1412-2480;2776-7248,true,,
Ibnu Sina: Jurnal Kedokteran dan Kesehatan - Fakultas Kedokteran Universitas Islam Sumatera Utara,1411-9986;2614-2996,true,,
Ranah Research : Journal of Multidisciplinary Research and Development,2655-0865,true,,
ISLAM NUSANTARA: Journal for the Study of Islamic History and Culture,2722-8975,true,,
Bioedukasi : Jurnal Biologi dan Pembelajarannya,2580-0094,true,,
CALL,2723-2417,true,,
Jurnal Ilmu Manajemen Terapan (JIMT),2686-5246;2686-4924,true,,
International Journal of STEM Education for Sustainability,2798-5091,true,,
In Right: Jurnal Agama dan Hak Azazi Manusia,2089-6034;2810-0263,true,,
Indonesian Journal of Innovation and Applied Sciences (IJIAS),2775-4162,true,,
Journal of Applied Finance & Accounting,1979-6862;2746-6019,true,,
TEMA (Jurnal Tera Ilmu Akuntansi),1411-8149;2808-215X,true,,
"Journal of Social, Humanity, and Education",2746-623X,true,,
International Journal of Management Science and Information Technology (IJMSIT),2776-7388;2774-5694,true,,
JBMR: Journal of Business and Management Review,2723-1097,false,2025-12-31,accreditation expired
ARRUS Journal of Mathematics and Applied Science,2776-7922;2807-3037,true,,
ARRUS Journal of Engineering and Technology,2776-7914;2807-3045,true,,
Edu Cendikia: Jurnal Ilmiah Kependidikan,2798-365X,true,,
Jurnal Ilmu Sosial Humaniora Indonesia,2797-3999;2797-4561,true,,
Innovation in Research of Informatics (INNOVATICS),2656-8993,true,,
Jurnal Psikologi Wijaya Putra (Psikowipa),2747-1101,true,,
Mitra Sriwijaya: Jurnal Teologi dan Pendidikan Kristen,2723-326X;2722-8487,true,,
JIPHO ( Jurnal Ilmiah Peternakan Halu Oleo),2548-1908,true,,
Jurnal Pendidikan Indonesia Gemilang,2807-5285,true,,
(ASJN) Aisyiyah Surakarta Journal of Nursing,2774-9096,true,,
Tarjih: Agribusiness Development Journal,2798-0782,true,,
Abdimas Altruis: Jurnal Pengabdian Kepada Masyarakat,2620-5505;2620-5513,true,,
Servire: Jurnal Pengabdian Kepada Masyarakat,2809-137X,true,,
Jurnal Ilmu Sosial Indonesia (JISI),2808-9529;2808-8816,false,2025-12-31,accreditation expired
Arsitekno,2301-945X;2776-7841,true,,
Journal of Learning Improvement and Lesson Study,2798-9011,false,2025-12-31,accreditation expired
Semarang Law Review,2723-6447,true,,
JagoMIPA: Jurnal Pendidikan Matematika dan IPA,2797-6475;2797-6467,true,,
Jurnal Pendidikan dan Pembelajaran Indonesia (JPPI),2797-2879;2797-2860,true,,
Agriwar Journal,2808-1323;2808-1137,true,,
Journal of Community Health Provision,2776-1150;2776-1169,true,,
Jurnal Manajemen Perbendaharaan,2776-7256;2775-5010,false,2025-12-31,accreditation expired
International Journal of Entrepreneurship and Sustainability Studies,2807-1778,false,2025-12-31,accreditation expired
Predica Verbum,2798-1495;2798-1444,true,,
Jurnal Ilmiah Hukum dan Hak Asasi Manusia,2798-3498,true,,
Jurnal Media dan Teknologi Pendidikan,2798-0006,true,,
Jurnal Riset Manajemen Komunikasi,2808-3075;2798-6586,true,,
Andalas Journal of Electrical and Electronic Engineering Technology,2777-0079,true,,
An-Nahdah Al-\Arabiyah,2774-7808,true,,
AL-KHIYAR: Jurnal Bidang Muamalah dan Ekonomi Islam,2830-1455,true,,
JAKPI,2775-9784;2775-9792,true,,
SIENNA,2745-987X;2745-9861,true,,
Indonesian Journal of Islamic Economics and Finance,2808-1102,true,,
PROMOTIF: Jurnal Pengabdian Kepada Masyarakat,2798-351X,true,,
Food Scientia: Journal of Food Science and Technology,2807-1549,true,,
Jurnal Atma Inovasia,2775-9385;2775-9113,true,,
Staatsrecht: Jurnal Hukum Kenegaraan dan Politik Islam,2809-5421;2809-6703,true,,
Journal of Nusantara Education,2807-436X,true,,
Journal of Islamic Education Management,2722-5542;2722-5534,true,,
Jurnal Jaminan Kesehatan Nasional,2798-7183;2798-6705,true,,
Journal of Community Service for Health,2746-5195,true,,
Edutainment : Jurnal Ilmu Pendidikan dan Kependidikan,2303-372X;2656-5854,true,,
Journal of Accounting and Finance Management (JAFM),2721-3005;2721-3013,true,,
Jurnal Pengabdian Kepada Masyarakat,2808-0920,true,,
Journal of Applied Civil Engineering and Infrastructure Technology (JACEIT),2723-5378,true,,
"Journal of Tourism, Culinary, and Entrepreneurship (JTCE)",2776-0928,true,,
JURNAL DISCRETIE,2797-8192;2797-393X,true,,
Al-Rasikh : Jurnal Hukum Islam,2089-1857;2580-2755,true,,
SOSEARCH : Social Science Educational Research,0000-0000;2774-2776,true,,
International Journal of Artificial Intelligence,2407-7275;2686-3251,true,,
Lattice Journal : Journal of Mathematics Education and Applied,2798-6470;2798-4621,true,,
Modality Journal: International Journal of Linguistics and Literature,2798-1258;2798-0723,true,,
Kupna Akuntansi: Kumpulan Artikel Akuntansi,2775-9822,true,,
Jurnal Pendidikan Ilmu Pengetahuan Alam (JP-IPA),2774-5945;2774-5937,true,,
ALLURE JOURNAL,2807-7075,true,,
Mutanaqishah: Journal of Islamic Banking,2807-8500,true,,
Journal of Government Science (GovSci ) : Jurnal Ilmu Pemerintahan,2722-2853,true,,
KELOLA: Jurnal Ilmiah Manajemen,2089-3698;2776-9941,true,,
FENOMENA,0854-2104;2622-8947,false,2025-12-31,accreditation expired
Medika Trada,2829-453X,true,,
Indonesian Journal of Education Research (IJoER),2722-6298;2722-1326,true,,
Jurnal Pendidikan Agama Islam Indonesia (JPAII),2722-0397;2722-628X,true,,
Golden Ratio of Marketing and Applied Psychology of Business,2776-6349,true,,
JEER (Journal of Elementary Educational Research),2808-4772;2808-4039,true,,
"Journal of Mechanical Engineering, Science, and Innovation",2776-933X;2776-3536,true,,
Jurnal Ilmiah Bimbingan Konseling Undiksha,2613-9634;2613-9642,true,,
Jurnal Pengabdian Kesehatan Masyarakat,2774-3519,true,,
Sisforma: Journal of Information Systems,2355-8253;2442-7888,true,,
Indonesian Journal of Educational Research and Technology (IJERT),2775-8419;2775-8427,true,,
Al Khidma: Jurnal Pengabdian Masyarakat,2807-7903,true,,
Borneo Journal Of Pharmascientech,2541-3651;2548-3897,true,,
Indonesian Journal of Limnology,2774-2571,false,2025-12-31,accreditation expired
Edusoshum: Jurnal Pendidikan Islam dan Sosial Humaniora,2776-5229,true,,
GEOGRAPHIA: Jurnal Pendidikan dan Penelitian Geografi,2774-6968,true,,
BIOGRAPH-I: Journal of Biostatistics and Demographic Dynamic,2776-8465;2776-155X,true,,
Indonesian Journal of Instruction,2745-8628,true,,
Bunayya : Jurnal Pendidikan Anak,2460-4437;2549-3329,true,,
Borobudur Educational Review,2797-0302,true,,
Journal of Management and Islamic Finance,2797-9628;2797-9636,true,,
Golden Ratio of Finance Management,2776-6780,true,,
"ACPES Journal of Physical Education, Sport, and Health (AJPESH)",2797-0426,true,,
Diniyah: Jurnal Pendidikan Dasar,2746-4113,true,,
Jurnal Riset Perencanaan Wilayah dan Kota,2808-3113;2798-656X,true,,
"International Journal of Management, Entrepreneurship, Social Science and Humanities (IJMESH)",2580-0981,true,,
International Journal of Engineering Continuity,2963-2390,true,,
Likhitaprajna: Jurnal Ilmiah Fakultas Keguruan Ilmu Pendidikan Universitas Wisnuwardhana Malang,1410-8771;2580-4812,true,,
DEIKTIS: Jurnal Pendidikan Bahasa dan Sastra,2807-7504,true,,
Jurnal Manajemen Pelayanan Kesehatan (The Indonesian Journal of Health Service Management),1410-6515;2828-6774,true,,
Journal of Mandalika Review,2828-061X;2828-0008,true,,
Jurnal Kesmas Jambi,2549-8053;2580-5894,true,,
Sriwijaya Bioscientia,2722-0680,true,,
Sriwijaya Journal of Sport,2808-5701;2808-5299,true,,
Jenius: Journal Education Policy and Elementary Education Issues,2775-3190;2775-3182,true,,
Kunuz: Journal of Islamic Banking and Finance,2807-680X;2807-615X,true,,
IJOIS: Indonesian Journal of Islamic Studies,2745-7745,true,,
Jurnal Riset Agama,2808-1196,true,,
Indonesian Journal of Life Sciences,2656-0682,true,,
Jurnal Ilmiah Profesi Guru (JIPG),2775-0973;2723-0295,true,,
International Journal of Educational Research and Social Sciences (IJERSC),2774-5406,true,,
Jurnal Pendidikan dan Teknologi Indonesia,2775-4227;2775-4219,false,2025-12-31,accreditation expired
Journal of Social Science Studies (JOS3),2774-650X;2798-8619,false,2025-12-31,accreditation expired
CANANG: Jurnal Pengabdian Masyarakat,2798-608X;2798-6098,true,,
Jurnal Abdi Masyarakat Saburai (JAMS),2746-5063;2746-5071,true,,
"Journal of English Language Teaching, Linguistics, and Literature Studies",2807-5625;2807-422X,true,,
Tanzil: Jurnal Studi Al-Quran,2503-0612,true,,
International Journal of Community Engagement Payungi,2776-4303,false,2025-12-31,accreditation expired
Aceh International Journal of Science and Technology,2088-9860,true,,
Syiar: Jurnal Komunikasi dan Penyiaran Islam,2808-7933;2808-7941,true,,
Tamansiswa International Journal in Education and Science (TIJES),2715-1808,false,2025-12-31,accreditation expired
Journal of Public Representative and Society Provision,2776-1266,true,,
Al-Muraqabah: Journal of Management and Sharia Business,2798-2629;2798-222X,true,,
Jurnal Riset Pendidikan Agama Islam,2808-3172;2797-2852,true,,
Seulanga : Jurnal Pendidikan Anak,2747-1624;2775-3921,true,,
Journal of Applied Business and Technology,2722-5372;2722-5380,true,,
Pedagogia: Jurnal Ilmiah Pendidikan,1693-5799;2460-2175,true,,
Open Access Indonesian Journal of Medical Reviews,2807-6257,true,,
Women Midwives and Midwifery,2775-4448,true,,
Invest Journal of Sharia & Economic Law,2776-4982;2776-4354,true,,
Pancasakti Journal Of Public Health Science And Research,2777-1296,true,,
Multidiciplinary Output Research for Actual and International Issue (Morfai Journal),2808-6635,true,,
Nuris Journal of Education and Islamic Studies,2776-2653,true,,
Deviance: Jurnal Kriminologi,2580-3158;2580-3166,true,,
Rumoh: Journal of Architecture,2088-9399;2798-4648,true,,
Nursing Information Journal,2809-0152,false,2025-12-31,accreditation expired
HOAQ (High Education of Organization Archive Quality) : Jurnal Teknologi Informasi,2337-5280;2620-7427,true,,
Connection : Jurnal Pengabdian Kepada Masyarakat,2797-1627,true,,
Journal of Early Childhood Education,2798-0359;2798-0294,true,,
DIMAR: Jurnal Pendidikan Islam,2721-5628,true,,
Journal of Nursing Science Update,2829-7075;2829-0003,true,,
Jurnal Ranah Publik Indonesia Kontemporer (Rapik),2808-0092,true,,
Archvisual: Jurnal Arsitektur dan Perencanaan,2809-5766;2809-5014,true,,
Jurnal Pemberdayaan dan Pendidikan Kesehatan,2809-4646,true,,
"LINGTERSA: Jurnal Linguistik, Terjemahan, Sastra",2775-5622;2964-1713,true,,
"Jurnal Al-Kharaj: Studi Ekonomi Syariah, Muamalah, dan Hukum Ekonomi",2797-0787;2798-009X,true,,
Journal Of Health & Cardiovascular Nursing,2797-1880,true,,
Jurnal Studi Pemerintahan dan Akuntabilitas,2776-7574,true,,
TAUJIH: Jurnal Pendidikan Islam,2085-7934;2774-7379,true,,
At-Tadris: Journal of Islamic Education,2962-2840,true,,
Miracle Journal,2774-4663,true,,
MOVE: Journal of Community Service and Engagement,2808-2990,true,,
Golden Ratio of Law and Social Policy Review (GRLSPR),2808-2923,true,,
Fahima: Jurnal Pendidikan dan Kajian Keislaman,2808-747X;2808-4349,true,,
Jurnal Al-Muta`aliyah : Jurnal Pendidikan Guru Madrasah Ibtidaiyah,2502-2474;2614-1612,true,,
Indonesian Journal of Public Health Nutrition (IJPHN),2774-8200,true,,
EL-MAQALAH: Journal of Arabic Language Teaching and Linguistic,2722-9769;2723-1925,true,,
Jurnal Abdimas Le Mujtamak,2797-7765,true,,
Private Law,1615-9857,true,,
Jurnal Riset Kedokteran,2808-3040;2798-6594,true,,
Al-Kawakib,2746-4997,true,,
PENJAGA : Pendidikan Jasmani dan Olahraga,2774-3721,true,,
Indonesia Private Law Review,2723-259X;2745-9284,true,,
Pancasila and Law Review,2723-262X;2745-9306,true,,
Indonesian Journal of Education and Social Science,2830-6996,true,,
Lex Journal : Kajian Hukum dan Keadilan,2581-2033;2580-9113,true,,
Al-'Aqdu: Journal of Islamic Economics Law,2807-7830;2807-7342,true,,
Cardiovascular and Cardiometabolic Journal (CCJ),2746-6930;2722-3582,true,,
"International Journal of Entrepreneurship, Business, and Creative Economy",2775-3107;2775-3085,true,,
Klabat Accounting Review,2721-723X;2722-7278,true,,
Jurnal Akuntansi Audit dan Perpajakan Indonesia (JAAPI),2686-6064,true,,
Rerum: Journal of Biblical Practice,2808-1455,true,,
"International Journal of Social Science, Educational, Economics, Agriculture Research, and Technology (IJSET)",2827-766X,true,,
Indonesian Marketing Journal,2776-6004,true,,
International Journal of Islamic Studies Higher Education,2964-1861,true,,
Klabat Journal of Management,2721-690X;2722-726X,true,,
Indonesian Journal of Religious,2827-8984,true,,
Vision Science and Eye Health Journal,2809-218X,false,2025-12-31,accreditation expired
Jurnal Ilmu Kesehatan Indonesia,2722-4848,true,,
"Journal of Software Engineering, Information and Communication Technology",2774-1656;2774-1699,true,,
Journal of Socio Economics on Tropical Agriculture (Jurnal Sosial Ekonomi Pertanian Tropis) (JOSETA),2686-0953,true,,
"Journal of Business, Social and Technology",2807-2928;2807-6362,true,,
Al-Hilal: Journal of Islamic Astronomy,2775-1236;2775-2119,true,,
Journal of Bioresources and Environmental Sciences,2829-8314;2829-7741,true,,
Buletin Riset Psikologi dan Kesehatan Mental (BRPKM),2776-1851,true,,
Jurnal Lingkungan Binaan Indonesia (JLBI),2301-9247;2622-0954,true,,
Iseedu: Journal of Islamic Educational Thoughts and Practices,2615-3335,true,,
Jurnal Riset Statistika,2808-3148;2798-6578,true,,
Jurnal Riset Psikologi,2808-3164;2798-6071,true,,
Envirotek : Jurnal Ilmiah Teknik Lingkungan,2085-501X;2623-1336,true,,
Pakem : Jurnal Pengabdian Kepada Masyarakat,2808-1463;2808-8891,true,,
DESA (Desain dan Arsitektur),2747-2469,true,,
Altafani,2808-3997,true,,
Jurnal IPTEK Bagi Masyarakat,2807-7261;2807-7253,true,,
Journal of Aquatropica Asia,2407-3601;2721-7574,true,,
Science in Information Technology Letters,2722-4139,true,,
PARAMETER: Jurnal Pendidikan Universitas Negeri Jakarta,0216-261X,true,,
Jurnal Cyber PR,2798-0561,true,,
khabar,2716-0769,true,,
CHARISTHEO: Jurnal Teologi dan Pendidikan Agama Kristen,2808-8735;2808-4454,true,,
QiST: Journal of Quran and Tafseer Studies,2828-2779,true,,
Mafaza : Jurnal Pengabdian Masyarakat,2809-5650,true,,
Journal of Sustainability Perspectives,0000-0000;2797-7137,true,,
Sentris,0216-5031;2746-3826,true,,
Jurnal Iman dan Spiritualitas,2775-4596,true,,
Jurnal El-Thawalib,2828-7231,true,,
Jurnal Persaingan Usaha,2087-0361;2809-6304,true,,
Biological Environment and Pollution,2798-2777;2798-2378,true,,
Green Intelligent Systems and Applications,2809-1116,false,2025-12-31,accreditation expired
Civil and Sustainable Urban Engineering,2808-9200,true,,
Tropical Aquatic and Soil Pollution,2798-3056,true,,
Jurnal Anestesi Obstetri Indonesia,2615-370X,true,,
JIP (Jurnal Intervensi Psikologi),2085-4447;2579-4337,true,,
Jurnal ARSI : Administrasi Rumah Sakit Indonesia,2406-9108;2476-986X,true,,
International Journal of Multidisciplinary Research of Higher Education (IJMURHICA),2623-1468;2622-741X,true,,
Al asma : Journal of Islamic Education,2715-2820;2715-2812,true,,
Biota: Jurnal Ilmiah Ilmu-Ilmu Hayati,2527-3221;2527-323X,true,,
Indonesia Law Reform Journal (ILREJ),2776-9259;2776-9674,true,,
Tadiban: Journal of Islamic Education,2797-5886,true,,
Didaktika,2775-9024,true,,
Tadribuna: Journal of Islamic Management Education,2746-363X;2797-5908,true,,
Impulse: Journal of Research and Innovation in Physics Education,2798-1762;2798-1754,true,,
Riset Akuntansi (RISTANSI),2775-2267,true,,
Jurnal Skala Kesehatan,2087-152X;2615-2126,true,,
"Electronic Journal of Education, Social Economics and Technology",2723-6250,true,,
Journal of Health Sciences and Medical Development,2962-0007,true,,
Indonesian Journal of Biomedicine and Clinical Sciences,3032-3134,true,,
JPBM (Jurnal Pendidikan Bisnis dan Manajemen),2527-905X;2461-0828,true,,
Journal of Early Childhood and Character Education,2775-5444;2775-2046,true,,
Jurnal Ilmu Pendidikan dan Pembelajaran,2962-6579,true,,
Tematik: Jurnal Konten Pendidikan Matematika,2987-999X;2985-8844,true,,
"Jurnal Riset sosial humaniora, dan Pendidikan (Soshumdik)",2963-7384;2963-7376,true,,
Journal of Management Studies and Development,2962-5955;2962-5467,true,,
JURNAL SUMBER DAYA AIR,1907-0276,true,,
Jurnal Kesehatan dr. Soebandi,2302-7932;2527-7529,true,,
Al-Wasatiyah: Journal of Religious Moderation,2985-9832,true,,
Journal of Transformative Governance and Social Justice,3024-904X;2985-6272,true,,
"International Journal of Economics, Business, and Entrepreneurship (IJEBE)",2615-6873,true,,
Kaunia: Integration and Interconnection of Islam and Science Journal,1829-5266;2962-2085,true,,
Jurnal Locus Penelitian dan Pengabdian,2829-5439;2829-7334,true,,
Research and Innovation in Applied Linguistics,2964-5344,true,,
Analisis Sejarah,2087-5010;3047-9444,true,,
Jurnal Math-UMB.EDU,2715-4912;2339-2754,true,,
Jurnal Perkotaan,1978-9416;2615-1812,true,,
Indonesian Journal of Librarianship,2723-6226;2723-6234,true,,
Goodwood Akuntansi dan Auditing Reviu,2964-0652,true,,
Marcapada: Jurnal Kebijakan Pertanahan,2808-8484,true,,
Jambura Medical and Health Science Journal,2830-0580;2830-4608,true,,
Jurnal Pengabdian dan Pengembangan Masyarakat Indonesia,2830-2567,true,,
Acta Psychologia,2746-122X,true,,
Journal of Social Commerce,2809-929X;2809-9303,true,,
Jurnal Pengembangan Agroindustri Terapan,2963-5977,true,,
Journal of Governance and Accountability Studies,2774-6739,true,,
Maritime Park: Journal Of Maritime Technology and Socienty,2828-7010;2828-6669,true,,
Amkop Management Accounting Review (AMAR),2828-2248,true,,
"Smart: Journal of Sharia, Tradition, and Modernity",2807-8268,true,,
Greensphere: Journal of Environmental Chemistry,2777-0664,true,,
Frasa: English Education and Literature Journal,2807-8195,true,,
Muaddib: Islamic Education Journal,2722-9564;2722-9572,true,,
Contemporary Issues on Interfaith Law and Society,2829-8373;2829-8624,true,,
Jurnal Ilmiah Farmasi Simplisia,2775-4510;2809-1973,true,,
JOUSIP: Journal of Sufism and Psychotherapy,2775-8362;2797-779X,true,,
Jurnal Abdimas Indonesia,2654-4822;2654-2544,true,,
INTERNATIONAL JOURNAL OF CULTURAL AND SOCIAL SCIENCE,2798-5377;2798-5156,true,,
Indonesian Journal of Islamic Law (IJIL),2085-627X;2615-7543,true,,
Warta Perkaretan,0216-6062;2503-5207,true,,
Journal of Mathematical Pedagogy (JOMP),2715-7466;2715-7458,true,,
Talaa : Journal of Islamic Finance,2807-3312;2807-3002,true,,
Al-Fahmu: Jurnal Ilmu Al-Quran dan Tafsir,2964-1659;2962-9314,true,,
SIGn Journal of Social Science,2745-374X,true,,
Pharmademica: Jurnal Kefarmasian dan Gizi,2808-3970;2808-3423,true,,
Tekno - Pedagogi : Jurnal Teknologi Pendidikan,2088-205X;2715-7415,true,,
Journal of Mechanical Engineering Education (Jurnal Pendidikan Teknik Mesin),2356-4997;2715-4734,true,,
Educenter: Jurnal Ilmiah Pendidikan,2827-8542;2827-7988,true,,
PARAMETER: Jurnal Matematika dan Statistika dan Terapannya,2829-6303,true,,
Acta Solum,2987-5145,true,,
Buletin Agrohorti,2337-3407;2614-3194,true,,
Curricula: Journal of Curriculum Development,2964-7339;2830-7917,true,,
Jurnal Ilmu Gizi dan Dietetik,2830-0890,true,,
ELOQUENCE: Journal of Foreign Language,2964-9277,true,,
Muslim Politics Review,2829-3568;2964-979X,true,,
Islamic Studies Review,2829-1816;2963-7260,true,,
Muslim Education Review,2829-1867;2962-6463,true,,
Muslim Business and Economic Review,2829-2499;2962-6471,true,,
International Journal of Research and Community Empowerment,2985-6175,true,,
Research Horizon,2808-0696;2807-9531,true,,
Jurnal Pertahanan dan Bela Negara,2620-5262;2620-7400,true,,
Physical Education and Sports: Studies and Research,2829-5846,true,,
Journal of Economics and Management Scienties,2655-1934;2655-6685,true,,
IJOEM: Indonesian Journal of Elearning and Multimedia,2830-2885,true,,
Nurse and Holistic Care,2797-6971;2797-7188,true,,
Trunojoyo Law Review,2686-1496;2715-2081,true,,
Journal of Infrastructure Planning and Engineering,2829-5153,true,,
INFO ARTHA,0852-6737;2581-0839,true,,
"Lektur, Jurnal Ilmu Komunikasi",2988-344X,true,,
Journal of Fibers and Polymer Composites,2829-7687,true,,
Komunikasiana: Journal of Communication Studies,2654-4695;2654-7651,true,,
Naradidik: Journal of Education & Pedagogy,2827-9670;2827-864X,true,,
Indonesian Journal of Early Childhood Educational Research,2962-1364;2963-6760,true,,
International Law Discourse in Southeast Asia,2830-0297;2829-9655,true,,
JUMANTIK (Jurnal Ilmiah Penelitian Kesehatan),2580-281X;2548-2173,true,,
Indonesian Journal of Environmental Law and Sustainable Development,2829-9582;2829-9590,true,,
Ar-Rosikhun: Jurnal Manajemen Pendidikan Islam,2809-2112,true,,
sudo Jurnal Teknik Informatika,2829-7342,true,,
Finger : Jurnal Ilmiah Teknologi Pendidikan,2830-6813,true,,
Journal of Informatics and Vocational Education,2746-7813,true,,
Journal of Constitutional Law Society (JCLS),2829-5013,true,,
World Psychology,2830-4764;2830-4551,true,,
Jurnal Pengabdian Masyarakat PGSD,2775-5940,true,,
SIYAR,2747-223X,true,,
Indonesian Journal of Chemical Studies (Indones. J. Chem. Stud.),2830-778X;2830-7658,true,,
Journal of Innovation and Research in Primary Education,2829-775X,true,,
Indonesian Journal of Political Studies,2797-6750;2797-9458,true,,
Jurnal Teknologi Pengolahan Pertanian,2723-5157,true,,
Jurnal Ilmiah STIKES Yarsi Mataram,1978-8940;2807-940X,true,,
JIPAI,2809-1345;2809-5359,true,,
Jurnal Masyarakat Informatika,2086-4930,true,,
Filogeni: Jurnal Mahasiswa Biologi,2776-5784,true,,
Bulletin of Indonesian Islamic Studies,2963-8429,true,,
"PHARMACOLOGY, MEDICAL REPORTS, ORTHOPEDIC, AND ILLNESS DETAILS (COMORBID)",2809-9745,true,,
ESOTERIK,2460-7576;2250-2884,true,,
Lontar Physics Today,2828-0970,true,,
Human Rights in The Global South (HRGS),2962-5556,true,,
International Journal on Education Insight,2722-2683;2722-2691,true,,
Tadris al-Arabiyyah: Jurnal Pendidikan Bahasa Arab dan Kebahasaaraban,2963-6876,true,,
Jurnal Ilmu Sosial Politik dan Humaniora (Jisora),2654-3583;2654-3338,true,,
"RADIANT: Journal of Applied, Social, and Education Studies",2723-4614,true,,
Aletheia Christian Educators Journal,2776-3714,true,,
East Java Economic Journal,2597-8780;2830-2001,true,,
Al-Hiwar : Jurnal Ilmu dan Teknik Dakwah,2354-9068;2579-9851,true,,
Nusantara Journal of Behavioral and Social Science,2828-1039;2828-0733,true,,
Jurnal Teknik Sipil dan Perencanaan,1411-1772;2503-1899,true,,
"Jurnal Relevansi : Ekonomi, Manajemen dan Bisnis",2622-0415,true,,
Jurnal Bakti Bagi Bangsa,2961-8142,true,,
Al-Hisbah Jurnal Ekonomi Syariah,2622-559X;2798-1916,true,,
Benchmarking: Jurnal Manajemen Pendidikan Islam,2615-1499;2716-3776,true,,
JAWI : Journal of Southeast Asia Islamic Contemporary Issues,2622-5522;2622-5530,true,,
International Journal of Educational Innovation and Research,2810-0808,true,,
"Jurnal Ekonomi, Manajemen dan Perbankan (Journal of Economics, Management and Banking)",2460-8114;2656-6168,true,,
FOSTER: Journal of English Language Teaching,2723-4126,true,,
Pattimura Excellence Journal of Language and Culture,2808-2265,true,,
International Journal of Science and Environment,2809-0551,true,,
The Journal of Palembang Nursing Studies,2827-8496;2827-8100,true,,
Berita Kedokteran Masyarakat,0215-1936;2614-8412,true,,
PengabdianMu: Jurnal Ilmiah Pengabdian kepada Masyarakat,2502-6828;2654-4385,true,,
Philanthropy: Journal of Psychology,2580-8532,true,,
Jurnal Penelitian Pendidikan,2477-5851;2085-0581,true,,
JUTI: Jurnal Ilmiah Teknologi Informasi,1412-6389;2406-8535,true,,
"BioLink (Jurnal Biologi Lingkungan, Industri, Kesehatan)",2356-458X;2597-5269,true,,
Jurnal Magister Hukum Udayana (Udayana Master Law Journal),2302-528X;2502-3101,true,,
Jurnal Iqtisad : Reconstruction of Justice and Welfare for Indonesia,2621-640X,true,,
Transformatif: Jurnal Pengabdian Masyarakat,2745-3847;2745-3855,true,,
Anfusina: Journal of Psychology,2654-5470;2655-8602,true,,
BERDIKARI : Jurnal Inovasi dan Penerapan Ipteks,2621-5896,true,,
International Journal of Advanced Multidisciplinary,2829-6184;2829-6192,true,,
International Journal of Psychology and Health Science,2962-0562;2963-2129,true,,
Jurnal Pengabdian Masyarakat dan Penelitian Terapan,2964-9579;2964-2876,true,,
Social Economics and Ecology International Journal (SEEIJ),2581-2246;2598-0319,true,,
Maslahah : Jurnal Hukum Islam dan Perbankan Syariah,2086-5678;2807-8403,true,,
Literasi: Jurnal Pendidikan Guru Indonesia,2963-4962,true,,
"International Journal of Accounting, Management, Economics and Social Sciences (IJAMESC)",2986-8645,true,,
Civic Education Perspective Journal,2827-8089,true,,
Begawan Abioso,1858-2990;2810-0727,true,,
AB-JME: Al-Bahjah Journal of Mathematics Education,3025-1273;3025-0048,true,,
Manilkara: Journal of Bioscience,2964-0164,true,,
Scientific Journal of Pediatrics,3025-6224,true,,
Acta Pedagogia Asiana,2963-6442,true,,
Biner : Jurnal Ilmiah Informatika dan Komputer,2828-0210;2828-0229,true,,
Global Legal Review,2776-0308;2776-1347,true,,
SKILLS: Jurnal Riset dan Studi Manajemen Pendidikan Islam,2961-7413,true,,
Journal of Economics and Policy Studies (JEPS),2775-7897,true,,
Al Karima : Jurnal Studi Ilmu Al Qur'an dan Tafsir,2549-3035;2829-3703,true,,
Dedicated: Journal of Community Services (Pengabdian kepada Masyarakat),2988-4179;2988-4187,true,,
Hilbert Journal of Mathematical Analysis,2985-7619,true,,
Jurnal Inovasi Daerah,2962-4215;2962-7729,true,,
Jurnal Pharmacia Mandala Waluya,2829-6850,true,,
Vifada Journal of Education,3021-713X,true,,
Abadi: Jurnal Ahmad Dahlan Mengabdi,2828-4461,true,,
Jurnal Pengabdian Masyarakat Madani (JPMM),2798-5687,true,,
Journal of Research on Mathematics Instruction (JRMI),2715-6869,true,,
Al-Hiwalah : Journal Syariah Economic Law,2963-0304,true,,
JURMADIKTA,2797-829X;2797-8435,true,,
el-Aqwal: Journal of Sharia and Comparative Law,2962-5289,true,,
Jurnal Teknologi dan Rekayasa Sumber Daya Air,2798-2386;2798-3420,true,,
Rudence: Rural Development for Economic Resilience,2808-4160,true,,
Jurnal Poros Hukum Padjadjaran,2715-7202;2715-9418,true,,
Indonesian Journal of Mathematics and Applications,2986-8149,true,,
Asian Journal of Health Research,2829-2979;2828-9269,true,,
"Narasi: Jurnal Kajian Bahasa, Sastra Indonesia, dan Pengajarannya",2988-0564;2987-5463,true,,
Journal of Family Law and Islamic Court,2962-5963;2962-5327,true,,
Jurnal Tekstil: Jurnal Keilmuan dan Aplikasi Bidang Tekstil dan Manajemen lndustri,3024-9295;2797-9229,true,,
ISTIFHAM,3031-9757;2987-3010,true,,
Indonesian Nursing Journal,2988-7577;2988-7623,true,,
"Teologis, Relevan, Aplikatif, Cendekia, Kontekstual: Jurnal Kepemimpinan Kristen, Teologi, dan Entrepreneurship",2829-9108;2829-8306,true,,
JURNAL PEKAN : Jurnal Pendidikan Kewarganegaraan,2540-8038,true,,
An-Nadzir : Jurnal Manajemen Pendidikan Islam,2987-3339,true,,
Philoxenia: Jurnal Teologi dan Pendidikan Kristiani,2985-5888,true,,
Mimbar PGSD Flobamorata,2988-2982,true,,
"Indonesian Review of English Education, Linguistics, and Literature",3025-2369;3021-8101,true,,
Journal of Internet and Software Engineering,2797-9016,true,,
Jurnal Ilmiah METHONOMI,2460-562X;2598-9693,true,,
Educative: Jurnal Ilmiah Pendidikan,2985-9182,true,,
Journal of Research in Science and Mathematics Education,2962-5521,true,,
SWADIMAS: JURNAL PENGABDIAN KEPADA MASYARAKAT,2964-8297;2964-8289,true,,
International Journal Of Economics Social And Technology,2830-5132,true,,
Equator Science Journal (ESJ),2988-3881,true,,
Journal of Psychological Perspective,2715-4785;2715-4807,true,,
Journal of Biotropical Research and Nature Technology,2964-0431,true,,
Advances in Economics & Financial Studies,2985-7562,true,,
Advances in Taxation Research,2985-7554,true,,
"Swarnadwipa : Jurnal Kajian Sejarah, Sosial, Budaya, dan Pembelajarannya",2580-7315,true,,
J-mace : Jurnal Penelitian,2807-6117;2798-2394,true,,
Research of Finance and Banking,2987-288X;2987-2871,true,,
"Euntes: Jurnal Ilmiah Pastoral, Kateketik, dan Pendidikan Agama Katolik",2964-5972,true,,
"Sumbula : Jurnal Studi Keagamaan, Sosial dan Budaya",2528-2867;2548-3900,true,,
Advances in Business & Industrial Marketing Research,2985-7589,true,,
Al-Karim: International Journal of Quranic and Islamic Studies,2986-9366,true,,
"Asian Journal of Management, Entrepreneurship and Social Science",2808-7399,true,,
Jurnal Kesehatan Komunitas Indonesia,2985-3435;2503-2801,true,,
Academicus,2963-2846,true,,
Al-Wazan: Journal of Arabic Education,2962-0732,true,,
"International Journal of Education, Vocational and Social Science",2963-4954,true,,
Jurnal Komunikasi dan Ilmu Sosial,2963-0525;2963-0517,true,,
Adabuna: Jurnal Pendidikan dan Pemikiran,2809-4212;2808-4330,true,,
Lahjatuna: Jurnal Pendidikan Bahasa Arab,2964-0229;2964-0210,true,,
Dalwa Islamic Economic Studies: Jurnal Ekonomi Syariah,2829-2650;2829-3924,true,,
Journal of Advanced Health Informatics Research,2985-6124,true,,
Jurnal Greenation Ilmu Akuntansi,2985-7147;2985-7155,true,,
Juris Humanity: Jurnal Riset dan Kajian Hukum Hak Asasi Manusia,2830-6465;2964-7177,true,,
Jurnal Greenation Sosial dan Politik,2985-9425;2985-9433,true,,
Journal of Multiperspectives on Accounting Literature,3021-7253;3021-7261,true,,
International Journal of Tourism Business Research,2985-5934,true,,
Journal of Islamic and Occidental Studies (JIOS),2988-568X;2988-4802,true,,
Journal of Asian Wisdom and Behavior,2987-6915,true,,
Jurnal AFKARINA,2527-6956,true,,
Moderatio : Jurnal Moderasi Beragama,2797-5096;2798-0731,true,,
Journal of Innovative Physics Teaching (JIPT),3021-8551,true,,
International Journal of Multidisciplinary Sciences,2986-7665,true,,
Economics and Business Journal,2963-7589,true,,
Agroista: Jurnal Agroteknologi,2597-3835;2684-7019,true,,
Kinerja : Jurnal Manajemen Pendidikan Islam,2986-1500,true,,
An Idea Nursing Journal,2961-8592,true,,
Jurnal Agroplant,1907-7092;2809-5677,true,,
JAGE,2964-478X;2964-4534,true,,
Jurnal Bisnis Manajemen dan Akuntansi,2715-128X,true,,
"Science, Technology, and Communication Journal",2774-8782,true,,
JITSi : Jurnal Ilmiah Teknik Sipil,2746-7597,true,,
"Huele: Journal of Applied Linguistics, Literature and Culture",2775-5703,true,,
Jurnal Greenation Ilmu Teknik,2985-8615;2985-8607,true,,
Journal of Education and Teacher Training Innovation (JETTI),3025-3500,true,,
Indonesian Geotechnical Journal,2829-7520,true,,
Journal of Placemaking and Streetscape Design,3025-5449,true,,
JURNAL INOVASI DAN PENGABDIAN MASYARAKAT INDONESIA,2829-5617,true,,
Journal of Islamic Education Research,2716-1005;2716-0998,true,,
International Journal of Nursing Information,2964-4585,true,,
International Journal of Educational Qualitative Quantitative Research,2962-9918,true,,
Assyfa Journal of Islamic Studies,2988-7399,true,,
Sinolingua,2986-9773;2986-1969,true,,
De Cive : Jurnal Penelitian Pendidikan Pancasila dan Kewarganegaraan,2776-5040;2775-6009,true,,
"Jurnal Inovasi, Kreatifitas Anak Usia Dini",2808-5698;2808-4551,true,,
Journal of Environmental and Development Studies,2745-4592,true,,
Sisfo: Jurnal Ilmiah Sistem Informasi,2598-599X;2599-0330,true,,
CrossOver Journal of Adaptation Studies,2798-6829;2798-5148,true,,
Syakhshiyyah Jurnal Hukum Keluarga Islam,2986-5409,true,,
Balobe: Jurnal Pengabdian Masyarakat,2830-1668,true,,
"CandraRupa: Journal of Art, Design, and Media",2714-8076,true,,
Jurnal Pendidikan Siber Nusantara,2964-7525;2964-7517,true,,
Jurnal Manajemen dan Pemasaran Digital,2963-0142;2963-0185,true,,
INASUA: Jurnal Teknologi Hasil Perikanan,2775-6343,true,,
Jurnal Konstitusi dan Demokrasi,2808-9715,true,,
Jurnal Kewirausahan dan Multi Talenta (JKMT),2964-6049;2962-8873,true,,
Jurnal Ilmu ilmu Pertanian,1858-1226;2723-4010,true,,
"Jurnal Humaniora, Ekonomi Syariah dan Muamalah",2964-6065;2964-6057,true,,
Siber Journal of Transportation and Logistics,2987-1026;2987-1050,true,,
Journal of Agrosociology and Sustainability,3025-1362,true,,
Applied Environmental Science,3025-0412,true,,
Environmental and Materials Journal,3025-0277,true,,
ASEAN Natural Disaster Mitigation and Education Journal,3025-0285,true,,
Journal of Professional Teacher Education,3025-2644,true,,
JAT (Journal of Accounting and Tax),2963-6132,true,,
"Social, Ecology, Economy for Sustainable development goals Journal",3025-3942,true,,
"Asian Journal of Toxicology, Environmental, and Occupational Health",3025-3675,true,,
Ex Aequo Et Bono Journal of Law,3024-983X,true,,
Cilpa : Jurnal Ilmiah Pendidikan Seni Rupa,2355-9691;2809-2260,true,,
Grafting : Jurnal Ilmiah Ilmu Pertanian,2088-2440;2963-041X,true,,
Holistic: Journal of Tropical Agriculture Sciences,3025-4272,true,,
Journal of Character and Environment,3025-0404,true,,
Journal of Earth Kingdom,3024-9821,true,,
The Journal of City: Branding and Authenticity,3025-4000,true,,
COUNSELING FOR ALL: Jurnal Bimbingan dan Konseling,2775-3042;2829-1077,true,,
Research on English Language Education,2715-1638;2828-5522,true,,
"Journal of Innovation Materials, Energy, and Sustainable Engineering",3025-0307,true,,
Vokatek : Jurnal Pengabdian Masyarakat,2985-8402;2986-0105,true,,
Akuntansi: Jurnal Riset Ilmu Akuntansi,2961-788X,true,,
Jurnal Teknik Mesin,2252-4444;2549-2063,true,,
Formosa Journal of Computer and Information Science,2830-3040,true,,
"Journal of Deep Learning, Computer Vision and Digital Image Processing",2986-8920;2986-8939,true,,
Indonesian Technology and Education Journal,2985-8208;2985-8216,true,,
Jurnal Sapta Agrica,2962-8210,true,,
Greenation International Journal of Engineering Science,2986-089X;2986-0326,true,,
Journal of Education and Teaching Learning,2986-3791;2986-3015,true,,
Jurnal Kemitraan Responsif untuk Aksi Inovatif dan Pengabdian Masyarakat,3024-9236,true,,
REI MAI: Jurnal Ilmu Teologi dan Pendidikan Kristen,2988-0335;2987-9310,true,,
Assyfa Learning Journal,2986-2906,true,,
Siber Journal of Advanced Multidisciplinary,2987-1018;2987-1069,true,,
Danadyaksa: Post Modern Economy Journal,3025-8545,true,,
Window of Community Dedication Journal,2721-3307,true,,
Journal of Data Insights,2988-2109,true,,
Scientific Journal of Dermatology and Venereology,3025-6208,true,,
Jurnal Forum Kesehatan : Media Publikasi Kesehatan Ilmiah,2087-9105;2715-2464,true,,
West Science Business and Management,2986-9374;2985-816X,true,,
Chemistry and Materials,2828-271X;2828-2310,true,,
Jurnal Rekonstruksi dan Estetik,2301-7937;2774-6062,true,,
Et-Tijarie : Jurnal Hukum Dan Bisnis Syariah,2442-2932;2549-6794,true,,
MAANA: Jurnal Pendidikan Islam Anak Usia Dini,2964-7495,true,,
Tatsqifiy: Jurnal Pendidikan Bahasa Arab,2721-5121,true,,
Paradigma Journal of Administration,3025-3586;3025-549X,true,,
Journal of Disability,2828-4542,true,,
WORLD CHEMICAL ENGINEERING JOURNAL,2443-2261,true,,
Jurnal Riset Akuntansi,2985-6248;2985-766X,true,,
Al-Mudharabah,2655-0547;2829-3665,true,,
INASJIF,2964-5263;2962-0937,true,,
Cognitive Development Journal,3025-8693,true,,
Jurnal Riset Agribisnis dan Peternakan,2527-9912;2614-8145,true,,
IMPACTS: International Journal of Empowerment and Community Services,2964-4917;2985-8755,true,,
Journal of Computers and Digital Business,2830-3121,true,,
Jurnal Asimilasi Pendidikan,3021-7083,true,,
Mozaik: Journal of Art and Architecture,3024-9848;3024-9856,true,,
"FASKES : Jurnal Farmasi, Kesehatan, dan Sains",2987-9841,true,,
Journal of Language Development and Linguistics,2962-6528,true,,
Neoclassical Legal Review: Journal of Law and Contemporary Issues,2964-4011,true,,
Jurnal ATMOSPHERE,2747-2272,true,,
Window of Public Health Journal,2721-2920,true,,
RUBINSTEIN,2985-4520;2985-4512,true,,
Jurnal Ekonomi Bisnis dan Kewirausahaan,2089-7626;2721-253X,true,,
Librarianship In Muslim Societies,2961-8347;2961-8339,true,,
Journal of Information System Exploration and Research,2964-1160;2963-6361,true,,
Khidmatuna: Jurnal Pengabdian Masyarakat,2798-3447;2776-8813,true,,
Economic and Business Horizon,2963-2765,true,,
MEGA: Jurnal Pendidikan Matematika,2721-5539,true,,
Scientechno: Journal of Science and Technology,2986-4887;2963-7481,true,,
Iqtida: Journal of Dawah and Communication,2775-5207;2808-8344,true,,
A Social Science and Entrepreneurship Journal,2776-6942;2776-6950,true,,
Manabia: Journal of Constitutional Law,2809-5928;2828-1683,true,,
Suluah Pasaman,2986-8467,true,,
Matra,2809-2775,true,,
Indonesian Journal of Maritime Technology or abbreviated (ISMATECH),3025-518X,true,,
Multicultural Islamic Education Review,3025-8839,true,,
Widya Dharma Journal of Business,2829-3436,true,,
Jurnal Teknologi Lingkungan UNMUL,2987-0119,true,,
EKOBIMA Ekonomi Bisnis dan Manajemen,3026-1996,true,,
Journal of Digital Marketing and Communication,2809-1736,true,,
Community Development: Jurnal Pengembangan Masyarakat Islam,2541-0563;2985-6841,true,,
Jurnal Wira Ekonomi Mikroskil,2088-9607;2622-6421,true,,
Jurnal Peduli : Jurnal Pengabdian Kepada Masyarakat,2809-6258,true,,
Sriwijaya Journal of Radiology and Imaging Research,2986-853X,true,,
Jurnal Pengabdian Masyarakat Kesehatan Indonesia,2830-6201,true,,
Ghaly: Journal of Islamic Economic Law,2985-8062,true,,
JOEEL (Journal of English Education and Literature),2723-3103;2723-309X,true,,
Jurnal Kajian & Reviu Jinarakkhita: Jurnal Gerakan Semangat Buddhayana (JGSB),3031-1985,true,,
Sanskara Pendidikan dan Pengajaran,2986-5875;2985-752X,true,,
Subhasita: Journal of Buddhist and Religious Studies,2986-0040;2986-0032,true,,
TEFLA (Teaching English as a Foreign Language & Applied Linguistics) Journal,2654-5152,true,,
The Es Economics and Entrepreneurship,2985-7104;2964-8920,true,,
Jurnal Pemberdayaan Nusantara,2808-8956,true,,
The Eastasouth Management and Business,2985-7120;2963-3591,true,,
IJIE,2620-3582,true,,
The Eastasouth Journal of Learning and Educations,3025-2504;2987-2278,true,,
Global Forest Journal,3024-9309,true,,
Sanggitarupa,2808-8301;2987-6877,true,,
Bhuvana: Journal of Global Studies,2986-1705,true,,
Cognicia,2685-8428,true,,
Religion and Policy Journal,3031-1004,true,,
Tarbiyah Al-Awlad: Jurnal Kependidikan Islam Tingkat Dasar,2086-8065;2723-004X,true,,
Assuthur: Jurnal Pendidikan Bahasa Arab,2963-0657,true,,
Foreign Language Instruction Probe,2830-5949;2830-4837,true,,
Sinergi International Journal of Education,2988-4926,true,,
Sinergi International Journal of Islamic Studies,2988-7445,true,,
Sinergi International Journal of Law,3021-7989,true,,
Sinergi International Journal of Logistics,2988-6244,true,,
Daiwi Widya : Jurnal Pendidikan FKIP Unipas,2406-730X;2622-7169,true,,
Communication Student Journal,2986-8297,true,,
Journal Business Administration (JBA): Entrepreneurship and Creative Indutry,2963-4377,true,,
International Journal of Media and Communication Research,2722-1423,true,,
Gelora: Jurnal Pendidikan Olahraga dan Kesehatan IKIP Mataram,2355-4355;2807-2227,true,,
e-Jurnal Inovasi Pembelajaran Sekolah Dasar,2338-6657,true,,
Komparatif: Jurnal Perbandingan Hukum dan Pemikiran Islam,3026-1643,true,,
"Journal of World Future Medicine, Health and Nursing",2988-0459;2988-7550,true,,
Azimuth: Journal of Islamic Astronomy,2775-8206;2774-7719,true,,
Journal Emerging Technologies in Education,3025-0668;3025-0676,true,,
Jurnal Financia : Akuntansi dan Keuangan,2745-8792,true,,
Jurnal Pengembangan Rekayasa dan Teknologi,1410-9840;2580-8850,true,,
Jurnal Abdi Negeriku,2962-3782;2962-3014,true,,
Journal of Sustainable Economics,3021-8179,true,,
Darma Abdi Karya: Jurnal Pengabdian Kepada Masyarakat,2986-8696,true,,
Jurnal Penggerak,2460-5603;2987-6826,true,,
Jurnal Peternakan Integratif,2303-3207;2808-2753,true,,
Lombok Medical Journal,2827-7686,true,,
Journal of Islamic Communication Studies,2985-6582,true,,
Sriwijaya Journal of Internal Medicine,2988-3237,true,,
Al-Hijr: Journal of Adulearn World,2829-3894;2829-4351,true,,
Jurnal Islamika,2615-7217,true,,
Jurnal Hukum Khaira Ummah,1907-3119;2988-3334,true,,
Sinergi International Journal of Psychology,3025-552X,true,,
Educia Journal,2988-019X,true,,
el hisbah: Journal of Islamic Economic Law,2797-5819;2828-2981,true,,
Sriwijaya Journal of Obstetrics and Gynecology,2986-9838,true,,
Journal of Islamic Philosophy and Contemporary Thought,2988-0262,true,,
Islamic Economics and finance in Focus (IEFF),2964-1233,true,,
Journal Development Manecos,2988-5957,true,,
ACADEMIA: Jurnal Inovasi Riset Akademik,2807-2294;2807-1808,true,,
"Digital Theory, Culture & Society",3031-707X,true,,
Sriwijaya Journal of Neurology,2987-1425,true,,
Bangun Desa: Jurnal Pengabdian Masyarakat,2988-4225,true,,
Patria Educational Journal,2809-4298;2809-3178,true,,
JURNAL ILMIAH SATYA MINABAHARI,2502-4418;2829-1034,true,,
El Nubuwwah Jurnal Studi Hadis,2988-1943;2988-1528,true,,
Jurnal Mahasiswa Agribisnis,2964-2833,true,,
Journal of Society Counseling,3021-7490,true,,
Journal of Teaching and Learning Mathematics (JTLM),3025-745X,true,,
Tawshiyah: Jurnal Sosial Keagamaan dan Pendidikan Islam,2656-4688,true,,
Journal of Insan Mulia Education,2987-0585,true,,
Jurnal Interprof,2527-7243;2721-6772,true,,
Applied Accounting and Management Review,2962-097X,true,,
Micronic: Journal of Multidisciplinary Electrical and Electronics Engineering,3024-8698;3025-2091,true,,
Strata Social and Humanities Studies,2987-3193;2987-2537,true,,
Strata Business Review,2987-6478;2987-6486,true,,
Al-Aqwam: Jurnal Studi Al-Quran dan Tafsir,2985-4733,true,,
Jurnal Media Ekonomi,1693-4768;2656-8861,true,,
Obor: Oikonomia Borneo,2685-3000,true,,
Jurnal Kebijakan Ekonomi,1858-2311;2541-139X,true,,
Education and Sociedad Journal,3030-9417;3030-9484,true,,
Educazione: Journal of Education and Learning,3030-9425;3030-9476,true,,
Jurnal Silva Samalas: Journal of Forestry and Plant Science,2621-6779;2776-7175,true,,
"ELite Journal: International Journal of Education, Language and Literature",2621-8127,true,,
ILJ: Islamic Learning Journal,2985-6094,true,,
Wildan,2962-3456;2961-7987,true,,
Cybersecurity and Innovative Technology Journal,3025-6682,true,,
Varied Knowledge Journal,3026-5371,true,,
Journal of Digital Technology and Computer Science,3031-0318;3030-8127,true,,
Jurnal Ragam Pengabdian,3063-8011;3063-802X,true,,
International Journal of Social Sciences and Humanities,2985-6469,true,,
"SEIKAT: Jurnal Ilmu Sosial, Politik dan Hukum",2964-0962,true,,
ARMADA : Jurnal Penelitian Multidisiplin,2964-2981,true,,
JURNAL ECONOMINA,2963-1181,true,,
SWARNA,2963-184X,true,,
"Jurnal Ekonomi, Manajemen, dan Bisnis",3031-7150,true,,
RESWARA: Jurnal Riset Ilmu Teknik,3025-9444,true,,
Bulletin of Network Engineer and Informatics (BUFNETS),2987-4858;2986-8017,true,,
Majalah Kesehatan Masyarakat Aceh (MaKMA),2654-5934;2621-8178,true,,
KERN : Jurnal Ilmiah Teknik Sipil,2087-7498;2686-5025,true,,
Jurnal Pengabdian Kesehatan Komunitas (Journal Of Community Health Service),2797-1309,true,,
IJIIS: International Journal of Informatics and Information Systems,2579-7069,true,,
Saba : Journal of Tourism Research,3025-9827,true,,
Jurnal Kesehatan,1979-7621;2620-7761,true,,
Journal of Islamic Studies and Civilization,3025-3594,true,,
Journal of Engineering Researcher and Lecturer,2963-7511,true,,
Journal of Sharia and Legal Science,2988-7119;2987-601X,true,,
"Journal Economic Education, Business and Accounting",2829-5641,true,,
Khalifa: Journal of Islamic Education,2541-6588;2549-4783,true,,
Publika : Jurnal Ilmiah Administrasi dan Kebijakan Publik,2089-3701;2776-4087,true,,
Indonesian Journal of Islamic Religious Education (INJIRE),3032-520X;3032-3428,true,,
"International Journal of Economics, Management and Accounting",2988-7615,true,,
Hawalah : Kajian Ilmu Ekonomi Syariah,2963-3435;2963-301X,true,,
Humanities and Language,3031-5670,true,,
Journal of Pubnursing Sciences,2988-4330,true,,
Journal of Commerce Management and Tourism Studies,0000-0000;2964-9927,true,,
Jurnal Pendidikan Sosial Indonesia,3025-9479,true,,
Dinamis : Journal of Islamic Management and Bussiness,2622-3791;2716-0904,true,,
"Wedana: Jurnal Kajian Pemerintahan, Politik, dan Birokrasi",2460-965X;2622-9625,true,,
INFOSYS (INFORMATION SYSTEM) JOURNAL,2087-3085;2798-9917,true,,
ABDIKES TRADA : JURNAL PENGABDIAN MULTIDISIPLIN DAN PEMBERDAYAAN MASYARAKAT,3047-7069,true,,
International Journal of Elementary School,3047-3403,true,,
EDUTREND: Journal of Emerging Issues and Trends in Education,3032-565X,true,,
CommLine,2963-8615,true,,
"Jurnal Riset, Inovasi, Teknologi & Terapan",2987-2006;2986-1799,true,,
International Journal Corner of Educational Research (IJCER),2962-8237;2962-164X,true,,
Dedikasi Saintek Jurnal Pengabdian Masyarakat,2964-6308;2964-6243,true,,
Recht Studiosum Law Review,2985-9867;2961-7812,true,,
Solo Universal Journal of Islamic Education and Multiculturalism,2988-3520,true,,
Diponegoro Journal of Islamic Economics and Business,2809-3895,true,,
Jurnal Ilmu Pendidikan Dasar Indonesia,2809-8749;2809-4085,true,,
Jurnal Penelitian,1693-6019;2477-6580,true,,
International of Journal Studies for Energy Affairs (JISEA),2774-6380;2774-4213,true,,
SainETIn,2548-9445;2548-6888,true,,
Sustainability Science and Resources,2809-6029,true,,
AL-KILMAH,2963-2889,true,,
Jurnal Abdimas Bencoolen,3026-5738,true,,
PERISAI: Pendidikan dan Riset Ilmu Sains,2964-1497;2964-8904,true,,
Canonia Religia: Jurnal Studi Teks Agama dan Sosial,3021-8578,true,,
"Nagri Pustaka: Jurnal Pendidikan, Ilmu Sejarah, dan Budaya",3032-0151,true,,
Discourse of Physical Education,2829-1336,true,,
Guruku: Jurnal Pendidikan Profesi Guru,2964-5689,true,,
Indonesian Journal of Medical Chemistry and Bioinformatics,2963-3818,true,,
Pancasila International Journal of Applied Social Science,2988-0769;2988-0750,true,,
Lenvari: Journal of Social Science,2988-5353;2988-5361,true,,
Bima Journal of Elementary Education,2987-2421,true,,
AZKIYA,2622-0091;2622-8424,true,,
Jurnal Pengabdian Nusantara,2987-2413,true,,
Journal of Local Architecture and Civil Engineering,2987-7555,true,,
Abdurrauf Journal of Islamic Studies,2828-3597;2828-4879,true,,
Najwa,2987-8578;2987-5722,true,,
Islamic Journal of Integrated Science Education,2986-6189;2986-0865,true,,
Contemporary Public Administration Review (CoPAR),3025-7174,true,,
Journal of Computer Science Application and Engineering,3031-2272,true,,
JURMA YUSTISI,3025-5309,true,,
Apssai Accounting Review (ApAR),2808-2931;2808-2788,true,,
Jurnal Penelitan Ekonomi dan Bisnis,2442-5028,true,,
South East Asia Nursing Research,2685-032X,true,,
Journal of Political And Legal Sovereignty,2986-2523;2985-6523,true,,
Jurnal Sistem Informasi dan Informatika,2985-9735,true,,
Maqolat: Journal of Islamic Studies,2985-5829,true,,
"ORGANIZE: Journal of Economics, Management and Finance",2963-0576,true,,
"Jurnal Akuntansi, Keuangan, Perpajakan dan Tata Kelola Perusahaan",3025-9223,true,,
Journal of English Education,3024-9902;2988-6511,true,,
Journal of Management and Innovation Entrepreneurship (JMIE),3026-6505,true,,
Anayasa,2987-9965,true,,
EDUCATOR : Jurnal Inovasi Tenaga Pendidik dan Kependidikan,2807-8829;2807-8659,true,,
Al-Mutabar,2774-9452;2774-9460,true,,
Adagium: Jurnal Ilmiah Hukum,2985-5128,true,,
Multifinance,3024-8175,true,,
"Jurnal Farmasi Ma Chung: Sains, Teknologi, dan Klinis Komunitas",2986-8270;2986-5972,true,,
Composite Journal,2807-5919,true,,
KIDDO: Jurnal pendidikan Islam Anak Usia Dini,2716-1641;2716-0572,true,,
Jurnal Sistem Informasi,2089-8711;2615-093X,true,,
Academic Journal of Dawa and Communication,2722-1431,true,,
Advances In Social Humanities Research,3032-3037;3031-5786,true,,
ORAHUA : Jurnal Pengabdian Kepada Masyarakat,3031-7479,true,,
Taqrib : Journal of Islamic Studies and Education,2988-4160;2988-4497,true,,
International Journal of Informatics and Data Science,3026-7315,true,,
Jurnal Garuda Pengabdian Kepada Masyarakat,3047-1230,true,,
Diversity Logic Journal Multidisciplinary,2988-571X,true,,
International Journal of Geometry Research and Inventions in Education,3063-959X,true,,
Cakra Communico: Journal of Communication Science,3047-4477,true,,
Journal of Management and Informatics,2961-7731;2961-7472,true,,
JURNAL FLOBAMORATA MENGABDI,2988-3911,true,,
Masagi: Jurnal Pendidikan Karakter,3047-6453;3047-4663,true,,
Jurnal Mutiara Ilmu Akuntansi,2964-9722;2964-9943,true,,
RADIKULA: Jurnal Ilmu Pertanian,2961-726X;2961-7014,true,,
Jurnal Publikasi Ilmu Manajemen,2963-8712;2963-766X,true,,
"Journal of Civil Engineering, Planning, and Design (JCEPD)",2830-3628,true,,
ALENA : Journal of Elementary Education,2963-0649,true,,
Jurnal Teknik Elektro (JTE),2252-5017;2987-0089,true,,
Integrasi: Jurnal Studi Islam dan Humaniora,2986-0474,true,,
Al-Qudwah: Jurnal Studi Al-Quran dan Hadis,3025-3144;3025-1702,true,,
Jurnal Rumpun Ilmu Kesehatan,2827-9247;2827-9220,true,,
Dinamika Ekonomi: Jurnal Kajian Ekonomi dan Pembangunan,1693-0606;2598-6287,true,,
Real Kiddos: Jurnal Pendidikan Anak Usia Dini,2963-2935,true,,
Technology and Society Perspectives (TACIT),3025-5104,true,,
Cities and Urban Development Journal,3026-490X;3026-4901,true,,
International Journal of Research in Mathematics Education,3025-1842;3025-7638,true,,
Journal of Islamic History and Manuscript,2964-416X;2963-3354,true,,
Jurnal Penelitian Ilmu Ekonomi dan Keuangan Syariah,2988-148X;2988-134X,true,,
"SOLUTION, Journal of Counseling and Personal Development",2684-7655,true,,
Mawar Saron: Jurnal Pendidikan Agama Kristen dan Gereja,2645-4857;2986-8319,true,,
International Journal of Healthcare and Information Technology,3025-6933,true,,
Satmata: Journal of Historical Education Studies,3024-9554,true,,
Recursive Journal of Informatics,2963-5551;2986-6588,true,,
Cakrawala: Jurnal Pengabdian Masyarakat Global,2964-5271;2962-0848,true,,
Jurnal Medika Nusantara,2986-7878;2986-7061,true,,
Agroswagati : Jurnal Agronomi,2339-0085;2580-5185,true,,
IURIS NOTITIA : JURNAL ILMU HUKUM,3025-4477,true,,
Journal of Content and Engagement,2987-6745,true,,
"International Journal of Management, Business and Social Sciences",2963-8410;2962-5971,true,,
Ihsanika : Jurnal Pendidikan Agama Islam,3025-2172;3025-2180,true,,
"MODERATE: Journal of Religious, Education, and Social",3031-710X,true,,
Jurnal Ilmiah Mahasiswa Ekonomi Syariah (JAMMIAH),2797-197X;2797-040X,true,,
"Veteran Economics, Management & Accounting Review",2963-9832;2962-8830,true,,
Noumerico: Journal of Technology in Mathematics Education,2986-8041,true,,
Research and Innovation in Social Science Education Journal (RISSEJ),3026-457X,true,,
Transforma: Jurnal Manajemen,2987-6680,true,,
Journal of Business Management,3025-7689,true,,
Jurnal Vokasi Keteknikan,2986-9226,true,,
Innovation in Engineering,3047-5473,true,,
Madani: Jurnal Pengabdian Masyarakat dan Kewirausahaan,2987-4939,true,,
Tashwir: Jurnal Penelitian Agama dan Budaya,2338-9702;3032-1166,true,,
Jurmas Azam Insan Cendikia,2964-0148,true,,
Manufaktur: Publikasi Sub Rumpun Ilmu Keteknikan Industri,3031-4992;3031-3996,true,,
FAGURU: Jurnal Ilmiah Mahasiswa Keguruan,2828-626X,true,,
Ekonomikalia Journal of Economics,2988-5787,true,,
MILANG Journal of Mathematics and Its Applications,2963-5233,true,,
Nidhomiya: Research Journal of Islamic Philanthropy and Disaster,2964-8165;2964-8157,true,,
Jurnal Bima: Pusat Publikasi Ilmu Pendidikan Bahasa dan Sastra,3021-7741;3021-7768,true,,
Jurnal Yudistira,3021-7814,true,,
AL - Mujaddid Jurnal Ilmu-ilmu Agama,2747-2906;2655-271X,true,,
WASATHON,2963-0827;2987-9701,true,,
GHMJ (Global Health Management Journal),2580-9296,true,,
Gaba-Gaba,2797-8494,true,,
Journal of World Trade Studies,2087-6912;2985-9085,true,,
Jurnal Mahasiswa Ilmu Kesehatan,2987-2898;2987-2901,true,,
"Jurnal Teknik Industri, Bisnis Digital, dan Teknik Logistik: Jurnal Trinistik",2829-4971,true,,
Lingua : Journal of Linguistics and Language,3032-3304,true,,
Novatio : Journal of Management Technology and Innovation,3030-8674,true,,
Politeia : Journal of Public Administration and Political Science and International Relations,3031-3929,true,,
Summa : Journal of Accounting and Tax,3031-4216,true,,
Journal of Health Literacy and Qualitative Research,2775-7005,true,,
Sinergi International Journal of Accounting and Taxation,2988-1587,true,,
Sinergi International Journal of Communication Sciences,2988-6260,true,,
Sinergi International Journal of Economics,2988-5604,true,,
Sinergi International Journal of Management and Business,2988-6252,true,,
ZIJEc: Zabags International Journal of Economy,2988-0319;2987-6036,true,,
Malacca Pharmaceutics,2988-1064,true,,
Elconika: Jurnal Teknik Elektro,2985-9506,true,,
Fonologi: Jurnal Ilmuan Bahasa dan Sastra Inggris,3025-5996;3025-6003,true,,
INTERNATIONAL JOURNAL OF ECONOMICS AND MANAGEMENT REVIEW,2964-3007,true,,
INJIES: Journal of Islamic Education Studies,3063-5489,true,,
Indonesian Journal of Islamic Educational Review,3047-0706,true,,
FINANCE : International Journal Of Management Finance,3026-6734;3026-6742,true,,
Gema Wiralodra,2622-1969,true,,
Financial and Accounting Indonesian Research,2828-4690,true,,
(JMSP) Jurnal Manajemen dan Supervisi Pendidikan,2580-3417;2541-4429,true,,
Jurnal Pendidikan Dasar dan Menengah: Edumedia,2986-6871,true,,
"Morfologi : Jurnal Ilmu Pendidikan, Bahasa, Sastra dan Budaya",3025-6011;3025-6038,true,,
"Semantik : Jurnal Riset Ilmu Pendidikan, Bahasa dan Budaya",3025-7484;3025-7476,true,,
Anggaran: Jurnal Publikasi Ekonomi dan Akuntansi,3031-3392;3031-3384,true,,
JERIT: Journal of Educational Research and Innovation Technology,3063-5462,true,,
International Journal of Patient Safety and Quality,3062-7117,true,,
DIDAKTIKA,2987-4343,true,,
Journal of Islamic Finance and Syariah Banking,3026-6017,true,,
Pragmatica,2988-7410;2988-7224,true,,
DISCOURSE : Indonesian Journal of Social Studies and Education,3032-6516,true,,
Jurnal Teladan: Jurnal Ilmu Pendidikan dan Pembelajaran,2527-3191;2622-9927,true,,
Harmonia : Journal of Music and Arts,3032-4076,true,,
"MAHADAYA Jurnal Bahasa, Sastra, dan Budaya",2797-2143,true,,
Saksama: Jurnal Sastra,2986-4550,true,,
Al-Mustafid: Journal of Quran and Hadith Studies,2986-0342,true,,
Journal of Social Studies and Education,3021-8993;3025-2253,true,,
International Journal of Language and Culture,3026-1880;3046-5117,true,,
Al-Jamahiria : Jurnal Komunikasi dan Dakwah Islam,3026-4405,true,,
Kediri Journal of Journalism and Digital Media,3025-9940;3025-8723,true,,
Journal of Natural Product for Degenerative Diseases,3031-6847,true,,
International Journal of Post-Axial: Futuristic Teaching and Learning,3025-7549,true,,
JOURNAL OF CHEMISTRY AND EDUCATION (JCAE),2613-9782,true,,
JUSTIFY : Jurnal Sistem Informasi Ibrahimy,2962-3871;2962-3642,true,,
International Journal of Pedagogy,2988-2605,true,,
JURNAL ESA,2745-8393;2746-0843,true,,
Tadabbur: Jurnal Peradaban Islam,2656-9930;2686-1690,true,,
Best Journal of Administration and Management,2964-657X,true,,
Jurnal Ilmiah Farmasi Indonesia (JIFIN),2988-4861;2988-0173,true,,
Estudiante Law Journal,2987-114X,true,,
Jurnal Ilmiah Manajemen Ekonomi Dan Akuntansi (JIMEA),3026-4383;3026-4375,true,,
Florona : Jurnal Ilmiah Kesehatan,2829-3983;2829-3835,true,,
Jurnal Media Administrasi Terapan,2747-1322;2987-5269,true,,
Science Education and Development Journal Archives,2988-5337,true,,
Enigma in Law,3026-6068,true,,
International Journal of Cell and Biomedical Science,2829-6621,true,,
Crown: Journal of Dentistry and Health Research,3026-1473,true,,
Observasi: Jurnal Publikasi Ilmu Psikologi,3031-0164;3031-0156,true,,
Research Journal on Teacher Professional Development,2988-0432,true,,
Journal Digital Technology Trend,2963-9190;2963-8143,true,,
LANCAH Jurnal Inovasi dan Tren,3025-8197;3025-8189,true,,
"Corona: Jurnal Ilmu Kesehatan Umum, Psikolog, Keperawatan dan Kebidanan",3031-0180;3031-0172,true,,
Protein: Jurnal Ilmu Keperawatan dan Kebidanan,3031-0121;3031-0113,true,,
Jurnal AL-AHKAM,2086-8243;2722-6549,true,,
Indonesian Journal of Islamization of Knowledge,3026-5401;3026-5398,true,,
Journal of Legal and Cultural Analytics (JLCA),2961-807X,true,,
Jurnal Kajian Pendidikan dan Psikologi,2988-7526,true,,
Sains dan Matematika,2302-7290;2548-1835,true,,
Journal of the Community Development in Asia,2685-8819;2654-7279,true,,
International Journal of Tourism and Hospitality in Asia Pasific,2685-8800;2654-7945,true,,
Southeast Asian Business Review,3025-5171,true,,
MENTARI : Journal Of Islamic Primary School,3021-8497,true,,
Tunas Cendekia : Jurnal Program Studi Pendidikan Anak Usia Dini,2622-0849;2654-6051,true,,
Jurnal Pendidikan Ekonomi Indonesia,2987-4904;2721-1401,true,,
Nursing Applied Journal,3026-5770;3026-5762,true,,
"Champions: Education Journal of Sport, Health, and Recreation",3031-2949,true,,
"Innovation, Technology, and Entrepreneurship Journal",3046-6830,true,,
Al-Iqro',3031-3732;3032-3436,true,,
Jurnal Pendidikan Teknik Elektro,2252-5149;2964-3279,true,,
Improvement: Jurnal Manajemen dan Bisnis,2807-8470;2807-5846,true,,
"International Journal of Accounting, Management, and Economics Research : Ijamer",2988-6392;2988-6406,true,,
Computer Journal,2964-6200;2964-6219,true,,
Jurnal Aktual Pendidikan Indonesia,2964-0350;2964-0334,true,,
IJEIRC,3032-1301,true,,
"Journal Of Resource Management, Economics And Business (REMICS)",2963-0266,true,,
Jurnal Manajemen dan Teknologi,3047-826X;3047-8251,true,,
Jurnal CENDEKIA Jaya,2656-0828,true,,
Zaitun :Jurnal Ilmu Kesehatan,2964-9005,true,,
ILUMINASI: Journal of Research in Education,2987-3274,true,,
"COUNT: Journal of Accounting, Business and Management",3026-6130,true,,
Jurnal Riset Ilmu Teknik,2987-7261;2987-7253,true,,
Journal of Nutrition and Health Care,3062-9071;3062-9055,true,,
Jurnal Ilmu Kesehatan & Kebidanan Nusantara,3047-9584,true,,
Vifada Management and Digital Business,3063-8690,true,,
Jurnal Cinta Nusantara,3025-4469,true,,
Constructivism: Journal of Research in Education,3046-5559;3046-5389,true,,
"PRODUCTIVITY: Journal of Integrated Business, Management, and Accounting Research",3063-9557;3063-8682,true,,
Beru'-beru': Jurnal Pengabdian kepada Masyarakat,2962-987X,true,,
