name,issns,active,withdrawn_date,withdrawal_reason
Geomatika,0854-2759;2502-2180,false,2021-12-31,accreditation expired
JEMIS (Journal of Engineering & Management in Industrial System),2338-3925;2477-6025,true,,
REiD (Research and Evaluation in Education),2460-6995,true,,
Jurnal Inovasi Teknologi Pendidikan,2407-0963;2460-7177,true,,
Jurnal Teknologi Pertanian,1411-5131;2528-2794,true,,
Jurnal Perbenihan Tanaman Hutan,2354-8568,false,2022-12-31,accreditation expired
International Journal of Nusantara Islam,2252-5904;2355-651X,true,,
JPPM (Jurnal Pendidikan dan Pemberdayaan Masyarakat),2355-1615;2477-2992,true,,
Wawasan: Jurnal Ilmiah Agama dan Sosial Budaya,2527-3213;2502-3489,true,,
Dinika Academic Journal of Islamic Studies,2503-4219;2503-4227,true,,
Jurnal Studi Agama dan Masyarakat,1829-8232;2540-8232,true,,
Jurnal Kesehatan Lingkungan Indonesia,1412-4939;2502-7085,true,,
Jurnal Pendidikan Indonesia,2303-288X;2541-7207,true,,
Ilmu Pertanian (Agricultural Science),0126-4214;2527-7162,true,,
Jurnal Dinamika Akuntansi dan Bisnis (JDAB),2355-9462;2528-1143,true,,
Premiere Educandum : Jurnal Pendidikan Dasar dan Pembelajaran,2088-5350;2528-5173,true,,
"Lensa : Kajian Kebahasaan, Kesusastraan, dan Budaya",2086-6100;2503-328X,true,,
Journal on English as a Foreign Language (JEFL),2088-1657;2502-6615,true,,
BACA: Jurnal Dokumentasi dan Informasi,0125-9008;2301-8593,true,,
De Jure: Jurnal Hukum dan Syar'iah,2085-1618;2528-1658,true,,
Al-Araf : Jurnal Pemikiran Islam dan Filsafat,1693-9867;2527-5119,true,,
JURNAL PENDIDIKAN KEPERAWATAN INDONESIA,2541-0024;2477-3743,true,,
Jurnal Wawasan Yuridika,2549-0753,false,2024-12-31,accreditation expired
Jurnal Sejarah Citra Lekha,2443-0110,true,,
JOURNAL OF ICSAR,2548-8619;2548-8600,true,,
Jurnal Agro,2407-7933,true,,
Jurnal Hukum dan Peradilan,2303-3274;2528-1100,true,,
ECSOFiM (Economic and Social of Fisheries and Marine Journal),2528-5939,true,,
Jurnal Kajian Hukum dan Sosial,1693-5926;2502-7646,true,,
Al-Banjari : Jurnal Ilmiah Ilmu-Ilmu Keislaman,1412-9507;2527-6778,true,,
Khazanah Informatika: Jurnal Ilmu Komputer dan Informatika,2477-698X,false,2025-12-31,accreditation expired
Riset Akuntansi dan Keuangan Indonesia,1411-6510;2541-6111,true,,
Jurnal Kebidanan dan Keperawatan 'Aisyiyah,1858-0610;2477-8184,true,,
Jurnal Pendidikan dan Pengajaran,2301-7821;2549-2608,true,,
Humaniora,2087-1236;2476-9061,true,,
COUNS-EDU: The International Journal of Counseling and Education,2548-348X;2548-3498,true,,
PURBAWIDYA: JURNAL PENELITIAN DAN PENGEMBANGAN ARKEOLOGI,2252-3758;2528-3618,true,,
Leksema: Jurnal Bahasa dan Sastra,2527-8088;2527-807X,true,,
Media Komunikasi Teknik Sipil,0854-1809;2549-6778,true,,
Lingua Didaktika: Jurnal Bahasa dan Pembelajaran Bahasa,1979-0459;2541-0075,true,,
Populasi,2476-941X,true,,
Psikologika : Jurnal Pemikiran dan Penelitian Psikologi,1410-1289;2579-6518,true,,
Kalam,0853-9510;2540-7759,true,,
"Journal of Educational, Health, Community Psychology",2088-3129;2460-8467,true,,
JEES (Journal of English Educators Society),2503-3492,true,,
Jurnal Berkala Epidemiologi,2541-092X,true,,
Politik Indonesia: Indonesian Political Science Review,2477-8060;2503-4456,false,2022-12-31,accreditation expired
Jurnal Teknologi & Industri Hasil Pertanian,1410-3044;2302-4399,true,,
Jurnal Nasional Pendidikan Teknik Informatika : JANAPATI,2089-8673;2548-4265,true,,
Jurnal Teknologi Perikanan dan Kelautan,2087-4871;2549-3841,true,,
Jurnal Standardisasi : Majalah Ilmiah Standardisasi (e-journal),1411-0822;2337-5833,false,2025-12-31,accreditation expired
Kontekstualita : Jurnal Penelitian Sosial Keagamaan,2548-1770,false,2021-12-31,accreditation expired
Journal of Information Systems Engineering and Business Intelligence,2598-6333;2443-2555,true,,
JURNAL TEORI DAN PRAKSIS PEMBELAJARAN IPS,2503-1201;2503-5347,true,,
Veritas et Justitia,2460-0555;2460-4488,true,,
Jurnal Ilmu Sosial,1411-8254;2548-4893,true,,
Jurnal Agroteknologi,1978-1555;2502-4906,true,,
KONSELOR,1412-9760;2541-5948,true,,
EMARA Indonesian Journal of Architecture,2460-7878;2477-5975,false,2025-12-31,accreditation expired
Jurnal Perikanan dan Kelautan,2089-3469;2540-9484,true,,
Jurnal Ilmu Sosial Mamangan,2301-8496;2503-1570,true,,
JRAMathEdu (Journal of Research and Advances in Mathematics Education),2503-3697;2541-2590,true,,
INDIGENOUS: JURNAL ILMIAH PSIKOLOGI,0854-2880;2541-450X,true,,
Profetika: Jurnal Studi Islam,1411-0881;2541-4534,true,,
Jurnal Cita Hukum,2356-1440;2502-230X,false,2023-12-31,accreditation expired
Jurnal Natural,1411-8513;2541-4062,true,,
Bahastra,0215-4994;2548-4583,true,,
Al-Athfal: Jurnal Pendidikan Anak,2477-4189;2477-4715,true,,
Jurnal SPORTIF : Jurnal Penelitian Pembelajaran,2548-7833;2477-3379,true,,
Al Ibtida: Jurnal Pendidikan Guru MI,2442-5133;2527-7227,true,,
JABE (Journal of Accounting and Business Education),2528-7281;2528-729X,true,,
The Journal of Experimental Life Science,2087-2852;2338-1655,true,,
Kalamatika : Jurnal Pendidikan Matematika,2527-5615;2527-5607,true,,
Jurisdictie : Jurnal Hukum dan Syariah,2086-7549,true,,
Jurnal Riset dan Aplikasi: Akuntansi dan Manajemen,2443-3381;2443-1419,true,,
"Journal The Winners : Economics, Business, Management, and Information System Journal",1412-1212;2541-2388,true,,
Jurnal Pendidikan Kimia (JPKim),2085-3653;2549-3116,true,,
Jurnal Pengabdian Kepada Masyarakat (Indonesian Journal of Community Engagement),2460-9447;2541-5883,true,,
Florea : Jurnal Biologi & Pembelajarannya,2355-6102;2502-0404,true,,
JPSCR : Journal of Pharmaceutical Science and Clinical Research,2503-331X,true,,
International Journal of Innovation in Mechanical Engineering and Advanced Materials,2477-5428;2477-541X,true,,
Economica: Jurnal Ekonomi Islam,2085-9325;2541-4666,true,,
Teknika,2549-8037;2549-8045,true,,
Jurnal Politik,2460-7347;2461-0615,true,,
JIA (Jurnal Ilmiah Akuntansi),2527-4090;2528-1399,true,,
JOSSAE (Journal of Sport Science and Education),2548-4699,true,,
POSITRON: Berkala Ilmiah Fisika,2301-4970;2549-936X,true,,
Jurnal Kajian Bimbingan dan Konseling,2548-4311;2503-3417,true,,
Jurnal Ilmiah Akuntansi dan Bisnis,2302-514X;2303-1018,true,,
Jurnal Ilmu-Ilmu Peternakan,0852-3681;2443-0765,true,,
International Business and Accounting Research Journal,2550-0368;2549-0303,false,2023-12-31,accreditation expired
CHEMICA Jurnal Teknik Kimia,2355-875X;2355-8776,true,,
"Jurnal Ekonomi, Bisnis dan Kewirausahaan (JEBIK)",2087-9954;2550-0066,true,,
Al-Tadzkiyyah: Jurnal Pendidikan Islam,2086-9118;2528-2476,true,,
MKGK (Majalah Kedokteran Gigi Klinik) (Clinical Dental Journal) UGM,2460-0059,true,,
Jurnal Pendidikan dan Pembelajaran (JPP),2302-996X;2580-2313,true,,
Nadwa : Jurnal Pendidikan Islam,1979-1739;2502-8057,true,,
Sawwa: Jurnal Studi Gender,1978-5623,false,2025-12-31,accreditation expired
At-Taqaddum,1979-4703;2527-9726,true,,
Islamic Communication Journal,2541-5182;2615-3580,true,,
MUQTASID Jurnal Ekonomi dan Perbankan Syariah,2087-7013;2527-8304,true,,
Jurnal Teknologi Laboratorium,2338-5634;2580-0191,true,,
Aksara,0854-3283;2580-0353,true,,
Unnes Journal of Public Health,2252-6781;2548-7604,false,2023-12-31,accreditation expired
Ekuilibrium : Jurnal Ilmiah Bidang Ilmu Ekonomi,1858-165X;2528-7672,true,,
Publisia: Jurnal Ilmu Administrasi Publik,2541-2515;2541-2035,true,,
CogITo Smart Journal,2541-2221;2477-8079,true,,
Jurnal Lanskap Indonesia,1907-3933;2087-9059,true,,
Jurnal Elemen Program Studi Pendidikan Matematika STKIP Hamzanwadi Selong,2442-4226,true,,
Kosmik Hukum,1411-9781;2655-9242,true,,
MEDISAINS,1693-7309;2621-2366,true,,
AlphaMath: Journal of Mathematics Education,2477-409X;2549-9084,true,,
PRofesi Humas,2541-3678,true,,
Jurnal Analisis Bisnis Ekonomi,1693-5950;2579-647X,true,,
Al Hurriyah : Jurnal Hukum Islam,2549-3809;2549-4198,true,,
Jurnal Keperawatan Respati Yogyakarta,2088-8872;2541-2728,true,,
Jurnal Teknik Elektro,1411-0059;2549-1571,true,,
JURNAL TARBIYATUNA,2086-0889;2579-4981,true,,
Jurnal Pendidikan ilmu Sosial,1412-3835;2541-4569,true,,
Edu Komputika Journal,2252-6811;2599-297X,true,,
Varia Justicia,1907-3216;2579-5198,false,2023-12-31,accreditation expired
Phenomenon: jurnal pendidikan MIPA,2088-7868;2502-5708,true,,
Vision: Journal for Language and Foreign Language Learning,2745-9667;2541-4399,true,,
MUDARRISA: Jurnal Kajian Pendidikan Islam,2085-2061;2541-3457,true,,
FITRAH: Jurnal Kajian Ilmu -ilmu Keislaman,2442-6997;2460-2345,true,,
Jurnal Respirologi Indonesia,0853-7704;2620-3162,true,,
Masyarakat: Jurnal Sosiologi,0852-8489;2460-8165,true,,
Panggung,0854-3429;2502-3640,true,,
"Bahasa dan Seni: Jurnal Bahasa, Sastra, Seni, dan Pengajarannya",0854-8277;2550-0635,true,,
Al-Qalam,0854-1221;2540-895X,true,,
Antropologi Indonesia,1693-6086,false,2022-12-31,accreditation expired
Jurnal Akuntansi dan Keuangan Indonesia,1829-8494;2406-9701,true,,
Jurnal Teknologi dan Industri Pangan,1979-7788;2087-751X,true,,
Tawarikh : Journal of Historical Studies,2085-0980,false,,accreditation expired
"Journal of Economics, Business, & Accountancy Ventura",2087-3735;2088-785X,false,2025-12-31,accreditation expired
INTERNATIONAL RESEARCH JOURNAL OF BUSINESS STUDIES,2089-6271;2338-4565,true,,
Jurnal Dinamika Hukum,1410-0797;2407-6562,true,,
Mudra : Jurnal Seni Budaya,2541-0407,false,2025-12-31,accreditation expired
Al-Ulum,1412-0534;2442-8213,true,,
Majalah Kedokteran Bandung,0126-074X;2338-6223,false,2025-12-31,accreditation expired
Journal of Tropical Soils,0852-257X;2086-6682,true,,
Mimbar Hukum,0852-100X;2443-0994,true,,
Tsaqafah,1411-0334;2460-0008,true,,
Jurnal Studi Pemerintahan,1907-8374;2337-8220,true,,
Majalah Obstetri & Ginekologi,0854-0381;2598-1013,true,,
Komunitas: International Journal of Indonesian Society and Culture,2460-7312;2460-7320,true,,
Al-Iqtishad : Jurnal Ilmu Ekonomi Syariah (Journal of Islamic Economics),2087-135X;2407-8654,true,,
Akademika : Jurnal Pemikiran Islam,1693-069X;2356-2420,true,,
Adabiyyat: Jurnal Bahasa dan Sastra,2549-1482;2549-2047,true,,
Jurnal Ilmu Kefarmasian Indonesia,1693-1831;2614-6495,true,,
"Celt: A Journal of Culture, English Language Teaching & Literature",1412-3320;2502-4914,true,,
Resital: Jurnal Seni Pertunjukan (Journal of Performing Arts),2338-6770,true,,
Jurnal Keuangan dan Perbankan,1410-8089;2443-2687,false,2023-12-31,accreditation expired
Jurnal Kawistara : Jurnal Ilmiah Sosial dan Humaniora,2088-5415;2355-5777,true,,
IBDA': Jurnal Kajian Islam dan Budaya,1693-6736;2477-5517,true,,
Linguistik Indonesia,0215-4846;2580-2429,true,,
Walisongo: Jurnal Penelitian Sosial Keagamaan,0852-7172;2461-064X,true,,
Floribunda,2460-6944,false,2024-12-31,accreditation expired
ASEAN Marketing Journal,2085-5044;2356-2242,false,2022-12-31,accreditation expired
Jurnal Iktiologi Indonesia,1693-0339;2579-8634,false,2023-12-31,accreditation expired
Al-'Adalah,0854-1272;2614-171X,true,,
BISNIS & BIROKRASI: Jurnal Ilmu Administrasi dan Organisasi,0854-3844;2355-7826,true,,
Al-Tahrir: Jurnal Pemikiran Islam,1412-7512;2502-2210,true,,
The South East Asian Journal of Management,1978-1989;2355-6641,true,,
Jurnal Akuntansi Multiparadigma,2086-7603;2089-5879,true,,
Jurnal Farmasi Klinik Indonesia,2337-5701,false,2024-12-31,accreditation expired
Jurnal Farmasi Indonesia,1412-1107;2355-696X,true,,
JAI (Jurnal Anestesiologi Indonesia),2337-5124;2089-970X,true,,
KEMAS: Jurnal Kesehatan Masyarakat,1858-1196;2355-3596,true,,
Indonesian Journal of Obstetrics and Gynecology (Majalah Obstetri dan Ginekologi Indonesia),2338-7335,false,2023-12-31,accreditation expired
Jurnal Ilmu dan Teknologi Kayu Tropis,1693-3834;2656-0178,false,2022-12-31,accreditation expired
Jurnal Ilmu dan Teknologi Kelautan Tropis,2087-9423;2620-309X,true,,
Jurnal Manajemen dan Agribisnis,1693-5853;2407-2524,true,,
Jurnal Gizi dan Pangan,1978-1059;2407-0920,true,,
Jurnal Fitopatologi Indonesia,0215-7950;2339-2479,true,,
Indonesian Journal of Biomedicine and Clinical Sciences,0126-1312;2356-3931,false,2024-12-31,accreditation expired
ANIMA Indonesian Psychological Journal,0215-0158;2620-5963,true,,
Neurona,2502-3748,false,2018-12-31,accreditation expired
Jurnal Ekonomi Pembangunan : Kajian Masalah Ekonomi dan Pembangunan,1411-6081;2460-9331,true,,
Jurnal Neuroanestesi Indonesia,2088-9674;2460-2302,true,,
Afkaruna: Indonesian Interdiscplinary Journal of Islamic Studies,2599-0551;2599-0586,true,,
Jurnal Ekonomi dan Pembangunan Indonesia,1411-5212;2406-9280,true,,
Jurnal Manajemen,1410-3583;2549-8797,true,,
MIX: JURNAL ILMIAH MANAJEMEN,2088-1231;2460-5328,true,,
Jurnal Akuntansi,1410-3591;2549-8800,true,,
Majalah Obat Tradisional,1410-5918;2406-9086,true,,
Jurnal Anestesi Perioperatif,2337-7909;2338-8463,true,,
Jurnal Pendidikan Kedokteran Indonesia: The Indonesian Journal of Medical Education,2252-5084;2654-5810,true,,
Jurnal Pendidikan Islam,2301-9166;2356-3877,true,,
Jurnal Sain Veteriner,0126-0421;2407-3733,true,,
Jurnal Keteknikan Pertanian,2407-0475;2338-8439,true,,
DIMENSI: Journal of Architecture and Built Environment,0126-219X;2338-7858,true,,
Mutawatir : Jurnal Keilmuan Tafsir Hadith,2088-7523;2502-6321,true,,
Jurnal Theologia,2540-847X,true,,
JEJAK: Jurnal Ekonomi dan Kebijakan,1979-715X;2460-5123,true,,
APMBA (Asia Pacific Management and Business Application),2252-8997;2615-2010,true,,
Jurnal Bisnis dan Manajemen,2442-4617,false,2024-12-31,accreditation expired
Global Medical and Health Communication,2301-9123;2460-5441,true,,
Jurnal Ilmu Pendidikan,0215-9643;2442-8655,true,,
Jurnal Nasional Teknik Elektro dan Teknologi Informasi,2301-4156;2460-5719,true,,
Jurnal Psikologi: Indonesian Journal of Psychology,0215-8884;2460-867X,true,,
Jurnal Hubungan Internasional,1829-5088;2503-3883,true,,
Sodality: Jurnal Sosiologi Pedesaan,2302-7517;2302-7525,true,,
Jurnal Pendidikan Usia Dini,1693-1602;2503-0566,true,,
Signifikan : Jurnal Ilmu Ekonomi,2087-2046;2476-9223,true,,
JAM : Jurnal Aplikasi Manajemen,1693-5241;2302-6332,true,,
Omni-Akuatika,1858-3873;2476-9347,true,,
Jurnal Ekonomi Kuantitatif Terapan,2303-0186,false,2025-12-31,accreditation expired
"Matrik: Jurnal Manajemen, Strategi Bisnis dan Kewirausahaan",1978-2853;2302-8890,true,,
ACTA VETERINARIA INDONESIANA,2337-3207;2337-4373,true,,
Jurnal Akuakultur Indonesia,1412-5269;2354-6700,true,,
Jurnal Veteriner,1411-8327;2477-5665,true,,
El-HARAKAH : Jurnal Budaya Islam,1858-4357;2356-1734,true,,
LITERA,1412-2596;2460-8139,true,,
Global Strategis,1907-9729;2442-9600,true,,
Jurnal Akuntansi dan Auditing Indonesia,1410-2420;2528-6528,true,,
Episteme: Jurnal Pengembangan Ilmu Keislaman,1907-7491;2502-3705,true,,
Jurnal Ilmu Kehutanan,0126-4451;2477-3751,true,,
Jurnal Siasat Bisnis,0853-7666;2528-7001,true,,
Jurnal Kardiologi Indonesia,2620-4762,false,2018-12-31,accreditation expired
Asy-Syirah: Jurnal Ilmu Syariah dan Hukum,0854-8722;2443-0757,true,,
JTP - Jurnal Teknologi Pendidikan,1411-2744;2620-3081,true,,
Humanitas: Indonesian Psychological Journal,1693-7236;2598-6368,true,,
Jurnal Pengajaran MIPA,1412-0917;2443-3616,false,2022-12-31,accreditation expired
Palastren: Jurnal Studi Gender,1979-6056;2477-5215,true,,
Religio : Jurnal Studi Agama-agama,2088-6330;2503-3778,true,,
Jurnal Ilmu Komunikasi,2407-8220,false,2025-12-31,accreditation expired
Jurnal ILMU KOMUNIKASI,1829-6564;2548-8643,true,,
JDM (Jurnal Dinamika Manajemen),2086-0668;2337-5434,true,,
Jurnal Penyuluhan,1858-2664;2442-4110,true,,
Edukasia: Jurnal Penelitian Pendidikan Islam,1907-7254;2502-3039,true,,
Indonesian Journal of Clinical Pathology and Medical Laboratory (IJCPML),0854-4263;2477-4685,true,,
JURNAL MANAJEMEN DAN PELAYANAN FARMASI (Journal of Management and Pharmacy Practice),2088-8139;2443-2946,true,,
Iqtishadia,1979-0724;2502-3993,true,,
Aceh International Journal of Science and Technology,2088-9860;2503-2348,false,2023-12-31,accreditation expired
Jurnal Kebijakan dan Administrasi Publik,0852-9213;2477-4693,true,,
Jurnal Rekayasa Elektrika,1412-4785;2252-620X,true,,
Majalah Kedokteran Gigi Indonesia,2460-0164;2442-2576,true,,
Makara Human Behaviour Studies in Asia,2355-794X;2406-9183,false,2024-12-31,accreditation expired
Makara Journal of Health Research,2356-3664;2356-3656,true,,
"Masyarakat, Kebudayaan dan Politik",2086-7050;2528-6013,true,,
jurnal ilmu komputer dan informasi,2088-7051;2502-9274,true,,
Reaktor,0852-0798;2407-5973,true,,
ALCHEMY Jurnal Penelitian Kimia,1412-4092;2443-4183,true,,
Dinamika Ilmu,1411-3031;2442-9651,true,,
Jurnal Manajemen Teknologi,1412-1700;2089-7928,true,,
Indonesian Journal of Tropical and Infectious Disease,2085-1103;2356-0991,true,,
Makara Journal of Technology,2355-2786;2356-4539,true,,
Jurnal Wilayah dan Lingkungan,2338-1604;2407-8751,true,,
Arena Hukum,0126-0235;2527-4406,true,,
Pharmaciana: Jurnal Kefarmasian,2088-4559;2477-0256,true,,
Berkala Penelitian Hayati Journal of Biological Researches,0852-6834;2337-389X,true,,
Jurnal Gizi Klinik Indonesia,1693-900X;2502-4140,true,,
Jurnal Penelitian Pos dan Informatika,2476-9266,false,2021-12-31,accreditation expired
Humaniora,0852-0801;2302-9269,false,2025-12-31,accreditation expired
Jurnal Teknik Industri: Jurnal Keilmuan dan Aplikasi Teknik Industri,1411-2485;2087-7439,true,,
Animal Production : Indonesian Journal of Animal Production,1411-2027;2541-5875,true,,
The Journal of Pure and Applied Chemistry Research,2541-0733,false,2021-12-31,accreditation expired
Jurnal Riset Pendidikan Matematika,2356-2684;2477-1503,true,,
Agritech,0216-0455;2527-3825,true,,
Jurnal Ketahanan Nasional,0853-9340;2527-9688,true,,
Jurnal Teknik Sipil,0853-2982;2549-2659,false,2025-12-31,accreditation expired
Jurnal Teknologi Industri Pertanian,0216-3160;2252-3901,true,,
"The Indonesian Journal of Gastroenterology, Hepatology and Digestive Endoscopy",1411-4801;2302-8181,true,,
EKUITAS : Jurnal Ekonomi dan Keuangan,2548-298X;2548-5024,true,,
Jurnal Perlindungan Tanaman Indonesia,1410-1637;2548-4788,true,,
Islamica: Jurnal Studi Keislaman,1978-3183;2356-2218,true,,
Masalah-Masalah Hukum,2086-2695;2527-4716,true,,
JURNAL REKAYASA KIMIA & LINGKUNGAN,1412-5064;2356-1661,false,2025-12-31,accreditation expired
Karsa: Journal of Social and Islamic Culture,2442-3289;2442-4285,true,,
Jurnal Hukum IUS QUIA IUSTUM,0854-8498;2527-502X,true,,
Binus Business Review,2087-1228;2476-9053,true,,
Padjadjaran Journal of Dentistry,1979-0201;2549-6212,true,,
Buletin Penelitian Kesehatan,0125-9695;2338-3453,true,,
Pharmaceutical Sciences and Research,2407-2354;2477-0612,true,,
Jurnal Hukum & Pembangunan,0125-9687;2503-1465,true,,
AGRIEKONOMIKA,2301-9948;2407-6260,true,,
VALENSI,2460-6065;2548-3013,true,,
Jurnal Bioteknologi & Biosains Indonesia,2442-2606;2548-611X,false,2025-12-31,accreditation expired
Majalah Geografi Indonesia,0215-1790;2540-945X,true,,
Arabiyat : Jurnal Pendidikan Bahasa Arab dan Kebahasaaraban,2356-153X;2442-9473,true,,
Al-Ta'lim Journal,1410-7546;2355-7893,true,,
EDUSAINS,1979-7281;2443-1281,true,,
Dinamika Pendidikan,1907-3720;2502-5074,true,,
TARBIYA : Journal Education in Muslim Society,2356-1416;2442-9848,false,2022-12-31,accreditation expired
Jurnal Pendidikan Teknologi dan Kejuruan,0854-4735;2477-2410,true,,
Jurnal Psikologi,2302-1098,true,,
Jurnal Berkala Ilmu Perpustakaan dan Informasi,1693-7740;2477-0361,true,,
Jurnal Kajian Komunikasi,2303-2006;2477-5606,true,,
Lingua Cultura,1978-8118;2460-710X,true,,
Kapata Arkeologi,1858-4101;2503-0876,false,2022-12-31,accreditation expired
Journal of Visual Art and Design,2337-5795;2338-5480,false,2025-12-31,accreditation expired
Journal of Urban Society's Art,2355-2131;2355-214X,true,,
Jurnal Entomologi Indonesia,1829-7722;2089-0257,true,,
Planta Tropika,0216-499X;2528-7079,true,,
Jurnal Ilmu Pertanian Indonesia,0853-4217;2443-3462,true,,
Jurnal Ilmu Lingkungan,1829-8907,true,,
Jurnal Aplikasi Teknologi Pangan,2089-7693;2460-5921,false,2022-12-31,accreditation expired
EMITTER International Journal of Engineering Technology,2355-391X;2443-1168,false,2025-12-31,accreditation expired
JSINBIS (Jurnal Sistem Informasi Bisnis),2088-3587;2502-2377,false,2025-12-31,accreditation expired
IJCCS (Indonesian Journal of Computing and Cybernetics Systems),1978-1520;2460-7258,true,,
Lontar Komputer: Jurnal Ilmiah Teknologi Informasi,2088-1541;2541-5832,false,2025-12-31,accreditation expired
Teknosains,2089-6131;2443-1311,true,,
Jurnal Teknologi Informasi dan Ilmu Komputer,2355-7699;2528-6579,true,,
Unnes Science Education Journal,2252-6617;2502-6232,true,,
Dentino : Jurnal Kedokteran Gigi,2337-5310;2527-4937,true,,
Economics Development Analysis Journal,2252-6560;2502-2725,true,,
E-Journal of Tourism,2541-0857;2407-392X,true,,
Indonesian Language Education and Literature,2502-2261,true,,
International Journal Artificial Intelligence Research,2579-7298,true,,
Journal of Nonformal Education,2442-532X;2528-4541,true,,
JUITA : Jurnal Informatika,2086-9398;2579-8901,true,,
Jurnal Antropologi: Isu-Isu Sosial Budaya,1410-8356;2355-5963,true,,
Jurnal Ilmu Sosial dan Humaniora,2303-2898;2549-6662,true,,
Jurnal Komunikasi Ikatan Sarjana Komunikasi Indonesia,2548-8740;2503-0795,true,,
JURNAL MAGISTER HUKUM UDAYANA,2502-3101;2302-528X,false,2025-12-31,accreditation expired
Jurnal Sains & Teknologi Modifikasi Cuaca,1411-4887;2549-1121,false,2025-12-31,accreditation expired
Jurnal Teknologi dan Sistem Komputer,2338-0403,false,2024-12-31,accreditation expired
"Kinetik : Game Technology, Information System, Computer Network, Computing, Electronics, and Control",2503-2259;2503-2267,true,,
Mimbar Sekolah Dasar,2355-5343;2502-4795,false,2025-12-31,accreditation expired
Psikis : Jurnal Psikologi Islami,2502-728X;2549-6468,true,,
Ranah: Jurnal Kajian Bahasa,2338-8528;2579-8111,true,,
RELIGIA,1411-1632;2527-5992,true,,
Scientific Journal of Informatics,2460-0040,false,2024-12-31,accreditation expired
The Indonesian Journal of Planning and Development,2087-9733;2442-983X,true,,
Trikonomika: Jurnal Ekonomi,1411-514X;2355-7737,true,,
Warta Perkaretan,0852-8985,false,,accreditation expired
Agro Ekonomi,0215-8787;2541-1616,true,,
Arabi : Journal of Arabic Studies,2548-6616;2548-6624,true,,
Aspirator: Jurnal Penelitian Penyakit Tular Vektor (Journal of Vector Borne Diseases Studies),2338-7343,false,2024-12-31,accreditation expired
BAWAL Widya Riset Perikanan Tangkap,1907-8229;2502-6410,true,,
Cendekia: Jurnal Kependidikan Dan Kemasyarakatan,1693-1505;2477-796X,true,,
Journal of Educational Science and Technology,2477-3840,false,2023-12-31,accreditation expired
"JGEET (Journal of Geoscience, Engineering, Environment, and Technology)",2541-5794,true,,
Jurnal Didaktik Matematika,2355-4185;2548-8546,true,,
Jurnal Ekonomi dan Studi Pembangunan,2086-1575;2502-7115,true,,
Jurnal Ilmiah Hubungan Internasional,2614-2562;2406-8748,true,,
Jurnal Manajemen Teori dan Terapan,1979-3650;2548-2149,true,,
Psikopedagogia,2301-6167;2528-7206,true,,
Rekayasa Mesin,2338-1663;2477-6041,true,,
Jurnal Riset Teknologi Pencegahan Pencemaran Industri,2087-0965;2503-5010,true,,
"Khizanah al-Hikmah : Jurnal Ilmu Perpustakaan, Informasi, dan Kearsipan",2354-9629;2549-1334,true,,
Jurnal Jaffray,1829-9474;2407-4047,true,,
Jurnal Inovasi Pendidikan IPA,2406-9205;2477-4820,true,,
Jurnal Hutan Tropis,2337-7771;2337-7992,true,,
Jurnal Kimia Riset,2528-0414;2528-0422,true,,
Jurnal Konseling dan Pendidikan,2337-6740;2337-6880,true,,
Poetika : Jurnal Ilmu Sastra,2333-5383;2503-4642,true,,
JTK (Jurnal Tadris Kimiya),2527-6816;2527-9637,true,,
Jurnal Teknik Kimia dan Lingkungan,2579-8537;2579-9746,true,,
Share: Jurnal Ekonomi dan Keuangan Islam,2089-6239;2549-0648,true,,
Curricula : Journal of Teaching and Learning,2502-0714,true,,
"Fikri : Jurnal Kajian Agama, Sosial dan Budaya",2527-4430;2548-7620,true,,
AKRUAL: JURNAL AKUNTANSI,2085-9643;2502-6380,true,,
"EduLite: Journal of English Education, Literature and Culture",2477-5304;2528-4479,true,,
Fiat Justisia: Jurnal Ilmu Hukum,1978-5186;2477-6238,true,,
IJHN: Indonesian Journal of Human Nutrition,2442-6636;2355-3987,true,,
Indonesian Journal of Sustainability Accounting and Management,2597-6214;2597-6222,false,2023-12-31,accreditation expired
Journal of English Language Studies,2527-7022;2541-5131,true,,
Jurnal Jurisprudence,1829-5045;2549-5615,true,,
Pythagoras : Jurnal Pendidikan Matematika,1978-4538;2527-421X,true,,
"Jurnal Pendidikan Geografi: Kajian, Teori, dan Praktik dalam Bidang Pendidikan dan Ilmu Geografi",0853-9251;2527-628X,true,,
Jurnal Penelitian Agama Hindu,2579-9843,true,,
Nurani: Jurnal Kajian Syariah dan Masyarakat,1693-8437;2460-9102,true,,
Analisa: Journal of Social Science and Religion,2502-5465;2621-7120,true,,
Didaktika Biologi: Jurnal Penelitian Pendidikan Biologi,2549-5267;2579-7352,true,,
EduChemia: Jurnal Kimia dan Pendidikan,2502-4778;2502-4787,true,,
eJournal Kedokteran Indonesia,2338-1426;2338-6037,true,,
English Review: Journal of English Education,2301-7554;2541-3643,true,,
Fikrah: Jurnal Ilmu Aqidah dan Studi Keagamaan,2354-6174;2476-9649,true,,
Harmoni Sosial: Jurnal Pendidikan IPS,2356-1807;2460-7916,true,,
International Journal of Computing Science and Applied Mathematics-IJCSAM,2477-5401,true,,
ILKOM Jurnal Ilmiah,2087-1716;2548-7779,true,,
Indonesia Journal of Biomedical Science,3202-2906;2085-4773,false,2019-12-31,accreditation expired
Islam Realitas: Journal of Islamic & Social Studies,2477-1309;2477-1201,true,,
JDVI (Journal of General-Procedural Dermatology & Venereology Indonesia),2460-7991,true,,
JSFK (Jurnal Sains Farmasi & Klinis),2407-7062;2442-5435,true,,
International Journal Ihya Ulum al-Din,1411-3708;2580-5983,true,,
Jurnal Ekonomi dan Bisnis,2528-0147,false,2024-12-31,accreditation expired
Jurnal Agripet,1411-4623;2460-4534,true,,
"ComTech: Computer, Mathematics and Engineering Applications",2087-1244;2476-907X,true,,
International Journal of Integrated Health Sciences,2302-1381;2338-4506,true,,
Teosofia: Indonesian Journal of Islamic Mysticism,2302-8017;2540-8186,true,,
"Depik Jurnal Ilmu-Ilmu Perairan, Pesisir dan Perikanan",2089-7790;2502-6194,true,,
Jurnal The Messenger,2086-1559;2527-2810,true,,
Sekolah Dasar:Kajian Teori dan Praktik Pendidikan,0854-8285;2581-1983,true,,
Sosiohumaniora,1411-0911;2443-2660,true,,
At-Ta'dib,0216-9142;2503-3514,true,,
JPPPF (Jurnal Penelitian dan Pengembangan Pendidikan Fisika),2461-0933;2461-1433,true,,
Jurnal Pendidikan Ekonomi & Bisnis,2302-2663,true,,
AKSIOMA: Jurnal Program Studi Pendidikan Matematika,2089-8703;2442-5419,true,,
YUDISIA : Jurnal Pemikiran Hukum dan Hukum Islam,1907-7262;2477-5339,true,,
Vidyottama Sanatana: International Journal of Hindu Science and Religious Studies,2550-0643;2550-0651,true,,
Vektora : Jurnal Vektor dan Reservoir Penyakit,2085-868X;2354-8789,false,2024-12-31,accreditation expired
Scientiae Educatia: Jurnal Pendidikan Sains,2303-1530;2527-7596,true,,
SCHOULID: INDONESIAN JOURNAL OF SCHOOL COUNSELING,2548-3234;2548-3226,true,,
Psympathic : Jurnal Ilmiah Psikologi,2356-3591;2502-2903,true,,
Jurnal Profetik,1979-2522;2549-0168,true,,
Profesi Pendidikan Dasar,2406-8012;2503-3530,true,,
Medical Laboratory Technology Journal,2461-0879,true,,
"Media Riset Akuntansi, Auditing & Informasi",1411-8831;2442-9708,true,,
Madania : Jurnal Kajian Keislaman,1410-8143;2502-1826,false,2022-12-31,accreditation expired
LiNGUA: Jurnal Ilmu Bahasa dan Sastra,1693-4725;2442-3823,true,,
Limits: Journal of Mathematics and Its Applications,1829-605X;2579-8936,true,,
Khazanah: Jurnal Studi Islam dan Humaniora,0215-837X;2460-7606,true,,
JWP (Jurnal Wacana Politik),2502-9185;2549-2969,true,,
Jurnal Teknologi Mineral dan Batubara,1979-6560;2527-8789,false,2025-12-31,accreditation expired
Tarbiyah: Jurnal Ilmiah Kependidikan,2088-6691;2548-8376,true,,
Jurnal Selulosa,2527-6662,false,2021-12-31,accreditation expired
Jurnal Psikologi Teori dan Terapan,2087-1708;2597-9035,true,,
Jurnal Prima Edukasia,2338-4743;2460-9927,true,,
"Jurnal Pertahanan : Media Informasi tentang Kajian dan Strategi Pertahanan yang Mengedepankan Identity, Nasionalism dan Integrity",2087-9415;2549-9459,true,,
Jurnal Penelitian Fisika dan Aplikasinya (JPFA),2087-9946;2477-1775,true,,
Jurnal Ners dan Kebidanan Indonesia (Indonesian Journal of Nursing and Midwifery),2354-7642;2503-1856,true,,
AcTion: Aceh Nutrition Journal,2527-3310;2548-5741,true,,
JURNAL KAJIAN AKUNTANSI,2579-9975;2579-9991,true,,
Jurnal Ilmiah Platax,2302-3589,true,,
Jurnal Gizi Indonesia (The Indonesian Journal of Nutrition),1858-4942;2338-3119,true,,
Jurnal Farmasi Sains dan Komunitas (Journal of Pharmaceutical Sciences and Community),1693-5683;2527-7146,true,,
Jurnal Ekonomi Pendidikan dan Kewirausahaan,2303-324X;2579-387X,true,,
Jurnal Ekonomi Modernisasi,0216-373X;2502-4078,true,,
Jurnal ASET (Akuntansi Riset),2086-2563;2541-0342,true,,
Jurnal Akuntabilitas Manajemen Pendidikan,2337-7895;2461-0550,true,,
Jurnal Aisyah : Jurnal Ilmu Kesehatan,2502-4825;2502-9495,false,2024-12-31,accreditation expired
JPBI (JURNAL PENDIDIKAN BIOLOGI INDONESIA),2442-3750;2527-6204,true,,
Journal Sport Area,2527-760X;2528-584X,true,,
JHE (Journal of Health Education),2527-4252;2528-2905,true,,
Journal of Food and Pharmaceutical Sciences,2089-7200;2339-0948,true,,
CAUCHY: Jurnal Matematika Murni dan Aplikasi,2086-0382;2477-3344,true,,
Humanus: Jurnal Ilmiah Ilmu-ilmu Humaniora,1410-8062;2528-3936,false,2024-12-31,accreditation expired
IJIET (International Journal of Indonesian Education and Teaching),2548-8422,true,,
CosmoGov: Jurnal Ilmu Pemerintahan,2442-5958;2540-8674,true,,
Agrointek: Jurnal Teknologi Industri Pertanian,1907-8056;2527-5410,true,,
FIKROTUNA: Jurnal Pendidikan dan Manajemen Islam,2442-2401;2477-5622,true,,
Jurnal Kesehatan Manarang,2443-3861;2528-5602,true,,
Spektrum Industri,1693-6590;2442-2630,true,,
Jurnal Iqra' : Kajian Ilmu Pendidikan,2548-7892,true,,
Indonesian Journal of Cancer,1978-3744;2355-6811,true,,
AL QUDS : Jurnal Studi Alquran dan Hadis,2580-3174;2580-3190,true,,
Jurnal Pendidikan Progresif,2087-9849;2550-1313,true,,
Jurnal Riset Industri Hasil Hutan,2086-1400;2503-0779,false,2023-12-31,accreditation expired
MNJ (Malang Neurology Journal),2407-6724;2442-5001,true,,
Buletin Penelitian Sistem Kesehatan,2354-8738,false,2022-12-31,accreditation expired
"Kreano, Jurnal Matematika Kreatif-Inovatif",2086-2334;2442-4218,true,,
Jurnal Presipitasi : Media Komunikasi dan Pengembangan Teknik Lingkungan,1907-817X;2550-0023,false,2025-12-31,accreditation expired
Jurnal Tata Kelola dan Akuntabilitas Keuangan Negara,2460-3937;2549-452X,true,,
Heritage of Nusantara: International Journal of Religious Literature and Heritage,2303-243X;2442-9031,true,,
SCIENTIFIC DENTAL JOURNAL,2580-6548;2541-321X,false,2023-12-31,accreditation expired
International Journal of Pedagogy and Teacher Education,2597-7792;2549-8525,true,,
Jurnal Biodjati,2548-1606;2541-4208,true,,
Jurnal Filsafat,0853-1870;2528-6811,true,,
POTENSIA: Jurnal Kependidikan Islam,2442-5605,true,,
Accounting Analysis Journal,2252-6765;2502-6216,true,,
Jurnal Penelitian Hukum De Jure,1410-5632;2579-8561,true,,
Eksplorium : Buletin Pusat Pengembangan Bahan Galian Nuklir,0854-1418;2503-426X,true,,
Ganendra: Majalah IPTEK Nuklir,1410-6957;2503-5029,false,2025-12-31,accreditation expired
Jurnal Pengembangan Energi Nuklir,1410-9816;2502-9479,false,2025-12-31,accreditation expired
Jurnal Sains dan Teknologi Nuklir Indonesia,2503-1287,false,2024-12-31,accreditation expired
Jurnal Sains Materi Indonesia,1411-1098;2614-087X,true,,
Jurnal Teknologi Reaktor Nuklir Tri Dasa Mega,1411-240X;2527-9963,false,2025-12-31,accreditation expired
Urania Jurnal Ilmiah Daur Bahan Bakar Nuklir,0852-4777;2528-0473,true,,
Majalah Ilmiah Globe,2502-2172,false,2023-12-31,accreditation expired
JURNAL METEOROLOGI DAN GEOFISIKA,1411-3082;2527-5372,false,2024-12-31,accreditation expired
EDUKASI: Jurnal Penelitian Pendidikan Agama dan Keagamaan,1693-6418;2580-247X,true,,
Jurnal Lektur Keagamaan,1693-7139;2620-522X,false,2025-12-31,accreditation expired
Penamas,0215-7829;2502-7891,true,,
Jurnal Bina Praja,2085-4323;2503-3360,true,,
Buletin Sumber Daya Geologi,2580-1023,false,2025-12-31,accreditation expired
Bulletin of the Marine Geology,1410-6175;2527-8843,true,,
Indonesian Mining Journal,2527-8797,false,2024-12-31,accreditation expired
JLBG: Jurnal Lingkungan dan Bencana Geologi,2086-7794;2502-8804,false,2025-12-31,accreditation expired
Ketenagalistrikan dan Energi Terbarukan,1978-2365;2528-1917,false,,accreditation expired
Jurnal Rechts Vinding : Media Pembinaan Hukum Nasional,2089-9009;2580-2364,true,,
Indonesian Fisheries Research Journal,0853-8980;2502-6569,false,2024-12-31,accreditation expired
Jurnal Kebijakan Perikanan Indonesia,1979-6366;2502-6550,true,,
Jurnal Pascapanen dan Bioteknologi Kelautan dan Perikanan,1907-9133;2406-9264,false,2025-12-31,accreditation expired
Jurnal Penelitian Perikanan Indonesia,0853-5884;2502-6542,true,,
Jurnal Riset Akuakultur,1907-6754;2502-6534,true,,
Jurnal Sosial Ekonomi Kelautan dan Perikanan,2088-8449;2527-4805,true,,
Jurnal Kebijakan Sosial Ekonomi Kelautan dan Perikanan,2089-6980;2527-3280,true,,
Gizi Indonesia,0436-0265;2528-5874,true,,
HSJI (Health Science Journal of Indonesia),2087-7021;2338-3437,false,2025-12-31,accreditation expired
Jurnal Kefarmasian Indonesia,2085-675X;2354-8770,false,2025-12-31,accreditation expired
Media Gizi Mikro Indonesia,2354-8746,false,2023-12-31,accreditation expired
Media Penelitian dan Pengembangan Kesehatan,0853-9987;2338-3445,true,,
Penelitian Gizi dan Makanan,0125-9717;2338-8358,false,2024-12-31,accreditation expired
BALABA (JURNAL LITBANG PENGENDALIAN PENYAKIT BERSUMBER BINATANG BANJARNEGARA),1858-0882;2338-9982,false,2025-12-31,accreditation expired
Jurnal Biotek Medisiana Indonesia,2301-5810;2354-8800,false,,accreditation expired
Kajian Ekonomi dan Keuangan,1410-3249;2540-9999,false,2025-12-31,accreditation expired
Jurnal IPTEK-KOM (Jurnal Ilmu Pengetahuan dan Teknologi Komunikasi),2527-4902,false,2024-12-31,accreditation expired
Jurnal Penelitian Komunikasi,1410-8291;2460-0172,false,2021-12-31,accreditation expired
JURNAL ANALISIS KEBIJAKAN KEHUTANAN,0216-0897;2502-6267,true,,
Jurnal Pemuliaan Tanaman Hutan,1693-7147;2527-8665,false,2025-12-31,accreditation expired
Jurnal Penelitian Hutan Tanaman,1829-6327;2442-8930,false,2025-12-31,accreditation expired
Jurnal Penelitian Sosial dan Ekonomi Kehutanan,1979-6013;2502-4221,false,2024-12-31,accreditation expired
Jurnal Sosial Ekonomi Pekerjaan Umum,2085-384X;2579-3578,false,2021-12-31,accreditation expired
Forum Arkeologi,0854-3232;2527-6832,false,2025-12-31,accreditation expired
Jnana Budaya,1410-5195,false,,accreditation expired
Jurnal Pendidikan dan Kebudayaan,2460-8300;2528-4339,true,,
Kalpataru,0126-3099;2550-0449,false,2023-12-31,accreditation expired
Kandai,1907-204X;2527-5968,false,2025-12-31,accreditation expired
Patanjala : Jurnal Penelitian Sejarah dan Budaya,2085-9937;2598-1242,false,2024-12-31,accreditation expired
Sawerigading,0854-4220;2527-8762,true,,
Naditira Widya,2548-4125,false,2023-12-31,accreditation expired
Jurnal Penelitian Transportasi Darat,1410-8593;2579-8731,true,,
Jurnal Transportasi Multimoda,1693-1742;2579-8529,true,,
Arena Tekstil,2548-7264,false,2024-12-31,accreditation expired
Jurnal Dinamika Penelitian Industri,2088-8996;2477-4456,false,,accreditation expired
Jurnal Riset Industri,1978-5852,false,,accreditation expired
Jurnal Riset Teknologi Industri,2541-5905,false,2024-12-31,accreditation expired
"Majalah Kulit, Karet, dan Plastik",2460-4461,false,2018-12-31,accreditation expired
Buletin Palma,2528-7141,false,2024-12-31,accreditation expired
Buletin Plasma Nutfah,1410-4377;2549-1393,false,2024-12-31,accreditation expired
Jurnal Tanaman Industri dan Penyegar,2356-1297;2528-7222,true,,
"Buletin Tanaman Tembakau, Serat dan Minyak Industri",2085-6717;2406-8853,false,2023-12-31,accreditation expired
Forum Penelitian Agro Ekonomi,0216-4361;2580-2674,false,2025-12-31,accreditation expired
Informatika Pertanian,0852-1743;2540-9875,false,2025-12-31,accreditation expired
Jurnal Agrobiogen,1907-1094;2549-1547,false,2024-12-31,accreditation expired
Jurnal Agro Ekonomi,0216-9053;2541-1527,false,2024-12-31,accreditation expired
Jurnal Hortikultura,0853-7097;2502-5120,false,2024-12-31,accreditation expired
Jurnal Penelitian dan Pengembangan Pertanian,2541-0822,false,2024-12-31,accreditation expired
Jurnal Penelitian Pascapanen Pertanian,2541-4054,false,2024-12-31,accreditation expired
Jurnal Penelitian Pertanian Tanaman Pangan,2541-5166;2541-5174,false,2024-12-31,accreditation expired
Jurnal Penelitian Tanaman Industri,2528-6870,false,2024-12-31,accreditation expired
Jurnal Pengkajian dan Pengembangan Teknologi Pertanian,1410-959X;2528-0791,false,2024-12-31,accreditation expired
Jurnal Sumberdaya Lahan,1907-0799;2722-7731,false,2025-12-31,accreditation expired
Jurnal Tanah dan Iklim,1410-7244;2722-7723,false,2025-12-31,accreditation expired
Buletin Kebun Raya (The Botanic Garden Bulletin),2460-1519,false,2023-12-31,accreditation expired
Buletin Penelitian Tanaman Rempah dan Obat,0215-0824;2527-4414,false,2025-12-31,accreditation expired
International Journal of Remote Sensing and Earth Sciences (IJReSES),0216-6739;2549-516X,true,,
Jurnal Industri Hasil Perkebunan,1979-0023;2477-0051,true,,
Jurnal Litbang Industri,2252-3367;2502-5007,false,2024-12-31,accreditation expired
Jurnal PIKOM (Penelitian Komunikasi dan Pembangunan),2549-0176,false,2023-12-31,accreditation expired
Jurnal Yudisial,1978-6506,false,2022-12-31,accreditation expired
Riset Geologi dan Pertambangan,0125-9849;2354-6638,true,,
Sosio Informa,2086-3004;2502-7913,false,2022-12-31,accreditation expired
Treubia,0082-6340;2337-876X,false,2025-12-31,accreditation expired
Jurnal Reviu Akuntansi dan Keuangan,2088-0685;2615-2223,true,,
Jurnal Sains Dirgantara,1412-808X;2597-7873,false,2021-12-31,accreditation expired
Jurnal Akuntansi dan Bisnis,1412-0852;2580-5444,true,,
Jurnal SMaRT (Studi Masyarakat Religi dan Tradisi),2460-6294;2528-553X,true,,
TEKNIK INFORMATIKA,1979-9160;2549-7901,true,,
Jurnal Teknik Pertanian Lampung,2302-559X;2549-0818,true,,
Jurnal Tumbuhan Obat Indonesia,1979-892X;2354-8797,true,,
Jurnal Ushuluddin,1412-0909;2407-8247,true,,
Komunika: Jurnal Dakwah dan Komunikasi,1978-1261;2548-9496,true,,
LIMNOTEK - Perairan Darat Tropis di Indonesia,0854-8390;2549-8029,true,,
Lisanudhad,2356-1998;2527-6360,true,,
Marine Research in Indonesia,0216-2873;2443-2008,false,2025-12-31,accreditation expired
Masyarakat Indonesia,0125-9989;2502-5694,false,2025-12-31,accreditation expired
Media Gizi Indonesia,1693-7228;2540-8410,true,,
Media Konservasi,0215-1677;2502-6313,false,2025-12-31,accreditation expired
Menara Perkebunan,0125-9318;1858-3768,true,,
MILLATI: Journal of Islamic Studies and Humanities,2541-3627;2540-9964,true,,
Mosharafa: Jurnal Pendidikan Matematika,2086-4280;2527-8827,true,,
Muslim Heritage,2502-535X;2502-5341,true,,
Nidhomul Haq : Jurnal Manajemen Pendidikan Islam,2503-1481,true,,
Adbispreneur : Jurnal Pemikiran dan Penelitian Administrasi Bisnis dan Kewirausahaan,2503-2755;2549-9912,false,2023-12-31,accreditation expired
"Al Qodiri : Jurnal Pendidikan, Sosial dan Keagamaan",2252-4371;2598-8735,true,,
OLDI (Oseanologi dan Limnologi di Indonesia),0125-9830;2477-328X,false,2025-12-31,accreditation expired
Pandecta : Jurnal Penelitian Ilmu Hukum (Research Law Journal),1907-8919;2337-5418,false,2023-12-31,accreditation expired
Patrawidya: Seri Penerbitan Penelitian Sejarah dan Budaya,1411-5239;2598-4209,false,2022-12-31,accreditation expired
Pelita Perkebunan,0215-0212;2406-9574,false,,accreditation expired
Tadris: Jurnal Keguruan dan Ilmu Tarbiyah,2301-7562;2579-7964,true,,
Teknologi Indonesia,0126-1533;2303-1913,false,,accreditation expired
Telematika,1979-925X;2442-4528,true,,
Wartazoa : Buletin Ilmu Peternakan dan Kesehatan Hewan Indonesia,0216-6461;2354-6832,false,2024-12-31,accreditation expired
STI Policy and Management Journal,1907-9753;2502-5996,false,2025-12-31,accreditation expired
Widyaparwa (Jurnal Ilmiah Kebahasaan dan Kesastraan),0215-9171;2528-1089,false,2023-12-31,accreditation expired
Jurnal Teknik Pengairan,2086-1761;2477-6068,true,,
Media Mesin: Majalah Teknik Mesin,1411-4348;2541-4577,true,,
NurseLine Journal,2540-7937;2541-464X,true,,
RUAS (Review of Urbanism and Architectural Studies),1693-3702;2477-6033,true,,
Suhuf,2527-2934,true,,
ANNALES BOGORIENSES,0517-8452;2407-7518,false,2025-12-31,accreditation expired
Berita Biologi,0125-1754;2337-8751,true,,
Jurnal Irigasi,1907-5545;2615-4277,false,2021-12-31,accreditation expired
Jurnal Penelitian Hutan dan Konservasi Alam,2540-9689,false,2024-12-31,accreditation expired
Jurnal Penelitian Kelapa Sawit,0853-196X;2614-8889,false,2025-12-31,accreditation expired
INOVASI: Jurnal Politik dan Kebijakan,1829-8079;2614-8935,true,,
Jantra,1907-9605,false,2018-12-31,accreditation expired
Jurnal Penginderaan Jauh dan Pengolahan Data Citra Digital,1412-8098;2549-726X,false,2021-12-31,accreditation expired
Jurnal Aplikasi Statistika & Komputasi Statistik,2086-4132;2615-1367,true,,
Jurnal Bimas Islam,1978-9009;2657-1188,false,2025-12-31,accreditation expired
Jurnal Keramik dan Gelas Indonesia,0854-5405,false,2018-12-31,accreditation expired
Jurnal Penelitian Komunikasi dan Opini Publik,2527-4554,false,2023-12-31,accreditation expired
Jurnal Teknologi Bahan dan Barang Teknik,2089-4767;2715-9116,false,2025-12-31,accreditation expired
Kwangsan: Jurnal Teknologi Pendidikan,2338-9184;2622-4283,false,2023-12-31,accreditation expired
Majalah Polimer Indonesia,1410-7864,false,,accreditation expired
Pangan,0852-0607;2527-6239,true,,
Perspektif : Review Penelitian Tanaman Industri,1412-8004;2540-8240,false,2024-12-31,accreditation expired
Jurnal Ekonomi dan Pembangunan,0854-526X;2503-0272,false,2025-12-31,accreditation expired
JPPI (Jurnal Penelitian Pendidikan Indonesia),2477-8524;2502-8103,true,,
Jurnal Pendidikan Fisika,2302-8939;2527-4015,true,,
"Biology, Medicine, & Natural Product Chemistry",2089-6514;2540-9328,true,,
Journal of Epidemiology and Public Health,2549-0273,true,,
Jurnal AGRISEP: Kajian Masalah Sosial Ekonomi Pertanian dan Agribisnis,2579-9959;1412-8837,true,,
Warta Penelitian Perhubungan,0852-1824;2580-1082,true,,
Jurnal Penyakit Dalam Indonesia,2406-8969;2549-0621,true,,
Jurnal Pengembangan Kota,2337-7062;2503-0361,true,,
Journal of Islamic Economics Lariba,2477-4839;2528-3758,true,,
Journal of Innovation in Business and Economics,2580-9431;2581-2025,true,,
JITeCS (Journal of Information Technology and Computer Science),2540-9433;2540-9824,true,,
Jurnal Pendidikan Jasmani dan Olahraga,2085-6180;2580-071X,true,,
Jurnal Pendidikan Fisika Indonesia,1693-1246;2355-3812,true,,
Journal of Health Promotion and Behavior,2549-1172,true,,
Jurnal Pendidikan Fisika dan Keilmuan (JPFK),2442-8868;2442-904X,false,2024-12-31,accreditation expired
Journal Of Consumer Sciences,2460-8963,true,,
JPBM (Jurnal Pendidikan Bisnis dan Manajemen),2461-0828;2527-905X,false,2024-12-31,accreditation expired
Berita Kedokteran Masyarakat,2614-8412;0215-1936,false,2025-12-31,accreditation expired
Indonesian Journal of Pharmaceutical Science and Technology (IJPST),2356-1971;2406-856X,true,,
Jurnal Economia,1858-2648;2460-1152,true,,
Jurnal Komunikasi Indonesia,2615-2894,true,,
Jurnal Penelitian dan Pembelajaran IPA,2477-1422;2477-2038,true,,
JIPF (JURNAL ILMU PENDIDIKAN FISIKA),2477-5959;2477-8451,true,,
"JETL (Journal Of Education, Teaching and Learning)",2477-5924;2477-8478,true,,
JEELS (Journal of English Education and Linguistics Studies),2407-2575;2503-2194,true,,
Iqtishoduna: Jurnal Ekonomi Islam,2252-5661;2443-0056,true,,
International Journal of Public Health Science (IJPHS),2252-8806;2620-4126,true,,
International Journal of Marine Engineering Innovation and Research,2541-5972;2548-1479,true,,
Insaniyat: Journal of Islam and Humanities,2614-6010;2541-500X,true,,
Indonesian EFL Journal,2252-7427;2541-3635,true,,
IJEE (Indonesian Journal of English Education),2356-1777;2443-0390,true,,
Global: Jurnal Politik Internasional,1411-5492;2579-8251,true,,
Gema Teologika: Jurnal Teologi Kontekstual dan Filsafat Keilahian,2502-7743;2502-7751,true,,
"Englisia : Journal of Language, Education, and Humanities",2339-2576;2527-6484,true,,
Komunikator,1979-6765;2549-9246,true,,
Kultivasi,1412-4718;2581-138X,true,,
Jurnal Manajemen dan Pemasaran Jasa,0216-3780;2442-9732,true,,
Jurnal Manajemen Kesehatan Yayasan RS.Dr. Soetomo,2477-0140;2581-219X,true,,
"ELINVO (Electronics, Informatics, and Vocational Education)",2580-6424;2477-2399,true,,
Edumatica: Jurnal Pendidikan Matematika,2088-2157;2580-0779,true,,
Edukasi: Jurnal Pendidikan dan Pengajaran,2355-3669;2503-2518,true,,
Edukasi Islami : Jurnal Pendidikan Islam,2252-8970;2581-1754,true,,
Buletin Al-Turas,0853-1692;2579-5848,true,,
Biosfer: Jurnal Pendidikan Biologi,0853-2451;2614-3984,true,,
Biogenesis: Jurnal Ilmiah Biologi,2580-2909,false,2023-12-31,accreditation expired
Beyond Words,2460-6308;2338-6339,true,,
Belajea : Jurnal Pendidikan Islam,2548-3404,true,,
Al-Ta'dib: Jurnal Kajian Ilmu Kependidikan,1979-4908;2598-3873,true,,
ALSINATUNA,2477-5371;2503-2690,true,,
Jurnal Minds: Manajemen Ide dan Inspirasi,2597-6990;2442-4951,true,,
Jurnal Natapraja : Kajian Ilmu Administrasi Negara,2406-9515;2528-441X,true,,
Jurnal Ners dan Kebidanan (Journal of Ners and Midwifery),2355-052X;2548-3811,true,,
Jurnal Adabiyah,1412-6141;2548-7744,true,,
Jurnal Administrasi Publik : Public Administration Journal,2088-527X;2548-7787,true,,
Jurnal Pembaharuan Hukum,2355-0481;2580-3085,true,,
Jurnal Legislasi Indonesia,0216-1338;2579-5562,true,,
JURNAL PEMBANGUNAN WILAYAH DAN KOTA,1858-3903;2597-9272,true,,
JURNAL KIMIA SAINS DAN APLIKASI,1410-8917;2597-9914,true,,
Jurnal Al Bayan: Jurnal Jurusan Pendidikan Bahasa Arab,2086-9282;2549-1229,true,,
"KEMBARA: Jurnal Keilmuan Bahasa, Sastra, dan Pengajarannya",2442-7632;2442-9287,true,,
AL-ULUM: JURNAL SAINS DAN TEKNOLOGI,2477-4731,true,,
Care: Jurnal Ilmiah Ilmu Kesehatan,2089-4503;2527-8487,true,,
Jurnal Kelautan Tropis,1410-8852;2528-3111,true,,
Jurnal Ilmu dan Teknologi Peternakan Tropis,2406-7489;2406-9337,false,2023-12-31,accreditation expired
JURNAL ILMU ADMINISTRASI : MEDIA PENGEMBANGAN ILMU DAN PRAKTIK ADMINISTRASI,1829-8974;2614-2597,true,,
Jurnal Dinamika Akuntansi,2085-4277;2502-6224,true,,
Jurnal Ilmiah Pendidikan Pancasila dan Kewarganegaraan,2528-0767;2527-8495,true,,
Jurnal Ilmiah Manuntung,2443-115X;2477-1821,true,,
Jurnal EDUCATIO: Jurnal Pendidikan Indonesia,2476-9886;2477-0302,true,,
Ilmu Administrasi Publik,2086-6364;2549-7499,true,,
Jurnal Ilmiah Aplikasi Isotop dan Radiasi (A Scientific Journal for the Applications of Isotopes and Radiation),2527-6433,false,2023-12-31,accreditation expired
ELKHA : Jurnal Teknik Elektro,1858-1463;2580-6807,true,,
Jurnal Borneo Administrator: Media Pengembangan Paradigma dan Inovasi Sistem Administrasi Negara,1858-0300;2407-6767,true,,
Metalurgi,0216-3188;2443-3926,true,,
Jurnal Organisasi dan Manajemen,2085-9686;2442-9155,true,,
Jurnal Jamu Indonesia,2407-7178;2407-7763,true,,
Jurnal Ekonomi & Bisnis JAGADITHA,2355-4150;2579-8162,true,,
Al-Sihah : The Public Health Science Journal,2086-2040;2548-5334,true,,
An Nabighoh,1907-1182;2581-2815,true,,
COMPTON: Jurnal Ilmiah Pendidikan Fisika,2356-0673;2579-5252,true,,
GeoEco,2460-0768;2597-6044,true,,
JPPS (Jurnal Penelitian Pendidikan Sains),2089-1776;2549-1597,true,,
Journal of Language and Literature,1410-5691;2580-5878,true,,
The Asian Journal of Technology Management (AJTM),1978-6956;2089-791X,true,,
MPI (Media Pharmaceutica Indonesiana),2527-6208;2527-9017,true,,
Evangelikal: Jurnal Teologi Injili dan Pembinaan Warga Jemaat,2548-7868;2548-7558,true,,
JKPK (Jurnal Kimia dan Pendidikan Kimia),2503-4146;2503-4154,true,,
Jurnal Rekayasa Proses,1978-287X;2549-1490,true,,
Langkawi: Journal of The Association for Arabic and English,2460-2280;2549-9017,true,,
Paradigma: Jurnal Kajian Budaya,2087-6017;2503-0868,false,2025-12-31,accreditation expired
Jurnal Kesehatan Gigi,2407-0866;2621-3664,true,,
Media Kesehatan Politeknik Kesehatan Makassar,1907-8153;2549-0567,true,,
Diponegoro Law Review,2527-4031,true,,
Jurnal Biota,2528-262X;2460-7746,true,,
JKBM (JURNAL KONSEP BISNIS DAN MANAJEMEN),2407-2648;2407-263X,true,,
Buletin Palawija,1693-1882;2615-8108,false,2025-12-31,accreditation expired
Indonesian Journal of English Language Teaching and Applied Linguistics,2527-6492;2527-8746,true,,
Ilmu Dakwah: Academic Journal for Homiletic Studies,1693-0843;2548-8708,true,,
Jurnal Ilmiah Kebijakan Hukum,1978-2292;2579-7425,true,,
Jurnal Teknik Industri,1978-1431;2527-4112,false,2025-12-31,accreditation expired
KAPAL: Jurnal Ilmu Pengetahuan dan Teknologi Kelautan,1829-8370;2301-9069,true,,
Al-Muzara'ah,2331-6333;2615-7659,true,,
IJBE (Integrated Journal of Business and Economics),2549-5933;2549-3280,true,,
Interaksi : Jurnal Ilmu Komunikasi,2301-6051;2548-4907,true,,
Jurnal Akuntansi dan Auditing,1412-6699;2549-7650,true,,
POLITIKA: Jurnal Ilmu Politik,2086-7344;2502-776X,true,,
DUNAMIS: Jurnal Teologi dan Pendidikan Kristiani,2541-3937;2541-3945,true,,
Eko-Regional: Jurnal Pembangunan Ekonomi Wilayah,2620-8849,true,,
Elkawnie,2460-8912;2460-8920,true,,
JTSL (Jurnal Tanah dan Sumberdaya Lahan),2549-9793,true,,
Persona: Jurnal Psikologi Indonesia,2301-5985;2615-5168,true,,
Diroyah : Jurnal Studi Ilmu Hadis,2540-9050;2540-9069,true,,
DIKTUM: Jurnal Syariah dan Hukum,1693-1777;2548-8414,true,,
Buloma (Buletin Oseanografi Marina),2089-3507;2550-0015,true,,
Bina Hukum Lingkungan,2541-2353;2541-531X,true,,
al-Uqud : Journal of Islamic Economics,2549-0850;2548-3544,true,,
IJEMS (Indonesian Journal of Environmental Management and Sustainability),2598-6260;2598-6279,true,,
INTENSIF : Jurnal Penelitian dan Penerapan Teknologi Sistem Informasi,2580-409X;2549-6824,true,,
Jurnal HAM,1693-8704;2579-8553,true,,
Parole: Journal of Linguistics and Education,2087-345X;2338-0683,true,,
Ta'dibuna: Jurnal Pendidikan Islam,2252-5793;2622-7215,true,,
Jurnal Polimesin,1693-5462;2549-1199,true,,
"Matrik : Jurnal Manajemen, Teknik Informatika, dan Rekayasa Komputer",1858-4144;2476-9843,true,,
Region : Jurnal Pembangunan Wilayah dan Perencanaan Partisipatif,1858-4837;2598-019X,true,,
Saintika Medika: Jurnal Ilmu Kesehatan dan Kedokteran Keluarga.,0216-759X,true,,
SPEKTRA: Jurnal Kajian Pendidikan Sains,2442-9910;2548-642X,true,,
ASEAN Journal of Community Engagement,2580-9563;2581-0030,true,,
Indonesian Journal of Combinatorics,2541-2205,true,,
"Indonesian Treasury Review: Jurnal Perbendaharaan, Keuangan Negara, dan Kebijakan Publik",2527-2721;2622-4399,true,,
Jurnal Ekonomi & Studi Pembangunan,1411-9900;2541-5506,true,,
Jurnal Psikologi Sosial,0853-3997;2615-8558,true,,
Jurnal RESTI (Rekayasa Sistem dan Teknologi Informasi),2580-0760,true,,
Jurnal Studi Komunikasi,2549-7294;2549-7626,true,,
Saintek Perikanan : Indonesian Journal of Fisheries Science and Technology,1858-4748;2549-0885,true,,
Tadib,1410-8208;2580-2771,true,,
Walennae: Jurnal Arkeologi Sulawesi Selatan dan Tenggara,1411-0571;2580-121X,false,2025-12-31,accreditation expired
Al-Amwal: Jurnal Ekonomi dan Perbankan Syariah,2303-1573;2527-3876,true,,
ARABIYATUNA : Jurnal Bahasa Arab,2580-5045;2580-5053,true,,
Buletin Ilmiah Marina : Sosial Ekonomi Kelautan dan Perikanan,2502-0803;2541-2930,true,,
Harmoni,1412-663X;2502-8472,true,,
Jurnal Ilmu Fisika,1979-4657;2614-7386,true,,
JMMR (Jurnal Medicoeticolegal dan Manajemen Rumah Sakit),2088-2831;2541-6715,true,,
Journal of Applied Agricultural Science and Technology,2621-4709;2621-2528,true,,
Jurnal Agrotek Tropika,2337-4993;2620-3138,true,,
Jurnal Ekonomi dan Keuangan Islam,2088-9968;2614-6908,true,,
Jurnal Kedokteran Gigi Universitas Padjadjaran,0854-6002;2549-6514,true,,
JURNAL PETERNAKAN,1829-8729;2355-9470,true,,
JURNAL PROMOSI KESEHATAN INDONESIA,1907-2937;2620-4053,true,,
Jurnal Sistem dan Manajemen Industri,2580-2887;2580-2895,true,,
Lentera Hukum,2355-4673;2621-3710,true,,
MediaTor: Jurnal Komunikasi,1411-5883;2581-0758,true,,
Mutiara Medika: Jurnal Kedokteran dan Kesehatan,1411-8033;2614-0101,true,,
OKARA: Jurnal Bahasa dan Sastra,1907-624X;2442-624X,false,2025-12-31,accreditation expired
BIOSEL (Biology Science and Education) : Jurnal Penelitian Science dan Pendidikan,2252-858X;2541-1225,true,,
DiH: Jurnal Ilmu Hukum,0216-6534;2654-525X,true,,
EKSAKTA Berkala Ilmiah Bidang MIPA,1411-3724;2549-7464,true,,
Global Review of Islamic Economics and Business,2338-2619;2338-7920,true,,
HIKMATUNA: Journal for Integrative Islamic Studies,2460-531X;2503-3042,true,,
Idaarah: Jurnal Manajemen Pendidikan,2597-4661;2621-9476,true,,
INJECT Interdisciplinary Journal of Communication,2548-5857;2548-7124,true,,
Journal of Governance,2528-276X;2598-6465,true,,
"Jurnal Ecotipe (Electronic, Control, Telecommunication, Information, and Power Engineering)",2355-5068;2622-4852,true,,
"Jurnal ELTIKOM : Jurnal Teknik Elektro, Teknologi Informasi dan Komputer",2598-3245;2598-3288,true,,
Jurnal Geocelebes,2579-5821;2579-5546,true,,
Jurnal Ilmiah Sekolah Dasar,2579-3276;2549-6174,true,,
Jurnal Ilmiah Pendidikan dan Pembelajaran,1858-4543;2615-6091,true,,
JURNAL MANAJEMEN INDUSTRI DAN LOGISTIK,1411-142X;2598-5795,true,,
Jurnal Pharmascience,2355-5386;2460-9560,true,,
Society,2338-6932;2597-4874,true,,
Terampil : Jurnal Pendidikan dan Pembelajaran Dasar,2355-1925;2580-8915,true,,
VELES Voices of English Language Education Society,2579-7484,true,,
Diwan : Jurnal Bahasa dan Sastra Arab,2503-0647;2598-6171,true,,
International Journal of Social Science and Business,2614-6533;2549-6409,true,,
J-PAI: Jurnal Pendidikan Agama Islam,2355-8237;2503-300X,true,,
Jurnal Pendidikan Kimia Indonesia,2087-9040;2613-9537,false,2025-12-31,accreditation expired
Matematika dan Pembelajaran,2303-0992;2621-3176,true,,
Jurnal Agribisnis Indonesia (Journal of Indonesian Agribusiness),2354-5690;2579-3594,true,,
Journal of Contemporary Islam and Muslim Societies,2528-6110;2528-7435,true,,
Jurnal Bina Mulia Hukum,2528-7273;2540-9034,true,,
JSW (Jurnal Sosiologi Walisongo),2503-3166;2503-3182,true,,
Jurnal Geosaintek,2460-9072;2502-3659,true,,
Jurnal Riset Akuntansi Kontemporer,2088-5091;2597-6826,true,,
LISANIA: Journal of Arabic Education and Literature,2614-4425;2580-1716,true,,
Teknotan: Jurnal Industri Teknologi Pertanian,2528-6285,true,,
Biosfer: Jurnal Tadris Biologi,2086-5945;2580-4960,true,,
EDUVELOP (Journal of English Education and Development),2597-713X;2597-7148,true,,
IJHS (International Journal of Humanity Studies),2597-470X;2597-4718,true,,
JTAM (Jurnal Teori dan Aplikasi Matematika),2597-7512;2614-1175,true,,
Jurnal Riset Akuntansi Terpadu,1979-682X;2528-7443,true,,
Jurnal Riset Bisnis dan Manajemen,1979-0600;2580-9539,true,,
Pedagogy : Journal of English Language Teaching,2338-882X;2580-1473,true,,
The Journal of Society and Media,2721-0383;2580-1341,true,,
Tribakti: jurnal pemikiran keIslaman,1411-9919;2502-3047,true,,
Joutica : Journal of Informatic Unisla,2503-071X;2621-511X,true,,
Jurnal Penelitian dan Pengembangan Pendidikan,1979-7109;2615-4498,true,,
Jurnal Hukum Islam,1829-7382;2502-7719,false,2024-12-31,accreditation expired
Indonesian Journal of EFL and Linguistics,2527-5070;2503-4197,true,,
Jurnal Penelitian Pengelolaan Daerah Aliran Sungai (Journal of Watershed Management Research),2579-6097;2579-5511,true,,
Eralingua : Jurnal Pendidikan Bahasa Asing dan Sastra,2579-4574;2549-7359,true,,
International Journal of Elementary Education,2579-7158;2549-6050,true,,
Jurnal Fisioterapi dan Rehabilitasi,2548-8716;2599-2791,true,,
JMIE (Journal of Madrasah Ibtidaiyah Education),2580-2739,true,,
Policy & Governance Review,2580-3395;2580-4820,true,,
Journal of Aquaculture and Fish Health,2301-7309;2528-0864,true,,
Jurnal Kajian Informasi & Perpustakaan,2303-2677;2540-9239,true,,
Agromet,0126-3633;2655-660X,true,,
The Indonesian Accounting Review,2086-3802;2302-822X,false,2025-12-31,accreditation expired
al-Kimiya: Jurnal Ilmu kimia dan Terapan,2407-1897;2407-1927,true,,
Cakrawala: Jurnal Pendidikan,1858-4497;2549-9300,true,,
Communicatus: Jurnal Ilmu komunikasi,2549-8452,true,,
El Dinar: Jurnal Keuangan dan Perbankan Syariah,2339-2797;2622-0083,true,,
Ijaz Arabi : Journal of Arabic Learning,2620-5912;2620-5947,false,2024-12-31,accreditation expired
International Journal of Research in Counseling and Education,2620-5750;2620-5769,false,2025-12-31,accreditation expired
IPTEK The Journal for Technology and Science,0853-4098;2088-2033,false,2024-12-31,accreditation expired
The Indonesian Journal of Accounting Research,2086-6887;2655-1748,true,,
Iqtishoduna,1829-524X;2614-3437,true,,
JEMA: Jurnal Ilmiah Bidang Akuntansi dan Manajemen,1693-7864;2597-4017,true,,
JIPI (JURNAL IPA DAN PEMBELAJARAN IPA),2614-0500;2620-553X,true,,
Jurnal Bisnis dan Akuntansi,1410-9875;2656-9124,true,,
Jurnal Pendidikan Sains Indonesia (Indonesian Journal of Science Education),2338-4379;2615-840X,true,,
Jurnal REP (Riset Ekonomi Pembangunan),2541-433X;2508-0205,true,,
AL-TANZIM : JURNAL MANAJEMEN PENDIDIKAN ISLAM,2549-3663;2549-5720,true,,
Jurnal Kesehatan Kusuma Husada,2087-5002;2549-371X,true,,
DWIJA CENDEKIA: Jurnal Riset Pedagogik,2581-1843;2581-1835,true,,
AGROMIX,2085-241X;2599-3003,true,,
JCER (Journal of Chemistry Education Research),2549-1644,true,,
Al-MAIYYAH : Media Transformasi Gender dalam Paradigma Sosial Keagamaan,1979-245X;2548-9887,true,,
Jurnal Ilmu Kepolisian,2620-5025;2621-8410,true,,
Biodidaktika: Jurnal Biologi dan Pembelajarannya,1907-087X;2527-4562,true,,
AL-HAYAT: Journal of Islamic Education,2657-1781;2599-3046,true,,
APTISI Transactions on Management (ATM),2622-6812;2622-6804,true,,
Chempublish Journal,2503-4588,true,,
Journal of Applied Studies in Language,2598-4101;2615-4706,true,,
JRTI (Jurnal Riset Tindakan Indonesia),2502-079X;2503-1619,true,,
Insight: Jurnal Ilmiah Psikologi,1693-2552;2548-1800,true,,
PAEDAGOGIA,0126-4109;2549-6670,true,,
Tadbir : Jurnal Studi Manajemen Pendidikan,2580-3581;2580-5037,true,,
Journal Of Nursing Practice,2614-3488;2614-3496,true,,
Amwaluna: Jurnal Ekonomi dan Keuangan Syariah,2450-8399;2540-8402,true,,
IRJE (Indonesian Research Journal in Education),2580-5711,true,,
IJNP (Indonesian Journal of Nursing Practices),2548-4249;2548-592X,true,,
EL MUHASABA: Jurnal Akuntansi (e-Journal),2086-1249;2442-8922,true,,
JBTI : Jurnal Bisnis : Teori dan Implementasi,2085-7721;2622-0733,true,,
Jurnal Penelitian dan Pengkajian Ilmu Pendidikan: e-Saintika,2615-6881,true,,
Momentum: Physics Education Journal,2548-9127;2548-9135,true,,
ProTVF,2548-687X;2549-0087,true,,
Jurnal Pendidikan Matematika,2086-8235;2597-3592,true,,
Poltekita: Jurnal Ilmu Kesehatan,1907-459X;2527-7170,true,,
Journal of Moral and Civic Education,2580-412X;2549-8851,true,,
Perspektif Komunikasi : Jurnal Ilmu Komunikasi Politik dan Komunikasi Bisnis,2549-0613;2615-7179,true,,
Journal of Mechanical Engineering Science and Technology (JMEST),2580-0817;2580-2402,true,,
MEDIAKITA,2579-3721;2615-3327,true,,
Math Educa Journal,2580-6726;2598-2133,true,,
Jurnal Manajemen Komunikasi,2548-3242;2549-0079,true,,
Jurnal Pendidikan MIPA,1411-2531;2685-5488,true,,
Anida (Aktualisasi Nuansa Ilmu Dakwah),1410-5705;2550-1097,true,,
TAJDID: Jurnal Ilmu Ushuluddin,2502-3063;2541-5018,true,,
Jurnal Kesehatan,2085-9078;2657-1366,true,,
Gelar : Jurnal Seni Budaya,1410-9700;2655-9153,true,,
JURNAL INFO KESEHATAN,0216-504X;2620-536X,true,,
Jurnal Pendidikan Jasmani Indonesia,0216-1699;2581-2300,true,,
Infestasi,0216-9517;2460-8505,true,,
Jurnal Tapis : Jurnal Teropong Aspirasi Politik Islam,0216-4396;2655-6057,true,,
Dewa Ruci: Jurnal Pengkajian dan Penciptaan Seni,1412-4181;2685-287X,true,,
Jurnal Sehat Mandiri,1978-8517;2615-8760,true,,
Jurnal Profesi Medika : Jurnal Kedokteran dan Kesehatan,0216-3438;2621-1122,true,,
SOCA: Jurnal Sosial Ekonomi Pertanian,1411-7177;2615-6628,false,2025-12-31,accreditation expired
ADLIYA: Jurnal Hukum dan Kemanusiaan,1978-8312;2657-2125,true,,
Loquen: English Studies Journal,1979-9500;2621-1998,true,,
Indonesian Journal of Science and Mathematics Education,2615-8639,true,,
Journal of Honai Math,2615-2185;2615-2193,true,,
"Diglosia: Jurnal Kajian Bahasa, Sastra, dan Pengajarannya",2615-725X;2615-8655,true,,
Kajian Jurnalisme,2549-0559;2549-1946,true,,
SASI,1693-0061;2614-2961,true,,
Jurnal Agrikultura,0853-2885;2685-3345,true,,
International Journal of Applied Business and International Management,2614-7432;2621-2862,true,,
IJCLS (Indonesian Journal of Criminal Law Studies),2548-1576,true,,
ETTISAL : Journal of Communication,2503-1880;2599-3240,true,,
Al-Istinbath : Jurnal Hukum Islam,2548-3374;2548-3382,true,,
Edukasia Islamika: Jurnal Pendidikan Islam,2548-723X;2548-5822,true,,
Primary: Jurnal Pendidikan Guru Sekolah Dasar,2303-1514;2598-5949,true,,
SYAMIL: Jurnal Pendidikan Agama Islam (Journal of Islamic Education),2339-1332;2477-0027,true,,
JIMFE (Jurnal Ilmiah Manajemen Fakultas Ekonomi),2502-1400;2502-5678,true,,
BRICOLAGE: Jurnal Magister Ilmu Komunikasi,2502-0935;2615-6423,true,,
Al-Lisan: Jurnal Bahasa (e-Journal),2442-8965;2442-8973,true,,
JITK (Jurnal Ilmu Pengetahuan dan Teknologi Komputer),2527-4864,true,,
JURNAL ILMIAH KESEHATAN SANDI HUSADA,2354-6093;2654-4563,true,,
Gadjah Mada Journal of Psychology (GamaJoP),2407-7798,true,,
Jurnal Ilmiah Pendidikan Dasar,2354-9580;2685-211X,true,,
Journal of English Education and Teaching (JEET),2622-5867,true,,
Jurnal Manajemen Pelayanan Publik,2580-9970;2581-1878,true,,
Mimbar PGSD Undiksha,2614-4727;2614-4735,true,,
Jurnal Pendidikan Anak Usia Dini Undiksha,2613-9669;2613-9650,true,,
BISMA The Journal of Counseling,2598-3199;2598-3210,true,,
Indonesian Journal of Educational Research and Review,2621-8984;2621-4792,true,,
Indonesian Values and Character Education Journal,2615-4684;2615-6938,true,,
Journal for Lesson and Learning Studies,2615-6148;2615-7330,true,,
Journal of Education Technology,2549-4856;2549-8290,true,,
Jurnal Ilmiah Pendidikan Profesi Guru,2621-5713;2621-5705,true,,
Jurnal Pemberdayaan Masyarakat: Media Pemikiran dan Dakwah Pembangunan,2580-863X;2597-7768,false,2024-12-31,accreditation expired
Journal of Science Learning,2614-6568,true,,
THABIEA (JOURNAL OF NATURAL SCIENCE TEACHING),2580-8974;2655-898X,true,,
Nusantara Bioscience,2087-3948;2087-3956,false,2019-12-31,accreditation expired
Nyimak: Journal of Communication,2580-3808;2580-3832,true,,
Agrotechnology Research Journal,2655-7924;2614-7416,true,,
Al-Bidayah: Jurnal Pendidikan Dasar Islam,2085-0034;2549-3388,true,,
Althea Medical Journal,2337-4330,true,,
Biotropika: Journal of Tropical Biology,2302-7282;2549-8703,true,,
Cakradonya Dental Journal,2085-546X;2622-4720,true,,
Journal of Islamic World and Politics,2614-0535;2655-1330,true,,
Jurnal Farmasi dan Ilmu Kefarmasian Indonesia,2406-9388;2580-8303,true,,
Jurnal Ilmu Peternakan dan Veteriner Tropis (Journal of Tropical Animal and Veterinary Sciences),2620-939X;2620-9403,true,,
"Jurnal Kependidikan: Jurnal Hasil Penelitian dan Kajian Kepustakaan di Bidang Pendidikan, Pengajaran, dan Pembelajaran",2442-7667,true,,
EDUDEENA: Journal of Islamic Religious Education,2581-2734;2580-9989,true,,
Manajemen dan Bisnis,2477-1783,true,,
Education and Human Development Journal,2541-0156;2599-0292,true,,
Al-Insyiroh: Jurnal Studi Keislaman,2477-4928;2656-6680,true,,
Data Science: Journal of Computing and Applied Informatics,2580-6769;2580-829X,true,,
Jurnal Ilmiah Manajemen dan Bisnis,2528-1208;2528-2077,true,,
Tarbawi: Jurnal Keilmuan Manajemen Pendidikan,2442-8809;2621-9549,true,,
Jurnal Agroindustri,2088-5369;2613-9952,true,,
Laa Maisyir : Jurnal Ekonomi Islam,2476-9371;2580-9512,true,,
ZISWAF : Jurnal Zakat dan Wakaf,2461-0577;2477-5347,true,,
JINOTEP (Jurnal Inovasi dan Teknologi Pembelajaran): Kajian dan Riset Dalam Teknologi Pembelajaran,2406-8780;2654-7953,true,,
JOLLT Journal of Languages and Language Teaching,2338-0810;2621-1378,true,,
Psikostudia: Jurnal Psikologi,2302-2582;2657-0963,true,,
MONETER,2302-2213;2615-5141,true,,
Falasifa,2527-8711,true,,
ASALIBUNA,2615-5885;2656-3533,true,,
Jurnal Anggaran dan Keuangan Negara Indonesia (AKURASI),2685-0656,true,,
Jurnal Pedagogi dan Pembelajaran,2614-3909;2614-3895,true,,
Muharrik: Jurnal Dakwah dan Sosial,2655-3686,true,,
Journal of Accounting and Investment,2622-3899;2622-6413,true,,
Jurnal Keteknikan Pertanian Tropis dan Biosistem,2337-6864;2656-243X,true,,
FINANSIA : Jurnal Akuntansi dan Perbankan Syariah,2621-4636;2621-4644,true,,
Jurnal Ilmu Manajemen (JIM),2549-192X,true,,
BIOTIK: Jurnal Ilmiah Biologi Teknologi dan Kependidikan,2337-9812;2549-1768,true,,
Jurnal Ilmu Ternak Universitas Padjadjaran (Journal of Animal Science Padjadjaran University),1410-5659;2621-5144,true,,
Mekanika: Majalah Ilmiah Mekanika,1412-7962;2579-3144,true,,
Jurnal Manajemen Maranatha,1411-9293;2579-4094,true,,
Veritas : Jurnal Teologi dan Pelayanan,1411-7649;2684-9194,true,,
TAZKIYA JOURNAL OF PSYCHOLOGY,2829-4904;2654-7244,true,,
Jurnal Pendidikan Bahasa Inggris Undiksha,2614-1906;2614-1892,true,,
Jurnal Edutech Undiksha,2614-8609;2615-2908,true,,
At-Tadbir: jurnal ilmiah manajemen,1979-1127;2502-7433,true,,
JBHOST (Journal of Business on Hospitality and Tourism),2527-9092;2527-6921,true,,
"Journal of Accounting Research, Organization and Economics (JAROE)",2621-1041,true,,
Al-Ta'rib: Jurnal Ilmiah Program Studi Pendidikan Bahasa Arab IAIN Palangka Raya,2354-5887;2655-5867,true,,
Journal of Natural Science and Integration,2620-4967;2620-5092,true,,
JPIB : Jurnal Psikologi Islam dan Budaya,2615-8191;2615-8183,true,,
Window of Health : Jurnal Kesehatan,2614-5375,true,,
Desimal: Jurnal Matematika,2613-9073;2613-9081,true,,
JASF (Journal of Accounting and Strategic Finance),2614-6649,true,,
Cepalo,2598-3105,true,,
International Journal of Agricultural Sciences,2598-1145,true,,
Journal of Government and Civil Society,2579-4396;2579-440X,true,,
Indonesian Journal of Primary Education,2599-2821;2597-4866,true,,
JPH RECODE (Journal of Public Health Research and Community Health Development),2580-0140;2597-7571,true,,
JDE (Journal of Developing Economies),2541-1012;2528-2018,true,,
Jurnal Civic Hukum,2623-0216;2623-0224,true,,
Al-Tarbawi Al-Haditsah: Jurnal Pendidikan Islam,2407-6805;2580-6505,true,,
"Ecces : Economics, Social, and Development Studies",2407-6635;2580-5770,true,,
KURIOS (Jurnal Teologi dan Pendidikan Agama Kristen),2615-739X;2614-3135,true,,
Indonesian Contemporary Nursing Journal,2528-2557;2686-116X,true,,
Pharmacology and Clinical Pharmacy Research,2527-7332;2614-0020,false,2025-12-31,accreditation expired
"Jurnal Yaqzhan: Analisis Filsafat, Agama dan Kemanusiaan",2407-7208;2528-5890,true,,
Mimbar Ilmu,1829-877X;2685-9033,true,,
Al-Intaj : Jurnal Ekonomi dan Perbankan Syariah,2476-8774;2621-668X,true,,
Gender Equality: International Journal of Child and Gender Studies,2461-1468;2548-1959,true,,
Jurnal Public Policy,2477-5738;2502-0528,true,,
SOSIOHUMANIORA: Jurnal Ilmiah Ilmu Sosial dan Humaniora,2443-180X;2579-4728,true,,
International Journal of Law Reconstruction,2580-9245,true,,
Humanitatis: Journal of Language and Literature,2338-9362;2477-2267,true,,
HUMANISMA : Journal of Gender Studies,2580-6688;2580-7765,true,,
Linguists : Journal Of Linguistics and Language Teaching,2656-5765;2355-2069,true,,
"Edubiotik : Jurnal Pendidikan, Biologi dan Terapan",2528-679X;2597-9833,true,,
AL IQTISHADIYAH JURNAL EKONOMI SYARIAH DAN HUKUM EKONOMI SYARIAH,2621-0274,true,,
Jurnal Akuntansi,2085-8698;2598-4977,true,,
Letters in Information Technology Education (LITE),2654-5667,true,,
"Acuity: Journal of English Language Pedagogy, Literature and Cultures",2541-0229;2541-0237,true,,
"QALAMUNA: Jurnal Pendidikan, Sosial, dan Agama",1907-6355;2656-9779,true,,
DIJB (Diponegoro International Journal of Business),2580-4987;2580-4995,true,,
"Advances in Food Science, Sustainable Agriculture and Agroindustrial Engineering (AFSSAAE)",2622-5921,true,,
Simulacra,2622-6952;2656-8721,true,,
English Language Teaching Educational Journal,2621-6485,true,,
Jurnal Persatuan Perawat Nasional Indonesia (JPPNI),2503-1376;2549-8576,true,,
DIKSI,0854-2937;2579-6399,true,,
Journal of Applied Sciences in Travel and Hospitality,2622-8319,true,,
Jurnal Penelitian Kebijakan Pendidikan,0216-2792;2654-427X,true,,
Islam Transformatif : Journal of Islamic Studies,2599-218X;2599-2171,true,,
Golden Age: Jurnal Ilmiah Tumbuh Kembang Anak Usia Dini,2502-3519,true,,
Cropsaver : Journal of Plant Protection,2621-5756,true,,
Jurnal Hukum Magnum Opus,2623-1603;2623-274X,true,,
World Nutrition Journal,2580-7013,true,,
Indonesian Journal of Agricultural Research,2622-7681;2615-5842,true,,
Jurnal Hukum Bisnis Bonum Commune,2622-982X;2622-9668,true,,
Jati: Jurnal Akuntansi Terapan Indonesia,2615-157X;2615-0689,true,,
Indonesian Journal of Learning Education and Counseling,2622-8076;2622-8068,true,,
At-Talim : Jurnal Pendidikan,2460-5360;2548-4419,true,,
DINAMIKA GLOBAL : JURNAL ILMU HUBUNGAN INTERNASIONAL,2548-9216;2684-9399,true,,
IJID (International Journal on Informatics for Development),2252-7834;2549-7448,true,,
REFLEKSI,0215-6253;2714-6103,true,,
Inform: Jurnal Ilmiah Bidang Teknologi Informasi dan Komunikasi,2502-3470;2581-0367,true,,
SUSTINERE: Journal of Environment and Sustainability,2549-1245;2549-1253,true,,
Knowledge Engineering and Data Science,2597-4637,true,,
Journal of Vocational Education Studies,2614-7483;2614-7475,true,,
Indonesian Review of Physics (IRiP),2621-2889,true,,
Agro Bali: Agricultural Journal,2655-853X,true,,
Jurnal Teknik Industri : Jurnal Hasil Penelitian dan Karya Ilmiah dalam Bidang Teknik Industri,2460-898X;2714-6235,true,,
Agrosains: Jurnal Penelitian Agronomi,1411-5786;2655-7339,true,,
Publica: Jurnal Pemikiran Administrasi Negara,2085-6555;2715-9256,true,,
JSEP (Journal of Science Education and Practice),2548-950X;2549-7170,true,,
Paedagogia: Jurnal Pendidikan,2302-3066;2580-0477,true,,
Indonesian Journal on Learning and Advanced Education (IJOLAE),2655-920X;2656-2804,true,,
Undang: Jurnal Hukum,2598-7941;2598-7933,true,,
Akurasi : Jurnal Studi Akuntansi dan Keuangan,2685-1059,true,,
Image : Jurnal Riset Manajemen,2339-2878;2657-0688,true,,
Indonesian Journal of Islamic Education Studies (IJIES),2621-5837;2622-7975,true,,
Journal Of Vocational Health Studies,2580-7161;2580-717X,true,,
Jurnal Agregasi : Aksi Reformasi Government dalam Demokrasi,2337-5299;2579-3047,true,,
"Jurnal Kepariwisataan: Destinasi, Hospitalitas dan Perjalanan",2477-3808,true,,
Jurnal Ledalero,1412-5420;2503-4316,true,,
JURNAL MANAJEMEN BISNIS,2088-7086;2621-1971,true,,
QOF: Jurnal Studi Al-Qur'an dan Tafsir,2598-5817;2614-4875,true,,
Jo-ELT (Journal of English Language Teaching) Fakultas Pendidikan Bahasa dan Seni Program Studi Pendidikan Bahasa Inggris IKIP,2355-0309;2548-5865,true,,
"ALSUNIYAT: Jurnal Penelitian Bahasa, Sastra, dan Budaya Arab",2615-7241;2721-480X,true,,
Jurnal Ilmiah Akuntansi Kesatuan,2337-7852;2721-3048,true,,
Jurnal Ilmiah Manajemen Kesatuan,2337-7860;2721-169X,true,,
International Journal of Islamic Economics and Finance (IJIEF),2622-3562;2622-4372,true,,
Journal of Leadership in Organizations,2656-8829;2656-8810,true,,
JURNAL PEMBANGUNAN HUKUM INDONESIA,2656-6737;2656-3193,true,,
Integritas: Jurnal Antikorupsi,2477-118X;2615-7977,true,,
Psychological Research on Urban Society,2620-3960;2615-8582,true,,
Jurnal Riset Kimia,1978-628X;2476-8960,true,,
International Journal of Visual and Performing Arts,2684-9259,true,,
Jurnal Teknologi Hasil Pertanian,1979-0309;2614-7920,true,,
International Journal of Applied Business Research,2656-0917,true,,
Biomolecular and Health Science Journal,2620-8636,false,2021-12-31,accreditation expired
Jurnal Respirasi (JR),2407-0831;2621-8372,true,,
Aspirasi : Jurnal Masalah-masalah Sosial,2086-6305;2614-5863,false,2023-12-31,accreditation expired
INDONESIAN JOURNAL OF MEDICAL LABORATORY SCIENCE AND TECHNOLOGY,2684-6748;2656-9825,true,,
AFRE Accounting Financial Review,2598-7763;2598-7771,true,,
Progresiva : Jurnal Pemikiran dan Pendidikan Islam,2502-6038;2684-9585,true,,
Journal of Physics and Its Applications,2622-5956,true,,
ASEAN Journal on Hospitality and Tourism,1412-2073;2722-2748,true,,
Indonesian Journal of Advocacy and Legal Services,2686-2085;2686-2611,true,,
Indonesian Journal of Anesthesiology and Reanimation (IJAR),2686-021X,true,,
OPSI,1693-2102;2686-2352,true,,
JURNAL LITIGASI (e-Journal),0853-7100;2442-2274,true,,
Jurnal Sosiologi Dialektika,1858-0890;2722-4325,true,,
Walisongo Journal of Chemistry,2549-385X;2621-5985,true,,
IJIS Edu : Indonesian Journal of Integrated Science Education,2655-2388;2655-2450,true,,
EduBasic Journal: Jurnal Pendidikan Dasar,2549-4562,true,,
Bio-Inoved : Jurnal Biologi-Inovasi Pendidikan,2684-9062;2714-9803,true,,
Satwika : Kajian Ilmu Budaya dan Perubahan Sosial,2580-8567;2580-443X,true,,
Jurnal Riset Biologi dan Aplikasinya,2655-9927,true,,
Journal of Foreign Language Teaching and Learning,2527-7650;2580-2070,true,,
Jurnal Sosiologi Andalas,2088-1134;2443-3810,true,,
Indonesian Physical Review,2615-1278;2614-7904,true,,
Indonesian Journal of Community Health Nursing,2355-3391;2656-4602,true,,
Journal of Information Systems and Informatics,2656-5935;2656-4882,true,,
Journal Industrial Servicess,2461-0623;2461-0631,true,,
JURNAL KAJIAN VETERINER,2356-4113;2528-6021,true,,
"International Journal of Electrical, Energy and Power System Engineering (IJEEPSE)",2654-4644,true,,
EIGEN MATHEMATICS JOURNAL,2615-3599;2615-3270,true,,
Jurnal Indo-Islamika,2088-9445;2723-1135,true,,
SURABAYA PHYSICAL MEDICINE AND REHABILITATION JOURNAL,2656-0895,true,,
Indonesian Psychological Research,2655-9013;2655-1640,true,,
TLEMC (Teaching and Learning English in Multicultural Contexts),2541-6383,true,,
SULTANIST: Jurnal Manajemen dan Keuangan,2338-4328;2686-2646,true,,
Indonesian Journal of Educational Science (IJES),2655-4402;2622-6197,true,,
"Pusaka : Journal of Tourism, Hospitality, Travel and Business Event",2656-1336;2656-1301,true,,
Jurnal Matematika UNAND,2303-291X;2721-9410,true,,
Journal of Educational and Learning Studies,2655-2760;2655-2779,true,,
Jurnal Sinar Manajemen,2337-8743;2598-398X,true,,
Elsya : Journal of English Language Studies,2684-7620;2684-9224,true,,
Eduprof : Islamic Education Journal,2656-5625;2723-2034,true,,
Jurnal Bidan Cerdas,2654-9352,true,,
"LITE: Jurnal Bahasa, Sastra, dan Budaya",1907-3607;2548-9488,true,,
Disastra: Jurnal Pendidikan Bahasa dan Sastra Indonesia,2655-3031;2655-7851,true,,
Ta'lim al-'Arabiyyah: Jurnal Pendidikan Bahasa Arab dan Kebahasaaraban,2549-208X;2721-5237,true,,
IJECA (International Journal of Education and Curriculum Application),2614-3380,true,,
Manna Rafflesia,2356-4547;2721-0006,true,,
Al-Majaalis : Jurnal Dirasat Islamiyah,2339-2630;2477-8001,true,,
Factor M,2655-3511;2656-307X,true,,
Edulab : Majalah Ilmiah Laboratorium Pendidikan,2527-7200,true,,
el-Qist: Journal of Islamic Economics and Business (JIEB),2252-7907;2716-0335,true,,
Jambura Journal of Health Sciences and Research,2623-0674;2655-643X,true,,
The Spirit of Society Journal : International Journal of Society Development and Engagement,2597-4742;2597-4777,true,,
Jurnal Akademi Akuntansi,2715-1964;2654-8321,true,,
POLITICON : Jurnal Ilmu Politik,2685-6670,true,,
"Indonesian Journal of electronics, electromedical engineering, and medical informatics",2656-8624,true,,
Al-Qadha: Jurnal Hukum Islam dan Perundang-Undangan,2356-1637;2581-0103,true,,
BUSINESS MANAGEMENT ANALYSIS JOURNAL (BMAJ),2623-0690;2655-3813,true,,
Bulletin of Counseling and Psychotherapy,2656-1050,true,,
Child Education Journal,2685-189X;2685-1903,true,,
Dinamika Kerajinan dan Batik : MAJALAH ILMIAH,2087-4294;2528-6196,false,2025-12-31,accreditation expired
Hipotenusa : Journal of Mathematical Society,2716-3156,true,,
Indonesian Journal of Information Systems,2623-0119;2623-2308,true,,
Inferensi,0216-308X;2721-3862,true,,
JURNAL EKONOMI DAN BISNIS AIRLANGGA,2338-2686;2597-4564,true,,
"Journal of Electronics, Electromedical Engineering, and Medical Informatics",2656-8632,true,,
Journal of Environmental Science and Sustainable Development,2655-6847,true,,
Jurnal Berita Ilmu Keperawatan,1979-2697;2721-1797,true,,
Jurnal Biolokus: Jurnal Penelitian Pendidikan Biologi dan Biologi,2621-3702;2621-7538,true,,
Jurnal Eduscience (JES),2303-355X;2685-2217,true,,
Jurnal Ilmiah Medicamento,2356-4814,true,,
Jurnal Ilmu Dakwah,1693-8054;2581-236X,true,,
JIET (Jurnal Ilmu Ekonomi Terapan),2541-1470;2528-1879,true,,
Jurnal Kartika Kimia,2655-1322;2655-0938,true,,
Jurnal SASAK : Desain Visual dan Komunikasi,2685-4120,true,,
KEUNIS,2302-9315;2714-7274,true,,
Pena Justisia: Media Komunikasi dan Kajian Hukum,1412-6605;2301-6426,false,2025-12-31,accreditation expired
Pengarah: Jurnal Teologi Kristen,2654-931X;2655-2019,true,,
Jurnal Teknokes,1907-7904;2407-8964,true,,
ASEAN Journal of Chemical Engineering,2655-5409,false,2023-12-31,accreditation expired
ASIAN JOURNAL OF ISLAMIC MANAGEMENT (AJIM),2746-0037;2722-2330,true,,
Applied Information System and Management,2621-2536;2621-2544,true,,
Attractive : Innovative Education Journal,2685-6085,true,,
Dialog,0126-396X;2715-6230,true,,
Food ScienTech Journal,2685-4279;2715-422X,true,,
GEMA Lingkungan Kesehatan,1693-3761;2407-8948,true,,
Jurnal Inovatif : Inovasi Teknologi Informasi dan Informatika,2654-5535;2654-5519,true,,
IQTISHADUNA: Jurnal Ilmiah Ekonomi Kita,2303-3568;2684-8228,true,,
Indonesian Journal of Theology,2339-0751,true,,
Indonesian TESOL Journal,2622-5441,true,,
JAS (Jurnal Akuntansi Syariah),2549-3086;2657-1676,true,,
Jambura Agribusiness Journal,2685-5860;2685-5771,true,,
Journal of Education and Teaching (JET),2747-2868;2746-1467,true,,
Journal of Islamic Accounting and Finance Research,2715-0429;2714-8122,true,,
Jurnal Akta,2406-9426;2581-2114,true,,
Jurnal Teknik Informatika (JUTIF),2723-3863;2723-3871,true,,
Khazanah Sosial,2715-8071,true,,
Khazanah Theologia,2715-9701,true,,
Magna Medika: Berkala Ilmiah Kedokteran dan Kesehatan,2407-0505;2774-2318,true,,
Majalah Biomorfologi,0215-8833;2716-0920,true,,
Mazahibuna: Jurnal Perbandingan Mazhab,2685-6905;2685-7812,true,,
"Notion: Journal of Linguistics, Literature and Culture",2655-5905,true,,
PANYONARA: Journal of English Education,2714-8807;2686-2328,true,,
REiLA: Journal of Research and Innovation in Language,2685-0818;2685-3906,true,,
SAGA: Journal of English Language Teaching and Applied Linguistics,2715-7512;2716-0246,true,,
SCAFFOLDING: Jurnal Pendidikan Islam dan Multikulturalisme,2656-4548;2656-4491,true,,
UTAMAX : Journal of Ultimate Research and Trends in Education,2685-0540;2685-4252,true,,
AL-ADABIYA: Jurnal Kebudayaan dan Keagamaan,1907-1191;2540-9204,true,,
AlAdalah,1410-7406;2684-8368,true,,
AN-NISA : Journal of Gender Studies,2086-0749;2654-4784,true,,
"At-Tarbawi : Jurnal Pendidikan, Sosial dan Kebudayaan",2086-9754;2656-6370,true,,
Aurelia Journal,2715-7113,true,,
BEMAS: Jurnal Bermasyarakat,2745-5866;2745-7958,true,,
EduBase: Journal of Basic Education,2722-1520,true,,
EDUKASIA: Jurnal Pendidikan dan Pembelajaran,2721-1150;2721-1169,true,,
Ghancaran: Jurnal Pendidikan Bahasa dan Sastra Indonesia,2714-8955;2715-9132,true,,
IAES International Journal of Robotics and Automation (IJRA),2089-4856;2722-2586,false,2024-12-31,accreditation expired
Idarah (Jurnal Pendidikan dan Kependidikan),2549-8193;2656-8012,true,,
Indonesian Journal of Law and Society,2722-4074,false,2024-12-31,accreditation expired
International Journal of Applied Power Engineering (IJAPE),2252-8792;2722-2624,false,2023-12-31,accreditation expired
International Journal of Mechanical Engineering Technologies and Applications (MECHTA),2722-3213,true,,
Jambura Geo Education Journal,2721-7000;2721-7019,true,,
Journal Of Academia In English Educations (JADEs),2722-0168;2797-9245,true,,
Journal of Digital Marketing and Halal Industry,2716-4810;2716-4802,true,,
Journal of English Language Teaching Innovations and Materials (Jeltim),2657-1617,true,,
Jurnal Agrisistem: Seri Sosek dan Penyuluhan,2089-0036;2722-1938,true,,
JURNAL AKUNTANSI DAN KEUANGAN,2503-1635,true,,
Jurnal Didaktika Pendidikan Dasar,2580-006X;2746-0525,true,,
Jurnal Geosains dan Remote Sensing (JGRS),2722-3647;2722-3639,true,,
Jurnal Kepariwisataan Indonesia: Jurnal Penelitian dan Pengembangan Kepariwisataan Indonesia,1907-9419;2685-9076,true,,
JUXTA: Jurnal Ilmiah Mahasiswa Kedokteran Universitas Airlangga,1907-3623;2684-9453,true,,
Khazanah Pendidikan Islam,2715-968X,true,,
Majalah Kesehatan Indonesia,2745-6498;2745-8008,true,,
MAWAIZH: JURNAL DAKWAH DAN PENGEMBANGAN SOSIAL KEMANUSIAAN,2252-3022;2614-5820,true,,
POLITICA: Jurnal Hukum Tata Negara dan Politik Islam,2477-2844;2615-5745,true,,
Range : Jurnal Pendidikan Matematika,2685-2373,true,,
SALEE: Study of Applied Linguistics and English Education,2715-9795;2716-1617,true,,
Tarbawi : Jurnal Ilmu Pendidikan,2615-6547;1858-1080,false,2025-12-31,accreditation expired
TIERS Information Technology Journal,2723-4533;2723-4541,true,,
"AgriHealth: Journal of Agri-food, Nutrition and Public Health",2722-0656;2722-0648,true,,
AJARCDE (Asian Journal of Applied Research for Community Development and Empowerment),2581-0405,true,,
Alifmatika: Jurnal Pendidikan dan Pembelajaran Matematika,2715-6095;2715-6109,true,,
Jurnal Al-Maqayis,2338-1337;2615-3890,true,,
Arwana: Jurnal Ilmiah Program Studi Perairan,2657-0254;2797-3530,true,,
COUNSENESIA Indonesian Journal of Guidance and Counseling,2807-2235;2746-3532,true,,
Coution : Journal of Counseling and Education,2746-6787,true,,
Fitrah: Journal of Islamic Education,2723-3847;2723-388X,true,,
G-Couns: Jurnal Bimbingan dan Konseling,2541-6782;2580-6467,true,,
Ilomata International Journal of Management,2714-8971;2714-8963,true,,
Ilomata International Journal of Social Science,2714-898X;2714-8998,true,,
Ilomata International Journal of Tax and Accounting,2714-9838;2714-9846,true,,
Indonesian Journal of Applied Research (IJAR),2722-6395,true,,
Indonesian Journal of Education and Mathematical Science,2715-985X,true,,
International Journal of Business Economics (IJBE),2686-472X,true,,
International Journal of Educational Management and Innovation,2721-933X;2716-2338,true,,
International Journal of Industrial Engineering and Engineering Management,2685-4090,true,,
International Journal of Islamic Educational Psychology,2745-5289;2723-1402,true,,
JINAV: Journal of Information and Visualization,2746-1440,true,,
Journal of Anaesthesia and Pain,2722-3167;2722-3205,true,,
Journal of Contemporary Governance and Public Policy,2722-3981;2722-3973,true,,
Journal of Entrepreneurship & Business,2721-706X,true,,
Journal of Fundamental and Applied Pharmaceutical Science,2723-7648;2723-763X,true,,
Journal of Management and Entrepreneurship Research,2723-1658;2723-1666,true,,
Jurnal Fokus Manajemen Bisnis,2088-4079;2716-0521,true,,
Jurnal Ilmiah Al-Muashirah: Media Kajian Al-Quran dan Al-Hadits Multi Perspektif,1693-7562;2599-2619,true,,
Jurnal Ilmiah Kesehatan Masyarakat,2085-4366;2684-950X,true,,
Al-Fikru : Jurnal Pendidikan dan Sains,2774-5627;2747-1349,true,,
Al-Kauniyah Jurnal Biologi,2502-6720;1978-3736,true,,
Asian Journal of Science Education,2715-5641,true,,
Caring : Indonesian Journal of Nursing Science,2685-7162,true,,
Contagion: Scientific Periodical Journal of Public Health and Coastal Health,2685-0389,true,,
DECODE: Jurnal Pendidikan Teknologi Informasi,2775-2984;2775-1813,true,,
DIEGESIS: Jurnal Teologi Kharismatika,2685-3515;2685-3485,true,,
Diversity: Disease Preventive of Research Integrity,2774-9649;2775-0035,true,,
Diwan: Jurnal Bahasa dan Sastra Arab,2339-2088;2599-2023,true,,
Edu Sportivo: Indonesian Journal of Physical Education,2745-942X,true,,
Entrepreneurship Bisnis Manajemen Akuntansi (E-BISMA),2774-8790;2774-8804,true,,
Gestalt : Jurnal Desain Komunikasi Visual,2657-1641;2685-0311,true,,
Hadlonah : Jurnal Pendidikan dan Pengasuhan Anak,2549-0141;2746-6779,true,,
Hakam : Jurnal Kajian Hukum Islam dan Hukum Ekonomi Islam,2829-5803;2580-8052,true,,
IJORER : International Journal of Recent Educational Research,2721-852X;2721-7965,true,,
INDONESIA: Jurnal Pembelajaran Bahasa dan Sastra Indonesia,2720-9377,true,,
Indonesian Journal of Educational Development (IJED),2722-3671;2722-1059,true,,
Indonesian Journal of Pharmaceutical Education,2775-3670,true,,
International Journal of Disaster Management,2808-439X;2527-4341,true,,
"International Journal of Health, Economics, and Social Sciences (IJHESS)",2685-6689,true,,
INVEST : Jurnal Inovasi Bisnis dan Akuntansi,2745-4614;2745-4606,true,,
INVOICE : JURNAL ILMU AKUNTANSI,2714-6359;2714-6340,true,,
JIEP: Jurnal Ilmu Ekonomi dan Pembangunan,2746-3249,true,,
Journal of Agricultural Socio-Economics (JASE),2745-6889;2745-6897,true,,
Journal of Applied Veterinary Science and Technology,2716-1188;2716-117X,true,,
Journal of Childhood Development,2776-8082,true,,
"Journal of Economic, Business and Engineering (JEBE)",2716-2583,true,,
JOURNAL OF ECONOMICS EDUCATION AND ENTREPRENEURSHIP,2746-5438;2745-729X,true,,
Journal of English Teaching and Learning Issues,2615-3920;2685-4473,true,,
Journal of Enterprise and Development (JED),2715-3118;2685-8258,true,,
Journal of Islamic Economics and Finance Studies,2723-6730;2723-6749,true,,
Journal of Research on English and Language Learning (J-REaLL),2721-5024;2721-5016,true,,
Journal Zetroem,2656-081X,true,,
Southeast Asian Mathematics Education Journal,2089-4716;2721-8546,true,,
Al-Zahra : Journal for Islamic and Arabic Studies,1412-226X,true,,
Jurnal Penelitian Psikologi,2087-3441;2549-9882,true,,
"Zero : Jurnal Sains, Matematika, dan Terapan",2580-569X;2580-5754,true,,
Al Jahiz: Journal of Biology Education Research,2722-5070;2722-5275,true,,
ARRUS Journal of Social Sciences and Humanities,2776-7930;2807-3010,true,,
Buletin Konseling Inovatif,2797-9954,true,,
Interdental Jurnal Kedokteran Gigi (IJKG),1979-9144;2685-5208,true,,
International Journal of Advances in Data and Information Systems,2721-3056,true,,
International Journal of Islamic Economics,2686-2131;2686-2166,true,,
JIM: Jurnal Ilmiah Mahasiswa Pendidikan Sejarah,2964-7231;2614-3658,true,,
Journal of Applied Computer Science and Technology (JACOST),2723-1453,true,,
"Journal of Counseling, Education and Society",2716-4896;2716-4888,true,,
Journal of Electrical Engineering and Computer (JEECOM),2715-0410;2715-6427,true,,
"Journal of Law, Society, and Islamic Civilization",2776-2173,true,,
Journal of Parasite Science,2599-0993;2656-5331,true,,
Jurnal Ilmiah Iqra',1693-5705;2841-2108,true,,
Jurnal Ilmu Ekonomi dan Bisnis Islam,2962-0872;2686-6633,true,,
Jurnal Ketenagakerjaan,2722-8770,true,,
Jurnal Kewarganegaraan,1693-7287;2745-6919,true,,
"Jurnal Listrik, Instrumentasi, dan Elektronika Terapan",2746-2536,true,,
JURNAL MANAJEMEN INFORMASI KESEHATAN (Health Information Management Journal),2503-5118;2622-0423,true,,
Jurnal Penegakan Hukum dan Keadilan,2746-0967;2721-656X,true,,
Jurnal Penyuluhan Pertanian,1907-5893;2599-0403,true,,
Jurnal Psikiatri Surabaya,2355-2409;2716-358X,true,,
"Jurnal REKSA: Rekayasa Keuangan, Syariah dan Audit",2089-6581;2614-3720,true,,
jurnal riset kesehatan poltekkes depkes bandung,1979-8253;2579-8103,true,,
Jurnal Sains Teknologi Transportasi Maritim,2684-9135;2722-1679,true,,
Jurnal Teknimedia: Teknologi Informasi dan Multimedia,2722-6263;2722-6271,true,,
Jurnal Teknologi Hasil Peternakan,2722-4783,true,,
KAMASEAN: Jurnal Teologi Kristen,2722-8657;2722-8800,true,,
Kinaa: Jurnal Kepemimpinan Kristen dan Pemberdayaan Jemaat,2722-8819;2722-8827,true,,
Langit Biru: Jurnal Ilmiah Aviasi,1979-1534;2745-8695,true,,
LAN TABUR: Jurnal Ekonomi Syariâah,2716-2605,true,,
Law Development Journal,2747-2604,true,,
Leadership:Jurnal Mahasiswa Manajemen Pendidikan Islam,2721-7108;2715-0399,true,,
Lentera:Indonesian Journal of Multidisciplinary Islamic Studies,2655-0873;2654-9220,true,,
Lentera Negeri,2746-7988;2746-7996,true,,
LETS: Journal of Linguistics and English Teaching Studies,2715-4408;2715-4416,true,,
Lex Renaissance,2620-5386;2620-5394,true,,
Lughawiyah: Journal of Arabic Education and Linguistics,2715-8098;2715-8101,true,,
Management of Education: Jurnal Manajemen Pendidikan Islam,2442-4048;2808-408X,true,,
Media Kedokteran Hewan,0215-8930;2775-975X,true,,
Mimbar Agama Budaya,0854-5138;2715-7059,true,,
Mubtadi : Jurnal Pendidikan Ibtidaiyah,2715-7067;2720-8850,true,,
Mudir : Jurnal Manajemen Pendidikan,2655-9331;2657-2230,true,,
Munaddhomah: Jurnal Manajemen Pendidikan Islam,2775-2933,true,,
Pappasang,2745-3812,true,,
Personifikasi: Jurnal Ilmu Psikologi,2087-7447;2721-0626,true,,
Prima Magistra: Jurnal Ilmiah Kependidikan,2721-8112;2722-4899,true,,
Prophetic Law Review,2686-2379;2686-3464,true,,
Pustaka Karya : Jurnal Ilmiah Ilmu Perpustakaan dan Informasi,2089-5216;2723-7699,true,,
QUAERENS: Journal of Theology and Christianity Studies,2722-0869;2722-0753,true,,
SANCTUM DOMINE: Jurnal Teologi,2088-8236;2722-0079,true,,
SOPHIA: Jurnal Teologi dan Pendidikan Kristen,2722-8851;2722-886X,true,,
SPEKTA (Jurnal Pengabdian Kepada Masyarakat : Teknologi dan Aplikasi),2723-8008;2723-8016,true,,
Sriwijaya International Journal of Dynamic Economics and Business,2581-2904;2581-2912,true,,
"Tabasa: Jurnal Bahasa, Sastra Indonesia, dan Pengajarannya",2746-0789;2746-0770,true,,
Tafkir: Interdisciplinary Journal of Islamic Education,2723-4975,true,,
Tarbawi Ngabar: Jurnal of Education,2716-196X,true,,
Target : Jurnal Manajemen Bisnis,2715-9361,true,,
The Journal of Indonesia Sustainable Development Planning (JISDeP),2721-8309;2722-0842,true,,
TSAQOFIYA : Jurnal Pendidikan Bahasa dan Sastra Arab,2685-7022;2685-7103,true,,
WIMAYA: Interdisciplinary Journal of International Affairs,2722-3760,true,,
ZAD Al-Mufassirin,2829-6966;2723-4002,true,,
Edustream: Jurnal Pendidikan Dasar,2614-4417,true,,
Journal of Innovation Information Technology and Application (JINITA),2716-0858;2715-9248,true,,
Pancasila: Jurnal Keindonesiaan,2797-3921;2797-3018,true,,
(JOINTS) Journal Orthopaedi and Traumatology Surabaya,2460-8742,true,,
Journal of Soft Computing Exploration,2746-7686;2746-0991,true,,
International Journal of Clinical Inventions and Medical Sciences (IJCIMS),2721-4737;2721-7302,true,,
Equator Journal of Management and Entrepreneurship,2721-4281;2721-4230,true,,
CURRENT INTERNAL MEDICINE RESEARCH AND PRACTICE SURABAYA JOURNAL,2721-544X,true,,
Jurnal VARIDIKA,0852-0976;2460-3953,true,,
English Learning Innovation (englie),2723-7400;2723-7419,true,,
Indonesian Comparative Law Review,2655-2353;2655-6545,true,,
Journal of Research in Instructional,2776-222X,true,,
POLITICOS: Jurnal Politik dan Pemerintahan,2776-8036;2776-8023,true,,
Indonesian Journal of Social Sciences,1978-760X;2723-777X,true,,
Focus,2722-6336;2723-3855,true,,
English Language Education Reviews,2798-2793;2797-8877,true,,
Journal of English Education Program (JEEP),2721-6896,true,,
International Journal of Accounting & Finance in Asia Pasific (IJAFAP),2684-9763;2655-6502,true,,
JPW (Jurnal Politik Walisongo),2503-3190;2503-3204,true,,
"MEDIASI Jurnal Kajian dan Terapan Media, Bahasa, Komunikasi",2721-9046;2721-0995,true,,
Indonesian Journal of Oceanography,2714-8726,true,,
Education and Social Sciences Review,2720-8915;2720-8923,true,,
Rusydiah: Jurnal Pemikiran Islam,2723-4894;2723-4886,true,,
"JASIEK (Jurnal Aplikasi Sains, Informasi, Elektronika dan Komputer)",2656-5722;2685-497X,true,,
Vidya Karya,0215-9619;2614-7149,true,,
Journal La Edusci,2721-0979;2721-1258,true,,
Palakka : Media and Islamic Coummunication,2746-4687;2961-9017,true,,
Indonesian Journal of Physical Education and Sport Science (IJPESS),2775-765X;2776-0200,true,,
Bulletin of Community Engagement,2774-7077,true,,
MAKILA: Jurnal Penelitian Kehutanan,1978-4996;2746-7155,true,,
Jurnal Studi Islam dan Kemuhammadiyahan (JASIKA),2808-8085,true,,
Spiritual Healing: Jurnal Tasawuf dan Psikoterapi,2829-3797;2775-4707,true,,
Jurnal Penelitian Sekolah Tinggi Transportasi Darat,2086-6569;2776-351X,true,,
Jurnal Unik: Pendidikan Luar Biasa,2443-1389;2548-8031,true,,
Journal of Indonesian Law (JIL),2774-8081;2774-4906,true,,
Journal of Islamic Management,2774-3365,true,,
An-Nida,0853-1161;2407-1706,true,,
"Journal of Embedded Systems, Security and Intelligent Systems",2745-925X;2722-273X,true,,
Tadayun: Jurnal Hukum Ekonomi Syariah,2961-8436;2774-4914,true,,
Riemann: Research of Mathematics and Mathematics Education,2721-8848;2721-883X,true,,
Jurnal Penelitian Sains dan Pendidikan (JPSP),2776-7531;2775-6580,true,,
Maalim: Jurnal Pendidikan Islam,2745-6293;2745-6285,true,,
Journal of Mathematics Science and Computer Education,2807-9329;2807-9167,true,,
Jurnal Farmasains,2086-3373;2620-987X,true,,
Constitutional Review,2460-0016;2548-3870,false,2025-12-31,accreditation expired
Jurnal Komunikasi Ikatan Sarjana Komunikasi Indonesia,2548-8740;2503-0795,true,,
ASSETS: Jurnal Akuntansi dan Pendidikan,2302-6251;2477-4995,true,,
Ahmar Metastasis Health Journal (AMHJ),2797-6483;2797-4952,true,,
Berkala Ilmiah Pendidikan,2775-5312,true,,
Journal of Language and Literature Studies,2808-1099,true,,
"Moestopo International Review on Social, Humanities, and Sciences (MIRSHuS)",2775-9601,true,,
Implementasi Manajemen & Kewirausahaan,2776-8554,true,,
Smaratungga: Journal of Education and Buddhist Studies,2807-4254;2798-2831,true,,
Pamomong: Journal of Islamic Educational Counseling,2774-583X;2808-8565,true,,
Tsaqila Jurnal Pendidikan dan Teknologi,2807-6273,true,,
An Idea Health Journal,2797-0604,true,,
"UC Journal: ELT, Linguistics and Literature Journal",2774-9401,true,,
Jurnal Perspektif Pembiayaan dan Pembangunan Daerah,2338-4603;2355-8520,true,,
Asian Management and Business Review,2775-202X,true,,
ELEOS: Jurnal Teologi dan Pendidikan Agama Kristen,2798-9860;2798-9771,true,,
HuRuf Journal : International Journal of Arabic Applied Linguistic,2798-9402;2798-8821,true,,
Madania: Jurnal Kajian Keislaman,2501-1843;2502-1826,true,,
Qonun Jurnal Hukum Islam dan Perundang-Undangan,2774-3209,true,,
Dinasti International Journal of Education Management and Social Science,2686-6358;2686-6331,true,,
Al-Mujtahid: Journal of Islamic Family Law,2809-2805;2809-0756,true,,
Thawalib: Jurnal Kependidikan Islam,2807-4289;2807-386X,true,,
Journal of Economic Education and Entrepreneurship Studies,2722-3744;2776-0278,true,,
Lontara: Journal of Health Science and Technology,2721-6179,true,,
Etihad: Journal of Islamic Banking and Finance,2807-730X;2807-6915,true,,
Research and Development in Education (RaDEn),2809-0284;2809-3216,true,,
Az Zarqa': Jurnal Hukum Bisnis Islam,2087-8117;2809-3569,true,,
Studi Ilmu Manajemen dan Organisasi,2745-7826,true,,
JURNAL AKUNTANSI KEUANGAN DAN MANAJEMEN,2716-0807,true,,
"Reviu Akuntansi, Manajemen, dan Bisnis",2797-958X,true,,
"Studi Akuntansi, Keuangan, dan Manajemen",2798-0251,true,,
Buletin Sistem Informasi dan Teknologi Islam,2721-0901,true,,
Jurnal Manajemen Stratejik dan Simulasi Bisnis,2746-6868,true,,
Journal of Educational Management and Instruction (JEMIn),2797-8931;2797-8923,true,,
Indonesia Journal of Biomedical Science,2085-4773;2302-2906,true,,
Lex Publica,2354-9181;2579-8855,true,,
Al-Mazaahib: Jurnal Perbandingan Hukum,2302-7355;2809-1019,true,,
Helium: Journal of Science and Applied Chemistry,2776-1711;2776-4508,true,,
International Journal of Social Learning (IJSL),2774-8359;2774-4426,true,,
Journal of Islamic Economic and Business Research,2798-1207;2798-1304,false,2025-12-31,accreditation expired
Ahmar Metakarya: Jurnal Pengabdian Masyarakat,2807-3797;2807-3576,true,,
Niqosiya: Journal of Economics and Business Research,2798-6373;2807-7660,true,,
SETARA: Jurnal Studi Gender dan Anak,2720-9059;2716-2230,true,,
Tadbiruna: Jurnal Manajemen Pendidikan Islam,2809-7122;2809-7343,true,,
LINEAR: Journal of Mathematics Education,2722-6913;2722-760X,true,,
Journal of Marketing Innovation,2807-8365,false,2025-12-31,accreditation expired
Indonesia Accounting Research Journal,2303-2235;2985-9255,true,,
Familia: Jurnal Hukum Keluarga,2775-0418,true,,
Knowbase : International Journal of Knowledge in Database,2798-0758;2797-7501,true,,
IJIET (International Journal of Indonesian Education and Teaching),2548-8422;2548-8430,true,,
Indonesian Journal of Sustainability Accounting and Management,2597-621X;2597-622X,true,,
Journal of Integrated Elementary Education,2828-223X;2776-1657,true,,
Al-Musyrif: Jurnal Bimbingan dan Konseling Islam,2655-5425;2808-2354,true,,
Golden Ratio of Human Resource Management,2776-6365,true,,
Jurnal Moral Kemasyarakatan,2527-4821,true,,
"International Journal of Engineering, Science and Information Technology",2775-2674,true,,
Enthusiastic : International Journal of Applied Statistics and Data Science,2798-253X;2798-3153,true,,
Multazam : Jurnal Manajemen Haji dan Umrah,2809-2430;2961-9084,true,,
"Business Economic, Communication, and Social Sciences Journal (BECOSS)",2686-2557,true,,
Al-Jadwa: Jurnal Studi Islam,2809-2783;2808-4128,true,,
Jurnal Fundamental Justice,2721-7671,true,,
Journal of Advanced Sciences and Mathematics Education,2798-9852;2798-1606,true,,
Journal of General Education and Humanities,2963-7147,true,,
"Journal of Mathematics Instruction, Social Research and Opinion",2962-7842,true,,
Indonesian Journal of Data and Science,2715-9930,true,,
Journal Evaluation in Education (JEE),2716-4160;2716-1595,false,2025-12-31,accreditation expired
Nabawi: Journal of Hadith Studies,2797-8370;2746-3206,true,,
Analisa Journal of Social Science and Religion,2502-5465;2621-7120,true,,
Nursing and Health Sciences Journal (NHSJ),2798-5059;2798-5067,true,,
"Jurnal Pembelajaran, Bimbingan, dan Pengelolaan Pendidikan",2797-3174,true,,
Journal of Indonesian Psychological Science (JIPS),2828-4577,true,,
Industrial and Domestic Waste Management,2809-4255,false,2025-12-31,accreditation expired
Jurnal HPT (Hama Penyakit Tumbuhan),2338-4336;2580-6459,true,,
Gurindam: Jurnal Bahasa dan Sastra,2798-6675,true,,
International Journal of Cyber and IT Service Management (IJCITSM),2797-1325;2808-554X,true,,
Maliki Islamic Economics Journal,2798-0383;2797-8125,true,,
SocioEdu: Sociological Education,2746-3567,true,,
Equivalent: Jurnal Ilmiah Sosial Teknik,2775-0329;2775-0833,true,,
Inkubis : Jurnal Ekonomi dan Bisnis,2775-3913;2775-1848,true,,
Sabda : Jurnal Teologi Kristen,2722-3078;2722-306X,true,,
Supremasi Hukum: Jurnal Kajian Ilmu Hukum,2302-1128;2723-4207,true,,
International Journal of Robotics and Control Systems,2775-2658,true,,
"International Journal of Islamic Education, Research and Multiculturalism (IJIERM)",2656-3630;2722-7049,true,,
Carmin: Journal of Community Service,2809-8242,true,,
Jurnal Farmasi Kryonaut,2828-1624,true,,
"International Journal of Educational Review, Law And Social Sciences (IJERLAS)",2808-487X,true,,
Jurnal Teologi Injili,2798-303X,true,,
Golden Ratio of Social Science and Education,2797-5827,true,,
AS-SIYASI JOURNAL OF CONSTITUTIONAL LAW,2798-3528,true,,
Administrative and Environmental Law Review,2723-2484;2745-9330,true,,
WAPFI (Wahana Pendidikan Fisika),2338-1027;2685-4414,true,,
"International Journal of Business, Economics, and Social Development",2722-1164;2722-1156,true,,
Brillo Journal,2809-8528,true,,
Glosains: Jurnal Sains Global Indonesia,2798-4125;2798-4311,true,,
Al-Muyassar: Journal of Arabic Education,2829-095X,true,,
Annals of Management and Organization Research,2685-7715,true,,
JSMARTech : Journal of Smart Bioprospecting and Technology,2686-0805;2714-7894,true,,
INTEC: Information Technology Education Journal,2809-7971;2809-798X,true,,
Kalosara: Family Law Review,2807-3177;2807-2162,true,,
Javanologi: International Journal of Javanese Studies,2580-6122;3025-1877,true,,
The Sunan Ampel Review of Political and Social Sciences,2809-1027,true,,
Legitima: Jurnal Hukum Keluarga Islam,2655-4909;2656-565X,true,,
Engineering Science Letter,2961-8924;2961-872X,true,,
Journal of Novel Engineering Science and Technology,2961-8916;2961-8738,true,,
Journal of Pedagogy and Education Science,2962-5777;2962-1763,true,,
Journal of Public Health Sciences,2961-9106;2961-8681,true,,
Jaqfi : Jurnal Aqidah dan Filsafat Islam,2541-352X;2714-9420,true,,
International Journal of Learning Reformation in Elementary Education,2961-9092;2961-8665,true,,
Smart Society: Community Service and Empowerment Journal,2807-5722;2807-5757,true,,
Journal of English and Education,1978-371X;2830-0947,true,,
Jurnal Pemberdayaan Masyarakat,2962-8091,true,,
Alsina : Journal of Arabic Studies,2622-6138;2622-6146,true,,
Jurnal Lemhannas RI,2252-8555;2830-5728,true,,
Journal of Environment and Sustainability Education,3025-0714,true,,
Indonesian Journal of Social Research (IJSR),2716-5191,true,,
International Journal of Education and Teaching Zone,2963-7899;2830-7925,true,,
JURNAL ILMIAH GEMA PERENCANA,2962-1860,true,,
MUMTAZ : Jurnal Pendidikan Agama Islam,2809-2139;2809-204X,true,,
INTERNATIONAL JOURNAL OF LANGUAGE PEDAGOGY,2797-1783;2777-1229,true,,
Journal of Health and Nutrition Research,2829-9760,true,,
Annals of Human Resource Management Research,2774-8561,true,,
Sciences of Pharmacy,2830-7046;2830-7259,true,,
Review of Islamic Social Finance and Entrepreneurship,2963-847X,true,,
Journal of Central Banking Law and Institutions,2827-7775;2809-9885,true,,
Global South Review,2685-7782;2685-7790,true,,
Lambda: Jurnal Ilmiah Pendidikan MIPA dan Aplikasinya,2809-4409,true,,
Contemporary Quran,2528-7567;2798-7108,true,,
PATTIMURA Legal Journal,2830-2435,true,,
ELKHA : Jurnal Teknik Elektro,1858-1463,true,,
Jurnal Literasi Akuntansi,2810-0921,true,,
Indonesian Journal of Counter Terrorism and National Securit,2829-9027;2829-890X,true,,
MUSHAF: Jurnal Tafsir Berwawasan Keindonesiaan,2774-1877;2774-1885,false,2025-12-31,accreditation expired
Journal of Contemporary Rituals and Traditions,2988-5884,true,,
Prisma Sains: Jurnal Pengkajian Ilmu dan Pembelajaran Matematika dan IPA IKIP Mataram,2540-7899;2338-4530,true,,
Milkiyah: Jurnal Hukum Ekonomi Syariah,2549-8312,true,,
Journal of Applied Nursing and Health,2667-1609;2809-3208,true,,
"Economics, Business, Accounting & Society Review",2810-0018;2810-0115,true,,
Journal of Islamic Economics and Business,2798-8562;2798-4834,true,,
Jurnal Al Burhan,2797-2674;2830-2486,true,,
Applied Research in Science and Technology,2776-7213;2776-7205,true,,
Anglophile Journal,2746-8631,true,,
"Nutriology: Jurnal Pangan, Gizi, Kesehatan",2722-0419,true,,
JPPM (JURNAL PENELITIAN DAN PEMBELAJARAN MATEMATIKA),1979-3545;2528-682X,true,,
Greenation International Journal of Law and Social Sciences,2986-3856;2986-3155,true,,
Greenation International Journal of Economics and Accounting,2986-5336;2986-5050,true,,
Indonesian Educational Administration and Leadership Journal (IDEAL),2686-3596,true,,
Educational Leadership and Management Journal,3031-4712,true,,
Journal of Law and Social Politics,2988-6740,true,,
"Women, Education, and Social Welfare",3064-2469,true,,
Bioactivities,2963-654X,true,,
"Language, Technology, and Social Media",3026-7196,true,,
Jurnal Hukum Unsulbar,2548-8724;2716-0203,true,,
Celebes Journal Of Elementary Education,3031-8858,true,,
Journal of Renewable Energy and Smart Device,3031-173X;3026-216X,true,,
Jurnal Sipakatau,3031-5905;3031-5972,true,,
GLENS: Global English Insights Journal,3026-734X;3026-569X,true,,
Grief and trauma,3025-194X,true,,
Jurnal Sinar Edukasi (JSE),2721-3706;2721-6705,true,,
Jurnal Jaringan Komputer dan Keamanan (JJKK),2721-3951;2721-7655,true,,
Jurnal Ilmu Komputer dan Sistem Informasi (JIKSI),2721-1193,true,,
JET (Journal of Electrical Technology),2502-3624;2598-1099,true,,
Jurnal Manajemen Dakwah (J-MD),2775-1554,true,,
"Interaction, Community Engagement, and Social Environment",3025-0293,true,,
Gawi: Journal of Action Research,2809-1108,true,,
"International Journal of Applied Mathematics, Sciences, and Technology for National Defense",2986-0776;2985-9352,true,,
Journal of Educational Technology and Learning Creativity,3025-3888;3021-7865,true,,
Teaching English as a Foreign Language Journal,2961-9963,true,,
"Alinea: Jurnal Bahasa, Sastra, dan Pengajaran",2809-4204,true,,
IAS Journal of Localities,3026-2879,true,,
International Journal of Hydrological and Environmental for Sustainability,2828-6405;2828-5050,true,,
Bulletin of Educational Management and Innovation,2986-8688,true,,
Business and Applied Management Journal,3024-9201;3024-8094,true,,
JUMPA : Jurnal Manajemen Pendidikan,2721-401X;2721-4028,true,,
Business Innovation Management and Entrepreneurship Journal,3063-0991;3021-8292,true,,
Indonesian Journal of Educational Management and Leadership,2985-7945,true,,
Dynamics of Rural Society Journal,2987-0844,true,,
Pedagogy Review,3025-6771,true,,
Bulletin of Social Studies and Community Development,3025-6798,true,,
UPGRADE: Jurnal Pendidikan Teknologi Informasi,3021-7067,true,,
Pangripta Jurnal Ilmiah Kajian Perencanaan Pembangunan,2620-5785;2615-5702,true,,
AQUACOASTMARINE: Journal of Aquatic & Fisheries Sciences,2829-1751,true,,
International Journal of English Learning and Applied Linguistics (IJELAL),2775-4359,true,,
UNP Journal of Statistics and Data Science,2985-475X,true,,
JPOST: Journal of Prosthetics Orthotics and Science Technology,2962-8016,true,,
The International Journal of Accounting and Business Society,1328-1992;2355-2905,true,,
JEE (Journal of English Education),2459-9719;2597-7091,true,,
"Balance: Jurnal Akuntansi, Auditing, dan Keuangan",1693-9441;2620-4320,true,,
Vifada Management and Social Sciences,2987-1999,true,,
Al'Adzkiya International of Computer Science and Information Technology Journal,2722-0001,true,,
Kharisma: Jurnal Administrasi dan Manajemen Pendidikan,2964-3996,true,,
Advances in Human Resource Management Research,2985-7570,true,,
Nucleus Journal,2964-4097;2964-4100,true,,
Vifada Assumption Journal of Law,2987-1263,true,,
Dirasah: International Journal of Islamic Studies,2986-9250,true,,
International Journal of Educational Narratives,2988-1579;2988-0092,true,,
Journal of Arabic Language Learning and Teaching,2985-4725,true,,
DIDAKTIS: Jurnal Pendidikan Bahasa dan Sastra Indonesia,2986-5956,true,,
Jurnal Testing dan Implementasi Sistem Informasi,2986-7991,true,,
Journal of Public Power,2808-9774;2807-2782,true,,
Journal of Nutrition Explorations,2987-761X,true,,
SOUL : Jurnal Ilmiah Psikologi,1979-259X;2716-134X,true,,
Journal of Ushuluddin and Islamic Thought,2988-7917,true,,
DELIMA: Jurnal Kajian Kebidanan,3025-7913;3025-471X,true,,
Jurnal Pustaka Indonesia,2797-8915,true,,
Indonesian Science Education Journal (ISEJ),2716-3350,true,,
Ghaitsa: Islamic Education Journal,2721-1592,true,,
Dawuh: Islamic Communication Journal,2722-7898,true,,
Sharia Economic and Management Business Journal (SEMBJ),2774-2679,true,,
INPHARNMED Journal (Indonesian Pharmacy and Natural Medicine Journal),2580-7269,true,,
"Research in Education, Technology, and Multiculture",3025-6763,true,,
"Kasta: Jurnal Ilmu Sosial, Agama, Budaya dan Terapan",2809-4166,true,,
Al Irsyad: Jurnal Studi Islam,2963-1009;2961-9025,true,,
"Indonesian Journal of Research in Physical Education, Sport, and Health",2986-8831,true,,
Datokarama English Education Journal (deejournal),2723-4967,true,,
Journal of Fuzzy Systems and Control (JFSC),2986-6537,true,,
Ovozoa: Journal of Animal Reproduction,2302-6464;2722-967X,true,,
Pharmacy Reports,2798-9798,true,,
Government & Resilience,3032-7601;3032-2820,true,,
Journal of Computing Theories and Applications,3024-9104,true,,
Muslim English Literature,2961-7502;2962-8199,true,,
Control Systems and Optimization Letters,2985-6116,true,,
Nutrition Science and Health Research,2962-5726,true,,
Journal of Business Management and Economic Development,2986-9072,true,,
Jurnal Perpajakan dan Keuangan Publik,2986-0814,true,,
Paedagogi: Jurnal Kajian Ilmu Pendidikan (e-journal),2085-9880;2407-7445,true,,
JPE : Journal of Primary Education,2964-3465;2776-6047,true,,
"Indonesian Journal of Religion, Spirituality, and Humanity",2830-7704;2962-665X,true,,
Jurnal Statistika dan Komputasi (STATKOM),2963-038X;2963-0398,true,,
Syura: Journal of Law,2986-5670,true,,
Journal of Mathematics and Scientific Computing With Applications,2798-5512;2798-5776,true,,
Amanisal: Jurnal Teknologi dan Manajemen Perikanan Tangkap,2085-5109;2988-3172,true,,
Jurnal Pendidikan Teknologi Informasi dan Komunikasi,2963-1963,true,,
Jurnal Ilmiah Pengabdian Masyarakat Bidang Kesehatan,2986-2698,true,,
Indonesian Educational Research Journal,3025-0757,true,,
International Archives of Medical Sciences and Public Health,2798-561X;2798-5172,true,,
Pinisi Journal of Entrepreneurship Review,2986-5190;2986-5700,true,,
Indonesian Journal of Business and Entrepreneurship Research,2985-4636;2985-4644,true,,
Referensi Islamika: Jurnal Studi Islam,2988-4888;2988-6430,true,,
Jurnal Pendidikan Terapan,2985-3214;2964-3171,true,,
International Journal of Educational Practice and Policy,2988-487X;2988-6716,true,,
Indonesian Journal of Taxation and Accounting,2988-4896;2988-6422,true,,
Indonesian Journal of Enterprise Architecture,3025-6410;3025-6402,true,,
Fundamental and Applied Management Journal,2988-6333;2988-6341,true,,
"Journal of Economics, Entrepreneurship, Management Business and Accounting",2985-3222;2985-3168,true,,
"Journal of Vocational, Informatics and Computer Education",2988-4918;2988-6325,true,,
Journal of Educational Studies,3031-4232,true,,
English Education Journal,3025-9789,true,,
MEDICA (International Medical Scientific Journal),2622-6596;2622-660X,true,,
International Transactions on Education Technology (ITEE),2963-6078;2963-1947,true,,
Skyhawk: Jurnal Aviasi Indonesia,2776-3854,true,,
Media of Health Research,2987-7784,true,,
Journal of Economics and Management,2987-7407,true,,
AML/CFT Journal The Journal of Anti Money Laundering and Countering the Financing of Terrorism,2963-220X;2964-626X,true,,
Jurnal Nispatti,2621-6094,true,,
Jurnal Indovisi,2615-4234;2615-3254,true,,
Journal of Agriculture and Applied Biology,2723-5106,false,2024-12-31,accreditation expired
Bustanul Ulum Journal of Islamic Education,2988-5779;2988-1994,true,,
Narra J,2807-2618,true,,
Indonesian Journal for Islamic Studies,3025-0684,true,,
Indonesian Journal of Health Research and Development,2987-9671,true,,
Jurnal Perencanaan Wilayah dan Kota,0853-9847;2442-3866,true,,
USRATY : Journal of Islamic Family Law,3026-7404,true,,
Unnes Journal of Public Health,2548-7604;2252-6781,true,,
Journal of Rural Community Nursing Practice,2986-8424;2986-7401,true,,
Chatra: Jurnal Pendidikan dan Pengajaran,3025-8065,true,,
Journal of Materials Exploration and Findings (JMEF),2962-5475,true,,
Indonesian Journal of Material Research,2987-1654,true,,
Tanjungpura Journal of Coaching Research,2988-4942,true,,
Journal of Educational Management and Strategy,2964-4283,true,,
Indonesian Journal of Pedagogy and Teacher Education,3025-8359,true,,
Journal of Education For Sustainable Innovation,3025-1052,true,,
Journal of Technology Informatics and Engineering,2961-9068;2961-8215,true,,
Bioscientia Medicina : Journal of Biomedicine and Translational Research,2598-0580,true,,
"Dharmakirti : International Journal of Religion, Mind and Science",3030-8518,true,,
Journal of Smart Agriculture and Environmental Technology,3021-8802,true,,
The International Journal of Financial Systems,3025-8480;3025-8537,true,,
Legalis : Journal of Law Review,3030-8658,true,,
Moneta : Journal of Economics and Finance,3030-8666,true,,
Journal of Education and Science (EDUSAINS),3030-8267,true,,
ELT Forum: Journal of English Language Teaching,2252-6706,true,,
