name,issns,active,withdrawn_date,withdrawal_reason
Communications of the ACM,0001-0782,true,,
AIChE journal,0001-1541,true,,
ASHRAE journal,0001-2491,true,,
Anais da Academia Brasileira de Ciências (Impresso) = Annals of the Brazilian Academy of Sciences,0001-3765,true,,
Bulletin de l'Académie nationale de médecine,0001-4079,true,,
Academy of Management journal,0001-4273,true,,
Accident analysis and prevention,0001-4575,true,,
The Accounting review,0001-4826,true,,
The Journal of the Acoustical Society of America,0001-4966,true,,
Acta anaesthesiologica Scandinavica,0001-5172,true,,
Acta biotheoretica,0001-5342,true,,
Acta cardiologica (Imprimé),0001-5385,true,,
Acta chirurgica Belgica (Ed. bilingue),0001-5458,true,,
Acta dermato-venereologica (Print),0001-5555,true,,
Acta haematologica,0001-5792,true,,
Acta musicologica (Basel. Print),0001-6241,true,,
Acta neurochirurgica,0001-6268,true,,
Acta neuropathologica,0001-6322,true,,
Acta obstetricia et gynecologica Scandinavica,0001-6349,true,,
Acta oto-laryngologica,0001-6489,true,,
Acta psychiatrica Scandinavica,0001-690X,true,,
Acta psychologica,0001-6918,true,,
Acta sociologica (Trykt utg.),0001-6993,true,,
Acta tropica (Print),0001-706X,true,,
General relativity and gravitation,0001-7701,true,,
Behavior genetics,0001-8244,true,,
Advances in Applied Probability,0001-8678,true,,
Journal of vocational behavior (Print),0001-8791,true,,
Africa (London. 1928),0001-9720,true,,
African affairs (London),0001-9909,true,,
Age and ageing,0002-0729,true,,
Agricultural history,0002-1482,true,,
Agricultural history review,0002-1490,true,,
Agronomy journal (Print),0002-1962,true,,
Algebra universalis (Print),0002-5240,true,,
Journal of the American Academy of Religion,0002-7189,true,,
"American annals of the deaf (Washington, D.C. 1886. Print)",0002-726X,true,,
American anthropologist,0002-7294,true,,
American antiquity,0002-7316,true,,
American behavioral scientist (Beverly Hills),0002-7642,true,,
Journal of the American Ceramic Society,0002-7820,true,,
Journal of the American Chemical Society (Print),0002-7863,true,,
The American economic review,0002-8282,true,,
American family physician (1970),0002-838X,true,,
Journal of the American Geriatrics Society,0002-8614,true,,
The American heart journal,0002-8703,true,,
American journal of agricultural economics,0002-9092,true,,
American journal of archaeology,0002-9114,true,,
American journal of botany,0002-9122,true,,
The American journal of cardiology,0002-9149,true,,
The American journal of clinical nutrition,0002-9165,true,,
The American journal of comparative law,0002-919X,true,,
American journal of epidemiology,0002-9262,true,,
The American journal of gastroenterology,0002-9270,true,,
American journal of human genetics,0002-9297,true,,
American journal of international law,0002-9300,true,,
The American journal of medicine,0002-9343,true,,
American journal of obstetrics and gynecology (Print),0002-9378,true,,
American journal of ophthalmology,0002-9394,true,,
American journal of pharmaceutical education,0002-9459,true,,
American journal of philology (Print),0002-9475,true,,
The American journal of psychiatry,0002-953X,true,,
American journal of sociology,0002-9602,true,,
The American journal of surgery,0002-9610,true,,
The American journal of tropical medicine and hygiene,0002-9637,true,,
American journal of veterinary research,0002-9645,true,,
The American mathematical monthly,0002-9890,true,,
Bulletin of the American Meteorological Society,0003-0007,true,,
Journal of the American Oil Chemists' Society,0003-021X,true,,
Journal of the American Oriental Society,0003-0279,true,,
The American political science review,0003-0554,true,,
Journal of the American Psychoanalytic Association,0003-0651,true,,
The American psychologist,0003-066X,true,,
The Bulletin of the American Society of Papyrologists (Printed),0003-1186,true,,
American sociological review,0003-1224,true,,
American speech,0003-1283,true,,
The American statistician,0003-1305,true,,
Anaesthesia,0003-2409,true,,
Analysis (Oxford. Print),0003-2638,true,,
Analyst (London. 1877. Print),0003-2654,true,,
Analytica chimica acta (Print),0003-2670,true,,
Analytical biochemistry (Print),0003-2697,true,,
Analytical chemistry (Washington),0003-2700,true,,
Anesthesia and analgesia,0003-2999,true,,
Anesthesiology (Philadelphia),0003-3022,true,,
Angiology,0003-3197,true,,
Animal behaviour (Print),0003-3472,true,,
Annals of science,0003-3790,true,,
Annalen der Physik (Leipzig),0003-3804,true,,
Annales historiques de la Révolution française,0003-4436,true,,
Annals of human genetics (Print),0003-4800,true,,
Annals of internal medicine,0003-4819,true,,
"The Annals of otology, rhinology & laryngology",0003-4894,true,,
Annals of surgery,0003-4932,true,,
Annals of the rheumatic diseases,0003-4967,true,,
The annals of thoracic surgery,0003-4975,true,,
L'Année psychologique,0003-5033,true,,
Anthropological quarterly (Print),0003-5491,true,,
L'Anthropologie (Paris),0003-5521,true,,
Antiquity,0003-598X,true,,
Applied acoustics = Angewandte Akustik,0003-682X,true,,
Applied economics (Print),0003-6846,true,,
Applied Ergonomics,0003-6870,true,,
Applied physics letters,0003-6951,true,,
Applied spectroscopy,0003-7028,true,,
Arcadia (Berlin),0003-7982,true,,
Archaeometry,0003-813X,true,,
Architectural design,0003-8504,true,,
Architectural review (London),0003-861X,true,,
Archiv für das Studium der neueren Sprachen und Literaturen,0003-8970,true,,
Archiv für Geschichte der Philosophie,0003-9101,true,,
Archiv für Musikwissenschaft,0003-9292,true,,
Archive for history of exact sciences (Print),0003-9519,true,,
Archives européennes de sociologie = Europäisches Archiv für Soziologie,0003-9756,true,,
Archives of disease in childhood,0003-9888,true,,
Archives of oral biology (Print),0003-9969,true,,
Archives of pathology & laboratory medicine (1976),0003-9985,true,,
Archives of physical medicine and rehabilitation (Print),0003-9993,true,,
Archives of sexual behavior,0004-0002,true,,
Archivos latinoamericanos de nutrición,0004-0622,true,,
Area (London 1969),0004-0894,true,,
Arethusa (Print),0004-0975,true,,
Artificial intelligence (General ed.),0004-3702,true,,
"The Astronomical journal (New York, N.Y.)",0004-6256,true,,
Astronomische Nachrichten (Print) = Astronomical notes (Print),0004-6337,true,,
The Astrophysical journal,0004-637X,true,,
Athenaeum,0004-6574,true,,
Australian and New Zealand journal of psychiatry (Print),0004-8674,true,,
Australian Geographer,0004-9182,true,,
Australian journal of French studies,0004-9468,true,,
Australian journal of psychology,0004-9530,true,,
Australian psychologist,0005-0067,true,,
Automatica (Oxford),0005-1098,true,,
Biochimica et biophysica acta. Biomembranes,0005-2736,true,,
Behavior therapy,0005-7894,true,,
Journal of behavior therapy and experimental psychiatry,0005-7916,true,,
Behaviour (Leiden. Print),0005-7959,true,,
Behaviour research and therapy,0005-7967,true,,
Beiträge zur Geschichte der deutschen Sprache und Literatur (Tübingen),0005-8076,true,,
Berliner und Münchener tierärztliche Wochenschrift (1946),0005-9366,true,,
Biblica (Roma. Testo stampato),0006-0887,true,,
The Papers of the Bibliographical Society of America,0006-128X,true,,
Bibliothèque d'Humanisme et Renaissance,0006-1999,true,,
Biblische Zeitschrift,0006-2014,true,,
"Bijdragen tot de taal-, land- en volkenkunde (Print) = Journal of the Royal Institute of Linguistics and Anthropology",0006-2294,true,,
Biochemical and biophysical research communications (Print),0006-291X,true,,
Biochemical pharmacology,0006-2952,true,,
Biological conservation,0006-3207,true,,
Biological psychiatry (1969),0006-3223,true,,
Biology of reproduction,0006-3363,true,,
Biometrics,0006-341X,true,,
Biometrika,0006-3444,true,,
Biopolymers (Print),0006-3525,true,,
Bioscience (Print),0006-3568,true,,
Biotechnology and bioengineering (Print),0006-3592,true,,
Blood,0006-4971,true,,
Blumea (Leiden. Print),0006-5196,true,,
The Botanical review,0006-8101,true,,
Brain (Print),0006-8950,true,,
Brain research (Print),0006-8993,true,,
British journal for the philosophy of science,0007-0882,true,,
British journal of aesthetics,0007-0904,true,,
British journal of anaesthesia,0007-0912,true,,
British journal of cancer,0007-0920,true,,
British journal of criminology,0007-0955,true,,
British journal of dermatology (1951. Print),0007-0963,true,,
British journal of educational psychology,0007-0998,true,,
British journal of educational studies (Print),0007-1005,true,,
British journal of educational technology (Print),0007-1013,true,,
British journal of haematology (Print),0007-1048,true,,
British journal of industrial relations (Print),0007-1080,true,,
British journal of mathematical & statistical psychology,0007-1102,true,,
British journal of nutrition,0007-1145,true,,
British journal of ophthalmology,0007-1161,true,,
British journal of pharmacology,0007-1188,true,,
British journal of political science (Print),0007-1234,true,,
British journal of psychiatry (Print),0007-1250,true,,
British journal of psychology (1953),0007-1269,true,,
British journal of radiology,0007-1285,true,,
British journal of sociology (Print),0007-1315,true,,
British journal of surgery (Print),0007-1323,true,,
British medical bulletin,0007-1420,true,,
British poultry science (Print),0007-1668,true,,
JBSP. Journal of the British Society for Phenomenology,0007-1773,true,,
Brookings papers on economic activity (Print),0007-2303,true,,
Bulletin of the history of medicine,0007-5140,true,,
Burlington magazine,0007-6287,true,,
Business history,0007-6791,true,,
Byzantinische Zeitschrift,0007-7704,true,,
Cahiers de civilisation médiévale,0007-9731,true,,
California management review,0008-1256,true,,
Canadian journal of agricultural economics = Revue canadienne d'économie rurale,0008-3976,true,,
Canadian journal of economics = Revue canadienne d'économique,0008-4085,true,,
Canadian journal of linguistics,0008-4131,true,,
Canadian journal of public health = Revue canadienne de santé publique,0008-4263,true,,
Canadian modern language review = Revue canadienne des langues vivantes,0008-4506,true,,
Canadian veterinary journal = Revue vétérinaire canadienne,0008-5286,true,,
Cancer (Print),0008-543X,true,,
"Cancer research (Chicago, Ill.)",0008-5472,true,,
Carbon,0008-6223,true,,
Cardiology,0008-6312,true,,
Cardiovascular research,0008-6363,true,,
Caries research,0008-6568,true,,
Cartographic journal,0008-7041,true,,
Cement and concrete research (Print),0008-8846,true,,
Central Asiatic journal,0008-9192,true,,
Central European history,0008-9389,true,,
Cereal chemistry,0009-0352,true,,
Chemical engineering science,0009-2509,true,,
Chemical geology,0009-2541,true,,
Chemical physics letters (Print),0009-2614,true,,
Chemical reviews,0009-2665,true,,
Chemico-biological interactions (Print),0009-2797,true,,
Chemistry and physics of lipids (Print),0009-3084,true,,
Child development,0009-3920,true,,
Child psychiatry and human development,0009-398X,true,,
Chimia (Basel),0009-4293,true,,
Journal of the Chinese Chemical Society (Taipei) = Zhōngguó huàxuéhuì huìzhì,0009-4536,true,,
Church history,0009-6407,true,,
"Circulation (New York, N.Y.)",0009-7322,true,,
Circulation research,0009-7330,true,,
Classical philology,0009-837X,true,,
Classical quarterly,0009-8388,true,,
Classical review,0009-840X,true,,
The Classical world,0009-8418,true,,
Clinica chimica acta (Print),0009-8981,true,,
Clinical biochemistry,0009-9120,true,,
"Clinical chemistry (Baltimore, Md.)",0009-9147,true,,
Clinical genetics,0009-9163,true,,
Clinical orthopaedics and related research,0009-921X,true,,
Clinical pediatrics,0009-9228,true,,
Clinical pharmacology and therapeutics,0009-9236,true,,
Cognition (The Hague),0010-0277,true,,
Cognitive psychology (Print),0010-0285,true,,
Colloquia germanica,0010-1338,true,,
Combustion and flame,0010-2180,true,,
Community mental health journal,0010-3853,true,,
Comparative education review,0010-4086,true,,
Comparative literature,0010-4124,true,,
Comparative political studies,0010-4140,true,,
Comparative studies in society and history (Print),0010-4175,true,,
Comprehensive psychiatry (Print),0010-440X,true,,
Computer Aided Design,0010-4485,true,,
Computer journal (Print),0010-4620,true,,
Computer physics communications,0010-4655,true,,
Computers in biology and medicine,0010-4825,true,,
Computing (Wien. Print),0010-485X,true,,
Conradiana,0010-6356,true,,
Contemporary literature,0010-7484,true,,
Contraception (Stoneham),0010-7824,true,,
Coordination chemistry reviews (Print),0010-8545,true,,
Corrosion science,0010-938X,true,,
Cortex (Testo stampato),0010-9452,true,,
Criticism (Detroit),0011-1589,true,,
Critique (Revue),0011-1600,true,,
Critique - Bolingbroke Society,0011-1619,true,,
Current anthropology,0011-3204,true,,
Current history (1941),0011-3530,true,,
International journal of dermatology,0011-9059,true,,
Deutsche Zeitschrift für Philosophie (Print),0012-1045,true,,
Developing economies,0012-1533,true,,
Development and change (Print),0012-155X,true,,
Developmental medicine and child neurology (Print),0012-1622,true,,
Developmental psychobiology (Print),0012-1630,true,,
Developmental psychology,0012-1649,true,,
"Diabetes (New York, N.Y.)",0012-1797,true,,
Diabetologia (Berlin),0012-186X,true,,
Dialectica (Bern),0012-2017,true,,
Dialogue - Canadian Philosophical Association,0012-2173,true,,
Discrete mathematics,0012-365X,true,,
Chest (American College of Chest Physicians),0012-3692,true,,
Diseases of the colon & rectum,0012-3706,true,,
Drugs (Basel),0012-6667,true,,
Du (1967),0012-6837,true,,
Earth and planetary science letters,0012-821X,true,,
Earth-science reviews,0012-8252,true,,
Eastern European economics,0012-8775,true,,
"Ecology (Brooklyn, New York, N.Y.)",0012-9658,true,,
Econometrica,0012-9682,true,,
Economic development and cultural change,0013-0079,true,,
Economic geography,0013-0095,true,,
Economic history review,0013-0117,true,,
Economic journal (London. Print),0013-0133,true,,
Economic record,0013-0249,true,,
Economica (London. Print),0013-0427,true,,
Economist (Amsterdam),0013-063X,true,,
The Ecumenical review,0013-0796,true,,
Education and urban society,0013-1245,true,,
Educational administration quarterly,0013-161X,true,,
Educational and psychological measurement,0013-1644,true,,
Educational research (Windsor. Print),0013-1881,true,,
Educational review (Birmingham),0013-1911,true,,
Eighteenth-century studies,0013-2586,true,,
Ekonomický časopis = Journal of Economics,0013-3035,true,,
Journal of the Electrochemical Society,0013-4651,true,,
Electrochimica acta,0013-4686,true,,
Electronics letters,0013-5194,true,,
The Elementary school journal,0013-5984,true,,
L'Encéphale (Paris),0013-7006,true,,
Endocrinology (Philadelphia),0013-7227,true,,
Endoscopy (Stuttgart),0013-726X,true,,
Engineering fracture mechanics,0013-7944,true,,
Engineering geology,0013-7952,true,,
English historical review,0013-8266,true,,
English studies (Amsterdam),0013-838X,true,,
Entomologia experimentalis et applicata,0013-8703,true,,
"Environment (Washington, D.C.)",0013-9157,true,,
"Environmental research (New York, N.Y. Print)",0013-9351,true,,
Environmental science & technology,0013-936X,true,,
Epilepsia (Copenhagen),0013-9580,true,,
Ergonomics (London. Print),0014-0139,true,,
Esprit (1940),0014-0759,true,,
L'Esprit créateur,0014-0767,true,,
Essays in criticism,0014-0856,true,,
Ethics,0014-1704,true,,
Les Etudes classiques (Namur),0014-200X,true,,
Etudes françaises (Montréal),0014-2085,true,,
Études germaniques,0014-2115,true,,
Europe (Paris. 1923),0014-2751,true,,
European economic review,0014-2921,true,,
European journal of clinical investigation (Print),0014-2972,true,,
European neurology (Print),0014-3022,true,,
European Polymer Journal,0014-3057,true,,
European surgical research = Recherches chirurgicales européennes,0014-312X,true,,
Evolution psychiatrique,0014-3855,true,,
Experimental agriculture (Print),0014-4797,true,,
Experimental brain research = Experimentelle Hirnforschung,0014-4819,true,,
Experimental cell research,0014-4827,true,,
Experimental Eye Research,0014-4835,true,,
Experimental mechanics,0014-4851,true,,
Experimental neurology,0014-4886,true,,
Experimental parasitology,0014-4894,true,,
Explorations in economic history (Print),0014-4983,true,,
Expository times,0014-5246,true,,
Extrapolation,0014-5483,true,,
Forum italicum,0014-5858,true,,
Fabula,0014-6242,true,,
Family process,0014-7370,true,,
Fertility and sterility,0015-0282,true,,
Fiddlehead,0015-0630,true,,
Film quarterly,0015-1386,true,,
Finance a úvěr (Print) = Czech Journal of the Economics and Finance,0015-1920,true,,
Fire technology,0015-2684,true,,
Die Fleischwirtschaft (Frankfurt),0015-363X,true,,
Fontes artis musicae,0015-6191,true,,
"Foreign affairs (New York, N.Y.)",0015-7120,true,,
Foreign language annals,0015-718X,true,,
Forum for modern language studies,0015-8518,true,,
Foundations of physics,0015-9018,true,,
French historical studies,0016-1071,true,,
Fuel (Guildford),0016-2361,true,,
Futures (London),0016-3287,true,,
"Gastroenterology (New York, N.Y. 1943)",0016-5085,true,,
General and comparative endocrinology (Print),0016-6480,true,,
Geochimica et cosmochimica acta (Print),0016-7037,true,,
Geoderma (Amsterdam),0016-7061,true,,
Geoforum,0016-7185,true,,
Geographical analysis,0016-7363,true,,
Geographical journal,0016-7398,true,,
Geographical review,0016-7428,true,,
Geological Society of America bulletin,0016-7606,true,,
The George Washington law review,0016-8076,true,,
German life and letters (Print),0016-8777,true,,
The German quarterly,0016-8831,true,,
Germanisch-romanische Monatsschrift,0016-8904,true,,
The Gerontologist,0016-9013,true,,
The Gifted child quarterly,0016-9862,true,,
Glotta (Göttingen),0017-1298,true,,
Gnomon (München),0017-1417,true,,
Government and opposition (London),0017-257X,true,,
Grana (Print),0017-3134,true,,
Greece and Rome,0017-3835,true,,
"Greek, Roman and Byzantine studies",0017-3916,true,,
Growth and change,0017-4815,true,,
Gut,0017-5749,true,,
HNO (Berlin. Print),0017-6192,true,,
Harvard business review,0017-8012,true,,
Harvard international law journal,0017-8063,true,,
Harvard theological review,0017-8160,true,,
Health physics (1958),0017-9078,true,,
Health services research,0017-9124,true,,
International Journal of Heat and Mass Transfer (Print),0017-9310,true,,
Heredity (Edinburgh. Print),0018-067X,true,,
Hermes (Wiesbaden),0018-0777,true,,
Heythrop journal (Print),0018-1196,true,,
Higher education (Amsterdam. Print),0018-1560,true,,
Hispanófila,0018-2206,true,,
Histoire sociale = Social history,0018-2257,true,,
Historia (Wiesbaden),0018-2311,true,,
Historical journal (London. Print),0018-246X,true,,
History and theory,0018-2656,true,,
Homo (Stuttgart),0018-442X,true,,
Hormone and metabolic research = Hormon- und Stoffwechselforschung,0018-5043,true,,
Hormones and behavior (Print),0018-506X,true,,
Human factors,0018-7208,true,,
Human organization,0018-7259,true,,
Human relations (New York),0018-7267,true,,
Hydrobiologia (The Hague. Print),0018-8158,true,,
"Computer (Long Beach, Calif. Print)",0018-9162,true,,
Proceedings of the IEEE,0018-9219,true,,
IEEE transactions on aerospace and electronic systems,0018-9251,true,,
IEEE transactions on biomedical engineering (Print),0018-9294,true,,
IEEE transactions on education,0018-9359,true,,
IEEE transactions on engineering management,0018-9391,true,,
IEEE transactions on instrumentation and measurement,0018-9456,true,,
IEEE transactions on magnetics,0018-9464,true,,
IEEE transactions on vehicular technology,0018-9545,true,,
International philosophical quarterly,0019-0365,true,,
Ibis (London. 1859),0019-1019,true,,
"Icarus (New York, N.Y. 1962)",0019-1035,true,,
Indian economic and social history review,0019-4646,true,,
Indogermanische Forschungen,0019-7262,true,,
Industrial & labor relations review,0019-7939,true,,
Industrial Health,0019-8366,true,,
Industrial marketing management,0019-8501,true,,
Infection and immunity (Print),0019-9567,true,,
Information sciences (Print),0020-0255,true,,
Injury,0020-1383,true,,
Inorganic chemistry,0020-1669,true,,
Inquiry (Oslo),0020-174X,true,,
Insectes sociaux (Imprimé),0020-1812,true,,
Transactions - Institute of British Geographers (1965),0020-2754,true,,
Annals of the Institute of Statistical Mathematics,0020-3157,true,,
Instructional science,0020-4277,true,,
Insula (Madrid),0020-4536,true,,
International affairs (London. 1944. Print),0020-5850,true,,
International economic review (Philadelphia),0020-6598,true,,
International journal for philosophy of religion (Print),0020-7047,true,,
International journal of biometeorology (Print),0020-7128,true,,
International journal of cancer (Print) = Journal international du cancer,0020-7136,true,,
International Journal of Computer Mathematics,0020-7160,true,,
International journal of game theory (Print),0020-7276,true,,
International journal of group psychotherapy,0020-7284,true,,
International journal of gynaecology and obstetrics,0020-7292,true,,
International journal of Middle East studies,0020-7438,true,,
International journal of nursing studies,0020-7489,true,,
International Journal for Parasitology,0020-7519,true,,
International journal of production research (Print),0020-7543,true,,
The international journal of psycho-analysis,0020-7578,true,,
International journal of psychology (Print) = Journal international de psychologie,0020-7594,true,,
International journal of social psychiatry,0020-7640,true,,
International journal of solids and structures,0020-7683,true,,
International journal of theoretical physics,0020-7748,true,,
International labour review,0020-7780,true,,
International migration (Geneva. Print) = Migraciones internacionales,0020-7985,true,,
International organization (Print),0020-8183,true,,
International review of administrative sciences,0020-8523,true,,
International review of social history (Print),0020-8590,true,,
International social work,0020-8728,true,,
International studies quarterly (Print),0020-8833,true,,
Interpretation (The Hague),0020-9635,true,,
Investigative radiology,0020-9996,true,,
Irish university review,0021-1427,true,,
"Isis (Chicago, Ill.)",0021-1753,true,,
Israel exploration journal,0021-2059,true,,
Journal of economic issues,0021-3624,true,,
James Joyce quarterly,0021-4183,true,,
Japanese journal of ophthalmology (Print),0021-5155,true,,
Japanese psychological research (Print),0021-5368,true,,
Journal for the scientific study of religion,0021-8294,true,,
Journal for the theory of social behaviour (Print),0021-8308,true,,
Journal of accounting research,0021-8456,true,,
Journal of advertising research,0021-8499,true,,
The Journal of aesthetic education (Print),0021-8510,true,,
The Journal of aesthetics and art criticism (Print),0021-8529,true,,
Journal of African history (Print),0021-8537,true,,
Journal of agricultural and food chemistry,0021-8561,true,,
Journal of American studies (Print),0021-8758,true,,
Journal of anatomy (Print),0021-8782,true,,
Journal of animal ecology (Print),0021-8790,true,,
Journal of animal science,0021-8812,true,,
Journal of applied ecology (Print),0021-8901,true,,
Journal of applied electrochemistry,0021-891X,true,,
Journal of applied physics,0021-8979,true,,
Journal of applied polymer science (Print),0021-8995,true,,
Journal of applied psychology,0021-9010,true,,
Journal of applied social psychology,0021-9029,true,,
Journal of Asian history,0021-910X,true,,
The Journal of Asian studies,0021-9118,true,,
Atherosclerosis (Amsterdam),0021-9150,true,,
Journal of Biblical literature,0021-9231,true,,
Journal of biological education,0021-9266,true,,
Journal of biomechanics,0021-9290,true,,
Journal of biosocial science (Print),0021-9320,true,,
Journal of bone and joint surgery. American volume (Print ed.),0021-9355,true,,
The Journal of British studies,0021-9371,true,,
Journal of Cardiovascular Surgery (Print),0021-9509,true,,
Journal of catalysis (Print),0021-9517,true,,
Journal of cell science,0021-9533,true,,
Journal of cellular physiology (Print),0021-9541,true,,
The Journal of chemical physics,0021-9606,true,,
Journal of chromatography (Print),0021-9673,true,,
Journal of church and state,0021-969X,true,,
The Journal of clinical endocrinology and metabolism,0021-972X,true,,
The Journal of clinical investigation,0021-9738,true,,
Journal of clinical pathology,0021-9746,true,,
Journal of clinical psychology (Print),0021-9762,true,,
Journal of colloid and interface science (Print),0021-9797,true,,
Journal of communication,0021-9916,true,,
Journal of communication disorders,0021-9924,true,,
Journal of comparative neurology (1911),0021-9967,true,,
Journal of comparative pathology,0021-9975,true,,
The Journal of conflict resolution,0022-0027,true,,
Journal of consulting and clinical psychology,0022-006X,true,,
The journal of consumer affairs,0022-0078,true,,
Journal of contemporary history,0022-0094,true,,
Journal of counseling psychology,0022-0167,true,,
The Journal of creative behavior,0022-0175,true,,
Journal of cross-cultural psychology,0022-0221,true,,
Journal of curriculum studies (Print),0022-0272,true,,
Journal of dairy science,0022-0302,true,,
Journal of dental research,0022-0345,true,,
Journal of development studies,0022-0388,true,,
Journal of documentation,0022-0418,true,,
Journal of drug issues,0022-0426,true,,
Journal of ecclesiastical history (Print),0022-0469,true,,
Journal of ecology (Print),0022-0477,true,,
The Journal of economic education,0022-0485,true,,
The journal of economic history,0022-0507,true,,
Journal of economic literature,0022-0515,true,,
Journal of economic theory (Print),0022-0531,true,,
Journal of educational psychology,0022-0663,true,,
"The Journal of educational research (Washington, D.C.)",0022-0671,true,,
Journal of electrocardiology (Print),0022-0736,true,,
Journal of Endocrinology,0022-0795,true,,
Journal of experimental biology,0022-0949,true,,
Journal of experimental botany,0022-0957,true,,
Journal of experimental child psychology (Print),0022-0965,true,,
The Journal of experimental education,0022-0973,true,,
Journal of experimental marine biology and ecology,0022-0981,true,,
The Journal of experimental medicine,0022-1007,true,,
Journal of experimental social psychology (Print),0022-1031,true,,
The Journal of finance (New York. Print),0022-1082,true,,
Journal of financial and quantitative analysis,0022-1090,true,,
Journal of food science,0022-1147,true,,
Journal of Food Science and Technology,0022-1155,true,,
Journal of forensic sciences,0022-1198,true,,
The Journal of general psychology,0022-1309,true,,
Journal of general virology (Print),0022-1317,true,,
The Journal of genetic psychology,0022-1325,true,,
Journal of Glaciology,0022-1430,true,,
Journal of health and social behavior,0022-1465,true,,
Journal of Helminthology,0022-149X,true,,
Journal of heredity,0022-1503,true,,
Journal of heterocyclic chemistry,0022-152X,true,,
The Journal of human resources,0022-166X,true,,
Journal of humanistic psychology,0022-1678,true,,
Journal of hydrology (Amsterdam),0022-1694,true,,
The Journal of immunology (1950),0022-1767,true,,
Journal of industrial economics (Print),0022-1821,true,,
The Journal of infectious diseases,0022-1899,true,,
Journal of insect physiology,0022-1910,true,,
Journal of international economics (Print),0022-1996,true,,
Journal of investigative dermatology,0022-202X,true,,
Journal of Jewish studies,0022-2097,true,,
Journal of laryngology and otology,0022-2151,true,,
Journal of Latin American studies (Print),0022-216X,true,,
The Journal of law & economics,0022-2186,true,,
Journal of leisure research,0022-2216,true,,
Journal of linguistics (Print),0022-2267,true,,
Journal of lipid research (Print),0022-2275,true,,
Journal of management studies (Oxford. Print),0022-2380,true,,
Journal of marketing,0022-2429,true,,
Journal of marketing research,0022-2437,true,,
Journal of marriage and the family,0022-2445,true,,
Journal of materials science,0022-2461,true,,
Journal of mathematical analysis and applications (Print),0022-247X,true,,
Journal of mathematical physics,0022-2488,true,,
Journal of mathematical psychology (Print),0022-2496,true,,
Journal of mathematical sociology,0022-250X,true,,
Journal of Medical Microbiology,0022-2615,true,,
Journal of medicinal chemistry,0022-2623,true,,
Journal of microscopy (Print),0022-2720,true,,
Journal of Modern African studies (Print),0022-278X,true,,
Journal of molecular structure (Print),0022-2860,true,,
"Journal of money, credit and banking",0022-2879,true,,
Journal of motor behavior,0022-2895,true,,
Journal of Near Eastern studies,0022-2968,true,,
The journal of nervous and mental disease (Print),0022-3018,true,,
Journal of neurochemistry,0022-3042,true,,
"Journal of neurology, neurosurgery and psychiatry",0022-3050,true,,
Journal of neuropathology and experimental neurology,0022-3069,true,,
Journal of neurophysiology,0022-3077,true,,
Journal of non-crystalline solids,0022-3093,true,,
Journal of nuclear materials = Journal des matériaux nucléaires,0022-3115,true,,
Journal of number theory (Print),0022-314X,true,,
The Journal of nutrition (Print),0022-3166,true,,
Journal of optimization theory and applications,0022-3239,true,,
Journal of organic chemistry,0022-3263,true,,
Journal of pathology (Print),0022-3417,true,,
Journal of peace research,0022-3433,true,,
The Journal of pediatrics,0022-3476,true,,
Journal of periodontal research,0022-3484,true,,
Journal of personality,0022-3506,true,,
Journal of personality and social psychology,0022-3514,true,,
Journal of petrology (Print),0022-3530,true,,
Journal of pharmaceutical sciences,0022-3549,true,,
Journal of pharmacy and pharmacology,0022-3573,true,,
Journal of philosophical logic (Print),0022-3611,true,,
The Journal of philosophy,0022-362X,true,,
"Journal of physics. D, Applied physics (Print)",0022-3727,true,,
Journal of physiology (London. Print),0022-3751,true,,
Journal of political economy,0022-3808,true,,
The Journal of politics,0022-3816,true,,
Journal of popular culture,0022-3840,true,,
Journal of personality assessment,0022-3891,true,,
The Journal of prosthetic dentistry (Print),0022-3913,true,,
Journal of psychiatric research,0022-3956,true,,
The Journal of psychology,0022-3980,true,,
Journal of psychosomatic research (Print),0022-3999,true,,
Journal of quality technology,0022-4065,true,,
Journal of regional science,0022-4146,true,,
The journal of religion,0022-4189,true,,
Journal of religion and health,0022-4197,true,,
Journal of religious history (Print),0022-4227,true,,
Journal of retailing,0022-4359,true,,
The Journal of risk and insurance,0022-4367,true,,
Journal of safety research,0022-4375,true,,
Journal of school health,0022-4391,true,,
Journal of school psychology (Print),0022-4405,true,,
The Journal of sex research (Print),0022-4499,true,,
Journal of social history,0022-4529,true,,
Journal of social issues (Print),0022-4537,true,,
The Journal of social psychology,0022-4545,true,,
Journal of sound and vibration,0022-460X,true,,
Journal of Sports Medicine and Physical Fitness (Print),0022-4707,true,,
Journal of surgical oncology (Print),0022-4790,true,,
Journal of teacher education,0022-4871,true,,
Journal of the history of biology,0022-5010,true,,
Journal of the history of ideas,0022-5037,true,,
Journal of the history of philosophy,0022-5053,true,,
Journal of the history of the behavioral sciences (Print),0022-5061,true,,
Journal of the neurological sciences,0022-510X,true,,
Journal of the Science of Food and Agriculture,0022-5142,true,,
Journal of theological studies,0022-5185,true,,
Journal of theoretical biology,0022-5193,true,,
Journal of thoracic and cardiovascular surgery (Print),0022-5223,true,,
Journal of transport economics and policy,0022-5258,true,,
The Journal of urology,0022-5347,true,,
Journal of value inquiry,0022-5363,true,,
Journal of virology (Print),0022-538X,true,,
The Journal of wildlife management,0022-541X,true,,
Kant-Studien,0022-8877,true,,
Kölner Zeitschrift für Soziologie und Sozialpsychologie,0023-2653,true,,
Konsthistorisk tidskrift = Art review,0023-3609,true,,
Kyklos (Basel) = International review for social sciences,0023-5962,true,,
Labor history,0023-656X,true,,
Laboratory animals (London),0023-6772,true,,
Land economics,0023-7639,true,,
Landscape architecture,0023-8031,true,,
Language and speech,0023-8309,true,,
Language learning,0023-8333,true,,
Langue française (Paris. 1969),0023-8368,true,,
The Laryngoscope,0023-852X,true,,
Latomus (Printed),0023-8856,true,,
Learning and motivation (Print),0023-9690,true,,
Leonardo (Oxford),0024-094X,true,,
Library,0024-2160,true,,
"The library quarterly (Chicago, Ill.)",0024-2519,true,,
Linear algebra and its applications,0024-3795,true,,
Lingua (Haarlem. Print),0024-3841,true,,
Linguistic inquiry,0024-3892,true,,
Linguistics,0024-3949,true,,
Biological Journal of the Linnean Society,0024-4066,true,,
Botanical journal of the Linnean Society,0024-4074,true,,
Lithos (Oslo. Print),0024-4937,true,,
Long range planning (Print),0024-6301,true,,
Lymphology,0024-7766,true,,
Macromolecules (Print),0024-9297,true,,
Management science,0025-1909,true,,
Marine geology (Print),0025-3227,true,,
Marine pollution bulletin,0025-326X,true,,
The Mariner's mirror,0025-3359,true,,
Master drawings,0025-5025,true,,
Mathematical biosciences,0025-5564,true,,
Mathematical programming (Print),0025-5610,true,,
Mathematics of computation,0025-5718,true,,
Meccanica (Milano. Print),0025-6455,true,,
Medical care,0025-7079,true,,
Medical history,0025-7273,true,,
Medical journal of Australia (Print),0025-729X,true,,
Respiration (Basel. Print),0025-7931,true,,
"Medicine (Baltimore, Md.)",0025-7974,true,,
"Medicine, Science and the Law",0025-8024,true,,
Medium aevum,0025-8385,true,,
Bulletin of the Menninger Clinic,0025-9284,true,,
Meta (Montréal),0026-0452,true,,
"Metabolism, clinical and experimental (Print)",0026-0495,true,,
Metallurgist (New York) = Metallurg,0026-0894,true,,
Metaphilosophy,0026-1068,true,,
Journal of the Meteorological Society of Japan,0026-1165,true,,
Methods of information in medicine = Methodik der Information in der Medizin,0026-1270,true,,
Microchemical journal (Print),0026-265X,true,,
Microvascular research (Print),0026-2862,true,,
The Middle East journal,0026-3141,true,,
Middle Eastern studies,0026-3206,true,,
Mind (Print),0026-4423,true,,
Mineralogical magazine (Print),0026-461X,true,,
Minerva (London),0026-4695,true,,
Mnemosyne (Lugduni Batavorum. Print),0026-7074,true,,
Modern Asian studies (Print),0026-749X,true,,
Modern drama,0026-7694,true,,
"The Modern language journal (Boulder, Colo.)",0026-7902,true,,
Modern language quarterly (Seattle),0026-7929,true,,
Modern language review,0026-7937,true,,
Monatshefte für Chemie = Chemical monthly (Print),0026-9247,true,,
Mosaic (Winnipeg),0027-1276,true,,
Le Mouvement social,0027-2671,true,,
Le Moyen-âge (Imprimé),0027-2841,true,,
Multivariate behavioral research,0027-3171,true,,
Music & letters,0027-4224,true,,
Muttersprache (Wiesbaden),0027-514X,true,,
Proceedings of the National Academy of Sciences of the United States of America,0027-8424,true,,
Journal of the National Cancer Institute (Print),0027-8874,true,,
Nature (London),0028-0836,true,,
Neophilologus,0028-2677,true,,
"Neoplasma (Bratislava, Tlačené vydanie)",0028-2685,true,,
"Networks (New York, N.Y. Print)",0028-3045,true,,
Neue Rundschau,0028-3347,true,,
Neue Zeitschrift für systematische Theologie und Religionsphilosophie,0028-3517,true,,
Neuphilologische Mitteilungen (Print) = Bulletin of the Modern Language Society of Helsinki,0028-3754,true,,
Neuroendocrinology (Basel),0028-3835,true,,
Neurology,0028-3878,true,,
Neuropharmacology,0028-3908,true,,
Neuropsychologia (Print),0028-3932,true,,
Neuroradiology (Berlin. Print),0028-3940,true,,
The New England journal of medicine (Print),0028-4793,true,,
New literary history (Print),0028-6087,true,,
New phytologist (Print),0028-646X,true,,
New Testament studies (Print),0028-6885,true,,
Northwestern University law review,0029-3571,true,,
Notes and queries,0029-3970,true,,
Nottingham French studies,0029-4586,true,,
"Noûs (Bloomington, Indiana)",0029-4624,true,,
Nuclear engineering and design (Print),0029-5493,true,,
Nuclear fusion = Âdernyj sintez,0029-5515,true,,
Nuclear-Medizin,0029-5566,true,,
International journal for numerical methods in engineering (Print),0029-5981,true,,
Numerische Mathematik,0029-599X,true,,
Nuova rivista storica (Testo stampato),0029-6236,true,,
Nursing outlook,0029-6554,true,,
Nutrition reviews,0029-6643,true,,
Proceedings of the Nutrition Society,0029-6651,true,,
Obstetrics and gynecology (New York. 1953),0029-7844,true,,
Ocean engineering (Print),0029-8018,true,,
Oceanic linguistics,0029-8115,true,,
Oecologia,0029-8549,true,,
Oikos (København),0030-1299,true,,
Omega (Farmingdale. Print),0030-2228,true,,
Operations research,0030-364X,true,,
Ophthalmic research,0030-3747,true,,
Ophthalmologica (Basel),0030-3755,true,,
Optics and Laser Technology,0030-3992,true,,
Optics communications (Print),0030-4018,true,,
Oryx (Print),0030-6053,true,,
Outlook on agriculture,0030-7270,true,,
Oxford economic papers,0030-7653,true,,
Publications of the Modern Language Association of America,0030-8129,true,,
"Palaeogeography, palaeoclimatology, palaeoecology",0031-0182,true,,
Parasitology (London. Print),0031-1820,true,,
Parliamentary affairs (Print),0031-2290,true,,
Past & present,0031-2746,true,,
Pattern recognition,0031-3203,true,,
Pediatric research,0031-3998,true,,
Pediatrics (Evanston),0031-4005,true,,
Perceptual and motor skills,0031-5125,true,,
Personnel psychology,0031-5826,true,,
Perspectives in biology and medicine,0031-5982,true,,
Perspectives in psychiatric care,0031-5990,true,,
Pflügers Archiv,0031-6768,true,,
European journal of clinical pharmacology,0031-6970,true,,
Philological quarterly,0031-7977,true,,
Philologus (Berlin),0031-7985,true,,
Philosophical quarterly (Print),0031-8094,true,,
Philosophical studies,0031-8116,true,,
Philosophische Rundschau,0031-8159,true,,
Philosophisches Jahrbuch (Freiburg),0031-8183,true,,
Philosophy (London. Print),0031-8191,true,,
Philosophy and phenomenological research,0031-8205,true,,
Philosophy & rhetoric,0031-8213,true,,
Philosophy east & west,0031-8221,true,,
Philosophy of science (East Lansing),0031-8248,true,,
Philosophy today (Celina),0031-8256,true,,
Phoenix (Toronto),0031-8299,true,,
Phronesis (Assen. Print),0031-8868,true,,
Physica scripta (Print),0031-8949,true,,
Physical review letters (Print),0031-9007,true,,
Physical therapy,0031-9023,true,,
Physics in medicine and biology (Print),0031-9155,true,,
Physiologia plantarum (København. 1948),0031-9317,true,,
Physiological reviews,0031-9333,true,,
Physiology & behavior (Print),0031-9384,true,,
Phytochemistry,0031-9422,true,,
Plant and cell physiology,0032-0781,true,,
Plant and soil (Print),0032-079X,true,,
Plant pathology (Print),0032-0862,true,,
Plant physiology (Bethesda),0032-0889,true,,
Planta,0032-0935,true,,
Plastic and reconstructive surgery (1963),0032-1052,true,,
Policy sciences,0032-2687,true,,
Political science,0032-3187,true,,
Political studies (Print),0032-3217,true,,
Polymer engineering and science,0032-3888,true,,
Population Studies,0032-4728,true,,
Postgraduate medical journal,0032-5473,true,,
Poultry science (Print),0032-5791,true,,
Powder technology (Print),0032-5910,true,,
Praxis der Kinderpsychologie und Kinderpsychiatrie,0032-7034,true,,
Primates,0032-8332,true,,
The Professional geographer,0033-0124,true,,
Progress in cardiovascular diseases,0033-0620,true,,
Psyche,0033-2623,true,,
Psychiatric quarterly,0033-2720,true,,
"Psychiatry (Washington, D.C.)",0033-2747,true,,
The Psychoanalytic quarterly,0033-2828,true,,
Psychologica belgica,0033-2879,true,,
Psychological bulletin,0033-2909,true,,
Psychological medicine (Print),0033-2917,true,,
The Psychological record,0033-2933,true,,
Psychological reports,0033-2941,true,,
Psychological review,0033-295X,true,,
Psychology in the schools (Print),0033-3085,true,,
Psychopharmacologia,0033-3158,true,,
Psychotherapy and psychosomatics,0033-3190,true,,
Public administration (Print),0033-3298,true,,
PAR. Public administration review,0033-3352,true,,
Public health (London),0033-3506,true,,
Public opinion quarterly,0033-362X,true,,
Pure and applied chemistry (Print),0033-4545,true,,
The Quarterly journal of economics,0033-5533,true,,
The Quarterly review of biology,0033-5770,true,,
"Quest (Champaign, Ill.)",0033-6297,true,,
R & D management (Print),0033-6807,true,,
Radiation research,0033-7587,true,,
Radiocarbon,0033-8222,true,,
Radiochimica acta,0033-8230,true,,
Radiology,0033-8419,true,,
La Rassegna della letteratura italiana (Testo stampato) = La Rassegna della letteratura italiana (Genova),0033-9423,true,,
Reading research quarterly,0034-0553,true,,
Regional studies,0034-3404,true,,
Religious education,0034-4087,true,,
Religious studies (Print),0034-4125,true,,
Remote sensing of environment,0034-4257,true,,
Renaissance quarterly,0034-4338,true,,
Reports on mathematical physics,0034-4877,true,,
Research in African literatures,0034-5210,true,,
Research in Veterinary Science,0034-5288,true,,
Review of economic studies,0034-6527,true,,
The review of economics and statistics,0034-6535,true,,
Review of English studies,0034-6551,true,,
The Review of income and wealth,0034-6586,true,,
Review of palaeobotany and palynology,0034-6667,true,,
Review of religious research (Print),0034-673X,true,,
Review of scientific instruments,0034-6748,true,,
Revista de literatura (Madrid),0034-849X,true,,
Revista de occidente,0034-8635,true,,
Revista de saúde pública (Impresso),0034-8910,true,,
Revue de l'histoire des religions,0035-1423,true,,
Revue de linguistique romane,0035-1458,true,,
Revue de métaphysique et de morale,0035-1571,true,,
Revue de musicologie,0035-1601,true,,
Revue d'histoire ecclésiastique (Imprimé),0035-2381,true,,
Revue d'histoire littéraire de la France,0035-2411,true,,
Revue du Nord (Lille. 1910),0035-2624,true,,
Revue historique (Paris),0035-3264,true,,
Revue philosophique de la France et de l'étranger,0035-3833,true,,
Revue philosophique de Louvain (Imprimé),0035-3841,true,,
Revue romane,0035-3906,true,,
Rivista di storia e letteratura religiosa (Testo stampato),0035-6573,true,,
Rivista storica italiana (Testo stampato),0035-7073,true,,
Romance notes,0035-7995,true,,
Romanische Forschungen,0035-8126,true,,
Monthly notices of the Royal Astronomical Society (Print),0035-8711,true,,
Quarterly journal of the Royal Meteorological Society,0035-9009,true,,
Transactions of the Royal Society of Tropical Medicine and Hygiene (Print),0035-9203,true,,
Applied statistics (Print),0035-9254,true,,
Rural sociology,0036-0112,true,,
Salud pública de México (Impresa),0036-3634,true,,
Scandinavian journal of clinical and laboratory investigation,0036-5513,true,,
Scandinavian journal of gastroenterology (Trykt utg.),0036-5521,true,,
Scandinavian journal of psychology (Print),0036-5564,true,,
"Science (New York, N.Y.)",0036-8075,true,,
"Science & society (New York, N.Y. 1936)",0036-8237,true,,
"Science education (Salem, Mass. Print)",0036-8326,true,,
Scottish journal of political economy (Print),0036-9292,true,,
Scottish journal of theology,0036-9306,true,,
Sedimentary geology,0037-0738,true,,
Sedimentology (Amsterdam. Print),0037-0746,true,,
Semiotica,0037-1998,true,,
Simiolus (Bussum),0037-5411,true,,
Social compass (Imprimé),0037-7686,true,,
Social forces,0037-7732,true,,
Social problems,0037-7791,true,,
The Social service review (Chicago),0037-7961,true,,
Bulletin de la Société géologique de France = Earth sciences bulletin,0037-9409,true,,
Sociologia ruralis (Print) = Zeitschrift der Europäischen Gesellschaft für Ländliche Soziologie,0038-0199,true,,
Sociological inquiry,0038-0245,true,,
Sociological quarterly,0038-0253,true,,
Sociological review (Keele. Print),0038-0261,true,,
Sociology (Oxford. Print),0038-0385,true,,
Solar energy (Print),0038-092X,true,,
Solar physics,0038-0938,true,,
South African Journal of economics = Suid-afrikaanse tydskrif vir ekonomie,0038-2280,true,,
South African journal of science = Suid-Afrikaanse tydskrif vir wetenskap,0038-2353,true,,
The South Atlantic quarterly,0038-2876,true,,
Southern economic journal,0038-4038,true,,
The Southern journal of philosophy,0038-4283,true,,
Social science quarterly (Print),0038-4941,true,,
Speculum,0038-7134,true,,
Spiegel der letteren (Gedrukt),0038-7479,true,,
Statistica neerlandica (Print),0039-0402,true,,
Stroke (1970),0039-2499,true,,
Studi francesi (Testo stampato),0039-2944,true,,
Studi storici (Roma. 1959. Testo stampato),0039-3037,true,,
Studia linguistica,0039-3193,true,,
Studia monastica,0039-3258,true,,
Studia neophilologica (Print),0039-3274,true,,
Studia psychologica (Bratislava),0039-3320,true,,
Studies in conservation,0039-3630,true,,
Studies in family planning,0039-3665,true,,
Studies in history and philosophy of science,0039-3681,true,,
Studies in romanticism,0039-3762,true,,
Studies in the novel,0039-3827,true,,
Survey review - Directorate of Overseas Surveys,0039-6265,true,,
Survival (London. 1959),0039-6338,true,,
Symposium (Syracuse. Print),0039-7709,true,,
Synthese (Dordrecht. Print),0039-7857,true,,
Synthesis (Stuttgart),0039-7881,true,,
Talanta (Oxford),0039-9140,true,,
Taxon,0040-0262,true,,
Technological forecasting & social change,0040-1625,true,,
Technology and culture (Print),0040-165X,true,,
Technometrics,0040-1706,true,,
Tectonophysics (Amsterdam. Print),0040-1951,true,,
Tempo (London. 1939),0040-2982,true,,
Tetrahedron (Oxford. Print),0040-4020,true,,
Tetrahedron letters,0040-4039,true,,
Texas studies in literature and language,0040-4691,true,,
Textile research journal,0040-5175,true,,
Text + Kritik,0040-5329,true,,
Theatre notebook,0040-5523,true,,
Theological studies (Baltimore),0040-5639,true,,
"Theology today (Ephrata, Pa.)",0040-5736,true,,
Theory and decision (Print),0040-5833,true,,
Thorax,0040-6376,true,,
Tijdschrift voor economische en sociale geografie = Journal of economic and human geography,0040-747X,true,,
Tijdschrift voor geschiedenis (Print),0040-7518,true,,
Tijdschrift voor Nederlandsche taal- en letterkunde,0040-7550,true,,
Tohoku journal of experimental medicine,0040-8727,true,,
Toxicology and applied pharmacology,0041-008X,true,,
Toxicon (Oxford),0041-0101,true,,
"Transfusion (Arlington, Va.)",0041-1132,true,,
Transplantation,0041-1337,true,,
Transplantation proceedings,0041-1345,true,,
Transportation science,0041-1655,true,,
Twentieth century literature,0041-462X,true,,
UCLA law review,0041-5650,true,,
Ultrasonics (Print),0041-624X,true,,
Bulletin of the School of Oriental and African Studies,0041-977X,true,,
"Urban education (Beverly Hills, Calif.)",0042-0859,true,,
Urban studies (Harlow. Print),0042-0980,true,,
Veterinary record,0042-4900,true,,
Vetus Testamentum (Print),0042-4935,true,,
Vigiliae christianae (Print),0042-6032,true,,
"Virology (New York, N.Y. Print)",0042-6822,true,,
Vision research (Oxford),0042-6989,true,,
Bulletin of the World Health Organization (Print) = Bulletin de l'Organisation mondiale de la santé (1947),0042-9686,true,,
Water research (Oxford),0043-1354,true,,
Water resources research,0043-1397,true,,
Wear (Lausanne. Print),0043-1648,true,,
Die Welt der Slaven,0043-2520,true,,
Wiener klinische Wochenschrift,0043-5325,true,,
Wood science and technology (Print),0043-7719,true,,
Wordsworth circle,0043-8006,true,,
World archaeology,0043-8243,true,,
World's poultry science journal,0043-9339,true,,
Yale French studies,0044-0078,true,,
Youth & society,0044-118X,true,,
Zeitschrift für Dialektologie und Linguistik,0044-1449,true,,
Zeitschrift für ägyptische Sprache und Altertumskunde,0044-216X,true,,
Zeitschrift für Anglistik und Amerikanistik,0044-2305,true,,
Zeitschrift für deutsche Philologie,0044-2496,true,,
Zeitschrift für die alttestamentliche Wissenschaft,0044-2526,true,,
Zeitschrift für französische Sprache und Literatur,0044-2747,true,,
Zeitschrift für Kunstgeschichte,0044-2992,true,,
Zeitschrift für slavische Philologie,0044-3492,true,,
Zeitschrift für Slawistik,0044-3506,true,,
Acadiensis (Fredericton),0044-5851,true,,
Ambio,0044-7447,true,,
Aquaculture (Amsterdam),0044-8486,true,,
British journal of social work,0045-3102,true,,
Canadian journal of philosophy,0045-5091,true,,
Children's literature in education,0045-6713,true,,
Computer methods in applied mechanics and engineering,0045-7825,true,,
Educational psychologist,0046-1520,true,,
European journal of social psychology (Print),0046-2772,true,,
Feminist studies,0046-3663,true,,
Filozofia (Bratislava. Tlačené vydanie),0046-385X,true,,
Financial management,0046-3892,true,,
Freshwater biology (Print),0046-5070,true,,
Inquiry (Chicago),0046-9580,true,,
Journal of the Institute of Brewing,0046-9750,true,,
International journal of sport psychology,0047-0767,true,,
Journal of comparative family studies,0047-2328,true,,
Journal of criminal justice (Print),0047-2352,true,,
Journal of european studies,0047-2441,true,,
Journal of Human Evolution (Print),0047-2484,true,,
Journal of international business studies,0047-2506,true,,
Journal of Multivariate Analysis (Print),0047-259X,true,,
Journal of public economics,0047-2727,true,,
Journal of social policy (Print),0047-2794,true,,
Journal of youth and adolescence,0047-2891,true,,
Language in society (London. Print),0047-4045,true,,
Littérature (Paris. 1971),0047-4800,true,,
Mechanisms of ageing and development (Print),0047-6374,true,,
Novum Testamentum (Print),0048-1009,true,,
Personnel review,0048-3486,true,,
Pesticide biochemistry and physiology,0048-3575,true,,
Philosophy & public affairs,0048-3915,true,,
Philosophy of the social sciences = Philosophie des sciences sociales,0048-3931,true,,
Psychophysiology,0048-5772,true,,
Public choice,0048-5829,true,,
Publius,0048-5950,true,,
Radio science,0048-6604,true,,
Research policy,0048-7333,true,,
Revue internationale de philosophie (Printed),0048-8143,true,,
Romantisme (Clermont-Ferrand),0048-8593,true,,
Science of the total environment,0048-9697,true,,
Seminars in arthritis and rheumatism (Print),0049-0172,true,,
Social science research (Print),0049-089X,true,,
Sociological methods & research,0049-1241,true,,
Sub-stance,0049-2426,true,,
Thrombosis research (Print),0049-3848,true,,
Transportation (Amsterdam),0049-4488,true,,
Tropical animal health and production,0049-4747,true,,
"Water, air and soil pollution (Print)",0049-6979,true,,
X-Ray Spectrometry,0049-8246,true,,
Lili. Zeitschrift für Literaturwissenschaft und Linguistik,0049-8653,true,,
American imago,0065-860X,true,,
Annual review of psychology (Print),0066-4308,true,,
Antimicrobial agents and chemotherapy (Print),0066-4804,true,,
Antipode (Oxford. Print),0066-4812,true,,
The Astrophysical journal. Supplement series,0067-0049,true,,
Demography,0070-3370,true,,
History of science,0073-2753,true,,
Journal of Roman studies,0075-4358,true,,
La Linguistique (Paris. 1965),0075-966X,true,,
Annals of the New York Academy of Sciences,0077-8923,true,,
Transactions of the Philological Society (Print),0079-1636,true,,
Progress in Biophysics and Molecular Biology,0079-6107,true,,
Progress in Materials Science (Print),0079-6425,true,,
Progress in polymer science (Print),0079-6700,true,,
Revue théologique de Louvain (Imprimé),0080-2654,true,,
Scandinavian political studies (Print),0080-6757,true,,
T'oung pao (Print),0082-5433,true,,
Journal of Arabic literature (Print),0085-2376,true,,
Kidney international (Print),0085-2538,true,,
American journal of public health (1971),0090-0036,true,,
Organizational dynamics,0090-2616,true,,
Critical care medicine,0090-3493,true,,
Journal of wildlife diseases,0090-3558,true,,
"Urology (Ridgewood, N.J.)",0090-4295,true,,
Journal of community psychology (Print),0090-4392,true,,
Human resource management,0090-4848,true,,
Memory & cognition,0090-502X,true,,
Annals of statistics,0090-5364,true,,
Political theory,0090-5917,true,,
Journal of psycholinguistic research,0090-6905,true,,
Annals of biomedical engineering,0090-6964,true,,
Gynecologic oncology (Print),0090-8258,true,,
Ocean development and international law,0090-8320,true,,
Drug metabolism and disposition,0090-9556,true,,
Clinical social work journal,0091-1674,true,,
International journal of psychiatry in medicine (Print),0091-2174,true,,
Frontiers in neuroendocrinology (Print),0091-3022,true,,
Journal of advertising,0091-3367,true,,
Journal of Chinese linguistics = Zhongguo yu yan xue bao,0091-3723,true,,
International journal of aging & human development (Print),0091-4150,true,,
Journal of allergy and clinical immunology,0091-6749,true,,
Environmental health perspectives,0091-6765,true,,
Preventive medicine (1972. Print),0091-7435,true,,
"Geology (Boulder, Colo.)",0091-7613,true,,
Journal of anthropological research,0091-7710,true,,
Science-fiction studies,0091-7729,true,,
Journal of homosexuality,0091-8369,true,,
Journal of the Academy of Marketing Science,0092-0703,true,,
Journal of Indo-European studies,0092-2323,true,,
American journal of political science,0092-5853,true,,
Journal of sex & marital therapy,0092-623X,true,,
Journal of research in personality (Print),0092-6566,true,,
Cell (Cambridge),0092-8674,true,,
The Hastings Center report,0093-0334,true,,
College literature (Print),0093-3139,true,,
Journal of field archaeology,0093-4690,true,,
Journal of consumer research,0093-5301,true,,
Communication research,0093-6502,true,,
Theriogenology,0093-691X,true,,
Criminal justice and behavior,0093-8548,true,,
Brain and language (Print),0093-934X,true,,
IEEE transactions on industry applications,0093-9994,true,,
New German critique,0094-033X,true,,
American ethnologist,0094-0496,true,,
Mechanism and machine theory,0094-114X,true,,
Journal of urban economics (Print),0094-1190,true,,
Medical physics (Lancaster),0094-2405,true,,
Journal of community health,0094-5145,true,,
Acta astronautica,0094-5765,true,,
Journal of fluency disorders,0094-730X,true,,
Geophysical research letters,0094-8276,true,,
Paleobiology,0094-8373,true,,
Journal of the philosophy of sport,0094-8705,true,,
Journal of statistical computation and simulation (Print),0094-9655,true,,
Journal of environmental economics and management (Print),0095-0696,true,,
Journal of clinical microbiology (Print),0095-1137,true,,
Economic inquiry,0095-2583,true,,
The American journal of drug and alcohol abuse (Print),0095-2990,true,,
Administration & society,0095-3997,true,,
Journal of phonetics (Print),0095-4470,true,,
Journal of portfolio management,0095-4918,true,,
Aggressive behavior (Print),0096-140X,true,,
Journal of urban history,0096-1442,true,,
Journal of experimental psychology. Human perception and performance,0096-1523,true,,
Applied mathematics and computation,0096-3003,true,,
Journal of experimental psychology. General,0096-3445,true,,
Modern China,0097-7004,true,,
Computers & graphics (Print),0097-8493,true,,
Language (Baltimore),0097-8507,true,,
Computers & chemical engineering,0098-1354,true,,
Computers & geosciences,0098-3004,true,,
IEEE transactions on consumer electronics,0098-3063,true,,
Teaching of psychology,0098-6283,true,,
"JAMA (Chicago, Ill.)",0098-7484,true,,
Population and development review,0098-7921,true,,
American journal of law & medicine,0098-8588,true,,
French forum (Print),0098-9355,true,,
Photogrammetric engineering and remote sensing,0099-1112,true,,
The Journal of academic librarianship,0099-1333,true,,
Applied and environmental microbiology (Print),0099-2240,true,,
Journal of endodontics,0099-2399,true,,
Estudos Ibero-Americanos (Impresso),0101-4064,true,,
Contact dermatitis,0105-1873,true,,
Immunological reviews,0105-2896,true,,
Allergy (Copenhagen),0105-4538,true,,
Orbis litterarum,0105-7510,true,,
Dental materials (Print),0109-5641,true,,
Sports medicine (Auckland),0112-1642,true,,
Drug safety,0114-5916,true,,
Singapore journal of tropical geography,0129-7619,true,,
Russkaâ literatura,0131-6095,true,,
Scientometrics (Print),0138-9130,true,,
Medical & biological engineering & computing,0140-0118,true,,
Journal of arid environments,0140-1963,true,,
"Journal of adolescence (London, England. Print)",0140-1971,true,,
West European politics,0140-2382,true,,
Journal of strategic studies,0140-2390,true,,
Computer communications (Print),0140-3664,true,,
Behavioral and brain sciences (Print),0140-525X,true,,
Lancet (British edition),0140-6736,true,,
Journal of fish diseases (Print),0140-7775,true,,
Journal of veterinary pharmacology and therapeutics (Print),0140-7783,true,,
"Plant, cell and environment (Print)",0140-7791,true,,
Energy economics,0140-9883,true,,
Engineering structures,0141-0296,true,,
Marine environmental research,0141-1136,true,,
Applied ocean research,0141-1187,true,,
The Journal of musicological research,0141-1896,true,,
British educational research journal (Print),0141-1926,true,,
European journal of orthodontics (Print),0141-5387,true,,
Art history (Print),0141-6790,true,,
International journal of biological macromolecules,0141-8130,true,,
Journal of inherited metabolic disease,0141-8955,true,,
Parasite immunology (Print),0141-9838,true,,
Ethnic and racial studies (Print),0141-9870,true,,
Sociology of health & illness (Print),0141-9889,true,,
International journal of electrical power & energy systems,0142-0615,true,,
International journal of fatigue,0142-1123,true,,
Medical teacher (1979. Print),0142-159X,true,,
Surface and interface analysis (Print),0142-2421,true,,
Journal of muscle research and cell motility,0142-4319,true,,
British journal of sociology of education,0142-5692,true,,
Applied linguistics,0142-6001,true,,
Oxford art journal,0142-6540,true,,
Applied psycholinguistics (Print),0142-7164,true,,
Polymer testing,0142-9418,true,,
Biomaterials,0142-9612,true,,
Journal of epidemiology and community health (1979),0143-005X,true,,
School psychology international,0143-0343,true,,
International journal of remote sensing (Print),0143-1161,true,,
Strategic management journal (Print),0143-2095,true,,
International endodontic journal (Print),0143-2885,true,,
Nuclear medicine communications,0143-3636,true,,
Placenta (Eastbourne),0143-4004,true,,
Cell calcium (Edinburgh),0143-4160,true,,
Neuropeptides (Edinburgh),0143-4179,true,,
Clinical science (1979),0143-5221,true,,
Applied geography (Sevenoaks),0143-6228,true,,
Third world quarterly (Print),0143-6597,true,,
Dyes and pigments (Print),0143-7208,true,,
International journal of adhesion and adhesives,0143-7496,true,,
International journal of manpower,0143-7720,true,,
History of political thought,0143-781X,true,,
Economic and industrial democracy,0143-831X,true,,
Historical journal of film radio and television,0143-9685,true,,
Transport reviews,0144-1647,true,,
International journal of operations & production management,0144-3577,true,,
History and philosophy of logic,0144-5340,true,,
Social policy & administration (Print),0144-5596,true,,
British journal of clinical psychology,0144-6657,true,,
British journal of social psychology,0144-6665,true,,
International review of law and economics (Print),0144-8188,true,,
Radiation protection dosimetry,0144-8420,true,,
Bioscience reports,0144-8463,true,,
Carbohydrate polymers,0144-8617,true,,
Behaviour & information technology (Print),0144-929X,true,,
Diplomatic history,0145-2096,true,,
Leukemia research,0145-2126,true,,
Child abuse & neglect (Print),0145-2134,true,,
Behavior modification,0145-4455,true,,
Social science history,0145-5532,true,,
Journal of food biochemistry,0145-8884,true,,
Journal of food processing and preservation,0145-8892,true,,
Chasqui,0145-8973,true,,
Seminars in perinatology,0146-0005,true,,
Investigative ophthalmology & visual science,0146-0404,true,,
Sexuality and disability,0146-1044,true,,
Personality & social psychology bulletin,0146-1672,true,,
Journal of analytical toxicology,0146-4760,true,,
Journal of medical virology (Print),0146-6615,true,,
Motivation and emotion,0146-7239,true,,
Journal of pediatric psychology,0146-8693,true,,
International journal of intercultural relations,0147-1767,true,,
"Society (New Brunswick, N.J.)",0147-2011,true,,
Dance chronicle,0147-2526,true,,
The Lion and the unicorn (Brooklyn),0147-2593,true,,
International labor and working-class history,0147-5479,true,,
Cognitive therapy and research,0147-5916,true,,
Journal of comparative economics (Print),0147-5967,true,,
Ecotoxicology and environmental safety (Print),0147-6513,true,,
Law and human behavior,0147-7307,true,,
Pacing and clinical electrophysiology (Print),0147-8389,true,,
Heart & lung,0147-9563,true,,
"Comparative immunology, microbiology and infectious diseases",0147-9571,true,,
"Drug and chemical toxicology (New York, N.Y. 1978)",0148-0545,true,,
Journal of business research,0148-2963,true,,
Neurosurgery,0148-396X,true,,
The Journal of nursing education,0148-4834,true,,
Sexually transmitted diseases,0148-5717,true,,
Muscle & nerve (Print),0148-639X,true,,
Journal of social service research,0148-8376,true,,
Computer music journal,0148-9267,true,,
Leisure sciences,0149-0400,true,,
Journal of management,0149-2063,true,,
Clinical therapeutics,0149-2918,true,,
Diabetes care,0149-5992,true,,
Journal of food safety,0149-6085,true,,
Evaluation and program planning (Print),0149-7189,true,,
Neuroscience and biobehavioral reviews,0149-7634,true,,
German studies review,0149-7952,true,,
The American book review,0149-9408,true,,
Annales de dermatologie et de vénéréologie (Print),0151-9638,true,,
International regional science review,0160-0176,true,,
Journal of cardiovascular pharmacology,0160-2446,true,,
International journal of law and psychiatry (Print),0160-2527,true,,
Intelligence (Norwood),0160-2896,true,,
Environment international,0160-4120,true,,
Journal of the Operational Research Society,0160-5682,true,,
The Journal of clinical psychiatry,0160-6689,true,,
Research in nursing & health (Print),0160-6891,true,,
Annals of tourism research,0160-7383,true,,
Journal of behavioral medicine,0160-7715,true,,
"Clinical cardiology (Mahwah, N.J.)",0160-9289,true,,
Endeavour (London),0160-9327,true,,
Veterinary surgery,0161-3499,true,,
Teachers College record (1970),0161-4681,true,,
Journal of manipulative and physiological therapeutics,0161-4754,true,,
Catalysis reviews. Science and engineering,0161-4940,true,,
Historical methods,0161-5440,true,,
The Journal of nuclear medicine (1978),0161-5505,true,,
"Ophthalmology (Rochester, Minn.)",0161-6420,true,,
Journal of policy modeling (Print),0161-8938,true,,
Journal of the American Statistical Association,0162-1459,true,,
Cancer nursing,0162-220X,true,,
"Science, technology & human values",0162-2439,true,,
October,0162-2870,true,,
International security (Print),0162-2889,true,,
Journal of autism and developmental disorders,0162-3257,true,,
Biography (Honolulu. Print),0162-4962,true,,
Political psychology,0162-895X,true,,
Journal of Baltic studies,0162-9778,true,,
Numerical functional analysis and optimization,0163-0563,true,,
Digestive diseases and sciences,0163-2116,true,,
Evaluation & the health professions,0163-2787,true,,
Environmental ethics,0163-4275,true,,
Therapeutic drug monitoring (Print),0163-4356,true,,
"Media, culture & society",0163-4437,true,,
Journal of family therapy,0163-4445,true,,
The Journal of infection,0163-4453,true,,
Film criticism,0163-5069,true,,
Nutrition and cancer,0163-5581,true,,
SIGMOD record,0163-5808,true,,
Infant behavior & development,0163-6383,true,,
Radical history review (Print),0163-6545,true,,
The Washington quarterly,0163-660X,true,,
Annual review of public health (Print),0163-7525,true,,
Endocrine reviews,0163-769X,true,,
General hospital psychiatry,0163-8343,true,,
Discourse processes,0163-853X,true,,
Human studies,0163-8548,true,,
Deviant behavior,0163-9625,true,,
Infant mental health journal (Print),0163-9641,true,,
International journal of primatology,0164-0291,true,,
Journal of fusion energy,0164-0313,true,,
Journal of macroeconomics,0164-0704,true,,
The Journal of systems and software,0164-1212,true,,
Climatic change,0165-0009,true,,
"Culture, medicine and psychiatry",0165-005X,true,,
Erkenntnis (Dordrecht. Print),0165-0106,true,,
Fuzzy sets and systems,0165-0114,true,,
Linguistics and philosophy (Print),0165-0157,true,,
International journal of behavioral development (Print),0165-0254,true,,
Journal of neuroscience methods,0165-0270,true,,
Journal of affective disorders (Print),0165-0327,true,,
European review of agricultural economics,0165-1587,true,,
Economics letters,0165-1765,true,,
Psychiatry research (Print),0165-1781,true,,
Journal of economic dynamics & control,0165-1889,true,,
The Veterinary quarterly,0165-2176,true,,
Cold regions science and technology,0165-232X,true,,
Journal of analytical and applied pyrolysis (Print),0165-2370,true,,
Veterinary immunology and immunopathology (Print),0165-2427,true,,
Immunology letters,0165-2478,true,,
Journal of accounting & economics,0165-4101,true,,
Mathematical social sciences,0165-4896,true,,
Journal of information science,0165-5515,true,,
Journal of neuroimmunology (Print),0165-5728,true,,
International journal of pediatric otorhinolaryngology (Print),0165-5876,true,,
"Trends in pharmacological sciences (Regular ed., Print)",0165-6147,true,,
Veterinary research communications (Print),0165-7380,true,,
Fisheries research,0165-7836,true,,
TrAC. Trends in analytical chemistry (Regular ed.),0165-9936,true,,
Regional science and urban economics (Print),0166-0462,true,,
Journal of virological methods,0166-0934,true,,
Discrete applied mathematics,0166-218X,true,,
Trends in neurosciences (Regular ed.),0166-2236,true,,
Antiviral research (Print),0166-3542,true,,
Computers in industry,0166-3615,true,,
Behavioural brain research,0166-4328,true,,
Aquatic toxicology,0166-445X,true,,
Technovation (Print),0166-4972,true,,
Performance evaluation,0166-5316,true,,
Soil & tillage research,0167-1987,true,,
Journal of economic behavior & organization,0167-2681,true,,
Computers & security,0167-4048,true,,
Agroforestry systems (Print),0167-4366,true,,
Journal of business ethics (Print),0167-4544,true,,
Journal of psychosomatic obstetrics and gynaecology,0167-482X,true,,
Journal of economic psychology,0167-4870,true,,
Biochimica et biophysica acta. Molecular cell research,0167-4889,true,,
Archives of gerontology and geriatrics,0167-4943,true,,
Law and philosophy,0167-5249,true,,
International journal of cardiology (print),0167-5273,true,,
Materials letters (General ed.),0167-577X,true,,
Preventive veterinary medicine (Print),0167-5877,true,,
Population research and policy review (Print),0167-5923,true,,
Journal of neuro-oncology,0167-594X,true,,
Journal of wind engineering and industrial aerodynamics (Print),0167-6105,true,,
Journal of health economics,0167-6296,true,,
The linguistic review,0167-6318,true,,
Environmental monitoring and assessment (Print),0167-6369,true,,
Operations research letters,0167-6377,true,,
Speech communication (Print),0167-6393,true,,
Insurance. Mathematics & economics,0167-6687,true,,
Breast cancer research and treatment (Print),0167-6806,true,,
Systems & control letters (Print),0167-6911,true,,
Journal of microbiological methods,0167-7012,true,,
Computer graphics forum (Print),0167-7055,true,,
Statistics & probability letters,0167-7152,true,,
International journal of industrial organization,0167-7187,true,,
Journal of molecular liquids (Print),0167-7322,true,,
Topoi (Dordrecht. Print),0167-7411,true,,
Trends in biotechnology (Regular ed.),0167-7799,true,,
Natural language and linguistic theory (Print),0167-806X,true,,
International journal of research in marketing,0167-8116,true,,
Radiotherapy and oncology,0167-8140,true,,
International journal of psychophysiology,0167-8760,true,,
"Agriculture, ecosystems & environment (Print)",0167-8809,true,,
Decision support systems,0167-9236,true,,
Microelectronic engineering,0167-9317,true,,
Human movement science (Print),0167-9457,true,,
Computational statistics & data analysis (Print),0167-9473,true,,
Husserl studies,0167-9848,true,,
Applied animal behaviour science (Print),0168-1591,true,,
International journal of food microbiology,0168-1605,true,,
Computers and electronics in agriculture,0168-1699,true,,
Agricultural and forest meteorology (Print),0168-1923,true,,
Biogeochemistry (Dordrecht),0168-2563,true,,
Journal of controlled release,0168-3659,true,,
"Nuclear instruments & methods in physics research. Section B, Beam interactions with materials and atoms (Print)",0168-583X,true,,
FEMS microbiology reviews (Print),0168-6445,true,,
"FEMS microbiology, ecology (Print)",0168-6496,true,,
European journal of population = Revue européenne de démographie,0168-6577,true,,
Experimental & applied acarology,0168-8162,true,,
Diabetes research and clinical practice (Print),0168-8227,true,,
Journal of hepatology (Print),0168-8278,true,,
Health policy (Amsterdam. Print),0168-8510,true,,
"Nuclear instruments & methods in physics research. Section A, Accelerators, spectrometers, detectors and associated equipment (Print)",0168-9002,true,,
Applied numerical mathematics,0168-9274,true,,
Plant science (Limerick),0168-9452,true,,
Trends in genetics (Regular ed.),0168-9525,true,,
Data & knowledge engineering,0169-023X,true,,
Applied clay science (Print),0169-1317,true,,
Ore geology reviews,0169-1368,true,,
Landscape and urban planning,0169-2046,true,,
International journal of forecasting,0169-2070,true,,
Computer methods and programs in biomedicine (Print),0169-2607,true,,
Surveys in geophysics (Print),0169-3298,true,,
Biology & philosophy (Print),0169-3867,true,,
Advanced drug delivery reviews,0169-409X,true,,
Applied surface science (Print),0169-4332,true,,
Lung cancer,0169-5002,true,,
Agricultural economics,0169-5150,true,,
Trends in ecology & evolution (Regular ed.  Print),0169-5347,true,,
Geomorphology (Amsterdam),0169-555X,true,,
Chemometrics and intelligent laboratory systems (Print),0169-7439,true,,
Atmospheric research (Print),0169-8095,true,,
International journal of industrial ergonomics,0169-8141,true,,
Mathematical methods in the applied sciences,0170-4214,true,,
Zeitschrift für Semiotik,0170-6241,true,,
Organization studies,0170-8406,true,,
Journal of cancer research and clinical oncology,0171-5216,true,,
AAA. Arbeiten aus Anglistik und Amerikanistik,0171-5410,true,,
Entomologia generalis,0171-8177,true,,
Marine ecology. Progress series (Halstenbek),0171-8630,true,,
Calcified tissue international,0171-967X,true,,
Pediatric cardiology (Journal. Print),0172-0643,true,,
International journal of sports medicine,0172-4622,true,,
Rheumatology international (Berlin. Print),0172-8172,true,,
Amphibia-reptilia,0173-5373,true,,
Cardiovascular and interventional radiology (Print),0174-1551,true,,
Neuropediatrics,0174-304X,true,,
Applied microbiology and biotechnology,0175-7598,true,,
Journal of applied ichthyology = Zeitschrift für angewandte Ichthyologie,0175-8659,true,,
Social choice and welfare,0176-1714,true,,
Journal of classification,0176-4268,true,,
Engineering with computers,0177-0667,true,,
Theoretical and applied climatology,0177-798X,true,,
Algorithmica,0178-4617,true,,
Dysphagia (New York. Print),0179-051X,true,,
Ethology,0179-1613,true,,
International journal of colorectal disease (Print),0179-1958,true,,
Strahlentherapie und Onkologie (Print),0179-7158,true,,
Archives of medical research,0188-4409,true,,
Philosophy and literature,0190-0013,true,,
Philosophical investigations (Print),0190-0536,true,,
Social psychology quarterly,0190-2725,true,,
Policy studies journal,0190-292X,true,,
The Journal of orthopaedic and sports physical therapy,0190-6011,true,,
Children and youth services review,0190-7409,true,,
Political behavior,0190-9320,true,,
Journal of the American Academy of Dermatology,0190-9622,true,,
Transportation research. Part B: methodological,0191-2615,true,,
Plant disease,0191-2917,true,,
Journal of nonverbal behavior,0191-5886,true,,
History of European ideas,0191-6599,true,,
Journal of structural geology,0191-8141,true,,
Personality and individual differences,0191-8869,true,,
Journal of clinical gastroenterology,0192-0790,true,,
International political science review = Revista internacional de ciencia politica,0192-5121,true,,
Journal of family issues,0192-513X,true,,
Journal of computational chemistry,0192-8651,true,,
American journal of physiology: endocrinology and metabolism,0193-1849,true,,
American journal of physiology: Gastrointestinal and liver physiology,0193-1857,true,,
Journal of dispersion science and technology,0193-2691,true,,
Journal of applied developmental psychology,0193-3973,true,,
Evaluation review,0193-841X,true,,
Journal of marital and family therapy,0194-472X,true,,
Otolaryngology and head and neck surgery,0194-5998,true,,
"Hypertension (Dallas, Tex. 1979)",0194-911X,true,,
Journal of energy resources technology,0195-0738,true,,
The Journal of popular film and television (Print),0195-6051,true,,
American journal of neuroradiology,0195-6108,true,,
"The Energy journal (Cambridge, Mass.)",0195-6574,true,,
Appetite (Print),0195-6663,true,,
European heart journal,0195-668X,true,,
The Journal of hospital infection,0195-6701,true,,
"American journal of education (Chicago, Ill.)",0195-6744,true,,
Medicine and science in sports and exercise,0195-9131,true,,
Ear and hearing (Print),0196-0202,true,,
Annals of emergency medicine,0196-0644,true,,
Journal of developmental and behavioral pediatrics,0196-206X,true,,
IEEE transactions on geoscience and remote sensing,0196-2892,true,,
World literature today,0196-3570,true,,
American journal of infection control,0196-6553,true,,
Energy conversion and management,0196-8904,true,,
Cybernetics and systems,0196-9722,true,,
"Peptides (New York, NY : 1980)",0196-9781,true,,
The Information society,0197-2243,true,,
Basic and applied social psychology,0197-3533,true,,
Prenatal diagnosis (Print),0197-3851,true,,
Habitat international,0197-3975,true,,
The Arts in psychotherapy,0197-4556,true,,
Geriatric nursing (New York),0197-4572,true,,
Neurobiology of aging (Print),0197-4580,true,,
Journal of public health policy,0197-5897,true,,
Family relations,0197-6664,true,,
The International migration review,0197-9183,true,,
Medicinal research reviews (Print),0198-6325,true,,
The International journal of periodontics & restorative dentistry,0198-7569,true,,
Arbor (Madrid),0210-1963,true,,
Al-Qantara (Madrid),0211-3589,true,,
The European journal of psychiatry,0213-6163,true,,
Psicothema (Oviedo),0214-9915,true,,
Asia-Pacific journal of operational research,0217-5959,true,,
Modern physics letters A,0217-7323,true,,
International journal of modern physics A (Singapore.Print),0217-751X,true,,
International journal of modern physics b,0217-9792,true,,
International journal of bifurcation and chaos in applied sciences and engineering,0218-1274,true,,
International journal of cooperative information systems (Singapore),0218-8430,true,,
European journal of medicinal chemistry,0223-5234,true,,
Statistics (Berlin),0233-1888,true,,
Biology of the cell,0248-4900,true,,
Annals of nutrition & metabolism,0250-6807,true,,
Anticancer research (print),0250-7005,true,,
Dento-maxillo-facial radiology,0250-832X,true,,
Digestive surgery,0253-4886,true,,
Journal of Dharma,0253-7222,true,,
Psychopathology,0254-4962,true,,
Annals of operation research,0254-5330,true,,
Chemical engineering and processing (Print) = Verfahrenstechnik,0255-2701,true,,
European journal of psychology of education (Lisboa) = Journal europeen de psychologie de l'education,0256-2928,true,,
Zeitgeschichte,0256-5250,true,,
Child's nervous system (Print),0256-7040,true,,
Queueing systems,0257-0130,true,,
Immunologic research,0257-277X,true,,
The World Bank research observer (Print),0257-3032,true,,
Surface & coatings technology,0257-8972,true,,
South African journal of philosophy = Suid-Afrikaanse tydskrif vir wysbegeerte,0258-0136,true,,
South African historical journal = Suid-Afrikaanse historiese joernaal,0258-2473,true,,
The World Bank economic review (Print),0258-6770,true,,
Bulletin of volcanology (Print),0258-8900,true,,
Review of international studies (Print),0260-2105,true,,
JAT. Journal of applied toxicology,0260-437X,true,,
Nurse education today,0260-6917,true,,
Journal of food engineering,0260-8774,true,,
Crop protection,0261-2194,true,,
Electoral studies,0261-3794,true,,
EMBO journal (Print),0261-4189,true,,
British journal of developmental psychology,0261-510X,true,,
Tourism management (1982),0261-5177,true,,
Journal of international money and finance,0261-5606,true,,
Clinical nutrition (Edinburgh),0261-5614,true,,
Journal of language and social psychology,0261-927X,true,,
Music analysis,0262-5245,true,,
Hydrological sciences journal = Journal des sciences hydrologiques,0262-6667,true,,
Journal of micropalaeontology,0262-821X,true,,
Family practice (Print),0263-2136,true,,
Measurement (London. Print),0263-2241,true,,
"Theory, culture & society",0263-2764,true,,
Journal of law and society (Print),0263-323X,true,,
Industrial management + data systems,0263-5577,true,,
Journal of hypertension,0263-6352,true,,
"Environment and planning. D, Society & space (Print)",0263-7758,true,,
Composite structures,0263-8223,true,,
Thin-walled structures,0263-8231,true,,
Chemical engineering research & design,0263-8762,true,,
Journal of sports sciences (Print),0264-0414,true,,
Service industries journal,0264-2069,true,,
Cities,0264-2751,true,,
Cognitive neuropsychology (Print),0264-3294,true,,
Vaccine,0264-410X,true,,
Biochemical journal (London. 1984),0264-6021,true,,
Journal of reproductive and infant psychology,0264-6838,true,,
Marine and petroleum geology,0264-8172,true,,
Land use policy,0264-8377,true,,
Classical and quantum gravity (Print),0264-9381,true,,
Economic modelling,0264-9993,true,,
European journal of anaesthesiology,0265-0215,true,,
Social philosophy & policy,0265-0525,true,,
Journal of social work practice,0265-0533,true,,
International marketing review,0265-1335,true,,
Journal of social and personal relationships,0265-4075,true,,
IDS bulletin (Brighton. 1985),0265-5012,true,,
European history quarterly,0265-6914,true,,
Print quarterly,0265-8305,true,,
BioEssays,0265-9247,true,,
Journal of environmental radioactivity,0265-931X,true,,
Space policy,0265-9646,true,,
Soil use and management,0266-0032,true,,
Economics and philosophy,0266-2671,true,,
British journal of oral & maxillofacial surgery,0266-4356,true,,
International journal of technology assessment in health care (Print),0266-4623,true,,
Economic policy (Print),0266-4658,true,,
Econometric theory (Print),0266-4666,true,,
Journal of applied statistics,0266-4763,true,,
Journal of computer assisted learning (Print),0266-4909,true,,
Midwifery,0266-6138,true,,
Word & image (London. 1985),0266-6286,true,,
European sociological review,0266-7215,true,,
Oxford review of economic policy (Print),0266-903X,true,,
Housing studies,0267-3037,true,,
European journal of communication (London),0267-3231,true,,
International journal of technology management = Intanashonaru janaru-obu-tekunarogi,0267-5730,true,,
Perfusion,0267-6591,true,,
Soil dynamics and earthquake engineering (1984),0267-7261,true,,
JQS. Journal of quaternary science (Print),0267-8179,true,,
Mutagenesis,0267-8357,true,,
Work and stress,0267-8373,true,,
Journal of analytical atomic spectrometry (Print),0267-9477,true,,
Clinical biomechanics (Bristol),0268-0033,true,,
Food hydrocolloids,0268-005X,true,,
Journal of education policy,0268-0939,true,,
Mind & language (Print),0268-1064,true,,
"New technology, work and employment (Print)",0268-1072,true,,
Health policy and planning (Print),0268-1080,true,,
Health education research,0268-1153,true,,
Human reproduction (Oxford. Print),0268-1161,true,,
Seventeenth century,0268-117X,true,,
International clinical psychopharmacology,0268-1315,true,,
Journal of chemical technology and biotechnology (1986),0268-2575,true,,
Bone marrow transplantation (Basingstoke),0268-3369,true,,
Phlebology,0268-3555,true,,
"International journal, advanced manufacturing technology",0268-3768,true,,
International journal of information management,0268-4012,true,,
Continuity and change (Print),0268-4160,true,,
International sociology,0268-5809,true,,
Aphasiology,0268-7038,true,,
British journal of neurosurgery (Print),0268-8697,true,,
Lasers in medical science,0268-8921,true,,
Animal genetics (Print),0268-9146,true,,
Journal of the Royal Musical Association,0269-0403,true,,
Clinical rehabilitation,0269-2155,true,,
Palliative medicine,0269-2163,true,,
Alimentary pharmacology & therapeutics,0269-2813,true,,
Medical and veterinary entomology (Print),0269-283X,true,,
Environmental geochemistry and health,0269-4042,true,,
Journal of clinical pharmacy and therapeutics (Print),0269-4727,true,,
Environmental pollution (1987),0269-7491,true,,
Functional ecology (Print),0269-8463,true,,
Journal of psychopharmacology (Oxford),0269-8811,true,,
Science in context,0269-8897,true,,
Brain injury (London. Print),0269-9052,true,,
Clinical linguistics & phonetics,0269-9206,true,,
AIDS (London),0269-9370,true,,
Bioethics (Oxford. Print),0269-9702,true,,
Cognition and emotion (Print),0269-9931,true,,
Research quarterly for exercise and sport,0270-1367,true,,
The Prostate (Print),0270-4137,true,,
The Journal of neuroscience,0270-6474,true,,
The journal of futures markets,0270-7314,true,,
"Hepatology (Baltimore, Md.)",0270-9139,true,,
Seminars in nephrology (Print),0270-9295,true,,
Journal of clinical psychopharmacology,0271-0749,true,,
Public administration and development (Print),0271-2075,true,,
American journal of industrial medicine (Print),0271-3586,true,,
Current eye research (Print),0271-3683,true,,
Language & communication,0271-5309,true,,
Journal of cerebral blood flow and metabolism,0271-678X,true,,
Journal of pediatric orthopedics,0271-6798,true,,
Topics in language disorders,0271-8294,true,,
Journal of clinical immunology,0271-9142,true,,
Anales de la literatura española contemporánea = Annals of contemporary Spanish literature,0272-1635,true,,
IEEE computer graphics and applications,0272-1716,true,,
Urban geography,0272-3638,true,,
Physical geography,0272-3646,true,,
Journal of early adolescence,0272-4316,true,,
Risk analysis,0272-4332,true,,
Journal of environmental psychology,0272-4944,true,,
Clinics in chest medicine,0272-5231,true,,
American journal of kidney diseases,0272-6386,true,,
Journal of operations management,0272-6963,true,,
Clinical psychology review,0272-7358,true,,
"Estuarine, coastal and shelf science (Print)",0272-7714,true,,
Economics of education review,0272-7757,true,,
Seminars in liver disease (Print),0272-8087,true,,
Merrill-Palmer quarterly (1982),0272-930X,true,,
The American journal of occupational therapy,0272-9490,true,,
Medical decision making,0272-989X,true,,
Water science & technology,0273-1223,true,,
Developmental review (Print),0273-2297,true,,
Regulatory toxicology and pharmacology,0273-2300,true,,
Journal of teaching in physical education,0273-5024,true,,
Children's health care,0273-9615,true,,
Human rights quarterly,0275-0392,true,,
American review of public administration,0275-0740,true,,
American journal of primatology (Print),0275-2565,true,,
Ophthalmic & physiological optics,0275-5408,true,,
The International journal of eating disorders (Print),0276-3478,true,,
Mountain research and development,0276-4741,true,,
The Journal of asthma,0277-0903,true,,
Journal of pediatric gastroenterology and nutrition,0277-2116,true,,
Cornea,0277-3740,true,,
Quaternary science reviews,0277-3791,true,,
"Wetlands (Wilmington, N.C.)",0277-5212,true,,
Women's studies international forum,0277-5395,true,,
Journal of forecasting (Print),0277-6693,true,,
Statistics in medicine (Print),0277-6715,true,,
Mass spectrometry reviews (Print),0277-7037,true,,
"The Journal of musicology (St. Joseph, Mich.)",0277-9269,true,,
Social science & medicine (1982. Print),0277-9536,true,,
IEEE transactions on industrial electronics (1982. Print),0278-0046,true,,
IEEE transactions on medical imaging (Print),0278-0062,true,,
IEEE technology & society magazine,0278-0097,true,,
Social cognition,0278-016X,true,,
Journal of oral and maxillofacial surgery (Print),0278-2391,true,,
Brain and cognition,0278-2626,true,,
"Health affairs (Millwood, Va.)",0278-2715,true,,
Journal of anthropological archaeology (Print),0278-4165,true,,
Progress in neuro-psychopharmacology & biological psychiatry,0278-5846,true,,
Journal of manufacturing systems,0278-6125,true,,
Health psychology (Print),0278-6133,true,,
Food and chemical toxicology,0278-6915,true,,
"Journal of experimental psychology. Learning, memory, and cognition",0278-7393,true,,
Journal of psychoactive drugs,0279-1072,true,,
Scandinavian journal of primary health care (Print),0281-3432,true,,
Glycoconjugate journal,0282-0080,true,,
Scandinavian journal of caring sciences,0283-9318,true,,
Acta radiologica (1987),0284-1851,true,,
"Acta oncologica (Stockholm, Sweden)",0284-186X,true,,
Journal of international medical research,0300-0605,true,,
Clinical endocrinology (Oxford. Print),0300-0664,true,,
Rhinology (Leiden),0300-0729,true,,
Local government studies,0300-3930,true,,
Toxicology (Amsterdam),0300-483X,true,,
Biochemical Society transactions,0300-5127,true,,
Journal of perinatal medicine,0300-5577,true,,
Journal of dentistry,0300-5712,true,,
International journal of epidemiology,0300-5771,true,,
Diacritics (Print),0300-7162,true,,
"Human ecology (New York, N.Y.)",0300-7839,true,,
Current medical research and opinion,0300-7995,true,,
Infection,0300-8126,true,,
Connective tissue research (Print),0300-8207,true,,
Basic research in cardiology (Print),0300-8428,true,,
Acta neurologica belgica,0300-9009,true,,
Progress in organic coatings (Print),0300-9440,true,,
Boreas (Oslo.  Trykt utg.),0300-9483,true,,
Journal of neural transmission,0300-9564,true,,
"Resuscitation (London, Print)",0300-9572,true,,
Scandinavian journal of rheumatology (Trykt. utg.),0300-9742,true,,
Veterinary pathology,0300-9858,true,,
Perception (London. Print),0301-0066,true,,
Progress in neurobiology (Print),0301-0082,true,,
Pediatric radiology,0301-0449,true,,
Biological psychology,0301-0511,true,,
VASA (Bern),0301-1526,true,,
Social behavior and personality,0301-2212,true,,
ZGL. Zeitschrift für germanistische Linguistik,0301-3294,true,,
Energy policy,0301-4215,true,,
Theoretical linguistics,0301-4428,true,,
Annals of human biology,0301-4460,true,,
Differentiation (London),0301-4681,true,,
Journal of environmental management,0301-4797,true,,
Molecular biology reports,0301-4851,true,,
Ultrasound in medicine & biology,0301-5629,true,,
Quaderni storici (Testo stampato),0301-6307,true,,
Tribology international,0301-679X,true,,
Journal of Chinese philosophy (Print),0301-8121,true,,
Precambrian research,0301-9268,true,,
Neuropsychobiology,0302-282X,true,,
European urology,0302-2838,true,,
Biosystems (Amsterdam. Print),0303-2647,true,,
Psychiatrische Praxis,0303-4259,true,,
Andrologia (Berlin),0303-4569,true,,
Journal of the Royal Society of New Zealand,0303-6758,true,,
Scandinavian journal of statistics,0303-6898,true,,
Journal of clinical periodontology,0303-6979,true,,
Molecular and cellular endocrinology (Print),0303-7207,true,,
Social indicators research,0303-8300,true,,
Clinical neurology and neurosurgery (Dutch-Flemish ed.),0303-8467,true,,
Vlaams dierengeneeskundig tijdschrift,0303-9021,true,,
Theory and society (Print),0304-2421,true,,
Gerontology (Basel),0304-324X,true,,
Russian Linguistics,0304-3487,true,,
Aquatic botany,0304-3770,true,,
Ecological modelling,0304-3800,true,,
Cancer letters (Print),0304-3835,true,,
Hydrometallurgy (Amsterdam),0304-386X,true,,
Journal of development economics (Print),0304-3878,true,,
Journal of hazardous materials (Print),0304-3894,true,,
Journal of monetary economics (Print),0304-3932,true,,
Neuroscience letters (Print),0304-3940,true,,
Pain (Amsterdam. Print),0304-3959,true,,
Theoretical computer science,0304-3975,true,,
Veterinary parasitology (Print),0304-4017,true,,
Journal of financial economics,0304-405X,true,,
Journal of mathematical economics (Print),0304-4068,true,,
Journal of econometrics,0304-4076,true,,
European journal of political research,0304-4130,true,,
Stochastic processes and their applications,0304-4149,true,,
"Biochimica et biophysica acta. G, General subjects (Print)",0304-4165,true,,
Journal of medieval history (Print),0304-4181,true,,
Poetics (Amsterdam),0304-422X,true,,
Journal of magnetism and magnetic materials,0304-8853,true,,
Journal of child language (Print),0305-0009,true,,
Comparative education (Print),0305-0068,true,,
Journal of biogeography (Print),0305-0270,true,,
Omega (Oxford),0305-0483,true,,
Computers & operations research,0305-0548,true,,
International interactions,0305-0629,true,,
Nucleic acids research,0305-1048,true,,
Neuropathology and applied neurobiology (Print),0305-1846,true,,
Child care health and development (Print),0305-1862,true,,
Engineering optimization (Print),0305-215X,true,,
Burns,0305-4179,true,,
Journal of archaeological science (Print),0305-4403,true,,
Oxford review of education,0305-4985,true,,
Educational studies,0305-5698,true,,
Policy and politics (Print),0305-5736,true,,
Journal of Southern African studies,0305-7070,true,,
Journal of moral education,0305-7240,true,,
Annals of botany (Print),0305-7364,true,,
Cancer treatment reviews,0305-7372,true,,
The journal of antimicrobial chemotherapy (Print),0305-7453,true,,
World development,0305-750X,true,,
Millennium,0305-8298,true,,
Progress in planning,0305-9006,true,,
Oxford bulletin of economics and statistics (Print),0305-9049,true,,
Chemical Society reviews (Print),0306-0012,true,,
Early music,0306-1078,true,,
Applied energy,0306-2619,true,,
Social studies of science,0306-3127,true,,
British journal of sports medicine,0306-3674,true,,
Race & class,0306-3968,true,,
Information systems (Oxford),0306-4379,true,,
Neuroscience,0306-4522,true,,
Psychoneuroendocrinology,0306-4530,true,,
Journal of thermal biology,0306-4565,true,,
Information processing & management (Print),0306-4573,true,,
Addictive behaviors,0306-4603,true,,
British journal of clinical pharmacology (Print),0306-5251,true,,
The Journal of peasant studies,0306-6150,true,,
Journal of medical ethics,0306-6800,true,,
International statistical review = Revue internationale de statistique,0306-7734,true,,
Food policy,0306-9192,true,,
Medical hypotheses,0306-9877,true,,
British journal of guidance & counselling,0306-9885,true,,
International journal of obesity,0307-0565,true,,
Social history (London),0307-1022,true,,
Studies in higher education (Dorchester-on-Thames),0307-5079,true,,
TLS. Times literary supplement,0307-661X,true,,
Clinical and experimental dermatology (Print),0307-6938,true,,
Applied mathematical modelling (Print),0307-904X,true,,
Avian pathology,0307-9457,true,,
Medical education (Oxford. Print),0308-0110,true,,
Transportation planning and technology,0308-1060,true,,
Linear and multilinear algebra,0308-1087,true,,
Critique of anthropology,0308-275X,true,,
Economy and Society (Print),0308-5147,true,,
Environment & planning. A (Print),0308-518X,true,,
Agricultural systems,0308-521X,true,,
Telecommunications policy,0308-5961,true,,
Marine policy,0308-597X,true,,
Journal of imperial and Commonwealth history,0308-6534,true,,
History of photography,0308-7298,true,,
Food chemistry,0308-8146,true,,
Histopathology (Oxford. Print),0309-0167,true,,
International journal of urban and regional research (Print) = Revue internationale de recherche urbaine et régionale,0309-1317,true,,
Progress in human geography,0309-1325,true,,
Progress in physical geography,0309-1333,true,,
Cambridge journal of economics,0309-166X,true,,
Advances in water resources,0309-1708,true,,
Meat science,0309-1740,true,,
Journal of advanced nursing (Print),0309-2402,true,,
Publishing history,0309-2445,true,,
Journal of strain analysis for engineering design,0309-3247,true,,
Prosthetics and orthotics international,0309-3646,true,,
Journal of philosophy of education (Print),0309-8249,true,,
Journal of geography in higher education (Print),0309-8265,true,,
Anaesthesia and intensive care,0310-057X,true,,
Clinical pharmacokinetics,0312-5963,true,,
Australian journal of public administration,0313-6647,true,,
Canadian journal of civil engineering (Print) = Revue canadienne de génie civil,0315-1468,true,,
Journal of rheumatology,0315-162X,true,,
INFOR. Information systems and operational research,0315-5986,true,,
Voix et images,0318-9201,true,,
Canadian journal of statistics = Revue canadienne de statistique,0319-5724,true,,
Biometrical journal (1977),0323-3847,true,,
Zeitschrift für Germanistik,0323-7982,true,,
Neohelicon (Print),0324-4652,true,,
Cephalalgia (Oslo),0333-1024,true,,
Poetics today,0333-5372,true,,
Journal of pediatric endocrinology & metabolism,0334-018X,true,,
Reviews in the neurosciences,0334-1763,true,,
Corrosion reviews,0334-6005,true,,
Revue d'études comparatives Est-Ouest,0338-0599,true,,
International archives of occupational and environmental health = Internationales Archiv für Arbeits- und Umweltmedizin,0340-0131,true,,
Zeitschrift für historische Forschung,0340-0174,true,,
Psychological research (Print) = Psychologische Forschung (1974),0340-0727,true,,
Biological cybernetics,0340-1200,true,,
Zeitschrift für Soziologie,0340-1804,true,,
Archives of dermatological research (Print) = Archiv für dermatologische Forschung,0340-3696,true,,
Anglia (Tübingen),0340-5222,true,,
Journal of neurology (Print) = Zeitschrift für Neurologie (1974),0340-5354,true,,
Behavioral ecology and sociobiology (Print),0340-5443,true,,
Archives of toxicology,0340-5761,true,,
Geschichte und Gesellschaft (Göttingen),0340-613X,true,,
European journal of pediatrics,0340-6199,true,,
Thrombosis and haemostasis,0340-6245,true,,
Human genetics,0340-6717,true,,
Cancer immunology and immunotherapy,0340-7004,true,,
Deutsche Sprache,0340-9341,true,,
Herz (München. Print),0340-9937,true,,
Zeitschrift der Deutschen Morgenländischen Gesellschaft,0341-0137,true,,
Lung (New York),0341-2040,true,,
International orthopaedics,0341-2695,true,,
Catena (Cremlingen),0341-8162,true,,
Intensive care medicine (Print),0342-4642,true,,
International journal of rehabilitation research = Revue internationale de recherches en réadaptation,0342-5282,true,,
Irrigation science,0342-7188,true,,
Romanistische Zeitschrift für Literaturgeschichte = Cahiers d'histoire des littératures romanes,0343-379X,true,,
The mathematical intelligencer,0343-6993,true,,
Current microbiology (Print),0343-8651,true,,
"Pathology, research and practice (Print)",0344-0338,true,,
Neurosurgical review,0344-5607,true,,
Sprachwissenschaft,0344-8169,true,,
The Scandinavian journal of economics,0347-0520,true,,
International review of the aesthetics and sociology of music,0351-5796,true,,
"Scandinavian journal of work, environment & health (Print)",0355-3140,true,,
Sex roles,0360-0025,true,,
ACM computing surveys,0360-0300,true,,
Annual review of sociology (Print),0360-0572,true,,
Educational gerontology,0360-1277,true,,
Computers and education (Print),0360-1315,true,,
Building and environment,0360-1323,true,,
"International journal of radiation oncology, biology, physics (Print)",0360-3016,true,,
Human communication research,0360-3989,true,,
Inflammation,0360-3997,true,,
Journal of neuroscience research,0360-4012,true,,
The journal of medicine and philosophy (Print),0360-5310,true,,
Energy (Oxford),0360-5442,true,,
Chemical engineering progress,0360-7275,true,,
Computers & industrial engineering (Print),0360-8352,true,,
The Sixteenth century journal,0361-0160,true,,
Journal of the American Society of Brewing Chemists,0361-0470,true,,
Experimental aging research,0361-073X,true,,
Communications in statistics. Simulation and computation,0361-0918,true,,
Communications in statistics. Theory and methods,0361-0926,true,,
Color research and application (Print),0361-2317,true,,
Disasters (Print),0361-3666,true,,
"Accounting, organizations and society",0361-3682,true,,
Contemporary educational psychology (Print),0361-476X,true,,
Journal of electronic materials,0361-5235,true,,
Health care management review,0361-6274,true,,
The International journal of African historical studies,0361-7882,true,,
American journal of roentgenology (1976. Print),0361-803X,true,,
Brain research bulletin (Print),0361-9230,true,,
Journal of food protection,0362-028X,true,,
Traditio,0362-1529,true,,
Annual review of pharmacology and toxicology (Print),0362-1642,true,,
"Spine (Philadelphia, Pa. 1976)",0362-2436,true,,
Journal of morphology (1931. Print),0362-2525,true,,
The Social science journal (Fort Collins),0362-3319,true,,
Journal of labelled compounds & radiopharmaceuticals,0362-4803,true,,
Nonlinear analysis,0362-546X,true,,
Curriculum inquiry,0362-6784,true,,
Legislative studies quarterly,0362-9805,true,,
SIAM journal on control and optimization (Print),0363-0129,true,,
Suicide & life-threatening behavior,0363-0234,true,,
Women & health,0363-0242,true,,
Journal of family history,0363-1990,true,,
"The |Journal of hand surgery (St. Louis, Mo.)",0363-5023,true,,
The American journal of sports medicine,0363-5465,true,,
"American journal of physiology. Regulatory, integrative and comparative physiology",0363-6119,true,,
American journal of physiology. Heart and circulatory physiology,0363-6135,true,,
American journal of physiology. Cell physiology,0363-6143,true,,
Systematic botany,0363-6445,true,,
The Academy of Management review,0363-7425,true,,
"Public relations review (Riverdale, N.Y.)",0363-8111,true,,
Journal of computer assisted tomography,0363-8715,true,,
International journal for numerical and analytical methods in geomechanics (Print),0363-9061,true,,
Clinical nuclear medicine,0363-9762,true,,
Cognitive science,0364-0213,true,,
Environmental management (New York),0364-152X,true,,
World journal of surgery,0364-2313,true,,
Annals of neurology,0364-5134,true,,
Mathematics of operations research,0364-765X,true,,
Journal of graph theory (Print),0364-9024,true,,
Ecology of Food and Nutrition,0367-0244,true,,
Kybernetes,0368-492X,true,,
Zeitschrift für Geomorphologie = Annales de géomorphologie (Print),0372-8854,true,,
Geothermics,0375-6505,true,,
Journal of geochemical exploration,0375-6742,true,,
Progress in Aerospace Sciences,0376-0421,true,,
Behavioural processes (Print),0376-6357,true,,
Journal of membrane science (Print),0376-7388,true,,
Drug and alcohol dependence,0376-8716,true,,
Environmental conservation (Print),0376-8929,true,,
Journal of volcanology and geothermal research,0377-0273,true,,
Journal of computational and applied mathematics,0377-0427,true,,
Journal of Raman spectroscopy (Print),0377-0486,true,,
European journal of operational research,0377-2217,true,,
Marine micropaleontology (Print),0377-8398,true,,
Animal feed science and technology (Print),0377-8401,true,,
letters in mathematical physics,0377-9017,true,,
Journal of Palestine studies,0377-919X,true,,
FEMS microbiology letters,0378-1097,true,,
Forest ecology and management,0378-1127,true,,
Veterinary microbiology (Amsterdam. Print),0378-1135,true,,
Journal of pragmatics,0378-2166,true,,
Journal of statistical planning and inference (Print),0378-3758,true,,
Agricultural water management (Print),0378-3774,true,,
Early human development (Print),0378-3782,true,,
Fuel processing technology,0378-3820,true,,
Coastal engineering,0378-3839,true,,
Journal of banking & finance (Print),0378-4266,true,,
Toxicology letters,0378-4274,true,,
Physica. A (Print),0378-4371,true,,
Water S.A,0378-4738,true,,
Mathematics and computers in simulation (Print),0378-4754,true,,
Maturitas (Amsterdam. Print),0378-5122,true,,
International journal of pharmaceutics (Print),0378-5173,true,,
World economy (Print),0378-5920,true,,
Hearing research,0378-5955,true,,
Information & management (Amsterdam),0378-7206,true,,
Gynecologic and obstetric investigation,0378-7346,true,,
Journal of power sources (Print),0378-7753,true,,
Energy and buildings,0378-7788,true,,
Electric power systems research (Print),0378-7796,true,,
European journal of drug metabolism and pharmacokinetics,0378-7966,true,,
Social networks,0378-8733,true,,
Journal of ethnopharmacology,0378-8741,true,,
Forensic science international,0379-0738,true,,
Fire safety journal (Print),0379-7112,true,,
Journal of Great Lakes research,0380-1330,true,,
Journal of religious ethics,0384-9694,true,,
"Proceedings of the Japan Academy. Series A, Mathematical sciences",0386-2194,true,,
Brain & development (Tokyo. 1979),0387-7604,true,,
A + U,0389-9160,true,,
Critica letteraria (Testo stampato),0390-0142,true,,
Rivista di letterature moderne e comparate,0391-2108,true,,
The international journal of artificial organs (Print),0391-3988,true,,
Verifiche (Trento),0391-4186,true,,
Studi medievali (1928),0391-8467,true,,
History and philosophy of the life sciences,0391-9714,true,,
European journal of gynaecological oncology,0392-2936,true,,
Clinical and Experimental Rheumatology (Print),0392-856X,true,,
International angiology (Print),0392-9590,true,,
Journal of geometry and physics,0393-0440,true,,
Rivista di storia della filosofia (1984. Testo stampato),0393-2516,true,,
European journal of epidemiology,0393-2990,true,,
Revue française d'études américaines,0397-7870,true,,
Annales de Bretagne et des pays de l'Ouest,0399-0826,true,,
Equine veterinary journal,0425-1644,true,,
Historical archaeology,0440-9213,true,,
Revue des études juives,0484-8616,true,,
Experimental gerontology,0531-5565,true,,
International journal of chemical kinetics,0538-8066,true,,
Littératures (Toulouse),0563-9751,true,,
The annals of regional science,0570-1864,true,,
"Spectrochimica acta. Part B, Atomic spectroscopy",0584-8547,true,,
Schizophrenia bulletin,0586-7614,true,,
Acta Physica Polonica. A,0587-4246,true,,
Zygon,0591-2385,true,,
International history review,0707-5332,true,,
Canadian journal on aging = Revue canadienne du vieillissement,0714-9808,true,,
European journal of radiology,0720-048X,true,,
Zoomorphology (Berlin. Print),0720-213X,true,,
Graefe's archive for clinical and experimental ophthalmology,0721-832X,true,,
Polar biology (Print),0722-4060,true,,
Systematic and applied microbiology (Print),0723-2020,true,,
World journal of urology (Print),0724-4983,true,,
Pharmaceutical research,0724-8741,true,,
ACM transactions on graphics,0730-0301,true,,
Biotechnology law report,0730-031X,true,,
Magnetic resonance imaging (Print),0730-725X,true,,
Environmental toxicology and chemistry (Print),0730-7268,true,,
"Birth (Berkeley, Calif.)",0730-7659,true,,
Music perception,0730-7829,true,,
Work and occupations,0730-8884,true,,
Journal of pharmaceutical and biomedical analysis (Print),0731-7085,true,,
New ideas in psychology,0732-118X,true,,
Journal of clinical oncology,0732-183X,true,,
"Marketing science (Providence, R.I.)",0732-2399,true,,
Tulsa studies in women's literature,0732-7730,true,,
"Experimental techniques (Westport, Conn.)",0732-8818,true,,
Diagnostic microbiology and infectious disease,0732-8893,true,,
Neurourology and urodynamics (Print),0733-2467,true,,
Journal of applied gerontology,0733-4648,true,,
Journal of cereal science (Print),0733-5210,true,,
Journal of construction engineering and management,0733-9364,true,,
"Journal of hydraulic engineering (New York, N.Y.)",0733-9429,true,,
"Journal of structural engineering (New York, N.Y.)",0733-9445,true,,
Journal of surveying engineering,0733-9453,true,,
"Journal of waterway, port, coastal, and ocean engineering",0733-950X,true,,
Waste management & research (Print),0734-242X,true,,
Journal of psychoeducational assessment (Print),0734-2829,true,,
Journal of labor economics,0734-306X,true,,
Journal of psychosocial oncology,0734-7332,true,,
Rhetorica,0734-8584,true,,
Biotechnology advances,0734-9750,true,,
Journal of business & economic statistics,0735-0015,true,,
Alcohol and alcoholism (Oxford),0735-0414,true,,
Journal of the American College of Cardiology (Print),0735-1097,true,,
Psychoanalytic inquiry,0735-1690,true,,
Journal of urban affairs,0735-2166,true,,
Critical reviews in plant sciences,0735-2689,true,,
Behavioral sciences & the law (Print),0735-3936,true,,
The American journal of emergency medicine (Print),0735-6757,true,,
Journal of comparative psychology (1983),0735-7036,true,,
Behavioral neuroscience,0735-7044,true,,
Journal of orthopaedic research,0736-0266,true,,
The Journal of emergency medicine (Print),0736-4679,true,,
Adapted physical activity quarterly,0736-5829,true,,
Robotics and computer-integrated manufacturing (Print),0736-5845,true,,
BioTechniques,0736-6205,true,,
Journal of social and clinical psychology,0736-7236,true,,
Pediatric dermatology,0736-8046,true,,
Psychoanalytic psychology,0736-9735,true,,
Journal of equine veterinary science (Print),0737-0806,true,,
"Public health nursing (Boston, Mass.)",0737-1209,true,,
Drying technology,0737-3937,true,,
"Source (New York, N.Y.)",0737-4453,true,,
The Journal of product innovation management (Print),0737-6782,true,,
International journal of educational development,0738-0593,true,,
Clinics in dermatology,0738-081X,true,,
Journal of architectural and planning research,0738-0895,true,,
Journal of modern Greek studies (Print),0738-1727,true,,
Patient education and counseling,0738-3991,true,,
Critical reviews in biotechnology,0738-8551,true,,
Archives of insect biochemistry and physiology,0739-4462,true,,
Domestic animal endocrinology,0739-7240,true,,
Food microbiology (Print),0740-0020,true,,
Magnetic resonance in medicine (Print),0740-3194,true,,
Government information quarterly,0740-624X,true,,
Written communication,0741-0883,true,,
Sociology of sport journal,0741-1235,true,,
Advances in therapy,0741-238X,true,,
Plasma physics and controlled fusion (Print),0741-3335,true,,
Journal of vascular surgery (Print),0741-5214,true,,
The Rand journal of economics,0741-6261,true,,
Adult education quarterly,0741-7136,true,,
"Alcohol (Fayetteville, N.Y.)",0741-8329,true,,
Justice quarterly,0741-8825,true,,
Teaching and teacher education,0742-051X,true,,
Chronobiology international,0742-0528,true,,
"Echocardiography (Mount Kisco, N.Y. Print)",0742-2822,true,,
Diabetic medicine,0742-3071,true,,
Psychology & marketing (Print),0742-6046,true,,
Mexican studies = Estudios mexicanos,0742-9797,true,,
Journal of rural studies,0743-0167,true,,
Journal of adolescent research,0743-5584,true,,
Langmuir,0743-7463,true,,
Journal of American college health,0744-8481,true,,
Medical anthropology quarterly,0745-5194,true,,
Computers in human behavior (Print),0747-5632,true,,
Design issues,0747-9360,true,,
Death studies,0748-1187,true,,
Measurement and evaluation in counseling and development,0748-1756,true,,
Toxicology and industrial health,0748-2337,true,,
Journal of veterinary medical education,0748-321X,true,,
Journal of quantitative criminology,0748-4518,true,,
Issues in science and technology,0748-5492,true,,
Quality and reliability engineering international (Print),0748-8017,true,,
The Veterinary clinics of North America. Food animal practice (Print),0749-0720,true,,
Magnetic resonance in chemistry (Print),0749-1581,true,,
American journal of preventive medicine (Print),0749-3797,true,,
Journal of memory and language (Print),0749-596X,true,,
Organizational behavior and human decision processes (Print),0749-5978,true,,
The International journal of health planning and management,0749-6753,true,,
The Clinical journal of pain,0749-8047,true,,
Arthroscopy (Print),0749-8063,true,,
Biomedicine & pharmacotherapy = Biomédecine & pharmacothérapie,0753-3322,true,,
Science & sports,0765-1597,true,,
Clinical rheumatology (Printed),0770-3198,true,,
Volkskunde (1940),0775-3128,true,,
Belgian journal of zoology (Printed),0777-6276,true,,
Annals of medicine (Helsinki),0785-3890,true,,
Acta pædiatrica (Oslo),0803-5253,true,,
Nordic journal of psychiatry,0803-9488,true,,
European journal of endocrinology,0804-4643,true,,
Journal of gastroenterology and hepatology,0815-9319,true,,
Immunology and cell biology,0818-9641,true,,
CMAJ. Canadian Medical Association journal,0820-3946,true,,
Computational intelligence = Intelligence informatique,0824-7935,true,,
Journal of palliative care,0825-8597,true,,
Canadian journal of cardiology (Print) = Journal canadienne de cardiologie,0828-282X,true,,
Canadian journal of anaesthesia = Journal canadien d'anesthésie (Print),0832-610X,true,,
Research on language and social interaction,0835-1813,true,,
Biology of Sport,0860-021X,true,,
Physiological Research (Print),0862-8408,true,,
Journal of psychopathology and behavioral assessment,0882-2689,true,,
Cultural critique (Print),0882-4371,true,,
Topics in geriatric rehabilitation,0882-7524,true,,
Psychology and aging,0882-7974,true,,
Viral immunology,0882-8245,true,,
Journal of child neurology (Print),0883-0738,true,,
Romance quarterly,0883-1157,true,,
Applied geochemistry,0883-2927,true,,
Statistical science,0883-4237,true,,
The Journal of arthroplasty,0883-5403,true,,
Annals of behavioral medicine,0883-6612,true,,
"Journal of applied econometrics (Chichester, England)",0883-7252,true,,
Journal of business venturing,0883-9026,true,,
Archives of psychiatric nursing (Print),0883-9417,true,,
Journal of bone and mineral research,0884-0431,true,,
Journal of general internal medicine,0884-8734,true,,
"Sociological forum (Randolph, N.J.)",0884-8971,true,,
Medical problems of performing artists,0885-1158,true,,
Early childhood research quarterly,0885-2006,true,,
Cognitive development,0885-2014,true,,
"IEEE transactions on ultrasonics, ferroelectrics, and frequency control",0885-3010,true,,
Movement disorders,0885-3185,true,,
Journal of pain and symptom management,0885-3924,true,,
Biotechnology and applied biochemistry,0885-4513,true,,
Journal of personality disorders,0885-579X,true,,
Machine learning,0885-6125,true,,
Human psychopharmacology (Print),0885-6222,true,,
International journal of geriatric psychiatry,0885-6230,true,,
Journal of family violence,0885-7482,true,,
Journal of cancer education,0885-8195,true,,
IEEE transactions on power systems,0885-8950,true,,
The journal of head trauma rehabilitation,0885-9701,true,,
Journal of cardiac surgery,0886-0440,true,,
Journal of interpersonal violence,0886-2605,true,,
Global biogeochemical cycles,0886-6236,true,,
Tunnelling and underground space technology (Print),0886-7798,true,,
Journal of chemometrics (Print),0886-9383,true,,
Psychology & health,0887-0446,true,,
Energy & fuels (Print),0887-0624,true,,
Toxicology in vitro,0887-2333,true,,
The Milbank quarterly,0887-378X,true,,
Journal of computing in civil engineering,0887-3801,true,,
"Synapse (New York, N.Y. Print)",0887-4476,true,,
Archives of clinical neuropsychology,0887-6177,true,,
Journal of anxiety disorders,0887-6185,true,,
Leukemia,0887-6924,true,,
Transfusion medicine reviews (Print),0887-7963,true,,
Journal of sensory studies,0887-8250,true,,
Pediatric neurology,0887-8994,true,,
Pediatric hematology and oncology,0888-0018,true,,
Eastern European politics and societies,0888-3254,true,,
Mechanical systems and signal processing,0888-3270,true,,
Applied cognitive psychology (Print),0888-4080,true,,
Journal of sport management (Print),0888-4773,true,,
The Sport psychologist,0888-4781,true,,
Industrial & engineering chemistry research,0888-5885,true,,
International journal of approximate reasoning,0888-613X,true,,
"Brain, behavior, and immunity",0889-1591,true,,
Journal of business and psychology,0889-3268,true,,
The Career development quarterly,0889-4019,true,,
American journal of orthodontics and dentofacial orthopedics,0889-5406,true,,
Endocrinology and metabolism clinics of North America (Print),0889-8529,true,,
Review of industrial organization,0889-938X,true,,
"Artificial intelligence for engineering design, analysis and manufacturing",0890-0604,true,,
American journal of health promotion,0890-1171,true,,
European journal of personality (Print),0890-2070,true,,
Journal of aging studies,0890-4065,true,,
Annals of vascular surgery (Print),0890-5096,true,,
"Reproductive toxicology (Elmsford, N.Y. Print)",0890-6238,true,,
Journal of the American Academy of Child and Adolescent Psychiatry,0890-8567,true,,
Cleveland Clinic journal of medicine,0891-1150,true,,
Journal of contemporary ethnography,0891-2416,true,,
Gender & society,0891-2432,true,,
The Pediatric infectious disease journal,0891-3668,true,,
"Critical review (New York, N.Y.)",0891-3811,true,,
Research in developmental disabilities (Print),0891-4222,true,,
Free radical biology & medicine,0891-5849,true,,
Coastal management,0892-0753,true,,
Journal of voice,0892-1997,true,,
The FASEB journal,0892-6638,true,,
Biofouling (Print),0892-7014,true,,
Journal of insect behavior,0892-7553,true,,
Alzheimer disease and associated disorders,0893-0341,true,,
"Neuropsychopharmacology (New York, N.Y.)",0893-133X,true,,
Psychology of addictive behaviors,0893-164X,true,,
The Journal of perinatal & neonatal nursing,0893-2190,true,,
Chemical research in toxicology,0893-228X,true,,
Journal of family psychology,0893-3200,true,,
Modern pathology,0893-3952,true,,
Neural networks (Print),0893-6080,true,,
The Review of financial studies,0893-9454,true,,
Molecular plant-microbe interactions,0894-0282,true,,
Naval research logistics (Print),0894-069X,true,,
Seminars in dialysis,0894-0959,true,,
"GLIA (New York, N.Y. : Print)",0894-1491,true,,
Experimental thermal and fluid science,0894-1777,true,,
Society & natural resources,0894-1920,true,,
Packaging technology & science (Print),0894-3214,true,,
Journal of behavioral decision making (Print),0894-3257,true,,
Journal of organizational behavior,0894-3796,true,,
Neuropsychology (Print),0894-4105,true,,
Social science computer review,0894-4393,true,,
Journal of the American Society of Echocardiography (Print),0894-7317,true,,
Journal of career development,0894-8453,true,,
Journal of climate,0894-8755,true,,
American journal of physical medicine & rehabilitation,0894-9115,true,,
Journal of theoretical probability,0894-9840,true,,
Journal of traumatic stress,0894-9867,true,,
The Journal of neuropsychiatry and clinical neurosciences (Print),0895-0172,true,,
Journal of sport & exercise psychology (Print),0895-2779,true,,
Journal of women & aging,0895-2841,true,,
The Journal of economic perspectives,0895-3309,true,,
Journal of clinical epidemiology,0895-4356,true,,
SIAM journal on matrix analysis and applications (Print),0895-4798,true,,
SIAM journal on discrete mathematics (Print),0895-4801,true,,
Journal of productivity analysis,0895-562X,true,,
Journal of real estate finance and economics,0895-5638,true,,
Journal of risk and uncertainty,0895-5646,true,,
American journal of hypertension,0895-7061,true,,
Applied measurement in education,0895-7347,true,,
"ANQ (Lexington, Ky.)",0895-769X,true,,
Human performance,0895-9285,true,,
Brain topography,0896-0267,true,,
"Neuron (Cambridge, Mass.)",0896-6273,true,,
Journal of autoimmunity (Print),0896-8411,true,,
The Journal of supercritical fluids,0896-8446,true,,
Peritoneal dialysis international,0896-8608,true,,
Applied nursing research (Print),0897-1897,true,,
"Clinical anatomy (New York, N.Y. Print)",0897-3806,true,,
Chemistry of materials,0897-4756,true,,
Law & social inquiry,0897-6546,true,,
Journal of neurotrauma,0897-7151,true,,
Computers & mathematics with applications (1987),0898-1221,true,,
Journal of aging and health,0898-2643,true,,
Cellular signalling,0898-6568,true,,
Journal of cognitive neuroscience,0898-929X,true,,
Journal of materials in civil engineering,0899-1561,true,,
Public culture,0899-2363,true,,
Military psychology,0899-5605,true,,
Clinical imaging,0899-7071,true,,
Nonprofit and voluntary sector quarterly,0899-7640,true,,
Neural computation,0899-7667,true,,
Infection control and hospital epidemiology,0899-823X,true,,
Games and economic behavior (Print),0899-8256,true,,
International journal of climatology,0899-8418,true,,
Pediatric exercise science,0899-8493,true,,
"Nutrition (Burbank, Los Angeles County, Calif.)",0899-9007,true,,
AIDS education and prevention,0899-9546,true,,
International journal of oral and maxillofacial surgery,0901-5027,true,,
Clinical transplantation,0902-0063,true,,
European journal of haematology,0902-4441,true,,
The European respiratory journal,0903-1936,true,,
Pediatric allergy and immunology,0905-6157,true,,
Indoor air,0905-6947,true,,
Clinical oral implants research,0905-7161,true,,
Scandinavian journal of medicine & science in sports,0905-7188,true,,
Arabian archaeology and epigraphy,0905-7196,true,,
Ecology of freshwater fish,0906-6691,true,,
Experimental dermatology,0906-6705,true,,
Periodontology 2000,0906-6713,true,,
Childhood (Copenhagen),0907-5682,true,,
Perspectives: studies in translatology,0907-676X,true,,
Xenotransplantation (København),0908-665X,true,,
Journal of avian biology,0908-8857,true,,
Skin research and technology,0909-752X,true,,
European journal of oral sciences,0909-8836,true,,
Heart and vessels,0910-8327,true,,
Journal of neurolinguistics,0911-6044,true,,
Journal of bone and mineral metabolism (English ed. Print),0914-8779,true,,
Hypertension research = Clinical and experiment,0916-9636,true,,
International journal of urology,0919-8172,true,,
Fisheries science,0919-9268,true,,
Epilepsy research,0920-1211,true,,
Fish physiology and biochemistry,0920-1742,true,,
Cardiovascular drugs and therapy,0920-3206,true,,
Water resources management,0920-4741,true,,
Journal of biomaterials science. Polymer ed. (Print),0920-5063,true,,
Computer standards & interfaces,0920-5489,true,,
International journal of computer vision,0920-5691,true,,
Catalysis today (Print),0920-5861,true,,
Journal of supercomputing,0920-8542,true,,
Schizophrenia research (Print),0920-9964,true,,
Journal of intelligent & robotic systems,0921-0296,true,,
Natural hazards (Dordrecht),0921-030X,true,,
Landscape ecology (Print),0921-2973,true,,
"Resources, conservation and recycling",0921-3449,true,,
"Materials science & engineering. A, Structural materials: properties, microstructure and processing",0921-5093,true,,
Ecological economics (Amsterdam),0921-8009,true,,
Global and planetary change (Print),0921-8181,true,,
Small business economics,0921-898X,true,,
Japan and the world economy,0922-1425,true,,
Journal of regulatory economics,0922-680X,true,,
Journal of engineering and technology management,0923-4748,true,,
Signal processing. Image communication,0923-5965,true,,
Annals of oncology,0923-7534,true,,
Open economies review,0923-7992,true,,
Biodegradation (Dordrecht),0923-9820,true,,
User modeling and user-adapted interaction,0924-1868,true,,
Trends in food science & technology (Regular ed.),0924-2244,true,,
ISPRS journal of photogrammetry and remote sensing,0924-2716,true,,
School effectiveness and school improvement,0924-3453,true,,
Environmental & resource economics (Dordrecht),0924-6460,true,,
Minds and machines (Dordrecht),0924-6495,true,,
Applied intelligence (Boston),0924-669X,true,,
International journal of antimicrobial agents (Print),0924-8579,true,,
European psychiatry,0924-9338,true,,
European neuropsychopharmacology,0924-977X,true,,
Neurocomputing (Amsterdam),0925-2312,true,,
"Sensors and actuators. B, Chemical (Print)",0925-4005,true,,
Biochimica et biophysica acta. Molecular basis of disease,0925-4439,true,,
Psychiatry research. Neuroimaging (Print),0925-4927,true,,
"Crime, law and social change (Print)",0925-4994,true,,
Postharvest biology and technology (Print),0925-5214,true,,
International journal of production economics,0925-5273,true,,
Safety science,0925-7535,true,,
Journal of alloys and compounds,0925-8388,true,,
Ecological engineering,0925-8574,true,,
Studies in East European thought (Print),0925-9392,true,,
Genetic resources and crop evolution (Print),0925-9864,true,,
Journal of intelligent information systems,0925-9902,true,,
Group decision and negotiation,0926-2644,true,,
"Applied catalysis. B, Environmental (Print)",0926-3373,true,,
Automation in construction (Print),0926-5805,true,,
Industrial crops and products (Print),0926-6690,true,,
"Applied catalysis. A, General (Print)",0926-860X,true,,
Journal of applied geophysics,0926-9851,true,,
JEADV. Journal of the European Academy of Dermatology and Venereology,0926-9959,true,,
Solar energy materials and solar cells,0927-0248,true,,
Computational materials science,0927-0256,true,,
Labour economics (Print),0927-5371,true,,
International tax and public finance,0927-5940,true,,
Astroparticle physics (Print),0927-6505,true,,
"Colloids and surfaces. A, Physicochemical and engineering aspects (Print)",0927-7757,true,,
"Colloids and surfaces. B, Biointerfaces (Print)",0927-7765,true,,
European journal of pharmaceutical sciences,0928-0987,true,,
IAWA journal,0928-1541,true,,
Veterinary research (Print),0928-4249,true,,
Resource and energy economics (Print),0928-7655,true,,
Journal of computational neuroscience,0929-5313,true,,
Journal of the Formosan Medical Association (Print),0929-6646,true,,
Archives de pédiatrie,0929-693X,true,,
"Neuropsychology, development, and cognition. Section C, Child neuropsychology",0929-7049,true,,
Journal of new music research,0929-8215,true,,
Protein and peptide letters (Print),0929-8665,true,,
Current medicinal chemistry,0929-8673,true,,
Forum modernes Theater,0930-5874,true,,
Climate dynamics,0930-7575,true,,
"Pediatric nephrology (Berlin, West)",0931-041X,true,,
"Nephrology, dialysis, transplantation (Print)",0931-0509,true,,
Trees (Berlin. Print),0931-1890,true,,
"Sportverletzung, Sportschaden",0932-0555,true,,
Veterinary and comparative orthopaedics and traumatology,0932-0814,true,,
Zeitschrift für Arbeits- und Organisationspsychologie,0932-4089,true,,
Der Schmerz (Berlin. Print),0932-433X,true,,
JITE. Journal of institutional and theoretical economics = Zeitschrift für die gesamte Staatswissenschaft (1986),0932-4569,true,,
Statistical papers (1988) = Statistische Hefte (1988),0932-5026,true,,
Journal of population economics,0933-1433,true,,
"Humor (Berlin, West)",0933-1719,true,,
Artificial intelligence in medicine (Print),0933-3657,true,,
Mycoses (Berlin),0933-7407,true,,
Social psychiatry and psychiatric epidemiology (Print),0933-7954,true,,
Particle & particle systems characterization,0934-0866,true,,
Transplant international,0934-0874,true,,
European journal of clinical microbiology & infectious diseases (Print),0934-9723,true,,
European journal of mineralogy (Print),0935-1221,true,,
Advanced materials (Weinheim. Print),0935-9648,true,,
Synlett (Stuttgart),0936-5214,true,,
Cognitive linguistics,0936-5907,true,,
Reproduction in domestic animals (1990) = Zuchthygiene (1990),0936-6768,true,,
Archives of orthopaedic and trauma surgery (Print),0936-8051,true,,
Journal of evolutionary economics,0936-9937,true,,
International urogynecology journal (Print),0937-3462,true,,
European archives of oto-rhino-laryngology,0937-4477,true,,
Osteoporosis international,0937-941X,true,,
International journal of legal medicine (Print),0937-9827,true,,
Economic theory,0938-2259,true,,
European radiology,0938-7994,true,,
Amino acids (Wien. Print),0939-4451,true,,
NMCD. Nutrition Metabolism and Cardiovascular Diseases (Testo stampato),0939-4753,true,,
Annals of hematology (Print),0939-5555,true,,
Vegetation history and archaeobotany,0939-6314,true,,
European journal of pharmaceutics and biopharmaceutics,0939-6411,true,,
European journal of pediatric surgery,0939-7248,true,,
European archives of psychiatry and clinical neuroscience,0940-1334,true,,
Acta diabetologica (Print),0940-5429,true,,
European spine journal (Print),0940-6719,true,,
Meteorologische Zeitschrift (Berlin),0941-2948,true,,
Supportive care in cancer,0941-4355,true,,
"Knee surgery, sports traumatology, arthroscopy",0942-2056,true,,
Computational statistics (Zeitschrift),0943-4062,true,,
Knowledge organization,0943-7444,true,,
Journal of gastroenterology,0944-1174,true,,
International journal of clinical pharmacology and therapeutics,0946-1965,true,,
"Applied physics. B, Lasers and optics (Print)",0946-2171,true,,
Journal of trace elements in medicine and biology,0946-672X,true,,
Materials and corrosion (1995) = Werkstoffe und Korrosion (1995),0947-5117,true,,
Chemistry (Weinheim. Print),0947-6539,true,,
Experimental and clinical endocrinology & diabetes,0947-7349,true,,
Heat and mass transfer = Wärme- und Stoffübertragung,0947-7411,true,,
"Applied physics. A, Materials science & processing (Print)",0947-8396,true,,
Aquatic microbial ecology,0948-3055,true,,
Accreditation and quality assurance,0949-1775,true,,
Zeitschrift für antikes Christentum = Journal of ancient christianity,0949-9571,true,,
"Work, employment and society (Print)",0950-0170,true,,
Construction & building materials,0950-0618,true,,
International journal of science education,0950-0693,true,,
Development (Cambridge),0950-1991,true,,
Eye (London. 1987),0950-222X,true,,
Textual practice,0950-236X,true,,
Cultural studies (Print),0950-2386,true,,
Epidemiology and infection (Print),0950-2688,true,,
Food quality and preference,0950-3293,true,,
Historical research (Print),0950-3471,true,,
Molecular microbiology (Print),0950-382X,true,,
Journal of loss prevention in the process industries,0950-4230,true,,
International journal of food science & technology,0950-5423,true,,
Information and software technology,0950-5849,true,,
Knowledge-based systems,0950-7051,true,,
Oncogene (Basingstoke),0950-9232,true,,
Journal of human hypertension,0950-9240,true,,
International journal of computer integrated manufacturing (Print),0951-192X,true,,
Pacific review (Oxford),0951-2748,true,,
RCM. Rapid communications in mass spectrometry,0951-4198,true,,
Philosophical psychology,0951-5089,true,,
Social history of medicine,0951-631X,true,,
Current opinion in psychiatry,0951-7367,true,,
Current opinion in infectious diseases,0951-7375,true,,
Reliability engineering & systems safety,0951-8320,true,,
Engineering applications of artificial intelligence,0952-1976,true,,
"Prostaglandins, leukotrienes and essential fatty acids (Print)",0952-3278,true,,
NMR in biomedicine,0952-3480,true,,
Journal of human nutrition and dietetics (Print),0952-3871,true,,
History of the human sciences,0952-6951,true,,
Journal of experimental and theoretical artificial intelligence (Print),0952-813X,true,,
Journal of clinical anesthesia (Print),0952-8180,true,,
Psychologist (Leicester),0952-8229,true,,
Journal of zoology (1987),0952-8369,true,,
Learned publishing,0953-1513,true,,
Superconductor science and technology (Print),0953-2048,true,,
"Journal of physics. B, Atomic molecular and optical physics (Print)",0953-4075,true,,
Journal of organisational change management,0953-4814,true,,
Interacting with computers,0953-5438,true,,
Production planning & control (Print),0953-7287,true,,
Technology analysis & strategic management,0953-7325,true,,
European journal of neuroscience (Print),0953-816X,true,,
Connection science (Print),0954-0091,true,,
AIDS care (Print),0954-0121,true,,
Gender and education (Print),0954-0253,true,,
International review of psychiatry (Print),0954-0261,true,,
Public money & management (Print),0954-0962,true,,
International journal of public opinion research,0954-2892,true,,
European journal of clinical nutrition,0954-3007,true,,
"Proceedings of the Institution of Mechanical Engineers. Part H, Journal of engineering in medicine",0954-4119,true,,
Nutrition research reviews,0954-4224,true,,
Development and psychopathology (Print),0954-5794,true,,
Respiratory medicine,0954-6111,true,,
Journal of internal medicine (Print),0954-6820,true,,
European journal of gastroenterology & hepatology,0954-691X,true,,
Clinical and experimental allergy (Print),0954-7894,true,,
Journal of the European Ceramic Society,0955-2219,true,,
Asian philosophy,0955-2367,true,,
International journal of radiation biology (Print),0955-3002,true,,
Journal of logic and computation (Print),0955-792X,true,,
Psychiatric genetics,0955-8829,true,,
International journal of impotence research,0955-9930,true,,
Waste management (Elmsford),0956-053X,true,,
International journal of STD & AIDS,0956-4624,true,,
Geophysical journal international (Print),0956-540X,true,,
Biosensors & bioelectronics,0956-5663,true,,
Food control,0956-7135,true,,
Psychological science (Print),0956-7976,true,,
Measurement science & technology (Print),0957-0233,true,,
History of psychiatry,0957-154X,true,,
Expert systems with applications,0957-4174,true,,
Journal of vestibular research (Prins),0957-4271,true,,
Nanotechnology (Bristol. Print),0957-4484,true,,
Health promotion international (Print),0957-4824,true,,
CCC. Cancer causes & control,0957-5243,true,,
Process safety and environmental protection,0957-5820,true,,
International journal of technology and design education,0957-7572,true,,
Equine veterinary education,0957-7734,true,,
Discourse & society,0957-9265,true,,
Phytochemical analysis (Print),0958-0344,true,,
Experimental physiology (Print),0958-0670,true,,
Current opinion in biotechnology,0958-1669,true,,
Research evaluation (Print),0958-2029,true,,
Biocontrol science and technology (Print),0958-3157,true,,
International journal of human resource management,0958-5192,true,,
International dairy journal,0958-6946,true,,
Transfusion medicine (Print),0958-7578,true,,
Journal of gender studies (Print),0958-9236,true,,
Journal of European social policy,0958-9287,true,,
Cement & concrete composites,0958-9465,true,,
Isokinetics and exercise science (Print),0959-3020,true,,
Environmental technology,0959-3330,true,,
Theory & psychology,0959-3543,true,,
Global environmental change,0959-3780,true,,
World journal of microbiology & biotechnology,0959-3993,true,,
Learning and instruction,0959-4752,true,,
Neuroreport,0959-4965,true,,
Drug and alcohol review,0959-5236,true,,
Glycobiology (Oxford),0959-6658,true,,
European journal of industrial relations,0959-6801,true,,
Holocene (Sevenoaks),0959-6836,true,,
European journal of cancer (1990),0959-8049,true,,
European journal of cancer prevention,0959-8278,true,,
Clinical autonomic research,0959-9851,true,,
Journal of steroid biochemistry and molecular biology,0960-0760,true,,
"Chaos, solitons and fractals",0960-0779,true,,
European journal of information systems,0960-085X,true,,
Renewable energy,0960-1481,true,,
Mathematical finance (Print),0960-1627,true,,
British journal of general practice,0960-1643,true,,
Neuropsychological rehabilitation (Print),0960-2011,true,,
Food and bioproducts processing,0960-3085,true,,
Biodiversity and conservation,0960-3115,true,,
International journal of environmental health research (Print),0960-3123,true,,
Statistics and computing,0960-3174,true,,
Surgical oncology,0960-7404,true,,
Plant journal (Print),0960-7412,true,,
Ultrasound in obstetrics & gynecology,0960-7692,true,,
Bioresource technology,0960-8524,true,,
Obesity surgery,0960-8923,true,,
Melanoma research,0960-8931,true,,
Bioorganic & medicinal chemistry letters (Print),0960-894X,true,,
Neuromuscular disorders,0960-8966,true,,
Current biology,0960-9822,true,,
Journal of librarianship and information science,0961-0006,true,,
Women's history review,0961-2025,true,,
Social development (Oxford. Print),0961-205X,true,,
Building research and information (Print),0961-3218,true,,
Time & society,0961-463X,true,,
European journal of cancer care (English ed. Print),0961-5423,true,,
Biomass & bioenergy,0961-9534,true,,
Journal of clinical nursing (Print),0962-1067,true,,
Insect molecular biology (Print),0962-1075,true,,
Molecular ecology (Print),0962-1083,true,,
Journal of sleep research (Print),0962-1105,true,,
Statistical methods in medical research,0962-2802,true,,
Political geography,0962-6298,true,,
Animal welfare,0962-7286,true,,
Occupational medicine (Oxford),0962-7480,true,,
Philosophical transactions - Royal Society. Biological sciences (Print),0962-8436,true,,
Proceedings - Royal Society. Biological Sciences (Print),0962-8452,true,,
Clinical dysmorphology,0962-8827,true,,
Trends in cell biology (Regular ed.),0962-8924,true,,
Quality of life research,0962-9343,true,,
Mediators of inflammation (Print),0962-9351,true,,
Plasma sources science & technology (Print),0963-0252,true,,
Journal of occupational and organizational psychology,0963-1798,true,,
CQ. Cambridge quarterly of healthcare ethics (Print),0963-1801,true,,
Environmental values,0963-2719,true,,
Security studies,0963-6412,true,,
Public understanding of science (Print),0963-6625,true,,
Cell transplantation,0963-6897,true,,
Current directions in psychological science (Print),0963-7214,true,,
International journal of food sciences and nutrition,0963-7486,true,,
Journal of African economies,0963-8024,true,,
Ecotoxicology (London),0963-9292,true,,
Software quality journal,0963-9314,true,,
Food research international,0963-9969,true,,
Smart materials and structures (Print),0964-1726,true,,
Journal of the Royal Statistical Society. Series A. Statistics in society (Print),0964-1998,true,,
JIDR. Journal of intellectual disability research (Print),0964-2633,true,,
Tobacco control,0964-4563,true,,
Ocean & coastal management,0964-5691,true,,
Social & legal studies,0964-6639,true,,
Human molecular genetics (Print),0964-6906,true,,
Asia Pacific journal of clinical nutrition,0964-7058,true,,
International biodeterioration & biodegradation,0964-8305,true,,
Corporate governance (Print),0964-8410,true,,
International journal of selection and assessment (Print),0965-075X,true,,
Proceedings of the Institution of Civil Engineers. Structures and buildings,0965-0911,true,,
Proceedings of the Institution of Civil Engineers. Transport,0965-092X,true,,
Insect biochemistry and molecular biology,0965-1748,true,,
Addiction (Abingdon. Print),0965-2140,true,,
European planning studies (Print),0965-4313,true,,
Memory (Hove. Print),0965-8211,true,,
"Transportation research. Part A, Policy and practice",0965-8564,true,,
Health & social care in the community (Print),0966-0410,true,,
Gait & posture,0966-6362,true,,
Europe-Asia studies,0966-8136,true,,
European journal of philosophy (Print),0966-8373,true,,
Trends in microbiology (Regular ed.),0966-842X,true,,
Security dialogue,0967-0106,true,,
European journal of phycology (Print),0967-0262,true,,
Control engineering practice,0967-0661,true,,
Communist and post-communist studies,0967-067X,true,,
International journal of philosophical studies (Print),0967-2559,true,,
Physiological measurement (Print),0967-3334,true,,
Aquaculture international,0967-6120,true,,
Knee (Oxford),0968-0160,true,,
Sustainable development (Bradford),0968-0802,true,,
Bioorganic & medicinal chemistry (Print),0968-0896,true,,
"Transportation research. Part C, Emerging technologies",0968-090X,true,,
War in history,0968-3445,true,,
Micron (1993),0968-4328,true,,
Disability & society (Print),0968-7599,true,,
"Drugs: education, prevention policy",0968-7637,true,,
Structure (London),0969-2126,true,,
Review of international political economy (Print),0969-2290,true,,
Clinical psychology (Cary),0969-5893,true,,
Nursing ethics,0969-7330,true,,
European urban and regional studies,0969-7764,true,,
Nuclear medicine and biology,0969-8051,true,,
Radiation physics and chemistry (1993),0969-806X,true,,
Neurobiology of disease,0969-9961,true,,
Plant physiology and biochemistry (Paris),0981-9428,true,,
Guerres mondiales et conflits contemporains,0984-2292,true,,
Guangpuxue yu guangpu fenxi = Spectroscopy and Spectral Analysis,1000-0593,true,,
Shengwu huaxue yu shengwu wuli jinzhan = Biochemistry and Biophysics,1000-3282,true,,
Journal of Computer Science and Technology,1000-9000,true,,
Cell Research,1001-0602,true,,
Journal of Materials Science and Technology (Shenyang),1005-0302,true,,
Asian Journal of Andrology,1008-682X,true,,
Journal of cranio-maxillo-facial surgery,1010-5182,true,,
European journal of cardio-thoracic surgery,1010-7940,true,,
Medical principles and practice,1011-7571,true,,
Annals of mathematics and artificial intelligence,1012-2443,true,,
Aquatic sciences (Print),1015-1621,true,,
Fetal diagnosis and therapy,1015-3837,true,,
Brain pathology,1015-6305,true,,
Cerebrovascular diseases (Basel),1015-9770,true,,
Verhaltenstherapie (Basel),1016-6262,true,,
Statistica sinica,1017-0405,true,,
Numerical algorithms,1017-1398,true,,
Journal of electronic imaging (Print),1017-9909,true,,
International archives of allergy and immunology,1018-2438,true,,
European journal of human genetics,1018-4813,true,,
Telecommunications systems,1018-4864,true,,
Dermatology (Basel),1018-8665,true,,
European child & adolescent psychiatry,1018-8827,true,,
Folia phoniatrica et logopaedica,1021-7762,true,,
Journal of biomedical science (Basel),1021-7770,true,,
Wireless networks,1022-0038,true,,
Macromolecular rapid communications,1022-1336,true,,
Macromolecular theory and simulations,1022-1344,true,,
European addiction research,1022-6877,true,,
Journal of difference equations and applications (Print),1023-6198,true,,
The international journal of tuberculosis and lung disease,1027-3719,true,,
Hydrology and earth system sciences,1027-5606,true,,
Nutritional neuroscience,1028-415X,true,,
"Reproduction, fertility and development",1031-3613,true,,
Journal of paediatrics and child health (Print),1034-4810,true,,
Australian journal of political science,1036-1146,true,,
Creativity research journal,1040-0419,true,,
American journal of physiology. Lung cellular and molecular physiology,1040-0605,true,,
Teaching and learning in medicine,1040-1334,true,,
Academic medicine,1040-2446,true,,
Psychological assessment,1040-3590,true,,
The Plant cell,1040-4651,true,,
Optometry and vision science,1040-5488,true,,
Quaternary international (Print),1040-6182,true,,
Educational psychology review,1040-726X,true,,
Neuropsychology review,1040-7308,true,,
Ecological psychology,1040-7413,true,,
Critical reviews in clinical laboratory sciences,1040-8363,true,,
Critical reviews in food science and nutrition,1040-8398,true,,
Critical reviews in microbiology,1040-841X,true,,
Critical reviews in oncology/hematology,1040-8428,true,,
Current opinion in pediatrics,1040-8703,true,,
Critical reviews in biochemistry and molecular biology,1040-9238,true,,
Health communication,1041-0236,true,,
IEEE transactions on knowledge and data engineering (Print),1041-4347,true,,
American journal of human biology,1042-0533,true,,
Journal of laser applications,1042-346X,true,,
Journal of zoo and wildlife medicine,1042-7260,true,,
Leukemia & lymphoma (Print),1042-8194,true,,
Journal of financial intermediation (Print),1042-9573,true,,
Academic psychiatry,1042-9670,true,,
Human gene therapy,1043-0342,true,,
Trends in endocrinology and metabolism,1043-2760,true,,
Head & neck (Print),1043-3074,true,,
Journal of the history of sexuality,1043-4070,true,,
China economic review,1043-951X,true,,
American journal of respiratory cell and molecular biology,1044-1549,true,,
"Epidemiology (Cambridge, Mass., Print)",1044-3983,true,,
Journal of child and adolescent psychopharmacology,1044-5463,true,,
Materials characterization,1044-5803,true,,
International journal of human-computer interaction,1044-7318,true,,
Molecular and cellular neurosciences (Print),1044-7431,true,,
"Wounds (King of Prussia, Pa.)",1044-7946,true,,
Behavioral ecology,1045-2249,true,,
British journal of management,1045-3172,true,,
Journal of cardiovascular electrophysiology (Print),1045-3873,true,,
Journal of democracy,1045-5736,true,,
Journal of world history,1045-6007,true,,
"Human nature (Hawthorne, N.Y.)",1045-6767,true,,
IEEE transactions on parallel and distributed systems (Print),1045-9219,true,,
"Methods (San Diego, Calif., Print)",1046-2023,true,,
Journal of architectural education (1984. Print),1046-4883,true,,
Small group research,1046-4964,true,,
Journal of the American Society of Nephrology,1046-6673,true,,
ACM transactions on information systems,1046-8188,true,,
Annals of epidemiology,1047-2797,true,,
"Cerebral cortex (New York, N.Y. 1991)",1047-3211,true,,
International journal of osteoarchaeology (Print),1047-482X,true,,
"Organization science (Providence, R.I.)",1047-7039,true,,
Information systems research,1047-7047,true,,
Psychological inquiry,1047-840X,true,,
Journal of structural biology (Print),1047-8477,true,,
Journal of nonparametric statistics (Print),1048-5252,true,,
International journal of gynecological cancer,1048-891X,true,,
The Leadership quarterly,1048-9843,true,,
"PS, political science & politics",1049-0965,true,,
The Journal of craniofacial surgery (Print),1049-2275,true,,
Qualitative health research,1049-7323,true,,
International journal of robust and nonlinear control (Print),1049-8923,true,,
Biological control (Print),1049-9644,true,,
Trends in cardiovascular medicine,1050-1738,true,,
Communication theory,1050-3293,true,,
Psychotherapy research,1050-3307,true,,
Journal of electromyography and kinesiology,1050-6411,true,,
"Thyroid (New York, N.Y.)",1050-7256,true,,
Journal of research on adolescence,1050-8392,true,,
The Journal of the learning sciences,1050-8406,true,,
Ethics & behavior,1050-8422,true,,
"Hippocampus (New York, N.Y. Print)",1050-9631,true,,
Journal of vascular and interventional radiology,1051-0443,true,,
Journal of housing economics,1051-1377,true,,
Housing policy debate,1051-1482,true,,
Digital signal processing (Print),1051-2004,true,,
American Catholic philosophical quarterly,1051-3558,true,,
IEEE transactions on circuits and systems for video technology (Print),1051-8215,true,,
IEEE transactions on applied superconductivity (Print),1051-8223,true,,
Journal of community & applied social psychology,1052-9284,true,,
Journal of occupational rehabilitation,1053-0487,true,,
Journal of cardiothoracic and vascular anesthesia (Print),1053-0770,true,,
Journal of magnetic resonance imaging (Print),1053-1807,true,,
The Journal of heart and lung transplantation,1053-2498,true,,
IEEE transactions on signal processing,1053-587X,true,,
IEEE signal processing magazine (Print),1053-5888,true,,
Consciousness and cognition (Print),1053-8100,true,,
"NeuroImage (Orlando, Fla. Print)",1053-8119,true,,
Journal of back and musculoskeletal rehabilitation (Print),1053-8127,true,,
"NeuroRehabilitation (Reading, Mass.)",1053-8135,true,,
Pharmacoepidemiology and drug safety (Print),1053-8569,true,,
Journal of adolescent health,1054-139X,true,,
"Chaos (Woodbury, N.Y.)",1054-1500,true,,
TDR (1988),1054-2043,true,,
Medicinal chemistry research (Print),1054-2523,true,,
ICES journal of marine science (Print),1054-3139,true,,
Kennedy Institute of Ethics journal (Print),1054-6863,true,,
"Presence (Cambridge, Mass.)",1054-7460,true,,
Molecular phylogenetics and evolution (Print),1055-7903,true,,
"Cancer epidemiology, biomarkers & prevention",1055-9965,true,,
Journal of developmental and physical disabilities,1056-263X,true,,
Journal of management inquiry,1056-4926,true,,
Journal of applied poultry research (Print),1056-6171,true,,
Journal of sport rehabilitation,1056-6716,true,,
Papers in regional science,1056-8190,true,,
Journal of diabetes and its complications,1056-8727,true,,
Journal of glaucoma,1057-0829,true,,
Journal of nursing care quality,1057-3631,true,,
IEEE transactions on image processing,1057-7149,true,,
Journal of consumer psychology,1057-7408,true,,
Health economics (Print),1057-9230,true,,
"Psycho-oncology (Chichester, England)",1057-9249,true,,
Journal of assisted reproduction and genetics,1058-0468,true,,
Information systems management,1058-0530,true,,
Journal of shoulder and elbow surgery,1058-2746,true,,
Political communication (Print),1058-4609,true,,
Clinical infectious diseases,1058-4838,true,,
Journal of economics & management strategy,1058-6407,true,,
Veterinary radiology & ultrasound,1058-8183,true,,
Developmental dynamics,1058-8388,true,,
Production and operations management,1059-1478,true,,
Molecular biology of the cell,1059-1524,true,,
Group & organization management,1059-6011,true,,
Adaptive behavior,1059-7123,true,,
Human mutation,1059-7794,true,,
Microscopy research and technique (Print),1059-910X,true,,
Journal of materials engineering and performance (Print),1059-9495,true,,
The annals of pharmacotherapy (Print),1060-0280,true,,
Evolutionary anthropology (Print),1060-1538,true,,
Journal of AOAC International,1060-3271,true,,
Post-Soviet affairs,1060-586X,true,,
Restoration ecology,1061-2971,true,,
Computer applications in engineering education,1061-3773,true,,
Nature genetics (Print),1061-4036,true,,
"Anxiety, stress, and coping",1061-5806,true,,
Journal of computational and graphical statistics,1061-8600,true,,
Journal of analytical chemistry (Moscow),1061-9348,true,,
African American review,1062-4783,true,,
Current opinion in nephrology and hypertension,1062-4821,true,,
Journal of athletic training,1062-6050,true,,
Progress in photovoltaics (Print),1062-7995,true,,
The Journal of urban technology,1063-0732,true,,
"Configurations (Baltimore, Md.)",1063-1801,true,,
"Narrative (Columbus, Ohio)",1063-3685,true,,
Clinical psychology and psychotherapy,1063-3995,true,,
Journal of emotional and behavioral disorders,1063-4266,true,,
Osteoarthritis and cartilage,1063-4584,true,,
Systematic biology (Print),1063-5157,true,,
Applied and computational harmonic analysis (Print),1063-5203,true,,
IEEE transactions on fuzzy systems,1063-6706,true,,
Journal of aging and physical activity,1063-8652,true,,
"Clinical and experimental hypertension (1993, Print)",1064-1963,true,,
The American journal of geriatric psychiatry (Print),1064-7481,true,,
Journal of strength and conditioning research,1064-8011,true,,
Health care analysis,1065-3058,true,,
Journal of applied biomechanics,1065-8483,true,,
Political research quarterly,1065-9129,true,,
Human brain mapping (Print),1065-9471,true,,
"Stem cells (Dayton, Ohio)",1066-5099,true,,
Process safety progress,1066-8527,true,,
International journal of surgical pathology,1066-8969,true,,
Wound repair and regeneration,1067-1927,true,,
Journal of the American Medical Informatics Association,1067-5027,true,,
Journal of early Christian studies (Print),1067-6341,true,,
"Psychology, crime & law",1068-316X,true,,
Annals of surgical oncology,1068-9265,true,,
Journal of clinical psychology in medical settings,1068-9583,true,,
"Journal of international marketing (East Lansing, Mich.)",1069-031X,true,,
Journal of career assessment,1069-0727,true,,
Integrated computer-aided engineering,1069-2509,true,,
Seminars in respiratory and critical care medicine,1069-3424,true,,
Cross-cultural research,1069-3971,true,,
Sociology of religion,1069-4404,true,,
Psychonomic bulletin & review,1069-9384,true,,
Identities (Yverdon),1070-289X,true,,
International journal of behavioral medicine,1070-5503,true,,
Physics of fluids (1994),1070-6631,true,,
Physics of plasmas,1070-664X,true,,
IEEE robotics & automation magazine,1070-9932,true,,
In vitro cellular & developmental biology. Animal (Print),1071-2690,true,,
International journal of human-computer studies (Print),1071-5819,true,,
Drug delivery,1071-7544,true,,
"Learning & memory (Cold Spring Harbor, N.Y.)",1072-0502,true,,
Journal of constructivist psychology,1072-0537,true,,
Behavioral interventions (Print),1072-0847,true,,
"Menopause (New York, N.Y.)",1072-3714,true,,
European eating disorders review,1072-4133,true,,
Social politics,1072-4745,true,,
Journal of archaeological method and theory,1072-5369,true,,
"The Journal of law, medicine & ethics",1073-1105,true,,
"Shock (Augusta, Ga.)",1073-2322,true,,
American journal of respiratory and critical care medicine,1073-449X,true,,
"Neuroscientist (Baltimore, Md.)",1073-8584,true,,
"Microcirculation (New York, N.Y. 1994)",1073-9688,true,,
Neurobiology of learning and memory (Print),1074-7427,true,,
"Immunity (Cambridge, Mass.)",1074-7613,true,,
"Psychiatric services (Washington, D.C. Print)",1075-2730,true,,
Global governance,1075-2846,true,,
Science communication,1075-5470,true,,
Problems of post-communism,1075-8216,true,,
Anaerobe (Print),1075-9964,true,,
Journal of clinical rheumatology,1076-1608,true,,
Journal of occupational and environmental medicine,1076-2752,true,,
Journal of experimental psychology. Applied,1076-898X,true,,
International journal of finance and economics (Print),1076-9307,true,,
The journal of artificial intelligence research (Print),1076-9757,true,,
IEEE transactions on visualization and computer graphics,1077-2626,true,,
Medical care research and review,1077-5587,true,,
Journalism & mass communication quarterly,1077-6990,true,,
Clinical cancer research (Print),1078-0432,true,,
"Urban affairs review (Thousand Oaks, Calif.)",1078-0874,true,,
Inflammatory bowel diseases,1078-0998,true,,
European journal of vascular and endovascular surgery,1078-5884,true,,
Nature medicine (Print),1078-8956,true,,
American journal of health-system pharmacy,1079-2082,true,,
"The journals of gerontology. Series A, Biological sciences and medical sciences",1079-5006,true,,
Clinical reviews in allergy & immunology,1080-0549,true,,
Wilderness & environmental medicine (Print),1080-6032,true,,
Emerging infectious diseases (Print),1080-6040,true,,
Real estate economics (Print),1080-8620,true,,
Journal of health communication,1081-0730,true,,
Journal of adolescent & adult literacy,1081-3004,true,,
Journal of investigative medicine,1081-5589,true,,
Food science and technology international = Ciencia y tecnologia de alimentos internacional,1082-0132,true,,
Substance use & misuse,1082-6084,true,,
Psychological methods,1082-989X,true,,
"Helicobacter (Cambridge, Mass.)",1083-4389,true,,
IEEE/ASME transactions on mechatronics,1083-4435,true,,
Organic process research & development,1083-6160,true,,
Environmental history,1084-5453,true,,
Seminars in cell & developmental biology,1084-9521,true,,
Land degradation & development (Print),1085-3278,true,,
"Journal of agricultural, biological, and environmental statistics",1085-7117,true,,
Journal of the peripheral nervous system,1085-9489,true,,
International journal of electronic commerce,1086-4415,true,,
Nature biotechnology (Print),1087-0156,true,,
Sleep medicine reviews,1087-0792,true,,
Motor control,1087-1640,true,,
Fungal genetics and biology (Print),1087-1845,true,,
AIDS patient care and STDs,1087-2914,true,,
Personality and social psychology review (Print),1088-8683,true,,
The journal of physical chemistry. A,1089-5639,true,,
IEEE internet computing,1089-7801,true,,
Nitric oxide (Print),1089-8603,true,,
"The veterinary journal (London, England. 1997)",1090-0233,true,,
Applied psychophysiology and biofeedback,1090-0586,true,,
Health education & behavior,1090-1981,true,,
Evolution and human behavior,1090-5138,true,,
Journal of world business (Print),1090-9516,true,,
Journal of gastrointestinal surgery,1091-255X,true,,
Depression and anxiety (Print),1091-4269,true,,
INFORMS journal on computing,1091-9856,true,,
"Journal of speech, language, and hearing research (Print)",1092-4388,true,,
Systems research and behavioral science,1092-7026,true,,
Computer-aided civil and infrastructure engineering,1093-9687,true,,
"Near Eastern archaeology (Atlanta, Ga.)",1094-2076,true,,
International journal of food properties,1094-2912,true,,
Optics express,1094-4087,true,,
Systemic practice and action research,1094-429X,true,,
Journal of clinical densitometry,1094-6950,true,,
IEEE instrumentation & measurement magazine,1094-6969,true,,
"Neuromodulation (Malden, Mass.)",1094-7159,true,,
Physiological genomics (Print),1094-8341,true,,
The journal of ECT,1095-0680,true,,
Psychiatric rehabilitation journal,1095-158X,true,,
Toxicological sciences (Print),1096-6080,true,,
Molecular genetics and metabolism (Print),1096-7192,true,,
Molecular cell,1097-2765,true,,
Nature neuroscience (Print),1097-6256,true,,
The American journal of evaluation,1098-2140,true,,
Genetics in medicine,1098-3600,true,,
Regional anesthesia and pain medicine,1098-7339,true,,
Journal of urban health,1099-3460,true,,
"Europace (London, England)",1099-5129,true,,
Journal of vegetation science,1100-9233,true,,
European journal of public health,1101-1262,true,,
Physica medica (Testo stampato),1120-1797,true,,
European journal of ophthalmology (Print),1120-6721,true,,
JN. Journal of Nephrology (Milano. 1992) = Journal of Nephrology,1121-8428,true,,
Test (Madrid),1133-0686,true,,
Archives of computational methods in engineering,1134-3060,true,,
New journal of chemistry (1987) = Nouveau journal de chimie,1144-0546,true,,
Acta oecologica (Montrouge),1146-609X,true,,
European journal of agronomy,1161-0301,true,,
European journal of soil biology,1164-5563,true,,
Drugs & aging,1170-229X,true,,
PharmacoEconomics,1170-7690,true,,
CNS drugs,1172-7047,true,,
Clinical drug investigation,1173-2563,true,,
EnvironMetrics (London. Ont.),1180-4009,true,,
Journal of psychiatry & neuroscience,1180-4882,true,,
Journal of agricultural and environmental ethics,1187-7863,true,,
Journal of travel medicine,1195-1982,true,,
Canadian journal of experimental psychology = Revue canadienne de psychologie expérimentale,1196-1961,true,,
Clinical microbiology and infection (Print),1198-743X,true,,
Structural engineering and mechanics,1225-4568,true,,
Asian Journal of Women's Studies,1225-9276,true,,
Journal of Industrial and Engineering Chemistry - Korean Society of Industrial and Engineering Chemistry,1226-086X,true,,
Polish Journal of Environmental Studies,1230-1485,true,,
Fibres & Textiles in Eastern Europe,1230-3666,true,,
AAEM. Annals of Agricultural and Environmental Medicine,1232-1966,true,,
Parasite,1252-607X,true,,
EPJ. Applied physics (Print),1286-0042,true,,
Annals of forest science (Print),1286-4560,true,,
Epileptic disorders,1294-9361,true,,
Türk psikoloji dergisi = Turkish journal of psychology,1300-4433,true,,
Javnost (Ljubljana) = Public,1318-3222,true,,
"Psychiatry and clinical neurosciences (Carlton, Vic. Print)",1323-1316,true,,
Marine and freshwater research,1323-1650,true,,
Journal of occupational health,1341-9145,true,,
Gondwana research,1342-937X,true,,
Microbiology (Reading. Print),1350-0872,true,,
Journal of European public policy (Print),1350-1763,true,,
Neurogastroenterology and motility (Print),1350-1925,true,,
Personal relationships,1350-4126,true,,
Ultrasonics sonochemistry (Print),1350-4177,true,,
Radiation measurements,1350-4487,true,,
Infrared physics & technology,1350-4495,true,,
International journal of sustainable development and world ecology,1350-4509,true,,
Medical engineering & physics,1350-4533,true,,
Applied economics letters (Print),1350-4851,true,,
European journal of women's studies,1350-5068,true,,
Management learning,1350-5076,true,,
Organization (London),1350-5084,true,,
Visual cognition (Print),1350-6285,true,,
Engineering failure analysis,1350-6307,true,,
Bernoulli (Andover),1350-7265,true,,
Cell death and differentiation,1350-9047,true,,
Endocrine-related cancer,1351-0088,true,,
Occupational and environmental medicine (London),1351-0711,true,,
European journal of soil science,1351-0754,true,,
European journal of neurology (Print),1351-5101,true,,
Haemophilia (Oxford. Print),1351-8216,true,,
Journal of viral hepatitis (Print),1352-0504,true,,
Atmospheric environment (1994),1352-2310,true,,
Multiple sclerosis,1352-4585,true,,
Japanese economic review (Oxford. Print),1352-4739,true,,
Performance research,1352-8165,true,,
Environmental and ecological statistics,1352-8505,true,,
Science and engineering ethics,1353-3452,true,,
International journal for quality in health care,1353-4505,true,,
Parkinsonism & related disorders,1353-8020,true,,
Health and place,1353-8292,true,,
European journal of international relations,1354-0661,true,,
Culture & psychology,1354-067X,true,,
Party politics,1354-0688,true,,
Global change biology (Print),1354-1013,true,,
Expert opinion on therapeutic patents,1354-3776,true,,
Oral diseases,1354-523X,true,,
Feminist economics (Print),1354-5701,true,,
Journal of modern Italian studies,1354-571X,true,,
Science & justice (Print),1355-0306,true,,
Human reproduction update (Print),1355-4786,true,,
Neurocase (Oxford. Print),1355-4794,true,,
Heart (London. 1996),1355-6037,true,,
Journal of the International Neuropsychological Society (Print) = JINS,1355-6177,true,,
Journal of consciousness studies,1355-8250,true,,
Journal of evaluation in clinical practice (Print),1356-1294,true,,
"Sport, education and society",1357-3322,true,,
Journal of telemedicine and telecare,1357-633X,true,,
Laterality (Hove),1357-650X,true,,
Current opinion in colloid & interface science,1359-0294,true,,
Journal of the Royal Anthropological Institute,1359-0987,true,,
British journal of health psychology,1359-107X,true,,
Aggression and violent behavior (Print),1359-1789,true,,
Journal of material culture,1359-1835,true,,
Molecular psychiatry,1359-4184,true,,
Applied thermal engineering,1359-4311,true,,
Blood pressure monitoring,1359-5237,true,,
Materials and structures = Matériaux et constructions,1359-5997,true,,
Drug discovery today,1359-6446,true,,
Acta materialia,1359-6454,true,,
Chemical communications (London. 1996. Print),1359-7345,true,,
High ability studies,1359-8139,true,,
"Composites. Part A, Applied science and manufacturing",1359-835X,true,,
Trends in plant science,1360-1385,true,,
TM & IH. Tropical medicine and international health (Print),1360-2276,true,,
JARID. Journal of applied research in intellectual disabilities,1360-2322,true,,
Sociological research online,1360-7804,true,,
Aging & mental health (Print),1360-7863,true,,
Molecular human reproduction (Print),1360-9947,true,,
"Transportation research. Part D, Transport and environment",1361-9209,true,,
Spinal cord,1362-4393,true,,
Policing (Bradford),1363-951X,true,,
Renewable & sustainable energy reviews,1364-0321,true,,
Rethinking history,1364-2529,true,,
"Proceedings - Royal Society. Mathematical, physical and engineering sciences (Print)",1364-5021,true,,
"Philosophical transactions - Royal Society. Mathematical, Physical and engineering sciences (Print)",1364-503X,true,,
Journal of applied microbiology (Print),1364-5072,true,,
Trends in cognitive sciences (Regular ed.),1364-6613,true,,
Neurogenetics (Oxford. Print),1364-6745,true,,
Journal of atmospheric and solar-terrestrial physics,1364-6826,true,,
International journal of dairy technology (Print),1364-727X,true,,
Environmental modelling & software,1364-8152,true,,
Macroeconomic dynamics (Print),1365-1005,true,,
International journal of psychiatry in clinical practice (Print),1365-1501,true,,
Prostate cancer and prostatic diseases,1365-7852,true,,
International journal of geographical information science (Print),1365-8816,true,,
"Transportation research. Part E, Logistics and transportation review",1366-5545,true,,
Bioinformatics (Oxford. Print),1367-4803,true,,
Animal conservation (Print),1367-9430,true,,
International journal of language and communication disorders (Print),1368-2822,true,,
Sexually transmitted infections (Print),1368-4973,true,,
International journal of clinical practice (Esher),1368-5031,true,,
Journal of international economic law (Oxford),1369-3034,true,,
International journal of social welfare (Print),1369-6866,true,,
Biochemical engineering journal,1369-703X,true,,
"Journal of the Royal Statistical Society. Series B, Statistical methodology (Print)",1369-7412,true,,
"Health, risk & society (Print)",1369-8575,true,,
Neural Processing Letters,1370-4621,true,,
"Neuropsychology, development, and cognition. Section A, Journal of clinical and experimental neuropsychology",1380-3395,true,,
Lifetime data analysis,1380-7870,true,,
Journal of heuristics,1381-1231,true,,
Journal of economic growth (Boston),1381-4338,true,,
Reactive & functional polymers (Print),1381-5148,true,,
Current pharmaceutical design (Print),1381-6128,true,,
"Neuropsychology, development, and cognition. Section B, Aging, neuropsychology and cognition",1382-5585,true,,
Environmental toxicology and pharmacology,1382-6689,true,,
Journal of combinatorial optimization,1382-6905,true,,
Mutation research. Genetic toxicology and environmental mutagenesis (Print),1383-5718,true,,
Mutation research. Reviews in mutation research (Print),1383-5742,true,,
Separation and purification technology (Print),1383-5866,true,,
Journal of interventional cardiac electrophysiology (Print),1383-875X,true,,
Multibody system dynamics,1384-5640,true,,
Data mining and knowledge discovery,1384-5810,true,,
Nutrient cycling in agroecosystems (Print),1385-1314,true,,
Chemical engineering journal (1996. Print),1385-8947,true,,
"Spectrochimica acta. Part A, Molecular and biomolecular spectroscopy (Print)",1386-1425,true,,
International journal of medical informatics (Print),1386-5056,true,,
BioControl (Dordrecht),1386-6141,true,,
Journal of clinical virology (Print),1386-6532,true,,
Theoretical medicine and bioethics,1386-7415,true,,
Microporous and mesoporous materials (Print),1387-1811,true,,
Continental philosophy review,1387-2842,true,,
Narrative inquiry (Print),1387-6740,true,,
Photonic network communications,1387-974X,true,,
Clinical neurophysiology,1388-2457,true,,
European journal of heart failure,1388-9842,true,,
Biogerontology (Dordrecht),1389-5729,true,,
Bipolar disorders (Print),1398-5647,true,,
Scandinavian cardiovascular journal,1401-7431,true,,
Scandinavian journal of public health,1403-4948,true,,
Environmental modeling & assessment,1420-2026,true,,
Audiology & neuro-otology (Print),1420-3030,true,,
Indoor + built environment,1420-326X,true,,
Cellular and molecular life sciences (Print),1420-682X,true,,
Dementia and geriatric cognitive disorders,1420-8008,true,,
Zeitschrift für Kinder- und Jugendpsychiatrie und Psychotherapie (Print),1422-4917,true,,
Cells tissues organs,1422-6405,true,,
Hydrogeology journal,1431-2174,true,,
Molecules annual,1431-5157,true,,
Biological chemistry (Print),1431-6730,true,,
Theory in biosciences = Theorie in den Biowissenschaften (Print),1431-7613,true,,
Microscopy and microanalysis (Print),1431-9276,true,,
Mathematical methods of operations research (Heidelberg),1432-2994,true,,
Journal of solid state electrochemistry (Print),1432-8488,true,,
Theoretical Chemistry accounts (Print),1432-881X,true,,
Pattern analysis and applications (Print),1433-7541,true,,
European journal of organic chemistry (Print),1434-193X,true,,
European journal of inorganic chemistry (Print),1434-1948,true,,
Clinical chemistry and laboratory medicine,1434-6621,true,,
Langenbeck's archives of surgery (Print),1435-2443,true,,
Plant biology (Stuttgart),1435-8603,true,,
Stochastic environmental research and risk assessment (Print),1436-3240,true,,
European journal of nutrition (Print),1436-6207,true,,
European food research & technology (Print),1438-2377,true,,
Zeitschrift für psychosomatische Medizin und Psychotherapie,1438-3608,true,,
International journal of hygiene and environmental health (Print),1438-4639,true,,
RöFo. Fortschritte auf dem Gebiet der Röntgenstrahlen und der bildgebenden Verfahren (Print),1438-9029,true,,
ChemBioChem (Print),1439-4227,true,,
European journal of applied physiology (Print),1439-6319,true,,
Ecology letters (Print),1461-023X,true,,
International journal of neuropsychopharmacology (Print),1461-1457,true,,
Rheumatology (Oxford. Print),1462-0324,true,,
Environmental microbiology (Print),1462-2912,true,,
"Diabetes, obesity & metabolism (Print)",1462-8902,true,,
Post-communist economies (Print),1463-1377,true,,
New genetics and society (Print),1463-6778,true,,
Manchester School (1998. Print),1463-6786,true,,
PCCP. Physical chemistry chemical physics (Print),1463-9076,true,,
Green chemistry (Print),1463-9262,true,,
BJU international (Print),1464-4096,true,,
Biological reviews (Cambridge. Print),1464-7931,true,,
Cytotherapy (Oxford),1465-3249,true,,
Nature cell biology,1465-7392,true,,
Genes and immunity,1466-4879,true,,
International journal of systematic and evolutionary microbiology (Print),1466-5026,true,,
Online information review (Print),1468-4527,true,,
EMBO reports (Print),1469-221X,true,,
Nature reviews. Genetics (Print),1471-0056,true,,
Nature reviews. Molecular cell biology (Print),1471-0072,true,,
The journal of physical chemistry. B,1520-6106,true,,
"Clinical immunology (Orlando, Fla. Print)",1521-6616,true,,
Baillière's best practice & research. Clinical gastroenterology,1521-6918,true,,
Baillière's best practice & research. Clinical obstetrics & gynaecology,1521-6934,true,,
Computing in science & engineering (Print),1521-9615,true,,
Catheterization and cardiovascular interventions,1522-1946,true,,
"Neuro-oncology (Charlottesville, Va.)",1522-8517,true,,
Organic letters (Print),1523-7060,true,,
Applied stochastic models in business and industry (Print),1524-1904,true,,
Molecular therapy (Print),1525-0016,true,,
The Journal of molecular diagnostics,1525-1578,true,,
Journal of hydrometeorology (Print),1525-755X,true,,
The journal of pain (Print),1526-5900,true,,
Journal of sedimentary research,1527-1404,true,,
Liver transplantation (Print),1527-6465,true,,
Nature immunology (Print),1529-2908,true,,
Aging Clinical and Experimental Research (Print),1594-0667,true,,
Human factors and ergonomics in manufacturing & service industries,2157-4650,true,,
Journal of applied physiology (1985),8750-7587,true,,
Journal of feminist studies in religion,8755-4178,true,,
Pediatric pulmonology,8755-6863,true,,
Journal of professional nursing,8755-7223,true,,
Food reviews international (Print),8755-9129,true,,
"Bone (New York, N.Y.)",8756-3282,true,,
Developmental neuropsychology,8756-5641,true,,
"Journal of law, economics, & organization",8756-6222,true,,
Accounting and business research,0001-4788,true,,
Acta clinica belgica (Ed. multilingue),0001-5512,true,,
Acta cytologica,0001-5547,true,,
Acta gastro-enterologica belgica (Ed. multilingue),0001-5644,true,,
Acta orientalia Academiae Scientiarum Hungaricae (Print),0001-6446,true,,
Acta orthopaedica belgica (Ed. bilingue),0001-6462,true,,
Acta oto-rhino-laryngologica belgica,0001-6497,true,,
Acta politica (Meppel),0001-6810,true,,
Aequationes mathematicae (Print),0001-9054,true,,
Aevum (Testo stampato),0001-9593,true,,
Africa today,0001-9887,true,,
African studies (Johannesburg),0002-0184,true,,
African studies review,0002-0206,true,,
Afrikaspectrum (Hamburg),0002-0397,true,,
Ambix,0002-6980,true,,
American journal of physical anthropology,0002-9483,true,,
Bulletin of the American Schools of Oriental Research,0003-097X,true,,
Journal of the American Veterinary Medical Association,0003-1488,true,,
Annals of occupational hygiene,0003-4878,true,,
Architectural science review,0003-8628,true,,
L'Architecture d'aujourd'hui,0003-8695,true,,
Annals of the Association of American Geographers,0004-5608,true,,
Astronomy & astrophysics (Print),0004-6361,true,,
Australasian journal of dermatology (Print),0004-8380,true,,
Australian & New Zealand journal of criminology,0004-8658,true,,
Australian economic papers (Print),0004-900X,true,,
Australian economic review (Print),0004-9018,true,,
Australian journal of physiotherapy,0004-9514,true,,
Der Bauingenieur (Berlin),0005-6650,true,,
Biochimica et biophysica acta (Print),0006-3002,true,,
Bois et forêts des tropiques,0006-579X,true,,
British food journal (1966),0007-070X,true,,
JBIS. Journal of the British Interplanetary Society,0007-084X,true,,
Bulletin hispanique (Bordeaux),0007-4640,true,,
Business & society,0007-6503,true,,
Business horizons,0007-6813,true,,
CIRP annals,0007-8506,true,,
Cambridge law journal (Print),0008-1973,true,,
Canadian journal of behavioural science = Revue canadienne des sciences du comportement,0008-400X,true,,
Canadian journal of occupational therapy (1939),0008-4174,true,,
The Catholic historical review,0008-8080,true,,
Centaurus (Copenhagen),0008-8994,true,,
Communio Viatorum (Print),0010-3713,true,,
Community development journal,0010-3802,true,,
Cooperation and conflict,0010-8367,true,,
Cuadernos hispanoamericanos,0011-250X,true,,
"Curator (New York, N.Y.)",0011-3069,true,,
Current sociology (Print) = Sociologie contemporaine,0011-3921,true,,
Dialog (Print),0012-2033,true,,
Economic and political weekly,0012-9976,true,,
Economic and social review,0012-9984,true,,
Educational philosophy and theory (Print),0013-1857,true,,
Educational researcher,0013-189X,true,,
Educational studies in mathematics,0013-1954,true,,
Emerita (Madrid),0013-6662,true,,
ELH,0013-8304,true,,
"English literature in transition, 1880-1920",0013-8339,true,,
Ephemerides Theologicae Lovanienses (Gedrukt),0013-9513,true,,
Die Erde,0013-9998,true,,
Estetika (Praha. Print) = The Central European Journal of Aesthetics,0014-1291,true,,
Ethnos,0014-1844,true,,
Etudes littéraires,0014-214X,true,,
Exceptional children,0014-4029,true,,
FEBS letters (Print),0014-5793,true,,
Family law quarterly,0014-729X,true,,
Financial analysts journal,0015-198X,true,,
Folia Morphologica (Druk),0015-5659,true,,
Geografisk tidsskrift (Papirform),0016-7223,true,,
Geologie & mijnbouw,0016-7746,true,,
Health education journal,0017-8969,true,,
Hispania (Madrid),0018-2141,true,,
The Hispanic American historical review,0018-2168,true,,
Hispanic review,0018-2176,true,,
History (London. Print),0018-2648,true,,
IRAL. International review of applied linguistics in language teaching = Internationale Zeitschrift für angewandte Linguistik in der Spracherziehung,0019-042X,true,,
Respiratory care,0020-1324,true,,
International and comparative law quarterly,0020-5893,true,,
International journal of American linguistics,0020-7071,true,,
International journal of comparative sociology,0020-7152,true,,
International journal of health services (Print),0020-7314,true,,
International nursing review (1954),0020-8132,true,,
Iranica antiqua (Leiden),0021-0870,true,,
The Irish theological quarterly,0021-1400,true,,
Der Islam (Berlin),0021-1818,true,,
Annali dell'Istituto superiore di sanità (Testo stampato),0021-2571,true,,
Japanese journal of applied physics,0021-4922,true,,
Journal for the history of astronomy,0021-8286,true,,
Journal of abnormal psychology (1965),0021-843X,true,,
Journal of African law (Print),0021-8553,true,,
Journal of applied behavior analysis,0021-8855,true,,
The Journal of applied behavioral science,0021-8863,true,,
Journal of Asian and African studies (Leiden),0021-9096,true,,
The Journal of biological chemistry (Print),0021-9258,true,,
Journal of child psychology and psychiatry and allied disciplines (Print),0021-9630,true,,
Journal of common market studies (Print),0021-9886,true,,
Journal of experimental psychology,0022-1015,true,,
Journal of fish biology,0022-1112,true,,
Journal of industrial relations,0022-1856,true,,
Journal of learning disabilities,0022-2194,true,,
Journal of medical genetics (Print),0022-2593,true,,
Journal of modern literature,0022-281X,true,,
Journal of rehabilitation,0022-4154,true,,
Journal of religion in Africa (Print) = Religion en Afrique,0022-4200,true,,
The Journal of special education,0022-4669,true,,
Journal of the economic and social history of the Orient (Print) = Journal de l'histoire économique et sociale de l'Orient,0022-4995,true,,
Journal of the experimental analysis of behavior,0022-5002,true,,
Judicature,0022-5800,true,,
Kardiologia Polska (Warszawa. 1957) = Polish Heart Journal,0022-9032,true,,
Korea observer = han-gug hagsul yeon-gu,0023-3919,true,,
Korean Journal of Parasitology (Print) = Gisaengchunghag jabji,0023-4001,true,,
Kosmorama (København),0023-4222,true,,
Lebensmittel-Wissenschaft + Technologie (Print) = Science + technologie alimentaire,0023-6438,true,,
Læknablaðið (Print) = The Icelandic Medical journal,0023-7213,true,,
Law and contemporary problems,0023-9186,true,,
Listy filologické (Print) = Folia philologica,0024-4457,true,,
Logique et analyse,0024-5836,true,,
Journal of reproductive medicine,0024-7758,true,,
Maia (Testo stampato),0025-0538,true,,
Journal of the International Phonetic Association,0025-1003,true,,
Management decision,0025-1747,true,,
Mankind Quarterly,0025-2344,true,,
"Meanjin (Melbourne, Vic. 1977. Print)",0025-6293,true,,
Metroeconomica (Testo stampato),0026-1386,true,,
Mikrochimica acta (1966. Print),0026-3672,true,,
Minerva pediatrica (Testo stampato),0026-4946,true,,
Modern fiction studies,0026-7724,true,,
MLN,0026-7910,true,,
The modern law review,0026-7961,true,,
Moderna språk,0026-8577,true,,
Monatsschrift für Kriminologie und Strafrechtsreform = Journal of criminology and penal reform,0026-9301,true,,
Mutation research (Print),0027-5107,true,,
Norsk geografisk tidsskrift = Norwegian journal of geography,0029-1951,true,,
Norwegian archaeological review (Trykt utg.),0029-3652,true,,
Notornis,0029-4470,true,,
Nursing research (New York),0029-6562,true,,
Obstetrical & gynecological survey,0029-7828,true,,
Orvosi hetilap = Hungarian medical journal,0030-6002,true,,
Oud-Holland (Print),0030-672X,true,,
Paedagogica historica (Imprimé),0030-9230,true,,
Journal of the Pakistan Medical Association,0030-9982,true,,
Panminerva Medica (Testo stampato),0031-0808,true,,
Scandinavian journal of educational research,0031-3831,true,,
Philosophia mathematica,0031-8019,true,,
Physiotherapy,0031-9406,true,,
Polar Record,0032-2474,true,,
Politische Vierteljahresschrift,0032-3470,true,,
Polskie Archiwum Medycyny Wewnętrznej = Polish Archives of Internal Medicine,0032-3772,true,,
Population (Ed. française),0032-4663,true,,
"The Prison journal (Philadelphia, Pa.)",0032-8855,true,,
Psychiatria Polska,0033-2674,true,,
Psychologie française,0033-2984,true,,
Psychosomatic medicine,0033-3174,true,,
"Psychosomatics (Washington, D.C. Print)",0033-3182,true,,
Quaderni urbinati di cultura classica (Testo stampato),0033-4987,true,,
Quality and quantity,0033-5177,true,,
RELC journal,0033-6882,true,,
RLA. Revista de lingüística teórica y aplicada (Impresa),0033-698X,true,,
Radioprotection (Paris. 1966),0033-8451,true,,
Rehabilitation counseling bulletin,0034-3552,true,,
The Review of Black political economy,0034-6446,true,,
The review of metaphysics,0034-6632,true,,
Revista Brasileira de Política Internacional (Impresso),0034-7329,true,,
RAE (Impresso),0034-7590,true,,
Interamerican journal of psychology = Interamerican journal of psychology,0034-9690,true,,
Revista internacional de sociología,0034-9712,true,,
Revista signos (Impresa),0035-0451,true,,
Revue belge d'histoire contemporaine (Imprimé) = The Journal of Belgian History : (Printed),0035-0869,true,,
Rivista di filologia e d'istruzione classica (Testo stampato),0035-6220,true,,
Journal of the Royal Army Medical Corps,0035-8665,true,,
Science progress (1933),0036-8504,true,,
Slovo a slovesnost (Print),0037-7031,true,,
Revista da Sociedade Brasileira de Medicina Tropical (Impresso),0037-8682,true,,
Socio-economic planning sciences (Print),0038-0121,true,,
Sophia (Parkville),0038-1527,true,,
Journal of the South African Institute of Mining and Metallurgy,0038-223X,true,,
Studia canonica,0039-310X,true,,
Studia logica,0039-3215,true,,
Studies in philosophy and education,0039-3746,true,,
Symbolae Osloenses (Trykt utg.),0039-7679,true,,
Education + training (London),0040-0912,true,,
Les Temps modernes (Périodique),0040-3075,true,,
Teoriâ i praktika fizičeskoj kulʹtury = Theory and practice of physical culture,0040-3601,true,,
Textile history,0040-4969,true,,
Theoria,0040-5825,true,,
Tijdschrift voor Philosophie,0040-750X,true,,
Tijdschrift voor rechtsgeschiedenis (Gedrukt) = The legal history review (Print),0040-7585,true,,
Tydskrif vir geesteswetenskappe,0041-4751,true,,
Tydskrif vir letterkunde,0041-476X,true,,
University of Toronto law journal,0042-0220,true,,
Vivarium (Assen. Print),0042-7543,true,,
Vox sanguinis (Basel. 1956),0042-9007,true,,
Die Welt des Islams (Print) = Monde de l'islam,0043-2539,true,,
Zeitschrift für Ethnologie,0044-2666,true,,
Architektúra a urbanizmus,0044-8680,true,,
Archiv orientální (Print) = Oriental Archive,0044-8699,true,,
Chemosphere,0045-6535,true,,
Eirene (Praha) = Studia graeca et latina,0046-1628,true,,
History of education (Tavistock),0046-760X,true,,
International relations (London),0047-1178,true,,
"Journal for the study of Judaism in the Persian, Hellenistic and Roman period (Print)",0047-2212,true,,
Journal of social philosophy,0047-2786,true,,
Journal of travel research,0047-2875,true,,
Religion (London. 1971),0048-721X,true,,
Revista chilena de literatura (Impresa),0048-7651,true,,
Teología y vida (Impresa),0049-3449,true,,
Umění (Praha. Print) = The Art,0049-5123,true,,
Women's studies,0049-7878,true,,
Acta archaeologica (Print),0065-101X,true,,
Acta classica (Print),0065-1141,true,,
Acta psychiatrica Scandinavica. Supplementum,0065-1591,true,,
Advances in experimental medicine and biology (Print),0065-2598,true,,
Advances in experimental social psychology (Print),0065-2601,true,,
Advances in heterocyclic chemistry (Print),0065-2725,true,,
Advances in Parasitology,0065-308X,true,,
Annalen - Koninklijk Museum voor Midden-Afrika. Menselijke wetenschappen = Annales - Musée royal de l'Afrique Centrale. Sciences humaines,0065-4124,true,,
Anatolian studies,0066-1546,true,,
Anuario filosófico,0066-5215,true,,
Archiv für Papyrusforschung und verwandte Gebiete,0066-6459,true,,
Archiv für Sozialgeschichte,0066-6505,true,,
Asian perspectives (Honolulu),0066-8435,true,,
Azania,0067-270X,true,,
Britannia (London),0068-113X,true,,
Papers of the British School at Rome,0068-2462,true,,
Historia (Santiago. Impresa),0073-2435,true,,
International review of neurobiology,0074-7742,true,,
Italian studies,0075-1634,true,,
Journal of English linguistics,0075-4242,true,,
Journal of Hellenic studies,0075-4269,true,,
The Journal of Juristic Papyrology = Rocznik Papirologii Prawniczej,0075-4277,true,,
Kew bulletin,0075-5974,true,,
Limnologica (Jena),0075-9511,true,,
Bulletin - University of London. Institute of Classical Studies,0076-0730,true,,
Mélanges de la Casa de Velázquez,0076-230X,true,,
Medieval archaeology,0076-6097,true,,
Post-medieval archaeology,0079-4236,true,,
Praehistorische Zeitschrift,0079-4848,true,,
Progress in brain research,0079-6123,true,,
Trabajos de prehistoria,0082-5638,true,,
Viator (Berkeley),0083-5897,true,,
Archiv für Religionspsychologie (Print) = Archive for the psychology of religion,0084-6724,true,,
Der Orthopäde,0085-4530,true,,
Literature film quarterly,0090-4260,true,,
Nationalities papers,0090-5992,true,,
"Telos (New York, N.Y.)",0090-6514,true,,
Journal of abnormal child psychology,0091-0627,true,,
Physician and sportsmedicine,0091-3847,true,,
Interfaces (Providence),0092-2102,true,,
Theory and research in social education,0093-3104,true,,
Oral history review,0094-0798,true,,
Augustinian studies,0094-5323,true,,
Armed forces and society,0095-327X,true,,
The Journal of environmental education,0095-8964,true,,
Serials review,0098-7913,true,,
Journal of gerontological nursing,0098-9134,true,,
Journal of emergency nursing,0099-1767,true,,
Revista Brasileira de Ciência do Solo (Impresso),0100-0683,true,,
Revista brasileira de história (Impresso),0102-0188,true,,
Cadernos de Saúde Pública (Impresso) = Reports in Public Health,0102-311X,true,,
Acta Botanica Brasílica (Impresso),0102-3306,true,,
Brazilian Journal of Probability and Statistics (Impresso) = Revista Brasileira de Probabilidade e Estatística,0103-0752,true,,
Tempo Social (Impresso),0103-2070,true,,
Transinformação (Impresso),0103-3786,true,,
Texto & contexto enfermagem (Impresso) = Texto & contexto enfermería,0104-0707,true,,
Revista de Filosofia (Curitiba. Impresso),0104-4443,true,,
Movimento (Porto Alegre. Impresso),0104-754X,true,,
Asian and Pacific migration journal (Print),0117-1968,true,,
The Asia-Pacific education researcher,0119-5646,true,,
Ideas y Valores,0120-0062,true,,
Revista colombiana de estadistica,0120-1751,true,,
Revista Innovar Journal (Impreso),0121-5051,true,,
Sains malaysiana = Journal of natural sciences,0126-6039,true,,
International journal of neural systems,0129-0657,true,,
Asian journal of communication,0129-2986,true,,
Zemědělská ekonomika (Print) = Agricultural Economics,0139-570X,true,,
Mathematica slovaca (Tlačené vydanie),0139-9918,true,,
Journal of research in reading (Print),0141-0423,true,,
British journal of religious education,0141-6200,true,,
European journal of education,0141-8211,true,,
Journal for the study of the New Testament,0142-064X,true,,
Employee relations,0142-5455,true,,
Landscape research,0142-6397,true,,
Design studies,0142-694X,true,,
First language,0142-7237,true,,
Journal of multilingual and multicultural development,0143-4632,true,,
Fiscal studies,0143-5671,true,,
MDE. Managerial and decision economics (Print),0143-6570,true,,
Leadership & organization development journal,0143-7739,true,,
Journal of public policy (Print),0143-814X,true,,
Slavery & abolition,0144-039X,true,,
Policy studies,0144-2872,true,,
Educational psychology (Dorchester-on-Thames. Print),0144-3410,true,,
Journal of obstetrics and gynaecology,0144-3615,true,,
Assembly automation,0144-5154,true,,
Teaching philosophy,0145-5788,true,,
"Alcoholism, clinical and experimental research",0145-6008,true,,
The Diabetes educator,0145-7217,true,,
Medical anthropology,0145-9740,true,,
Applied psychological measurement,0146-6216,true,,
Dance research journal,0149-7677,true,,
Social analysis,0155-977X,true,,
Australian health review (Print),0156-5788,true,,
Research in science education,0157-244X,true,,
Studies in continuing education,0158-037X,true,,
Discourse (Abingdon. Print),0159-6306,true,,
Technology in society (Print),0160-791X,true,,
Scanning,0161-0457,true,,
"Language, speech & hearing services in schools (Print)",0161-1461,true,,
Issues in mental health nursing (Print),0161-2840,true,,
"Sleep (New York, N.Y.)",0161-8105,true,,
Qualitative sociology,0162-0436,true,,
Journal of gerontological social work,0163-4372,true,,
Melus,0163-755X,true,,
Natural resources forum (Print),0165-0203,true,,
Bijdragen en mededelingen betreffende de geschiedenis der Nederlanden,0165-0505,true,,
Pedagogische studiën,0165-0645,true,,
Common market law review (Print),0165-0750,true,,
Itinerario,0165-1153,true,,
International ophtalmology,0165-5701,true,,
Exchange (Leiden. Print),0166-2740,true,,
Aquatic mammals,0167-5427,true,,
Journal of African languages and linguistics,0167-6164,true,,
Information economics and policy,0167-6245,true,,
Future generation computer systems,0167-739X,true,,
Multilingua,0167-8507,true,,
Open house international,0168-2601,true,,
SIM newsletter (1983),0169-3441,true,,
Origins of life and evolution of the biosphere (Print),0169-6149,true,,
Nederlandsch kunsthistorisch jaarboek = Netherlands yearbook for history of art,0169-6726,true,,
Berichte zur Wissenschaftsgeschichte,0170-6233,true,,
Bauphysik,0171-5445,true,,
OR-Spektrum,0171-6468,true,,
Historical social research (Köln),0172-6404,true,,
English world-wide,0172-8865,true,,
Marine ecology (Berlin),0173-9565,true,,
Europäische Zeitschrift für politische Ökonomie = European journal of political economy,0176-2680,true,,
Diachronica (Amsterdam. Print),0176-4225,true,,
Mycotoxin research,0178-7888,true,,
Advances in applied Clifford algebras (Print),0188-7009,true,,
Oncology nursing forum,0190-535X,true,,
Philosophy & social criticism,0191-4537,true,,
Studies in educational evaluation,0191-491X,true,,
Palynology (Print),0191-6122,true,,
Journal of sport and social issues,0193-7235,true,,
Lithic technology,0197-7261,true,,
Earth surface processes and landforms (Print),0197-9337,true,,
"Computers, environment and urban systems",0198-9715,true,,
Probability and Mathematical Statistics,0208-4147,true,,
Revista española de documentación científica,0210-0614,true,,
Teorema (Valencia),0210-1602,true,,
Revista española de financiación y contabilidad,0210-2412,true,,
Infancia y aprendizaje (Print),0210-3702,true,,
Asclepio,0210-4466,true,,
Revista española de investigaciones sociológicas (Ed. en español),0210-5233,true,,
Psicológica (Valencia. Ed. impresa),0211-2159,true,,
Anales del Seminario de Historia de la Filosofía,0211-2337,true,,
Nutrición hospitalaria,0212-1611,true,,
Boletín de la Asociación de Geógrafos Españoles,0212-9426,true,,
Anales de psicología,0212-9728,true,,
Revista internacional de métodos numéricos para cálculo y diseño en ingenieria,0213-1315,true,,
Revista española de lingüística aplicada,0213-2028,true,,
RILCE,0213-2370,true,,
Gaceta sanitaria (Barcelona. Ed. impresa),0213-9111,true,,
Adicciones (Palma de Mallorca),0214-4840,true,,
Sintagma (Lleida),0214-9141,true,,
Asia Pacific journal of management,0217-4561,true,,
Singapore economic review,0217-5908,true,,
Annals of combinatorics (Print),0218-0006,true,,
Knowledge and information systems (Print),0219-1377,true,,
Advances in complex systems (Print),0219-5259,true,,
"International journal of information technology & decision making (Print, Singapore)",0219-6220,true,,
Journal of bioinformatics and computational biology (Print),0219-7200,true,,
International journal of humanoid robotics,0219-8436,true,,
International journal of geometric methods in modern physics,0219-8878,true,,
Crisis (Toronto),0227-5910,true,,
Filosofija. Sociologija (Spausdinta),0235-7186,true,,
Bulletin - AIOSP = Bulletin - IVSBB,0251-2513,true,,
DISP,0251-3625,true,,
Neotestamentica,0254-8356,true,,
International journal of music education,0255-7614,true,,
Critical arts,0256-0046,true,,
South African journal of education = Suid-Afrikaanse Tydskrif vir Opvoedkunde,0256-0100,true,,
SAMJ. South African medical journal = SAMT. Suid-Afrikaanse mediese tydskrif,0256-9574,true,,
ICSID review,0258-3690,true,,
Journal of the Faculty of Architecture = Mimarlık Fakültesi dergisi,0258-5316,true,,
South African journal on human rights,0258-7203,true,,
Asian perspective,0258-9184,true,,
Politikon,0258-9346,true,,
HTS teologiese studies (Print) = HTS theological studies,0259-9422,true,,
Assessment and evaluation in higher education,0260-2938,true,,
Annals of glaciology,0260-3055,true,,
JET. Journal of education for teaching (Print),0260-7476,true,,
Archives of natural history,0260-9541,true,,
CSP. Critical social policy,0261-0183,true,,
Popular music,0261-1430,true,,
Bulletin of Latin American research,0261-3050,true,,
Materials in engineering,0261-3069,true,,
Legal studies (London. 1981),0261-3875,true,,
Leisure studies (Print),0261-4367,true,,
Language teaching,0261-4448,true,,
European journal of teacher education (Print),0261-9768,true,,
Oxford journal of archaeology (Print),0262-5253,true,,
African archaeological review,0263-0338,true,,
Structural survey,0263-080X,true,,
European management journal,0263-2373,true,,
Politics (Manchester. Print),0263-3957,true,,
Marketing intelligence & planning,0263-4503,true,,
Central Asian survey,0263-4937,true,,
Research in science & technological education,0263-5143,true,,
"Environment and planning. C, Government & policy (Print)",0263-774X,true,,
International journal of project management,0263-7863,true,,
Romance studies,0263-9904,true,,
Materials & design,0264-1275,true,,
Dance research,0264-2875,true,,
Journal of applied philosophy (Print),0264-3758,true,,
Journal of energy & natural resources law,0264-6811,true,,
International journal of advertising,0265-0487,true,,
British journal of music education (Print),0265-0517,true,,
Bradleya,0265-086X,true,,
International journal of bank marketing,0265-2323,true,,
Buddhist studies review,0265-2897,true,,
Language testing,0265-5322,true,,
Child language teaching and therapy,0265-6590,true,,
"Environment & planning. B, Planning & design (Print)",0265-8135,true,,
English today,0266-0784,true,,
International small business journal,0266-2426,true,,
Planning perspectives (Print),0266-5433,true,,
Information development,0266-6669,true,,
Modern theology (Print),0266-7177,true,,
Research papers in education,0267-1522,true,,
Annual review of applied linguistics,0267-1905,true,,
MM. Journal of marketing management,0267-257X,true,,
Computer law and security report (Print),0267-3649,true,,
Second language research,0267-6583,true,,
Construction history,0267-7768,true,,
Information technology for development,0268-1102,true,,
Literary and linguistic computing,0268-1145,true,,
Journal of managerial psychology,0268-3946,true,,
Intelligence and national security,0268-4527,true,,
Managerial auditing journal,0268-6902,true,,
French history,0269-1191,true,,
Literature & theology,0269-1205,true,,
Renaissance studies,0269-1213,true,,
Social epistemology,0269-1728,true,,
International studies in the philosophy of science,0269-8595,true,,
Applied psychology (Print) = Psychologie appliquée,0269-994X,true,,
The Journal of mind and behavior,0271-0137,true,,
Studies in second language acquisition,0272-2631,true,,
Language problems & language planning,0272-2690,true,,
"Retina (Philadelphia, Pa.)",0275-004X,true,,
Research in international business and finance (Print),0275-5319,true,,
History and anthropology,0275-7206,true,,
Empirical studies of the arts (Print),0276-2374,true,,
Research in social stratification and mobility,0276-5624,true,,
Journal of policy analysis and management (Print),0276-8739,true,,
Disease markers (Print),0278-0240,true,,
Journal of ethnobiology,0278-0771,true,,
The Journal of primary prevention,0278-095X,true,,
Journal of accounting and public policy (Print),0278-4254,true,,
International journal of hospitality management,0278-4319,true,,
School psychology review,0279-6015,true,,
Journal of official statistics,0282-423X,true,,
"Vingtième siècle, revue d'histoire",0294-1759,true,,
Physiotherapy Canada = Physiothérapie Canada,0300-0508,true,,
Archivos de bronconeumología (Ed. impresa),0300-2896,true,,
Netherlands journal of medicine (Print),0300-2977,true,,
Rivista storica dell'antichità (Testo stampato),0300-340X,true,,
Early child development and care,0300-4430,true,,
Popular music and society,0300-7766,true,,
Revista española de cardiología (Ed. impresa),0300-8932,true,,
"European journal of obstetrics, gynecology, and reproductive biology",0301-2115,true,,
Resources policy,0301-4207,true,,
Science & public policy (Print),0302-3427,true,,
Lecture notes in computer science,0302-9743,true,,
Agrekon (English ed.),0303-1853,true,,
Japanese journal of religious studies,0304-1042,true,,
Linguistica Antverpiensia,0304-2294,true,,
Russian literature (Print),0304-3479,true,,
Alternatives (Amsterdam),0304-3754,true,,
Mammal review (Print),0305-1838,true,,
Clinical and experimental pharmacology & physiology,0305-1870,true,,
Review of African political economy,0305-6244,true,,
Studies in science education,0305-7267,true,,
Psychology of music,0305-7356,true,,
Journal of historical geography,0305-7488,true,,
Cambridge journal of education (Print),0305-764X,true,,
Compare (Print),0305-7925,true,,
Industrial Law journal (London),0305-9332,true,,
International journal of offender therapy and comparative criminology,0306-624X,true,,
Journal of business finance & accounting (Print),0306-686X,true,,
Bulletin of economic research (Print),0307-3378,true,,
European law review,0307-5400,true,,
British journal of occupational therapy,0308-0226,true,,
Imago mundi (Lympne),0308-5694,true,,
Maritime policy and management,0308-8839,true,,
European journal of marketing,0309-0566,true,,
Journal for the study of the Old Testament,0309-0892,true,,
Journal of medical engineering & technology,0309-1902,true,,
Journal of Beckett studies,0309-5207,true,,
Dutch crossing,0309-6564,true,,
Australian educational researcher,0311-6999,true,,
Economic analysis and policy,0313-5926,true,,
Canadian theatre review,0315-0836,true,,
Hume studies,0319-7336,true,,
Acta Zoologica Bulgarica,0324-0770,true,,
Izvestiâ po Himiâ (1975) = Communications of the Department of Chemistry,0324-1130,true,,
Archivos argentinos de pediatría,0325-0075,true,,
Arqueología (Buenos Aires),0327-5159,true,,
Irish educational studies,0332-3315,true,,
Nordic journal of linguistics (Trykt utg.),0332-5865,true,,
"Anatomia, Histologia, Embryologia",0340-2096,true,,
Empirica,0340-8744,true,,
Communications (Sankt Augustin),0341-2059,true,,
Archäologisches Korrespondenzblatt,0342-734X,true,,
Deutsche Zeitschrift für Sportmedizin = German journal of sports medicine,0344-5925,true,,
Scandinavian actuarial journal,0346-1238,true,,
System (Linköping),0346-251X,true,,
Collegium antropologicum,0350-6134,true,,
Slavistična revija (Tiskana izd.),0350-6894,true,,
Zdravstveno varstvo (Tiskana izd.),0351-0026,true,,
Primerjalna književnost (Tiskana izd.),0351-1189,true,,
Synthesis philosophica,0352-7875,true,,
Psychiatria Danubina,0353-5053,true,,
Acta analytica,0353-5150,true,,
Promet (Zagreb) = Traffic & transportation,0353-5320,true,,
Dve domovini (Tiskana izd.) = Two homelands,0353-6777,true,,
Transportation research record,0361-1981,true,,
Early China,0362-5028,true,,
Lithuanian mathematical journal,0363-1672,true,,
Archiv für Acker- und Pflanzenbau und Bodenkunde = Archives of agronomy and soil science,0365-0340,true,,
Periodico di mineralogia (Testo stampato),0369-8963,true,,
South African geographical journal,0373-6245,true,,
Minerva anestesiologica (Testo stampato),0375-9393,true,,
Development Southern Africa,0376-835X,true,,
Empirical economics,0377-7332,true,,
Déviance et société (Revue. Imprimé),0378-7931,true,,
Food and nutrition bulletin (Tokyo. Print),0379-5721,true,,
"Auris, nasus, larynx",0385-8146,true,,
Language sciences (Oxford),0388-0001,true,,
Haematologica (Roma),0390-6078,true,,
Clinical and experimental obstetrics & gynecology,0390-6663,true,,
Medioevo (Testo stampato),0391-2566,true,,
Italianistica (Agnano Pisano. Testo stampato),0391-3368,true,,
Journal of endocrinological investigation (Print),0391-4097,true,,
INTERNATIONAL JOURNAL OF TRANSPORT ECONOMICS,0391-8440,true,,
Diogenes (English ed.),0392-1921,true,,
Materiali e discussioni per l'analisi dei testi classici (Testo stampato),0392-6338,true,,
Chimica oggi (Testo stampato) = Chemistry today,0392-839X,true,,
Nuncius (Firenze. Testo stampato),0394-7394,true,,
"Geografiska annaler. Series B, Human Geography (Print)",0435-3684,true,,
Langages (Paris. 1966),0458-726X,true,,
Origini (Roma),0474-6805,true,,
Review of radical political economics,0486-6134,true,,
Theoria (Madrid),0495-4548,true,,
Život umjetnosti,0514-7794,true,,
ASTIN bulletin,0515-0361,true,,
Babel (Bonn. Print),0521-9744,true,,
Physical review. D. Particles and fields,0556-2821,true,,
Philosophical papers (Grahamstown),0556-8641,true,,
Arabica (Leiden. Print),0570-5398,true,,
Revue d'intégration européenne = Journal of European integration,0703-6337,true,,
Victorian periodicals review,0709-4698,true,,
ARQ (Santiago. Impresa),0716-0852,true,,
Acta literaria (Impresa),0716-0909,true,,
Revista de ciencia política (Santiago. Impresa),0716-1417,true,,
Revista musical chilena (Impresa),0716-2790,true,,
ONOMAZEIN (Santiago. Impresa),0717-1285,true,,
International Journal of Morphology (Print),0717-9367,true,,
Journal of theoretical and applied electronic commerce research,0718-1876,true,,
Chilean journal of agricultural research (Print),0718-5820,true,,
Hämostaseologie,0720-9355,true,,
Zeitschrift für Sprachwissenschaft,0721-9067,true,,
Feministische Studien,0723-5186,true,,
"Advances in biochemical engineering, biotechnology",0724-6145,true,,
Australian journal of linguistics,0726-8602,true,,
Archaeology in Oceania (Print),0728-4896,true,,
Higher education research and development,0729-4360,true,,
Sociological perspectives,0731-1214,true,,
Journal of the American College of Nutrition (Print),0731-5724,true,,
Clinical gerontologist (Print),0731-7115,true,,
Gerodontology,0734-0664,true,,
"Journal of vacuum science & technology. A. Vacuum, surfaces, and films",0734-2101,true,,
Review of public personnel administration,0734-371X,true,,
Journal of business logistics,0735-3766,true,,
Journal of educational computing research (Print),0735-6331,true,,
Journal of crime & justice,0735-648X,true,,
Telematics and informatics,0736-5853,true,,
Facial plastic surgery (Print),0736-6825,true,,
Journal of community health nursing,0737-0016,true,,
Library hi tech,0737-8831,true,,
Child & adolescent social work journal,0738-0151,true,,
Law and history review,0738-2480,true,,
The Behavior analyst,0738-6729,true,,
Research in transportation economics,0739-8859,true,,
Health care for women international (Print),0739-9332,true,,
Journal of substance abuse treatment,0740-5472,true,,
IIE transactions,0740-817X,true,,
Remedial and special education,0741-9325,true,,
"Agribusiness (New York, N.Y. Print)",0742-4477,true,,
Augmentative and alternative communication,0743-4618,true,,
South Central review,0743-6831,true,,
Journal of perinatology,0743-8346,true,,
Econometric reviews,0747-4938,true,,
Sequential analysis,0747-4946,true,,
Negotiation journal,0748-4526,true,,
Journal of rehabilitation research and development,0748-7711,true,,
European journal of surgical oncology,0748-7983,true,,
Journal of coastal research,0749-0208,true,,
Seminars in oncology nursing,0749-2081,true,,
Contemporary music review,0749-4467,true,,
Hermès (Paris. 1988),0767-9513,true,,
Le Muséon (Imprimé),0771-6494,true,,
Archives of public health (Imprimé),0778-7367,true,,
International journal of water resources development (Print),0790-0627,true,,
Irish political studies,0790-7184,true,,
Language culture and curriculum,0790-8318,true,,
Science and engineering of composite materials,0792-1233,true,,
International journal of applied linguistics,0802-6106,true,,
Blood pressure,0803-7051,true,,
Nordic journal of religion and society (Trykt utg.),0809-7291,true,,
Nordic journal of music therapy,0809-8131,true,,
Accounting and finance (Parkville. Print),0810-5391,true,,
Urban policy and research,0811-1146,true,,
Behaviour change,0813-4839,true,,
Australian and New Zealand journal of family therapy (Print),0814-723X,true,,
Asian-Pacific economic literature (Print),0818-9935,true,,
Contemporary accounting research = Recherche comptable contemporaine,0823-9150,true,,
Informal logic,0824-2577,true,,
Eighteenth-century fiction,0840-6286,true,,
Canadian Association of Radiologists journal = Journal de l'Association canadienne des radiologistes,0846-5371,true,,
Revue canadienne d'études cinématographiques = Canadian journal of film studies,0847-5911,true,,
Teksty Drugie,0867-0633,true,,
Novoe literaturnoe obozrenie,0869-6365,true,,
Euphrosyne (Lisboa),0870-0133,true,,
Revista portuguesa de cardiologia = Portuguese journal of cardiology,0870-2551,true,,
Acta médica portuguesa,0870-399X,true,,
Ágora (Aveiro),0874-5498,true,,
Journal of pediatric nursing (Print),0882-5963,true,,
Mineral processing and extractive metallurgy review,0882-7508,true,,
"Shofar (West Lafayette, Indiana)",0882-8539,true,,
International journal of educational research,0883-0355,true,,
World Englishes (Print),0883-2919,true,,
Geoarchaeology (Print),0883-6353,true,,
Denver University law review,0883-9409,true,,
Journal of marketing for higher education,0884-1241,true,,
"Journal of obstetric, gynecologic, and neonatal nursing",0884-2175,true,,
Nutrition in clinical practice,0884-5336,true,,
Kinematics and physics of celestial bodies,0884-5913,true,,
Journal of intensive care medicine (Print),0885-0666,true,,
Computer speech & language (Print),0885-2308,true,,
Journal of cultural economics,0885-2545,true,,
Journal of planning literature,0885-4122,true,,
Hydrological processes (Print),0885-6087,true,,
European journal of special needs education,0885-6257,true,,
Social justice research,0885-7466,true,,
Journal of business & industrial marketing,0885-8624,true,,
Violence and victims,0886-6708,true,,
Cultural anthropology,0886-7356,true,,
Journal of performance of constructed facilities,0887-3828,true,,
"Hypatia (Edwardsville, Ill.)",0887-5367,true,,
The Journal of services marketing,0887-6045,true,,
"Journal of polymer science. Part A, Polymer chemistry",0887-624X,true,,
Journal of information systems,0888-7985,true,,
Accounting horizons,0888-7993,true,,
Agriculture and human values,0889-048X,true,,
Journal of food composition and analysis (Print),0889-1575,true,,
The Journal of cardiovascular nursing,0889-4655,true,,
"English for specific purposes (New York, N.Y.)",0889-4906,true,,
Substance abuse,0889-7077,true,,
Mathematical population studies,0889-8480,true,,
Nineteenth-century contexts,0890-5495,true,,
The British accounting review (Print),0890-8389,true,,
Computational linguistics - Association for Computational Linguistics (Print),0891-2017,true,,
Journal of veterinary internal medicine,0891-6640,true,,
Ethics & international affairs,0892-6794,true,,
The Journal of technology transfer,0892-9912,true,,
Management communication quarterly,0893-3189,true,,
Arthritis care and research,0893-7524,true,,
Journal of hand therapy,0894-1130,true,,
Family business review,0894-4865,true,,
Administration and policy in mental health,0894-587X,true,,
Journal of rational-emotive and cognitive-behavior therapy,0894-9085,true,,
Journal of aging & social policy (Print),0895-9420,true,,
Critical sociology,0896-9205,true,,
Quality engineering,0898-2112,true,,
Entrepreneurship and regional development,0898-5626,true,,
Pediatric physical therapy,0898-5669,true,,
Linguistics and education,0898-5898,true,,
Accountability in research,0898-9621,true,,
Scandinavian journal of the Old Testament,0901-8328,true,,
European respiratory review,0905-9180,true,,
Journal of synchrotron radiation,0909-0495,true,,
Journal of cardiology,0914-5087,true,,
Journal of physical therapy science,0915-5287,true,,
IEICE transactions on communications,0916-8516,true,,
Journal of epidemiology,0917-5040,true,,
Focaal,0920-1297,true,,
China information,0920-203X,true,,
Argumentation (Dordrecht),0920-427X,true,,
Probus (Dordrecht),0921-4771,true,,
Gedrag en organisatie,0921-5077,true,,
Leiden journal of international law,0922-1565,true,,
Marketing letters,0923-0645,true,,
Netherlands quarterly of human rights,0924-0519,true,,
Target (Amsterdam. Print),0924-1884,true,,
Acta neuropsychiatrica,0924-2708,true,,
Artificial intelligence and law (Dordrecht. Print),0924-8463,true,,
Journal for general philosophy of science (Print) = Zeitschrift für allgemeine Wissenschafstheorie,0925-4560,true,,
"Journal of logic, language and information (Print)",0925-8531,true,,
Natural language semantics (Print),0925-854X,true,,
Computer supported cooperative work,0925-9724,true,,
Review of central and east European law (Print),0925-9880,true,,
Science & education (Dordrecht),0926-7220,true,,
Biblical interpretation (Print),0927-2569,true,,
International journal of marine and coastal law (Print),0927-3522,true,,
Pacific-basin finance journal,0927-538X,true,,
Journal of empirical finance,0927-5398,true,,
Computational economics (Print),0927-7099,true,,
European journal on criminal policy and research,0928-1371,true,,
"Materials science & engineering. C, Biomimetic materials, sensors and systems (Print)",0928-4931,true,,
Islamic law and society (Print),0928-9380,true,,
Dead Sea discoveries (Print),0929-0761,true,,
Pragmatics & cognition (Print),0929-0907,true,,
Journal of corporate finance (Amsterdam. Print),0929-1199,true,,
European journal of law and economics,0929-1261,true,,
Journal of quantitative linguistics,0929-6174,true,,
Terminology (Amsterdam. Print),0929-9971,true,,
Functions of language (Print),0929-998X,true,,
Surgical and radiologic anatomy (Print),0930-1038,true,,
Surgical endoscopy,0930-2794,true,,
"Journal of animal physiology and animal nutrition (1986) = Zeitschrift für Tierphysiologie, Tierernährung und Futtermittelkunde (1986)",0931-2439,true,,
Zeitschrift für Katalanistik = Revista d'estudis catalans (Print),0932-2221,true,,
"Bautechnik (Berlin, West. 1984)",0932-8351,true,,
History and memory,0935-560X,true,,
Psychotherapeut (Berlin),0935-6185,true,,
Exceptionality,0936-2835,true,,
European journal of international law = Journal européen de droit international,0938-5428,true,,
Mir. Management international review (1990),0938-8249,true,,
Economic systems ( Print),0939-3625,true,,
Gaia (Heidelberg),0940-5550,true,,
Neural computing & applications (Print),0941-0643,true,,
Dialectologia et geolinguistica,0942-4040,true,,
Method & theory in the study of religion,0943-3058,true,,
Environmental science and pollution research international,0944-1344,true,,
Zoology (Jena),0944-2006,true,,
Virchows Archiv,0945-6317,true,,
Neuroforum (Heidelberg),0947-0875,true,,
The international journal of life cycle assessment,0948-3349,true,,
Journal of marine science and technology (Print),0948-4280,true,,
Zeitschrift für Gerontologie und Geriatrie (Print),0948-6704,true,,
International journal of engineering education,0949-149X,true,,
European journal of medical research,0949-2321,true,,
Finance and stochastics (Print),0949-2984,true,,
Journal for East European management studies,0949-6181,true,,
Language and education,0950-0782,true,,
Journal of economic surveys (Print),0950-0804,true,,
Al-Masāq (Leeds),0950-3110,true,,
International journal of lexicography,0950-3846,true,,
Science as culture,0950-5431,true,,
Development policy review (Print),0950-6764,true,,
Children & society,0951-0605,true,,
ELT journal,0951-0893,true,,
Accounting auditing & accountability,0951-3574,true,,
Journal of refugee studies,0951-6328,true,,
Public policy and administration,0952-0767,true,,
Governance (Oxford. Print),0952-1895,true,,
Journal of historical sociology,0952-1909,true,,
International journal of the history of sport,0952-3367,true,,
Journal of radiological protection (Print),0952-4746,true,,
Current opinion in anaesthesiology,0952-7907,true,,
Higher education policy,0952-8733,true,,
Third text,0952-8822,true,,
Journal of environmental law,0952-8873,true,,
Child abuse review,0952-9136,true,,
Social work & social sciences review,0953-5225,true,,
Gender & history (Print),0953-5233,true,,
Economic systems research (Print),0953-5314,true,,
European journal of internal medicine (Leicester),0953-6205,true,,
Studies in Christian ethics,0953-9468,true,,
Journal of international financial management and accounting (Print),0954-1314,true,,
Journal of international development (Print),0954-1748,true,,
Structural change and economic dynamics,0954-349X,true,,
Language variation and change (Print),0954-3945,true,,
Human resource management journal,0954-5395,true,,
Terrorism and political violence,0954-6553,true,,
Journal of the history of collections,0954-6650,true,,
Cultural trends,0954-8963,true,,
Security journal,0955-1662,true,,
International journal on drug policy,0955-3959,true,,
"Transplantation reviews (Orlando, Fla.)",0955-470X,true,,
International journal of clothing science and technology,0955-6222,true,,
Cambridge review of international affairs,0955-7571,true,,
Scandinavian journal of management,0956-5221,true,,
Rural history,0956-7933,true,,
French cultural studies (Chalfont St. Giles),0957-1558,true,,
Utilities policy,0957-1787,true,,
International journal of logistics management,0957-4093,true,,
Arabic sciences and philosophy,0957-4239,true,,
Early years (Stoke-on-Trent),0957-5146,true,,
Journal of educational administration,0957-8234,true,,
Voluntas (Manchester),0957-8765,true,,
European journal of development research,0957-8811,true,,
CBMH. Criminal behaviour and mental health (Print),0957-9664,true,,
Critical public health (Print),0958-1596,true,,
Energy & environment (Brentwood),0958-305X,true,,
ReCALL (Hull),0958-3440,true,,
Contemporary South Asia (Print),0958-4935,true,,
Computer assisted language learning,0958-8221,true,,
International journal of retail & distribution management,0959-0552,true,,
Journal of French language studies,0959-2695,true,,
Information technology & people (Bradford),0959-3845,true,,
Physiotherapy theory and practice,0959-3985,true,,
International journal of contemporary hospitality management,0959-6119,true,,
Islam and Christian-Muslim relations,0959-6410,true,,
Journal of cleaner production,0959-6526,true,,
International journal of physical distribution & logistics management,0960-0035,true,,
Industrial and corporate change,0960-6491,true,,
International journal of paediatric dentistry (Print),0960-7439,true,,
Contemporary European history (Print),0960-7773,true,,
British journal for the history of philosophy (Print),0960-8788,true,,
Plainsong and medieval music,0961-1371,true,,
Labour history review (Society for the Study of Labour History),0961-5652,true,,
Business ethics (Oxford. Print),0962-8770,true,,
Current opinion in urology,0963-0643,true,,
Creativity and innovation management (Print),0963-1690,true,,
European accounting review (Print),0963-8180,true,,
The journal of international trade & economic development,0963-8199,true,,
Journal of mental health (Print),0963-8237,true,,
Disability and rehabilitation,0963-8288,true,,
Urban history (Print),0963-9268,true,,
Early Medieval Europe (Print),0963-9462,true,,
Language and literature (Harlow),0963-9470,true,,
Social anthropology (Print) = Anthropologie sociale,0964-0282,true,,
Journal of environmental planning and management,0964-0568,true,,
Intensive & critical care nursing,0964-3397,true,,
German politics,0964-4008,true,,
Business strategy and the environment,0964-4733,true,,
Journal of the history of the neurosciences,0964-704X,true,,
Museum management and curatorship (1990),0964-7775,true,,
Journal of tissue viability,0965-206X,true,,
Complementary therapies in medicine,0965-2299,true,,
Review of international economics (Print),0965-7576,true,,
Language awareness,0965-8416,true,,
Journal of nursing management (Print),0966-0429,true,,
Journal of contingencies and crisis management (Print),0966-0879,true,,
European security,0966-2839,true,,
Feminist legal studies,0966-3622,true,,
"Gender, place and culture (Print)",0966-369X,true,,
Journal of transport geography (Print),0966-6923,true,,
Journal of sustainable tourism,0966-9582,true,,
Transport policy (Oxford),0967-070X,true,,
Medical law review,0967-0742,true,,
Economics of transition (Print),0967-0750,true,,
Irish studies review,0967-0882,true,,
European journal of the history of economic thought (Print),0967-2567,true,,
Environment and history,0967-3407,true,,
"Magma (New York, N.Y.)",0968-5243,true,,
"Gender, work and organization (Print)",0968-6673,true,,
Journal of wound care,0969-0700,true,,
International business review,0969-5931,true,,
Assessment in education,0969-594X,true,,
International transactions in operational research,0969-6016,true,,
Journal of retailing and consumer services,0969-6989,true,,
Journal of air transport management,0969-6997,true,,
Angelaki (Oxford),0969-725X,true,,
European journal of emergency medicine,0969-9546,true,,
Engineering construction and architectural management (Print),0969-9988,true,,
The medieval history journal,0971-9458,true,,
"Anthropologist (Delhi, 1999)",0972-0073,true,,
Sugar Tech,0972-1525,true,,
Indian journal of surgery (Print),0972-2068,true,,
Conservation & Society,0972-4923,true,,
Energy Sustainable Development,0973-0826,true,,
Journal of South Asian development,0973-1741,true,,
Mathematical modelling of natural phenomena,0973-5348,true,,
Bioscope : South Asian screen studies,0974-9276,true,,
Santé publique (Vandoeuvre-lès-Nancy),0995-3914,true,,
ANAE. Approche neuropsychologique des apprentissages chez l'enfant,0999-792X,true,,
Chinese Journal of Mechanical Engineering = Jixie gongcheng xuebao : Yingwen ban,1000-9345,true,,
Journal of Environmental Sciences (China),1001-0742,true,,
Chinese Geographical Science,1002-0063,true,,
Pedosphere,1002-0160,true,,
Journal of Systems Science and Systems Engineering = Xitong kexue yu xitong gongcheng xuebao. Yingwen ban,1004-3756,true,,
Communications in nonlinear science & numerical simulation,1007-5704,true,,
Journal of Forestry Research,1007-662X,true,,
Geo-spatial information science,1009-5020,true,,
Journal of Geographical Sciences = Dili xuebao,1009-637X,true,,
Asia-Pacific journal of public health,1010-5395,true,,
Geocarto international,1010-6049,true,,
Medicina (Kaunas. Spausdinta),1010-660X,true,,
Asian-Australasian journal of animal sciences (Print) = AJAS (Print),1011-2367,true,,
South African journal of geology = Suid - Afrikaanse tydskrif vir geologie,1012-0750,true,,
South African journal of industrial engineering,1012-277X,true,,
Pflege (Bern),1012-5302,true,,
International review for the sociology of sport,1012-6902,true,,
Academia (Caracas),1012-8255,true,,
SWS-Rundschau,1013-1469,true,,
Key engineering materials,1013-9826,true,,
Acta theologica (Bloemfontein),1015-8758,true,,
Suid-Afrikaanse tydskrif vir ekonomiese en bestuurswetenskappe (Print) = South African journal of economic and management sciences (Print),1015-8812,true,,
Structural engineering international (Print),1016-8664,true,,
European psychologist,1016-9040,true,,
African development review (Print) = Revue africaine de développement (Imprimé),1017-6772,true,,
Pragmatics (Wilrijk),1018-2101,true,,
Maǧallaẗ ǧāmiʹaẗ al-malik Saʹūd. al-ʹUlūm = Journal of King Saud University. Science,1018-3647,true,,
The Geneva papers on risk and insurance. Issues and practice (Print) = Genfer Hefte (Print),1018-5895,true,,
Asia pacific law review = Ya-tài falu pínglu,1019-2557,true,,
EM (Sankt Gallen. Print),1019-6781,true,,
Eastern Mediterranean health journal = Al-mağallaẗ al-ṣiḥḥiyyaẗ li-s̆arq al-mutawassiṭ,1020-3397,true,,
Revista panamericana de salud pública (Impresa) = Pan American journal of public health (Impresa),1020-4989,true,,
Macromolecular symposia,1022-1360,true,,
International journal of hindu studies,1022-4556,true,,
Language matters (Pretoria),1022-8195,true,,
Mathematical problems in engineering (Print),1024-123X,true,,
Transfer (Brussels),1024-2589,true,,
Competition & change,1024-5294,true,,
Stress (Luxembourg. Print),1025-3890,true,,
Euro surveillance,1025-496X,true,,
Computer methods in biomechanics and biomedical engineering,1025-5842,true,,
Urban morphology,1027-4278,true,,
European integration online papers,1027-5193,true,,
Journal of studies in international education,1028-3153,true,,
The international journal of cultural policy,1028-6632,true,,
The Investment analysts journal = Beleggingsontleders tydskrif,1029-3523,true,,
Musicae scientiae,1029-8649,true,,
Continuum (Perth. Print),1030-4312,true,,
"International journal of disability, development and education",1034-912X,true,,
Social semiotics,1035-0330,true,,
Economic and labour relations review,1035-3046,true,,
Australian accounting review (Print),1035-6908,true,,
Asian studies review (Print),1035-7823,true,,
Health promotion journal of Australia,1036-1073,true,,
Australian critical care (Print),1036-7314,true,,
Current perspectives on aging and the life cycle,1040-2608,true,,
Journal of veterinary diagnostic investigation,1040-6387,true,,
Current opinion in ophthalmology,1040-8738,true,,
Early education and development,1040-9289,true,,
International psychogeriatrics,1041-6102,true,,
Journal of computing in higher education,1042-1726,true,,
Entrepreneurship theory and practice,1042-2587,true,,
"Journal of international financial markets, institutions & money",1042-4431,true,,
Journal of multinational financial management,1042-444X,true,,
Journal of women's history,1042-7961,true,,
Engineering management journal,1042-9247,true,,
Journal of pediatric oncology nursing (Print),1043-4542,true,,
Journal of transcultural nursing,1043-6596,true,,
"Literature, interpretation, theory",1043-6928,true,,
Economics of innovation and new technology,1043-8599,true,,
Policing & society,1043-9463,true,,
Journal of contemporary criminal justice,1043-9862,true,,
Management accounting research (Print),1044-5005,true,,
Human resource development quarterly,1044-8004,true,,
Critical perspectives on accounting (Print),1045-2354,true,,
School psychology quarterly,1045-3830,true,,
Journal of visual languages and computing,1045-926X,true,,
"Current psychology (New Brunswick, N.J.)",1046-1310,true,,
European review of social psychology,1046-3283,true,,
Political analysis,1047-1987,true,,
JOM (1989),1047-4838,true,,
Journal of Roman archaeology,1047-7594,true,,
Physical medicine and rehabilitation clinics of North America,1047-9651,true,,
Nonprofit management & leadership (Print),1048-6682,true,,
Language acquisition,1048-9223,true,,
Prehospital and disaster medicine = Medicina prehospitalária y de catástrofes,1049-023X,true,,
Ethnicity & disease,1049-510X,true,,
International journal of methods in psychiatric research,1049-8931,true,,
The American journal of hospice & palliative care,1049-9091,true,,
The Journal of geometric analysis,1050-6926,true,,
The International journal for the psychology of religion,1050-8619,true,,
Journal of renal nutrition (Print),1051-2276,true,,
"Work (Reading, MA)",1051-9815,true,,
Business ethics quarterly,1052-150X,true,,
Journal of stroke and cerebrovascular diseases (Print),1052-3057,true,,
"Dreaming (New York, N.Y.)",1053-0797,true,,
Journal of behavioral education,1053-0819,true,,
Journal of public administration research and theory,1053-1858,true,,
Child & youth care forum,1053-1890,true,,
Human resource management review,1053-4822,true,,
Journal of the history of economic thought,1053-8372,true,,
Journal of child sexual abuse,1053-8712,true,,
Journal of biopharmaceutical statistics (Print),1054-3406,true,,
Journal of travel & tourism marketing,1054-8408,true,,
Journal of linguistic anthropology (Print),1055-1360,true,,
The Journal of the Association of Nurses in AIDS Care,1055-3290,true,,
The cleft palate-craniofacial journal (Print),1055-6656,true,,
International review of financial analysis,1057-5219,true,,
Studies in conflict and terrorism,1057-610X,true,,
Journal of family and economic issues,1058-0476,true,,
Journal of science education and technology,1059-0145,true,,
International review of economics & finance,1059-0560,true,,
American journal of audiology (Print),1059-0889,true,,
Journal of genetic counseling,1059-7700,true,,
The Journal of school nursing (Print),1059-8405,true,,
Journal of agromedicine (Print),1059-924X,true,,
Journal of prosthodontics (Print),1059-941X,true,,
Journal of second language writing,1060-3743,true,,
The journal of product & brand management,1061-0421,true,,
Chinese education and society,1061-1932,true,,
Russian studies in literature,1061-1975,true,,
Sport marketing quarterly,1061-6934,true,,
Journal of child and family studies,1062-1024,true,,
Journal for healthcare quality,1062-2551,true,,
Journal of public relations research,1062-726X,true,,
Journal of global information management,1062-7375,true,,
"European review (Chichester, England)",1062-7987,true,,
The North American journal of economics and finance,1062-9408,true,,
Journal of database management,1063-8016,true,,
Quality management in health care,1063-8628,true,,
Eating disorders,1064-0266,true,,
The Journal of contemporary China = Dang dai Zhongguo,1067-0564,true,,
The Journal of foot and ankle surgery,1067-2516,true,,
Russian meteorology and hydrology,1068-3739,true,,
"Journal of engineering education (Washington, D.C.)",1069-4730,true,,
Current opinion in pulmonary medicine,1070-5287,true,,
Structural equation modeling,1070-5511,true,,
"Journal of wound, ostomy, and continence nursing",1071-5754,true,,
Journal of interior design,1071-7641,true,,
International journal of industrial engineering,1072-4761,true,,
International journal of stress management,1072-5245,true,,
International journal of the classical tradition,1073-0508,true,,
ACM transactions on computer-human interaction,1073-0516,true,,
"Assessment (Odessa, Fla.)",1073-1911,true,,
The Journal of derivatives,1074-1240,true,,
Journal of family nursing,1074-8407,true,,
Topics in stroke rehabilitation,1074-9357,true,,
Archaeological prospection (Print),1075-2196,true,,
Assessing writing,1075-2935,true,,
Journal of international management,1075-4253,true,,
"The journal of alternative and complementary medicine (New York, N.Y.)",1075-5535,true,,
Journal of infrastructure systems,1076-0342,true,,
Interdisciplinary studies in literature and environment,1076-0962,true,,
"Complexity (New York, N.Y.)",1076-2787,true,,
Journal of occupational health psychology,1076-8998,true,,
"Dyslexia (Chichester, England. Print)",1076-9242,true,,
Journal of public transportation,1077-291X,true,,
International journal of occupational and environmental health,1077-3525,true,,
Child maltreatment,1077-5595,true,,
Qualitative inquiry,1077-8004,true,,
Violence against women,1077-8012,true,,
Urologic oncology,1078-1439,true,,
Journal of oncology pharmacy practice,1078-1552,true,,
Journal of the American Psychiatric Nurses Association (Print),1078-3903,true,,
The journal of spinal cord medicine,1079-0268,true,,
Sexual abuse,1079-0632,true,,
Health and human rights,1079-0969,true,,
"Oral surgery, oral medicine, oral pathology, oral radiology and endodontics",1079-2104,true,,
The Ben Jonson journal,1079-3453,true,,
International journal of occupational safety and ergonomics,1080-3548,true,,
GPS solutions,1080-5370,true,,
Chinese journal of political science = Zhongguo zheng zhi xue kan,1080-6954,true,,
Studies in nonlinear dynamics and econometrics,1081-1826,true,,
Journal of deaf studies and deaf education,1081-4159,true,,
The history of the family,1081-602X,true,,
Political and legal anthropology review,1081-6976,true,,
Early childhood education journal,1082-3301,true,,
Annals of noninvasive electrocardiology,1082-720X,true,,
Journal of medieval and early modern studies,1082-9636,true,,
Amphibian & reptile conservation,1083-446X,true,,
Journal of computer-mediated communication,1083-6101,true,,
"The oncologist (Dayton, Ohio)",1083-7159,true,,
Biology of blood and marrow transplantation,1083-8791,true,,
Trends in organized crime,1084-4791,true,,
"The European legacy, toward new paradigms",1084-8770,true,,
Organization & environment,1086-0266,true,,
"Mobilization (San Diego, Calif.)",1086-671X,true,,
Journal of the Society of Laparoendoscopic Surgeons,1086-8089,true,,
Meteoritics & planetary science,1086-9379,true,,
Journal of attention disorders,1087-0547,true,,
Human dimensions of wildlife (Print),1087-1209,true,,
Journal of manufacturing science and engineering,1087-1357,true,,
Medical education online,1087-2981,true,,
Journal of industrial ecology,1088-1980,true,,
Intelligent data analysis (Print),1088-467X,true,,
Homicide studies,1088-7679,true,,
Scientific studies of reading,1088-8438,true,,
Applied developmental science,1088-8691,true,,
Review of general psychology,1089-2680,true,,
Seminars in musculoskeletal radiology,1089-7860,true,,
Journal of perianesthesia nursing,1089-9472,true,,
"Nonlinear dynamics, psychology, and life sciences",1090-0578,true,,
European journal of paediatric neurology,1090-3798,true,,
"European journal of pain (London, England)",1090-3801,true,,
International journal of auditing,1090-6738,true,,
AIDS and behavior,1090-7165,true,,
Aesthetic surgery journal,1090-820X,true,,
Measurement in physical education and exercise science,1091-367X,true,,
Families systems & health,1091-7527,true,,
Neurosurgical focus,1092-0684,true,,
Clinical journal of oncology nursing,1092-1095,true,,
Metaphor and symbol,1092-6488,true,,
Nova religio,1092-6690,true,,
"Journal of aggression, maltreatment & trauma (Print)",1092-6771,true,,
International journal of historical archaeology,1092-7697,true,,
Maternal and child health journal,1092-7875,true,,
CNS spectrums,1092-8529,true,,
History of psychology,1093-4510,true,,
Asia Pacific journal of tourism research,1094-1665,true,,
Review of economic dynamics (Print),1094-2025,true,,
Language learning & technology,1094-3501,true,,
Organizational research methods,1094-4281,true,,
Pulmonary pharmacology & therapeutics,1094-5539,true,,
Journal of service research,1094-6705,true,,
"Comparative biochemistry and physiology. Part A, Molecular & integrative physiology",1095-6433,true,,
Journal of hospitality & tourism research,1096-3480,true,,
Clinical child and family psychology review,1096-4037,true,,
Journal of palliative medicine (Print),1096-6218,true,,
International public management journal,1096-7494,true,,
The international food and agribusiness management review,1096-7508,true,,
The Internet and higher education,1096-7516,true,,
Contemporary Chinese thought,1097-1467,true,,
Men and masculinities,1097-184X,true,,
Journal of public economic theory (Print),1097-3923,true,,
"Physical review. B, Condensed matter and materials physics",1098-0121,true,,
Value in health,1098-3015,true,,
Information technology & tourism,1098-3058,true,,
Mathematical thinking and learning,1098-6065,true,,
Police quarterly,1098-6111,true,,
Journal of feline medicine and surgery,1098-612X,true,,
Prostaglandins & other lipid mediators (Print),1098-8823,true,,
Entropy (Basel. Online),1099-4300,true,,
Cultural diversity & ethnic minority psychology,1099-9809,true,,
Young (Stockholm. 1993),1103-3088,true,,
Scandinavian journal of occupational therapy (Print),1103-8128,true,,
Journal of forest economics,1104-6899,true,,
Mediterranean Marine Science,1108-393X,true,,
Journal of Musculoskeletal and Neuronal Interactions,1108-7161,true,,
Operational research (Berlin. Print),1109-2858,true,,
African Journal of Reproductive Health,1118-4841,true,,
Economia politica (Bologna. Testo stampato),1120-2890,true,,
Hip international (Print),1120-7000,true,,
Diseases of the esophagus,1120-8694,true,,
Epidemiologia e prevenzione (Testo stampato),1120-9763,true,,
Eikasmos (Testo stampato),1121-8819,true,,
Axiomathes (Padova),1122-1151,true,,
Teoria (Pisa),1122-1259,true,,
Techniques in coloproctology (Print),1123-6337,true,,
Bruniana & Campanelliana (Testo stampato),1125-3819,true,,
The Journal of high energy physics (Print),1126-6708,true,,
Contemporanea (Bologna. Testo stampato),1127-3070,true,,
European journal of oncology = Giornale europeo di oncologia,1128-6598,true,,
The Journal of headache and pain (Print),1129-2369,true,,
The journal of vascular access (Testo stampato),1129-7298,true,,
Intervención psicosocial = Psychosocial intervention,1132-0559,true,,
Revista de psicología del deporte,1132-239X,true,,
Anuario de psicología jurídica,1133-0740,true,,
Signa (Madrid),1133-3634,true,,
Estudios sobre el mensaje periodístico,1134-1629,true,,
Comunicar (Huelva),1134-3478,true,,
Top (Madrid),1134-5764,true,,
Revista española de salud pública,1135-5727,true,,
"C & E, cultura y educación (Print)",1135-6405,true,,
Emergencias (Sant Vicenç dels Horts),1137-6821,true,,
Revista iberoamericana de educación a distancia,1138-2783,true,,
The Spanish journal of psychology,1138-7416,true,,
Historia agraria,1139-1472,true,,
AIDS reviews,1139-6121,true,,
Ibérica (Madrid),1139-7241,true,,
Quaternaire,1142-2904,true,,
Paediatric anaesthesia (Paris. Print),1155-5645,true,,
Progrès en urologie (Paris),1166-7087,true,,
Agricultures (Montrouge),1166-7699,true,,
Paediatric drugs,1174-5878,true,,
American journal of clinical dermatology,1175-0561,true,,
Zootaxa,1175-5326,true,,
Applied health economics and health policy,1175-5652,true,,
Journal of educational technology & society,1176-3647,true,,
Qualitative research in accounting & management,1176-6093,true,,
Neuropsychiatric disease and treatment,1176-6328,true,,
Therapeutics and clinical risk management,1176-6336,true,,
Journal of bioethical inquiry (Print),1176-7529,true,,
Clinical interventions in aging,1176-9092,true,,
International journal of chronic obstructive pulmonary disease,1176-9106,true,,
Molecular diagnosis & therapy,1177-1062,true,,
"Drug design, development and therapy",1177-8881,true,,
Patient preference and adherence,1177-889X,true,,
Patient,1178-1653,true,,
Journal of multidisciplinary healthcare,1178-2390,true,,
Infection and drug resistance,1178-6973,true,,
"Diabetes, metabolic syndrome and obesity",1178-7007,true,,
Journal of inflammation research,1178-7031,true,,
Pharmacogenomics and personalized medicine,1178-7066,true,,
International journal of general medicine,1178-7074,true,,
Journal of pain research,1178-7090,true,,
Clinical epidemiology,1179-1349,true,,
International journal of women's health,1179-1411,true,,
Psychology research and behavior management,1179-1578,true,,
Risk management and healthcare policy,1179-1594,true,,
Nature and science of sleep,1179-1608,true,,
Phytotaxa,1179-3155,true,,
INSOL international insolvency review = INSOL revue de droit de l'insolvabilité internationale,1180-0518,true,,
Canadian journal of information and library science = Revue canadienne des sciences de l'information et de bibliothećonomie,1195-096X,true,,
Current oncology (Toronto),1198-0052,true,,
International journal of infectious diseases,1201-9712,true,,
Pain research & management,1203-6765,true,,
"Critical criminology (Richmond, b.C.)",1205-8629,true,,
Space and culture,1206-3312,true,,
Prague Economic Papers (Print),1210-0455,true,,
Central European Journal of Public Health (Print),1210-7778,true,,
Moravian Geographical Reports (Print),1210-8812,true,,
E+M. Ekonomie a Management (Print) = E&M Economics and Management,1212-3609,true,,
Revue roumaine de philosophie (Print),1220-5400,true,,
Experimental Neurobiology,1226-2560,true,,
Journal of the Korean Statistical Society,1226-3192,true,,
Biomaterials Research,1226-4601,true,,
International Journal of Urban Sciences,1226-5934,true,,
KSCE Journal of Civil Engineering (Seoul. Print),1226-7988,true,,
Journal of Asia Pacific Entomology (Print),1226-8615,true,,
Fibers And Polymers,1229-9197,true,,
International Journal of Occupational Medicine and Environmental Health,1232-1087,true,,
Foundations of science (Print),1233-1821,true,,
International journal of circumpolar health (Print),1239-9736,true,,
Comptabilité contrôle audit,1262-2788,true,,
Hernia (Print),1265-4906,true,,
Géomorphologie (Paris),1266-5304,true,,
Foot and ankle surgery (Print),1268-7731,true,,
Sud-Ouest européen,1276-4930,true,,
"The Journal of nutrition, health & aging",1279-7707,true,,
ESAIM. Probability and statistics,1292-8100,true,,
Oil & gas science and technology,1294-4475,true,,
Dialogues in clinical neuroscience,1294-8322,true,,
Journal of cultural heritage,1296-2074,true,,
Joint bone spine,1297-319X,true,,
Turkish journal of mathematics,1300-0098,true,,
Nöro psikiyatri arşivi = Archives of neuropsychiatry,1300-0667,true,,
Eğitim ve bilim = Education and science,1300-1337,true,,
Milli folklor,1300-3984,true,,
Ankara Üniversitesi Ziraat Fakültesi tarım bilimleri dergisi = Journal of agricultural science,1300-7580,true,,
Bilig,1301-0549,true,,
Olba (Mersin),1301-7667,true,,
Kuram ve uygulamada eğitim bilimleri = Educational sciences: theory & practice,1303-0485,true,,
Journal of sports science and medicine = JSSM,1303-2968,true,,
Diagnostic and interventional radiology,1305-3825,true,,
Eurasia journal of mathematics science and technology education (Ankara),1305-8215,true,,
Atmospheric pollution research (Online) = Atmos. Pol. Res,1309-1042,true,,
Eurasian business review,1309-4297,true,,
PhytoKeys (Print),1314-2011,true,,
Revista de ciencias sociales (Maracaibo),1315-9518,true,,
Radiology and oncology (Tiskana izd.),1318-2099,true,,
Nursing inquiry (Print),1320-7881,true,,
"Psychiatry, psychology, and law",1321-8719,true,,
International journal of nursing practice (Print),1322-7114,true,,
Australian journal of grape and wine research,1322-7130,true,,
Journal of family studies,1322-9400,true,,
Respirology (Carlton South. Print),1323-7799,true,,
Architectural theory review (Print),1326-4826,true,,
"Media international Australia, incorporating culture & policy (Print)",1329-878X,true,,
Biochemia medica,1330-0962,true,,
Revija za socijalnu politiku = Journal of social policy,1330-2965,true,,
Tehnički vjesnik (Strojarski fakultet) = Technical gazette,1330-3651,true,,
Kinesiology (Zagreb),1331-1441,true,,
Ekonomska istraživanja = Economic research,1331-677X,true,,
Croatian journal of philosophy,1333-1108,true,,
Signa vitae (Print),1334-5605,true,,
Computing and informatics (Tlačené vydanie),1335-9150,true,,
World literature studies (Tlačené vydanie),1337-9275,true,,
Journal of atherosclerosis and thrombosis,1340-3478,true,,
Environmental health and preventive medicine,1342-078X,true,,
Journal of visualization,1343-8875,true,,
Journal of advanced concrete technology,1346-8014,true,,
East european Jewish affairs,1350-1674,true,,
Journal of brand management,1350-231X,true,,
European early childhood education research journal,1350-293X,true,,
Environmental education research (Print),1350-4622,true,,
Conservation and management of archaeological sites,1350-5033,true,,
European review of history = Revue européene d'histoire,1350-7486,true,,
Austrian studies,1350-7532,true,,
Journal of psychiatric and mental health nursing (Print),1351-0126,true,,
Democratization (London),1351-0347,true,,
Innovation (Abingdon),1351-1610,true,,
Natural language engineering (Print),1351-3249,true,,
European law journal (Print),1351-5993,true,,
European journal of finance (Print),1351-847X,true,,
Contemporary security policy,1352-3260,true,,
IJHS. International journal of heritage studies,1352-7258,true,,
British journal of Middle Eastern studies (Print),1353-0194,true,,
International peacekeeping,1353-3312,true,,
Parallax (Leeds),1353-4645,true,,
Journal of contemporary religion,1353-7903,true,,
Injury prevention,1353-8047,true,,
Teachers and teaching,1354-0602,true,,
British journal of learning disabilities (Print),1354-4187,true,,
Nations and nationalism (Print),1354-5078,true,,
Thinking and reasoning (Print),1354-6783,true,,
Cognitive neuropsychiatry (Print),1354-6805,true,,
European financial management (Print),1354-7798,true,,
Tourism economics,1354-8166,true,,
"Psychology, health & medicine",1354-8506,true,,
Convergence (London),1354-8565,true,,
Local environment,1354-9839,true,,
Studies in world christianity,1354-9901,true,,
Romanticism (Edinburgh),1354-991X,true,,
Endocrine (Basingstoke),1355-008X,true,,
Studies in history and philosophy of modern physics,1355-2198,true,,
International journal of entrepreneurial behaviour & research,1355-2554,true,,
The journal of sexual aggression,1355-2600,true,,
Legal and criminological psychology,1355-3259,true,,
Journal of Victorian culture,1355-5502,true,,
Journal of architectural conservation,1355-6207,true,,
Addiction biology (Print),1355-6215,true,,
The translator (Manchester),1355-6509,true,,
Environment and development economics (Print),1355-770X,true,,
Organised sound (Print),1355-7718,true,,
Ethnicity & health,1355-7858,true,,
Journal of health services research & policy,1355-8196,true,,
Journal of interprofessional care,1356-1820,true,,
Journal of the Royal Asiatic Society,1356-1863,true,,
Teaching in higher education,1356-2517,true,,
European physical education review,1356-336X,true,,
New political economy,1356-3467,true,,
Evaluation (London. 1995),1356-3890,true,,
Res publica (Liverpool),1356-4765,true,,
Manual therapy,1356-689X,true,,
Child & family social work (Print),1356-7500,true,,
Journal of vacation marketing,1356-7667,true,,
Journal of political ideologies,1356-9317,true,,
Journal of Latin American cultural studies,1356-9325,true,,
Contemporary politics (London. Print),1356-9775,true,,
Research in drama education (Print),1356-9783,true,,
Body & society,1357-034X,true,,
Urban design international (London. Print),1357-5317,true,,
Clinical child psychology and psychiatry,1359-1045,true,,
Journal of health psychology,1359-1053,true,,
arq. Architectural research quarterly,1359-1355,true,,
Archives of disease in childhood. Fetal and neonatal edition,1359-2998,true,,
European journal of work and organizational psychology (Print),1359-432X,true,,
Virtual reality (Waltham Cross),1359-4338,true,,
Faraday discussions (Print),1359-6640,true,,
Supply chain management,1359-8546,true,,
Asia-Pacific journal of teacher education,1359-866X,true,,
Journal of higher education policy and management,1360-080X,true,,
Education and information technologies,1360-2357,true,,
Journal of architecture (London. Print),1360-2365,true,,
Asia Pacific business review,1360-2381,true,,
International journal of inclusive education,1360-3116,true,,
Journal of sociolinguistics (Print),1360-6441,true,,
English language and linguistics (Print),1360-6743,true,,
South European society & politics,1360-8746,true,,
"International journal of law, policy and the family",1360-9939,true,,
Transactions in GIS (Print),1361-1682,true,,
Journal of fashion marketing and management,1361-2026,true,,
"Race, ethnicity and education",1361-3324,true,,
Pacific economic review (Print),1361-374X,true,,
European review of economic history,1361-4916,true,,
Cochrane database of systematic reviews (CD-ROM),1361-6137,true,,
Journal of beliefs and values,1361-7672,true,,
Contemporary British history,1361-9462,true,,
Evidence-based mental health,1362-0347,true,,
Career development international,1362-0436,true,,
Nursing in critical care,1362-1017,true,,
Citizenship studies (Print),1362-1025,true,,
Language teaching research,1362-1688,true,,
Systematic and applied acarology,1362-1971,true,,
Autism (London),1362-3613,true,,
Theoretical criminology,1362-4806,true,,
The European journal of contraception & reproductive health care,1362-5187,true,,
Fashion theory,1362-704X,true,,
Mediterranean politics (London. 1996),1362-9395,true,,
Current opinion in clinical nutrition and metabolic care,1363-1950,true,,
Health (London. 1997),1363-4593,true,,
Sexualities (London),1363-4607,true,,
Transcultural psychiatry,1363-4615,true,,
Review of development economics (Print),1363-6669,true,,
Developmental science (Print),1363-755X,true,,
International journal of human rights,1364-2987,true,,
International journal of children's spirituality,1364-436X,true,,
International journal of social research methodology (Print),1364-5579,true,,
Anthropology & medicine,1364-8470,true,,
Critical care (London. Print),1364-8535,true,,
International journal of evidence & proof,1365-7127,true,,
Aquaculture economics & management (Print),1365-7305,true,,
Industry and innovation,1366-2716,true,,
Sculpture journal,1366-2724,true,,
Health technology assessment (Winchester),1366-5278,true,,
Water policy,1366-7017,true,,
Bilingualism (Cambridge. Print),1366-7289,true,,
Journal of intellectual & developmental disability,1366-8250,true,,
Journal of risk research (Print),1366-9877,true,,
International journal of bilingual education and bilingualism,1367-0050,true,,
International journal of bilingualism,1367-0069,true,,
Contact lens & anterior eye,1367-0484,true,,
Asian journal of social psychology (Print),1367-2223,true,,
New journal of physics,1367-2630,true,,
Journal of knowledge management,1367-3270,true,,
Journal of child health care,1367-4935,true,,
European journal of cultural studies (Print),1367-5494,true,,
International journal of logistics,1367-5567,true,,
Annual reviews in control,1367-5788,true,,
Journal of youth studies,1367-6261,true,,
International journal of cultural studies (Print),1367-8779,true,,
Syntax (Oxford. Print),1368-0005,true,,
Information research,1368-1613,true,,
Current issues in tourism,1368-3500,true,,
Econometrics journal (Print),1368-4221,true,,
Group processes & intergroup relations (Print),1368-4302,true,,
European journal of social theory,1368-4310,true,,
Aging male,1368-5538,true,,
Oral oncology (1997),1368-8375,true,,
Postcolonial studies (Print),1368-8790,true,,
Public health nutrition (Wallingford),1368-9800,true,,
"Culture, health & sexuality (Print)",1369-1058,true,,
Venture capital (London. Print),1369-1066,true,,
"Information, communication & society",1369-118X,true,,
European journal of social work,1369-1457,true,,
Australian & New Zealand journal of statistics (Print),1369-1473,true,,
British journal of politics & international relations (Print),1369-1481,true,,
Journal of ethnic and migration studies,1369-183X,true,,
International review of finance (Print),1369-412X,true,,
Kantian review,1369-4154,true,,
Advances in structural engineering,1369-4332,true,,
Business and politics (Print),1369-5258,true,,
Health expectations,1369-6513,true,,
Journal of African cultural studies,1369-6815,true,,
Journal of medical economics,1369-6998,true,,
Materials today (Kidlington),1369-7021,true,,
Interventions (London),1369-801X,true,,
"Transportation research. Part F, Traffic psychology and behaviour",1369-8478,true,,
Studies in history and philosophy of biological and biomedical sciences,1369-8486,true,,
Ethical Perspectives (Printed),1370-0049,true,,
"Annales de l'économie publique, sociale et coopérative (Ed. multilingue) = Annalen der Gemeinwirtschaft",1370-4788,true,,
Tijdschrift voor Filosofie (Gedrukt),1370-575X,true,,
"Biotechnologie, agronomie, société et environnement (Printed) = Biotechnology, agronomy, society and environment (Printed)",1370-6233,true,,
Recherches de théologie et philosophie médiévales (Imprimé),1370-7493,true,,
Geologica Belgica (Printed),1374-8505,true,,
Akkadica (Ed. semestriel),1378-5087,true,,
Archaeological dialogues,1380-2038,true,,
Review of accounting studies,1380-6653,true,,
Multimedia tools and applications,1380-7501,true,,
Archives of suicide research,1381-1118,true,,
Mitigation and adaptation strategies for global change,1381-2386,true,,
Social psychology of education,1381-2890,true,,
The European journal of general practice (Print),1381-4788,true,,
Ophthalmic genetics,1381-6810,true,,
Empirical software engineering (Print),1382-3256,true,,
Heart failure reviews,1382-4147,true,,
Advances in health sciences education,1382-4996,true,,
European journal of English studies,1382-5577,true,,
Journal of comparative Germanic linguistics (Print),1383-4924,true,,
Parasitology international (Print),1383-5769,true,,
Tijdschrift van de Koninklijke Vereniging voor Nederlandse Muziekgeschiedenis,1383-7079,true,,
Constraints (Dordrecht),1383-7133,true,,
Early science and medicine (Print),1383-7427,true,,
International politics (The Hague),1384-5748,true,,
Interpreting (Amsterdam. Print),1384-6647,true,,
International journal of corpus linguistics (Print),1384-6655,true,,
Tijdschrift voor communicatiewetenschap,1384-6930,true,,
Precision agriculture (Print),1385-2256,true,,
Journal of early modern history (Print),1385-3783,true,,
"Neuropsychology, development, and cognition. Section D, The clinical neuropsychologist",1385-4046,true,,
Information technology and management,1385-951X,true,,
Revue française de linguistique appliquée,1386-1204,true,,
Extremes (Boston),1386-1999,true,,
Ethical theory and moral practice,1386-2820,true,,
Experimental economics (Print),1386-4157,true,,
Journal of financial markets,1386-4181,true,,
Foundations of chemistry,1386-4238,true,,
El Profesional de la información,1386-6710,true,,
"Medicine, health care and philosophy",1386-7423,true,,
Cluster computing,1386-7857,true,,
Health care management science,1386-9620,true,,
Philosophical explorations (Amsterdam),1386-9795,true,,
Journal of clinical monitoring and computing (Print),1387-1307,true,,
Autonomous agents and multi-agent systems,1387-2532,true,,
Journal of Alzheimer's disease,1387-2877,true,,
Information systems frontiers (Print),1387-3326,true,,
Methodology and computing in applied probability (Print),1387-5841,true,,
"Environment, development and sustainability",1387-585X,true,,
Spatial cognition and computation (Print),1387-5868,true,,
Journal of comparative policy analysis (Print),1387-6988,true,,
Journal of nanoparticle research,1388-0764,true,,
Ethics and information technology,1388-1957,true,,
European journal of migration and law,1388-364X,true,,
Journal of thermal analysis and calorimetry (Print),1388-6150,true,,
Computer networks (1999),1389-1286,true,,
Current pharmaceutical biotechnology (Print),1389-2010,true,,
Current protein and peptide science (Print),1389-2037,true,,
The Journal of agricultural education and extension,1389-224X,true,,
Journal of educational change,1389-2843,true,,
Journal of happiness studies (Print),1389-4978,true,,
Prevention science (Print),1389-4986,true,,
Electronic commerce research (Print),1389-5753,true,,
Reviews in endocrine and metabolic disorders (Print),1389-9155,true,,
Cell and tissue banking,1389-9333,true,,
Forest policy and economics,1389-9341,true,,
Sleep medicine (Print),1389-9457,true,,
Familial cancer,1389-9600,true,,
Problemos (Spausdinta),1392-1126,true,,
Mathematical modelling and analysis (Spausdinta),1392-6292,true,,
Malaysian Journal of Library and Information Science,1394-6234,true,,
European journal of dental education,1396-5883,true,,
Pediatric transplantation,1397-3142,true,,
Transplant infectious disease (Print),1398-2273,true,,
Pediatric diabetes (Print),1399-543X,true,,
Journal of coastal conservation (Print),1400-0350,true,,
"Logopedics, phoniatrics, vocology",1401-5439,true,,
"Housing, theory, and society",1403-6096,true,,
Gestión y política pública,1405-1079,true,,
Anthropological notebooks (Print),1408-032X,true,,
Journal of international relations & development (Ljubljana. Tiskana izd.),1408-6980,true,,
Brazilian Journal of Physical Therapy (Impresso) = Revista Brasileira de Fisioterapia,1413-3555,true,,
Tempo (Niterói. Impresso),1413-7704,true,,
Revista Latinoamericana de Psicopatologia Fundamental (Impresso),1415-4714,true,,
Motriz (Impresso) = Motriz. Revista de Educação Física,1415-9805,true,,
Swiss journal of psychology = Revue suisse de psychologie,1421-0185,true,,
Results in mathematics (Print) = Resultate der Mathematik,1422-6383,true,,
Diversity (Basel. Online),1424-2818,true,,
Swiss medical weekly (Printed ed.),1424-7860,true,,
Sensors (Basel),1424-8220,true,,
Pharmaceuticals (Basel),1424-8247,true,,
Annals of Transplantation,1425-9524,true,,
Linguistic typology,1430-0532,true,,
Clinical oral investigations (Print),1432-6981,true,,
Soft computing (Berlin. Print),1432-7643,true,,
Journal of psychology in Africa,1433-0237,true,,
Hyle (Karlsruhe. Print),1433-5158,true,,
Angewandte Chemie (International ed. Print),1433-7851,true,,
"Perspectives in plant ecology, evolution and systematics (Print)",1433-8319,true,,
Archives of women's mental health (Print),1434-1816,true,,
Review of economic design (Print),1434-4742,true,,
"European physical journal. C, Particles and fields (Print)",1434-6044,true,,
Notfall & Rettungsmedizin (Print),1434-6222,true,,
Zeitschrift für Erziehungswissenschaft,1434-663X,true,,
Central European journal of operations research,1435-246X,true,,
"Cognition, technology & work (Print)",1435-5558,true,,
Journal of geographical systems (Print),1435-5930,true,,
Economics of governance (Print),1435-6104,true,,
Animal cognition (Print),1435-9448,true,,
Demographic research (Print),1435-9871,true,,
Regional environmental change (Print),1436-3798,true,,
"Bundesgesundheitsblatt, Gesundheitsforschung, Gesundheitsschutz (Print)",1436-9990,true,,
ZfF. Zeitschrift für Familienforschung = Journal of family research,1437-2940,true,,
Journal of material cycles and waste management (Print),1438-4957,true,,
Macromolecular materials and engineering (Print),1438-7492,true,,
European journal of lipid science and technology (Print),1438-7697,true,,
Journal of soils and sediments (Print),1439-0108,true,,
ChemPhysChem (Print),1439-4235,true,,
Journal of medical internet research (Print),1439-4456,true,,
Organisms diversity & evolution (Print),1439-6092,true,,
Journal of science and medicine in sport,1440-2440,true,,
Nursing and health sciences,1441-0745,true,,
Sport management review (Print),1441-3523,true,,
Australian journal of adult learning,1443-1394,true,,
Brain impairment (Print),1443-9646,true,,
Internal medicine journal (Print),1444-0903,true,,
Geriatrics and gerontology international (Print),1444-1586,true,,
Rural and remote health,1445-6354,true,,
International journal of mental health nursing (Print),1445-8330,true,,
International gambling studies (Print),1445-9795,true,,
Health sociology review,1446-1242,true,,
Nutrition and dietetics,1446-6368,true,,
"Innovation (North Sydney, , N.S.W.)",1447-9338,true,,
Life writing,1448-4528,true,,
Sexual health (Print),1448-5028,true,,
International journal of medical sciences,1449-1907,true,,
Australasian journal of educational technology (Print),1449-3098,true,,
Policy & society (Print),1449-4035,true,,
Journal of spatial science (Print),1449-8596,true,,
International Journal of Electrochemical Science (Online),1452-3981,true,,
"Proceedings of the Romanian Academy. Series A Mathematics, Physics, Technical Sciences, Information Science",1454-9069,true,,
Nordisk alkohol- & narkotikatidskrift (Painettu) = Nordic studies on alcohol and drugs,1455-0725,true,,
Scandinavian journal of surgery (Print),1457-4969,true,,
European journal of innovation management,1460-1060,true,,
Health informatics journal,1460-4582,true,,
The design journal (Aldtershot),1460-6925,true,,
JASSS (Guildford),1460-7425,true,,
Psychoanalysis and history,1460-8235,true,,
International journal of management reviews (Print),1460-8545,true,,
Music education research (Print),1461-3808,true,,
Environmental archaeology,1461-4103,true,,
New media & society (Print),1461-4448,true,,
Discourse studies (Print),1461-4456,true,,
Tourism geographies (Print),1461-6688,true,,
European societies,1461-6696,true,,
Journalism studies (Print),1461-670X,true,,
Attachment & human development (Print),1461-6734,true,,
Human rights law review,1461-7781,true,,
European journal of archaeology,1461-9571,true,,
The journal of horticultural science & biotechnology (Print),1462-0316,true,,
Nicotine & tobacco research,1462-2203,true,,
Pharmacogenomics (Lond. Print),1462-2416,true,,
The international journal of mental health promotion (Print),1462-3730,true,,
European journal of oncology nursing,1462-3889,true,,
Expert reviews in molecular medicine,1462-3994,true,,
Punishment & society (Print),1462-4745,true,,
Colorectal disease (Print),1462-8910,true,,
Environmental science & policy,1462-9011,true,,
Noise & health,1463-1741,true,,
Primary health care research & development,1463-4236,true,,
Anthropological theory,1463-4996,true,,
Ocean modelling (Oxford. Print),1463-5003,true,,
Business process management journal,1463-7154,true,,
Contemporary Buddhism,1463-9947,true,,
Journal of molecular microbiology and biotechnology,1464-1801,true,,
HIV medicine (Print),1464-2662,true,,
Structural concrete (London. 1999),1464-4177,true,,
International journal of sports marketing & sponsorship,1464-6668,true,,
Molecular plant pathology,1464-6722,true,,
Human fertility (Cambridge),1464-7273,true,,
Research in dance education (Print),1464-7893,true,,
Journalism (London),1464-8849,true,,
Planning theory & practice (Print),1464-9357,true,,
Social & cultural geography (Print),1464-9365,true,,
Progress in development studies,1464-9934,true,,
Geopolitics (London),1465-0045,true,,
European Union politics,1465-1165,true,,
Biostatistics (Oxford. Print),1465-4644,true,,
Breast cancer research (Print),1465-5411,true,,
International forestry review,1465-5489,true,,
German economic review (Oxford. Print),1465-6485,true,,
Expert opinion on pharmacotherapy,1465-6566,true,,
Journal of substance use,1465-9891,true,,
Ethnography (London),1466-1381,true,,
Current issues in language planning,1466-4208,true,,
Film-philosophy (London),1466-4615,true,,
CrystEngComm (Cambridge. Online),1466-8033,true,,
Global ecology and biogeography (Print),1466-822X,true,,
Physical therapy in sport,1466-853X,true,,
Innovative food science & emerging technologies,1466-8564,true,,
International journal of accounting information systems,1467-0895,true,,
Critical Asian studies (Print),1467-2715,true,,
Veterinary anaesthesia and analgesia (Print),1467-2987,true,,
International journal of sustainability in higher education,1467-6370,true,,
Plant biotechnology journal (Print),1467-7644,true,,
Obesity reviews (Print),1467-7881,true,,
Arthropod structure & development,1467-8039,true,,
Journal of social work,1468-0173,true,,
Feminist media studies (Print),1468-0777,true,,
Sex education (Print),1468-1811,true,,
Sexual and relationship therapy (Print),1468-1994,true,,
Medical humanities,1468-215X,true,,
Journal of economic geography (Print),1468-2702,true,,
Hispanic research journal,1468-2737,true,,
Studies in theatre and performance,1468-2761,true,,
Journal of Southeast European and Black Sea studies,1468-3857,true,,
Qualitative research,1468-7941,true,,
Ethnicities (London),1468-7968,true,,
Tourist studies,1468-7976,true,,
Psychology of sport and exercise (Print),1469-0292,true,,
Journal of intellectual capital,1469-1930,true,,
Climate policy,1469-3062,true,,
Journal of consumer culture,1469-5405,true,,
Journal of social archaeology,1469-6053,true,,
Quantitative finance (Print),1469-7688,true,,
BJOG (Oxford. Print),1470-0328,true,,
Ecological indicators,1470-160X,true,,
Lancet oncology (Print),1470-2045,true,,
Global networks (Oxford. Print),1470-2266,true,,
Pharmacogenomics journal (Print),1470-269X,true,,
jraas. Journal of the renin-angiotensin-aldosterone system,1470-3203,true,,
Innovations in education and teaching international (Print),1470-3297,true,,
Visual communication (Print),1470-3572,true,,
Journal of Germanic linguistics (Print),1470-5427,true,,
"Politics, philosophy & economics",1470-594X,true,,
International journal of consumer studies (Print),1470-6423,true,,
International journal of market research,1470-7853,true,,
Language and intercultural communication,1470-8477,true,,
Contemporary political theory,1470-8914,true,,
AUTEX research journal,1470-9589,true,,
Nature reviews. Neuroscience (Print),1471-003X,true,,
Eating behaviors,1471-0153,true,,
Journal of agrarian change (Print),1471-0358,true,,
Theory and practice of logic programming,1471-0684,true,,
Statistical modelling,1471-082X,true,,
Health information and libraries journal (Print),1471-1834,true,,
Journal of family planning and reproductive health care,1471-1893,true,,
BMC bioinformatics,1471-2105,true,,
BMC developmental biology (Online),1471-213X,true,,
BMC evolutionary biology (Online),1471-2148,true,,
BMC genetics (Online),1471-2156,true,,
BMC genomics,1471-2164,true,,
BMC immunology (Online),1471-2172,true,,
BMC Microbiology (Online),1471-2180,true,,
BMC neuroscience (Online),1471-2202,true,,
BMC cardiovascular disorders (Online),1471-2261,true,,
BMC emergency medicine (Online),1471-227X,true,,
BMC Medical research methodology (Online),1471-2288,true,,
BMC family practice,1471-2296,true,,
BMC gastroenterology (Online),1471-230X,true,,
BMC geriatrics (Online),1471-2318,true,,
BMC infectious diseases (Online),1471-2334,true,,
BMC medical imaging (Online),1471-2342,true,,
BMC medical genetics (Online),1471-2350,true,,
BMC nephrology,1471-2369,true,,
BMC neurology (Online),1471-2377,true,,
BMC pregnancy and childbirth (Online),1471-2393,true,,
BMC cancer (Online),1471-2407,true,,
BMC pediatrics (Online),1471-2431,true,,
BMC psychiatry (Online),1471-244X,true,,
BMC public health (Online),1471-2458,true,,
BMC pulmonary medicine (Online),1471-2466,true,,
BMC musculoskeletal disorders (Online),1471-2474,true,,
BMC urology (Online),1471-2490,true,,
Dementia (London),1471-3012,true,,
Trends in molecular medicine (Print),1471-4914,true,,
Trends in parasitology,1471-4922,true,,
Nurse education in practice,1471-5953,true,,
IMA journal of management mathematics (Print),1471-678X,true,,
Information and organization,1471-7727,true,,
Developing world bioethics (Print),1471-8731,true,,
Public management review (Print),1471-9037,true,,
Nutrition bulletin (Print),1471-9827,true,,
Emergency medicine journal (Print),1472-0205,true,,
Journal of consumer behaviour,1472-0817,true,,
Asian business & management (Print),1472-4782,true,,
Comparative European politics (Print),1472-4790,true,,
Visual studies (Print),1472-586X,true,,
Reproductive biomedicine online (Print),1472-6483,true,,
BMC endocrine disorders (Online),1472-6823,true,,
BMC oral health (Online),1472-6831,true,,
BMC palliative care (Online),1472-684X,true,,
BMC women's health (Online),1472-6874,true,,
BMC complementary and alternative medicine (Online),1472-6882,true,,
BMC medical education (Online),1472-6920,true,,
BMC medical ethics (Online),1472-6939,true,,
BMC medical informatics and decision making (Online),1472-6947,true,,
BMC nursing (Online),1472-6955,true,,
BMC health services research (Online),1472-6963,true,,
BMC international health and human rights (Online),1472-698X,true,,
International journal of management education,1472-8117,true,,
Expert opinion on therapeutic targets,1472-8222,true,,
Transfusion and apheresis science,1473-0502,true,,
Planning theory,1473-0952,true,,
Journal of cosmetic dermatology (Print),1473-2130,true,,
Youth justice,1473-2254,true,,
European cells & materials,1473-2262,true,,
Lancet. Infectious diseases (Print),1473-3099,true,,
Qualitative social work,1473-3250,true,,
Children's geographies (Print),1473-3285,true,,
International journal of ventilation,1473-3315,true,,
Cerebellum (London. Print),1473-4222,true,,
International journal of astrobiology (Print),1473-5504,true,,
International journal of agricultural sustainability,1473-5903,true,,
Journal of corporate law studies,1473-5970,true,,
Expert review of molecular diagnostics,1473-7159,true,,
Expert review of pharmacoeconomics & outcomes research,1473-7167,true,,
Expert review of neurotherapeutics,1473-7175,true,,
Human genomics (Print),1473-9542,true,,
Expert opinion on drug safety,1474-0338,true,,
Advanced engineering informatics,1474-0346,true,,
Nature reviews. Drug discover (Print),1474-1776,true,,
International journal of constitutional law (Print),1474-2640,true,,
Social movement studies (Print),1474-2837,true,,
Lancet neurology (Print),1474-4422,true,,
Cultural geographies,1474-4740,true,,
European journal of cardiovascular nursing,1474-5151,true,,
Evolutionary psychology,1474-7049,true,,
Physics and chemistry of the earth (2002),1474-7065,true,,
World trade review (Cambridge),1474-7456,true,,
Social policy and society (Print),1474-7464,true,,
Journal of pension economics & finance (Print),1474-7472,true,,
Genome biology (Print),1474-7596,true,,
Globalizations (Print),1474-7731,true,,
European educational research journal,1474-9041,true,,
Photochemical & photobiological sciences (Print),1474-905X,true,,
Aging cell (Print),1474-9718,true,,
Clinical physiology and functional imaging (Print),1475-0961,true,,
Socio-economic review (Print),1475-1461,true,,
Journal of English for academic purposes,1475-1585,true,,
Cardiovascular diabetology (Online),1475-2840,true,,
Microbial cell factories,1475-2859,true,,
Malaria journal (Online),1475-2875,true,,
Nutrition journal,1475-2891,true,,
Child and adolescent mental health (Print),1475-357X,true,,
Bulletin of Spanish studies (2002. Print),1475-3820,true,,
Bulletin of Hispanic studies (Liverpool. 2002),1475-3839,true,,
Journal of human rights,1475-4835,true,,
Journal of enzyme inhibition and medicinal chemistry,1475-6366,true,,
Journal of cosmology and astroparticle physics,1475-7516,true,,
Structural health monitoring,1475-9217,true,,
BioMedical engineering online (Online),1475-925X,true,,
International journal for equity in health (Online),1475-9276,true,,
"Technology, pedagogy and education",1475-939X,true,,
Culture and organization,1475-9551,true,,
Textile (Oxford),1475-9756,true,,
Expert review of vaccines,1476-0584,true,,
Environmental health (London. 2002. Online),1476-069X,true,,
International journal of health geographics,1476-072X,true,,
Psychology and psychotherapy,1476-0835,true,,
Nature materials (Print),1476-1122,true,,
Strategic organization,1476-1270,true,,
Lipids in health and disease,1476-511X,true,,
Journal of maternal-fetal & neonatal medicine (Print),1476-7058,true,,
Action research (London. Print),1476-7503,true,,
International journal of art & design education (Print),1476-8062,true,,
Ecological complexity (Print),1476-945X,true,,
Organic & biomolecular chemistry,1477-0520,true,,
Systematics and biodiversity (Print),1477-2000,true,,
Journal of nanobiotechnology,1477-3155,true,,
European journal of criminology (Print),1477-3708,true,,
Journal of pediatric urology (Print),1477-5131,true,,
Journal of health organization and management,1477-7266,true,,
Harm reduction journal,1477-7517,true,,
Health and quality of life outcomes,1477-7525,true,,
World journal of surgical oncology,1477-7819,true,,
Reproductive biology and endocrinology,1477-7827,true,,
Social theory & health (Print),1477-8211,true,,
"Computer languages, systems & structures",1477-8424,true,,
Travel medicine and infectious disease,1477-8939,true,,
Dalton transactions (2003. Print),1477-9226,true,,
Thrombosis journal,1477-9560,true,,
Cultural and social history (Print),1478-0038,true,,
Qualitative research in psychology (Print),1478-0887,true,,
Journal of international criminal justice (Print),1478-1387,true,,
"Translation studies (Abingdon, England)",1478-1700,true,,
Journal of contemporary European studies (Print),1478-2804,true,,
Liver international (Print),1478-3223,true,,
Journal of purchasing and supply management,1478-4092,true,,
Human resources for health,1478-4491,true,,
Health research policy and systems,1478-4505,true,,
Eighteenth-century music (Print),1478-5706,true,,
The international journal of medical robotics and computer assisted surgery (Print),1478-5951,true,,
Arthritis research & therapy (Print),1478-6354,true,,
Dix-neuf (Online),1478-7318,true,,
Population health metrics,1478-7954,true,,
Political studies review (Print),1478-9299,true,,
Expert review of proteomics,1478-9450,true,,
Palliative & supportive care (Print),1478-9515,true,,
The journal of forensic psychiatry & psychology (Print),1478-9949,true,,
International journal of multilingualism,1479-0718,true,,
Modern intellectual history (Print),1479-2443,true,,
Maritime economics & logistics (Print),1479-2931,true,,
The international journal of behavioural nutrition and physical activity (Online),1479-5868,true,,
Journal of translational medicine (Online),1479-5876,true,,
International journal of Asian studies (Cambridge. Print),1479-5914,true,,
"Future oncology (London, England. Print)",1479-6694,true,,
Journal of financial econometrics (Print),1479-8409,true,,
Chronic respiratory disease (Print),1479-9723,true,,
International journal of arts management,1480-8986,true,,
CLCWeb (Edmonton),1481-4374,true,,
International review of research in open and distance learning,1492-3831,true,,
International journal of forest engineering,1494-2119,true,,
International journal of audiology,1499-2027,true,,
Canadian journal of diabetes (Print),1499-2671,true,,
Journal of nutrition education and behavior,1499-4046,true,,
International journal of forensic mental health,1499-9013,true,,
Scandinavian journal of hospitality and tourism (Trykt utg.),1502-2250,true,,
Acta of Bioengineering and Biomechanics,1509-409X,true,,
Journal of oil palm research,1511-2780,true,,
Asian Pacific journal of cancer prevention (print),1513-7368,true,,
Journal of applied economics,1514-0326,true,,
São Paulo medical journal (Impresso),1516-3180,true,,
Revista Brasileira de Zootecnia (Impresso) = Brazilian Journal of Animal Science,1516-3598,true,,
Brazilian Journal of Psychiatry (São Paulo. 1999. Impresso) = Revista Brasileira de Psiquiatria,1516-4446,true,,
Filosofia Unisinos (Impresso),1519-5023,true,,
New directions for child and adolescent development,1520-3247,true,,
Journal of cold war studies,1520-3972,true,,
Mass communication & society,1520-5436,true,,
Diabetes/metabolism research and reviews (Print),1520-7552,true,,
Philosophical perspectives,1520-8583,true,,
Diabetes technology & therapeutics,1520-9156,true,,
IT professional,1520-9202,true,,
IEEE transactions on multimedia,1520-9210,true,,
Sleep & breathing = Schlaf & Atmung,1520-9512,true,,
Media psychology,1521-3269,true,,
Marvels & tales,1521-4281,true,,
"International studies review (Malden, Mass)",1521-9488,true,,
Journal of hospice and palliative nursing (Print),1522-2179,true,,
Infant and child development (Print),1522-7227,true,,
"Neoplasia (New York, N.Y.)",1522-8002,true,,
Cartography and geographic information science (Print),1523-0406,true,,
Clinical implant dentistry and related research,1523-0899,true,,
The journal of supply chain management,1523-2409,true,,
Current rheumatology reports (Print),1523-3774,true,,
Current cardiology reports (Print),1523-3782,true,,
Current psychiatry reports,1523-3812,true,,
Manufacturing & service operations management,1523-4614,true,,
Journal environmental policy planning (Print),1523-908X,true,,
Journal of popular music studies (Print),1524-2226,true,,
"The journal of clinical hypertension (Greenwich, Conn.)",1524-6175,true,,
Journal of cognition and development,1524-8372,true,,
"Trauma, violence & abuse",1524-8380,true,,
IEEE transactions on intelligent transportation systems (Print),1524-9050,true,,
Psychology of men & masculinity,1524-9220,true,,
"Geochemistry, geophysics, geosystems",1525-2027,true,,
Multinational business review,1525-383X,true,,
Journal of the Association for Research in Otolaryngology (Print),1525-3961,true,,
Journal of acquired immune deficiency syndromes (1999),1525-4135,true,,
Epilepsy & behavior (Print),1525-5050,true,,
Clinical lung cancer (Print),1525-7304,true,,
Biomacromolecules,1525-7797,true,,
Field methods,1525-822X,true,,
Journal of the American Medical Directors Association (Print),1525-8610,true,,
Paediatric respiratory reviews (Print),1526-0542,true,,
"Pain medicine (Malden, Mass.)",1526-2375,true,,
Global environmental politics (Print),1526-3800,true,,
Pest management science (Print),1526-498X,true,,
American journal of bioethics,1526-5161,true,,
Journal of endovascular therapy (Print),1526-6028,true,,
Clinical breast cancer,1526-8209,true,,
"Progress in transplantation (Aliso Viejo, Calif.)",1526-9248,true,,
Journal of sports economics,1527-0025,true,,
High altitude medicine & biology,1527-0297,true,,
Current treatment options in oncology,1527-2729,true,,
Journal of psychiatric practice (Print),1527-4160,true,,
Television & new media,1527-4764,true,,
Natural hazards review,1527-6988,true,,
Advances in skin & wound care (Print),1527-7941,true,,
Romani studies,1528-0748,true,,
Journal of industrial textiles (Print),1528-0837,true,,
"Emotion (Washington, D.C. Print)",1528-3542,true,,
International studies perspectives,1528-3577,true,,
Current neurology and neuroscience reports,1528-4042,true,,
Current opinion in allergy and clinical immunology,1528-4050,true,,
Journal of toxicology and environmental health. Part A,1528-7394,true,,
Crystal growth & design,1528-7483,true,,
ACM transactions on computational logic,1529-3785,true,,
"Parenting, science and practice (Print)",1529-5192,true,,
Analyses of social issues and public policy,1529-7489,true,,
Self and identity,1529-8868,true,,
Early medieval China,1529-9104,true,,
The spine journal,1529-9430,true,,
Journal of trauma & dissociation,1529-9732,true,,
Atmospheric science letters,1530-261X,true,,
"Vector borne and zoonotic diseases (Larchmont, N.Y.)",1530-3667,true,,
IEEE sensors journal,1530-437X,true,,
Telemedicine and e-health,1530-5627,true,,
Nano letters (Print),1530-6984,true,,
"Cognitive, affective & behavioral neuroscience (Print)",1530-7026,true,,
Pain practice (Print),1530-7085,true,,
Endocrine practice (Print),1530-891X,true,,
Public performance & management review,1530-9576,true,,
AAPS PharmSciTech,1530-9932,true,,
Irrigation and Drainage,1531-0353,true,,
"Astrobiology (Larchmont, N.Y.)",1531-1074,true,,
Current Pain and Headache Reports,1531-3433,true,,
Latin American politics and society,1531-426X,true,,
Otology & neurotology,1531-7129,true,,
Journal of biomedical informatics (Print),1532-0464,true,,
Journal of the American Society for Information Science and Technology (Print),1532-2882,true,,
Stress and health,1532-3005,true,,
The journal of evidence-based dental practice,1532-3382,true,,
"The moving image (Minneapolis, Minn.)",1532-3978,true,,
Journal of machine learning research,1532-4435,true,,
Stochastic models,1532-6349,true,,
MIT Sloan management review,1532-9194,true,,
Clinical colorectal cancer,1533-0028,true,,
Technology in cancer research & treatment (Print),1533-0346,true,,
Journal of ethnicity in substance abuse,1533-2640,true,,
Pain physician,1533-3159,true,,
American journal of Alzheimer's disease and other dementias,1533-3175,true,,
Philosophical issues,1533-6077,true,,
Philosophers' imprint,1533-628X,true,,
Quantum information & computation,1533-7146,true,,
IEEE transactions on neural systems and rehabilitation engineering,1534-4320,true,,
Current diabetes report (Print),1534-4827,true,,
Clinical case studies,1534-6501,true,,
International journal of lower extremity wounds,1534-7346,true,,
"Journal of vision (Charlottesville, Va.)",1534-7362,true,,
River research and applications (Print),1535-1459,true,,
Foodborne pathogens and disease,1535-3141,true,,
Asian economic papers,1535-3516,true,,
Journal of proteome research (Print),1535-3893,true,,
Corporate social-responsibility and environmental management,1535-3958,true,,
"JALA (Charlottesville, Va. Print)",1535-5535,true,,
Cancer cell (Print),1535-6108,true,,
City & community,1535-6841,true,,
Law and literature,1535-685X,true,,
Molecular cancer therapeutics,1535-7163,true,,
Molecular & cellular proteomics (Print),1535-9476,true,,
Eukaryotic cell (Print),1535-9778,true,,
SIAM journal on applied dynamical systems,1536-0040,true,,
Journal of spinal disorders & techniques,1536-0652,true,,
IEEE antennas and wireless propagation letters,1536-1225,true,,
IEEE pervasive computing,1536-1268,true,,
Molecular imaging and biology (Print),1536-1632,true,,
"Omics (Larchmont, N.Y.)",1536-2310,true,,
Journal of the Medical Library Association,1536-5050,true,,
The Stata journal,1536-867X,true,,
Journal of the Association for Information Systems,1536-9323,true,,
Academy of Management learning & education,1537-260X,true,,
Journal of clinical child and adolescent psychology (Print),1537-4416,true,,
Biosystems engineering,1537-5110,true,,
Perspectives on politics (Print),1537-5927,true,,
Current sports medicine reports,1537-890X,true,,
"Cell cycle (Georgetown, Tex.)",1538-4101,true,,
Vascular and endovascular surgery,1538-5744,true,,
Perspectives on sexual and reproductive health,1538-6341,true,,
Eurasian geography and economics,1538-7216,true,,
Journal of thrombosis and haemostasis (Print),1538-7933,true,,
The journal of knee surgery (Print),1538-8506,true,,
Traffic injury prevention (Print),1538-9588,true,,
Pharmaceutical statistics,1539-1604,true,,
Vadose zone journal,1539-1663,true,,
Neuroinformatics,1539-2791,true,,
"OTJR (Thorofare, N.J.)",1539-4492,true,,
Lymphatic research and biology,1539-6851,true,,
Philosophia africana,1539-8250,true,,
Journal of geriatric physical therapy (2001),1539-8412,true,,
ACM transactions on embedded computing systems,1539-9087,true,,
Expressions maghrébines,1540-0085,true,,
"Chinese journal of international law (Boulder, Colo.)",1540-1650,true,,
Behavioral sleep medicine,1540-2002,true,,
"Dao (Binghamton, N.Y.)",1540-3009,true,,
Metabolic syndrome and related disorders,1540-4196,true,,
Emerging markets finance & trade,1540-496X,true,,
Integrative and comparative biology,1540-7063,true,,
Journal of the Society of Christian Ethics,1540-7942,true,,
IEEE security & privacy,1540-7993,true,,
Frontiers in ecology and the environment (Print),1540-9295,true,,
Journal of web engineering,1540-9589,true,,
The review of policy research,1541-132X,true,,
IEEE intelligent systems,1541-1672,true,,
Youth violence and juvenile justice,1541-2040,true,,
"COPD (Monticello (Sullivan County, N.Y.))",1541-2555,true,,
Comprehensive reviews in food science and food safety,1541-4337,true,,
Neurocritical care,1541-6933,true,,
Molecular cancer research,1541-7786,true,,
Cell communication & adhesion,1541-9061,true,,
Eye & contact lens,1542-2321,true,,
Clinical gastroenterology and hepatology,1542-3565,true,,
Journal of the European Economic Association,1542-4766,true,,
The journal of behavioral finance,1542-7560,true,,
Journal of physical activity & health,1543-3080,true,,
Cognitive and behavioral neurology,1543-3633,true,,
Language assessment quarterly,1543-4303,true,,
Learning & behavior,1543-4494,true,,
Annual review of environment and resources,1543-5938,true,,
Molecular pharmaceutics (Print),1543-8384,true,,
Research in sports medicine (Print),1543-8627,true,,
Annals of family medicine,1544-1709,true,,
Current osteoporosis reports,1544-1873,true,,
ACM transactions on applied perception (Print),1544-3558,true,,
Journal of investigative psychology and offender profiling (Print),1544-4759,true,,
Finance research letters (Print),1544-6123,true,,
"Population, space and place",1544-8444,true,,
PLoS biology,1544-9173,true,,
Worldviews on evidence-based nursing (Print),1545-102X,true,,
Preventing chronic disease,1545-1151,true,,
Pediatric blood & cancer,1545-5009,true,,
IEEE/ACM transactions on computational biology and bioinformatics (Print),1545-5963,true,,
IEEE transactions on dependable and secure computing,1545-5971,true,,
IEEE geoscience and remote sensing letters (Print),1545-598X,true,,
Decision analysis,1545-8490,true,,
Pediatric rheumatology online journal,1546-0096,true,,
Stem cells and development,1547-3287,true,,
Heart rhythm,1547-5271,true,,
Language learning and development,1547-5441,true,,
Journal of neurosurgery. Spine,1547-5654,true,,
Journal of industrial and management optimization,1547-5816,true,,
"Forensic science, medicine and pathology",1547-769X,true,,
Journal of leadership & organizational studies,1548-0518,true,,
GIScience and remote sensing,1548-1603,true,,
Advances in chronic kidney disease (Print),1548-5595,true,,
Annual review of clinical psychology,1548-5943,true,,
Nature methods,1548-7091,true,,
Journal of statistical software,1548-7660,true,,
PLoS medicine,1549-1277,true,,
Journal of biomedical materials research. Part A,1549-3296,true,,
"IEEE transactions on circuits and systems. II, Express briefs",1549-7747,true,,
Journal of patient safety,1549-8417,true,,
Journal of chemical information and modeling,1549-9596,true,,
Journal of chemical theory and computation,1549-9618,true,,
Leukos,1550-2724,true,,
Journal of the International Society of Sports Nutrition,1550-2783,true,,
Cell metabolism,1550-4131,true,,
Journal of biomedical nanotechnology (Print),1550-7033,true,,
Surgery for obesity and related diseases,1550-7289,true,,
The AAPS journal,1550-7416,true,,
Rangeland ecology & management,1550-7424,true,,
Journal of clinical sleep medicine,1550-9389,true,,
"North Korean review (Jefferson, N.C.)",1551-2789,true,,
IEEE transactions on industrial informatics,1551-3203,true,,
Integrated environmental assessment and management,1551-3777,true,,
ARKIVOC (Print),1551-7004,true,,
Contemporary clinical trials,1551-7144,true,,
Research in social & administrative pharmacy,1551-7411,true,,
IEEE transactions on robotics,1552-3098,true,,
Nature chemical biology,1552-4450,true,,
American journal of medical genetics. Part A,1552-4825,true,,
"American journal of medical genetics. Part B, Neuropsychiatric genetics",1552-4841,true,,
"American journal of medical genetics. Part C, Seminars in medical genetics",1552-4868,true,,
Cytometry. Part A,1552-4922,true,,
"Journal of experimental zoology. Part B, Molecular and developmental evolution",1552-5007,true,,
Alzheimer's & dementia,1552-5260,true,,
Journal of Middle East women's studies,1552-5864,true,,
"Food, culture, & society",1552-8014,true,,
International journal of transgenderism (Print),1553-2739,true,,
Surgical innovation,1553-3506,true,,
Social influence (Print),1553-4510,true,,
Journal of minimally invasive gynecology,1553-4650,true,,
PLoS computational biology,1553-734X,true,,
PLOS pathogens,1553-7366,true,,
PLOS genetics,1553-7390,true,,
Behavior research methods,1554-351X,true,,
"Journal of women, politics & policy",1554-477X,true,,
International entrepreneurship and management journal,1554-7191,true,,
Autophagy,1554-8627,true,,
Journal of public child welfare,1554-8732,true,,
ACS chemical biology,1554-8929,true,,
International journal of sports physiology and performance,1555-0265,true,,
Games and culture,1555-4120,true,,
Contrast media & molecular imaging,1555-4309,true,,
Genes & nutrition,1555-8932,true,,
Clinical journal of the American Society of Nephrology,1555-9041,true,,
Journal of thoracic oncology,1556-0864,true,,
Metacognition and learning,1556-1623,true,,
Journal of immigrant & refugee studies,1556-2948,true,,
"Clinical toxicology (Philadelphia, Pa. Print)",1556-3650,true,,
ACM journal on computing and cultural heritage (Print),1556-4673,true,,
Victims & offenders,1556-4886,true,,
IEEE transactions on information forensics and security,1556-6013,true,,
IEEE computational intelligence magazine,1556-603X,true,,
International journal of sustainable transportation,1556-8318,true,,
"Magic, ritual, and witchcraft",1556-8547,true,,
Progress in community health partnerships,1557-0541,true,,
Journal of neurologic physical therapy (Print),1557-0576,true,,
Food biophysics,1557-1858,true,,
International journal of mental health and addiction,1557-1874,true,,
Journal of immigrant and minority health,1557-1912,true,,
Journal of maritime archaeology,1557-2285,true,,
Journal of the American Board of Family Medicine,1557-2625,true,,
Journal of exotic pet medicine,1557-5063,true,,
International journal of architectural heritage,1558-3058,true,,
Nature + culture,1558-6073,true,,
Journal of mixed methods research,1558-6898,true,,
Clinical genitourinary cancer,1558-7673,true,,
Journal of veterinary behavior,1558-7878,true,,
Journal of applied meteorology and climatology,1558-8424,true,,
The Academy of Management perspectives,1558-9080,true,,
Journal of exposure science & environmental epidemiology,1559-0631,true,,
Epigenetics,1559-2294,true,,
Simulation in healthcare,1559-2332,true,,
The review of international organizations,1559-7431,true,,
Natural hazards and earth system sciences (Print),1561-8633,true,,
The world journal of biological psychiatry,1562-2975,true,,
Partial answers,1565-3668,true,,
Pediatric endocrinology review,1565-4753,true,,
Emerging markets review,1566-0141,true,,
Conservation genetics (Print),1566-0621,true,,
Autonomic neuroscience (Print),1566-0702,true,,
Networks and spatial economics,1566-113X,true,,
Organic electronics (Print),1566-1199,true,,
Information fusion (Print),1566-2535,true,,
Journal of housing and the built environment (Print),1566-4910,true,,
Journal of historical pragmatics (Print),1566-5852,true,,
Catalysis communications (Print),1566-7367,true,,
European business organization law review,1566-7529,true,,
FEMS yeast research,1567-1356,true,,
Current Alzheimer research (Print),1567-2050,true,,
Journal of molecular histology (Print),1567-2379,true,,
Electronic commerce research and applications,1567-4223,true,,
Bioelectrochemistry (Amsterdam),1567-5394,true,,
Journal of pharmacokinetics and pharmacodynamics (Print),1567-567X,true,,
European journal of transport and infrastructure research (Print),1567-7133,true,,
International environmental agreements (Print),1567-9764,true,,
Gesture (Amsterdam. Print),1568-1475,true,,
Ageing research reviews (Print),1568-1637,true,,
International journal of integrated care,1568-4156,true,,
Language policy (Journal. Print),1568-4555,true,,
Asian journal of social science (Print),1568-4849,true,,
Applied soft computing (Print),1568-4946,true,,
Netherlands heart journal (Print),1568-5888,true,,
Phenomenology and the cognitive sciences (Print),1568-7759,true,,
DNA repair (Print),1568-7864,true,,
Autoimmunity reviews,1568-9972,true,,
Reviews in environmental science and bio-technology,1569-1705,true,,
The journal of economic inequality (Print),1569-1721,true,,
Simulation modelling practice and theory (Print),1569-190X,true,,
Journal of cystic fibrosis (Print),1569-1993,true,,
Journal of language and politics (Print),1569-2159,true,,
Near surface geophysics (Print),1569-4445,true,,
Advances in life course research (Print),1569-4909,true,,
Review of economics of the household (Print),1569-5239,true,,
The international journal of cardiovascular imaging,1569-5794,true,,
International journal of applied earth observation and geoinformation,1569-8432,true,,
Respiratory physiology & neurobiology,1569-9048,true,,
European urology. Supplement,1569-9056,true,,
Interactive cardiovascular and thoracic surgery (Print),1569-9293,true,,
Journal of chromatography. B (Print),1570-0232,true,,
Quantum information processing (Print),1570-0755,true,,
Semantic web (Print),1570-0844,true,,
Applied ontology,1570-5838,true,,
Energy efficiency (Print),1570-646X,true,,
Economics and human biology,1570-677X,true,,
Quantitative marketing and economics (Print),1570-7156,true,,
Journal of web semantics,1570-8268,true,,
International journal of science and mathematical education,1571-0068,true,,
Physics of life reviews (Print),1571-0645,true,,
Spanish in context (Print),1571-0718,true,,
CoDesign (Print),1571-0882,true,,
Interaction studies (Print),1572-0373,true,,
Journal of financial stability,1572-3089,true,,
Review of finance,1572-3097,true,,
Statistical methodology,1572-3127,true,,
Contemporary pragmatism (Print),1572-3429,true,,
Urban Water Journal,1573-062X,true,,
Structure and infrastructure engineering,1573-2479,true,,
International journal of peptide research and therapeutics (Print),1573-3149,true,,
Journal of experimental criminology (Print),1573-3750,true,,
Current nanoscience (Print),1573-4137,true,,
Optical switching and networking (Print),1573-4277,true,,
Economic change and restructuring (Print),1573-9414,true,,
European constitutional law review (Print),1574-0196,true,,
Language resources and evaluation (Print),1574-020X,true,,
Ecological informatics (Print),1574-9541,true,,
Círculo de lingüística aplicada a la comunicación = Cercle de linguistique appliqée á la comunication,1576-4737,true,,
Revista de psicología del trabajo y de las organizaciones (1999) = Journal of work and organizational psychology,1576-5962,true,,
Revista internacional de medicina y ciencias de la actividad física y del deporte = International journal of medicine and science of physical activity and sport,1577-0354,true,,
Lex localis,1581-5374,true,,
Journal of Cellular and Molecular Medicine (Print),1582-1838,true,,
Revista română de ştiinţe politice (Print),1582-456X,true,,
Studia Phaenomenologica (Print),1582-5647,true,,
Romanian Journal of Economic Forecasting (Print),1582-6163,true,,
Amfiteatru economic (Print),1582-9146,true,,
Verbum (Piliscsaba),1585-079X,true,,
Across languages and cultures (Print),1585-1923,true,,
Applied ecology and environmental research (Print),1589-1623,true,,
Neurological sciences (Print),1590-1874,true,,
Nexus Network Journal (Print),1590-5896,true,,
European journal of paediatric dentistry (Print),1591-996X,true,,
Heroin addiction and related clinical problems (Print),1592-1638,true,,
RM Rivista,1593-2214,true,,
Italian Journal of Animal Science (Print),1594-4077,true,,
Journal of information display,1598-0316,true,,
Asia Pacific Education Review,1598-1037,true,,
International Journal of Steel Structures,1598-2351,true,,
Dental traumatology (Print),1600-4469,true,,
American journal of transplantation (Print),1600-6135,true,,
"Genes, brain and behavior (Print)",1601-1848,true,,
International journal of dental hygiene (Print),1601-5029,true,,
Reviews on advanced materials science (Print),1606-5131,true,,
Addiction research and theory,1606-6359,true,,
Language and linguistics (Taipei) = Language and linguistics,1606-822X,true,,
Water supply (London .Print),1606-9749,true,,
Southern African linguistics and applied language studies (Print),1607-3614,true,,
Asia-Pacific journal of accounting & economics,1608-1625,true,,
African journal of AIDS research,1608-5906,true,,
Southern African journal of HIV medicine,1608-9693,true,,
Journal of medical and biological engineering = JMBE,1609-0985,true,,
International journal of qualitative methods,1609-4069,true,,
Iran & the Caucasus = Iran and the Caucasus,1609-8498,true,,
Journal der Deutschen Dermatologischen Gesellschaft (Print) = Journal of the German Society of Dermatology,1610-0379,true,,
Acta acustica united with Acustica (Print),1610-1928,true,,
CESifo economic studies (Print),1610-241X,true,,
Review of world economics (2003. Print) = Weltwirtschaftliches Archiv (2003. Print),1610-2878,true,,
Asia Europe journal (Print),1610-2932,true,,
Paddy and water environment (Print),1611-2490,true,,
Journal of modern European history = Revue d'histoire européenne contemporaine,1611-8944,true,,
Journal of African archaeology,1612-1651,true,,
International journal of sport and exercise psychology (Print),1612-197X,true,,
Intercultural pragmatics (Print),1612-295X,true,,
European journal of forest research (Print),1612-4669,true,,
Journal of pest science (2004. Print),1612-4758,true,,
Cognitive processing (Print),1612-4782,true,,
Landslides (Berlin. Print),1612-510X,true,,
Journal of politeness research (Print),1612-5681,true,,
Ecohealth (New York. Print),1612-9202,true,,
Molecular nutrition & food research (Print),1613-4125,true,,
Small (Weinheim. Print),1613-6810,true,,
Corpus linguistics and linguistic theory (Print),1613-7027,true,,
European journal of ageing (Print),1613-9372,true,,
Journal of individual differences,1614-0001,true,,
Methodology (Göttingen. Print),1614-1881,true,,
Tree genetics & genomes (Print),1614-2942,true,,
Structural and multidisciplinary optimization (Print),1615-147X,true,,
Advanced synthesis & catalysis (Print),1615-4150,true,,
Universal access in the information society (Print),1615-5289,true,,
ÖZP. Österreichische Zeitschrift für Politikwissenschaft,1615-5548,true,,
Journal of separation science (Print),1615-9306,true,,
Proteomics (Weinheim. Print),1615-9853,true,,
Advanced functional materials (Print),1616-301X,true,,
Mammalian biology (Print) = Zeitschrift für Säugetierkunde (2001),1616-5047,true,,
Macromolecular bioscience (Print),1616-5187,true,,
Journal for nature conservation (Print),1617-1381,true,,
Personal and ubiquitous computing (Print),1617-4909,true,,
Biomechanics and modeling in mechanobiology (Print),1617-7959,true,,
Computational methods and function theory,1617-9447,true,,
Tobacco induced diseases (Online),1617-9625,true,,
Information systems and e-business management (Print),1617-9846,true,,
Statistical methods & applications,1618-2510,true,,
Analytical & bioanalytical chemistry (Print),1618-2642,true,,
Experimental psychology (Göttingen),1618-3169,true,,
European sport management quarterly,1618-4742,true,,
The European journal of health economics (Print),1618-7598,true,,
Urban forestry & urban greening (Print),1618-8667,true,,
Clean technologies and environmental policy (Print),1618-954X,true,,
Neobiota (Berlin. Print),1619-0033,true,,
Software and systems modeling (Print),1619-1366,true,,
4OR (Berlin),1619-4500,true,,
European journal of nuclear medicine and molecular imaging (Print),1619-7070,true,,
Diasporas (Toulouse),1637-5823,true,,
Geostandards and geoanalytical research,1639-4488,true,,
Journal of Human Kinetics = Antropomotoryka,1640-5544,true,,
Archives of Budo,1643-8698,true,,
Archives of Civil and Mechanical Engineering,1644-9665,true,,
Revstat statistical journal,1645-6726,true,,
Transport (Vilnius. Spausdinta),1648-4142,true,,
Transformations in business & economics (Spausdinta),1648-4460,true,,
Journal of rehabilitation medicine (Print),1650-1977,true,,
Cognitive behaviour therapy (Stockholm),1650-6073,true,,
Ethics & global politics,1654-4951,true,,
Food & nutrition research. Supplement,1654-6628,true,,
Global health action. Supplement,1654-9716,true,,
Kritika kultura (Online),1656-152X,true,,
Universitas Psychologica,1657-9267,true,,
Marine drugs,1660-3397,true,,
Tourism review (St. Gallen) = Zeitschrift für Tourismus,1660-5373,true,,
Skin pharmacology and physiology (Print),1660-5527,true,,
The Nephron journals,1660-8151,true,,
"Zeitschrift für Psychiatrie, Psychologie und Psychotherapie",1661-4747,true,,
International journal of molecular sciences (Print),1661-6596,true,,
"Neonatology (Basel, Print)",1661-7800,true,,
International journal of environmental research and public health (Print),1661-7827,true,,
Complex analysis and operator theory (Print),1661-8254,true,,
Logica universalis (Print),1661-8297,true,,
International journal of public health (Print),1661-8556,true,,
Molecular syndromology (Online),1661-8777,true,,
Obesity facts (Print),1662-4025,true,,
Public health genomics (Print),1662-4246,true,,
Frontiers in neuroscience (Print),1662-4548,true,,
Frontiers in molecular neuroscience,1662-5099,true,,
Frontiers in cellular neuroscience,1662-5102,true,,
Frontiers in neural circuits,1662-5110,true,,
Frontiers in neuroanatomy,1662-5129,true,,
Frontiers in systems neuroscience,1662-5137,true,,
Frontiers in integrative neuroscience,1662-5145,true,,
Frontiers in behavioral neuroscience,1662-5153,true,,
Frontiers in human neuroscience,1662-5161,true,,
Frontiers in computational neuroscience,1662-5188,true,,
Frontiers in neuroinformatics,1662-5196,true,,
Frontiers in neurorobotics,1662-5218,true,,
Hormone research in paediatrics (Print),1663-2818,true,,
Frontiers in aging neuroscience,1663-4365,true,,
Frontiers in pharmacology,1663-9812,true,,
Frontiers in physiology,1664-042X,true,,
Frontiers in psychiatry,1664-0640,true,,
Frontiers in psychology,1664-1078,true,,
Frontiers in neurology,1664-2295,true,,
Frontiers in endocrinology (Lausanne),1664-2392,true,,
Frontiers in microbiology,1664-302X,true,,
Frontiers in immunology,1664-3224,true,,
Cardiorenal medicine (Print),1664-3828,true,,
Frontiers in plant science,1664-462X,true,,
Frontiers in genetics,1664-8021,true,,
Annals of hepatology (Print),1665-2681,true,,
Revista mexicana de ingeniería química (Impresa),1665-2738,true,,
Salud(i)ciencia (Impresa),1667-8982,true,,
China & world economy = Zhongguo yu shijie jingji,1671-2234,true,,
Journal of Mountain Science,1672-6316,true,,
Cellular & Molecular Immunology,1672-7681,true,,
Journal of Zhejiang University. Science B (Print),1673-1581,true,,
Neural Regeneration Research = Zhongguo shenjing zaisheng yanjiu : Yingwen ban,1673-5374,true,,
Neuroscience Bulletin = Shenjing kexue tongbao,1673-7067,true,,
International Journal of Oral Science,1674-2818,true,,
Current Zoology,1674-5507,true,,
Journal of Arid Land = Ganhanqu kexue,1674-6767,true,,
Advances in Climate Change Research = Qihou bianhua yanjiu jinzhan (Yingwen ban),1674-9278,true,,
Journal of Animal Science and Biotechnology = Xumu yu shengwu jishu zazhi,1674-9782,true,,
Geoscience frontiers,1674-9871,true,,
European political science (Print),1680-4333,true,,
African health sciences (Print),1680-6905,true,,
Atmospheric chemistry and physics (Print),1680-7316,true,,
Education as change = Onderwys as verandering,1682-3206,true,,
The international Arab journal of information technology,1683-3198,true,,
Lexikos,1684-4904,true,,
"EURASIP Journal on Audio, Speech and Music Processing (Print)",1687-4714,true,,
Computational intelligence and neuroscience (Print),1687-5265,true,,
Journal of sensors (Print),1687-725X,true,,
International journal of endocrinology (Print),1687-8337,true,,
Journal of oncology (Print),1687-8450,true,,
Advances in meteorology (Print),1687-9309,true,,
Stem cells international (Print),1687-966X,true,,
European Journal for Philosophy of Religion,1689-8311,true,,
Antropólogos Iberoamericanos en Red (Ed. Impresa) = AIBR,1695-9752,true,,
Sort (Barcelona),1696-2281,true,,
Vigo international journal of applied linguistics,1697-0381,true,,
International journal of clinical and health psychology (2004),1697-2600,true,,
Porta linguarum,1697-7467,true,,
Clinical & translational oncology (Print),1699-048X,true,,
Canadian journal of criminology and criminal justice = Revue canadienne de criminologie a [sic.] justice pénale,1707-7753,true,,
Ecology and society,1708-3087,true,,
"Allergy, asthma, and clinical immunology",1710-1484,true,,
Island studies journal,1715-2593,true,,
"Applied physiology, nutrition and metabolism = Physiologie appliquée, nutrition et métabolisme",1715-5312,true,,
Blood transfusion (Milano. Print),1723-2007,true,,
World Psychiatry,1723-8617,true,,
Biogeosciences (Print),1726-4170,true,,
International journal of simulation modelling,1726-4529,true,,
Journal of exercise science and fitness,1728-869X,true,,
Sahara J (Print),1729-0376,true,,
International journal of advanced robotic systems (Print),1729-8806,true,,
Hereditary Cancer in Clinical Practice,1731-2302,true,,
Poznań Studies in Contemporary Linguistics,1732-0747,true,,
Archives of Medical Science,1734-1922,true,,
International journal of environmental research (Print),1735-6865,true,,
Smart Structures and Systems (Print),1738-1584,true,,
Journal of global history (Print),1740-0228,true,,
New review of film and television studies (Print),1740-0309,true,,
Body image,1740-1445,true,,
Journal of empirical legal studies (Print),1740-1453,true,,
Journal of Anglican studies,1740-3553,true,,
The journal of specialised translation,1740-357X,true,,
Journal of moral philosophy,1740-4681,true,,
European management review,1740-4754,true,,
Cancer imaging (Print),1740-5025,true,,
European journal of developmental psychology,1740-5629,true,,
Critical discourse studies (Print),1740-5904,true,,
Home cultures,1740-6315,true,,
Clinical trials (London. Print),1740-7745,true,,
Maternal and child nutrition (Print),1740-8695,true,,
Management and organization review (Print),1740-8776,true,,
Physical education and sport pedagogy (Print),1740-8989,true,,
Contemporary French and francophone studies (Print),1740-9292,true,,
Journal of manufacturing technology management,1741-038X,true,,
Journal of enterprise information management,1741-0398,true,,
Personalized medicine (Print),1741-0541,true,,
Journal of policy and practice in intellectual disabilities (Print),1741-1122,true,,
Educational management administration & leadership (Print),1741-1432,true,,
Ethnomusicology forum (Print),1741-1912,true,,
Journal of neural engineering (Print),1741-2560,true,,
Journal of public health (Print),1741-3842,true,,
Literature compass,1741-4113,true,,
Literacy (Oxford. Print),1741-4350,true,,
"Crime, media, culture (Print)",1741-6590,true,,
BMC biology,1741-7007,true,,
BMC medicine,1741-7015,true,,
Spatial economic analysis (Print),1742-1772,true,,
Journal of neuroinflammation,1742-2094,true,,
Episteme (Edinburgh),1742-3600,true,,
Chronic illness (Print),1742-3953,true,,
The FEBS journal (Print),1742-464X,true,,
Retrovirology,1742-4690,true,,
Reproductive health,1742-4755,true,,
International wound journal (Print),1742-4801,true,,
Immunity & ageing,1742-4933,true,,
Expert opinion on drug delivery (Print),1742-5247,true,,
Expert opinion on drug metabolism & toxicology (Print),1742-5255,true,,
Journal of statistical mechanics,1742-5468,true,,
Journal of the Royal Society interface (Print),1742-5689,true,,
AIDS research and therapy,1742-6405,true,,
Acta biomaterialia,1742-7061,true,,
Leadership (London. Print),1742-7150,true,,
International journal of tropical insect science (Print),1742-7584,true,,
Basic & clinical pharmacology & toxicology (Print),1742-7835,true,,
Frontiers in zoology,1742-9994,true,,
Journal of neuroengineering and rehabilitation,1743-0003,true,,
Sport in society (Print),1743-0437,true,,
Archives of disease in childhood. Education and practice edition,1743-0585,true,,
Material religion,1743-2200,true,,
Virology journal,1743-422X,true,,
Expert review of medical devices (Print),1743-4440,true,,
Journal of British cinema and television,1743-4521,true,,
Nanotoxicology (Print),1743-5390,true,,
Nanomedicine (London. Print),1743-5889,true,,
The journal of sexual medicine (Print),1743-6095,true,,
Nutrition & metabolism,1743-7075,true,,
Health psychology review,1743-7199,true,,
Asia-Pacific journal of clinical oncology,1743-7555,true,,
Foreign policy analysis (Print),1743-8586,true,,
Particle and fibre toxicology,1743-8977,true,,
International journal of surgery (Print),1743-9191,true,,
Politics & gender (Print),1743-923X,true,,
Journal of the Energy Institute (Print),1743-9671,true,,
The journal of positive psychology (Print),1743-9760,true,,
"Learning, media and technology (Print)",1743-9884,true,,
"Health economics, policy and law (Print)",1744-1331,true,,
Journal of institutional economics (Print),1744-1374,true,,
International journal of evidence-based healthcare (Print),1744-1595,true,,
Global public health (Print),1744-1692,true,,
Comparative critical studies,1744-1854,true,,
Journal of building physics (Print),1744-2591,true,,
Evidence & policy (Print),1744-2648,true,,
Complementary therapies in clinical practice,1744-3881,true,,
International journal of law in context (Print),1744-5523,true,,
Journal of maps,1744-5647,true,,
Journal of intellectual disabilities (Print),1744-6295,true,,
Journal of competition law & economics (Print),1744-6414,true,,
The journal of credit risk,1744-6619,true,,
Soft matter (Print),1744-683X,true,,
Annals of general psychiatry,1744-859X,true,,
Globalization and health,1744-8603,true,,
Behavioral and brain functions,1744-9081,true,,
Biology letters (Print),1744-9561,true,,
Journal of postcolonial writing (Print),1744-9855,true,,
Mobilities (Print),1745-0101,true,,
Shakespeare (Abingdon. Print),1745-0918,true,,
Architectural engineering and design management,1745-2007,true,,
Nature physics (Print),1745-2473,true,,
Geographical research (Print),1745-5863,true,,
Trials,1745-6215,true,,
Journal of occupational medicine and toxicology (London. Online),1745-6673,true,,
Perspectives on psychological science (Print),1745-6916,true,,
"Journal of elections, public opinion and parties (Print)",1745-7289,true,,
International journal of injury control and safety promotion (Print),1745-7300,true,,
Biosocieties (Print),1745-8552,true,,
The senses and society (Print),1745-8927,true,,
Early popular visual culture (Print),1746-0654,true,,
International journal of osteopathic medicine (Print),1746-0689,true,,
European journal of sport science (Print),1746-1391,true,,
Journal of ethnobiology and ethnomedicine,1746-4269,true,,
International breastfeeding journal - Electronic Edition -,1746-4358,true,,
Plant methods,1746-4811,true,,
Baltic journal of management (Print),1746-5265,true,,
BMC veterinary research,1746-6148,true,,
Biomedical signal processing and control (Print),1746-8094,true,,
International journal of emerging markets (Print),1746-8809,true,,
The quarterly journal of experimental psychology (2006. Print),1747-0218,true,,
Congenital heart disease (Print),1747-079X,true,,
Social neuroscience (Print),1747-0919,true,,
Journal of land use science (Print),1747-423X,true,,
International journal of stroke (Print),1747-4930,true,,
"Philosophy, ethics, and humanities in medicine",1747-5341,true,,
"Substance abuse treatment, prevention, and policy",1747-597X,true,,
Gender and language (Print),1747-6321,true,,
Expert review of respiratory medicine (Print),1747-6348,true,,
Complex variables and elliptic equations (Print),1747-6933,true,,
Journal of simulation (Print),1747-7778,true,,
Environmental hazards (Amsterdam),1747-7891,true,,
Educational research review (Print),1747-938X,true,,
International journal of sports science & coaching,1747-9541,true,,
Philosophy compass,1747-9991,true,,
Nano today,1748-0132,true,,
The international communication gazette (Print),1748-0485,true,,
Acta physiologica (Print),1748-1708,true,,
International journal of qualitative studies on health and well-being (Print),1748-2623,true,,
Journal of children and media (Print),1748-2798,true,,
Disability and rehabilitation. Assistive technology (Print),1748-3107,true,,
Bioinspiration & biomimetics (Print),1748-3182,true,,
Nature nanotechnology (Print),1748-3387,true,,
International journal of older people nursing (Print),1748-3735,true,,
Implementation science,1748-5908,true,,
Regulation & governance (Print),1748-5983,true,,
Biomedical materials (Bristol. Print),1748-6041,true,,
Journal of neuropsychology (Print),1748-6645,true,,
Computational and mathematical methods in medicine (Print),1748-670X,true,,
"Journal of plastic, reconstructive & aesthetic surgery",1748-6815,true,,
Radiation oncology (Online),1748-717X,true,,
Journal of economic policy reform (Print),1748-7870,true,,
Criminology & criminal justice (Print),1748-8958,true,,
Nature photonics (Print),1749-4885,true,,
Social cognitive and affective neuroscience (Print),1749-5016,true,,
International political sociology (Print),1749-5679,true,,
Critical studies in television,1749-6020,true,,
Education for chemical engineers,1749-7728,true,,
Journal of cardiothoracic surgery,1749-8090,true,,
Geography compass,1749-8198,true,,
Cultural sociology,1749-9755,true,,
Orphanet journal of rare diseases,1750-1172,true,,
Innovation in language learning and teaching (Print),1750-1229,true,,
Molecular neurodegeneration,1750-1326,true,,
Epigenomics (Print),1750-1911,true,,
Influenza and other respiratory viruses (Print),1750-2640,true,,
The Cambridge classical journal,1750-2705,true,,
Journal of intervention and statebuilding,1750-2977,true,,
The interpreter and translator trainer,1750-399X,true,,
Negotiation and conflict management research (Print),1750-4708,true,,
Discourse & communication (Print),1750-4813,true,,
International journal of greenhouse gas control (Print),1750-5836,true,,
Review of environmental economics and policy (Print),1750-6816,true,,
Memory studies (Print),1750-6980,true,,
Critical studies in education,1750-8487,true,,
Child development perspectives,1750-8592,true,,
The Chinese journal of international politics (Print),1750-8916,true,,
Infectious agents and cancer,1750-9378,true,,
Research in autism spectrum disorders (Print),1750-9467,true,,
International review of sport and exercise psychology,1750-984X,true,,
Biopsychosocial medicine,1751-0759,true,,
Journal of informetrics (Print),1751-1577,true,,
"Mind, brain, and education (Print)",1751-2271,true,,
Social issues and policy review (Print),1751-2395,true,,
Journalism practice (Print),1751-2786,true,,
Journal of digestive diseases (Print),1751-2972,true,,
Current opinion in supportive and palliative care (Print),1751-4258,true,,
Photography & culture (Print),1751-4517,true,,
European journal of industrial engineering (Print),1751-5254,true,,
International journal of laboratory hematology (Print),1751-5521,true,,
Journal of the mechanical behavior of biomedical materials (Print),1751-6161,true,,
Journal of Asian public policy,1751-6234,true,,
European journal of international management (Print),1751-6757,true,,
Time and mind (Print),1751-696X,true,,
Animal (Cambridge. Print),1751-7311,true,,
The ISME journal (Print),1751-7362,true,,
Enterprise information systems (Print),1751-7575,true,,
Early intervention in psychiatry (Print),1751-7885,true,,
Microbial Biotechnology,1751-7907,true,,
"Journal of physics. A, Mathematical and theoretical (Print)",1751-8113,true,,
Developmental neurorehabilitation,1751-8423,true,,
IET control theory & applications (Print),1751-8644,true,,
IET electric power applications (Print),1751-8660,true,,
Social and personality psychology compass,1751-9004,true,,
Sociology compass,1751-9020,true,,
IET intelligent transport systems (Print),1751-956X,true,,
Primary care diabetes (Print),1751-9918,true,,
Biomarkers in medicine (Print),1752-0363,true,,
BMC systems biology,1752-0509,true,,
Nature geoscience (Print),1752-0894,true,,
"Cambridge journal of regions, economy and society (Print)",1752-1378,true,,
Conflict and health,1752-1505,true,,
Psychosis (Abingdon),1752-2439,true,,
Environmental communication,1752-4032,true,,
International journal of mental health systems,1752-4458,true,,
Policing (Oxford. Print),1752-4512,true,,
Evolutionary applications,1752-4571,true,,
International journal of community music (Print),1752-6299,true,,
The clinical respiratory journal (Print),1752-6981,true,,
International journal of transitional justice (Print),1752-7716,true,,
Clinical and translational science (Print),1752-8054,true,,
Journal of forensic and legal medicine,1752-928X,true,,
International theory (Print),1752-9719,true,,
Journal of cultural economy,1753-0350,true,,
NDT plus (Print),1753-0784,true,,
Journal of Eastern African studies (Print),1753-1055,true,,
Journal of hand surgery. European volume,1753-1934,true,,
Child and adolescent psychiatry and mental health,1753-2000,true,,
Arts & health (Print),1753-3015,true,,
Journal of flood risk management,1753-318X,true,,
Therapeutic advances in respiratory disease (Print),1753-4658,true,,
Urban research & practice,1753-5069,true,,
Informatics for health & social care (Print),1753-8157,true,,
International journal of managing projects in business (Print),1753-8378,true,,
International journal of humanities and arts computing (Print),1753-8548,true,,
International journal of digital earth (Print),1753-8947,true,,
"Communication, culture & critique (Print)",1753-9129,true,,
Journal for eighteenth-century studies (Print),1754-0194,true,,
Emotion review (Print),1754-0739,true,,
Contemporary women's writing (Print),1754-1476,true,,
Nature protocols (Print),1754-2189,true,,
Gender in management (Print),1754-2413,true,,
"Proceedings of the Institution of Mechanical Engineers. Part P, Journal of sports engineering and technology (Print)",1754-3371,true,,
Chinese journal of communication (Print),1754-4750,true,,
Energy & environmental science (Print),1754-5692,true,,
Biotechnology for biofuels,1754-6834,true,,
Design and culture (Print),1754-7075,true,,
Disease models & mechanisms (Print),1754-8403,true,,
Industrial and organizational psychology (Print),1754-9426,true,,
International journal of speech-language pathology (Print),1754-9507,true,,
Journal of world energy law and business (Print),1754-9957,true,,
Public health ethics (Print),1754-9973,true,,
The review of symbolic logic (Print),1755-0203,true,,
Politics and religion (Print),1755-0483,true,,
Adaptation (Oxford. Print),1755-0637,true,,
Pigment cell & melanoma research (Print),1755-1471,true,,
Conservation letters,1755-263X,true,,
Mental health and physical activity (Print),1755-2966,true,,
Acta ophthalmologica (2008. Print),1755-375X,true,,
Epidemics (Print),1755-4365,true,,
"Emotion, space and society (Print)",1755-4586,true,,
Journal of choice modelling,1755-5345,true,,
CIRP journal of manufacturing science and technology (Print),1755-5817,true,,
International emergency nursing (Print),1755-599X,true,,
International research in children's literature (Print),1755-6198,true,,
Journal of renal care (English ed. Print),1755-6678,true,,
European political science review (Print),1755-7739,true,,
BMC medical genomics,1755-8794,true,,
The journal (Institute of Telecommunications Professionals),1755-9278,true,,
"International journal of law, crime and justice (Print)",1756-0616,true,,
China agricultural economic review (Print),1756-137X,true,,
BMJ (Online),1756-1833,true,,
International journal of rheumatic diseases (Print),1756-1841,true,,
European journal of oral implantology (Print),1756-2406,true,,
Journal of family theory & review,1756-2570,true,,
Therapeutic advances in gastroenterology (Print),1756-283X,true,,
Therapeutic advances in neurological disorders (Print),1756-2856,true,,
Parasites & vectors,1756-3305,true,,
Journal of functional foods (Print),1756-4646,true,,
JOURNAL OF EVIDENCE BASED MEDICINE,1756-5383,true,,
Climate and development (Print),1756-5529,true,,
Scottish literary review,1756-5634,true,,
Metallomics (Print),1756-5901,true,,
International journal of shipping and transport logistics (Print),1756-6517,true,,
Molecular brain,1756-6606,true,,
The historic environment (Print),1756-7505,true,,
International journal of climate change strategies and management (Print),1756-8692,true,,
Journal of hematology & oncology,1756-8722,true,,
Topics in cognitive science (Print),1756-8757,true,,
Environmental policy and governance (Print),1756-932X,true,,
Genome medicine,1756-994X,true,,
Journal of foot and ankle research,1757-1146,true,,
Global change biology. Bioenergy,1757-1693,true,,
EMBO molecular medicine (Print),1757-4676,true,,
Gut pathogens,1757-4749,true,,
Journal of service management (Print),1757-5818,true,,
Bioanalysis (Print),1757-6180,true,,
Stem cell research & therapy,1757-6512,true,,
"Scandinavian journal of trauma, resuscitation and emergency medicine",1757-7241,true,,
Wiley interdisciplinary reviews. Climate change (Print),1757-7780,true,,
Perspectives in public health (Print),1757-9139,true,,
Longitudinal and life course studies,1757-9597,true,,
Global health promotion (Print),1757-9759,true,,
Journal of hospitality and tourism technology (Print),1757-9880,true,,
Database (Oxford),1758-0463,true,,
Applied psychology. Health and well-being (Print),1758-0846,true,,
International journal of global warming (Print),1758-2083,true,,
Journal of the International AIDS Society,1758-2652,true,,
Journal of cheminformatics,1758-2946,true,,
Global policy (Print),1758-5880,true,,
Nature climate change (Print),1758-678X,true,,
Therapeutic advances in medical oncology (Print),1758-8340,true,,
Cognitive neuroscience (Print),1758-8928,true,,
Alzheimer's research & therapy,1758-9193,true,,
International journal of microwave and wireless technologies (Print),1759-0787,true,,
Research synthesis methods (Print),1759-2879,true,,
Nature reviews. Neurology (Print),1759-4758,true,,
Nature reviews. Urology (Print),1759-4812,true,,
Nature reviews. Cardiology (Print),1759-5002,true,,
Nature reviews. Endocrinology (Print),1759-5029,true,,
Nature reviews. Gastroenterology & hepatology (Print),1759-5045,true,,
Nature reviews. Nephrology (Print),1759-5061,true,,
Classical receptions journal (Print),1759-5134,true,,
Genome biology and evolution,1759-6653,true,,
Journal of screenwriting (Print),1759-7137,true,,
Therapeutic advances in musculoskeletal disease (Print),1759-720X,true,,
Quantitative economics (Print),1759-7323,true,,
Language & history (Print),1759-7536,true,,
The journal of poverty and social justice (Print),1759-8273,true,,
Analytical methods (Print),1759-9660,true,,
Polymer chemistry (Print),1759-9954,true,,
Journal of veterinary cardiology,1760-2734,true,,
Culture & musées,1766-2923,true,,
European journal of medical genetics,1769-7212,true,,
Néphrologie & thérapeutique,1769-7255,true,,
EuroIntervention,1774-024X,true,,
Agronomy for sustainable development,1774-0746,true,,
Perspective (Paris. 2006),1777-7852,true,,
JBR-BTR (Bruxelles),1780-2393,true,,
B-ENT (Leuven),1781-782X,true,,
Constructivist Foundations (Online),1782-348X,true,,
Journal on Multimodal User Interfaces (Printed),1783-7677,true,,
Acta clinica belgica (English ed. Printed),1784-3286,true,,
Molecular Medicine Reports,1791-2997,true,,
Experimental and Therapeutic Medicine,1792-0981,true,,
Oncology Letters,1792-1074,true,,
Cyberpsychology (Brno),1802-7962,true,,
Revista Brasileira de Ensino de Física (Impresso),1806-1117,true,,
Jornal Brasileiro de Pneumologia (Impresso) = Brazilian Journal of Pulmonology,1806-3713,true,,
Clinics (São Paulo. Impresso),1807-5932,true,,
Elements (Quebec. Print),1811-5209,true,,
"Žurnal matematičeskoj fiziki, analiza, geometrii (Print) = Žurnal matematičnoï  fìziki, analìzu, geometrìï",1812-9471,true,,
European review on aging and physical activity,1813-7253,true,,
Climate of the past (Print),1814-9324,true,,
"Symmetry, integrability and geometry: methods and applications",1815-0659,true,,
International journal of central banking (Print),1815-4654,true,,
Advanced steel construction,1816-112X,true,,
International review of the Red Cross (2005),1816-3831,true,,
Asian journal of WTO & international health law and policy,1819-5164,true,,
Computer Science and Information Systems,1820-0214,true,,
NEUROLOGY ASIA,1823-6138,true,,
The Quarterly journal of nuclear medicine and molecular imaging (Print),1824-4785,true,,
Geospatial Health (Testo stampato),1827-1987,true,,
Journal of anthropological sciences (Print),1827-4765,true,,
Internal and emergency medicine (Testo stampato),1828-0447,true,,
EFSA journal,1831-4732,true,,
Twin research and human genetics,1832-4274,true,,
Journal of management & organization (Print),1833-3672,true,,
Animal production science (Print),1836-0939,true,,
Journal of physiotherapy (Print),1836-9553,true,,
"Journal of cancer (Wyoming, N.S.W.)",1837-9664,true,,
"Soil research (Collingwood, Vic. Print)",1838-675X,true,,
Theranostics,1838-7640,true,,
Revista română de medicină de laborator (Print) = Romanian Journal of Laboratory Medicine,1841-6624,true,,
Transylvanian Review of Administrative Sciences (Print),1842-2845,true,,
Hrvatski časopis za odgoj i obrazovanje (Tisak) = Croatian journal of education,1848-5189,true,,
Landscape and ecological engineering (Print),1860-1871,true,,
Logical methods in computer science,1860-5974,true,,
Biotechnology journal (Print),1860-6768,true,,
ChemMedChem (Print),1860-7179,true,,
Text & talk (Print),1860-7330,true,,
Journal of plant diseases and protection (2006. Print),1861-3829,true,,
Chemistry - an Asian journal (Print),1861-4728,true,,
International journal of computer assisted radiology and surgery (Print),1861-6410,true,,
Archives of osteoporosis (Print),1862-3522,true,,
Sustainability science (Print),1862-4065,true,,
Optimization letters (Print),1862-4472,true,,
Advances in data analysis and classification (Print),1862-5347,true,,
Journal of landscape architecture (München),1862-6033,true,,
"Physica status solidi. A, Applications and materials science (Print)",1862-6300,true,,
Macromolecular reaction engineering (Print),1862-832X,true,,
Service business (Berlin. Print),1862-8516,true,,
Mathematics and financial economics (Print),1862-9679,true,,
Clean (Weinheim. Print),1863-0650,true,,
Zoonoses and public health (Print),1863-1959,true,,
Journal of robotic surgery (Print),1863-2483,true,,
Cliometrica (Berlin. Print),1863-2505,true,,
Brain structure & function (Print),1863-2653,true,,
Review of managerial science (Print),1863-6683,true,,
Laser & photonics reviews (Print),1863-8880,true,,
ZDM (Berlin. Print),1863-9690,true,,
European journal of trauma and emergency surgery (Print),1863-9933,true,,
Journal of biophotonics (Print),1864-063X,true,,
Journal of media psychology (2008),1864-1105,true,,
International journal of conflict and violence,1864-1385,true,,
Survey research methods,1864-3361,true,,
ChemSusChem (Weinheim. Print),1864-5631,true,,
Economics. Journal articles,1864-6042,true,,
Zeitschrift für Orthopädie und Unfallchirurgie (Print),1864-6697,true,,
Social psychology (Göttingen),1864-9335,true,,
Transboundary and emerging diseases (Print),1865-1674,true,,
Deutsches Ärzteblatt international,1866-0452,true,,
Journal of neurodevelopmental disorders (Print),1866-1947,true,,
School mental health (Print),1866-2625,true,,
Earth system science data (Print),1866-3508,true,,
Journal of personnel psychology,1866-5888,true,,
Environmental earth sciences (Print),1866-6280,true,,
Trends in classics (Print),1866-7473,true,,
Arabian journal of geosciences (Print) = Maǧallaẗ al-’arabiyyaẗ li-l-’ulūm al-ǧiyūlūǧiyyaẗ,1866-7511,true,,
Archaeological and anthropological sciences (Print),1866-9557,true,,
Language and cognition (Berlin. Print),1866-9808,true,,
Food and environmental virology (Print),1867-0334,true,,
European transport research review (Print),1867-0717,true,,
Geoheritage (Berlin. Print),1867-2477,true,,
Mathematical programming computation (Print),1867-2949,true,,
ChemCatChem (Print),1867-3880,true,,
Journal of current Southeast Asian affairs (Print),1868-1034,true,,
Journal of ambient intelligence & humanized computing (Print),1868-5137,true,,
Alternatives to animal experimentation,1868-596X,true,,
Applied linguistics review (Print),1868-6303,true,,
Clinical epigenetics (Print),1868-7075,true,,
Journal of the knowledge economy (Print),1868-7865,true,,
Mindfulness (New York. Print),1868-8527,true,,
Sexuality research and social policy (Print),1868-9884,true,,
Applied clinical informatics,1869-0327,true,,
Clinical neuroradiology (2010. Print),1869-1439,true,,
Cardiovascular engineering and technology (Print),1869-408X,true,,
Insights into imaging,1869-4101,true,,
Series (Berlin. Springer. Print),1869-4187,true,,
Translational behavioral medicine (Print),1869-6716,true,,
Asian journal of criminology (Print),1871-0131,true,,
Quaternary geochronology (Print),1871-1014,true,,
Livestock science (Print),1871-1413,true,,
Thinking skills and creativity (Print),1871-1871,true,,
Applied research in quality of life (Print),1871-2584,true,,
Obesity research & clinical practice (Print),1871-403X,true,,
NanoEthics (Dordrecht. Print),1871-4757,true,,
Women and birth (Print),1871-5192,true,,
CNS & neurological disorders. Drug targets,1871-5273,true,,
New biotechnology (Print),1871-6784,true,,
Journal of the philosophy of history (Print),1872-261X,true,,
Forensic science international. Genetics (Print),1872-4973,true,,
International journal of the Platonic tradition (Print),1872-5082,true,,
International journal of public theology (Print),1872-5171,true,,
Anthropod-plant interactions (Print),1872-8855,true,,
Artery research (Print),1872-9312,true,,
International journal for educational and vocational guidance (Print),1873-0388,true,,
Stem cell research (Print),1873-5061,true,,
"Air quality, atmosphere & health (Print)",1873-9318,true,,
Journal of Crohn's and colitis (Print),1873-9946,true,,
Phytochemistry letters (Print),1874-3900,true,,
Journal of proteomics (Print),1874-3919,true,,
Applied spatial analysis and policy (Print),1874-463X,true,,
Neuroethics (Dordrecht. Print),1874-5490,true,,
Vocations and learning (Print),1874-785X,true,,
"Educational assessment, evaluation and accountability (Print)",1874-8597,true,,
Mathematical geosciences (Print),1874-8961,true,,
Child indicators research (Print),1874-897X,true,,
The international journal of the commons,1875-0281,true,,
World mycotoxin journal (Print),1875-0710,true,,
Biosemiotics (Print),1875-1342,true,,
International journal of social robotics (Print),1875-4791,true,,
Journal of men's health (Print),1875-6867,true,,
The International journal of computational intelligence systems (Print),1875-6891,true,,
Entertainment computing (Print),1875-9521,true,,
Aeolian research (Print),1875-9637,true,,
Journal of ambient intelligence and smart environments (Print),1876-1364,true,,
Asian journal of psychiatry (Print),1876-2018,true,,
Academic pediatrics (Print),1876-2859,true,,
International health (Print),1876-3413,true,,
European journal of integrative medicine (Print),1876-3820,true,,
Hague journal on the rule of law (Print),1876-4045,true,,
Food security (Print),1876-4517,true,,
Revue française d'allergologie (2009. Print),1877-0312,true,,
Orthopaedics & traumatology: surgery & research,1877-0568,true,,
Annals of physical and rehabilitation medicine (Print),1877-0657,true,,
Progress in molecular biology and translational science (Print),1877-1173,true,,
Waste and biomass valorization (Print),1877-2641,true,,
Current opinion in environmental sustainability (Print),1877-3435,true,,
Sexual & reproductive healthcare (Print),1877-5756,true,,
Journal of Parkinson's disease (Print),1877-7171,true,,
Journal of computational science (Print),1877-7503,true,,
Cancer epidemiology (Print),1877-7821,true,,
The Rijksmuseum bulletin (Print),1877-8127,true,,
Journal of family business strategy (Print),1877-8585,true,,
Ticks and tick-borne diseases (Print),1877-959X,true,,
Review of cognitive linguistics (Print),1877-9751,true,,
International journal of gastronomy and food science (Print),1878-450X,true,,
Journal of berry research (Print),1878-5093,true,,
Fungal biology (Print),1878-6146,true,,
European geriatric medicine (Print),1878-7649,true,,
World neurosurgery (Print),1878-8750,true,,
Developmental cognitive neuroscience (Amsterdam. Print),1878-9293,true,,
Pragmatics and society (Print),1878-9714,true,,
Journal of geriatric oncology (Print),1879-4068,true,,
European journal for philosophy of science (Print),1879-4912,true,,
Practical radiation oncology (Print),1879-8500,true,,
Linguistic approaches to bilingualism (Print),1879-9264,true,,
International journal of paleopathology (Print),1879-9817,true,,
L'Atalante (Valencia),1885-3730,true,,
Imago temporis,1888-3931,true,,
Revista de psiquiatría y salud mental (Barcelona. Ed. impresa),1888-9891,true,,
The European journal of psychology applied to legal context,1889-1861,true,,
Acta Geophysica (Druk),1895-6572,true,,
Cardiology Journal (Print),1897-5593,true,,
Advances in Clinical and Experimental Medicine,1899-5276,true,,
Judgment and decision making,1930-2975,true,,
"Pluralist (Champaign, Ill.)",1930-7365,true,,
"Obesity (Silver Spring, Md.)",1930-7381,true,,
Communication methods and measures,1931-2458,true,,
Cell host & microbe,1931-3128,true,,
Journal of applied remote sensing,1931-3195,true,,
"Psychology of aesthetics, creativity, and the arts",1931-3896,true,,
Journal of wine economics,1931-4361,true,,
Translational research (Print),1931-5244,true,,
Journal of mental health research in intellectual disabilities,1931-5864,true,,
Journal of surgical education,1931-7204,true,,
Brain imaging and behavior (Print),1931-7557,true,,
International journal of sexual health,1931-7611,true,,
American journal of physiology. Renal physiology,1931-857X,true,,
Statistical analysis and data mining,1932-1864,true,,
Journal of cancer survivorship,1932-2259,true,,
Translation and interpreting studies,1932-2798,true,,
Strategic entrepreneurship journal,1932-4391,true,,
IEEE journal of selected topics in signal processing,1932-4553,true,,
The annals of applied statistics,1932-6157,true,,
PloS one,1932-6203,true,,
Journal of tissue engineering and regenerative medicine,1932-6254,true,,
Journal of physical chemistry. C,1932-7447,true,,
Journal of cardiopulmonary rehabilitation and prevention,1932-7501,true,,
International journal of communication (Online),1932-8036,true,,
IEEE systems journal,1932-8184,true,,
"The anatomical record (Hoboken, N.J. : 2007)",1932-8486,true,,
Personality and mental health,1932-8621,true,,
Journal of clinical sport psychology,1932-9261,true,,
Mucosal immunology,1933-0219,true,,
Journal of information technology & politics,1933-1681,true,,
Journal of the American Society of Hypertension,1933-1711,true,,
Theoretical economics,1933-6837,true,,
"Reproductive sciences (Thousand Oaks, Calif.)",1933-7191,true,,
Neurotherapeutics (Print),1933-7213,true,,
Archives of environmental & occupational health,1933-8244,true,,
PM & R,1934-1482,true,,
Human-wildlife conflicts,1934-4392,true,,
Journal of research on educational effectiveness (Print),1934-5747,true,,
Cell stem cell (Print),1934-5909,true,,
Intellectual and developmental disabilities,1934-9491,true,,
Applied mathematics & information sciences,1935-0090,true,,
PLoS neglected tropical diseases,1935-2727,true,,
Swarm intelligence,1935-3812,true,,
Food and bioprocess technology (Print),1935-5130,true,,
Electronic journal of statistics,1935-7524,true,,
Disaster medicine and public health preparedness,1935-7893,true,,
Brain stimulation (Print),1935-861X,true,,
Current reviews in musculoskeletal medicine,1935-973X,true,,
Anatomical sciences education,1935-9772,true,,
Hepatology international (Print),1936-0533,true,,
Ecohydrology,1936-0584,true,,
ACS nano,1936-0851,true,,
SIAM journal on imaging sciences,1936-4954,true,,
Disability and health journal (Print),1936-6574,true,,
Flexible services and manufacturing journal (Print),1936-6582,true,,
Journal of hospitality marketing & management (Print),1936-8623,true,,
JACC. Cardiovascular imaging (Print),1936-878X,true,,
JACC: cardiovascular interventions (Print),1936-8798,true,,
Operations management research : advancing practice through research,1936-9735,true,,
Food analytical methods,1936-9751,true,,
International journal of cognitive therapy,1937-1209,true,,
Journal of studies on alcohol and drugs,1937-1888,true,,
Social work in public health,1937-1918,true,,
"Journal of neuroscience, psychology, and economics",1937-321X,true,,
International journal of feminist approaches to bioethics (Print),1937-4585,true,,
HERD,1937-5867,true,,
Engineering studies,1937-8629,true,,
University of Pennsylvania journal of international law,1938-0283,true,,
Journal of transport and land use,1938-7849,true,,
Statistics and its interface,1938-7989,true,,
Journal of electronic commerce research (Print),1938-9027,true,,
Cornell hospitality quarterly,1938-9655,true,,
BioEnergy research (Print),1939-1234,true,,
IEEE transactions on services computing,1939-1374,true,,
IEEE transactions on learning technologies,1939-1382,true,,
IEEE intelligent transportation systems magazine (Print),1939-1390,true,,
IEEE journal of selected topics in applied earth observations and remote sensing (Print),1939-1404,true,,
IEEE transactions on haptics (Print),1939-1412,true,,
Historical studies in the natural sciences (Print),1939-1811,true,,
Celebrity studies (Print),1939-2397,true,,
"Food additives & contaminants. Part B, Surveillance (Print)",1939-3210,true,,
Autism research,1939-3792,true,,
The World Allergy Organization journal,1939-4551,true,,
Wiley interdisciplinary reviews. Cognitive science (Print),1939-5078,true,,
Wiley interdisciplinary reviews. Nanomedicine and nanobiotechnology (Print),1939-5116,true,,
"Journal of signal processing systems for signal, image, and video technology",1939-8018,true,,
"Rice (New York, N.Y.)",1939-8425,true,,
Addiction science & clinical practice,1940-0632,true,,
Tropical conservation science,1940-0829,true,,
Journal of visualized experiments,1940-087X,true,,
Journal of building performance simulation,1940-1493,true,,
The international journal of press/politics,1940-1612,true,,
The plant genome,1940-3372,true,,
Annual review of resource economics (Print),1941-1340,true,,
Annual review of financial economics (Print),1941-1367,true,,
Professional development in education,1941-5257,true,,
The Academy of Management annals,1941-6520,true,,
"Sports health (Thousand Oaks, CA)",1941-7381,true,,
Circulation. Cardiovascular interventions,1941-7640,true,,
Psychology & Sexuality,1941-9899,true,,
Journal of advances in modeling earth systems,1942-2466,true,,
Circulation. Cardiovascular genetics (Print),1942-325X,true,,
Journal of mechanisms and robotics (Print),1942-4302,true,,
Wiley interdisciplinary reviews.  Data mining and knowledge discovery (Print),1942-4787,true,,
Drug testing and analysis (Print),1942-7603,true,,
Transportation letters (Print),1942-7867,true,,
Psychological trauma (Print),1942-9681,true,,
"Attention, perception & psychophysics (Print)",1943-3921,true,,
Middle East critique,1943-6149,true,,
Journal of integrative environmental sciences (Print),1943-815X,true,,
Journal of development effectiveness,1943-9342,true,,
Journal of Transport Safety & Security,1943-9962,true,,
"Food additives & contaminants. Part A. Chemistry, analysis, control, exposure & risk assessment (Print)",1944-0049,true,,
International perspectives on sexual and reproductive health,1944-0391,true,,
Policy & internet,1944-2866,true,,
"Theatre, dance and performance training",1944-3927,true,,
Desalination and water treatment (Print),1944-3994,true,,
Translational oncology,1944-7124,true,,
Environmental progress & sustainable energy (Print),1944-7442,true,,
American journal on intellectual and developmental disabilities (Print),1944-7515,true,,
ACS applied materials & interfaces (Print),1944-8244,true,,
Getty research journal,1944-8740,true,,
Journal of Balkan & Near Eastern studies,1944-8953,true,,
Genetic testing and molecular biomarkers (Print),1945-0265,true,,
Journal of human development and capabilities,1945-2829,true,,
"Aging (Albany, N.Y. Online)",1945-4589,true,,
SIAM journal on financial mathematics,1945-497X,true,,
American economic journal. Microeconomics,1945-7669,true,,
American economic journal. Macroeconomics (Print),1945-7707,true,,
American economic journal. Economic policy (Print),1945-7731,true,,
American economic journal. Applied economics (Print),1945-7782,true,,
Critical policy studies (Print),1946-0171,true,,
Science translational medicine,1946-6234,true,,
Statistics in biopharmaceutical research,1946-6315,true,,
Biopreservation and biobanking,1947-5535,true,,
"Geomatics, natural hazards & risk (Print)",1947-5705,true,,
Cartilage,1947-6035,true,,
World journal of gastrointestinal oncology,1948-5204,true,,
Social psychological & personality science (Print),1948-5506,true,,
Biodemography and social biology (Print),1948-5565,true,,
ACS medicinal chemistry letters,1948-5875,true,,
The journal of physical chemistry letters,1948-7185,true,,
ACS chemical neuroscience,1948-7193,true,,
Gut microbes (Print),1949-0976,true,,
International journal of housing policy,1949-1247,true,,
Oncotarget,1949-2553,true,,
Personality disorders (Print),1949-2715,true,,
IEEE transactions on affective computing,1949-3045,true,,
IEEE transactions on smart grid (Print),1949-3053,true,,
The European physical journal. Special topics,1951-6355,true,,
Archéosciences,1960-1360,true,,
International journal of material forming,1960-6206,true,,
Water alternatives,1965-0175,true,,
History of education & children's literature (Print),1971-1093,true,,
European Journal of Physical and Rehabilitation Medicine (Print),1973-9087,true,,
International journal of intangible heritage (Seoul. Print) = gukje jeoneol muhyeong munhwa yusan,1975-3586,true,,
Nutrition research and practice = Nutrition research & practice,1976-1457,true,,
Alea (2006. Online),1980-0436,true,,
Tropical plant pathology (Impresso),1982-5676,true,,
International food research journal,1985-4668,true,,
International journal of design = IJDesign,1991-3761,true,,
Geoscientific model development (Print),1991-959X,true,,
The cryosphere (Print),1994-0416,true,,
Engineering applications of computational fluid mechanics,1994-2060,true,,
Journal of eye movement research,1995-8692,true,,
Energies (Basel),1996-1073,true,,
Materials (Basel),1996-1944,true,,
Nano research (Print) = Nami yanjiu (Yingwen),1998-0124,true,,
Hydrology research (Print),1998-9563,true,,
Forests,1999-4907,true,,
Viruses,1999-4915,true,,
Pharmaceutics (Basel),1999-4923,true,,
European journal of psychotraumatology,2000-8066,true,,
Computational and Structural Biotechnology Journal,2001-0370,true,,
Clinical and translational medicine (Online),2001-1326,true,,
Journal of extracellular vesicles,2001-3078,true,,
Journal of Korean academy of nursing,2005-3673,true,,
Climate change economics (Singapore. Print),2010-0078,true,,
International journal of psychological research,2011-2084,true,,
Technological and economic development of economy (Spausdinta),2029-4913,true,,
Plant Ecology and Evolution (Printed),2032-3913,true,,
Lias (Leuven. Printed),2033-4753,true,,
Africana Linguistica (Imprimé),2033-8732,true,,
Updates in surgery (Print),2038-131X,true,,
Journal of developmental origins of health and disease (Print),2040-1744,true,,
Journal of African media studies (Print),2040-199X,true,,
Journal of water and climate change,2040-2244,true,,
Molecular autism,2040-2392,true,,
Nanoscale (Print),2040-3364,true,,
Journal of international dispute settlement (Print),2040-3585,true,,
International journal of lean six sigma (Print),2040-4166,true,,
Applied economic perspectives and policy (Print),2040-5790,true,,
Postmedieval (Print),2040-5960,true,,
"Sustainability accounting, management and policy journal (Print)",2040-8021,true,,
Journal of optics (2010. Print),2040-8978,true,,
Modernist cultures (Print),2041-1022,true,,
Journal of biomedical semantics,2041-1480,true,,
Nature communications,2041-1723,true,,
Methods in ecology and evolution (Online),2041-210X,true,,
Organizational psychology review (Print),2041-3866,true,,
IMF economic review ((Print)v),2041-4161,true,,
Cell death and disease,2041-4889,true,,
Chemical science (Cambridge. 2010. Print),2041-6520,true,,
i-Perception,2041-6695,true,,
The astrophysical journal. Letters (Print),2041-8205,true,,
Wiley interdisciplinary reviews. Energy and environment (Print),2041-8396,true,,
Interiors (Oxford. Print),2041-9112,true,,
Therapeutic advances in endocrinology and metabolism (Print),2042-0188,true,,
Therapeutic advances in drug safety (Print),2042-0986,true,,
Global strategy journal (Print),2042-5791,true,,
Journal of comparative effectiveness research (Print),2042-6305,true,,
Food & function (Print),2042-6496,true,,
Journal of social marketing (Print),2042-6763,true,,
Interface focus (Print),2042-8898,true,,
Journal of experimental psychopathology,2043-8087,true,,
Dialogues in human geography (Print),2043-8206,true,,
"Journal of water, sanitation and hygiene for development",2043-9083,true,,
Inland waters (Print),2044-2041,true,,
International data privacy law (Print),2044-3994,true,,
Catalysis science & technology (Print),2044-4753,true,,
Skeletal muscle,2044-5040,true,,
Blood cancer journal,2044-5385,true,,
BMJ quality & safety (Print),2044-5415,true,,
Journal of cognitive psychology (Print),2044-5911,true,,
BMJ open,2044-6055,true,,
Therapeutic advances in psychopharmacology (Print),2045-1253,true,,
Scientific reports (Nature Publishing Group),2045-2322,true,,
Israel journal of health policy research,2045-4015,true,,
BMJ supportive & palliative care (Print),2045-435X,true,,
Clinical and translational allergy,2045-7022,true,,
Cancer medicine,2045-7634,true,,
Ecology and evolution,2045-7758,true,,
Epidemiology and psychiatric sciences (Print),2045-7960,true,,
Fluids and barriers of the CNS,2045-8118,true,,
Queen Mary journal of intellectual property (Print),2045-9807,true,,
PsyCh journal (Print),2046-0252,true,,
RSC advances,2046-2069,true,,
Open biology,2046-2441,true,,
Bone & joint research,2046-3758,true,,
Systematic reviews,2046-4053,true,,
Biology open,2046-6390,true,,
"Families, relationships and societies (Print)",2046-7435,true,,
International journal for lesson and learning studies (Print),2046-8253,true,,
Transnational environmental law (Print),2047-1025,true,,
Environmental evidence,2047-2382,true,,
European heart journal. Cardiovascular imaging (Print),2047-2404,true,,
Andrology (Print),2047-2919,true,,
Journal of global health (Print),2047-2978,true,,
Antimicrobial resistance and infection control,2047-2994,true,,
International journal of nursing knowledge (Print),2047-3087,true,,
International journal of developmental disabilities (Print),2047-3869,true,,
Biomaterials science (Print),2047-4830,true,,
European journal of preventive cardiology (Print),2047-4873,true,,
IET biometrics (Print),2047-4938,true,,
Pediatric obesity (Print),2047-6302,true,,
"Journal of software (Malden, Mass. Print)",2047-7473,true,,
European journal of hospital pharmacy (2012. Print),2047-9956,true,,
Journal of the American Heart Association. Cardiovascular and cerebrovascular disease,2047-9980,true,,
Clinical kidney journal (Print),2048-8505,true,,
European heart journal. Acute cardiovascular care (Print),2048-8726,true,,
Stat (Oxford),2049-1573,true,,
WIREs. Water,2049-1948,true,,
Microbiome,2049-2618,true,,
The bone & joint journal (Print),2049-4394,true,,
Migration studies (Print),2049-5838,true,,
Geoscience data journal,2049-6060,true,,
Pathogens and disease,2049-632X,true,,
American journal of cultural sociology (Print),2049-7113,true,,
Political science research and methods (Print),2049-8470,true,,
Clinical & translational immunology,2050-0068,true,,
"Review of European, comparative & international environmental law (Print)",2050-0386,true,,
Sexual medicine reviews (Print),2050-0513,true,,
Sexual medicine (Chichester),2050-1161,true,,
Mobile media & communication (Print),2050-1579,true,,
Asia & the Pacific policy studies,2050-2680,true,,
Journal of eating disorders,2050-2974,true,,
Aslib journal of information management (Print),2050-3806,true,,
Microscopy (Print),2050-5698,true,,
United European Gastroenterology journal (Print),2050-6406,true,,
International transactions on electrical energy systems,2050-7038,true,,
BMC psychology,2050-7283,true,,
Heritage science,2050-7445,true,,
Journal of materials chemistry. A (Print),2050-7488,true,,
Journal of materials chemistry. B (Print),2050-750X,true,,
Journal of materials chemistry. C (Print),2050-7526,true,,
Environmental science. Processes & impacts (Print),2050-7887,true,,
Journal of complex networks (Print),2051-1310,true,,
Journal for immunotherapy of cancer,2051-1426,true,,
Conservation physiology,2051-1434,true,,
"Journal of language, literature and culture (Print)",2051-2856,true,,
Movement ecology,2051-3933,true,,
Acta neuropathologica communications,2051-5960,true,,
Borderline personality disorder and emotion dysregulation,2051-6673,true,,
Environmental science. Nano (Print),2051-8153,true,,
Pharmacology research & perspectives,2052-1707,true,,
"BMC sports science, medicine & rehabilitation",2052-1847,true,,
IUCrJ,2052-2525,true,,
The Cambridge journal of postcolonial literary inquiry (Print),2052-2614,true,,
Organic chemistry frontiers (Print),2052-4110,true,,
BMJ open respiratory research,2052-4439,true,,
Scientific data,2052-4463,true,,
BMJ open diabetes research and care,2052-4897,true,,
"Acta crystallographica. Section B, Structural science, crystal engineering and materials. (Print)",2052-5192,true,,
Veterinary medicine and science,2053-1095,true,,
Environmental science. Water research & technology (Print),2053-1400,true,,
Materials research express,2053-1591,true,,
Research & politics,2053-1680,true,,
Journal of the American Philosophical Association (Print),2053-4477,true,,
Lupus science & medicine,2053-8790,true,,
Big data & society,2053-9517,true,,
Journal of law and the biosciences,2053-9711,true,,
Journal of demographic economics (Print),2054-0892,true,,
Nursing open,2054-1058,true,,
Global mental health,2054-4251,true,,
Work Aging and Retirement,2054-4642,true,,
Royal Society open science,2054-5703,true,,
Nature plants (Online),2055-0278,true,,
Npj primary care respiratory medicine,2055-1010,true,,
Digital health,2055-2076,true,,
Porcine health management,2055-5660,true,,
ESC heart failure,2055-5822,true,,
Journal of service theory and practice (Print),2055-6225,true,,
Journal of psychologists and counsellors in schools (Print),2055-6365,true,,
Journal of virus eradication (Print),2055-6640,true,,
Nanoscale horizons (Print),2055-6756,true,,
European heart journal. Cardiovascular pharmacotherapy (Print),2055-6837,true,,
Digital scholarship in the humanities (Print),2055-7671,true,,
British Catholic history (Print),2055-7973,true,,
Social media + society,2056-3051,true,,
BJPsych open,2056-4724,true,,
Johnson Matthey technology review,2056-5135,true,,
RMD open,2056-5933,true,,
Global challenges,2056-6646,true,,
Nature reviews. Disease primers,2056-676X,true,,
npj science of learning,2056-7936,true,,
npj genomic medicine,2056-7944,true,,
Journal of professional capital and community (Print),2056-9548,true,,
Virus evolution,2057-1577,true,,
npj computational materials,2057-3960,true,,
European heart journal. Quality of care & clinical outcomes (Print),2058-5225,true,,
EFORT open reviews,2058-5241,true,,
Nature microbiology,2058-5276,true,,
Nature energy,2058-7546,true,,
Cell death discovery,2058-7716,true,,
Reaction chemistry & engineering,2058-9883,true,,
npj vaccines,2059-0105,true,,
Cross cultural & strategic management (Print),2059-5794,true,,
ESMO open,2059-7029,true,,
npj clean water,2059-7037,true,,
BMJ global health,2059-7908,true,,
Journal of flow chemistry (Print),2062-249X,true,,
Journal of behavioral addictions,2062-5871,true,,
Southern forests (Print),2070-2620,true,,
China perspectives (Print),2070-3449,true,,
Sustainability (Basel),2071-1050,true,,
Journal of thoracic disease (Print),2072-1439,true,,
Remote sensing (Basel),2072-4292,true,,
Nutrients,2072-6643,true,,
Toxins (Basel),2072-6651,true,,
Micromachines (Basel),2072-666X,true,,
Cancers (Basel),2072-6694,true,,
Catalysts,2073-4344,true,,
Crystals (Basel),2073-4352,true,,
Polymers (Basel),2073-4360,true,,
Agronomy (Basel),2073-4395,true,,
Cells,2073-4409,true,,
Genes (Basel),2073-4425,true,,
Atmosphere (Basel),2073-4433,true,,
Water (Basel),2073-4441,true,,
Land (Basel),2073-445X,true,,
The R journal,2073-4859,true,,
Symmetry (Basel),2073-8994,true,,
Minerals (Basel),2075-163X,true,,
Axioms,2075-1680,true,,
Machines (Basel),2075-1702,true,,
Life (Basel),2075-1729,true,,
Diagnostics (Basel),2075-4418,true,,
Journal of personalized medicine,2075-4426,true,,
Lubricants (Basel),2075-4442,true,,
Insects,2075-4450,true,,
Pathogens,2076-0817,true,,
Microorganisms,2076-2607,true,,
Animals (Basel),2076-2615,true,,
Behavioral sciences,2076-328X,true,,
Applied sciences (Basel),2076-3417,true,,
Brain sciences,2076-3425,true,,
Antioxidants,2076-3921,true,,
Vaccines (Basel),2076-393X,true,,
Membranes (Basel),2077-0375,true,,
Journal of clinical medicine,2077-0383,true,,
Agriculture (Basel),2077-0472,true,,
Journal of marine science and engineering,2077-1312,true,,
Religions (Basel),2077-1444,true,,
South African journal of business management (Print) = Suid-Afrikaanse Tydskrif vir Bedryfsleiding,2078-5585,true,,
Journal of intelligence,2079-3200,true,,
Journal of functional biomaterials,2079-4983,true,,
Nanomaterials (Basel),2079-4991,true,,
Biosensors (Basel),2079-6374,true,,
Antibiotics (Basel),2079-6382,true,,
Coatings (Basel),2079-6412,true,,
Biology (Basel),2079-7737,true,,
Systems (Basel),2079-8954,true,,
Electronics (Basel),2079-9292,true,,
Translational Neuroscience (Print),2081-3856,true,,
Archives of Environmental Protection (Print),2083-4772,true,,
Studies in Second Language Learning and Teaching (Print),2083-5205,true,,
International journal of hypertension (Print),2090-0384,true,,
Neural plasticity (Print),2090-5904,true,,
Parkinson's disease (Print),2090-8083,true,,
"Allergy, asthma & immunology research = AAIR",2092-7355,true,,
Journal of neurogastroenterology and motility = JNM,2093-0879,true,,
Safety and health at work (Seoul) = SH@W,2093-7911,true,,
International Journal of Disaster Risk Science,2095-0055,true,,
Frontiers of Chemical Science and Engineering (Print) = Huaxue kexue yu gongcheng qianyan,2095-0179,true,,
Journal of Pharmaceutical Analysis,2095-1779,true,,
Frontiers of Environmental Science & Engineering (Print) = Huanjing kexue yu gongcheng qianyan,2095-2201,true,,
Frontiers of Structural and Civil Engineering (Print) = Jiegou yu tumu gongcheng qianyan,2095-2430,true,,
Journal of Sport and Health Science (Print),2095-2546,true,,
Frontiers of Architectural Research (Print) = Jianzhuxue yanjiu qianyan,2095-2635,true,,
Journal of Integrative Agriculture = Nongye kexue xuebao,2095-3119,true,,
Journal of Energy Chemistry = Nengyuan huaxue,2095-4956,true,,
Infectious diseases of poverty (Print) = Pinkun suozhi chuanranbing (Yingwen),2095-5162,true,,
Light: Science & Applications (Print),2095-5545,true,,
International Soil and Water Conservation Research = Guoji shuitu baochi yanjiu,2095-6339,true,,
Forest Ecosystems (Print) = Senlin shengtai xitong : Yingwen ban,2095-6355,true,,
Military Medical Research (Print) = Junshi yixue yanjiu (Yingwen),2095-7467,true,,
Engineering (Beijing) = Gongcheng (Yingwen),2095-8099,true,,
Frontiers of Informaion Technology & Electronic Engineering (Print),2095-9184,true,,
Science Bulletin (Beijing. Print) = Kexue tongbao (Yingwen ban),2095-9273,true,,
Translational neurodegeneration (Print),2096-6466,true,,
Environmental science & ecotechnology (Print) = Huanjing kexue yu shengtai jishu,2096-9643,true,,
Annals of intensive care,2110-5820,true,,
Gériatrie et psychologie Neuropsychiatrie du vieillissement (Imprimé),2115-8789,true,,
European Journal of Taxonomy,2118-9773,true,,
The turkish online journal of educational technology,2146-7242,true,,
Virulence (Print),2150-5594,true,,
Remote sensing letters (Print),2150-704X,true,,
Proceedings of the VLDB Endowment,2150-8097,true,,
"Ecosphere (Washington, D.C.)",2150-8925,true,,
Arthritis care & research (2010 : Print),2151-464X,true,,
Psychology of violence (Print),2152-0828,true,,
"Clinical lymphoma, myeloma and leukemia",2152-2650,true,,
"Cyberpsychology, behavior and social networking (Print)",2152-2715,true,,
Cellular reprogramming (Print),2152-4971,true,,
Dynamic games and applications (Print),2153-0785,true,,
"Religion, brain & behavior (Print)",2153-599X,true,,
Analytic philosophy,2153-9596,true,,
ACS catalysis,2155-5435,true,,
Journal of adolescent and young adult oncology,2156-5333,true,,
"Politics, groups & identities (Print)",2156-5503,true,,
Politics Religion & Ideology,2156-7689,true,,
Society and mental health. (Print),2156-8693,true,,
"Sport, exercise, and performance psychology (Print)",2157-3905,true,,
Stem cells translational medicine (Print),2157-6564,true,,
ACM transactions on intelligent systems and technology (Print),2157-6904,true,,
Nature biomedical engineering,2157-846X,true,,
Brain connectivity (Print),2158-0014,true,,
SAGE open,2158-2440,true,,
Translational psychiatry,2158-3188,true,,
AIP advances,2158-3226,true,,
"Qualitative research in sport, exercise and health (Print)",2159-676X,true,,
Cancer discovery (Print),2159-8274,true,,
East European politics,2159-9165,true,,
G3 (Bethesda Md.),2160-1836,true,,
ACM transactions on interactive intelligent systems (Print),2160-6455,true,,
ACS macro letters,2161-1653,true,,
MBio,2161-2129,true,,
"Thought (Hoboken, N.J.)",2161-2234,true,,
ACS synthetic biology,2161-5063,true,,
Games for health journal (Print),2161-783X,true,,
"Advances in nutrition (Bethesda, Md. Print)",2161-8313,true,,
Chinese sociological review (Print),2162-0555,true,,
"Advances in wound care (New Rochelle, N.Y. Print)",2162-1918,true,,
IEEE transactions on neural networks and learning systems (Print),2162-237X,true,,
Molecular therapy. Nucleic acids,2162-2531,true,,
"Territory, politics, governance",2162-2671,true,,
Brain and behavior (Online),2162-3279,true,,
Oncoimmunology,2162-4011,true,,
Current obesity reports,2162-4968,true,,
ECS journal of solid state science and technology (Print),2162-8769,true,,
The journal of trauma and acute care surgery (Print),2163-0755,true,,
Translational vision science & technology,2164-2591,true,,
"Service science (Hanover, Md.  Print)",2164-3962,true,,
Human vaccines & immunotherapeutics (Print),2164-5515,true,,
GM crops & food (Print),2164-5698,true,,
Journal of renewable materials (Print),2164-6325,true,,
Peacebuilding (Print),2164-7259,true,,
Microbiology spectrum,2165-0497,true,,
Workplace health & safety (Print),2165-0799,true,,
Ab imperio (Print),2166-4072,true,,
Coastal engineering journal,2166-4250,true,,
Digital journalism (Print),2167-0811,true,,
Big data (Print),2167-6461,true,,
Emerging adulthood (Print),2167-6968,true,,
Clinical psychological science (Print),2167-7026,true,,
PeerJ,2167-8359,true,,
Amyotrophic lateral sclerosis & frontotemporal degeneration (Print),2167-8421,true,,
Expert opinion on orphan drugs (Online),2167-8707,true,,
ACS sustainable chemistry & engineering,2168-0485,true,,
"Transportmetrica. B, Transport dynamics (Print)",2168-0566,true,,
Academy of Management discoveries,2168-1007,true,,
IEEE journal of biomedical and health informatics (Print),2168-2194,true,,
"IEEE transactions on systems, man, and cybernetics. Systems (Print)",2168-2216,true,,
IEEE transactions on cybernetics (Print),2168-2267,true,,
AGROECOLOGY AND SUSTAINABLE FOOD SYSTEMS,2168-3565,true,,
Therapeutic innovation & regulatory science (Print),2168-4790,true,,
"JAMA dermatology (Chicago, Ill. Print)",2168-6068,true,,
JAMA internal medicine (Print),2168-6106,true,,
JAMA neurology (Print),2168-6149,true,,
JAMA otolaryngology-- head & neck surgery (Print),2168-6181,true,,
JAMA pediatrics (Print),2168-6203,true,,
"JAMA psychiatry (Chicago, Ill. Print)",2168-622X,true,,
Res philosophica (Print),2168-9105,true,,
IEEE access,2169-3536,true,,
Global health science and practice,2169-575X,true,,
Journal of geophysical research. Biogeosciences (Print),2169-8953,true,,
Journal of geophysical research. Atmospheres (Print),2169-897X,true,,
Journal of geophysical research. Earth surface (Print),2169-9003,true,,
Journal of geophysical research. Solid earth (Print),2169-9313,true,,
Journal of geophysical research. Space physics (Print),2169-9380,true,,
Media and communication (Lisboa),2183-2439,true,,
Politics and governance (Lisboa),2183-2463,true,,
Social inclusion (Lisboa),2183-2803,true,,
RIHA journal,2190-3328,true,,
Drug delivery and translational research (Print),2190-393X,true,,
Environmental sciences Europe,2190-4715,true,,
Earth system dynamics (Print),2190-4979,true,,
The European physical journal plus,2190-5444,true,,
Journal of civil structural health monitoring (Print),2190-5452,true,,
3 biotech (Print),2190-572X,true,,
"Journal of cachexia, sarcopenia and muscle (Print)",2190-5991,true,,
Biomass conversion and biorefinery (Print),2190-6815,true,,
Zeitschrift für Psychologie (2007. Print) = Journal of psychology (Göttingen. Print),2190-8370,true,,
AMB express,2191-0855,true,,
ChemistryOpen (Weinheim),2191-1363,true,,
Health economics review (Heidelberg),2191-1991,true,,
EJNMMI research,2191-219X,true,,
European journal of Scandinavian studies (Print),2191-9399,true,,
Advanced healthcare materials (Print),2192-2640,true,,
ChemPlusChem (Weinheim),2192-6506,true,,
Nanophotonics (Berlin. Print),2192-8606,true,,
EPJ data science,2193-1127,true,,
SpringerPlus (Cham),2193-1801,true,,
Journal of causal inference (Internet),2193-3685,true,,
Arabian journal for science and engineering (2011. Print),2193-567X,true,,
Asian journal of organic chemistry (Print),2193-5807,true,,
Agricultural and food economics,2193-7532,true,,
Infectious diseases and therapy (Print),2193-8229,true,,
Pain and therapy (Print),2193-8237,true,,
The international journal of biostatistics (Print),2194-573X,true,,
Review of network economics,2194-5993,true,,
The B.E. journal of economic analysis & policy (Print),2194-6108,true,,
The B.E. journal of theoretical economics (Print),2194-6124,true,,
Entrepreneurship research journal (Print),2194-6175,true,,
Communications in mathematics and statistics (Print),2194-6701,true,,
International journal of bipolar disorders,2194-7511,true,,
Advanced optical materials,2195-1071,true,,
European journal of futures research (Print),2195-4194,true,,
Review journal of autism and developmental disorders (Print),2195-7177,true,,
Beilstein journal of organic chemistry (Print),2195-951X,true,,
ChemElectroChem (Weinheim),2196-0216,true,,
Journal of big data,2196-1115,true,,
Current addiction reports,2196-2952,true,,
Current environmental health reports,2196-5412,true,,
Chemical and biological technologies in agriculture,2196-5641,true,,
Earth surface dynamics (Print),2196-6311,true,,
Advanced materials interfaces,2196-7350,true,,
International journal of STEM education,2196-7822,true,,
Journal of racial and ethnic health disparities (Print),2197-3792,true,,
EJNMMI physics,2197-7364,true,,
Advanced science (Weinheim),2198-3844,true,,
International journal of implant dentistry,2198-4034,true,,
Current climate change reports,2198-6061,true,,
Current forestry reports,2198-6436,true,,
Sports medicine - Open (Print),2199-1170,true,,
Advanced electronic materials,2199-160X,true,,
Linguistics vanguard,2199-174X,true,,
Journal of sustainable metallurgy (Print),2199-3823,true,,
Soil (Göttingen. Print),2199-3971,true,,
Journal of developmental and life-course criminology (Print),2199-4641,true,,
Financial innovation (Heidelberg),2199-4730,true,,
International journal of health economics and management (Print),2199-9023,true,,
Australian journal of general practice (Print),2208-794X,true,,
Environmental innovation and societal transitions (Print),2210-4224,true,,
Sustainable computing (Print),2210-5379,true,,
Research in transportation business & management (Print),2210-5395,true,,
Swarm and evolutionary computation (Print),2210-6502,true,,
"Learning, culture and social interaction (Print)",2210-6561,true,,
Sustainable cities and society (Print),2210-6707,true,,
Clinics and research in hepatology and gastroenterology (Print),2210-7401,true,,
International journal of clinical pharmacy (Print),2210-7703,true,,
Multiple sclerosis and related disorders (Print),2211-0348,true,,
"International journal for parasitology, drugs and drug resistance",2211-3207,true,,
Preventive medicine reports,2211-3355,true,,
Current opinion in chemical engineering,2211-3398,true,,
Journal of obsessive-compulsive and related disorders (Print),2211-3649,true,,
Journal of applied research in memory and cognition (Print),2211-3681,true,,
Environmental development (Print),2211-4645,true,,
Energy strategy reviews (Print),2211-467X,true,,
Spatial statistics,2211-6753,true,,
"Discourse, context & media (Print)",2211-6958,true,,
Global heart (Print),2211-8160,true,,
Health policy and technology (Print),2211-8837,true,,
Global food security,2211-9124,true,,
Algal research,2211-9264,true,,
Tourism management perspectives (Print),2211-9736,true,,
Economics of transportation (Print),2212-0122,true,,
Ecosystem services,2212-0416,true,,
Weather and climate extremes,2212-0947,true,,
Urban climate,2212-0955,true,,
Climate risk management,2212-0963,true,,
Journal of contextual behavioral science (Print),2212-1447,true,,
Journal of the Academy of Nutrition and Dietetics (Print),2212-2672,true,,
Perspectives on medical education (Print),2212-2761,true,,
International journal of disaster risk reduction,2212-4209,true,,
Water resources and economics,2212-4284,true,,
Food bioscience (Print),2212-4292,true,,
Journal of destination marketing & management (Print),2212-571X,true,,
Molecular metabolism,2212-8778,true,,
Journal of CO2 utilization (Print),2212-9820,true,,
Journal of outdoor recreation and tourism (Print),2213-0780,true,,
Sustainable energy technologies and assessments (Print),2213-1388,true,,
NeuroImage. Clinical,2213-1582,true,,
Journal of allergy and clinical immunology. In practice (Print),2213-2198,true,,
International journal for parasitology. Parasites and wildlife,2213-2244,true,,
Redox biology,2213-2317,true,,
The Lancet. Respiratory medicine (Print),2213-2600,true,,
Journal of environmental chemical engineering (Print),2213-2929,true,,
Food structure (Amsterdam),2213-3291,true,,
Multisensory research (Print),2213-4794,true,,
Photoacoustics (Amsterdam),2213-5979,true,,
Stem cell reports,2213-6711,true,,
Journal of global antimicrobial resistance (Print),2213-7165,true,,
"Clinical mass spectrometry (Del Mar, Calif. Print)",2213-8005,true,,
The Lancet. Diabetes & endocrinology (Print),2213-8587,true,,
Journal of transport & health (Print),2214-1405,true,,
Food packaging and shelf life,2214-2894,true,,
Journal of neuromuscular diseases (Print),2214-3599,true,,
Travel behaviour & society (Print),2214-367X,true,,
Molecular genetics and metabolism reports,2214-4269,true,,
Cognitive systems research (Print),2214-4366,true,,
Journal of hydrology. Regional studies,2214-5818,true,,
Energy research & social science (Print),2214-6296,true,,
Journal of behavioural and experimental finance (Print),2214-6350,true,,
Journal of water process engineering,2214-7144,true,,
Internet interventions,2214-7829,true,,
The Extractive industries and society (Print),2214-790X,true,,
Current opinion in food science (Print),2214-7993,true,,
Journal of behavioral and experimental economics (Print),2214-8043,true,,
Comparative migration studies (Print),2214-8590,true,,
Sustainable materials and technologies (Print),2214-9929,true,,
The Lancet. Psychiatry (Print),2215-0366,true,,
Metabolites,2218-1989,true,,
Biomolecules,2218-273X,true,,
Translational lung cancer research (Print),2218-6751,true,,
World journal of psychiatry,2220-3206,true,,
ISPRS international journal of geo-information,2220-9964,true,,
Emerging microbes & infections,2222-1751,true,,
International journal of ophthalmology,2222-3959,true,,
Cardiovascular diagnosis and therapy (Print),2223-3652,true,,
Quantitative imaging in medicine and surgery (Print),2223-4292,true,,
Plants,2223-7747,true,,
Translational pediatrics (Print),2224-4336,true,,
Annals of palliative medicine (Print),2224-5820,true,,
Mathematics (Basel),2227-7390,true,,
Healthcare (Basel),2227-9032,true,,
Chemosensors,2227-9040,true,,
Biomedicines,2227-9059,true,,
Children (Basel),2227-9067,true,,
Processes,2227-9717,true,,
Cell journal. (Print),2228-5806,true,,
Mechanical & materials engineering,2228-6187,true,,
Frontiers in oncology,2234-943X,true,,
European thyroid journal (Print),2235-0640,true,,
Frontiers in cellular and infection microbiology,2235-2988,true,,
BioInvasions Records,2242-1300,true,,
Science & technology studies (Helsinki),2243-4690,true,,
Philosophia (Print) (Philippine National Phisophical Research Society),2244-1875,true,,
Iranian journal of public health (Print),2251-6085,true,,
European journal of remote sensing,2279-7254,true,,
Theoretical biology forum (Print),2282-2593,true,,
JMIR mhealth and uhealth,2291-5222,true,,
JMIR serious games,2291-9279,true,,
JMIR medical informatics,2291-9694,true,,
Studia canonica (Leuven. Printed),2295-3019,true,,
Frontiers in pediatrics,2296-2360,true,,
Frontiers in public health,2296-2565,true,,
Frontiers in chemistry (Lausanne),2296-2646,true,,
Frontiers in bioengineering and biotechnology,2296-4185,true,,
Frontiers in physics (Lausanne),2296-424X,true,,
Oncology research and treatment (Print),2296-5270,true,,
Frontiers in energy research,2296-598X,true,,
Frontiers in cell and developmental biology,2296-634X,true,,
Frontiers in earth science (Lausanne),2296-6463,true,,
Frontiers in environmental science,2296-665X,true,,
Frontiers in ecology and evolution,2296-701X,true,,
Frontiers in marine science,2296-7745,true,,
Frontiers in medicine (Lausanne),2296-858X,true,,
Frontiers in nutrition,2296-861X,true,,
Frontiers in surgery,2296-875X,true,,
Frontiers in molecular biosciences,2296-889X,true,,
Frontiers in cardiovascular medicine,2297-055X,true,,
Frontiers in veterinary science,2297-1769,true,,
Separations,2297-8739,true,,
Open Archaeology,2300-6560,true,,
Photonics (Basel),2304-6732,true,,
Foods,2304-8158,true,,
Annals of translational medicine (Print),2305-5839,true,,
Toxics,2305-6304,true,,
Bioengineering (Basel),2306-5354,true,,
Veterinary sciences,2306-7381,true,,
Journal of cardiovascular development and disease,2308-3425,true,,
Journal of Fungi (Basel),2309-608X,true,,
Gels,2310-2861,true,,
Microbial cell,2311-2638,true,,
Fermentation (Basel),2311-5637,true,,
Nano-micro letters (Print),2311-6706,true,,
Horticulturae,2311-7524,true,,
Quaestio Rossica,2311-911X,true,,
ERJ open research,2312-0541,true,,
Biomimetics (Basel),2313-7673,true,,
Journal of diabetes research (Print),2314-6745,true,,
Journal of immunology research (Print),2314-8861,true,,
Biomedical journal (Mumbai.Print),2319-4170,true,,
Burns and trauma (Print),2321-3868,true,,
International journal of health policy and management,2322-5939,true,,
Molecular genetics & genomic medicine,2324-9269,true,,
"Transportmetrica. A, Transport science (Print)",2324-9935,true,,
Journal of survey statistics and methodology,2325-0984,true,,
"Ophthalmic surgery, lasers & imaging retina",2325-8160,true,,
LGBT health (Print),2325-8292,true,,
Orthopaedic journal of sports medicine,2325-9671,true,,
Eye and vision (Online),2326-0254,true,,
Advances in archaeological practice,2326-3768,true,,
Arthritis & rheumatology (Malden. Print),2326-5191,true,,
Cancer immunology research (Print),2326-6066,true,,
Annual review of statistics and its application (Print),2326-8298,true,,
Annual review of organizational psychology and organizational behavior (Print),2327-0608,true,,
"Language, cognition and neuroscience (Print)",2327-3798,true,,
Applied neuropsychology. Adult (Print),2327-9095,true,,
Earth's future,2328-4277,true,,
Health systems and reform,2328-8604,true,,
Environmental science & technology letters,2328-8930,true,,
Open forum infectious diseases,2328-8957,true,,
Annals of clinical and translational neurology,2328-9503,true,,
Psychology of sexual orientation and gender diversity (Print),2329-0382,true,,
Molecular therapy. Methods & clinical development,2329-0501,true,,
Neurophotonics (Print),2329-423X,true,,
"International journal of business communication (Thousand Oaks, Calif.)",2329-4884,true,,
Annals of the American Thoracic Society (Print),2329-6933,true,,
Journal of experimental psychology. Animal learning and cognition (Print),2329-8456,true,,
IEEE/CAA journal of automatica sinica,2329-9266,true,,
Journal of responsible innovation,2329-9460,true,,
Movement disorders clinical practice,2330-1619,true,,
Journal of the Association for Information Science and Technology (Print),2330-1635,true,,
International journal of systems science. Operations & logistics,2330-2674,true,,
"Human service organizations, management, leadership & governance (Print)",2330-3131,true,,
"Ergo (Ann Arbor, Mich.)",2330-4014,true,,
Sociological science,2330-6696,true,,
Cogent food & agriculture,2331-1932,true,,
Trends in hearing,2331-2165,true,,
Physical review applied (Online),2331-7019,true,,
Anthropology Southern Africa (Print),2332-3256,true,,
American journal of health economics,2332-3493,true,,
Sociology of race & ethnicity,2332-6492,true,,
Neurology® neuroimmunology & neuroinflammation,2332-7812,true,,
Ecosystem health and sustainability,2332-8878,true,,
Journal of oral & facial pain and headache,2333-0384,true,,
"Earth and space science (Hoboken, N.J.)",2333-5084,true,,
Journal of the Association of Environmental and Resource Economists,2333-5955,true,,
Motivation science,2333-8113,true,,
Optica,2334-2536,true,,
NPJ schizophrenia,2334-265X,true,,
Business research quarterly (Print),2340-9436,true,,
Studii de istoria şi teoria arhitecturii (Print) = Studies in History and Theory of Architecture,2344-6544,true,,
Global ecology and conservation,2351-9894,true,,
Geoderma regional,2352-0094,true,,
Structures (Oxford),2352-0124,true,,
Journal of energy storage (Print),2352-152X,true,,
Current opinion in behavioral sciences (Print),2352-1546,true,,
Nuclear materials and energy,2352-1791,true,,
Environmental technology & innovation,2352-1864,true,,
Archaeological research in Asia (Print),2352-2267,true,,
Current opinion in psychology (Print),2352-250X,true,,
Neurobiology of stress,2352-2895,true,,
Bladder cancer (Print),2352-3727,true,,
EBioMedicine (Amsterdam),2352-3964,true,,
Journal of archaeological science: Reports (Print),2352-409X,true,,
Journal of insects as food and feed,2352-4588,true,,
The Lancet. Child & adolescent health (Print),2352-4642,true,,
"Sustainable energy, grids and networks",2352-4677,true,,
Genes & diseases (Print),2352-4820,true,,
Energy reports,2352-4847,true,,
Sustainable production and consumption,2352-5509,true,,
Sustainable chemistry and pharmacy,2352-5541,true,,
Journal of building engineering,2352-7102,true,,
SoftwareX (Amsterdam),2352-7110,true,,
Sleep health (Print),2352-7218,true,,
One health,2352-7714,true,,
"SSM, population health",2352-8273,true,,
Applied materials today (Print),2352-9407,true,,
The scientific world journal (Print),2356-6140,true,,
Journal of Evidence-Based Psychoterapies,2360-0853,true,,
Business & information systems engineering (Print),2363-7005,true,,
ChemistrySelect (Weinheim),2365-6549,true,,
Cognitive research,2365-7464,true,,
International journal of educational technology in higher education,2365-9440,true,,
Abdominal radiology (Print),2366-004X,true,,
Advanced biosystems,2366-7478,true,,
Small methods,2366-9608,true,,
JMIR mental health,2368-7959,true,,
JMIR public health and surveillance,2369-2960,true,,
Chronic obstructive pulmonary diseases,2372-952X,true,,
ENeuro,2373-2822,true,,
?IEEE Transactions On Network and Service Management,2373-7379,true,,
NPJ Parkinson's disease,2373-8057,true,,
NPJ microgravity,2373-8065,true,,
ACS infectious diseases,2373-8227,true,,
ACS biomaterials science & engineering,2373-9878,true,,
JAMA oncology (Print),2374-2437,true,,
African journalism studies (Print),2374-3670,true,,
Rutgers University law review (2014. Print),2374-3859,true,,
INFECTIOUS DISEASES,2374-4235,true,,
Annual review of vision science,2374-4642,true,,
NPJ breast cancer,2374-4677,true,,
Science & technology for the built environment,2374-4731,true,,
Advances in physics: X,2374-6149,true,,
Science advances,2375-2548,true,,
Aerospace medicine and human performance (Print),2375-6314,true,,
PeerJ. Computer science,2376-5992,true,,
Neurology. Genetics,2376-7839,true,,
IEEE robotics & automation letters,2377-3766,true,,
Limnology and oceanography letters,2378-2242,true,,
ACS sensors,2379-3694,true,,
JCI insight,2379-3708,true,,
MSphere,2379-5042,true,,
MSystems,2379-5077,true,,
IEEE transactions on cognitive and developmental systems = Institute of Electrical and Electronics Engineers transactions on cognitive and developmental systems,2379-8920,true,,
Clinical spine surgery (Print),2380-0186,true,,
JAMA cardiology (Print),2380-6583,true,,
ACS energy letters,2380-8195,true,,
Journal of Chinese governance (Print),2381-2346,true,,
Journal of electrochemical energy conversion and storage (Print),2381-6872,true,,
npj science of food,2396-8370,true,,
European stroke journal (Print),2396-9873,true,,
German journal of human resource management (Print) = Zeitschrift für Personalforschung,2397-0022,true,,
Glossa (Online),2397-1835,true,,
Nature ecology & evolution,2397-334X,true,,
Nature astronomy,2397-3366,true,,
Nature human behaviour,2397-3374,true,,
npj climate and atmospheric science,2397-3722,true,,
npj precision oncology,2397-768X,true,,
International review of social psychology,2397-8570,true,,
Sustainable energy & fuels,2398-4902,true,,
npj digital medicine,2398-6352,true,,
Annals of work exposures and health (Print),2398-7308,true,,
Nature sustainability,2398-9629,true,,
Deleuze and Guattari studies (Print),2398-9777,true,,
Human reproduction open,2399-3529,true,,
Communications biology,2399-3642,true,,
Communications physics,2399-3650,true,,
Innovation in aging,2399-5300,true,,
"Environment and planning. C, Politics and space (Print)",2399-6544,true,,
"Environment and planning. B, Urban analytics and city science (Print)",2399-8083,true,,
BMJ paediatrics open,2399-9772,true,,
European urology focus,2405-4569,true,,
The lancet. HIV (Print),2405-4704,true,,
JACC. Clinical electrophysiology (Print),2405-500X,true,,
Clinical and translational radiation oncology,2405-6308,true,,
Trends in cancer (Print),2405-8033,true,,
Energy storage materials (Print),2405-8297,true,,
Heliyon (London),2405-8440,true,,
Climate services,2405-8807,true,,
Fishes,2410-3888,true,,
Tropical medicine and infectious disease,2414-6366,true,,
Journal of translational internal medicine (Print),2450-131X,true,,
Biological psychiatry. Cognitive neuroscience and neuroimaging (Print),2451-9022,true,,
Thermal science and engineering progress (Print),2451-9057,true,,
Exposure and health (Print),2451-9766,true,,
The lancet. Haematology (Print),2451-9960,true,,
Current opinion in green and sustainable chemistry,2452-2236,true,,
Kidney international reports,2468-0249,true,,
Journal of science. Advanced materials and devices (Print),2468-2284,true,,
The Lancet. Public health,2468-2667,true,,
Journal of gynecology obstetrics and human reproduction (Print),2468-8495,true,,
Journal of stomatology oral & maxillofacial surgery (Print),2468-8509,true,,
Musculoskeletal science & practice (Print),2468-8630,true,,
Annals of the American Association of Geographers,2469-4452,true,,
Physical review. Physics education research,2469-9896,true,,
"Physical review, A",2469-9926,true,,
Physical review. B,2469-9950,true,,
Physical review. C,2469-9985,true,,
Physical review. D,2470-0010,true,,
Physical review. E (Print),2470-0045,true,,
ACS omega,2470-1343,true,,
Myopain,2470-8593,true,,
Epilepsia open,2470-9239,true,,
Science immunology,2470-9468,true,,
Science robotics,2470-9476,true,,
Geohealth,2471-1403,true,,
Phytobiomes journal,2471-2906,true,,
"Journal of experimental zoology. Part A, Ecological and integrative physiology",2471-5638,true,,
Birth defects research,2472-1727,true,,
"Network neuroscience (Cambridge, Mass.)",2472-1751,true,,
IISE transactions,2472-5854,true,,
SLAS technology (Print),2472-6303,true,,
IEEE geoscience and remote sensing magazine,2473-2397,true,,
Journal of forensic psychology research and practice,2473-2850,true,,
Journal of transportation engineering. Part A. Systems,2473-2907,true,,
Science & medicine in football,2473-3938,true,,
AIMS mathematics,2473-6988,true,,
Blood advances (Print),2473-9529,true,,
Collabra. Psychology,2474-7394,true,,
INTERNATIONAL JOURNAL OF PERFORMANCE ANALYSIS IN SPORT,2474-8668,true,,
Research and practice in thrombosis and haemostasis,2475-0379,true,,
IEEE transactions on games,2475-1502,true,,
Drones (Basel),2504-446X,true,,
GeroScience (Berlin. Print),2509-2715,true,,
European journal of health psychology (2017. Print),2512-8442,true,,
Advanced theory and simulations,2513-0390,true,,
Journal of the Belgian Society of Radiology,2514-8281,true,,
"Environment and planning. E, Nature and space (Print)",2514-8486,true,,
BMJ sexual & reproductive health (Print),2515-1991,true,,
Advances in methods and practices in psychological science (Print),2515-2459,true,,
BMJ evidence-based medicine (Print),2515-446X,true,,
Environmental research communications,2515-7620,true,,
Integrative organismal biology,2517-4843,true,,
Nature electronics,2520-1131,true,,
Interdisciplinary studies of literature,2520-4920,true,,
Perspectives on behavior science (Print),2520-8969,true,,
Nature machine intelligence,2522-5839,true,,
Biochar,2524-7972,true,,
Journal of innovation & knowledge (Print),2530-7614,true,,
Pulmonology (Barcelona. Print),2531-0429,true,,
"Joule (Cambridge, MA. Print)",2542-4785,true,,
The Lancet. Planetary health,2542-5196,true,,
JMIR aging,2561-7605,true,,
Frontiers in sustainable food systems,2571-581X,true,,
Fire (Basel),2571-6255,true,,
The lancet. Global health (Print),2572-116X,true,,
"Plants, people, planet",2572-2611,true,,
PALEOCEANOGRAPHY AND PALEOCLIMATOLOGY,2572-4517,true,,
HemaSphere,2572-9241,true,,
The CRISPR journal (Print),2573-1599,true,,
Autism in adulthood,2573-9581,true,,
ACS applied nano materials,2574-0970,true,,
JAMA network open,2574-3805,true,,
HAU (Print),2575-1433,true,,
IEEE transactions on transportation electrification (Print),2577-4212,true,,
Economics of transition and institutional change (Print),2577-6975,true,,
School psychology,2578-4218,true,,
Conservation science and practice,2578-4854,true,,
Journal of cinema and media studies (Print),2578-4900,true,,
Cannabis and cannabinoid research (Print),2578-5125,true,,
"Photobiomodulation, photomedicine, and laser surgery",2578-5478,true,,
European urology oncology,2588-9311,true,,
iScience (Cambridge),2589-0042,true,,
EClinicalMedicine (Oxford),2589-5370,true,,
JHEP reports,2589-5559,true,,
Trends in chemistry (Print),2589-7209,true,,
The Lancet. Digital health,2589-7500,true,,
Respiratory medicine and research,2590-0412,true,,
eTransportation (Amsterdam),2590-1168,true,,
"One earth (Cambridge, MA. Print)",2590-3330,true,,
ArchNet-IJAR (Print),2631-6862,true,,
RSC medicinal chemistry,2632-8682,true,,
BMJ military health (Print),2633-3767,true,,
Cell reports (Print),2639-1856,true,,
ACS materials letters,2639-4979,true,,
Sexual and reproductive health matters,2641-0397,true,,
French screen studies (Print),2643-8941,true,,
Journal of civil engineering education (Print),2643-9107,true,,
INFORMS journal on applied analytics (Print),2644-0865,true,,
Disparidades,2659-6881,true,,
npj urban sustainability,2661-8001,true,,
BMC chemistry,2661-801X,true,,
Nature food,2662-1355,true,,
Nature reviews. Earth & environment,2662-138X,true,,
Communications earth & environment,2662-4435,true,,
Nature reviews methods primers,2662-8449,true,,
Nature aging,2662-8465,true,,
Humanities & social sciences communications,2662-9992,true,,
Current research in food science,2665-9271,true,,
The Lancet. Rheumatology,2665-9913,true,,
JACC. CardioOncology,2666-0873,true,,
Developments in the built environment,2666-1659,true,,
European urology open science (Print),2666-1691,true,,
Cell reports medicine,2666-3791,true,,
The Lancet regional health. Western Pacific,2666-6065,true,,
Transplantation and cellular therapy (Print),2666-6375,true,,
The Lancet. Healthy longevity,2666-7568,true,,
The Lancet regional health. Europe,2666-7762,true,,
European journal of psychology open,2673-8627,true,,
Acta acustica (2020),2681-4617,true,,
Transgender health (Print),2688-4887,true,,
International journal of transgender health (Print),2689-5269,true,,
Psychology of popular media (Print),2689-6567,true,,
American journal of biological anthropology,2692-7691,true,,
"Business ethics, the environment & responsibility (Print)",2694-6416,true,,
Journal of family research,2699-2337,true,,
Minerva cardiology and angiology (Print),2724-5683,true,,
Research on child and adolescent psychopathology (Print),2730-7166,true,,
Biotechnology for biofuels and bioproducts,2731-3654,true,,
BMC primary care,2731-4553,true,,
Journal of prevention (2022. Print),2731-5533,true,,
ZFW - advances in economic geography (Print),2748-1956,true,,
Schizophrenia (London),2754-6993,true,,
International journal of social determinants of health and health services (Print),2755-1938,true,,
BMJ mental health,2755-9734,true,,
Alpha psychiatry (Online),2757-8038,true,,
NJAS impact in agricultural and life sciences,2768-5241,true,,
Frontiers in bioscience (Landmark. Print),2768-6701,true,,
Journal of the American Nutrition Association (Print),2769-7061,true,,
Journal of psychopathology and clinical science (Print),2769-7541,true,,
iMeta (Print),2770-5986,true,,
Communications in transportation research,2772-4247,true,,
Biomaterials advances (Print),2772-9516,true,,
Sociology lens (Print),2832-5796,true,,
Global philosophy,2948-152X,true,,
Spanish journal of psychiatry and mental health (Online),2950-2853,true,,
Journal of the American Podiatric Medical Association (Print),8750-7315,true,,
Issues in law & medicine,8756-8160,true,,
Project management journal,8756-9728,true,,
The annals of the American Academy of Political and Social Science,0002-7162,true,,
American educational research journal,0002-8312,true,,
American journal of orthopsychiatry,0002-9432,true,,
American philosophical quarterly (Oxford),0003-0481,true,,
Art journal (New York. 1960),0004-3249,true,,
Australasian journal of philosophy,0004-8402,true,,
British journal for the history of science,0007-0874,true,,
Business history review,0007-6805,true,,
Canadian journal of political science = Revue canadienne de science politique,0008-4239,true,,
The Classical journal (Classical Association of the Middle West and South),0009-8353,true,,
Clinical obstetrics and gynecology,0009-9201,true,,
Colóquio. Letras,0010-1451,true,,
Comparative literature studies (Urbana),0010-4132,true,,
Crime and delinquency,0011-1287,true,,
Decision sciences,0011-7315,true,,
Environment and behavior,0013-9165,true,,
Les Études philosophiques (Paris),0014-2166,true,,
Filosofia (Torino),0015-1823,true,,
Le Francais moderne,0015-9409,true,,
Ibero-romania,0019-0993,true,,
Industrial relations (Berkeley),0019-8676,true,,
International dental journal,0020-6539,true,,
Journal of agricultural economics,0021-857X,true,,
Journal of educational measurement,0022-0655,true,,
Journal of geography (Houston),0022-1341,true,,
The Journal of interdisciplinary history,0022-1953,true,,
Military medicine (Print),0026-4075,true,,
"The Minnesota review (Minneapolis, Minn.)",0026-5667,true,,
The Monist,0026-9662,true,,
The Muslim world (Hartford),0027-4909,true,,
Patterns of prejudice,0031-322X,true,,
Philosophical forum,0031-806X,true,,
Postgraduate medicine,0032-5481,true,,
Psychometrika,0033-3123,true,,
"Psychotherapy (Chicago, Ill.)",0033-3204,true,,
Review of educational research,0034-6543,true,,
"Revista de estudios hispánicos (University, Ala.)",0034-818X,true,,
Revista iberoamericana,0034-9631,true,,
Revue belge de philologie et d'histoire (Imprimé) = Belgisch tijdschrift voor filologie en geschiedenis : (Printed),0035-0818,true,,
Revue biblique (1946),0035-0907,true,,
Revue de l'art (Paris),0035-1326,true,,
"Revue de philologie, de littérature et d'histoire anciennes",0035-1652,true,,
Revue roumaine de linguistique = Romanian Review of Linguistics,0035-3957,true,,
Rivista di filosofia neo-scolastica (Testo stampato),0035-6247,true,,
Romance philology (Printed),0035-8002,true,,
Notes and records of the Royal Society of London,0035-9149,true,,
Scriptorium (Gent),0036-9772,true,,
Journal of the Society of Architectural Historians,0037-9808,true,,
Sociology of education,0038-0407,true,,
Studia Leibnitiana,0039-3185,true,,
Style (Fayetteville),0039-4238,true,,
TESOL quarterly (Print),0039-8322,true,,
Journal of the Textile Institute,0040-5000,true,,
Weimarer Beiträge,0043-2199,true,,
Zeitschrift für Pädagogik,0044-3247,true,,
Idealistic studies,0046-8541,true,,
Journal of contemporary Asia,0047-2336,true,,
Journal of political & military sociology,0047-2697,true,,
Journal of small business management (Print),0047-2778,true,,
New Zealand veterinary journal,0048-0169,true,,
Philosophia (Ramat Gan),0048-3893,true,,
Ramus (Print),0048-671X,true,,
Studi e problemi di critica testuale (Testo stampato),0049-2361,true,,
Zeitschrift für romanische Philologie,0049-8661,true,,
Advances in Ecological Research,0065-2504,true,,
Architectural history,0066-622X,true,,
Comitatus,0069-6412,true,,
Contributions to Indian sociology (Print),0069-9667,true,,
Essays in biochemistry,0071-1365,true,,
Estudios filológicos (Impresa),0071-1713,true,,
Evolutionary biology,0071-3260,true,,
Harvard studies in classical philology,0073-0688,true,,
Journal of glass studies,0075-4250,true,,
Journal of the Warburg and Courtauld Institutes,0075-4390,true,,
Oxford German studies,0078-7191,true,,
The Psychoanalytic study of the child,0079-7308,true,,
The Psychology of learning and motivation (Print),0079-7421,true,,
Rinascimento (Testo stampato),0080-3073,true,,
Sociological methodology,0081-1750,true,,
South African journal of psychology = Suid-Afrikaanse tydskrif vir sielkunde,0081-2463,true,,
Annual review of anthropology (Print),0084-6570,true,,
Research in phenomenology,0085-5553,true,,
South Asia,0085-6401,true,,
Journal of applied communications research,0090-9882,true,,
Public personnel management,0091-0260,true,,
Review of research in education,0091-732X,true,,
Teaching sociology,0092-055X,true,,
Critical inquiry,0093-1896,true,,
Bulletin of the atomic scientists,0096-3402,true,,
Ageing and society (Print),0144-686X,true,,
African economic history,0145-2258,true,,
Journal of visual impairment & blindness (Print),0145-482X,true,,
Nineteenth-century French studies,0146-7891,true,,
Age (Omaha),0161-9152,true,,
Research on aging,0164-0275,true,,
Folia linguistica,0165-4004,true,,
Folia linguistica historica,0168-647X,true,,
Musiktheorie,0177-4182,true,,
L'Histoire (Paris. 1978),0182-2411,true,,
"Crime and justice (Chicago, Ill.)",0192-3234,true,,
Journal of labor research,0195-3613,true,,
Journal of advanced transportation,0197-6729,true,,
Behavioral disorders,0198-7429,true,,
Boletín de la Real Academia Española,0210-4822,true,,
Asia Pacific journal of social work,0218-5385,true,,
Quaderni d'italianistica,0226-8043,true,,
Water international,0250-8060,true,,
Revista de crítica literaria latinoamericana,0252-8843,true,,
Social dynamics,0253-3952,true,,
Community dental health,0265-539X,true,,
Portuguese studies,0267-5315,true,,
Artificial intelligence review,0269-2821,true,,
Radiographics,0271-5333,true,,
Advances in space research,0273-1177,true,,
Management information systems quarterly,0276-7783,true,,
Auditing,0278-0380,true,,
Crítica hispánica,0278-7261,true,,
Pacific philosophical quarterly,0279-0750,true,,
Upsala journal of medical sciences,0300-9734,true,,
Historiographia linguistica (Print),0302-5160,true,,
Oxford literary review,0305-1498,true,,
Byzantine and modern Greek studies,0307-0131,true,,
Journal of Egyptian Archaeology,0307-5133,true,,
Parergon (Print),0313-6221,true,,
Journal of literary semantics,0341-7638,true,,
Filozofski vestnik (Tiskana izd.),0353-4510,true,,
Transactions of the American Philological Association (1974),0360-5949,true,,
Horizons (Villanova),0360-9669,true,,
Research in higher education,0361-0365,true,,
Communication monographs,0363-7751,true,,
Studies in language (Amsterdam. Print),0378-4177,true,,
Canadian journal of remote sensing,0703-8992,true,,
Canadian journal of psychiatry,0706-7437,true,,
Canadian psychology = Psychologie canadienne (1980),0708-5591,true,,
Annals of dyslexia,0736-9387,true,,
Conflict management and peace science,0738-8942,true,,
Yearbook for traditional music,0740-1558,true,,
Advances in strategic management,0742-3322,true,,
Journal of film and video,0742-4671,true,,
Dickens quarterly,0742-5473,true,,
Journal of management in engineering,0742-597X,true,,
Cladistics (Print),0748-3007,true,,
Journal of broadcasting & electronic media,0883-8151,true,,
Journal of critical care,0883-9441,true,,
"Confluencia (Greeley, Colo.)",0888-6091,true,,
Journal of geriatric psychiatry and neurology,0891-9887,true,,
Anthrozoös,0892-7936,true,,
Journal of college student development (Print),0897-5264,true,,
Journal of financial services research,0920-8550,true,,
Reading & writing,0922-4777,true,,
Journal of physiology (Paris),0928-4257,true,,
Journal of economics (Wien) = Zeitschrift für Nationalökonomie (1986),0931-8658,true,,
Archives of gynecology and obstetrics (Print),0932-0067,true,,
"Neurology, psychiatry & brain research",0941-9500,true,,
Journal of universal computer science (Print),0948-695X,true,,
Environment and urbanization,0956-2478,true,,
Breast (Edinburgh),0960-9776,true,,
Leonardo music journal,0961-1215,true,,
Environmental politics,0964-4016,true,,
Reproductive health matters (Print),0968-8080,true,,
Journal of medical screening,0969-1413,true,,
Journal of world trade (Print),1011-6702,true,,
European journal of psychological assessment,1015-5759,true,,
Journal of investigational allergology & clinical immunology,1018-9068,true,,
Defence and peace economics,1024-2694,true,,
The Rangeland journal,1036-9872,true,,
Assistive technology,1040-0435,true,,
Journal of applied sport psychology (Print),1041-3200,true,,
Learning and individual differences,1041-6080,true,,
Educational technology research and development,1042-1629,true,,
The international journal of conflict management,1044-4068,true,,
Cardiology in the young,1047-9511,true,,
Contemporary theatre review (Softback),1048-6801,true,,
Interactive learning environments,1049-4820,true,,
Research on social work practice,1049-7315,true,,
Journal of gambling studies,1050-5350,true,,
Clinical journal of sport medicine (Print),1050-642X,true,,
The Journal of Jewish thought & philosophy,1053-699X,true,,
American journal of speech-language pathology (Print),1058-0360,true,,
"Journal of environmental science and health. Part C, Environmental carcinogenesis & ecotoxicology reviews",1059-0501,true,,
American journal of critical care,1062-3264,true,,
"The Journal of arts management, law, and society (Print)",1063-2921,true,,
Millennium film journal,1064-5586,true,,
Internet research,1066-2243,true,,
Journal of child & adolescent substance abuse,1067-828X,true,,
Journal of adult development,1068-0667,true,,
Journal of agricultural and resource economics,1068-5502,true,,
"Modernism/modernity (Baltimore, Md.)",1071-6068,true,,
"Microbial drug resistance (Larchmont, N.Y.)",1076-6294,true,,
Journal of educational and behavioral statistics,1076-9986,true,,
Exercise immunology review,1077-5552,true,,
Cognitive and behavioral practice,1077-7229,true,,
"The journals of gerontology. Series B, Psychological sciences and social sciences",1079-5014,true,,
Journal of scheduling (Print),1094-6136,true,,
Eating and weight disorders (Printed text),1124-4909,true,,
Australian and New Zealand journal of public health,1326-0200,true,,
History workshop journal,1363-3554,true,,
Logic journal of the IGPL (Print),1367-0751,true,,
Contributions to zoology (Print) = Bijdragen tot de dierkunde,1383-4517,true,,
Schweizerische Zeitschrift für Politikwissenschaft = Swiss political science review,1424-7755,true,,
Journal of human genetics (Print),1434-5161,true,,
Australasian journal on ageing,1440-6381,true,,
Journal of sociology (South Melbourne. Print),1440-7833,true,,
Journal of African earth sciences (1994),1464-343X,true,,
Respiratory research (Print),1465-9921,true,,
Scottish geographical journal,1470-2541,true,,
BMC plant biology (Online),1471-2229,true,,
Sports biomechanics,1476-3141,true,,
Journal of water and health,1477-8920,true,,
"PAJ (Baltimore, Md.)",1520-281X,true,,
International journal of sport nutrition and exercise metabolism (Print),1526-484X,true,,
Journal of nursing scholarship,1527-6546,true,,
Annual review of genomics and human genetics (Print),1527-8204,true,,
Critical studies in media communication,1529-5036,true,,
"Kritika (Bloomington, Ind.)",1531-023X,true,,
"Physical review. E, Statistical, nonlinear, and soft matter physics (Print)",1539-3755,true,,
Proceedings of the Combustion Institute,1540-7489,true,,
Neurorehabilitation and neural repair,1545-9683,true,,
Journal of narrative theory,1549-0815,true,,
Journal of the Audio Engineering Society,1549-4950,true,,
"IEEE transactions on circuits and systems. I, Regular papers (Print)",1549-8328,true,,
Clinical EEG and neuroscience,1550-0594,true,,
ACM transactions on multimedia computing communications and applications,1551-6857,true,,
Journal of empirical research on human research ethics,1556-2646,true,,
International journal of sport finance,1558-6235,true,,
Journal of engineered fibers and fabrics,1558-9250,true,,
Metabolomics (Dordrecht. Print),1573-3882,true,,
Revista de economía mundial,1576-0162,true,,
Agro food industry hi-tech (Print),1722-6996,true,,
Journal of instrumentation,1748-0221,true,,
Environmental research letters,1748-9326,true,,
Clinical otolaryngology (Print),1749-4478,true,,
Journal of experimental & clinical cancer research (Online),1756-9966,true,,
Reviews of geophysics (1985),8755-1209,true,,
Annales médico-psychologiques,0003-4487,true,,
Drug and therapeutics bulletin,0012-6543,true,,
Nederlandsch tijdschrift voor geneeskunde,0028-2162,true,,
The Yale journal of biology & medicine,0044-0086,true,,
Journal of medical systems,0148-5598,true,,
Physical & occupational therapy in pediatrics,0194-2638,true,,
Environmental impact assessment review,0195-9255,true,,
IEEE potentials,0278-6648,true,,
IEEE transactions on professional communication,0361-1434,true,,
Optics and photonics news (Print),1047-6938,true,,
Journal of interactive marketing,1094-9968,true,,
Praxis (Bern. 1994),1661-8157,true,,
Renewable agriculture and food systems (Print),1742-1705,true,,
Archiv für Rechts- und Sozialphilosophie = Archives for philosophy of law and social philosophy,0001-2343,true,,
Acta Anaesthesiologica Belgica,0001-5164,true,,
Agricultural finance review,0002-1466,true,,
The American journal of legal history,0002-9319,true,,
American journal of psychotherapy,0002-9564,true,,
The American sociologist,0003-1232,true,,
Apeiron,0003-6390,true,,
Book bird (Basel),0006-7377,true,,
Spisanie na Bʺlgarskoto geologičesko družestvo (Print) = Zeitschrift der Bulgarischen geologischen Gesellschaft,0007-3938,true,,
Byzantinoslavica (Praha. Print),0007-7712,true,,
Cahiers de droit (Québec),0007-974X,true,,
Cahiers d'études africaines,0008-0055,true,,
Canadian journal of African studies = Journal canadien des études africaines,0008-3968,true,,
China report (New Delhi),0009-4455,true,,
Downside review,0012-5806,true,,
Educational studies (Ames),0013-1946,true,,
Educational theory,0013-2004,true,,
Enfance (Paris. 1948),0013-7545,true,,
European Judaism,0014-3006,true,,
Quærendo (Print),0014-9527,true,,
Fennia (Helsinki. 1889. Painettu),0015-0010,true,,
Foreign Trade Review,0015-7325,true,,
Genus (Testo stampato),0016-6987,true,,
IIC (München),0018-9855,true,,
ITL. Institut voor Toegepaste Linguistiek,0019-0829,true,,
Industrial relations journal (London. Print),0019-8692,true,,
Informationen aus Orthodontie und Kieferorthopädie,0020-0336,true,,
International journal of early childhood = Revista internacional de la infancia pre-escolar,0020-7187,true,,
International journal of mathematical education in science and technology,0020-739X,true,,
International journal of mental health,0020-7411,true,,
International journal of sociology,0020-7659,true,,
International review of education = Revue internationale de pédagogie,0020-8566,true,,
International social security review (Print),0020-871X,true,,
Israel law review,0021-2237,true,,
The Jewish quarterly review,0021-6682,true,,
Journal of contemporary psychotherapy,0022-0116,true,,
Journal of criminal law (Hertford),0022-0183,true,,
Journal of educational administration and history,0022-0620,true,,
Journal of transport history,0022-5266,true,,
Louvain Studies (Printed),0024-6964,true,,
McGill journal of education = Revue des sciences de l'éducation de McGill,0024-9033,true,,
Metron (Testo stampato),0026-1424,true,,
"Monatshefte (Madison, Wis. 1946)",0026-9271,true,,
Naval War College review,0028-1484,true,,
New Blackfriars,0028-4289,true,,
Tidsskrift for Den norske lægeforening (1945.  Trykt utg.) = Journal of the Norwegian Medical Association,0029-2001,true,,
Nucleus (Calcutta),0029-568X,true,,
Nursing forum (Hillsdale),0029-6473,true,,
Paediatrica Indonesiana,0030-9311,true,,
Pastoral psychology,0031-2789,true,,
The Physical educator,0031-8981,true,,
The Polish review (New York. 1956),0032-2970,true,,
Politička misao,0032-3241,true,,
Population review,0032-471X,true,,
Matériaux et techniques,0032-6895,true,,
"Psyche (Cambridge, Mass.)",0033-2615,true,,
Psychological Studies,0033-2968,true,,
Rabels Zeitschrift für ausländisches und internationales Privatrecht = Rabel journal of comparative and international private law (Print),0033-7250,true,,
Raumforschung und Raumordnung = Spatial research and planning (Print),0034-0111,true,,
Research in education (Manchester),0034-5237,true,,
Review of social economy,0034-6764,true,,
Revista de administração pública (Impresso),0034-7612,true,,
Revista de História (São Paulo. Impresso),0034-8309,true,,
Revista do Serviço Público (Impresso),0034-9240,true,,
Revista hispánica moderna,0034-9593,true,,
Revue économique (Paris. 1950),0035-2764,true,,
Roczniki Humanistyczne,0035-7707,true,,
Rőmische Quartalschrift fűr christliche Altertumskunde und Kirchengeschichte,0035-7812,true,,
Slavia (Praha. Print),0037-6736,true,,
South African statistical journal = Suid-Afrikaanse Statistiese Tydskrif,0038-271X,true,,
Teorija in praksa,0040-3598,true,,
Theology (Norwich),0040-571X,true,,
Town planning review,0041-0020,true,,
University of Western Australia law review,0042-0328,true,,
Voprosy èkonomiki,0042-8736,true,,
Die Welt des Orients,0043-2547,true,,
Word (Worcester),0043-7956,true,,
Business and society review (1974),0045-3609,true,,
Moreana (Angers),0047-8105,true,,
Rehabilitación (Madrid. Ed. impresa),0048-7120,true,,
Rivista italiana di scienza politica = Italian political science review,0048-8402,true,,
Anuario de psicología,0066-5126,true,,
Analele Universităţii Bucureşti. Filosofie (Print. 1977),0068-3175,true,,
Journal of child psychotherapy,0075-417X,true,,
Textus,0082-3767,true,,
Studi e saggi linguistici (Testo stampato),0085-6827,true,,
Missiology,0091-8296,true,,
East central europe (Pittsburgh) = Europe du centre-est,0094-3037,true,,
Southeastern Europe (Pittsburgh) = Europe du Sud-Est,0094-4467,true,,
Estudos Teológicos (Impresso),0101-3130,true,,
Ilha do Desterro (Impresso),0101-4846,true,,
Perspectiva Teológica (Impresso),0102-4469,true,,
O Eixo e a Roda (Impresso),0102-4809,true,,
Caligrama (Belo Horizonte. Impresso),0103-2178,true,,
Pacific accounting review,0114-0582,true,,
Philippiniana sacra (Print),0115-9577,true,,
Lingüística y Literatura,0120-5587,true,,
Turismo y Sociedad (Bogotá),0120-7555,true,,
Cuadernos de Literatura (Pontificia Universidad Javeriana),0122-8102,true,,
Palabra Clave,0122-8285,true,,
Ciencia y Tecnología Agropecuaria (Bogotá. Impreso),0122-8706,true,,
Pertanika journal of social science & humanities,0128-7702,true,,
Mirovaâ èkonomika i meždunarodnye otnošeniâ,0131-2227,true,,
Studia Semiotyczne,0137-6608,true,,
Bulletin of the Section of Logic,0138-0680,true,,
Library management,0143-5124,true,,
Prose studies,0144-0357,true,,
International journal of sociology and social policy,0144-333X,true,,
Journal of economic studies (Bradford),0144-3585,true,,
Teaching public administration,0144-7394,true,,
The Liverpool law review (Print),0144-932X,true,,
Communication quarterly,0146-3373,true,,
Ming studies,0147-037X,true,,
Contemporary French civilization,0147-9156,true,,
"Journal of accounting, auditing & finance",0148-558X,true,,
Journal of economics and business,0148-6195,true,,
The Wallace Stevens journal,0148-7132,true,,
Italian culture (Print),0161-4622,true,,
Journal for the education of the gifted,0162-3532,true,,
Ageing international,0163-5158,true,,
Netherlands international law review (Print),0165-070X,true,,
International journal of the sociology of language,0165-2516,true,,
Intertax (Deventer),0165-2826,true,,
Bulletin (KNOB),0166-0470,true,,
Grotiana,0167-3831,true,,
Journal of consumer policy,0168-7034,true,,
Mission studies,0168-9789,true,,
Journal of cross-cultural gerontology,0169-3816,true,,
World patent information,0172-2190,true,,
Journal für Mathematik-Didaktik,0173-5322,true,,
Jahrbuch für Regionalwissenschaft = Review of regional research,0173-7600,true,,
Revue d'économie régionale et urbaine,0180-7307,true,,
International journal of public administration,0190-0692,true,,
Ocean yearbook,0191-8575,true,,
William Carlos Williams review,0196-6286,true,,
Visual resources,0197-3762,true,,
Skandinavskaâ filologiâ,0202-2397,true,,
Philologia classica,0202-2532,true,,
Starobʺlgaristika = Palaeobulgarica,0204-4021,true,,
Revista de musicología,0210-1459,true,,
Aula abierta,0210-2773,true,,
Verba,0210-377X,true,,
Anales de literatura hispanoamericana,0210-4547,true,,
Habis,0210-7694,true,,
Revista de historia de la psicología,0211-0040,true,,
Cuadernos de prehistoria y arqueología,0211-1608,true,,
Enrahonar (Bellaterra),0211-402X,true,,
Educar,0211-819X,true,,
Cauce (Sevilla),0212-0410,true,,
Debats (Valencia),0212-0585,true,,
Documents d'anàlisi geogràfica,0212-1573,true,,
Revista de llengua i dret,0212-5056,true,,
Estudios de linguística,0212-7636,true,,
Gerión (Madrid),0213-0181,true,,
Veleia,0213-2095,true,,
Investigaciones geográficas,0213-4691,true,,
Minerva (Valladolid),0213-9634,true,,
Cuadernos de trabajo social (1988),0214-0314,true,,
Cuadernos de historia contemporánea,0214-400X,true,,
Cuadernos de historia moderna,0214-4018,true,,
International journal of theoretical and applied finance,0219-0249,true,,
International journal of innovation and technology management (Print),0219-8770,true,,
Refuge (Toronto. English edition),0229-5113,true,,
Bulletin de la Société préhistorique française,0249-7638,true,,
Communicatio (Pretoria),0250-0167,true,,
Tourism Recreation Research (Print),0250-8281,true,,
Acta mathematica Vietnamica,0251-4184,true,,
Journal of information & optimization sciences,0252-2667,true,,
Iranian journal of medical sciences,0253-0716,true,,
Scriptura,0254-1807,true,,
Economía (Lima),0254-4415,true,,
Debates en sociología,0254-9220,true,,
Revista de psicología (Pontificia Universidad Católica del Perú),0254-9247,true,,
Monumenta serica,0254-9948,true,,
Journal of international arbitration,0255-8106,true,,
Journal of research in childhood education,0256-8543,true,,
South African journal of african languages = Suid-Afrikaanse tydskrif vir afrikatale,0257-2117,true,,
Tydskrif vir die suid-afrikaanse reg = Journal of south african law,0257-7747,true,,
Literator (Cape Town. Print),0258-2279,true,,
South African Museums Association bulletin = Suid Afrikaanse Museums Assosiasie bulletin,0258-5049,true,,
SA journal of industrial psychology (Print),0258-5200,true,,
Journal of contemporary african studies,0258-9001,true,,
Journal of Northwest Semitic languages,0259-0131,true,,
French studies in Southern Africa,0259-0247,true,,
Per Linguam,0259-2312,true,,
Nutrition and health (Berkhamstead),0260-1060,true,,
International journal of lifelong education,0260-1370,true,,
Italianist,0261-4340,true,,
Social work education,0261-5479,true,,
Immigrants & minorities,0261-9288,true,,
Journal of management development,0262-1711,true,,
Pastoral care in education (Print),0264-3944,true,,
Probation journal,0264-5505,true,,
British journal of visual impairment,0264-6196,true,,
Transformation (Exeter),0265-3788,true,,
International journal of quality and reliability management,0265-671X,true,,
British journal of psychotherapy,0265-9883,true,,
Studies in the education of adults,0266-0830,true,,
South Asian studies (London),0266-6030,true,,
Psychoanalytic psychotherapy,0266-8734,true,,
International journal of adolescence and youth,0267-3843,true,,
Financial accountability & management (Print),0267-4424,true,,
Open learning,0268-0513,true,,
Anthropology today,0268-540X,true,,
Local economy,0269-0942,true,,
International review of applied economics,0269-2171,true,,
Planning practice + research (Print),0269-7459,true,,
Special care in dentistry,0275-1879,true,,
Erasmus of Rotterdam Society yearbook,0276-2854,true,,
Roeper review,0278-3193,true,,
Cahiers balkaniques (Paris),0290-7402,true,,
Education 3-13,0300-4279,true,,
Public health reviews,0301-0422,true,,
European journal of engineering education (Print),0304-3797,true,,
Cambridge anthropology,0305-7674,true,,
International journal of social economics,0306-8293,true,,
Asian affairs (London),0306-8374,true,,
RUSI (journal),0307-1847,true,,
Managerial finance,0307-4358,true,,
Adoption & fostering,0308-5759,true,,
Capital & class,0309-8168,true,,
Journal of further and higher education,0309-877X,true,,
Australian tax review,0311-094X,true,,
University of New South Wales law journal,0313-0096,true,,
The Australian journal of teacher education (Print),0313-5373,true,,
Issues in educational research (Print),0313-7155,true,,
Documentation et bibliothèques,0315-2340,true,,
Criminologie (Montreal),0316-0041,true,,
Canadian review of comparative literature = Revue canadienne de littérature comparée,0319-051X,true,,
Statistika (Praha. Print) = Journal of Official Statistics,0322-788X,true,,
Zeitschrift der Savigny-Stiftung für Rechtsgeschichte. Kanonistische Abteilung,0323-4142,true,,
IFLA journal,0340-0352,true,,
VSWG. Vierteljahrschrift für Sozial- und Wirtschaftsgeschichte,0340-8728,true,,
"Sprache, Stimme, Gehör",0342-0477,true,,
Nietzsche-Studien,0342-1422,true,,
GeoJournal,0343-2521,true,,
Publications de l'Institut Mathématique (Belgrade),0350-1302,true,,
Etnološka tribina,0351-1944,true,,
Tekstilec,0351-3386,true,,
Bogoslovska smotra = Ephemerides theologicae Zagrabienses,0352-3101,true,,
Zbornik Matice srpske za slavistiku = Review of slavic studies,0352-5007,true,,
Acta turistica (Zagreb),0353-4316,true,,
Urbani izziv (Tiskana izd.),0353-6483,true,,
Geographica Pannonica,0354-8724,true,,
Scandinavian economic history review (Jyväskylä),0358-5522,true,,
History in Africa,0361-5413,true,,
Lingvisticae investigationes (Print),0378-4169,true,,
Jahrbuch der Österreichischen Byzantinistik,0378-8660,true,,
South African journal of physiotherapy = Suid-Afrikaanse tydskrif fisioterapie,0379-6175,true,,
Santé mentale au Québec,0383-6320,true,,
IATSS research,0386-1112,true,,
Revue internationale de sociologie,0390-6701,true,,
Economia e politica industriale (Testo stampato) = Journal of industrial and business economics,0391-2078,true,,
Economic notes - Monte dei Paschi di Siena,0391-5026,true,,
Rivista di letteratura italiana (Testo stampato),0392-825X,true,,
La Cultura (1921. Testo stampato),0393-1560,true,,
The International spectator,0393-2729,true,,
Cristianesimo nella storia (Testo stampato),0393-3598,true,,
VS (Testo stampato),0393-8255,true,,
Psicoterapia e scienze umane (Testo stampato),0394-2864,true,,
Ekonomski pregled,0424-7558,true,,
Polish Yearbook of International Law = Annuaire Polonais de Droit International,0554-498X,true,,
Revista española de antropología americana,0556-6533,true,,
Anales galdosianos,0569-9924,true,,
Studi ispanici (Testo stampato),0585-492X,true,,
Atlantis (Wolfville),0702-7818,true,,
Loisir et société = Society and leisure (Quebec),0705-3436,true,,
Canadian journal of communication,0705-3657,true,,
Interventions économiques pour une alternative sociale,0715-3570,true,,
Cultura-hombre-sociedad (Impresa),0716-1557,true,,
Revista de ingeniería de construcción (Impresa),0716-2952,true,,
Comunicación y medios (Impresa),0716-3991,true,,
Logos (La Serena. Impresa),0716-7520,true,,
Revista de urbanismo,0717-5051,true,,
Medwave (Santiago),0717-6384,true,,
Revista mad,0718-0527,true,,
Revista INVI (Impresa),0718-1299,true,,
Materia arquitectura,0718-7033,true,,
Revista chilena de derecho y tecnología (Impresa),0719-2576,true,,
Cuadernos.info (Impresa),0719-3661,true,,
Revista de humanidades de Valparaíso (Impresa),0719-4234,true,,
Journal of pharmacy & pharmacognosy research,0719-4250,true,,
Medicine and law,0723-1393,true,,
Thesis eleven (Print),0725-5136,true,,
Journal of intercultural studies,0725-6868,true,,
"Journal of physical education, recreation & dance",0730-3084,true,,
Dimensions of critical care nursing,0730-4625,true,,
The Tocqueville review = Revue Tocqueville,0730-479X,true,,
Linguistics of the Tibeto-Burman area,0731-3500,true,,
The Journal of mathematical behavior,0732-3123,true,,
Alcoholism treatment quarterly (Print),0734-7324,true,,
Journal of accounting literature,0737-4607,true,,
Journal of Chinese religions,0737-769X,true,,
Computers in the schools,0738-0569,true,,
Occupational therapy in health care,0738-0577,true,,
Issues in accounting education,0739-3172,true,,
Faith and philosophy,0739-7046,true,,
Food & foodways,0740-9710,true,,
CALICO journal,0742-7778,true,,
The Journal of law and religion,0748-0814,true,,
Espace populations sociétés (Villeneuve d'Ascq),0755-7809,true,,
BMS. Bulletin de méthodologie sociologique = Bulletin of sociological methodology,0759-1063,true,,
NORA,0803-8740,true,,
Forum for development studies,0803-9410,true,,
Bulletin canadien d'histoire de la médecine = Canadian bulletin of medical history,0823-2105,true,,
Toronto journal of theology,0826-9831,true,,
Canadian journal of law and society = Revue canadienne droit et société,0829-3201,true,,
Trumpeter (Victoria),0832-6193,true,,
Canadian journal of law and jurisprudence,0841-8209,true,,
Historical studies in education = Revue d'histoire de l'éducation,0843-5057,true,,
International journal of maritime history,0843-8714,true,,
Public (Toronto),0845-4450,true,,
Vox Patrum,0860-9411,true,,
Symmetry (Budapest),0865-4824,true,,
Khoa học về Trái đất (Viện Hàn lâm Khoa học và Công nghệ Việt Nam) = Vietnam journal of Earth Sciences,0866-7187,true,,
Zagadnienia Filozoficzne w Nauce = Philosophical Problems in Science,0867-8286,true,,
Logos (Moskva),0869-5377,true,,
Hvmanitas (Coimbra),0871-1569,true,,
Psychologica (Coimbra),0871-4657,true,,
Disputatio (Lisboa),0873-626X,true,,
Journal of police and criminal psychology,0882-0783,true,,
Buddhist-Christian studies,0882-0945,true,,
Communication research reports,0882-4096,true,,
Children's Literature Association quarterly,0885-0429,true,,
The International journal of intelligence and counter intelligence,0885-0607,true,,
Journal of personal selling & sales management,0885-3134,true,,
Journal of health care chaplaincy,0885-4726,true,,
Residential treatment for children & youth,0886-571X,true,,
"The bottom line (New York, N.Y.)",0888-045X,true,,
Comparative economic studies,0888-7233,true,,
The Journal of private enterprise,0890-913X,true,,
Complex systems,0891-2513,true,,
"International journal of politics, culture, and society",0891-4486,true,,
Employee responsibilities and rights journal,0892-7545,true,,
Museum anthropology,0892-8339,true,,
City & society,0893-0465,true,,
"Antipodes (Brooklyn, New York, N.Y.)",0893-5580,true,,
Rethinking Marxism,0893-5696,true,,
Visual anthropology (Journal),0894-9468,true,,
Journal of pharmacy practice (Print),0897-1900,true,,
Journal of international food & agribusiness marketing,0897-4438,true,,
Journal of teaching in international business,0897-5930,true,,
Computer science education,0899-3408,true,,
Hobbes studies (Print),0921-5891,true,,
JET. Journal of empirical theology (Print),0922-2936,true,,
Review of quantitative finance and accounting,0924-865X,true,,
Studies in spirituality,0926-6453,true,,
Samuel Beckett today/aujourd'hui,0927-3131,true,,
Air & space law,0927-3379,true,,
The international journal of children's rights (Print),0927-5568,true,,
EC tax review,0928-2750,true,,
"European journal of crime, criminal law and criminal justice (Print)",0928-9569,true,,
European review of private law (Print) = Europäische Zeitschrift für Privatrecht,0928-9801,true,,
European journal of health law (Print),0929-0273,true,,
European journal of plastic surgery,0930-343X,true,,
KI. Künstliche Intelligenz (Oldenbourg),0933-1875,true,,
Pneumologie (Stuttgart),0934-8387,true,,
Management-Revue,0935-9915,true,,
International journal of cultural property,0940-7391,true,,
Allergo-Journal,0941-8849,true,,
Jewish studies quarterly,0944-5706,true,,
Production engineering (München),0944-6524,true,,
Industry & higher education,0950-4222,true,,
International journal of educational management,0951-354X,true,,
International journal of public sector management,0951-3558,true,,
Health services management research,0951-4848,true,,
Counselling psychology quarterly (Print),0951-5070,true,,
Higher education quarterly (Print),0951-5224,true,,
AI & society,0951-5666,true,,
QSE. International journal of qualitative studies in education (Print),0951-8398,true,,
British journal of special education (Print),0952-3383,true,,
Educational media international,0952-3987,true,,
International journal of comparative labour law and industrial relations,0952-617X,true,,
International journal of health care quality assurance,0952-6862,true,,
International journal for the semiotics of law = Revue internationale de sémiotique juridique,0952-8059,true,,
International journal of refugee law,0953-8186,true,,
Review of political economy,0953-8259,true,,
African journal of international and comparative law = Revue Africaine de droit international et compare,0954-8890,true,,
Japan forum (Oxford),0955-5803,true,,
Records management journal (London),0956-5698,true,,
Language learning journal,0957-1736,true,,
Women (Oxford. Print),0957-4042,true,,
Law and critique,0957-8536,true,,
Logos (London),0957-9656,true,,
The Curriculum journal,0958-5176,true,,
Small wars & insurgencies,0959-2318,true,,
"The International review of retail, distribution & consumer research (Print)",0959-3969,true,,
Development in practice (Print),0961-4524,true,,
International journal of pharmacy practice,0961-7671,true,,
International studies in sociology of education,0962-0214,true,,
Jewish historical studies,0962-9696,true,,
"Religion, state & society",0963-7494,true,,
Accounting education (London. Print),0963-9284,true,,
Therapeutic communities,0964-1866,true,,
Education economics (Print),0964-5292,true,,
Journal of social welfare & family law,0964-9069,true,,
Educational action research,0965-0792,true,,
Scottish affairs,0966-0356,true,,
International journal of early years education,0966-9760,true,,
International journal of law and information technology,0967-0769,true,,
Anthropology in action,0967-201X,true,,
Quality assurance in education,0968-4883,true,,
Financial history review,0968-5650,true,,
International journal of the legal profession,0969-5958,true,,
Women's writing,0969-9082,true,,
Progress in palliative care,0969-9260,true,,
Journal of Indian Council of Philosophical Research,0970-7794,true,,
Indian Journal of Thoracic and Cardiovascular Surgery (Print),0970-9134,true,,
Psychology and developing societies (Print),0971-3336,true,,
Indian Journal of Community Health (Print),0971-7587,true,,
Journal of obstetrics and gynecology of India (Print),0971-9202,true,,
Journal of social and economic development,0972-5792,true,,
Indian Journal of Palliative Care,0973-1075,true,,
International Journal of Applied Mathematics & Statistics,0973-1377,true,,
Collnet Journal of Scientometrics and Information Management,0973-7766,true,,
Diaspora studies (Print),0973-9572,true,,
Journal of hand and microsurgery (Print),0974-3227,true,,
Insight on Africa,0975-0878,true,,
International journal of system assurance engineering and management (Print),0975-6809,true,,
Journal of mid-life health (Print),0976-7800,true,,
Sankhya Series B (Print),0976-8386,true,,
Cahiers de narratologie,0993-8516,true,,
Revue du monde musulman et de la Méditerranée,0997-1327,true,,
World competition (Print),1011-4548,true,,
Agenda (Durban),1013-0950,true,,
Strategic review for Southern Africa = Strategiese oorsig vir Suider-Afrika,1013-1108,true,,
South African theatre journal,1013-7548,true,,
Journal for semitics = Tydskrif vir semitistiek,1013-8471,true,,
Current writing,1013-929X,true,,
Urban forum (Johannesburg),1015-3802,true,,
Cellular physiology and biochemistry (Print),1015-8987,true,,
International economic journal (Seoul),1016-8737,true,,
Fachsprache (1990),1017-3285,true,,
In die skriflig = In luce verbi,1018-6441,true,,
Düşünen Adam,1018-8681,true,,
Refugee survey quarterly,1020-4067,true,,
Papers on social representations. Thread of discussion = Arbeiten über soziale repräsentationen. Diskussionfelder,1021-5573,true,,
The South African journal of international affairs,1022-0461,true,,
Asian geographer,1022-5706,true,,
English teaching & learning,1023-7267,true,,
Health SA Gesondheid (Print),1025-9848,true,,
Österreichische Zeitschrift für Statistik,1026-597X,true,,
Polis (Moskva. Print),1026-9487,true,,
Journal of futures studies,1027-6084,true,,
Journal of the International Association for Shell and Spatial Structures,1028-365X,true,,
Iranian biomedical journal. (Print),1028-852X,true,,
Labour and industry (Brisbane),1030-1763,true,,
"Fabrications (Kensington, N.S.W.)",1033-1867,true,,
Mathematics education research journal,1033-2170,true,,
Literature and aesthetics (Print),1036-9368,true,,
International research in geographical and environmental education,1038-2046,true,,
Griffith law review,1038-3441,true,,
"Peace review (Palo Alto, Calif.)",1040-2659,true,,
The Eugene O'Neill review,1040-9483,true,,
The Journal of medical humanities,1041-3545,true,,
Constitutional political economy,1043-4062,true,,
Journal of applied aquaculture (Print),1045-4438,true,,
Journal of food products marketing,1045-4446,true,,
Preventing school failure,1045-988X,true,,
Criminal law forum,1046-8374,true,,
Simulation & gaming,1046-8781,true,,
Journal of management accounting research,1049-2127,true,,
Journal of nonprofit & public sector marketing,1049-5142,true,,
"Journal of herbs, spices & medicinal plants",1049-6475,true,,
Behavioral research in accounting,1050-4753,true,,
European romantic review,1050-9585,true,,
Journal of offender rehabilitation,1050-9674,true,,
Communication studies,1051-0974,true,,
"Remediation (New York, N.Y.)",1051-5658,true,,
The Qualitative report,1052-0147,true,,
Financial counseling and planning,1052-3073,true,,
"Journal of management education (Newbury Park, Calif.)",1052-5629,true,,
Journal of psychotherapy integration,1053-0479,true,,
Journal of social distress and the homeless,1053-0789,true,,
Publishing research quarterly,1053-8801,true,,
Technology and disability (Print),1055-4181,true,,
European education,1056-4934,true,,
International criminal justice review,1057-5677,true,,
Journal of multi-criteria decision analysis (Print),1057-9214,true,,
Visual anthropology review,1058-7187,true,,
Competitiveness review,1059-5422,true,,
"Domes (Milwaukee, Wis.)",1060-4367,true,,
"Journal of international accounting, auditing & taxation",1061-9518,true,,
Journal of vascular nursing,1062-0303,true,,
Nursing history review,1062-8061,true,,
Philosophy of music education review,1063-5734,true,,
Journal of current issues and research in advertising,1064-1734,true,,
Ergonomics in design,1064-8046,true,,
Journal of pastoral theology,1064-9867,true,,
Consulting psychology journal,1065-9293,true,,
Mathematical methods of statistics,1066-5307,true,,
The Journal of manual & manipulative therapy,1066-9817,true,,
The Journal of investing,1068-0896,true,,
Journal of Slavic linguistics,1068-2090,true,,
Agricultural and resource economics review,1068-2805,true,,
Journal of theoretical and philosophical psychology,1068-8471,true,,
"Symplokē (Bloomington, Ind.)",1069-0697,true,,
"Philosophy, psychiatry & psychology",1071-6076,true,,
Journal of political ecology,1073-0451,true,,
The Soviet and post-Soviet review,1075-1262,true,,
"Contagion (Greenville, N.C.)",1075-7201,true,,
Journal of world-systems research,1076-156X,true,,
Peace and conflict,1078-1919,true,,
Creative nursing,1078-4535,true,,
"Radiography (London, England. 1995)",1078-8174,true,,
"Peace economics, peace science, and public policy",1079-2457,true,,
Communication law and policy,1081-1680,true,,
Journal of education for students placed at risk,1082-4669,true,,
Physical therapy reviews,1083-3196,true,,
Home health care management & practice,1084-8223,true,,
Journal of developmental entrepreneurship,1084-9467,true,,
Journal of prevention & intervention in the community,1085-2352,true,,
Ethics and the environment,1085-6633,true,,
Strategic change (Print),1086-1718,true,,
Journal of poverty,1087-5549,true,,
Journal for the psychoanalysis of culture & society,1088-0763,true,,
"Comparative studies of South Asia, Africa, and the Middle East",1089-201X,true,,
Journal of dance medicine & science,1089-313X,true,,
Research in economics (Print) = Ricerche economiche,1090-9443,true,,
Public finance review,1091-1421,true,,
North American actuarial journal,1092-0277,true,,
Knowledge and process management (Print),1092-4604,true,,
Adoption quarterly (Print),1092-6755,true,,
Current treatment options in cardiovascular medicine (Print),1092-8464,true,,
The International journal of accounting,1094-4060,true,,
Sexuality & culture,1095-5143,true,,
"Journal of public budgeting, accounting & financial management",1096-3367,true,,
Thunderbird international business review (Print),1096-4762,true,,
"East Asia (Piscataway, N.J.)",1096-6838,true,,
Gender issues,1098-092X,true,,
"Tourism, culture & communication",1098-304X,true,,
Public integrity,1099-9922,true,,
Pneumōn (Athīna) = Pneumon,1105-848X,true,,
Annals of Gastroenterology,1108-7471,true,,
African Journal of Urology (Egypt. Print),1110-5704,true,,
The Egyptian Journal of Medical Human Genetics  (Print) = Al-Maǧallaẗ al-Miṣriyyaẗ al-'ilmiyyaẗ lil-amrāḍ al-wirāṯiyyaẗ,1110-8630,true,,
Journal of Agricultural Extension,1119-944X,true,,
Rivista di linguistica = Italian journal of linguistics,1120-2726,true,,
Archeologia e calcolatori (Testo stampato),1120-6861,true,,
Rivista pascoliana (Testo stampato),1120-8856,true,,
Annali di igiene medicina preventiva e di comunità,1120-9135,true,,
Labour (Roma. Print),1121-7081,true,,
Francofonia (Testo stampato),1121-953X,true,,
Monaldi archives for chest disease (Print) = Archivio Monaldi per le malattie del torace,1122-0643,true,,
Documenti e studi sulla tradizione filosofica medievale (Testo stampato),1122-5750,true,,
Micrologus (Testo stampato),1123-2560,true,,
Studi Kantiani (Testo stampato),1123-4938,true,,
Filologia mediolatina (Testo stampato),1124-0008,true,,
Hagiographica (Testo stampato),1124-1225,true,,
Uniform law review (Milano) = Revue de droit uniforme,1124-3694,true,,
Adamantius (Testo stampato),1126-6244,true,,
Memoria e Ricerca (Testo stampato),1127-0195,true,,
Annali di storia delle università italiane (Testo stampato),1127-8250,true,,
Didáctica (Madrid),1130-0531,true,,
Teoría de la educación,1130-3743,true,,
"Espacio, tiempo y forma. Serie VII, Historia del arte",1130-4715,true,,
Revista de psicoterapia,1130-5142,true,,
Sendebar (Granada),1130-5509,true,,
Cuadernos europeos de Deusto,1130-8354,true,,
Innovación educativa,1130-8656,true,,
Cuadernos de relaciones laborales,1131-8635,true,,
Philologia hispalensis,1132-0265,true,,
Cuadernos de ilustración y romanticismo,1132-8304,true,,
Obradoiro de historia moderna,1133-0481,true,,
Spal (Sevilla),1133-4525,true,,
Vegueta (Las Palmas de Gran Canaria),1133-598X,true,,
Ciudades (Valladolid),1133-6579,true,,
Pixel-Bit,1133-8482,true,,
"Revista electrónica de investigación y evaluación educativa = Electronic journal of educational research, assessment and evaluation",1134-4032,true,,
Arenal (Granada),1134-6396,true,,
Ansiedad y estrés,1134-7937,true,,
Boletín de la Asociación Internacional de Derecho Cooperativo,1134-993X,true,,
Procesamiento del lenguaje natural,1135-5948,true,,
Cuadernos de información y comunicación,1135-7991,true,,
European journal of anatomy,1136-4890,true,,
Lectora (Barcelona),1136-5781,true,,
Trans (Málaga),1137-2311,true,,
Moenia (Santiago de Compostela),1137-2346,true,,
Trípodos (Barcelona),1138-3305,true,,
Revista de derecho comunitario europeo,1138-4026,true,,
Profesorado (Granada),1138-414X,true,,
Edad Media,1138-9621,true,,
Revista de investigación lingüística,1139-1146,true,,
Hermeneus (Soria),1139-7489,true,,
Thélème (Madrid. 1998),1139-9368,true,,
Annals of leisure research,1174-5398,true,,
Biomarker insights,1177-2719,true,,
Biologics,1177-5475,true,,
Environmental health insights,1178-6302,true,,
Health services insights,1178-6329,true,,
Clinical and experimental gastroenterology,1178-7023,true,,
International journal of nephrology and renovascular disease,1178-7058,true,,
"Drug, healthcare and patient safety",1179-1365,true,,
HIV/AIDS (Auckland),1179-1373,true,,
Medical devices (Auckl.),1179-1470,true,,
Open access journal of sports medicine,1179-1543,true,,
"Adolescent health, medicine and therapeutics",1179-318X,true,,
Journal of healthcare leadership,1179-3201,true,,
Degenerative neurological and neuromuscular disease,1179-9900,true,,
Tangence (Rimouski),1189-4563,true,,
Journal of Hebrew scriptures,1203-1542,true,,
Lumen (Edmonton) = Travaux choisis de la Société canadienne d'étude du dix-huitième siècle,1209-3696,true,,
Slovak journal of civil engineering (Tlačené vydanie),1210-3896,true,,
Stavební obzor (Print) = Civil Engineering Journal,1210-4027,true,,
"Scientific Papers of the University of Pardubice. Series D, Faculty of Economics and Administration (Print)",1211-555X,true,,
Studia Universitatis Babeş-Bolyai. Philologia (Print),1220-0484,true,,
Studia Universitatis Babeş-Bolyai. Philosophia (Print),1221-8138,true,,
Journal of economic integration (Seoul. Print),1225-651X,true,,
European Spatial Research and Policy,1231-1952,true,,
Slavia Meridionalis,1233-6173,true,,
Nordic journal of African studies (Painettu),1235-4481,true,,
TAL. Traitement automatique des langues,1248-9433,true,,
"Cybergeo = Cybergeo, european journal of geography",1278-3366,true,,
M@n@gement (Paris. 1998),1286-4692,true,,
Insight Turkey,1302-177X,true,,
Anatolia an international journal of tourism and hospitality,1303-2917,true,,
Turkish policy quarterly,1303-5754,true,,
Psikoloji çalışmaları = Studies in Psychology,1304-4680,true,,
Türkiye acil tıp dergisi,1304-7361,true,,
Eurasian economic review,1309-422X,true,,
Epohi,1310-2141,true,,
Cybernetics and Information Technologies,1311-9702,true,,
International Journal on Information Technologies and Security,1313-8251,true,,
Bʺlgarsko e-Spisanie za Arheologiâ = Bulgarian e-Journal of Archaeology,1314-5088,true,,
Espacio abierto (Caracas),1315-0006,true,,
Organizacija (Kranj. Tiskana izd.),1318-5454,true,,
Journal of law and medicine,1320-159X,true,,
Research studies in music education (Print),1321-103X,true,,
Monash bioethics review,1321-2753,true,,
Asian review of accounting,1321-7348,true,,
Law/text/culture (Print),1322-9060,true,,
Journal of Iberian and Latin American Studies,1326-0219,true,,
Jezikoslovlje,1331-7202,true,,
Psihologijske teme = Psychological topics,1332-0742,true,,
Tourism (Zagreb),1332-7461,true,,
Interdisciplinary description of complex systems (Tisak),1334-4684,true,,
Politické vedy (Tlačené vydanie) = Political sciences,1335-2741,true,,
SKASE Journal of theoretical linguistics,1336-782X,true,,
Journal of comparative politics (Tlačené vydanie),1337-7477,true,,
Acta missiologica (Tlačené vydanie),1337-7515,true,,
Topics in linguistics,1337-7590,true,,
The NISPAcee journal of public administration and policy (Tlačené vydanie),1337-9038,true,,
Communication today (Trnava),1338-130X,true,,
Asian Englishes,1348-8678,true,,
Social identities (Print),1350-4630,true,,
Building acoustics,1351-010X,true,,
Constellations (Oxford. Print),1351-0487,true,,
Qualitative market research,1352-2752,true,,
Journal of marketing communications (Print),1352-7266,true,,
Team performance management,1352-7592,true,,
Nationalism & ethnic politics,1353-7113,true,,
Quality in higher education,1353-8322,true,,
European public law,1354-3725,true,,
Journal of quality in maintenance engineering,1355-2511,true,,
Theology and sexuality,1355-8358,true,,
Space & polity,1356-2576,true,,
International planning studies,1356-3475,true,,
International journal of the economics of business (Print),1357-1516,true,,
Sartre studies international,1357-1559,true,,
Journal of legislative studies,1357-2334,true,,
Journal of urban design (Abingdon),1357-4809,true,,
Mortality (Abingdon),1357-6275,true,,
Education for health (Abingdon. Print),1357-6283,true,,
International journal of palliative nursing,1357-6321,true,,
Journal of financial regulation and compliance,1358-1988,true,,
Physiotherapy research international,1358-2267,true,,
International journal of discrimination and the law,1358-2291,true,,
Tertiary education and management,1358-3883,true,,
Changing English (Print),1358-684X,true,,
British journal of music therapy (1995),1359-4575,true,,
Regional & federal studies,1359-7566,true,,
Oxford development studies,1360-0818,true,,
Global society,1360-0826,true,,
Information & communications technology law,1360-0834,true,,
International journal of leadership in education (Print),1360-3124,true,,
International journal of training and development (Print),1360-3736,true,,
Journal of bodywork and movement therapies,1360-8592,true,,
Mentoring & tutoring,1361-1267,true,,
Journal of North African studies,1362-9387,true,,
Trusts & trustees,1363-1780,true,,
School leadership and management (Print),1363-2434,true,,
Journal of communication management (London),1363-254X,true,,
Emotional and behavioural difficulties,1363-2752,true,,
Corporate reputation review,1363-3589,true,,
Journal of vocational education & training,1363-6820,true,,
Journal of education and work,1363-9080,true,,
International journal of innovation management,1363-9196,true,,
"European journal of psychotherapy, counselling and health (Print)",1364-2537,true,,
Edinburgh law review,1364-9809,true,,
Improving schools,1365-4802,true,,
Medieval sermon studies,1366-0691,true,,
Teacher development (Wallingford),1366-4530,true,,
Journal of workplace learning,1366-5626,true,,
"Community, work & family (Print)",1366-8803,true,,
"Mental health, religion & culture",1367-4676,true,,
Human resource development international,1367-8868,true,,
Media history,1368-8804,true,,
Sports engineering (Print),1369-7072,true,,
Critical review of international social and political philosophy,1369-8230,true,,
Educational research and evaluation,1380-3611,true,,
Medieval encounters (Print),1380-7854,true,,
The Journal of ethics,1382-4554,true,,
The Journal of management and governance (Print),1385-3457,true,,
International journal on minority and group rights (Print),1385-4879,true,,
Netnomics (Bussum),1385-9587,true,,
Learning environments research,1387-1579,true,,
Written language and literacy (Print),1387-6732,true,,
Languages in contrast (Print),1387-6759,true,,
Journal of the history of international law = Revue d'histoire du droit international,1388-199X,true,,
European journal of social security,1388-2627,true,,
NORDICOM review,1403-1108,true,,
La Colmena (Impresa),1405-6313,true,,
Interlitteraria,1406-0701,true,,
Wacana (Depok),1411-2272,true,,
Cadernos de Tradução (Florianópolis. Impresso),1414-526X,true,,
Studies in agricultural economics (Budapest),1418-2106,true,,
The Journal of world intellectual property,1422-2213,true,,
JMM (Sankt Gallen. Printed ed.),1424-1277,true,,
Logic and Logical Philosophy,1425-3305,true,,
Kierkegaard studies,1430-5372,true,,
International journal of practical theology,1430-6921,true,,
International journal on digital libraries (Print),1432-5012,true,,
Environmental economics and policy studies (Print),1432-847X,true,,
Information Wissenschaft und Praxis = Information science and practice,1434-4653,true,,
Archiv für Religionsgeschichte,1436-3038,true,,
Internationale katholische Zeitschrift Communio (1995),1439-6165,true,,
Critical horizons,1440-9917,true,,
Australasian marketing journal,1441-3582,true,,
Journal of religious education (Dickson),1442-018X,true,,
Journal of occupational science (Print),1442-7591,true,,
International sports studies,1443-0770,true,,
Qualitative research journal (Print),1443-9883,true,,
The international journal of training research,1448-0220,true,,
Temida (Beograd),1450-6637,true,,
Serbian Journal of Management,1452-4864,true,,
Hermeneia (Iaşi. Print),1453-9047,true,,
Crime prevention and community safety,1460-3780,true,,
National identities (Print),1460-8944,true,,
AILA review = Revue de l'AILA,1461-0213,true,,
Reformation & Renaissance review,1462-2459,true,,
Political theology,1462-317X,true,,
Journal of genocide research (Print),1462-3528,true,,
Reflective practice (Print),1462-3943,true,,
Journal of small business and enterprise development,1462-6004,true,,
Asian ethnicity (Print),1463-1369,true,,
International journal of health promotion and education,1463-5240,true,,
Benchmarking (Bradford),1463-5771,true,,
Journal of property investment and finance (Print),1463-578X,true,,
Contemporary issues in early childhood,1463-9491,true,,
Inner Asia,1464-8172,true,,
Soccer and society,1466-0970,true,,
Commonwealth & comparative politics,1466-2043,true,,
Cochlear implants international,1467-0100,true,,
Tourism and hospitality research,1467-3584,true,,
Intercultural education (London. Print),1467-5986,true,,
Journal of conflict and security law (Print),1467-7954,true,,
"Conflict, security, development",1467-8802,true,,
Global social policy,1468-0181,true,,
"Pedagogy, culture & society",1468-1366,true,,
Journal of change management,1469-7017,true,,
Journal of Iberian and Latin American studies (Abingdon. Print),1470-1847,true,,
Journal of asset management,1470-8272,true,,
Journal of research in special educational needs,1471-3802,true,,
Quality in ageing,1471-7794,true,,
International journal of innovation and learning (Print),1471-8197,true,,
Corporate governance (Bradford),1472-0701,true,,
Journal of public affairs,1472-3891,true,,
Journal of ecotourism,1472-4049,true,,
"Forests, trees and livelihoods",1472-8028,true,,
Counselling and psychotherapy research,1473-3145,true,,
Journal of romance studies,1473-3536,true,,
Studies in ethnicity and nationalism,1473-8481,true,,
Education for primary care (Print),1473-9879,true,,
Arts and humanities in higher education,1474-0222,true,,
International journal for the study of the Christian church,1474-225X,true,,
International journal of environment and sustainable development,1474-6778,true,,
London review of education (Print),1474-8460,true,,
European journal of political theory,1474-8851,true,,
Defense and security analysis (Print),1475-1798,true,,
Journal of research in international education,1475-2409,true,,
Psychodynamic practice (Print),1475-3634,true,,
Culture and religion (Print),1475-5610,true,,
French politics (Print),1476-3419,true,,
Journal of Chinese economic and business studies (Print),1476-5284,true,,
"Journal of management, spirituality & religion",1476-6086,true,,
Journal of revenue and pricing management (Print),1476-6930,true,,
"Globalisation, societies and education (Print)",1476-7724,true,,
Journal of integrated care (Brighton),1476-9018,true,,
Journal of international trade law & policy,1477-0024,true,,
International journal of internet marketing and advertising,1477-5212,true,,
Surveillance & society (Online),1477-7487,true,,
Aramaic studies,1477-8351,true,,
International journal of learning technology (Print),1477-8386,true,,
Technoetic arts,1477-965X,true,,
Person-centered and experiential psychotherapies,1477-9757,true,,
History compass,1478-0542,true,,
International journal of architectural computing,1478-0771,true,,
EuroChoices (Uckfield),1478-0917,true,,
Policy futures in education (Online),1478-2103,true,,
Musculoskeletal care,1478-2189,true,,
Atlantic studies (Abingdon),1478-8810,true,,
New writing,1479-0726,true,,
Electronic journal of e-Learning,1479-4403,true,,
International journal of performance arts and digital media,1479-4713,true,,
Research in mathematics education,1479-4802,true,,
International journal of learning and intellectual capital (Print),1479-4853,true,,
The journal of Scottish philosophy,1479-6651,true,,
Future neurology,1479-6708,true,,
Journal for cultural research (Print),1479-7585,true,,
Canadian journal of applied linguistics = Revue canadienne de linguistique appliquée,1481-868X,true,,
Journal of international migration and integration,1488-3473,true,,
Mouseion (Calgary),1496-9343,true,,
Belphégor (Halifax),1499-7185,true,,
Scandinavian journal of disability research,1501-7419,true,,
Ibsen studies,1502-1866,true,,
Revista de Direito Sanitário (Impresso) = Journal of Health Law,1516-4179,true,,
Via Atlântica (Impresso),1516-5159,true,,
Desenvolvimento e meio ambiente (Impresso),1518-952X,true,,
Diálogo (Canoas. Impresso),1519-3640,true,,
Soletras (São Gonçalo. Impresso),1519-7778,true,,
Journal of technology in human services,1522-8835,true,,
Journal of African business,1522-8916,true,,
Techniques in shoulder & elbow surgery (Print),1523-9896,true,,
Health promotion practice,1524-8399,true,,
Interdisciplinary literary studies,1524-8429,true,,
"Human rights review (Piscataway, N.J.)",1524-8879,true,,
International journal of hospitality & tourism administration,1525-6480,true,,
Event management,1525-9951,true,,
The journal of risk finance,1526-5943,true,,
Journal of family communication (Print),1526-7431,true,,
"Policy, politics, & nursing practice",1527-1544,true,,
Journal of quality assurance in hospitality & tourism (Print),1528-008X,true,,
"Identity (Mahwah, N.J.)",1528-3488,true,,
International journal of testing,1530-5058,true,,
Family court review,1531-2445,true,,
J. ethn. cult. divers. soc. work,1531-3204,true,,
Election law journal,1533-1296,true,,
Journal of Internet commerce,1533-2861,true,,
Services marketing quarterly,1533-2969,true,,
"Traumatology (Tallahassee, Fla. Print)",1534-7656,true,,
Journal of intergenerational relationships,1535-0770,true,,
Black camera,1536-3155,true,,
"Management research (Armonk, N.Y.)",1536-5433,true,,
Conflict resolution quarterly,1536-5581,true,,
Panace@ (Online),1537-1964,true,,
Journal of political marketing (Print),1537-7857,true,,
Popular communication (Print),1540-5702,true,,
Journal of transformative education,1541-3446,true,,
The interdisciplinary journal of problem-based learning,1541-5015,true,,
The journal of pastoral care & counseling,1542-3050,true,,
Journal of peacebuilding & development (Print),1542-3166,true,,
Journal of religion & spirituality in social work,1542-6432,true,,
"The journal of American culture (Malden, Mass. 2003)",1542-7331,true,,
Nineteenth-century art worldwide,1543-1002,true,,
Economics bulletin,1545-2921,true,,
Atlantic journal of communication,1545-6870,true,,
Journal of investment management,1545-9144,true,,
Current heart failure reports,1546-9530,true,,
Journal of convention & event tourism,1547-0148,true,,
The Chinese historical review = Zhongguo li shi ping lun,1547-402X,true,,
"Labor (Durham, N.C.)",1547-6715,true,,
Newman studies journal,1547-9080,true,,
Journal of information technology education (Print),1547-9714,true,,
Current sexual health reports,1548-3584,true,,
International journal of electronic government research,1548-3886,true,,
International journal of technology and human interaction,1548-3908,true,,
Religion & education,1550-7394,true,,
Journal of political science education,1551-2169,true,,
Foundations and trends in entrepreneurship,1551-3114,true,,
"Journal of religion, spirituality & aging",1552-8030,true,,
International journal of strategic communication,1553-118X,true,,
American journal of sexuality education,1554-6128,true,,
Annual review of cybertherapy and telemedicine (Print),1554-8716,true,,
Foundations and trends in marketing,1555-0753,true,,
Journal of cognitive engineering and decision making,1555-3434,true,,
Journal of workplace behavioral health,1555-5240,true,,
Biological theory,1555-5542,true,,
"Politics & policy (Statesboro, Ga.)",1555-5623,true,,
"Innovations (Philadelphia, Pa.)",1556-9845,true,,
"Community development (Columbus, Ohio)",1557-5330,true,,
Recreational sports journal,1558-8661,true,,
Empirical musicology review,1559-5749,true,,
International journal of artificial intelligence in education (Print),1560-4292,true,,
Police practice & research,1561-4263,true,,
The International journal of construction management,1562-3599,true,,
The Southern African journal of critical care,1562-8264,true,,
"Journal of industry, competition and trade",1566-1679,true,,
Journal of Greek linguistics (Print),1566-5844,true,,
Legal issues of economic integration,1566-6573,true,,
Public organization review,1566-7170,true,,
GIM international,1566-9076,true,,
International criminal law review,1567-536X,true,,
L1 educational studies in languages and literature,1567-6617,true,,
Journal of cognition and culture (Print),1567-7095,true,,
KronoScope (Leiden),1567-715X,true,,
The international sports law journal,1567-7559,true,,
Comparative sociology (Print),1569-1322,true,,
The Law and practice of international courts and tribunals (Print),1569-1853,true,,
Global trade and customs journal (Print),1569-755X,true,,
Leadership and policy in schools,1570-0763,true,,
Information polity,1570-1255,true,,
Journal of academic ethics (Print),1570-1727,true,,
International journal of river basin management,1571-5124,true,,
Intervention (Amstelveen. Print),1571-8883,true,,
International organizations law review (Print),1572-3739,true,,
European company law,1572-4999,true,,
Journal of conflict archaeology (Print),1574-0773,true,,
Current drug safety (Print),1574-8863,true,,
Revista española de ciencia política,1575-6548,true,,
Iberoamericana (Madrid),1577-3388,true,,
América sin nombre,1577-3442,true,,
Revista internacional de psicología y terapia psicológica = International journal of psychology and psychological therapy,1577-7057,true,,
DeSignis (Barcelona),1578-4223,true,,
International journal of English studies,1578-7044,true,,
Ager (Zaragoza),1578-7168,true,,
Revista Tradumàtica,1578-7559,true,,
RED. Revista de educación a distancia (Murcia),1578-7680,true,,
Acción psicológica,1578-908X,true,,
Medicina balear,1579-5853,true,,
Romanian Journal of European Affairs (Print),1582-8271,true,,
Filosofia e questioni pubbliche (Testo stampato),1591-0660,true,,
Giornale italiano di psicopatologia (Testo stampato),1592-1107,true,,
Rivista di psicolinguistica applicata (Testo stampato),1592-1328,true,,
Giornale italiano di medicina del lavoro ed ergonomia,1592-7830,true,,
Studia theodisca (Milano. Testo stampato),1593-2478,true,,
Studia austriaca (Testo stampato),1593-2508,true,,
Decisions in economics and finance (Print) = DAF,1593-8883,true,,
Itineraria (Testo stampato),1594-1019,true,,
Linguistica e filologia (Testo stampato),1594-6517,true,,
"Forum (Korean Society of Conference Interpretation, École supérieure d'interprètes et de traducteurs) = International journal of interpretation and translation",1598-7647,true,,
Túshū zīxùn xuékān = Journal of library and information studies,1606-7509,true,,
World leisure journal,1607-8055,true,,
IT. Information technology (Print),1611-2776,true,,
International economics and economic policy (Print),1612-4804,true,,
European company and financial law review (Print),1613-2548,true,,
Journal for European environmental & planning law (Print),1613-7272,true,,
European journal for sport and society,1613-8171,true,,
International journal of information ethics,1614-1687,true,,
Glottometrics (Lüdenscheid. Print),1617-8351,true,,
Politique européenne (Paris),1623-6297,true,,
Supply chain forum (Print),1625-8312,true,,
Methodos (Villeneuve-d'Ascq),1626-0600,true,,
In situ (Paris),1630-7305,true,,
European journal of orthopaedic surgery & traumatology,1633-8065,true,,
Médecine palliative (Print),1636-6522,true,,
International Maritime Health,1641-9251,true,,
"Anaesthesiology, Intensive Therapy = Anestezjologia, Intensywna Terapia",1642-5758,true,,
Media & jornalismo,1645-5681,true,,
Conservar património,1646-043X,true,,
Aviation (Vilnius. Spausdinta),1648-7788,true,,
WMU journal of maritime affairs,1651-436X,true,,
Film international (Lund),1651-6826,true,,
Journal of media business studies,1652-2354,true,,
Asian journal of agriculture and development,1656-4383,true,,
Revista de Arquitectura (Bogotá) (Impreso),1657-0308,true,,
Praxis (Universidad del Magdalena),1657-4915,true,,
Oasis (Universidad Externado de Colombia),1657-7558,true,,
The journal of world investment & trade,1660-7112,true,,
Case reports in oncology,1662-6575,true,,
Case reports in neurology,1662-680X,true,,
Case reports in ophthalmology,1663-2699,true,,
International journal of engineering research in Africa (Print),1663-3571,true,,
Cerebrovascular diseases. Extra,1664-5456,true,,
Frontiers of Education in China (Print),1673-341X,true,,
Frontiers of Philosophy in China (Print),1673-3436,true,,
Frontiers of Literary Studies in China (Print),1673-7318,true,,
Frontiers of Business Research in China (Print),1673-7326,true,,
Asia-Pacific management accounting journal,1675-3194,true,,
GEMA (Bangi),1675-8021,true,,
ETD. Educação Temática Digital,1676-2592,true,,
Revista Virtual de Estudos da Linguagem,1678-8931,true,,
Einstein (São Paulo. Impresso),1679-4508,true,,
Horizonte (Belo Horizonte. Impresso),1679-9615,true,,
The Electronic journal on information systems in developing countries,1681-4835,true,,
Architecture South Africa,1682-9387,true,,
"Journal of the Egyptian Women's Dermatologic Society  (Print) = Magalla""t al-Gam`iyyah al-Mi.sriyyah li-.Tabibaat al-Amraa.d al-Gildiyyah",1687-1537,true,,
Applied and environmental soil science (Print),1687-7667,true,,
Journal of toxicology (Print),1687-8191,true,,
Journal of probability and statistics (Print),1687-952X,true,,
Applied computational intelligence and soft computing (Print),1687-9724,true,,
Páginas de educación,1688-5287,true,,
International Journal of Instruction,1694-609X,true,,
Artnodes (Barcelona),1695-5951,true,,
Catalan journal of linguistics,1695-6885,true,,
"Cultura, ciencia y deporte",1696-5043,true,,
Revista general de derecho del trabajo y de la seguridad social,1696-9626,true,,
Revista general de derecho europeo,1696-9634,true,,
Revista general de derecho canónico y derecho eclesiástico del estado,1696-9669,true,,
Collectanea christiana orientalia,1697-2104,true,,
"Cultura, lenguaje y representación = Culture, language and representation",1697-7750,true,,
Foro de educación,1698-7799,true,,
Estudios irlandeses,1699-311X,true,,
Exemplaria classica,1699-3225,true,,
Relaciones internacionales (Madrid),1699-3950,true,,
E-legal history review (Madrid),1699-5317,true,,
Intermédialités (Montréal) = Intermediality,1705-8546,true,,
World journal of engineering,1708-5284,true,,
Evidence based library and information practice,1715-720X,true,,
@nalyses,1715-9261,true,,
Les ateliers de l'éthique (En ligne) = Ethics forum,1718-9977,true,,
Iconographica (Testo stampato),1720-1764,true,,
Ciclo evolutivo e disabilità = Life span and disability,1721-0151,true,,
Fictions (Ghezzano-La Fontina. Print),1721-3673,true,,
Rivista Italiana di Politiche Pubbliche (Testo stampato),1722-1137,true,,
Clinical Neuropsychiatry (Roma),1724-4935,true,,
Historia philosophica (Testo stampato),1724-6121,true,,
International journal of spatial data infrastructures research,1725-0463,true,,
SPIL plus,1726-541X,true,,
Žurnal issledovanij socialʹnoj politiki = The Journal of social policy studies,1727-0634,true,,
Public administration and policy,1727-2645,true,,
Journal of child and adolescent mental health (Print),1728-0583,true,,
Sociologičeskoe obozrenie (Print) = Sociological review,1728-192X,true,,
Liberabit,1729-4827,true,,
HIV & AIDS Review,1730-1270,true,,
Świat i Słowo,1731-3317,true,,
Bulletin of Geography. Socio-Economic Series,1732-4254,true,,
Diametros,1733-5566,true,,
Przegląd Socjologii Jakościowej,1733-8069,true,,
ARYA atherosclerosis (Print),1735-3955,true,,
Journal of peace education,1740-0201,true,,
Philosophy of management,1740-3812,true,,
Electronic government,1740-7494,true,,
International journal of media and cultural politics,1740-8296,true,,
International journal of innovation and sustainable development (Print),1740-8822,true,,
The international journal of productivity and performance management,1741-0401,true,,
International journal of knowledge and learning (Print),1741-1009,true,,
Studies in European cinema,1741-1548,true,,
International journal of therapy and rehabilitation,1741-1645,true,,
International journal of disclosure and governance,1741-3591,true,,
International journal of value chain management (Print),1741-5357,true,,
The journal of classics teaching,1741-7627,true,,
International journal of evidence based coaching and mentoring,1741-8305,true,,
Democracy and security,1741-9166,true,,
International journal of applied psychoanalytic studies,1742-3341,true,,
Manchester journal of international economic law,1742-3945,true,,
Global media and communication (Print),1742-7665,true,,
The clinical teacher (Print),1743-4971,true,,
International journal of research & method in education (Print),1743-727X,true,,
"Law, culture and the humanities (Print)",1743-8721,true,,
Journal of heritage tourism,1743-873X,true,,
International journal of managerial finance,1743-9132,true,,
Global crime (Print),1744-0572,true,,
Journal of private international law,1744-1048,true,,
Ecclesiology,1744-1366,true,,
Westminster papers in communication and culture (Print),1744-6708,true,,
Journal of multicultural discourses (Print),1744-7143,true,,
Journal of civil society (Print),1744-8689,true,,
Sikh formations (Print),1744-8727,true,,
Ethnopolitics (Print),1744-9057,true,,
International journal of prisoner health (Print),1744-9200,true,,
Accounting in Europe (Print),1744-9480,true,,
Ethics and education (Print),1744-9642,true,,
Journal of research in nursing (Print),1744-9871,true,,
Vulnerable children and youth studies (Print),1745-0128,true,,
Journal of visual communication in medicine (Print),1745-3054,true,,
Research in comparative and international education,1745-4999,true,,
Women's health (London. Print),1745-5057,true,,
Journal of banking regulation,1745-6452,true,,
Ethnography and education (Print),1745-7823,true,,
"Education, citizenship and social justice (Print)",1746-1979,true,,
Qualitative research in organizations and management (Print),1746-5648,true,,
Society and business review (Print),1746-5680,true,,
Research ethics review,1747-0161,true,,
Social responsibility journal,1747-1117,true,,
Journal of intellectual property law and practice (Print),1747-1532,true,,
Young consumers,1747-3616,true,,
"International journal of migration, health and social care",1747-9894,true,,
Annals of actuarial science (Print),1748-4995,true,,
Journal of location based services (Print),1748-9725,true,,
Corpora,1749-5032,true,,
Ethics & social welfare (Print),1749-6535,true,,
Intellectual history review,1749-6977,true,,
Religion compass,1749-8171,true,,
Language and linguistics compass,1749-818X,true,,
The economics of peace and security journal,1749-852X,true,,
Word structure (Print),1750-1245,true,,
Studies in documentary film (Print),1750-3280,true,,
Holocaust studies,1750-4902,true,,
Transforming government (Print),1750-6166,true,,
"International journal of culture, tourism and hospitality research (Print)",1750-6182,true,,
International journal of energy sector management (Print),1750-6220,true,,
"Media, war & conflict (Print)",1750-6352,true,,
Capital markets law journal (Print),1750-7219,true,,
Social enterprise journal (Print),1750-8614,true,,
Sociolinguistic studies (Print),1750-8649,true,,
"Sport, ethics and philosophy (Print)",1751-1321,true,,
Religions of South Asia (Print),1751-2689,true,,
International journal of electric and hybrid vehicles (Print),1751-4088,true,,
Place branding and public diplomacy (Print),1751-8040,true,,
Journal of Arab & Muslim media research (Print),1751-9411,true,,
Law and financial markets review (Print),1752-1440,true,,
International journal of applied nonlinear science (Print),1752-2862,true,,
Journal of war and culture studies (Print),1752-6272,true,,
"Journal of music, technology and education (Print)",1752-7066,true,,
International journal of technology enhanced learning (Print),1753-5255,true,,
Journal of adaptation in film & performance (Print),1753-6421,true,,
International journal of housing markets and analysis (Print),1753-8270,true,,
Journal of place management and development (Print),1753-8335,true,,
International journal of workplace health management (Print),1753-8351,true,,
Jazz research journal (Print),1753-8637,true,,
Critical studies on terrorism,1753-9153,true,,
Journal of European real estate research (Print),1753-9269,true,,
Science fiction film and television (Print),1754-3770,true,,
European comic art (Print),1754-3797,true,,
The cognitive behaviour therapist,1754-470X,true,,
ecancermedicalscience,1754-6605,true,,
Journal of African cinemas (Print),1754-9221,true,,
Proceedings of the Institution of Civil Engineers. Urban design and planning (Print),1755-0793,true,,
Journal of international political theory (Print),1755-0882,true,,
Journal of tourism history (Print),1755-182X,true,,
Comparative exercise physiology (Print),1755-2540,true,,
Anthropological journal of European cultures (Print),1755-2923,true,,
Subjectivity (Print),1755-6341,true,,
BMC research notes,1756-0500,true,,
Practical theology (Print),1756-073X,true,,
The international journal of Cuban studies (Print),1756-3461,true,,
Writing & pedagogy (Print),1756-5839,true,,
Thyroid research,1756-6614,true,,
Comparative and continental philosophy (Print),1757-0638,true,,
Journal of infection prevention (Print),1757-1774,true,,
Catalan journal of communication & cultural studies (Print),1757-1898,true,,
Empedocles (Print),1757-1952,true,,
International journal of innovation science (Print),1757-2223,true,,
Power and education,1757-7438,true,,
Regional science policy & practice,1757-7802,true,,
BMJ case reports,1757-790X,true,,
Journal of human rights practice (Print),1757-9619,true,,
Pain management (London. Print),1758-1869,true,,
Colorectal cancer (Print),1758-194X,true,,
International journal of event and festival management (Print),1758-2954,true,,
Childhood in the past (Print),1758-5716,true,,
Shoulder & elbow (Print),1758-5732,true,,
Clinical obesity (Print),1758-8103,true,,
Hand therapy (Print),1758-9983,true,,
Journal of Islamic marketing (Print),1759-0833,true,,
International journal of disaster resilience in the built environment (Print),1759-5908,true,,
"Journal of aggression, conflict and peace research (Print)",1759-6599,true,,
Journal of human rights and the environment (Print),1759-7188,true,,
Astérion (Lyon),1762-6110,true,,
Développement durable & territoires,1772-9971,true,,
Trans (Paris),1778-3887,true,,
European journal of mental health,1788-4934,true,,
Journal of chinese overseas (Singapore),1793-0391,true,,
Research and practice in technology enchanced learning (Print),1793-2068,true,,
International journal of semantic computing (Singapore.Print),1793-351X,true,,
Asian bioethics review (Print),1793-8759,true,,
Avances en Psicología Latinoamericana,1794-4724,true,,
Human Technology,1795-6889,true,,
Approaching religion,1799-3121,true,,
Folia Linguistica et Litteraria (Nikšić. Štamp. izd.),1800-8542,true,,
Akustika (České Budějovice. Print),1801-9064,true,,
GeoScape (Ústí nad Labem),1802-1115,true,,
Études romanes de Brno (Print),1803-7399,true,,
Historická sociologie (Print) = Historical Sociology,1804-0616,true,,
Acta Universitatis Carolinae. Theologica (Print),1804-5588,true,,
Interdisciplinaria Archaeologica (Print),1804-848X,true,,
BAR - Brazilian Administration Review,1807-7692,true,,
Contributions to the history of concepts (Rio de Janeiro),1807-9326,true,,
Check list (São Paulo. Online),1809-127X,true,,
Breathe (Sheffield),1810-6838,true,,
Èpistemologiâ & filosofiâ nauki = Epistemology & philosophy of science,1811-833X,true,,
Voprosy obrazovaniâ,1814-9545,true,,
Journal of contemporary European research,1815-347X,true,,
Engineering letters (Print),1816-093X,true,,
The journal for transdisciplinary research in Southern Africa,1817-4434,true,,
European archives of paediatric dentistry (Print),1818-6300,true,,
Jurnal al-tamaddun,1823-7517,true,,
"JCOM, journal of science communication",1824-2049,true,,
Sport sciences for health (Print),1824-7490,true,,
Studi slavistici (Testo stampato),1824-761X,true,,
European transport (Print) = Trasporti europei,1825-3997,true,,
Etica & politica (Online) = Etica e politica,1825-5167,true,,
JE-LKS. Journal of E-Learning and Knowledge Society (Testo stampato),1826-6223,true,,
ID&A Interaction design & architecture(s),1826-9745,true,,
Psicologia sociale (Testo stampato. Bologna),1827-2517,true,,
Journal of accounting & organizational change,1832-5912,true,,
Cosmos and history,1832-9101,true,,
Australasian accounting business and finance journal (Print),1834-2000,true,,
The international journal of the inclusive museum,1835-2014,true,,
Essays in French literature and culture,1835-7040,true,,
Commonwealth journal of local governance,1836-0394,true,,
Translation & Interpreting,1836-9324,true,,
Cosmopolitan civil societies,1837-5391,true,,
Advances in mental health,1838-7357,true,,
Europe's Journal of Psychology,1841-0413,true,,
Present Environment and Sustainable Development (Print),1843-5971,true,,
Croatian yearbook of European law & policy,1845-5662,true,,
Ikon (Rijeka),1846-8551,true,,
Medijske studije = Media studies,1847-9758,true,,
Hrvatska i komparativna javna uprava = Croatian and comparative public administration,1848-0357,true,,
"Journal of sustainable development of energy, water and environment systems",1848-9257,true,,
Revista argentina de historiografía lingüística,1852-1495,true,,
Prometeica (Mar del Plata),1852-9488,true,,
Physioscience (Stuttgart. Print),1860-3092,true,,
Enterprise modelling and information systems architectures (Print),1860-6059,true,,
Journal of literary theory (Berlin. Print),1862-5290,true,,
Zeitschrift der Gesellschaft für Musiktheorie (Print),1862-6750,true,,
Naharaim (Berlin. Print),1862-9148,true,,
"Methoden, Daten, Analysen",1864-6956,true,,
International journal of emergency medicine (Print),1865-1372,true,,
International review on public and nonprofit marketing (Print),1865-1984,true,,
Zeitschrift für vergleichende Politikwissenschaft (Print) = Comparative governance and politics,1865-2646,true,,
"Zeitschrift für Evidenz, Fortbildung und Qualität im Gesundheitswesen = German journal for evidence and quality in health care (2008)",1865-9217,true,,
Public transport (Berlin. Print),1866-749X,true,,
Journal of politics in Latin America (Print),1866-802X,true,,
Statistics in biosciences (Print),1867-1764,true,,
European journal of risk regulation (Print),1867-299X,true,,
Journal of internet services and applications (Print),1867-4828,true,,
Language typology and universals (2008),1867-8319,true,,
Journal of community genetics (Print),1868-310X,true,,
Cardiovascular intervention and therapeutics (Print),1868-4300,true,,
Kant yearbook (Print),1868-4599,true,,
China-EU law journal (Print),1868-5153,true,,
Early Christianity (Print),1868-7032,true,,
Journal of ancient Judaism (Print),1869-3296,true,,
Zeitschrift für interkulturelle Germanistik,1869-3660,true,,
Comparative population studies (Print) = Zeitschrift für Bevölkerungswissenschaft (2010. Print),1869-8980,true,,
CPU-e,1870-5308,true,,
Religion and human rights (Print),1871-031X,true,,
The Mental lexicon (Print),1871-1340,true,,
The Hague journal of diplomacy (Print),1871-1901,true,,
Church history and religious culture (Print),1871-241X,true,,
Diabetes & metabolic syndrome (Print),1871-4021,true,,
Utrecht law review,1871-515X,true,,
Morphology (Dordrecht),1871-5621,true,,
International community law review (Print),1871-9740,true,,
Criminal law and philosophy (Print),1871-9791,true,,
Contemporary Islam (Print),1872-0218,true,,
Journal of reformed theology (Print),1872-5163,true,,
African diaspora (print),1872-5457,true,,
Middle East journal of culture and communication (Print),1873-9857,true,,
Journal of Egyptian history (Print),1874-1657,true,,
Journal of information technology in construction,1874-4753,true,,
Journal of pediatric rehabilitation medicine (Print),1874-5393,true,,
Journal of persianate studies (Print),1874-7094,true,,
Security and human rights (Print),1874-7337,true,,
Journal of population ageing (Print),1874-7884,true,,
English text construction (Print),1874-8767,true,,
Journal of religion in Europe (Print),1874-8910,true,,
Social sciences and missions (Print) = Sciences sociales et missions,1874-8937,true,,
Alter (Paris. Print),1875-0672,true,,
Forensic science international. Genetics supplement series (Print),1875-1768,true,,
Constructions and frames (Print),1876-1933,true,,
Middle East law and governance (Print),1876-3367,true,,
Journal of early American history (Print),1877-0223,true,,
Currents in pharmacy teaching and learning (Print),1877-1297,true,,
International review of pragmatics (Print),1877-3095,true,,
Journal of language contact (Print),1877-4091,true,,
Spatial and spatio-temporal epidemiology (Print),1877-5845,true,,
Scandinavian journal of pain (Print),1877-8860,true,,
World tax journal (Print),1878-4917,true,,
Review of philosophy and psychology (Print),1878-5158,true,,
Climate law (Print),1878-6553,true,,
Review of development finance,1879-9337,true,,
Journal of arrhythmia,1880-4276,true,,
International journal of automation technology,1881-7629,true,,
Ocnos,1885-446X,true,,
Eikasia,1885-5679,true,,
Revista de artes marciales asiáticas,1885-8643,true,,
Revista de lingüística y lenguas aplicadas (Ed. impresa),1886-2438,true,,
Revista iberoamericana de psicología del ejercicio y el deporte,1886-8576,true,,
Ogigia,1887-3731,true,,
Cartaphilus (Murcia),1887-5238,true,,
European journal of education and psychology,1888-8992,true,,
Monografías de traducción e interpretación = Monographien zur translation,1889-4178,true,,
Lengua y migración,1889-5425,true,,
Arte y políticas de identidad (Ed. impresa),1889-979X,true,,
"Norma (Oslo, Trykt utg.)",1890-2138,true,,
Campbell systematic reviews,1891-1803,true,,
Nordic journal of human rights (Trykt. utg.),1891-8131,true,,
Werkwinkel,1896-3307,true,,
Archives of Foundry Engineering,1897-3310,true,,
Central European Journal of Communication,1899-5101,true,,
Pacific Rim International Journal of Nursing Research (Thailand),1906-8107,true,,
Kritike,1908-7330,true,,
Journal of gambling issues,1910-7595,true,,
Phenomenology & practice,1913-4711,true,,
Transnational corporations review (Print),1918-6444,true,,
Global labour journal,1918-6711,true,,
"International journal of child, youth & family studies",1920-7298,true,,
Voix plurielles,1925-0614,true,,
The international journal of alcohol and drug research,1925-7066,true,,
Canadian geriatrics journal,1925-8348,true,,
Technology innovation management review,1927-0321,true,,
Interactive journal of medical research,1929-073X,true,,
JMIR research protocols,1929-0748,true,,
Journal of learning analytics,1929-7750,true,,
"Electronic news (Mahwah, N.J.)",1931-2431,true,,
International review of environmental and resource economics,1932-1465,true,,
Journal of diabetes science and technology (Online),1932-2968,true,,
Journal of EMDR practice and research,1933-3196,true,,
Financial markets and portfolio management,1934-4554,true,,
International journal of organizational analysis (2005),1934-8835,true,,
Journal of spirituality in mental health,1934-9637,true,,
"Projections (New York, N.Y.)",1934-9688,true,,
"Journal of leadership studies (Hoboken, N.J.)",1935-2611,true,,
International journal of information systems in the service sector (Print),1935-5688,true,,
International journal of information systems and supply chain management,1935-5726,true,,
ACM journal of data and information quality (Print),1936-1955,true,,
International journal of sport communication,1936-3915,true,,
Journal of French philosophy,1936-6280,true,,
ACM transactions on accessible computing,1936-7228,true,,
Museum history journal,1936-9816,true,,
Journal of radio & audio media,1937-6529,true,,
African geographical review,1937-6812,true,,
The Pan African medical journal,1937-8688,true,,
International journal of information technology project management,1938-0232,true,,
Digital humanities quarterly,1938-4122,true,,
Journal of transportation security (Print),1938-7741,true,,
Girlhood studies (Print),1938-8209,true,,
Psychological injury and law,1938-971X,true,,
African security,1939-2206,true,,
Information security journal (Print),1939-3555,true,,
Environmental justice (Print),1939-4071,true,,
Journal of late antiquity,1939-6716,true,,
International journal of sport policy,1940-6940,true,,
Current orthopaedic practice,1940-7041,true,,
"Journal of policy research in tourism, leisure & events",1940-7963,true,,
"Journal of occupational therapy, schools & early intervention",1941-1243,true,,
The American journal of case reports,1941-5923,true,,
International journal of mobile and blended learning (Print),1941-8647,true,,
Journal of social entrepreneurship (Print),1942-0676,true,,
International studies in Catholic education (Print),1942-2539,true,,
International journal of gaming and computer-mediated simulations (Print),1942-3888,true,,
Footwear science (Print),1942-4280,true,,
Asian politics & policy (Print),1943-0779,true,,
Behavioral Sciences of Terrorism and Political Aggression,1943-4472,true,,
South Asian diaspora,1943-8192,true,,
Ethnoarchaeology,1944-2890,true,,
Journal of bronchology & interventional pulmonology (Print),1944-6586,true,,
Literary journalism studies (Print),1944-897X,true,,
Journal of the Institute of Conservation (Print),1945-5224,true,,
Journal of cognitive education and psychology (Print),1945-8959,true,,
Argument & computation (Print),1946-2166,true,,
Classroom discourse (Print),1946-3014,true,,
International journal of urban sustainable development,1946-3138,true,,
South Asian history and culture,1947-2498,true,,
International journal of human capital and information technology professionals (Print),1947-3478,true,,
Journal of medieval religious cultures,1947-6566,true,,
Journal of modern periodical studies (Print),1947-6574,true,,
International journal of information system modeling and design (Print),1947-8186,true,,
Journal of the Indian Ocean region (Print),1948-0881,true,,
Journal of technology and Chinese language teaching (Online),1949-260X,true,,
Forum for world literature studies (Print),1949-8519,true,,
L'Année du Maghreb,1952-8108,true,,
CogniTextes,1958-5322,true,,
"Confins = Confins, revista franco-brasileira de geografia",1958-9212,true,,
Bulletin du Centre de recherche du château de Versailles,1958-9271,true,,
Discours,1963-1723,true,,
Diritti umani e diritto internazionale (Testo stampato),1971-7105,true,,
Sociologica (Bologna),1971-8853,true,,
Humana.mente,1972-1293,true,,
Studi Pasoliniani (Testo stampato),1972-473X,true,,
"TPM Testing, psychometrics, methodology in applied psychology",1972-6325,true,,
Partecipazione e conflitto (Testo stampato),1972-7623,true,,
European Journal of Legal Studies,1973-2937,true,,
Global environment,1973-3739,true,,
Antiquorum philosophia (Testo stampato),1973-5030,true,,
Musica tecnologia (Testo stampato) = Music technology,1974-0042,true,,
TRIA (Napoli),1974-6849,true,,
International journal of child care and education (Seoul),1976-5681,true,,
Operations and Supply Chain Management,1979-3561,true,,
Arquivo Maaravi,1982-3053,true,,
Tejuelo (Trujillo),1988-8430,true,,
Encuentro (Alcalá de Henares. Internet),1989-0796,true,,
Virtual archaeology review,1989-9947,true,,
Journal of aeronautics astronautics and aviation,1990-7710,true,,
European journal of American studies,1991-9336,true,,
The South African journal of child health,1994-3032,true,,
FWU journal of social sciences,1995-1272,true,,
Teoretičeskaâ i prikladnaâ èkologiâ = Theoretical and applied ecology,1995-4301,true,,
SHOLE (Print),1995-4328,true,,
"Vestnik meždunarodnyh organizacij: obrazovanie, nauka, novaâ èkonomika",1996-7845,true,,
Behavior analysis in practice,1998-1929,true,,
Southern African business review (Online),1998-8125,true,,
Algorithms,1999-4893,true,,
Future internet,1999-5903,true,,
South African journal of bioethics and law,1999-7639,true,,
Journal of aesthetics & culture,2000-4214,true,,
The European journal for research on the education and learning of adults,2000-7426,true,,
Journal of applied journalism & media studies (Print),2001-0818,true,,
Journal of acupuncture and meridian studies = Jams,2005-2901,true,,
Multicultural education review (Seoul),2005-615X,true,,
International journal of preventive medicine (Print),2008-7802,true,,
Journal of criminal psychology (Print),2009-3829,true,,
Revista Eleuthera (Bogotá),2011-4532,true,,
Dialectologia,2013-2247,true,,
452º F,2013-3294,true,,
Revista internacional de organizaciones (Ed. impresa) = International journal of organizations,2013-570X,true,,
Forma (Barcelona. 2009),2013-7761,true,,
Journal of industrial engineering and management (Print),2013-8423,true,,
Digital education review,2013-9144,true,,
Mitologías hoy,2014-1130,true,,
Anuari de filologia. Estudis de lingüística,2014-1408,true,,
Multidisciplinary journal of educational research,2014-2862,true,,
Historia social y de la educación = Social and education history,2014-3567,true,,
International journal of educational psychology,2014-3591,true,,
Brumal,2014-7910,true,,
ACDI,2027-1131,true,,
Journal of Writing Research (Printed),2030-1006,true,,
Brussels studies,2031-0293,true,,
European Labour Law Journal (Printed),2031-9525,true,,
"Facts, views & vision in ObGyn",2032-0418,true,,
New Journal of European Criminal Law,2032-2844,true,,
Innovations Journal of Innovation Economics (Online),2032-5355,true,,
World electric vehicle journal,2032-6653,true,,
Doctor Virtualis,2035-7362,true,,
Altre Modernità = Other modernities,2035-7680,true,,
Neurology international (Print),2035-8385,true,,
Aisthesis (Pistoia),2035-8466,true,,
In_bo,2036-1602,true,,
S&F scienzaefilosofia.it = S e F scienza e filosofia.it,2036-2927,true,,
European Journal of Pragmatism and American Philosophy,2036-4091,true,,
Almatourism (Rimini),2036-5195,true,,
Lo Sguardo (Roma),2036-6558,true,,
Rivista italiana di filosofia del linguaggio,2036-6728,true,,
Dermatology reports (Print),2036-7392,true,,
Infectious disease reports (Print),2036-7430,true,,
Enthymema,2037-2426,true,,
Italiano linguadue,2037-3597,true,,
European Journal of Translational Myology (Print),2037-7452,true,,
"ECPS, Journal of educational, cultural and psychological studies (Print)",2037-7932,true,,
Journal of public health in Africa (Print),2038-9922,true,,
Parole rubate = Purloined letters,2039-0114,true,,
Il Capitale culturale,2039-2362,true,,
Rivista internazionale di filosofia e psicologia (Testo stampato),2039-4667,true,,
Clinics and Practice,2039-7275,true,,
African journal of economic and management studies (Print),2040-0705,true,,
Studies in comics (Print),2040-3232,true,,
Jurisprudence (Oxford. Print),2040-3313,true,,
Critical studies in fashion & beauty (Print),2040-4417,true,,
International journal of knowledge-based development (Print),2040-4468,true,,
Choreographic practices (Print),2040-5669,true,,
"Equality, diversity and inclusion (Print)",2040-7149,true,,
Voluntary sector review (Print),2040-8056,true,,
Management research review (Print),2040-8269,true,,
Latin American policy (Print),2041-7365,true,,
Journal of European competition law & practice (Print),2041-7764,true,,
International journal for the study of new religions (Print),2041-9511,true,,
African review of economics and finance,2042-1478,true,,
"Higher education, skills and work-based learning (Print)",2042-3896,true,,
International journal of medical education,2042-6372,true,,
Journal of humanitarian logistics and supply chain management (Print),2042-6747,true,,
"Sport, business and management (Print)",2042-678X,true,,
Hospitality & society (Print),2042-7913,true,,
Journal of sustainable finance & investment (Print),2043-0795,true,,
Journal of family business management (Print),2043-6238,true,,
Somatechnics (Print),2044-0138,true,,
Journal of agribusiness in developing and emerging economies (Print),2044-0839,true,,
Built environment project and asset management (Print),2044-124X,true,,
Journal of cultural heritage management and sustainable development (Print),2044-1266,true,,
Victoriographies (Print),2044-2416,true,,
Asian journal of international law (Print),2044-2513,true,,
Cultural history (Print),2045-290X,true,,
Transfers (Print),2045-4813,true,,
Journal of curatorial studies (Print),2045-5836,true,,
International journal of human factors and ergonomics (Print),2045-7804,true,,
Public relations inquiry (Print),2046-147X,true,,
Asian education and development studies (Print),2046-3162,true,,
Journal of international education in business (Print),2046-469X,true,,
Medieval mystical theology (Print),2046-5726,true,,
State crime (Print),2046-6056,true,,
Smart and sustainable built environment (Print),2046-6099,true,,
Journal of organizational ethnography (Print),2046-6749,true,,
European journal of training and development (Print),2046-9012,true,,
The review of corporate finance studies (Print),2046-9128,true,,
Journal of popular television (Print),2046-9861,true,,
The Oxford journal of law and religion (Print),2047-0770,true,,
International journal of emergency services (Print),2047-0894,true,,
Practical diabetes (2011. Print),2047-2897,true,,
Health systems (Print),2047-6965,true,,
Journal of Italian cinema & media studies (Print),2047-7368,true,,
Interest groups & advocacy (Print),2047-7414,true,,
International journal of healthcare management (Print),2047-9700,true,,
The comics grid,2048-0792,true,,
Journal of nutritional science,2048-6790,true,,
Agriculture & food security,2048-7010,true,,
APSIPA transactions on signal and information processing,2048-7703,true,,
Insights (UKSG (Organization)),2048-7754,true,,
British journal of pain (Print),2049-4637,true,,
The journal of financial market infrastructures (Print),2049-5404,true,,
Review of education (Oxford),2049-6613,true,,
Museum worlds (Print),2049-6729,true,,
Comparative legal history (Print),2049-677X,true,,
Critical and radical social work (Print),2049-8608,true,,
Journal of global mobility (Print),2049-8799,true,,
Journal of antitrust enforcement (Print),2050-0688,true,,
Critical studies in men's fashion (Print),2050-070X,true,,
"Fashion, style & popular culture (Print)",2050-0726,true,,
eLife (Cambridge),2050-084X,true,,
Clinical case reports,2050-0904,true,,
Network science (New York. Print),2050-1242,true,,
The new bioethics (Print),2050-2877,true,,
Critical research on religion (Print),2050-3032,true,,
SAGE open medicine,2050-3121,true,,
SAGE open medical case reports,2050-313X,true,,
Arrhythmia & electrophysiology review (Print),2050-3369,true,,
The Chinese journal of comparative law (Print),2050-4802,true,,
Studies in Spanish & Latin-American cinemas (Print),2050-4837,true,,
"Speech, language and hearing (Print)",2050-571X,true,,
Architectural histories,2050-5833,true,,
London review of international law (Print),2050-6325,true,,
Journal of applied research in higher education (Print),2050-7003,true,,
Architecture and culture (Print),2050-7828,true,,
Journal of forensic practice (Print),2050-8794,true,,
Journal of intellectual disabilities and offending behaviour (Print),2050-8824,true,,
The theory and practice of legislation (Print),2050-8840,true,,
Architecture_media_politics_society,2050-9006,true,,
Journal of contemporary archaeology (Print),2051-3429,true,,
Journal of medical radiation sciences (Print),2051-3895,true,,
Journal of organizational effectiveness (Print),2051-6614,true,,
The Bible translator (2013. Print),2051-6770,true,,
International journal of fashion studies (Print),2051-7106,true,,
Physiological reports,2051-817X,true,,
"Endocrinology, diabetes & metabolism case reports",2052-0573,true,,
Journal of experimental political science (Online),2052-2649,true,,
New microbes and new infections,2052-2975,true,,
Journal of pharmaceutical policy and practice,2052-3211,true,,
Veterinary record open,2052-6113,true,,
Veterinary record case reports,2052-6121,true,,
European journal of economics and economic policies (Print),2052-7764,true,,
Asian journal of law and society (Print),2052-9015,true,,
International journal of care coordination (Print),2053-4345,true,,
Journal of entrepreneurship in emerging economies (Print),2053-4604,true,,
Design science,2053-4701,true,,
Journal of financial regulation (Print),2053-4833,true,,
Utrecht journal of international and European law,2053-5341,true,,
Oxford medical case reports,2053-8855,true,,
Journal of aesthetics and phenomenology (Print),2053-9320,true,,
Neuro-oncology practice (Print),2054-2577,true,,
Human genome variation,2054-345X,true,,
Geo (London. 2014),2054-4049,true,,
BMJ open gastroenterology,2054-4774,true,,
Science and technology of archaeological research,2054-8923,true,,
Journal of lithic studies,2055-0472,true,,
BMC nutrition,2055-0928,true,,
Health psychology open,2055-1029,true,,
"Multiple sclerosis journal, experimental, translational and clinical",2055-2173,true,,
Pilot and feasibility studies,2055-5784,true,,
Journal of tourism futures (Print),2055-5911,true,,
Journal of rehabilitation and assistive technologies engineering,2055-6683,true,,
BMJ open sport & exercise medicine,2055-7647,true,,
East Asian pragmatics (Print),2055-7752,true,,
BMJ innovations (Print),2055-8074,true,,
"Journal of criminological research, policy and practice (Print)",2056-3841,true,,
CounterText (Print),2056-4406,true,,
BJPsych bulletin (Print),2056-4694,true,,
International journal of human rights in healthcare (Print),2056-4902,true,,
Arts and the market (Print),2056-4945,true,,
International journal of tourism cities (Print),2056-5607,true,,
Future science OA,2056-5623,true,,
"Journal of race, ethnicity, and politics",2056-6085,true,,
Open library of humanities,2056-6700,true,,
Archives of physiotherapy,2057-0082,true,,
Business and human rights journal (Print),2057-0198,true,,
Biomedical physics & engineering express,2057-1976,true,,
Journal of Cybersecurity,2057-2085,true,,
Neuroscience of consciousness,2057-2107,true,,
Journal of Global Security Studies,2057-3170,true,,
Clinical and experimental dental research,2057-4347,true,,
European journal of international security (Print),2057-5637,true,,
Journal of Language Evolution,2058-4571,true,,
Acta radiologica open,2058-4601,true,,
Research integrity and peer review,2058-8615,true,,
Educational and Developmental Psychologist,2059-0776,true,,
Journal of Chinese history (Print) = Zhongguo lishi xuekan,2059-1632,true,,
GLOBAL MEDIA AND CHINA,2059-4364,true,,
International journal of health governance (Print),2059-4631,true,,
Global sustainability,2059-4798,true,,
Journal of open humanities data,2059-481X,true,,
Review of international business and strategy (Print),2059-6014,true,,
Journal of ISAKOS (Print),2059-7754,true,,
Corvinus journal of sociology and social policy,2061-5558,true,,
Acta Universitatis Sapientiae. Film and Media Studies (Print),2065-5924,true,,
European journal of probation,2066-2203,true,,
Meta (Iaşi),2067-3655,true,,
International Journal of Conservation Science (Print),2067-533X,true,,
Ekphrasis (Cluj-Napoca. Print),2067-631X,true,,
Asia Pacific journal of innovation and entrepreneurship,2071-1395,true,,
African journal of primary health care & family medicine (Print),2071-2928,true,,
Economics & Sociology (Ternopil),2071-789X,true,,
German law journal,2071-8322,true,,
Drevnaâ Rusʹ. Voprosy medievistiki (Print),2071-9574,true,,
Èksperimentalʹnaâ psihologiâ = Experimental psychology,2072-7593,true,,
Pravo (Moskva) = Law,2072-8166,true,,
Games (Basel),2073-4336,true,,
Jiaoyu kexue yanjiu qikan = Journal of research in education sciences,2073-753X,true,,
Psychology in Russia. State of the art,2074-6857,true,,
Galaxies (Basel),2075-4434,true,,
Sports (Basel),2075-4663,true,,
Societies (Basel),2075-4698,true,,
Laws,2075-471X,true,,
Arts (Basel),2076-0752,true,,
Social sciences (Basel),2076-0760,true,,
Humanities (Basel),2076-0787,true,,
Geosciences (Basel),2076-3263,true,,
Environments,2076-3298,true,,
Administrative sciences,2076-3387,true,,
Lëd i sneg = Ice and snow,2076-6734,true,,
Scientia agropecuaria,2077-9917,true,,
Information (Basel),2078-2489,true,,
Politiâ = Politeia,2078-5089,true,,
African journal of health professions education,2078-5127,true,,
Oñati socio-legal series,2079-5971,true,,
Plato = Platón,2079-7567,true,,
Resources (Basel),2079-9276,true,,
Krytyka Prawa,2080-1084,true,,
Central European Journal of Urology (Print),2080-4806,true,,
"Journal of Education, Culture and Society",2081-1640,true,,
Physical Culture and Sport Studies and Research (Print),2081-2221,true,,
Colloquia Humanistica,2081-6774,true,,
Avant (Toruń. Druk),2082-7598,true,,
Text Matters (Print),2083-2931,true,,
TransNav (Print),2083-6473,true,,
The Person and the Challenges,2083-8018,true,,
Contemporary Economics,2084-0845,true,,
Studia Ceranea,2084-140X,true,,
Ido Movement for Culture (Print),2084-3763,true,,
Quêtes Littéraires,2084-8099,true,,
Journal of Ultrasonography,2084-8404,true,,
International Journal of Technology,2086-9614,true,,
Journal of transplantation (Print),2090-0007,true,,
Journal of obesity (Print),2090-0708,true,,
Nursing research and practice (Print),2090-1429,true,,
Pulmonary medicine (Print),2090-1836,true,,
Journal of aging research (Print),2090-2204,true,,
Case reports in orthopedics (Print),2090-6749,true,,
The asian journal of shipping and logistics,2092-5212,true,,
Journal of global fashion marketing = JGfM,2093-2685,true,,
Anatomy & cell biology,2093-3665,true,,
Economic and Political Studies,2095-4816,true,,
Frontiers of Engineering Management (Print) = Gongcheng guanli qianyan,2095-7513,true,,
Journal of data and information science = Shuju yu qingbao kexue xuebao,2096-157X,true,,
Forensic sciences research (Print) = Fating kexue yanjiu,2096-1790,true,,
Jingguan shejixue (Zhong-Yingwen ban) = Landscape architecture frontiers,2096-336X,true,,
China population and development studies (Print) = Dangdai zhongguo renkou yu fazhan,2096-448X,true,,
ECNU review of education = Huadong Shi-Da jiaoyu pinglun,2096-5311,true,,
International journal of nursing sciences (Print) = Guoji huli Kexue (Yingwen),2096-6296,true,,
Communications on Applied Mathematics and Computation = Yìngyòng shùxué yǔ jìsuàn shùxué xuébào,2096-6385,true,,
Journal of science in sport and exercise (Print) = Tiyu yundong kexue,2096-6709,true,,
Data intelligence (Print) = Shuju zhineng,2096-7004,true,,
Acupuncture and herbal medicine (Print) = Zhenjiu he caoyao (Yingwen),2097-0226,true,,
Journal of intensive medicine (Print) = Zhongzheng yixue (Yingwen),2097-0250,true,,
Cahiers Mondes anciens,2107-0199,true,,
"Miranda = Miranda, multidisciplinary peer-reviewed journal on the English-speaking world",2108-6559,true,,
Strenae,2109-9081,true,,
OEconomia (Paris),2113-5207,true,,
Revista Digital de Derecho Administrativo (En linea),2145-2946,true,,
The Edgar Allan Poe review,2150-0428,true,,
Journal of primary care & community health (Print),2150-1319,true,,
World journal for pediatric & congenital heart surgery,2150-1351,true,,
Environment and society (Print),2150-6779,true,,
"Religion and society (New York, N.Y. Print)",2150-9298,true,,
"Humanity (Philadelphia, Pa. Print)",2151-4364,true,,
Journal of trust research (Print),2151-5581,true,,
Journal of sport psychology in action (Print),2152-0704,true,,
HOPOS (Print),2152-5188,true,,
Hospital pediatrics (Print),2154-1663,true,,
International journal of science education. Part B. Communication and public engagement (Print),2154-8455,true,,
The international journal of religion and spirituality in society (Print),2154-8633,true,,
International real estate review,2154-8919,true,,
"Ethics, policy & environment (Print)",2155-0085,true,,
International journal of online pedagogy and course design (Print),2155-6873,true,,
Research in learning technology,2156-7069,true,,
Études Ricoeuriennes = Ricoeur studies,2156-7808,true,,
European journal of higher education (Online),2156-8243,true,,
Tourism planning & development (Print),2156-8316,true,,
Nordic social work research (Print),2156-857X,true,,
Medical science educator,2156-8650,true,,
Forest science and technology (Print),2158-0103,true,,
International journal of advanced computer science and applications (Print),2158-107X,true,,
Contemporary social science (Print),2158-2041,true,,
ACM transactions on management information systems (Print ed.),2158-656X,true,,
Heritage & society (Print),2159-032X,true,,
International journal of sports physical therapy,2159-2896,true,,
Journal of humanistic mathematics,2159-8118,true,,
American journal of cardiovascular disease,2160-200X,true,,
JBJS essential surgical techniques,2160-2204,true,,
Couple & family psychology (Print),2160-4096,true,,
Journal of environmental economics and policy,2160-6544,true,,
International journal of e-planning research (Print),2160-9918,true,,
Journal of international students,2162-3104,true,,
Current dermatology reports,2162-4933,true,,
Journal of wrist surgery (Print),2163-3916,true,,
"Fatigue (Abingdon, England. Print)",2164-1846,true,,
Health psychology and behavioral medicine,2164-2850,true,,
Journal of law and courts (Print),2164-6570,true,,
INTERNATIONAL JOURNAL OF DESIGN CREATIVITY AND INNOVATION,2165-0349,true,,
"Palimpsest (Albany, N.Y.)",2165-1604,true,,
Stability,2165-2627,true,,
Journal of Africana religions (Print),2165-5405,true,,
Journal of Austrian studies (Print),2165-669X,true,,
Journal of Eastern Mediterranean archaeology and heritage studies (Print),2166-3548,true,,
"Region (Bloomington, Ind. Print)",2166-4307,true,,
European Journal of Physiotherapy,2167-9169,true,,
Reception (Reception Study Society. Print),2168-0604,true,,
Computer methods in biomechanics and biomedical engineering. Imaging & visualization (Print),2168-1163,true,,
"Regional studies, regional science",2168-1376,true,,
Critical African studies (Print),2168-1392,true,,
International journal of school & educational psychology (Print),2168-3603,true,,
Curēus,2168-8184,true,,
Narrative culture (Print),2169-0235,true,,
International journal of philosophy & theology (Print),2169-2327,true,,
"Hearing, balance and communication (Print)",2169-5717,true,,
Plastic and reconstructive surgery. Global open,2169-7574,true,,
Imago (Valencia),2171-0147,true,,
Psyecology,2171-1976,true,,
"Psychology, society & education (Print)",2171-2085,true,,
Investigaciones feministas (Revista),2171-6080,true,,
AdComunica,2174-0992,true,,
Impossibilia,2174-2464,true,,
Mètode. Annual review,2174-3487,true,,
Revista internacional de relaciones públicas,2174-3681,true,,
"European journal of Investigation in health, psychology and education",2174-8144,true,,
Urbe. Revista Brasileira de Gestão Urbana = Urbe. Brazilian Journal of Urban Management,2175-3369,true,,
Revista Brasileira de História & Ciências Sociais,2175-3423,true,,
Olho D'água,2177-3807,true,,
Caracol (São Paulo. Impresso),2178-1702,true,,
Pensando,2178-843X,true,,
RISUS - Revista de Inovação e Sustentabilidade,2179-3565,true,,
Revista Archai (Impresso),2179-4960,true,,
"Kairos (Lisboa) = Kairos, Journal of philosophy & science",2182-2824,true,,
?International Journal of Information Systems and Project Management,2182-7796,true,,
Sisyphus (Lisboa),2182-8474,true,,
Urban planning,2183-7635,true,,
Sisal journal,2185-3762,true,,
Asian transport studies,2185-5560,true,,
Southeast Asian studies,2186-7275,true,,
Journal of environmental studies and sciences (Print),2190-6483,true,,
Health and technology (Print),2190-7188,true,,
European actuarial journal (Print),2190-9733,true,,
Mineral economics (Print),2191-2203,true,,
Journal of management control (Print),2191-4761,true,,
Language learning in higher education (Print),2191-611X,true,,
"Studies in communication, media (Online)",2192-4007,true,,
EURO journal on transportation and logistics (Print),2192-4376,true,,
EURO journal on computational optimization (Print),2192-4406,true,,
European journal of applied linguistics (Print),2192-9521,true,,
Crime science,2193-7680,true,,
IZA journal of labor policy,2193-9004,true,,
EURO journal on decision processes (Print),2193-9438,true,,
MORAL PHILOSOPHY AND POLITICS,2194-5616,true,,
Review of law & economics (Print),2194-6000,true,,
Poverty & public policy (Print),2194-6027,true,,
Nonprofit policy forum (Print),2194-6035,true,,
"Accounting, economics and law (Print)",2194-6051,true,,
Asian journal of law and economics (Print),2194-6086,true,,
The economists' voice (Print),2194-6167,true,,
Journal of quantitative analysis in sports (Print),2194-6388,true,,
Law and development review (Print),2194-6523,true,,
New ‪global studies (Print),2194-6566,true,,
Journal of Latin linguistics (Print),2194-8739,true,,
Journal of contemporary drama in English (Print),2195-0156,true,,
International journal of dynamics and control (Print),2195-268X,true,,
Journal of social and political psychology,2195-3325,true,,
Large-scale assessments in education,2196-0739,true,,
Economic theory bulletin (Print),2196-1085,true,,
Current developmental disorders reports,2196-2987,true,,
Rhizomata (Boston. Print),2196-5102,true,,
Quantum studies (Print),2196-5609,true,,
Journal of early modern Christianity (Print),2196-6648,true,,
Current geriatrics reports,2196-7865,true,,
Journal of experimental orthopaedics,2197-1153,true,,
International communication of Chinese culture (Print),2197-4233,true,,
Intensive care medicine experimental,2197-425X,true,,
Internet policy review,2197-6775,true,,
International journal for research in vocational education and training (Print),2197-8638,true,,
Journal of computers in education (Print),2197-9987,true,,
Management review quarterly (Print),2198-1620,true,,
Journal of public health (Berlin. Print),2198-1833,true,,
The journal of Chinese sociology,2198-2635,true,,
Chinese semiotic studies (Print),2198-9605,true,,
Evolutionary psychological science,2198-9885,true,,
Journal of historical sociolinguistics (Print),2199-2894,true,,
Italian economic journal (Print),2199-322X,true,,
Journal of the Economic Science Association (Print),2199-6784,true,,
Australian journal of career development (Online),2200-6974,true,,
Environmental humanities,2201-1919,true,,
Settler colonial studies (Print),2201-473X,true,,
"International journal for crime, justice and social democracy (Print)",2202-7998,true,,
Historical encounters (Online),2203-7543,true,,
Student success (Online),2205-0795,true,,
Journal of bone and joint infection (Online),2206-3552,true,,
"Emotions (Perth, W.A. Print)",2206-7485,true,,
Journal of historical linguistics (Amsterdam. Print),2210-2116,true,,
Metaphor and the social world (Print),2210-4070,true,,
Language and dialogue (Print),2210-4119,true,,
Language dynamics and change (Print),2210-5824,true,,
East Asian publishing and society (Print),2210-6278,true,,
Trends in anaesthesia and critical care (Print),2210-8440,true,,
Journal of rail transport planning & management (Print),2210-9706,true,,
Tilburg law review (Print),2211-0046,true,,
"Technology, knowledge and learning (Print)",2211-1662,true,,
Performance enhancement & health,2211-2669,true,,
Translation spaces (Print),2211-3711,true,,
The International journal of spine surgery,2211-4599,true,,
Linguistic variation (Print),2211-6834,true,,
Operations research for health care (Print),2211-6923,true,,
Dutch journal of applied linguistics (Print),2211-7245,true,,
Value in health regional issues (Print),2212-1099,true,,
Spine deformity (Print),2212-134X,true,,
Indo-European linguistics (Print),2212-5884,true,,
Arthroscopy techniques,2212-6287,true,,
Mental health & prevention,2212-6570,true,,
Journal of immersion and content-based language education (Print),2212-8433,true,,
Respiratory medicine case reports,2213-0071,true,,
Journal of language aggression and conflict (Print),2213-1272,true,,
Journal of co-operative organization and management (Print),2213-297X,true,,
Wine economics and policy (Print),2213-3968,true,,
Timing & time perception (Print),2213-445X,true,,
Art & perception (Print),2213-4905,true,,
Case studies on transport policy (Print),2213-624X,true,,
Journal of Jesuit studies (Print),2214-1324,true,,
Asiascape (Leiden. Print),2214-2304,true,,
Ecclesial practices (Print),2214-4463,true,,
Interdisciplinary neurosurgery,2214-7519,true,,
Schizophrenia research: cognition,2215-0013,true,,
International journal of learner corpus research (Print),2215-1478,true,,
Praxis & Saber (Impreso),2216-0159,true,,
Revista colombiana de ciencias sociales (En línea),2216-1201,true,,
Journal of Inequalities and Special Functions (Online),2217-4303,true,,
Građevinski materijali i konstrukcije,2217-8139,true,,
AM. Art  + Media,2217-9666,true,,
Eureka (Asunción),2218-0559,true,,
Vestnik Permskogo universiteta. Istoriâ = Perm University Herald. History,2219-3111,true,,
Southern African journal of anaesthesia and analgesia (Print),2220-1181,true,,
Public health action,2220-8372,true,,
Žurnal Novoj èkonomičeskoj associacii,2221-2264,true,,
Finlay (En línea),2221-2434,true,,
Journal of early Christian history,2222-582X,true,,
Revista cubana de ingeniería,2223-1781,true,,
Khazar journal of humanities and social sciences (Print) = Xəzər humanitar və social elmlər jurnalı,2223-2613,true,,
Bangladesh journal of medical science (Ibn Sina Trust. Print),2223-4721,true,,
African journal of disability (Print),2223-9170,true,,
Journal of sensor and actuator networks,2224-2708,true,,
Climate (Basel),2225-1154,true,,
African journal of laboratory medicine (Print),2225-2002,true,,
Open veterinary journal (Print),2226-4485,true,,
Languages (Basel),2226-471X,true,,
Pharmacy (Basel),2226-4787,true,,
Horizon. Fenomenologičeskie issledovaniâ = Horizon. Études phénoménologiques,2226-5260,true,,
Journal of urban management,2226-5856,true,,
International journal of financial studies,2227-7072,true,,
Economies (Basel),2227-7099,true,,
Education sciences (Basel),2227-7102,true,,
Proteomes,2227-7382,true,,
Risks,2227-9091,true,,
Informatics (Basel),2227-9709,true,,
Health promotion perspectives (Online),2228-6497,true,,
Journal of global entrepreneurship research (Print),2228-7566,true,,
Journal of research in health sciences (Print),2228-7795,true,,
Journal of Urban Culture Research (Print),2228-8279,true,,
International journal of Islamic thought (Selangor),2232-1314,true,,
Asian Studies (Print ed.),2232-5131,true,,
Imaging science in dentistry = ISD,2233-7822,true,,
"Pediatric gastroenterology, hepatology & nutrition = PGHN",2234-8646,true,,
Trends in Psychiatry and Psychotherapy (Impresso),2237-6089,true,,
Cambio (Firenze),2239-1118,true,,
Italian Journal of Planning Practice,2239-267X,true,,
Urbanities = Urbanities. Journal of urban ethnography,2239-5725,true,,
"M.L.T.J. Muscles, Ligaments and Tendons Journal",2240-4554,true,,
Tintas. Quaderni di letterature iberiche e iberoamericane (Testo stampato),2240-5429,true,,
Journal of organization design (Aarhus),2245-408X,true,,
Scandinavian journal of child and adolescent psychiatry and psychology,2245-8875,true,,
Journal of Psychological and Educational Research (Print),2247-1537,true,,
Studii de lingvistică (Print),2248-2547,true,,
Germs (Bucureşti),2248-2997,true,,
Journal of family medicine and primary care,2249-4863,true,,
Journal of diabetes and metabolic disorders (Online),2251-6581,true,,
Disputatio (Madrid),2254-0601,true,,
Avances de investigación en educación matemática,2254-4313,true,,
Journal of new approaches in educational research,2254-7339,true,,
Las Torres de Lucca,2255-3827,true,,
Pasavento,2255-4505,true,,
Landscape Architecture and Art (Jelgava. Print),2255-8632,true,,
Baltic Journal of Modern Computing (Print),2255-8942,true,,
Brésil(s),2257-0543,true,,
Recherche et pratiques pédagogiques en langues de spécialité (Imprimé),2257-5405,true,,
The Journal of frailty & aging,2260-1341,true,,
Cuadernos LIRICO,2263-2158,true,,
ABE journal (Paris),2275-6639,true,,
IIM Kozhikode society & management review (Print),2277-9752,true,,
Agrarian south - the journal of political economy (Print),2277-9760,true,,
Journal of public health research (Print),2279-9028,true,,
E-Journal of international and comparative labour studies,2280-4056,true,,
Rivista di filosofia del diritto (Testo stampato) = Journal of legal philosophy,2280-482X,true,,
Bio-based and applied economics (Print),2280-6180,true,,
Visual ethnography (Online),2281-1605,true,,
Epekeina (Online),2281-3209,true,,
Philosophical inquiries (Print),2281-8618,true,,
H-ermes (Lecce),2284-0753,true,,
Ticontre = T3,2284-4473,true,,
BioLaw journal = Rivista di biodiritto,2284-4503,true,,
Journal of Early Modern Studies (Bucureşti. Print),2285-6382,true,,
Clinical and experimental vaccine research,2287-3651,true,,
Advances in aircraft and spacecraft science,2287-528X,true,,
The Asian review of world histories,2287-965X,true,,
"Jurnal komunikasi, Malaysian journal of communication",2289-151X,true,,
Journal of water management modeling,2292-6062,true,,
JMIR human factors,2292-9495,true,,
Frontiers in robotics and AI,2296-9144,true,,
"Journal of biomimetics, biomaterials and biomedical engineering (Print)",2296-9837,true,,
Frontiers in built environment,2297-3362,true,,
Frontiers in applied mathematics and statistics,2297-4687,true,,
Challenges in sustainability,2297-6477,true,,
Frontiers in sociology,2297-7775,true,,
Frontiers in communication (Lausanne),2297-900X,true,,
Academic Journal of Modern Philology,2299-7164,true,,
Dependence Modeling,2300-2298,true,,
Open Theology,2300-6579,true,,
Special Matrices,2300-7451,true,,
Open Linguistics,2300-9969,true,,
Slovene,2304-0785,true,,
Logistics (Basel),2305-6290,true,,
Family medicine and community health (Print),2305-6983,true,,
ICL journal,2306-3734,true,,
Beverages (Basel),2306-5710,true,,
Data (Basel),2306-5729,true,,
mHealth,2306-9740,true,,
"Economic and social changes: facts, trends, forecast",2307-0331,true,,
Filosofiâ i kosmologiâ = Philosophy and cosmology,2307-3705,true,,
European journal of humour research,2307-700X,true,,
Geriatrics (Basel),2308-3417,true,,
Filologičeskie nauki. Naučnye doklady vysšej školy = Philological sciences. Scientific essays of higher education,2310-4287,true,,
Organizacionnaâ psihologiâ = Organizational psychology,2312-5942,true,,
Recycling (Basel),2313-4321,true,,
Journal of imaging,2313-433X,true,,
Safety (Basel),2313-576X,true,,
Genealogy (Basel),2313-5778,true,,
Argentinian Journal of Applied Linguistics,2314-3576,true,,
BioMed research international (Print),2314-6133,true,,
Future business journal (Print),2314-7202,true,,
Estudos Kantianos,2318-0501,true,,
Journal of scientometric research (Print),2321-6654,true,,
Civil engineering infrastructures journal,2322-2093,true,,
Archives  of neuroscience (Print),2322-3944,true,,
Environmental sociology (Online),2325-1042,true,,
Journal of motor learning and development,2325-3193,true,,
Medical science monitor basic research (Online),2325-4416,true,,
Journal of environmental accounting and management (Print),2325-6192,true,,
Journal of the International Association of Providers of AIDS Care (Print),2325-9574,true,,
"Decision (Washington, D.C. Print)",2325-9965,true,,
ACG case reports journal,2326-3253,true,,
"Psychology of consciousness (Washington, D.C. Print)",2326-5523,true,,
Violence and gender (Print),2326-7836,true,,
Global discourse (Print),2326-9995,true,,
Asia Pacific journal of public administration (Print) = Ya Tai gong gong xing zheng xue,2327-6665,true,,
Eastern African literary and cultural studies,2327-7408,true,,
International sport coaching journal,2328-918X,true,,
"Journal of medical imaging (Bellingham, Wash. Print)",2329-4302,true,,
Business and professional communication quarterly (Print),2329-4906,true,,
Evolutionary behavioral sciences,2330-2925,true,,
Asia Pacific translation and intercultural studies (Print),2330-6343,true,,
Cogent education,2331-186X,true,,
Cogent social sciences,2331-1886,true,,
Cogent psychology,2331-1908,true,,
Cogent business & management,2331-1975,true,,
Cogent arts & humanities,2331-1983,true,,
Cogent economics & finance,2332-2039,true,,
Translational issues in psychological science (Print),2332-2136,true,,
Africa journal of management (Print),2332-2373,true,,
Democratic theory,2332-8894,true,,
Strategy science (Print),2333-2050,true,,
Global qualitative nursing research,2333-3936,true,,
International journal of public administration in the digital age,2334-4520,true,,
Convivium (Brno. Print),2336-3452,true,,
Acta Gymnica (Print),2336-4912,true,,
Kamchatka,2340-1869,true,,
"Espacio, tiempo y educación",2340-7263,true,,
Current Trends in Translation Teaching and Learning E,2342-7205,true,,
Europolity - Continuity and Change in European Governance (Print),2344-2247,true,,
Current research in nutrition and food science (Print),2347-467X,true,,
Journal of migration history (Print),2351-9916,true,,
Toxicologie analytique et clinique (Print),2352-0078,true,,
Translation and translanguaging in multilingual contexts (Print),2352-1805,true,,
Bone reports,2352-1872,true,,
Data in brief,2352-3409,true,,
Arthroplasty today,2352-3441,true,,
NFS journal,2352-3646,true,,
Gynecologic oncology reports,2352-5789,true,,
Groundwater for sustainable development,2352-801X,true,,
Addictive behaviors reports,2352-8532,true,,
"Alzheimer's & dementia. Diagnosis, assessment & disease monitoring",2352-8729,true,,
Alzheimer's & dementia. Translational research & clinical interventions,2352-8737,true,,
International journal of cardiology. Heart & vasculature,2352-9067,true,,
Health Psychology Report (Print),2353-4184,true,,
Aufklärung (João Pessoa. Impresso),2358-8470,true,,
Revista Brasileira de Direito Processual Penal (Impresso),2359-3881,true,,
LaborHistórico,2359-6910,true,,
Journal of Ancient History and Archaeology,2360-266X,true,,
Sustainable water resources management (Print),2363-5037,true,,
Glass structures & engineering (Print),2363-5142,true,,
Modeling earth systems and environment (Print),2363-6203,true,,
"Energy, ecology and environment (Print)",2363-7692,true,,
International journal of ethics education (Print),2363-9997,true,,
International journal of data science and analytics (Print),2364-415X,true,,
Pleura and peritoneum (Print),2364-7671,true,,
Applied network science,2364-8228,true,,
International journal of legal discourse (Print),2364-8821,true,,
Interdisciplinary journal for religion and transformation in contemporary society (Print),2365-3140,true,,
Chinese political science review (Singapore. Print),2365-4244,true,,
GMS journal for medical education,2366-5017,true,,
Wind energy science (Print),2366-7443,true,,
Advances in neurodevelopmental disorders (Print),2366-7532,true,,
Occupational health science (Print),2367-0134,true,,
Communiquer (Montréal. 2015),2368-9587,true,,
JMIR cancer,2369-1999,true,,
JMIR rehabilitation and assistive technologies,2369-2529,true,,
JMIR medical education,2369-3762,true,,
JMIR diabetes,2371-4379,true,,
AIMS Environmental Science,2372-0344,true,,
Molecular & cellular oncology,2372-3556,true,,
Policy insights from the behavioral and brain sciences (Print),2372-7322,true,,
International journal of cartography,2372-9333,true,,
Studies in Chinese religions (Print),2372-9988,true,,
AIMS Neuroscience,2373-8006,true,,
Transplantation direct,2373-8731,true,,
Anthropology & aging,2374-2267,true,,
Journal of patient experience (Print),2374-3735,true,,
Journal of nonprofit education and leadership (Print),2374-7838,true,,
Cities & health (Print),2374-8834,true,,
Managing sport and leisure,2375-0472,true,,
AIMS medical science,2375-1576,true,,
Stigma and health,2376-6972,true,,
Journal of global economic analysis,2377-2999,true,,
SAGE open nursing,2377-9608,true,,
"Socius (Thousand Oaks, Calif.)",2378-0231,true,,
Journal of the Association for Consumer Research,2378-1815,true,,
Materials performance and characterization (Print),2379-1365,true,,
Translational journal of the American College of Sports Medicine,2379-2868,true,,
Learning health systems,2379-6146,true,,
Journal of postsecondary education and disability (Print),2379-7762,true,,
"IEEE systems, man, & cybernetics magazine",2380-1298,true,,
Global intellectual history (Print),2380-1883,true,,
European policy analysis,2380-6567,true,,
Annals of the International Communication Association (Print),2380-8985,true,,
Expert review of precision medicine and drug development (Online),2380-8993,true,,
Journal of information policy (University Park. Print),2381-5892,true,,
Annals of corporate governance,2381-6724,true,,
Journal of medical education and curricular development,2382-1205,true,,
International Journal of Serious Games,2384-8766,true,,
Issogloss : A Journal on Variation of Romance and Iberian Languages,2385-4138,true,,
Loquens,2386-2637,true,,
Revista internacional de comunicación y desarrollo,2386-3730,true,,
Complutense journal of English studies (Print),2386-3935,true,,
European journal of human movement,2386-4095,true,,
Kultur (Castelló de la Plana),2386-5458,true,,
Con-textos kantianos,2386-7655,true,,
Communication & society,2386-7876,true,,
Journal of prison education and reentry,2387-2306,true,,
Open Agriculture,2391-9531,true,,
Autism & developmental language impairments,2396-9415,true,,
Global health research and policy,2397-0642,true,,
Journal of scleroderma and related disorders (Print),2397-1983,true,,
BMJ open ophthalmology,2397-3269,true,,
Maritime business review (Print),2397-3757,true,,
Diagnostic and prognostic research,2397-7523,true,,
International journal of care and caring (Print),2397-8821,true,,
Behavioural public policy (Print),2398-063X,true,,
BJGP open,2398-3795,true,,
International journal of building pathology and adaptation (Print),2398-4708,true,,
Perspective on public management and governance (Print),2398-4910,true,,
"Digital policy, regulation and governance (Print)",2398-5038,true,,
Information and learning sciences (Print),2398-5348,true,,
Open heart (Print),2398-595X,true,,
BMJ leader,2398-631X,true,,
Journal of gender-based violence (Print),2398-6808,true,,
AJIL unbound,2398-7723,true,,
Health science reports,2398-8835,true,,
Cambridge international law journal (Print),2398-9173,true,,
BMJ open quality,2399-6641,true,,
Clinical nutrition ESPEN,2405-4577,true,,
Erudition and the republic of letters (Print),2405-5050,true,,
Journal of clinical tuberculosis and other mycobacterial diseases,2405-5794,true,,
Physics and imaging in radiation oncology,2405-6316,true,,
Journal of world literature (Print),2405-6472,true,,
Emerging contaminants (Print),2405-6650,true,,
Journal of global slavery (Print),2405-8351,true,,
Veterinary parasitology. Regional studies and reports,2405-9390,true,,
International journal of neonatal screening,2409-515X,true,,
Philosophies (Basel),2409-9287,true,,
Imagologiâ i komparativistika = Imagology and comparative studies,2409-9554,true,,
Journal of functional morphology and kinesiology,2411-5142,true,,
Vision (Basel),2411-5150,true,,
Infrastructures (Basel),2412-3811,true,,
"Engaging science, technology, and society",2413-8053,true,,
Urban science,2413-8851,true,,
Stellenbosch theological journal,2413-9459,true,,
Multimodal technologies and interaction,2414-4088,true,,
Annals of joint,2415-6809,true,,
Intersections (Budapest),2416-089X,true,,
Magallánica (Mar del Plata),2422-779X,true,,
International journal of financial engineering (Print),2424-7863,true,,
The journal of hand surgery. Asian-Pacific volume (Print),2424-8355,true,,
Progress in rehabilitation medicine,2432-1354,true,,
Journal of computational social science (Print),2432-2717,true,,
Circulation reports,2434-0790,true,,
Historia y memoria de la educación,2444-0043,true,,
Studia Historiae Scientiarum (Print),2451-3202,true,,
Open Cultural Studies,2451-3474,true,,
Contemporary clinical trials communications,2451-8654,true,,
Philological encounters (Journal. Print),2451-9189,true,,
Computers in human behavior reports,2451-9588,true,,
Neurobiology of pain,2452-073X,true,,
Trends in neuroscience and education (Print),2452-0837,true,,
Advances in radiation oncology,2452-1094,true,,
Metacritic Journal for Comparative Studies and Theory,2457-8827,true,,
Clinical and experimental health sciences (Online),2459-1459,true,,
Tobacco prevention and cessation (online),2459-3087,true,,
Obra digital (Ed. impresa),2462-6384,true,,
Argumenta (Sassari),2465-2334,true,,
Econometrics and statistics (Print),2468-0389,true,,
World development perspectives (Print),2468-0532,true,,
Infectious disease modelling (Print),2468-2152,true,,
Scientific African,2468-2276,true,,
Cancer treatment and research communications,2468-2942,true,,
Water security,2468-3124,true,,
Kidney cancer (Print),2468-4562,true,,
Current opinion in environmental science & health,2468-5844,true,,
Chinese journal of environmental law (Print),2468-6034,true,,
Online social networks and media,2468-6964,true,,
European journal of trauma & dissociation = Revue européenne du trauma et de la dissociation,2468-7499,true,,
International journal of Taiwan studies (Print),2468-8797,true,,
Internet histories (Print),2470-1475,true,,
Journal of global sport management (Print),2470-4067,true,,
AIMS agriculture and food,2471-2086,true,,
AIMS geosciences,2471-2132,true,,
Pain reports,2471-2531,true,,
Journal of the Endocrine Society,2472-1972,true,,
AEM education and training,2472-5390,true,,
JBMR plus,2473-4039,true,,
The Harold Pinter review,2473-8433,true,,
Political research exchange,2474-736X,true,,
Environmental epidemiology,2474-7882,true,,
Structural heart (Print),2474-8706,true,,
"Proceedings of the ACM on interactive, mobile, wearable and ubiquitous technologies",2474-9567,true,,
Proceedings of the ACM on programming languages,2475-1421,true,,
Technology architecture + design (Print),2475-1448,true,,
IEEE sensors letters,2475-1472,true,,
Current developments in nutrition,2475-2991,true,,
Internet technology letters,2476-1508,true,,
Research in psychotherapy (Print),2499-7552,true,,
Journal of regional and city planning (Online),2502-6429,true,,
Frontiers in research metrics and analytics,2504-0537,true,,
Big data and cognitive computing,2504-2289,true,,
Frontiers in education (Lausanne),2504-284X,true,,
Portuguese journal of public health (Print),2504-3137,true,,
Colloids and interfaces,2504-5377,true,,
German journal of exercise and sport research (Print),2509-3142,true,,
Journal of cognitive enhancement (Print),2509-3290,true,,
PharmacoEconomics - open (Print),2509-4262,true,,
Frontiers of narrative studies (Print),2509-4882,true,,
Journal of patient-reported outcomes,2509-8020,true,,
Journal of formative design in learning,2509-8039,true,,
Journal of geovisualization and spatial analysis (Print),2509-8810,true,,
Earth systems and environment (Print),2509-9426,true,,
Corpus pragmatics (Print),2509-9507,true,,
International journal of Latin American religions (Print),2509-9957,true,,
Allergologie select,2512-8957,true,,
Evolutionary human sciences,2513-843X,true,,
Rheumatology advances in practice,2514-1775,true,,
European heart journal. Case reports,2514-2119,true,,
Journal of cognition,2514-4820,true,,
Journal of hospitality and tourism insights (Print),2514-9792,true,,
Australasian journal of special and inclusive education (Print),2515-0731,true,,
European journal of politics and gender (Print),2515-1088,true,,
Journal of Asian business and economic studies,2515-964X,true,,
Journal of patient safety and risk management (Print),2516-0435,true,,
Ancient philosophy today (Print),2516-1156,true,,
Journal of digital media & policy (Print),2516-3523,true,,
"BMJ nutrition, prevention & health",2516-5542,true,,
Conrado (Impresa),2519-7320,true,,
Regulatory mechanisms in biosystems (Print),2519-8521,true,,
Journal of Cultural Cognitive Science,2520-100X,true,,
Journal of Paleolithic Archaeology,2520-8217,true,,
Journal of international business policy (Print),2522-0691,true,,
Neurological research and practice,2524-3489,true,,
International Journal of Economic Policy Studies (Print),2524-4892,true,,
Childhood & Philosophy (Rio de Janeiro. Impresso),2525-5061,true,,
Cadernos Brasileiros de Terapia Ocupacional = Brazilian Journal of Occupational Therapy,2526-8910,true,,
Nazariyat Journal for the history of islamic philosophy and sciences,2528-8563,true,,
Mediterranean Journal of Rheumatology (online),2529-198X,true,,
Pasos (El Sauzal. Ed. impresa),2529-959X,true,,
Učënye zapiski Kazanskogo universiteta. Seriâ Estestvennye nauki (Print),2542-064X,true,,
Journal of second language studies (Print),2542-3835,true,,
Internet pragmatics (Print),2542-3851,true,,
Journal of Alzheimer's disease reports,2542-4823,true,,
Register studies (Print),2542-9477,true,,
"Language, culture and society (Print)",2543-3164,true,,
Open Philosophy,2543-8875,true,,
Encounters in theory and history of education = Rencontres en théorie et histoire de l'éducation,2560-8371,true,,
JMIR cardio,2561-1011,true,,
JMIR formative research,2561-326X,true,,
JMIR pediatrics and parenting,2561-6722,true,,
JMIR nursing,2562-7600,true,,
Research in educational administration & leadership = Eğitim yönetimi ve liderliği araştırmaları,2564-7261,true,,
International public history,2567-1111,true,,
Zeitschrift für Technikfolgenabschätzung in Theorie und Praxis (Print) = Journal for technology assessment in theory and practice,2568-020X,true,,
Social psychological bulletin (Online),2569-653X,true,,
Quaternary (Basel),2571-550X,true,,
Vibration (Basel),2571-631X,true,,
Soil systems,2571-8789,true,,
Stats (Basel),2571-905X,true,,
Forecasting,2571-9394,true,,
Heritage (Basel),2571-9408,true,,
Comparative literature--East & West = Bi jiao wen xue--dong fang yu xi fang,2572-3618,true,,
Gaming Law Review-Economics Regulation Compliance and Policy,2572-5300,true,,
Journal of business analytics,2573-234X,true,,
Cancer reports,2573-8348,true,,
Translational sports medicine,2573-8488,true,,
WIREs. Forensic science,2573-9468,true,,
Policy design and practice,2574-1292,true,,
Journal for peace and nuclear disarmament,2575-1654,true,,
A&A practice,2575-3126,true,,
Journal for the measurement of physical behaviour (Print),2575-6605,true,,
ACS pharmacology & translational science,2575-9108,true,,
Microbiology resource announcements,2576-098X,true,,
IEEE transactions on medical robotics and bionics,2576-3202,true,,
The journal of aging and social change (Print),2576-5310,true,,
ACS applied bio materials,2576-6422,true,,
The journal of applied laboratory medicine (Print),2576-9456,true,,
ACM transactions on the internet of things (Online),2577-6207,true,,
Human behavior and emerging technologies,2578-1863,true,,
Advances in Artificial Intelligence and Machine Learning,2582-9793,true,,
European journal of midwifery,2585-2906,true,,
Acute and Critical Care = ACC,2586-6052,true,,
Bioresource technology reports,2589-014X,true,,
Diplomatica (Leiden. Print),2589-1766,true,,
Language teaching for young learners (Print),2589-2053,true,,
Secular studies (Print),2589-2517,true,,
China and Asia (Print),2589-4641,true,,
Global transitions,2589-7918,true,,
Earth system governance,2589-8116,true,,
Triple helix (Heidelberg. Print),2590-0366,true,,
Results in applied mathematics (Print),2590-0382,true,,
Progress in disaster science,2590-0617,true,,
Medicine in novel technology and devices,2590-0935,true,,
Archives of rehabilitation research and clinical translation,2590-1095,true,,
Clinical parkinsonism & related disorders,2590-1125,true,,
Vaccine. X,2590-1362,true,,
Transportation research interdisciplinary perspectives,2590-1982,true,,
Biofilm (Amsterdam),2590-2075,true,,
City and environment interactions,2590-2520,true,,
Journal of healthcare quality research,2603-6479,true,,
Volcanica,2610-3540,true,,
Detritus (Print),2611-4127,true,,
The Journal of Epigraphic Studies (Print),2611-979X,true,,
Clocks & sleep,2624-5175,true,,
Acoustics (Basel),2624-599X,true,,
Journal of cybersecurity and privacy,2624-800X,true,,
Frontiers in artificial intelligence (Lausanne),2624-8212,true,,
Frontiers in big data,2624-909X,true,,
Frontiers in sports and active living,2624-9367,true,,
Frontiers in climate,2624-9553,true,,
Quantum reports,2624-960X,true,,
Frontiers in sustainable cities,2624-9634,true,,
Frontiers in computer science (Lausanne),2624-9898,true,,
Clinical psychology in Europe,2625-3410,true,,
Chemistry methods,2628-9725,true,,
Emotions and society (Print),2631-6897,true,,
Wearable technologies,2631-7176,true,,
IET smart cities,2631-7680,true,,
Organization theory,2631-7877,true,,
NAR genomics and bioinformatics,2631-9268,true,,
Journal of applied logics (Print),2631-9810,true,,
Journal of physics. Complexity,2632-072X,true,,
BMJ health & care informatics,2632-1009,true,,
Brain communications,2632-1297,true,,
JAC-antimicrobial resistance,2632-1823,true,,
Data & policy,2632-3249,true,,
Palliative care and social practice,2632-3524,true,,
Journal of multilingual theories and practices (Print),2632-4490,true,,
Sleep advances,2632-5012,true,,
Buildings & cities,2632-6655,true,,
Bone & joint open,2633-1462,true,,
Materials advances,2633-5409,true,,
Journal of multimorbidity and comorbidity,2633-5565,true,,
Reproduction & fertility,2633-8386,true,,
Function (Oxford),2633-8823,true,,
European heart journal. Digital health,2634-3916,true,,
Environmental research: infrastructure and sustainability,2634-4505,true,,
Radiology. Cardiothoracic imaging,2638-6135,true,,
Annual review of developmental psychology,2640-7922,true,,
Quantitative science studies,2641-3337,true,,
Neurobiology of language,2641-4368,true,,
Kidney360,2641-7650,true,,
NEJM CATALYST INNOVATIONS IN CARE DELIVERY,2642-0007,true,,
Physical review research,2643-1564,true,,
Journal of the International Council for Small Business (Print),2643-7015,true,,
IEEE open journal of engineering in medicine and biology,2644-1276,true,,
"Law, technology and humans",2652-4074,true,,
Journal of Road Safety (Australasian College of Road Safety. Print),2652-4260,true,,
Research in education and learning innovation archives,2659-9031,true,,
Affective Science,2662-2041,true,,
Implementation science communications,2662-2211,true,,
Discover sustainability,2662-9984,true,,
Access to justice in Eastern Europe (Print),2663-0575,true,,
European journal of cultural management and policy,2663-5771,true,,
Software impacts,2665-9638,true,,
Environmental and sustainability indicators,2665-9727,true,,
Science of remote sensing,2666-0172,true,,
Current research in toxicology,2666-027X,true,,
Contrastive pragmatics (Print),2666-0385,true,,
International journal of nursing studies advances,2666-142X,true,,
Journal of agriculture and food research,2666-1543,true,,
STAR protocols,2666-1667,true,,
Sustainable futures,2666-1888,true,,
Human Genetics and Genomics advances,2666-2477,true,,
European convention on human rights law review (Print),2666-3228,true,,
Journal of behavioral and cognitive therapy (Print),2666-3473,true,,
"Brain, behavior, & immunity. Health",2666-3546,true,,
Global privacy law review (Print),2666-3570,true,,
Patterns (New York),2666-3899,true,,
History of philosophy & logical analysis (Online),2666-4275,true,,
Comprehensive psychoneuroendocrinology,2666-4976,true,,
Heart rhythm O2,2666-5018,true,,
Current research in behavioral sciences,2666-5182,true,,
Resuscitation plus,2666-5204,true,,
Giant (Oxford),2666-5425,true,,
Computers and education open,2666-5573,true,,
F&S reviews,2666-5719,true,,
AJOG global reports,2666-5778,true,,
Current research in ecological and social psychology,2666-6227,true,,
Journal of migration and health,2666-6235,true,,
Med (New York. Print),2666-6359,true,,
"International journal for history, culture and modernity (Print)",2666-6529,true,,
American journal of preventive cardiology,2666-6677,true,,
International journal of cardiology congenital heart disease,2666-6685,true,,
"Trees, forests and people",2666-7193,true,,
Cleaner and responsible consumption,2666-7843,true,,
Cleaner environmental systems,2666-7894,true,,
Cleaner engineering and technology,2666-7908,true,,
Maritime transport research,2666-822X,true,,
Machine learning with applications,2666-8270,true,,
Future foods,2666-8335,true,,
International journal of parliamentary studies (Print),2666-8904,true,,
"Resources, environment and sustainability",2666-9161,true,,
Cell genomics,2666-979X,true,,
Food hydrocolloids for health,2667-0259,true,,
Biophysical reports,2667-0747,true,,
Journal of urban mobility,2667-0917,true,,
Advances in redox research,2667-1379,true,,
Biological psychiatry global open science,2667-1743,true,,
The Lancet regional health. Americas,2667-193X,true,,
The journal of climate change and health,2667-2782,true,,
SSM. Qualitative research in health,2667-3215,true,,
European burn journal,2673-1991,true,,
Frontiers in digital health,2673-253X,true,,
Frontiers in chemical engineering,2673-2718,true,,
Frontiers in human dynamics,2673-2726,true,,
Frontiers in toxicology,2673-3080,true,,
Frontiers in medical technology,2673-3129,true,,
?Frontiers in Political Science,2673-3145,true,,
Frontiers in genome editing,2673-3439,true,,
Epidemiologia (Basel),2673-3986,true,,
World (Basel),2673-4060,true,,
Obesities,2673-4168,true,,
?Frontiers in Virtual Reality,2673-4192,true,,
Frontiers in sustainability (Lausanne),2673-4524,true,,
Frontiers in oral health,2673-4842,true,,
Frontiers in global women’s health,2673-5059,true,,
Journalism and media,2673-5172,true,,
Frontiers in future transportation,2673-5210,true,,
Frontiers in pain research (Lausanne),2673-561X,true,,
Frontiers in fungal biology,2673-6128,true,,
Frontiers in neuroergonomics,2673-6195,true,,
Frontiers in aging,2673-6217,true,,
Hemato,2673-6357,true,,
Forensic sciences (Basel),2673-6756,true,,
Frontiers in rehabilitation sciences,2673-6861,true,,
Adolescents,2673-7051,true,,
Geographies (Basel),2673-7086,true,,
Textiles (Basel),2673-7248,true,,
Future transportation,2673-7590,true,,
Frontiers in bioinformatics,2673-7647,true,,
Kidney and dialysis,2673-8236,true,,
Architecture (Basel),2673-8945,true,,
Frontiers in urology,2673-9828,true,,
Youth (Basel),2673-995X,true,,
Frontiers in network physiology,2674-0109,true,,
Florence Nightingale journal of nursing (Online),2687-6442,true,,
JCO global oncology,2687-8941,true,,
Journal of the American College of Emergency Physicians Open,2688-1152,true,,
"View (Beijing, China. Print)",2688-3988,true,,
BJUI compass,2688-4526,true,,
Ecological solutions and evidence,2688-8319,true,,
"Technology, mind, and behavior",2689-0208,true,,
Palliative medicine reports,2689-2820,true,,
JBI evidence synthesis,2689-8381,true,,
"Journal of family trauma, child custody & child development (Print)",2690-4586,true,,
JACS Au,2691-3704,true,,
JCPP advances,2692-9384,true,,
"Aquaculture, fish and fisheries",2693-8847,true,,
Journal of statistics and data science education,2693-9169,true,,
ACS bio & med chem au,2694-2437,true,,
ACS Engineering Au,2694-2488,true,,
Muskuloskelettale Physiotherapie (Print),2701-6986,true,,
Comparative Southeast European studies (Print),2701-8199,true,,
Frontiers in emergency medicine,2717-3593,true,,
ISME communications,2730-6151,true,,
Communications medicine,2730-664X,true,,
Nature reviews psychology,2731-0574,true,,
Nature synthesis,2731-0582,true,,
Discover Psychology,2731-4537,true,,
Nature mental health,2731-6076,true,,
BMC digital health,2731-684X,true,,
npj climate action,2731-9814,true,,
Balneo and PRM Research Journal (Online. English ed.),2734-8458,true,,
Research on world agricultural economy,2737-4777,true,,
Babel. Littératures plurielles,2743-2742,true,,
European heart journal open,2752-4191,true,,
Environmental research. Climate,2752-5295,true,,
PNAS nexus,2752-6542,true,,
"Drugs, habits and social policy (Print)",2752-6739,true,,
Energy advances,2753-1457,true,,
RSC sustainability,2753-8125,true,,
BMJ medicine,2754-0413,true,,
Environmental science. Advances,2754-7000,true,,
PLOS sustainability and transformation,2767-3197,true,,
PLOS global public health,2767-3375,true,,
JEADV clinical practice,2768-6566,true,,
IEEE open journal of instrumentation and measurement,2768-7236,true,,
Legal pluralism and critical social analysis (Print),2770-6869,true,,
The Lancet regional health. Southeast Asia,2772-3682,true,,
Cleaner logistics and supply chain,2772-3909,true,,
Journal of chromatography open,2772-3917,true,,
International journal of cardiology. Cardiovascular risk and prevention,2772-4875,true,,
Telematics and informatics reports,2772-5030,true,,
Brain and spine,2772-5294,true,,
PEC innovation,2772-6282,true,,
IJID regions,2772-7076,true,,
JACC. Advances,2772-963X,true,,
Continence (Amsterdam),2772-9737,true,,
Frontiers in health services,2813-0146,true,,
SUPPLY CHAIN ANALYTICS,2949-8635,true,,
Ecological frontiers,2950-5097,true,,
Discover public health,3005-0774,true,,
TechTrends,8756-3894,true,,
"Palaestra (Macomb, Ill.)",8756-5811,true,,
Bulletin de la Commission royale d'histoire - Académie royale de Belgique = Handelingen van de Koninklijke Commissie voor Geschiedenis - Koninklijke academie van België,0001-415X,true,,
Bulletin des séances de l'Académie royale des sciences d'Outre-mer = Mededelingen der zittingen van de Koninklijke Académie voor Overzeese Wetenschappen,0001-4176,true,,
Acta Palaeobotanica,0001-6594,true,,
Activitas Nervosa Superior (1959),0001-7604,true,,
Aegyptus (Testo stampato),0001-9046,true,,
Afrika und Übersee,0002-0427,true,,
Algemeen Nederlands tijdschrift voor wijsbegeerte (Print),0002-5275,true,,
Analecta Bollandiana (Printed),0003-2468,true,,
Annuarium historiae conciliorum,0003-5157,true,,
Antik tanulmányok (Nyomtatott) = Studia antiqua (Nyomtatott),0003-567X,true,,
Archiv für Begriffsgeschichte,0003-8946,true,,
Archives internationales d'histoire des sciences (Printed) = International archive of the history of science,0003-9810,true,,
Archivio di filosofia (Testo stampato),0004-0088,true,,
Archivio di studi urbani e regionali (Testo stampato),0004-0177,true,,
Archivo ibero-americano,0004-0452,true,,
Archivum Franciscanum historicum,0004-0665,true,,
Ars aequi (Print),0004-2870,false,2023-01-01,no longer counted as peer-reviewed
Arte cristiana,0004-3400,true,,
Asiatische Studien = Etudes asiatiques (Print),0004-4717,true,,
Augustiniana (Heverlee. Printed),0004-8003,true,,
Augustinianum,0004-8011,true,,
Augustinus,0004-802X,false,2025-01-01,no longer counted as peer-reviewed
Behavioral science (Print),0005-7940,true,,
Beiträge zur Namenforschung,0005-8114,true,,
MBB. Belastingbeschouwingen,0005-8335,true,,
Belgisch tijdschrift voor geneeskunde,0005-8440,true,,
Boletín de la Biblioteca de Menéndez Pelayo (Ed. impresa),0006-1646,true,,
Bibliotheca orientalis (Printed),0006-1913,true,,
Bollettino di studi latini (Testo stampato),0006-6583,true,,
Bulletin de psychologie,0007-4403,true,,
Bulletin for International Fiscal Documentation = Bulletin de documentation fiscale internationale,0007-4624,true,,
Cahiers de droit européen (Bruxelles. Imprimé),0007-9758,false,2023-01-01,no longer counted as peer-reviewed
Cahiers de lexicologie,0007-9871,false,2023-01-01,no longer counted as peer-reviewed
Cahiers des religions africaines,0008-0047,true,,
Les Cahiers naturalistes (Paris),0008-0365,true,,
Il Cannocchiale (Napoli),0008-5618,true,,
Caribbean quarterly,0008-6495,true,,
Casa de las Américas,0008-7157,false,2023-01-01,no longer counted as peer-reviewed
Casabella (1965),0008-7181,true,,
Anales de la Cátedra Francisco Suárez,0008-7750,true,,
Catholica (Münster),0008-8501,true,,
Courrier hebdomadaire (Centre de recherche et d'information socio-politique. Imprimé),0008-9664,true,,
Ching Feng (English ed.),0009-4668,true,,
Het Christelijk Oosten,0009-5141,true,,
Chronique d'Egypte (Imprimé),0009-6067,false,2024-01-01,no longer counted as peer-reviewed
Ciceroniana (Testo stampato),0009-6687,true,,
Cîteaux Commentarii Cistercienses,0009-7497,true,,
La Ciudad de Dios (1936),0009-7756,true,,
La Comunità internazionale (Testo stampato),0010-5066,true,,
Concilium (English language edition),0010-5236,false,2023-01-01,no longer counted as peer-reviewed
Deutsches Archiv für Erforschung des Mittelalters,0012-1223,true,,
Il Diritto marittimo (Testo stampato),0012-348X,true,,
Economisch-statistische berichten,0013-0583,false,2025-01-01,no longer counted as peer-reviewed
Epigraphica,0013-9572,true,,
Estudios clásicos (Madrid),0014-1453,true,,
Etudes de lettres (Imprimé),0014-2026,true,,
L'Europe en formation,0014-2808,true,,
European taxation (Print),0014-3138,false,2023-01-01,no longer counted as peer-reviewed
European transport law = Europees vervoerrecht,0014-3154,false,2023-01-01,no longer counted as peer-reviewed
Freiburger Zeitschrift für Philosophie und Theologie = Rivista filosofica e teologica di Friburgo,0016-0725,true,,
Geist und Leben (Würzburg),0016-5921,false,2024-01-01,no longer counted as peer-reviewed
"Genre (Norman, Okla.)",0016-6928,true,,
Germania (Mainz),0016-8874,true,,
Giornale di metafisica (Testo stampato),0017-0372,true,,
Giornale italiano di filologia (Printed),0017-0461,true,,
Gregorianum (Testo stampato),0017-4114,true,,
Heiliger Dienst,0017-9620,true,,
Historia (Three Rivers),0018-229X,true,,
Huisarts en wetenschap (Print),0018-7070,true,,
de Industrieele eigendom (1912),0019-9249,true,,
Intereconomics (Baden-Baden),0020-5346,true,,
International legal materials,0020-7829,true,,
Internationale Kirchliche Zeitschrift (Print) = International church review,0020-9252,true,,
Internationale spectator (Print),0020-9317,true,,
Istina (Boulogne-sur-Seine),0021-2423,true,,
"Italica (New York, N.Y.)",0021-3020,true,,
Japanese economic studies,0021-4841,true,,
Journal des Tribunaux (Imprimé),0021-812X,false,2023-01-01,no longer counted as peer-reviewed
Journal of cuneiform studies,0022-0256,true,,
Journal of geriatric psychiatry,0022-1414,true,,
Visible language,0022-2224,true,,
"Keizai kenkyū (Kunitachi, Tokyo. 1950) = Economic review (Kunitachi, Tokyo. 1950)",0022-9733,true,,
Verslagen en Mededelingen van de Koninklijke Vlaamse Academie voor Taal- en Letterkunde,0023-3404,true,,
Kunst og kultur (Trykt),0023-5415,true,,
Kwartalnik Historyczny,0023-5903,true,,
Les Langues modernes,0023-8376,true,,
Lebende Sprachen,0023-9909,true,,
Lettres romanes (Imprimé),0024-1415,true,,
Leuvense bijdragen (Gedrukt),0024-1482,true,,
"Linguistica (Ljubljana, Tiskana izd.)",0024-3922,true,,
Literatur in Wissenschaft und Unterricht,0024-4643,true,,
Le livre et l'estampe,0024-533X,true,,
Logos (Yorkton),0024-5895,true,,
Lumen vitae (Ed. française),0024-7324,true,,
Lutheran theological journal,0024-7553,true,,
Lutra (Leiden),0024-7634,true,,
Maandblad voor accountancy en bedrijfshuishoudkunde,0024-8622,true,,
La Maison-Dieu,0025-0937,false,2024-01-01,no longer counted as peer-reviewed
"Manuscripta (St. Louis, Mo.)",0025-2603,true,,
Mensch en maatschappij (Print),0025-9454,true,,
Minerva ginecologica (Testo stampato),0026-4784,true,,
Mousaion,0027-2639,true,,
Muzyka (Warszawa. 1956),0027-5344,true,,
NIR. Nordiskt immateriellt rättsskydd,0027-6723,true,,
Nederlands theologisch tijdschrift,0028-212X,true,,
Nederlands tijdschrift voor tandheelkunde (Print),0028-2200,true,,
New York University journal of international law & politics,0028-7873,true,,
New Zealand Slavonic journal,0028-8683,true,,
Nieuw archief voor wiskunde,0028-9825,true,,
Nordisk tidsskrift for kriminalvidenskab,0029-1528,true,,
Nouvelle revue théologique (Imprimé),0029-4845,true,,
Ökumenische Rundschau,0029-8654,false,2025-01-01,no longer counted as peer-reviewed
Oriens extremus,0030-5197,true,,
Ostkirchliche Studien,0030-6487,true,,
Pallas (Toulouse),0031-0387,true,,
"Parameters (Carlisle, Pa.)",0031-1723,true,,
Pedagogika (Praha. Print),0031-3815,true,,
Il Pensiero politico (Firenze. Testo stampato),0031-4846,true,,
Perspectives of new music,0031-6016,true,,
Physis (Firenze),0031-9414,true,,
Poétique (Collection),0032-2024,true,,
The Prague Bulletin of Mathematical Linguistics (Print),0032-6585,true,,
Pravnik (Print),0032-6976,true,,
Przegląd Humanistyczny,0033-2194,true,,
Przegląd Socjologiczny = Sociological Review,0033-2356,true,,
Recherches de science religieuse,0034-1258,true,,
Representation,0034-4893,true,,
Journal of the Research Society of Pakistan,0034-5431,true,,
Revue belge d'archéologie et d'histoire de l'art = Belgisch tijdschrift voor oudheidkunde en kunstgeschiedenis,0035-077X,true,,
Revue belge de droit international (Imprimé) = Belgian Review of International Law (Printed),0035-0788,true,,
Revue belge de sécurité sociale - Ministère de la prévoyance sociale,0035-0834,false,2024-01-01,no longer counted as peer-reviewed
Revue Bénédictine (Imprimé),0035-0893,true,,
Revue critique de droit international,0035-0958,true,,
Revue critique de jurisprudence belge (Imprimé),0035-0966,true,,
Revue de droit intellectuel. L'ingénieur-conseil,0035-1083,true,,
Revue de droit social (Bruxelles) = Tijdschrift voor sociaal recht,0035-1113,true,,
Revue de Qumrân (Printed),0035-1725,true,,
Revue de théologie et de philosophie,0035-1784,true,,
Revue des études augustiniennes,0035-2012,false,2023-01-01,no longer counted as peer-reviewed
Revue des questions scientifiques,0035-2160,true,,
Revue des sciences humaines (Lille),0035-2195,true,,
Revue française de science politique,0035-2950,true,,
Revue française des affaires sociales,0035-2985,true,,
Revue historique de droit français et étranger (1922),0035-3280,false,2026-01-01,no longer counted as peer-reviewed
Revue internationale de droit comparé,0035-3337,true,,
Revue internationale du droit d'auteur,0035-3515,false,2024-01-01,no longer counted as peer-reviewed
Revue Mabillon,0035-3620,true,,
Revue de droit pénal et de criminologie,0035-4384,true,,
Rheinisches Museum für Philologie,0035-449X,true,,
Rivista Geografica Italiana (Testo stampato),0035-6697,true,,
Rivista internazionale di scienze sociali (Testo stampato),0035-676X,true,,
Roczniki Filozoficzne = Annals of Philosophy,0035-7685,true,,
St. Vladimir's theological quarterly,0036-3227,true,,
Salesianum (Testo stampato),0036-3502,false,2024-01-01,no longer counted as peer-reviewed
Salmanticensis,0036-3537,true,,
Schweizerische Zeitschrift für Forstwesen = Journal forestier suisse,0036-7818,true,,
Selecciones de teología,0037-119X,false,2023-01-01,no longer counted as peer-reviewed
Služba Božja,0037-7074,true,,
Social theory and practice,0037-802X,true,,
Bulletins et Mémoires de la Société d'anthropologie de Paris,0037-8984,true,,
Bulletin de la Société de linguistique de Paris,0037-9069,true,,
Revue française d'histoire du livre,0037-9212,true,,
Bulletin de la Société des sciences médicales du Grand-Duché de Luxembourg,0037-9247,true,,
Sociological Bulletin (Print),0038-0229,true,,
Sozialer Fortschritt (Berlin),0038-609X,true,,
Studi Emigrazione = Migrations Studies,0039-2936,false,2023-01-01,no longer counted as peer-reviewed
Studia liturgica,0039-3207,true,,
Studies in African linguistics,0039-3533,true,,
Syria (Paris),0039-7946,true,,
Taal en tongval (Print),0039-8691,true,,
The Tax lawyer,0040-005X,true,,
East Asian pastoral review,0040-0564,false,2024-01-01,no longer counted as peer-reviewed
Theologische Literaturzeitung,0040-5671,true,,
Theologische Zeitschrift,0040-5701,true,,
Tiers monde (Paris.Can),0040-7356,true,,
Tijdschrift voor bestuurswetenschappen en publiek recht,0040-7437,true,,
Unitas (Manila. Print),0041-7149,true,,
Vniversitas,0041-9060,true,,
Vox Romanica,0042-899X,true,,
Weekblad voor fiscaal recht,0043-1796,true,,
Wijsgerig perspectief op maatschappij en wetenschap,0043-5414,true,,
Worship,0043-941X,true,,
Zeitschrift für ausländisches öffentliches Recht und Völkerrecht = Heidelberg journal of international law : HJIL,0044-2348,true,,
Zeitschrift für Balkanologie,0044-2356,true,,
Zeitschrift für das gesamte Familienrecht,0044-2410,false,2023-01-01,no longer counted as peer-reviewed
Zeitschrift für Missionswissenschaft und Religionswissenschaft,0044-3123,true,,
Acta antiqua Academiae Scientiarum Hungaricae (Print),0044-5975,true,,
Agora (Melbourne),0044-6726,true,,
Archivium Hibernicum,0044-8745,true,,
Delikt en delinkwent,0045-9879,false,2023-01-01,no longer counted as peer-reviewed
Ethnologie française (Paris),0046-2616,true,,
Georgia journal of international and comparative law,0046-578X,false,2023-01-01,no longer counted as peer-reviewed
Journal of educational technology systems (Print),0047-2395,true,,
Journal of phenomenological psychology (Print),0047-2662,true,,
Santiago,0048-9115,true,,
?Second Order: An African Journal of Philosophy,0048-9964,true,,
Acta ad archaeologiam et artium historiam pertinentia (Testo stampato),0065-0900,true,,
Acta neurochirurgica. Supplementum,0065-1419,true,,
Journal of the American Research Center in Egypt,0065-9991,true,,
Anatolica (Leiden),0066-1554,true,,
Ancient society (Printed),0066-1619,true,,
Annales de démographie historique (Paris),0066-2062,true,,
Annuaire français de droit international,0066-3085,true,,
Antiquites africaines (Paris),0066-4871,true,,
"Archiv für Diplomatik, Schriftgeschichte, Siegel- und Wappenkunde",0066-6297,false,2025-01-01,no longer counted as peer-reviewed
Archivum historiae pontificiae,0066-6785,true,,
Archiwum Historii Filozofii i Myśli SpoŁecznej = Archives d'Histoire de la Philosophie et de la Pansée Sociale,0066-6874,true,,
Archiwum Kryminologii,0066-6890,true,,
Proceedings of the Aristotelian Society (Print),0066-7374,true,,
Annuario della Scuola archeologica di Atena e delle missioni italiane in Oriente,0067-0081,true,,
Boletín de filología (Santiago. Impresa),0067-9674,true,,
British year book of international law,0068-2691,true,,
Bulletin de philosophie médiévale,0068-4023,true,,
Cahiers Ferdinand de Saussure,0068-516X,true,,
Cahiers Jean Cocteau,0068-5178,false,2024-01-01,no longer counted as peer-reviewed
Chigiana (Firenze),0069-3391,true,,
Chiron,0069-3715,true,,
Danish yearbook of philosophy,0070-2749,true,,
Dante studies with the annual report of the Dante Society,0070-2862,true,,
Dix-huitième siècle (Paris),0070-6760,true,,
Dumbarton Oaks papers,0070-7546,true,,
Études de linguistique appliquée,0071-190X,false,2024-01-01,no longer counted as peer-reviewed
Journal - Galpin Society,0072-0127,true,,
Hegel-Jahrbuch,0073-1579,true,,
Mitteilungen des Instituts für Österreichische Geschichtsforschung,0073-8484,true,,
Anthologica annua,0074-0160,true,,
Jahrbuch für Antike und Christentum,0075-2541,true,,
Jahrbuch für christliche Sozialwissenschaften,0075-2584,true,,
Klio,0075-6334,true,,
Literaturwissenschaftliches Jahrbuch,0075-997X,true,,
Lusitânia sacra,0076-1508,true,,
Musica disciplina,0077-2461,true,,
Numismatic chronicle (1966),0078-2696,true,,
Jahreshefte des Österreichischen archäologischen Institutes in Wien (1946),0078-3579,true,,
Organon (Wrocław),0078-6500,true,,
Polish Psychological Bulletin,0079-2993,true,,
Lingua Posnaniensis,0079-4740,true,,
Proceedings of the Prehistoric Society,0079-497X,true,,
Römische historische Mitteilungen,0080-3790,true,,
Romanistisches Jahrbuch,0080-3898,true,,
Franciscan studies,0080-5459,true,,
Bulletin (The Museum of Far Eastern Antiquities),0081-5691,true,,
Studi classici e orientali (Testo stampato),0081-6124,true,,
Tijdschrift voor privaatrecht,0082-4313,true,,
Travaux de linguistique (Gand. Imprimé),0082-6049,true,,
Wiener Studien,0084-005X,true,,
Year's work in modern language studies,0084-4152,false,2025-01-01,no longer counted as peer-reviewed
Zagadnienia Rodzajów Literackich = Problems of Literary Genres,0084-4446,true,,
Zeitschrift für Papyrologie und Epigraphik,0084-5388,false,2023-01-01,no longer counted as peer-reviewed
Nankyoku shiryo,0085-7289,true,,
Journal of sports medicine,0090-4201,true,,
Contemporary drug problems,0091-4509,true,,
Graduate faculty philosophy journal,0093-4240,true,,
"Communio (Spokane, Wash.)",0094-2065,false,2023-01-01,no longer counted as peer-reviewed
Emory law journal,0094-4076,true,,
Journal of space law,0095-7577,false,2026-01-01,no longer counted as peer-reviewed
Cadernos de Pesquisa (Fundação Carlos Chagas. Impresso),0100-1574,true,,
Comunicação & Sociedade (Impresso),0101-2657,true,,
Revista de Letras (Fortaleza. Impresso),0101-8051,true,,
Sequência (Florianópolis. Impresso),0101-9562,true,,
Anuário Antropológico (Impresso),0102-4302,true,,
Perspectiva (Florianópolis. Impresso),0102-5473,true,,
Intercom (São Paulo. 1984),0102-6453,true,,
ABRALIN,0102-7158,true,,
Estudos de Psicologia (Campinas. Impresso) = Psychological Studies,0103-166X,true,,
Trabalhos em Lingüística Aplicada (Impresso),0103-1813,false,2024-01-01,no longer counted as peer-reviewed
Psico (Impresso),0103-5371,true,,
Paidéia (Ribeirão Preto. Impresso),0103-863X,true,,
Educação em Foco (Juiz de Fora. Impresso),0104-3293,true,,
TradTerm (Impresso),0104-639X,true,,
MST review,0118-4792,true,,
Budhi (Manila. Print),0118-5942,true,,
Asia-Pacific social science review,0119-8386,true,,
Cuestiones Teológicas,0120-131X,true,,
Franciscanum (Universidad de San Buenaventura),0120-1468,true,,
Lenguaje,0120-3479,true,,
Theologica xaveriana,0120-3649,true,,
Revista Colombiana de Educación (Bogotá. Impreso),0120-3916,true,,
Ensayos sobre politica economica,0120-4483,true,,
Signo y pensamiento,0120-4823,true,,
"Cuadernos de Geografía, Revista Colombiana de Geografía",0121-215X,true,,
Pedagogía y Saberes (Impreso),0121-2494,true,,
Estudios de Filosofía (Medellín. Impreso),0121-3628,true,,
Avances en Enfermería,0121-4500,true,,
Revista Derecho del Estado,0122-9893,true,,
"Ikala, revista de lenguaje y cultura (Medellín)",0123-3432,true,,
Revista de salud publica,0124-0064,true,,
Literatura (Folyóirat),0133-2368,true,,
Kultúra és közösség,0133-2597,true,,
Studia Germanica Posnaniensia,0137-2467,true,,
Studia Iuridica (Warszawa),0137-4346,true,,
Prace Filologiczne,0138-0567,true,,
EAR. Edinburgh architecture research,0140-5039,true,,
Journal of social welfare law,0141-8033,true,,
European intellectual property review,0142-0461,true,,
Information design journal,0142-5471,true,,
International journal of ambient energy,0143-0750,true,,
Landscape history,0143-3768,true,,
Company lawyer,0144-1027,true,,
ECLR. European competition law review,0144-3054,true,,
History of universities,0144-5138,true,,
Vermont law review,0145-2908,true,,
Hebrew studies,0146-4094,true,,
Communication yearbook,0147-4642,true,,
Comparative strategy,0149-5933,true,,
Etudes canadiennes = Canadian Studies,0153-1700,true,,
Cahiers de linguistique Asie orientale,0153-3320,true,,
Cahier de recherches de l'Institut de papyrologie et d'égyptologie de Lille,0153-5021,false,2023-01-01,no longer counted as peer-reviewed
Revue d'économie industrielle = Review of Industrial Economics,0154-3229,true,,
Cahiers d'économie politique (Amiens),0154-8344,true,,
Clinical biochemist reviews (Print),0159-8090,true,,
Research in philosophy & technology,0161-7249,true,,
"Restoration (Knoxville, Tenn.)",0162-9905,true,,
Journal of sport psychology,0163-433X,true,,
Ulbandus review,0163-450X,true,,
Tijdschrift voor familie- en jeugdrecht,0165-0084,false,2023-01-01,no longer counted as peer-reviewed
Nederlandsch juristenblad,0165-0483,false,2023-01-01,no longer counted as peer-reviewed
Tijdschrift voor gezondheidsrecht (Print),0165-0874,false,2023-01-01,no longer counted as peer-reviewed
Rechtsgeleerd magazijn Themis (Print),0165-0882,true,,
Tijdschrift voor orthopedagogiek (Groningen),0165-0947,true,,
Sociaal-economische wetgeving,0165-098X,true,,
Tijdschrift voor milieu en recht,0165-1137,true,,
Tijdschrift voor psychotherapie (Print),0165-1188,true,,
Beleid & maatschappij,0165-1625,true,,
M & O,0165-1722,true,,
Tijdschrift voor criminologie (Print),0165-182X,true,,
Kerk en theologie (Print),0165-2346,true,,
Radix (Amsterdam),0165-4322,false,2026-01-01,no longer counted as peer-reviewed
Bestuurswetenschappen ('s-Gravenhage. Print),0165-7194,true,,
Amsterdamer Beiträge zur älteren Germanistik,0165-7305,true,,
Hermeneus,0165-8158,true,,
Lampas (Zwolle. Print),0165-8204,true,,
"Weekblad voor privaatrecht, notariaat en registratie",0165-8476,true,,
Babesch. Bulletin antieke beschaving,0165-9367,true,,
Bulletin van het Rijksmuseum,0165-9510,true,,
Holland (Den Haag),0166-2511,false,2023-01-01,no longer counted as peer-reviewed
Kind en adolescent (Print),0167-2436,true,,
Filosofie & praktijk,0167-2444,true,,
Oso (Nijmegen. 1982),0167-4099,true,,
Justitiële verkenningen,0167-5850,true,,
Tijdschrift voor seksuologie,0167-5915,true,,
Netherlands yearbook of international law (Print),0167-6768,true,,
Gedragstherapie (Utrecht),0167-7454,true,,
Nederlands internationaal privaatrecht (Print),0167-7594,true,,
NJCM-bulletin (Print),0167-8434,true,,
Tijdschrift voor gerontologie en geriatrie,0167-9228,true,,
Tijdschrift voor zeegeschiedenis,0167-9988,true,,
Tijdschrift voor hoger onderwijs (Print),0168-1095,false,2023-01-01,no longer counted as peer-reviewed
Tijdschrift voor Skandinavistiek (Print),0168-2148,true,,
Krisis (Amsterdam),0168-275X,true,,
Tijdschrift voor theologie,0168-9959,true,,
Tijdschrift voor verzekeringsgeneeskunde,0169-0698,true,,
Demos (Voorburg),0169-1473,false,2024-01-01,no longer counted as peer-reviewed
Tijdschrift voor arbeidsvraagstukken (Print),0169-2216,true,,
Incontri (Utrecht),0169-3379,true,,
Oase (Delft),0169-6238,true,,
Zeitschrift für dialektische Theologie,0169-7536,false,2023-01-01,no longer counted as peer-reviewed
Bochumer Jahrbuch zur Ostasienforschung,0170-0006,true,,
Gestalt theory,0170-057X,true,,
Vox Latina (Saarbrücken),0172-5300,true,,
Musiktherapeutische Umschau,0172-5505,true,,
Zeitschrift für Rechtssoziologie,0174-0202,true,,
Transportrecht,0174-559X,true,,
Epigraphica Anatolica,0174-6545,true,,
Biblische Notizen = Biblical notes,0178-2967,true,,
Langage et société (Paris),0181-4095,true,,
Verbum (Nancy),0182-5887,true,,
Études irlandaises,0183-973X,false,2025-01-01,no longer counted as peer-reviewed
Revista de la educación superior,0185-2760,true,,
Debate feminista,0188-9478,true,,
Rangelands,0190-0528,true,,
Willamette law review,0191-9822,true,,
"Test (Oakhurst, N.J.)",0193-4120,true,,
The Journal of the International Association of Buddhist Studies (Printed),0193-600X,true,,
IRB,0193-7758,true,,
International journal of therapeutic communities,0196-1365,true,,
Dictionaries,0197-6745,true,,
Sʺpostavitelno ezikoznanie = Contrastive Linguistics,0204-8701,true,,
Acta Universitatis Lodziensis. Folia Iuridica,0208-6069,true,,
Cuadernos de pedagogía (Ed. impresa),0210-0630,true,,
Concilium (Estella),0210-1041,false,2025-01-01,no longer counted as peer-reviewed
Mayéutica,0210-2900,true,,
LEA. Lingüística española actual,0210-6345,true,,
Historia de la educación,0212-0267,true,,
Bolletí de la Societat d'Història Natural de les Balears,0212-260X,true,,
Estudios humanísticos. Filología,0213-1382,true,,
Ekonomiaz,0213-3865,true,,
Filología neotestamentaria,0214-2996,true,,
"Revista de logopedia, foniatría y audiología (Ed. impresa)",0214-4603,true,,
Glossae (Murcia),0214-669X,true,,
Edetania (Godella),0214-8560,true,,
Asia journal of theology (Singapore),0218-0812,true,,
Ktema (Strasbourg),0221-5896,true,,
Amérindia (Paris),0221-8852,true,,
Neuropsychiatrie de l'enfance et de l'adolescence,0222-9617,true,,
L'Information grammaticale (Paris),0222-9838,true,,
Mélanges de l'École française de Rome. Antiquité (Imprimé),0223-5102,true,,
Revue internationale de droit pénal,0223-5404,true,,
Canadian journal of Netherlandic studies = Revue canadienne d'études néerlandaises,0225-0500,true,,
Le Moyen français,0226-0174,true,,
Connections (Toronto),0226-1766,true,,
RSSI.  Recherches sémiotiques. Semiotic inquiry = RSSI,0229-8651,true,,
Altorientalische Forschungen (Berlin),0232-8461,true,,
Filosofskie nauki (Moskva) = Russian journal of philosophical sciences,0235-1188,true,,
Artium Quaestiones,0239-202X,true,,
"Annales Universitatis Mariae Curie-Skłodowska. Sectio FF, Philologiae",0239-426X,true,,
Hemispheres Studies on Cultures and Societies,0239-8818,true,,
Archives de politique criminelle,0242-5637,true,,
Nouvelles de l'archéologie,0242-7702,false,2023-01-01,no longer counted as peer-reviewed
Mots (Paris. 1980),0243-6450,true,,
Politique africaine (Paris),0244-7827,true,,
Modèles linguistiques,0249-6267,true,,
Zeitschrift für Neuere Rechtsgeschichte,0250-6459,true,,
Zeitschrift für Hochschuldidaktik,0250-6467,true,,
Journal of comparative literature and aesthetics,0252-8169,true,,
Allpanchis,0252-8835,true,,
Krankenpflege = Soins infirmiers,0253-0465,false,2023-01-01,no longer counted as peer-reviewed
Hànxué yánjiū = Chinese studies,0254-4466,true,,
Lexis (Lima),0254-9239,true,,
Bulletin de l'Institut français d'archéologie orientale,0255-0962,true,,
Bulletin de la Société d'égyptologie,0255-6286,true,,
Versants (Lausanne. Imprimé),0256-9604,false,2023-01-01,no longer counted as peer-reviewed
Investigación operacional,0257-4306,true,,
Journal for Islamic studies = Tydskrif vir islamkunde,0257-7062,true,,
Management and labour studies,0258-042X,true,,
The South African law journal,0258-2503,true,,
Tydskrif vir regswetenskap,0258-252X,true,,
The journal of forensic odonto-stomatology,0258-414X,true,,
Ploutarkhos,0258-655X,true,,
Études byzantines et post-byzantines,0259-0913,true,,
Cahiers de linguistique française (Imprimé),0259-6199,true,,
Tydskrif vir taalonderrig = Ijenali yekufundzisa lulwimi,0259-9570,true,,
"Parliaments, estates & representation = Parlements, états & représentation",0260-6755,true,,
Archaeological review from Cambridge,0261-4332,true,,
Clinics in oncology,0261-9873,true,,
Youth and policy,0262-9798,true,,
Yearbook of European law,0263-3264,true,,
Built environment (London. 1978),0263-7960,true,,
Reading in a foreign language,0264-2425,true,,
Primary health care,0264-5033,true,,
LES nouvelles,0270-174X,true,,
"Bulletin of science, technology & society",0270-4676,true,,
The Saxophone symposium,0271-3705,true,,
International bulletin of missionary research,0272-6122,true,,
The journal of business strategy,0275-6668,true,,
Hikaku toshishi kenkyū = Comparative urban history review,0287-1637,true,,
Acta Slavica Iaponica,0288-3503,true,,
Kenchiku shigaku = Journal of the Society of Architectural Historians of Japan,0289-2839,true,,
Les Cahiers de la nouvelle = Journal of the short story in English,0294-0442,true,,
Philosophie (Revue),0294-1805,false,2023-01-01,no longer counted as peer-reviewed
Revue de l'Institut catholique de Paris (1982),0294-4308,true,,
Roman 20-50,0295-5024,false,2023-01-01,no longer counted as peer-reviewed
Revue de droit des affaires internationales = International business law journal,0295-5830,true,,
Prison service journal,0300-3558,true,,
Acta psychiatrica Belgica,0300-8967,true,,
Symbolae Philologorum Posnaniensium Graecae et Latinae,0302-7384,true,,
Tijdschrift voor psychiatrie,0303-7339,true,,
Periodica polytechnica. Transportation engineering (Print) = Periodica polytechnica. Transport,0303-7800,true,,
Revue internationale des sciences administratives,0303-965X,true,,
Anuario de historia del derecho español,0304-4319,true,,
Special publication - Geological Society of London,0305-8719,true,,
Urban history yearbook,0306-0845,true,,
Foundation (Dagenham),0306-4964,true,,
Archaeologia Cambrensis,0306-6924,true,,
Proceedings of the Seminar for Arabian Studies,0308-8421,true,,
Dalhousie law journal,0317-1663,true,,
Acta Universitatis Carolinae. Iuridica (Print),0323-0619,true,,
Zeitschrift der Savigny-Stiftung für Rechtsgeschichte. Germanistische Abteilung,0323-4045,true,,
Literaturna misʺl (Print),0324-0495,true,,
Ezik i literatura = Language & Literature,0324-1270,true,,
Külgazdaság,0324-4202,true,,
Anales de filología clásica,0325-1721,true,,
Revista de estudios clásicos,0325-3465,true,,
Anales del Instituto de Lingüística,0325-3597,true,,
Méthexis (Sankt Augustin),0327-0289,true,,
Estudios y perspectivas en turismo,0327-5841,true,,
Vertex (Buenos Aires),0327-6139,true,,
Beckettiana (Buenos Aires),0327-7550,true,,
Area (Buenos Aires),0328-1337,true,,
Revista de la SAE,0329-5583,true,,
Nordlyd (Tromsø) = Tromsø University working papers on language & linguistics,0332-7531,true,,
Geographical research forum,0333-5275,true,,
International journal of adolescent medicine and health,0334-0139,true,,
Jerusalem Studies in Arabic and Islam,0334-4118,true,,
Jerusalem quarterly,0334-4800,true,,
Archives de sciences sociales des religions,0335-5985,true,,
Communication et langages,0336-1500,true,,
Oeuvres et critiques,0338-1900,true,,
Pratiques (Metz),0338-2389,true,,
Communio (Paris),0338-781X,false,2023-01-01,no longer counted as peer-reviewed
Yod (Paris),0338-9316,true,,
Leviathan (Düsseldorf),0340-0425,true,,
Studien zur altägyptischen Kultur,0340-2215,true,,
Zeitschrift für Unternehmens- und Gesellschaftsrecht,0340-2479,true,,
Amerikastudien (Heidelberg) = American studies,0340-2827,true,,
Unterrichtswissenschaft,0340-4099,true,,
Atemwegs- und Lungenkrankheiten,0341-3055,true,,
Istanbuler Mitteilungen,0341-9142,true,,
Mitteilungen des Deutschen Archäologischen Instituts. Abteilung Kairo,0342-1279,false,2023-01-01,no longer counted as peer-reviewed
Ugarit-Forschungen,0342-2356,false,2023-01-01,no longer counted as peer-reviewed
Zeitschrift für Unternehmensgeschichte = Journal of business history,0342-2852,true,,
WSI-Mitteilungen,0342-300X,true,,
Würzburger Jahrbücher für die Altertumswissenschaft,0342-5932,true,,
Phänomenologische Forschungen = Recherches phénoménologiques,0342-8117,true,,
German yearbook of international law,0344-3094,true,,
Zeitschrift für öffentliche und gemeinwirtschaftliche Unternehmen = Journal for public and nonprofit services,0344-9777,true,,
Barnboken,0347-772X,true,,
Istorijski časopis = Revue historique,0350-0802,true,,
Zbornik Pravnog fakulteta u Zagrebu = Sbornik naučnyh rabot Juridičeskogo fakul'teta Universiteta v Zagrebe,0350-2058,true,,
Inovacije u nastavi,0352-2334,true,,
Andragoške studije,0354-5415,true,,
Iskos,0355-3108,true,,
Suomen antropologi (Painettu) = Journal of the Finnish Anthropological Society,0355-3930,true,,
Process studies,0360-6503,true,,
IEEE engineering management review,0360-8581,true,,
Human physiology,0362-1197,true,,
Actualidad médica,0365-7965,true,,
Revista chilena de pediatría (Impresa),0370-4106,true,,
RMLG. Revue médicale de Liège (Imprimé),0370-629X,false,2023-01-01,no longer counted as peer-reviewed
Tijdschrift voor geneeskunde (Gedrukt),0371-683X,true,,
Archives d'histoire doctrinale et littéraire du Moyen-âge,0373-5478,true,,
?Revue des etudes byzantines,0373-5729,true,,
Revue d'histoire des textes (Imprimée),0373-6075,true,,
Acta linguistica hafniensia,0374-0463,true,,
Revista cubana de medicina tropical (Impresa),0375-0760,true,,
Byzantion (Printed),0378-2506,true,,
Revista internacional del trabajo (Impresa),0378-5548,true,,
Revue internationale du travail (Imprimé),0378-5599,true,,
Philosophica (Gent. Printed),0379-8402,true,,
Revista canadiense de estudios hispánicos,0384-8167,true,,
Behaviormetrika,0385-7417,true,,
Jinkōgaku kenkyū = Journal of population studies (Tokyo. 1978),0386-8311,false,2025-01-01,no longer counted as peer-reviewed
Nihongo kyōiku = Journal of Japanese language teaching,0389-4037,true,,
Archeologia medievale (Testo stampato),0390-0592,true,,
Rivista di studi fenici (Testo stampato),0390-3877,true,,
Problemi dell'informazione (Testo stampato),0390-5195,true,,
Nuovo cimento della Società italiana di fisica. C (Testo stampato),0390-5551,true,,
Studi italiani di linguistica teorica ed applicata (Testo stampato),0390-6809,true,,
Bollettino dell'archivio per la storia del movimento sociale cattolico in Italia (Testo stampato),0390-8240,true,,
Cronache ercolanesi,0391-1535,true,,
Studi di grammatica italiana (Testo stampato),0391-4151,true,,
Journal of European economic history (Print),0391-5115,true,,
Archivum Fratrum Praedicatorum,0391-7320,true,,
Diritto e società (Testo stampato),0391-7428,true,,
Italia medioevale e umanistica (Testo stampato),0391-7495,true,,
Studi etruschi (Testo stampato),0391-7762,true,,
Archeologia classica (Testo stampato),0391-8165,true,,
Studi organizzativi (Testo stampato),0391-8769,false,2024-01-01,no longer counted as peer-reviewed
Archivio Storico per le Province Napoletane,0392-0267,true,,
Archivio veneto (1927),0392-0291,true,,
Annali della Scuola normale superiore di Pisa. Classe di lettere e filosofia (Testo stampato),0392-095X,true,,
Ricerche di storia sociale e religiosa (Testo stampato),0392-1581,true,,
Ricerche storiche (Testo stampato) = Ricerche storiche : (Firenze),0392-162X,true,,
Rassegna iberistica (Testo stampato),0392-4777,true,,
Rivista degli studi orientali (Testo stampato),0392-4866,true,,
Sociologia urbana e rurale (Testo stampato),0392-4939,true,,
Sociologia del lavoro (Testo stampato),0392-5048,true,,
Quaderni dell'Osservatorio elettorale (Testo stampato) = Italian journal of electoral studies,0392-6753,true,,
Rivista giuridica del lavoro e della previdenza sociale,0392-7229,true,,
Elenchos (Testo stampato),0392-7342,true,,
Comunicazioni sociali (Testo stampato),0392-8667,true,,
Storia della storiografia (Testo stampato),0392-8926,true,,
Stato e mercato (Testo stampato),0392-9701,true,,
Diritto processuale amministrativo (Testo stampato),0393-1315,true,,
Annali - Istituto universitario orientale,0393-3180,false,2023-01-01,no longer counted as peer-reviewed
Henoch (Testo stampato),0393-6805,false,2025-01-01,no longer counted as peer-reviewed
Studi e materiali di storia delle religioni (1983. Testo stampato),0393-8417,true,,
Aesthetica. Pre-print,0393-8522,true,,
Meridiana (Testo stampato),0394-4115,true,,
Medicina nei secoli (1989. Testo stampato),0394-9001,true,,
Il Castello di Elsinore (Testo stampato),0394-9389,true,,
Annales,0395-2649,true,,
Cahiers de la Méditerranée,0395-9317,true,,
Revue juridique de l'environnement,0397-0299,true,,
Journal des africanistes,0399-0346,true,,
Recherches germaniques,0399-1989,true,,
Acta classica Universitatis Scientiarum Debreceniensis,0418-453X,true,,
Dzieje Najnowsze,0419-8824,true,,
Ethnologia Europaea,0425-4597,true,,
Studies on Voltaire and the eighteenth century,0435-2866,false,2023-01-01,no longer counted as peer-reviewed
Acta Universitatis Wratislaviensis. Germanica Wratislaviensia,0435-5865,true,,
Gewerblicher Rechtsschutz und Urheberrecht. Internationaler Teil,0435-8600,true,,
Koroze a ochrana materiálu (Print),0452-599X,true,,
Kikan kokusai seiji = International Relations,0454-2215,true,,
Recherches augustiniennes (Paris),0484-0887,true,,
Rikkyō hōgaku = St. Paul's review of law and politics,0485-1250,true,,
Rassegna italiana di sociologia (Testo stampato),0486-0349,true,,
Res publica (Bruxelles),0486-4700,true,,
Verfassung und Recht in Übersee,0506-7286,true,,
"Wen-Shi-Zhe = Journal of Literature, History and Philosophy",0511-4721,true,,
Zeitschrift für Sozialreform = Journal of social policy research,0514-2776,true,,
Živi jezici,0514-7743,true,,
Analecta praemonstratensia,0517-6735,false,2026-01-01,no longer counted as peer-reviewed
Jianzhu xuebao = Architectural Journal,0529-1399,true,,
Europarecht (Baden-Baden),0531-2485,false,2026-01-01,no longer counted as peer-reviewed
Međunarodna politika,0543-3657,true,,
Naše gospodarstvo (Tiskana izd.) = Our economy,0547-3101,true,,
Poradnik Językowy (1919),0551-5343,true,,
Pastoraltheologische Informationen,0555-9308,true,,
Military Law and the Law of War Review / Revue de Droit Militaire et de Droit de la Guerre,0556-7394,true,,
Revue française de pédagogie (Paris),0556-7807,true,,
Rivista di storia dell'agricoltura,0557-1359,true,,
Rivista di studi bizantini e neoellenici,0557-1367,true,,
Acta Universitatis Wratislaviensis. Romanica Wratislaviensia,0557-2665,true,,
Revista brasileira de cartografia (Impresso),0560-4613,true,,
Studime historike,0563-5799,true,,
Annales islamologiques = حوليات إسلامية,0570-1716,true,,
Arctos (Print),0570-734X,true,,
Cahiers de l'Association internationale des études françaises,0571-5865,false,2026-01-01,no longer counted as peer-reviewed
Cahiers staëliens,0575-1276,true,,
Mélanges (Institut dominicain d'études orientales du Caire) = مجلة معهد الدراسات الشرقية للآباء الدومنيكان,0575-1330,true,,
Travaux et mémoires - Centre de recherche d'histoire et civilisation de Byzance,0577-1471,true,,
Sankhya. Series B,0581-5738,true,,
Slovo (Zagreb),0583-6255,true,,
Studi di estetica (Testo stampato),0585-4733,true,,
Studi magrebini,0585-4954,true,,
Studia patristica,0585-542X,true,,
Studia Theologica Varsaviensia,0585-5594,true,,
Concilium (Deutsche Ausg.),0588-9804,false,2023-01-01,no longer counted as peer-reviewed
Annals of air and space law = Annales de droit aérien et spatial,0701-158X,true,,
Anthropologie et sociétés,0702-8997,true,,
Canadian journal of Irish studies,0703-1459,true,,
Canadian journal of family law = Revue canadienne de droit familial,0704-1225,true,,
Canadian journal of regional science = Revue canadienne des sciences régionales,0705-4580,true,,
Études créoles,0708-2398,true,,
Estudios públicos (Impresa),0716-1115,true,,
Byzantion nea hellás (Impresa),0716-2138,true,,
Boletín - Sociedad Chilena de Arqueología,0716-5730,true,,
Literatura y lingüística (Impresa),0716-5811,true,,
Psykhe (Santiago. Impresa),0717-0297,true,,
Pensamiento educativo (Impresa),0717-1013,true,,
Ius publicum,0717-4063,true,,
Revista de derecho administrativo económico (Impresa),0717-4888,true,,
Revista de derecho (Coquimbo. Impresa),0717-5345,true,,
Psicoperspectivas (Impresa),0717-7798,true,,
Revista laboratorio,0718-7467,true,,
Diseña (Santiago. Impresa),0718-8447,true,,
Revista inclusiones,0719-4706,true,,
Cuadernos de teoría social (Impresa),0719-6415,true,,
Benessere (Valparaíso),0719-7764,true,,
Árboles y rizomas,0719-9805,true,,
IPRax. Praxis des internationalen Privat- und Verfahrensrechts,0720-6585,true,,
Mediterranean language review,0724-7567,true,,
Journal of law and information science,0729-1485,true,,
Criminal justice ethics,0731-129X,true,,
Systems research,0731-7239,true,,
Women's studies quarterly,0732-1562,true,,
Journal of legal pluralism and unofficial law,0732-9113,true,,
Research in the sociology of organizations,0733-558X,true,,
Québec studies,0737-3759,true,,
"Teacher education quarterly (Claremont, Calif.)",0737-5328,true,,
The International journal of applied philosophy,0739-098X,true,,
History of philosophy quarterly,0740-0675,true,,
"Ancient philosophy (Pittsburgh, Pa.)",0740-2007,true,,
Annali d'italianistica,0741-7527,true,,
North Carolina journal of international law and commercial regulation,0743-1759,true,,
Journal of accounting education,0748-5751,true,,
Histoire épistémologie langage (Imprimé),0750-8069,true,,
Cahiers d'études germaniques,0751-4239,true,,
Réseaux (Issy-les-Moulineaux),0751-7971,true,,
"Histoire, économie et société (Paris)",0752-5702,true,,
Études chinoises = Zhongguo yanjiu,0755-5857,true,,
Lexique (Lille),0756-7138,true,,
Politiques et management public (Paris),0758-1726,true,,
Semen (Besançon),0761-2990,true,,
Journal de traumatologie du sport,0762-915X,true,,
Mappemonde,0764-3470,true,,
Crisol (Nanterre),0764-7611,true,,
Cahiers de praxématique (Montpellier),0765-4944,true,,
Revue des études byzantines,0766-5598,true,,
Revue française d'économie,0769-0479,true,,
Droit et société (Paris. 1985),0769-3362,true,,
Intellectica,0769-4113,true,,
Handelingen van het Genootschap voor Geschiedenis,0770-0822,true,,
Revue interdisciplinaire d'études juridiques (Imprimé),0770-2310,true,,
L' Antiquité classique (Imprimé),0770-2817,true,,
Studia diplomatica (Imprimé),0770-2965,true,,
Jaarboek van het Koninklijk Museum voor Schone Kunsten Antwerpen,0770-3104,true,,
M&L. Monumenten en Landschappen,0770-4984,true,,
Annales de droit de Louvain (Imprimé),0770-6472,false,2023-01-01,no longer counted as peer-reviewed
Monumenten en landschappen,0770-674X,true,,
Accountancy & Bedrijfskunde,0770-7142,true,,
Bulletin - Société géographique de Liège (Imprimé),0770-7576,true,,
Verslagen en Mededelingen van de Koninklijke Academie voor Nederlandse Taal- en Letterkunde (Gedrukt),0770-786X,true,,
Panopticon,0771-1409,true,,
Revue belge de sécurité sociale - Ed. Publitou,0771-1530,false,2023-01-01,no longer counted as peer-reviewed
Annales d'histoire de l'art et d'archéologie,0771-2723,true,,
Germanistische Mitteilungen,0771-3703,true,,
Revue de philosophie ancienne,0771-5420,true,,
Psycho-analytische perspektieven,0771-5862,true,,
Revue belge de musicologie (Imprimé) = Belgisch tijdschrift voor muziekwetenschap,0771-6788,true,,
Sacris Erudiri (Printed),0771-7776,true,,
Computerrecht,0771-7784,true,,
Documenta. Tijdschrift voor theater (Gedrukt),0771-8640,true,,
"Tijdschrift voor orthopedagogiek, kinderpsychiatrie en klinische kinderpsychologie",0771-9825,true,,
AVRUG-bulletin,0772-0793,true,,
Afrika Focus (Gedrukt),0772-084X,true,,
De uil van Minerva,0772-4381,true,,
Fatik,0772-5167,true,,
Algemeen fiskaal tijdschrift,0772-6465,true,,
Tijdschrift voor economie en management,0772-7674,true,,
Revue de droit commercial belge (Imprimé) = Tijdschrift voor Belgisch handelsrecht : (Gedrukt),0772-8050,true,,
Chroniques de droit social = Sociaalrechtelijke kronieken,0773-1701,true,,
Ons Geestelijk Erf (Gedrukt),0774-2827,true,,
Handelingen der maatschappij voor geschiedenis en oudheidkunde te Gent,0774-286X,true,,
Humanistica Lovaniensia (Printed),0774-2908,true,,
Handelingen - Zuidnederlandse maatschappij voor taal- en letterkunde en geschiedenis,0774-2959,true,,
Handelingen (KZM. Gedrukt),0774-3254,true,,
Notae praehistoricae,0774-3327,false,2023-01-01,no longer counted as peer-reviewed
Cîteaux. Commentarii Cistercienses,0774-4919,true,,
Belgian journal of linguistics (Print),0774-5141,true,,
WT. Tijdschrift over de geschiedenis van de Vlaamse beweging,0774-532X,true,,
Questions liturgiques (1971. Imprimé),0774-5524,true,,
Revue belge de numismatique et de sigillographie = Belgisch tijdschrift voor numismatiek en zegelkunde,0774-5885,true,,
Phantasia (Liège),0774-7136,true,,
Bulletin de la Commission royale de toponymie & dialectologie (Printed) = Handelingen van de Koninklijke Commissie voor Toponymie & Dialectologie,0774-8396,true,,
Belgisch tijdschrift voor sociale zekerheid - Ministerie van tewerkstelling en arbeid,0775-0234,true,,
Huisarts nu (Berchem),0775-0501,true,,
Archives et bibliothèques de Belgique (Ed. bilingue) = Archief en bibliotheekwezen in België,0775-0722,true,,
Revue générale de droit civil belge = Tijdschrift voor Belgisch burgerlijk recht,0775-2814,true,,
Revue européenne de droit de la consommation = Revista europea de derecho del consumo,0775-3209,true,,
Tijdschrift voor gemeenterecht (Brussel),0775-3217,true,,
TRV (Kalmthout),0775-3969,true,,
Revue de droit international et de droit comparé (Imprimé),0775-4663,false,2023-01-01,no longer counted as peer-reviewed
Administration publique trimestriel - Institut belge des sciences administratives (Imprimé),0775-8812,true,,
Textyles (Bruxelles. Imprimé),0776-0116,true,,
Taal en tongval. Themanummer,0776-0566,true,,
DCR,0776-2372,true,,
Collationes. Vlaams tijdschrift voor theologie en pastoraal,0776-8354,true,,
Tijdschrift voor vreemdelingenrecht (Brussel),0776-8605,true,,
Tijdschrift voor Belgisch handelsrecht,0777-2416,true,,
Revue trimestrielle des droits de l'homme,0777-3579,true,,
De Gulden Passer = Le Compas d'Or,0777-5067,true,,
Fiscaal notariaat (Brussel),0777-5172,true,,
Tijdschrift voor sociologie,0777-883X,true,,
Tijdschrift voor onderwijsrecht en onderwijsbeleid,0778-0443,true,,
Actualités du droit,0778-1695,true,,
Ethische perspectieven (Gedrukt),0778-6069,true,,
Problèmes d'histoire des religions,0778-6735,true,,
Het Land van Aalst,0778-7731,true,,
"Trajecta (Leuven) = Religion, culture and society in the Low Countries",0778-8304,true,,
Journal des tribunaux du travail (Imprimé),0778-9009,false,2023-01-01,no longer counted as peer-reviewed
Tetradio - Universiteit Gent. Griekenlandcentrum,0779-1933,true,,
Tijdschrift voor Milieurecht (Gedrukt),0779-374X,true,,
Forum (Antwerpen. 1993),0779-7397,true,,
Journal des Tribunaux. Droit européen (Imprimé),0779-7656,true,,
Acta Comparanda (Wilrijk),0779-9853,true,,
Irish journal of sociology,0791-6035,true,,
Bulletin of the ecumenical theology,0794-8670,true,,
Journal of critical southern studies,0796-1901,true,,
Revista uruguaya de enfermería,0797-6194,true,,
Anales venezolanos de nutrición,0798-0752,true,,
Revista educación superior y sociedad,0798-1228,true,,
International journal of sociology of agriculture and food,0798-1759,true,,
Norsk lingvistisk tidsskrift,0800-3076,true,,
ICAME journal (Trykt utg.),0801-5775,true,,
Journal of Arabic and Islamic studies,0806-198X,true,,
Nordlit (Tromsø.  Trykt utg.),0809-1668,true,,
Metascience (Print),0815-0796,false,2024-01-01,no longer counted as peer-reviewed
Scandinavian-Canadian studies = Études scandinaves au Canada,0823-1796,true,,
Mesure et évaluation en éducation = Bulletin de l'Association des spécialistes de la mesure et de l'évaluation en éducation,0823-3993,true,,
Interchange (Toronto. 1984),0826-4805,true,,
Annuaire théâtral (Montréal. 1985),0827-0198,true,,
Revue québécoise de droit international,0828-9999,true,,
"TTR. Traduction, terminologie, rédaction",0835-8443,true,,
Recherches féministes,0838-4479,true,,
Healthcare management forum = Forum gestion des soins de santé,0840-4704,true,,
Bulletin du CODESRIA = Council for the Development of Economic and Social Research in Africa bulletin,0850-8712,true,,
Przegląd Tomistyczny,0860-0015,true,,
Neerlandica Wratislaviensia,0860-0716,true,,
"Studies in Logic, Grammar and Rhetoric",0860-150X,true,,
Anglica (Warszawa),0860-5734,true,,
Ikonotheka (Warszawa),0860-5769,true,,
BioTechnologia (Poznań),0860-7796,true,,
Etnolingwistyka (Lublin),0860-8032,true,,
Iluminace (Print),0862-397X,true,,
Litteraria Pragensia (Print),0862-8424,true,,
Revista cubana de investigaciones biomédicas (Impresa),0864-0300,true,,
Revista da Faculdade de Direito da Universidade de Lisboa,0870-3116,true,,
Revista portuguesa de pedagogia,0870-418X,true,,
Cultura (Lisboa),0870-4546,true,,
Revista portuguesa de filosofia,0870-5283,true,,
Nação e defesa,0870-757X,true,,
Diacrítica (Braga),0870-8967,true,,
Revista filosófica de Coimbra,0872-0851,true,,
Mediaevalia (Porto),0872-0991,true,,
Philosophica (Lisboa),0872-4784,true,,
"Educação, sociedade & culturas",0872-7643,true,,
Etnográfica (Lisboa),0873-6561,true,,
"Africana studia = Africana studia, international journal of African studies",0874-2375,true,,
Phainomenon (Lisboa),0874-9493,true,,
International series in management science/operations research,0884-8289,true,,
The International trade journal,0885-3908,true,,
Socialism and democracy,0885-4300,true,,
Journal of social studies research,0885-985X,true,,
"Choices (Ames, Iowa)",0886-5558,true,,
Public affairs quarterly,0887-0373,true,,
The Humanistic psychologist,0887-3267,true,,
Housing and society,0888-2746,true,,
Journal of dramatic theory and criticism,0888-3203,true,,
The Journal of Pan African studies,0888-6601,true,,
Philosophy & theology,0890-2461,true,,
Analytic teaching,0890-5118,true,,
Advances in urology,0894-4385,true,,
Essays in economic and business history,0896-226X,true,,
Journal of the fantastic in the arts,0897-0521,true,,
NBER working paper series,0898-2937,false,2026-01-01,no longer counted as peer-reviewed
Journal of cost management for the manufacturing industry,0899-5141,true,,
Mediekultur (Ålborg. Papirform),0900-9671,true,,
Nordic journal of international law (KÝbenhavn. 1986. Print) = Nordisk tidskrift for international ret (KÝbenhavn. 1986),0902-7351,true,,
Hermes (Århus. Papirform),0904-1699,true,,
Regelmaat (Lelystad),0920-055X,true,,
Onderzoek van onderwijs ('s-Gravenhage),0920-0665,false,2024-01-01,no longer counted as peer-reviewed
Verpleegkunde (Lochem),0920-3273,false,2023-01-01,no longer counted as peer-reviewed
Jaarboek voor munt- en penningkunde,0920-380X,true,,
De Zeventiende eeuw (Print),0921-142X,true,,
Nederlands tijdschrift voor bestuursrecht (Print),0921-3554,true,,
Nederlands tijdschrift voor obstetrie & gynaecologie,0921-4011,true,,
Nederlands tijdschrift voor cardiologie,0921-4674,true,,
Etnofoor (Amsterdam),0921-5158,true,,
Vaktaal (Amsterdam),0921-5867,true,,
TMA. Tijdschrift voor mediterrane archeologie,0922-3312,true,,
Machine translation,0922-6567,true,,
Tijdschrift voor cardiologie,0923-1501,false,2023-01-01,no longer counted as peer-reviewed
NTZ. Nederlands tijdschrift voor zwakzinnigenzorg,0923-2370,false,2023-01-01,no longer counted as peer-reviewed
Noordbrabants historisch jaarboek,0923-5817,false,2025-01-01,no longer counted as peer-reviewed
Tijdschrift voor toegepaste arbowetenschap (Amsterdam),0923-618X,true,,
European Joyce studies,0923-9855,true,,
Jaarboek voor liturgie onderzoek,0924-042X,true,,
Revista europea de estudios latinoamericanos y del caribe = European review of latin american and caribbean studies,0924-0608,true,,
Systeemtherapie (Deventer),0924-3631,true,,
Mediaforum (Amsterdam),0924-5057,false,2023-01-01,no longer counted as peer-reviewed
MAB ('s-Gravenhage),0924-6304,true,,
"Stem-, spraak- en taalpathologie (Print)",0924-7025,true,,
Fichte-Studien (Amsterdam),0925-0166,true,,
International VAT monitor,0925-0832,false,2025-01-01,no longer counted as peer-reviewed
Tijdschrift voor geneeskunde en ethiek,0925-2819,true,,
Reinardus (Grave. Print),0925-4757,true,,
Foro hispánico,0925-8620,true,,
VELON (Eindhoven),0925-9384,true,,
Filosofie (Zoetermeer),0925-9449,true,,
Studies in interreligious dialogue (Print),0926-2326,true,,
Journal of income distribution (Print),0926-6437,true,,
Studies in health technology and informatics (Print),0926-9630,true,,
Nederlands tijdschrift voor burgerlijk recht,0927-2747,true,,
Bestuurskunde ('s-Gravenhage),0927-3387,true,,
Merkourios (Utrecht. Print),0927-460X,true,,
GeWina (Leiden),0928-382X,true,,
Bouwfysica (Deventer),0928-5377,false,2023-01-01,no longer counted as peer-reviewed
Tijdschrift voor bedrijfs- en verzekeringsgeneeskunde (Print),0929-600X,true,,
Linguistics in the Netherlands (Print),0929-7332,true,,
Literatuur zonder leeftijd,0929-8274,false,2023-01-01,no longer counted as peer-reviewed
Queeste (Hilversum. Print),0929-8592,true,,
Tijdschrift voor civiele rechtspleging,0929-8649,false,2025-01-01,no longer counted as peer-reviewed
Filter (Bussum),0929-9394,true,,
De achttiende eeuw,0929-9890,true,,
Editio (Tübingen),0931-3079,false,2024-01-01,no longer counted as peer-reviewed
Fremdsprachen lehren und lernen,0932-6936,true,,
Matatu (Göttingen),0932-9714,true,,
Sociolinguistica,0933-1883,true,,
Neue Kriminalpolitik,0934-9200,false,2023-01-01,no longer counted as peer-reviewed
Forum modernes Theater (Schriftenreihe),0935-0012,true,,
Historische Sprachforschung = Historical linguistics (Göttingen. Print),0935-3518,true,,
Linguistische Berichte. Sonderheft,0935-9249,true,,
"Francia. 2, Frühe Neuzeit = Francia. 2, Revolution, Empire 1500-1815",0937-7743,true,,
Beiträge zur Geschichte der Sprachwissenschaft,0939-2815,true,,
Frühneuzeit-Info,0940-4007,true,,
Sprachtypologie und Universalienforschung,0942-2919,true,,
IStR. Internationales Steuerrecht,0942-6744,true,,
Zeitschrift für europäisches Privatrecht,0943-3929,true,,
Yearbook of medical informatics,0943-4747,true,,
Journal for the study of British cultures,0944-9094,true,,
Anglistik (Heidelberg),0947-0034,true,,
Journal of European integration history = Zeitschrift für Geschichte der europäischen Integration,0947-9511,true,,
Tertium comparationis (Print),0947-9732,true,,
Soziale Systeme (Print),0948-423X,true,,
Zeitschrift für öffentliches Recht (1996) = Austrian journal of public and international law (1996),0948-4396,true,,
Das Mittelalter (Berlin),0949-0345,true,,
"Sport-Orthopädie, -Traumatologie",0949-328X,true,,
Conradian,0951-2314,true,,
Ratio juris (Print),0952-1917,true,,
International journal of space structures,0956-0599,true,,
Foot (Edinburgh),0958-2592,true,,
International company and commercial law review,0958-5214,true,,
European business law review,0959-6941,true,,
Water law,0959-9754,true,,
International journal of sustainable development,0960-1406,true,,
Public procurement law review,0963-8245,true,,
Debatte (Oxford. Print),0965-156X,true,,
British journal of nursing,0966-0461,true,,
European environmental law review,0966-1646,true,,
Environmental liability (Bimonthly),0966-2030,true,,
Medical law international,0968-5332,true,,
Social & environmental accounting,0969-160X,true,,
Vidyajyoti Journal of Theological Reflection (Print),0970-1079,false,2024-01-01,no longer counted as peer-reviewed
Jeevadhara (English Ed.),0970-1125,false,2026-01-01,no longer counted as peer-reviewed
International Journal of Translation,0970-9819,true,,
Agricultural Economics Research Review,0971-3441,true,,
Journal of Contemporary Thought,0971-4731,true,,
Indian Journal of Toxicology,0971-6580,true,,
Education Dialogue (Bangalore),0973-1849,true,,
International Journal of Criminal Justice Sciences,0973-5089,true,,
Socio-Legal Review,0973-5216,true,,
Indian Journal of Finance,0973-8711,true,,
Asian horizons,0973-9068,true,,
International journal of cyber criminology (Online),0974-2891,true,,
National Law School of India review,0974-4894,true,,
Eastern journal of dialogue and culture,0974-7567,true,,
Indian journal of medical ethics,0974-8466,true,,
Jindal global law review (Print),0975-2498,true,,
Omega : India journal of science and religion,0976-0601,true,,
"Trade, law and development (Print)",0976-2329,true,,
Histoire & mesure (Paris),0982-1783,true,,
Germanica,0984-2632,true,,
Revue d'économie financière,0987-3368,false,2025-01-01,no longer counted as peer-reviewed
Bulletin d'histoire contemporaine de l'Espagne,0987-4135,true,,
NETCOM (Issy-les-Moulineaux),0987-6014,true,,
Documents pour l'histoire du français langue étrangère ou seconde,0992-7654,true,,
Bulletin Du Cange,0994-8090,true,,
Travaux de littérature (Paris),0995-6794,false,2023-01-01,no longer counted as peer-reviewed
Annales de démographie historique DH,0997-0967,true,,
Ganhanqu dili = Arid Land Geography,1000-6060,true,,
Ruanjian xuebao = Journal of Software,1000-9825,true,,
Jianzhushi = Architect,1001-6740,true,,
Shanghai jingshen yixue = Archives of Psychiatry,1002-0829,true,,
Shijie jianzhu = World Architecture,1002-4832,true,,
Jiaoyu yanjiu = Educational Research,1002-5731,true,,
Beijing guihua jianshe = Beijing City Planning & Construction Review,1003-627X,true,,
Yiyong shengwu lixue = Journal of Applied Biomechanics,1004-7220,true,,
Zhongguo quanke yixue = Chinese general practice,1007-9572,true,,
Huadong Zheng-Fa Xueyuan xuebao = Journal of the East China University of Politics and Law,1008-4622,true,,
The Journal of east asian affairs,1010-1608,true,,
Ecclesia orans,1010-3872,true,,
Revue internationale de droit économique,1010-8831,true,,
Tyche,1010-9161,true,,
Old testament essays,1010-9919,true,,
Development (Rome),1011-6370,true,,
Studi d'italianistica nell'Africa Australe = Italian studies in Southern Africa,1012-2338,true,,
Acta criminologica (Pretoria),1012-8093,true,,
Melita theologica,1012-9588,true,,
Jiàoyù zīliào yǔ túshūguǎn xué = Journal of educational media & library sciences,1013-090X,true,,
African Christian studies,1013-171X,true,,
Stilet (Pretoria),1013-4573,true,,
Transnational corporations,1014-9562,true,,
Ägypten und Levante,1015-5104,true,,
Journal of the Asiatic Society of Bangladesh. Humanities,1015-6836,true,,
Musicologica austriaca,1016-1066,true,,
Musil-Forum,1016-1333,true,,
L' Homme (Köln. Print),1016-362X,true,,
Publication du Centre européen d'études bourguignonnes,1016-4286,true,,
Stellenbosch law review = Stellenbosse regstydskrif,1016-4359,true,,
Journal of Coptic Studies (Printed),1016-5584,true,,
Österreichische Zeitschrift für Geschichtswissenschaften (Print) = Austrian journal of historical studies,1016-765X,true,,
Cahiers du Centre G. Glotz,1016-9008,true,,
Areté (Lima),1016-913X,true,,
Zhèngzhì kēxué lùncóng = Taiwanese journal of political science,1018-3892,true,,
Torture,1018-8185,true,,
Schweizerische Zeitschrift für internationales und europäisches Recht = Swiss review of international and European law,1019-0406,true,,
Kriterion (Salzburg),1019-8288,true,,
Cahiers de l'ILSL,1019-9446,true,,
"Atti della Pontificia Accademia romana di archeologia. Serie III, Rendiconti",1019-9500,true,,
Image & text,1021-1497,true,,
Melita historica,1021-6952,true,,
Science education international,1022-6117,true,,
Tydskrif vir nederlands en afrikaans,1022-6966,true,,
Alternation (Durban),1023-1757,true,,
Maastricht journal of European and comparative law,1023-263X,true,,
Indologica taurinensia,1023-3881,true,,
IRIS (English ed.),1023-8565,true,,
Carnuntum Jahrbuch (Wien),1025-2320,true,,
Yuèdàn fǎxué zázhì = The Taiwan law review,1025-5931,true,,
Mitteilungen zur Christlichen Archäologie,1025-6555,true,,
Gosudarstvo i pravo (Moskva) = State and law,1026-9452,true,,
Stellenbosch papers in linguistics,1027-3417,true,,
EURODL,1027-5207,true,,
Journal Phänomenologie,1027-5657,true,,
Translation quarterly = Fānyì jìkān,1027-8559,true,,
"Law, democracy & development (Print)",1028-1053,true,,
European geologist,1028-267X,true,,
EUI working papers (Robert Schuman Centre),1028-3625,true,,
Medisan (Santiago de Cuba),1029-3019,true,,
History of economics review,1037-0196,true,,
Australian journal of Jewish studies,1037-0838,true,,
Comparative labor law journal,1043-5255,true,,
Tolstoy studies journal,1044-1573,true,,
The Journal of American drama and theatre,1044-937X,true,,
"Capitalism, nature, socialism",1045-5752,true,,
Mediterranean quarterly,1047-4552,true,,
Nuevo texto crítico,1048-6380,true,,
Cartographic perspectives,1048-9053,true,,
Traditional dwellings and settlements review,1050-2092,true,,
Journal of divorce & remarriage,1050-2556,true,,
Quarterly review of film and video,1050-9208,true,,
Journal of visual literacy,1051-144X,true,,
The Studia Philonica annual,1052-4533,true,,
Journal of school leadership,1052-6846,true,,
Duke journal of comparative & international law,1053-6736,true,,
American journal of numismatics (1989),1053-8356,true,,
"International journal of intelligent systems in accounting, finance & management (Print)",1055-615X,true,,
Journal of educational multimedia and hypermedia,1055-8896,true,,
International journal of educational reform,1056-7879,true,,
Harvard human rights journal,1057-5057,true,,
Intercultural communication studies,1057-7769,true,,
Journal of Asia-Pacific business,1059-9231,true,,
Harvard public health review,1060-5061,true,,
Journal of African finance and economic development,1060-6076,true,,
Popular culture review,1060-8125,true,,
Indiana international & comparative law review,1061-4982,false,2023-01-01,no longer counted as peer-reviewed
Arts education policy review,1063-2913,true,,
Perspectives on science,1063-6145,true,,
"Pro ecclesia (Northfield, Minn.)",1063-8512,true,,
"Methods in molecular biology (Clifton, N.J.)",1064-3745,true,,
ORL-head and neck nursing,1064-3842,true,,
Infectious diseases in obstetrics and gynecology (Print),1064-7449,true,,
Environmental law and management,1067-6058,true,,
Journal of transnational law & policy,1067-8182,true,,
Air medical journal,1067-991X,true,,
Leonardo electronic almanac,1071-4391,true,,
NACLA report on the Americas (1993),1071-4839,true,,
Journal of mathematical sciences (Cham),1072-3374,true,,
The Nonproliferation review,1073-6700,true,,
Focus on Literatur,1076-5697,true,,
The Columbia journal of European law,1076-6715,true,,
ABE journal,1079-7750,true,,
"Para-doxa (Vashon Island, Wash.)",1079-8072,true,,
"Continuum (Minneapolis, Minn.)",1080-2371,true,,
Pain. Clinical updates,1083-0707,true,,
Administrative theory & praxis,1084-1806,true,,
"Epoché (Provo, Utah)",1085-1968,true,,
Democracy & education,1085-3545,true,,
Berkeley journal of international law,1085-5718,true,,
Mamlūk studies review = Majallat al-dirāsāt al-Mamlūkīyah,1086-170X,true,,
Berkeley technology law journal,1086-3818,true,,
"Mother tongue (Brookline, Mass.)",1087-0326,true,,
Detroit College of Law at Michigan State University law review,1087-5468,true,,
The psychologist manager journal (Print),1088-7156,true,,
UCLA journal of international law and foreign affairs,1089-2605,true,,
Journal of Haitian studies,1090-3488,true,,
International journal of listening,1090-4018,true,,
New hibernia review = Iris éireannach nua,1092-3977,true,,
Electronic journal of Africana bibliography,1092-9576,true,,
Journal of interactive learning research,1093-023X,true,,
Harvard design magazine,1093-4421,true,,
Etudes francophones,1093-9334,true,,
Stanford encyclopedia of philosophy,1095-5054,true,,
Comparative labor law & policy journal,1095-6654,true,,
The journal of private equity,1096-5572,true,,
Invisible culture,1097-3710,true,,
New directions for evaluation,1097-6736,false,2026-01-01,no longer counted as peer-reviewed
The journal of markets & morality,1098-1217,true,,
Buffalo human rights law review,1098-3643,true,,
The quarterly journal of Austrian economics,1098-3708,true,,
Journal of college counseling,1099-0399,true,,
Nordisk arkitekturforskning,1102-5824,true,,
Tidskrift för litteraturvetenskap (1988. Print),1104-0556,true,,
Acta Sueco-Polonica,1104-3431,false,2025-01-01,no longer counted as peer-reviewed
Revue Européenne de Droit Public (Athènes) = Rivista Europea di Dirito Pubblico,1105-1590,true,,
Spoudai (Piraeus. Print) = Spoudai,1105-8919,true,,
Agricultural Economics Review,1109-2580,true,,
WSEAS transactions on mathematics,1109-2769,true,,
Al-Mutargim,1112-4679,true,,
Turjumān (Tanger),1113-1292,true,,
African Journal of Biomedical Research,1119-5096,true,,
Paradigmi (Testo stampato),1120-3404,true,,
Annali di storia dell'esegesi,1120-4001,true,,
Rivista internazionale di diritto comune,1120-5695,true,,
Lavoro e diritto (Testo stampato),1120-947X,true,,
Polis (Bologna. Testo stampato) = Πóλις,1120-9488,true,,
Minori giustizia (Testo stampato),1121-2845,true,,
Rivista di diritto tributario (Testo stampato),1121-4074,true,,
Vetera christianorum,1121-9696,true,,
Quaderni di diritto e politica ecclesiastica (Testo stampato),1122-0392,true,,
Allegoria (Testo stampato),1122-1887,true,,
RGG. Rivista di grammatica generativa (Testo stampato),1122-4428,true,,
Civiltà italiana (Firenze),1123-4601,true,,
Testo (Brescia. Testo stampato),1123-4660,true,,
Cromohs (Firenze),1123-7023,true,,
Mélanges de l'École française de Rome. Moyen Age (Imprimé),1123-9883,true,,
Archivio di storia della cultura,1124-0059,true,,
Aion. Annali del Dipartimento di studi del mondo classico e del mediterraneo antico. Sezione linguistica,1125-0240,true,,
Dianoia (Testo stampato),1125-1514,true,,
Rassegna di psicologia (Testo stampato),1125-5196,true,,
Concilium (Ed. italiana. Testo stampato),1125-7164,false,2025-01-01,no longer counted as peer-reviewed
Il Diritto dell'Unione europea (Testo stampato),1125-8551,true,,
Bollettino '900 (Testo),1126-7003,true,,
Picus (Macerata),1127-2724,true,,
Paradosso (Paese. Testo stampato),1128-3459,true,,
Russica Romana (Ghezzano-La Fontina. Testo stampato),1128-6377,true,,
Archivio italiano per la storia della Pietà (Testo stampato),1128-6768,true,,
Global bioethics (Print),1128-7462,true,,
Bollettino della Società filosofica italiana (Testo stampato),1129-5643,true,,
RISL (Leonforte),1129-9401,true,,
Ecología política,1130-6378,true,,
Tropelías (Zaragoza),1132-2373,true,,
SELIM. Sociedad Española de Lengua y Literatura Inglesa Medieval,1132-631X,true,,
Dereito (Santiago de Compostela),1132-9947,true,,
Revista española de filosofía medieval,1133-0902,true,,
Educació i història,1134-0258,true,,
Revista de calidad asistencial,1134-282X,true,,
Law and the human genome review,1134-7708,true,,
Seminarios complutenses de derecho romano,1135-7673,true,,
Edutec (Palma de Mallorca),1135-9250,true,,
Antilia (Madrid),1136-2049,true,,
Revista de psicopatología y psicología clínica,1136-5420,true,,
Investigaciones fenomenológicas,1137-2400,true,,
Quaderns del CAC,1138-9761,true,,
Paléo,1145-3370,true,,
Le Français préclassique,1145-7023,true,,
Confluences en Méditerranée (Paris),1148-2664,true,,
Palimpsestes (Paris),1148-8158,true,,
Tsafon,1149-6630,true,,
Revue des affaires européennes (Imprimé) = Law & european affaires (Printed),1152-9172,false,2023-01-01,no longer counted as peer-reviewed
Flux (Noisy-le-Grand),1154-2721,true,,
Apocrypha (Paris),1155-3316,true,,
Journal des anthropologues (Montrouge),1156-0428,true,,
Communications & stratégies (Montpellier),1157-8637,true,,
Cultures et conflits (Revue) = Cultures and conflicts,1157-996X,true,,
Archéo-Nil,1161-0492,false,2023-01-01,no longer counted as peer-reviewed
Entreprises et histoire (Paris),1161-2770,true,,
Topoi Orient Occident,1161-9473,true,,
Interfaces (Dijon),1164-6225,true,,
Narrativa (Nanterre),1166-3243,true,,
Revue du Nord. Archéologie,1166-486X,true,,
Retraite et société (Paris),1167-4687,true,,
Genesis (Paris. 1992),1167-5101,true,,
Revue du rhumatisme (Ed. française),1169-8330,false,2026-01-01,no longer counted as peer-reviewed
New Zealand journal of employment relations,1176-4716,true,,
Studies in Material Thinking,1177-6234,true,,
Substance abuse (Auckland),1178-2218,true,,
Genetics & epigenetics,1179-237X,true,,
Clinical medicine insights. Psychiatry,1179-5573,true,,
Canadian oncology nursing journal = Revue canadienne de nursing oncologique,1181-912X,true,,
Literary review of Canada,1188-7494,true,,
Zeitschrift für interkulturellen Fremdsprachenunterricht,1205-6545,true,,
Soudobé dějiny (Print),1210-7050,true,,
Teologická reflexe (Print),1211-1872,true,,
ProFil (Brno),1212-9097,true,,
"Adiktologie (Print) = Addictology - professional journal for the prevention, treatment of, and research into addiction",1213-3841,true,,
Pražské egyptologické studie (Print),1214-3189,true,,
Studia Universitatis Babeş-Bolyai. Geologia (Print),1221-0803,true,,
Korunk (Cluj-Napoca),1222-8338,true,,
Dialogues francophones (Timişoara),1224-7073,true,,
International review of public administration,1229-4659,true,,
Przegląd Filozoficzny. Nowa Seria,1230-1493,true,,
Sprawy Narodowościowe. Seria Nowa = Nationalites Affairs,1230-1698,true,,
Kultura i Edukacja,1230-266X,true,,
Studia Germanica Gedanensia,1230-6045,true,,
Kwartalnik Prawa Prywatnego,1230-7173,true,,
Nauka i Szkolnictwo Wyższe,1231-0298,true,,
Didaskalia (Kraków),1233-0477,true,,
Psychology of Language and Communication,1234-2238,true,,
Ask (Warszawa),1234-9224,true,,
La Lettre clandestine,1242-3912,true,,
Faits de langues (Imprimé),1244-5460,true,,
Poétique (Revue),1245-1274,false,2024-01-01,no longer counted as peer-reviewed
Alter (Fontenay-aux-Roses),1249-8947,true,,
Antiquité tardive (Printed) = Antigüedad Tardia,1250-7334,true,,
Clio (Toulouse),1252-7017,true,,
Scolia,1253-9708,true,,
Revue internationale d'éducation Sèvres,1254-4590,true,,
Les Cahiers philosophiques de Strasbourg,1254-5740,true,,
Philosophie (Paris),1255-183X,true,,
Sociétés & représentations,1262-2966,true,,
Revue de l'OFCE,1265-9576,true,,
Revue d'éthique et de théologie morale,1266-0078,true,,
PRISMI,1270-9530,true,,
Cahiers de recherches médiévales (Imprimé),1272-9752,true,,
Moyen âge (Bayeux),1276-4159,false,2025-01-01,no longer counted as peer-reviewed
Socio-anthropologie,1276-8707,true,,
Anglophonia (Toulouse),1278-3331,true,,
Autrepart (La Tour d'Aigues),1278-3986,true,,
La Revue internationale de l'éducation familiale,1279-7766,true,,
Philosophia scientiae,1281-2463,true,,
Le Philosophoire,1283-7091,true,,
Transversalités (Paris),1286-9449,true,,
Études littéraires africaines,1288-7145,true,,
Raisons politiques,1291-1941,true,,
Yaşadıkça eğitim,1300-1272,true,,
Hacettepe eğitim dergisi = Hacettepe journal of education,1300-5340,true,,
Dilbilim araştırmaları dergisi (Print) = Journal of linguistic research,1300-8552,true,,
Perceptions = Journal of international affairs,1300-8641,true,,
Kastamonu eğitim dergisi,1300-8811,true,,
Balıkesir Üniversitesi Sosyal Bilimler Enstitüsü dergisi,1301-5265,true,,
Eurasian journal of educational research,1302-597X,true,,
İTÜ dergisi A = Journal of ITU-A,1302-8324,true,,
Journal of Cyprus studies = Kıbrıs Araştırmaları Dergisi,1303-2925,true,,
Colloquium Anatolicum = Anadolu sohbetleri,1303-8486,true,,
Cypriot Journal of Educational Sciences (Print),1305-9076,true,,
Disiplinlerarası müzik araştırmaları dergisi,1307-0401,true,,
International electronic journal of elementary education,1307-9298,true,,
İdealkent,1307-9905,true,,
Journal of economic cooperation and development,1308-7800,true,,
Ethos: felsefe ve toplumsal bilimlerde diyaloglar (Online),1309-1328,true,,
International Journal Information Theories and Applications (Print),1310-0513,true,,
Bʺlgarska etnologiâ = Bulgarian Ethnology,1310-5213,true,,
Scripta & e-Scripta,1312-238X,true,,
Mehanika. Transport. Komunikacii (Print) = Mechanics. Transport. Communications,1312-3823,true,,
Slavânski dialozi,1312-5346,true,,
Economic Alternatives,1312-7462,true,,
Evropejski praven pregled,1314-4847,true,,
Philosophia (Sofiâ. Online),1314-5606,true,,
Quanta (Isperih),1314-7374,true,,
Dzâlo,1314-9067,true,,
Topoi,1316-5011,true,,
Utopía y praxis latinoamericana,1316-5216,true,,
Psihološka obzorja (Print) = Horizons of psychology,1318-1874,true,,
Lakes and reservoirs (Print),1320-5331,true,,
Australasian journal of engineering education,1324-5821,true,,
Text (Gold Coast),1327-9556,true,,
Screening the past,1328-9756,true,,
Kriminologija & socijalna integracija = Criminology & social integration,1330-2604,true,,
Hrvatska revija za rehabilitacijska istraživanja = Croatian review of rehabilitation research,1331-3010,true,,
Colloquia Maruliana,1332-3431,true,,
Migracijske i etničke teme,1333-2546,true,,
Kartografija i geoinformacije = Cartography and geoinformation,1333-896X,true,,
Medicínska etika a bioetika = Medical Ethics & Bioethics,1335-0560,true,,
SKASE Journal of translation and interpretation,1336-7811,true,,
Ebisu,1340-3656,true,,
Kagaku gijutsu shakairon kenkyuu = Journal of science and technology studies,1347-5843,true,,
JCFAR. Journal of the Centre for Freudian Analysis and Research,1351-5470,true,,
Journal of Slavic military studies,1351-8046,true,,
Modern believing,1353-1425,true,,
Mediterranean politics,1354-2982,true,,
JnN. Journal of neonatal nursing,1355-1841,true,,
Gender and development (Print),1355-2074,true,,
Eurohealth (London),1356-1030,true,,
Child and family law quarterly,1358-8184,true,,
Journal of financial crime,1359-0790,true,,
New readings,1359-7485,true,,
International review of law computers & technology,1360-0869,true,,
Journal of design and technology education,1360-1431,true,,
City (London. 1995),1360-4813,true,,
European human rights law review,1361-1526,false,2023-01-01,no longer counted as peer-reviewed
Icon (London),1361-8113,true,,
"Art, antiquity and law",1362-2331,true,,
Internet archaeology,1363-5387,true,,
Studies in travel writing,1364-5145,true,,
PLI (Coventry),1367-3769,false,2025-01-01,no longer counted as peer-reviewed
Evidence-based nursing,1367-6539,true,,
Sudan & Nubia,1369-5770,true,,
Recherches en communication (Imprimé),1370-0480,true,,
Revue internationale de politique comparée (Imprimé),1370-0731,true,,
Cahiers - Centre de Recherches en Histoire du Droit et des Institutions (Imprimé),1370-2262,true,,
Auteurs & média (Imprimé),1370-6039,true,,
Droit de la consommation (Imprimé) = Consumentenrecht (Gedrukt),1370-6888,true,,
Logopedie (Herentals),1370-706X,true,,
Brood & Rozen,1370-7477,true,,
Gunaïkeia (Ed. française),1371-4430,true,,
TROS (Brugge),1371-8274,true,,
Vigiles (Nederlandse ed.),1371-9483,true,,
Vigiles (Ed. française),1371-9491,true,,
Revue de droit de la santé = Tijdschrift voor gezondheidsrecht,1372-3170,true,,
Lokale en regionale belastingen,1373-0460,false,2023-01-01,no longer counted as peer-reviewed
Tijdschrift voor notarissen,1373-0479,true,,
Vlaams tijdschrift voor overheidsmanagement,1373-0509,true,,
Ethiek & maatschappij,1373-0975,true,,
Milieu- en energierecht,1373-4342,true,,
Over taal (Kortrijk-Heule),1373-5470,true,,
Lunula (Brussel),1373-8623,false,2023-01-01,no longer counted as peer-reviewed
Tijdschrift voor wetgeving,1373-9743,true,,
Fédéralisme Régionalisme (Imprimé),1374-3864,true,,
Bulletin de la Société royale belge d'entomologie = Bulletin van de Koninklijke Belgische Vereniging voor entomologie,1374-8297,true,,
Revue francophone de clinique comportementale et cognitive (Print),1375-6249,true,,
Working paper - Banque Nationale de Belgique (Printed),1375-680X,true,,
Pyramides (Bruxelles. Imprimé),1376-098X,true,,
Tijdschrift voor liturgie,1376-2737,true,,
Archivum Latinitatis Medii Aevi,1376-7453,true,,
Les Cahiers de la mémoire contemporaine = Bijdragen tot de eigentijdse Herinnering,1377-1256,true,,
Tijdschrift voor jeugdrecht en kinderrechten (Gedrukt),1377-2104,true,,
BELGEO (Printed. Leuven),1377-2368,true,,
Annuaire juridique du crédit et du règlement collectif de dettes = Jaarboek kredietrecht en collectieve schuldenregeling,1377-2813,false,2023-01-01,no longer counted as peer-reviewed
ZL (Kessel-Lo),1377-5294,false,2023-01-01,no longer counted as peer-reviewed
Anthropologica et praehistorica (Gedrukt),1377-5723,true,,
N / F - Association des Néerlandistes de Belgique francophone,1377-7645,true,,
Financiëel forum. Bank- en Financiëel Recht = Forum financier. Droit bancaire et financier,1377-8013,false,2023-01-01,no longer counted as peer-reviewed
Vigiles (Ed. annuel),1377-9001,true,,
International journal of child & family welfare (Leuven),1378-286X,true,,
Tijdschrift Klinische Psychologie,1378-8647,true,,
Nieuw juridisch weekblad (Gedrukt),1378-8914,true,,
Tijdschrift voor procesrecht en bewijsrecht = Revue de droit judiciaire et de la preuve,1378-9503,true,,
Minerva (Nederlandse ed.. Gedrukt),1378-9767,true,,
Tijdschrift voor Mensenrechten,1379-0250,true,,
Chroniques de droit public = Publiekrechtelijke kronieken,1379-0323,false,2023-01-01,no longer counted as peer-reviewed
Quaestio (Turnhout. Imprimé),1379-2547,true,,
Daor (Mechelen ),1379-3217,true,,
I.R.D.I. (Mechelen),1379-3241,true,,
Het onroerend goed in de praktijk,1379-4361,true,,
Tijdschrift voor strafrecht,1379-4930,true,,
Ortho rhumato (Nederlandse ed.),1379-8928,false,2025-01-01,no longer counted as peer-reviewed
Pharos (Amsterdam. Gedrukt),1380-2240,true,,
DOCOMOMO journal (Print),1380-3204,true,,
TvZ. Tijdschrift voor verpleegkundigen,1380-3425,true,,
Virtus (Zwolle),1380-6130,true,,
Agora (Amsterdam),1380-6319,true,,
Recht der werkelijkheid (Print),1380-6424,true,,
Jurisprudentie bestuursrecht,1380-7056,true,,
TH&MA (Den Haag),1380-7110,true,,
Tijdschrift voor cliëntgerichte psychotherapie,1380-7161,true,,
Jaarboek voor Nederlandse boekgeschiedenis (Print),1381-0065,true,,
Tijdschrift voor insolventierecht,1381-5849,true,,
De negentiende eeuw,1381-8546,false,2023-01-01,no longer counted as peer-reviewed
Historica (Amsterdam),1382-3914,true,,
Nederlands tijdschrift voor Europees recht,1382-4120,true,,
Tijdschrift voor psychoanalyse,1382-516X,true,,
Tijdschrift vervoer & recht (Print),1383-8849,true,,
Milieu & recht,1383-9039,true,,
Armada (Amsterdam),1384-105X,false,2023-01-01,no longer counted as peer-reviewed
Tijdschrift van de Vereniging voor Kinder- en Jeugdpsychotherapie,1384-1246,true,,
Nederlandse letterkunde (Print),1384-5829,true,,
Nederlandse taalkunde (Groningen),1384-5845,true,,
European foreign affairs review,1384-6299,true,,
Orbis terrarum (Amsterdam),1385-285X,true,,
International transfer pricing journal (Print),1385-3074,true,,
Tijdschrift voor de volkshuisvesting,1385-7576,true,,
Tijdschrift voor mediation,1386-3878,true,,
Ts. Tijdschrift voor tijdschriftstudies,1386-5870,true,,
European journal of law reform (Print),1387-2370,true,,
Markt en mededinging,1387-6236,false,2023-01-01,no longer counted as peer-reviewed
Tijdschrift voor mediageschiedenis (Print),1387-649X,true,,
Journal of bioeconomics (Print),1387-6996,true,,
Journal of international wildlife law & policy (Print),1388-0292,true,,
Tijdschrift voor HRM,1388-1302,true,,
Asia-Pacific journal on human rights and the law (Print),1388-1906,true,,
Tijdschrift voor genderstudies (Print),1388-3186,true,,
TSG. Tijdschrift voor gezondheidswetenschappen (Print),1388-7491,true,,
B en M,1389-0069,true,,
Ondernemingsrecht (Deventer),1389-1456,true,,
Derivatives & financial instruments (Print),1389-1863,true,,
Max Planck yearbook of United Nations law (Print),1389-4633,true,,
EHRC. European human right cases,1389-6652,false,2024-01-01,no longer counted as peer-reviewed
Journal of Network Industries (Printed),1389-9597,true,,
International journal of education and religion (Print),1389-9791,true,,
Comentario internacional (Quito),1390-1532,true,,
Maskana,1390-6143,true,,
Teisė (Spausdinta) = Law,1392-1274,true,,
Kalbotyra (Vilniaus universitetas. Spausdinta) = Linguistics,1392-1517,true,,
Terminologija (Vilnius. Spausdinta) = Терминология,1392-267X,true,,
Žmogus ir žodis (Spausdinta) = Man and the word,1392-8600,true,,
First Monday (Online),1396-0466,true,,
Tidsskrift for arbejdsliv,1399-1442,true,,
America latina en la historía económica,1405-2253,true,,
"Bitácora (México, DF)",1405-8901,true,,
Ehituskunst = Estonian Archidectural Review,1406-0213,true,,
Juridica International (Tartu),1406-1082,true,,
Usuteaduslik Ajakiri,1406-6564,true,,
Acoustic Space = Akustiskā Telpa,1407-2858,true,,
Documenta Praehistorica (Tiskana izd.),1408-967X,true,,
SEEU Review,1409-7001,true,,
Warta Pengabdian (Jember),1410-2161,true,,
Humanus (Padang),1410-8062,true,,
Revista Brasileira de Educação (Impresso),1413-2478,true,,
Temas em Psicologia (Impresso),1413-389X,true,,
Lettres Françaises (Araraquara. Impresso),1414-025X,true,,
Concilium (Ed. brasileira),1414-7327,false,2024-01-01,no longer counted as peer-reviewed
Manuscrítica (Impresso),1415-4498,true,,
Confluência (Rio de Janeiro. Impresso),1415-7403,true,,
Diálogos (Maringá. Impresso),1415-9945,true,,
Traverse (Zürich),1420-4355,true,,
"Crime, histoire & sociétés = Crime, history & societies",1422-0857,true,,
Matières (Lausanne),1422-3449,true,,
Zeitschrift für Europarecht (Zürich),1423-6931,true,,
"Swiss medical forum (Deutsche, gedruckte Ausg.) = Forum médical suisse",1424-3784,true,,
Jusletter (Bern),1424-7410,true,,
Variations (Bern) = Zurich journal of literary and cultural studies,1424-7631,true,,
Image Processing & Communications,1425-140X,true,,
Investigationes Linguisticae,1426-188X,true,,
Forum Philosophicum,1426-1898,true,,
Orbis Linguarum,1426-7241,true,,
Inżynieria Biomateriałów = Engineering of Biomaterials,1429-7248,true,,
Zeitschrift für Politikwissenschaft,1430-6387,true,,
Scientia poetica,1431-5041,true,,
Zeitschrift für japanisches Recht,1431-5726,true,,
Zeitschrift für Migration und soziale Arbeit,1432-6000,true,,
Musik & Ästhetik,1432-9425,false,2025-01-01,no longer counted as peer-reviewed
Cloud-Cuckoo-Land,1434-0984,true,,
LIBER quarterly,1435-5205,true,,
Neulateinisches Jahrbuch,1438-213X,true,,
Forum qualitative Sozialforschung = Forum: qualitative social research,1438-5627,true,,
Schmalenbach business review (Print),1439-2917,true,,
M/C (St Lucia),1441-2616,true,,
World studies in education (Print),1441-340X,true,,
Transformations (Rockhampton),1444-3775,true,,
IDEA (Perth),1445-5412,true,,
International journal of development issues,1446-8956,true,,
Borderlands e-journal (Online),1447-0810,true,,
WFOT bulletin,1447-3828,true,,
Mediterranean journal for research in mathematics education,1450-1104,true,,
Facta Univrsitatis. Series: Law and politics,1450-5517,true,,
Zbornik radova Fakulteta dramskih umetnosti = Anthology of essays by Faculty of Dramatic Arts,1450-5681,true,,
Genero,1451-2203,true,,
Revista de geomorfologie (Print),1453-5068,true,,
Archaevs (Bucureşti),1453-5165,false,2025-01-01,no longer counted as peer-reviewed
Analize (Bucureşti. Print),1453-7559,true,,
Economia. Seria Management (Print),1454-0320,true,,
Revista de ştiinţe ale educaţiei (Print) = Zeitschrift für Erziehungswissenschaften,1454-7678,true,,
Apples (Helsinki),1457-9863,true,,
Puhe ja kieli (Painettu) = Speech and language / Finnish Association of Speech and Language Research,1458-3410,true,,
Nordic journal of commercial law,1459-9686,true,,
International journal of police science & management,1461-3557,true,,
European journal of housing policy,1461-6718,true,,
Jewish culture and history,1462-169X,true,,
Maria (Sheffield),1462-4087,true,,
International journal of management and decision making,1462-4621,true,,
British journal of community nursing,1462-4753,true,,
Court historian,1462-9712,true,,
Info (Cambridge. Print),1463-6697,true,,
Cochrane library (Online),1465-1858,true,,
Theology in Scotland,1465-2862,true,,
International journal of nonprofit and voluntary sector marketing,1465-4520,true,,
Nursing & residential care,1465-9301,true,,
European journal of American culture,1466-0407,true,,
"Law, social justice and global development",1467-0437,true,,
British art journal,1467-2006,true,,
eBMJ (London),1468-5833,true,,
Green letters (Print),1468-8417,true,,
Film studies,1469-0314,true,,
Defence studies,1470-2436,true,,
Law journal (London),1470-3335,true,,
Journal of corporate citizenship,1470-5001,true,,
International journal of technology transfer and commercialisation,1470-6075,true,,
Max Weber studies,1470-8078,true,,
International journal of automotive technology and management,1470-9511,true,,
German as a foreign language,1470-9570,true,,
Visual culture in Britain,1471-4787,true,,
Pirandello studies,1471-9363,false,2025-01-01,no longer counted as peer-reviewed
Nursing older people,1472-0795,true,,
African identities (Print),1472-5843,true,,
"International journal of historical learning, teaching and research (Print)",1472-9466,true,,
Journal of wetland archaeology,1473-2971,true,,
International journal of sport management and marketing (Print),1475-8962,true,,
Locke studies,1476-0290,true,,
International journal of entrepreneurship & small business (Print),1476-1297,true,,
The radio journal (Bristol),1476-4504,true,,
The journal of comparative law,1477-0814,true,,
Dermatological nursing,1477-3368,true,,
BATJ journal,1477-4704,true,,
Journal of sport tourism (Print),1477-5085,true,,
The journal of medieval military history,1477-545X,true,,
Electronic journal of business research methods,1477-7029,true,,
Clinical ethics,1477-7509,true,,
Electronic British Library journal (Online),1478-0259,true,,
Journal of water law,1478-5277,true,,
"Citizenship, social and economics education",1478-8047,true,,
The journal of international Maritime law,1478-8586,true,,
Journal of systems science and information = Xitong kexue yu xinxi xuebao,1478-9906,true,,
The Journal of transatlantic studies (Print),1479-4012,true,,
Museum & society,1479-8360,true,,
Arab world geographer,1480-6800,true,,
History of intellectual culture,1492-7810,true,,
ACME (Kelowna),1492-9732,true,,
Encounters on education = Rencontres sur l'éducation,1494-4936,true,,
"Développement humain, handicap et changement social",1499-5549,true,,
Retfærd (Oslo. 1908),1501-2050,true,,
Norsk tidsskrift for migrasjonsforskning (Trykt utg.) = Norwegian journal of migration research,1502-4008,true,,
Journal of military ethics,1502-7570,true,,
NJES : Nordic journal of English studies,1502-7694,true,,
Norsk tidsskrift for ernæring,1503-5034,true,,
seminar.net,1504-4831,true,,
Zeszyty Pracy Socjalnej,1507-4285,true,,
Roczniki Psychologiczne = Annals of Psychology,1507-7888,true,,
Sjani,1512-2514,true,,
FINRAR,1512-9373,true,,
Lumina (Juiz de Fora. Impresso),1516-0785,true,,
Ágora (Rio de Janeiro. Impresso),1516-1498,true,,
"Direito, estado e sociedade (Impresso)",1516-6104,true,,
Todas as letras (Impresso),1517-1000,true,,
Cadernos Metrópole (Impresso),1517-2422,true,,
Líbero (São Paulo. Impresso),1517-3283,true,,
Revista Brasileira de Estudos Urbanos e Regionais (Impresso),1517-4115,true,,
Educação e Pesquisa (Impresso) = Education and Research,1517-9702,true,,
ABEI journal,1518-0581,true,,
Studia Kantiana (Impresso),1518-403X,true,,
Ciberlegenda,1519-0617,true,,
Galáxia (São Paulo. Impresso),1519-311X,true,,
Revista Contabilidade & Finanças (Impresso),1519-7077,true,,
Fragmentum (Impresso),1519-9894,true,,
"Emergence (Mahwah, N.J.)",1521-3250,true,,
?IIC - International Review of Intellectual Property and Competition Law,1522-2578,true,,
Journal of religion & society,1522-5658,true,,
Essays in the philosophy of humanism,1522-7340,true,,
Current gastroenterology reports (Print),1522-8037,true,,
Ciberletras,1523-1720,true,,
Public finance and management (Online),1523-9721,true,,
Radical pedagogy,1524-6345,true,,
Journal of interactive advertising,1525-2019,true,,
Georgetown journal of international affairs,1526-0054,true,,
Contemporary issues in technology and teacher education,1528-5804,true,,
Romantic circles praxis series,1528-8129,true,,
The Cambridge yearbook of European legal studies,1528-8870,true,,
"Gastronomica (Berkeley, Calif.)",1529-3262,true,,
Human performance in extreme environments,1529-5168,true,,
Journal of applied measurement,1529-7713,true,,
Journal for cultural and religious theory,1530-5228,true,,
African journal of drug and alcohol studies,1531-4065,true,,
Transactions on education,1532-0545,true,,
Point of care (Print),1533-029X,true,,
"Journal of relationship marketing (Binghamton, N.Y.)",1533-2667,true,,
The new yearbook for phenomenology and phenomenological philosophy,1533-7472,true,,
The journal of wealth management,1534-7524,true,,
The George Washington international law review,1534-9977,true,,
"Istmo (Wooster, Ohio)",1535-2315,true,,
Medieval feminist forum,1536-8742,true,,
International journal of MS care,1537-2073,true,,
International journal on e-learning,1537-2456,true,,
Journal of child custody (Print),1537-9418,true,,
Journal of modern applied statistical methods,1538-9472,true,,
Explorations in media ecology,1539-7785,true,,
Journal of international women's studies,1539-8706,true,,
"Ehumanista (Santa Barbara, Calif.)",1540-5877,true,,
Psychophysiology (Online),1540-5958,true,,
Journal of evolution and technology,1541-0099,true,,
Asian-Pacific law & policy journal,1541-244X,true,,
Focus (American Psychiatric Publishing. Print),1541-4094,true,,
Cardiopulmonary physical therapy journal,1541-7891,true,,
ACM queue,1542-7730,true,,
Journal of evidence-based social work,1543-3714,true,,
Roman replies and CLSA advisory opinions,1543-4230,true,,
Proceedings and membership directory - Academy of Management,1543-8643,true,,
Seattle journal for social justice,1544-1245,true,,
"Children, youth and environments",1546-2250,true,,
International journal of sport management,1546-234X,true,,
Ethnobotany research and applications,1547-3465,true,,
Journal of Catholic social thought,1548-0712,true,,
"Letr@s Hispanas (Las Vegas, Nev.)",1548-5633,true,,
"Imagetext (Gainesville, Fla.)",1549-6732,true,,
"Collections (Walnut Creek, Calif.)",1550-1906,true,,
Journal of GLBT family studies,1550-428X,true,,
"The anatomical record. Part B, New anatomist",1552-4906,true,,
"Kritikos (Tallahassee, Fla.)",1552-5112,true,,
Electronic book review,1553-1139,true,,
Hmong studies journal (Print),1553-3972,true,,
"Foresight (Colchester, Vt.)",1555-9068,true,,
Hyperrhiz (Online),1555-9351,true,,
Journal of groups in addiction & recovery,1556-035X,true,,
Journal of international agricultural trade and developments,1556-8520,false,2025-01-01,no longer counted as peer-reviewed
Journal of international media & entertainment law,1556-875X,true,,
Liminalities,1557-2935,true,,
Journal of mathematics and culture,1558-5336,true,,
NYU journal of law & business,1558-5778,true,,
Textual cultures,1559-2936,true,,
Journal of ethics & social philosophy,1559-3061,true,,
Persuasions (Online),1559-7520,true,,
Anthropology and humanism,1559-9167,true,,
Kriosfera zemli = Earth cryosphere,1560-7496,true,,
Revue internationale de la Croix-Rouge (1999. Imprimé) = International review of the Red Cross (1999. Print),1560-7755,true,,
Italian labour law e-journal,1561-8048,true,,
"East Asian science, technology, and medicine (Print)",1562-918X,true,,
Theoretical inquiries in law,1565-1509,true,,
Gezinstherapie wereldwijd (Print),1566-0206,true,,
Electronic journal of information systems evaluation,1566-6379,false,2026-01-01,no longer counted as peer-reviewed
Fiscaal tijdschrift Vermogen,1566-6697,false,2024-01-01,no longer counted as peer-reviewed
Pro memorie (Hilversum. Print),1566-7146,true,,
Nederlands tijdschrift voor palliatieve zorg (Print),1567-4282,true,,
Neerlandistiek.nl (Utrecht),1567-6633,false,2023-01-01,no longer counted as peer-reviewed
Pedagogiek (Assen. Print),1567-7109,true,,
JGZ (Houten. Print),1567-8644,true,,
EUROSLA yearbook (Print),1568-1491,true,,
Ancient narrative (Print),1568-3540,true,,
Tijdschrift voor toegepaste arbowetenschap (Alphen aan den Rijn),1568-4733,true,,
Tijdschrift voor herstelrecht,1568-654X,true,,
Arbeidsrechtelijke annotaties,1568-6639,true,,
Journal on chain and network science (Print),1569-1829,false,2025-01-01,no longer counted as peer-reviewed
Statistics education research journal,1570-1824,true,,
Perspectives on European politics and society,1570-5854,true,,
Wetenschappelijk tijdschrift autisme,1570-7016,true,,
Tijdschrift voor neurologie & neurochirurgie (Print),1571-5930,true,,
Tijdschrift vervoerswetenschap (2003),1571-9227,true,,
"Foundations and trends in technology, information, and operations management",1571-9545,true,,
Tijdschrift voor gezondheidszorg en ethiek,1572-0179,true,,
TSEG,1572-1701,true,,
Graduate journal of social science,1572-3763,true,,
Variants (Turnhout),1573-3084,true,,
NJAS Wageningen journal of life sciences (Print),1573-5214,true,,
Tijdschrift voor taalbeheersing (Assen. Print),1573-9775,true,,
Tijdschrift aanbestedingsrecht,1573-9910,true,,
Verslaving (Houten. Print),1574-1842,true,,
Jaarboek voor vrouwengeschiedenis,1574-2334,true,,
Sociologie (Amsterdam. Gedrukt),1574-3314,true,,
International journal for education law and policy,1574-3454,true,,
Revista jurídica de Catalunya,1575-0078,true,,
Oralia (Madrid),1575-1430,true,,
Educación médica (Ed. impresa),1575-1813,true,,
Revista de derecho y proceso penal,1575-4022,true,,
Estudios de fonética experimental,1575-5533,true,,
SEECI 2000 (Ed. impresa),1575-9628,true,,
Cuadernos dieciochistas,1576-7914,true,,
Hoquet (Málaga),1577-8290,true,,
The International journal of digital accounting research,1577-8517,true,,
Revista de antropología experimental = Magazine of experimental anthropoly,1578-4282,true,,
Retos (Madrid),1579-1726,true,,
Res diachronicae,1579-5977,true,,
Revista internacional de lingüística iberoamericana,1579-9425,true,,
Hikma (Córdoba),1579-9794,true,,
Keria (Ljubljana. Tiskana izd.),1580-0261,true,,
Economic and business review (Tiskana izd.),1580-0466,true,,
"Revus (Ljubljana, Tiskana izd.)",1581-7652,true,,
Lex et scientia (Bucureşti. Print),1583-039X,true,,
Revista de asistenţă socială,1583-0608,true,,
Psihologia resurselor umane (Print) = Psychologie des Ressources Humaines,1583-7327,true,,
Chora (Bucureşti),1583-8617,true,,
Atelier de traduction (Print),1584-1804,true,,
Sacra Scripta (Cluj-Napoca),1584-7624,true,,
Society and economy (Print),1588-9726,true,,
Teaching mathematics and computer science,1589-7389,true,,
L'Ospite ingrato (Testo stampato),1590-5608,true,,
Rassegna tributaria (Roma. 1978),1590-749X,true,,
Quaderni rassegna sindacale. Lavori,1590-9689,true,,
Sociologia e politiche sociali (Testo stampato),1591-2027,true,,
Orizzonti (Ghezzano-La Fontina. Testo stampato),1591-2787,true,,
The Interpreters' newsletter (Print),1591-4127,true,,
Il Nome nel testo,1591-7622,true,,
Ciberspazio e diritto (Testo stampato) = Cyberspace and Law,1591-9544,true,,
Discipline filosofiche (Testo stampato),1591-9625,true,,
Archeologia postmedievale (Testo stampato),1592-5935,true,,
Giornale di storia costituzionale (Testo stampato) = Journal of constitutional history,1593-0793,true,,
Diritto del commercio internazionale (Testo stampato),1593-2605,true,,
Medioevo greco,1593-456X,true,,
Il Tolomeo (Testo stampato),1594-1930,true,,
Diritto e pratica tributaria internazionale (Testo stampato),1594-199X,false,2024-01-01,no longer counted as peer-reviewed
"DIID, Disegno industriale industrial design (Testo stampato)",1594-8528,true,,
Diálogos latinoamericanos,1600-0110,true,,
Nordic Irish studies,1602-124X,true,,
Care and conservation of manuscripts,1602-1339,true,,
Peripeti,1604-0325,true,,
Game studies (Copenhagen. Online),1604-7982,true,,
Nordic design research conference (Online),1604-9705,true,,
Virus (Wien),1605-7066,true,,
The African finance journal,1605-9786,true,,
Mtafiti mwafrika (Print) = African researcher (Print),1607-0011,true,,
Journal of sociocybernetics,1607-8667,true,,
Yearbook (International Society for History Didactics) = Annales / Société Internationale pour la Didactique de l'Histoire,1608-8751,true,,
African human rights law journal,1609-073X,true,,
SchiedsVZ. Zeitschrift für Schiedsverfahren,1610-322X,true,,
Computer law review international,1610-7608,true,,
Journal of social science education (Print) = Journal für Sozialwissenschaften und ihre Didaktik,1611-9665,true,,
Communication & medicine (Print),1612-1783,true,,
ERA-Forum,1612-3093,false,2024-01-01,no longer counted as peer-reviewed
EurUP (Berlin. Print),1612-4243,true,,
Euroheat & power (Journal. English ed.),1613-0200,true,,
Internationales Jahrbuch des deutschen Idealismus = International yearbook of German idealism,1613-0472,true,,
Gynecological surgery (Print),1613-2076,true,,
Der Pneumologe (Berlin. Print),1613-5636,true,,
Social work & society,1613-8953,true,,
Zeitschrift für Arbeitsmarktforschung = Zeitschrift für Arbeitsmarktforschung,1614-3485,false,2026-01-01,no longer counted as peer-reviewed
International journal of diachronic linguistics and linguistic reconstruction,1614-5291,true,,
PaRDeS (Potsdam. Print),1614-6492,true,,
European review of contract law (Print),1614-9920,true,,
Linguistik online,1615-3014,true,,
Beiträge zur Altertumskunde (München),1616-0452,true,,
Journal of intelligence history (Print),1616-1262,true,,
Jahrbuch des Föderalismus,1616-6558,false,2023-01-01,no longer counted as peer-reviewed
Gesprächsforschung (Chemnitz. Internet),1617-1837,true,,
Philosophiegeschichte und logische Analyse = Logical analysis and history of philosophy,1617-3473,true,,
Zeitschrift für Anomalistik,1617-4720,true,,
Journal on ethnopolitics and minority issues in Europe,1617-5247,true,,
Rechtsgeschichte (Frankfurt),1619-4993,true,,
European state aid law quarterly,1619-5272,true,,
Revue d'histoire des sciences humaines,1622-468X,true,,
Histoires littéraires,1623-5843,true,,
Syntaxe & sémantique,1623-6742,true,,
Nuevo mundo-mundos nuevos = Novo mundo-mundos novos,1626-0252,true,,
Histoire urbaine (Paris),1628-0482,true,,
International journal of design sciences & technology = Revue des sciences et techniques de la conception,1630-7267,true,,
Annales de phénoménologie,1632-0808,true,,
Questions de communication (Nancy),1633-5961,true,,
Population (English ed.),1634-2941,true,,
Propriété industrielle (Paris. 2002),1634-4227,true,,
Philosophie antique,1634-4561,true,,
Cahiers de la recherche sur les droits fondamentaux,1634-8842,true,,
Cahiers Voltaire,1637-4096,false,2024-01-01,no longer counted as peer-reviewed
Chiasmi international,1637-6757,true,,
Déméter (Villeneuve d'Ascq),1638-556X,true,,
Cognition représentation langages,1638-573X,true,,
Corpus (Nice),1638-9808,true,,
Forum Teologiczne,1641-1196,true,,
International Studies (Łodź),1641-4233,true,,
Acta Scientiarum Polonorum. Zootechnica = Acta Scientiarum Polonorum : Zootechnika,1644-0714,true,,
Revista portuguesa de ciências do desporto,1645-0523,true,,
Cidades comunidades e territórios,1645-0639,true,,
Currículo sem fronteiras,1645-1384,true,,
Revista portuguesa de estudos regionais,1645-586X,true,,
Psicologia e educação,1645-6084,true,,
IADIS International Journal on www/Internet,1645-7641,true,,
"Tékhne (Instituto Politécnico do Cávado e do Ave) = Tékhne, polytechnical studies review",1645-9911,true,,
Motricidade (Santa Maria da Feira),1646-107X,true,,
Revista de história da arte,1646-1762,true,,
Perspectivas (Braga),1646-2157,true,,
Doc on-line (Covilhã),1646-477X,true,,
Observatorio (OBS*),1646-5954,true,,
Medievalista on line,1646-740X,true,,
Carnets (Aveiro),1646-7698,true,,
HoST (Lisboa),1646-7752,true,,
RISTI (Porto) = Revista ibérica de sistemas y tecnologias de información,1646-9895,true,,
Estudos linguísticos (Lisboa. 2008) = Linguistic studies,1647-0346,true,,
Revista portuguesa de farmacoterapia,1647-354X,true,,
"Psiax, estudos e reflexões sobre desenho e imagem",1647-8045,true,,
Joelho (Coimbra),1647-9548,true,,
Verslas: teorija ir praktika = Business: theory and practice,1648-0627,true,,
European journal of spatial development,1650-9544,true,,
International journal of ageing and later life,1652-8670,true,,
Hapag (Quezon City),1656-2739,true,,
Saudi journal of emergency medicine (Online),1658-8487,true,,
Revista Estudios (Impresa),1659-1925,true,,
REHMLAC (San José. Impresa),1659-4223,true,,
Seychelles research journal,1659-7435,true,,
Revue médicale suisse,1660-9379,true,,
Schweizerische Zeitschrift für Religions- und Kulturgeschichte = Revue suisse d'histoire religieuse et culturelle,1661-3880,true,,
Articulo,1661-4941,true,,
International public management review,1662-1387,true,,
Cognitive semiotics,1662-1425,true,,
Revue internationale de politique de développement (Imprimé),1663-9375,true,,
ThéoRèmes (Genève),1664-0136,true,,
Proceedings of the European Society for Aesthetics,1664-5278,true,,
Altrelettere,1664-6908,true,,
Jusletter IT,1664-848X,true,,
Telondefondo (Buenos Aires),1669-6301,true,,
Jiaotong yunshu gongcheng xuebao = Journal of Traffic and Transportation Engineering,1671-1637,true,,
Zhongguo xunzheng yixue zazhi = Chinese Journal of Evidence-Based Medicine,1672-2531,true,,
Chinese Journal of Library and Information Science = Zhongguo wenxian qingbao,1674-3393,false,2026-01-01,no longer counted as peer-reviewed
Atualidade Teológica (Impresso),1676-3742,true,,
Avaliação Psicológica (Impresso),1677-0471,true,,
Ethic@,1677-2954,true,,
Liames (Impresso),1678-0531,true,,
Revista do Instituto Histórico e Geográfico do Rio Grande do Sul (Impresso),1678-3484,true,,
ARS (São Paulo. Impresso),1678-5320,true,,
Vestnik Voronežskogo gosudarstvennogo universiteta. Lingvistika i mežkulʹturnaâ kommunikaciâ = Proceedings of Voronezh State University. Series : Linguistics and intercultural communication,1680-5755,true,,
Advances in geosciences (Print),1680-7340,true,,
Zīxùn shèhuì yánjiū,1680-8428,true,,
"The international archives of the photogrammetry, remote sensing and spatial information sciences (Print) = Archives internationales des sciences de la photogrammétrie, de la télédétection et de l'information spatiale (Print)",1682-1750,true,,
Data science journal,1683-1470,false,2026-01-01,no longer counted as peer-reviewed
Asian anthropology,1683-478X,true,,
Psihiatriâ (Moskva. 2003),1683-8319,true,,
International journal of computer science in sport,1684-4769,true,,
"African journal of food, agriculture, nutrition and development (Print)",1684-5358,true,,
International journal of otolaryngology (Print),1687-9201,true,,
Ciencias psicológicas (Montevideo),1688-4094,true,,
Fermentario (Montevideo),1688-535X,true,,
Zeszyty Naukowe Uniwersytetu Jagiellońskiego. Prace z Prawa Własności Intelektualnej,1689-7080,true,,
Białostockie Studia Prawnicze = Białystok Legal Studies,1689-7404,true,,
Między Oryginałem a Przekładem,1689-9121,true,,
Lingua : Jurnal Ilmu Bahasa dan Sastra (Malang),1693-4725,true,,
"International Journal of learning, teaching and educational research (Print)",1694-2493,true,,
International journal of Humanities and Social Sciences (Port-Louis. Print),1694-2620,true,,
Revista de derecho migratorio y extranjería,1695-3509,true,,
Papeles del CEIC = CEIC working papers,1695-6494,true,,
Feminismo/s (San Vicente del Raspeig),1696-8166,true,,
Observatorio de La Economía Latinoamericana,1696-8352,true,,
Revista española de investigación criminológica,1696-9219,true,,
Revista de derecho constitucional europeo (Ed. impresa),1698-4889,true,,
InDret,1698-739X,true,,
IUSLabor,1699-2938,true,,
Revista Nebrija de lingüística aplicada a la enseñanza de lenguas,1699-6569,true,,
Journal of research practice,1712-851X,true,,
Digital medievalist,1715-0736,true,,
The innovation journal,1715-3816,true,,
Environmental philosophy (Toronto),1718-0198,true,,
Muséologies (Montréal),1718-5181,true,,
Eurostudia,1718-8946,true,,
SR Scienze Regionali (Testo stampato),1720-3929,true,,
Giornale di diritto del lavoro e di relazioni industriali (Testo stampato),1720-4321,true,,
Lexia (Torino),1720-5298,true,,
Griseldaonline,1721-4777,true,,
Rassegna di diritto pubblico europeo (Testo stampato),1722-7119,true,,
Annuario d'Arte Moderna. Artisti Contemporanei (Testo stampato),1724-0018,true,,
Rivista di analisi e teoria musicale (Testo stampato),1724-238X,true,,
La Rivista delle Politiche Sociali,1724-5389,true,,
Contemporanea (Ghezzano-La Fontina. Testo stampato),1724-6105,true,,
Ocula (Online),1724-7810,true,,
PER = Potchefstroom Electronic Law Journal,1727-3781,true,,
Corporate ownership & control (Print) = Korporativnaâ sobstvennostʹ i kontrolʹ,1727-9232,true,,
Vienna yearbook of population research ... (Print),1728-4414,true,,
Journal of research in architecture and planning,1728-7715,true,,
Images (Gniezno),1731-450X,true,,
Monitor Prawa Pracy,1731-8165,true,,
Opolskie Studia Administracyjno-Prawne,1731-8297,true,,
Politeja,1733-6716,true,,
Interdisciplinary Studies in Musicology,1734-2406,true,,
Theologica Wratislaviensia,1734-4182,true,,
Tekstualia,1734-6029,true,,
Iranian journal of animal biosystematics (Print),1735-434X,true,,
Halduskultuur = Hallintokulttuuri,1736-6070,true,,
Methis. Studia humaniora Estonica,1736-6852,true,,
Studies of transition states and societies,1736-874X,true,,
Revue Tunisienne de Science Politique,1737-9318,true,,
Journal of International Logistics and Trade,1738-2122,true,,
International journal of public policy (Print),1740-0600,true,,
International journal of project organisation and management (Print),1740-2891,true,,
Language documentation and description,1740-6234,true,,
Journal of youth and theology,1741-0819,true,,
International journal of public sector performance management (Print),1741-1041,true,,
Ethical space,1742-0105,true,,
Tracey,1742-3570,true,,
International journal of technology policy and law (Print),1742-4240,true,,
Journal of physics. Conference series (Print),1742-6588,true,,
Journal of international banking law and regulation,1742-6812,true,,
International journal of electronic governance (Print),1742-7509,true,,
Emerging themes in epidemiology,1742-7622,true,,
International journal of business intelligence and data mining (Print),1743-8187,true,,
European competition journal,1744-1056,true,,
SCRIPT-ed,1744-2567,true,,
Applied financial economics letters (Print),1744-6546,true,,
Brookes ejournal of learning and teaching,1744-7747,true,,
Journal of global ethics (Print),1744-9626,true,,
International journal of green economics (Print),1744-9928,true,,
"Work organisation, labour & globalisation (Print)",1745-641X,true,,
Drugs and alcohol today,1745-9265,true,,
"World review of entrepreneurship, management and sustainable development (Print)",1746-0573,true,,
Anthropology of the Middle East (Print),1746-0719,true,,
International journal of business information systems (Print),1746-0972,true,,
WIT transactions on the built environment (Print),1746-4498,true,,
Communications law (Haywards Heath),1746-7616,true,,
Tottel's journal of immigration asylum and nationality law,1746-7632,true,,
International journal of digital curation,1746-8256,true,,
Acute medicine (Print),1747-4884,true,,
Journal of intercultural communication research (Print),1747-5759,true,,
The international journal of microsimulation,1747-5864,true,,
International journal of Jaina studies,1748-1074,true,,
Journal of design research (Print),1748-3050,true,,
Nineteenth century theatre and film,1748-3727,true,,
Evidence-based communication assessment and intervention (Print),1748-9539,true,,
Artifact (Abingdon),1749-3463,true,,
Jazz perspectives (Print),1749-4060,true,,
World review of intermodal transportation research (Print),1749-4729,true,,
Bulletin (British Society for the History of Mathematics. Print),1749-8430,true,,
Particip@tions,1749-8716,true,,
Journal of payments strategy & systems (Print),1750-1806,true,,
Deleuze studies,1750-2241,true,,
International journal of tourism policy (Print),1750-4090,true,,
Journal of information literacy,1750-5968,true,,
New voices in classical reception studies,1750-6581,true,,
Platform (Egham),1751-0171,true,,
International journal of business innovation and research (Print),1751-0252,true,,
Citizenship teaching and learning (Print),1751-1917,true,,
International journal of Zizek studies,1751-8229,true,,
Critical approaches to discourse analysis across disciplines,1752-3079,true,,
International journal of innovation and regional development (Print),1753-0660,true,,
International journal of services sciences (Print),1753-1446,true,,
Journal of securities operations & custody (Print),1753-1802,true,,
"International journal of decision sciences, risk and management (Print)",1753-7169,true,,
Journal of communication in healthcare (Print),1753-8068,true,,
The journal of late antique religion and culture,1754-517X,true,,
Journal of literature and science,1754-646X,true,,
Oxford studies in early modern philosophy,1754-7873,true,,
Journal of urbanism (Print),1754-9175,true,,
Contemporary Arab affairs (Print),1755-0912,true,,
IOP conference series. Earth and environmental science (Print),1755-1307,true,,
Enterprise development & microfinance (Print),1755-1978,true,,
"International journal of banking, accounting and finance (Print)",1755-3830,true,,
International journal of design & nature and ecodynamics (Print),1755-7437,true,,
Music performance research,1755-9219,true,,
Digital evidence and electronic signature law review,1756-4611,true,,
International journal of information and decision sciences (Print),1756-7017,true,,
The Iris Murdoch review,1756-7572,true,,
Antennae (Antennae Project),1756-9575,true,,
The Reasoner (Canterbury),1757-0522,true,,
Journal of arts & communities (Print),1757-1936,true,,
Journal for research in freemasonry and fraternalism (Print),1757-2460,true,,
International journal of computer aided engineering and technology (Print),1757-2657,true,,
European journal of language policy (Print) = Revue européenne de politique linguistique,1757-6822,true,,
Journal of Media Law,1757-7632,true,,
"Law, innovation and technology (Print)",1757-9961,true,,
Breast cancer management (Print),1758-1923,true,,
Journal of legal anthropology (Print),1758-9576,true,,
Studies in the maternal,1759-0434,true,,
Journal of the northern renaissance,1759-3085,true,,
International journal of education economics and development (Print),1759-5673,true,,
Journal of learning development in higher education,1759-667X,true,,
Catalonia,1760-6659,true,,
Lumières (Pessac),1762-4630,true,,
Transatlantica,1765-2766,false,2025-01-01,no longer counted as peer-reviewed
Revue de l'entrepreneuriat (Imprimé),1766-2524,true,,
Féeries,1766-2842,false,2026-01-01,no longer counted as peer-reviewed
Raison publique,1767-0543,true,,
Risques & qualité en milieu de soins,1767-3445,true,,
Monde chinois,1767-3755,true,,
Marges (Saint-Denis),1767-7114,true,,
Revue d'études augustiniennes et patristiques,1768-9260,true,,
Glottopol,1769-7425,true,,
Etudes platoniciennes,1770-9687,true,,
Texto ! (Paris),1773-0120,true,,
Concurrences,1773-9578,true,,
Anabases,1774-4296,true,,
Les Cahiers de la sécurité (Saint-Denis-la-Plaine),1774-475X,true,,
Médecine thérapeutique. Médecine de la reproduction,1774-640X,true,,
Criminocorpus,1776-0720,true,,
Images re-vues,1778-3801,true,,
Les Enjeux de l'information et de la communication,1778-4239,true,,
Revue d'histoire nordique = Nordic historical review,1778-9605,true,,
Kinésithérapie la revue (Print),1779-0123,true,,
Etudes caribéennes,1779-0980,true,,
Personen- en familierecht,1780-0285,true,,
Voorrechten en hypotheken,1780-1346,true,,
Food & history (Print),1780-3187,true,,
Studies in European urban history (Printed),1780-3241,true,,
Vies consacrées,1780-4272,true,,
Revue de la Faculté de droit de l'Université de Liège (Imprimé),1780-5511,false,2024-01-01,no longer counted as peer-reviewed
Image & narrative,1780-678X,true,,
Gentse bijdragen tot de interieurgeschiedenis (Gedrukt),1780-7212,true,,
Revue pratique des sociétés civiles et commerciales,1780-762X,true,,
Revue du droit des technologies de l'information (Imprimé),1781-054X,true,,
Eastern Christian Art (Printed),1781-0930,true,,
Verslagen van het Centrum voor genderstudies - U Gent,1781-1902,true,,
European view,1781-6858,true,,
Yearbook of the European Society of Women in Theological Research (Printed) = Annuaire de l'Association Européenne des femmes pour la recherche théologique,1781-7846,true,,
Orde van de dag. Criminaliteit en samenleving,1781-9210,true,,
Tijdschrift voor Bouwrecht en Onroerend Goed,1781-989X,true,,
Bulletin d'analyse phénoménologique,1782-2041,true,,
Nullum Crimen,1782-3447,true,,
Rechtskundig weekblad,1782-3463,true,,
Tax Audit & Accountancy (Nederlandse ed.),1782-8007,true,,
Journal des juges de paix = Tijdschrift van de vrederechters,1782-9747,false,2024-01-01,no longer counted as peer-reviewed
Journal des juges de police = Tijdschrift van de politierechters,1782-9755,false,2024-01-01,no longer counted as peer-reviewed
Tijdschrift voor Belgische Mededinging (Gedrukt) = Revue de la Concurrence Belge (Imprimé),1783-1008,true,,
Terra Incognita (Peeters. Printed),1783-1180,true,,
The Journal of Eastern Christian Studies (Print),1783-1555,true,,
Competition and Regulation in Network Industries (Printed),1783-5917,true,,
Relicta (Brussel),1783-6425,false,2025-01-01,no longer counted as peer-reviewed
Human Rights and International Legal Discourse,1783-7014,true,,
Ancient West & East (Leuven. Printed),1783-8363,true,,
Tijdschrift voor familierecht (Gedrukt),1784-1674,true,,
Omertaa (Kessel-Lo),1784-3308,true,,
Carthage studies,1784-343X,true,,
Cahiers politiestudies,1784-5300,true,,
"Ius & actores = Ius & actores, tijdschrift voor de actoren van het gerecht",1784-6188,false,2025-01-01,no longer counted as peer-reviewed
Belgian journal of medical oncology,1784-7141,true,,
Különbség,1785-7821,true,,
Archeometriai műhely = Archaeometry workshop,1786-271X,true,,
DiMEE,1790-0662,true,,
e-Perimetron,1790-3769,true,,
European Psychomotricity Journal,1791-3837,true,,
International Journal of Caring Sciences,1791-5201,true,,
SKEPsY,1791-597X,true,,
Syn-Thèses,1791-6747,true,,
Journal of Air Transport Studies,1791-6771,true,,
mTm - A Translation Journal,1791-8421,true,,
Journal of Engineering Science and Technology Review,1791-9320,true,,
Research Papers in Language Teaching and Learning (Online) = Ereunītika keimena stī Didaktikī kai Ekmathīsī tōn Glōssōn,1792-1244,true,,
European Journal of Geography,1792-1341,true,,
Almagest,1792-2593,true,,
Kepes (Impreso),1794-7111,true,,
COLLeGIUM (Helsinki),1796-2986,true,,
"Studies in variation, contacts and change in English",1797-4453,true,,
Theory and practice in language studies,1799-2591,true,,
Mediální studia (Print),1801-9978,true,,
Theatrum historiae (Print),1802-2502,true,,
Jurisprudence (Praha. Print),1802-3843,true,,
Psychoterapie (Brno. Print),1802-3983,true,,
Central European Journal of International & Security Studies (Print),1802-548X,true,,
Transactions on Transport Sciences (Print),1802-971X,true,,
European Journal of Adapted Physical Activity,1803-3857,true,,
Graeco-Latina Brunensia (Print),1803-7402,true,,
Studia paedagogica (Brno. Print),1803-7437,true,,
Aither (Print),1803-7879,true,,
Acta Politologica (Praha. Print),1804-1302,true,,
Historia scholastica (Print),1804-4913,true,,
Czech and Slovak Journal of Humanities,1805-3742,true,,
Direito Público (Brasília. Impresso),1806-8200,true,,
Nomos (Fortaleza),1807-3840,true,,
Liinc em revista,1808-3536,true,,
Arquitextos (São Paulo),1809-6298,true,,
Pesquisas e práticas psicossociais,1809-8908,true,,
Connections. The quarterly journal (English ed. Print),1812-1098,true,,
International journal on teaching and learning in higher education,1812-9129,true,,
Zhōngguó hǎiyáng fǎxué pínglùn = China oceans law review,1813-7350,true,,
International journal of education and development using information and communication technology,1814-0556,true,,
Climate of the past discussions (Online),1814-9359,true,,
Taiwan journal of democracy,1815-7238,true,,
University of Botswana law journal,1817-2733,true,,
Scrinium (Sankt-Peterburg. Print),1817-7530,true,,
Zeitschrift für Jüdische Kulturgeschichte,1817-9223,true,,
"Vestnik Sankt-Peterburgskogo universiteta. Seriâ 11, Medicina = Vestnik of Saint Petersburg University. Medicine",1818-2909,true,,
Vestnik Novosibirskogo gosudarstvennogo universiteta. Seriâ: lingvistika i mežkulʹturnaâ kommunikaciâ,1818-7935,true,,
Dialogía (Ayacucho),1819-365X,true,,
New voices in translation studies,1819-5644,true,,
SAJ. Serbian architectural journal,1821-3952,true,,
Religija ir kultūra (Spausdinta),1822-4539,true,,
Cinergie (Testo stampato),1824-3495,true,,
Impresa progetto (Online),1824-3576,true,,
Advances in transportation studies,1824-5463,true,,
Diritto & questioni pubbliche,1825-0173,true,,
Kervan (Online),1825-263X,true,,
LId'O Lingua italiana d'oggi (Testo stampato),1825-8298,true,,
Territorio (Testo stampato),1825-8689,true,,
Elephant and castle,1826-6118,true,,
Intralinea on line translation journal (Dipartimento di Studi Interdisciplinari su Traduzione Lingue e Culture),1827-000X,true,,
Economia e società regionale. Oltre il ponte (Testo stampato),1827-2479,true,,
Predella (Pisa. Testo stampato),1827-4927,true,,
Ponts (Imprimé) = Ponti,1827-9767,true,,
FOLD&R (Roma),1828-3179,true,,
Rivista di psicologia clinica (Online),1828-9363,true,,
Foucault studies,1832-5203,true,,
"Parrhesia (Parkville, Vic.)",1834-3287,true,,
"Global justice (Downer, A.C.T.)",1835-6842,true,,
The international journal of climate change. Impacts and responses,1835-7156,true,,
Cultural science,1836-0416,true,,
Journal of the Southeast Asian Linguistics Society (Online),1836-6821,true,,
International trade and business law review (Print),1836-8573,true,,
"Elsewhere (Rozelle, N.S.W.)",1836-9367,true,,
Australian & New Zealand journal of European studies (Print),1837-2147,true,,
The canonist,1837-7025,true,,
International journal for rural law and policy (Online),1839-745X,true,,
Journal of the European Association for Health Information and Libraries (Print),1841-0715,true,,
ROMAI Journal (Print),1841-5512,true,,
Strategic impact (Print),1841-5784,true,,
Acta Mvsei Brvkenthal (Print),1842-2691,true,,
Classica et Christiana (Print),1842-3043,true,,
"Economics, Management and Financial Markets",1842-3191,true,,
Review of historical geography and toponomastics (Print),1842-8479,true,,
Societate şi politică (Print),1843-1348,true,,
Accounting and Management Information Systems (Print),1843-8105,true,,
"Annales de l'Université ""Dunărea de Jos"" din Galaţi. Fascicule XXIII, Mélanges francophones",1843-8539,true,,
Alkemie (Sibiu. Print),1843-9012,true,,
Journal of medicine and life (Print),1844-122X,true,,
Revue internationale d'études en langues modernes appliquées (Print) = International Review of Studies in Applied Modern Languages,1844-5586,true,,
Jurnal teologic,1844-7252,true,,
Acta Universitatis Danubius. Communicatio (Print),1844-7562,true,,
Revista argentina de teoría jurídica (Impresa),1851-6831,true,,
Neurología argentina,1853-0028,true,,
Boletín de arte (La Plata),1853-0710,true,,
Aletheia (La Plata),1853-3701,true,,
Urbania (Ciudad Autónoma de Buenos Aires),1853-7626,true,,
"Zbornik znanstvenih razprav (Pravna fakulteta. 1991, Tiskana izd.)",1854-3839,true,,
Innovative issues and approaches in social sciences,1855-0541,true,,
Revija za elementarno izobraževanje,1855-4431,true,,
Advances in business related scientific research journal,1855-931X,true,,
European Scientific Journal (Kočani. Print),1857-7881,true,,
"Micro, Macro & Mezzo Geoinformation (Print) = Mikro, Makro & Mezo Gjeo Informacione",1857-9000,true,,
Open Access Macedonian Journal of Medical Sciences,1857-9655,true,,
Jurnal El-Harakah,1858-4357,true,,
Y Dược học (Trường Đại học Y Dược Huế) = Journal of Medicine and Pharmacy,1859-3836,true,,
Constructions (Köln),1860-2010,true,,
Forum historiae iuris,1860-5605,true,,
Afrikanistik online,1860-7462,true,,
Journal on data semantics (Print),1861-2032,true,,
Online - Heidelberg journal of religions on the internet,1861-5813,true,,
EDITion (Köln),1862-023X,true,,
Sexual offender treatment,1862-2941,true,,
Frankfurter elektronische Rundschau zur Altertumskunde,1862-8478,true,,
Theo-Web. Zeitschrift für Religionspädagogik = Academic journal of religious education,1863-0502,true,,
Ethics in science and environmental politics (Print),1863-5415,true,,
Journal of Namibian studies (Print),1863-5954,true,,
Wund-Management (Wiesbaden),1864-1121,true,,
Restoration of buildings and monuments (Print),1864-7251,true,,
Carbon & climate law review (Print),1864-9904,true,,
Europäisches Journal für Minderheitenfragen (Print),1865-1089,true,,
Landscape online,1865-1542,true,,
Der moderne Staat,1865-7192,true,,
"Politics, culture and socialization (Print)",1866-3427,true,,
Synergies pays germanophones (Print),1866-5268,true,,
Attention deficit and hyperactivity disorders (Print),1866-6116,true,,
Eludamos (Göttingen),1866-6124,true,,
Steel construction (Berlin. Print),1867-0520,true,,
Zeitschrift für Rezensionen zur germanistischen Sprachwissenschaft (Print),1867-1691,true,,
Trans-kom,1867-4844,true,,
Francia (2008),1867-6448,true,,
Transactions on Petri nets and other models of concurrency (Print),1867-7193,true,,
Journal of current Chinese affairs (Print),1868-1026,true,,
Benn-Forum,1868-2758,true,,
Journal of craniomandibular function = Zeitschrift für kraniomandibuläre Funktion : (offizielle Zeitschrift der Deutschen Gesellschaft für Funktionsdiagnostik und -therapie in der DGZMK),1868-4149,true,,
International journal: emerging technologies in learning (Print),1868-8799,true,,
Journal of European tort law,1868-9612,true,,
Zeitschrift für Medien- und Kulturforschung,1869-1366,true,,
Contemporary Japan (Berlin. Print),1869-2729,true,,
Diaconia (Göttingen),1869-3261,true,,
Energeia (Tübingen),1869-4233,true,,
"AMS review (New York, N.Y. Print)",1869-814X,true,,
Teoría y praxis (Cozumel),1870-1582,true,,
Signos literarios,1870-4050,true,,
Latin American journal of physics education,1870-9095,true,,
Social transformations in Chinese societies,1871-2673,true,,
Tijdschrift voor consumentenrecht & handelspraktijken (Print),1871-3947,true,,
Central nervous system agents in medicinal chemistry,1871-5249,true,,
Stadsgeschiedenis (Leuven. Gedrukt),1872-0676,true,,
Religie & samenleving (Print),1872-3497,true,,
Tijdschrift voor veiligheid (Print),1872-7948,true,,
Relief (Utrecht),1873-5045,true,,
Tijdschrift erfrecht,1874-1681,true,,
Current aging science (Print),1874-6098,true,,
Sport & geneeskunde,1874-6659,true,,
Statistical journal of the IAOS,1874-7655,true,,
Review of European administrative law (Print),1874-7981,true,,
S (Maastricht),1874-9062,true,,
Footprint (Delft. Print),1875-1504,true,,
Journal of international peacekeeping (Print),1875-4104,true,,
TDM (Leidschendam),1875-4120,true,,
"Oil, gas and energy law",1875-418X,true,,
Nederlands tijdschrift voor voeding & diëtetiek (Print),1875-9955,true,,
TRA (Deventer),1876-0465,false,2026-01-01,no longer counted as peer-reviewed
Tijdschrift voor lerarenopleiders,1876-4622,true,,
Handelingen (Stichting Praktische Theologie. Print),1876-8024,true,,
Journal of social intervention,1876-8830,true,,
Studium (Rotterdam. Print),1876-9055,true,,
Internationale neerlandistiek,1876-9071,true,,
Erasmus journal for philosophy and economics,1876-9098,true,,
Revue de chirurgie orthopédique et traumatologique (Print),1877-0517,true,,
European journal of commercial contract law (Print),1877-1467,true,,
In-Mind magazine (English ed.),1877-5306,true,,
In-Mind (Deutsche Ausg.),1877-5349,true,,
Procedia engineering,1877-7058,true,,
Water history (Print),1877-7236,true,,
CLEER working papers (Print),1878-9587,true,,
European energy and environmental law review,1879-3886,true,,
TvCr (Nijmegen),1879-6664,true,,
"Tijdschrift voor religie, recht en beleid",1879-7784,true,,
LIA (Amsterdam. Print),1879-7865,true,,
Cultuur + educatie,1879-8837,true,,
Kagaku gijutsu komyunikeshon = Japanese journal of science communication,1881-8390,true,,
Japanese yearbook of international law,1883-9959,true,,
Journal of cultural interaction in East Asia,1884-5916,true,,
Revista d'estudis autonòmics i federals = Journal of self-government,1886-2632,true,,
Transfer (Barcelona),1886-5542,true,,
Itamar,1889-1713,true,,
Arctic review on law and politics (Print ed.),1891-6252,true,,
Borealis (Tromsø),1893-3211,true,,
Nordic journal of architectural research,1893-5281,true,,
Music + practice,1893-9562,true,,
Bergen journal of criminal law and criminal justice,1894-4183,true,,
The Journal of media innovations,1894-5562,true,,
Europejski Przegląd Sądowy,1895-0396,true,,
Zagłada Żydów,1895-247X,true,,
Lodz Papers in Pragmatics,1895-6106,true,,
Studia Linguistica Universitatis Iagellonicae Cracoviensis,1897-1059,true,,
Polish Journal of Philosophy,1897-1652,true,,
Wielogłos,1897-1962,true,,
Postscriptum Polonistyczne,1898-1593,true,,
Romanica Silesiana,1898-2433,true,,
Tekst i Dyskurs = Text und Diskurs,1899-0983,true,,
Litteraria Copernicana,1899-315X,true,,
Pædagogisk psykologisk tidsskrift (Papirform),1903-0002,true,,
Warasan Samakhom Pratchaya lae Satsana haeng Prathet Thai = Journal of the Philosophy and Religion Society of Thailand,1905-4084,true,,
Counseling et spiritualité = Counselling and spirituality,1910-703X,true,,
Culture and local governance = Culture et gouvernance locale,1911-7469,true,,
Journal of risk and financial management,1911-8066,true,,
Nabokov online journal = Nabokovskiĭ onlaĭnovyĭ zhurnal,1911-8422,true,,
Épistémocritique,1913-536X,true,,
Journal of management policy and practice,1913-8067,true,,
Environnement urbain = Urban environment,1916-4645,true,,
Alternative francophone,1916-8470,true,,
Kinephanos,1916-985X,true,,
Digital studies = Champ numérique,1918-3666,true,,
Analecta hermeneutica,1918-7351,true,,
Imaginations (Edmonton),1918-8439,true,,
The public journal of semiotics,1918-9907,true,,
Transcultural (Edmonton),1920-0323,true,,
Mémoires du livre = Studies in book culture,1920-602X,true,,
International Journal of Thermal & Environmental Engineering,1923-7308,true,,
Journal of Ubiquitous Systems and Pervasive Networks,1923-7324,true,,
Tusaaji,1925-5624,true,,
Architectoni.ca,1927-7148,true,,
Vita Traductiva (Imprimé),1927-7792,true,,
Transitional justice review,1929-1973,true,,
IUCN Academy of Environmental Law ejournal,1929-6088,true,,
KB journal,1930-0026,true,,
SIGKDD explorations,1931-0145,true,,
International journal of psychology research,1932-6092,true,,
Contemporary aesthetics,1932-8478,true,,
New criminal law review,1933-4192,true,,
Rural mental health,1935-942X,true,,
Strategic studies quarterly,1936-1815,true,,
Evolution (New York. Print),1936-6426,true,,
International journal of the analytic hierarchy process,1936-6744,true,,
Journal of applied corporate finance,1936-8216,true,,
Schole,1937-156X,true,,
Journal of public deliberation,1937-2841,true,,
"Hugoye (Piscataway, N.J.)",1937-318X,true,,
"Learning disabilities (Weston, Mass.)",1937-6928,true,,
Journal of workplace rights,1938-4998,true,,
Journal of the history of childhood and youth,1939-6724,true,,
The IJPC journal (Online),1939-7887,true,,
Journal of Jewish identities,1939-7941,true,,
Rock music studies (Print),1940-1159,true,,
The code4lib journal,1940-5758,true,,
"Variance (Arlington, Va.)",1940-6444,true,,
International review of qualitative research,1940-8447,true,,
International journal of sociotechnology and knowledge development (Print),1941-6253,true,,
"Behavioral development bulletin (Philadelphia, Pa. Online)",1942-0722,true,,
International journal on advances in systems and measurements,1942-261X,true,,
International journal on advances in security,1942-2636,true,,
International journal on advances in life sciences,1942-2660,true,,
Family science (Print),1942-4620,true,,
International journal of actor-network theory and technological innovation (Print),1942-535X,true,,
NASN school nurse (Print),1942-602X,true,,
Vanderbilt journal of entertainment and technology law,1942-678X,true,,
Anthropology now (Print),1942-8200,true,,
Journal of strategic security,1944-0464,true,,
Journal of ancient Egyptian interconnections,1944-2815,true,,
ASEBL journal,1944-401X,true,,
L2 journal,1945-0222,true,,
World future review,1946-7567,true,,
Knowledge management for development journal (Print),1947-4199,true,,
First World War Studies (Print),1947-5020,true,,
International journal of e-politics (Print),1947-9131,true,,
International journal of IT/business alignment and governance (Print),1947-9611,true,,
Philosophy and theory in biology,1949-0739,true,,
IdeAs (En ligne),1950-5701,true,,
Synergies Europe,1951-6088,true,,
Revue trimestrielle de droit financier = Corporate finance and capital markets law review,1952-7233,false,2026-01-01,no longer counted as peer-reviewed
Marché & organisations,1953-6119,true,,
Klēsis = Kλησις,1954-3050,true,,
Rectoverso,1954-3174,false,2026-01-01,no longer counted as peer-reviewed
Textimage,1954-3840,true,,
Éducation & didactique,1956-3485,true,,
Métropoles,1957-7788,true,,
Tr@jectoires (Paris. 2007),1959-531X,true,,
Ethnographiques.org,1961-9162,true,,
Textes & contextes,1961-991X,true,,
Histoire de la diplomatie et des relations internationales,1962-8528,true,,
EchoGéo,1963-1197,true,,
"Revue d'histoire des facultés de droit et de la culture juridique, du monde des juristes et du livre juridique",1966-6713,true,,
Les Cahiers J.-M. G. Le Clézio,1969-0398,true,,
Projets de paysage,1969-6124,true,,
TD. Tecnologie didattiche (Testo stampato),1970-061X,true,,
"Rivista di criminologia, vittimologia e sicurezza",1971-033X,true,,
"Stato, Chiese e pluralismo confessionale",1971-8543,true,,
Kaskal (Testo stampato),1971-8608,true,,
Pirandelliana (Testo stampato),1971-9035,true,,
Philologia antiqua (Testo stampato),1971-9078,true,,
Annali del Seminario giuridico. ( Dipartimento di storia del diritto. Università di Palermo),1972-8441,true,,
Lo squaderno (Online),1973-9141,true,,
Eurostudium3w (Online),1973-9443,true,,
MediAzioni (Forlì),1974-4382,true,,
Syzetesis (Roma),1974-5044,true,,
Chemical engineering transactions (Print),1974-9791,true,,
Asia-Pacific journal of research in early childhood education (Pacific early childhood education research association),1976-1961,true,,
Journal of northeast Asian history (Seoul),1976-3735,true,,
Jurnal sosiologi reflektif,1978-0362,true,,
Guavira Letras,1980-1858,true,,
Zero-a-seis,1980-4512,true,,
Brazilian journal of motor behavior (Impresso),1980-5586,true,,
REMHU (Impresso),1980-8585,true,,
Revista brasileira de segurança pública (Impresso),1981-1659,true,,
Foco (Vila Velha),1981-223X,true,,
RECIIS (Online),1981-6278,true,,
Boletim do Museu Paraense Emílio Goeldi. Ciências Humanas (Impresso),1981-8122,true,,
Matrizes (Impresso),1982-2073,true,,
Strategic Design Research Journal,1984-2988,true,,
arq.urb,1984-5766,true,,
EISH (Tbilisi),1987-8753,true,,
Doletiana,1988-3366,true,,
Revista letral,1989-3302,true,,
Cuadernos de derecho transnacional,1989-4570,true,,
Entreculturas (Málaga),1989-5097,true,,
Journal of clinical and experimental dentistry,1989-5488,true,,
Journal of the Royal Asiatic Society Hong Kong Branch,1991-7295,true,,
Obrazovanie i samorazvitie = Education and self-development,1991-7740,true,,
Stichproben (Print),1992-8610,true,,
Revue éléctronique de l'Association internationale de droit pénal = Revista electrónica de la Asociación Internacional de Derecho Penal,1993-2995,true,,
Jiaoyu shijian yu yanjiu (Taibei) = Journal of educational practice and research,1993-5633,true,,
MHRA working papers in the humanities,1994-8662,true,,
International journal of cyber society and education,1995-6649,true,,
Tesis (Lima),1995-6967,true,,
ISSI newsletter,1998-5460,true,,
Mizan law review,1998-9881,true,,
Nordisk miljörättslig tidskrift = Nordic environmental law journal,2000-4273,true,,
Vulnerable groups & inclusion,2000-8023,true,,
Socioaffective neuroscience & psychology,2000-9011,true,,
Scandinavian journal of comic art,2001-3620,true,,
Nordic journal of studies in educational policy,2002-0317,true,,
"Society, health and vulnerability",2002-1518,true,,
Scandinavian journal of work and organizational psychology,2002-2867,true,,
Nordic journal on law and society,2002-7788,true,,
Vis (Online),2003-024X,true,,
Revue nordique des études francophones = Nordic journal of francophone studies,2003-0401,true,,
Journal of rehabilitation medicine clinical communications,2003-0711,true,,
Mai (Göteborg),2003-167X,true,,
Nordic journal of european law,2003-1785,true,,
Nordic journal of media studies,2003-184X,true,,
Journal of digital social research,2003-1998,true,,
Meta-psychology (Växjö),2003-2714,true,,
Nordisk tidskrift för socioonomastik (Print) = Nordic journal of Socio-Onomastics,2004-0296,true,,
Astronomy education journal,2004-2981,true,,
Revista mexicana de trastornos alimentarios = Mexican journal of eating disorders,2007-1523,true,,
Global media journal México,2007-2031,true,,
Revista internacional de derecho y ciencias sociales,2007-4212,true,,
Revista latinoamericana de derecho comercial internacional,2007-7440,true,,
"Dilemas contemporáneos: educación, política y valores",2007-7890,true,,
Journal of language and translation. (Print),2008-8590,true,,
Perspectives (Dublin),2009-1842,true,,
International Review of Entrepreneurship,2009-2822,true,,
Alphaville (Cork),2009-4078,true,,
"International journal of trade, economics and finance",2010-023X,true,,
International journal of information and education technology (Online),2010-3689,true,,
RLE,2011-5474,true,,
Mutatis mutandis (Medellin. 2008),2011-799X,true,,
Bhum,2012-5720,true,,
Journal of the European Association for Studies on Australia,2013-6897,true,,
Journal of accessibility and design for all,2013-7087,true,,
Revista catalana de dret ambiental,2014-038X,true,,
Urbs (Almería),2014-2714,true,,
Scriptum digital,2014-640X,true,,
Quaderns de recerca en urbanisme = Cuadernos de investigación en urbanismo,2014-9689,true,,
Luciérnaga (Medellín),2027-1557,true,,
Baltic journal of law & politics (Online),2029-0454,true,,
"Santalka: filosofija, komunikacija (Spausdinta)",2029-6320,true,,
"Business, management and education (Spausdinta)",2029-7491,true,,
Journal of sustainable architecture and civil engineering (Spausdinta),2029-9990,true,,
Tijdschrift estate planning (Larcier),2030-1642,false,2024-01-01,no longer counted as peer-reviewed
Vigiles (Tweetalige ed.),2030-2703,true,,
European Journal of Homelessness (Printed),2030-2762,true,,
Journal de droit européen (Imprimé),2030-3920,true,,
Tijdschrift@ipr.be (Gent),2030-4072,true,,
Emulations (Imprimé),2030-5656,true,,
Inter-American and European Human Rights Journal = Revista Interamericana y Europea de Derechos Humanos,2030-7942,true,,
Communio (Gent),2031-0110,false,2024-01-01,no longer counted as peer-reviewed
Handboek integrale jeugdhulp,2031-1907,true,,
Interférences littéraires,2031-2970,true,,
In Monte Artium (Print),2031-3098,true,,
Témoigner. Entre Histoire et Mémoire (Imprimé) = Getuigen. Tussen Geschiedenis en Gedachtenis,2031-4183,false,2026-01-01,no longer counted as peer-reviewed
Annali di Scienze Religiose (Printed),2031-5929,true,,
Tijdschrift voor Fiscaal Recht (Gedrukt),2031-8219,true,,
Mnemosyne o la costruzione del senso,2031-8502,true,,
Genetic Joyce Studies (Antwerpen),2031-9002,true,,
Procesrecht & bewijsrecht,2032-1171,true,,
Studies van de BKL,2032-1511,true,,
Muséon (Bruxelles),2032-3735,true,,
ET-Studies (Leuven. Gedrukt),2032-5215,true,,
Journal of the Alamire Foundation (Printed),2032-5371,true,,
The Journal of Internationalisation and Localisation (Printed),2032-6904,true,,
L'ingénieur-conseil (Bruxelles. Ed. bilingue),2032-7617,true,,
ICIP (Bruxelles. Imprimé),2032-7625,true,,
Limburgs Rechtsleven,2032-7803,true,,
Medieval and Modern Matters (Printed),2032-8192,true,,
Ruimte & Maatschappij (Antwerpen),2032-8427,true,,
Regards économiques,2033-3013,true,,
Belgian Journal of Hematology,2033-3749,true,,
Tax Audit & Accountancy (Ed. bilingue),2033-4575,true,,
Contextes (Liège. Imprimé),2033-5709,true,,
Revue critique de fixxion française contemporaine (Imprimé) = Critical Review of Contemporary French Fixxion : (Printed),2033-7019,true,,
Bank- en Financiëel Recht (Gedrukt) = Droit bancaire et financier : (Imprimé),2033-7833,true,,
Filosofie (Antwerpen. Gedrukt),2034-1229,true,,
Notarieel en fiscaal maandblad,2034-2373,true,,
The Journal of Medieval Monastic Studies (Printed),2034-3515,true,,
Authorship (Gent),2034-4643,true,,
Tijd-Schrift. Heemkunde en lokaal-erfgoedpraktijk in Vlaanderen,2034-6263,true,,
Relaties en nieuwe gezinnen,2034-6905,true,,
European Journal of Police Studies (Printed),2034-760X,true,,
Participations (Imprimé),2034-7650,true,,
Signa (Bruxelles),2034-8746,true,,
Orthopedagogiek : onderzoek en praktijk,2034-9408,true,,
BABELAO (Louvain-la-Neuve),2034-9491,true,,
Cultus (Testo stampato),2035-3111,true,,
Cassirer studies (Print),2035-3960,true,,
RiLUnE (Testo stampato),2035-4428,true,,
Italian journal of sociology of education,2035-4983,true,,
Cinema & cie (Milano. Testo stampato),2035-5270,true,,
ISLL papers,2035-553X,true,,
Biblioteca della libertà (Online),2035-5866,true,,
Giornale critico di storia delle idee (Online),2035-732X,true,,
Archeologia Aerea,2035-7540,true,,
Opus incertum (Testo stampato),2035-9217,true,,
Teoria e storia del diritto privato,2036-2528,true,,
Studi tributari europei,2036-3583,true,,
Storia e politica (Palermo. Testo stampato),2036-3907,true,,
Philosophical Readings,2036-4989,true,,
Sophia (Roma),2036-5047,true,,
Perspectives on Federalism,2036-5438,true,,
Filologia germanica = Germanic philology,2036-8992,true,,
APhEx (Roma),2036-9972,true,,
Segno e testo,2037-0245,true,,
Scritture migranti (Testo stampato),2037-5042,true,,
Poli-Femo,2037-6847,true,,
REVIEW OF ECONOMICS AND INSTITUTIONS,2038-1379,true,,
Osservatorio sulle fonti (Online),2038-5633,true,,
Interfrancophonies,2038-5943,true,,
Giornale italiano della ricerca educativa (Testo stampato),2038-9736,true,,
European sports law and policy bulletin,2039-0416,true,,
Scienza e pace = Science and peace,2039-1749,true,,
Ius publicum network review report,2039-2540,true,,
Between (Cagliari),2039-6597,true,,
Estetica (Testo stampato),2039-6635,true,,
Philosophical news (Print),2039-7194,true,,
Medicina delle Dipendenze = MDD,2039-7925,true,,
Interdisciplinary political studies,2039-8573,true,,
Itinera (Milano. 2011),2039-9251,true,,
Mediterranean journal of social sciences (Print),2039-9340,true,,
International journal of multicriteria decision making (Print),2040-106X,true,,
Journal of the Anthropological Society of Oxford online,2040-1876,true,,
Studies in Eastern European cinema (Print),2040-350X,true,,
Journal of applied linguistics and professional practice (Print),2040-3658,true,,
International journal of care pathways (Print),2040-4026,true,,
International journal of digital television (Print),2040-4182,true,,
Crossings (Bristol. Print),2040-4344,true,,
Media education research journal,2040-4530,true,,
Visual methodologies (Online),2040-5456,true,,
Sport & EU review,2040-5847,false,2026-01-01,no longer counted as peer-reviewed
Journal of global analysis,2041-1944,true,,
Transnational legal theory (Print),2041-4005,true,,
European journal of law and technology,2042-115X,true,,
Journal of art historiography,2042-4752,true,,
Journal on European history of law,2042-6402,true,,
"Animation practice, process & production (Print)",2042-7875,true,,
Book 2.0 (Print),2042-8022,true,,
Design ecologies (Print),2043-068X,true,,
Short fiction in theory and practice (Print),2043-0701,true,,
International journal of person centered medicine (Print),2043-7730,true,,
Journal of information technology teaching cases,2043-8869,true,,
Cochrane methods (Print),2044-4702,true,,
Flavour (London),2044-7248,true,,
Edinburgh student law review (Print),2044-7809,true,,
Journal of conflict transformation and security,2045-1903,true,,
C21 literature (Print),2045-5216,true,,
Moving image review & art journal (Print),2045-6298,true,,
Journal of brand strategy (Print),2045-855X,true,,
Irish veterinary journal (Online) = Iris tréidliachta Éireann,2046-0481,true,,
International journal of computational methods and experimental measurements (Print),2046-0546,true,,
Journal of the National Institute for Career Education and Counselling,2046-1348,true,,
F1000Research,2046-1402,true,,
Border crossing (Print),2046-4436,true,,
Medieval settlement research,2046-5211,true,,
?HISTOS,2046-5955,true,,
Histos,2046-5963,true,,
Extreme physiology & medicine,2046-7648,true,,
Journal of the Oxford Centre for Buddhist Studies,2047-1076,true,,
International journal of heritage in the digital era (Print),2047-4970,true,,
European journal of political research. Political data yearbook (Print),2047-8844,true,,
World journal of VAT/GST law (Print),2048-8432,true,,
JOMEC journal,2049-2340,true,,
International journal of quantitative research in education (Print),2049-5986,true,,
Journal of terrorism research,2049-7040,true,,
Writing visual culture,2049-7180,true,,
Journal of linguistic geography,2049-7547,true,,
Journal of open research software,2049-9647,true,,
The bulletin of the UK Association for the History of Nursing,2049-9744,true,,
Cambridge journal of international and comparative law (Print),2050-1706,true,,
Open arts journal,2050-3679,true,,
Radical orthodoxy,2050-392X,true,,
Programme grants for applied research (Print),2050-4322,true,,
Restorative justice (Print),2050-4721,true,,
Disability and the global south,2050-7364,true,,
Journal of urban cultural studies (Print),2050-9790,true,,
New Middle Eastern studies,2051-0861,true,,
JSRP paper,2051-0926,true,,
"Journal of textile design, research and practice (Print)",2051-1787,true,,
Kurdish studies (London. Print),2051-4883,true,,
Health and social care chaplaincy (Print),2051-5553,true,,
East Asian journal of popular culture (Print),2051-7084,true,,
Journal of community archaeology & heritage (Print),2051-8196,true,,
Research in teacher education (Print),2052-157X,true,,
Journal of research design and statistics in linguistics and communication science (Print),2052-417X,true,,
European journal for person centered healthcare (Print),2052-5648,true,,
Journal of the British Academy,2052-7217,true,,
Nottingham insolvency and business law e-journal,2053-1648,true,,
Journal on the use of force and international law (Print),2053-1702,true,,
North Street review (Print),2053-2016,true,,
JMM case reports,2053-3721,true,,
Correspondences,2053-7158,true,,
IALS student law review,2053-7646,true,,
e-International relations,2053-8626,true,,
Frames cinema journal,2053-8812,true,,
Cerebellum & ataxias,2053-8871,true,,
Exchanges (Coventry),2053-9665,true,,
Fungal biology and biotechnology,2054-3085,true,,
European medical journal. Cardiology,2054-3174,true,,
Charrette Journal of Association of Architectural Educators,2054-6718,true,,
Applied marketing analytics (Print),2054-7544,true,,
Global food history (Print),2054-9547,true,,
IZA world of labor,2054-9571,true,,
"Maternal health, neonatology and perinatology",2054-958X,true,,
Advances in social sciences research journal,2055-0286,true,,
Palgrave communications,2055-1045,true,,
Journal of art writing by students (Print),2055-2823,true,,
The IfCoLog journal of logics and their applications (Print),2055-3706,true,,
Journal of strategic contracting and negotiation (Print),2055-5636,true,,
Queer studies in media & popular culture (Print),2055-5695,true,,
Parasitology open,2055-7094,true,,
The journal of network theory in finance (Print),2055-7795,true,,
Press start (Glasgow),2055-8198,true,,
Syria studies,2056-3175,true,,
"International journal of gender, sexuality and law",2056-3914,true,,
Open journal of bioresources,2056-5542,true,,
Journal of African foreign affairs (Print),2056-564X,true,,
Research involvement and engagement,2056-7529,true,,
Cambridge open-review educational research e-journal,2056-7804,true,,
James Baldwin review (Print),2056-9203,true,,
Drawing. (Bristol. Print),2057-0384,true,,
Alternautas,2057-4924,true,,
Citizen science,2057-4991,true,,
Martial arts studies,2057-5696,true,,
Considering disability journal,2057-5874,true,,
Royal studies journal,2057-6730,true,,
Performance philosophy (Online),2057-7176,true,,
Barthes studies,2058-3680,true,,
British art studies,2058-5462,true,,
Kritika (Cheltenham. Print),2058-9824,true,,
Women's history (Print),2059-0156,true,,
The Howard journal of crime and justice (Online),2059-1101,true,,
Music & science,2059-2043,true,,
Jaina studies (Print),2059-4151,true,,
European medical journal. Reproductive health,2059-450X,true,,
Journal of Greek archaeology (Print),2059-4674,true,,
"Scars, burns & healing",2059-5131,true,,
Finance and society,2059-5999,true,,
Methodological innovations,2059-7991,true,,
The Hungarian historical review (Print),2063-8647,true,,
Hungarian geographical bulletin (Print),2064-5031,true,,
"Analele Universităţii. Seria Ştiinţele limbii, literatură şi didactica predării, Limbi şi literaturi străine (Universitatea Creştină ""Dimitrie Cantemir"")",2065-0868,true,,
Essachess (Iaşi),2066-5083,true,,
"Environment, space, place (Print)",2066-5377,true,,
Acta Universitatis Sapientiae. European and Regional Studies (Print),2066-639X,true,,
CES Working Papers,2067-7693,true,,
Linguaculture (Iaşi. Print),2067-9696,true,,
Logos & episteme (Print),2069-0533,true,,
Romanian Journal of Fiscal Policy,2069-0983,true,,
History of Communism in Europe (Print),2069-3192,true,,
Review of Artistic Education (Print),2069-7554,true,,
International journal for religious freedom,2070-5484,true,,
Rossijskij ûridičeskij žurnal,2071-3797,true,,
Finansy i kredit (Moskva) = Finance & credit,2071-4688,true,,
University museums and collections journal,2071-7229,true,,
Journal of International Studies (Kyiv),2071-8330,true,,
Evrazijskij ûridičeskij žurnal,2073-4506,true,,
Logičeskie issledovaniâ = Logical investigations,2074-1472,true,,
Pakistan journal of social sciences (Multan),2074-2061,true,,
Naukovì zapiski Ukraïnsʹkogo katolicʹkogo unìversitetu,2075-4817,true,,
Journal of business & economics (Islamabad),2075-6909,true,,
eJournal of eDemocracy and open government,2075-9517,true,,
Ajayu,2077-3161,true,,
Challenges (Basel),2078-1547,true,,
Suicidology online,2078-5488,true,,
East Asian archives of psychiatry,2078-9947,true,,
IASPM@journal,2079-3871,true,,
Linguistica Copernicana,2080-1068,true,,
U schy_ku staro_ytno_ci -Studia _ród_oznawcze,2080-8097,true,,
Perspektywy Kultury = Perspectives On Culture,2081-1446,true,,
Studia Historica Gedanensia,2081-3309,true,,
Colloquium (Akademia Marynarki Wojennej. Wydział Nauk Humanistycznych i Społecznych),2081-3813,true,,
Paladyn (Online),2081-4836,true,,
Forum Prawnicze,2081-688X,true,,
Quaestiones Geographicae (2010. Print),2082-2103,true,,
Współczesna Gospodarka,2082-677X,true,,
Fides et Ratio (Warszawa),2082-7067,true,,
Anabasis (Rzeszów),2082-8993,true,,
Studia z Historii Filozofii,2083-1978,true,,
The Biblical Annals,2083-2222,true,,
Studia Ekonomiczne i Regionalne = Economic and Regional Studies,2083-3725,true,,
Annales Universitatis Paedagogicae Cracoviensis. Studia de Cultura,2083-7275,true,,
Konteksty Kultury,2083-7658,true,,
Linguistische Treffen in Wrocław,2084-3062,true,,
Krakowskie Studia z Historii Państwa i Prawa (Druk),2084-4115,true,,
Jurnal Aplikasi Statistika & Komputasi Statistik,2086-4132,true,,
"International journal of advanced science, engineering and information technology",2088-5334,true,,
International Journal of Electrical and Computer Engineering (Yogyakarta),2088-8708,true,,
Critical care research and practice (Print),2090-1305,true,,
Autism research and treatment (Print),2090-1925,true,,
Multiple sclerosis international (Print),2090-2654,true,,
Rehabilitation research and practice (Print),2090-2867,true,,
Education research international (Print),2090-4002,true,,
Trans-humanities,2092-6081,true,,
Xibu renju huanjing xuekan = Journal of Human Settlements in West China,2095-6304,true,,
Fabula-LhT,2100-0689,true,,
Éducation thérapeutique du patient = Therapeutic patient education,2100-0808,true,,
"Itinéraires. Littérature, textes, cultures",2100-1340,true,,
ILCEA,2101-0609,true,,
Appareil,2101-0714,true,,
Camenae,2102-5541,true,,
Genre & histoire,2102-5886,true,,
Les Cahiers du GEPE,2105-0368,true,,
Clio @ Themis,2105-0929,true,,
Les Cahiers du GERES,2105-1046,true,,
Mosaïque (Villeneuve d'Ascq),2105-1100,true,,
La Révolution française (En ligne),2105-2557,true,,
Impressions d'Extrême-Orient,2107-027X,true,,
Dialogues d'histoire ancienne. Supplément,2108-1433,true,,
International economics (Paris),2110-7017,true,,
Archipélies,2110-7130,true,,
Annals of economics and statistics = Annales d'économie et de statistique,2115-4430,true,,
Teoría y crítica de la psicología,2116-3480,true,,
Lectures (Lyon. 2011),2116-5289,true,,
Ateliers d'anthropologie,2117-3869,true,,
Comicalités,2117-4911,true,,
Glossa (Paris. En ligne),2117-7155,true,,
Movement & sport sciences = Science & motricité,2118-5735,true,,
Yükseköðretim ve bilim dergisi,2146-5959,true,,
Journal of educational and instructional studies in the world = Dünya’daki eğitim ve öğretim çalışmaları dergisi,2146-7463,true,,
Educational process: international journal,2147-0901,true,,
Ankara araştırmaları dergisi = Journal of Ankara studies,2147-8724,true,,
International online journal of education and teaching,2148-225X,true,,
Masculinities (İzmir) = Erkeklikler: bir kültür ve toplum dergisi,2148-3841,true,,
Ayna klinik psikoloji dergisi (Online) = Ayna clinical psychology journal,2148-4376,true,,
Kilikya felsefe dergisi,2148-7898,true,,
Momentdergi,2148-970X,true,,
International journal of research in education and science = IJRES,2148-9955,true,,
Cihannuma tarih ve coğrafya araştırmaları dergisi,2149-0678,true,,
The turkish commercial law review,2149-1666,true,,
Ticaret ve fikri mülkiyet hukuku dergisi,2149-4576,true,,
Journal of graphic novels & comics (Print),2150-4857,true,,
International journal of interpreter education,2150-5772,true,,
AJOB primary research (Print),2150-7716,true,,
AJOB neuroscience (Print),2150-7740,true,,
Comparative & international higher education,2151-0393,true,,
"The International journal of biodiversity science, ecosystem services & management (Print)",2151-3732,true,,
ARSC journal,2151-4402,true,,
Regions & cohesion (Print) = Régions et cohésion,2152-906X,true,,
Journal of digital learning in teacher education,2153-2974,true,,
Journal of Arabian studies (Online),2153-4780,true,,
Transmodernity,2154-1361,true,,
International law studies,2154-6266,true,,
The international journal of the image,2154-8560,true,,
The international journal of the constructed environment (Print),2154-8587,true,,
Journal of Marketing Development and Competitiveness,2155-2843,true,,
International journal of people-oriented programming,2156-1796,true,,
African conflict and peacebuilding review,2156-695X,true,,
?European Journal of Higher Education,2156-8235,true,,
Journal of health & pollution,2156-9614,true,,
Narrative inquiry in bioethics (Print),2157-1732,true,,
International perspectives in psychology (Print),2157-3883,true,,
Human factors and ergonomics in manufacturing & service industries,2157-4650,true,,
International journal of language studies (Print),2157-4898,true,,
Journal of jazz studies (2011 Online),2158-1401,true,,
Reports of the National Center for Science Education,2158-818X,true,,
Innovations in clinical neuroscience (Print),2158-8333,true,,
The journal for the history of analytical philosophy,2159-0303,true,,
"Streetnotes (Sacramento, Calif.)",2159-2926,true,,
Journal of popular romance studies,2159-4473,true,,
International journal of designs for learning,2159-449X,true,,
Journal of methods and measurement in the social sciences,2159-7855,true,,
"History of the present (Champaign, Ill. Print)",2159-9785,true,,
Access to Mideast and Islamic resources,2160-3049,true,,
Psychology of popular media culture (Print),2160-4134,true,,
Xin li xue jin zhan (Print) = Advances in psychology,2160-7273,true,,
International journal of risk and contingency management (Print),2160-9624,true,,
The Internet encyclopedia of philosophy,2161-0002,true,,
Data envelopment analysis journal (Print),2161-1823,true,,
Journal of African diaspora archaeology and heritage (Print),2161-9441,true,,
Psychodynamic psychiatry (Print),2162-2590,true,,
Journal of librarianship and scholarly communication,2162-3309,true,,
Digital philology (Print),2162-9544,true,,
Migration and development (Abingdon. Print),2163-2324,true,,
Journal of historical syntax,2163-6001,true,,
"Nonsite (Atlanta, Ga.)",2164-1668,true,,
Journal of Hindu-Christian studies (Print),2164-6260,true,,
"Urban, planning and transport research",2165-0020,true,,
European journal of educational research,2165-8714,true,,
Journal of moral theology (Print),2166-2851,true,,
Development studies research,2166-5095,true,,
Human figurations,2166-6644,true,,
"Journal of enterprise architecture (San Francisco, Calif. Print)",2166-6768,true,,
International journal of conceptual structures and smart applications (Print),2166-7292,true,,
Washington University law review (Print),2166-7993,true,,
Journal of theoretical & philosophical criminology,2166-8094,true,,
Scholarly editing,2167-1257,true,,
The CLR James journal,2167-4256,true,,
Journal of the African Literature Association (Print),2167-4736,true,,
Alambique (Tampa),2167-6577,true,,
"Journal of educational research and practice (Minneapolis, Minn.)",2167-8693,true,,
The journal of media literacy education,2167-8715,true,,
Journal of arts and humanities,2167-9045,true,,
Survey practice,2168-0094,true,,
"Journal of safety, health and environmental research",2168-1368,true,,
Post45,2168-8206,true,,
Alter/nativas (Online),2168-8451,true,,
Archives of scientific psychology,2169-3269,true,,
"Resilience : international policies, practices and discourses",2169-3293,true,,
International Body Psychotherapy Journal,2169-4745,true,,
Journal of international and comparative social policy,2169-9763,true,,
Ecozon@,2171-9594,true,,
Fonseca (Salamanca),2172-9077,true,,
O Mosaico : Revista de Pesquisa em Artes,2175-0769,true,,
Revista Brasileira de Linguística Antropológica (Impresso),2176-834X,true,,
Dental Press Journal of Orthodontics (Impresso),2176-9451,true,,
Calidoscópio (Online),2177-6202,true,,
Em Teia,2177-9309,true,,
Acta Scientiarum. Education (Impresso),2178-5198,true,,
Mídia.e.Cotidiano,2178-602X,true,,
Antropolítica (Online),2179-7331,true,,
Pensar (Belo Horizonte),2179-9024,true,,
International journal of computational linguistics,2180-1266,true,,
Journal of aging and innovation (Em linha),2182-696X,true,,
Civitas augustiniana,2182-7141,true,,
Revista de morfologia urbana,2182-7214,true,,
Estrema (Lisboa),2182-8040,true,,
Workers of the world (Lisboa),2182-8938,true,,
Journal of innovation management (Porto),2183-0606,true,,
Diffractions (Lisboa),2183-2188,true,,
Artis on (Lisboa),2183-7082,true,,
Public Policy Portuguese Journal,2183-8992,true,,
International Journal of Film and Media Arts,2183-9271,true,,
Católica law review,2183-9336,true,,
International journal on stereo & immersive media,2184-1241,true,,
Ephata (Lisboa),2184-5778,true,,
Archivo papers,2184-9218,true,,
International journal of automotive engineering (Tokyo),2185-0992,true,,
JJCRS,2185-5323,true,,
IDRiM journal,2185-8322,true,,
Kindai management review,2186-6961,true,,
Nihongo onsei komyunikeshon = Japanese speech communication,2187-6177,true,,
Journal of management and training for industries,2188-8728,true,,
International journal of orthodox theology (Print),2190-1023,true,,
"Journal of intellectual property, information technology and electronic commerce law",2190-3387,true,,
Intergenerational justice review (2009),2190-6335,true,,
European property law journal (Print),2190-8273,true,,
Crossroads (Grossheirath) = Keuroseurodeu (Grossheirath),2190-8796,true,,
Zeitschrift für Europäisches Unternehmens- und Verbraucherrecht (Print) = Journal of European consumer and market law,2191-3412,true,,
Journal der Schreibberatung,2191-4613,true,,
Journal of applied volcanology,2191-5040,true,,
HeLix (Heidelberg),2191-642X,true,,
Advances in computer vision and pattern recognition (Print),2191-6586,true,,
European criminal law review,2191-7442,true,,
Zeitschrift für europäische Rechtslinguistik,2191-8074,true,,
International journal of developmental science (Print),2192-001X,true,,
The European journal of applied linguistics and TEFL,2192-1032,true,,
ETopoi (Berlin),2192-2608,true,,
Bildungsgeschichte (Bad Heilbrunn),2192-4295,true,,
Journal of innovation and entrepreneurship,2192-5372,true,,
Transnational social review,2193-1674,true,,
Journal of economic structures,2193-2409,true,,
IZA journal of European labor studies,2193-9012,true,,
Journal of interaction science,2194-0827,true,,
Environment systems & decisions (Print),2194-5403,true,,
International journal of literary linguistics,2194-5594,true,,
Global jurist (Print),2194-5675,true,,
Journal of econometric methocs (Print),2194-6345,true,,
Journal of globalization and development (Print),2194-6353,true,,
Nordic Wittgenstein review (Print),2194-6825,true,,
European procurement & public private partnership law review (Print),2194-7376,true,,
Internationales Jahrbuch für Medienphilosophie (Print),2194-7554,true,,
Journal of global policy and governance (Print),2194-7740,true,,
"ISPRS annals of the photogrammetry, remote sensing and spatial information sciences (Print)",2194-9042,true,,
Epidemiologic methods (Print),2194-9263,true,,
Diegesis (Wuppertal),2195-2116,true,,
"City, territory and architecture",2195-2701,true,,
"Life sciences, society and policy",2195-7819,true,,
Controlling & management review (Print),2195-8262,true,,
Journal of South Asian languages and linguistics (Print),2196-0771,true,,
International journal of food contamination,2196-2804,true,,
Current sustainable/renewable energy reports,2196-3010,true,,
H-Soz-u-Kult,2196-5307,true,,
Yearbook for Eastern and Western philosophy (Print),2196-5889,true,,
Yearbook for European Jewish literature studies (Print) = Jahrbuch für europäisch-jüdische Literaturstudien,2196-6249,true,,
Middle East - Topics & arguments,2196-629X,true,,
Journal of the International Network of Sexual Ethics and Politics (Print),2196-6931,true,,
Lasers in manufacturing and materials processing (Print),2196-7229,true,,
Convivium (Bonn),2196-8403,true,,
Journal of social ontology (Print),2196-9655,true,,
Allergo journal international,2197-0378,true,,
Moving the social (Print),2197-0386,true,,
Sub\urban,2197-2567,true,,
Yearbook of the German Cognitive Linguistics Association (Print),2197-2788,true,,
Lingua sinica,2197-6678,true,,
"International journal of recent contributions from engineering, science & IT",2197-8581,true,,
Journal of technical education (Stuttgart),2198-0306,true,,
"Helden, heroes, héros",2198-4662,true,,
Goettingen journal of international law (Print),2198-4875,true,,
Current molecular biology reports,2198-6428,true,,
Anthrovision (Göttingen),2198-6754,true,,
Open journal of information systems,2198-9281,true,,
Global Humanities,2199-3939,true,,
Global Chinese (Print),2199-4374,true,,
Internationalisation of higher education,2199-5125,true,,
New diversities (Print),2199-8108,true,,
Journal of open innovation,2199-8531,true,,
Journal of English as an international language (Online),2200-2014,true,,
Papers in language testing and assessment,2201-0009,true,,
"International journal of innovation, creativity and change (Print)",2201-1315,true,,
JBI database of systematic reviews and implementation reports,2202-4433,true,,
?Affirmations: of the modern,2202-9885,true,,
Ceræ (Online),2204-146X,true,,
Journal of applied youth studies (Print),2204-9193,true,,
Persona Studies,2205-5258,true,,
The Asian ESP journal (Online),2206-0979,true,,
Amsterdam social science (Print),2210-2310,true,,
Erasmus law review,2210-2671,true,,
Tijdschrift voor staatssteun (Print),2210-3325,true,,
Scientific study of literature (Print),2210-4372,true,,
Philosophy & technology (Print),2210-5433,true,,
Journal of clinical gerontology and geriatrics (Print),2210-8335,true,,
Journal of Dutch literature (Print),2211-0879,true,,
European journal of life writing,2211-243X,true,,
?Computational linguistics in the Netherlands journal,2211-4009,true,,
"Tijdschrift voor ontwikkeling in organisaties : leren, talent, werk",2211-4513,true,,
"Disability, CBR and inclusive development",2211-5242,true,,
IVITRA research in linguistics and literature,2211-5412,true,,
Tijdschrift voor orthopedagogiek (Amersfoort),2211-6265,true,,
Orthopedagogiek (Apeldoorn),2211-6273,true,,
Nederlands-Vlaams tijdschrift voor palliatieve zorg,2211-6362,true,,
Journal of Muslims in Europe (Print),2211-792X,true,,
Global journal of comparative law (Print),2211-9051,true,,
Tijdschrift over cultuur & criminaliteit,2211-9507,true,,
Digital applications in archaeology and cultural heritage,2212-0548,true,,
Applied & translational genomics,2212-0661,true,,
International journal of Chinese education (Print),2212-585X,true,,
Journal of sonic studies,2212-6252,true,,
Journal of marine and island cultures,2212-6821,true,,
Procedia CIRP,2212-8271,true,,
International journal of child-computer interaction (Print),2212-8689,true,,
Intellectual history of the islamicate world (Leiden. Print),2212-9421,true,,
EuPA open proteomics,2212-9685,true,,
Burnout research (Print),2213-0578,true,,
Netherlands journal of legal philosophy (Print),2213-0713,true,,
View (Utrecht),2213-0969,true,,
International human rights law review (Print),2213-1027,true,,
Tijdschrift voor begeleidingskunde,2213-350X,true,,
Beleidsonderzoek online,2213-3550,true,,
Familie & recht,2213-3798,true,,
Yearbook of corpus linguistics and pragmatics (Print),2213-6819,true,,
Nederlands-Vlaams tijdschrift voor mediation en conflictmanagement,2213-8919,true,,
Journal of the LUCAS graduate conference,2214-191X,true,,
Central Asian affairs (Print),2214-2282,true,,
Journal of Abbasid studies (Print),2214-2363,true,,
Waardenwerk (Amsterdam),2214-3149,true,,
Toxicology reports,2214-7500,true,,
Biotechnology reports (Online),2215-017X,true,,
Ampersand (Oxford),2215-0390,true,,
SPOOL (Delft. Print),2215-0897,true,,
NECSUS (Print),2215-1222,true,,
IJTTE. International Journal for Traffic and Transport Engineering,2217-544X,true,,
Knjiženstvo,2217-7809,true,,
Journal of Regional Security,2217-995X,true,,
International journal of transactional analysis research,2218-3159,true,,
ÖZK = Austrian competition journal,2218-6271,true,,
Èlektronnoe priloženie k Rossijskomu ûridičeskomu žurnalu,2219-6838,true,,
Zeitschrift für Hochschulentwicklung,2219-6994,true,,
World journal of transplantation,2220-3230,true,,
Multilingual margins,2221-4216,true,,
World journal of methodology,2222-0682,true,,
Yesterday and today,2223-0386,true,,
ENCATC journal of cultural management and policy,2224-2554,true,,
Human ethology bulletin,2224-4468,true,,
Malta archaeological review,2224-8722,true,,
Slovo.ru: baltijskij akcent,2225-5346,true,,
The Ideology and politics journal = Ìdeologiâ ì polìtika,2227-6068,true,,
Investigative Interviewing: research and practice (Print),2227-7420,true,,
Acta Baltica historiae et philosophiae scientiarum,2228-2009,true,,
Anesthesiology and pain medicine (Print),2228-7523,true,,
"BUILT : International Journal of Building, Urban, Interior, and Landscape Technology",2228-9135,true,,
Multimodal communication,2230-6579,true,,
British journal of medicine and medical research,2231-0614,true,,
Institutions and economies,2232-1640,true,,
Sveske za javno pravo (Print),2232-7320,true,,
Journal of poverty alleviation and international development (Print),2233-6192,true,,
Journal for artistic research,2235-0225,true,,
Journal of comorbidity,2235-042X,true,,
Revista de Direito Internacional (Impresso) = Brazilian Journal of Law and Public Policy,2236-997X,true,,
Revista Brasileira de Estudos da Presença,2237-2660,true,,
Ius Gentium (Curitiba. Online),2237-4965,true,,
Lingue e linguaggi (Testo stampato),2239-0367,true,,
Status quaestionis (Roma),2239-1983,true,,
Language discourse & society,2239-4192,true,,
Materiali foucaultiani,2239-5962,true,,
Politica e religione (Testo stampato),2239-6098,true,,
Italian Journal of Public Law = I.J.P.L,2239-8279,true,,
Italian Sociological Review = ISR,2239-8589,true,,
Porphyra (Venezia),2240-5240,true,,
Rivista di diritto alimentare (Testo stampato),2240-7588,true,,
Filmicon,2241-6692,true,,
Research in corpus linguistics,2243-4712,true,,
International Journal of Research Studies in Education (Print),2243-7703,true,,
Journal of problem based learning in higher education,2246-0918,true,,
Journal of business models,2246-2465,true,,
International journal of sustainable energy planning and management (Online),2246-2929,true,,
Research and Science Today (Print),2247-4455,true,,
Review of Applied Socio-Economic Research,2247-6172,true,,
Images. Imagini. Images,2247-7950,true,,
Journal of Physical Education and Sport (Print),2247-8051,true,,
Review of research,2249-894X,true,,
International review of social sciences and humanities (Print),2250-0715,true,,
Itinerantes (San Miguel de Tucumán),2250-5377,true,,
Recherches en langue et litterature Françaises (Print) = Pizhūhish-i zabān va adabiyyāt-i farānsah,2251-7987,true,,
Iqtishoduna,2252-5661,true,,
Landscape review (Lincoln. Online),2253-1440,true,,
Canada and beyond,2254-1179,true,,
Revista del Ministerio de Empleo y Seguridad Social (Ed. impresa),2254-3295,true,,
European journal of government and economics,2254-7088,true,,
Skopos,2255-3703,true,,
Information Technology and Management Science (Print),2255-9086,true,,
Complex Systems Informatics and Modeling Quarterly = CSIMQ,2255-9922,true,,
ELFe XX-XXI,2257-5529,true,,
Revista de estudios sobre Fichte = Revista de estudos sobre Fichte,2258-014X,true,,
Arts et savoirs,2258-093X,true,,
Interfaces numériques,2258-7942,true,,
JARCP,2258-8094,true,,
Histoire de la recherche contemporaine,2260-3875,true,,
Savoirs en prisme,2260-7838,true,,
Cahiers électroniques d'histoire textuelle du LAMOP,2261-3331,true,,
Monde(s) (Paris. 2012. Imprimé),2261-6268,true,,
"Histoire, médecine et santé = History, medicine and health",2263-8911,true,,
Artl@s bulletin,2264-2668,true,,
Distances et médiations des savoirs = Distance and mediation of knowledge,2264-7228,true,,
Eugesta,2265-8777,true,,
Socio (Paris),2266-3134,true,,
Romanesques (Revue),2269-7586,true,,
LiCarC,2270-7220,true,,
Angles,2274-2042,true,,
Viatica,2275-0827,true,,
Continents manuscrits,2275-1742,true,,
"Hybrid (Saint-Denis) = Hybrid, journal of arts and human mediations",2276-3538,true,,
"British journal of education, society & behavioural science",2278-0998,true,,
AG - About Gender,2279-5057,true,,
Historia et ius,2279-7416,true,,
In verbis (Roma),2279-8978,false,2019-01-01,no longer counted as peer-reviewed
Orillas rivista d'ispanistica = Orillas,2280-4390,true,,
Civitas educationis (Print),2280-6865,true,,
Economics and Policy of Energy and the Environment (Print) = EPEE,2280-7659,true,,
Phenomenology and mind (Print),2280-7853,true,,
Journal of Interdisciplinary History of Ideas,2280-8574,true,,
Erga / Logoi (Testo stampato),2280-9678,true,,
Methode (Turin),2281-0498,true,,
Carte semiotiche,2281-0757,true,,
Rivista di storia dell'Università di Torino,2281-2164,true,,
Studia graeco-arabica (Print),2281-2687,true,,
Joyce studies in italy,2281-373X,true,,
Petrarchesca (Testo stampato),2281-5643,true,,
Studi di erudizione e di filologia italiana,2281-602X,true,,
Comparative studies in modernism,2281-6658,true,,
Blityri,2281-6682,true,,
Metodo (Milano),2281-9177,true,,
Polemos (Roma. 2006),2281-9517,true,,
Arabeschi,2282-0876,true,,
Impresa sociale (Online),2282-1694,true,,
Epidemiology biostatistics and public health (Print),2282-2305,true,,
Mediascapes journal,2282-2542,true,,
Nazioni e regioni,2282-5681,true,,
Chronique des activités archéologiques de l’École française de Rome,2282-5703,true,,
Journal of financial management markets and institutions,2282-717X,true,,
Relations (2013. Print),2283-3196,true,,
Gentes (Perugia),2283-5946,true,,
Zonemoda journal (Print),2283-7043,true,,
Osservatorio costituzionale,2283-7515,true,,
Glocalism,2283-7949,true,,
Futuri (Napoli),2284-0923,true,,
Noctua (Parma),2284-1180,true,,
Lingue culture mediazioni (Periodico. Testo stampato) = Languages cultures mediation,2284-1881,true,,
Politiche sociali (Bologna. Testo stampato) = Social policies,2284-2098,true,,
European journal of case reports in internal medicine,2284-2594,true,,
Thaumàzein (Verona),2284-2918,true,,
Questions of international law (Napoli) = Questioni di diritto internazionale,2284-2969,true,,
Ordine Internazionale e Diritti Umani = OIDU,2284-3531,true,,
Management Dynamics in the Knowledge Economy (Print),2286-2668,true,,
Asian journal of peacebuilding = AJP,2288-2693,true,,
Journal of territorial and maritime studies,2288-6834,true,,
"International Journal of Environment, Society & Space = Jurnal Antarabangsa Alam Sekitar, Masyarakat & Ruang",2289-5299,true,,
International Journal of Industrial Management,2289-9286,true,,
CMAJ open,2291-0026,true,,
Convergences francophones,2291-7012,true,,
Critical analysis of law,2291-9732,true,,
East/West (Edmonton),2292-7956,true,,
Cahier voor literatuurwetenschap,2294-1193,true,,
Herom - Leuven University Press (Printed),2294-4273,true,,
Jaarboek armoede in België,2294-5202,true,,
Annuaire pauvreté en Belgique,2294-5210,true,,
Journal européen des droits de l'homme (Imprimé) = European Journal of Human Rights (Printed),2294-9313,true,,
Tijdschrift estate planning (Intersentia),2295-0761,true,,
Dragoman (Antwerpen),2295-1210,true,,
Studies on National Movements,2295-1466,true,,
Frontline learning research,2295-3159,true,,
The Medieval low countries. An annual review (Printed),2295-3493,true,,
Clara (Bruxelles. Imprimé),2295-3671,true,,
Le Droit des industries en réseaux = Law journal of Network industries,2295-4406,true,,
HistoriAnt - Genootschap voor Antwerpse Geschiedenis,2295-5305,true,,
Music Theory and Analysis (Printed),2295-5917,true,,
b-Arbitra (Bruxelles),2295-6107,true,,
Tijdschrift bijzonder strafrecht & handhaving (Printed),2295-6700,true,,
Hizmet Studies Review,2295-7197,true,,
Sociologos (Brussel),2295-8150,true,,
Forum Romanum Belgicum (Leuven),2295-9432,true,,
Mobility in history (Print),2296-0503,true,,
Survey methods - insights from the field,2296-4754,true,,
Parallèles (Genève. 2013),2296-6684,true,,
sui-generis.ch,2297-105X,true,,
Jahrbuch Technikphilosophie (Print),2297-2072,true,,
Frontiers in digital humanities,2297-2668,true,,
Contour (Lausanne. En ligne),2297-6906,true,,
Primary and hospital care (Ed. française. Imprimé),2297-7171,true,,
Didactica historica,2297-7465,true,,
Milli mála (Print),2298-1918,true,,
Proceedings on Privacy Enhancing Technologies,2299-0984,true,,
Warsaw East European Review,2299-2421,true,,
Beiträge zur Allgemeinen und Vergleichenden Sprachwissenschaft = Contributions to general and comparative linguistics,2299-4122,true,,
Journal of Language Modelling (Print),2299-856X,true,,
Cahiers ERTA,2300-4681,true,,
CrossRoads (Białystok),2300-6250,true,,
Polish Libraries (Print),2300-9217,true,,
Jurnal Komunikasi Indonesia  (Depok),2301-9816,true,,
"Sukowati Pos: Peduli, Mengerti Kerjasama Untuk Negeri",2302-3783,true,,
ELSA Malta law review (Print),2305-1949,true,,
Asian economic and financial review (Print),2305-2147,true,,
Profilaktičeskaâ medicina = The russian journal of preventive medicine,2305-4948,true,,
Medicines (Basel),2305-6320,true,,
Standards (Basel),2305-6703,true,,
Yabāher dār yunivarsiti yaheg maṣḥét = Bahir Dar University journal of law,2306-224X,true,,
Acta linguistica petropolitana,2306-5737,true,,
Indoevropejskoe âzykoznanie i klassičeskaâ filologiâ,2306-9015,true,,
Puti k miru i bezopasnosti,2307-1494,true,,
World of media,2307-1605,true,,
Ethiopian journal of human rights,2307-6097,true,,
Redescriptions,2308-0906,true,,
Centro Vaticano II,2308-6556,true,,
African East-Asian affairs,2308-8699,true,,
Zeit‪sch‪rift der Verwaltungsgerichtsbarkeit (Print),2309-5113,true,,
Governance and management review,2309-6810,true,,
Russian law journal (Print),2309-8678,true,,
Contemporary Southeastern Europe,2310-3612,true,,
African evaluation journal (Print) = Journal africain d'évaluation,2310-4988,true,,
"Global journal of contemporary research in accounting, auditing and business ethics",2311-3162,true,,
Journal of peace and security studies (Online),2311-7168,true,,
International journal of agricultural extension (Print),2311-8547,true,,
Freshwater metadata journal,2312-6604,true,,
MedEdPublish,2312-7996,true,,
Vestnik Rossijskogo universiteta družby narodov. Seriâ Lingvistika = Bulletin of Peoples' Friendship University of Russia. Series Linguistics,2312-9182,true,,
Journal of Chinese Buddhist studies = Zhōnghuá fóxué xuébào,2313-2000,true,,
International journal of African higher education,2313-5069,true,,
Revue africaine de la démocratie et de la gouvernance = African Journal of Democracy and Governance,2313-6529,true,,
Perspectives philosophiques (Bouaké),2313-7908,true,,
Caiana (Ciudad Autónoma de Buenos Aires),2313-9242,true,,
Relegens Thréskeia,2317-3688,true,,
Journal of Modern Project Management,2317-3963,true,,
Conceição/Conception,2317-5737,true,,
Amity case research journal,2319-9199,true,,
Journal of scientific research and reports,2320-0227,true,,
International journal of plant and soil science,2320-7035,true,,
Auto/fiction,2321-4309,true,,
International journal of transportation engineering (Print),2322-259X,true,,
̒Ulūm-i bihdāshtī-i Īrān = Iranian journal of health science,2322-4797,true,,
Sahand communications in mathematical analysis (Print),2322-5807,true,,
Studia orientalia electronica,2323-5209,true,,
Journal of Early Childhood Education Research,2323-7414,true,,
RMN newsletter (Print),2324-0636,true,,
Hypoxia (Auckland),2324-1128,true,,
Journal of Spanish language teaching,2324-7797,true,,
Journal of ancient history (Print),2324-8106,true,,
Contemporary Italian politics (Print),2324-8823,true,,
The international journal of design education (Print),2325-128X,true,,
The international journal of designed objects (Print),2325-1379,true,,
Journal of Septuagint and cognate studies,2325-4793,true,,
European journal of cultural and political sociology,2325-4823,true,,
A & A case reports,2325-7237,true,,
Islamophobia studies journal,2325-8381,true,,
Brain computer interfaces (Print),2326-263X,true,,
Journal of ethics & entrepreneurship (Print),2326-3776,true,,
Journal of inborn errors of metabolism and screening,2326-4098,true,,
"Inclusion (Washington, D.C.)",2326-6988,true,,
Porn studies (Print),2326-8743,true,,
The international journal of arts education (Print),2326-9944,true,,
"The international journal of social, political and community agendas in the arts (Print)",2326-9960,true,,
UC Irvine law review (Print),2327-4514,true,,
"Glosas (Valley Cottage, N.Y. Print)",2327-7173,true,,
"The international journal of science, mathematics and technology learning (Print)",2327-7971,true,,
Cultural and religious studies,2328-2177,true,,
The journal of social media in society (Print),2328-3599,true,,
The international journal of organizational diversity (Print),2328-6261,true,,
Journal of academic perspectives,2328-8264,true,,
ToDiGRA: Transactions of the Digital Games Research Association,2328-9422,true,,
Child neurology open,2329-048X,true,,
Journal of the bible and its reception (Print),2329-440X,true,,
AJOB empirical bioethics (Print),2329-4515,true,,
"Resilience (Lincoln, Neb.)",2330-8117,true,,
Cogent environmental science,2331-1843,true,,
Cogent medicine,2331-205X,true,,
"Journal of facility planning, design, and management (Print)",2331-2351,true,,
Journal of disability & religion (Print),2331-2521,true,,
"Sociology and anthropology (Alhambra, Calif. Print)",2331-6179,true,,
Civil engineering and architecture (Print),2332-1091,true,,
Applied in vitro toxicology (Print),2332-1512,true,,
Theatre and performance design,2332-2551,true,,
IEEE transactions on multi-scale computing systems,2332-7766,true,,
International biomechanics,2333-5432,true,,
"Dialectic (Salt Lake City, UT)",2333-5440,true,,
Slavery today,2333-7222,true,,
Critical military studies (Print),2333-7486,true,,
Global pediatric health,2333-794X,true,,
?DEPARTURES IN CRITICAL QUALITATIVE RESEARCH,2333-9489,true,,
"Global affairs (Abingdon, England)",2334-0460,true,,
Perspectives on terrorism (Lowell),2334-3745,true,,
Darnioji daugiakalbystė (Spausdinta),2335-2019,true,,
Critical Housing Analysis,2336-2839,true,,
"Englisia : Journal of Language, Education and Humanities",2339-2576,true,,
Actas del Congreso Internacional de Arquitectura Religiosa Contemporánea,2340-5503,true,,
Cuadernos de cómic,2340-7867,true,,
ZARCH,2341-0531,true,,
Quaderns de filosofía (Ed. impresa),2341-1414,true,,
"Law, ethics and philosophy",2341-1465,true,,
FITISPos international journal,2341-3778,true,,
Global Journal of Animal Law,2341-8168,true,,
International journal of Language Academy (Online) = IJLA,2342-0251,true,,
UEF energy law review,2342-7957,true,,
HAMK unlimited. Journal,2343-4708,true,,
Creativity studies (Spausdinta),2345-0479,true,,
"Studiul Artelor şi Culturologie: istorie, teorie, practică",2345-1408,true,,
Muṭāli̒āt-i zabān'hā va gūyish'hā-yi gharb-i Īrān (Print),2345-2579,true,,
GSTF journal of general philosophy (Print),2345-7856,true,,
Baltic screen media review,2346-5492,true,,
International journal on consumer law and practice,2347-2731,true,,
Advances in research,2348-0394,true,,
International journal of social sciences and humanities research,2348-2990,true,,
International journal of Indian psychology (Print),2349-3429,true,,
Pragmata: journal of human science,2349-5065,true,,
Journal of creativity and business innovation (Online),2351-6186,true,,
International Comparative Jurisprudence (Online),2351-6674,true,,
Procedia manufacturing,2351-9789,true,,
‫Case studies in mechanical systems and signal processing,2351-9886,true,,
Transportation research procedia (Print),2352-1457,true,,
Groningen journal of international law,2352-2674,true,,
Aesthetic investigations,2352-2704,true,,
Physics in medicine,2352-4510,true,,
International journal of online dispute resolution (Print),2352-5002,true,,
The Chinese journal of global governance (Print),2352-5193,true,,
"Advances in social science, education and humanities research",2352-5398,true,,
Journal of ethnic foods (Print),2352-6181,true,,
Historical life course studies,2352-6343,true,,
Roma aeterna (Amsterdam),2352-6351,true,,
Journal of business venturing insights,2352-6734,true,,
Law and method,2352-7927,true,,
NursingPlus open,2352-9008,true,,
Konińskie Studia Językowe,2353-1983,true,,
Polish Political Science Review (Online) = Polski Przegląd Politologiczny,2353-3773,true,,
Jednak Książki,2353-4699,true,,
Roczniki Teologiczne (2014) = Annals of Theology,2353-7272,true,,
Central and Eastern European Journal of Management and Economics,2353-9119,true,,
Creat!vity,2354-0036,true,,
Sky Journal of Educational Research,2354-4406,true,,
Passerelles (Luxembourg. Français),2354-5313,true,,
Passerelles (Luxembourg. Anglais),2354-5402,true,,
Passerelles (Luxembourg. Espagnol),2354-5410,true,,
International journal of reproductive medicine (Print),2356-7104,true,,
Environmental Science and Sustainable Development,2357-0849,true,,
Revista Memorare,2358-0593,true,,
Dacoromania litteraria,2360-5189,true,,
International journal for digital art history (Print),2363-5398,true,,
KAS African law study library (Online) = KAS librairie africaine d'etudes juridiques,2363-6262,true,,
Entangled religions,2363-6696,true,,
"Open geospatial data, software and standards",2363-7501,true,,
Closure (Kiel),2363-7765,true,,
Hamburger Journal für Kulturanthropologie,2363-8753,true,,
Journal of numerical cognition,2363-8761,true,,
O-bib,2363-9814,true,,
Journal for deradicalization,2363-9849,true,,
Zeitschrift für Weiterbildungsforschung - Report (Print) = Journal for research on adult education,2364-0014,true,,
Digital Culture & Society (Print),2364-2114,true,,
European data protection law review (Print),2364-2831,true,,
Gamevironments (Bremen),2364-382X,true,,
Journal of shipping and trade,2364-4575,true,,
EuCML (Munich),2364-4710,true,,
Romanische Studien (Regensburg),2364-4753,true,,
Granular computing (Print),2364-4966,true,,
International journal of multicultural and multireligious understanding,2364-5369,true,,
Food ethics (Print),2364-6853,true,,
Thersites (Mainz),2364-7612,true,,
Digital classics online,2364-7957,true,,
Annales Mercaturae,2365-3973,true,,
Physical Sciences Reviews,2365-6581,true,,
Apparatus (Berlin),2365-7758,true,,
ALEXANDER KLUGE - JAHRBUCH,2365-7782,true,,
Quality and user experience (Print),2366-0139,true,,
"Arbeit, Bewegung, Geschichte",2366-2387,true,,
On_culture,2366-4142,true,,
ETUM (Leipzig),2366-5548,true,,
Journal of technology in behavioral science,2366-5963,true,,
Humanistic management journal (Print),2366-603X,true,,
InterCultural philosophy,2367-3109,true,,
Journal on vehicle routing algorithms (Print),2367-3591,true,,
Research Ideas and Outcomes,2367-7163,true,,
Journal of narrative politics,2368-2507,true,,
Circula,2369-6761,true,,
History of science in South Asia,2369-775X,true,,
International journal of humanities and social science research,2371-1655,true,,
Captures (Montréal),2371-1930,true,,
Journal of insurance and financial management,2371-2112,true,,
Art/research international,2371-3771,true,,
Journal of cultural analytics,2371-4549,true,,
International journal of traffic and transportation management,2371-5782,true,,
Inter gentes,2371-610X,true,,
Patient experience journal,2372-0247,true,,
Architecture philosophy (Print),2372-0883,true,,
The journal of science policy & governance,2372-2193,true,,
Animal behavior and cognition (Print),2372-5052,true,,
Case studies in sport management (Print),2372-5540,true,,
Journal of open access to law,2372-7152,true,,
Double helix (Hamden),2372-7497,true,,
Journal of amateur sport,2372-8078,true,,
"Learning (Abingdon, England Print)",2373-5082,true,,
History of retailing & consumption,2373-518X,true,,
Cliodynamics,2373-7530,true,,
Journal of cyber policy,2373-8871,true,,
"Media industries (Austin, Tex.)",2373-9037,true,,
Comprehensive results in social psychology (Online),2374-3611,true,,
European politics and society (Print),2374-5118,true,,
Screen bodies,2374-7552,true,,
Colorado technology law journal,2374-9032,true,,
International Journal of Quantum Foundations,2375-4729,true,,
"Age, culture, humanities (Print)",2375-8856,true,,
Journal of the Ottoman and Turkish Studies Association,2376-0699,true,,
Arab stages,2376-1148,true,,
Collabra,2376-6832,true,,
The Medieval globe (Print),2377-3561,true,,
Animal sentience,2377-7478,true,,
Green humanities,2377-9977,true,,
BioProducts business,2378-1394,true,,
History of humanities,2379-3163,true,,
Whiteness and education (Print),2379-3406,true,,
Behavioral science & policy,2379-4607,true,,
"The Wheel (Boston, Mass.)",2379-8262,true,,
Third world thematics,2380-2014,true,,
"Catalyst (San Diego, Calif.)",2380-3312,true,,
Itch (Philadelphia),2380-5048,true,,
International journal of nephrology and kidney failure,2380-5498,true,,
The journal of interreligious studies,2380-8187,true,,
ASAP/journal,2381-4705,true,,
Perspectives of the ASHA special interest groups (Online),2381-473X,true,,
Journal of sports management and commercialization (Print),2381-6937,true,,
Journal of clinical and translational research (Print),2382-6533,true,,
SISU-line (Tallinn),2382-9397,true,,
International journal of supply and operations management (Print),2383-1359,true,,
Ministerium (Print),2384-6704,true,,
Advances in pediatric research,2385-4529,true,,
Tiempo devorado,2385-5452,true,,
Revista de victimología = Journal of victimology,2385-779X,true,,
Chimera (Madrid),2386-2629,true,,
Oslo law review,2387-3299,true,,
European journal of workplace innovation,2387-4570,true,,
Santander Art & Culture Law Review (Print),2391-7997,true,,
Pedagogical Culture = Kultura Pedagogiczna,2391-9175,true,,
Caiete de arte şi design (Print),2393-042X,true,,
Diacronia (Iaşi),2393-1140,true,,
"Caietele ""Sextil Puşcariu""",2393-526X,true,,
Journal of entrepreneurship and innovation in emerging economies,2393-9575,true,,
European journal of psychology and educational studies,2395-2555,true,,
?Journal of Basic and Applied Research International,2395-3438,true,,
Mextesol journal,2395-9908,true,,
Journal of education advancement & marketing (Print),2397-0626,true,,
ARENA journal of architectural research,2397-0820,true,,
Interreligious studies and intercultural theology (Print),2397-3471,true,,
Transitions (Bristol. Print),2397-7140,true,,
Revenant (Falmouth),2397-8791,true,,
Pediatric dimensions,2397-950X,true,,
Virtual creativity (Print),2397-9704,true,,
Journal of data protection & privacy (Print),2398-1679,true,,
"Justice, power and resistance",2398-2764,true,,
Physical medicine and rehabilitation research,2398-3353,true,,
Instructed second language acquisition (Print),2398-4155,true,,
Wellcome open research,2398-502X,true,,
Cambridge encyclopedia of anthropology,2398-516X,true,,
Heart Asia (Print),2398-5968,true,,
Review of Irish studies in Europe (Online),2398-7685,true,,
Journal of global health reports,2399-1623,true,,
The journal of leadership and developing societies,2399-2859,true,,
Europe and the world,2399-2875,true,,
Papers in historical phonology,2399-6714,true,,
Journal of the European Second Language Association,2399-9101,true,,
Study abroad research in second language acquisition and international education (Print),2405-5522,true,,
Clinical trials and regulatory science in cardiology,2405-5875,true,,
Reproductive biomedicine & society online,2405-6618,true,,
Medicine anthropology theory,2405-691X,true,,
Stedelijk studies,2405-7177,true,,
Papillomavirus research,2405-8521,true,,
IFAC-PapersOnLine (Kidlington. Print),2405-8971,true,,
Tijdschrift voor regionale fiscaliteit,2406-4211,true,,
SADF Research Report,2406-5641,true,,
Connexe (Bruxelles),2406-5749,true,,
Justice et sécurité = Justitie en Veiligheid,2406-6931,true,,
Region (Louvain-la-Neuve),2409-5370,true,,
Critical stages (Paris) = Scènes critiques,2409-7411,true,,
EAI endorsed transactions on creative technologies,2409-9708,true,,
Comparative oriental manuscript studies bulletin,2410-0951,true,,
"The National University journal of humanities, social sciences and business studies",2410-1508,true,,
International cardiovascular forum journal (Print),2410-2636,true,,
Labyrinth (Wien),2410-4817,true,,
Journal of the International Child Neurology Association,2410-6410,true,,
Literature (Basel),2410-9789,true,,
International e-journal of advances in education,2411-1821,true,,
Journal of mathematics and statistical science,2411-2518,true,,
Designs (Basel),2411-9660,true,,
Medieval worlds,2412-3196,true,,
Public health panorama = Panorama obŝestvennogo zdravoohraneniâ,2412-544X,true,,
Journal de comunicación social,2412-5733,true,,
Pakistan journal of historical studies,2412-611X,true,,
Current issues in sport science,2414-6641,true,,
Kyiv-Mohyla law & politics journal,2414-9942,true,,
African journal of rural development,2415-2838,true,,
Pulse (Budapest),2416-111X,true,,
Journal of data mining and digital humanities,2416-5999,true,,
Diacritica (Roma),2421-115X,true,,
Arti dello Spettacolo / Performing Arts = PSA,2421-2679,true,,
Labour & Law Issues,2421-2695,true,,
La Deleuziana,2421-3098,true,,
Skenè (Verona),2421-4353,true,,
Series (Bologna),2421-454X,true,,
Antropologia pubblica (Testo stampato),2421-4647,true,,
Classico contemporaneo,2421-4744,true,,
Interfaces (Milano),2421-5503,true,,
Rivista di studi e ricerche sulla criminalità organizzata,2421-5635,true,,
Quaderni di linguistica e studi orientali = Working papers in linguistics and Oriental studies,2421-7220,true,,
Alternatives rurales,2421-8928,true,,
Albāb,2421-9983,true,,
Revista internacional de derechos humanos (Ciudad Autónoma de Buenos Aires. En línea),2422-7188,true,,
Elderly health journal,2423-6179,true,,
"Review of agricultural, food and environmental studies",2425-6870,true,,
Les Cahiers de la sécurité et de la justice,2427-1950,true,,
Comment s'en sortir ?,2427-6731,true,,
América (Paris. En ligne),2427-9048,true,,
"The Journal of international relations, peace studies and development",2429-2133,true,,
Linguistique et langues africaines,2429-2230,true,,
Journal of Asian humanities at Kyushu University,2433-4855,true,,
Okinawan journal of island studies,2435-3310,true,,
Trajectoria,2435-4074,true,,
Algerian journal of environnemental science and technology,2437-1114,true,,
European police science and research bulletin (Print),2443-7883,true,,
Actas de coordinación sociosanitaria,2444-0558,true,,
Clina,2444-1961,true,,
Revista académica Liletrad,2444-7439,true,,
European journal of family business (Print),2444-877X,true,,
Revista de estudios Kantianos,2445-0669,true,,
Mediterranea (Córdoba),2445-2378,true,,
Social interaction,2446-3620,true,,
South American Journal of Logic,2446-6719,true,,
Revista Direito das Relações Sociais e Trabalhistas,2446-8908,true,,
Thésis (Rio de Janeiro),2447-8679,true,,
Connotas. Revista de crítica y teoría literarias (en línea),2448-6019,true,,
"?Cities People Places : An International Journal on Urban Environments,",2448-9247,true,,
Philipine e-journal for applied research and development (Online),2449-3694,true,,
Yearbook of Poznan Linguistic Meeting,2449-7525,true,,
Rocznik Administracji Publicznej (Druk),2449-7797,true,,
Lublin Studies in Modern Languages and Literature (Online),2450-4580,true,,
Analizy i Studia CASP (Druk) = Analyses and Studies CASP (Druk),2451-0203,true,,
Ideas (Ciudad Autónoma de Buenos Aires),2451-6910,true,,
Nederlands tijdschrift voor logopedie (Print),2451-8727,true,,
American journal of ophthalmology. Case reports,2451-9936,true,,
The Agenda setting journal (Print),2452-0063,true,,
Journal of Security and Global Affairs,2452-056X,true,,
The Asian yearbook of human rights and humanitarian law,2452-0578,true,,
Journal of European landscapes,2452-1051,true,,
Health professions education,2452-3011,true,,
Maandblad voor ondernemingsrecht (Print),2452-3135,true,,
Research data journal for the humanities and social sciences,2452-3666,true,,
Tijdschrift positieve psychologie,2452-4182,true,,
Síntesis. Revista de filosofía,2452-4476,true,,
Historia agraria de América Latina,2452-5162,true,,
Journal of clinical research and ophthalmology,2455-1414,true,,
Archives of community medicine and public health,2455-5479,true,,
journal of novel physiotherapy and physical rehabilitation,2455-5487,true,,
Urbanisation,2455-7471,true,,
"International journal of environment, agriculture and biotechnology",2456-1878,true,,
"Language, literature, and interdisciplinary studies",2457-0044,true,,
Vetus Testamentum et Hellas (online),2459-2552,true,,
Punctum.International journal of semiotics (online),2459-2943,true,,
"Journal of frailty, sarcopenia and falls (online) = JFSF",2459-4148,true,,
International transport law review,2459-7325,true,,
Fitrah (Online),2460-2345,true,,
Artes del ensayo,2462-5035,true,,
"Membrana (Ljubljana, Tiskana izd.)",2463-8501,true,,
Česká kriminologie,2464-6210,true,,
Maritime safety and security law journal,2464-9724,true,,
Global Politics Review,2464-9929,true,,
Minority reports,2465-0315,true,,
FuturoClassico FCL,2465-0951,true,,
CM. Communication and Media = Komunikacija i mediji,2466-541X,true,,
TRV/RPS (Roeselare),2466-7226,true,,
Travail emploi formation -Université libre de Bruxelles. Institut de Sociologie. Centre métices,2466-8346,true,,
Revue de Qumrân (Leuven. Printed),2466-8826,true,,
"Developments in administration. The e-journal of the IIAS, IASIA and regional groups",2466-8877,true,,
Belgian Journal of Paediatrics (Printed),2466-8907,true,,
Tijdschrift voor internationale handel en transportrecht (Gedrukt) = Journal for international trade and transport law (Printed),2466-8958,true,,
?ICCT Policy Brief,2468-0486,true,,
PlaNext (Assen),2468-0648,true,,
Brill research perspectives. Transnational crime (Print),2468-0923,true,,
Databank arbeidsmigratie,2468-2527,true,,
Textual history of the Bible (Print),2468-3027,true,,
European journal of STEM education (Online),2468-4368,true,,
Feminist encounters (Online),2468-4414,true,,
Journal of integrated security science,2468-4546,true,,
NTKR (Zutphen. Print),2468-4767,true,,
Journal of Islamic ethics (Print),2468-5534,true,,
JSES open access,2468-6026,true,,
Tijdschrift persoonsgerichte experiëntiële psychotherapie,2468-7324,true,,
European investment law and arbitration review,2468-7413,true,,
Jesuit historiography online,2468-7723,true,,
Bibliotheca Augustiniana,2469-0341,true,,
Lateral (Island Lake),2469-4053,true,,
[In] Transition (New York),2469-4312,true,,
Comparative literature & world literature,2469-4576,true,,
Gender/sexuality/Italy,2470-2684,true,,
"Open mind (Cambridge, Mass.)",2470-2986,true,,
Journal of veterans studies,2470-4768,true,,
Case Studies in Sport & Exercise Psychology,2470-4849,true,,
International journal of standardization research,2470-8542,true,,
The journal of comics & culture,2471-1500,true,,
International journal of kinesiology in higher education (Print),2471-1616,true,,
Social epistemology review and reply collective,2471-9560,true,,
International journal of spa and wellness (Print),2472-1735,true,,
Oxford studies in medieval philosophy,2472-307X,true,,
"Indian law review (Abingdon, England. Print)",2473-0580,true,,
Design for health (Print),2473-5132,true,,
"Inks (Columbus, Ohio. 2017)",2473-5191,true,,
International journal of virtual and augmented reality,2473-537X,true,,
"Know (Chicago, Ill.)",2473-599X,true,,
"The art, science, and engineering of programming",2473-7321,true,,
Bulletin of Spanish visual studies,2474-1604,true,,
Journal of world philosophies,2474-1795,true,,
Antisemitism studies,2474-1809,true,,
Gobernar,2474-2678,true,,
Journal of creative writing studies,2474-2937,true,,
The journal of writing analytics,2474-7491,true,,
"Philosophy, theory, and practice in biology",2475-3025,true,,
Journal of open source software,2475-9066,true,,
"Buddhism, law & society",2475-9260,true,,
Neuróptica (Zaragoza),2478-9127,true,,
Architectural research in Finland,2489-6799,true,,
Central European journal of paediatrics,2490-3639,true,,
"Biens symboliques = Symbolic goods, a social science journal on arts, culture and ideas",2490-9424,true,,
Modes pratiques,2491-1453,true,,
Leaves,2492-0983,true,,
Mutual images,2496-1868,true,,
European review of service economics and management = Revue européenne d'économie et management des services,2497-0107,true,,
Journal of health and social sciences (Print),2499-2240,true,,
Modernism (Print),2499-6742,true,,
European papers (Website) = Quaderni europei,2499-7498,true,,
Cartografie sociali,2499-7641,true,,
Italian journal of linguistics (Print),2499-8117,true,,
European papers (Online. periodico),2499-8249,true,,
Culture Crossroads,2500-9974,true,,
European Journal of Social Sciences Studies,2501-8590,true,,
Indonesian language education and literature (Online),2502-2261,true,,
Digital biomarkers,2504-110X,true,,
Electronic journal of Islamic and Middle Eastern law (Print),2504-1940,true,,
Vulgata in dialogue,2504-5156,true,,
Journal of European Periodical Studies,2506-6587,true,,
Journal for the History of Environment and Society (Printed) = Zeitschrift für die geschichte von Umwelt unf Gesellschaft : (Gedruckt),2506-6730,true,,
Criminological encounters,2506-7583,true,,
Collateral (Hasselt),2506-7982,true,,
EU-China Observer (Bruges. Printed),2506-8407,true,,
Journal for literary and intermedial crossings,2506-8709,true,,
Arbeidsrecht journaal (Brugge),2506-9403,true,,
Budyong (SATMI),2507-878X,true,,
Muhyeong yusanhak = Intangible heritage studies,2508-3694,true,,
ce/papers,2509-7075,true,,
Construction robotics (Print),2509-811X,true,,
"Archives of Data Science, Series B",2510-0564,true,,
Zeitschrift für digitale Geisteswissenschaften,2510-1358,true,,
Sirius - Zeitschrift für strategische Analysen (Print),2510-263X,true,,
CoRe (Berlin. Print),2510-3148,true,,
Linguistic minorities in Europe online,2510-5361,true,,
Educational design research,2511-0667,true,,
Economics of disasters and climate change (Print),2511-1280,true,,
European pharmaceutical law review (Print),2511-7157,true,,
Journal of service management research,2511-8676,true,,
Personality neuroscience,2513-9886,true,,
Journal of open hardware,2514-1708,true,,
Transactions of the International Society for Music Information Retrieval,2514-3298,true,,
Urban transcripts,2514-5339,true,,
International journal of first aid education,2514-7153,true,,
Journal of perpetrator research,2514-7897,true,,
Journal of computer applications in archaeology,2514-8362,true,,
Amity (Leeds),2514-9709,true,,
The ecological citizen,2515-1967,true,,
Le foucaldien,2515-2076,true,,
Theoretical Roman archaeology journal,2515-2289,true,,
Critical theory (Bristol),2515-4702,true,,
HRB open research,2515-4826,true,,
Journal of humanitarian affairs,2515-6411,true,,
Murmurations,2516-0052,true,,
Developmental child welfare (Print),2516-1032,true,,
New ideas in East Asian studies,2516-3221,true,,
Journal of illicit economies and development,2516-7227,true,,
Social science protocols,2516-8053,true,,
Journal of long-term care,2516-9122,true,,
The Elizabeth Bowen review,2517-2603,true,,
Advancing corrections,2517-9233,true,,
Journal on education in emergencies,2518-6833,true,,
UCP Management review,2518-8305,true,,
African journal of education and practice,2519-0296,true,,
Interface (Taipei),2519-1268,true,,
Ukraïnsʹkij časopis konstitucìjnogo prava = Ukrainian journal of constitutional law,2519-2590,true,,
Journal of modern technology and engineering,2519-4836,true,,
Orientis Aura (Print),2519-5417,true,,
Journal of advances in education research (Print),2519-7002,true,,
Corporate governance and sustainability review (Print),2519-8971,true,,
Transfer pricing international,2520-0763,true,,
Cambridge Journal of Evidence-Based Policing (Print),2520-1344,true,,
IZA Journal of development and migration,2520-1786,true,,
Folio (Johannesburg),2520-3681,true,,
The journal of baroque studies,2520-7016,true,,
Guójì zhōngwén jiàoyù xuébào,2520-7733,true,,
Àomén Lìshì xuéshè xuékān,2520-7903,true,,
Serendipities,2521-0947,true,,
Corporate governance and organizational behavior review (Print),2521-1870,true,,
Journal of emergency and critical care medicine,2521-3563,true,,
Zeitschrift für Ethik und Moralphilosophie = Journal for ethics and moral philosophy,2522-0063,true,,
Computational Brain & Behavior,2522-0861,true,,
Cursor (ISSN assignment request),2522-3984,true,,
Central Asian journal of water research = Centralʹnoaziatskij žurnal issledovanij vodnyh resursov,2522-9060,true,,
Jahrbuch für geschichte des ländlichen raumes,2523-2185,true,,
International journal of bullying prevention (Print),2523-3653,true,,
SN applied sciences (Print),2523-3963,true,,
Art and performance letters,2523-5877,true,,
Postdigital science and education (Print),2524-485X,true,,
International journal of digital humanities (Print),2524-7832,true,,
Studien zu Kinder- und Jugendliteratur und -medien,2524-8634,true,,
International Journal of Professional Business Review,2525-3654,true,,
Transversal (Belo Horizonte),2526-2270,true,,
Modos (Campinas),2526-2963,true,,
Olimpianos,2526-6314,true,,
Analogia (Greece),2529-0967,true,,
"Journal of Tourism, Heritage & Services Marketing (online)",2529-1947,true,,
?Single Market Economic Papers Series,2529-332X,true,,
Deusto journal of human rights = Revista Deusto de derechos humanos,2530-4275,true,,
Cuadernos de investigación musical,2530-6847,true,,
Philostrato,2530-9420,true,,
International journal for history and social sciences education = Revue internationale de didactique de l'histoire et des sciences sociales,2531-3711,true,,
In circolo,2531-4092,true,,
Groma (Bologna. Periodico),2531-6672,true,,
Comparatismi (Milano),2531-7547,true,,
The Plan journal (Print),2531-7644,true,,
Consecutio rerum,2531-8934,true,,
Piano b,2531-9876,true,,
Global campus human rights journal,2532-1455,true,,
Costellazioni (Roma),2532-2001,true,,
Qualitative research in medicine & healthcare,2532-2044,true,,
Medicina historica,2532-2370,true,,
Studi e ricerche di storia dell'architettura,2532-2699,true,,
I-LanD journal (Print),2532-6368,true,,
Luziana (Testo stampato),2532-6376,true,,
Folia Phoenicia (Testo stampato),2532-6384,true,,
Ardeth (Print),2532-6457,true,,
Peace human rights governance (Print),2532-649X,true,,
Rivista di diritti comparati,2532-6619,true,,
Funes,2532-6732,true,,
Fuori luogo (Testo stampato),2532-750X,true,,
Umanistica digitale,2532-8816,true,,
Media laws = Rivista di diritto dei media,2532-9146,true,,
Quaderni di archeologia del Piemonte,2533-2597,true,,
"Gramotnost, pregramotnost a vzdělávání (Print)",2533-7882,true,,
Filologičeski forum (Online),2534-9473,true,,
Journal of Extreme Anthropology,2535-3241,true,,
Journal of Anthropological Films,2535-437X,true,,
Journal of the philosophy of games,2535-4388,true,,
Memoria y narración,2535-597X,true,,
Nordisk tidsskrift for utdanning og praksis = Nordic journal of education and practice,2535-7697,true,,
Revue internationale du patrimoine,2535-9371,true,,
Journal of Emerging Trends in Marketing and Management,2537-5865,true,,
Journal of home language research,2537-7043,true,,
Journal of sustainable rural development (Print),2538-3876,true,,
"H-ART. Revista de Historia, Teoría y Crítica de Arte (Impreso)",2539-2263,true,,
JOURNAL OF ASSOCIATED MEDICAL SCIENCES (Online),2539-6056,true,,
Islamology,2541-884X,true,,
Russkaâ politologiâ = Russian political science,2541-965X,true,,
Kommunikacii. Media. Dizajn = Communications. Media. Design,2542-1395,true,,
Istoriâ povsednevnosti = History of everyday life,2542-2375,true,,
International journal of Asian christianity (Print),2542-4238,true,,
FAMILY & LAW,2542-5242,true,,
"Translation, cognition & behavior (Print)",2542-5277,true,,
NTT journal for theology and the study of religion (Print),2542-6583,true,,
Early modern low countries (Online),2543-1587,true,,
Journal of the European Honors Council (Print),2543-2311,true,,
Anti-Discrimination Law Review,2543-571X,true,,
Półrocznik Językoznawczy Tertium,2543-7844,true,,
Open Political Science,2543-8042,true,,
The Central European Review of Economics and Management,2543-9472,true,,
Eastern European Journal of Transnational Relations (Print),2544-9214,true,,
Legatio (Print),2545-1693,true,,
Knowledge (Skopje.Print),2545-4439,true,,
Mediterranean Journal of Social & Behavioral Research (Print),2547-8559,true,,
New Trends and Issues Proceedings on Humanities and Social Sciences,2547-8818,true,,
Spor bilimleri araştırmaları dergisi (Online),2548-0723,true,,
Glad! (Paris),2551-0819,true,,
Connaissance hellénique (Marseille),2551-2498,true,,
Cahiers Jean Moulin,2553-9221,true,,
Revue internationale des études du développement,2554-3415,true,,
Film journal (Paris),2556-4161,true,,
Aedificare,2557-3659,true,,
Libertinage et philosophie à l'époque classique (XVIe-XVIIIe siècle),2557-4019,true,,
Media theory,2557-826X,true,,
Philosophical journal of conflict and violence (Print),2559-9917,true,,
Beoiberistika (Online) = Beoiberística,2560-4163,true,,
Éthique en éducation et en formation (En ligne),2561-1488,true,,
Journal of emerging sport studies,2562-3184,true,,
Novation,2562-7147,true,,
Le climatoscope (En ligne),2562-8011,true,,
Annals of social studies education research for teachers,2563-6006,true,,
Nouvelles dynamiques africaines (Imprimé),2563-8386,true,,
Communitas (Montréal),2563-9250,true,,
International health trends and perspectives,2563-9269,true,,
Journal of environmental law & policy (Montreal),2564-016X,true,,
Journal of policy & governance,2564-212X,true,,
Interconnections = Interconnexions,2564-260X,true,,
International journal of endovascular treatment and innovative techniques,2564-3207,true,,
Lava (Brussel. Gedrukt. Nederlandse ed.),2565-7119,true,,
Bayt Al-Hikma - Journal of Translations studies,2565-7380,true,,
Policy brief d.pia.lab,2565-9936,true,,
Revue européenne de droit de la consommation (Ed. bilingue. Imprimé) = European Journal of Consumer Law (Bilingual edition. Printed),2566-2139,true,,
Transactions of the Association of European Schools of Planning,2566-2147,true,,
"Culture, Practice & Europeanization",2566-7742,true,,
Etruscan and Italic studies (Print),2566-9095,true,,
Journal of martial arts research,2567-8221,true,,
Rechtskultur,2568-4469,true,,
Jahrbuch der Gesellschaft für Kinder- und Jugendliteraturforschung,2568-4477,true,,
Sprache im Beruf (Print),2569-1112,true,,
IACR transactions on cryptographic hardware and embedded systems,2569-2925,true,,
Language education and multilingualism,2570-2432,true,,
Jan Masaryk Review of International Studies = Revue mezinárodních studií Jana Masaryka,2570-7442,true,,
Emblematica (Geneva),2571-5070,true,,
International Panorama Council journal,2571-7863,true,,
J (Basel),2571-8800,true,,
Cultural analysis,2572-0643,true,,
Theory & event (Print),2572-6633,true,,
Journal of rare disease research & treatment,2572-9411,true,,
Proceedings of the ACM on human-computer interaction,2573-0142,true,,
Journal of the Western Society for French History,2573-5012,true,,
Futures & foresight science,2573-5152,true,,
Ecce mater tua,2573-5799,true,,
Blockchain in healthcare today,2573-8240,true,,
Global performance studies,2574-027X,true,,
Media practice and education,2574-1136,true,,
Studies in Digital Heritage,2574-1748,true,,
Arendt studies (Print),2574-2329,true,,
Cogent mathematics & statistics,2574-2558,true,,
"The International journal of information, diversity, & inclusion",2574-3430,true,,
Journal of modern slavery (Online),2574-9897,true,,
Urban agriculture & regional food systems,2575-1220,true,,
European Business & Management (Print),2575-579X,true,,
Journal of international crisis and risk communication research (Print),2576-0017,true,,
Texas national security review (Print),2576-1021,true,,
Journal of binocular vision and ocular motility,2576-117X,true,,
Hualin international journal of Buddhist studies (Print),2576-2923,true,,
Journal of environmental and toxicological studies,2576-6430,true,,
Journal of behavioral public administration,2576-6465,true,,
Interdisciplinary education and psychology,2576-8271,true,,
Medical & clinical research,2577-8005,true,,
Journal of mental health and clinical psychology,2578-2959,true,,
Graduate journal of food studies = Graduate journal for food studies,2578-5583,true,,
Philosophy and Theory in Higher Education,2578-5753,true,,
microPublication biology,2578-9430,true,,
Nordic journal of criminology (Print),2578-983X,true,,
Journal of Business Strategy Finance and Management,2583-2832,true,,
Acta Ludologica (Tlačené vydanie),2585-8599,true,,
Journal of International Buddhist Studies (Online),2586-9620,true,,
Journal of Health Science and Medical Research (JHSMR) (Print),2586-9981,true,,
Vox medii aevi,2587-6619,true,,
CTU Journal of Innovation and Sustainable Development,2588-1418,true,,
Health education & health promotion (Print),2588-5715,true,,
De moderne tijd (Print),2588-8277,true,,
Journal of disability studies in education (Print),2588-879X,true,,
Handbook of pragmatics (Print),2589-0093,true,,
The international journal of restorative justice (Print),2589-0891,true,,
Journal of cultural analysis and social change,2589-1316,true,,
Evolutionary linguistic theory (Print),2589-1588,true,,
Yearbook for ritual and liturgical studies,2589-3998,true,,
Jaarboek de achttiende eeuw (Print),2589-4617,true,,
Journal of applied history (Print),2589-5885,true,,
Frankokratia (Leiden. Print),2589-5923,true,,
Journal of avant-garde studies (Print),2589-6369,true,,
Journal of dentistry. X,2589-7004,true,,
Writingplace (Online),2589-7691,true,,
Religion & gender (Utrecht. Print),2589-8051,true,,
International journal of medical and biomedical studies (Online),2589-8698,true,,
European journal of psychology and educational research,2589-949X,true,,
Politics of the Low Countries (Print),2589-9929,true,,
Medicine in drug discovery,2590-0986,true,,
International tax studies,2590-1117,true,,
Indian pacing and electrophysiology journal (Print),2590-1753,true,,
Methods in psychology,2590-2601,true,,
Tijdschrift voor psychoanalyse & haar toepassingen,2590-2733,true,,
Social sciences & humanities open,2590-2911,true,,
Dileme,2591-1201,true,,
Contemplativa : Journal of Contemplative Studies (Online),2591-720X,true,,
Theologica (Louvain-la-Neuve),2593-0265,true,,
DiGeSt. Journal of Diversity and Gender Studies (Printed),2593-0273,true,,
Transdisciplinary Insights (Leuven),2593-0338,true,,
Nieuwe tijdingen (Leuven. Gedrukt)),2593-0346,true,,
"Marriage, Familles & Spirituality (Printed)",2593-0478,true,,
Tijdschrift privacy & persoonsgegevens (Gedrukt),2593-1040,true,,
Politie en recht,2593-3531,true,,
Competitio - Tijdschrift voor Belgische Mededinging (Gedrukt) = Competitio - Belgian Competition Quarterly,2593-3558,true,,
Tijdschrift voor interieurgeschiedenis en design (Gedrukt),2593-4198,true,,
Tijdschrift voor insolventie- en beslagrecht,2593-5569,true,,
Conjonctures de l'Afrique centrale,2593-628X,true,,
Journal of Latin Cosmopolitanism and European Literatures (Online),2593-743X,true,,
Trace notes on adaptative reuse,2593-8002,true,,
e-legal - Revue de la Faculté de droit et de criminologie de l'Université libre de Bruxelles (En ligne),2593-8010,true,,
Revue Quetelet + Quetelet Journal (Imprimé),2593-9149,true,,
Journal of cross-regional dialogues = Revue de Dialogues inter-régionaux,2593-9483,true,,
Journal of interdisciplinary sciences,2594-3405,true,,
Revista Eletrônica Interações Sociais,2594-7664,true,,
PatryTer,2595-0169,true,,
Revista em Favor de Igualdade Racial,2595-4911,true,,
European law enforcement research bulletin (Print),2599-5855,true,,
Beden eğitimi ve spor araştırmaları dergisi = Journal of physical education and sports studies,2602-3644,true,,
iQual,2603-851X,true,,
Journal of management and business education,2605-1044,true,,
Comunicación y género,2605-1982,true,,
Theory now,2605-2822,true,,
Transletters,2605-2954,true,,
Revista ítalo-española de Derecho Procesal,2605-5244,true,,
Recherches & travaux (Équipe de recherche Traverses 19-21),2605-7794,true,,
"Les Cahiers de la recherche architecturale, urbaine et paysagère",2606-7498,true,,
La Nouvelle revue Éducation et société inclusives,2609-5211,true,,
Carnets de recherches de l'océan Indien,2609-5742,true,,
Antichistica. Storia ed epigrafia (Testo stampato),2610-8801,true,,
Inner (Turin),2611-3872,true,,
QuAD (Roma),2611-4437,true,,
P.O.I. (Roma),2611-6049,true,,
De Europa,2611-853X,true,,
Suite française,2611-9757,true,,
European journal of creative practices in cities and landscapes,2612-0496,true,,
"International Journal of Music Science, Technology and Art",2612-2146,true,,
Intorcettiana,2612-713X,true,,
Interiority,2614-6584,true,,
JCSM rapid communications,2617-1619,true,,
Precision cancer medicine,2617-2216,true,,
"Rwanda journal of engineering, science, technology and environment (Print)",2617-2321,true,,
"Journal of art, architecture and built environment (Print)",2617-2690,true,,
Chronotopos,2617-3441,true,,
Journal of audiovisual translation,2617-9148,true,,
Russian journal of economics,2618-7213,true,,
Ètnografiâ (Sankt-Peterburg) = Etnografia,2618-8600,true,,
Humanitas Hodie,2619-4287,true,,
Latin american law review,2619-4880,true,,
Journal of policy and Leadership (Online),2619-8940,true,,
Efil ekonomi araştırmaları dergisi,2619-9580,true,,
Nation state = Journal of International Studies,2620-391X,true,,
Psychological research on urban society,2620-3960,true,,
Living Islam = Journal of Islamic Discourses,2621-6582,true,,
Paradigm (Malang) = Journal of Language and Literary Studies,2622-8653,true,,
Journal of didactics of philosophy,2624-540X,true,,
Psych,2624-8611,true,,
Fragmentology,2624-9340,true,,
Niger-Congo comparative studies,2626-3513,true,,
Journal of transcendental philosophy (Print),2626-8310,true,,
?International Academy of Practical Theology. Conference Series,2628-0000,true,,
Thailand and The World Economy (Print),2630-0931,true,,
Digitális bölcsészet,2630-9696,true,,
"Journal of adult learning, knowledge and innovation",2631-1348,true,,
Journal of industry-university collaboration,2631-357X,true,,
Clinical case studies and reports,2631-5416,true,,
Journal of monolingual and bilingual speech (Print),2631-8407,true,,
UCL Open environment,2632-0886,true,,
Journal for the history of knowledge,2632-282X,true,,
Radical housing journal,2632-2870,true,,
Gut microbiome,2632-2897,true,,
Victorian popular fictions,2632-4253,true,,
Journal of global diaspora & media (Print),2632-5853,true,,
International journal of TESOL studies,2632-6779,true,,
Cerebral cortex communications,2632-7376,true,,
GRUR international (Print),2632-8623,true,,
Journal of visual political communication (Print),2633-3732,true,,
Anthropocenes,2633-4321,true,,
Manchester journal of transnational Islamic law and practice,2633-6626,true,,
Q open,2633-9048,true,,
Journal of deliberative democracy,2634-0488,true,,
Journal of posthumanism (Print),2634-3576,true,,
Global studies quarterly,2634-3797,true,,
"Journal of law, technology and trust",2634-4343,true,,
Journal of alternative & community media (Print),2634-4726,true,,
International journal of young adult literature,2634-5277,true,,
IJQHC communications,2634-5293,true,,
Fulbright review of economics and policy (Print),2635-0173,true,,
"Memory, mind & media",2635-0238,true,,
Exposome,2635-2265,true,,
INSAM,2637-1898,true,,
Paediatric & neonatal pain,2637-3807,true,,
Medieval European studies,2637-3971,true,,
Dermatological reviews,2637-7489,true,,
"International journal for the rule of law, courtroom procedures, judicial linguistics & legal English",2637-8299,true,,
Civic sociology,2637-9155,true,,
Bulgarian studies,2638-9754,true,,
Territories,2640-9607,true,,
Mental health science,2642-3588,true,,
Journal for the psychology of language learning,2642-7001,true,,
FIU law review (Print),2643-7767,true,,
Journal of modern philosophy,2644-0652,true,,
Proceedings of International Structural Engineering and Construction,2644-108X,true,,
International journal of urban planning and smart cities (Print),2644-1659,true,,
Journal of business ecosystems (Print),2644-1810,true,,
Archimède (Strasbourg. Imprimé),2650-7137,true,,
Nakhara : Journal of Environmental Design and Planning (Online),2651-2416,true,,
Modular journal,2651-5210,true,,
Technology in Language Teaching & Learning (Online),2652-1687,true,,
Insights: Journal of Humanities and Media Studies Review,2652-175X,true,,
Statelessness & citizenship review,2652-1814,true,,
Law&history (Print),2652-4201,true,,
Journal of emotion and psychopathology,2653-7583,true,,
?Ευρωπαϊκό Δίκαιο,2653-9349,true,,
Conatus - Journal of Philosophy,2653-9373,true,,
Virtual economics,2657-4047,true,,
Ochrona Dziedzictwa Kulturowego (Druk) = Cultural Heritage Protection,2657-9278,true,,
Filozofia Edukacji = International Journal of Philosophy of Education,2657-988X,true,,
Fabrica Litterarum Polono-Italica,2658-185X,true,,
"Folʹklor: struktura, tipologiâ, semiotika = Folklore: structure, typology, semiotics",2658-5294,true,,
Filosofičeskie pisʹma. Russko-evropejskij dialog = Philosophical letters. Russian and european dialogue,2658-5413,true,,
Pravovedenie (Print),2658-6037,true,,
Revista de marketing y publicidad,2659-3904,true,,
Revista iberoamericana de economía solidaria e innovación socioecológica (Ed. impresa),2659-5311,true,,
Revista del Ministerio de Trabajo y Economía Social (Ed. impresa),2660-4647,true,,
Hybrida,2660-6259,true,,
Journal of policy practice and research (Online),2662-1517,true,,
SN social sciences,2662-9283,true,,
SN Business & Economics,2662-9399,true,,
SN Computer Science (Print),2662-995X,true,,
International criminology (Print),2662-9968,true,,
Advanced space law (Print),2663-3655,true,,
Pakistan social sciences review (Print),2664-0422,true,,
European journal of theatre and performance,2664-1860,true,,
Journal of time use research,2664-7958,true,,
Computational communication research,2665-9085,true,,
Technology and regulation,2666-139X,true,,
TASK (Print),2666-1748,true,,
International journal of educational research open,2666-3740,true,,
"Journal of human trafficking, enslavement and conflict-related sexual violence (Print)",2666-447X,true,,
JSES international,2666-6383,true,,
Journal of responsible technology,2666-6596,true,,
Cardiovascular digital health journal,2666-6936,true,,
Digital humanities Benelux journal,2666-6952,true,,
European journal for the history of medicine and health (Print),2666-7703,true,,
Journal of English-medium instruction (Print),2666-8882,true,,
Journal of affective disorders reports,2666-9153,true,,
Computers and education. Artificial intelligence,2666-920X,true,,
NeuroImage. Reports,2666-9560,true,,
Tijdschrift sociologie,2666-9943,true,,
Soil security (Online),2667-0062,true,,
Environmental challenges,2667-0100,true,,
Implementation and replication studies in mathematics education (Print),2667-0135,true,,
Journal of trial and error,2667-1204,true,,
Asian journal of sport and exercise psychology,2667-2391,true,,
Neuroimmunology reports,2667-257X,true,,
Translation in society (Print),2667-3037,true,,
Bilişim hukuku dergisi,2667-5676,true,,
Language teaching research quarterly (Online),2667-6753,true,,
K'ronosi,2667-9477,true,,
Revista de filosofie aplicată,2668-0009,true,,
European journal of teaching and education (Online),2669-0667,true,,
Research in arts and education,2670-2142,true,,
Health & new media research = HNMR,2671-4124,true,,
Journal of health and caring sciences (San Beda University-Print),2672-3832,true,,
?The Interdisciplinary Journal of Populism,2672-8370,true,,
Swiss journal of economics and statistics (Print),2673-2777,true,,
SEMS-journal,2673-4249,true,,
Manazir journal,2673-4354,true,,
Environmental sciences proceedings,2673-4931,true,,
European journal of health communication,2673-5903,true,,
Businesses,2673-7116,true,,
Revue d'histoire contemporaine de l'Afrique,2673-7604,true,,
Merits,2673-8104,true,,
Journal of quantitative description: digital media,2673-8813,true,,
Powders,2674-0516,true,,
Frontiers in drug safety and regulation,2674-0869,true,,
Revista de Comunicação Dialógica,2674-9246,true,,
Humanities and Rights Global Network Journal (Impresso),2675-1038,true,,
"Phenomenology, Humanities and Sciences = Fenomenologia, Humanidades e Ciências",2675-4673,true,,
Revista Jurídica da Presidência (Impresso),2675-4746,true,,
Cadernos de Linguística,2675-4916,true,,
Hungarian labour law,2677-1586,true,,
International review of public policy,2679-3873,true,,
In situ (Paris. 2019),2680-4972,true,,
Confluence des droits (Revue),2681-8302,true,,
Robonomics,2683-099X,true,,
Sillares (En línea),2683-3239,true,,
European of agriculture and food sciences (Online),2684-1827,true,,
Senior (Gedrukt. Gompel&Svacina),2684-480X,true,,
Tijdschrift voor milieurecht - e-magazine,2684-6209,true,,
Tijdschrift voor gemeenterecht - e-magazine,2684-6373,true,,
Antinomii (Print) = Antinomies,2686-7206,true,,
Teoretičeskaâ i prikladnaâ ûrisprudenciâ = Theoretical and applied law,2686-7834,true,,
Language in Africa,2686-8946,true,,
Turkish journal of shiite studies (Online),2687-1882,true,,
Local development & society (Online),2688-3600,true,,
Stanford journal of blockchain law & policy (Print),2688-4836,true,,
"Journal of bodies, sexualities, and masculinities (Print)",2688-8149,true,,
"Simultanea (Bloomington, Ind.)",2689-7520,true,,
"Neurons, behavior, data analysis, and theory",2690-2664,true,,
"Education, society and human studies (Print)",2690-3679,true,,
"Medieval people (Kalamazoo, Mich. Print)",2690-8182,true,,
"MAST (Buffalo, N.Y.)",2691-1566,true,,
Philosophy of medicine,2692-3963,true,,
IEEE BITS (Print),2692-4080,true,,
Engineering world (Athīna),2692-5079,true,,
Archives of assessment psychology,2692-6210,true,,
"Turba (Brooklyn, (New York, N.Y. Print))",2693-0129,true,,
Review of corporate finance (Print),2693-9312,true,,
INFORMS journal on data science (Print),2694-4022,true,,
Data science and informetrics (Print),2694-6114,true,,
Second language research & practice,2694-6610,true,,
Biblioteca de Babel,2695-6349,true,,
EU law live,2695-9585,true,,
EU law live (Weekend ed.),2695-9593,true,,
Visual review,2695-9631,true,,
Highlights of sustainability,2696-628X,true,,
Tecnologías para la investigación en segundas lenguas,2696-676X,true,,
Psychological test adaptation and development,2698-1866,true,,
Kriminologie - das Online-Journal = Criminology - The Online journal : KrimOJ,2698-6779,true,,
Max Planck Institute for European Legal History research paper series,2699-0903,true,,
The Byzantine review,2699-4267,true,,
Quantitative and computational methods in behavioral sciences,2699-8432,true,,
Sexual offending,2699-8440,true,,
Personality science,2700-0710,true,,
Zeitschrift für Ostmitteleuropa-Forschung (Online) = Journal of East Central European studies : JECES,2701-0449,true,,
Journal of cultural management and cultural policy (Print) = Zeitschrift für Kulturmanagement und Kulturpolitik,2701-8466,true,,
Megataxa,2703-3082,true,,
Dance articulated,2703-8327,true,,
The Nordic journal of language teaching and learning,2703-8629,true,,
Digital humanities in the Nordic and Baltic countries,2704-1441,true,,
Philippine journal of health research and development,2704-3517,true,,
Rivista italiana di informatica e diritto,2704-7318,true,,
Vesper (Macerata),2704-7598,true,,
European Journal of Privacy Law & Technologies,2704-8012,true,,
Didattica della storia,2704-8217,true,,
Close encounters in war journal,2704-8799,true,,
Microbiota in health and disease,2704-8845,true,,
Nuova Antologia Militare,2704-9795,true,,
Dune (Milano),2705-0084,true,,
Minikomi (Print) = Austrian journal of Jjapanese studies,2706-7424,true,,
Entropía (Callao),2707-3327,true,,
Perennial journal of history,2707-6709,true,,
Revista cubana de transformación digital,2708-3411,true,,
Genetic resources,2708-3764,true,,
Journal of business and management studies (Jerash),2709-0876,true,,
Journal of research in social science and humanities,2709-1910,true,,
Innovaciâlyk̦ Euraziâ universitetìnìn̦ habaršysy (Print) = Bulletin of the Innovative University of Eurasia,2709-3077,true,,
Wiener digitale Revue,2709-376X,true,,
Journal of development and social sciences (Print),2709-6254,true,,
Studies in social science & humanities,2709-7862,true,,
Journal of the European Association for Chinese Studies,2709-9946,true,,
Edu.e-history.kz,2710-3994,true,,
Kutafin law review (Print),2713-0525,true,,
Legal issues in the digital age = Voprosy prava v cifrovuû èpohu,2713-2749,true,,
Journal of creativity (Online),2713-3745,true,,
Khazanah Theologia,2715-9701,true,,
"The journal of studies in language, culture and society (Print)",2716-9189,true,,
Engineering science & technology (Singapore. Print),2717-5235,true,,
Journal of Chinese architecture and urbanism,2717-5626,true,,
"Journal of childhood, education & society (Online)",2717-638X,true,,
Ecocene: Cappadocia journal of environmental humanities (Online),2717-8943,true,,
Eurasian journal of english language and literature (Online),2717-9435,true,,
The international journal of business ethics and governance (Online),2717-9923,true,,
World complexity science Academy journal,2724-0606,true,,
Umanesimo dei moderni,2724-0835,true,,
Arcana naturae (Testo stampato),2724-2277,true,,
Psychology hub (Online),2724-2943,true,,
Bachelard studies,2724-5470,true,,
Les Cahiers FORELLIS,2729-3130,true,,
AI and ethics (Print),2730-5953,true,,
Circular Economy and Sustainability,2730-597X,true,,
Global public policy and governance,2730-6291,true,,
Epigenetics communications,2730-7034,true,,
Discover chemical engineering,2730-7700,true,,
"Architecture, Structures and Construction (Print)",2730-9886,true,,
"Journal of activity, sedentary and sleep behaviors",2731-4391,true,,
Digital society (Print),2731-4650,true,,
Discover education,2731-5525,true,,
Urban informatics,2731-6963,true,,
Communications psychology,2731-9121,true,,
Food safety and risk,2731-9245,true,,
Work in the global economy,2732-4176,true,,
Open research Europe,2732-5121,true,,
Proceedings of the Design Society,2732-527X,true,,
Vestigia (London),2732-5849,true,,
Bulletin archéologique des Écoles françaises à l'étranger,2732-687X,true,,
After Constantine Stories from the Late Antique and Early Byzantine Era,2732-8260,true,,
Revista de modelamiento matemático de sistemas biológicos (En Línea) = Journal of mathematical modeling of biological systems,2735-6817,true,,
Journal of urban archaeology (Printed),2736-2426,true,,
Practices in research (Online),2736-3996,true,,
The Journal of Cross-disciplinary Research in Computational Law,2736-4321,true,,
European Liberal Forum papers. Policy paper,2736-5816,true,,
Tijdschrift Verslaving & Herstel,2736-5832,true,,
Studia Litteraria Serdicensia (Print),2738-7631,true,,
L'Ouest saharien (Revue),2739-3623,true,,
Dimensions - journal of architectural knowledge (Print),2747-5085,true,,
Religious minorities online,2748-1328,true,,
Weizenbaum journal of the digital society,2748-5625,true,,
"Advances in ancient, biblical, and Near Eastern research",2748-6419,true,,
Üben & musizieren research,2748-8497,true,,
Zeitschrift Korpora Deutsch als Fremdsprache,2749-4411,true,,
Journal of transcultural communication,2749-4799,true,,
Journal of digitovation and information system (Print),2749-5957,true,,
Korea Europe review,2750-4832,true,,
Register aspects of language in situation,2750-9370,true,,
European health & pharmaceutical law review (Print),2751-3971,true,,
European company case law (Print),2752-177X,true,,
Journal of legal research methodology,2752-3403,true,,
Avar (Print),2752-3527,true,,
Interpreting and society,2752-3810,true,,
Swiss psychology open,2752-5341,true,,
European law open,2752-6135,true,,
Consumer behavior in tourism and hospitality (Print),2752-6666,true,,
Research directions. Biotechnology design,2752-9452,true,,
St Andrews encyclopaedia of theology,2753-3492,true,,
Journal of alternative finance,2753-3743,true,,
BMJ public health,2753-4294,true,,
Philosophy of physics,2753-5908,true,,
Migration & diversity (Print),2753-6904,true,,
Organization management journal (Print),2753-8567,true,,
Transnational education review (Online),2753-8664,true,,
International journal of sustainable fashion & textiles (Print),2754-026X,true,,
Neurodiversity,2754-6330,true,,
Digital transformation and society (Print),2755-0761,true,,
JCEM case reports,2755-1520,true,,
European social work research,2755-1768,true,,
The KeMCo review,2758-7444,true,,
(Des)troços,2763-518X,true,,
Revista de Tecnologia & Gestão Sustentável,2764-6769,true,,
Journal of Public Diplomacy (Online),2765-768X,true,,
"Emancipations (Mississippi State, Miss.)",2765-8414,true,,
Journal of motorsport culture & history,2766-1113,true,,
Harvard Kennedy School misinformation review,2766-1652,true,,
Advances in environmental and engineering research,2766-6190,true,,
"Glossa psycholinguistics (Oakland, Calif.)",2767-0279,true,,
European journal of anaesthesiology and intensive care,2767-7206,true,,
Journal of extracellular biology,2768-2811,true,,
Journal of Pentecostal and Charismatic Christianity (Print),2769-1616,true,,
Energy informatics review,2770-5331,true,,
Policy studies yearbook annual review,2770-9442,true,,
Firmament (Seattle),2771-1633,true,,
Language development research,2771-7976,true,,
"Philosophy of education (Urbana, Ill. Print)",2771-960X,true,,
International Journal of Wood Culture (Print),2772-3186,true,,
Nature-based solutions,2772-4115,true,,
ArtefActueel (Zwolle. Online),2772-4182,true,,
Healthcare analytics,2772-4425,true,,
Mistral (Groningen),2772-4913,true,,
The Italian review of international and comparative law (Print),2772-5642,true,,
Science talks,2772-5693,true,,
Multimodal transportation (Print),2772-5871,true,,
Psychiatry research communications,2772-5987,true,,
EJC paediatric oncology,2772-610X,true,,
?Voetbal- & Sportjuridische Zaken,2772-6738,true,,
Research methods in applied linguistics,2772-7661,true,,
Jeugd in ontwikkeling,2772-7718,true,,
Beiaard- en klokkencultuur in de Lage Landen (Print) = Carillon and bell culture in the low countries,2772-8072,true,,
CJC pediatric and congenital heart disease,2772-8129,true,,
Journal of standardisation,2772-9249,true,,
"Journal of data science, statistics, and visualisation",2773-0689,true,,
Passion (Tilburg),2773-1715,true,,
Journal of Sinology and Chinese Language Education (Print) = Warasan Chin Witthaya lae Kan Sueksa Phasa Chin Nanachat,2774-0382,true,,
Open journal of mathematical optimization,2777-5860,true,,
Trouble dans les collections,2778-2913,true,,
Écriture et image,2780-4208,true,,
Photographica (Paris),2780-8572,true,,
L'Oiseau bleu (Villeneuve d'Ascq),2781-954X,true,,
CompLit,2782-0874,true,,
Versus (Moskva. Print),2782-3660,true,,
Langauges and modalities,2782-5744,true,,
Stridon,2784-5826,true,,
Regional studies and local development,2784-8361,true,,
Stoà (Napoli),2785-0293,true,,
Archeologica data (Testo stampato),2785-0307,true,,
Linguistic typology at the crossroads,2785-0943,true,,
Finzioni (Bologna),2785-2288,true,,
Legal policy & pandemics,2785-2628,true,,
Philologia philosophica (Testo stampato),2785-387X,true,,
Quaderni di psicologia clinica = QPC,2785-5643,true,,
JoMaCC,2785-6046,true,,
Comparative Law and Language,2785-7417,true,,
"Journal of Law, Market & Innovation",2785-7867,true,,
Theology and Philosophy of Education,2788-1180,true,,
International journal of architecture and planning,2788-5046,true,,
Journal of wound management,2788-5771,true,,
Rowāq ʿArabi,2788-8037,true,,
International journal of political science and public administration,2788-8983,true,,
Mouvements et enjeux sociaux (Imprimé),2790-3095,true,,
Tanāẓur (Print),2790-8194,true,,
Majallah-yi islāmī-yi fikr va tahz̤īb (Print),2790-8216,true,,
Crosscultural Studies of Religion and Theology,2791-4666,true,,
TRC journal of humanitarian action,2792-0402,true,,
Anuari d'arquitectura i societat,2792-7598,true,,
Rapports du Comité d’Études et de Législation (Print) = Verslagen van het Comité voor Studie en Wetgeving,2795-6121,true,,
Passage (Hasselt University) = Passage Journal,2795-6644,true,,
Journal of the Belgian Arachnological Society (Online),2795-8957,true,,
European journal of sport sciences (Online),2796-0048,true,,
Journal for Digital Legal History (Online),2796-0226,true,,
"Salud, Ciencia y Tecnología",2796-9711,true,,
International Journal of Cooperative Law,2799-2306,true,,
Mobility humanities,2799-8118,true,,
Journal of Policy Studies (Seoul) = JPS,2799-9130,true,,
Traits d'union (Paris. Imprimé),2804-7117,true,,
Lasu Journal of History & International Studies (Lagos),2811-2113,true,,
Waste (Basel),2813-0391,true,,
Virtual worlds,2813-2084,true,,
Frontiers in sustainable tourism,2813-2815,true,,
Frontiers in environmental economics,2813-2823,true,,
Future (Basel),2813-2882,true,,
Frontiers in dementia,2813-3919,true,,
Frontiers in language sciences,2813-4605,true,,
L'éducation physique en mouvement,2813-5717,true,,
Frontiers in disaster and emergency medicine,2813-7302,true,,
Multimodalité(s),2818-0100,true,,
Mondes arabes (Imprimé),2826-7222,true,,
Journal of prison education research,2831-9931,true,,
"Games (New York, N.Y.)",2832-5516,true,,
Cochrane evidence synthesis and methods,2832-9023,true,,
The heritage education journal,2832-9228,true,,
Journal of political economy macroeconomics (Print),2832-9341,true,,
Finance and space,2833-115X,true,,
"You are here (Tucson, Ariz. Print)",2833-1362,true,,
Transactions on machine learning research,2835-8856,true,,
Proceedings of the ACM on management of data,2836-6573,true,,
"Circus: arts, life & sciences",2836-6611,true,,
ACS sustainable resource management,2837-1445,true,,
"Imaging neuroscience (Cambridge, Mass.)",2837-6056,true,,
Journal of computational literary studies,2940-1348,true,,
Kontexte (Jena),2941-1408,true,,
Journal of the Air Transport Research Society,2941-198X,true,,
Andererseits (Print),2941-735X,true,,
Journal of AI law and regulation (Print),2942-4380,true,,
International journal of history education and culture (Print),2943-8179,true,,
Data science for transportation (Print),2948-135X,true,,
Discover civil engineering,2948-1546,true,,
Deep brain stimulation,2949-6691,true,,
Tomography of materials and structures,2949-673X,true,,
Computers & education. X Reality,2949-6780,true,,
Progress in economic geography,2949-6942,true,,
Food and humanity,2949-8244,true,,
Journal of substance use and addiction treatment (Online),2949-8759,true,,
Computers in human behavior. Artificial humans,2949-8821,true,,
Memory studies review,2949-8902,true,,
Journal of mood and anxiety disorders,2950-0044,true,,
Dimensies (Amsterdam. 2020),2950-0265,true,,
Blue papers (Print),2950-1466,true,,
Nota bene (Print),2950-189X,true,,
European law blog,2950-1970,true,,
Archives of gerontology and geriatrics plus,2950-3078,true,,
Total environment advances,2950-3957,true,,
Journal of pediatrics. Clinical practice,2950-5410,true,,
Áperion (Madrid. Ed. impresa),2951-8296,true,,
Andares: Revista de Derechos Humanos y de la Naturaleza,2953-6782,true,,
Applied Cybersecurity & Internet Governance,2956-3119,true,,
Wénhuà (Gāoxióng. Print),2958-1966,true,,
Revista científica de estudios sociales (Impresa),2959-4685,true,,
Re:visit,2960-4222,true,,
Public Management and Governance Review (Online),2960-592X,true,,
Economic analysis letters,2972-3272,true,,
Journal of information economics,2972-3671,true,,
Journal of data science and intelligent systems,2972-3841,true,,
Ageing and cancer research & treatment (Print),2972-4759,true,,
Engramma (Testo stampato) = La Rivista di engramma,2974-5535,true,,
CESURA,2974-637X,true,,
Journal of cancer rehabilitation (Print),2974-7716,true,,
Philosophical papyri,2974-8879,true,,
Scientia (Firenze),2974-9433,true,,
Margins Marges Margini,2974-9549,true,,
Hunara,2975-1608,true,,
Quaderni AISDUE,2975-2698,true,,
Proceedings of the Royal Academy for Overseas Sciences (Print),2983-4872,true,,
Revue Droits fondamentaux et pauvreté = Tijdschrift Grondrechten en armoede,2983-5976,true,,
Asia pacific journal of evaluation (Online),2989-0071,true,,
"Revue de didactique, linguistique et traduction (Imprimé) = DLT",2992-1228,true,,
The journal of social encounters,2995-2212,true,,
AVE trends in intelligent technoprise letters,2997-8726,true,,
"Justice, opportunities, and rehabilitation (Online)",2997-9668,true,,
IJTLD open,3005-7590,true,,
The Africa governance papers,3007-2646,true,,
Revista española de empresas y derechos humanos,3020-1004,true,,
"Journal of economics, innovative management, and entrepreneurship",3029-0791,true,,
New perspectives on languages,3033-490X,true,,
Journal for the Philosophy of Mathematics = JPM,3035-1863,true,,
PubliAdmin (Print),3041-5691,true,,
Anuario IELAT,3045-6894,true,,
Amsterdam museum journal (Online),3050-8665,true,,
Computers and composition,8755-4615,true,,
"Philosophy of education (Edwardsville, Ill.)",8756-6575,true,,
